sample_idx,match_f1,kendall_tau,tau_normalized,lis_ratio,precision,recall,num_predicted_steps,num_reference_steps,num_matched
0,0.6153846153846153,0.6666666666666666,0.8333333333333333,0.75,1.0,0.4444444444444444,4,9,4
1,0.6153846153846153,0.0,0.5,0.75,1.0,0.4444444444444444,4,9,4
2,0.7692307692307693,-0.4,0.3,0.4,1.0,0.625,5,8,5
3,0.6666666666666666,-0.3333333333333333,0.33333333333333337,0.6666666666666666,1.0,0.5,3,6,3
4,0.6666666666666666,0.6666666666666666,0.8333333333333333,0.75,1.0,0.5,4,8,4
5,0.7272727272727273,0.3333333333333333,0.6666666666666666,0.75,1.0,0.5714285714285714,4,7,4
6,0.8,-0.3333333333333333,0.33333333333333337,0.5,1.0,0.6666666666666666,4,6,4
7,0.5454545454545454,0.3333333333333333,0.6666666666666666,0.6666666666666666,1.0,0.375,3,8,3
8,0.888888888888889,-0.3333333333333333,0.33333333333333337,0.5,1.0,0.8,4,5,4
9,0.888888888888889,1.0,1.0,1.0,1.0,0.8,4,5,4
10,0.6666666666666666,1.0,1.0,1.0,1.0,0.5,3,6,3
11,0.6666666666666666,-0.3333333333333333,0.33333333333333337,0.6666666666666666,1.0,0.5,3,6,3
12,0.8,-0.6666666666666666,0.16666666666666669,0.5,1.0,0.6666666666666666,4,6,4
13,0.7272727272727273,0.3333333333333333,0.6666666666666666,0.75,1.0,0.5714285714285714,4,7,4
14,0.8,-0.3333333333333333,0.33333333333333337,0.5,1.0,0.6666666666666666,4,6,4
15,0.8,-0.3333333333333333,0.33333333333333337,0.5,1.0,0.6666666666666666,4,6,4
16,1.0,0.4,0.7,0.6,1.0,1.0,5,5,5
17,0.8,0.6666666666666666,0.8333333333333333,0.75,1.0,0.6666666666666666,4,6,4
18,0.888888888888889,0.0,0.5,0.5,1.0,0.8,4,5,4
19,0.8,-0.3333333333333333,0.33333333333333337,0.5,1.0,0.6666666666666666,4,6,4
20,0.888888888888889,1.0,1.0,1.0,1.0,0.8,4,5,4
21,0.9090909090909091,0.2,0.6,0.6,1.0,0.8333333333333334,5,6,5
22,0.6666666666666666,1.0,1.0,1.0,1.0,0.5,4,8,4
23,0.6666666666666666,1.0,1.0,1.0,1.0,0.5,3,6,3
24,0.6666666666666666,0.0,0.5,0.5,1.0,0.5,4,8,4
25,0.9090909090909091,0.0,0.5,0.6,1.0,0.8333333333333334,5,6,5
26,0.8,0.3333333333333333,0.6666666666666666,0.75,1.0,0.6666666666666666,4,6,4
27,0.8333333333333333,-0.2,0.4,0.4,1.0,0.7142857142857143,5,7,5
28,0.9090909090909091,0.6,0.8,0.8,0.8333333333333334,1.0,6,5,5
29,0.7142857142857143,0.2,0.6,0.6,1.0,0.5555555555555556,5,9,5
30,0.9090909090909091,0.4,0.7,0.8,1.0,0.8333333333333334,5,6,5
31,0.8571428571428571,1.0,1.0,1.0,1.0,0.75,3,4,3
32,1.0,-0.2,0.4,0.6,1.0,1.0,5,5,5
33,0.888888888888889,1.0,1.0,1.0,1.0,0.8,4,5,4
34,0.8,0.3333333333333333,0.6666666666666666,0.75,1.0,0.6666666666666666,4,6,4
35,1.0,-0.2,0.4,0.4,1.0,1.0,5,5,5
36,0.7272727272727273,0.0,0.5,0.5,1.0,0.5714285714285714,4,7,4
37,0.7272727272727273,0.3333333333333333,0.6666666666666666,0.75,1.0,0.5714285714285714,4,7,4
38,0.8333333333333333,0.6,0.8,0.8,0.7142857142857143,1.0,7,5,5
39,0.6,0.3333333333333333,0.6666666666666666,0.6666666666666666,1.0,0.42857142857142855,3,7,3
40,0.8,-0.3333333333333333,0.33333333333333337,0.5,1.0,0.6666666666666666,4,6,4
41,0.8333333333333333,0.8,0.9,0.8,1.0,0.7142857142857143,5,7,5
42,0.7272727272727273,-0.3333333333333333,0.33333333333333337,0.5,1.0,0.5714285714285714,4,7,4
43,0.7272727272727273,0.0,0.5,0.75,1.0,0.5714285714285714,4,7,4
44,0.6666666666666666,0.3333333333333333,0.6666666666666666,0.6666666666666666,1.0,0.5,3,6,3
45,0.7272727272727273,0.0,0.5,0.75,1.0,0.5714285714285714,4,7,4
46,0.7272727272727273,-0.3333333333333333,0.33333333333333337,0.5,1.0,0.5714285714285714,4,7,4
47,0.8,-0.6666666666666666,0.16666666666666669,0.5,1.0,0.6666666666666666,4,6,4
48,0.7272727272727273,0.6666666666666666,0.8333333333333333,0.75,1.0,0.5714285714285714,4,7,4
49,0.6666666666666666,0.3333333333333333,0.6666666666666666,0.75,1.0,0.5,4,8,4
50,0.7499999999999999,1.0,1.0,1.0,1.0,0.6,3,5,3
51,0.7499999999999999,-1.0,0.0,0.3333333333333333,1.0,0.6,3,5,3
52,0.888888888888889,-0.3333333333333333,0.33333333333333337,0.5,1.0,0.8,4,5,4
53,0.9090909090909091,0.4,0.7,0.6,1.0,0.8333333333333334,5,6,5
54,0.6666666666666666,0.6666666666666666,0.8333333333333333,0.75,1.0,0.5,4,8,4
55,0.6666666666666666,0.3333333333333333,0.6666666666666666,0.75,1.0,0.5,4,8,4
56,0.6666666666666666,0.3333333333333333,0.6666666666666666,0.75,1.0,0.5,4,8,4
57,0.5454545454545454,-0.3333333333333333,0.33333333333333337,0.6666666666666666,1.0,0.375,3,8,3
58,0.6666666666666666,-0.3333333333333333,0.33333333333333337,0.5,1.0,0.5,4,8,4
59,0.7692307692307693,-0.2,0.4,0.6,1.0,0.625,5,8,5
60,0.6666666666666666,0.3333333333333333,0.6666666666666666,0.75,1.0,0.5,4,8,4
61,0.5454545454545454,1.0,1.0,1.0,1.0,0.375,3,8,3
62,0.5454545454545454,0.3333333333333333,0.6666666666666666,0.6666666666666666,1.0,0.375,3,8,3
63,0.6666666666666666,1.0,1.0,1.0,1.0,0.5,4,8,4
64,0.5,1.0,1.0,1.0,0.3333333333333333,1.0,3,1,1
65,0.5454545454545454,-0.3333333333333333,0.33333333333333337,0.6666666666666666,1.0,0.375,3,8,3
66,0.5454545454545454,1.0,1.0,1.0,1.0,0.375,3,8,3
67,0.5454545454545454,0.3333333333333333,0.6666666666666666,0.6666666666666666,1.0,0.375,3,8,3
68,0.7692307692307693,0.2,0.6,0.6,1.0,0.625,5,8,5
69,0.7692307692307693,-0.4,0.3,0.6,1.0,0.625,5,8,5
70,0.6666666666666666,0.6666666666666666,0.8333333333333333,0.75,1.0,0.5,4,8,4
71,0.8571428571428571,0.7333333333333333,0.8666666666666667,0.8333333333333334,1.0,0.75,6,8,6
72,0.6666666666666666,0.6666666666666666,0.8333333333333333,0.75,1.0,0.5,4,8,4
73,0.6666666666666666,0.3333333333333333,0.6666666666666666,0.75,1.0,0.5,4,8,4
74,0.6666666666666666,1.0,1.0,1.0,1.0,0.5,3,6,3
75,0.6666666666666666,1.0,1.0,1.0,1.0,0.5,4,8,4
76,0.6153846153846153,1.0,1.0,1.0,1.0,0.4444444444444444,4,9,4
77,0.6153846153846153,0.6666666666666666,0.8333333333333333,0.75,1.0,0.4444444444444444,4,9,4
78,0.6666666666666666,0.0,0.5,0.5,1.0,0.5,4,8,4
79,0.5,-0.3333333333333333,0.33333333333333337,0.6666666666666666,1.0,0.3333333333333333,3,9,3
80,0.6666666666666666,0.6666666666666666,0.8333333333333333,0.75,1.0,0.5,4,8,4
81,0.5,-0.3333333333333333,0.33333333333333337,0.6666666666666666,1.0,0.3333333333333333,3,9,3
82,0.6666666666666666,0.6666666666666666,0.8333333333333333,0.75,1.0,0.5,4,8,4
83,0.6666666666666666,-0.3333333333333333,0.33333333333333337,0.5,1.0,0.5,4,8,4
84,0.6153846153846153,0.3333333333333333,0.6666666666666666,0.75,1.0,0.4444444444444444,4,9,4
85,0.6153846153846153,0.3333333333333333,0.6666666666666666,0.75,1.0,0.4444444444444444,4,9,4
86,0.6666666666666666,0.3333333333333333,0.6666666666666666,0.75,1.0,0.5,4,8,4
87,0.5454545454545454,0.3333333333333333,0.6666666666666666,0.6666666666666666,1.0,0.375,3,8,3
88,0.7692307692307693,0.2,0.6,0.4,1.0,0.625,5,8,5
89,0.6666666666666666,0.0,0.5,0.75,1.0,0.5,4,8,4
90,0.6666666666666666,-0.3333333333333333,0.33333333333333337,0.5,1.0,0.5,4,8,4
91,0.5454545454545454,0.3333333333333333,0.6666666666666666,0.6666666666666666,1.0,0.375,3,8,3
92,0.6666666666666666,0.6666666666666666,0.8333333333333333,0.75,1.0,0.5,4,8,4
93,0.6666666666666666,0.3333333333333333,0.6666666666666666,0.75,1.0,0.5,4,8,4
94,0.5454545454545454,-0.3333333333333333,0.33333333333333337,0.6666666666666666,1.0,0.375,3,8,3
95,0.7272727272727273,-0.3333333333333333,0.33333333333333337,0.5,1.0,0.5714285714285714,4,7,4
96,0.5454545454545454,1.0,1.0,1.0,1.0,0.375,3,8,3
97,0.7692307692307693,0.2,0.6,0.6,1.0,0.625,5,8,5
98,0.9333333333333333,-0.047619047619047616,0.47619047619047616,0.42857142857142855,1.0,0.875,7,8,7
99,0.5454545454545454,1.0,1.0,1.0,1.0,0.375,3,8,3
100,0.5454545454545454,0.3333333333333333,0.6666666666666666,0.6666666666666666,1.0,0.375,3,8,3
101,0.6666666666666666,0.6666666666666666,0.8333333333333333,0.75,1.0,0.5,4,8,4
102,0.6666666666666666,0.6666666666666666,0.8333333333333333,0.75,1.0,0.5,4,8,4
103,0.5454545454545454,-0.3333333333333333,0.33333333333333337,0.6666666666666666,1.0,0.375,3,8,3
104,0.6666666666666666,1.0,1.0,1.0,1.0,0.5,4,8,4
105,0.7692307692307693,0.8,0.9,0.8,1.0,0.625,5,8,5
106,0.5454545454545454,1.0,1.0,1.0,1.0,0.375,3,8,3
107,0.6153846153846153,-0.3333333333333333,0.33333333333333337,0.5,1.0,0.4444444444444444,4,9,4
108,0.6153846153846153,0.6666666666666666,0.8333333333333333,0.75,1.0,0.4444444444444444,4,9,4
109,0.7692307692307693,0.4,0.7,0.8,1.0,0.625,5,8,5
110,0.6666666666666666,0.0,0.5,0.5,1.0,0.5,4,8,4
111,0.5454545454545454,-0.3333333333333333,0.33333333333333337,0.6666666666666666,1.0,0.375,3,8,3
112,0.6666666666666666,0.6666666666666666,0.8333333333333333,0.75,1.0,0.5,4,8,4
113,0.6666666666666666,0.6666666666666666,0.8333333333333333,0.75,1.0,0.5,4,8,4
114,0.6666666666666666,0.0,0.5,0.75,1.0,0.5,4,8,4
115,0.7272727272727273,0.3333333333333333,0.6666666666666666,0.75,1.0,0.5714285714285714,4,7,4
116,0.6666666666666666,1.0,1.0,1.0,1.0,0.5,4,8,4
117,0.6666666666666666,-0.3333333333333333,0.33333333333333337,0.5,1.0,0.5,4,8,4
118,0.6153846153846153,0.6666666666666666,0.8333333333333333,0.75,1.0,0.4444444444444444,4,9,4
119,0.7142857142857143,0.2,0.6,0.6,1.0,0.5555555555555556,5,9,5
120,0.6666666666666666,0.3333333333333333,0.6666666666666666,0.75,1.0,0.5,4,8,4
121,0.7692307692307693,-0.2,0.4,0.4,1.0,0.625,5,8,5
122,0.6666666666666666,0.3333333333333333,0.6666666666666666,0.75,1.0,0.5,4,8,4
123,0.6666666666666666,0.6666666666666666,0.8333333333333333,0.75,1.0,0.5,4,8,4
124,0.6666666666666666,0.6,0.8,0.8,1.0,0.5,5,10,5
125,0.5454545454545454,1.0,1.0,1.0,1.0,0.375,3,8,3
126,0.5454545454545454,-1.0,0.0,0.3333333333333333,1.0,0.375,3,8,3
127,0.8571428571428571,0.4666666666666667,0.7333333333333334,0.5,1.0,0.75,6,8,6
128,0.6153846153846153,-0.3333333333333333,0.33333333333333337,0.5,1.0,0.4444444444444444,4,9,4
129,0.9411764705882353,0.07142857142857142,0.5357142857142857,0.625,0.8888888888888888,1.0,9,8,8
130,0.6666666666666666,1.0,1.0,1.0,1.0,0.5,4,8,4
131,0.6666666666666666,0.6666666666666666,0.8333333333333333,0.75,1.0,0.5,4,8,4
132,0.9333333333333333,0.5238095238095238,0.7619047619047619,0.5714285714285714,1.0,0.875,7,8,7
133,0.47619047619047616,0.4,0.7,0.6,1.0,0.3125,5,16,5
134,0.6666666666666666,0.6666666666666666,0.8333333333333333,0.75,1.0,0.5,4,8,4
135,0.8571428571428571,0.3333333333333333,0.6666666666666666,0.5,1.0,0.75,6,8,6
136,0.5,1.0,1.0,1.0,1.0,0.3333333333333333,3,9,3
137,0.6666666666666666,0.3333333333333333,0.6666666666666666,0.75,1.0,0.5,4,8,4
138,0.6153846153846153,-0.3333333333333333,0.33333333333333337,0.5,1.0,0.4444444444444444,4,9,4
139,0.6666666666666666,-0.3333333333333333,0.33333333333333337,0.5,1.0,0.5,4,8,4
140,0.6666666666666666,0.3333333333333333,0.6666666666666666,0.75,1.0,0.5,4,8,4
141,0.6153846153846153,-0.3333333333333333,0.33333333333333337,0.5,1.0,0.4444444444444444,4,9,4
142,0.6666666666666666,0.3333333333333333,0.6666666666666666,0.75,1.0,0.5,4,8,4
143,0.7142857142857143,1.0,1.0,1.0,1.0,0.5555555555555556,5,9,5
144,0.6153846153846153,0.6666666666666666,0.8333333333333333,0.75,1.0,0.4444444444444444,4,9,4
145,0.6666666666666666,0.3333333333333333,0.6666666666666666,0.75,1.0,0.5,4,8,4
146,0.5,-1.0,0.0,0.3333333333333333,1.0,0.3333333333333333,3,9,3
147,0.6666666666666666,-0.3333333333333333,0.33333333333333337,0.5,1.0,0.5,4,8,4
148,0.6666666666666666,-0.3333333333333333,0.33333333333333337,0.5,1.0,0.5,4,8,4
149,0.5454545454545454,0.3333333333333333,0.6666666666666666,0.6666666666666666,1.0,0.375,3,8,3
150,0.5454545454545454,-1.0,0.0,0.3333333333333333,1.0,0.375,3,8,3
151,0.7692307692307693,0.6,0.8,0.6,1.0,0.625,5,8,5
152,0.6666666666666666,-0.3333333333333333,0.33333333333333337,0.5,1.0,0.5,4,8,4
153,0.7692307692307693,0.4,0.7,0.6,1.0,0.625,5,8,5
154,0.6666666666666666,-0.3333333333333333,0.33333333333333337,0.5,1.0,0.5,4,8,4
155,0.6666666666666666,-0.6666666666666666,0.16666666666666669,0.5,1.0,0.5,4,8,4
156,0.5454545454545454,0.3333333333333333,0.6666666666666666,0.6666666666666666,1.0,0.375,3,8,3
157,0.4615384615384615,0.3333333333333333,0.6666666666666666,0.6666666666666666,1.0,0.3,3,10,3
158,0.6666666666666666,-0.6666666666666666,0.16666666666666669,0.5,1.0,0.5,4,8,4
159,0.6153846153846153,0.0,0.5,0.5,1.0,0.4444444444444444,4,9,4
160,0.6153846153846153,-0.6666666666666666,0.16666666666666669,0.5,1.0,0.4444444444444444,4,9,4
161,0.7142857142857143,0.4,0.7,0.8,1.0,0.5555555555555556,5,9,5
162,0.5454545454545454,0.3333333333333333,0.6666666666666666,0.6666666666666666,1.0,0.375,3,8,3
163,0.5333333333333333,0.3333333333333333,0.6666666666666666,0.5,1.0,0.36363636363636365,4,11,4
164,0.4,1.0,1.0,1.0,0.25,1.0,4,1,1
165,0.6666666666666666,0.3333333333333333,0.6666666666666666,0.5,1.0,0.5,4,8,4
166,0.5454545454545454,-1.0,0.0,0.3333333333333333,1.0,0.375,3,8,3
167,0.4615384615384615,1.0,1.0,1.0,1.0,0.3,3,10,3
168,0.6153846153846153,0.3333333333333333,0.6666666666666666,0.75,1.0,0.4444444444444444,4,9,4
169,0.5454545454545454,-0.3333333333333333,0.33333333333333337,0.6666666666666666,1.0,0.375,3,8,3
170,0.5454545454545454,-1.0,0.0,0.3333333333333333,1.0,0.375,3,8,3
171,0.8,0.6666666666666666,0.8333333333333333,0.75,1.0,0.6666666666666666,4,6,4
172,0.5,1.0,1.0,1.0,1.0,0.3333333333333333,3,9,3
173,0.6666666666666666,0.3333333333333333,0.6666666666666666,0.75,1.0,0.5,4,8,4
174,0.6153846153846153,-0.3333333333333333,0.33333333333333337,0.5,1.0,0.4444444444444444,4,9,4
175,0.6153846153846153,0.6666666666666666,0.8333333333333333,0.75,1.0,0.4444444444444444,4,9,4
176,0.5454545454545454,1.0,1.0,1.0,1.0,0.375,3,8,3
177,0.6666666666666666,0.6666666666666666,0.8333333333333333,0.75,1.0,0.5,4,8,4
178,0.6666666666666666,0.6666666666666666,0.8333333333333333,0.75,1.0,0.5,4,8,4
179,0.5714285714285715,-0.3333333333333333,0.33333333333333337,0.5,1.0,0.4,4,10,4
180,0.6666666666666666,0.3333333333333333,0.6666666666666666,0.75,1.0,0.5,4,8,4
181,0.5454545454545454,-1.0,0.0,0.3333333333333333,1.0,0.375,3,8,3
182,0.5454545454545454,1.0,1.0,1.0,1.0,0.375,3,8,3
183,0.5714285714285715,0.3333333333333333,0.6666666666666666,0.5,1.0,0.4,4,10,4
184,0.7692307692307693,0.0,0.5,0.6,1.0,0.625,5,8,5
185,0.7142857142857143,0.2,0.6,0.6,1.0,0.5555555555555556,5,9,5
186,0.7692307692307693,0.6,0.8,0.8,1.0,0.625,5,8,5
187,0.6153846153846153,0.0,0.5,0.5,1.0,0.4444444444444444,4,9,4
188,0.7692307692307693,0.0,0.5,0.6,1.0,0.625,5,8,5
189,0.5,-0.3333333333333333,0.33333333333333337,0.6666666666666666,1.0,0.3333333333333333,3,9,3
190,0.6666666666666666,1.0,1.0,1.0,1.0,0.5,4,8,4
191,0.6153846153846153,-0.3333333333333333,0.33333333333333337,0.5,1.0,0.4444444444444444,4,9,4
192,0.7692307692307693,0.2,0.6,0.6,1.0,0.625,5,8,5
193,0.5714285714285715,0.6666666666666666,0.8333333333333333,0.75,1.0,0.4,4,10,4
194,0.6666666666666666,-0.6666666666666666,0.16666666666666669,0.5,1.0,0.5,4,8,4
195,0.5,1.0,1.0,1.0,1.0,0.3333333333333333,3,9,3
196,0.5454545454545454,-0.3333333333333333,0.33333333333333337,0.6666666666666666,1.0,0.375,3,8,3
197,0.5,-0.3333333333333333,0.33333333333333337,0.6666666666666666,1.0,0.3333333333333333,3,9,3
198,0.6666666666666666,-0.6666666666666666,0.16666666666666669,0.5,1.0,0.5,4,8,4
199,0.6153846153846153,0.6666666666666666,0.8333333333333333,0.75,1.0,0.4444444444444444,4,9,4
200,0.7692307692307693,0.2,0.6,0.6,1.0,0.625,5,8,5
201,0.6666666666666666,-0.3333333333333333,0.33333333333333337,0.5,1.0,0.5,4,8,4
202,0.5,-0.3333333333333333,0.33333333333333337,0.6666666666666666,1.0,0.3333333333333333,3,9,3
203,0.6666666666666666,1.0,1.0,1.0,1.0,0.5,4,8,4
204,0.6666666666666666,1.0,1.0,1.0,1.0,0.5,4,8,4
205,0.6153846153846153,0.6666666666666666,0.8333333333333333,0.75,1.0,0.4444444444444444,4,9,4
206,0.6666666666666666,-0.14285714285714285,0.4285714285714286,0.625,1.0,0.5,8,16,8
207,0.5454545454545454,1.0,1.0,1.0,1.0,0.375,3,8,3
208,0.5454545454545454,1.0,1.0,1.0,1.0,0.375,3,8,3
209,0.6153846153846153,0.0,0.5,0.75,1.0,0.4444444444444444,4,9,4
210,0.5454545454545454,-0.3333333333333333,0.33333333333333337,0.6666666666666666,1.0,0.375,3,8,3
211,0.5454545454545454,0.3333333333333333,0.6666666666666666,0.6666666666666666,1.0,0.375,3,8,3
212,0.5454545454545454,1.0,1.0,1.0,1.0,0.375,3,8,3
213,0.6153846153846153,0.3333333333333333,0.6666666666666666,0.75,1.0,0.4444444444444444,4,9,4
214,0.7692307692307693,0.8,0.9,0.8,1.0,0.625,5,8,5
215,0.5454545454545454,-0.3333333333333333,0.33333333333333337,0.6666666666666666,1.0,0.375,3,8,3
216,0.7692307692307693,0.4,0.7,0.8,1.0,0.625,5,8,5
217,0.6666666666666666,0.0,0.5,0.75,1.0,0.5,4,8,4
218,0.5,1.0,1.0,1.0,0.3333333333333333,1.0,3,1,1
219,0.7692307692307693,0.0,0.5,0.6,1.0,0.625,5,8,5
220,0.6153846153846153,0.3333333333333333,0.6666666666666666,0.75,1.0,0.4444444444444444,4,9,4
221,0.5454545454545454,0.3333333333333333,0.6666666666666666,0.6666666666666666,1.0,0.375,3,8,3
222,0.8750000000000001,-0.42857142857142855,0.2857142857142857,0.42857142857142855,1.0,0.7777777777777778,7,9,7
223,0.6153846153846153,0.6666666666666666,0.8333333333333333,0.75,1.0,0.4444444444444444,4,9,4
224,0.6666666666666666,0.0,0.5,0.6,1.0,0.5,5,10,5
225,0.6153846153846153,0.0,0.5,0.5,1.0,0.4444444444444444,4,9,4
226,0.6666666666666666,1.0,1.0,1.0,1.0,0.5,5,10,5
227,0.6666666666666666,0.6666666666666666,0.8333333333333333,0.75,1.0,0.5,4,8,4
228,0.5454545454545454,-0.3333333333333333,0.33333333333333337,0.6666666666666666,1.0,0.375,3,8,3
229,0.6666666666666666,0.3333333333333333,0.6666666666666666,0.75,1.0,0.5,4,8,4
230,0.5454545454545454,-0.3333333333333333,0.33333333333333337,0.6666666666666666,1.0,0.375,3,8,3
231,0.6666666666666666,-0.6666666666666666,0.16666666666666669,0.5,1.0,0.5,4,8,4
232,0.6666666666666666,0.0,0.5,0.75,1.0,0.5,4,8,4
233,0.6153846153846153,-0.3333333333333333,0.33333333333333337,0.5,1.0,0.4444444444444444,4,9,4
234,0.6153846153846153,-0.3333333333333333,0.33333333333333337,0.5,1.0,0.4444444444444444,4,9,4
235,0.5,1.0,1.0,1.0,0.3333333333333333,1.0,3,1,1
236,0.7142857142857143,-0.2,0.4,0.4,1.0,0.5555555555555556,5,9,5
237,0.7272727272727273,1.0,1.0,1.0,1.0,0.5714285714285714,4,7,4
238,0.5454545454545454,-0.3333333333333333,0.33333333333333337,0.6666666666666666,1.0,0.375,3,8,3
239,0.6153846153846153,0.3333333333333333,0.6666666666666666,0.75,1.0,0.4444444444444444,4,9,4
240,0.5,0.3333333333333333,0.6666666666666666,0.6666666666666666,1.0,0.3333333333333333,3,9,3
241,0.6666666666666666,0.3333333333333333,0.6666666666666666,0.75,1.0,0.5,4,8,4
242,0.5454545454545454,0.3333333333333333,0.6666666666666666,0.6666666666666666,1.0,0.375,3,8,3
243,0.5,-0.3333333333333333,0.33333333333333337,0.6666666666666666,1.0,0.3333333333333333,3,9,3
244,0.6153846153846153,-0.3333333333333333,0.33333333333333337,0.5,1.0,0.4444444444444444,4,9,4
245,0.5714285714285715,1.0,1.0,1.0,1.0,0.4,4,10,4
246,0.6666666666666666,0.3333333333333333,0.6666666666666666,0.75,1.0,0.5,4,8,4
247,0.6666666666666666,0.3333333333333333,0.6666666666666666,0.75,1.0,0.5,4,8,4
248,0.5,1.0,1.0,1.0,1.0,0.3333333333333333,3,9,3
249,0.6666666666666666,0.6666666666666666,0.8333333333333333,0.75,1.0,0.5,4,8,4
250,0.6666666666666666,0.3333333333333333,0.6666666666666666,0.75,1.0,0.5,4,8,4
251,0.6153846153846153,0.3333333333333333,0.6666666666666666,0.75,1.0,0.4444444444444444,4,9,4
252,0.6666666666666666,0.3333333333333333,0.6666666666666666,0.75,1.0,0.5,4,8,4
253,0.5454545454545454,0.3333333333333333,0.6666666666666666,0.6666666666666666,1.0,0.375,3,8,3
254,0.5454545454545454,1.0,1.0,1.0,1.0,0.375,3,8,3
255,0.6666666666666666,0.6666666666666666,0.8333333333333333,0.75,1.0,0.5,4,8,4
256,0.6666666666666666,0.3333333333333333,0.6666666666666666,0.75,1.0,0.5,4,8,4
257,0.5333333333333333,1.0,1.0,1.0,1.0,0.36363636363636365,4,11,4
258,0.6666666666666666,0.3333333333333333,0.6666666666666666,0.75,1.0,0.5,4,8,4
259,0.5714285714285715,0.6666666666666666,0.8333333333333333,0.75,1.0,0.4,4,10,4
260,0.6666666666666666,0.0,0.5,0.75,1.0,0.5,4,8,4
261,0.625,0.2,0.6,0.8,1.0,0.45454545454545453,5,11,5
262,0.7142857142857143,0.6,0.8,0.8,1.0,0.5555555555555556,5,9,5
263,0.5,1.0,1.0,1.0,1.0,0.3333333333333333,3,9,3
264,0.7142857142857143,-0.4,0.3,0.4,1.0,0.5555555555555556,5,9,5
265,0.6666666666666666,-0.3333333333333333,0.33333333333333337,0.5,1.0,0.5,4,8,4
266,0.5714285714285715,0.0,0.5,0.5,1.0,0.4,4,10,4
267,0.6666666666666666,1.0,1.0,1.0,1.0,0.5,4,8,4
268,0.7692307692307693,0.4,0.7,0.6,1.0,0.625,5,8,5
269,0.7692307692307693,0.4,0.7,0.6,1.0,0.625,5,8,5
270,0.5454545454545454,1.0,1.0,1.0,1.0,0.375,3,8,3
271,0.5,-0.3333333333333333,0.33333333333333337,0.6666666666666666,1.0,0.3333333333333333,3,9,3
272,0.6666666666666666,-0.3333333333333333,0.33333333333333337,0.5,1.0,0.5,4,8,4
273,0.8,0.3333333333333333,0.6666666666666666,0.75,1.0,0.6666666666666666,4,6,4
274,0.5,1.0,1.0,1.0,1.0,0.3333333333333333,3,9,3
275,0.6153846153846153,0.3333333333333333,0.6666666666666666,0.75,1.0,0.4444444444444444,4,9,4
276,0.6666666666666666,0.3333333333333333,0.6666666666666666,0.75,1.0,0.5,4,8,4
277,0.6666666666666666,1.0,1.0,1.0,1.0,0.5,4,8,4
278,0.6666666666666666,0.3333333333333333,0.6666666666666666,0.5,1.0,0.5,4,8,4
279,0.7272727272727273,0.3333333333333333,0.6666666666666666,0.5,1.0,0.5714285714285714,4,7,4
280,0.6666666666666666,0.0,0.5,0.5,1.0,0.5,4,8,4
281,0.6666666666666666,0.0,0.5,0.5,1.0,0.5,4,8,4
282,0.6666666666666666,0.6666666666666666,0.8333333333333333,0.75,1.0,0.5,4,8,4
283,0.6666666666666666,0.3333333333333333,0.6666666666666666,0.5,1.0,0.5,4,8,4
284,0.4615384615384615,-0.3333333333333333,0.33333333333333337,0.6666666666666666,1.0,0.3,3,10,3
285,0.5454545454545454,1.0,1.0,1.0,1.0,0.375,3,8,3
286,0.5,0.3333333333333333,0.6666666666666666,0.6666666666666666,1.0,0.3333333333333333,3,9,3
287,0.6666666666666666,0.3333333333333333,0.6666666666666666,0.5,1.0,0.5,4,8,4
288,0.5,0.3333333333333333,0.6666666666666666,0.6666666666666666,1.0,0.3333333333333333,3,9,3
289,0.6666666666666666,0.6666666666666666,0.8333333333333333,0.75,1.0,0.5,4,8,4
290,0.6666666666666666,0.0,0.5,0.75,1.0,0.5,4,8,4
291,0.7692307692307693,0.2,0.6,0.8,1.0,0.625,5,8,5
292,0.6666666666666666,-0.6666666666666666,0.16666666666666669,0.5,1.0,0.5,4,8,4
293,0.6666666666666666,-0.3333333333333333,0.33333333333333337,0.5,1.0,0.5,4,8,4
294,0.6153846153846153,-0.6666666666666666,0.16666666666666669,0.5,1.0,0.4444444444444444,4,9,4
295,0.8,0.2,0.6,0.6666666666666666,1.0,0.6666666666666666,6,9,6
296,0.5454545454545454,0.3333333333333333,0.6666666666666666,0.6666666666666666,1.0,0.375,3,8,3
297,0.7692307692307693,0.8,0.9,0.8,1.0,0.625,5,8,5
298,0.6153846153846153,0.3333333333333333,0.6666666666666666,0.75,1.0,0.4444444444444444,4,9,4
299,0.9333333333333333,0.3333333333333333,0.6666666666666666,0.42857142857142855,1.0,0.875,7,8,7
300,0.5714285714285715,1.0,1.0,1.0,1.0,0.4,4,10,4
301,0.5454545454545454,-0.3333333333333333,0.33333333333333337,0.6666666666666666,1.0,0.375,3,8,3
302,0.6666666666666666,-0.3333333333333333,0.33333333333333337,0.5,1.0,0.5,4,8,4
303,0.6666666666666666,1.0,1.0,1.0,1.0,0.5,4,8,4
304,0.6666666666666666,0.6666666666666666,0.8333333333333333,0.75,1.0,0.5,4,8,4
305,0.6666666666666666,0.6666666666666666,0.8333333333333333,0.75,1.0,0.5,4,8,4
306,0.5714285714285715,0.3333333333333333,0.6666666666666666,0.75,1.0,0.4,4,10,4
307,0.6666666666666666,0.3333333333333333,0.6666666666666666,0.75,1.0,0.5,4,8,4
308,0.5454545454545454,1.0,1.0,1.0,1.0,0.375,3,8,3
309,0.7142857142857143,0.0,0.5,0.6,1.0,0.5555555555555556,5,9,5
310,0.5454545454545454,0.3333333333333333,0.6666666666666666,0.6666666666666666,1.0,0.375,3,8,3
311,0.5,0.3333333333333333,0.6666666666666666,0.75,1.0,0.3333333333333333,4,12,4
312,0.7692307692307693,1.0,1.0,1.0,1.0,0.625,5,8,5
313,0.5454545454545454,0.3333333333333333,0.6666666666666666,0.6666666666666666,1.0,0.375,3,8,3
314,0.5454545454545454,-0.3333333333333333,0.33333333333333337,0.6666666666666666,1.0,0.375,3,8,3
315,0.7692307692307693,0.6,0.8,0.6,1.0,0.625,5,8,5
316,0.6666666666666666,0.0,0.5,0.5,1.0,0.5,4,8,4
317,0.5454545454545454,1.0,1.0,1.0,1.0,0.375,3,8,3
318,0.5454545454545454,-0.3333333333333333,0.33333333333333337,0.6666666666666666,1.0,0.375,3,8,3
319,0.5,-0.3333333333333333,0.33333333333333337,0.6666666666666666,1.0,0.3333333333333333,3,9,3
320,0.6153846153846153,1.0,1.0,1.0,1.0,0.4444444444444444,4,9,4
321,0.6666666666666666,-0.3333333333333333,0.33333333333333337,0.5,1.0,0.5,4,8,4
322,0.6666666666666666,1.0,1.0,1.0,1.0,0.5,4,8,4
323,0.7142857142857143,0.4,0.7,0.6,1.0,0.5555555555555556,5,9,5
324,0.6153846153846153,0.3333333333333333,0.6666666666666666,0.75,1.0,0.4444444444444444,4,9,4
325,0.6666666666666666,0.3333333333333333,0.6666666666666666,0.75,1.0,0.5,4,8,4
326,0.5454545454545454,1.0,1.0,1.0,1.0,0.375,3,8,3
327,0.5454545454545454,-0.3333333333333333,0.33333333333333337,0.6666666666666666,1.0,0.375,3,8,3
328,0.7692307692307693,0.6,0.8,0.6,1.0,0.625,5,8,5
329,0.7692307692307693,0.6,0.8,0.8,1.0,0.625,5,8,5
330,0.6153846153846153,-1.0,0.0,0.25,1.0,0.4444444444444444,4,9,4
331,0.5454545454545454,0.3333333333333333,0.6666666666666666,0.6666666666666666,1.0,0.375,3,8,3
332,0.6153846153846153,-0.3333333333333333,0.33333333333333337,0.5,1.0,0.4444444444444444,4,9,4
333,0.5454545454545454,0.3333333333333333,0.6666666666666666,0.6666666666666666,1.0,0.375,3,8,3
334,0.6666666666666666,0.6666666666666666,0.8333333333333333,0.75,1.0,0.5,4,8,4
335,0.5714285714285715,0.0,0.5,0.75,1.0,0.4,4,10,4
336,0.6666666666666666,1.0,1.0,1.0,1.0,0.5,4,8,4
337,0.6666666666666666,0.6666666666666666,0.8333333333333333,0.75,1.0,0.5,4,8,4
338,0.5454545454545454,0.3333333333333333,0.6666666666666666,0.6666666666666666,1.0,0.375,3,8,3
339,0.6153846153846153,0.0,0.5,0.75,1.0,0.4444444444444444,4,9,4
340,0.5454545454545454,1.0,1.0,1.0,1.0,0.375,3,8,3
341,0.6666666666666666,0.6666666666666666,0.8333333333333333,0.75,1.0,0.5,4,8,4
342,0.6666666666666666,-0.6666666666666666,0.16666666666666669,0.5,1.0,0.5,4,8,4
343,0.6666666666666666,0.0,0.5,0.75,1.0,0.5,4,8,4
344,0.6153846153846153,-0.6666666666666666,0.16666666666666669,0.5,1.0,0.4444444444444444,4,9,4
345,0.7692307692307693,0.6,0.8,0.6,1.0,0.625,5,8,5
346,0.7777777777777778,-0.42857142857142855,0.2857142857142857,0.42857142857142855,1.0,0.6363636363636364,7,11,7
347,0.6153846153846153,0.6666666666666666,0.8333333333333333,0.75,1.0,0.4444444444444444,4,9,4
348,0.6666666666666666,1.0,1.0,1.0,1.0,0.5,4,8,4
349,0.6153846153846153,0.0,0.5,0.75,1.0,0.4444444444444444,4,9,4
350,0.5454545454545454,-0.3333333333333333,0.33333333333333337,0.6666666666666666,1.0,0.375,3,8,3
351,0.6666666666666666,0.6666666666666666,0.8333333333333333,0.75,1.0,0.5,4,8,4
352,0.6666666666666666,0.0,0.5,0.5,1.0,0.5,4,8,4
353,0.33333333333333337,1.0,1.0,1.0,0.2,1.0,5,1,1
354,0.7692307692307693,0.8,0.9,0.8,1.0,0.625,5,8,5
355,0.6666666666666666,0.3333333333333333,0.6666666666666666,0.5,1.0,0.5,4,8,4
356,0.6153846153846153,0.0,0.5,0.75,1.0,0.4444444444444444,4,9,4
357,0.7499999999999999,0.4666666666666667,0.7333333333333334,0.6666666666666666,1.0,0.6,6,10,6
358,0.6666666666666666,0.6666666666666666,0.8333333333333333,0.75,1.0,0.5,4,8,4
359,0.7692307692307693,0.2,0.6,0.6,1.0,0.625,5,8,5
360,0.6666666666666666,-0.3333333333333333,0.33333333333333337,0.5,1.0,0.5,4,8,4
361,0.5,0.3333333333333333,0.6666666666666666,0.6666666666666666,1.0,0.3333333333333333,3,9,3
362,0.6666666666666666,-0.3333333333333333,0.33333333333333337,0.5,1.0,0.5,4,8,4
363,0.5454545454545454,-0.3333333333333333,0.33333333333333337,0.6666666666666666,1.0,0.375,3,8,3
364,0.5454545454545454,-0.3333333333333333,0.33333333333333337,0.6666666666666666,1.0,0.375,3,8,3
365,0.6666666666666666,0.3333333333333333,0.6666666666666666,0.5,1.0,0.5,4,8,4
366,0.5,-0.3333333333333333,0.33333333333333337,0.6666666666666666,1.0,0.3333333333333333,3,9,3
367,0.5454545454545454,-0.3333333333333333,0.33333333333333337,0.6666666666666666,1.0,0.375,3,8,3
368,0.6666666666666666,0.0,0.5,0.5,1.0,0.5,4,8,4
369,0.6666666666666666,0.0,0.5,0.5,1.0,0.5,4,8,4
370,0.5714285714285715,0.6666666666666666,0.8333333333333333,0.75,1.0,0.4,4,10,4
371,0.5,0.3333333333333333,0.6666666666666666,0.6666666666666666,1.0,0.3333333333333333,3,9,3
372,0.6666666666666666,0.3333333333333333,0.6666666666666666,0.75,1.0,0.5,4,8,4
373,0.4,1.0,1.0,1.0,0.25,1.0,4,1,1
374,0.5454545454545454,0.3333333333333333,0.6666666666666666,0.6666666666666666,1.0,0.375,3,8,3
375,0.6153846153846153,0.3333333333333333,0.6666666666666666,0.75,1.0,0.4444444444444444,4,9,4
376,0.5454545454545454,0.3333333333333333,0.6666666666666666,0.6666666666666666,1.0,0.375,3,8,3
377,0.5454545454545454,0.3333333333333333,0.6666666666666666,0.6666666666666666,1.0,0.375,3,8,3
378,0.7692307692307693,0.0,0.5,0.4,1.0,0.625,5,8,5
379,0.5454545454545454,1.0,1.0,1.0,1.0,0.375,3,8,3
380,0.6666666666666666,0.8,0.9,0.8,1.0,0.5,5,10,5
381,0.7692307692307693,0.6,0.8,0.8,1.0,0.625,5,8,5
382,0.7692307692307693,0.8,0.9,0.8,1.0,0.625,5,8,5
383,0.6153846153846153,0.6666666666666666,0.8333333333333333,0.75,1.0,0.4444444444444444,4,9,4
384,0.6153846153846153,0.3333333333333333,0.6666666666666666,0.75,1.0,0.4444444444444444,4,9,4
385,0.5454545454545454,1.0,1.0,1.0,1.0,0.375,3,8,3
386,0.5454545454545454,-1.0,0.0,0.3333333333333333,1.0,0.375,3,8,3
387,0.6666666666666666,0.6666666666666666,0.8333333333333333,0.75,1.0,0.5,4,8,4
388,0.5454545454545454,0.3333333333333333,0.6666666666666666,0.6666666666666666,1.0,0.375,3,8,3
389,0.5454545454545454,1.0,1.0,1.0,1.0,0.375,3,8,3
390,0.5,-0.3333333333333333,0.33333333333333337,0.6666666666666666,1.0,0.3333333333333333,3,9,3
391,0.5,1.0,1.0,1.0,1.0,0.3333333333333333,3,9,3
392,0.6666666666666666,0.0,0.5,0.75,1.0,0.5,4,8,4
393,0.6666666666666666,0.3333333333333333,0.6666666666666666,0.75,1.0,0.5,4,8,4
394,0.6666666666666666,1.0,1.0,1.0,1.0,0.5,4,8,4
395,0.6666666666666666,-0.3333333333333333,0.33333333333333337,0.5,1.0,0.5,4,8,4
396,0.6153846153846153,0.0,0.5,0.75,1.0,0.4444444444444444,4,9,4
397,0.6153846153846153,1.0,1.0,1.0,1.0,0.4444444444444444,4,9,4
398,0.6666666666666666,0.6666666666666666,0.8333333333333333,0.75,1.0,0.5,4,8,4
399,0.5,1.0,1.0,1.0,1.0,0.3333333333333333,3,9,3
400,0.6666666666666666,0.6666666666666666,0.8333333333333333,0.75,1.0,0.5,4,8,4
401,0.5454545454545454,0.3333333333333333,0.6666666666666666,0.6666666666666666,1.0,0.375,3,8,3
402,0.6666666666666666,1.0,1.0,1.0,1.0,0.5,4,8,4
403,0.6666666666666666,-0.3333333333333333,0.33333333333333337,0.5,1.0,0.5,4,8,4
404,0.0,1.0,1.0,1.0,0.0,0.0,0,8,0
405,0.6666666666666666,0.0,0.5,0.75,1.0,0.5,4,8,4
406,0.5454545454545454,1.0,1.0,1.0,1.0,0.375,3,8,3
407,0.5,-0.3333333333333333,0.33333333333333337,0.6666666666666666,1.0,0.3333333333333333,3,9,3
408,0.5454545454545454,0.3333333333333333,0.6666666666666666,0.6666666666666666,1.0,0.375,3,8,3
409,0.5,0.3333333333333333,0.6666666666666666,0.6666666666666666,1.0,0.3333333333333333,3,9,3
410,0.6153846153846153,1.0,1.0,1.0,1.0,0.4444444444444444,4,9,4
411,0.6153846153846153,0.3333333333333333,0.6666666666666666,0.75,1.0,0.4444444444444444,4,9,4
412,0.5454545454545454,1.0,1.0,1.0,1.0,0.375,3,8,3
413,0.6666666666666666,-0.6666666666666666,0.16666666666666669,0.5,1.0,0.5,4,8,4
414,0.6666666666666666,0.3333333333333333,0.6666666666666666,0.75,1.0,0.5,4,8,4
415,0.6666666666666666,0.0,0.5,0.75,1.0,0.5,4,8,4
416,0.5,-0.3333333333333333,0.33333333333333337,0.6666666666666666,1.0,0.3333333333333333,3,9,3
417,0.5454545454545454,0.3333333333333333,0.6666666666666666,0.6666666666666666,1.0,0.375,3,8,3
418,0.5454545454545454,-0.3333333333333333,0.33333333333333337,0.6666666666666666,1.0,0.375,3,8,3
419,0.5454545454545454,1.0,1.0,1.0,1.0,0.375,3,8,3
420,0.5714285714285715,1.0,1.0,1.0,1.0,0.4,4,10,4
421,0.5454545454545454,1.0,1.0,1.0,1.0,0.375,3,8,3
422,0.6153846153846153,1.0,1.0,1.0,1.0,0.4444444444444444,4,9,4
423,0.7692307692307693,0.6,0.8,0.8,1.0,0.625,5,8,5
424,0.5454545454545454,1.0,1.0,1.0,1.0,0.375,3,8,3
425,0.5454545454545454,-0.3333333333333333,0.33333333333333337,0.6666666666666666,1.0,0.375,3,8,3
426,0.5454545454545454,-0.3333333333333333,0.33333333333333337,0.6666666666666666,1.0,0.375,3,8,3
427,0.6666666666666666,0.8,0.9,0.8,1.0,0.5,5,10,5
428,0.6153846153846153,0.0,0.5,0.75,1.0,0.4444444444444444,4,9,4
429,0.6666666666666666,1.0,1.0,1.0,1.0,0.5,4,8,4
430,0.6666666666666666,-0.6666666666666666,0.16666666666666669,0.5,1.0,0.5,4,8,4
431,0.5,-1.0,0.0,0.3333333333333333,1.0,0.3333333333333333,3,9,3
432,0.6666666666666666,0.0,0.5,0.75,1.0,0.5,4,8,4
433,0.7692307692307693,0.2,0.6,0.6,1.0,0.625,5,8,5
434,0.6153846153846153,0.3333333333333333,0.6666666666666666,0.75,1.0,0.4444444444444444,4,9,4
435,0.5714285714285715,0.3333333333333333,0.6666666666666666,0.5,1.0,0.4,4,10,4
436,0.5714285714285715,0.6666666666666666,0.8333333333333333,0.75,1.0,0.4,4,10,4
437,0.6153846153846153,-0.3333333333333333,0.33333333333333337,0.5,1.0,0.4444444444444444,4,9,4
438,0.4615384615384615,-1.0,0.0,0.3333333333333333,1.0,0.3,3,10,3
439,0.5454545454545454,1.0,1.0,1.0,1.0,0.375,3,8,3
440,0.6666666666666666,0.6,0.8,0.8,1.0,0.5,5,10,5
441,0.6666666666666666,-0.3333333333333333,0.33333333333333337,0.5,1.0,0.5,4,8,4
442,0.6666666666666666,-0.3333333333333333,0.33333333333333337,0.5,1.0,0.5,4,8,4
443,0.8,-0.6,0.2,0.5,1.0,0.6666666666666666,6,9,6
444,0.6666666666666666,-0.3333333333333333,0.33333333333333337,0.5,1.0,0.5,4,8,4
445,0.6153846153846153,0.6666666666666666,0.8333333333333333,0.75,1.0,0.4444444444444444,4,9,4
446,0.6666666666666666,-0.3333333333333333,0.33333333333333337,0.5,1.0,0.5,4,8,4
447,0.6666666666666666,-0.2,0.4,0.4,1.0,0.5,5,10,5
448,0.5454545454545454,-0.3333333333333333,0.33333333333333337,0.6666666666666666,1.0,0.375,3,8,3
449,0.5,1.0,1.0,1.0,1.0,0.3333333333333333,3,9,3
450,0.5454545454545454,0.3333333333333333,0.6666666666666666,0.6666666666666666,1.0,0.375,3,8,3
451,0.6666666666666666,0.0,0.5,0.5,1.0,0.5,4,8,4
452,0.5454545454545454,0.3333333333333333,0.6666666666666666,0.6666666666666666,1.0,0.375,3,8,3
453,0.6666666666666666,-0.6666666666666666,0.16666666666666669,0.5,1.0,0.5,4,8,4
454,0.6666666666666666,0.8,0.9,0.8,1.0,0.5,5,10,5
455,0.7692307692307693,0.6,0.8,0.6,1.0,0.625,5,8,5
456,0.5,0.3333333333333333,0.6666666666666666,0.6666666666666666,1.0,0.3333333333333333,3,9,3
457,0.6153846153846153,0.3333333333333333,0.6666666666666666,0.75,1.0,0.4444444444444444,4,9,4
458,0.6666666666666666,1.0,1.0,1.0,1.0,0.5,4,8,4
459,0.6666666666666666,0.3333333333333333,0.6666666666666666,0.75,1.0,0.5,4,8,4
460,1.0,0.2857142857142857,0.6428571428571428,0.5,1.0,1.0,8,8,8
461,0.7692307692307693,0.0,0.5,0.4,1.0,0.625,5,8,5
462,0.6666666666666666,0.0,0.5,0.5,1.0,0.5,4,8,4
463,0.5454545454545454,-1.0,0.0,0.3333333333333333,1.0,0.375,3,8,3
464,0.5454545454545454,1.0,1.0,1.0,1.0,0.375,3,8,3
465,0.7692307692307693,1.0,1.0,1.0,1.0,0.625,5,8,5
466,0.6666666666666666,0.0,0.5,0.5,1.0,0.5,4,8,4
467,0.7142857142857143,1.0,1.0,1.0,1.0,0.5555555555555556,5,9,5
468,0.6666666666666666,0.0,0.5,0.5,1.0,0.5,4,8,4
469,0.9333333333333333,0.3333333333333333,0.6666666666666666,0.7142857142857143,1.0,0.875,7,8,7
470,0.6666666666666666,-0.3333333333333333,0.33333333333333337,0.5,1.0,0.5,4,8,4
471,0.6666666666666666,0.6666666666666666,0.8333333333333333,0.75,1.0,0.5,4,8,4
472,0.5714285714285715,1.0,1.0,1.0,1.0,0.4,4,10,4
473,0.5714285714285715,-0.3333333333333333,0.33333333333333337,0.5,1.0,0.4,4,10,4
474,0.6666666666666666,-0.3333333333333333,0.33333333333333337,0.5,1.0,0.5,4,8,4
475,0.5714285714285715,1.0,1.0,1.0,1.0,0.4,4,10,4
476,0.6153846153846153,1.0,1.0,1.0,1.0,0.4444444444444444,4,9,4
477,0.7272727272727273,0.3333333333333333,0.6666666666666666,0.75,1.0,0.5714285714285714,4,7,4
478,0.8235294117647058,0.047619047619047616,0.5238095238095238,0.5714285714285714,1.0,0.7,7,10,7
479,0.7692307692307693,0.0,0.5,0.6,1.0,0.625,5,8,5
480,0.6666666666666666,0.3333333333333333,0.6666666666666666,0.75,1.0,0.5,4,8,4
481,0.7692307692307693,0.2,0.6,0.8,1.0,0.625,5,8,5
482,0.6666666666666666,0.6666666666666666,0.8333333333333333,0.75,1.0,0.5,4,8,4
483,0.5,-0.3333333333333333,0.33333333333333337,0.6666666666666666,1.0,0.3333333333333333,3,9,3
484,0.7692307692307693,0.6,0.8,0.8,1.0,0.625,5,8,5
485,0.6666666666666666,0.6666666666666666,0.8333333333333333,0.75,1.0,0.5,4,8,4
486,0.6666666666666666,0.6666666666666666,0.8333333333333333,0.75,1.0,0.5,4,8,4
487,0.6666666666666666,0.0,0.5,0.5,1.0,0.5,4,8,4
488,0.6666666666666666,-0.6666666666666666,0.16666666666666669,0.5,1.0,0.5,4,8,4
489,0.6666666666666666,1.0,1.0,1.0,1.0,0.5,4,8,4
490,0.7692307692307693,-0.2,0.4,0.6,1.0,0.625,5,8,5
491,0.5454545454545454,1.0,1.0,1.0,1.0,0.375,3,8,3
492,0.6666666666666666,1.0,1.0,1.0,1.0,0.5,4,8,4
493,0.8571428571428571,0.06666666666666667,0.5333333333333333,0.5,1.0,0.75,6,8,6
494,0.6666666666666666,0.0,0.5,0.75,1.0,0.5,4,8,4
495,0.5454545454545454,1.0,1.0,1.0,1.0,0.375,3,8,3
496,0.5454545454545454,0.3333333333333333,0.6666666666666666,0.6666666666666666,1.0,0.375,3,8,3
497,0.7142857142857143,0.4,0.7,0.8,1.0,0.5555555555555556,5,9,5
498,0.6153846153846153,0.6666666666666666,0.8333333333333333,0.75,1.0,0.4444444444444444,4,9,4
499,0.7272727272727273,0.6666666666666666,0.8333333333333333,0.75,1.0,0.5714285714285714,4,7,4
500,0.6666666666666666,0.0,0.5,0.5,1.0,0.5,4,8,4
501,0.6153846153846153,0.3333333333333333,0.6666666666666666,0.75,1.0,0.4444444444444444,4,9,4
502,0.5454545454545454,1.0,1.0,1.0,1.0,0.375,3,8,3
503,0.5454545454545454,0.3333333333333333,0.6666666666666666,0.6666666666666666,1.0,0.375,3,8,3
504,0.5714285714285715,-0.3333333333333333,0.33333333333333337,0.5,1.0,0.4,4,10,4
505,0.5454545454545454,-0.3333333333333333,0.33333333333333337,0.6666666666666666,1.0,0.375,3,8,3
506,0.6666666666666666,0.0,0.5,0.75,1.0,0.5,4,8,4
507,0.6666666666666666,0.3333333333333333,0.6666666666666666,0.75,1.0,0.5,4,8,4
508,0.6666666666666666,0.0,0.5,0.5,1.0,0.5,4,8,4
509,0.5454545454545454,0.3333333333333333,0.6666666666666666,0.6666666666666666,1.0,0.375,3,8,3
510,0.6666666666666666,0.0,0.5,0.5,1.0,0.5,4,8,4
511,0.7142857142857143,0.2,0.6,0.6,1.0,0.5555555555555556,5,9,5
512,0.6666666666666666,0.6,0.8,0.8,1.0,0.5,5,10,5
513,0.6666666666666666,0.0,0.5,0.5,1.0,0.5,4,8,4
514,0.7692307692307693,-0.2,0.4,0.4,1.0,0.625,5,8,5
515,0.6666666666666666,0.0,0.5,0.5,1.0,0.5,4,8,4
516,0.6666666666666666,-0.3333333333333333,0.33333333333333337,0.5,1.0,0.5,4,8,4
517,0.6153846153846153,0.6666666666666666,0.8333333333333333,0.75,1.0,0.4444444444444444,4,9,4
518,0.5454545454545454,1.0,1.0,1.0,1.0,0.375,3,8,3
519,0.5454545454545454,-1.0,0.0,0.3333333333333333,1.0,0.375,3,8,3
520,0.6666666666666666,0.0,0.5,0.5,1.0,0.5,4,8,4
521,0.5454545454545454,0.3333333333333333,0.6666666666666666,0.6666666666666666,1.0,0.375,3,8,3
522,0.6153846153846153,0.6666666666666666,0.8333333333333333,0.75,1.0,0.4444444444444444,4,9,4
523,0.5454545454545454,-0.3333333333333333,0.33333333333333337,0.6666666666666666,1.0,0.375,3,8,3
524,0.6153846153846153,0.6666666666666666,0.8333333333333333,0.75,1.0,0.4444444444444444,4,9,4
525,0.6666666666666666,0.6666666666666666,0.8333333333333333,0.75,1.0,0.5,4,8,4
526,0.6666666666666666,0.6666666666666666,0.8333333333333333,0.75,1.0,0.5,4,8,4
527,0.5454545454545454,-1.0,0.0,0.3333333333333333,1.0,0.375,3,8,3
528,0.6666666666666666,1.0,1.0,1.0,1.0,0.5,4,8,4
529,0.5454545454545454,-0.3333333333333333,0.33333333333333337,0.6666666666666666,1.0,0.375,3,8,3
530,0.5454545454545454,1.0,1.0,1.0,1.0,0.375,3,8,3
531,0.5,1.0,1.0,1.0,1.0,0.3333333333333333,3,9,3
532,0.7692307692307693,1.0,1.0,1.0,1.0,0.625,5,8,5
533,0.6666666666666666,0.0,0.5,0.5,1.0,0.5,4,8,4
534,0.6666666666666666,0.3333333333333333,0.6666666666666666,0.75,1.0,0.5,4,8,4
535,0.6666666666666666,0.6666666666666666,0.8333333333333333,0.75,1.0,0.5,4,8,4
536,0.7142857142857143,0.8,0.9,0.8,1.0,0.5555555555555556,5,9,5
537,0.7692307692307693,0.4,0.7,0.6,1.0,0.625,5,8,5
538,0.7142857142857143,0.8,0.9,0.8,1.0,0.5555555555555556,5,9,5
539,0.5,-0.3333333333333333,0.33333333333333337,0.6666666666666666,1.0,0.3333333333333333,3,9,3
540,0.5,1.0,1.0,1.0,1.0,0.3333333333333333,3,9,3
541,0.5,1.0,1.0,1.0,1.0,0.3333333333333333,3,9,3
542,0.5454545454545454,1.0,1.0,1.0,1.0,0.375,3,8,3
543,0.6666666666666666,-0.6666666666666666,0.16666666666666669,0.5,1.0,0.5,4,8,4
544,0.5454545454545454,1.0,1.0,1.0,1.0,0.375,3,8,3
545,0.6666666666666666,-0.3333333333333333,0.33333333333333337,0.5,1.0,0.5,4,8,4
546,0.5,-1.0,0.0,0.3333333333333333,1.0,0.3333333333333333,3,9,3
547,0.5714285714285715,0.3333333333333333,0.6666666666666666,0.75,1.0,0.4,4,10,4
548,0.7692307692307693,0.2,0.6,0.6,1.0,0.625,5,8,5
549,0.6666666666666666,0.6666666666666666,0.8333333333333333,0.75,1.0,0.5,4,8,4
550,0.7692307692307693,0.0,0.5,0.6,1.0,0.625,5,8,5
551,0.5454545454545454,1.0,1.0,1.0,1.0,0.375,3,8,3
552,0.6153846153846153,0.3333333333333333,0.6666666666666666,0.75,1.0,0.4444444444444444,4,9,4
553,0.5454545454545454,0.3333333333333333,0.6666666666666666,0.6666666666666666,1.0,0.375,3,8,3
554,0.6666666666666666,-0.3333333333333333,0.33333333333333337,0.5,1.0,0.5,4,8,4
555,0.6666666666666666,-0.3333333333333333,0.33333333333333337,0.5,1.0,0.5,4,8,4
556,0.5454545454545454,1.0,1.0,1.0,1.0,0.375,3,8,3
557,0.6666666666666666,0.3333333333333333,0.6666666666666666,0.75,1.0,0.5,4,8,4
558,0.6153846153846153,0.3333333333333333,0.6666666666666666,0.75,1.0,0.4444444444444444,4,9,4
559,0.5454545454545454,-0.3333333333333333,0.33333333333333337,0.6666666666666666,1.0,0.375,3,8,3
560,0.6666666666666666,0.0,0.5,0.5,1.0,0.5,4,8,4
561,0.6666666666666666,0.6666666666666666,0.8333333333333333,0.75,1.0,0.5,4,8,4
562,0.6666666666666666,0.3333333333333333,0.6666666666666666,0.75,1.0,0.5,4,8,4
563,0.5,1.0,1.0,1.0,1.0,0.3333333333333333,3,9,3
564,0.6666666666666666,-1.0,0.0,0.25,1.0,0.5,4,8,4
565,0.5,0.6666666666666666,0.8333333333333333,0.75,1.0,0.3333333333333333,4,12,4
566,0.6666666666666666,0.3333333333333333,0.6666666666666666,0.75,1.0,0.5,4,8,4
567,0.6666666666666666,0.0,0.5,0.5,1.0,0.5,4,8,4
568,0.5454545454545454,0.3333333333333333,0.6666666666666666,0.6666666666666666,1.0,0.375,3,8,3
569,0.6153846153846153,0.3333333333333333,0.6666666666666666,0.75,1.0,0.4444444444444444,4,9,4
570,0.6666666666666666,-0.3333333333333333,0.33333333333333337,0.5,1.0,0.5,4,8,4
571,0.5454545454545454,0.3333333333333333,0.6666666666666666,0.6666666666666666,1.0,0.375,3,8,3
572,0.4615384615384615,-0.3333333333333333,0.33333333333333337,0.6666666666666666,1.0,0.3,3,10,3
573,0.7692307692307693,0.0,0.5,0.6,1.0,0.625,5,8,5
574,0.5454545454545454,1.0,1.0,1.0,1.0,0.375,3,8,3
575,0.6666666666666666,-1.0,0.0,0.25,1.0,0.5,4,8,4
576,0.5,0.3333333333333333,0.6666666666666666,0.6666666666666666,1.0,0.3333333333333333,3,9,3
577,0.5454545454545454,0.3333333333333333,0.6666666666666666,0.6666666666666666,1.0,0.375,3,8,3
578,0.6153846153846153,1.0,1.0,1.0,1.0,0.4444444444444444,4,9,4
579,0.6666666666666666,0.0,0.5,0.75,1.0,0.5,4,8,4
580,0.5,0.3333333333333333,0.6666666666666666,0.6666666666666666,1.0,0.3333333333333333,3,9,3
581,0.6666666666666666,0.0,0.5,0.75,1.0,0.5,4,8,4
582,0.5454545454545454,0.3333333333333333,0.6666666666666666,0.6666666666666666,1.0,0.375,3,8,3
583,0.6153846153846153,0.6666666666666666,0.8333333333333333,0.75,1.0,0.4444444444444444,4,9,4
584,0.7142857142857143,0.4,0.7,0.6,1.0,0.5555555555555556,5,9,5
585,0.8,-0.06666666666666667,0.4666666666666667,0.5,1.0,0.6666666666666666,6,9,6
586,0.5454545454545454,1.0,1.0,1.0,1.0,0.375,3,8,3
587,0.6666666666666666,-0.3333333333333333,0.33333333333333337,0.5,1.0,0.5,4,8,4
588,0.8571428571428571,0.06666666666666667,0.5333333333333333,0.5,1.0,0.75,6,8,6
589,0.6666666666666666,0.3333333333333333,0.6666666666666666,0.75,1.0,0.5,4,8,4
590,0.6666666666666666,0.0,0.5,0.5,1.0,0.5,4,8,4
591,0.6666666666666666,-0.6666666666666666,0.16666666666666669,0.5,1.0,0.5,4,8,4
592,0.7692307692307693,0.0,0.5,0.6,1.0,0.625,5,8,5
593,0.6666666666666666,1.0,1.0,1.0,1.0,0.5,4,8,4
594,0.5454545454545454,0.3333333333333333,0.6666666666666666,0.6666666666666666,1.0,0.375,3,8,3
595,0.6666666666666666,0.0,0.5,0.75,1.0,0.5,4,8,4
596,0.5454545454545454,-0.3333333333333333,0.33333333333333337,0.6666666666666666,1.0,0.375,3,8,3
597,0.5454545454545454,1.0,1.0,1.0,1.0,0.375,3,8,3
598,0.6153846153846153,-0.3333333333333333,0.33333333333333337,0.5,1.0,0.4444444444444444,4,9,4
599,0.6153846153846153,1.0,1.0,1.0,1.0,0.4444444444444444,4,9,4
600,0.7692307692307693,-0.4,0.3,0.4,1.0,0.625,5,8,5
601,0.6153846153846153,0.0,0.5,0.5,1.0,0.4444444444444444,4,9,4
602,0.6666666666666666,-0.3333333333333333,0.33333333333333337,0.5,1.0,0.5,4,8,4
603,0.6153846153846153,0.3333333333333333,0.6666666666666666,0.75,1.0,0.4444444444444444,4,9,4
604,0.7692307692307693,-0.2,0.4,0.6,1.0,0.625,5,8,5
605,0.6666666666666666,0.6666666666666666,0.8333333333333333,0.75,1.0,0.5,4,8,4
606,0.7692307692307693,0.8,0.9,0.8,1.0,0.625,5,8,5
607,0.8571428571428571,0.4666666666666667,0.7333333333333334,0.5,1.0,0.75,6,8,6
608,0.6,-1.0,0.0,0.3333333333333333,1.0,0.42857142857142855,3,7,3
609,0.5454545454545454,1.0,1.0,1.0,1.0,0.375,3,8,3
610,0.4615384615384615,-0.3333333333333333,0.33333333333333337,0.6666666666666666,1.0,0.3,3,10,3
611,0.5454545454545454,0.3333333333333333,0.6666666666666666,0.6666666666666666,1.0,0.375,3,8,3
612,0.6666666666666666,0.3333333333333333,0.6666666666666666,0.75,1.0,0.5,4,8,4
613,0.6666666666666666,0.6666666666666666,0.8333333333333333,0.75,1.0,0.5,4,8,4
614,0.5714285714285715,0.3333333333333333,0.6666666666666666,0.75,1.0,0.4,4,10,4
615,1.0,0.2857142857142857,0.6428571428571428,0.5,1.0,1.0,8,8,8
616,0.7142857142857143,0.4,0.7,0.8,1.0,0.5555555555555556,5,9,5
617,0.7692307692307693,-0.2,0.4,0.4,1.0,0.625,5,8,5
618,0.8571428571428571,0.2,0.6,0.5,1.0,0.75,6,8,6
619,0.5,-1.0,0.0,0.3333333333333333,1.0,0.3333333333333333,3,9,3
620,0.6666666666666666,-0.3333333333333333,0.33333333333333337,0.5,1.0,0.5,4,8,4
621,0.5454545454545454,0.3333333333333333,0.6666666666666666,0.6666666666666666,1.0,0.375,3,8,3
622,0.6666666666666666,0.3333333333333333,0.6666666666666666,0.5,1.0,0.5,4,8,4
623,0.5454545454545454,-0.3333333333333333,0.33333333333333337,0.6666666666666666,1.0,0.375,3,8,3
624,0.5714285714285715,0.3333333333333333,0.6666666666666666,0.75,1.0,0.4,4,10,4
625,0.6666666666666666,0.3333333333333333,0.6666666666666666,0.75,1.0,0.5,4,8,4
626,0.5714285714285715,0.0,0.5,0.5,1.0,0.4,4,10,4
627,0.5454545454545454,-1.0,0.0,0.3333333333333333,1.0,0.375,3,8,3
628,0.6666666666666666,0.0,0.5,0.5,1.0,0.5,4,8,4
629,0.6666666666666666,0.0,0.5,0.75,1.0,0.5,4,8,4
630,0.6666666666666666,0.3333333333333333,0.6666666666666666,0.75,1.0,0.5,4,8,4
631,0.6666666666666666,0.3333333333333333,0.6666666666666666,0.75,1.0,0.5,4,8,4
632,0.6666666666666666,0.6666666666666666,0.8333333333333333,0.75,1.0,0.5,4,8,4
633,0.7692307692307693,0.4,0.7,0.6,1.0,0.625,5,8,5
634,0.5454545454545454,-0.3333333333333333,0.33333333333333337,0.6666666666666666,1.0,0.375,3,8,3
635,0.7692307692307693,-0.2,0.4,0.4,1.0,0.625,5,8,5
636,0.6666666666666666,-0.3333333333333333,0.33333333333333337,0.5,1.0,0.5,4,8,4
637,0.7692307692307693,0.6,0.8,0.8,1.0,0.625,5,8,5
638,0.5454545454545454,-0.3333333333333333,0.33333333333333337,0.6666666666666666,1.0,0.375,3,8,3
639,0.5454545454545454,-0.3333333333333333,0.33333333333333337,0.6666666666666666,1.0,0.375,3,8,3
640,0.5,-0.3333333333333333,0.33333333333333337,0.5,1.0,0.3333333333333333,4,12,4
641,0.7692307692307693,0.4,0.7,0.6,1.0,0.625,5,8,5
642,0.5,0.3333333333333333,0.6666666666666666,0.6666666666666666,1.0,0.3333333333333333,3,9,3
643,0.6153846153846153,0.6666666666666666,0.8333333333333333,0.75,1.0,0.4444444444444444,4,9,4
644,0.5454545454545454,1.0,1.0,1.0,1.0,0.375,3,8,3
645,0.5454545454545454,-0.3333333333333333,0.33333333333333337,0.6666666666666666,1.0,0.375,3,8,3
646,0.7272727272727273,-0.6666666666666666,0.16666666666666669,0.5,1.0,0.5714285714285714,4,7,4
647,0.7692307692307693,-0.6,0.2,0.4,1.0,0.625,5,8,5
648,0.6666666666666666,0.0,0.5,0.75,1.0,0.5,4,8,4
649,0.5,1.0,1.0,1.0,1.0,0.3333333333333333,3,9,3
650,0.5454545454545454,0.3333333333333333,0.6666666666666666,0.6666666666666666,1.0,0.375,3,8,3
651,0.5,-0.3333333333333333,0.33333333333333337,0.6666666666666666,1.0,0.3333333333333333,3,9,3
652,0.5454545454545454,-0.3333333333333333,0.33333333333333337,0.6666666666666666,1.0,0.375,3,8,3
653,0.6666666666666666,0.0,0.5,0.5,1.0,0.5,4,8,4
654,0.5454545454545454,1.0,1.0,1.0,1.0,0.375,3,8,3
655,0.6666666666666666,0.6666666666666666,0.8333333333333333,0.75,1.0,0.5,4,8,4
656,0.5454545454545454,0.3333333333333333,0.6666666666666666,0.6666666666666666,1.0,0.375,3,8,3
657,0.7692307692307693,0.2,0.6,0.6,1.0,0.625,5,8,5
658,0.6666666666666666,0.0,0.5,0.5,1.0,0.5,4,8,4
659,0.5,-0.3333333333333333,0.33333333333333337,0.6666666666666666,1.0,0.3333333333333333,3,9,3
660,0.6666666666666666,0.0,0.5,0.75,1.0,0.5,4,8,4
661,0.6153846153846153,-0.6666666666666666,0.16666666666666669,0.5,1.0,0.4444444444444444,4,9,4
662,0.6666666666666666,0.0,0.5,0.75,1.0,0.5,4,8,4
663,0.5454545454545454,0.3333333333333333,0.6666666666666666,0.6666666666666666,1.0,0.375,3,8,3
664,0.5454545454545454,-0.3333333333333333,0.33333333333333337,0.6666666666666666,1.0,0.375,3,8,3
665,0.6666666666666666,0.3333333333333333,0.6666666666666666,0.5,1.0,0.5,4,8,4
666,0.5454545454545454,0.3333333333333333,0.6666666666666666,0.6666666666666666,1.0,0.375,3,8,3
667,0.6666666666666666,0.6666666666666666,0.8333333333333333,0.75,1.0,0.5,4,8,4
668,0.6153846153846153,0.3333333333333333,0.6666666666666666,0.75,1.0,0.4444444444444444,4,9,4
669,0.5454545454545454,0.3333333333333333,0.6666666666666666,0.6666666666666666,1.0,0.375,3,8,3
670,0.5454545454545454,0.3333333333333333,0.6666666666666666,0.6666666666666666,1.0,0.375,3,8,3
671,0.6666666666666666,-0.3333333333333333,0.33333333333333337,0.5,1.0,0.5,4,8,4
672,0.6666666666666666,0.3333333333333333,0.6666666666666666,0.75,1.0,0.5,4,8,4
673,0.5454545454545454,1.0,1.0,1.0,1.0,0.375,3,8,3
674,0.6666666666666666,0.0,0.5,0.5,1.0,0.5,4,8,4
675,0.8,0.3333333333333333,0.6666666666666666,0.6666666666666666,1.0,0.6666666666666666,6,9,6
676,0.6666666666666666,1.0,1.0,1.0,1.0,0.5,4,8,4
677,0.6153846153846153,0.3333333333333333,0.6666666666666666,0.5,1.0,0.4444444444444444,4,9,4
678,0.5714285714285715,0.6666666666666666,0.8333333333333333,0.75,1.0,0.4,4,10,4
679,0.6666666666666666,0.2,0.6,0.6,1.0,0.5,5,10,5
680,0.6666666666666666,1.0,1.0,1.0,1.0,0.5,4,8,4
681,0.5333333333333333,-0.3333333333333333,0.33333333333333337,0.5,1.0,0.36363636363636365,4,11,4
682,0.4615384615384615,-0.3333333333333333,0.33333333333333337,0.6666666666666666,1.0,0.3,3,10,3
683,0.6153846153846153,0.6666666666666666,0.8333333333333333,0.75,1.0,0.4444444444444444,4,9,4
684,0.7142857142857143,0.4,0.7,0.8,1.0,0.5555555555555556,5,9,5
685,0.6666666666666666,0.0,0.5,0.75,1.0,0.5,4,8,4
686,0.8,0.4666666666666667,0.7333333333333334,0.6666666666666666,1.0,0.6666666666666666,6,9,6
687,0.6666666666666666,0.6666666666666666,0.8333333333333333,0.75,1.0,0.5,4,8,4
688,0.5454545454545454,1.0,1.0,1.0,1.0,0.375,3,8,3
689,0.6666666666666666,0.0,0.5,0.75,1.0,0.5,4,8,4
690,0.5454545454545454,0.3333333333333333,0.6666666666666666,0.6666666666666666,1.0,0.375,3,8,3
691,0.6153846153846153,0.3333333333333333,0.6666666666666666,0.75,1.0,0.4444444444444444,4,9,4
692,0.6153846153846153,0.3333333333333333,0.6666666666666666,0.75,1.0,0.4444444444444444,4,9,4
693,0.8571428571428571,0.06666666666666667,0.5333333333333333,0.5,1.0,0.75,6,8,6
694,0.6666666666666666,-0.6666666666666666,0.16666666666666669,0.5,1.0,0.5,4,8,4
695,0.6666666666666666,-0.6666666666666666,0.16666666666666669,0.5,1.0,0.5,4,8,4
696,0.6666666666666666,0.6666666666666666,0.8333333333333333,0.75,1.0,0.5,4,8,4
697,0.7142857142857143,0.6,0.8,0.8,1.0,0.5555555555555556,5,9,5
698,0.5454545454545454,0.3333333333333333,0.6666666666666666,0.6666666666666666,1.0,0.375,3,8,3
699,0.5454545454545454,-1.0,0.0,0.3333333333333333,1.0,0.375,3,8,3
700,0.5,-0.3333333333333333,0.33333333333333337,0.6666666666666666,1.0,0.3333333333333333,3,9,3
701,0.6153846153846153,1.0,1.0,1.0,1.0,0.4444444444444444,4,9,4
702,0.8571428571428571,-0.3333333333333333,0.33333333333333337,0.3333333333333333,1.0,0.75,6,8,6
703,0.4615384615384615,-1.0,0.0,0.3333333333333333,1.0,0.3,3,10,3
704,0.6666666666666666,-0.3333333333333333,0.33333333333333337,0.5,1.0,0.5,4,8,4
705,0.6666666666666666,-0.3333333333333333,0.33333333333333337,0.5,1.0,0.5,4,8,4
706,0.5454545454545454,0.3333333333333333,0.6666666666666666,0.6666666666666666,1.0,0.375,3,8,3
707,0.5454545454545454,1.0,1.0,1.0,1.0,0.375,3,8,3
708,0.5454545454545454,1.0,1.0,1.0,1.0,0.375,3,8,3
709,0.5454545454545454,-0.3333333333333333,0.33333333333333337,0.6666666666666666,1.0,0.375,3,8,3
710,0.7142857142857143,0.2,0.6,0.8,1.0,0.5555555555555556,5,9,5
711,0.6153846153846153,0.0,0.5,0.5,1.0,0.4444444444444444,4,9,4
712,0.7692307692307693,0.4,0.7,0.6,1.0,0.625,5,8,5
713,0.6666666666666666,0.6666666666666666,0.8333333333333333,0.75,1.0,0.5,4,8,4
714,0.6153846153846153,0.6666666666666666,0.8333333333333333,0.75,1.0,0.4444444444444444,4,9,4
715,0.7692307692307693,0.4,0.7,0.6,1.0,0.625,5,8,5
716,0.6153846153846153,0.6666666666666666,0.8333333333333333,0.75,1.0,0.4444444444444444,4,9,4
717,0.6153846153846153,0.3333333333333333,0.6666666666666666,0.5,1.0,0.4444444444444444,4,9,4
718,0.6666666666666666,0.3333333333333333,0.6666666666666666,0.75,1.0,0.5,4,8,4
719,0.6666666666666666,0.3333333333333333,0.6666666666666666,0.5,1.0,0.5,4,8,4
720,0.6666666666666666,0.0,0.5,0.75,1.0,0.5,4,8,4
721,0.5454545454545454,1.0,1.0,1.0,1.0,0.375,3,8,3
722,0.5454545454545454,1.0,1.0,1.0,1.0,0.375,3,8,3
723,0.7692307692307693,0.4,0.7,0.8,1.0,0.625,5,8,5
724,0.5454545454545454,0.3333333333333333,0.6666666666666666,0.6666666666666666,1.0,0.375,3,8,3
725,0.6666666666666666,1.0,1.0,1.0,1.0,0.5,4,8,4
726,0.4615384615384615,1.0,1.0,1.0,1.0,0.3,3,10,3
727,0.6666666666666666,-0.3333333333333333,0.33333333333333337,0.5,1.0,0.5,4,8,4
728,0.6153846153846153,0.0,0.5,0.75,1.0,0.4444444444444444,4,9,4
729,0.8235294117647058,0.42857142857142855,0.7142857142857143,0.5714285714285714,1.0,0.7,7,10,7
730,0.6666666666666666,0.3333333333333333,0.6666666666666666,0.5,1.0,0.5,4,8,4
731,0.5,1.0,1.0,1.0,1.0,0.3333333333333333,3,9,3
732,0.7692307692307693,0.0,0.5,0.6,1.0,0.625,5,8,5
733,0.6666666666666666,0.2,0.6,0.6,1.0,0.5,5,10,5
734,0.6153846153846153,0.3333333333333333,0.6666666666666666,0.75,1.0,0.4444444444444444,4,9,4
735,0.625,-0.2,0.4,0.6,1.0,0.45454545454545453,5,11,5
736,0.7692307692307693,-0.2,0.4,0.6,1.0,0.625,5,8,5
737,0.5,0.6666666666666666,0.8333333333333333,0.75,1.0,0.3333333333333333,4,12,4
738,0.7692307692307693,0.6,0.8,0.6,1.0,0.625,5,8,5
739,0.6666666666666666,0.0,0.5,0.5,1.0,0.5,4,8,4
740,0.7142857142857143,1.0,1.0,1.0,1.0,0.5555555555555556,5,9,5
741,0.5454545454545454,-0.3333333333333333,0.33333333333333337,0.6666666666666666,1.0,0.375,3,8,3
742,0.5454545454545454,0.3333333333333333,0.6666666666666666,0.6666666666666666,1.0,0.375,3,8,3
743,0.8,0.4666666666666667,0.7333333333333334,0.6666666666666666,1.0,0.6666666666666666,6,9,6
744,0.7692307692307693,0.2,0.6,0.6,1.0,0.625,5,8,5
745,0.5454545454545454,1.0,1.0,1.0,1.0,0.375,3,8,3
746,0.5454545454545454,-0.3333333333333333,0.33333333333333337,0.6666666666666666,1.0,0.375,3,8,3
747,0.7692307692307693,0.6,0.8,0.8,1.0,0.625,5,8,5
748,0.6153846153846153,0.3333333333333333,0.6666666666666666,0.75,1.0,0.4444444444444444,4,9,4
749,0.6666666666666666,1.0,1.0,1.0,1.0,0.5,4,8,4
750,0.6666666666666666,1.0,1.0,1.0,1.0,0.5,4,8,4
751,0.5454545454545454,1.0,1.0,1.0,1.0,0.375,3,8,3
752,0.6666666666666666,0.0,0.5,0.75,1.0,0.5,4,8,4
753,0.6666666666666666,0.0,0.5,0.5,1.0,0.5,4,8,4
754,0.8,0.3333333333333333,0.6666666666666666,0.6666666666666666,1.0,0.6666666666666666,6,9,6
755,0.42857142857142855,1.0,1.0,1.0,1.0,0.2727272727272727,3,11,3
756,0.5,1.0,1.0,1.0,1.0,0.3333333333333333,3,9,3
757,0.6666666666666666,0.3333333333333333,0.6666666666666666,0.75,1.0,0.5,4,8,4
758,0.5714285714285715,0.3333333333333333,0.6666666666666666,0.75,1.0,0.4,4,10,4
759,0.7692307692307693,-0.4,0.3,0.4,1.0,0.625,5,8,5
760,0.6666666666666666,0.3333333333333333,0.6666666666666666,0.75,1.0,0.5,4,8,4
761,0.6666666666666666,-0.3333333333333333,0.33333333333333337,0.5,1.0,0.5,4,8,4
762,0.9333333333333333,0.42857142857142855,0.7142857142857143,0.7142857142857143,1.0,0.875,7,8,7
763,0.5,1.0,1.0,1.0,1.0,0.3333333333333333,3,9,3
764,0.6666666666666666,0.3333333333333333,0.6666666666666666,0.75,1.0,0.5,4,8,4
765,0.631578947368421,-0.06666666666666667,0.4666666666666667,0.6666666666666666,1.0,0.46153846153846156,6,13,6
766,0.7058823529411764,0.6,0.8,0.8333333333333334,1.0,0.5454545454545454,6,11,6
767,0.625,0.4,0.7,0.6,1.0,0.45454545454545453,5,11,5
768,0.7142857142857143,-0.2,0.4,0.6,1.0,0.5555555555555556,5,9,5
769,0.5555555555555556,0.0,0.5,0.6,1.0,0.38461538461538464,5,13,5
770,0.4347826086956522,0.6,0.8,0.8,1.0,0.2777777777777778,5,18,5
771,0.4,0.6666666666666666,0.8333333333333333,0.75,1.0,0.25,4,16,4
772,0.631578947368421,-0.3333333333333333,0.33333333333333337,0.3333333333333333,1.0,0.46153846153846156,6,13,6
773,0.5555555555555556,-0.2,0.4,0.4,1.0,0.38461538461538464,5,13,5
774,0.5555555555555556,0.2,0.6,0.6,1.0,0.38461538461538464,5,13,5
775,0.47058823529411764,0.0,0.5,0.75,1.0,0.3076923076923077,4,13,4
776,0.7499999999999999,0.06666666666666667,0.5333333333333333,0.5,0.6,1.0,10,6,6
777,0.4615384615384615,1.0,1.0,1.0,1.0,0.3,3,10,3
778,0.631578947368421,-0.06666666666666667,0.4666666666666667,0.5,1.0,0.46153846153846156,6,13,6
779,0.631578947368421,-0.2,0.4,0.3333333333333333,1.0,0.46153846153846156,6,13,6
780,0.631578947368421,-0.06666666666666667,0.4666666666666667,0.5,1.0,0.46153846153846156,6,13,6
781,0.7142857142857143,0.6,0.8,0.8,1.0,0.5555555555555556,5,9,5
782,0.8333333333333333,0.4,0.7,0.6,1.0,0.7142857142857143,5,7,5
783,0.6363636363636364,0.23809523809523808,0.6190476190476191,0.5714285714285714,1.0,0.4666666666666667,7,15,7
784,0.5,0.3333333333333333,0.6666666666666666,0.75,1.0,0.3333333333333333,4,12,4
785,0.45714285714285713,-0.21428571428571427,0.39285714285714285,0.5,1.0,0.2962962962962963,8,27,8
786,0.5714285714285715,0.3333333333333333,0.6666666666666666,0.75,1.0,0.4,4,10,4
787,0.4210526315789474,-0.6666666666666666,0.16666666666666669,0.5,1.0,0.26666666666666666,4,15,4
788,0.5333333333333333,0.6666666666666666,0.8333333333333333,0.75,1.0,0.36363636363636365,4,11,4
789,0.5714285714285715,-0.3333333333333333,0.33333333333333337,0.5,1.0,0.4,4,10,4
790,0.4347826086956522,-0.6,0.2,0.4,1.0,0.2777777777777778,5,18,5
791,0.4210526315789474,1.0,1.0,1.0,1.0,0.26666666666666666,4,15,4
792,0.5,0.0,0.5,0.75,1.0,0.3333333333333333,4,12,4
793,0.5555555555555556,0.0,0.5,0.6,1.0,0.38461538461538464,5,13,5
794,0.4347826086956522,0.6,0.8,0.8,1.0,0.2777777777777778,5,18,5
795,0.47619047619047616,0.2,0.6,0.6,1.0,0.3125,5,16,5
796,0.6666666666666666,0.0,0.5,0.75,1.0,0.5,4,8,4
797,0.7000000000000001,-0.14285714285714285,0.4285714285714286,0.5714285714285714,1.0,0.5384615384615384,7,13,7
798,0.6086956521739131,0.6190476190476191,0.8095238095238095,0.7142857142857143,1.0,0.4375,7,16,7
799,0.45161290322580644,0.14285714285714285,0.5714285714285714,0.7142857142857143,1.0,0.2916666666666667,7,24,7
800,0.7368421052631579,-0.23809523809523808,0.38095238095238093,0.42857142857142855,1.0,0.5833333333333334,7,12,7
801,0.6666666666666666,0.2857142857142857,0.6428571428571428,0.625,1.0,0.5,8,16,8
802,0.5,-0.2,0.4,0.6,1.0,0.3333333333333333,5,15,5
803,0.5925925925925926,0.35714285714285715,0.6785714285714286,0.5,1.0,0.42105263157894735,8,19,8
804,0.7058823529411764,0.06666666666666667,0.5333333333333333,0.5,1.0,0.5454545454545454,6,11,6
805,0.631578947368421,0.2,0.6,0.6666666666666666,1.0,0.46153846153846156,6,13,6
806,0.4,0.6666666666666666,0.8333333333333333,0.75,1.0,0.25,4,16,4
807,0.7142857142857143,0.2,0.6,0.6,1.0,0.5555555555555556,5,9,5
808,0.7272727272727273,-0.07142857142857142,0.4642857142857143,0.5,1.0,0.5714285714285714,8,14,8
809,0.5454545454545454,0.3333333333333333,0.6666666666666666,0.8333333333333334,1.0,0.375,6,16,6
810,0.4166666666666667,0.6,0.8,0.8,1.0,0.2631578947368421,5,19,5
811,0.8,0.2,0.6,0.6666666666666666,1.0,0.6666666666666666,6,9,6
812,0.6399999999999999,0.14285714285714285,0.5714285714285714,0.375,1.0,0.47058823529411764,8,17,8
813,0.9565217391304348,0.41818181818181815,0.7090909090909091,0.7272727272727273,1.0,0.9166666666666666,11,12,11
814,0.4347826086956522,0.4,0.7,0.6,1.0,0.2777777777777778,5,18,5
815,0.47058823529411764,0.3333333333333333,0.6666666666666666,0.75,1.0,0.3076923076923077,4,13,4
816,0.5,0.06666666666666667,0.5333333333333333,0.5,1.0,0.3333333333333333,6,18,6
817,0.5555555555555556,1.0,1.0,1.0,1.0,0.38461538461538464,5,13,5
818,0.5217391304347826,0.2,0.6,0.5,1.0,0.35294117647058826,6,17,6
819,0.7000000000000001,0.047619047619047616,0.5238095238095238,0.42857142857142855,1.0,0.5384615384615384,7,13,7
820,0.6666666666666666,0.7142857142857143,0.8571428571428572,0.7142857142857143,1.0,0.5,7,14,7
821,0.7368421052631579,0.8095238095238095,0.9047619047619048,0.7142857142857143,1.0,0.5833333333333334,7,12,7
822,0.5882352941176471,0.2,0.6,0.6,1.0,0.4166666666666667,10,24,10
823,0.5,0.0,0.5,0.6,1.0,0.3333333333333333,5,15,5
824,0.7777777777777778,-0.3333333333333333,0.33333333333333337,0.42857142857142855,1.0,0.6363636363636364,7,11,7
825,0.4,0.3333333333333333,0.6666666666666666,0.75,1.0,0.25,4,16,4
826,0.8,-0.21428571428571427,0.39285714285714285,0.375,1.0,0.6666666666666666,8,12,8
827,0.7000000000000001,0.047619047619047616,0.5238095238095238,0.7142857142857143,1.0,0.5384615384615384,7,13,7
828,0.8,-0.21428571428571427,0.39285714285714285,0.5,1.0,0.6666666666666666,8,12,8
829,0.625,0.8,0.9,0.8,1.0,0.45454545454545453,5,11,5
830,0.4615384615384615,-0.4666666666666667,0.26666666666666666,0.5,1.0,0.3,6,20,6
831,0.631578947368421,0.3333333333333333,0.6666666666666666,0.8333333333333334,1.0,0.46153846153846156,6,13,6
832,0.6666666666666666,0.35714285714285715,0.6785714285714286,0.625,1.0,0.5,8,16,8
833,0.6666666666666666,0.06666666666666667,0.5333333333333333,0.6666666666666666,1.0,0.5,6,12,6
834,0.5454545454545454,-0.6,0.2,0.3333333333333333,1.0,0.375,6,16,6
835,0.5833333333333334,0.047619047619047616,0.5238095238095238,0.42857142857142855,1.0,0.4117647058823529,7,17,7
836,0.631578947368421,0.3333333333333333,0.6666666666666666,0.5,1.0,0.46153846153846156,6,13,6
837,0.5333333333333333,1.0,1.0,1.0,1.0,0.36363636363636365,4,11,4
838,0.7777777777777778,0.14285714285714285,0.5714285714285714,0.5714285714285714,1.0,0.6363636363636364,7,11,7
839,0.6086956521739131,0.5238095238095238,0.7619047619047619,0.5714285714285714,1.0,0.4375,7,16,7
840,0.34782608695652173,0.3333333333333333,0.6666666666666666,0.75,1.0,0.21052631578947367,4,19,4
841,0.3636363636363636,-0.3333333333333333,0.33333333333333337,0.5,1.0,0.2222222222222222,4,18,4
842,0.6399999999999999,-0.21428571428571427,0.39285714285714285,0.5,1.0,0.47058823529411764,8,17,8
843,0.7142857142857143,0.28888888888888886,0.6444444444444444,0.6,1.0,0.5555555555555556,10,18,10
844,0.6451612903225806,0.5111111111111111,0.7555555555555555,0.6,1.0,0.47619047619047616,10,21,10
845,0.8571428571428571,0.3888888888888889,0.6944444444444444,0.7777777777777778,1.0,0.75,9,12,9
846,0.8,-0.3333333333333333,0.33333333333333337,0.5,1.0,0.6666666666666666,6,9,6
847,0.5454545454545454,-0.06666666666666667,0.4666666666666667,0.5,1.0,0.375,6,16,6
848,0.8,0.5714285714285714,0.7857142857142857,0.625,1.0,0.6666666666666666,8,12,8
849,0.5555555555555556,0.4,0.7,0.6,1.0,0.38461538461538464,5,13,5
850,0.5555555555555556,0.6,0.8,0.6,1.0,0.38461538461538464,5,13,5
851,0.625,0.2,0.6,0.6,1.0,0.45454545454545453,5,11,5
852,0.6666666666666666,0.8,0.9,0.8,1.0,0.5,5,10,5
853,0.7000000000000001,0.8095238095238095,0.9047619047619048,0.8571428571428571,1.0,0.5384615384615384,7,13,7
854,0.5925925925925926,0.2857142857142857,0.6428571428571428,0.625,1.0,0.42105263157894735,8,19,8
855,0.3636363636363636,0.3333333333333333,0.6666666666666666,0.5,1.0,0.2222222222222222,6,27,6
856,0.7000000000000001,0.23809523809523808,0.6190476190476191,0.5714285714285714,1.0,0.5384615384615384,7,13,7
857,0.761904761904762,0.7857142857142857,0.8928571428571428,0.75,1.0,0.6153846153846154,8,13,8
858,0.6666666666666666,-0.14285714285714285,0.4285714285714286,0.42857142857142855,1.0,0.5,7,14,7
859,0.8181818181818181,-0.2222222222222222,0.3888888888888889,0.4444444444444444,1.0,0.6923076923076923,9,13,9
860,0.5263157894736842,0.2,0.6,0.8,1.0,0.35714285714285715,5,14,5
861,0.5714285714285715,0.3333333333333333,0.6666666666666666,0.6666666666666666,1.0,0.4,6,15,6
862,0.631578947368421,0.3333333333333333,0.6666666666666666,0.6666666666666666,1.0,0.46153846153846156,6,13,6
863,0.375,-0.3333333333333333,0.33333333333333337,0.6666666666666666,1.0,0.23076923076923078,3,13,3
864,0.4444444444444445,1.0,1.0,1.0,1.0,0.2857142857142857,4,14,4
865,1.0,0.3333333333333333,0.6666666666666666,0.6666666666666666,1.0,1.0,12,12,12
866,0.5555555555555556,0.2,0.6,0.6,1.0,0.38461538461538464,5,13,5
867,0.6666666666666666,0.2,0.6,0.6666666666666666,1.0,0.5,6,12,6
868,0.5882352941176471,0.8,0.9,0.8,1.0,0.4166666666666667,5,12,5
869,0.8571428571428571,0.1111111111111111,0.5555555555555556,0.5555555555555556,1.0,0.75,9,12,9
870,0.6956521739130436,0.5714285714285714,0.7857142857142857,0.75,1.0,0.5333333333333333,8,15,8
871,0.88,0.12727272727272726,0.5636363636363636,0.45454545454545453,1.0,0.7857142857142857,11,14,11
872,0.5263157894736842,0.8,0.9,0.8,1.0,0.35714285714285715,5,14,5
873,0.6666666666666666,-0.14285714285714285,0.4285714285714286,0.42857142857142855,1.0,0.5,7,14,7
874,0.7272727272727273,0.42857142857142855,0.7142857142857143,0.75,1.0,0.5714285714285714,8,14,8
875,0.6,0.06666666666666667,0.5333333333333333,0.6666666666666666,1.0,0.42857142857142855,6,14,6
876,0.5555555555555556,0.0,0.5,0.6,1.0,0.38461538461538464,5,13,5
877,0.5263157894736842,0.6,0.8,0.6,1.0,0.35714285714285715,5,14,5
878,0.6666666666666666,0.6,0.8,0.6666666666666666,1.0,0.5,6,12,6
879,0.8695652173913044,0.3333333333333333,0.6666666666666666,0.6,1.0,0.7692307692307693,10,13,10
880,0.631578947368421,-0.2,0.4,0.5,1.0,0.46153846153846156,6,13,6
881,0.631578947368421,0.8666666666666667,0.9333333333333333,0.8333333333333334,1.0,0.46153846153846156,6,13,6
882,0.8148148148148148,0.09090909090909091,0.5454545454545454,0.45454545454545453,0.6875,1.0,16,11,11
883,0.8,0.5,0.75,0.625,1.0,0.6666666666666666,8,12,8
884,0.4444444444444445,-0.6666666666666666,0.16666666666666669,0.5,1.0,0.2857142857142857,4,14,4
885,0.5882352941176471,-0.2,0.4,0.6,1.0,0.4166666666666667,5,12,5
886,0.5263157894736842,-0.2,0.4,0.4,1.0,0.35714285714285715,5,14,5
887,0.4444444444444445,-0.3333333333333333,0.33333333333333337,0.5,1.0,0.2857142857142857,4,14,4
888,0.8750000000000001,-0.047619047619047616,0.47619047619047616,0.42857142857142855,1.0,0.7777777777777778,7,9,7
889,0.88,0.5272727272727272,0.7636363636363637,0.5454545454545454,1.0,0.7857142857142857,11,14,11
890,0.5,-0.3333333333333333,0.33333333333333337,0.5,1.0,0.3333333333333333,4,12,4
891,1.0,0.16483516483516483,0.5824175824175825,0.5714285714285714,1.0,1.0,14,14,14
892,0.8181818181818181,-0.1111111111111111,0.4444444444444444,0.5555555555555556,1.0,0.6923076923076923,9,13,9
893,0.7000000000000001,0.7142857142857143,0.8571428571428572,0.8571428571428571,1.0,0.5384615384615384,7,13,7
894,0.7272727272727273,-0.21428571428571427,0.39285714285714285,0.375,1.0,0.5714285714285714,8,14,8
895,0.4444444444444445,0.6666666666666666,0.8333333333333333,0.75,1.0,0.2857142857142857,4,14,4
896,0.4444444444444445,0.0,0.5,0.75,1.0,0.2857142857142857,4,14,4
897,0.6,0.06666666666666667,0.5333333333333333,0.5,1.0,0.42857142857142855,6,14,6
898,0.6666666666666666,0.42857142857142855,0.7142857142857143,0.5714285714285714,1.0,0.5,7,14,7
899,0.5882352941176471,0.2,0.6,0.8,1.0,0.4166666666666667,5,12,5
900,0.88,0.5636363636363636,0.7818181818181817,0.6363636363636364,1.0,0.7857142857142857,11,14,11
901,0.625,0.6,0.8,0.8,1.0,0.45454545454545453,5,11,5
902,0.625,0.4,0.7,0.8,1.0,0.45454545454545453,5,11,5
903,0.761904761904762,0.5,0.75,0.625,1.0,0.6153846153846154,8,13,8
904,0.7000000000000001,-0.23809523809523808,0.38095238095238093,0.5714285714285714,1.0,0.5384615384615384,7,13,7
905,0.7272727272727273,0.6428571428571429,0.8214285714285714,0.625,1.0,0.5714285714285714,8,14,8
906,0.6666666666666666,0.8666666666666667,0.9333333333333333,0.8333333333333334,1.0,0.5,6,12,6
907,0.7692307692307693,0.6,0.8,0.8,1.0,0.625,10,16,10
908,0.7692307692307693,0.4,0.7,0.6,1.0,0.625,5,8,5
909,0.7368421052631579,0.5238095238095238,0.7619047619047619,0.7142857142857143,1.0,0.5833333333333334,7,12,7
910,0.5454545454545454,0.4666666666666667,0.7333333333333334,0.6666666666666666,1.0,0.375,6,16,6
911,0.8421052631578948,-0.2857142857142857,0.35714285714285715,0.5,1.0,0.7272727272727273,8,11,8
912,0.7368421052631579,-0.23809523809523808,0.38095238095238093,0.42857142857142855,1.0,0.5833333333333334,7,12,7
913,0.6,0.2,0.6,0.5,1.0,0.42857142857142855,6,14,6
914,0.8571428571428571,0.5,0.75,0.6666666666666666,1.0,0.75,9,12,9
915,0.4615384615384615,1.0,1.0,1.0,1.0,0.3,3,10,3
916,0.8333333333333333,0.2,0.6,0.5,1.0,0.7142857142857143,10,14,10
917,0.6666666666666666,-0.06666666666666667,0.4666666666666667,0.6666666666666666,1.0,0.5,6,12,6
918,0.7000000000000001,-0.3333333333333333,0.33333333333333337,0.5714285714285714,1.0,0.5384615384615384,7,13,7
919,0.888888888888889,0.6363636363636364,0.8181818181818181,0.6666666666666666,0.8,1.0,15,12,12
920,0.7142857142857143,0.0,0.5,0.6,1.0,0.5555555555555556,5,9,5
921,0.7777777777777778,-0.14285714285714285,0.4285714285714286,0.42857142857142855,1.0,0.6363636363636364,7,11,7
922,0.5,0.0,0.5,0.5,1.0,0.3333333333333333,4,12,4
923,0.782608695652174,0.3888888888888889,0.6944444444444444,0.5555555555555556,1.0,0.6428571428571429,9,14,9
924,0.6666666666666666,-0.047619047619047616,0.47619047619047616,0.7142857142857143,1.0,0.5,7,14,7
925,0.5555555555555556,0.2,0.6,0.8,1.0,0.38461538461538464,5,13,5
926,0.6153846153846153,0.2857142857142857,0.6428571428571428,0.625,1.0,0.4444444444444444,8,18,8
927,0.5263157894736842,0.2,0.6,0.6,1.0,0.35714285714285715,5,14,5
928,0.8571428571428571,-0.16666666666666666,0.4166666666666667,0.3333333333333333,1.0,0.75,9,12,9
929,0.9600000000000001,-0.06060606060606061,0.4696969696969697,0.5,0.9230769230769231,1.0,13,12,12
930,0.7499999999999999,0.4666666666666667,0.7333333333333334,0.8333333333333334,1.0,0.6,6,10,6
931,0.9655172413793104,0.2967032967032967,0.6483516483516484,0.42857142857142855,0.9333333333333333,1.0,15,14,14
932,0.0,1.0,1.0,1.0,0.0,0.0,0,13,0
933,1.0,0.3090909090909091,0.6545454545454545,0.45454545454545453,1.0,1.0,11,11,11
934,0.0,1.0,1.0,1.0,0.0,0.0,0,12,0
935,0.5882352941176471,-0.6,0.2,0.4,1.0,0.4166666666666667,5,12,5
936,0.0,1.0,1.0,1.0,0.0,0.0,0,9,0
937,0.0,1.0,1.0,1.0,0.0,0.0,0,14,0
938,1.0,-0.07692307692307693,0.46153846153846156,0.42857142857142855,1.0,1.0,14,14,14
939,0.2745098039215686,0.12087912087912088,0.5604395604395604,0.42857142857142855,0.1590909090909091,1.0,88,14,14
940,0.7368421052631579,0.3333333333333333,0.6666666666666666,0.7142857142857143,1.0,0.5833333333333334,7,12,7
941,0.0,1.0,1.0,1.0,0.0,0.0,0,11,0
942,0.7368421052631579,0.3333333333333333,0.6666666666666666,0.7142857142857143,1.0,0.5833333333333334,7,12,7
943,0.8,0.9285714285714286,0.9642857142857143,0.875,1.0,0.6666666666666666,8,12,8
944,0.923076923076923,0.45454545454545453,0.7272727272727273,0.5,1.0,0.8571428571428571,12,14,12
945,0.0,1.0,1.0,1.0,0.0,0.0,0,13,0
946,0.8181818181818181,0.2222222222222222,0.6111111111111112,0.4444444444444444,1.0,0.6923076923076923,9,13,9
947,0.0,1.0,1.0,1.0,0.0,0.0,0,13,0
948,0.5957446808510638,0.0989010989010989,0.5494505494505495,0.5714285714285714,0.42424242424242425,1.0,33,14,14
949,0.9565217391304348,0.16363636363636364,0.5818181818181818,0.5454545454545454,1.0,0.9166666666666666,11,12,11
950,0.846153846153846,0.05454545454545454,0.5272727272727272,0.36363636363636365,1.0,0.7333333333333333,11,15,11
951,0.8,0.24444444444444444,0.6222222222222222,0.5,1.0,0.6666666666666666,10,15,10
952,0.0,1.0,1.0,1.0,0.0,0.0,0,13,0
953,0.0,1.0,1.0,1.0,0.0,0.0,0,14,0
954,0.7000000000000001,0.42857142857142855,0.7142857142857143,0.7142857142857143,1.0,0.5384615384615384,7,13,7
955,0.7000000000000001,-0.42857142857142855,0.2857142857142857,0.42857142857142855,1.0,0.5384615384615384,7,13,7
956,0.0,1.0,1.0,1.0,0.0,0.0,0,12,0
957,0.761904761904762,0.35714285714285715,0.6785714285714286,0.625,1.0,0.6153846153846154,8,13,8
958,0.9600000000000001,0.696969696969697,0.8484848484848485,0.75,0.9230769230769231,1.0,13,12,12
959,0.5882352941176471,0.8,0.9,0.8,1.0,0.4166666666666667,5,12,5
960,0.0,1.0,1.0,1.0,0.0,0.0,0,13,0
961,0.0,1.0,1.0,1.0,0.0,0.0,0,18,0
962,0.761904761904762,0.6428571428571429,0.8214285714285714,0.625,1.0,0.6153846153846154,8,13,8
963,0.0,1.0,1.0,1.0,0.0,0.0,0,12,0
964,0.9600000000000001,0.45454545454545453,0.7272727272727273,0.5,0.9230769230769231,1.0,13,12,12
965,0.0,1.0,1.0,1.0,0.0,0.0,0,13,0
966,0.0,1.0,1.0,1.0,0.0,0.0,0,13,0
967,0.8,0.35714285714285715,0.6785714285714286,0.5,1.0,0.6666666666666666,8,12,8
968,0.8,0.07142857142857142,0.5357142857142857,0.625,1.0,0.6666666666666666,8,12,8
969,0.9600000000000001,0.3333333333333333,0.6666666666666666,0.5833333333333334,1.0,0.9230769230769231,12,13,12
970,0.8,0.2857142857142857,0.6428571428571428,0.5,1.0,0.6666666666666666,8,12,8
971,0.0,1.0,1.0,1.0,0.0,0.0,0,12,0
972,0.7272727272727273,0.21428571428571427,0.6071428571428571,0.625,1.0,0.5714285714285714,8,14,8
973,0.6363636363636364,0.23809523809523808,0.6190476190476191,0.5714285714285714,1.0,0.4666666666666667,7,15,7
974,0.47058823529411764,0.3333333333333333,0.6666666666666666,0.75,1.0,0.3076923076923077,4,13,4
975,0.888888888888889,0.14285714285714285,0.5714285714285714,0.625,1.0,0.8,8,10,8
976,0.8181818181818181,0.16666666666666666,0.5833333333333334,0.5555555555555556,1.0,0.6923076923076923,9,13,9
977,0.6363636363636364,0.14285714285714285,0.5714285714285714,0.5714285714285714,1.0,0.4666666666666667,7,15,7
978,0.5882352941176471,0.8,0.9,0.8,1.0,0.4166666666666667,5,12,5
979,0.0,1.0,1.0,1.0,0.0,0.0,0,13,0
980,0.8695652173913044,0.6444444444444445,0.8222222222222222,0.7,1.0,0.7692307692307693,10,13,10
981,0.8235294117647058,0.23809523809523808,0.6190476190476191,0.42857142857142855,1.0,0.7,7,10,7
982,0.0,1.0,1.0,1.0,0.0,0.0,0,14,0
983,0.6666666666666666,0.7142857142857143,0.8571428571428572,0.7142857142857143,1.0,0.5,7,14,7
984,0.0,1.0,1.0,1.0,0.0,0.0,0,15,0
985,0.8,-0.28888888888888886,0.35555555555555557,0.5,1.0,0.6666666666666666,10,15,10
986,0.6666666666666666,0.6190476190476191,0.8095238095238095,0.7142857142857143,1.0,0.5,7,14,7
987,0.5882352941176471,0.8,0.9,0.8,1.0,0.4166666666666667,5,12,5
988,0.0,1.0,1.0,1.0,0.0,0.0,0,15,0
989,0.8235294117647058,0.42857142857142855,0.7142857142857143,0.5714285714285714,1.0,0.7,7,10,7
990,0.923076923076923,0.5757575757575758,0.7878787878787878,0.5833333333333334,0.8571428571428571,1.0,14,12,12
991,0.0,1.0,1.0,1.0,0.0,0.0,0,15,0
992,0.0,1.0,1.0,1.0,0.0,0.0,0,13,0
993,0.6,-0.2,0.4,0.5,1.0,0.42857142857142855,6,14,6
994,0.7000000000000001,-0.42857142857142855,0.2857142857142857,0.2857142857142857,1.0,0.5384615384615384,7,13,7
995,0.0,1.0,1.0,1.0,0.0,0.0,0,13,0
996,0.0,1.0,1.0,1.0,0.0,0.0,0,14,0
997,0.0,1.0,1.0,1.0,0.0,0.0,0,12,0
998,1.0,0.14285714285714285,0.5714285714285714,0.42857142857142855,1.0,1.0,7,7,7
999,0.5714285714285715,0.7333333333333333,0.8666666666666667,0.8333333333333334,1.0,0.4,6,15,6
1000,0.8181818181818181,0.1111111111111111,0.5555555555555556,0.5555555555555556,1.0,0.6923076923076923,9,13,9
1001,0.0,1.0,1.0,1.0,0.0,0.0,0,13,0
1002,0.9090909090909091,0.15555555555555556,0.5777777777777777,0.5,1.0,0.8333333333333334,10,12,10
1003,0.0,1.0,1.0,1.0,0.0,0.0,0,10,0
1004,0.0,1.0,1.0,1.0,0.0,0.0,0,14,0
1005,0.923076923076923,0.45454545454545453,0.7272727272727273,0.5833333333333334,1.0,0.8571428571428571,12,14,12
1006,0.8571428571428571,0.5555555555555556,0.7777777777777778,0.5555555555555556,1.0,0.75,9,12,9
1007,0.923076923076923,0.06666666666666667,0.5333333333333333,0.5,1.0,0.8571428571428571,6,7,6
1008,0.8695652173913044,0.1111111111111111,0.5555555555555556,0.6,1.0,0.7692307692307693,10,13,10
1009,0.6666666666666666,-0.06666666666666667,0.4666666666666667,0.5,1.0,0.5,6,12,6
1010,0.6153846153846153,0.2727272727272727,0.6363636363636364,0.4166666666666667,0.4444444444444444,1.0,27,12,12
1011,0.8333333333333333,0.06666666666666667,0.5333333333333333,0.6,1.0,0.7142857142857143,10,14,10
1012,0.9090909090909091,0.24444444444444444,0.6222222222222222,0.6,1.0,0.8333333333333334,10,12,10
1013,0.6,-0.2,0.4,0.3333333333333333,1.0,0.42857142857142855,6,14,6
1014,0.5454545454545454,0.3333333333333333,0.6666666666666666,0.5,1.0,0.375,6,16,6
1015,0.7368421052631579,0.23809523809523808,0.6190476190476191,0.5714285714285714,1.0,0.5833333333333334,7,12,7
1016,1.0,0.5384615384615384,0.7692307692307692,0.5,1.0,1.0,14,14,14
1017,0.0,1.0,1.0,1.0,0.0,0.0,0,13,0
1018,0.0,1.0,1.0,1.0,0.0,0.0,0,15,0
1019,0.9285714285714286,0.2564102564102564,0.6282051282051282,0.5384615384615384,1.0,0.8666666666666667,13,15,13
1020,0.7272727272727273,0.07142857142857142,0.5357142857142857,0.625,1.0,0.5714285714285714,8,14,8
1021,0.5,0.3333333333333333,0.6666666666666666,0.75,1.0,0.3333333333333333,4,12,4
1022,0.782608695652174,0.6111111111111112,0.8055555555555556,0.6666666666666666,1.0,0.6428571428571429,9,14,9
1023,0.6,0.2,0.6,0.6666666666666666,1.0,0.42857142857142855,6,14,6
1024,0.9600000000000001,0.48484848484848486,0.7424242424242424,0.5,1.0,0.9230769230769231,12,13,12
1025,0.0,1.0,1.0,1.0,0.0,0.0,0,14,0
1026,0.7000000000000001,0.3333333333333333,0.6666666666666666,0.5714285714285714,1.0,0.5384615384615384,7,13,7
1027,0.782608695652174,0.2777777777777778,0.6388888888888888,0.5555555555555556,1.0,0.6428571428571429,9,14,9
1028,0.0,1.0,1.0,1.0,0.0,0.0,0,12,0
1029,0.7428571428571429,0.0,0.5,0.46153846153846156,0.5909090909090909,1.0,22,13,13
1030,0.9655172413793104,0.4065934065934066,0.7032967032967032,0.5,0.9333333333333333,1.0,15,14,14
1031,0.0,1.0,1.0,1.0,0.0,0.0,0,12,0
1032,0.0,1.0,1.0,1.0,0.0,0.0,0,16,0
1033,0.9375,0.3523809523809524,0.6761904761904762,0.4666666666666667,0.8823529411764706,1.0,17,15,15
1034,0.6666666666666666,0.2,0.6,0.6666666666666666,1.0,0.5,6,12,6
1035,0.7272727272727273,0.2857142857142857,0.6428571428571428,0.5,1.0,0.5714285714285714,8,14,8
1036,0.5263157894736842,0.4,0.7,0.6,1.0,0.35714285714285715,5,14,5
1037,0.7272727272727273,0.0,0.5,0.5,1.0,0.5714285714285714,8,14,8
1038,0.6956521739130436,0.0,0.5,0.5,1.0,0.5333333333333333,8,15,8
1039,0.631578947368421,0.06666666666666667,0.5333333333333333,0.5,1.0,0.46153846153846156,6,13,6
1040,0.6363636363636364,-0.42857142857142855,0.2857142857142857,0.42857142857142855,1.0,0.4666666666666667,7,15,7
1041,0.0,1.0,1.0,1.0,0.0,0.0,0,13,0
1042,0.6666666666666666,0.06666666666666667,0.5333333333333333,0.5,1.0,0.5,6,12,6
1043,0.7368421052631579,-0.047619047619047616,0.47619047619047616,0.42857142857142855,1.0,0.5833333333333334,7,12,7
1044,0.8,0.14285714285714285,0.5714285714285714,0.625,1.0,0.6666666666666666,8,12,8
1045,0.962962962962963,0.10256410256410256,0.5512820512820513,0.46153846153846156,1.0,0.9285714285714286,13,14,13
1046,0.888888888888889,0.07142857142857142,0.5357142857142857,0.5,1.0,0.8,8,10,8
1047,0.6666666666666666,-0.14285714285714285,0.4285714285714286,0.5714285714285714,1.0,0.5,7,14,7
1048,0.962962962962963,-0.02564102564102564,0.48717948717948717,0.38461538461538464,1.0,0.9285714285714286,13,14,13
1049,0.0,1.0,1.0,1.0,0.0,0.0,0,13,0
1050,0.0,1.0,1.0,1.0,0.0,0.0,0,13,0
1051,0.8181818181818181,0.3333333333333333,0.6666666666666666,0.4444444444444444,1.0,0.6923076923076923,9,13,9
1052,0.7368421052631579,-0.23809523809523808,0.38095238095238093,0.42857142857142855,1.0,0.5833333333333334,7,12,7
1053,0.8333333333333333,0.24444444444444444,0.6222222222222222,0.6,1.0,0.7142857142857143,10,14,10
1054,0.0,1.0,1.0,1.0,0.0,0.0,0,13,0
1055,0.7142857142857143,0.0,0.5,0.6,1.0,0.5555555555555556,5,9,5
1056,0.7272727272727273,0.42857142857142855,0.7142857142857143,0.625,1.0,0.5714285714285714,8,14,8
1057,0.9090909090909091,0.4666666666666667,0.7333333333333334,0.5,1.0,0.8333333333333334,10,12,10
1058,1.0,0.6111111111111112,0.8055555555555556,0.7777777777777778,1.0,1.0,9,9,9
1059,0.7499999999999999,0.7333333333333333,0.8666666666666667,0.6666666666666666,1.0,0.6,6,10,6
1060,0.8,0.6428571428571429,0.8214285714285714,0.75,1.0,0.6666666666666666,8,12,8
1061,0.0,1.0,1.0,1.0,0.0,0.0,0,13,0
1062,0.7368421052631579,-0.047619047619047616,0.47619047619047616,0.42857142857142855,1.0,0.5833333333333334,7,12,7
1063,0.8181818181818181,0.7777777777777778,0.8888888888888888,0.7777777777777778,1.0,0.6923076923076923,9,13,9
1064,0.896551724137931,0.6410256410256411,0.8205128205128205,0.6153846153846154,0.8125,1.0,16,13,13
1065,0.5714285714285715,0.06666666666666667,0.5333333333333333,0.5,1.0,0.4,6,15,6
1066,1.0,0.06060606060606061,0.5303030303030303,0.4166666666666667,1.0,1.0,12,12,12
1067,0.0,1.0,1.0,1.0,0.0,0.0,0,13,0
1068,0.761904761904762,-0.5714285714285714,0.2142857142857143,0.25,1.0,0.6153846153846154,8,13,8
1069,0.8333333333333333,0.28888888888888886,0.6444444444444444,0.5,1.0,0.7142857142857143,10,14,10
1070,0.5882352941176471,0.4,0.7,0.8,1.0,0.4166666666666667,5,12,5
1071,0.7777777777777778,0.047619047619047616,0.5238095238095238,0.5714285714285714,0.6363636363636364,1.0,11,7,7
1072,0.9333333333333333,-0.047619047619047616,0.47619047619047616,0.5714285714285714,0.875,1.0,8,7,7
1073,0.787878787878788,0.7948717948717948,0.8974358974358974,0.6153846153846154,0.65,1.0,20,13,13
1074,0.5882352941176471,0.8,0.9,0.8,1.0,0.4166666666666667,5,12,5
1075,0.8275862068965517,-0.06060606060606061,0.4696969696969697,0.4166666666666667,0.7058823529411765,1.0,17,12,12
1076,0.5263157894736842,0.0,0.5,0.6,1.0,0.35714285714285715,5,14,5
1077,0.8571428571428571,0.3888888888888889,0.6944444444444444,0.4444444444444444,1.0,0.75,9,12,9
1078,0.888888888888889,0.0,0.5,0.4166666666666667,0.8,1.0,15,12,12
1079,0.0,1.0,1.0,1.0,0.0,0.0,0,13,0
1080,0.7000000000000001,0.047619047619047616,0.5238095238095238,0.5714285714285714,1.0,0.5384615384615384,7,13,7
1081,0.0,1.0,1.0,1.0,0.0,0.0,0,14,0
1082,0.962962962962963,0.10256410256410256,0.5512820512820513,0.46153846153846156,1.0,0.9285714285714286,13,14,13
1083,0.888888888888889,0.30303030303030304,0.6515151515151515,0.5,1.0,0.8,12,15,12
1084,0.0,1.0,1.0,1.0,0.0,0.0,0,15,0
1085,0.5,0.0,0.5,0.75,1.0,0.3333333333333333,4,12,4
1086,0.6666666666666666,-0.4,0.3,0.6,1.0,0.5,5,10,5
1087,0.7272727272727273,0.5,0.75,0.625,1.0,0.5714285714285714,8,14,8
1088,0.631578947368421,-0.4666666666666667,0.26666666666666666,0.5,1.0,0.46153846153846156,6,13,6
1089,0.631578947368421,-0.2,0.4,0.5,1.0,0.46153846153846156,6,13,6
1090,0.7368421052631579,0.5238095238095238,0.7619047619047619,0.7142857142857143,1.0,0.5833333333333334,7,12,7
1091,1.0,-0.15555555555555556,0.4222222222222222,0.4,1.0,1.0,10,10,10
1092,0.962962962962963,0.07692307692307693,0.5384615384615384,0.46153846153846156,0.9285714285714286,1.0,14,13,13
1093,0.7000000000000001,0.047619047619047616,0.5238095238095238,0.42857142857142855,1.0,0.5384615384615384,7,13,7
1094,0.888888888888889,0.7142857142857143,0.8571428571428572,0.75,1.0,0.8,8,10,8
1095,0.5365853658536585,0.5636363636363636,0.7818181818181817,0.8181818181818182,0.36666666666666664,1.0,30,11,11
1096,0.0,1.0,1.0,1.0,0.0,0.0,0,16,0
1097,0.0,1.0,1.0,1.0,0.0,0.0,0,12,0
1098,0.0,1.0,1.0,1.0,0.0,0.0,0,12,0
1099,0.8421052631578948,0.07142857142857142,0.5357142857142857,0.5,1.0,0.7272727272727273,8,11,8
1100,0.8,0.42857142857142855,0.7142857142857143,0.625,1.0,0.6666666666666666,8,12,8
1101,0.8571428571428571,0.16666666666666666,0.5833333333333334,0.5555555555555556,1.0,0.75,9,12,9
1102,0.0,1.0,1.0,1.0,0.0,0.0,0,15,0
1103,0.9090909090909091,0.5555555555555556,0.7777777777777778,0.7,1.0,0.8333333333333334,10,12,10
1104,0.631578947368421,0.3333333333333333,0.6666666666666666,0.5,1.0,0.46153846153846156,6,13,6
1105,0.6666666666666666,-0.3333333333333333,0.33333333333333337,0.42857142857142855,1.0,0.5,7,14,7
1106,0.7368421052631579,-0.42857142857142855,0.2857142857142857,0.42857142857142855,1.0,0.5833333333333334,7,12,7
1107,0.0,1.0,1.0,1.0,0.0,0.0,0,14,0
1108,0.8275862068965517,0.36363636363636365,0.6818181818181819,0.5833333333333334,0.7058823529411765,1.0,17,12,12
1109,0.8695652173913044,-0.2,0.4,0.4,1.0,0.7692307692307693,10,13,10
1110,0.8695652173913044,0.15555555555555556,0.5777777777777777,0.5,1.0,0.7692307692307693,10,13,10
1111,1.0,-0.01098901098901099,0.4945054945054945,0.5,1.0,1.0,14,14,14
1112,0.0,1.0,1.0,1.0,0.0,0.0,0,13,0
1113,0.0,1.0,1.0,1.0,0.0,0.0,0,16,0
1114,0.7272727272727273,0.42857142857142855,0.7142857142857143,0.625,1.0,0.5714285714285714,8,14,8
1115,0.6,0.2,0.6,0.5,1.0,0.42857142857142855,6,14,6
1116,0.0,1.0,1.0,1.0,0.0,0.0,0,12,0
1117,0.6666666666666666,-0.06666666666666667,0.4666666666666667,0.6666666666666666,1.0,0.5,6,12,6
1118,0.8750000000000001,-0.047619047619047616,0.47619047619047616,0.42857142857142855,1.0,0.7777777777777778,7,9,7
1119,0.0,1.0,1.0,1.0,0.0,0.0,0,12,0
1120,0.5185185185185185,0.054945054945054944,0.5274725274725275,0.42857142857142855,0.35,1.0,40,14,14
1121,0.6666666666666666,0.2,0.6,0.6666666666666666,1.0,0.5,6,12,6
1122,0.7368421052631579,0.23809523809523808,0.6190476190476191,0.5714285714285714,1.0,0.5833333333333334,7,12,7
1123,0.88,0.5636363636363636,0.7818181818181817,0.6363636363636364,1.0,0.7857142857142857,11,14,11
1124,0.8571428571428571,-0.05555555555555555,0.4722222222222222,0.4444444444444444,1.0,0.75,9,12,9
1125,0.631578947368421,-0.06666666666666667,0.4666666666666667,0.6666666666666666,1.0,0.46153846153846156,6,13,6
1126,0.72,0.2777777777777778,0.6388888888888888,0.4444444444444444,1.0,0.5625,9,16,9
1127,0.6363636363636364,-0.42857142857142855,0.2857142857142857,0.42857142857142855,1.0,0.4666666666666667,7,15,7
1128,0.6666666666666666,0.7333333333333333,0.8666666666666667,0.8333333333333334,1.0,0.5,6,12,6
1129,0.0,1.0,1.0,1.0,0.0,0.0,0,14,0
1130,0.782608695652174,0.1111111111111111,0.5555555555555556,0.4444444444444444,1.0,0.6428571428571429,9,14,9
1131,0.0,1.0,1.0,1.0,0.0,0.0,0,13,0
1132,0.8333333333333333,0.15555555555555556,0.5777777777777777,0.5,1.0,0.7142857142857143,10,14,10
1133,0.8,0.35714285714285715,0.6785714285714286,0.75,1.0,0.6666666666666666,8,12,8
1134,0.0,1.0,1.0,1.0,0.0,0.0,0,12,0
1135,0.8,-0.14285714285714285,0.4285714285714286,0.5,1.0,0.6666666666666666,8,12,8
1136,0.7272727272727273,0.35714285714285715,0.6785714285714286,0.625,1.0,0.5714285714285714,8,14,8
1137,0.9166666666666666,0.45454545454545453,0.7272727272727273,0.5454545454545454,1.0,0.8461538461538461,11,13,11
1138,0.8571428571428571,-0.06060606060606061,0.4696969696969697,0.5,0.75,1.0,16,12,12
1139,0.8181818181818181,0.3888888888888889,0.6944444444444444,0.6666666666666666,1.0,0.6923076923076923,9,13,9
1140,0.8,0.7857142857142857,0.8928571428571428,0.875,1.0,0.6666666666666666,8,12,8
1141,0.0,1.0,1.0,1.0,0.0,0.0,0,12,0
1142,0.782608695652174,0.6111111111111112,0.8055555555555556,0.6666666666666666,1.0,0.6428571428571429,9,14,9
1143,0.7368421052631579,-0.14285714285714285,0.4285714285714286,0.42857142857142855,1.0,0.5833333333333334,7,12,7
1144,0.0,1.0,1.0,1.0,0.0,0.0,0,16,0
1145,0.9600000000000001,0.30303030303030304,0.6515151515151515,0.5,1.0,0.9230769230769231,12,13,12
1146,0.7777777777777778,-0.047619047619047616,0.47619047619047616,0.5714285714285714,1.0,0.6363636363636364,7,11,7
1147,0.5882352941176471,-0.4,0.3,0.6,1.0,0.4166666666666667,5,12,5
1148,0.88,0.38181818181818183,0.6909090909090909,0.5454545454545454,1.0,0.7857142857142857,11,14,11
1149,0.923076923076923,-0.21212121212121213,0.3939393939393939,0.4166666666666667,1.0,0.8571428571428571,12,14,12
1150,0.9090909090909091,0.24444444444444444,0.6222222222222222,0.5,1.0,0.8333333333333334,10,12,10
1151,0.6666666666666666,0.4666666666666667,0.7333333333333334,0.6666666666666666,1.0,0.5,6,12,6
1152,0.7000000000000001,-0.047619047619047616,0.47619047619047616,0.42857142857142855,1.0,0.5384615384615384,7,13,7
1153,0.5555555555555556,0.2,0.6,0.6,1.0,0.38461538461538464,5,13,5
1154,0.6666666666666666,-0.3333333333333333,0.33333333333333337,0.42857142857142855,1.0,0.5,7,14,7
1155,0.761904761904762,0.21428571428571427,0.6071428571428571,0.625,1.0,0.6153846153846154,8,13,8
1156,0.0,1.0,1.0,1.0,0.0,0.0,0,12,0
1157,0.0,1.0,1.0,1.0,0.0,0.0,0,12,0
1158,0.7368421052631579,-0.23809523809523808,0.38095238095238093,0.42857142857142855,1.0,0.5833333333333334,7,12,7
1159,0.0,1.0,1.0,1.0,0.0,0.0,0,14,0
1160,0.7058823529411764,0.3333333333333333,0.6666666666666666,0.6666666666666666,1.0,0.5454545454545454,6,11,6
1161,0.6666666666666666,0.23809523809523808,0.6190476190476191,0.42857142857142855,1.0,0.5,7,14,7
1162,0.6666666666666666,0.06666666666666667,0.5333333333333333,0.5,1.0,0.5,6,12,6
1163,0.6666666666666666,0.8,0.9,0.8,1.0,0.5,5,10,5
1164,0.6666666666666666,0.6666666666666666,0.8333333333333333,0.75,1.0,0.5,4,8,4
1165,0.5263157894736842,0.2,0.6,0.6,1.0,0.35714285714285715,5,14,5
1166,0.6666666666666666,0.2,0.6,0.6666666666666666,1.0,0.5,6,12,6
1167,0.7368421052631579,0.047619047619047616,0.5238095238095238,0.5714285714285714,1.0,0.5833333333333334,7,12,7
1168,0.9565217391304348,0.16363636363636364,0.5818181818181818,0.45454545454545453,1.0,0.9166666666666666,11,12,11
1169,0.5714285714285715,0.6666666666666666,0.8333333333333333,0.75,1.0,0.4,4,10,4
1170,0.6,0.6,0.8,0.6666666666666666,1.0,0.42857142857142855,6,14,6
1171,0.6666666666666666,0.0,0.5,0.6,1.0,0.5,5,10,5
1172,0.6,0.06666666666666667,0.5333333333333333,0.6666666666666666,1.0,0.42857142857142855,6,14,6
1173,0.5555555555555556,0.6,0.8,0.8,1.0,0.38461538461538464,5,13,5
1174,0.8,0.6428571428571429,0.8214285714285714,0.625,1.0,0.6666666666666666,8,12,8
1175,0.47058823529411764,0.3333333333333333,0.6666666666666666,0.75,1.0,0.3076923076923077,4,13,4
1176,0.5263157894736842,-0.4,0.3,0.4,1.0,0.35714285714285715,5,14,5
1177,0.9565217391304348,0.38181818181818183,0.6909090909090909,0.5454545454545454,1.0,0.9166666666666666,11,12,11
1178,0.8,0.07142857142857142,0.5357142857142857,0.5,1.0,0.6666666666666666,8,12,8
1179,0.375,-0.3333333333333333,0.33333333333333337,0.6666666666666666,1.0,0.23076923076923078,3,13,3
1180,0.6666666666666666,-0.3333333333333333,0.33333333333333337,0.3333333333333333,1.0,0.5,6,12,6
1181,0.8,1.0,1.0,1.0,1.0,0.6666666666666666,8,12,8
1182,0.9523809523809523,0.28888888888888886,0.6444444444444444,0.5,0.9090909090909091,1.0,11,10,10
1183,0.631578947368421,0.8666666666666667,0.9333333333333333,0.8333333333333334,1.0,0.46153846153846156,6,13,6
1184,0.0,1.0,1.0,1.0,0.0,0.0,0,12,0
1185,0.9565217391304348,-0.05454545454545454,0.4727272727272727,0.36363636363636365,1.0,0.9166666666666666,11,12,11
1186,0.7368421052631579,0.23809523809523808,0.6190476190476191,0.7142857142857143,1.0,0.5833333333333334,7,12,7
1187,0.5217391304347826,-0.3333333333333333,0.33333333333333337,0.3333333333333333,1.0,0.35294117647058826,6,17,6
1188,0.8,0.24444444444444444,0.6222222222222222,0.6,1.0,0.6666666666666666,10,15,10
1189,0.8235294117647058,0.23809523809523808,0.6190476190476191,0.5714285714285714,1.0,0.7,7,10,7
1190,0.5882352941176471,0.4,0.7,0.8,1.0,0.4166666666666667,5,12,5
1191,0.4,0.3333333333333333,0.6666666666666666,0.6666666666666666,1.0,0.25,3,12,3
1192,0.5882352941176471,-0.2,0.4,0.6,1.0,0.4166666666666667,5,12,5
1193,0.6,0.3333333333333333,0.6666666666666666,0.6666666666666666,1.0,0.42857142857142855,6,14,6
1194,0.8695652173913044,0.06666666666666667,0.5333333333333333,0.6,1.0,0.7692307692307693,10,13,10
1195,0.5882352941176471,0.6,0.8,0.8,1.0,0.4166666666666667,5,12,5
1196,0.5263157894736842,0.8,0.9,0.8,1.0,0.35714285714285715,5,14,5
1197,0.7058823529411764,-0.6,0.2,0.5,1.0,0.5454545454545454,6,11,6
1198,0.5882352941176471,0.0,0.5,0.6,1.0,0.4166666666666667,5,12,5
1199,0.5882352941176471,0.2,0.6,0.6,1.0,0.4166666666666667,5,12,5
1200,0.7368421052631579,0.14285714285714285,0.5714285714285714,0.5714285714285714,1.0,0.5833333333333334,7,12,7
1201,0.8695652173913044,0.3333333333333333,0.6666666666666666,0.6,1.0,0.7692307692307693,10,13,10
1202,0.5882352941176471,-0.2,0.4,0.6,1.0,0.4166666666666667,5,12,5
1203,0.7368421052631579,0.3333333333333333,0.6666666666666666,0.5714285714285714,1.0,0.5833333333333334,7,12,7
1204,0.9090909090909091,1.0,1.0,1.0,1.0,0.8333333333333334,5,6,5
1205,0.7000000000000001,1.0,1.0,1.0,1.0,0.5384615384615384,7,13,7
1206,0.5263157894736842,0.6,0.8,0.8,1.0,0.35714285714285715,5,14,5
1207,0.8,0.7142857142857143,0.8571428571428572,0.625,1.0,0.6666666666666666,8,12,8
1208,0.5882352941176471,0.2,0.6,0.6,1.0,0.4166666666666667,5,12,5
1209,0.7000000000000001,0.5238095238095238,0.7619047619047619,0.7142857142857143,1.0,0.5384615384615384,7,13,7
1210,0.8333333333333333,-0.1111111111111111,0.4444444444444444,0.5,1.0,0.7142857142857143,10,14,10
1211,0.631578947368421,0.7333333333333333,0.8666666666666667,0.8333333333333334,1.0,0.46153846153846156,6,13,6
1212,0.5454545454545454,-1.0,0.0,0.3333333333333333,1.0,0.375,3,8,3
1213,0.5882352941176471,0.8,0.9,0.8,1.0,0.4166666666666667,5,12,5
1214,0.6666666666666666,0.3333333333333333,0.6666666666666666,0.6666666666666666,1.0,0.5,6,12,6
1215,0.7000000000000001,-0.23809523809523808,0.38095238095238093,0.42857142857142855,1.0,0.5384615384615384,7,13,7
1216,0.7368421052631579,0.23809523809523808,0.6190476190476191,0.5714285714285714,1.0,0.5833333333333334,7,12,7
1217,0.5,0.3333333333333333,0.6666666666666666,0.75,1.0,0.3333333333333333,4,12,4
1218,0.6666666666666666,0.42857142857142855,0.7142857142857143,0.75,1.0,0.5,8,16,8
1219,0.5882352941176471,0.4,0.7,0.8,1.0,0.4166666666666667,5,12,5
1220,0.923076923076923,-0.030303030303030304,0.48484848484848486,0.5,0.8571428571428571,1.0,14,12,12
1221,0.8421052631578948,0.5714285714285714,0.7857142857142857,0.75,1.0,0.7272727272727273,8,11,8
1222,0.5,0.0,0.5,0.5,1.0,0.3333333333333333,4,12,4
1223,0.6666666666666666,0.06666666666666667,0.5333333333333333,0.5,1.0,0.5,6,12,6
1224,0.8695652173913044,-0.2,0.4,0.4,1.0,0.7692307692307693,10,13,10
1225,0.5882352941176471,0.6,0.8,0.8,1.0,0.4166666666666667,5,12,5
1226,0.7000000000000001,-0.3333333333333333,0.33333333333333337,0.42857142857142855,1.0,0.5384615384615384,7,13,7
1227,0.47058823529411764,1.0,1.0,1.0,1.0,0.3076923076923077,4,13,4
1228,0.8181818181818181,0.16666666666666666,0.5833333333333334,0.5555555555555556,1.0,0.6923076923076923,9,13,9
1229,0.8235294117647058,0.7142857142857143,0.8571428571428572,0.8571428571428571,1.0,0.7,7,10,7
1230,0.0,1.0,1.0,1.0,0.0,0.0,0,13,0
1231,0.8181818181818181,0.05555555555555555,0.5277777777777778,0.6666666666666666,1.0,0.6923076923076923,9,13,9
1232,0.8333333333333333,1.0,1.0,1.0,1.0,0.7142857142857143,5,7,5
1233,0.5,-0.3333333333333333,0.33333333333333337,0.5,1.0,0.3333333333333333,4,12,4
1234,0.9411764705882353,0.2857142857142857,0.6428571428571428,0.625,1.0,0.8888888888888888,8,9,8
1235,0.7368421052631579,0.047619047619047616,0.5238095238095238,0.5714285714285714,1.0,0.5833333333333334,7,12,7
1236,0.7368421052631579,0.14285714285714285,0.5714285714285714,0.7142857142857143,1.0,0.5833333333333334,7,12,7
1237,0.8,-0.2,0.4,0.5,1.0,0.6666666666666666,10,15,10
1238,0.5882352941176471,-0.6,0.2,0.4,1.0,0.4166666666666667,5,12,5
1239,0.9090909090909091,0.06666666666666667,0.5333333333333333,0.4,1.0,0.8333333333333334,10,12,10
1240,0.7368421052631579,0.23809523809523808,0.6190476190476191,0.5714285714285714,1.0,0.5833333333333334,7,12,7
1241,0.6666666666666666,-0.6,0.2,0.4,1.0,0.5,5,10,5
1242,0.8181818181818181,0.1111111111111111,0.5555555555555556,0.5555555555555556,1.0,0.6923076923076923,9,13,9
1243,0.5882352941176471,0.0,0.5,0.6,1.0,0.4166666666666667,5,12,5
1244,0.8,0.35714285714285715,0.6785714285714286,0.5,1.0,0.6666666666666666,8,12,8
1245,0.5263157894736842,0.2,0.6,0.6,1.0,0.35714285714285715,5,14,5
1246,0.9565217391304348,0.05454545454545454,0.5272727272727272,0.45454545454545453,1.0,0.9166666666666666,11,12,11
1247,0.5882352941176471,0.6,0.8,0.8,1.0,0.4166666666666667,5,12,5
1248,0.6,-0.3333333333333333,0.33333333333333337,0.3333333333333333,1.0,0.42857142857142855,6,14,6
1249,0.5263157894736842,0.0,0.5,0.6,1.0,0.35714285714285715,5,14,5
1250,0.761904761904762,0.35714285714285715,0.6785714285714286,0.625,1.0,0.6153846153846154,8,13,8
1251,0.6666666666666666,1.0,1.0,1.0,1.0,0.5,6,12,6
1252,0.5263157894736842,0.4,0.7,0.8,1.0,0.35714285714285715,5,14,5
1253,0.6666666666666666,0.0,0.5,0.4,1.0,0.5,5,10,5
1254,0.888888888888889,0.14285714285714285,0.5714285714285714,0.75,1.0,0.8,8,10,8
1255,0.8333333333333333,0.24444444444444444,0.6222222222222222,0.7,1.0,0.7142857142857143,10,14,10
1256,0.5882352941176471,0.6,0.8,0.8,1.0,0.4166666666666667,5,12,5
1257,0.7692307692307693,0.2,0.6,0.8,1.0,0.625,5,8,5
1258,0.8,0.5714285714285714,0.7857142857142857,0.75,1.0,0.6666666666666666,8,12,8
1259,0.7272727272727273,0.7142857142857143,0.8571428571428572,0.75,1.0,0.5714285714285714,8,14,8
1260,1.0,0.18181818181818182,0.5909090909090909,0.5833333333333334,1.0,1.0,12,12,12
1261,0.47058823529411764,0.0,0.5,0.5,1.0,0.3076923076923077,4,13,4
1262,0.9600000000000001,0.12121212121212122,0.5606060606060606,0.5833333333333334,0.9230769230769231,1.0,13,12,12
1263,0.5882352941176471,-0.2,0.4,0.6,1.0,0.4166666666666667,5,12,5
1264,0.6666666666666666,0.2,0.6,0.5,1.0,0.5,6,12,6
1265,0.6666666666666666,-0.06666666666666667,0.4666666666666667,0.6666666666666666,1.0,0.5,6,12,6
1266,0.7368421052631579,-0.42857142857142855,0.2857142857142857,0.2857142857142857,1.0,0.5833333333333334,7,12,7
1267,0.4,-0.3333333333333333,0.33333333333333337,0.6666666666666666,1.0,0.25,3,12,3
1268,0.5882352941176471,-0.6,0.2,0.4,1.0,0.4166666666666667,5,12,5
1269,0.6666666666666666,0.4666666666666667,0.7333333333333334,0.6666666666666666,1.0,0.5,6,12,6
1270,0.7000000000000001,0.7142857142857143,0.8571428571428572,0.8571428571428571,1.0,0.5384615384615384,7,13,7
1271,0.9473684210526316,0.4444444444444444,0.7222222222222222,0.5555555555555556,1.0,0.9,9,10,9
1272,0.8695652173913044,0.2,0.6,0.4,1.0,0.7692307692307693,10,13,10
1273,0.5,0.2,0.6,0.6,1.0,0.3333333333333333,5,15,5
1274,0.7368421052631579,0.5238095238095238,0.7619047619047619,0.7142857142857143,1.0,0.5833333333333334,7,12,7
1275,0.9411764705882353,0.6428571428571429,0.8214285714285714,0.75,1.0,0.8888888888888888,8,9,8
1276,0.9333333333333333,0.7142857142857143,0.8571428571428572,0.8571428571428571,1.0,0.875,7,8,7
1277,0.761904761904762,0.07142857142857142,0.5357142857142857,0.375,1.0,0.6153846153846154,8,13,8
1278,0.631578947368421,0.4666666666666667,0.7333333333333334,0.6666666666666666,1.0,0.46153846153846156,6,13,6
1279,0.8,0.7857142857142857,0.8928571428571428,0.75,1.0,0.6666666666666666,8,12,8
1280,0.6666666666666666,0.2,0.6,0.6,1.0,0.5,5,10,5
1281,0.8,0.5,0.75,0.625,1.0,0.6666666666666666,8,12,8
1282,0.7272727272727273,0.07142857142857142,0.5357142857142857,0.5,1.0,0.5714285714285714,8,14,8
1283,0.8,0.42857142857142855,0.7142857142857143,0.75,1.0,0.6666666666666666,8,12,8
1284,0.4,1.0,1.0,1.0,1.0,0.25,3,12,3
1285,0.7368421052631579,0.23809523809523808,0.6190476190476191,0.42857142857142855,1.0,0.5833333333333334,7,12,7
1286,0.9090909090909091,-0.28888888888888886,0.35555555555555557,0.5,1.0,0.8333333333333334,10,12,10
1287,0.7368421052631579,0.5238095238095238,0.7619047619047619,0.7142857142857143,1.0,0.5833333333333334,7,12,7
1288,0.8571428571428571,0.09090909090909091,0.5454545454545454,0.4166666666666667,0.75,1.0,16,12,12
1289,0.8,0.8571428571428571,0.9285714285714286,0.875,1.0,0.6666666666666666,8,12,8
1290,0.761904761904762,0.21428571428571427,0.6071428571428571,0.375,1.0,0.6153846153846154,8,13,8
1291,0.8484848484848484,-0.27472527472527475,0.3626373626373626,0.42857142857142855,0.7368421052631579,1.0,19,14,14
1292,0.761904761904762,-0.42857142857142855,0.2857142857142857,0.25,1.0,0.6153846153846154,8,13,8
1293,0.761904761904762,-0.2857142857142857,0.35714285714285715,0.375,1.0,0.6153846153846154,8,13,8
1294,0.8181818181818181,-0.05555555555555555,0.4722222222222222,0.4444444444444444,1.0,0.6923076923076923,9,13,9
1295,0.5882352941176471,-0.2,0.4,0.6,1.0,0.4166666666666667,5,12,5
1296,0.6666666666666666,-0.3333333333333333,0.33333333333333337,0.5,1.0,0.5,4,8,4
1297,0.782608695652174,0.05555555555555555,0.5277777777777778,0.5555555555555556,1.0,0.6428571428571429,9,14,9
1298,0.47058823529411764,0.6666666666666666,0.8333333333333333,0.75,1.0,0.3076923076923077,4,13,4
1299,0.5,-0.6666666666666666,0.16666666666666669,0.5,1.0,0.3333333333333333,4,12,4
1300,0.8695652173913044,0.15555555555555556,0.5777777777777777,0.6,1.0,0.7692307692307693,10,13,10
1301,0.8235294117647058,0.5238095238095238,0.7619047619047619,0.5714285714285714,1.0,0.7,7,10,7
1302,0.5555555555555556,-0.2,0.4,0.4,1.0,0.38461538461538464,5,13,5
1303,0.7368421052631579,0.23809523809523808,0.6190476190476191,0.5714285714285714,1.0,0.5833333333333334,7,12,7
1304,0.631578947368421,-0.3333333333333333,0.33333333333333337,0.5,1.0,0.46153846153846156,6,13,6
1305,0.8,0.2857142857142857,0.6428571428571428,0.625,1.0,0.6666666666666666,8,12,8
1306,0.8333333333333333,0.2,0.6,0.5,1.0,0.7142857142857143,10,14,10
1307,0.6363636363636364,-0.3333333333333333,0.33333333333333337,0.42857142857142855,1.0,0.4666666666666667,7,15,7
1308,0.625,0.6,0.8,0.6,1.0,0.45454545454545453,5,11,5
1309,0.8181818181818181,0.0,0.5,0.4444444444444444,1.0,0.6923076923076923,9,13,9
1310,0.9600000000000001,0.6363636363636364,0.8181818181818181,0.6666666666666666,0.9230769230769231,1.0,13,12,12
1311,0.5882352941176471,-0.2,0.4,0.4,1.0,0.4166666666666667,5,12,5
1312,0.9411764705882353,0.42857142857142855,0.7142857142857143,0.5,1.0,0.8888888888888888,8,9,8
1313,0.5882352941176471,0.0,0.5,0.4,1.0,0.4166666666666667,5,12,5
1314,0.5,0.3333333333333333,0.6666666666666666,0.75,1.0,0.3333333333333333,4,12,4
1315,0.7142857142857143,-0.4,0.3,0.4,1.0,0.5555555555555556,5,9,5
1316,0.5,0.0,0.5,0.4,1.0,0.3333333333333333,5,15,5
1317,0.9090909090909091,-0.022222222222222223,0.4888888888888889,0.4,1.0,0.8333333333333334,10,12,10
1318,0.5,0.0,0.5,0.6,1.0,0.3333333333333333,5,15,5
1319,0.8,0.3333333333333333,0.6666666666666666,0.6666666666666666,1.0,0.6666666666666666,6,9,6
1320,0.6666666666666666,-0.7142857142857143,0.14285714285714285,0.2857142857142857,1.0,0.5,7,14,7
1321,0.5882352941176471,0.2,0.6,0.8,1.0,0.4166666666666667,5,12,5
1322,0.7368421052631579,-0.14285714285714285,0.4285714285714286,0.5714285714285714,1.0,0.5833333333333334,7,12,7
1323,0.5555555555555556,-0.2,0.4,0.6,1.0,0.38461538461538464,5,13,5
1324,0.7272727272727273,0.42857142857142855,0.7142857142857143,0.625,1.0,0.5714285714285714,8,14,8
1325,1.0,0.3076923076923077,0.6538461538461539,0.5384615384615384,1.0,1.0,13,13,13
1326,0.888888888888889,-0.21428571428571427,0.39285714285714285,0.375,1.0,0.8,8,10,8
1327,0.5,0.3333333333333333,0.6666666666666666,0.75,1.0,0.3333333333333333,4,12,4
1328,0.5882352941176471,0.0,0.5,0.6,1.0,0.4166666666666667,5,12,5
1329,0.5555555555555556,0.2,0.6,0.8,1.0,0.38461538461538464,5,13,5
1330,0.7368421052631579,0.14285714285714285,0.5714285714285714,0.5714285714285714,1.0,0.5833333333333334,7,12,7
1331,0.42857142857142855,1.0,1.0,1.0,1.0,0.2727272727272727,3,11,3
1332,0.6153846153846153,-0.6666666666666666,0.16666666666666669,0.5,1.0,0.4444444444444444,4,9,4
1333,0.8571428571428571,0.5,0.75,0.7777777777777778,1.0,0.75,9,12,9
1334,0.7368421052631579,0.6190476190476191,0.8095238095238095,0.7142857142857143,1.0,0.5833333333333334,7,12,7
1335,0.761904761904762,0.07142857142857142,0.5357142857142857,0.5,1.0,0.6153846153846154,8,13,8
1336,0.7368421052631579,0.6190476190476191,0.8095238095238095,0.8571428571428571,1.0,0.5833333333333334,7,12,7
1337,1.0,0.5238095238095238,0.7619047619047619,0.5714285714285714,1.0,1.0,7,7,7
1338,0.6666666666666666,0.4,0.7,0.8,1.0,0.5,5,10,5
1339,0.7499999999999999,0.2222222222222222,0.6111111111111112,0.4444444444444444,1.0,0.6,9,15,9
1340,0.88,0.23636363636363636,0.6181818181818182,0.45454545454545453,1.0,0.7857142857142857,11,14,11
1341,0.72,0.2222222222222222,0.6111111111111112,0.5555555555555556,1.0,0.5625,9,16,9
1342,0.8571428571428571,0.1111111111111111,0.5555555555555556,0.5555555555555556,1.0,0.75,9,12,9
1343,0.6666666666666666,-0.2,0.4,0.5,1.0,0.5,6,12,6
1344,0.7272727272727273,0.3333333333333333,0.6666666666666666,0.75,1.0,0.5714285714285714,4,7,4
1345,0.7368421052631579,-0.14285714285714285,0.4285714285714286,0.42857142857142855,1.0,0.5833333333333334,7,12,7
1346,0.8421052631578948,-0.14285714285714285,0.4285714285714286,0.5,1.0,0.7272727272727273,8,11,8
1347,0.6363636363636364,0.6190476190476191,0.8095238095238095,0.7142857142857143,1.0,0.4666666666666667,7,15,7
1348,0.5882352941176471,0.2,0.6,0.6,1.0,0.4166666666666667,5,12,5
1349,0.7000000000000001,0.23809523809523808,0.6190476190476191,0.7142857142857143,1.0,0.5384615384615384,7,13,7
1350,0.5,0.3333333333333333,0.6666666666666666,0.75,1.0,0.3333333333333333,4,12,4
1351,0.9090909090909091,0.3333333333333333,0.6666666666666666,0.7,1.0,0.8333333333333334,10,12,10
1352,0.7272727272727273,-0.14285714285714285,0.4285714285714286,0.5,1.0,0.5714285714285714,8,14,8
1353,0.6666666666666666,0.5238095238095238,0.7619047619047619,0.8571428571428571,1.0,0.5,7,14,7
1354,0.6666666666666666,0.4666666666666667,0.7333333333333334,0.5,1.0,0.5,6,12,6
1355,0.6,0.2,0.6,0.6666666666666666,1.0,0.42857142857142855,6,14,6
1356,0.9285714285714286,0.20512820512820512,0.6025641025641025,0.5384615384615384,0.8666666666666667,1.0,15,13,13
1357,0.7000000000000001,0.23809523809523808,0.6190476190476191,0.5714285714285714,1.0,0.5384615384615384,7,13,7
1358,0.631578947368421,-0.3333333333333333,0.33333333333333337,0.5,1.0,0.46153846153846156,6,13,6
1359,0.8333333333333333,-0.1111111111111111,0.4444444444444444,0.5,0.7142857142857143,1.0,14,10,10
1360,0.8,0.4666666666666667,0.7333333333333334,0.6666666666666666,1.0,0.6666666666666666,6,9,6
1361,0.0,1.0,1.0,1.0,0.0,0.0,0,12,0
1362,0.6666666666666666,0.6,0.8,0.6666666666666666,1.0,0.5,6,12,6
1363,0.8181818181818181,0.6111111111111112,0.8055555555555556,0.7777777777777778,1.0,0.6923076923076923,9,13,9
1364,0.7000000000000001,-0.23809523809523808,0.38095238095238093,0.42857142857142855,1.0,0.5384615384615384,7,13,7
1365,0.6666666666666666,0.3333333333333333,0.6666666666666666,0.75,1.0,0.5,4,8,4
1366,0.7368421052631579,0.14285714285714285,0.5714285714285714,0.5714285714285714,1.0,0.5833333333333334,7,12,7
1367,0.7000000000000001,0.047619047619047616,0.5238095238095238,0.5714285714285714,1.0,0.5384615384615384,7,13,7
1368,0.7368421052631579,-0.047619047619047616,0.47619047619047616,0.5714285714285714,1.0,0.5833333333333334,7,12,7
1369,0.88,0.3090909090909091,0.6545454545454545,0.45454545454545453,1.0,0.7857142857142857,11,14,11
1370,0.7368421052631579,-0.5238095238095238,0.23809523809523808,0.42857142857142855,1.0,0.5833333333333334,7,12,7
1371,0.6666666666666666,0.4666666666666667,0.7333333333333334,0.5,1.0,0.5,6,12,6
1372,0.7368421052631579,0.047619047619047616,0.5238095238095238,0.5714285714285714,1.0,0.5833333333333334,7,12,7
1373,0.7142857142857143,0.4,0.7,0.6,1.0,0.5555555555555556,5,9,5
1374,0.6666666666666666,0.2,0.6,0.6666666666666666,1.0,0.5,6,12,6
1375,0.625,1.0,1.0,1.0,1.0,0.45454545454545453,5,11,5
1376,0.7272727272727273,0.0,0.5,0.5,1.0,0.5714285714285714,8,14,8
1377,0.6666666666666666,0.2,0.6,0.6,1.0,0.5,5,10,5
1378,0.5882352941176471,0.8,0.9,0.8,1.0,0.4166666666666667,5,12,5
1379,0.8235294117647058,0.6190476190476191,0.8095238095238095,0.7142857142857143,0.7,1.0,10,7,7
1380,0.8,0.5,0.75,0.625,1.0,0.6666666666666666,8,12,8
1381,0.8181818181818181,0.3333333333333333,0.6666666666666666,0.5555555555555556,1.0,0.6923076923076923,9,13,9
1382,0.5,0.6666666666666666,0.8333333333333333,0.75,1.0,0.3333333333333333,4,12,4
1383,0.5,0.0,0.5,0.5,1.0,0.3333333333333333,4,12,4
1384,0.8750000000000001,0.42857142857142855,0.7142857142857143,0.7142857142857143,1.0,0.7777777777777778,7,9,7
1385,0.6923076923076924,0.3888888888888889,0.6944444444444444,0.5555555555555556,1.0,0.5294117647058824,9,17,9
1386,0.9411764705882353,0.2857142857142857,0.6428571428571428,0.625,1.0,0.8888888888888888,8,9,8
1387,0.761904761904762,0.5,0.75,0.625,1.0,0.6153846153846154,8,13,8
1388,0.5882352941176471,0.2,0.6,0.6,1.0,0.4166666666666667,5,12,5
1389,0.761904761904762,0.42857142857142855,0.7142857142857143,0.625,1.0,0.6153846153846154,8,13,8
1390,0.782608695652174,0.16666666666666666,0.5833333333333334,0.6666666666666666,1.0,0.6428571428571429,9,14,9
1391,0.7272727272727273,0.0,0.5,0.5,1.0,0.5714285714285714,8,14,8
1392,0.8181818181818181,-0.1111111111111111,0.4444444444444444,0.3333333333333333,1.0,0.6923076923076923,9,13,9
1393,0.8571428571428571,0.3888888888888889,0.6944444444444444,0.6666666666666666,1.0,0.75,9,12,9
1394,1.0,-0.09090909090909091,0.45454545454545453,0.5454545454545454,1.0,1.0,11,11,11
1395,0.5882352941176471,-0.2,0.4,0.6,1.0,0.4166666666666667,5,12,5
1396,0.8,-0.06666666666666667,0.4666666666666667,0.6666666666666666,1.0,0.6666666666666666,6,9,6
1397,0.8181818181818181,0.3888888888888889,0.6944444444444444,0.5555555555555556,1.0,0.6923076923076923,9,13,9
1398,0.47058823529411764,0.6666666666666666,0.8333333333333333,0.75,1.0,0.3076923076923077,4,13,4
1399,0.6666666666666666,0.2,0.6,0.6666666666666666,1.0,0.5,6,12,6
1400,0.7368421052631579,0.8095238095238095,0.9047619047619048,0.7142857142857143,1.0,0.5833333333333334,7,12,7
1401,0.9523809523809523,0.1111111111111111,0.5555555555555556,0.4,1.0,0.9090909090909091,10,11,10
1402,0.923076923076923,0.15151515151515152,0.5757575757575758,0.5,1.0,0.8571428571428571,12,14,12
1403,0.6,0.6,0.8,0.6666666666666666,1.0,0.42857142857142855,6,14,6
1404,0.6666666666666666,0.2,0.6,0.6666666666666666,1.0,0.5,6,12,6
1405,0.5263157894736842,0.8,0.9,0.8,1.0,0.35714285714285715,5,14,5
1406,0.7000000000000001,-0.047619047619047616,0.47619047619047616,0.42857142857142855,1.0,0.5384615384615384,7,13,7
1407,0.6666666666666666,-0.14285714285714285,0.4285714285714286,0.42857142857142855,1.0,0.5,7,14,7
1408,0.47058823529411764,0.0,0.5,0.5,1.0,0.3076923076923077,4,13,4
1409,0.5,0.3333333333333333,0.6666666666666666,0.75,1.0,0.3333333333333333,4,12,4
1410,0.5714285714285715,0.0,0.5,0.5,1.0,0.4,4,10,4
1411,0.761904761904762,0.42857142857142855,0.7142857142857143,0.625,1.0,0.6153846153846154,8,13,8
1412,0.8,0.42857142857142855,0.7142857142857143,0.625,1.0,0.6666666666666666,8,12,8
1413,0.6666666666666666,0.6,0.8,0.6666666666666666,1.0,0.5,6,12,6
1414,0.9090909090909091,0.37777777777777777,0.6888888888888889,0.7,1.0,0.8333333333333334,10,12,10
1415,0.631578947368421,0.06666666666666667,0.5333333333333333,0.6666666666666666,1.0,0.46153846153846156,6,13,6
1416,0.7407407407407407,0.24444444444444444,0.6222222222222222,0.7,1.0,0.5882352941176471,10,17,10
1417,0.5454545454545454,-0.2,0.4,0.3333333333333333,1.0,0.375,6,16,6
1418,0.8695652173913044,0.022222222222222223,0.5111111111111111,0.5,1.0,0.7692307692307693,10,13,10
1419,0.5882352941176471,0.0,0.5,0.6,1.0,0.4166666666666667,5,12,5
1420,0.962962962962963,0.3076923076923077,0.6538461538461539,0.38461538461538464,0.9285714285714286,1.0,14,13,13
1421,0.8695652173913044,0.6,0.8,0.6,1.0,0.7692307692307693,10,13,10
1422,0.631578947368421,-0.06666666666666667,0.4666666666666667,0.6666666666666666,1.0,0.46153846153846156,6,13,6
1423,0.5882352941176471,0.4,0.7,0.6,1.0,0.4166666666666667,5,12,5
1424,1.0,0.23809523809523808,0.6190476190476191,0.5714285714285714,1.0,1.0,7,7,7
1425,0.8750000000000001,0.23809523809523808,0.6190476190476191,0.5714285714285714,1.0,0.7777777777777778,7,9,7
1426,0.5882352941176471,0.4,0.7,0.6,1.0,0.4166666666666667,5,12,5
1427,0.9600000000000001,0.030303030303030304,0.5151515151515151,0.4166666666666667,0.9230769230769231,1.0,13,12,12
1428,0.8571428571428571,0.6111111111111112,0.8055555555555556,0.5555555555555556,1.0,0.75,9,12,9
1429,0.7368421052631579,0.23809523809523808,0.6190476190476191,0.7142857142857143,1.0,0.5833333333333334,7,12,7
1430,0.5555555555555556,0.0,0.5,0.6,1.0,0.38461538461538464,5,13,5
1431,0.5714285714285715,0.4666666666666667,0.7333333333333334,0.6666666666666666,1.0,0.4,6,15,6
1432,0.6666666666666666,0.06666666666666667,0.5333333333333333,0.5,1.0,0.5,6,12,6
1433,0.8235294117647058,0.3333333333333333,0.6666666666666666,0.7142857142857143,1.0,0.7,7,10,7
1434,0.6363636363636364,-0.14285714285714285,0.4285714285714286,0.42857142857142855,1.0,0.4666666666666667,7,15,7
1435,0.5555555555555556,0.6,0.8,0.6,1.0,0.38461538461538464,5,13,5
1436,0.7777777777777778,0.047619047619047616,0.5238095238095238,0.5714285714285714,1.0,0.6363636363636364,7,11,7
1437,0.7368421052631579,0.3333333333333333,0.6666666666666666,0.7142857142857143,1.0,0.5833333333333334,7,12,7
1438,0.7000000000000001,0.047619047619047616,0.5238095238095238,0.42857142857142855,1.0,0.5384615384615384,7,13,7
1439,0.923076923076923,0.18181818181818182,0.5909090909090909,0.5,0.8571428571428571,1.0,14,12,12
1440,0.9565217391304348,0.12727272727272726,0.5636363636363636,0.45454545454545453,1.0,0.9166666666666666,11,12,11
1441,0.5882352941176471,0.4,0.7,0.6,1.0,0.4166666666666667,5,12,5
1442,0.9090909090909091,0.022222222222222223,0.5111111111111111,0.4,1.0,0.8333333333333334,10,12,10
1443,0.6666666666666666,0.0,0.5,0.6,1.0,0.5,5,10,5
1444,0.5882352941176471,0.8,0.9,0.8,1.0,0.4166666666666667,5,12,5
1445,0.625,0.2,0.6,0.6,1.0,0.45454545454545453,5,11,5
1446,0.5,0.3333333333333333,0.6666666666666666,0.75,1.0,0.3333333333333333,4,12,4
1447,0.9333333333333333,-0.047619047619047616,0.47619047619047616,0.5714285714285714,1.0,0.875,7,8,7
1448,0.5882352941176471,0.4,0.7,0.6,1.0,0.4166666666666667,5,12,5
1449,0.7777777777777778,0.047619047619047616,0.5238095238095238,0.5714285714285714,1.0,0.6363636363636364,7,11,7
1450,0.7499999999999999,0.2222222222222222,0.6111111111111112,0.5555555555555556,1.0,0.6,9,15,9
1451,0.5,0.6666666666666666,0.8333333333333333,0.75,1.0,0.3333333333333333,4,12,4
1452,0.761904761904762,0.5,0.75,0.5,1.0,0.6153846153846154,8,13,8
1453,0.7272727272727273,0.35714285714285715,0.6785714285714286,0.625,1.0,0.5714285714285714,8,14,8
1454,0.5555555555555556,0.0,0.5,0.6,1.0,0.38461538461538464,5,13,5
1455,0.8,0.5,0.75,0.75,1.0,0.6666666666666666,8,12,8
1456,0.5882352941176471,-0.2,0.4,0.6,1.0,0.4166666666666667,5,12,5
1457,0.6666666666666666,-0.3333333333333333,0.33333333333333337,0.42857142857142855,1.0,0.5,7,14,7
1458,0.0,1.0,1.0,1.0,0.0,0.0,0,12,0
1459,0.5555555555555556,-0.2,0.4,0.6,1.0,0.38461538461538464,5,13,5
1460,0.9090909090909091,0.1111111111111111,0.5555555555555556,0.5,1.0,0.8333333333333334,10,12,10
1461,0.9600000000000001,0.45454545454545453,0.7272727272727273,0.6666666666666666,1.0,0.9230769230769231,12,13,12
1462,0.631578947368421,0.06666666666666667,0.5333333333333333,0.5,1.0,0.46153846153846156,6,13,6
1463,0.47058823529411764,-0.3333333333333333,0.33333333333333337,0.5,1.0,0.3076923076923077,4,13,4
1464,0.8695652173913044,0.6,0.8,0.8,1.0,0.7692307692307693,10,13,10
1465,0.5,0.3333333333333333,0.6666666666666666,0.75,1.0,0.3333333333333333,4,12,4
1466,0.7368421052631579,-0.14285714285714285,0.4285714285714286,0.5714285714285714,1.0,0.5833333333333334,7,12,7
1467,0.7272727272727273,0.7857142857142857,0.8928571428571428,0.75,1.0,0.5714285714285714,8,14,8
1468,0.9090909090909091,0.3333333333333333,0.6666666666666666,0.5,1.0,0.8333333333333334,10,12,10
1469,0.5263157894736842,-0.4,0.3,0.6,1.0,0.35714285714285715,5,14,5
1470,0.9600000000000001,0.45454545454545453,0.7272727272727273,0.5,0.9230769230769231,1.0,13,12,12
1471,0.6,-0.06666666666666667,0.4666666666666667,0.6666666666666666,1.0,0.42857142857142855,6,14,6
1472,0.8148148148148148,0.4909090909090909,0.7454545454545455,0.6363636363636364,1.0,0.6875,11,16,11
1473,0.5263157894736842,-0.4,0.3,0.4,1.0,0.35714285714285715,5,14,5
1474,0.6666666666666666,0.4666666666666667,0.7333333333333334,0.6666666666666666,1.0,0.5,6,12,6
1475,0.6666666666666666,-1.0,0.0,0.16666666666666666,1.0,0.5,6,12,6
1476,0.6666666666666666,0.3333333333333333,0.6666666666666666,0.6666666666666666,1.0,0.5,6,12,6
1477,0.8,0.14285714285714285,0.5714285714285714,0.625,1.0,0.6666666666666666,8,12,8
1478,0.5555555555555556,0.4,0.7,0.6,1.0,0.38461538461538464,5,13,5
1479,0.6666666666666666,-0.2,0.4,0.5,1.0,0.5,6,12,6
1480,0.631578947368421,0.2,0.6,0.6666666666666666,1.0,0.46153846153846156,6,13,6
1481,0.6666666666666666,0.3333333333333333,0.6666666666666666,0.8333333333333334,1.0,0.5,6,12,6
1482,0.4444444444444445,0.0,0.5,0.5,1.0,0.2857142857142857,4,14,4
1483,0.8,0.21428571428571427,0.6071428571428571,0.5,1.0,0.6666666666666666,8,12,8
1484,0.923076923076923,0.21212121212121213,0.6060606060606061,0.5,1.0,0.8571428571428571,12,14,12
1485,0.4,0.3333333333333333,0.6666666666666666,0.6666666666666666,1.0,0.25,3,12,3
1486,0.8,0.6428571428571429,0.8214285714285714,0.75,1.0,0.6666666666666666,8,12,8
1487,0.8695652173913044,0.6,0.8,0.7,1.0,0.7692307692307693,10,13,10
1488,0.7368421052631579,-0.16483516483516483,0.4175824175824176,0.35714285714285715,0.5833333333333334,1.0,24,14,14
1489,0.923076923076923,0.3333333333333333,0.6666666666666666,0.5,0.8571428571428571,1.0,7,6,6
1490,0.5882352941176471,0.8,0.9,0.8,1.0,0.4166666666666667,5,12,5
1491,0.4444444444444445,0.3333333333333333,0.6666666666666666,0.75,1.0,0.2857142857142857,4,14,4
1492,0.6666666666666666,-0.047619047619047616,0.47619047619047616,0.42857142857142855,1.0,0.5,7,14,7
1493,0.5882352941176471,0.2,0.6,0.6,1.0,0.4166666666666667,5,12,5
1494,0.5,0.3333333333333333,0.6666666666666666,0.75,1.0,0.3333333333333333,4,12,4
1495,0.6363636363636364,0.14285714285714285,0.5714285714285714,0.42857142857142855,1.0,0.4666666666666667,7,15,7
1496,0.5714285714285715,0.0,0.5,0.5,1.0,0.4,4,10,4
1497,0.0,1.0,1.0,1.0,0.0,0.0,0,13,0
1498,0.6,-0.2,0.4,0.6666666666666666,1.0,0.42857142857142855,6,14,6
1499,0.6,-0.6,0.2,0.3333333333333333,1.0,0.42857142857142855,6,14,6
1500,0.4444444444444445,0.6666666666666666,0.8333333333333333,0.75,1.0,0.2857142857142857,4,14,4
1501,0.9285714285714286,0.0,0.5,0.38461538461538464,0.8666666666666667,1.0,15,13,13
1502,0.888888888888889,0.35714285714285715,0.6785714285714286,0.625,1.0,0.8,8,10,8
1503,0.7000000000000001,0.23809523809523808,0.6190476190476191,0.7142857142857143,1.0,0.5384615384615384,7,13,7
1504,0.761904761904762,0.35714285714285715,0.6785714285714286,0.75,1.0,0.6153846153846154,8,13,8
1505,0.8181818181818181,0.3333333333333333,0.6666666666666666,0.4444444444444444,1.0,0.6923076923076923,9,13,9
1506,0.6666666666666666,-0.3333333333333333,0.33333333333333337,0.3333333333333333,1.0,0.5,6,12,6
1507,0.9090909090909091,-0.28888888888888886,0.35555555555555557,0.5,1.0,0.8333333333333334,10,12,10
1508,0.7368421052631579,-0.42857142857142855,0.2857142857142857,0.2857142857142857,1.0,0.5833333333333334,7,12,7
1509,0.5263157894736842,0.0,0.5,0.6,1.0,0.35714285714285715,5,14,5
1510,0.6086956521739131,-0.047619047619047616,0.47619047619047616,0.5714285714285714,1.0,0.4375,7,16,7
1511,0.782608695652174,0.2222222222222222,0.6111111111111112,0.5555555555555556,1.0,0.6428571428571429,9,14,9
1512,0.5882352941176471,0.4,0.7,0.6,1.0,0.4166666666666667,5,12,5
1513,0.631578947368421,-0.2,0.4,0.3333333333333333,1.0,0.46153846153846156,6,13,6
1514,1.0,-0.3333333333333333,0.33333333333333337,0.3333333333333333,1.0,1.0,12,12,12
1515,0.5882352941176471,0.4,0.7,0.8,1.0,0.4166666666666667,5,12,5
1516,0.0,1.0,1.0,1.0,0.0,0.0,0,15,0
1517,0.0,1.0,1.0,1.0,0.0,0.0,0,10,0
1518,0.0,1.0,1.0,1.0,0.0,0.0,0,12,0
1519,0.761904761904762,0.42857142857142855,0.7142857142857143,0.5,1.0,0.6153846153846154,8,13,8
1520,0.888888888888889,-0.21428571428571427,0.39285714285714285,0.25,0.8,1.0,10,8,8
1521,0.9565217391304348,-0.01818181818181818,0.4909090909090909,0.45454545454545453,1.0,0.9166666666666666,11,12,11
1522,0.7499999999999999,0.3333333333333333,0.6666666666666666,0.6666666666666666,1.0,0.6,6,10,6
1523,0.8571428571428571,0.2777777777777778,0.6388888888888888,0.7777777777777778,1.0,0.75,9,12,9
1524,0.761904761904762,0.35714285714285715,0.6785714285714286,0.5,1.0,0.6153846153846154,8,13,8
1525,0.7368421052631579,0.3333333333333333,0.6666666666666666,0.7142857142857143,1.0,0.5833333333333334,7,12,7
1526,0.0,1.0,1.0,1.0,0.0,0.0,0,12,0
1527,0.7368421052631579,-0.23809523809523808,0.38095238095238093,0.42857142857142855,1.0,0.5833333333333334,7,12,7
1528,0.761904761904762,-0.2857142857142857,0.35714285714285715,0.375,1.0,0.6153846153846154,8,13,8
1529,0.888888888888889,0.35714285714285715,0.6785714285714286,0.5,1.0,0.8,8,10,8
1530,0.7272727272727273,0.07142857142857142,0.5357142857142857,0.5,1.0,0.5714285714285714,8,14,8
1531,0.923076923076923,-0.030303030303030304,0.48484848484848486,0.5,1.0,0.8571428571428571,12,14,12
1532,0.5263157894736842,0.2,0.6,0.8,1.0,0.35714285714285715,5,14,5
1533,0.8333333333333333,0.4222222222222222,0.7111111111111111,0.6,1.0,0.7142857142857143,10,14,10
1534,0.5333333333333333,0.6666666666666666,0.8333333333333333,0.75,1.0,0.36363636363636365,4,11,4
1535,1.0,-0.09090909090909091,0.45454545454545453,0.36363636363636365,1.0,1.0,11,11,11
1536,0.5882352941176471,-0.4,0.3,0.4,1.0,0.4166666666666667,5,12,5
1537,0.6666666666666666,0.4666666666666667,0.7333333333333334,0.6666666666666666,1.0,0.5,6,12,6
1538,0.9655172413793104,0.27472527472527475,0.6373626373626373,0.5714285714285714,0.9333333333333333,1.0,15,14,14
1539,0.8666666666666666,0.38461538461538464,0.6923076923076923,0.5384615384615384,0.7647058823529411,1.0,17,13,13
1540,0.8571428571428571,0.05555555555555555,0.5277777777777778,0.5555555555555556,1.0,0.75,9,12,9
1541,0.9600000000000001,0.3939393939393939,0.696969696969697,0.5,1.0,0.9230769230769231,12,13,12
1542,0.42857142857142855,-0.3333333333333333,0.33333333333333337,0.6666666666666666,1.0,0.2727272727272727,3,11,3
1543,0.5882352941176471,0.8,0.9,0.8,1.0,0.4166666666666667,5,12,5
1544,0.6666666666666666,0.06666666666666667,0.5333333333333333,0.5,1.0,0.5,6,12,6
1545,0.5882352941176471,0.4,0.7,0.6,1.0,0.4166666666666667,5,12,5
1546,0.5882352941176471,0.6,0.8,0.8,1.0,0.4166666666666667,5,12,5
1547,0.5,0.3333333333333333,0.6666666666666666,0.75,1.0,0.3333333333333333,4,12,4
1548,0.7368421052631579,0.42857142857142855,0.7142857142857143,0.5714285714285714,1.0,0.5833333333333334,7,12,7
1549,0.6666666666666666,0.06666666666666667,0.5333333333333333,0.6666666666666666,1.0,0.5,6,12,6
1550,0.0,1.0,1.0,1.0,0.0,0.0,0,13,0
1551,0.761904761904762,-0.42857142857142855,0.2857142857142857,0.375,1.0,0.6153846153846154,8,13,8
1552,0.7058823529411764,0.06666666666666667,0.5333333333333333,0.5,1.0,0.5454545454545454,6,11,6
1553,0.5555555555555556,-0.6,0.2,0.4,1.0,0.38461538461538464,5,13,5
1554,0.5714285714285715,0.3333333333333333,0.6666666666666666,0.75,1.0,0.4,4,10,4
1555,0.5882352941176471,0.4,0.7,0.6,1.0,0.4166666666666667,5,12,5
1556,0.8,0.42857142857142855,0.7142857142857143,0.5,1.0,0.6666666666666666,8,12,8
1557,0.7777777777777778,-0.047619047619047616,0.47619047619047616,0.5714285714285714,1.0,0.6363636363636364,7,11,7
1558,0.7368421052631579,0.8095238095238095,0.9047619047619048,0.8571428571428571,1.0,0.5833333333333334,7,12,7
1559,0.8,0.14285714285714285,0.5714285714285714,0.5,1.0,0.6666666666666666,8,12,8
1560,0.7272727272727273,0.2857142857142857,0.6428571428571428,0.5,1.0,0.5714285714285714,8,14,8
1561,0.6666666666666666,0.42857142857142855,0.7142857142857143,0.8571428571428571,1.0,0.5,7,14,7
1562,0.5882352941176471,0.0,0.5,0.6,1.0,0.4166666666666667,5,12,5
1563,0.8695652173913044,0.3333333333333333,0.6666666666666666,0.5,1.0,0.7692307692307693,10,13,10
1564,0.8,-0.2857142857142857,0.35714285714285715,0.5,1.0,0.6666666666666666,8,12,8
1565,0.4210526315789474,0.6666666666666666,0.8333333333333333,0.75,1.0,0.26666666666666666,4,15,4
1566,1.0,0.42857142857142855,0.7142857142857143,0.625,1.0,1.0,8,8,8
1567,0.7368421052631579,0.23809523809523808,0.6190476190476191,0.5714285714285714,1.0,0.5833333333333334,7,12,7
1568,0.7368421052631579,0.047619047619047616,0.5238095238095238,0.7142857142857143,1.0,0.5833333333333334,7,12,7
1569,0.5263157894736842,0.2,0.6,0.6,1.0,0.35714285714285715,5,14,5
1570,0.5882352941176471,-0.2,0.4,0.4,1.0,0.4166666666666667,5,12,5
1571,0.5555555555555556,0.2,0.6,0.8,1.0,0.38461538461538464,5,13,5
1572,0.9565217391304348,0.09090909090909091,0.5454545454545454,0.45454545454545453,1.0,0.9166666666666666,11,12,11
1573,1.0,0.45054945054945056,0.7252747252747253,0.5,1.0,1.0,14,14,14
1574,0.631578947368421,-0.6,0.2,0.3333333333333333,1.0,0.46153846153846156,6,13,6
1575,0.8,0.07142857142857142,0.5357142857142857,0.375,1.0,0.6666666666666666,8,12,8
1576,0.7368421052631579,-0.14285714285714285,0.4285714285714286,0.5714285714285714,1.0,0.5833333333333334,7,12,7
1577,0.6666666666666666,0.06666666666666667,0.5333333333333333,0.5,1.0,0.5,6,12,6
1578,0.0,1.0,1.0,1.0,0.0,0.0,0,14,0
1579,0.5882352941176471,0.4,0.7,0.8,1.0,0.4166666666666667,5,12,5
1580,0.6666666666666666,-0.6190476190476191,0.19047619047619047,0.2857142857142857,1.0,0.5,7,14,7
1581,1.0,-0.35714285714285715,0.3214285714285714,0.375,1.0,1.0,8,8,8
1582,0.7368421052631579,0.14285714285714285,0.5714285714285714,0.5714285714285714,1.0,0.5833333333333334,7,12,7
1583,0.5882352941176471,0.8,0.9,0.8,1.0,0.4166666666666667,5,12,5
1584,0.6666666666666666,0.3333333333333333,0.6666666666666666,0.8333333333333334,1.0,0.5,6,12,6
1585,0.9600000000000001,0.36363636363636365,0.6818181818181819,0.5,1.0,0.9230769230769231,12,13,12
1586,0.7368421052631579,0.23809523809523808,0.6190476190476191,0.5714285714285714,1.0,0.5833333333333334,7,12,7
1587,0.962962962962963,0.15384615384615385,0.5769230769230769,0.46153846153846156,0.9285714285714286,1.0,14,13,13
1588,0.5555555555555556,0.6,0.8,0.6,1.0,0.38461538461538464,5,13,5
1589,0.7368421052631579,-0.14285714285714285,0.4285714285714286,0.42857142857142855,1.0,0.5833333333333334,7,12,7
1590,0.8333333333333333,0.6888888888888889,0.8444444444444444,0.6,1.0,0.7142857142857143,10,14,10
1591,0.5833333333333334,-0.14285714285714285,0.4285714285714286,0.5714285714285714,1.0,0.4117647058823529,7,17,7
1592,0.5882352941176471,0.4,0.7,0.8,1.0,0.4166666666666667,5,12,5
1593,0.6666666666666666,0.3333333333333333,0.6666666666666666,0.5714285714285714,1.0,0.5,7,14,7
1594,0.7368421052631579,0.42857142857142855,0.7142857142857143,0.7142857142857143,1.0,0.5833333333333334,7,12,7
1595,0.6666666666666666,-0.2,0.4,0.3333333333333333,1.0,0.5,6,12,6
1596,0.761904761904762,-0.21428571428571427,0.39285714285714285,0.375,1.0,0.6153846153846154,8,13,8
1597,0.5882352941176471,-0.4,0.3,0.6,1.0,0.4166666666666667,5,12,5
1598,1.0,0.4666666666666667,0.7333333333333334,0.5,1.0,1.0,6,6,6
1599,0.6666666666666666,-0.047619047619047616,0.47619047619047616,0.42857142857142855,1.0,0.5,7,14,7
1600,0.5555555555555556,-0.2,0.4,0.6,1.0,0.38461538461538464,5,13,5
1601,0.6666666666666666,0.2,0.6,0.6666666666666666,1.0,0.5,6,12,6
1602,0.9166666666666666,0.2,0.6,0.5454545454545454,1.0,0.8461538461538461,11,13,11
1603,0.7692307692307693,0.2,0.6,0.8,1.0,0.625,5,8,5
1604,0.7368421052631579,-0.14285714285714285,0.4285714285714286,0.5714285714285714,1.0,0.5833333333333334,7,12,7
1605,0.8571428571428571,0.1111111111111111,0.5555555555555556,0.5555555555555556,0.75,1.0,12,9,9
1606,0.8,0.2857142857142857,0.6428571428571428,0.625,1.0,0.6666666666666666,8,12,8
1607,0.6666666666666666,0.047619047619047616,0.5238095238095238,0.42857142857142855,1.0,0.5,7,14,7
1608,0.5555555555555556,0.2,0.6,0.6,1.0,0.38461538461538464,5,13,5
1609,0.9600000000000001,0.0,0.5,0.4166666666666667,0.9230769230769231,1.0,13,12,12
1610,0.8571428571428571,-0.030303030303030304,0.48484848484848486,0.25,0.75,1.0,16,12,12
1611,0.5263157894736842,-0.2,0.4,0.6,1.0,0.35714285714285715,5,14,5
1612,0.6666666666666666,0.4666666666666667,0.7333333333333334,0.6666666666666666,1.0,0.5,6,12,6
1613,0.8,0.2857142857142857,0.6428571428571428,0.5,1.0,0.6666666666666666,8,12,8
1614,0.6666666666666666,-0.4666666666666667,0.26666666666666666,0.5,1.0,0.5,6,12,6
1615,0.631578947368421,0.4666666666666667,0.7333333333333334,0.6666666666666666,1.0,0.46153846153846156,6,13,6
1616,0.7000000000000001,0.23809523809523808,0.6190476190476191,0.5714285714285714,1.0,0.5384615384615384,7,13,7
1617,0.8571428571428571,-0.16666666666666666,0.4166666666666667,0.3333333333333333,1.0,0.75,9,12,9
1618,0.5882352941176471,0.8,0.9,0.8,1.0,0.4166666666666667,5,12,5
1619,0.9600000000000001,-0.2727272727272727,0.36363636363636365,0.3333333333333333,0.9230769230769231,1.0,13,12,12
1620,0.7368421052631579,-0.3333333333333333,0.33333333333333337,0.42857142857142855,1.0,0.5833333333333334,7,12,7
1621,0.6666666666666666,-0.2,0.4,0.5,1.0,0.5,6,12,6
1622,0.8,0.0,0.5,0.5,1.0,0.6666666666666666,8,12,8
1623,0.5555555555555556,0.0,0.5,0.6,1.0,0.38461538461538464,5,13,5
1624,0.5882352941176471,0.4,0.7,0.6,1.0,0.4166666666666667,5,12,5
1625,0.6666666666666666,0.8666666666666667,0.9333333333333333,0.8333333333333334,1.0,0.5,6,12,6
1626,0.6666666666666666,0.06666666666666667,0.5333333333333333,0.6666666666666666,1.0,0.5,6,12,6
1627,0.5882352941176471,-0.2,0.4,0.4,1.0,0.4166666666666667,5,12,5
1628,0.6666666666666666,-0.6190476190476191,0.19047619047619047,0.2857142857142857,1.0,0.5,7,14,7
1629,0.962962962962963,0.3076923076923077,0.6538461538461539,0.46153846153846156,0.9285714285714286,1.0,14,13,13
1630,0.5714285714285715,0.0,0.5,0.75,1.0,0.4,4,10,4
1631,0.9565217391304348,0.5272727272727272,0.7636363636363637,0.5454545454545454,1.0,0.9166666666666666,11,12,11
1632,0.631578947368421,0.2,0.6,0.6666666666666666,1.0,0.46153846153846156,6,13,6
1633,0.761904761904762,0.21428571428571427,0.6071428571428571,0.625,1.0,0.6153846153846154,8,13,8
1634,0.5882352941176471,0.0,0.5,0.4,1.0,0.4166666666666667,5,12,5
1635,0.782608695652174,0.1111111111111111,0.5555555555555556,0.5555555555555556,1.0,0.6428571428571429,9,14,9
1636,0.5333333333333333,0.3333333333333333,0.6666666666666666,0.5,1.0,0.36363636363636365,4,11,4
1637,0.888888888888889,0.24242424242424243,0.6212121212121212,0.5,0.8,1.0,15,12,12
1638,0.8695652173913044,0.7333333333333333,0.8666666666666667,0.7,1.0,0.7692307692307693,10,13,10
1639,0.8181818181818181,-0.3333333333333333,0.33333333333333337,0.4444444444444444,1.0,0.6923076923076923,9,13,9
1640,0.761904761904762,0.07142857142857142,0.5357142857142857,0.5,1.0,0.6153846153846154,8,13,8
1641,0.8571428571428571,0.030303030303030304,0.5151515151515151,0.5,1.0,0.75,12,16,12
1642,0.6666666666666666,-0.3333333333333333,0.33333333333333337,0.5,1.0,0.5,6,12,6
1643,0.9090909090909091,0.37777777777777777,0.6888888888888889,0.6,1.0,0.8333333333333334,10,12,10
1644,1.0,0.3333333333333333,0.6666666666666666,0.4166666666666667,1.0,1.0,12,12,12
1645,0.5,0.3333333333333333,0.6666666666666666,0.75,1.0,0.3333333333333333,4,12,4
1646,0.7368421052631579,0.6190476190476191,0.8095238095238095,0.7142857142857143,1.0,0.5833333333333334,7,12,7
1647,0.7368421052631579,0.3333333333333333,0.6666666666666666,0.7142857142857143,1.0,0.5833333333333334,7,12,7
1648,0.631578947368421,0.06666666666666667,0.5333333333333333,0.5,1.0,0.46153846153846156,6,13,6
1649,0.8181818181818181,0.3888888888888889,0.6944444444444444,0.6666666666666666,1.0,0.6923076923076923,9,13,9
1650,0.6666666666666666,0.6,0.8,0.8333333333333334,1.0,0.5,6,12,6
1651,0.5714285714285715,0.6666666666666666,0.8333333333333333,0.75,1.0,0.4,4,10,4
1652,0.7499999999999999,0.06666666666666667,0.5333333333333333,0.5,1.0,0.6,6,10,6
1653,0.6666666666666666,-0.06666666666666667,0.4666666666666667,0.5,1.0,0.5,6,12,6
1654,0.7368421052631579,-0.5238095238095238,0.23809523809523808,0.42857142857142855,1.0,0.5833333333333334,7,12,7
1655,0.625,0.0,0.5,0.6,1.0,0.45454545454545453,5,11,5
1656,0.5555555555555556,0.2,0.6,0.8,1.0,0.38461538461538464,5,13,5
1657,0.8571428571428571,0.7222222222222222,0.8611111111111112,0.8888888888888888,1.0,0.75,9,12,9
1658,0.7368421052631579,-0.5238095238095238,0.23809523809523808,0.2857142857142857,1.0,0.5833333333333334,7,12,7
1659,0.7000000000000001,0.047619047619047616,0.5238095238095238,0.5714285714285714,1.0,0.5384615384615384,7,13,7
1660,0.7272727272727273,0.2857142857142857,0.6428571428571428,0.625,1.0,0.5714285714285714,8,14,8
1661,0.8235294117647058,0.14285714285714285,0.5714285714285714,0.5714285714285714,1.0,0.7,7,10,7
1662,0.9600000000000001,0.09090909090909091,0.5454545454545454,0.5,1.0,0.9230769230769231,12,13,12
1663,0.631578947368421,0.06666666666666667,0.5333333333333333,0.5,1.0,0.46153846153846156,6,13,6
1664,1.0,0.09090909090909091,0.5454545454545454,0.4166666666666667,1.0,1.0,12,12,12
1665,0.761904761904762,-0.42857142857142855,0.2857142857142857,0.375,1.0,0.6153846153846154,8,13,8
1666,0.5882352941176471,-0.2,0.4,0.4,1.0,0.4166666666666667,5,12,5
1667,0.7000000000000001,-0.14285714285714285,0.4285714285714286,0.42857142857142855,1.0,0.5384615384615384,7,13,7
1668,0.5882352941176471,0.0,0.5,0.6,1.0,0.4166666666666667,5,12,5
1669,0.7777777777777778,0.42857142857142855,0.7142857142857143,0.5714285714285714,1.0,0.6363636363636364,7,11,7
1670,0.8571428571428571,0.4666666666666667,0.7333333333333334,0.6666666666666666,0.75,1.0,8,6,6
1671,0.5882352941176471,0.4,0.7,0.8,1.0,0.4166666666666667,5,12,5
1672,0.0,1.0,1.0,1.0,0.0,0.0,0,12,0
1673,0.5555555555555556,0.0,0.5,0.6,1.0,0.38461538461538464,5,13,5
1674,0.8571428571428571,-0.06666666666666667,0.4666666666666667,0.5,1.0,0.75,6,8,6
1675,1.0,-0.05128205128205128,0.47435897435897434,0.38461538461538464,1.0,1.0,13,13,13
1676,0.9600000000000001,-0.06060606060606061,0.4696969696969697,0.4166666666666667,0.9230769230769231,1.0,13,12,12
1677,0.8181818181818181,0.2222222222222222,0.6111111111111112,0.4444444444444444,1.0,0.6923076923076923,9,13,9
1678,0.7368421052631579,-0.14285714285714285,0.4285714285714286,0.42857142857142855,1.0,0.5833333333333334,7,12,7
1679,0.7368421052631579,-0.047619047619047616,0.47619047619047616,0.5714285714285714,1.0,0.5833333333333334,7,12,7
1680,0.6666666666666666,0.23809523809523808,0.6190476190476191,0.5714285714285714,1.0,0.5,7,14,7
1681,0.0,1.0,1.0,1.0,0.0,0.0,0,14,0
1682,0.7000000000000001,0.5238095238095238,0.7619047619047619,0.5714285714285714,1.0,0.5384615384615384,7,13,7
1683,0.631578947368421,0.06666666666666667,0.5333333333333333,0.6666666666666666,1.0,0.46153846153846156,6,13,6
1684,0.8,0.35714285714285715,0.6785714285714286,0.625,1.0,0.6666666666666666,8,12,8
1685,0.7000000000000001,0.8095238095238095,0.9047619047619048,0.7142857142857143,1.0,0.5384615384615384,7,13,7
1686,0.761904761904762,0.42857142857142855,0.7142857142857143,0.5,1.0,0.6153846153846154,8,13,8
1687,0.4444444444444445,0.6666666666666666,0.8333333333333333,0.75,1.0,0.2857142857142857,4,14,4
1688,0.4210526315789474,0.3333333333333333,0.6666666666666666,0.5,1.0,0.26666666666666666,4,15,4
1689,0.6666666666666666,0.06666666666666667,0.5333333333333333,0.6666666666666666,1.0,0.5,6,12,6
1690,0.8,0.8571428571428571,0.9285714285714286,0.875,1.0,0.6666666666666666,8,12,8
1691,0.5882352941176471,0.0,0.5,0.6,1.0,0.4166666666666667,5,12,5
1692,0.7272727272727273,-0.07142857142857142,0.4642857142857143,0.375,1.0,0.5714285714285714,8,14,8
1693,0.7000000000000001,-0.047619047619047616,0.47619047619047616,0.42857142857142855,1.0,0.5384615384615384,7,13,7
1694,0.8,-0.2857142857142857,0.35714285714285715,0.5,1.0,0.6666666666666666,8,12,8
1695,0.8,0.35714285714285715,0.6785714285714286,0.75,1.0,0.6666666666666666,8,12,8
1696,0.7000000000000001,-0.047619047619047616,0.47619047619047616,0.5714285714285714,1.0,0.5384615384615384,7,13,7
1697,0.8181818181818181,0.7222222222222222,0.8611111111111112,0.7777777777777778,1.0,0.6923076923076923,9,13,9
1698,0.9090909090909091,0.6888888888888889,0.8444444444444444,0.7,1.0,0.8333333333333334,10,12,10
1699,0.9565217391304348,0.2,0.6,0.6363636363636364,1.0,0.9166666666666666,11,12,11
1700,0.7000000000000001,-0.047619047619047616,0.47619047619047616,0.5714285714285714,1.0,0.5384615384615384,7,13,7
1701,0.8181818181818181,-0.4444444444444444,0.2777777777777778,0.3333333333333333,1.0,0.6923076923076923,9,13,9
1702,0.7368421052631579,-0.047619047619047616,0.47619047619047616,0.42857142857142855,1.0,0.5833333333333334,7,12,7
1703,0.6153846153846153,0.6666666666666666,0.8333333333333333,0.75,1.0,0.4444444444444444,4,9,4
1704,0.761904761904762,0.07142857142857142,0.5357142857142857,0.5,1.0,0.6153846153846154,8,13,8
1705,0.5882352941176471,0.8,0.9,0.8,1.0,0.4166666666666667,5,12,5
1706,0.8,0.35714285714285715,0.6785714285714286,0.75,1.0,0.6666666666666666,8,12,8
1707,0.4,-1.0,0.0,0.3333333333333333,1.0,0.25,3,12,3
1708,0.761904761904762,0.7142857142857143,0.8571428571428572,0.75,1.0,0.6153846153846154,8,13,8
1709,0.6363636363636364,0.14285714285714285,0.5714285714285714,0.5714285714285714,1.0,0.4666666666666667,7,15,7
1710,0.6666666666666666,0.3333333333333333,0.6666666666666666,0.8333333333333334,1.0,0.5,6,12,6
1711,0.8333333333333333,0.6888888888888889,0.8444444444444444,0.8,1.0,0.7142857142857143,10,14,10
1712,0.7142857142857143,0.8,0.9,0.8,1.0,0.5555555555555556,5,9,5
1713,0.761904761904762,0.5,0.75,0.625,1.0,0.6153846153846154,8,13,8
1714,0.72,0.1111111111111111,0.5555555555555556,0.5555555555555556,0.5625,1.0,16,9,9
1715,0.9473684210526316,0.2222222222222222,0.6111111111111112,0.4444444444444444,1.0,0.9,9,10,9
1716,0.8,0.7142857142857143,0.8571428571428572,0.875,1.0,0.6666666666666666,8,12,8
1717,0.7499999999999999,0.16666666666666666,0.5833333333333334,0.6666666666666666,1.0,0.6,9,15,9
1718,0.8666666666666666,0.10256410256410256,0.5512820512820513,0.38461538461538464,0.7647058823529411,1.0,17,13,13
1719,0.5882352941176471,0.4,0.7,0.6,1.0,0.4166666666666667,5,12,5
1720,0.5263157894736842,0.2,0.6,0.6,1.0,0.35714285714285715,5,14,5
1721,0.8,0.21428571428571427,0.6071428571428571,0.5,1.0,0.6666666666666666,8,12,8
1722,0.7368421052631579,0.6190476190476191,0.8095238095238095,0.7142857142857143,1.0,0.5833333333333334,7,12,7
1723,0.9090909090909091,0.28888888888888886,0.6444444444444444,0.6,1.0,0.8333333333333334,10,12,10
1724,0.7368421052631579,0.42857142857142855,0.7142857142857143,0.7142857142857143,1.0,0.5833333333333334,7,12,7
1725,0.5,-0.7333333333333333,0.13333333333333336,0.3333333333333333,1.0,0.3333333333333333,6,18,6
1726,0.5555555555555556,0.4,0.7,0.6,1.0,0.38461538461538464,5,13,5
1727,0.5263157894736842,-0.2,0.4,0.6,1.0,0.35714285714285715,5,14,5
1728,0.631578947368421,0.6,0.8,0.6666666666666666,1.0,0.46153846153846156,6,13,6
1729,0.7368421052631579,0.14285714285714285,0.5714285714285714,0.42857142857142855,1.0,0.5833333333333334,7,12,7
1730,0.0,1.0,1.0,1.0,0.0,0.0,0,10,0
1731,0.8421052631578948,-0.14285714285714285,0.4285714285714286,0.375,1.0,0.7272727272727273,8,11,8
1732,0.8695652173913044,0.4222222222222222,0.7111111111111111,0.6,1.0,0.7692307692307693,10,13,10
1733,0.9090909090909091,0.1111111111111111,0.5555555555555556,0.4,1.0,0.8333333333333334,10,12,10
1734,0.8333333333333333,0.4666666666666667,0.7333333333333334,0.7,1.0,0.7142857142857143,10,14,10
1735,0.8695652173913044,-0.06666666666666667,0.4666666666666667,0.5,1.0,0.7692307692307693,10,13,10
1736,0.9166666666666666,0.09090909090909091,0.5454545454545454,0.45454545454545453,1.0,0.8461538461538461,11,13,11
1737,0.6666666666666666,0.3333333333333333,0.6666666666666666,0.5,1.0,0.5,6,12,6
1738,0.8571428571428571,0.3333333333333333,0.6666666666666666,0.6666666666666666,1.0,0.75,9,12,9
1739,1.0,0.2,0.6,0.6666666666666666,1.0,1.0,6,6,6
1740,0.7272727272727273,0.0,0.5,0.5,1.0,0.5714285714285714,8,14,8
1741,0.5,-0.6666666666666666,0.16666666666666669,0.5,1.0,0.3333333333333333,4,12,4
1742,0.5,-0.4,0.3,0.6,1.0,0.3333333333333333,5,15,5
1743,0.9523809523809523,-0.15555555555555556,0.4222222222222222,0.5,1.0,0.9090909090909091,10,11,10
1744,0.8571428571428571,-0.4444444444444444,0.2777777777777778,0.3333333333333333,1.0,0.75,9,12,9
1745,0.8235294117647058,0.6190476190476191,0.8095238095238095,0.7142857142857143,1.0,0.7,7,10,7
1746,0.5882352941176471,-0.2,0.4,0.6,1.0,0.4166666666666667,5,12,5
1747,0.5882352941176471,0.0,0.5,0.4,1.0,0.4166666666666667,5,12,5
1748,0.7058823529411764,-0.06666666666666667,0.4666666666666667,0.5,1.0,0.5454545454545454,6,11,6
1749,0.8181818181818181,-0.05555555555555555,0.4722222222222222,0.6666666666666666,1.0,0.6923076923076923,9,13,9
1750,0.9523809523809523,0.1111111111111111,0.5555555555555556,0.5,1.0,0.9090909090909091,10,11,10
1751,0.5333333333333333,-0.3333333333333333,0.33333333333333337,0.5,1.0,0.36363636363636365,4,11,4
1752,0.8695652173913044,0.2,0.6,0.6,1.0,0.7692307692307693,10,13,10
1753,0.8750000000000001,-0.047619047619047616,0.47619047619047616,0.5714285714285714,1.0,0.7777777777777778,7,9,7
1754,0.88,0.4909090909090909,0.7454545454545455,0.5454545454545454,1.0,0.7857142857142857,11,14,11
1755,0.8571428571428571,0.2777777777777778,0.6388888888888888,0.4444444444444444,1.0,0.75,9,12,9
1756,0.9090909090909091,0.6444444444444445,0.8222222222222222,0.6,1.0,0.8333333333333334,10,12,10
1757,0.631578947368421,-0.3333333333333333,0.33333333333333337,0.3333333333333333,1.0,0.46153846153846156,6,13,6
1758,0.41379310344827586,0.36363636363636365,0.6818181818181819,0.5,0.2608695652173913,1.0,46,12,12
1759,0.6,0.7333333333333333,0.8666666666666667,0.8333333333333334,1.0,0.42857142857142855,6,14,6
1760,0.631578947368421,-0.2,0.4,0.5,1.0,0.46153846153846156,6,13,6
1761,0.0,1.0,1.0,1.0,0.0,0.0,0,12,0
1762,0.7368421052631579,-0.42857142857142855,0.2857142857142857,0.42857142857142855,1.0,0.5833333333333334,7,12,7
1763,0.782608695652174,-0.3333333333333333,0.33333333333333337,0.4444444444444444,1.0,0.6428571428571429,9,14,9
1764,0.0,1.0,1.0,1.0,0.0,0.0,0,12,0
1765,0.6363636363636364,0.3333333333333333,0.6666666666666666,0.42857142857142855,1.0,0.4666666666666667,7,15,7
1766,0.0,1.0,1.0,1.0,0.0,0.0,0,14,0
1767,0.6666666666666666,0.3333333333333333,0.6666666666666666,0.5,1.0,0.5,4,8,4
1768,0.7499999999999999,-0.2571428571428571,0.37142857142857144,0.3333333333333333,0.6,1.0,25,15,15
1769,0.8,0.2857142857142857,0.6428571428571428,0.625,0.6666666666666666,1.0,12,8,8
1770,0.782608695652174,-0.3888888888888889,0.3055555555555556,0.4444444444444444,0.6428571428571429,1.0,14,9,9
1771,0.6666666666666666,0.14285714285714285,0.5714285714285714,0.7142857142857143,1.0,0.5,7,14,7
1772,0.0,1.0,1.0,1.0,0.0,0.0,0,12,0
1773,0.0,1.0,1.0,1.0,0.0,0.0,0,13,0
1774,0.761904761904762,0.07142857142857142,0.5357142857142857,0.625,1.0,0.6153846153846154,8,13,8
1775,0.631578947368421,0.4666666666666667,0.7333333333333334,0.6666666666666666,1.0,0.46153846153846156,6,13,6
1776,0.7142857142857143,0.6,0.8,0.8,1.0,0.5555555555555556,5,9,5
1777,0.9090909090909091,0.3333333333333333,0.6666666666666666,0.5,1.0,0.8333333333333334,10,12,10
1778,0.0,1.0,1.0,1.0,0.0,0.0,0,14,0
1779,0.6666666666666666,-0.42857142857142855,0.2857142857142857,0.42857142857142855,1.0,0.5,7,14,7
1780,0.6363636363636364,-0.42857142857142855,0.2857142857142857,0.2857142857142857,1.0,0.4666666666666667,7,15,7
1781,0.8695652173913044,0.15555555555555556,0.5777777777777777,0.5,1.0,0.7692307692307693,10,13,10
1782,0.5454545454545454,0.06666666666666667,0.5333333333333333,0.6666666666666666,1.0,0.375,6,16,6
1783,0.7368421052631579,0.23809523809523808,0.6190476190476191,0.5714285714285714,1.0,0.5833333333333334,7,12,7
1784,0.782608695652174,0.05555555555555555,0.5277777777777778,0.4444444444444444,1.0,0.6428571428571429,9,14,9
1785,0.6666666666666666,-0.5238095238095238,0.23809523809523808,0.42857142857142855,1.0,0.5,7,14,7
1786,0.8571428571428571,-0.05555555555555555,0.4722222222222222,0.4444444444444444,1.0,0.75,9,12,9
1787,0.761904761904762,-0.07142857142857142,0.4642857142857143,0.5,1.0,0.6153846153846154,8,13,8
1788,1.0,0.3333333333333333,0.6666666666666666,0.5,1.0,1.0,12,12,12
1789,0.631578947368421,-0.06666666666666667,0.4666666666666667,0.5,1.0,0.46153846153846156,6,13,6
1790,0.8571428571428571,0.5555555555555556,0.7777777777777778,0.5555555555555556,1.0,0.75,9,12,9
1791,0.6666666666666666,-0.4666666666666667,0.26666666666666666,0.3333333333333333,1.0,0.5,6,12,6
1792,1.0,0.3333333333333333,0.6666666666666666,0.6153846153846154,1.0,1.0,13,13,13
1793,0.9090909090909091,-0.06666666666666667,0.4666666666666667,0.4,1.0,0.8333333333333334,10,12,10
1794,0.6666666666666666,-0.06666666666666667,0.4666666666666667,0.5,1.0,0.5,6,12,6
1795,1.0,0.05555555555555555,0.5277777777777778,0.4444444444444444,1.0,1.0,9,9,9
1796,0.631578947368421,0.4666666666666667,0.7333333333333334,0.6666666666666666,1.0,0.46153846153846156,6,13,6
1797,0.9285714285714286,0.15384615384615385,0.5769230769230769,0.5384615384615384,1.0,0.8666666666666667,13,15,13
1798,0.8,0.28888888888888886,0.6444444444444444,0.5,1.0,0.6666666666666666,10,15,10
1799,0.782608695652174,0.2222222222222222,0.6111111111111112,0.5555555555555556,1.0,0.6428571428571429,9,14,9
1800,0.7692307692307693,0.0,0.5,0.4,1.0,0.625,5,8,5
1801,0.6,0.06666666666666667,0.5333333333333333,0.6666666666666666,1.0,0.42857142857142855,6,14,6
1802,0.0,1.0,1.0,1.0,0.0,0.0,0,15,0
1803,0.5,0.0,0.5,0.75,1.0,0.3333333333333333,4,12,4
1804,0.5714285714285715,0.3333333333333333,0.6666666666666666,0.5,1.0,0.4,6,15,6
1805,0.5555555555555556,0.0,0.5,0.6,1.0,0.38461538461538464,5,13,5
1806,0.631578947368421,0.2,0.6,0.5,1.0,0.46153846153846156,6,13,6
1807,0.9600000000000001,0.21212121212121213,0.6060606060606061,0.5,0.9230769230769231,1.0,13,12,12
1808,0.0,1.0,1.0,1.0,0.0,0.0,0,13,0
1809,0.923076923076923,0.15151515151515152,0.5757575757575758,0.5,0.8571428571428571,1.0,14,12,12
1810,0.962962962962963,-0.15384615384615385,0.4230769230769231,0.38461538461538464,1.0,0.9285714285714286,13,14,13
1811,0.8181818181818181,0.4444444444444444,0.7222222222222222,0.5555555555555556,1.0,0.6923076923076923,9,13,9
1812,0.5882352941176471,0.2,0.6,0.6,1.0,0.4166666666666667,5,12,5
1813,0.0,1.0,1.0,1.0,0.0,0.0,0,14,0
1814,0.6666666666666666,1.0,1.0,1.0,1.0,0.5,6,12,6
1815,0.6,0.3333333333333333,0.6666666666666666,0.6666666666666666,1.0,0.42857142857142855,6,14,6
1816,0.7368421052631579,0.6190476190476191,0.8095238095238095,0.5714285714285714,1.0,0.5833333333333334,7,12,7
1817,0.6666666666666666,-0.14285714285714285,0.4285714285714286,0.42857142857142855,1.0,0.5,7,14,7
1818,0.9285714285714286,0.4358974358974359,0.717948717948718,0.5384615384615384,0.8666666666666667,1.0,15,13,13
1819,0.8181818181818181,0.6111111111111112,0.8055555555555556,0.5555555555555556,1.0,0.6923076923076923,9,13,9
1820,0.8,0.5714285714285714,0.7857142857142857,0.75,1.0,0.6666666666666666,8,12,8
1821,0.8333333333333333,0.37777777777777777,0.6888888888888889,0.6,1.0,0.7142857142857143,10,14,10
1822,0.631578947368421,-0.3333333333333333,0.33333333333333337,0.5,1.0,0.46153846153846156,6,13,6
1823,0.8181818181818181,0.05555555555555555,0.5277777777777778,0.4444444444444444,1.0,0.6923076923076923,9,13,9
1824,0.5882352941176471,0.2,0.6,0.6,1.0,0.4166666666666667,5,12,5
1825,0.9411764705882353,0.14285714285714285,0.5714285714285714,0.625,1.0,0.8888888888888888,8,9,8
1826,0.9285714285714286,0.48717948717948717,0.7435897435897436,0.6153846153846154,1.0,0.8666666666666667,13,15,13
1827,0.5882352941176471,1.0,1.0,1.0,1.0,0.4166666666666667,5,12,5
1828,0.761904761904762,0.42857142857142855,0.7142857142857143,0.625,1.0,0.6153846153846154,8,13,8
1829,0.6,-0.6,0.2,0.3333333333333333,1.0,0.42857142857142855,6,14,6
1830,0.631578947368421,-0.3333333333333333,0.33333333333333337,0.5,1.0,0.46153846153846156,6,13,6
1831,0.8333333333333333,0.1111111111111111,0.5555555555555556,0.4,1.0,0.7142857142857143,10,14,10
1832,0.0,1.0,1.0,1.0,0.0,0.0,0,9,0
1833,1.0,0.2727272727272727,0.6363636363636364,0.5833333333333334,1.0,1.0,12,12,12
1834,0.6,0.6,0.8,0.8333333333333334,1.0,0.42857142857142855,6,14,6
1835,0.5882352941176471,0.6,0.8,0.6,1.0,0.4166666666666667,5,12,5
1836,0.0,1.0,1.0,1.0,0.0,0.0,0,12,0
1837,0.6666666666666666,-0.047619047619047616,0.47619047619047616,0.5714285714285714,1.0,0.5,7,14,7
1838,0.761904761904762,0.5,0.75,0.625,1.0,0.6153846153846154,8,13,8
1839,0.6666666666666666,0.3333333333333333,0.6666666666666666,0.5,1.0,0.5,6,12,6
1840,0.8571428571428571,0.2727272727272727,0.6363636363636364,0.5833333333333334,0.75,1.0,16,12,12
1841,0.8,0.3333333333333333,0.6666666666666666,0.5,1.0,0.6666666666666666,6,9,6
1842,0.761904761904762,0.6428571428571429,0.8214285714285714,0.875,1.0,0.6153846153846154,8,13,8
1843,0.0,1.0,1.0,1.0,0.0,0.0,0,10,0
1844,0.761904761904762,0.35714285714285715,0.6785714285714286,0.5,1.0,0.6153846153846154,8,13,8
1845,0.6666666666666666,0.3333333333333333,0.6666666666666666,0.6666666666666666,1.0,0.5,6,12,6
1846,0.6666666666666666,0.5238095238095238,0.7619047619047619,0.7142857142857143,1.0,0.5,7,14,7
1847,0.761904761904762,0.07142857142857142,0.5357142857142857,0.625,1.0,0.6153846153846154,8,13,8
1848,0.8421052631578948,0.5,0.75,0.5,1.0,0.7272727272727273,8,11,8
1849,0.8,0.21428571428571427,0.6071428571428571,0.625,1.0,0.6666666666666666,8,12,8
1850,0.5263157894736842,-0.4,0.3,0.6,1.0,0.35714285714285715,5,14,5
1851,0.9285714285714286,-0.10256410256410256,0.44871794871794873,0.38461538461538464,0.8666666666666667,1.0,15,13,13
1852,0.7368421052631579,-0.42857142857142855,0.2857142857142857,0.42857142857142855,1.0,0.5833333333333334,7,12,7
1853,1.0,0.21428571428571427,0.6071428571428571,0.5,1.0,1.0,8,8,8
1854,0.9655172413793104,0.3626373626373626,0.6813186813186813,0.5,0.9333333333333333,1.0,15,14,14
1855,0.8235294117647058,-0.42857142857142855,0.2857142857142857,0.42857142857142855,1.0,0.7,7,10,7
1856,1.0,0.0989010989010989,0.5494505494505495,0.35714285714285715,1.0,1.0,14,14,14
1857,0.9285714285714286,0.07692307692307693,0.5384615384615384,0.38461538461538464,0.8666666666666667,1.0,15,13,13
1858,0.0,1.0,1.0,1.0,0.0,0.0,0,14,0
1859,0.0,1.0,1.0,1.0,0.0,0.0,0,14,0
1860,0.6,-0.3333333333333333,0.33333333333333337,0.5,1.0,0.42857142857142855,6,14,6
1861,0.962962962962963,0.20512820512820512,0.6025641025641025,0.5384615384615384,0.9285714285714286,1.0,14,13,13
1862,0.5555555555555556,0.2,0.6,0.6,1.0,0.38461538461538464,5,13,5
1863,0.631578947368421,-0.2,0.4,0.3333333333333333,1.0,0.46153846153846156,6,13,6
1864,0.9600000000000001,-0.15151515151515152,0.42424242424242425,0.5,0.9230769230769231,1.0,13,12,12
1865,0.8695652173913044,0.28888888888888886,0.6444444444444444,0.6,1.0,0.7692307692307693,10,13,10
1866,1.0,0.21212121212121213,0.6060606060606061,0.5,1.0,1.0,12,12,12
1867,0.717948717948718,-0.12087912087912088,0.43956043956043955,0.2857142857142857,0.56,1.0,25,14,14
1868,0.5,0.0,0.5,0.5,1.0,0.3333333333333333,4,12,4
1869,0.5714285714285715,0.0,0.5,0.5,1.0,0.4,4,10,4
1870,0.0,1.0,1.0,1.0,0.0,0.0,0,14,0
1871,0.5882352941176471,1.0,1.0,1.0,1.0,0.4166666666666667,5,12,5
1872,0.5882352941176471,0.8,0.9,0.8,1.0,0.4166666666666667,5,12,5
1873,0.6666666666666666,0.06666666666666667,0.5333333333333333,0.5,1.0,0.5,6,12,6
1874,0.0,1.0,1.0,1.0,0.0,0.0,0,13,0
1875,0.8571428571428571,0.21212121212121213,0.6060606060606061,0.4166666666666667,0.75,1.0,16,12,12
1876,0.923076923076923,0.24242424242424243,0.6212121212121212,0.4166666666666667,1.0,0.8571428571428571,12,14,12
1877,0.0,1.0,1.0,1.0,0.0,0.0,0,12,0
1878,0.761904761904762,0.7142857142857143,0.8571428571428572,0.75,1.0,0.6153846153846154,8,13,8
1879,0.7000000000000001,-0.14285714285714285,0.4285714285714286,0.42857142857142855,1.0,0.5384615384615384,7,13,7
1880,0.7777777777777778,-0.8095238095238095,0.09523809523809523,0.2857142857142857,1.0,0.6363636363636364,7,11,7
1881,0.761904761904762,0.2857142857142857,0.6428571428571428,0.5,1.0,0.6153846153846154,8,13,8
1882,0.923076923076923,0.5757575757575758,0.7878787878787878,0.6666666666666666,1.0,0.8571428571428571,12,14,12
1883,0.6,-0.3333333333333333,0.33333333333333337,0.5,1.0,0.42857142857142855,6,14,6
1884,0.7368421052631579,0.9047619047619048,0.9523809523809523,0.8571428571428571,1.0,0.5833333333333334,7,12,7
1885,0.8571428571428571,-0.3333333333333333,0.33333333333333337,0.3333333333333333,1.0,0.75,6,8,6
1886,0.6666666666666666,0.7142857142857143,0.8571428571428572,0.8571428571428571,1.0,0.5,7,14,7
1887,0.761904761904762,0.0,0.5,0.5,1.0,0.6153846153846154,8,13,8
1888,0.5882352941176471,-0.2,0.4,0.4,1.0,0.4166666666666667,5,12,5
1889,0.962962962962963,-0.15384615384615385,0.4230769230769231,0.46153846153846156,1.0,0.9285714285714286,13,14,13
1890,0.631578947368421,0.06666666666666667,0.5333333333333333,0.5,1.0,0.46153846153846156,6,13,6
1891,0.9565217391304348,0.8545454545454545,0.9272727272727272,0.7272727272727273,1.0,0.9166666666666666,11,12,11
1892,0.8,0.42857142857142855,0.7142857142857143,0.625,1.0,0.6666666666666666,8,12,8
1893,0.9032258064516129,0.4065934065934066,0.7032967032967032,0.5714285714285714,0.8235294117647058,1.0,17,14,14
1894,0.0,1.0,1.0,1.0,0.0,0.0,0,14,0
1895,0.8333333333333333,0.6,0.8,0.8,1.0,0.7142857142857143,5,7,5
1896,0.5882352941176471,0.2,0.6,0.6,1.0,0.4166666666666667,5,12,5
1897,0.56,0.3333333333333333,0.6666666666666666,0.5714285714285714,1.0,0.3888888888888889,7,18,7
1898,0.0,1.0,1.0,1.0,0.0,0.0,0,12,0
1899,0.6956521739130436,-0.42857142857142855,0.2857142857142857,0.375,1.0,0.5333333333333333,8,15,8
1900,0.923076923076923,0.3939393939393939,0.696969696969697,0.5,0.8571428571428571,1.0,14,12,12
1901,0.7368421052631579,-0.047619047619047616,0.47619047619047616,0.5714285714285714,1.0,0.5833333333333334,7,12,7
1902,0.9655172413793104,0.2967032967032967,0.6483516483516484,0.5,0.9333333333333333,1.0,15,14,14
1903,0.7000000000000001,0.42857142857142855,0.7142857142857143,0.5714285714285714,1.0,0.5384615384615384,7,13,7
1904,0.8333333333333333,-0.15555555555555556,0.4222222222222222,0.5,1.0,0.7142857142857143,10,14,10
1905,0.7272727272727273,0.6428571428571429,0.8214285714285714,0.75,1.0,0.5714285714285714,8,14,8
1906,0.8421052631578948,0.0,0.5,0.5,1.0,0.7272727272727273,8,11,8
1907,0.9333333333333333,0.34065934065934067,0.6703296703296704,0.5,1.0,0.875,14,16,14
1908,1.0,0.6428571428571429,0.8214285714285714,0.75,1.0,1.0,8,8,8
1909,0.5555555555555556,0.0,0.5,0.6,1.0,0.38461538461538464,5,13,5
1910,0.7058823529411764,0.4666666666666667,0.7333333333333334,0.6666666666666666,1.0,0.5454545454545454,6,11,6
1911,0.6363636363636364,0.23809523809523808,0.6190476190476191,0.7142857142857143,1.0,0.4666666666666667,7,15,7
1912,0.6666666666666666,-0.3333333333333333,0.33333333333333337,0.3333333333333333,1.0,0.5,6,12,6
1913,0.9333333333333333,0.5604395604395604,0.7802197802197802,0.5714285714285714,0.875,1.0,16,14,14
1914,0.631578947368421,0.6,0.8,0.8333333333333334,1.0,0.46153846153846156,6,13,6
1915,0.8571428571428571,0.1111111111111111,0.5555555555555556,0.4444444444444444,1.0,0.75,9,12,9
1916,0.0,1.0,1.0,1.0,0.0,0.0,0,12,0
1917,0.9565217391304348,0.4909090909090909,0.7454545454545455,0.5454545454545454,1.0,0.9166666666666666,11,12,11
1918,0.8,0.2857142857142857,0.6428571428571428,0.5,1.0,0.6666666666666666,8,12,8
1919,0.8750000000000001,0.23809523809523808,0.6190476190476191,0.7142857142857143,1.0,0.7777777777777778,7,9,7
1920,0.6666666666666666,-0.3333333333333333,0.33333333333333337,0.3333333333333333,1.0,0.5,6,12,6
1921,0.0,1.0,1.0,1.0,0.0,0.0,0,11,0
1922,0.8,0.37777777777777777,0.6888888888888889,0.6,1.0,0.6666666666666666,10,15,10
1923,0.7368421052631579,-0.7142857142857143,0.14285714285714285,0.2857142857142857,1.0,0.5833333333333334,7,12,7
1924,0.5882352941176471,0.4,0.7,0.6,1.0,0.4166666666666667,5,12,5
1925,0.5882352941176471,0.6,0.8,0.6,1.0,0.4166666666666667,5,12,5
1926,0.7368421052631579,0.23809523809523808,0.6190476190476191,0.5714285714285714,1.0,0.5833333333333334,7,12,7
1927,0.6666666666666666,0.3333333333333333,0.6666666666666666,0.6666666666666666,1.0,0.5,6,12,6
1928,0.761904761904762,0.5714285714285714,0.7857142857142857,0.625,1.0,0.6153846153846154,8,13,8
1929,0.923076923076923,0.36363636363636365,0.6818181818181819,0.5,1.0,0.8571428571428571,12,14,12
1930,0.6666666666666666,-0.06666666666666667,0.4666666666666667,0.5,1.0,0.5,6,12,6
1931,0.0,1.0,1.0,1.0,0.0,0.0,0,12,0
1932,0.7000000000000001,-0.3333333333333333,0.33333333333333337,0.42857142857142855,1.0,0.5384615384615384,7,13,7
1933,0.7368421052631579,0.3333333333333333,0.6666666666666666,0.7142857142857143,1.0,0.5833333333333334,7,12,7
1934,0.5,0.3333333333333333,0.6666666666666666,0.5,1.0,0.3333333333333333,4,12,4
1935,0.7368421052631579,0.14285714285714285,0.5714285714285714,0.5714285714285714,1.0,0.5833333333333334,7,12,7
1936,0.0,1.0,1.0,1.0,0.0,0.0,0,12,0
1937,0.0,1.0,1.0,1.0,0.0,0.0,0,12,0
1938,0.923076923076923,0.12121212121212122,0.5606060606060606,0.5,1.0,0.8571428571428571,12,14,12
1939,0.0,1.0,1.0,1.0,0.0,0.0,0,12,0
1940,0.8,0.07142857142857142,0.5357142857142857,0.5,1.0,0.6666666666666666,8,12,8
1941,0.5882352941176471,1.0,1.0,1.0,1.0,0.4166666666666667,5,12,5
1942,0.631578947368421,-0.4666666666666667,0.26666666666666666,0.3333333333333333,1.0,0.46153846153846156,6,13,6
1943,0.6666666666666666,0.2,0.6,0.6666666666666666,1.0,0.5,6,12,6
1944,0.5882352941176471,0.0,0.5,0.4,1.0,0.4166666666666667,5,12,5
1945,0.7272727272727273,-0.3333333333333333,0.33333333333333337,0.5,1.0,0.5714285714285714,4,7,4
1946,0.9565217391304348,0.6,0.8,0.7272727272727273,1.0,0.9166666666666666,11,12,11
1947,0.896551724137931,-0.10256410256410256,0.44871794871794873,0.3076923076923077,0.8125,1.0,16,13,13
1948,0.7368421052631579,-0.047619047619047616,0.47619047619047616,0.5714285714285714,1.0,0.5833333333333334,7,12,7
1949,0.6666666666666666,-0.2,0.4,0.5,1.0,0.5,6,12,6
1950,1.0,0.8666666666666667,0.9333333333333333,0.9,1.0,1.0,10,10,10
1951,0.6666666666666666,0.23809523809523808,0.6190476190476191,0.5714285714285714,1.0,0.5,7,14,7
1952,0.9600000000000001,0.30303030303030304,0.6515151515151515,0.5,0.9230769230769231,1.0,13,12,12
1953,0.6666666666666666,0.23809523809523808,0.6190476190476191,0.42857142857142855,1.0,0.5,7,14,7
1954,0.9411764705882353,0.5714285714285714,0.7857142857142857,0.75,1.0,0.8888888888888888,8,9,8
1955,0.923076923076923,0.3333333333333333,0.6666666666666666,0.6666666666666666,1.0,0.8571428571428571,6,7,6
1956,0.8571428571428571,-0.4444444444444444,0.2777777777777778,0.3333333333333333,1.0,0.75,9,12,9
1957,0.7368421052631579,0.5238095238095238,0.7619047619047619,0.5714285714285714,1.0,0.5833333333333334,7,12,7
1958,0.631578947368421,0.3333333333333333,0.6666666666666666,0.5,1.0,0.46153846153846156,6,13,6
1959,0.9285714285714286,0.3333333333333333,0.6666666666666666,0.5384615384615384,0.8666666666666667,1.0,15,13,13
1960,0.8,0.9285714285714286,0.9642857142857143,0.875,1.0,0.6666666666666666,8,12,8
1961,0.7777777777777778,0.14285714285714285,0.5714285714285714,0.5714285714285714,1.0,0.6363636363636364,7,11,7
1962,0.5882352941176471,0.8,0.9,0.8,1.0,0.4166666666666667,5,12,5
1963,0.8,0.0,0.5,0.625,1.0,0.6666666666666666,8,12,8
1964,0.5714285714285715,-0.2,0.4,0.5,1.0,0.4,6,15,6
1965,0.7647058823529412,0.15384615384615385,0.5769230769230769,0.3076923076923077,0.6190476190476191,1.0,21,13,13
1966,0.6666666666666666,-0.2,0.4,0.6,1.0,0.5,5,10,5
1967,0.9600000000000001,0.45454545454545453,0.7272727272727273,0.6666666666666666,1.0,0.9230769230769231,12,13,12
1968,0.0,1.0,1.0,1.0,0.0,0.0,0,14,0
1969,0.6,-0.4666666666666667,0.26666666666666666,0.3333333333333333,1.0,0.42857142857142855,6,14,6
1970,0.5714285714285715,0.6666666666666666,0.8333333333333333,0.75,1.0,0.4,4,10,4
1971,0.6666666666666666,0.4666666666666667,0.7333333333333334,0.5,1.0,0.5,6,12,6
1972,0.5555555555555556,-0.6,0.2,0.4,1.0,0.38461538461538464,5,13,5
1973,0.7272727272727273,0.2857142857142857,0.6428571428571428,0.75,1.0,0.5714285714285714,8,14,8
1974,0.5882352941176471,-0.4,0.3,0.4,1.0,0.4166666666666667,5,12,5
1975,0.0,1.0,1.0,1.0,0.0,0.0,0,12,0
1976,0.7499999999999999,0.8666666666666667,0.9333333333333333,0.8333333333333334,1.0,0.6,6,10,6
1977,0.7000000000000001,0.42857142857142855,0.7142857142857143,0.5714285714285714,1.0,0.5384615384615384,7,13,7
1978,0.631578947368421,0.2,0.6,0.5,1.0,0.46153846153846156,6,13,6
1979,1.0,-0.15151515151515152,0.42424242424242425,0.3333333333333333,1.0,1.0,12,12,12
1980,0.0,1.0,1.0,1.0,0.0,0.0,0,13,0
1981,0.5555555555555556,0.0,0.5,0.6,1.0,0.38461538461538464,5,13,5
1982,0.631578947368421,0.6,0.8,0.8333333333333334,1.0,0.46153846153846156,6,13,6
1983,0.631578947368421,0.2,0.6,0.6666666666666666,1.0,0.46153846153846156,6,13,6
1984,0.6666666666666666,0.8666666666666667,0.9333333333333333,0.8333333333333334,1.0,0.5,6,12,6
1985,0.8,0.07142857142857142,0.5357142857142857,0.5,1.0,0.6666666666666666,8,12,8
1986,0.6666666666666666,0.8095238095238095,0.9047619047619048,0.7142857142857143,1.0,0.5,7,14,7
1987,0.6666666666666666,-0.2,0.4,0.5,1.0,0.5,6,12,6
1988,0.6,0.7333333333333333,0.8666666666666667,0.6666666666666666,1.0,0.42857142857142855,6,14,6
1989,0.0,1.0,1.0,1.0,0.0,0.0,0,12,0
1990,0.6153846153846153,0.3333333333333333,0.6666666666666666,0.75,1.0,0.4444444444444444,4,9,4
1991,0.5882352941176471,-0.6,0.2,0.4,1.0,0.4166666666666667,5,12,5
1992,0.8,-0.35714285714285715,0.3214285714285714,0.375,1.0,0.6666666666666666,8,12,8
1993,0.8181818181818181,0.5555555555555556,0.7777777777777778,0.6666666666666666,1.0,0.6923076923076923,9,13,9
1994,0.6956521739130436,0.7142857142857143,0.8571428571428572,0.75,1.0,0.5333333333333333,8,15,8
1995,0.5454545454545454,0.2,0.6,0.6666666666666666,1.0,0.375,6,16,6
1996,0.6666666666666666,-0.06666666666666667,0.4666666666666667,0.5,1.0,0.5,6,12,6
1997,0.7000000000000001,-0.23809523809523808,0.38095238095238093,0.42857142857142855,1.0,0.5384615384615384,7,13,7
1998,0.8333333333333333,0.4666666666666667,0.7333333333333334,0.6,1.0,0.7142857142857143,10,14,10
1999,0.9565217391304348,0.45454545454545453,0.7272727272727273,0.5454545454545454,1.0,0.9166666666666666,11,12,11
2000,0.0,1.0,1.0,1.0,0.0,0.0,0,13,0
2001,0.5555555555555556,-0.4,0.3,0.6,1.0,0.38461538461538464,5,13,5
2002,0.6363636363636364,-0.5238095238095238,0.23809523809523808,0.42857142857142855,1.0,0.4666666666666667,7,15,7
2003,0.5,-0.3333333333333333,0.33333333333333337,0.5,1.0,0.3333333333333333,4,12,4
2004,0.7368421052631579,0.42857142857142855,0.7142857142857143,0.7142857142857143,1.0,0.5833333333333334,7,12,7
2005,0.6363636363636364,-0.047619047619047616,0.47619047619047616,0.42857142857142855,1.0,0.4666666666666667,7,15,7
2006,0.0,1.0,1.0,1.0,0.0,0.0,0,12,0
2007,0.9166666666666666,0.01818181818181818,0.509090909090909,0.5454545454545454,1.0,0.8461538461538461,11,13,11
2008,0.5714285714285715,-0.6,0.2,0.5,1.0,0.4,6,15,6
2009,0.631578947368421,0.06666666666666667,0.5333333333333333,0.5,1.0,0.46153846153846156,6,13,6
2010,0.8235294117647058,0.6190476190476191,0.8095238095238095,0.5714285714285714,1.0,0.7,7,10,7
2011,0.962962962962963,0.41025641025641024,0.7051282051282051,0.5384615384615384,1.0,0.9285714285714286,13,14,13
2012,0.5882352941176471,0.4,0.7,0.8,1.0,0.4166666666666667,5,12,5
2013,0.6,-0.3333333333333333,0.33333333333333337,0.5,1.0,0.42857142857142855,6,14,6
2014,0.962962962962963,0.20512820512820512,0.6025641025641025,0.6153846153846154,1.0,0.9285714285714286,13,14,13
2015,0.35294117647058826,-0.09090909090909091,0.45454545454545453,0.5,0.21428571428571427,1.0,56,12,12
2016,0.5833333333333334,0.23809523809523808,0.6190476190476191,0.5714285714285714,1.0,0.4117647058823529,7,17,7
2017,0.6,0.06666666666666667,0.5333333333333333,0.5,1.0,0.42857142857142855,6,14,6
2018,0.0,1.0,1.0,1.0,0.0,0.0,0,12,0
2019,0.962962962962963,0.05128205128205128,0.5256410256410257,0.46153846153846156,1.0,0.9285714285714286,13,14,13
2020,0.8571428571428571,0.15151515151515152,0.5757575757575758,0.4166666666666667,1.0,0.75,12,16,12
2021,0.5555555555555556,-0.6,0.2,0.4,1.0,0.38461538461538464,5,13,5
2022,0.0,1.0,1.0,1.0,0.0,0.0,0,14,0
2023,0.0,1.0,1.0,1.0,0.0,0.0,0,15,0
2024,0.8333333333333333,0.6,0.8,0.6,1.0,0.7142857142857143,10,14,10
2025,0.0,1.0,1.0,1.0,0.0,0.0,0,12,0
2026,0.6666666666666666,-0.06666666666666667,0.4666666666666667,0.5,1.0,0.5,6,12,6
2027,0.782608695652174,0.0,0.5,0.5555555555555556,1.0,0.6428571428571429,9,14,9
2028,0.7368421052631579,-0.14285714285714285,0.4285714285714286,0.5714285714285714,1.0,0.5833333333333334,7,12,7
2029,0.5882352941176471,1.0,1.0,1.0,1.0,0.4166666666666667,5,12,5
2030,0.9090909090909091,0.5555555555555556,0.7777777777777778,0.6,1.0,0.8333333333333334,10,12,10
2031,0.0,1.0,1.0,1.0,0.0,0.0,0,13,0
2032,0.923076923076923,-0.24242424242424243,0.3787878787878788,0.3333333333333333,0.8571428571428571,1.0,14,12,12
2033,0.8148148148148148,-0.05454545454545454,0.4727272727272727,0.36363636363636365,1.0,0.6875,11,16,11
2034,0.8,0.5,0.75,0.5,1.0,0.6666666666666666,8,12,8
2035,0.5,-0.2,0.4,0.5,1.0,0.3333333333333333,6,18,6
2036,0.0,1.0,1.0,1.0,0.0,0.0,0,12,0
2037,0.0,1.0,1.0,1.0,0.0,0.0,0,13,0
2038,0.761904761904762,0.35714285714285715,0.6785714285714286,0.625,1.0,0.6153846153846154,8,13,8
2039,0.0,1.0,1.0,1.0,0.0,0.0,0,14,0
2040,0.9090909090909091,0.24444444444444444,0.6222222222222222,0.5,1.0,0.8333333333333334,10,12,10
2041,0.888888888888889,0.2857142857142857,0.6428571428571428,0.625,1.0,0.8,8,10,8
2042,0.7368421052631579,0.047619047619047616,0.5238095238095238,0.5714285714285714,1.0,0.5833333333333334,7,12,7
2043,0.5882352941176471,-0.4,0.3,0.4,1.0,0.4166666666666667,5,12,5
2044,0.6956521739130436,0.2857142857142857,0.6428571428571428,0.5,1.0,0.5333333333333333,8,15,8
2045,0.8695652173913044,0.2,0.6,0.7,1.0,0.7692307692307693,10,13,10
2046,0.8275862068965517,0.3333333333333333,0.6666666666666666,0.5833333333333334,0.7058823529411765,1.0,17,12,12
2047,0.0,1.0,1.0,1.0,0.0,0.0,0,12,0
2048,0.5882352941176471,0.0,0.5,0.6,1.0,0.4166666666666667,5,12,5
2049,0.896551724137931,-0.23076923076923078,0.3846153846153846,0.3076923076923077,1.0,0.8125,13,16,13
2050,0.9565217391304348,0.05454545454545454,0.5272727272727272,0.5454545454545454,1.0,0.9166666666666666,11,12,11
2051,0.5,0.2,0.6,0.6,1.0,0.3333333333333333,5,15,5
2052,0.5306122448979591,0.38461538461538464,0.6923076923076923,0.5384615384615384,0.3611111111111111,1.0,36,13,13
2053,1.0,0.6,0.8,0.7,1.0,1.0,10,10,10
2054,1.0,0.07692307692307693,0.5384615384615384,0.5,1.0,1.0,14,14,14
2055,0.0,1.0,1.0,1.0,0.0,0.0,0,12,0
2056,0.4210526315789474,-0.3333333333333333,0.33333333333333337,0.5,1.0,0.26666666666666666,4,15,4
2057,0.9600000000000001,0.24242424242424243,0.6212121212121212,0.4166666666666667,0.9230769230769231,1.0,13,12,12
2058,0.7000000000000001,-0.3333333333333333,0.33333333333333337,0.42857142857142855,1.0,0.5384615384615384,7,13,7
2059,0.7000000000000001,-0.3333333333333333,0.33333333333333337,0.5714285714285714,1.0,0.5384615384615384,7,13,7
2060,0.0,1.0,1.0,1.0,0.0,0.0,0,14,0
2061,0.7368421052631579,-0.23809523809523808,0.38095238095238093,0.42857142857142855,1.0,0.5833333333333334,7,12,7
2062,0.88,0.34545454545454546,0.6727272727272727,0.5454545454545454,1.0,0.7857142857142857,11,14,11
2063,0.0,1.0,1.0,1.0,0.0,0.0,0,13,0
2064,0.9090909090909091,-0.37777777777777777,0.3111111111111111,0.3,1.0,0.8333333333333334,10,12,10
2065,0.631578947368421,0.06666666666666667,0.5333333333333333,0.6666666666666666,1.0,0.46153846153846156,6,13,6
2066,0.5263157894736842,0.0,0.5,0.6,1.0,0.35714285714285715,5,14,5
2067,0.6,0.3333333333333333,0.6666666666666666,0.6666666666666666,1.0,0.42857142857142855,6,14,6
2068,0.0,1.0,1.0,1.0,0.0,0.0,0,13,0
2069,0.7272727272727273,0.6428571428571429,0.8214285714285714,0.75,1.0,0.5714285714285714,8,14,8
2070,0.0,1.0,1.0,1.0,0.0,0.0,0,14,0
2071,0.0,1.0,1.0,1.0,0.0,0.0,0,14,0
2072,0.0,1.0,1.0,1.0,0.0,0.0,0,14,0
2073,0.0,1.0,1.0,1.0,0.0,0.0,0,12,0
2074,0.5555555555555556,1.0,1.0,1.0,1.0,0.38461538461538464,5,13,5
2075,0.631578947368421,0.7333333333333333,0.8666666666666667,0.8333333333333334,1.0,0.46153846153846156,6,13,6
2076,0.5,-0.3333333333333333,0.33333333333333337,0.5,1.0,0.3333333333333333,4,12,4
2077,0.0,1.0,1.0,1.0,0.0,0.0,0,12,0
2078,0.5,0.6666666666666666,0.8333333333333333,0.75,1.0,0.3333333333333333,4,12,4
2079,0.9090909090909091,0.8222222222222222,0.9111111111111111,0.8,1.0,0.8333333333333334,10,12,10
2080,0.0,1.0,1.0,1.0,0.0,0.0,0,13,0
2081,0.0,1.0,1.0,1.0,0.0,0.0,0,13,0
2082,0.6666666666666666,-0.3333333333333333,0.33333333333333337,0.42857142857142855,1.0,0.5,7,14,7
2083,0.5555555555555556,0.8,0.9,0.8,1.0,0.38461538461538464,5,13,5
2084,0.6666666666666666,0.07142857142857142,0.5357142857142857,0.5,1.0,0.5,8,16,8
2085,0.0,1.0,1.0,1.0,0.0,0.0,0,13,0
2086,0.8571428571428571,0.4444444444444444,0.7222222222222222,0.6666666666666666,1.0,0.75,9,12,9
2087,1.0,0.02564102564102564,0.5128205128205128,0.38461538461538464,1.0,1.0,13,13,13
2088,0.0,1.0,1.0,1.0,0.0,0.0,0,13,0
2089,0.8,0.42857142857142855,0.7142857142857143,0.625,1.0,0.6666666666666666,8,12,8
2090,0.5555555555555556,-0.4,0.3,0.6,1.0,0.38461538461538464,5,13,5
2091,0.5714285714285715,-0.3333333333333333,0.33333333333333337,0.5,1.0,0.4,6,15,6
2092,0.8333333333333333,0.4222222222222222,0.7111111111111111,0.7,1.0,0.7142857142857143,10,14,10
2093,0.5454545454545454,0.4666666666666667,0.7333333333333334,0.6666666666666666,1.0,0.375,6,16,6
2094,0.0,1.0,1.0,1.0,0.0,0.0,0,12,0
2095,0.846153846153846,-0.09090909090909091,0.45454545454545453,0.45454545454545453,1.0,0.7333333333333333,11,15,11
2096,1.0,0.2967032967032967,0.6483516483516484,0.42857142857142855,1.0,1.0,14,14,14
2097,0.0,1.0,1.0,1.0,0.0,0.0,0,17,0
2098,0.5,0.3333333333333333,0.6666666666666666,0.75,1.0,0.3333333333333333,4,12,4
2099,0.6666666666666666,0.7333333333333333,0.8666666666666667,0.6666666666666666,1.0,0.5,6,12,6
2100,0.0,1.0,1.0,1.0,0.0,0.0,0,13,0
2101,0.761904761904762,0.21428571428571427,0.6071428571428571,0.625,1.0,0.6153846153846154,8,13,8
2102,0.7368421052631579,0.23809523809523808,0.6190476190476191,0.5714285714285714,1.0,0.5833333333333334,7,12,7
2103,0.6956521739130436,0.5,0.75,0.625,1.0,0.5333333333333333,8,15,8
2104,0.47058823529411764,-0.6666666666666666,0.16666666666666669,0.5,1.0,0.3076923076923077,4,13,4
2105,0.9285714285714286,0.02564102564102564,0.5128205128205128,0.46153846153846156,1.0,0.8666666666666667,13,15,13
2106,0.0,1.0,1.0,1.0,0.0,0.0,0,14,0
2107,0.761904761904762,0.21428571428571427,0.6071428571428571,0.5,1.0,0.6153846153846154,8,13,8
2108,0.0,1.0,1.0,1.0,0.0,0.0,0,13,0
2109,0.6666666666666666,0.2,0.6,0.6666666666666666,1.0,0.5,6,12,6
2110,0.7272727272727273,-0.07142857142857142,0.4642857142857143,0.5,1.0,0.5714285714285714,8,14,8
2111,0.7272727272727273,0.21428571428571427,0.6071428571428571,0.625,1.0,0.5714285714285714,8,14,8
2112,0.9166666666666666,0.34545454545454546,0.6727272727272727,0.5454545454545454,1.0,0.8461538461538461,11,13,11
2113,0.9090909090909091,-0.022222222222222223,0.4888888888888889,0.5,1.0,0.8333333333333334,10,12,10
2114,0.6956521739130436,0.6428571428571429,0.8214285714285714,0.75,1.0,0.5333333333333333,8,15,8
2115,0.0,1.0,1.0,1.0,0.0,0.0,0,14,0
2116,0.7000000000000001,0.047619047619047616,0.5238095238095238,0.42857142857142855,1.0,0.5384615384615384,7,13,7
2117,0.761904761904762,0.14285714285714285,0.5714285714285714,0.5,1.0,0.6153846153846154,8,13,8
2118,0.0,1.0,1.0,1.0,0.0,0.0,0,12,0
2119,0.7000000000000001,0.14285714285714285,0.5714285714285714,0.7142857142857143,1.0,0.5384615384615384,7,13,7
2120,0.6086956521739131,-0.047619047619047616,0.47619047619047616,0.42857142857142855,1.0,0.4375,7,16,7
2121,0.5882352941176471,0.0,0.5,0.6,1.0,0.4166666666666667,5,12,5
2122,0.0,1.0,1.0,1.0,0.0,0.0,0,13,0
2123,0.9166666666666666,0.16363636363636364,0.5818181818181818,0.45454545454545453,1.0,0.8461538461538461,11,13,11
2124,0.8333333333333333,0.15555555555555556,0.5777777777777777,0.5,1.0,0.7142857142857143,10,14,10
2125,0.7368421052631579,0.047619047619047616,0.5238095238095238,0.5714285714285714,1.0,0.5833333333333334,7,12,7
2126,0.5,-0.4,0.3,0.4,1.0,0.3333333333333333,5,15,5
2127,0.7333333333333334,0.01818181818181818,0.509090909090909,0.36363636363636365,1.0,0.5789473684210527,11,19,11
2128,0.9090909090909091,0.37777777777777777,0.6888888888888889,0.5,1.0,0.8333333333333334,10,12,10
2129,0.8333333333333333,0.24444444444444444,0.6222222222222222,0.5,1.0,0.7142857142857143,10,14,10
2130,1.0,0.5757575757575758,0.7878787878787878,0.5,1.0,1.0,12,12,12
2131,0.8,0.5,0.75,0.5,1.0,0.6666666666666666,8,12,8
2132,0.8571428571428571,-0.2777777777777778,0.3611111111111111,0.4444444444444444,1.0,0.75,9,12,9
2133,0.6956521739130436,0.6428571428571429,0.8214285714285714,0.75,1.0,0.5333333333333333,8,15,8
2134,0.0,1.0,1.0,1.0,0.0,0.0,0,13,0
2135,0.0,1.0,1.0,1.0,0.0,0.0,0,15,0
2136,0.7272727272727273,0.6428571428571429,0.8214285714285714,0.5,1.0,0.5714285714285714,8,14,8
2137,0.9032258064516129,0.38461538461538464,0.6923076923076923,0.42857142857142855,0.8235294117647058,1.0,17,14,14
2138,0.88,0.3090909090909091,0.6545454545454545,0.6363636363636364,1.0,0.7857142857142857,11,14,11
2139,0.8571428571428571,-0.05555555555555555,0.4722222222222222,0.5555555555555556,1.0,0.75,9,12,9
2140,0.631578947368421,-0.06666666666666667,0.4666666666666667,0.5,1.0,0.46153846153846156,6,13,6
2141,0.7692307692307693,0.4,0.7,0.6,1.0,0.625,5,8,5
2142,0.631578947368421,-0.3333333333333333,0.33333333333333337,0.5,1.0,0.46153846153846156,6,13,6
2143,0.7499999999999999,0.5555555555555556,0.7777777777777778,0.5555555555555556,1.0,0.6,9,15,9
2144,0.0,1.0,1.0,1.0,0.0,0.0,0,15,0
2145,0.0,1.0,1.0,1.0,0.0,0.0,0,8,0
2146,0.8571428571428571,0.3333333333333333,0.6666666666666666,0.5555555555555556,1.0,0.75,9,12,9
2147,0.9565217391304348,-0.45454545454545453,0.2727272727272727,0.36363636363636365,1.0,0.9166666666666666,11,12,11
2148,0.8,-0.42857142857142855,0.2857142857142857,0.375,1.0,0.6666666666666666,8,12,8
2149,0.9655172413793104,0.12087912087912088,0.5604395604395604,0.5,0.9333333333333333,1.0,15,14,14
2150,0.0,1.0,1.0,1.0,0.0,0.0,0,16,0
2151,0.0,1.0,1.0,1.0,0.0,0.0,0,13,0
2152,0.5263157894736842,-0.6,0.2,0.4,1.0,0.35714285714285715,5,14,5
2153,0.5263157894736842,0.6,0.8,0.8,1.0,0.35714285714285715,5,14,5
2154,0.5555555555555556,0.6,0.8,0.6,1.0,0.38461538461538464,5,13,5
2155,0.9655172413793104,0.0989010989010989,0.5494505494505495,0.42857142857142855,1.0,0.9333333333333333,14,15,14
2156,0.8571428571428571,0.3888888888888889,0.6944444444444444,0.6666666666666666,1.0,0.75,9,12,9
2157,0.6363636363636364,-0.23809523809523808,0.38095238095238093,0.42857142857142855,1.0,0.4666666666666667,7,15,7
2158,0.0,1.0,1.0,1.0,0.0,0.0,0,14,0
2159,0.0,1.0,1.0,1.0,0.0,0.0,0,13,0
2160,0.8,0.35714285714285715,0.6785714285714286,0.5,1.0,0.6666666666666666,8,12,8
2161,0.0,1.0,1.0,1.0,0.0,0.0,0,13,0
2162,0.30588235294117644,0.28205128205128205,0.641025641025641,0.46153846153846156,0.18055555555555555,1.0,72,13,13
2163,0.5454545454545454,0.8666666666666667,0.9333333333333333,0.8333333333333334,1.0,0.375,6,16,6
2164,0.7368421052631579,0.23809523809523808,0.6190476190476191,0.5714285714285714,1.0,0.5833333333333334,7,12,7
2165,0.6666666666666666,0.0,0.5,0.5,1.0,0.5,8,16,8
2166,0.6666666666666666,0.35714285714285715,0.6785714285714286,0.5,1.0,0.5,8,16,8
2167,0.5882352941176471,0.4,0.7,0.6,1.0,0.4166666666666667,5,12,5
2168,0.5263157894736842,0.2,0.6,0.6,1.0,0.35714285714285715,5,14,5
2169,0.0,1.0,1.0,1.0,0.0,0.0,0,13,0
2170,1.0,0.06666666666666667,0.5333333333333333,0.4666666666666667,1.0,1.0,15,15,15
2171,0.8571428571428571,0.05555555555555555,0.5277777777777778,0.4444444444444444,1.0,0.75,9,12,9
2172,0.0,1.0,1.0,1.0,0.0,0.0,0,13,0
2173,0.88,0.2727272727272727,0.6363636363636364,0.5454545454545454,1.0,0.7857142857142857,11,14,11
2174,0.0,1.0,1.0,1.0,0.0,0.0,0,12,0
2175,0.88,0.01818181818181818,0.509090909090909,0.45454545454545453,1.0,0.7857142857142857,11,14,11
2176,0.88,0.34545454545454546,0.6727272727272727,0.6363636363636364,1.0,0.7857142857142857,11,14,11
2177,0.8372093023255813,0.35947712418300654,0.6797385620915033,0.5555555555555556,0.72,1.0,25,18,18
2178,0.6666666666666666,0.3333333333333333,0.6666666666666666,0.6666666666666666,1.0,0.5,6,12,6
2179,0.5882352941176471,0.6,0.8,0.8,1.0,0.4166666666666667,5,12,5
2180,0.47058823529411764,0.6666666666666666,0.8333333333333333,0.75,1.0,0.3076923076923077,4,13,4
2181,0.923076923076923,0.15151515151515152,0.5757575757575758,0.5,0.8571428571428571,1.0,14,12,12
2182,0.88,0.09090909090909091,0.5454545454545454,0.5454545454545454,1.0,0.7857142857142857,11,14,11
2183,0.8571428571428571,0.5,0.75,0.5555555555555556,1.0,0.75,9,12,9
2184,1.0,0.05,0.525,0.5,1.0,1.0,16,16,16
2185,0.5555555555555556,0.4,0.7,0.8,1.0,0.38461538461538464,5,13,5
2186,0.8,0.6444444444444445,0.8222222222222222,0.6,1.0,0.6666666666666666,10,15,10
2187,0.6666666666666666,0.3333333333333333,0.6666666666666666,0.7142857142857143,1.0,0.5,7,14,7
2188,0.0,1.0,1.0,1.0,0.0,0.0,0,14,0
2189,0.5555555555555556,-0.2,0.4,0.6,1.0,0.38461538461538464,5,13,5
2190,0.5,0.6666666666666666,0.8333333333333333,0.75,1.0,0.3333333333333333,4,12,4
2191,0.0,1.0,1.0,1.0,0.0,0.0,0,14,0
2192,0.5882352941176471,-0.2,0.4,0.6,1.0,0.4166666666666667,5,12,5
2193,0.0,1.0,1.0,1.0,0.0,0.0,0,12,0
2194,0.5555555555555556,0.2,0.6,0.6,1.0,0.38461538461538464,5,13,5
2195,0.8181818181818181,-0.16666666666666666,0.4166666666666667,0.4444444444444444,1.0,0.6923076923076923,9,13,9
2196,0.0,1.0,1.0,1.0,0.0,0.0,0,15,0
2197,0.47058823529411764,-0.6666666666666666,0.16666666666666669,0.5,1.0,0.3076923076923077,4,13,4
2198,0.0,1.0,1.0,1.0,0.0,0.0,0,13,0
2199,0.7272727272727273,0.5714285714285714,0.7857142857142857,0.75,1.0,0.5714285714285714,8,14,8
2200,0.6666666666666666,0.3333333333333333,0.6666666666666666,0.6666666666666666,1.0,0.5,6,12,6
2201,0.761904761904762,0.21428571428571427,0.6071428571428571,0.625,1.0,0.6153846153846154,8,13,8
2202,0.0,1.0,1.0,1.0,0.0,0.0,0,12,0
2203,0.0,1.0,1.0,1.0,0.0,0.0,0,14,0
2204,0.7000000000000001,0.3333333333333333,0.6666666666666666,0.5714285714285714,1.0,0.5384615384615384,7,13,7
2205,0.0,1.0,1.0,1.0,0.0,0.0,0,13,0
2206,0.5925925925925926,0.8571428571428571,0.9285714285714286,0.875,1.0,0.42105263157894735,8,19,8
2207,0.0,1.0,1.0,1.0,0.0,0.0,0,12,0
2208,0.7272727272727273,0.5714285714285714,0.7857142857142857,0.75,1.0,0.5714285714285714,8,14,8
2209,0.8,0.1111111111111111,0.5555555555555556,0.5,1.0,0.6666666666666666,10,15,10
2210,0.923076923076923,0.18181818181818182,0.5909090909090909,0.4166666666666667,1.0,0.8571428571428571,12,14,12
2211,0.8333333333333333,0.37777777777777777,0.6888888888888889,0.5,1.0,0.7142857142857143,10,14,10
2212,0.8,0.2967032967032967,0.6483516483516484,0.5,0.6666666666666666,1.0,21,14,14
2213,0.0,1.0,1.0,1.0,0.0,0.0,0,12,0
2214,0.8666666666666666,-0.3333333333333333,0.33333333333333337,0.3076923076923077,1.0,0.7647058823529411,13,17,13
2215,0.761904761904762,0.42857142857142855,0.7142857142857143,0.625,1.0,0.6153846153846154,8,13,8
2216,0.5555555555555556,-0.4,0.3,0.6,1.0,0.38461538461538464,5,13,5
2217,1.0,0.10256410256410256,0.5512820512820513,0.5384615384615384,1.0,1.0,13,13,13
2218,0.962962962962963,-0.15384615384615385,0.4230769230769231,0.38461538461538464,1.0,0.9285714285714286,13,14,13
2219,0.8484848484848484,-0.054945054945054944,0.4725274725274725,0.35714285714285715,0.7368421052631579,1.0,19,14,14
2220,0.8,0.9111111111111111,0.9555555555555555,0.8,1.0,0.6666666666666666,10,15,10
2221,1.0,0.46153846153846156,0.7307692307692308,0.46153846153846156,1.0,1.0,13,13,13
2222,0.0,1.0,1.0,1.0,0.0,0.0,0,13,0
2223,0.6,-0.2,0.4,0.5,1.0,0.42857142857142855,6,14,6
2224,0.9166666666666666,-0.3090909090909091,0.34545454545454546,0.36363636363636365,1.0,0.8461538461538461,11,13,11
2225,0.6666666666666666,-0.047619047619047616,0.47619047619047616,0.7142857142857143,1.0,0.5,7,14,7
2226,0.6363636363636364,-0.23809523809523808,0.38095238095238093,0.42857142857142855,1.0,0.4666666666666667,7,15,7
2227,0.6857142857142856,0.3333333333333333,0.6666666666666666,0.5,0.5217391304347826,1.0,23,12,12
2228,0.88,0.09090909090909091,0.5454545454545454,0.6363636363636364,1.0,0.7857142857142857,11,14,11
2229,0.631578947368421,0.2,0.6,0.6666666666666666,1.0,0.46153846153846156,6,13,6
2230,0.6,-0.3333333333333333,0.33333333333333337,0.5,1.0,0.42857142857142855,6,14,6
2231,0.6666666666666666,-0.3333333333333333,0.33333333333333337,0.42857142857142855,1.0,0.5,7,14,7
2232,0.7272727272727273,-0.07142857142857142,0.4642857142857143,0.375,1.0,0.5714285714285714,8,14,8
2233,0.631578947368421,0.2,0.6,0.6666666666666666,1.0,0.46153846153846156,6,13,6
2234,0.6842105263157895,0.5641025641025641,0.782051282051282,0.6153846153846154,0.52,1.0,25,13,13
2235,0.0,1.0,1.0,1.0,0.0,0.0,0,14,0
2236,0.0,1.0,1.0,1.0,0.0,0.0,0,13,0
2237,0.8181818181818181,0.1111111111111111,0.5555555555555556,0.5555555555555556,1.0,0.6923076923076923,9,13,9
2238,0.9600000000000001,0.12121212121212122,0.5606060606060606,0.4166666666666667,1.0,0.9230769230769231,12,13,12
2239,0.7000000000000001,-0.14285714285714285,0.4285714285714286,0.42857142857142855,1.0,0.5384615384615384,7,13,7
2240,0.9655172413793104,0.03296703296703297,0.5164835164835165,0.35714285714285715,0.9333333333333333,1.0,15,14,14
2241,0.8571428571428571,0.5,0.75,0.5555555555555556,1.0,0.75,9,12,9
2242,0.7000000000000001,0.3333333333333333,0.6666666666666666,0.42857142857142855,1.0,0.5384615384615384,7,13,7
2243,0.967741935483871,0.08571428571428572,0.5428571428571428,0.4666666666666667,1.0,0.9375,15,16,15
2244,0.8666666666666666,0.1794871794871795,0.5897435897435898,0.46153846153846156,0.7647058823529411,1.0,17,13,13
2245,0.5454545454545454,0.06666666666666667,0.5333333333333333,0.6666666666666666,1.0,0.375,6,16,6
2246,0.0,1.0,1.0,1.0,0.0,0.0,0,13,0
2247,0.5714285714285715,0.4666666666666667,0.7333333333333334,0.6666666666666666,1.0,0.4,6,15,6
2248,0.5,-0.2,0.4,0.6,1.0,0.3333333333333333,5,15,5
2249,0.923076923076923,-0.09090909090909091,0.45454545454545453,0.4166666666666667,0.8571428571428571,1.0,14,12,12
2250,1.0,0.46153846153846156,0.7307692307692308,0.46153846153846156,1.0,1.0,13,13,13
2251,0.8333333333333333,0.4666666666666667,0.7333333333333334,0.4,1.0,0.7142857142857143,10,14,10
2252,0.9655172413793104,0.0989010989010989,0.5494505494505495,0.42857142857142855,1.0,0.9333333333333333,14,15,14
2253,0.8421052631578948,0.5,0.75,0.75,1.0,0.7272727272727273,8,11,8
2254,0.7000000000000001,0.03296703296703297,0.5164835164835165,0.42857142857142855,0.5384615384615384,1.0,26,14,14
2255,0.8,-0.2857142857142857,0.35714285714285715,0.375,1.0,0.6666666666666666,8,12,8
2256,0.6956521739130436,0.5,0.75,0.75,1.0,0.5333333333333333,8,15,8
2257,0.8,0.07142857142857142,0.5357142857142857,0.5,1.0,0.6666666666666666,8,12,8
2258,0.9032258064516129,0.0989010989010989,0.5494505494505495,0.5,0.8235294117647058,1.0,17,14,14
2259,0.923076923076923,0.5454545454545454,0.7727272727272727,0.8333333333333334,1.0,0.8571428571428571,12,14,12
2260,0.8571428571428571,0.3333333333333333,0.6666666666666666,0.6666666666666666,1.0,0.75,9,12,9
2261,0.782608695652174,0.5555555555555556,0.7777777777777778,0.6666666666666666,1.0,0.6428571428571429,9,14,9
2262,0.6666666666666666,0.6,0.8,0.5,1.0,0.5,6,12,6
2263,0.9090909090909091,0.15555555555555556,0.5777777777777777,0.5,1.0,0.8333333333333334,10,12,10
2264,0.5555555555555556,0.0,0.5,0.6,1.0,0.38461538461538464,5,13,5
2265,0.6,-0.6,0.2,0.5,1.0,0.42857142857142855,6,14,6
2266,0.5,0.3333333333333333,0.6666666666666666,0.75,1.0,0.3333333333333333,4,12,4
2267,0.5882352941176471,-0.4,0.3,0.4,1.0,0.4166666666666667,5,12,5
2268,0.5263157894736842,0.0,0.5,0.4,1.0,0.35714285714285715,5,14,5
2269,0.7368421052631579,0.23809523809523808,0.6190476190476191,0.5714285714285714,1.0,0.5833333333333334,7,12,7
2270,0.0,1.0,1.0,1.0,0.0,0.0,0,12,0
2271,1.0,0.2967032967032967,0.6483516483516484,0.5714285714285714,1.0,1.0,14,14,14
2272,0.0,1.0,1.0,1.0,0.0,0.0,0,16,0
2273,0.7058823529411764,-0.06666666666666667,0.4666666666666667,0.6666666666666666,1.0,0.5454545454545454,6,11,6
2274,0.6666666666666666,0.2,0.6,0.6666666666666666,1.0,0.5,6,12,6
2275,0.7000000000000001,-0.3333333333333333,0.33333333333333337,0.5714285714285714,1.0,0.5384615384615384,7,13,7
2276,0.0,1.0,1.0,1.0,0.0,0.0,0,13,0
2277,0.5263157894736842,0.0,0.5,0.6,1.0,0.35714285714285715,5,14,5
2278,1.0,0.12121212121212122,0.5606060606060606,0.5,1.0,1.0,12,12,12
2279,0.7368421052631579,0.047619047619047616,0.5238095238095238,0.42857142857142855,1.0,0.5833333333333334,7,12,7
2280,0.0,1.0,1.0,1.0,0.0,0.0,0,14,0
2281,0.0,1.0,1.0,1.0,0.0,0.0,0,13,0
2282,0.9523809523809523,0.4222222222222222,0.7111111111111111,0.6,1.0,0.9090909090909091,10,11,10
2283,0.6666666666666666,0.3333333333333333,0.6666666666666666,0.6666666666666666,1.0,0.5,6,12,6
2284,0.7368421052631579,-0.3333333333333333,0.33333333333333337,0.2857142857142857,1.0,0.5833333333333334,7,12,7
2285,0.8,0.0,0.5,0.5,1.0,0.6666666666666666,8,12,8
2286,1.0,0.7090909090909091,0.8545454545454545,0.7272727272727273,1.0,1.0,11,11,11
2287,0.0,1.0,1.0,1.0,0.0,0.0,0,13,0
2288,0.0,1.0,1.0,1.0,0.0,0.0,0,12,0
2289,0.0,1.0,1.0,1.0,0.0,0.0,0,13,0
2290,0.7499999999999999,0.3333333333333333,0.6666666666666666,0.5,0.6,1.0,10,6,6
2291,0.7368421052631579,0.14285714285714285,0.5714285714285714,0.42857142857142855,1.0,0.5833333333333334,7,12,7
2292,0.6666666666666666,-0.06666666666666667,0.4666666666666667,0.5,1.0,0.5,6,12,6
2293,0.7368421052631579,0.42857142857142855,0.7142857142857143,0.5714285714285714,1.0,0.5833333333333334,7,12,7
2294,0.8571428571428571,-0.2222222222222222,0.3888888888888889,0.4444444444444444,1.0,0.75,9,12,9
2295,0.6666666666666666,0.8666666666666667,0.9333333333333333,0.8333333333333334,1.0,0.5,6,12,6
2296,0.0,1.0,1.0,1.0,0.0,0.0,0,12,0
2297,0.761904761904762,0.21428571428571427,0.6071428571428571,0.5,1.0,0.6153846153846154,8,13,8
2298,0.9600000000000001,0.24242424242424243,0.6212121212121212,0.4166666666666667,0.9230769230769231,1.0,13,12,12
2299,0.6666666666666666,-0.06666666666666667,0.4666666666666667,0.5,1.0,0.5,6,12,6
2300,0.631578947368421,0.06666666666666667,0.5333333333333333,0.6666666666666666,1.0,0.46153846153846156,6,13,6
2301,1.0,0.4666666666666667,0.7333333333333334,0.5,1.0,1.0,10,10,10
2302,0.631578947368421,0.2,0.6,0.6666666666666666,1.0,0.46153846153846156,6,13,6
2303,0.5714285714285715,0.7333333333333333,0.8666666666666667,0.8333333333333334,1.0,0.4,6,15,6
2304,0.6,0.6,0.8,0.6666666666666666,0.42857142857142855,1.0,14,6,6
2305,0.9565217391304348,0.2727272727272727,0.6363636363636364,0.45454545454545453,1.0,0.9166666666666666,11,12,11
2306,0.5555555555555556,0.0,0.5,0.6,1.0,0.38461538461538464,5,13,5
2307,0.962962962962963,0.38461538461538464,0.6923076923076923,0.5384615384615384,1.0,0.9285714285714286,13,14,13
2308,0.6666666666666666,-0.2,0.4,0.5,1.0,0.5,6,12,6
2309,0.9166666666666666,0.4909090909090909,0.7454545454545455,0.6363636363636364,1.0,0.8461538461538461,11,13,11
2310,0.0,1.0,1.0,1.0,0.0,0.0,0,12,0
2311,0.6,0.8666666666666667,0.9333333333333333,0.8333333333333334,1.0,0.42857142857142855,6,14,6
2312,0.846153846153846,-0.09090909090909091,0.45454545454545453,0.2727272727272727,1.0,0.7333333333333333,11,15,11
2313,0.9565217391304348,0.01818181818181818,0.509090909090909,0.45454545454545453,1.0,0.9166666666666666,11,12,11
2314,0.761904761904762,0.5714285714285714,0.7857142857142857,0.5,1.0,0.6153846153846154,8,13,8
2315,0.7000000000000001,0.23809523809523808,0.6190476190476191,0.5714285714285714,1.0,0.5384615384615384,7,13,7
2316,0.8571428571428571,0.18181818181818182,0.5909090909090909,0.4166666666666667,0.75,1.0,16,12,12
2317,0.0,1.0,1.0,1.0,0.0,0.0,0,13,0
2318,0.6666666666666666,0.5238095238095238,0.7619047619047619,0.7142857142857143,1.0,0.5,7,14,7
2319,0.8181818181818181,0.1111111111111111,0.5555555555555556,0.5555555555555556,1.0,0.6923076923076923,9,13,9
2320,0.923076923076923,0.030303030303030304,0.5151515151515151,0.5,1.0,0.8571428571428571,12,14,12
2321,0.9090909090909091,0.3333333333333333,0.6666666666666666,0.4,1.0,0.8333333333333334,10,12,10
2322,0.6666666666666666,0.6,0.8,0.6,1.0,0.5,5,10,5
2323,0.0,1.0,1.0,1.0,0.0,0.0,0,16,0
2324,0.625,0.8,0.9,0.8,1.0,0.45454545454545453,5,11,5
2325,0.47619047619047616,-0.2,0.4,0.4,1.0,0.3125,5,16,5
2326,0.0,1.0,1.0,1.0,0.0,0.0,0,13,0
2327,0.0,1.0,1.0,1.0,0.0,0.0,0,15,0
2328,0.8,0.21428571428571427,0.6071428571428571,0.625,1.0,0.6666666666666666,8,12,8
2329,0.0,1.0,1.0,1.0,0.0,0.0,0,13,0
2330,0.8,0.0,0.5,0.5,1.0,0.6666666666666666,8,12,8
2331,0.962962962962963,0.5897435897435898,0.7948717948717949,0.7692307692307693,0.9285714285714286,1.0,14,13,13
2332,0.8,0.35714285714285715,0.6785714285714286,0.75,1.0,0.6666666666666666,8,12,8
2333,0.7000000000000001,0.047619047619047616,0.5238095238095238,0.5714285714285714,1.0,0.5384615384615384,7,13,7
2334,0.7272727272727273,0.14285714285714285,0.5714285714285714,0.5,1.0,0.5714285714285714,8,14,8
2335,0.8571428571428571,0.16666666666666666,0.5833333333333334,0.5555555555555556,1.0,0.75,9,12,9
2336,0.5555555555555556,0.0,0.5,0.6,1.0,0.38461538461538464,5,13,5
2337,0.0,1.0,1.0,1.0,0.0,0.0,0,12,0
2338,0.0,1.0,1.0,1.0,0.0,0.0,0,11,0
2339,0.0,1.0,1.0,1.0,0.0,0.0,0,14,0
2340,0.0,1.0,1.0,1.0,0.0,0.0,0,11,0
2341,0.9565217391304348,0.3090909090909091,0.6545454545454545,0.6363636363636364,1.0,0.9166666666666666,11,12,11
2342,0.8,0.35714285714285715,0.6785714285714286,0.625,1.0,0.6666666666666666,8,12,8
2343,0.5882352941176471,-0.2,0.4,0.4,1.0,0.4166666666666667,5,12,5
2344,0.7368421052631579,0.047619047619047616,0.5238095238095238,0.5714285714285714,1.0,0.5833333333333334,7,12,7
2345,0.0,1.0,1.0,1.0,0.0,0.0,0,12,0
2346,0.4444444444444445,0.3333333333333333,0.6666666666666666,0.75,1.0,0.2857142857142857,4,14,4
2347,0.8666666666666666,0.358974358974359,0.6794871794871795,0.46153846153846156,0.7647058823529411,1.0,17,13,13
2348,0.9523809523809523,0.4666666666666667,0.7333333333333334,0.6,1.0,0.9090909090909091,10,11,10
2349,0.9090909090909091,0.6888888888888889,0.8444444444444444,0.5,1.0,0.8333333333333334,10,12,10
2350,0.8695652173913044,0.4222222222222222,0.7111111111111111,0.4,1.0,0.7692307692307693,10,13,10
2351,0.5263157894736842,0.2,0.6,0.6,1.0,0.35714285714285715,5,14,5
2352,1.0,0.36363636363636365,0.6818181818181819,0.5,1.0,1.0,12,12,12
2353,0.782608695652174,0.0,0.5,0.4444444444444444,1.0,0.6428571428571429,9,14,9
2354,0.0,1.0,1.0,1.0,0.0,0.0,0,15,0
2355,0.9090909090909091,0.4222222222222222,0.7111111111111111,0.6,1.0,0.8333333333333334,10,12,10
2356,0.7272727272727273,0.5714285714285714,0.7857142857142857,0.75,1.0,0.5714285714285714,8,14,8
2357,0.9655172413793104,0.27472527472527475,0.6373626373626373,0.35714285714285715,0.9333333333333333,1.0,15,14,14
2358,0.7272727272727273,0.21428571428571427,0.6071428571428571,0.75,0.5714285714285714,1.0,14,8,8
2359,0.0,1.0,1.0,1.0,0.0,0.0,0,13,0
2360,0.8275862068965517,-0.030303030303030304,0.48484848484848486,0.4166666666666667,0.7058823529411765,1.0,17,12,12
2361,1.0,0.08571428571428572,0.5428571428571428,0.4666666666666667,1.0,1.0,15,15,15
2362,0.5263157894736842,-0.8,0.09999999999999998,0.4,1.0,0.35714285714285715,5,14,5
2363,0.8,0.0,0.5,0.4166666666666667,0.6666666666666666,1.0,18,12,12
2364,0.0,1.0,1.0,1.0,0.0,0.0,0,13,0
2365,0.8695652173913044,0.24444444444444444,0.6222222222222222,0.6,1.0,0.7692307692307693,10,13,10
2366,0.5,0.6,0.8,0.6,1.0,0.3333333333333333,5,15,5
2367,0.9090909090909091,-0.15555555555555556,0.4222222222222222,0.3,0.8333333333333334,1.0,12,10,10
2368,0.0,1.0,1.0,1.0,0.0,0.0,0,13,0
2369,0.8571428571428571,0.5,0.75,0.6666666666666666,1.0,0.75,9,12,9
2370,0.5882352941176471,0.6,0.8,0.8,1.0,0.4166666666666667,5,12,5
2371,0.888888888888889,0.3939393939393939,0.696969696969697,0.5,0.8,1.0,15,12,12
2372,0.0,1.0,1.0,1.0,0.0,0.0,0,13,0
2373,0.7499999999999999,0.2222222222222222,0.6111111111111112,0.6666666666666666,1.0,0.6,9,15,9
2374,0.7368421052631579,0.14285714285714285,0.5714285714285714,0.5714285714285714,1.0,0.5833333333333334,7,12,7
2375,0.0,1.0,1.0,1.0,0.0,0.0,0,13,0
2376,0.9090909090909091,0.15555555555555556,0.5777777777777777,0.4,1.0,0.8333333333333334,10,12,10
2377,0.5882352941176471,-0.2,0.4,0.4,1.0,0.4166666666666667,5,12,5
2378,0.0,1.0,1.0,1.0,0.0,0.0,0,13,0
2379,0.631578947368421,0.8666666666666667,0.9333333333333333,0.8333333333333334,1.0,0.46153846153846156,6,13,6
2380,1.0,0.2727272727272727,0.6363636363636364,0.5,1.0,1.0,12,12,12
2381,0.888888888888889,0.5,0.75,0.5,1.0,0.8,8,10,8
2382,0.6,-0.2,0.4,0.6666666666666666,1.0,0.42857142857142855,6,14,6
2383,0.7368421052631579,-0.14285714285714285,0.4285714285714286,0.42857142857142855,1.0,0.5833333333333334,7,12,7
2384,0.0,1.0,1.0,1.0,0.0,0.0,0,14,0
2385,0.9655172413793104,-0.054945054945054944,0.4725274725274725,0.5,1.0,0.9333333333333333,14,15,14
2386,0.9285714285714286,0.3333333333333333,0.6666666666666666,0.46153846153846156,0.8666666666666667,1.0,15,13,13
2387,0.9333333333333333,0.3333333333333333,0.6666666666666666,0.5714285714285714,1.0,0.875,7,8,7
2388,0.6,0.3333333333333333,0.6666666666666666,0.6666666666666666,1.0,0.42857142857142855,6,14,6
2389,0.0,1.0,1.0,1.0,0.0,0.0,0,14,0
2390,0.7272727272727273,0.07142857142857142,0.5357142857142857,0.375,1.0,0.5714285714285714,8,14,8
2391,0.625,0.0,0.5,0.6,1.0,0.45454545454545453,5,11,5
2392,0.6666666666666666,-0.3333333333333333,0.33333333333333337,0.5,1.0,0.5,6,12,6
2393,0.0,1.0,1.0,1.0,0.0,0.0,0,14,0
2394,0.7142857142857143,-0.6,0.2,0.4,1.0,0.5555555555555556,5,9,5
2395,0.7692307692307693,0.28888888888888886,0.6444444444444444,0.5,1.0,0.625,10,16,10
2396,0.8571428571428571,0.6666666666666666,0.8333333333333333,0.7777777777777778,1.0,0.75,9,12,9
2397,0.631578947368421,0.2,0.6,0.6666666666666666,1.0,0.46153846153846156,6,13,6
2398,0.0,1.0,1.0,1.0,0.0,0.0,0,13,0
2399,0.6086956521739131,0.3333333333333333,0.6666666666666666,0.42857142857142855,1.0,0.4375,7,16,7
2400,0.8,0.14285714285714285,0.5714285714285714,0.625,1.0,0.6666666666666666,8,12,8
2401,1.0,0.1619047619047619,0.580952380952381,0.5333333333333333,1.0,1.0,15,15,15
2402,0.8571428571428571,-0.05555555555555555,0.4722222222222222,0.4444444444444444,1.0,0.75,9,12,9
2403,0.5882352941176471,0.0,0.5,0.6,1.0,0.4166666666666667,5,12,5
2404,0.5882352941176471,-0.4,0.3,0.4,1.0,0.4166666666666667,5,12,5
2405,0.9090909090909091,-0.24444444444444444,0.37777777777777777,0.3,0.8333333333333334,1.0,12,10,10
2406,0.8108108108108109,0.2761904761904762,0.638095238095238,0.4666666666666667,0.6818181818181818,1.0,22,15,15
2407,0.8571428571428571,0.3333333333333333,0.6666666666666666,0.6666666666666666,1.0,0.75,9,12,9
2408,0.923076923076923,0.7878787878787878,0.8939393939393939,0.75,0.8571428571428571,1.0,14,12,12
2409,0.7000000000000001,0.8095238095238095,0.9047619047619048,0.7142857142857143,1.0,0.5384615384615384,7,13,7
2410,0.9090909090909091,0.4222222222222222,0.7111111111111111,0.5,1.0,0.8333333333333334,10,12,10
2411,1.0,0.18181818181818182,0.5909090909090909,0.5,1.0,1.0,12,12,12
2412,0.5454545454545454,-0.2,0.4,0.5,1.0,0.375,6,16,6
2413,0.9600000000000001,0.0,0.5,0.4166666666666667,1.0,0.9230769230769231,12,13,12
2414,0.5555555555555556,0.2,0.6,0.6,1.0,0.38461538461538464,5,13,5
2415,0.8571428571428571,0.2777777777777778,0.6388888888888888,0.5555555555555556,1.0,0.75,9,12,9
2416,0.6666666666666666,0.14285714285714285,0.5714285714285714,0.7142857142857143,1.0,0.5,7,14,7
2417,0.0,1.0,1.0,1.0,0.0,0.0,0,12,0
2418,0.5882352941176471,0.0,0.5,0.6,1.0,0.4166666666666667,5,12,5
2419,0.0,1.0,1.0,1.0,0.0,0.0,0,12,0
2420,0.6666666666666666,0.18181818181818182,0.5909090909090909,0.5,0.5,1.0,24,12,12
2421,0.0,1.0,1.0,1.0,0.0,0.0,0,13,0
2422,0.6521739130434783,0.4857142857142857,0.7428571428571429,0.4666666666666667,0.4838709677419355,1.0,31,15,15
2423,0.0,1.0,1.0,1.0,0.0,0.0,0,12,0
2424,0.8,0.42857142857142855,0.7142857142857143,0.5,1.0,0.6666666666666666,8,12,8
2425,0.5,0.6666666666666666,0.8333333333333333,0.75,1.0,0.3333333333333333,4,12,4
2426,0.0,1.0,1.0,1.0,0.0,0.0,0,14,0
2427,0.7692307692307693,0.8,0.9,0.8,1.0,0.625,5,8,5
2428,0.5,0.0,0.5,0.75,1.0,0.3333333333333333,4,12,4
2429,0.9333333333333333,0.5238095238095238,0.7619047619047619,0.7142857142857143,1.0,0.875,7,8,7
2430,0.923076923076923,-0.12121212121212122,0.4393939393939394,0.3333333333333333,0.8571428571428571,1.0,14,12,12
2431,0.8571428571428571,0.4666666666666667,0.7333333333333334,0.8333333333333334,0.75,1.0,8,6,6
2432,0.625,0.0,0.5,0.4,1.0,0.45454545454545453,5,11,5
2433,1.0,0.4444444444444444,0.7222222222222222,0.6666666666666666,1.0,1.0,9,9,9
2434,0.9333333333333333,0.4725274725274725,0.7362637362637363,0.6428571428571429,1.0,0.875,14,16,14
2435,0.9090909090909091,0.6,0.8,0.5,1.0,0.8333333333333334,10,12,10
2436,0.8421052631578948,0.5714285714285714,0.7857142857142857,0.625,0.7272727272727273,1.0,11,8,8
2437,0.9565217391304348,-0.01818181818181818,0.4909090909090909,0.45454545454545453,1.0,0.9166666666666666,11,12,11
2438,0.5,0.0,0.5,0.75,1.0,0.3333333333333333,4,12,4
2439,0.962962962962963,0.0,0.5,0.46153846153846156,0.9285714285714286,1.0,14,13,13
2440,0.0,1.0,1.0,1.0,0.0,0.0,0,12,0
2441,0.5,0.0,0.5,0.5,1.0,0.3333333333333333,4,12,4
2442,0.8181818181818181,0.6666666666666666,0.8333333333333333,0.7777777777777778,1.0,0.6923076923076923,9,13,9
2443,0.0,1.0,1.0,1.0,0.0,0.0,0,13,0
2444,1.0,0.21212121212121213,0.6060606060606061,0.5,1.0,1.0,12,12,12
2445,0.761904761904762,0.7142857142857143,0.8571428571428572,0.75,1.0,0.6153846153846154,8,13,8
2446,0.5614035087719299,-0.5166666666666667,0.24166666666666664,0.25,0.3902439024390244,1.0,41,16,16
2447,0.8,0.4222222222222222,0.7111111111111111,0.6,1.0,0.6666666666666666,10,15,10
2448,0.8333333333333333,0.0,0.5,0.6,1.0,0.7142857142857143,5,7,5
2449,0.7272727272727273,0.0,0.5,0.5,1.0,0.5714285714285714,4,7,4
2450,0.8,0.5,0.75,0.625,1.0,0.6666666666666666,8,12,8
2451,0.8,0.8571428571428571,0.9285714285714286,0.875,1.0,0.6666666666666666,8,12,8
2452,0.8275862068965517,0.3939393939393939,0.696969696969697,0.5,0.7058823529411765,1.0,17,12,12
2453,0.7499999999999999,0.5555555555555556,0.7777777777777778,0.6666666666666666,0.6,1.0,15,9,9
2454,0.8387096774193548,0.1282051282051282,0.5641025641025641,0.46153846153846156,0.7222222222222222,1.0,18,13,13
2455,0.7499999999999999,0.4666666666666667,0.7333333333333334,0.5,1.0,0.6,6,10,6
2456,0.6666666666666666,0.06666666666666667,0.5333333333333333,0.5,1.0,0.5,6,12,6
2457,0.8,0.07142857142857142,0.5357142857142857,0.625,1.0,0.6666666666666666,8,12,8
2458,0.5882352941176471,0.0,0.5,0.6,1.0,0.4166666666666667,5,12,5
2459,0.631578947368421,-0.7333333333333333,0.13333333333333336,0.3333333333333333,1.0,0.46153846153846156,6,13,6
2460,0.9411764705882353,0.0,0.5,0.5,1.0,0.8888888888888888,8,9,8
2461,0.7058823529411764,-0.2,0.4,0.5,1.0,0.5454545454545454,6,11,6
2462,0.9333333333333333,0.3333333333333333,0.6666666666666666,0.5714285714285714,0.875,1.0,8,7,7
2463,0.8235294117647058,0.14285714285714285,0.5714285714285714,0.5714285714285714,0.7,1.0,10,7,7
2464,0.0,1.0,1.0,1.0,0.0,0.0,0,12,0
2465,0.9600000000000001,0.48484848484848486,0.7424242424242424,0.6666666666666666,0.9230769230769231,1.0,13,12,12
2466,0.8235294117647058,-0.6190476190476191,0.19047619047619047,0.2857142857142857,1.0,0.7,7,10,7
2467,0.846153846153846,0.38181818181818183,0.6909090909090909,0.6363636363636364,1.0,0.7333333333333333,11,15,11
2468,0.8571428571428571,0.0,0.5,0.3333333333333333,1.0,0.75,12,16,12
2469,0.0,1.0,1.0,1.0,0.0,0.0,0,14,0
2470,0.8,-0.2857142857142857,0.35714285714285715,0.375,1.0,0.6666666666666666,8,12,8
2471,0.7000000000000001,-0.5238095238095238,0.23809523809523808,0.42857142857142855,1.0,0.5384615384615384,7,13,7
2472,0.6666666666666666,0.6,0.8,0.8333333333333334,1.0,0.5,6,12,6
2473,0.0,1.0,1.0,1.0,0.0,0.0,0,12,0
2474,0.9565217391304348,0.2727272727272727,0.6363636363636364,0.7272727272727273,1.0,0.9166666666666666,11,12,11
2475,0.0,1.0,1.0,1.0,0.0,0.0,0,10,0
2476,0.9565217391304348,0.41818181818181815,0.7090909090909091,0.5454545454545454,1.0,0.9166666666666666,11,12,11
2477,0.0,1.0,1.0,1.0,0.0,0.0,0,12,0
2478,0.962962962962963,0.3333333333333333,0.6666666666666666,0.38461538461538464,0.9285714285714286,1.0,14,13,13
2479,0.8571428571428571,0.8333333333333334,0.9166666666666667,0.8888888888888888,1.0,0.75,9,12,9
2480,0.962962962962963,0.02564102564102564,0.5128205128205128,0.38461538461538464,1.0,0.9285714285714286,13,14,13
2481,0.0,1.0,1.0,1.0,0.0,0.0,0,9,0
2482,0.7368421052631579,-0.047619047619047616,0.47619047619047616,0.5714285714285714,0.5833333333333334,1.0,12,7,7
2483,0.6666666666666666,0.4666666666666667,0.7333333333333334,0.5,1.0,0.5,6,12,6
2484,0.7000000000000001,-0.047619047619047616,0.47619047619047616,0.42857142857142855,1.0,0.5384615384615384,7,13,7
2485,0.9523809523809523,0.1111111111111111,0.5555555555555556,0.4,0.9090909090909091,1.0,11,10,10
2486,1.0,0.2,0.6,0.6666666666666666,1.0,1.0,6,6,6
2487,0.9473684210526316,-0.4444444444444444,0.2777777777777778,0.3333333333333333,1.0,0.9,9,10,9
2488,0.7096774193548387,0.2727272727272727,0.6363636363636364,0.5454545454545454,0.55,1.0,20,11,11
2489,0.9523809523809523,0.4666666666666667,0.7333333333333334,0.7,1.0,0.9090909090909091,10,11,10
2490,0.0,1.0,1.0,1.0,0.0,0.0,0,12,0
2491,0.7368421052631579,-0.14285714285714285,0.4285714285714286,0.42857142857142855,1.0,0.5833333333333334,7,12,7
2492,0.923076923076923,0.6,0.8,0.6666666666666666,0.8571428571428571,1.0,7,6,6
2493,0.7368421052631579,0.23809523809523808,0.6190476190476191,0.5714285714285714,1.0,0.5833333333333334,7,12,7
2494,0.0,1.0,1.0,1.0,0.0,0.0,0,13,0
2495,0.0,1.0,1.0,1.0,0.0,0.0,0,12,0
2496,0.888888888888889,0.5,0.75,0.875,1.0,0.8,8,10,8
2497,0.8,0.42857142857142855,0.7142857142857143,0.75,1.0,0.6666666666666666,8,12,8
2498,0.0,1.0,1.0,1.0,0.0,0.0,0,12,0
2499,0.8,-0.07142857142857142,0.4642857142857143,0.5,1.0,0.6666666666666666,8,12,8
2500,0.8235294117647058,0.8095238095238095,0.9047619047619048,0.8571428571428571,1.0,0.7,7,10,7
2501,0.9,0.4444444444444444,0.7222222222222222,0.4444444444444444,1.0,0.8181818181818182,9,11,9
2502,0.8,0.14285714285714285,0.5714285714285714,0.625,1.0,0.6666666666666666,8,12,8
2503,0.9411764705882353,0.21428571428571427,0.6071428571428571,0.625,1.0,0.8888888888888888,8,9,8
2504,0.9090909090909091,-0.3333333333333333,0.33333333333333337,0.5,1.0,0.8333333333333334,10,12,10
2505,0.0,1.0,1.0,1.0,0.0,0.0,0,10,0
2506,0.0,1.0,1.0,1.0,0.0,0.0,0,9,0
2507,0.0,1.0,1.0,1.0,0.0,0.0,0,12,0
2508,0.7499999999999999,-0.2,0.4,0.5,1.0,0.6,6,10,6
2509,0.0,1.0,1.0,1.0,0.0,0.0,0,9,0
2510,0.0,1.0,1.0,1.0,0.0,0.0,0,11,0
2511,0.8571428571428571,0.4444444444444444,0.7222222222222222,0.5555555555555556,1.0,0.75,9,12,9
2512,0.6666666666666666,-0.2,0.4,0.5,1.0,0.5,6,12,6
2513,1.0,0.5,0.75,0.625,1.0,1.0,8,8,8
2514,0.9090909090909091,0.37777777777777777,0.6888888888888889,0.4,1.0,0.8333333333333334,10,12,10
2515,0.0,1.0,1.0,1.0,0.0,0.0,0,12,0
2516,0.0,1.0,1.0,1.0,0.0,0.0,0,12,0
2517,0.5714285714285715,-0.3333333333333333,0.33333333333333337,0.3333333333333333,1.0,0.4,6,15,6
2518,0.6666666666666666,-0.2,0.4,0.5,1.0,0.5,6,12,6
2519,0.631578947368421,0.2,0.6,0.6666666666666666,1.0,0.46153846153846156,6,13,6
2520,0.8181818181818181,0.7222222222222222,0.8611111111111112,0.7777777777777778,1.0,0.6923076923076923,9,13,9
2521,0.9523809523809523,0.022222222222222223,0.5111111111111111,0.5,0.9090909090909091,1.0,11,10,10
2522,0.782608695652174,0.05555555555555555,0.5277777777777778,0.4444444444444444,1.0,0.6428571428571429,9,14,9
2523,0.9090909090909091,0.3333333333333333,0.6666666666666666,0.4,1.0,0.8333333333333334,10,12,10
2524,0.9090909090909091,0.5555555555555556,0.7777777777777778,0.8,1.0,0.8333333333333334,10,12,10
2525,1.0,0.5714285714285714,0.7857142857142857,0.625,1.0,1.0,8,8,8
2526,0.8181818181818181,0.2222222222222222,0.6111111111111112,0.5555555555555556,0.6923076923076923,1.0,13,9,9
2527,0.0,1.0,1.0,1.0,0.0,0.0,0,12,0
2528,0.9090909090909091,0.24444444444444444,0.6222222222222222,0.5,1.0,0.8333333333333334,10,12,10
2529,0.9565217391304348,0.09090909090909091,0.5454545454545454,0.36363636363636365,0.9166666666666666,1.0,12,11,11
2530,0.761904761904762,0.35714285714285715,0.6785714285714286,0.625,1.0,0.6153846153846154,8,13,8
2531,0.7272727272727273,0.21428571428571427,0.6071428571428571,0.5,1.0,0.5714285714285714,8,14,8
2532,0.0,1.0,1.0,1.0,0.0,0.0,0,12,0
2533,0.8,0.35714285714285715,0.6785714285714286,0.5,1.0,0.6666666666666666,8,12,8
2534,0.7692307692307693,0.2,0.6,0.4,1.0,0.625,5,8,5
2535,1.0,0.30303030303030304,0.6515151515151515,0.6666666666666666,1.0,1.0,12,12,12
2536,0.8235294117647058,-0.42857142857142855,0.2857142857142857,0.42857142857142855,1.0,0.7,7,10,7
2537,0.8,-0.12121212121212122,0.4393939393939394,0.4166666666666667,0.6666666666666666,1.0,18,12,12
2538,0.8750000000000001,0.42857142857142855,0.7142857142857143,0.7142857142857143,1.0,0.7777777777777778,7,9,7
2539,0.0,1.0,1.0,1.0,0.0,0.0,0,17,0
2540,0.9090909090909091,-0.022222222222222223,0.4888888888888889,0.5,1.0,0.8333333333333334,10,12,10
2541,0.962962962962963,0.38461538461538464,0.6923076923076923,0.6153846153846154,0.9285714285714286,1.0,14,13,13
2542,0.8571428571428571,0.05555555555555555,0.5277777777777778,0.4444444444444444,1.0,0.75,9,12,9
2543,0.7368421052631579,-0.047619047619047616,0.47619047619047616,0.5714285714285714,1.0,0.5833333333333334,7,12,7
2544,0.8,0.5,0.75,0.625,1.0,0.6666666666666666,8,12,8
2545,0.8571428571428571,1.0,1.0,1.0,1.0,0.75,6,8,6
2546,0.0,1.0,1.0,1.0,0.0,0.0,0,10,0
2547,0.0,1.0,1.0,1.0,0.0,0.0,0,12,0
2548,0.9600000000000001,-0.09090909090909091,0.45454545454545453,0.4166666666666667,1.0,0.9230769230769231,12,13,12
2549,0.7222222222222222,0.23076923076923078,0.6153846153846154,0.38461538461538464,0.5652173913043478,1.0,23,13,13
2550,0.923076923076923,0.06060606060606061,0.5303030303030303,0.4166666666666667,0.8571428571428571,1.0,14,12,12
2551,0.8571428571428571,0.30303030303030304,0.6515151515151515,0.4166666666666667,0.75,1.0,16,12,12
2552,0.8125000000000001,0.1794871794871795,0.5897435897435898,0.38461538461538464,0.6842105263157895,1.0,19,13,13
2553,0.9333333333333333,-0.14285714285714285,0.4285714285714286,0.42857142857142855,1.0,0.875,7,8,7
2554,0.6666666666666666,0.2,0.6,0.5,1.0,0.5,6,12,6
2555,0.7777777777777778,0.42857142857142855,0.7142857142857143,0.5714285714285714,1.0,0.6363636363636364,7,11,7
2556,0.5555555555555556,0.0,0.5,0.6,1.0,0.38461538461538464,5,13,5
2557,0.7000000000000001,0.3333333333333333,0.6666666666666666,0.5714285714285714,1.0,0.5384615384615384,7,13,7
2558,0.6666666666666666,-0.4,0.3,0.4,0.5,1.0,10,5,5
2559,0.761904761904762,0.5,0.75,0.625,1.0,0.6153846153846154,8,13,8
2560,0.6,0.6,0.8,0.8333333333333334,1.0,0.42857142857142855,6,14,6
2561,0.782608695652174,0.3888888888888889,0.6944444444444444,0.5555555555555556,1.0,0.6428571428571429,9,14,9
2562,0.0,1.0,1.0,1.0,0.0,0.0,0,15,0
2563,0.962962962962963,-0.3076923076923077,0.34615384615384615,0.38461538461538464,0.9285714285714286,1.0,14,13,13
2564,0.8750000000000001,-0.047619047619047616,0.47619047619047616,0.42857142857142855,1.0,0.7777777777777778,7,9,7
2565,0.0,1.0,1.0,1.0,0.0,0.0,0,11,0
2566,0.6,0.2,0.6,0.6666666666666666,1.0,0.42857142857142855,6,14,6
2567,0.631578947368421,0.2,0.6,0.5,1.0,0.46153846153846156,6,13,6
2568,0.5714285714285715,0.0,0.5,0.5,0.4,1.0,20,8,8
2569,0.0,1.0,1.0,1.0,0.0,0.0,0,14,0
2570,0.896551724137931,0.1794871794871795,0.5897435897435898,0.6153846153846154,0.8125,1.0,16,13,13
2571,0.7272727272727273,-0.07142857142857142,0.4642857142857143,0.375,0.5714285714285714,1.0,14,8,8
2572,0.9090909090909091,-0.022222222222222223,0.4888888888888889,0.5,0.8333333333333334,1.0,12,10,10
2573,0.9600000000000001,0.18181818181818182,0.5909090909090909,0.4166666666666667,0.9230769230769231,1.0,13,12,12
2574,0.9565217391304348,0.05454545454545454,0.5272727272727272,0.36363636363636365,1.0,0.9166666666666666,11,12,11
2575,0.8,0.0,0.5,0.625,1.0,0.6666666666666666,8,12,8
2576,0.0,1.0,1.0,1.0,0.0,0.0,0,12,0
2577,0.8571428571428571,-0.1111111111111111,0.4444444444444444,0.4444444444444444,1.0,0.75,9,12,9
2578,0.7368421052631579,-0.23809523809523808,0.38095238095238093,0.42857142857142855,1.0,0.5833333333333334,7,12,7
2579,0.0,1.0,1.0,1.0,0.0,0.0,0,12,0
2580,0.0,1.0,1.0,1.0,0.0,0.0,0,6,0
2581,0.631578947368421,0.4666666666666667,0.7333333333333334,0.6666666666666666,1.0,0.46153846153846156,6,13,6
2582,0.8571428571428571,-0.2222222222222222,0.3888888888888889,0.4444444444444444,1.0,0.75,9,12,9
2583,0.6153846153846153,0.6666666666666666,0.8333333333333333,0.75,1.0,0.4444444444444444,4,9,4
2584,0.8181818181818181,0.1111111111111111,0.5555555555555556,0.5555555555555556,1.0,0.6923076923076923,9,13,9
2585,0.8,0.07142857142857142,0.5357142857142857,0.5,1.0,0.6666666666666666,8,12,8
2586,1.0,0.5555555555555556,0.7777777777777778,0.5555555555555556,1.0,1.0,9,9,9
2587,0.9090909090909091,0.1111111111111111,0.5555555555555556,0.5,1.0,0.8333333333333334,10,12,10
2588,0.7499999999999999,-0.4666666666666667,0.26666666666666666,0.3333333333333333,1.0,0.6,6,10,6
2589,0.8275862068965517,0.09090909090909091,0.5454545454545454,0.3333333333333333,0.7058823529411765,1.0,17,12,12
2590,0.6666666666666666,0.0,0.5,0.5,1.0,0.5,4,8,4
2591,0.9090909090909091,0.1111111111111111,0.5555555555555556,0.4,0.8333333333333334,1.0,12,10,10
2592,0.6153846153846153,-0.6666666666666666,0.16666666666666669,0.5,1.0,0.4444444444444444,4,9,4
2593,0.9565217391304348,0.05454545454545454,0.5272727272727272,0.5454545454545454,1.0,0.9166666666666666,11,12,11
2594,0.761904761904762,0.35714285714285715,0.6785714285714286,0.5,1.0,0.6153846153846154,8,13,8
2595,0.0,1.0,1.0,1.0,0.0,0.0,0,14,0
2596,0.0,1.0,1.0,1.0,0.0,0.0,0,13,0
2597,0.625,0.0,0.5,0.4,1.0,0.45454545454545453,5,11,5
2598,0.8,0.0,0.5,0.5,1.0,0.6666666666666666,8,12,8
2599,0.7368421052631579,0.7142857142857143,0.8571428571428572,0.7142857142857143,1.0,0.5833333333333334,7,12,7
2600,0.6666666666666666,0.3333333333333333,0.6666666666666666,0.6666666666666666,1.0,0.5,6,12,6
2601,0.0,1.0,1.0,1.0,0.0,0.0,0,12,0
2602,0.0,1.0,1.0,1.0,0.0,0.0,0,13,0
2603,1.0,0.4095238095238095,0.7047619047619047,0.5333333333333333,1.0,1.0,15,15,15
2604,0.0,1.0,1.0,1.0,0.0,0.0,0,13,0
2605,0.7368421052631579,0.047619047619047616,0.5238095238095238,0.5714285714285714,1.0,0.5833333333333334,7,12,7
2606,0.0,1.0,1.0,1.0,0.0,0.0,0,7,0
2607,0.7368421052631579,-0.42857142857142855,0.2857142857142857,0.42857142857142855,1.0,0.5833333333333334,7,12,7
2608,0.8,0.42857142857142855,0.7142857142857143,0.5,1.0,0.6666666666666666,8,12,8
2609,0.9600000000000001,0.21212121212121213,0.6060606060606061,0.5,1.0,0.9230769230769231,12,13,12
2610,0.0,1.0,1.0,1.0,0.0,0.0,0,11,0
2611,0.0,1.0,1.0,1.0,0.0,0.0,0,12,0
2612,1.0,0.6666666666666666,0.8333333333333333,0.75,1.0,1.0,12,12,12
2613,0.9565217391304348,0.8181818181818182,0.9090909090909092,0.8181818181818182,1.0,0.9166666666666666,11,12,11
2614,0.9090909090909091,0.6444444444444445,0.8222222222222222,0.9,1.0,0.8333333333333334,10,12,10
2615,0.0,1.0,1.0,1.0,0.0,0.0,0,13,0
2616,0.6666666666666666,0.06666666666666667,0.5333333333333333,0.5,1.0,0.5,6,12,6
2617,0.0,1.0,1.0,1.0,0.0,0.0,0,12,0
2618,0.0,1.0,1.0,1.0,0.0,0.0,0,13,0
2619,0.0,1.0,1.0,1.0,0.0,0.0,0,14,0
2620,0.5882352941176471,0.0,0.5,0.4,1.0,0.4166666666666667,5,12,5
2621,0.7368421052631579,0.047619047619047616,0.5238095238095238,0.42857142857142855,1.0,0.5833333333333334,7,12,7
2622,0.6666666666666666,0.42857142857142855,0.7142857142857143,0.7142857142857143,1.0,0.5,7,14,7
2623,0.6666666666666666,0.06666666666666667,0.5333333333333333,0.5,0.5,1.0,12,6,6
2624,0.0,1.0,1.0,1.0,0.0,0.0,0,12,0
2625,0.0,1.0,1.0,1.0,0.0,0.0,0,12,0
2626,0.0,1.0,1.0,1.0,0.0,0.0,0,12,0
2627,1.0,0.42857142857142855,0.7142857142857143,0.5714285714285714,1.0,1.0,7,7,7
2628,0.0,1.0,1.0,1.0,0.0,0.0,0,12,0
2629,0.7000000000000001,0.42857142857142855,0.7142857142857143,0.7142857142857143,1.0,0.5384615384615384,7,13,7
2630,0.0,1.0,1.0,1.0,0.0,0.0,0,16,0
2631,0.0,1.0,1.0,1.0,0.0,0.0,0,13,0
2632,0.9565217391304348,0.2727272727272727,0.6363636363636364,0.5454545454545454,1.0,0.9166666666666666,11,12,11
2633,0.0,1.0,1.0,1.0,0.0,0.0,0,12,0
2634,0.5882352941176471,-0.2,0.4,0.6,1.0,0.4166666666666667,5,12,5
2635,0.8,0.06666666666666667,0.5333333333333333,0.6666666666666666,0.6666666666666666,1.0,9,6,6
2636,0.8571428571428571,0.2222222222222222,0.6111111111111112,0.5555555555555556,1.0,0.75,9,12,9
2637,0.0,1.0,1.0,1.0,0.0,0.0,0,12,0
2638,0.9090909090909091,0.6888888888888889,0.8444444444444444,0.7,0.8333333333333334,1.0,12,10,10
2639,0.9600000000000001,0.3333333333333333,0.6666666666666666,0.4166666666666667,0.9230769230769231,1.0,13,12,12
2640,0.6666666666666666,0.3333333333333333,0.6666666666666666,0.5,1.0,0.5,6,12,6
2641,0.0,1.0,1.0,1.0,0.0,0.0,0,14,0
2642,0.0,1.0,1.0,1.0,0.0,0.0,0,13,0
2643,0.6666666666666666,0.8,0.9,0.8,1.0,0.5,5,10,5
2644,0.7000000000000001,0.3333333333333333,0.6666666666666666,0.5714285714285714,1.0,0.5384615384615384,7,13,7
2645,0.631578947368421,0.8666666666666667,0.9333333333333333,0.8333333333333334,1.0,0.46153846153846156,6,13,6
2646,0.9600000000000001,0.0,0.5,0.4166666666666667,0.9230769230769231,1.0,13,12,12
2647,0.7272727272727273,0.14285714285714285,0.5714285714285714,0.375,1.0,0.5714285714285714,8,14,8
2648,0.0,1.0,1.0,1.0,0.0,0.0,0,13,0
2649,0.8750000000000001,0.047619047619047616,0.5238095238095238,0.5714285714285714,1.0,0.7777777777777778,7,9,7
2650,0.9600000000000001,0.0,0.5,0.4166666666666667,0.9230769230769231,1.0,13,12,12
2651,0.888888888888889,0.0,0.5,0.75,0.8,1.0,5,4,4
2652,0.8,0.35714285714285715,0.6785714285714286,0.625,1.0,0.6666666666666666,8,12,8
2653,0.631578947368421,0.4666666666666667,0.7333333333333334,0.6666666666666666,1.0,0.46153846153846156,6,13,6
2654,0.9090909090909091,0.4222222222222222,0.7111111111111111,0.6,1.0,0.8333333333333334,10,12,10
2655,0.8,-0.07142857142857142,0.4642857142857143,0.5,1.0,0.6666666666666666,8,12,8
2656,0.0,1.0,1.0,1.0,0.0,0.0,0,12,0
2657,1.0,-0.18181818181818182,0.40909090909090906,0.3333333333333333,1.0,1.0,12,12,12
2658,0.0,1.0,1.0,1.0,0.0,0.0,0,14,0
2659,0.9473684210526316,0.7222222222222222,0.8611111111111112,0.8888888888888888,0.9,1.0,10,9,9
2660,0.6857142857142856,-0.06060606060606061,0.4696969696969697,0.3333333333333333,0.5217391304347826,1.0,23,12,12
2661,0.8571428571428571,0.4666666666666667,0.7333333333333334,0.6666666666666666,1.0,0.75,6,8,6
2662,0.0,1.0,1.0,1.0,0.0,0.0,0,10,0
2663,0.0,1.0,1.0,1.0,0.0,0.0,0,12,0
2664,0.7000000000000001,0.6190476190476191,0.8095238095238095,0.7142857142857143,1.0,0.5384615384615384,7,13,7
2665,0.631578947368421,-0.2,0.4,0.5,1.0,0.46153846153846156,6,13,6
2666,0.7368421052631579,0.047619047619047616,0.5238095238095238,0.5714285714285714,1.0,0.5833333333333334,7,12,7
2667,0.0,1.0,1.0,1.0,0.0,0.0,0,11,0
2668,0.9655172413793104,0.3626373626373626,0.6813186813186813,0.5,0.9333333333333333,1.0,15,14,14
2669,0.0,1.0,1.0,1.0,0.0,0.0,0,11,0
2670,0.47058823529411764,0.3333333333333333,0.6666666666666666,0.75,1.0,0.3076923076923077,4,13,4
2671,0.7142857142857143,0.6,0.8,0.8,1.0,0.5555555555555556,5,9,5
2672,0.0,1.0,1.0,1.0,0.0,0.0,0,10,0
2673,0.9600000000000001,0.24242424242424243,0.6212121212121212,0.4166666666666667,1.0,0.9230769230769231,12,13,12
2674,0.761904761904762,0.2857142857142857,0.6428571428571428,0.625,1.0,0.6153846153846154,8,13,8
2675,0.88,0.09090909090909091,0.5454545454545454,0.45454545454545453,1.0,0.7857142857142857,11,14,11
2676,0.7499999999999999,0.36363636363636365,0.6818181818181819,0.4166666666666667,0.6,1.0,20,12,12
2677,0.0,1.0,1.0,1.0,0.0,0.0,0,12,0
2678,0.8,-0.2,0.4,0.5,1.0,0.6666666666666666,6,9,6
2679,0.8,0.6428571428571429,0.8214285714285714,0.5,1.0,0.6666666666666666,8,12,8
2680,0.6956521739130436,-0.07142857142857142,0.4642857142857143,0.5,1.0,0.5333333333333333,8,15,8
2681,0.0,1.0,1.0,1.0,0.0,0.0,0,10,0
2682,1.0,-0.09090909090909091,0.45454545454545453,0.3333333333333333,1.0,1.0,12,12,12
2683,0.8750000000000001,0.14285714285714285,0.5714285714285714,0.5714285714285714,1.0,0.7777777777777778,7,9,7
2684,0.7272727272727273,0.35714285714285715,0.6785714285714286,0.5,1.0,0.5714285714285714,8,14,8
2685,0.0,1.0,1.0,1.0,0.0,0.0,0,12,0
2686,0.9600000000000001,0.15151515151515152,0.5757575757575758,0.5,0.9230769230769231,1.0,13,12,12
2687,0.0,1.0,1.0,1.0,0.0,0.0,0,13,0
2688,1.0,0.42424242424242425,0.7121212121212122,0.5833333333333334,1.0,1.0,12,12,12
2689,0.9565217391304348,0.12727272727272726,0.5636363636363636,0.5454545454545454,1.0,0.9166666666666666,11,12,11
2690,0.9,0.5555555555555556,0.7777777777777778,0.5555555555555556,1.0,0.8181818181818182,9,11,9
2691,0.0,1.0,1.0,1.0,0.0,0.0,0,16,0
2692,0.0,1.0,1.0,1.0,0.0,0.0,0,12,0
2693,0.0,1.0,1.0,1.0,0.0,0.0,0,14,0
2694,0.7368421052631579,-0.3333333333333333,0.33333333333333337,0.42857142857142855,1.0,0.5833333333333334,7,12,7
2695,0.7368421052631579,0.42857142857142855,0.7142857142857143,0.7142857142857143,1.0,0.5833333333333334,7,12,7
2696,0.8421052631578948,0.14285714285714285,0.5714285714285714,0.5,1.0,0.7272727272727273,8,11,8
2697,0.888888888888889,0.42857142857142855,0.7142857142857143,0.625,1.0,0.8,8,10,8
2698,0.761904761904762,0.2857142857142857,0.6428571428571428,0.5,1.0,0.6153846153846154,8,13,8
2699,0.782608695652174,0.3888888888888889,0.6944444444444444,0.6666666666666666,1.0,0.6428571428571429,9,14,9
2700,0.625,0.2,0.6,0.8,1.0,0.45454545454545453,5,11,5
2701,0.0,1.0,1.0,1.0,0.0,0.0,0,14,0
2702,0.0,1.0,1.0,1.0,0.0,0.0,0,6,0
2703,0.8,-0.3333333333333333,0.33333333333333337,0.3333333333333333,1.0,0.6666666666666666,6,9,6
2704,0.9473684210526316,0.0,0.5,0.3333333333333333,0.9,1.0,10,9,9
2705,0.8571428571428571,0.1111111111111111,0.5555555555555556,0.4444444444444444,1.0,0.75,9,12,9
2706,0.0,1.0,1.0,1.0,0.0,0.0,0,14,0
2707,0.5882352941176471,-0.6,0.2,0.4,1.0,0.4166666666666667,5,12,5
2708,0.7368421052631579,0.3333333333333333,0.6666666666666666,0.7142857142857143,1.0,0.5833333333333334,7,12,7
2709,0.9090909090909091,0.28888888888888886,0.6444444444444444,0.6,1.0,0.8333333333333334,10,12,10
2710,0.9655172413793104,0.3626373626373626,0.6813186813186813,0.5,0.9333333333333333,1.0,15,14,14
2711,0.7368421052631579,0.14285714285714285,0.5714285714285714,0.42857142857142855,1.0,0.5833333333333334,7,12,7
2712,0.7142857142857143,-0.6,0.2,0.4,1.0,0.5555555555555556,5,9,5
2713,0.6666666666666666,0.4666666666666667,0.7333333333333334,0.5,1.0,0.5,6,12,6
2714,0.0,1.0,1.0,1.0,0.0,0.0,0,12,0
2715,0.9411764705882353,0.35714285714285715,0.6785714285714286,0.625,1.0,0.8888888888888888,8,9,8
2716,0.0,1.0,1.0,1.0,0.0,0.0,0,12,0
2717,0.0,1.0,1.0,1.0,0.0,0.0,0,9,0
2718,0.888888888888889,0.30303030303030304,0.6515151515151515,0.5,0.8,1.0,15,12,12
2719,0.0,1.0,1.0,1.0,0.0,0.0,0,10,0
2720,0.9473684210526316,-0.2222222222222222,0.3888888888888889,0.4444444444444444,1.0,0.9,9,10,9
2721,0.0,1.0,1.0,1.0,0.0,0.0,0,8,0
2722,0.923076923076923,-0.3333333333333333,0.33333333333333337,0.3333333333333333,1.0,0.8571428571428571,6,7,6
2723,0.0,1.0,1.0,1.0,0.0,0.0,0,14,0
2724,0.9090909090909091,0.5111111111111111,0.7555555555555555,0.7,1.0,0.8333333333333334,10,12,10
2725,0.8,0.7857142857142857,0.8928571428571428,0.75,1.0,0.6666666666666666,8,12,8
2726,0.8571428571428571,-0.05555555555555555,0.4722222222222222,0.4444444444444444,1.0,0.75,9,12,9
2727,0.6666666666666666,0.06666666666666667,0.5333333333333333,0.5,1.0,0.5,6,12,6
2728,0.9565217391304348,0.09090909090909091,0.5454545454545454,0.2727272727272727,1.0,0.9166666666666666,11,12,11
2729,0.0,1.0,1.0,1.0,0.0,0.0,0,12,0
2730,0.6666666666666666,-0.06666666666666667,0.4666666666666667,0.5,1.0,0.5,6,12,6
2731,0.923076923076923,0.4666666666666667,0.7333333333333334,0.8333333333333334,1.0,0.8571428571428571,6,7,6
2732,0.8750000000000001,-0.7142857142857143,0.14285714285714285,0.2857142857142857,1.0,0.7777777777777778,7,9,7
2733,0.631578947368421,0.2,0.6,0.6666666666666666,1.0,0.46153846153846156,6,13,6
2734,0.9600000000000001,0.18181818181818182,0.5909090909090909,0.4166666666666667,0.9230769230769231,1.0,13,12,12
2735,0.9600000000000001,0.3939393939393939,0.696969696969697,0.4166666666666667,1.0,0.9230769230769231,12,13,12
2736,0.9166666666666666,0.5272727272727272,0.7636363636363637,0.45454545454545453,1.0,0.8461538461538461,11,13,11
2737,0.0,1.0,1.0,1.0,0.0,0.0,0,12,0
2738,0.923076923076923,0.3939393939393939,0.696969696969697,0.5833333333333334,0.8571428571428571,1.0,14,12,12
2739,0.7692307692307693,0.37777777777777777,0.6888888888888889,0.5,0.625,1.0,16,10,10
2740,0.0,1.0,1.0,1.0,0.0,0.0,0,14,0
2741,0.6956521739130436,0.42857142857142855,0.7142857142857143,0.75,1.0,0.5333333333333333,8,15,8
2742,0.0,1.0,1.0,1.0,0.0,0.0,0,12,0
2743,0.7777777777777778,0.23809523809523808,0.6190476190476191,0.5714285714285714,1.0,0.6363636363636364,7,11,7
2744,0.7058823529411764,-0.4666666666666667,0.26666666666666666,0.3333333333333333,1.0,0.5454545454545454,6,11,6
2745,0.5555555555555556,-0.2,0.4,0.4,1.0,0.38461538461538464,5,13,5
2746,0.888888888888889,0.42857142857142855,0.7142857142857143,0.625,1.0,0.8,8,10,8
2747,0.8235294117647058,0.5238095238095238,0.7619047619047619,0.7142857142857143,0.7,1.0,10,7,7
2748,0.0,1.0,1.0,1.0,0.0,0.0,0,12,0
2749,0.7368421052631579,0.23809523809523808,0.6190476190476191,0.5714285714285714,1.0,0.5833333333333334,7,12,7
2750,0.0,1.0,1.0,1.0,0.0,0.0,0,12,0
2751,0.7368421052631579,-0.14285714285714285,0.4285714285714286,0.42857142857142855,1.0,0.5833333333333334,7,12,7
2752,1.0,0.37777777777777777,0.6888888888888889,0.5,1.0,1.0,10,10,10
2753,0.6666666666666666,0.3333333333333333,0.6666666666666666,0.5,1.0,0.5,6,12,6
2754,0.72,0.2222222222222222,0.6111111111111112,0.5555555555555556,1.0,0.5625,9,16,9
2755,0.9600000000000001,0.09090909090909091,0.5454545454545454,0.4166666666666667,0.9230769230769231,1.0,13,12,12
2756,0.9655172413793104,0.5164835164835165,0.7582417582417582,0.6428571428571429,1.0,0.9333333333333333,14,15,14
2757,0.8,-0.1111111111111111,0.4444444444444444,0.4,1.0,0.6666666666666666,10,15,10
2758,0.0,1.0,1.0,1.0,0.0,0.0,0,15,0
2759,0.0,1.0,1.0,1.0,0.0,0.0,0,17,0
2760,0.0,1.0,1.0,1.0,0.0,0.0,0,12,0
2761,0.0,1.0,1.0,1.0,0.0,0.0,0,13,0
2762,0.0,1.0,1.0,1.0,0.0,0.0,0,13,0
2763,0.8,0.2857142857142857,0.6428571428571428,0.625,1.0,0.6666666666666666,8,12,8
2764,1.0,0.34545454545454546,0.6727272727272727,0.5454545454545454,1.0,1.0,11,11,11
2765,0.0,1.0,1.0,1.0,0.0,0.0,0,14,0
2766,0.0,1.0,1.0,1.0,0.0,0.0,0,16,0
2767,0.6956521739130436,-0.2857142857142857,0.35714285714285715,0.375,1.0,0.5333333333333333,8,15,8
2768,0.0,1.0,1.0,1.0,0.0,0.0,0,15,0
2769,0.9166666666666666,-0.16363636363636364,0.4181818181818182,0.45454545454545453,1.0,0.8461538461538461,11,13,11
2770,0.9090909090909091,0.28888888888888886,0.6444444444444444,0.5,1.0,0.8333333333333334,10,12,10
2771,0.9090909090909091,0.1111111111111111,0.5555555555555556,0.5,1.0,0.8333333333333334,10,12,10
2772,0.0,1.0,1.0,1.0,0.0,0.0,0,17,0
2773,0.6956521739130436,0.2857142857142857,0.6428571428571428,0.5,1.0,0.5333333333333333,8,15,8
2774,0.9285714285714286,0.02564102564102564,0.5128205128205128,0.5384615384615384,0.8666666666666667,1.0,15,13,13
2775,0.962962962962963,0.358974358974359,0.6794871794871795,0.5384615384615384,0.9285714285714286,1.0,14,13,13
2776,0.0,1.0,1.0,1.0,0.0,0.0,0,12,0
2777,0.7368421052631579,-0.047619047619047616,0.47619047619047616,0.5714285714285714,1.0,0.5833333333333334,7,12,7
2778,0.0,1.0,1.0,1.0,0.0,0.0,0,15,0
2779,0.7692307692307693,0.1111111111111111,0.5555555555555556,0.5,1.0,0.625,10,16,10
2780,0.9,0.5555555555555556,0.7777777777777778,0.6666666666666666,1.0,0.8181818181818182,9,11,9
2781,0.9523809523809523,0.37777777777777777,0.6888888888888889,0.6,1.0,0.9090909090909091,10,11,10
2782,0.9411764705882353,-0.15,0.425,0.375,0.8888888888888888,1.0,18,16,16
2783,0.0,1.0,1.0,1.0,0.0,0.0,0,16,0
2784,0.6666666666666666,-0.14285714285714285,0.4285714285714286,0.42857142857142855,1.0,0.5,7,14,7
2785,0.7368421052631579,0.14285714285714285,0.5714285714285714,0.7142857142857143,1.0,0.5833333333333334,7,12,7
2786,0.7499999999999999,0.4444444444444444,0.7222222222222222,0.5555555555555556,1.0,0.6,9,15,9
2787,0.6666666666666666,0.6,0.8,0.6666666666666666,1.0,0.5,6,12,6
2788,0.5,-0.4,0.3,0.4,1.0,0.3333333333333333,5,15,5
2789,0.7142857142857143,0.0,0.5,0.6,1.0,0.5555555555555556,5,9,5
2790,0.8823529411764706,0.009523809523809525,0.5047619047619047,0.4666666666666667,0.7894736842105263,1.0,19,15,15
2791,1.0,0.0,0.5,0.4166666666666667,1.0,1.0,12,12,12
2792,0.8750000000000001,0.5824175824175825,0.7912087912087913,0.5,0.7777777777777778,1.0,18,14,14
2793,0.0,1.0,1.0,1.0,0.0,0.0,0,10,0
2794,0.0,1.0,1.0,1.0,0.0,0.0,0,13,0
2795,0.9333333333333333,0.2967032967032967,0.6483516483516484,0.42857142857142855,0.875,1.0,16,14,14
2796,0.631578947368421,0.4666666666666667,0.7333333333333334,0.6666666666666666,1.0,0.46153846153846156,6,13,6
2797,0.8,0.35714285714285715,0.6785714285714286,0.625,1.0,0.6666666666666666,8,12,8
2798,0.9032258064516129,0.42857142857142855,0.7142857142857143,0.5,0.8235294117647058,1.0,17,14,14
2799,0.0,1.0,1.0,1.0,0.0,0.0,0,14,0
2800,0.0,1.0,1.0,1.0,0.0,0.0,0,14,0
2801,0.9375,0.4095238095238095,0.7047619047619047,0.4666666666666667,0.8823529411764706,1.0,17,15,15
2802,0.0,1.0,1.0,1.0,0.0,0.0,0,14,0
2803,0.0,1.0,1.0,1.0,0.0,0.0,0,11,0
2804,0.0,1.0,1.0,1.0,0.0,0.0,0,14,0
2805,0.8,0.5,0.75,0.75,1.0,0.6666666666666666,8,12,8
2806,0.8181818181818181,0.0,0.5,0.4444444444444444,1.0,0.6923076923076923,9,13,9
2807,0.923076923076923,0.09090909090909091,0.5454545454545454,0.4166666666666667,1.0,0.8571428571428571,12,14,12
2808,0.0,1.0,1.0,1.0,0.0,0.0,0,13,0
2809,0.0,1.0,1.0,1.0,0.0,0.0,0,13,0
2810,0.6666666666666666,-0.2,0.4,0.5,1.0,0.5,6,12,6
2811,0.8235294117647058,0.7142857142857143,0.8571428571428572,0.7142857142857143,1.0,0.7,7,10,7
2812,0.9473684210526316,-0.16666666666666666,0.4166666666666667,0.5555555555555556,1.0,0.9,9,10,9
2813,0.0,1.0,1.0,1.0,0.0,0.0,0,16,0
2814,0.0,1.0,1.0,1.0,0.0,0.0,0,15,0
2815,0.8181818181818181,0.2222222222222222,0.6111111111111112,0.5555555555555556,1.0,0.6923076923076923,9,13,9
2816,0.8,0.21428571428571427,0.6071428571428571,0.5,1.0,0.6666666666666666,8,12,8
2817,0.0,1.0,1.0,1.0,0.0,0.0,0,12,0
2818,0.8,0.0,0.5,0.375,1.0,0.6666666666666666,8,12,8
2819,0.782608695652174,0.3333333333333333,0.6666666666666666,0.5555555555555556,1.0,0.6428571428571429,9,14,9
2820,0.761904761904762,0.42857142857142855,0.7142857142857143,0.625,1.0,0.6153846153846154,8,13,8
2821,0.0,1.0,1.0,1.0,0.0,0.0,0,12,0
2822,0.0,1.0,1.0,1.0,0.0,0.0,0,14,0
2823,0.0,1.0,1.0,1.0,0.0,0.0,0,12,0
2824,0.0,1.0,1.0,1.0,0.0,0.0,0,12,0
2825,0.9333333333333333,0.8095238095238095,0.9047619047619048,0.8571428571428571,1.0,0.875,7,8,7
2826,0.0,1.0,1.0,1.0,0.0,0.0,0,13,0
2827,0.0,1.0,1.0,1.0,0.0,0.0,0,13,0
2828,0.0,1.0,1.0,1.0,0.0,0.0,0,14,0
2829,0.7647058823529412,0.2564102564102564,0.6282051282051282,0.46153846153846156,0.6190476190476191,1.0,21,13,13
2830,0.0,1.0,1.0,1.0,0.0,0.0,0,12,0
2831,0.0,1.0,1.0,1.0,0.0,0.0,0,12,0
2832,0.0,1.0,1.0,1.0,0.0,0.0,0,12,0
2833,0.7499999999999999,0.8181818181818182,0.9090909090909092,0.6666666666666666,0.6,1.0,20,12,12
2834,0.0,1.0,1.0,1.0,0.0,0.0,0,14,0
2835,0.9285714285714286,-0.05128205128205128,0.47435897435897434,0.5384615384615384,0.8666666666666667,1.0,15,13,13
2836,1.0,0.03296703296703297,0.5164835164835165,0.35714285714285715,1.0,1.0,14,14,14
2837,0.0,1.0,1.0,1.0,0.0,0.0,0,14,0
2838,0.6956521739130436,0.5,0.75,0.5,1.0,0.5333333333333333,8,15,8
2839,0.0,1.0,1.0,1.0,0.0,0.0,0,13,0
2840,0.0,1.0,1.0,1.0,0.0,0.0,0,13,0
2841,0.7741935483870968,0.2727272727272727,0.6363636363636364,0.5,0.631578947368421,1.0,19,12,12
2842,0.0,1.0,1.0,1.0,0.0,0.0,0,15,0
2843,0.88,0.2,0.6,0.6363636363636364,1.0,0.7857142857142857,11,14,11
2844,1.0,0.1282051282051282,0.5641025641025641,0.38461538461538464,1.0,1.0,13,13,13
2845,0.0,1.0,1.0,1.0,0.0,0.0,0,15,0
2846,0.782608695652174,-0.2222222222222222,0.3888888888888889,0.4444444444444444,1.0,0.6428571428571429,9,14,9
2847,0.0,1.0,1.0,1.0,0.0,0.0,0,12,0
2848,0.962962962962963,0.38461538461538464,0.6923076923076923,0.46153846153846156,1.0,0.9285714285714286,13,14,13
2849,0.0,1.0,1.0,1.0,0.0,0.0,0,14,0
2850,0.0,1.0,1.0,1.0,0.0,0.0,0,14,0
2851,0.0,1.0,1.0,1.0,0.0,0.0,0,14,0
2852,0.0,1.0,1.0,1.0,0.0,0.0,0,12,0
2853,0.0,1.0,1.0,1.0,0.0,0.0,0,12,0
2854,0.88,-0.2,0.4,0.5454545454545454,1.0,0.7857142857142857,11,14,11
2855,0.8,0.5,0.75,0.625,1.0,0.6666666666666666,8,12,8
2856,0.0,1.0,1.0,1.0,0.0,0.0,0,12,0
2857,0.0,1.0,1.0,1.0,0.0,0.0,0,15,0
2858,0.0,1.0,1.0,1.0,0.0,0.0,0,12,0
2859,0.962962962962963,0.38461538461538464,0.6923076923076923,0.46153846153846156,1.0,0.9285714285714286,13,14,13
2860,0.8695652173913044,0.28888888888888886,0.6444444444444444,0.5,1.0,0.7692307692307693,10,13,10
2861,0.0,1.0,1.0,1.0,0.0,0.0,0,14,0
2862,0.0,1.0,1.0,1.0,0.0,0.0,0,13,0
2863,0.0,1.0,1.0,1.0,0.0,0.0,0,14,0
2864,0.0,1.0,1.0,1.0,0.0,0.0,0,15,0
2865,0.0,1.0,1.0,1.0,0.0,0.0,0,14,0
2866,0.0,1.0,1.0,1.0,0.0,0.0,0,13,0
2867,0.0,1.0,1.0,1.0,0.0,0.0,0,13,0
2868,0.9655172413793104,0.2967032967032967,0.6483516483516484,0.35714285714285715,0.9333333333333333,1.0,15,14,14
2869,0.6666666666666666,0.2,0.6,0.6666666666666666,1.0,0.5,6,12,6
2870,0.962962962962963,0.41025641025641024,0.7051282051282051,0.6153846153846154,1.0,0.9285714285714286,13,14,13
2871,0.0,1.0,1.0,1.0,0.0,0.0,0,16,0
2872,0.7272727272727273,0.0,0.5,0.5,1.0,0.5714285714285714,8,14,8
2873,0.0,1.0,1.0,1.0,0.0,0.0,0,15,0
2874,0.9166666666666666,0.34545454545454546,0.6727272727272727,0.5454545454545454,1.0,0.8461538461538461,11,13,11
2875,0.6956521739130436,0.2857142857142857,0.6428571428571428,0.5,1.0,0.5333333333333333,8,15,8
2876,0.0,1.0,1.0,1.0,0.0,0.0,0,10,0
2877,1.0,0.2727272727272727,0.6363636363636364,0.5833333333333334,1.0,1.0,12,12,12
2878,0.0,1.0,1.0,1.0,0.0,0.0,0,11,0
2879,0.8,-0.21428571428571427,0.39285714285714285,0.375,1.0,0.6666666666666666,8,12,8
2880,0.9411764705882353,0.0,0.5,0.375,1.0,0.8888888888888888,8,9,8
2881,0.0,1.0,1.0,1.0,0.0,0.0,0,12,0
2882,0.0,1.0,1.0,1.0,0.0,0.0,0,14,0
2883,0.9,-0.5555555555555556,0.2222222222222222,0.3333333333333333,0.8181818181818182,1.0,11,9,9
2884,0.8,0.15555555555555556,0.5777777777777777,0.4,1.0,0.6666666666666666,10,15,10
2885,0.0,1.0,1.0,1.0,0.0,0.0,0,13,0
2886,0.9090909090909091,0.28888888888888886,0.6444444444444444,0.5,0.8333333333333334,1.0,12,10,10
2887,0.0,1.0,1.0,1.0,0.0,0.0,0,14,0
2888,0.5090909090909091,-0.14285714285714285,0.4285714285714286,0.2857142857142857,0.34146341463414637,1.0,41,14,14
2889,0.761904761904762,0.07142857142857142,0.5357142857142857,0.5,0.6153846153846154,1.0,13,8,8
2890,0.761904761904762,0.5714285714285714,0.7857142857142857,0.625,1.0,0.6153846153846154,8,13,8
2891,0.9090909090909091,0.5555555555555556,0.7777777777777778,0.7,1.0,0.8333333333333334,10,12,10
2892,0.0,1.0,1.0,1.0,0.0,0.0,0,14,0
2893,0.8571428571428571,0.24242424242424243,0.6212121212121212,0.5833333333333334,1.0,0.75,12,16,12
2894,0.0,1.0,1.0,1.0,0.0,0.0,0,14,0
2895,0.8333333333333333,0.3333333333333333,0.6666666666666666,0.5,1.0,0.7142857142857143,10,14,10
2896,0.0,1.0,1.0,1.0,0.0,0.0,0,12,0
2897,0.5263157894736842,-0.4,0.3,0.4,1.0,0.35714285714285715,5,14,5
2898,0.0,1.0,1.0,1.0,0.0,0.0,0,12,0
2899,0.0,1.0,1.0,1.0,0.0,0.0,0,14,0
2900,0.0,1.0,1.0,1.0,0.0,0.0,0,14,0
2901,0.0,1.0,1.0,1.0,0.0,0.0,0,15,0
2902,0.0,1.0,1.0,1.0,0.0,0.0,0,12,0
2903,0.631578947368421,-0.2,0.4,0.5,1.0,0.46153846153846156,6,13,6
2904,0.0,1.0,1.0,1.0,0.0,0.0,0,15,0
2905,0.7272727272727273,0.21428571428571427,0.6071428571428571,0.5,1.0,0.5714285714285714,8,14,8
2906,0.0,1.0,1.0,1.0,0.0,0.0,0,15,0
2907,0.0,1.0,1.0,1.0,0.0,0.0,0,14,0
2908,0.0,1.0,1.0,1.0,0.0,0.0,0,12,0
2909,0.0,1.0,1.0,1.0,0.0,0.0,0,13,0
2910,0.0,1.0,1.0,1.0,0.0,0.0,0,13,0
2911,0.0,1.0,1.0,1.0,0.0,0.0,0,18,0
2912,0.7368421052631579,0.047619047619047616,0.5238095238095238,0.42857142857142855,1.0,0.5833333333333334,7,12,7
2913,0.0,1.0,1.0,1.0,0.0,0.0,0,13,0
2914,0.8,0.35714285714285715,0.6785714285714286,0.625,1.0,0.6666666666666666,8,12,8
2915,0.6956521739130436,-0.14285714285714285,0.4285714285714286,0.5,1.0,0.5333333333333333,8,15,8
2916,0.6666666666666666,0.06666666666666667,0.5333333333333333,0.5,1.0,0.5,6,12,6
2917,0.6666666666666666,0.18181818181818182,0.5909090909090909,0.4166666666666667,0.5,1.0,24,12,12
2918,0.0,1.0,1.0,1.0,0.0,0.0,0,14,0
2919,0.0,1.0,1.0,1.0,0.0,0.0,0,14,0
2920,0.0,1.0,1.0,1.0,0.0,0.0,0,12,0
2921,0.8181818181818181,0.5555555555555556,0.7777777777777778,0.6666666666666666,1.0,0.6923076923076923,9,13,9
2922,0.888888888888889,-0.06060606060606061,0.4696969696969697,0.4166666666666667,0.8,1.0,15,12,12
2923,0.0,1.0,1.0,1.0,0.0,0.0,0,15,0
2924,0.8,0.2857142857142857,0.6428571428571428,0.5,1.0,0.6666666666666666,8,12,8
2925,0.9655172413793104,0.23076923076923078,0.6153846153846154,0.35714285714285715,0.9333333333333333,1.0,15,14,14
2926,0.9090909090909091,0.15555555555555556,0.5777777777777777,0.5,1.0,0.8333333333333334,10,12,10
2927,0.888888888888889,0.15151515151515152,0.5757575757575758,0.4166666666666667,1.0,0.8,12,15,12
2928,0.0,1.0,1.0,1.0,0.0,0.0,0,13,0
2929,0.0,1.0,1.0,1.0,0.0,0.0,0,15,0
2930,0.0,1.0,1.0,1.0,0.0,0.0,0,13,0
2931,0.9655172413793104,0.07692307692307693,0.5384615384615384,0.42857142857142855,1.0,0.9333333333333333,14,15,14
2932,1.0,0.23076923076923078,0.6153846153846154,0.38461538461538464,1.0,1.0,13,13,13
2933,0.8695652173913044,-0.022222222222222223,0.4888888888888889,0.4,1.0,0.7692307692307693,10,13,10
2934,0.0,1.0,1.0,1.0,0.0,0.0,0,15,0
2935,1.0,-0.06060606060606061,0.4696969696969697,0.3333333333333333,1.0,1.0,12,12,12
2936,0.962962962962963,0.1282051282051282,0.5641025641025641,0.46153846153846156,1.0,0.9285714285714286,13,14,13
2937,0.9565217391304348,-0.01818181818181818,0.4909090909090909,0.5454545454545454,0.9166666666666666,1.0,12,11,11
2938,0.888888888888889,0.3333333333333333,0.6666666666666666,0.4166666666666667,1.0,0.8,12,15,12
2939,0.0,1.0,1.0,1.0,0.0,0.0,0,14,0
2940,0.8695652173913044,0.28888888888888886,0.6444444444444444,0.5,1.0,0.7692307692307693,10,13,10
2941,0.8695652173913044,0.022222222222222223,0.5111111111111111,0.5,1.0,0.7692307692307693,10,13,10
2942,0.761904761904762,0.07142857142857142,0.5357142857142857,0.5,1.0,0.6153846153846154,8,13,8
2943,0.0,1.0,1.0,1.0,0.0,0.0,0,14,0
2944,0.9655172413793104,-0.18681318681318682,0.4065934065934066,0.35714285714285715,0.9333333333333333,1.0,15,14,14
2945,1.0,0.42424242424242425,0.7121212121212122,0.5,1.0,1.0,12,12,12
2946,0.0,1.0,1.0,1.0,0.0,0.0,0,17,0
2947,0.88,0.12727272727272726,0.5636363636363636,0.45454545454545453,1.0,0.7857142857142857,11,14,11
2948,0.0,1.0,1.0,1.0,0.0,0.0,0,14,0
2949,0.9166666666666666,0.01818181818181818,0.509090909090909,0.5454545454545454,1.0,0.8461538461538461,11,13,11
2950,0.0,1.0,1.0,1.0,0.0,0.0,0,14,0
2951,0.8,0.5,0.75,0.625,1.0,0.6666666666666666,8,12,8
2952,0.6363636363636364,-0.14285714285714285,0.4285714285714286,0.42857142857142855,1.0,0.4666666666666667,7,15,7
2953,0.0,1.0,1.0,1.0,0.0,0.0,0,16,0
2954,0.0,1.0,1.0,1.0,0.0,0.0,0,15,0
2955,0.888888888888889,0.09090909090909091,0.5454545454545454,0.4166666666666667,1.0,0.8,12,15,12
2956,0.0,1.0,1.0,1.0,0.0,0.0,0,13,0
2957,0.0,1.0,1.0,1.0,0.0,0.0,0,13,0
2958,0.9565217391304348,0.2,0.6,0.6363636363636364,1.0,0.9166666666666666,11,12,11
2959,0.0,1.0,1.0,1.0,0.0,0.0,0,12,0
2960,0.0,1.0,1.0,1.0,0.0,0.0,0,12,0
2961,0.846153846153846,0.16363636363636364,0.5818181818181818,0.45454545454545453,1.0,0.7333333333333333,11,15,11
2962,0.0,1.0,1.0,1.0,0.0,0.0,0,15,0
2963,0.0,1.0,1.0,1.0,0.0,0.0,0,14,0
2964,0.962962962962963,0.4358974358974359,0.717948717948718,0.6153846153846154,1.0,0.9285714285714286,13,14,13
2965,0.0,1.0,1.0,1.0,0.0,0.0,0,12,0
2966,0.4,-0.3333333333333333,0.33333333333333337,0.6666666666666666,1.0,0.25,3,12,3
2967,0.6363636363636364,-0.047619047619047616,0.47619047619047616,0.42857142857142855,1.0,0.4666666666666667,7,15,7
2968,0.0,1.0,1.0,1.0,0.0,0.0,0,13,0
2969,0.0,1.0,1.0,1.0,0.0,0.0,0,15,0
2970,0.8571428571428571,0.16666666666666666,0.5833333333333334,0.4444444444444444,1.0,0.75,9,12,9
2971,0.0,1.0,1.0,1.0,0.0,0.0,0,15,0
2972,0.0,1.0,1.0,1.0,0.0,0.0,0,13,0
2973,0.5555555555555556,-0.2,0.4,0.4,1.0,0.38461538461538464,5,13,5
2974,0.0,1.0,1.0,1.0,0.0,0.0,0,14,0
2975,0.7647058823529412,0.46153846153846156,0.7307692307692308,0.46153846153846156,0.6190476190476191,1.0,21,13,13
2976,0.7499999999999999,0.0,0.5,0.4444444444444444,1.0,0.6,9,15,9
2977,0.9565217391304348,0.4909090909090909,0.7454545454545455,0.5454545454545454,1.0,0.9166666666666666,11,12,11
2978,0.888888888888889,-0.36363636363636365,0.3181818181818182,0.4166666666666667,1.0,0.8,12,15,12
2979,0.8695652173913044,-0.4666666666666667,0.26666666666666666,0.3,1.0,0.7692307692307693,10,13,10
2980,0.0,1.0,1.0,1.0,0.0,0.0,0,15,0
2981,0.0,1.0,1.0,1.0,0.0,0.0,0,16,0
2982,0.0,1.0,1.0,1.0,0.0,0.0,0,13,0
2983,0.375,-0.3333333333333333,0.33333333333333337,0.6666666666666666,1.0,0.23076923076923078,3,13,3
2984,0.6666666666666666,0.07142857142857142,0.5357142857142857,0.5,1.0,0.5,8,16,8
2985,0.6956521739130436,0.2857142857142857,0.6428571428571428,0.5,1.0,0.5333333333333333,8,15,8
2986,0.0,1.0,1.0,1.0,0.0,0.0,0,13,0
2987,0.0,1.0,1.0,1.0,0.0,0.0,0,10,0
2988,0.761904761904762,-0.14285714285714285,0.4285714285714286,0.375,1.0,0.6153846153846154,8,13,8
2989,0.6,0.4666666666666667,0.7333333333333334,0.6666666666666666,1.0,0.42857142857142855,6,14,6
2990,0.761904761904762,-0.07142857142857142,0.4642857142857143,0.625,1.0,0.6153846153846154,8,13,8
2991,0.7692307692307693,0.5555555555555556,0.7777777777777778,0.8,1.0,0.625,10,16,10
2992,0.8484848484848484,0.16483516483516483,0.5824175824175825,0.42857142857142855,0.7368421052631579,1.0,19,14,14
2993,0.0,1.0,1.0,1.0,0.0,0.0,0,14,0
2994,0.0,1.0,1.0,1.0,0.0,0.0,0,17,0
2995,0.0,1.0,1.0,1.0,0.0,0.0,0,16,0
2996,0.962962962962963,0.1794871794871795,0.5897435897435898,0.46153846153846156,1.0,0.9285714285714286,13,14,13
2997,0.5454545454545454,0.3333333333333333,0.6666666666666666,0.8333333333333334,1.0,0.375,6,16,6
2998,0.0,1.0,1.0,1.0,0.0,0.0,0,16,0
2999,0.0,1.0,1.0,1.0,0.0,0.0,0,14,0
3000,0.0,1.0,1.0,1.0,0.0,0.0,0,13,0
3001,0.9333333333333333,0.2967032967032967,0.6483516483516484,0.5,1.0,0.875,14,16,14
3002,0.0,1.0,1.0,1.0,0.0,0.0,0,14,0
3003,0.4444444444444445,0.0,0.5,0.75,1.0,0.2857142857142857,4,14,4
3004,0.0,1.0,1.0,1.0,0.0,0.0,0,16,0
3005,0.0,1.0,1.0,1.0,0.0,0.0,0,15,0
3006,0.0,1.0,1.0,1.0,0.0,0.0,0,18,0
3007,0.6,0.4666666666666667,0.7333333333333334,0.6666666666666666,1.0,0.42857142857142855,6,14,6
3008,0.923076923076923,0.06060606060606061,0.5303030303030303,0.5,1.0,0.8571428571428571,12,14,12
3009,0.0,1.0,1.0,1.0,0.0,0.0,0,15,0
3010,0.0,1.0,1.0,1.0,0.0,0.0,0,12,0
3011,0.6363636363636364,-0.23809523809523808,0.38095238095238093,0.5714285714285714,1.0,0.4666666666666667,7,15,7
3012,0.5357142857142857,0.06666666666666667,0.5333333333333333,0.5333333333333333,0.36585365853658536,1.0,41,15,15
3013,0.0,1.0,1.0,1.0,0.0,0.0,0,14,0
3014,0.8333333333333333,-0.28888888888888886,0.35555555555555557,0.4,1.0,0.7142857142857143,10,14,10
3015,0.967741935483871,0.4857142857142857,0.7428571428571429,0.5333333333333333,1.0,0.9375,15,16,15
3016,0.0,1.0,1.0,1.0,0.0,0.0,0,14,0
3017,0.7499999999999999,-0.2222222222222222,0.3888888888888889,0.3333333333333333,1.0,0.6,9,15,9
3018,0.888888888888889,0.45454545454545453,0.7272727272727273,0.5833333333333334,0.8,1.0,15,12,12
3019,0.8387096774193548,0.3076923076923077,0.6538461538461539,0.5384615384615384,0.7222222222222222,1.0,18,13,13
3020,0.7368421052631579,-0.047619047619047616,0.47619047619047616,0.42857142857142855,1.0,0.5833333333333334,7,12,7
3021,0.0,1.0,1.0,1.0,0.0,0.0,0,15,0
3022,0.923076923076923,-0.030303030303030304,0.48484848484848486,0.3333333333333333,0.8571428571428571,1.0,14,12,12
3023,0.8,-0.01098901098901099,0.4945054945054945,0.35714285714285715,0.6666666666666666,1.0,21,14,14
3024,0.0,1.0,1.0,1.0,0.0,0.0,0,14,0
3025,0.0,1.0,1.0,1.0,0.0,0.0,0,12,0
3026,0.8181818181818181,-0.16666666666666666,0.4166666666666667,0.4444444444444444,1.0,0.6923076923076923,9,13,9
3027,0.0,1.0,1.0,1.0,0.0,0.0,0,13,0
3028,0.0,1.0,1.0,1.0,0.0,0.0,0,12,0
3029,0.0,1.0,1.0,1.0,0.0,0.0,0,14,0
3030,0.0,1.0,1.0,1.0,0.0,0.0,0,15,0
3031,0.0,1.0,1.0,1.0,0.0,0.0,0,12,0
3032,0.6956521739130436,0.21428571428571427,0.6071428571428571,0.625,1.0,0.5333333333333333,8,15,8
3033,0.0,1.0,1.0,1.0,0.0,0.0,0,12,0
3034,0.0,1.0,1.0,1.0,0.0,0.0,0,12,0
3035,0.7222222222222222,0.10256410256410256,0.5512820512820513,0.46153846153846156,0.5652173913043478,1.0,23,13,13
3036,0.0,1.0,1.0,1.0,0.0,0.0,0,13,0
3037,0.0,1.0,1.0,1.0,0.0,0.0,0,15,0
3038,0.896551724137931,0.46153846153846156,0.7307692307692308,0.5384615384615384,0.8125,1.0,16,13,13
3039,0.8484848484848484,0.07692307692307693,0.5384615384615384,0.42857142857142855,0.7368421052631579,1.0,19,14,14
3040,0.0,1.0,1.0,1.0,0.0,0.0,0,14,0
3041,0.0,1.0,1.0,1.0,0.0,0.0,0,14,0
3042,0.0,1.0,1.0,1.0,0.0,0.0,0,17,0
3043,0.8695652173913044,0.28888888888888886,0.6444444444444444,0.7,1.0,0.7692307692307693,10,13,10
3044,0.6666666666666666,0.5238095238095238,0.7619047619047619,0.7142857142857143,1.0,0.5,7,14,7
3045,0.0,1.0,1.0,1.0,0.0,0.0,0,15,0
3046,0.8387096774193548,0.28205128205128205,0.641025641025641,0.38461538461538464,0.7222222222222222,1.0,18,13,13
3047,0.9655172413793104,-0.14285714285714285,0.4285714285714286,0.42857142857142855,0.9333333333333333,1.0,15,14,14
3048,0.962962962962963,0.3076923076923077,0.6538461538461539,0.38461538461538464,0.9285714285714286,1.0,14,13,13
3049,0.631578947368421,0.06666666666666667,0.5333333333333333,0.5,1.0,0.46153846153846156,6,13,6
3050,0.962962962962963,0.28205128205128205,0.641025641025641,0.46153846153846156,0.9285714285714286,1.0,14,13,13
3051,0.0,1.0,1.0,1.0,0.0,0.0,0,15,0
3052,0.0,1.0,1.0,1.0,0.0,0.0,0,12,0
3053,0.0,1.0,1.0,1.0,0.0,0.0,0,14,0
3054,0.0,1.0,1.0,1.0,0.0,0.0,0,15,0
3055,0.7272727272727273,0.45454545454545453,0.7272727272727273,0.4166666666666667,0.5714285714285714,1.0,21,12,12
3056,0.8181818181818181,-0.16666666666666666,0.4166666666666667,0.3333333333333333,1.0,0.6923076923076923,9,13,9
3057,0.0,1.0,1.0,1.0,0.0,0.0,0,12,0
3058,0.0,1.0,1.0,1.0,0.0,0.0,0,11,0
3059,0.7000000000000001,0.23809523809523808,0.6190476190476191,0.7142857142857143,1.0,0.5384615384615384,7,13,7
3060,0.0,1.0,1.0,1.0,0.0,0.0,0,12,0
3061,0.0,1.0,1.0,1.0,0.0,0.0,0,14,0
3062,0.962962962962963,0.28205128205128205,0.641025641025641,0.46153846153846156,1.0,0.9285714285714286,13,14,13
3063,0.8181818181818181,0.05555555555555555,0.5277777777777778,0.4444444444444444,1.0,0.6923076923076923,9,13,9
3064,0.0,1.0,1.0,1.0,0.0,0.0,0,15,0
3065,0.6153846153846153,0.14285714285714285,0.5714285714285714,0.625,1.0,0.4444444444444444,8,18,8
3066,0.0,1.0,1.0,1.0,0.0,0.0,0,28,0
3067,0.0,1.0,1.0,1.0,0.0,0.0,0,24,0
3068,0.0,1.0,1.0,1.0,0.0,0.0,0,18,0
3069,0.6451612903225806,-0.06666666666666667,0.4666666666666667,0.6,1.0,0.47619047619047616,10,21,10
3070,0.65,-0.15384615384615385,0.4230769230769231,0.38461538461538464,1.0,0.48148148148148145,13,27,13
3071,0.0,1.0,1.0,1.0,0.0,0.0,0,26,0
3072,0.0,1.0,1.0,1.0,0.0,0.0,0,20,0
3073,0.0,1.0,1.0,1.0,0.0,0.0,0,33,0
3074,0.0,1.0,1.0,1.0,0.0,0.0,0,19,0
3075,0.0,1.0,1.0,1.0,0.0,0.0,0,23,0
3076,0.6,0.06666666666666667,0.5333333333333333,0.5,1.0,0.42857142857142855,6,14,6
3077,0.0,1.0,1.0,1.0,0.0,0.0,0,23,0
3078,0.6060606060606061,0.37777777777777777,0.6888888888888889,0.5,1.0,0.43478260869565216,10,23,10
3079,0.7368421052631579,0.5238095238095238,0.7619047619047619,0.7142857142857143,1.0,0.5833333333333334,7,12,7
3080,0.0,1.0,1.0,1.0,0.0,0.0,0,19,0
3081,0.0,1.0,1.0,1.0,0.0,0.0,0,28,0
3082,0.5517241379310345,0.07142857142857142,0.5357142857142857,0.625,1.0,0.38095238095238093,8,21,8
3083,0.0,1.0,1.0,1.0,0.0,0.0,0,12,0
3084,0.761904761904762,0.21428571428571427,0.6071428571428571,0.75,1.0,0.6153846153846154,8,13,8
3085,0.0,1.0,1.0,1.0,0.0,0.0,0,27,0
3086,0.0,1.0,1.0,1.0,0.0,0.0,0,19,0
3087,0.0,1.0,1.0,1.0,0.0,0.0,0,21,0
3088,0.6666666666666666,0.6111111111111112,0.8055555555555556,0.6666666666666666,1.0,0.5,9,18,9
3089,0.0,1.0,1.0,1.0,0.0,0.0,0,18,0
3090,0.8333333333333333,-0.08571428571428572,0.45714285714285713,0.4,1.0,0.7142857142857143,15,21,15
3091,0.9411764705882353,0.26666666666666666,0.6333333333333333,0.3125,1.0,0.8888888888888888,16,18,16
3092,0.0,1.0,1.0,1.0,0.0,0.0,0,13,0
3093,0.8235294117647058,0.14285714285714285,0.5714285714285714,0.42857142857142855,1.0,0.7,14,20,14
3094,0.0,1.0,1.0,1.0,0.0,0.0,0,26,0
3095,0.0,1.0,1.0,1.0,0.0,0.0,0,18,0
3096,0.0,1.0,1.0,1.0,0.0,0.0,0,18,0
3097,0.9444444444444444,-0.029411764705882353,0.4852941176470588,0.47058823529411764,0.8947368421052632,1.0,19,17,17
3098,0.0,1.0,1.0,1.0,0.0,0.0,0,23,0
3099,0.0,1.0,1.0,1.0,0.0,0.0,0,18,0
3100,0.0,1.0,1.0,1.0,0.0,0.0,0,13,0
3101,0.0,1.0,1.0,1.0,0.0,0.0,0,28,0
3102,0.0,1.0,1.0,1.0,0.0,0.0,0,13,0
3103,0.0,1.0,1.0,1.0,0.0,0.0,0,23,0
3104,0.3684210526315789,0.8095238095238095,0.9047619047619048,0.8571428571428571,1.0,0.22580645161290322,7,31,7
3105,0.7441860465116279,0.13333333333333333,0.5666666666666667,0.4375,1.0,0.5925925925925926,16,27,16
3106,0.0,1.0,1.0,1.0,0.0,0.0,0,15,0
3107,0.0,1.0,1.0,1.0,0.0,0.0,0,30,0
3108,0.7499999999999999,-0.12121212121212122,0.4393939393939394,0.3333333333333333,1.0,0.6,12,20,12
3109,0.0,1.0,1.0,1.0,0.0,0.0,0,25,0
3110,0.8484848484848484,-0.07692307692307693,0.46153846153846156,0.42857142857142855,1.0,0.7368421052631579,14,19,14
3111,0.0,1.0,1.0,1.0,0.0,0.0,0,27,0
3112,0.0,1.0,1.0,1.0,0.0,0.0,0,17,0
3113,0.7428571428571429,0.07692307692307693,0.5384615384615384,0.38461538461538464,1.0,0.5909090909090909,13,22,13
3114,0.0,1.0,1.0,1.0,0.0,0.0,0,21,0
3115,0.0,1.0,1.0,1.0,0.0,0.0,0,21,0
3116,0.0,1.0,1.0,1.0,0.0,0.0,0,17,0
3117,0.967741935483871,0.4095238095238095,0.7047619047619047,0.4666666666666667,0.9375,1.0,16,15,15
3118,0.5714285714285715,0.42857142857142855,0.7142857142857143,0.625,1.0,0.4,8,20,8
3119,0.5454545454545454,0.06666666666666667,0.5333333333333333,0.5,1.0,0.375,6,16,6
3120,0.7407407407407407,0.06666666666666667,0.5333333333333333,0.4,1.0,0.5882352941176471,10,17,10
3121,0.0,1.0,1.0,1.0,0.0,0.0,0,26,0
3122,0.0,1.0,1.0,1.0,0.0,0.0,0,18,0
3123,0.0,1.0,1.0,1.0,0.0,0.0,0,17,0
3124,0.6666666666666666,0.4909090909090909,0.7454545454545455,0.45454545454545453,1.0,0.5,11,22,11
3125,0.5,-0.2,0.4,0.5,1.0,0.3333333333333333,6,18,6
3126,0.0,1.0,1.0,1.0,0.0,0.0,0,20,0
3127,0.0,1.0,1.0,1.0,0.0,0.0,0,15,0
3128,0.0,1.0,1.0,1.0,0.0,0.0,0,21,0
3129,0.8,-0.16483516483516483,0.4175824175824176,0.35714285714285715,1.0,0.6666666666666666,14,21,14
3130,0.0,1.0,1.0,1.0,0.0,0.0,0,20,0
3131,0.5185185185185185,-0.3333333333333333,0.33333333333333337,0.42857142857142855,1.0,0.35,7,20,7
3132,0.6666666666666666,0.8181818181818182,0.9090909090909092,0.6363636363636364,1.0,0.5,11,22,11
3133,0.0,1.0,1.0,1.0,0.0,0.0,0,22,0
3134,0.0,1.0,1.0,1.0,0.0,0.0,0,20,0
3135,0.0,1.0,1.0,1.0,0.0,0.0,0,21,0
3136,0.6153846153846153,-0.07142857142857142,0.4642857142857143,0.5,1.0,0.4444444444444444,8,18,8
3137,0.6,0.3888888888888889,0.6944444444444444,0.6666666666666666,1.0,0.42857142857142855,9,21,9
3138,0.7333333333333334,-0.2,0.4,0.45454545454545453,1.0,0.5789473684210527,11,19,11
3139,0.0,1.0,1.0,1.0,0.0,0.0,0,19,0
3140,0.0,1.0,1.0,1.0,0.0,0.0,0,24,0
3141,0.0,1.0,1.0,1.0,0.0,0.0,0,16,0
3142,0.787878787878788,-0.28205128205128205,0.358974358974359,0.23076923076923078,1.0,0.65,13,20,13
3143,0.0,1.0,1.0,1.0,0.0,0.0,0,20,0
3144,0.5263157894736842,0.2,0.6,0.4,1.0,0.35714285714285715,5,14,5
3145,0.0,1.0,1.0,1.0,0.0,0.0,0,28,0
3146,0.5925925925925926,0.8571428571428571,0.9285714285714286,0.75,1.0,0.42105263157894735,8,19,8
3147,0.7857142857142858,-0.05454545454545454,0.4727272727272727,0.45454545454545453,0.6470588235294118,1.0,17,11,11
3148,0.6875000000000001,0.23636363636363636,0.6181818181818182,0.5454545454545454,1.0,0.5238095238095238,11,21,11
3149,0.5647058823529412,0.5434782608695652,0.7717391304347826,0.5833333333333334,1.0,0.39344262295081966,24,61,24
3150,0.0,1.0,1.0,1.0,0.0,0.0,0,21,0
3151,0.0,1.0,1.0,1.0,0.0,0.0,0,18,0
3152,0.0,1.0,1.0,1.0,0.0,0.0,0,24,0
3153,0.787878787878788,-0.20512820512820512,0.39743589743589747,0.46153846153846156,1.0,0.65,13,20,13
3154,0.8421052631578948,0.06666666666666667,0.5333333333333333,0.375,1.0,0.7272727272727273,16,22,16
3155,0.0,1.0,1.0,1.0,0.0,0.0,0,19,0
3156,0.0,1.0,1.0,1.0,0.0,0.0,0,25,0
3157,0.9473684210526316,0.1895424836601307,0.5947712418300654,0.3333333333333333,0.9,1.0,20,18,18
3158,0.0,1.0,1.0,1.0,0.0,0.0,0,15,0
3159,0.6363636363636364,0.047619047619047616,0.5238095238095238,0.42857142857142855,1.0,0.4666666666666667,7,15,7
3160,0.0,1.0,1.0,1.0,0.0,0.0,0,18,0
3161,0.0,1.0,1.0,1.0,0.0,0.0,0,20,0
3162,0.5142857142857142,0.5,0.75,0.5555555555555556,1.0,0.34615384615384615,9,26,9
3163,0.0,1.0,1.0,1.0,0.0,0.0,0,26,0
3164,0.0,1.0,1.0,1.0,0.0,0.0,0,16,0
3165,0.0,1.0,1.0,1.0,0.0,0.0,0,16,0
3166,0.0,1.0,1.0,1.0,0.0,0.0,0,20,0
3167,0.9500000000000001,0.2631578947368421,0.631578947368421,0.42105263157894735,1.0,0.9047619047619048,19,21,19
3168,0.0,1.0,1.0,1.0,0.0,0.0,0,12,0
3169,0.0,1.0,1.0,1.0,0.0,0.0,0,24,0
3170,0.0,1.0,1.0,1.0,0.0,0.0,0,17,0
3171,0.6,-0.6,0.2,0.3333333333333333,1.0,0.42857142857142855,6,14,6
3172,0.7272727272727273,0.3939393939393939,0.696969696969697,0.5,1.0,0.5714285714285714,12,21,12
3173,0.6956521739130436,0.0,0.5,0.5,1.0,0.5333333333333333,8,15,8
3174,0.0,1.0,1.0,1.0,0.0,0.0,0,22,0
3175,0.0,1.0,1.0,1.0,0.0,0.0,0,16,0
3176,0.0,1.0,1.0,1.0,0.0,0.0,0,19,0
3177,0.6451612903225806,-0.15555555555555556,0.4222222222222222,0.4,1.0,0.47619047619047616,10,21,10
3178,0.0,1.0,1.0,1.0,0.0,0.0,0,21,0
3179,0.45454545454545453,0.2,0.6,0.6,1.0,0.29411764705882354,5,17,5
3180,0.0,1.0,1.0,1.0,0.0,0.0,0,17,0
3181,0.782608695652174,0.2777777777777778,0.6388888888888888,0.5555555555555556,1.0,0.6428571428571429,9,14,9
3182,0.6399999999999999,-0.07142857142857142,0.4642857142857143,0.5,1.0,0.47058823529411764,8,17,8
3183,0.0,1.0,1.0,1.0,0.0,0.0,0,10,0
3184,0.0,1.0,1.0,1.0,0.0,0.0,0,24,0
3185,0.0,1.0,1.0,1.0,0.0,0.0,0,14,0
3186,0.6923076923076924,0.4444444444444444,0.7222222222222222,0.5555555555555556,1.0,0.5294117647058824,9,17,9
3187,0.7333333333333334,0.12727272727272726,0.5636363636363636,0.45454545454545453,1.0,0.5789473684210527,11,19,11
3188,0.0,1.0,1.0,1.0,0.0,0.0,0,23,0
3189,0.0,1.0,1.0,1.0,0.0,0.0,0,19,0
3190,0.0,1.0,1.0,1.0,0.0,0.0,0,24,0
3191,0.47619047619047616,-0.2,0.4,0.6,1.0,0.3125,5,16,5
3192,0.0,1.0,1.0,1.0,0.0,0.0,0,25,0
3193,0.0,1.0,1.0,1.0,0.0,0.0,0,24,0
3194,0.9285714285714286,0.2564102564102564,0.6282051282051282,0.46153846153846156,1.0,0.8666666666666667,13,15,13
3195,0.7692307692307693,-0.15555555555555556,0.4222222222222222,0.4,0.625,1.0,16,10,10
3196,0.8484848484848484,0.2967032967032967,0.6483516483516484,0.5,1.0,0.7368421052631579,14,19,14
3197,0.7000000000000001,0.23809523809523808,0.6190476190476191,0.5714285714285714,1.0,0.5384615384615384,7,13,7
3198,0.7368421052631579,-0.27472527472527475,0.3626373626373626,0.35714285714285715,1.0,0.5833333333333334,14,24,14
3199,0.7567567567567568,0.38461538461538464,0.6923076923076923,0.6428571428571429,1.0,0.6086956521739131,14,23,14
3200,0.846153846153846,-0.12727272727272726,0.4363636363636364,0.45454545454545453,1.0,0.7333333333333333,11,15,11
3201,0.0,1.0,1.0,1.0,0.0,0.0,0,12,0
3202,0.8181818181818181,0.3333333333333333,0.6666666666666666,0.5555555555555556,1.0,0.6923076923076923,9,13,9
3203,0.0,1.0,1.0,1.0,0.0,0.0,0,24,0
3204,0.0,1.0,1.0,1.0,0.0,0.0,0,21,0
3205,0.6956521739130436,0.0,0.5,0.5,1.0,0.5333333333333333,8,15,8
3206,0.0,1.0,1.0,1.0,0.0,0.0,0,24,0
3207,0.7000000000000001,0.5238095238095238,0.7619047619047619,0.7142857142857143,1.0,0.5384615384615384,7,13,7
3208,0.47058823529411764,0.5714285714285714,0.7857142857142857,0.75,1.0,0.3076923076923077,8,26,8
3209,0.0,1.0,1.0,1.0,0.0,0.0,0,16,0
3210,0.7222222222222222,0.02564102564102564,0.5128205128205128,0.38461538461538464,1.0,0.5652173913043478,13,23,13
3211,0.6,0.48484848484848486,0.7424242424242424,0.5,0.42857142857142855,1.0,28,12,12
3212,0.8484848484848484,-0.25274725274725274,0.37362637362637363,0.35714285714285715,1.0,0.7368421052631579,14,19,14
3213,0.0,1.0,1.0,1.0,0.0,0.0,0,20,0
3214,0.8,0.24444444444444444,0.6222222222222222,0.6,1.0,0.6666666666666666,10,15,10
3215,0.6875000000000001,0.05454545454545454,0.5272727272727272,0.5454545454545454,1.0,0.5238095238095238,11,21,11
3216,0.0,1.0,1.0,1.0,0.0,0.0,0,24,0
3217,0.7499999999999999,0.2222222222222222,0.6111111111111112,0.5555555555555556,1.0,0.6,9,15,9
3218,0.7407407407407407,0.15555555555555556,0.5777777777777777,0.4,1.0,0.5882352941176471,10,17,10
3219,0.8108108108108109,0.02857142857142857,0.5142857142857142,0.4,1.0,0.6818181818181818,15,22,15
3220,0.56,0.047619047619047616,0.5238095238095238,0.42857142857142855,1.0,0.3888888888888889,7,18,7
3221,0.5538461538461539,0.1895424836601307,0.5947712418300654,0.3888888888888889,0.3829787234042553,1.0,47,18,18
3222,0.0,1.0,1.0,1.0,0.0,0.0,0,9,0
3223,0.0,1.0,1.0,1.0,0.0,0.0,0,28,0
3224,0.0,1.0,1.0,1.0,0.0,0.0,0,23,0
3225,0.0,1.0,1.0,1.0,0.0,0.0,0,13,0
3226,0.0,1.0,1.0,1.0,0.0,0.0,0,20,0
3227,0.16666666666666669,1.0,1.0,1.0,0.09090909090909091,1.0,11,1,1
3228,0.0,1.0,1.0,1.0,0.0,0.0,0,18,0
3229,0.732394366197183,0.09538461538461539,0.5476923076923077,0.38461538461538464,0.5777777777777777,1.0,45,26,26
3230,0.7142857142857143,0.022222222222222223,0.5111111111111111,0.4,1.0,0.5555555555555556,10,18,10
3231,0.0,1.0,1.0,1.0,0.0,0.0,0,13,0
3232,0.0,1.0,1.0,1.0,0.0,0.0,0,16,0
3233,0.9142857142857143,0.18333333333333332,0.5916666666666667,0.4375,1.0,0.8421052631578947,16,19,16
3234,0.625,-0.06666666666666667,0.4666666666666667,0.4,1.0,0.45454545454545453,10,22,10
3235,0.5714285714285715,0.4,0.7,0.5,0.4,1.0,40,16,16
3236,0.6956521739130436,-0.07142857142857142,0.4642857142857143,0.5,1.0,0.5333333333333333,8,15,8
3237,0.3846153846153846,0.6,0.8,0.6,1.0,0.23809523809523808,5,21,5
3238,0.0,1.0,1.0,1.0,0.0,0.0,0,20,0
3239,0.0,1.0,1.0,1.0,0.0,0.0,0,17,0
3240,0.782608695652174,0.3888888888888889,0.6944444444444444,0.5555555555555556,1.0,0.6428571428571429,9,14,9
3241,0.0,1.0,1.0,1.0,0.0,0.0,0,25,0
3242,0.0,1.0,1.0,1.0,0.0,0.0,0,25,0
3243,0.0,1.0,1.0,1.0,0.0,0.0,0,22,0
3244,0.0,1.0,1.0,1.0,0.0,0.0,0,17,0
3245,0.0,1.0,1.0,1.0,0.0,0.0,0,36,0
3246,0.7428571428571429,0.1282051282051282,0.5641025641025641,0.46153846153846156,1.0,0.5909090909090909,13,22,13
3247,0.0,1.0,1.0,1.0,0.0,0.0,0,21,0
3248,0.0,1.0,1.0,1.0,0.0,0.0,0,21,0
3249,0.0,1.0,1.0,1.0,0.0,0.0,0,12,0
3250,0.0,1.0,1.0,1.0,0.0,0.0,0,19,0
3251,1.0,0.21052631578947367,0.6052631578947368,0.4,1.0,1.0,20,20,20
3252,0.0,1.0,1.0,1.0,0.0,0.0,0,32,0
3253,0.6842105263157895,0.23076923076923078,0.6153846153846154,0.38461538461538464,1.0,0.52,13,25,13
3254,0.0,1.0,1.0,1.0,0.0,0.0,0,26,0
3255,0.4,0.6,0.8,0.8,1.0,0.25,5,20,5
3256,0.8387096774193548,0.05128205128205128,0.5256410256410257,0.38461538461538464,1.0,0.7222222222222222,13,18,13
3257,0.0,1.0,1.0,1.0,0.0,0.0,0,24,0
3258,0.0,1.0,1.0,1.0,0.0,0.0,0,19,0
3259,0.0,1.0,1.0,1.0,0.0,0.0,0,22,0
3260,0.0,1.0,1.0,1.0,0.0,0.0,0,33,0
3261,0.25925925925925924,0.7142857142857143,0.8571428571428572,0.7142857142857143,1.0,0.14893617021276595,7,47,7
3262,0.0,1.0,1.0,1.0,0.0,0.0,0,30,0
3263,0.6206896551724138,0.1111111111111111,0.5555555555555556,0.5555555555555556,1.0,0.45,9,20,9
3264,0.0,1.0,1.0,1.0,0.0,0.0,0,20,0
3265,0.0,1.0,1.0,1.0,0.0,0.0,0,18,0
3266,0.6451612903225806,0.2,0.6,0.5,1.0,0.47619047619047616,10,21,10
3267,0.0,1.0,1.0,1.0,0.0,0.0,0,14,0
3268,0.56,0.14285714285714285,0.5714285714285714,0.5714285714285714,1.0,0.3888888888888889,7,18,7
3269,0.6956521739130436,-0.07142857142857142,0.4642857142857143,0.5,1.0,0.5333333333333333,8,15,8
3270,0.896551724137931,0.05128205128205128,0.5256410256410257,0.38461538461538464,1.0,0.8125,13,16,13
3271,0.6,0.4666666666666667,0.7333333333333334,0.6666666666666666,1.0,0.42857142857142855,6,14,6
3272,0.5714285714285715,-0.21428571428571427,0.39285714285714285,0.375,1.0,0.4,8,20,8
3273,0.8823529411764706,0.2,0.6,0.4,1.0,0.7894736842105263,15,19,15
3274,0.47619047619047616,0.6,0.8,0.6,1.0,0.3125,5,16,5
3275,0.9285714285714286,0.717948717948718,0.858974358974359,0.7692307692307693,1.0,0.8666666666666667,13,15,13
3276,0.88,0.5272727272727272,0.7636363636363637,0.7272727272727273,1.0,0.7857142857142857,11,14,11
3277,0.8275862068965517,0.48484848484848486,0.7424242424242424,0.6666666666666666,1.0,0.7058823529411765,12,17,12
3278,0.5185185185185185,0.3333333333333333,0.6666666666666666,0.5714285714285714,1.0,0.35,7,20,7
3279,0.0,1.0,1.0,1.0,0.0,0.0,0,26,0
3280,0.7142857142857143,0.0,0.5,0.6,1.0,0.5555555555555556,5,9,5
3281,0.5454545454545454,0.1111111111111111,0.5555555555555556,0.5555555555555556,1.0,0.375,9,24,9
3282,0.787878787878788,-0.1794871794871795,0.41025641025641024,0.38461538461538464,1.0,0.65,13,20,13
3283,0.8484848484848484,0.16483516483516483,0.5824175824175825,0.42857142857142855,1.0,0.7368421052631579,14,19,14
3284,0.4210526315789474,0.3333333333333333,0.6666666666666666,0.75,1.0,0.26666666666666666,4,15,4
3285,0.8421052631578948,0.14285714285714285,0.5714285714285714,0.625,1.0,0.7272727272727273,8,11,8
3286,0.631578947368421,0.3333333333333333,0.6666666666666666,0.6666666666666666,1.0,0.46153846153846156,6,13,6
3287,0.5263157894736842,0.2,0.6,0.6,1.0,0.35714285714285715,5,14,5
3288,0.8421052631578948,0.6428571428571429,0.8214285714285714,0.625,1.0,0.7272727272727273,8,11,8
3289,0.8181818181818181,0.8333333333333334,0.9166666666666667,0.7777777777777778,1.0,0.6923076923076923,9,13,9
3290,0.761904761904762,0.5714285714285714,0.7857142857142857,0.75,1.0,0.6153846153846154,8,13,8
3291,0.5714285714285715,-0.2,0.4,0.5,1.0,0.4,6,15,6
3292,0.625,0.8,0.9,0.8,1.0,0.45454545454545453,5,11,5
3293,0.5217391304347826,-0.06666666666666667,0.4666666666666667,0.6666666666666666,1.0,0.35294117647058826,6,17,6
3294,0.72,0.2777777777777778,0.6388888888888888,0.4444444444444444,1.0,0.5625,9,16,9
3295,0.7777777777777778,-0.14285714285714285,0.4285714285714286,0.5714285714285714,1.0,0.6363636363636364,7,11,7
3296,0.47619047619047616,-0.6,0.2,0.4,1.0,0.3125,5,16,5
3297,0.4666666666666667,-0.047619047619047616,0.47619047619047616,0.5714285714285714,1.0,0.30434782608695654,7,23,7
3298,0.5357142857142857,0.2761904761904762,0.638095238095238,0.5333333333333333,1.0,0.36585365853658536,15,41,15
3299,0.0,1.0,1.0,1.0,0.0,0.0,0,22,0
3300,0.7142857142857143,-0.1111111111111111,0.4444444444444444,0.4,1.0,0.5555555555555556,10,18,10
3301,0.5,0.2,0.6,0.5,1.0,0.3333333333333333,6,18,6
3302,0.5925925925925926,0.14285714285714285,0.5714285714285714,0.5,1.0,0.42105263157894735,8,19,8
3303,0.5925925925925926,-0.21428571428571427,0.39285714285714285,0.5,1.0,0.42105263157894735,8,19,8
3304,0.7333333333333334,0.3090909090909091,0.6545454545454545,0.6363636363636364,1.0,0.5789473684210527,11,19,11
3305,0.5263157894736842,-0.2,0.4,0.6,1.0,0.35714285714285715,5,14,5
3306,0.6086956521739131,-0.23809523809523808,0.38095238095238093,0.42857142857142855,1.0,0.4375,7,16,7
3307,0.5217391304347826,0.3333333333333333,0.6666666666666666,0.5,1.0,0.35294117647058826,6,17,6
3308,0.782608695652174,0.1111111111111111,0.5555555555555556,0.5555555555555556,1.0,0.6428571428571429,9,14,9
3309,0.9032258064516129,-0.38461538461538464,0.3076923076923077,0.35714285714285715,1.0,0.8235294117647058,14,17,14
3310,0.625,-0.15555555555555556,0.4222222222222222,0.5,1.0,0.45454545454545453,10,22,10
3311,0.6363636363636364,0.3333333333333333,0.6666666666666666,0.7142857142857143,1.0,0.4666666666666667,7,15,7
3312,0.5454545454545454,0.6111111111111112,0.8055555555555556,0.5555555555555556,1.0,0.375,9,24,9
3313,0.5625,0.2777777777777778,0.6388888888888888,0.4444444444444444,1.0,0.391304347826087,9,23,9
3314,0.5333333333333333,0.6428571428571429,0.8214285714285714,0.75,1.0,0.36363636363636365,8,22,8
3315,0.7407407407407407,0.28888888888888886,0.6444444444444444,0.6,1.0,0.5882352941176471,10,17,10
3316,0.6,0.7222222222222222,0.8611111111111112,0.6666666666666666,1.0,0.42857142857142855,9,21,9
3317,0.761904761904762,-0.14285714285714285,0.4285714285714286,0.5,1.0,0.6153846153846154,8,13,8
3318,0.6086956521739131,0.047619047619047616,0.5238095238095238,0.42857142857142855,1.0,0.4375,7,16,7
3319,0.6086956521739131,-0.14285714285714285,0.4285714285714286,0.42857142857142855,1.0,0.4375,7,16,7
3320,0.6363636363636364,-0.047619047619047616,0.47619047619047616,0.42857142857142855,1.0,0.4666666666666667,7,15,7
3321,0.6086956521739131,-0.047619047619047616,0.47619047619047616,0.42857142857142855,1.0,0.4375,7,16,7
3322,0.8750000000000001,-0.25274725274725274,0.37362637362637363,0.42857142857142855,1.0,0.7777777777777778,14,18,14
3323,0.8571428571428571,-0.16666666666666666,0.4166666666666667,0.3333333333333333,1.0,0.75,9,12,9
3324,0.4,0.4,0.7,0.8,1.0,0.25,5,20,5
3325,0.47619047619047616,-0.2,0.4,0.6,1.0,0.3125,5,16,5
3326,0.787878787878788,0.5128205128205128,0.7564102564102564,0.6153846153846154,1.0,0.65,13,20,13
3327,0.0,1.0,1.0,1.0,0.0,0.0,0,18,0
3328,0.6399999999999999,0.2857142857142857,0.6428571428571428,0.75,1.0,0.47058823529411764,8,17,8
3329,0.5454545454545454,0.2,0.6,0.5,1.0,0.375,6,16,6
3330,0.9411764705882353,0.35,0.675,0.625,1.0,0.8888888888888888,16,18,16
3331,0.7499999999999999,0.3333333333333333,0.6666666666666666,0.4444444444444444,1.0,0.6,9,15,9
3332,0.72,0.7777777777777778,0.8888888888888888,0.6666666666666666,1.0,0.5625,9,16,9
3333,0.0,1.0,1.0,1.0,0.0,0.0,0,19,0
3334,0.0,1.0,1.0,1.0,0.0,0.0,0,14,0
3335,0.8148148148148148,0.3090909090909091,0.6545454545454545,0.45454545454545453,1.0,0.6875,11,16,11
3336,0.27777777777777773,0.6,0.8,0.8,1.0,0.16129032258064516,5,31,5
3337,0.33333333333333337,0.6666666666666666,0.8333333333333333,0.75,1.0,0.2,4,20,4
3338,0.6666666666666666,0.7142857142857143,0.8571428571428572,0.7142857142857143,1.0,0.5,7,14,7
3339,0.631578947368421,-0.6,0.2,0.3333333333333333,1.0,0.46153846153846156,6,13,6
3340,0.5161290322580645,-0.21428571428571427,0.39285714285714285,0.5,1.0,0.34782608695652173,8,23,8
3341,0.7000000000000001,0.8095238095238095,0.9047619047619048,0.8571428571428571,1.0,0.5384615384615384,7,13,7
3342,0.8235294117647058,0.31868131868131866,0.6593406593406593,0.42857142857142855,1.0,0.7,14,20,14
3343,0.6428571428571429,0.3888888888888889,0.6944444444444444,0.6666666666666666,1.0,0.47368421052631576,9,19,9
3344,0.0,1.0,1.0,1.0,0.0,0.0,0,21,0
3345,0.5263157894736842,0.2,0.6,0.6,1.0,0.35714285714285715,5,14,5
3346,0.7499999999999999,0.2777777777777778,0.6388888888888888,0.5555555555555556,1.0,0.6,9,15,9
3347,0.37037037037037035,-0.4,0.3,0.4,1.0,0.22727272727272727,5,22,5
3348,0.0,1.0,1.0,1.0,0.0,0.0,0,20,0
3349,0.88,0.2,0.6,0.5454545454545454,1.0,0.7857142857142857,11,14,11
3350,0.6060606060606061,0.37777777777777777,0.6888888888888889,0.6,1.0,0.43478260869565216,10,23,10
3351,0.7222222222222222,0.1794871794871795,0.5897435897435898,0.5384615384615384,1.0,0.5652173913043478,13,23,13
3352,0.761904761904762,0.7142857142857143,0.8571428571428572,0.625,1.0,0.6153846153846154,8,13,8
3353,0.6428571428571429,-0.05555555555555555,0.4722222222222222,0.5555555555555556,1.0,0.47368421052631576,9,19,9
3354,0.0,1.0,1.0,1.0,0.0,0.0,0,17,0
3355,0.38095238095238093,1.0,1.0,1.0,1.0,0.23529411764705882,4,17,4
3356,0.6666666666666666,0.3888888888888889,0.6944444444444444,0.5555555555555556,1.0,0.5,9,18,9
3357,0.5833333333333334,0.8095238095238095,0.9047619047619048,0.7142857142857143,1.0,0.4117647058823529,7,17,7
3358,0.782608695652174,0.3333333333333333,0.6666666666666666,0.4444444444444444,1.0,0.6428571428571429,9,14,9
3359,0.6399999999999999,-0.21428571428571427,0.39285714285714285,0.375,1.0,0.47058823529411764,8,17,8
3360,0.5,0.42857142857142855,0.7142857142857143,0.7142857142857143,1.0,0.3333333333333333,7,21,7
3361,0.5882352941176471,0.4,0.7,0.6,1.0,0.4166666666666667,5,12,5
3362,0.6666666666666666,0.0,0.5,0.6,1.0,0.5,5,10,5
3363,0.6206896551724138,0.16666666666666666,0.5833333333333334,0.5555555555555556,1.0,0.45,9,20,9
3364,0.5454545454545454,-0.06666666666666667,0.4666666666666667,0.5,1.0,0.375,6,16,6
3365,0.5925925925925926,0.0,0.5,0.5,1.0,0.42105263157894735,8,19,8
3366,0.8484848484848484,0.42857142857142855,0.7142857142857143,0.5,1.0,0.7368421052631579,14,19,14
3367,0.967741935483871,-0.10476190476190476,0.44761904761904764,0.4,1.0,0.9375,15,16,15
3368,0.7000000000000001,0.7142857142857143,0.8571428571428572,0.8571428571428571,1.0,0.5384615384615384,7,13,7
3369,0.4799999999999999,0.2,0.6,0.5,1.0,0.3157894736842105,6,19,6
3370,0.7692307692307693,0.15555555555555556,0.5777777777777777,0.5,1.0,0.625,10,16,10
3371,0.4799999999999999,-0.06666666666666667,0.4666666666666667,0.5,1.0,0.3157894736842105,6,19,6
3372,0.6086956521739131,-0.047619047619047616,0.47619047619047616,0.5714285714285714,1.0,0.4375,7,16,7
3373,0.6666666666666666,-0.05555555555555555,0.4722222222222222,0.5555555555555556,1.0,0.5,9,18,9
3374,0.5454545454545454,0.2,0.6,0.5,1.0,0.375,6,16,6
3375,0.7499999999999999,0.12121212121212122,0.5606060606060606,0.4166666666666667,1.0,0.6,12,20,12
3376,0.6666666666666666,-0.24444444444444444,0.37777777777777777,0.3,1.0,0.5,10,20,10
3377,0.7272727272727273,0.9285714285714286,0.9642857142857143,0.875,1.0,0.5714285714285714,8,14,8
3378,0.6086956521739131,0.23809523809523808,0.6190476190476191,0.5714285714285714,1.0,0.4375,7,16,7
3379,0.6363636363636364,0.3333333333333333,0.6666666666666666,0.7142857142857143,1.0,0.4666666666666667,7,15,7
3380,0.7096774193548387,0.2,0.6,0.45454545454545453,1.0,0.55,11,20,11
3381,0.8,-0.12087912087912088,0.43956043956043955,0.35714285714285715,1.0,0.6666666666666666,14,21,14
3382,0.0,1.0,1.0,1.0,0.0,0.0,0,20,0
3383,0.0,1.0,1.0,1.0,0.0,0.0,0,13,0
3384,0.5294117647058824,0.2222222222222222,0.6111111111111112,0.5555555555555556,1.0,0.36,9,25,9
3385,0.0,1.0,1.0,1.0,0.0,0.0,0,14,0
3386,0.6666666666666666,-0.07142857142857142,0.4642857142857143,0.625,1.0,0.5,8,16,8
3387,0.0,1.0,1.0,1.0,0.0,0.0,0,20,0
3388,0.0,1.0,1.0,1.0,0.0,0.0,0,18,0
3389,0.4166666666666667,1.0,1.0,1.0,1.0,0.2631578947368421,5,19,5
3390,0.45454545454545453,0.4,0.7,0.8,1.0,0.29411764705882354,5,17,5
3391,0.6956521739130436,-0.14285714285714285,0.4285714285714286,0.5,1.0,0.5333333333333333,8,15,8
3392,0.7499999999999999,0.3888888888888889,0.6944444444444444,0.6666666666666666,1.0,0.6,9,15,9
3393,0.6938775510204082,0.3235294117647059,0.6617647058823529,0.47058823529411764,0.53125,1.0,32,17,17
3394,0.6086956521739131,0.23809523809523808,0.6190476190476191,0.7142857142857143,1.0,0.4375,7,16,7
3395,0.4799999999999999,-0.3333333333333333,0.33333333333333337,0.5,1.0,0.3157894736842105,6,19,6
3396,0.7407407407407407,0.2,0.6,0.5,1.0,0.5882352941176471,10,17,10
3397,0.6956521739130436,0.21428571428571427,0.6071428571428571,0.625,1.0,0.5333333333333333,8,15,8
3398,0.5454545454545454,0.4666666666666667,0.7333333333333334,0.5,1.0,0.375,6,16,6
3399,0.5714285714285715,-0.3333333333333333,0.33333333333333337,0.5,1.0,0.4,4,10,4
3400,0.5517241379310345,-0.21428571428571427,0.39285714285714285,0.375,1.0,0.38095238095238093,8,21,8
3401,0.5,0.2,0.6,0.5,1.0,0.3333333333333333,6,18,6
3402,0.6956521739130436,0.8571428571428571,0.9285714285714286,0.875,1.0,0.5333333333333333,8,15,8
3403,0.4666666666666667,0.8095238095238095,0.9047619047619048,0.7142857142857143,1.0,0.30434782608695654,7,23,7
3404,0.0,1.0,1.0,1.0,0.0,0.0,0,19,0
3405,0.625,0.4666666666666667,0.7333333333333334,0.6,1.0,0.45454545454545453,10,22,10
3406,0.8,0.15555555555555556,0.5777777777777777,0.6,1.0,0.6666666666666666,10,15,10
3407,0.33333333333333337,1.0,1.0,1.0,0.2,1.0,5,1,1
3408,0.896551724137931,0.3076923076923077,0.6538461538461539,0.6923076923076923,1.0,0.8125,13,16,13
3409,0.8,0.2727272727272727,0.6363636363636364,0.5,1.0,0.6666666666666666,12,18,12
3410,0.6666666666666666,0.1111111111111111,0.5555555555555556,0.5555555555555556,1.0,0.5,9,18,9
3411,0.923076923076923,0.2727272727272727,0.6363636363636364,0.5,1.0,0.8571428571428571,12,14,12
3412,0.7272727272727273,0.21428571428571427,0.6071428571428571,0.5,1.0,0.5714285714285714,8,14,8
3413,0.4,1.0,1.0,1.0,1.0,0.25,5,20,5
3414,0.7499999999999999,0.09090909090909091,0.5454545454545454,0.5,1.0,0.6,12,20,12
3415,0.0,1.0,1.0,1.0,0.0,0.0,0,20,0
3416,0.0,1.0,1.0,1.0,0.0,0.0,0,18,0
3417,0.9655172413793104,0.03296703296703297,0.5164835164835165,0.35714285714285715,1.0,0.9333333333333333,14,15,14
3418,0.8571428571428571,0.12121212121212122,0.5606060606060606,0.5833333333333334,1.0,0.75,12,16,12
3419,0.7441860465116279,0.06666666666666667,0.5333333333333333,0.4375,1.0,0.5925925925925926,16,27,16
3420,0.5384615384615384,0.047619047619047616,0.5238095238095238,0.5714285714285714,1.0,0.3684210526315789,7,19,7
3421,0.7272727272727273,0.35714285714285715,0.6785714285714286,0.5,1.0,0.5714285714285714,8,14,8
3422,0.8275862068965517,0.42424242424242425,0.7121212121212122,0.5,1.0,0.7058823529411765,12,17,12
3423,0.8,-0.06060606060606061,0.4696969696969697,0.4166666666666667,1.0,0.6666666666666666,12,18,12
3424,0.0,1.0,1.0,1.0,0.0,0.0,0,30,0
3425,0.0,1.0,1.0,1.0,0.0,0.0,0,20,0
3426,0.6,-0.2,0.4,0.3333333333333333,1.0,0.42857142857142855,6,14,6
3427,0.0,1.0,1.0,1.0,0.0,0.0,0,15,0
3428,0.8108108108108109,-0.02857142857142857,0.4857142857142857,0.3333333333333333,1.0,0.6818181818181818,15,22,15
3429,0.5185185185185185,0.047619047619047616,0.5238095238095238,0.5714285714285714,1.0,0.35,7,20,7
3430,0.9032258064516129,-0.34065934065934067,0.32967032967032966,0.2857142857142857,1.0,0.8235294117647058,14,17,14
3431,0.5263157894736842,0.4,0.7,0.6,1.0,0.35714285714285715,5,14,5
3432,0.0,1.0,1.0,1.0,0.0,0.0,0,21,0
3433,0.923076923076923,0.36363636363636365,0.6818181818181819,0.5,0.8571428571428571,1.0,14,12,12
3434,0.5454545454545454,0.8666666666666667,0.9333333333333333,0.8333333333333334,1.0,0.375,6,16,6
3435,0.8,0.42857142857142855,0.7142857142857143,0.5,1.0,0.6666666666666666,8,12,8
3436,0.5925925925925926,0.21428571428571427,0.6071428571428571,0.625,1.0,0.42105263157894735,8,19,8
3437,0.8,-0.28888888888888886,0.35555555555555557,0.3,1.0,0.6666666666666666,10,15,10
3438,0.787878787878788,-0.20512820512820512,0.39743589743589747,0.38461538461538464,1.0,0.65,13,20,13
3439,0.7368421052631579,0.3333333333333333,0.6666666666666666,0.42857142857142855,1.0,0.5833333333333334,7,12,7
3440,0.7857142857142858,0.09090909090909091,0.5454545454545454,0.5454545454545454,1.0,0.6470588235294118,11,17,11
3441,0.9696969696969697,0.36666666666666664,0.6833333333333333,0.5625,0.9411764705882353,1.0,17,16,16
3442,0.7000000000000001,0.3333333333333333,0.6666666666666666,0.7142857142857143,1.0,0.5384615384615384,7,13,7
3443,0.0,1.0,1.0,1.0,0.0,0.0,0,18,0
3444,0.7407407407407407,0.022222222222222223,0.5111111111111111,0.5,1.0,0.5882352941176471,10,17,10
3445,0.72,-0.3333333333333333,0.33333333333333337,0.3333333333333333,1.0,0.5625,9,16,9
3446,0.6153846153846153,0.07142857142857142,0.5357142857142857,0.625,1.0,0.4444444444444444,8,18,8
3447,0.6666666666666666,0.2777777777777778,0.6388888888888888,0.6666666666666666,1.0,0.5,9,18,9
3448,0.4799999999999999,-0.06666666666666667,0.4666666666666667,0.5,1.0,0.3157894736842105,6,19,6
3449,0.0,1.0,1.0,1.0,0.0,0.0,0,20,0
3450,0.72,0.2777777777777778,0.6388888888888888,0.5555555555555556,1.0,0.5625,9,16,9
3451,0.4166666666666667,0.4,0.7,0.8,1.0,0.2631578947368421,5,19,5
3452,0.6956521739130436,0.9285714285714286,0.9642857142857143,0.875,1.0,0.5333333333333333,8,15,8
3453,0.8148148148148148,0.16363636363636364,0.5818181818181818,0.5454545454545454,1.0,0.6875,11,16,11
3454,0.7692307692307693,0.9111111111111111,0.9555555555555555,0.8,1.0,0.625,10,16,10
3455,0.0,1.0,1.0,1.0,0.0,0.0,0,22,0
3456,0.5384615384615384,-0.42857142857142855,0.2857142857142857,0.42857142857142855,1.0,0.3684210526315789,7,19,7
3457,0.8666666666666666,0.07692307692307693,0.5384615384615384,0.46153846153846156,1.0,0.7647058823529411,13,17,13
3458,0.0,1.0,1.0,1.0,0.0,0.0,0,22,0
3459,0.9090909090909091,0.3333333333333333,0.6666666666666666,0.5,1.0,0.8333333333333334,10,12,10
3460,0.631578947368421,0.4666666666666667,0.7333333333333334,0.6666666666666666,1.0,0.46153846153846156,6,13,6
3461,0.5833333333333334,0.3333333333333333,0.6666666666666666,0.7142857142857143,1.0,0.4117647058823529,7,17,7
3462,0.6666666666666666,0.6,0.8,0.6666666666666666,1.0,0.5,6,12,6
3463,0.5263157894736842,-0.2,0.4,0.6,1.0,0.35714285714285715,5,14,5
3464,0.8,0.3333333333333333,0.6666666666666666,0.6,1.0,0.6666666666666666,10,15,10
3465,0.8387096774193548,0.10256410256410256,0.5512820512820513,0.3076923076923077,0.7222222222222222,1.0,18,13,13
3466,0.6399999999999999,0.14285714285714285,0.5714285714285714,0.5,1.0,0.47058823529411764,8,17,8
3467,0.32258064516129037,0.2,0.6,0.6,1.0,0.19230769230769232,5,26,5
3468,0.6666666666666666,-0.11666666666666667,0.44166666666666665,0.3125,1.0,0.5,16,32,16
3469,0.5555555555555556,0.0,0.5,0.6,1.0,0.38461538461538464,5,13,5
3470,0.09523809523809523,1.0,1.0,1.0,0.05,1.0,20,1,1
3471,0.7333333333333334,-0.05454545454545454,0.4727272727272727,0.36363636363636365,1.0,0.5789473684210527,11,19,11
3472,0.0,1.0,1.0,1.0,0.0,0.0,0,19,0
3473,0.0,1.0,1.0,1.0,0.0,0.0,0,19,0
3474,0.5185185185185185,0.14285714285714285,0.5714285714285714,0.5714285714285714,1.0,0.35,7,20,7
3475,0.5454545454545454,-0.2777777777777778,0.3611111111111111,0.5555555555555556,1.0,0.375,9,24,9
3476,0.631578947368421,0.6,0.8,0.6666666666666666,1.0,0.46153846153846156,6,13,6
3477,0.4444444444444445,-0.06666666666666667,0.4666666666666667,0.5,1.0,0.2857142857142857,6,21,6
3478,0.4,0.4666666666666667,0.7333333333333334,0.6666666666666666,1.0,0.25,6,24,6
3479,0.5555555555555556,0.6,0.8,0.8,1.0,0.38461538461538464,5,13,5
3480,0.72,0.4444444444444444,0.7222222222222222,0.5555555555555556,1.0,0.5625,9,16,9
3481,0.0,1.0,1.0,1.0,0.0,0.0,0,16,0
3482,0.8695652173913044,0.022222222222222223,0.5111111111111111,0.4,1.0,0.7692307692307693,10,13,10
3483,0.0,1.0,1.0,1.0,0.0,0.0,0,17,0
3484,0.8125000000000001,0.02564102564102564,0.5128205128205128,0.3076923076923077,1.0,0.6842105263157895,13,19,13
3485,0.3636363636363636,1.0,1.0,1.0,1.0,0.2222222222222222,4,18,4
3486,0.846153846153846,0.7454545454545455,0.8727272727272728,0.6363636363636364,1.0,0.7333333333333333,11,15,11
3487,0.5454545454545454,0.2,0.6,0.6666666666666666,1.0,0.375,6,16,6
3488,0.0,1.0,1.0,1.0,0.0,0.0,0,18,0
3489,0.7499999999999999,-0.14285714285714285,0.4285714285714286,0.26666666666666666,1.0,0.6,15,25,15
3490,0.0,1.0,1.0,1.0,0.0,0.0,0,21,0
3491,0.0,1.0,1.0,1.0,0.0,0.0,0,18,0
3492,0.8571428571428571,0.09090909090909091,0.5454545454545454,0.5,1.0,0.75,12,16,12
3493,0.0,1.0,1.0,1.0,0.0,0.0,0,21,0
3494,0.0,1.0,1.0,1.0,0.0,0.0,0,17,0
3495,0.4210526315789474,0.42857142857142855,0.7142857142857143,0.5,1.0,0.26666666666666666,8,30,8
3496,0.0,1.0,1.0,1.0,0.0,0.0,0,17,0
3497,0.5384615384615384,-0.6190476190476191,0.19047619047619047,0.2857142857142857,1.0,0.3684210526315789,7,19,7
3498,0.6666666666666666,0.21428571428571427,0.6071428571428571,0.5,1.0,0.5,8,16,8
3499,0.8275862068965517,0.18181818181818182,0.5909090909090909,0.4166666666666667,1.0,0.7058823529411765,12,17,12
3500,0.0,1.0,1.0,1.0,0.0,0.0,0,19,0
3501,0.45454545454545453,-0.2,0.4,0.4,1.0,0.29411764705882354,5,17,5
3502,0.7272727272727273,0.0,0.5,0.5,1.0,0.5714285714285714,8,14,8
3503,0.5384615384615384,0.3333333333333333,0.6666666666666666,0.5714285714285714,1.0,0.3684210526315789,7,19,7
3504,1.0,0.4065934065934066,0.7032967032967032,0.5,1.0,1.0,14,14,14
3505,0.47058823529411764,1.0,1.0,1.0,1.0,0.3076923076923077,4,13,4
3506,0.72,-0.05555555555555555,0.4722222222222222,0.4444444444444444,1.0,0.5625,9,16,9
3507,0.878048780487805,0.13725490196078433,0.5686274509803921,0.3888888888888889,1.0,0.782608695652174,18,23,18
3508,0.0,1.0,1.0,1.0,0.0,0.0,0,19,0
3509,0.43902439024390244,-0.1111111111111111,0.4444444444444444,0.4444444444444444,1.0,0.28125,9,32,9
3510,0.0,1.0,1.0,1.0,0.0,0.0,0,23,0
3511,0.0,1.0,1.0,1.0,0.0,0.0,0,20,0
3512,0.7142857142857143,0.6888888888888889,0.8444444444444444,0.7,1.0,0.5555555555555556,10,18,10
3513,0.0,1.0,1.0,1.0,0.0,0.0,0,19,0
3514,0.7407407407407407,0.6888888888888889,0.8444444444444444,0.7,1.0,0.5882352941176471,10,17,10
3515,0.0,1.0,1.0,1.0,0.0,0.0,0,20,0
3516,0.7567567567567568,-0.2967032967032967,0.3516483516483516,0.2857142857142857,1.0,0.6086956521739131,14,23,14
3517,0.8125000000000001,-0.1794871794871795,0.41025641025641024,0.3076923076923077,1.0,0.6842105263157895,13,19,13
3518,0.0,1.0,1.0,1.0,0.0,0.0,0,22,0
3519,0.48484848484848486,0.42857142857142855,0.7142857142857143,0.5,1.0,0.32,8,25,8
3520,0.8275862068965517,0.2727272727272727,0.6363636363636364,0.5,1.0,0.7058823529411765,12,17,12
3521,0.56,0.42857142857142855,0.7142857142857143,0.5714285714285714,1.0,0.3888888888888889,7,18,7
3522,0.7407407407407407,0.3333333333333333,0.6666666666666666,0.6,1.0,0.5882352941176471,10,17,10
3523,0.6470588235294118,0.45454545454545453,0.7272727272727273,0.6363636363636364,1.0,0.4782608695652174,11,23,11
3524,0.4,1.0,1.0,1.0,1.0,0.25,5,20,5
3525,0.5454545454545454,-0.3888888888888889,0.3055555555555556,0.3333333333333333,1.0,0.375,9,24,9
3526,0.5882352941176471,0.4,0.7,0.6,1.0,0.4166666666666667,5,12,5
3527,0.72,0.1111111111111111,0.5555555555555556,0.4444444444444444,1.0,0.5625,9,16,9
3528,0.7692307692307693,0.1111111111111111,0.5555555555555556,0.5,1.0,0.625,10,16,10
3529,0.7777777777777778,0.7362637362637363,0.8681318681318682,0.6428571428571429,0.6363636363636364,1.0,22,14,14
3530,0.8400000000000001,-0.05714285714285714,0.4714285714285714,0.38095238095238093,0.7241379310344828,1.0,29,21,21
3531,0.0,1.0,1.0,1.0,0.0,0.0,0,24,0
3532,0.4444444444444445,0.0,0.5,0.5,1.0,0.2857142857142857,8,28,8
3533,0.4615384615384615,-0.06666666666666667,0.4666666666666667,0.5,1.0,0.3,6,20,6
3534,0.0,1.0,1.0,1.0,0.0,0.0,0,21,0
3535,0.6428571428571429,0.6666666666666666,0.8333333333333333,0.6666666666666666,1.0,0.47368421052631576,9,19,9
3536,0.5555555555555556,0.8,0.9,0.8,1.0,0.38461538461538464,5,13,5
3537,0.4,0.3333333333333333,0.6666666666666666,0.75,1.0,0.25,4,16,4
3538,0.7142857142857143,0.022222222222222223,0.5111111111111111,0.5,1.0,0.5555555555555556,10,18,10
3539,0.0,1.0,1.0,1.0,0.0,0.0,0,20,0
3540,0.47058823529411764,1.0,1.0,1.0,1.0,0.3076923076923077,4,13,4
3541,0.6486486486486487,0.18181818181818182,0.5909090909090909,0.4166666666666667,1.0,0.48,12,25,12
3542,0.5128205128205129,0.7333333333333333,0.8666666666666667,0.7,1.0,0.3448275862068966,10,29,10
3543,0.6666666666666666,0.2564102564102564,0.6282051282051282,0.38461538461538464,1.0,0.5,13,26,13
3544,0.7333333333333334,0.12727272727272726,0.5636363636363636,0.5454545454545454,1.0,0.5789473684210527,11,19,11
3545,0.8205128205128205,-0.016666666666666666,0.49166666666666664,0.375,1.0,0.6956521739130435,16,23,16
3546,0.6086956521739131,-0.14285714285714285,0.4285714285714286,0.5714285714285714,1.0,0.4375,7,16,7
3547,0.5185185185185185,0.14285714285714285,0.5714285714285714,0.42857142857142855,1.0,0.35,7,20,7
3548,0.4347826086956522,-0.2,0.4,0.6,1.0,0.2777777777777778,5,18,5
3549,0.65,0.7435897435897436,0.8717948717948718,0.6923076923076923,1.0,0.48148148148148145,13,27,13
3550,0.5384615384615384,-0.14285714285714285,0.4285714285714286,0.42857142857142855,1.0,0.3684210526315789,7,19,7
3551,0.3846153846153846,-0.2,0.4,0.6,1.0,0.23809523809523808,5,21,5
3552,0.9032258064516129,0.01098901098901099,0.5054945054945055,0.2857142857142857,1.0,0.8235294117647058,14,17,14
3553,0.7272727272727273,0.0,0.5,0.4166666666666667,1.0,0.5714285714285714,12,21,12
3554,0.5454545454545454,0.4666666666666667,0.7333333333333334,0.8333333333333334,1.0,0.375,6,16,6
3555,0.7142857142857143,-0.24444444444444444,0.37777777777777777,0.3,1.0,0.5555555555555556,10,18,10
3556,0.6896551724137931,0.2,0.6,0.4,1.0,0.5263157894736842,10,19,10
3557,0.5925925925925926,0.0,0.5,0.375,1.0,0.42105263157894735,8,19,8
3558,0.6,-0.2,0.4,0.5,1.0,0.42857142857142855,6,14,6
3559,0.42857142857142855,0.06666666666666667,0.5333333333333333,0.5,1.0,0.2727272727272727,6,22,6
3560,0.6666666666666666,-0.2,0.4,0.5,1.0,0.5,10,20,10
3561,0.35294117647058826,-0.4666666666666667,0.26666666666666666,0.3333333333333333,1.0,0.21428571428571427,6,28,6
3562,0.0,1.0,1.0,1.0,0.0,0.0,0,16,0
3563,0.0,1.0,1.0,1.0,0.0,0.0,0,23,0
3564,0.625,0.06666666666666667,0.5333333333333333,0.4,1.0,0.45454545454545453,10,22,10
3565,0.0,1.0,1.0,1.0,0.0,0.0,0,19,0
3566,0.0,1.0,1.0,1.0,0.0,0.0,0,19,0
3567,0.8235294117647058,-0.054945054945054944,0.4725274725274725,0.42857142857142855,1.0,0.7,14,20,14
3568,0.5833333333333334,-0.23809523809523808,0.38095238095238093,0.42857142857142855,1.0,0.4117647058823529,7,17,7
3569,0.18181818181818182,1.0,1.0,1.0,0.1,1.0,10,1,1
3570,0.8571428571428571,0.2727272727272727,0.6363636363636364,0.6666666666666666,1.0,0.75,12,16,12
3571,0.0,1.0,1.0,1.0,0.0,0.0,0,19,0
3572,0.5,0.8,0.9,0.8,1.0,0.3333333333333333,5,15,5
3573,0.625,0.15555555555555556,0.5777777777777777,0.4,1.0,0.45454545454545453,10,22,10
3574,0.6666666666666666,-0.1111111111111111,0.4444444444444444,0.4,1.0,0.5,10,20,10
3575,0.0,1.0,1.0,1.0,0.0,0.0,0,17,0
3576,0.5294117647058824,0.4444444444444444,0.7222222222222222,0.5555555555555556,1.0,0.36,9,25,9
3577,0.0,1.0,1.0,1.0,0.0,0.0,0,22,0
3578,0.56,0.14285714285714285,0.5714285714285714,0.7142857142857143,1.0,0.3888888888888889,7,18,7
3579,0.88,0.45454545454545453,0.7272727272727273,0.5454545454545454,0.7857142857142857,1.0,14,11,11
3580,0.6153846153846153,-0.2857142857142857,0.35714285714285715,0.375,1.0,0.4444444444444444,8,18,8
3581,0.45454545454545453,0.4,0.7,0.6,1.0,0.29411764705882354,5,17,5
3582,0.6666666666666666,-0.1111111111111111,0.4444444444444444,0.4,1.0,0.5,10,20,10
3583,0.787878787878788,0.48717948717948717,0.7435897435897436,0.6153846153846154,1.0,0.65,13,20,13
3584,0.888888888888889,-0.35714285714285715,0.3214285714285714,0.375,1.0,0.8,8,10,8
3585,0.4666666666666667,0.3333333333333333,0.6666666666666666,0.7142857142857143,1.0,0.30434782608695654,7,23,7
3586,0.6666666666666666,-0.30303030303030304,0.3484848484848485,0.4166666666666667,1.0,0.5,12,24,12
3587,0.5454545454545454,0.6,0.8,0.6666666666666666,1.0,0.375,6,16,6
3588,0.7407407407407407,-0.022222222222222223,0.4888888888888889,0.5,1.0,0.5882352941176471,10,17,10
3589,0.6451612903225806,0.3333333333333333,0.6666666666666666,0.5,1.0,0.47619047619047616,10,21,10
3590,0.7272727272727273,-0.3333333333333333,0.33333333333333337,0.4166666666666667,1.0,0.5714285714285714,12,21,12
3591,0.9,0.2222222222222222,0.6111111111111112,0.5555555555555556,1.0,0.8181818181818182,9,11,9
3592,0.6896551724137931,0.3333333333333333,0.6666666666666666,0.6,1.0,0.5263157894736842,10,19,10
3593,0.8484848484848484,0.0989010989010989,0.5494505494505495,0.42857142857142855,1.0,0.7368421052631579,14,19,14
3594,0.0,1.0,1.0,1.0,0.0,0.0,0,18,0
3595,0.0,1.0,1.0,1.0,0.0,0.0,0,19,0
3596,0.0,1.0,1.0,1.0,0.0,0.0,0,16,0
3597,0.0,1.0,1.0,1.0,0.0,0.0,0,23,0
3598,0.6666666666666666,0.34545454545454546,0.6727272727272727,0.6363636363636364,1.0,0.5,11,22,11
3599,0.0,1.0,1.0,1.0,0.0,0.0,0,25,0
3600,0.6285714285714286,-0.12727272727272726,0.4363636363636364,0.45454545454545453,1.0,0.4583333333333333,11,24,11
3601,0.9411764705882353,0.5,0.75,0.5,1.0,0.8888888888888888,16,18,16
3602,0.0,1.0,1.0,1.0,0.0,0.0,0,23,0
3603,0.6666666666666666,-0.1111111111111111,0.4444444444444444,0.4444444444444444,1.0,0.5,9,18,9
3604,0.717948717948718,0.07692307692307693,0.5384615384615384,0.42857142857142855,1.0,0.56,14,25,14
3605,0.0,1.0,1.0,1.0,0.0,0.0,0,24,0
3606,0.6153846153846153,0.0,0.5,0.5,1.0,0.4444444444444444,8,18,8
3607,0.0,1.0,1.0,1.0,0.0,0.0,0,23,0
3608,0.0,1.0,1.0,1.0,0.0,0.0,0,18,0
3609,0.8235294117647058,0.14285714285714285,0.5714285714285714,0.5714285714285714,1.0,0.7,7,10,7
3610,0.5454545454545454,-0.4666666666666667,0.26666666666666666,0.5,1.0,0.375,6,16,6
3611,0.0,1.0,1.0,1.0,0.0,0.0,0,19,0
3612,0.0,1.0,1.0,1.0,0.0,0.0,0,11,0
3613,0.5,0.7222222222222222,0.8611111111111112,0.7777777777777778,1.0,0.3333333333333333,9,27,9
3614,0.0,1.0,1.0,1.0,0.0,0.0,0,20,0
3615,0.6,0.3333333333333333,0.6666666666666666,0.5555555555555556,1.0,0.42857142857142855,9,21,9
3616,0.4,1.0,1.0,1.0,1.0,0.25,5,20,5
3617,0.0,1.0,1.0,1.0,0.0,0.0,0,17,0
3618,0.7058823529411764,-0.09090909090909091,0.45454545454545453,0.4166666666666667,1.0,0.5454545454545454,12,22,12
3619,0.3720930232558139,-0.07142857142857142,0.4642857142857143,0.5,1.0,0.22857142857142856,8,35,8
3620,0.5882352941176471,0.15555555555555556,0.5777777777777777,0.5,1.0,0.4166666666666667,10,24,10
3621,0.9411764705882353,0.2857142857142857,0.6428571428571428,0.5,1.0,0.8888888888888888,8,9,8
3622,0.0,1.0,1.0,1.0,0.0,0.0,0,17,0
3623,0.2222222222222222,1.0,1.0,1.0,0.125,1.0,8,1,1
3624,0.962962962962963,0.1794871794871795,0.5897435897435898,0.46153846153846156,1.0,0.9285714285714286,13,14,13
3625,0.0,1.0,1.0,1.0,0.0,0.0,0,12,0
3626,0.8148148148148148,0.6363636363636364,0.8181818181818181,0.7272727272727273,1.0,0.6875,11,16,11
3627,0.0,1.0,1.0,1.0,0.0,0.0,0,20,0
3628,0.0,1.0,1.0,1.0,0.0,0.0,0,19,0
3629,0.9600000000000001,0.24242424242424243,0.6212121212121212,0.5,0.9230769230769231,1.0,13,12,12
3630,0.7777777777777778,0.42857142857142855,0.7142857142857143,0.5714285714285714,1.0,0.6363636363636364,7,11,7
3631,0.7222222222222222,-0.41025641025641024,0.2948717948717949,0.3076923076923077,0.5652173913043478,1.0,23,13,13
3632,0.9333333333333333,0.7362637362637363,0.8681318681318682,0.7142857142857143,1.0,0.875,14,16,14
3633,0.5833333333333334,-0.3333333333333333,0.33333333333333337,0.42857142857142855,1.0,0.4117647058823529,7,17,7
3634,0.8275862068965517,-0.15151515151515152,0.42424242424242425,0.4166666666666667,1.0,0.7058823529411765,12,17,12
3635,0.7499999999999999,0.4444444444444444,0.7222222222222222,0.6666666666666666,1.0,0.6,9,15,9
3636,0.5185185185185185,-0.42857142857142855,0.2857142857142857,0.5714285714285714,1.0,0.35,7,20,7
3637,0.0,1.0,1.0,1.0,0.0,0.0,0,28,0
3638,0.6451612903225806,0.28888888888888886,0.6444444444444444,0.6,1.0,0.47619047619047616,10,21,10
3639,0.0,1.0,1.0,1.0,0.0,0.0,0,13,0
3640,0.6923076923076924,0.5,0.75,0.5555555555555556,1.0,0.5294117647058824,9,17,9
3641,0.7272727272727273,0.3333333333333333,0.6666666666666666,0.5833333333333334,1.0,0.5714285714285714,12,21,12
3642,0.4799999999999999,0.3333333333333333,0.6666666666666666,0.6666666666666666,1.0,0.3157894736842105,6,19,6
3643,0.52,0.3333333333333333,0.6666666666666666,0.5384615384615384,1.0,0.35135135135135137,13,37,13
3644,0.8421052631578948,0.31666666666666665,0.6583333333333333,0.5,0.7272727272727273,1.0,22,16,16
3645,0.72,0.4444444444444444,0.7222222222222222,0.4444444444444444,1.0,0.5625,9,16,9
3646,0.6428571428571429,0.6111111111111112,0.8055555555555556,0.5555555555555556,1.0,0.47368421052631576,9,19,9
3647,0.7499999999999999,0.0,0.5,0.5555555555555556,1.0,0.6,9,15,9
3648,0.0,1.0,1.0,1.0,0.0,0.0,0,19,0
3649,0.8,-0.21428571428571427,0.39285714285714285,0.375,1.0,0.6666666666666666,8,12,8
3650,0.7499999999999999,0.42424242424242425,0.7121212121212122,0.5,1.0,0.6,12,20,12
3651,0.0,1.0,1.0,1.0,0.0,0.0,0,18,0
3652,0.0,1.0,1.0,1.0,0.0,0.0,0,14,0
3653,0.5294117647058824,-0.16666666666666666,0.4166666666666667,0.4444444444444444,1.0,0.36,9,25,9
3654,0.0,1.0,1.0,1.0,0.0,0.0,0,25,0
3655,0.0,1.0,1.0,1.0,0.0,0.0,0,21,0
3656,0.0,1.0,1.0,1.0,0.0,0.0,0,10,0
3657,0.0,1.0,1.0,1.0,0.0,0.0,0,19,0
3658,1.0,0.36363636363636365,0.6818181818181819,0.5,1.0,1.0,12,12,12
3659,0.0,1.0,1.0,1.0,0.0,0.0,0,16,0
3660,0.0,1.0,1.0,1.0,0.0,0.0,0,20,0
3661,0.0,1.0,1.0,1.0,0.0,0.0,0,22,0
3662,0.0,1.0,1.0,1.0,0.0,0.0,0,23,0
3663,0.0,1.0,1.0,1.0,0.0,0.0,0,19,0
3664,0.0,1.0,1.0,1.0,0.0,0.0,0,16,0
3665,0.9565217391304348,-0.3090909090909091,0.34545454545454546,0.36363636363636365,1.0,0.9166666666666666,11,12,11
3666,0.0,1.0,1.0,1.0,0.0,0.0,0,21,0
3667,0.6666666666666666,-0.2,0.4,0.4,1.0,0.5,5,10,5
3668,0.6206896551724138,0.05555555555555555,0.5277777777777778,0.5555555555555556,1.0,0.45,9,20,9
3669,0.0,1.0,1.0,1.0,0.0,0.0,0,26,0
3670,0.0,1.0,1.0,1.0,0.0,0.0,0,16,0
3671,0.0,1.0,1.0,1.0,0.0,0.0,0,12,0
3672,0.6666666666666666,0.07142857142857142,0.5357142857142857,0.5,1.0,0.5,8,16,8
3673,0.6666666666666666,-0.047619047619047616,0.47619047619047616,0.5714285714285714,1.0,0.5,7,14,7
3674,0.5384615384615384,-0.23809523809523808,0.38095238095238093,0.42857142857142855,1.0,0.3684210526315789,7,19,7
3675,0.7647058823529412,-0.28205128205128205,0.358974358974359,0.3076923076923077,1.0,0.6190476190476191,13,21,13
3676,0.0,1.0,1.0,1.0,0.0,0.0,0,13,0
3677,0.7407407407407407,0.5111111111111111,0.7555555555555555,0.6,1.0,0.5882352941176471,10,17,10
3678,0.0,1.0,1.0,1.0,0.0,0.0,0,17,0
3679,0.0,1.0,1.0,1.0,0.0,0.0,0,17,0
3680,0.6060606060606061,-0.37777777777777777,0.3111111111111111,0.3,1.0,0.43478260869565216,10,23,10
3681,0.5714285714285715,0.42857142857142855,0.7142857142857143,0.5,1.0,0.4,8,20,8
3682,0.0,1.0,1.0,1.0,0.0,0.0,0,12,0
3683,0.4347826086956522,0.6,0.8,0.8,1.0,0.2777777777777778,5,18,5
3684,0.6,0.06666666666666667,0.5333333333333333,0.5,1.0,0.42857142857142855,6,14,6
3685,0.0,1.0,1.0,1.0,0.0,0.0,0,18,0
3686,0.0,1.0,1.0,1.0,0.0,0.0,0,18,0
3687,0.967741935483871,-0.009523809523809525,0.49523809523809526,0.4,0.9375,1.0,16,15,15
3688,0.888888888888889,0.35714285714285715,0.6785714285714286,0.75,1.0,0.8,8,10,8
3689,0.7586206896551725,0.2727272727272727,0.6363636363636364,0.5454545454545454,1.0,0.6111111111111112,11,18,11
3690,0.5517241379310345,0.07142857142857142,0.5357142857142857,0.625,1.0,0.38095238095238093,8,21,8
3691,0.6956521739130436,0.6428571428571429,0.8214285714285714,0.75,1.0,0.5333333333333333,8,15,8
3692,0.9,0.4444444444444444,0.7222222222222222,0.6666666666666666,1.0,0.8181818181818182,9,11,9
3693,0.0,1.0,1.0,1.0,0.0,0.0,0,18,0
3694,0.3636363636363636,1.0,1.0,1.0,1.0,0.2222222222222222,4,18,4
3695,0.0,1.0,1.0,1.0,0.0,0.0,0,18,0
3696,0.8750000000000001,0.03296703296703297,0.5164835164835165,0.42857142857142855,1.0,0.7777777777777778,14,18,14
3697,0.0,1.0,1.0,1.0,0.0,0.0,0,18,0
3698,0.0,1.0,1.0,1.0,0.0,0.0,0,10,0
3699,0.846153846153846,0.6,0.8,0.7272727272727273,1.0,0.7333333333333333,11,15,11
3700,0.7272727272727273,-0.5714285714285714,0.2142857142857143,0.375,1.0,0.5714285714285714,8,14,8
3701,0.7741935483870968,-0.030303030303030304,0.48484848484848486,0.5,1.0,0.631578947368421,12,19,12
3702,0.7000000000000001,-0.3333333333333333,0.33333333333333337,0.42857142857142855,1.0,0.5384615384615384,7,13,7
3703,0.0,1.0,1.0,1.0,0.0,0.0,0,14,0
3704,0.0,1.0,1.0,1.0,0.0,0.0,0,14,0
3705,0.782608695652174,0.2777777777777778,0.6388888888888888,0.5555555555555556,1.0,0.6428571428571429,9,14,9
3706,0.9166666666666666,0.45454545454545453,0.7272727272727273,0.6363636363636364,1.0,0.8461538461538461,11,13,11
3707,0.8666666666666666,0.10256410256410256,0.5512820512820513,0.38461538461538464,1.0,0.7647058823529411,13,17,13
3708,0.0,1.0,1.0,1.0,0.0,0.0,0,22,0
3709,0.5714285714285715,0.8571428571428571,0.9285714285714286,0.75,1.0,0.4,8,20,8
3710,0.0,1.0,1.0,1.0,0.0,0.0,0,16,0
3711,0.8571428571428571,0.36363636363636365,0.6818181818181819,0.5833333333333334,1.0,0.75,12,16,12
3712,0.7857142857142858,0.2,0.6,0.45454545454545453,1.0,0.6470588235294118,11,17,11
3713,0.0,1.0,1.0,1.0,0.0,0.0,0,17,0
3714,0.9803921568627451,0.43333333333333335,0.7166666666666667,0.44,0.9615384615384616,1.0,26,25,25
3715,0.962962962962963,0.4358974358974359,0.717948717948718,0.5384615384615384,1.0,0.9285714285714286,13,14,13
3716,0.7857142857142858,0.01818181818181818,0.509090909090909,0.36363636363636365,1.0,0.6470588235294118,11,17,11
3717,0.5806451612903226,0.3888888888888889,0.6944444444444444,0.4444444444444444,1.0,0.4090909090909091,9,22,9
3718,0.0,1.0,1.0,1.0,0.0,0.0,0,14,0
3719,0.6153846153846153,0.3333333333333333,0.6666666666666666,0.75,1.0,0.4444444444444444,4,9,4
3720,0.8275862068965517,0.24242424242424243,0.6212121212121212,0.4166666666666667,0.7058823529411765,1.0,17,12,12
3721,0.888888888888889,0.05,0.525,0.375,1.0,0.8,16,20,16
3722,0.8333333333333333,0.3333333333333333,0.6666666666666666,0.6,1.0,0.7142857142857143,10,14,10
3723,0.8750000000000001,0.38461538461538464,0.6923076923076923,0.5,1.0,0.7777777777777778,14,18,14
3724,0.896551724137931,0.02564102564102564,0.5128205128205128,0.38461538461538464,1.0,0.8125,13,16,13
3725,0.888888888888889,0.45454545454545453,0.7272727272727273,0.5833333333333334,1.0,0.8,12,15,12
3726,0.6086956521739131,0.047619047619047616,0.5238095238095238,0.42857142857142855,1.0,0.4375,7,16,7
3727,0.0,1.0,1.0,1.0,0.0,0.0,0,26,0
3728,0.6666666666666666,0.2,0.6,0.5,1.0,0.5,6,12,6
3729,0.0,1.0,1.0,1.0,0.0,0.0,0,15,0
3730,0.0,1.0,1.0,1.0,0.0,0.0,0,14,0
3731,0.9565217391304348,0.41818181818181815,0.7090909090909091,0.45454545454545453,1.0,0.9166666666666666,11,12,11
3732,0.0,1.0,1.0,1.0,0.0,0.0,0,17,0
3733,0.0,1.0,1.0,1.0,0.0,0.0,0,18,0
3734,0.47619047619047616,0.2,0.6,0.6,1.0,0.3125,5,16,5
3735,0.631578947368421,0.8666666666666667,0.9333333333333333,0.8333333333333334,1.0,0.46153846153846156,6,13,6
3736,0.0,1.0,1.0,1.0,0.0,0.0,0,14,0
3737,0.5925925925925926,-0.21428571428571427,0.39285714285714285,0.375,1.0,0.42105263157894735,8,19,8
3738,0.7692307692307693,0.24444444444444444,0.6222222222222222,0.5,1.0,0.625,10,16,10
3739,0.9032258064516129,0.34065934065934067,0.6703296703296704,0.5714285714285714,1.0,0.8235294117647058,14,17,14
3740,0.787878787878788,0.28205128205128205,0.641025641025641,0.46153846153846156,1.0,0.65,13,20,13
3741,0.8275862068965517,0.21212121212121213,0.6060606060606061,0.4166666666666667,0.7058823529411765,1.0,17,12,12
3742,0.7499999999999999,0.6060606060606061,0.803030303030303,0.75,1.0,0.6,12,20,12
3743,0.0,1.0,1.0,1.0,0.0,0.0,0,16,0
3744,0.5217391304347826,0.3333333333333333,0.6666666666666666,0.6666666666666666,1.0,0.35294117647058826,6,17,6
3745,0.9090909090909091,0.2,0.6,0.5333333333333333,1.0,0.8333333333333334,15,18,15
3746,0.4166666666666667,0.0,0.5,0.6,1.0,0.2631578947368421,5,19,5
3747,0.9285714285714286,0.3076923076923077,0.6538461538461539,0.46153846153846156,1.0,0.8666666666666667,13,15,13
3748,0.8275862068965517,-0.06060606060606061,0.4696969696969697,0.4166666666666667,1.0,0.7058823529411765,12,17,12
3749,0.7368421052631579,-0.23809523809523808,0.38095238095238093,0.42857142857142855,1.0,0.5833333333333334,7,12,7
3750,0.88,0.6,0.8,0.5454545454545454,0.7857142857142857,1.0,14,11,11
3751,0.45454545454545453,-0.2,0.4,0.6,1.0,0.29411764705882354,5,17,5
3752,0.0,1.0,1.0,1.0,0.0,0.0,0,14,0
3753,0.6086956521739131,-0.38461538461538464,0.3076923076923077,0.2857142857142857,0.4375,1.0,32,14,14
3754,0.8181818181818181,0.1111111111111111,0.5555555555555556,0.4444444444444444,1.0,0.6923076923076923,9,13,9
3755,0.7857142857142858,0.2727272727272727,0.6363636363636364,0.45454545454545453,1.0,0.6470588235294118,11,17,11
3756,0.9375,0.3142857142857143,0.6571428571428571,0.4666666666666667,0.8823529411764706,1.0,17,15,15
3757,0.6399999999999999,0.5,0.75,0.625,1.0,0.47058823529411764,8,17,8
3758,0.5,0.0,0.5,0.75,1.0,0.3333333333333333,4,12,4
3759,0.8823529411764706,-0.009523809523809525,0.49523809523809526,0.4,0.7894736842105263,1.0,19,15,15
3760,0.0,1.0,1.0,1.0,0.0,0.0,0,17,0
3761,0.5185185185185185,0.7142857142857143,0.8571428571428572,0.7142857142857143,1.0,0.35,7,20,7
3762,0.5833333333333334,0.23809523809523808,0.6190476190476191,0.5714285714285714,1.0,0.4117647058823529,7,17,7
3763,0.0,1.0,1.0,1.0,0.0,0.0,0,17,0
3764,0.72,0.4444444444444444,0.7222222222222222,0.6666666666666666,1.0,0.5625,9,16,9
3765,0.0,1.0,1.0,1.0,0.0,0.0,0,18,0
3766,0.5714285714285715,0.42857142857142855,0.7142857142857143,0.625,1.0,0.4,8,20,8
3767,0.0,1.0,1.0,1.0,0.0,0.0,0,20,0
3768,0.0,1.0,1.0,1.0,0.0,0.0,0,17,0
3769,0.72,0.16666666666666666,0.5833333333333334,0.6666666666666666,1.0,0.5625,9,16,9
3770,0.6666666666666666,0.047619047619047616,0.5238095238095238,0.42857142857142855,1.0,0.5,7,14,7
3771,0.88,-0.3090909090909091,0.34545454545454546,0.45454545454545453,1.0,0.7857142857142857,11,14,11
3772,0.0,1.0,1.0,1.0,0.0,0.0,0,18,0
3773,0.0,1.0,1.0,1.0,0.0,0.0,0,18,0
3774,0.0,1.0,1.0,1.0,0.0,0.0,0,19,0
3775,0.7804878048780487,0.4,0.7,0.5625,1.0,0.64,16,25,16
3776,0.0,1.0,1.0,1.0,0.0,0.0,0,20,0
3777,0.8181818181818181,0.2222222222222222,0.6111111111111112,0.4444444444444444,1.0,0.6923076923076923,9,13,9
3778,0.7407407407407407,0.22105263157894736,0.6105263157894737,0.35,1.0,0.5882352941176471,20,34,20
3779,0.7741935483870968,0.06060606060606061,0.5303030303030303,0.3333333333333333,1.0,0.631578947368421,12,19,12
3780,0.6666666666666666,0.2222222222222222,0.6111111111111112,0.5555555555555556,1.0,0.5,9,18,9
3781,0.0,1.0,1.0,1.0,0.0,0.0,0,35,0
3782,0.0,1.0,1.0,1.0,0.0,0.0,0,18,0
3783,0.0,1.0,1.0,1.0,0.0,0.0,0,25,0
3784,0.631578947368421,0.2,0.6,0.6666666666666666,1.0,0.46153846153846156,6,13,6
3785,0.972972972972973,0.29411764705882354,0.6470588235294118,0.3888888888888889,0.9473684210526315,1.0,19,18,18
3786,0.0,1.0,1.0,1.0,0.0,0.0,0,20,0
3787,0.6666666666666666,0.21428571428571427,0.6071428571428571,0.5,1.0,0.5,8,16,8
3788,0.8,0.3626373626373626,0.6813186813186813,0.5,1.0,0.6666666666666666,14,21,14
3789,0.4444444444444445,0.7333333333333333,0.8666666666666667,0.8333333333333334,1.0,0.2857142857142857,6,21,6
3790,0.782608695652174,0.7222222222222222,0.8611111111111112,0.7777777777777778,1.0,0.6428571428571429,9,14,9
3791,0.846153846153846,-0.09090909090909091,0.45454545454545453,0.36363636363636365,1.0,0.7333333333333333,11,15,11
3792,0.0,1.0,1.0,1.0,0.0,0.0,0,16,0
3793,0.7692307692307693,0.2,0.6,0.6,1.0,0.625,10,16,10
3794,0.0,1.0,1.0,1.0,0.0,0.0,0,19,0
3795,0.6666666666666666,0.6111111111111112,0.8055555555555556,0.5555555555555556,1.0,0.5,9,18,9
3796,0.923076923076923,0.030303030303030304,0.5151515151515151,0.4166666666666667,0.8571428571428571,1.0,14,12,12
3797,0.0,1.0,1.0,1.0,0.0,0.0,0,13,0
3798,0.8181818181818181,0.3888888888888889,0.6944444444444444,0.5555555555555556,1.0,0.6923076923076923,9,13,9
3799,0.8666666666666666,0.10256410256410256,0.5512820512820513,0.38461538461538464,1.0,0.7647058823529411,13,17,13
3800,0.0,1.0,1.0,1.0,0.0,0.0,0,17,0
3801,0.0,1.0,1.0,1.0,0.0,0.0,0,16,0
3802,0.0,1.0,1.0,1.0,0.0,0.0,0,20,0
3803,0.0,1.0,1.0,1.0,0.0,0.0,0,13,0
3804,0.5714285714285715,0.6,0.8,0.7,1.0,0.4,10,25,10
3805,0.7058823529411764,0.06666666666666667,0.5333333333333333,0.5,1.0,0.5454545454545454,6,11,6
3806,0.5,-0.6666666666666666,0.16666666666666669,0.5,1.0,0.3333333333333333,4,12,4
3807,0.5714285714285715,-0.2,0.4,0.5,1.0,0.4,6,15,6
3808,0.7777777777777778,0.047619047619047616,0.5238095238095238,0.5714285714285714,1.0,0.6363636363636364,7,11,7
3809,0.5882352941176471,0.4,0.7,0.6,1.0,0.4166666666666667,5,12,5
3810,0.923076923076923,0.2,0.6,0.5,0.8571428571428571,1.0,7,6,6
3811,0.7692307692307693,0.8,0.9,0.8,1.0,0.625,5,8,5
3812,0.5333333333333333,0.6666666666666666,0.8333333333333333,0.75,1.0,0.36363636363636365,4,11,4
3813,0.7142857142857143,0.0,0.5,0.6,1.0,0.5555555555555556,5,9,5
3814,0.9090909090909091,-0.6,0.2,0.4,1.0,0.8333333333333334,5,6,5
3815,0.8750000000000001,0.5238095238095238,0.7619047619047619,0.5714285714285714,1.0,0.7777777777777778,7,9,7
3816,0.7692307692307693,1.0,1.0,1.0,1.0,0.625,5,8,5
3817,0.7142857142857143,0.0,0.5,0.6,1.0,0.5555555555555556,5,9,5
3818,1.0,-0.23809523809523808,0.38095238095238093,0.42857142857142855,1.0,1.0,7,7,7
3819,0.8,0.6666666666666666,0.8333333333333333,0.75,1.0,0.6666666666666666,4,6,4
3820,0.6153846153846153,0.3333333333333333,0.6666666666666666,0.75,1.0,0.4444444444444444,4,9,4
3821,0.6956521739130436,0.21428571428571427,0.6071428571428571,0.625,1.0,0.5333333333333333,8,15,8
3822,0.4,1.0,1.0,1.0,1.0,0.25,3,12,3
3823,0.6153846153846153,1.0,1.0,1.0,1.0,0.4444444444444444,4,9,4
3824,0.5882352941176471,0.6,0.8,0.8,1.0,0.4166666666666667,5,12,5
3825,0.9090909090909091,0.6,0.8,0.8,1.0,0.8333333333333334,5,6,5
3826,0.5714285714285715,-0.3333333333333333,0.33333333333333337,0.5,1.0,0.4,4,10,4
3827,0.4,1.0,1.0,1.0,1.0,0.25,3,12,3
3828,0.5555555555555556,0.4,0.7,0.6,1.0,0.38461538461538464,5,13,5
3829,0.7058823529411764,0.2,0.6,0.5,1.0,0.5454545454545454,6,11,6
3830,1.0,0.35714285714285715,0.6785714285714286,0.75,1.0,1.0,8,8,8
3831,0.7272727272727273,0.3333333333333333,0.6666666666666666,0.75,1.0,0.5714285714285714,4,7,4
3832,0.8571428571428571,-0.3333333333333333,0.33333333333333337,0.5,1.0,0.75,6,8,6
3833,0.375,0.3333333333333333,0.6666666666666666,0.6666666666666666,1.0,0.23076923076923078,3,13,3
3834,0.7142857142857143,0.4,0.7,0.6,1.0,0.5555555555555556,5,9,5
3835,0.6,-0.2,0.4,0.5,1.0,0.42857142857142855,6,14,6
3836,0.6666666666666666,-0.6,0.2,0.4,1.0,0.5,5,10,5
3837,0.923076923076923,0.3333333333333333,0.6666666666666666,0.8333333333333334,1.0,0.8571428571428571,6,7,6
3838,0.6153846153846153,0.6666666666666666,0.8333333333333333,0.75,1.0,0.4444444444444444,4,9,4
3839,0.9411764705882353,0.6428571428571429,0.8214285714285714,0.75,1.0,0.8888888888888888,8,9,8
3840,0.7058823529411764,0.4666666666666667,0.7333333333333334,0.6666666666666666,1.0,0.5454545454545454,6,11,6
3841,0.7499999999999999,0.6,0.8,0.6666666666666666,1.0,0.6,6,10,6
3842,0.8571428571428571,0.6,0.8,0.6666666666666666,1.0,0.75,6,8,6
3843,0.6,0.6,0.8,0.6666666666666666,1.0,0.42857142857142855,6,14,6
3844,0.6153846153846153,0.3333333333333333,0.6666666666666666,0.75,1.0,0.4444444444444444,4,9,4
3845,0.7272727272727273,-0.6666666666666666,0.16666666666666669,0.5,0.5714285714285714,1.0,7,4,4
3846,0.923076923076923,0.7333333333333333,0.8666666666666667,0.8333333333333334,1.0,0.8571428571428571,6,7,6
3847,0.5714285714285715,1.0,1.0,1.0,1.0,0.4,4,10,4
3848,1.0,-0.06666666666666667,0.4666666666666667,0.5,1.0,1.0,6,6,6
3849,0.8333333333333333,0.0,0.5,0.4,1.0,0.7142857142857143,5,7,5
3850,0.5882352941176471,0.8,0.9,0.8,1.0,0.4166666666666667,5,12,5
3851,0.631578947368421,0.7333333333333333,0.8666666666666667,0.8333333333333334,1.0,0.46153846153846156,6,13,6
3852,0.6666666666666666,0.6666666666666666,0.8333333333333333,0.75,1.0,0.5,4,8,4
3853,0.888888888888889,0.6666666666666666,0.8333333333333333,0.75,1.0,0.8,4,5,4
3854,0.6666666666666666,0.2,0.6,0.6,1.0,0.5,5,10,5
3855,0.7058823529411764,0.4666666666666667,0.7333333333333334,0.6666666666666666,1.0,0.5454545454545454,6,11,6
3856,0.5555555555555556,0.2,0.6,0.6,1.0,0.38461538461538464,5,13,5
3857,0.47619047619047616,0.2,0.6,0.6,1.0,0.3125,5,16,5
3858,0.7499999999999999,0.2,0.6,0.6666666666666666,1.0,0.6,6,10,6
3859,0.6666666666666666,-0.2,0.4,0.4,1.0,0.5,5,10,5
3860,0.7692307692307693,0.8,0.9,0.8,1.0,0.625,5,8,5
3861,0.6666666666666666,-0.4,0.3,0.4,1.0,0.5,5,10,5
3862,0.7272727272727273,0.6666666666666666,0.8333333333333333,0.75,1.0,0.5714285714285714,4,7,4
3863,0.6153846153846153,0.0,0.5,0.75,1.0,0.4444444444444444,4,9,4
3864,0.6666666666666666,0.4,0.7,0.6,1.0,0.5,5,10,5
3865,0.5333333333333333,0.6666666666666666,0.8333333333333333,0.75,1.0,0.36363636363636365,4,11,4
3866,0.8,0.14285714285714285,0.5714285714285714,0.5,1.0,0.6666666666666666,8,12,8
3867,0.47058823529411764,-0.3333333333333333,0.33333333333333337,0.5,1.0,0.3076923076923077,4,13,4
3868,0.6666666666666666,0.0,0.5,0.75,1.0,0.5,4,8,4
3869,0.7272727272727273,-0.3333333333333333,0.33333333333333337,0.5,1.0,0.5714285714285714,4,7,4
3870,0.5714285714285715,0.0,0.5,0.5,1.0,0.4,4,10,4
3871,0.6666666666666666,0.14285714285714285,0.5714285714285714,0.5,1.0,0.5,8,16,8
3872,0.6666666666666666,0.3333333333333333,0.6666666666666666,0.5,1.0,0.5,4,8,4
3873,0.5333333333333333,0.3333333333333333,0.6666666666666666,0.5,1.0,0.36363636363636365,4,11,4
3874,0.7692307692307693,0.0,0.5,0.6,1.0,0.625,5,8,5
3875,0.33333333333333337,1.0,1.0,1.0,1.0,0.2,3,15,3
3876,0.8,0.3333333333333333,0.6666666666666666,0.75,1.0,0.6666666666666666,4,6,4
3877,0.7692307692307693,0.4,0.7,0.6,1.0,0.625,5,8,5
3878,0.47058823529411764,0.0,0.5,0.75,1.0,0.3076923076923077,4,13,4
3879,1.0,-0.6666666666666666,0.16666666666666669,0.5,1.0,1.0,4,4,4
3880,0.625,0.6,0.8,0.6,1.0,0.45454545454545453,5,11,5
3881,0.8695652173913044,0.5555555555555556,0.7777777777777778,0.7,1.0,0.7692307692307693,10,13,10
3882,0.47619047619047616,0.4,0.7,0.6,1.0,0.3125,5,16,5
3883,0.47058823529411764,0.3333333333333333,0.6666666666666666,0.75,1.0,0.3076923076923077,4,13,4
3884,0.7692307692307693,0.6,0.8,0.8,1.0,0.625,5,8,5
3885,0.5555555555555556,-0.4,0.3,0.4,1.0,0.38461538461538464,5,13,5
3886,0.7142857142857143,0.0,0.5,0.6,1.0,0.5555555555555556,5,9,5
3887,0.4444444444444445,-0.3333333333333333,0.33333333333333337,0.5,1.0,0.2857142857142857,4,14,4
3888,0.5714285714285715,-0.6666666666666666,0.16666666666666669,0.5,1.0,0.4,4,10,4
3889,0.625,-0.4,0.3,0.4,1.0,0.45454545454545453,5,11,5
3890,0.6666666666666666,0.0,0.5,0.75,1.0,0.5,4,8,4
3891,0.5333333333333333,0.6666666666666666,0.8333333333333333,0.75,1.0,0.36363636363636365,4,11,4
3892,0.625,0.6,0.8,0.8,1.0,0.45454545454545453,5,11,5
3893,0.7272727272727273,0.07142857142857142,0.5357142857142857,0.375,1.0,0.5714285714285714,8,14,8
3894,0.6153846153846153,0.6666666666666666,0.8333333333333333,0.75,1.0,0.4444444444444444,4,9,4
3895,0.7000000000000001,0.14285714285714285,0.5714285714285714,0.5714285714285714,1.0,0.5384615384615384,7,13,7
3896,0.5882352941176471,0.4,0.7,0.6,1.0,0.4166666666666667,5,12,5
3897,0.5333333333333333,1.0,1.0,1.0,1.0,0.36363636363636365,4,11,4
3898,0.7058823529411764,0.2,0.6,0.6666666666666666,1.0,0.5454545454545454,6,11,6
3899,0.8,-0.6666666666666666,0.16666666666666669,0.5,1.0,0.6666666666666666,4,6,4
3900,0.8333333333333333,-0.2,0.4,0.6,1.0,0.7142857142857143,5,7,5
3901,0.33333333333333337,1.0,1.0,1.0,1.0,0.2,3,15,3
3902,0.5714285714285715,0.8666666666666667,0.9333333333333333,0.8333333333333334,1.0,0.4,6,15,6
3903,0.5882352941176471,0.0,0.5,0.6,1.0,0.4166666666666667,5,12,5
3904,0.8,-0.2,0.4,0.5,1.0,0.6666666666666666,6,9,6
3905,0.888888888888889,0.35714285714285715,0.6785714285714286,0.5,1.0,0.8,8,10,8
3906,0.6153846153846153,-0.3333333333333333,0.33333333333333337,0.5,1.0,0.4444444444444444,4,9,4
3907,0.5333333333333333,0.3333333333333333,0.6666666666666666,0.75,1.0,0.36363636363636365,4,11,4
3908,0.8,0.0,0.5,0.5,1.0,0.6666666666666666,4,6,4
3909,0.5,0.3333333333333333,0.6666666666666666,0.75,1.0,0.3333333333333333,4,12,4
3910,0.7692307692307693,0.0,0.5,0.6,1.0,0.625,5,8,5
3911,0.9090909090909091,0.8,0.9,0.8,0.8333333333333334,1.0,6,5,5
3912,0.625,-0.2,0.4,0.6,1.0,0.45454545454545453,5,11,5
3913,0.5555555555555556,0.2,0.6,0.6,1.0,0.38461538461538464,5,13,5
3914,0.6666666666666666,0.0,0.5,0.6,1.0,0.5,5,10,5
3915,0.5882352941176471,-0.6,0.2,0.4,1.0,0.4166666666666667,5,12,5
3916,0.7692307692307693,0.4,0.7,0.6,1.0,0.625,5,8,5
3917,0.8571428571428571,-0.06666666666666667,0.4666666666666667,0.6666666666666666,1.0,0.75,6,8,6
3918,0.625,0.4,0.7,0.8,1.0,0.45454545454545453,5,11,5
3919,0.42857142857142855,-0.3333333333333333,0.33333333333333337,0.6666666666666666,1.0,0.2727272727272727,3,11,3
3920,0.6666666666666666,0.6,0.8,0.8333333333333334,1.0,0.5,6,12,6
3921,0.47619047619047616,0.0,0.5,0.6,1.0,0.3125,5,16,5
3922,0.6666666666666666,-0.4666666666666667,0.26666666666666666,0.3333333333333333,1.0,0.5,6,12,6
3923,0.5555555555555556,0.4,0.7,0.6,1.0,0.38461538461538464,5,13,5
3924,0.5,1.0,1.0,1.0,1.0,0.3333333333333333,4,12,4
3925,0.888888888888889,0.5,0.75,0.625,1.0,0.8,8,10,8
3926,0.5263157894736842,0.2,0.6,0.8,1.0,0.35714285714285715,5,14,5
3927,0.5714285714285715,1.0,1.0,1.0,1.0,0.4,4,10,4
3928,0.5333333333333333,0.3333333333333333,0.6666666666666666,0.75,1.0,0.36363636363636365,4,11,4
3929,0.7777777777777778,0.047619047619047616,0.5238095238095238,0.5714285714285714,1.0,0.6363636363636364,7,11,7
3930,0.6666666666666666,0.8,0.9,0.8,1.0,0.5,5,10,5
3931,0.5555555555555556,0.4,0.7,0.6,1.0,0.38461538461538464,5,13,5
3932,0.7272727272727273,0.6666666666666666,0.8333333333333333,0.75,1.0,0.5714285714285714,4,7,4
3933,0.5882352941176471,-0.2,0.4,0.6,1.0,0.4166666666666667,5,12,5
3934,0.7142857142857143,0.0,0.5,0.6,1.0,0.5555555555555556,5,9,5
3935,0.7058823529411764,-0.3333333333333333,0.33333333333333337,0.5,1.0,0.5454545454545454,6,11,6
3936,0.47058823529411764,0.3333333333333333,0.6666666666666666,0.5,1.0,0.3076923076923077,4,13,4
3937,0.5555555555555556,0.0,0.5,0.6,1.0,0.38461538461538464,5,13,5
3938,0.5333333333333333,-0.3333333333333333,0.33333333333333337,0.5,1.0,0.36363636363636365,4,11,4
3939,0.7692307692307693,0.0,0.5,0.6,1.0,0.625,5,8,5
3940,0.6153846153846153,0.0,0.5,0.5,1.0,0.4444444444444444,4,9,4
3941,0.9090909090909091,0.8,0.9,0.8,1.0,0.8333333333333334,5,6,5
3942,1.0,-0.6666666666666666,0.16666666666666669,0.5,1.0,1.0,4,4,4
3943,0.6666666666666666,-0.2,0.4,0.4,1.0,0.5,5,10,5
3944,0.47058823529411764,0.3333333333333333,0.6666666666666666,0.75,1.0,0.3076923076923077,4,13,4
3945,0.8,0.3333333333333333,0.6666666666666666,0.6666666666666666,1.0,0.6666666666666666,6,9,6
3946,0.4444444444444445,1.0,1.0,1.0,1.0,0.2857142857142857,4,14,4
3947,0.5714285714285715,1.0,1.0,1.0,1.0,0.4,4,10,4
3948,1.0,0.6666666666666666,0.8333333333333333,0.75,1.0,1.0,4,4,4
3949,0.8333333333333333,0.2,0.6,0.8,1.0,0.7142857142857143,5,7,5
3950,0.5882352941176471,0.4,0.7,0.6,1.0,0.4166666666666667,5,12,5
3951,0.8235294117647058,-0.047619047619047616,0.47619047619047616,0.5714285714285714,1.0,0.7,7,10,7
3952,0.9090909090909091,0.8,0.9,0.8,1.0,0.8333333333333334,5,6,5
3953,0.5333333333333333,0.6666666666666666,0.8333333333333333,0.75,1.0,0.36363636363636365,4,11,4
3954,0.8571428571428571,0.3333333333333333,0.6666666666666666,0.8333333333333334,1.0,0.75,6,8,6
3955,0.9090909090909091,0.6,0.8,0.8,0.8333333333333334,1.0,6,5,5
3956,0.8333333333333333,1.0,1.0,1.0,1.0,0.7142857142857143,5,7,5
3957,0.5,0.6666666666666666,0.8333333333333333,0.75,1.0,0.3333333333333333,4,12,4
3958,0.5882352941176471,-0.2,0.4,0.4,1.0,0.4166666666666667,5,12,5
3959,0.6956521739130436,0.2857142857142857,0.6428571428571428,0.625,1.0,0.5333333333333333,8,15,8
3960,0.42857142857142855,1.0,1.0,1.0,1.0,0.2727272727272727,3,11,3
3961,0.5454545454545454,1.0,1.0,1.0,1.0,0.375,3,8,3
3962,0.7058823529411764,-0.06666666666666667,0.4666666666666667,0.5,1.0,0.5454545454545454,6,11,6
3963,0.625,0.6,0.8,0.8,1.0,0.45454545454545453,5,11,5
3964,0.8,-0.6666666666666666,0.16666666666666669,0.5,1.0,0.6666666666666666,4,6,4
3965,0.8333333333333333,0.6,0.8,0.6,1.0,0.7142857142857143,5,7,5
3966,0.7499999999999999,0.2,0.6,0.6666666666666666,1.0,0.6,6,10,6
3967,0.5555555555555556,-0.2,0.4,0.6,1.0,0.38461538461538464,5,13,5
3968,0.8,0.4666666666666667,0.7333333333333334,0.8333333333333334,1.0,0.6666666666666666,6,9,6
3969,0.8750000000000001,0.23809523809523808,0.6190476190476191,0.5714285714285714,1.0,0.7777777777777778,7,9,7
3970,0.5333333333333333,0.6666666666666666,0.8333333333333333,0.75,1.0,0.36363636363636365,4,11,4
3971,0.6153846153846153,0.3333333333333333,0.6666666666666666,0.75,1.0,0.4444444444444444,4,9,4
3972,0.5714285714285715,0.7333333333333333,0.8666666666666667,0.8333333333333334,1.0,0.4,6,15,6
3973,0.5555555555555556,0.8,0.9,0.8,1.0,0.38461538461538464,5,13,5
3974,0.7058823529411764,0.2,0.6,0.5,1.0,0.5454545454545454,6,11,6
3975,0.9333333333333333,0.3333333333333333,0.6666666666666666,0.5714285714285714,0.875,1.0,8,7,7
3976,0.5555555555555556,-0.4,0.3,0.4,1.0,0.38461538461538464,5,13,5
3977,0.6666666666666666,0.4666666666666667,0.7333333333333334,0.6666666666666666,1.0,0.5,6,12,6
3978,0.9090909090909091,0.2,0.6,0.6,1.0,0.8333333333333334,5,6,5
3979,0.888888888888889,0.0,0.5,0.75,1.0,0.8,4,5,4
3980,0.6363636363636364,-0.047619047619047616,0.47619047619047616,0.42857142857142855,1.0,0.4666666666666667,7,15,7
3981,0.8333333333333333,0.4,0.7,0.6,0.7142857142857143,1.0,7,5,5
3982,0.7058823529411764,0.3333333333333333,0.6666666666666666,0.6666666666666666,1.0,0.5454545454545454,6,11,6
3983,0.6666666666666666,0.6666666666666666,0.8333333333333333,0.75,1.0,0.5,4,8,4
3984,0.888888888888889,0.3333333333333333,0.6666666666666666,0.75,1.0,0.8,4,5,4
3985,0.5714285714285715,1.0,1.0,1.0,1.0,0.4,4,10,4
3986,0.5454545454545454,1.0,1.0,1.0,1.0,0.375,3,8,3
3987,0.7142857142857143,0.4,0.7,0.8,1.0,0.5555555555555556,5,9,5
3988,0.5,-0.3333333333333333,0.33333333333333337,0.5,1.0,0.3333333333333333,4,12,4
3989,0.5714285714285715,0.6666666666666666,0.8333333333333333,0.75,1.0,0.4,4,10,4
3990,0.6666666666666666,0.3333333333333333,0.6666666666666666,0.75,1.0,0.5,4,8,4
3991,0.8235294117647058,0.23809523809523808,0.6190476190476191,0.5714285714285714,1.0,0.7,7,10,7
3992,0.5333333333333333,-0.3333333333333333,0.33333333333333337,0.5,1.0,0.36363636363636365,4,11,4
3993,0.6666666666666666,0.4,0.7,0.8,1.0,0.5,5,10,5
3994,0.38095238095238093,1.0,1.0,1.0,1.0,0.23529411764705882,4,17,4
3995,0.8235294117647058,-0.14285714285714285,0.4285714285714286,0.42857142857142855,1.0,0.7,7,10,7
3996,0.4210526315789474,1.0,1.0,1.0,1.0,0.26666666666666666,4,15,4
3997,0.8571428571428571,0.8666666666666667,0.9333333333333333,0.8333333333333334,1.0,0.75,6,8,6
3998,0.5,1.0,1.0,1.0,1.0,0.3333333333333333,4,12,4
3999,0.9090909090909091,-0.4,0.3,0.4,1.0,0.8333333333333334,5,6,5
4000,0.5,0.0,0.5,0.5,1.0,0.3333333333333333,4,12,4
4001,0.5,0.4,0.7,0.6,1.0,0.3333333333333333,5,15,5
4002,0.5714285714285715,1.0,1.0,1.0,1.0,0.4,4,10,4
4003,0.7058823529411764,-0.06666666666666667,0.4666666666666667,0.5,1.0,0.5454545454545454,6,11,6
4004,0.8,-0.07142857142857142,0.4642857142857143,0.375,1.0,0.6666666666666666,8,12,8
4005,0.6153846153846153,0.0,0.5,0.75,1.0,0.4444444444444444,4,9,4
4006,0.5454545454545454,-0.06666666666666667,0.4666666666666667,0.3333333333333333,1.0,0.375,6,16,6
4007,0.5263157894736842,1.0,1.0,1.0,1.0,0.35714285714285715,5,14,5
4008,0.8421052631578948,0.5,0.75,0.625,1.0,0.7272727272727273,8,11,8
4009,0.7692307692307693,-0.4,0.3,0.6,1.0,0.625,5,8,5
4010,0.5555555555555556,-0.2,0.4,0.4,1.0,0.38461538461538464,5,13,5
4011,0.2857142857142857,1.0,1.0,1.0,0.16666666666666666,1.0,6,1,1
4012,0.5714285714285715,0.0,0.5,0.75,1.0,0.4,4,10,4
4013,0.5,0.6666666666666666,0.8333333333333333,0.75,1.0,0.3333333333333333,4,12,4
4014,0.5,-0.2,0.4,0.6,1.0,0.3333333333333333,5,15,5
4015,0.7272727272727273,0.6666666666666666,0.8333333333333333,0.75,1.0,0.5714285714285714,4,7,4
4016,0.6666666666666666,0.3333333333333333,0.6666666666666666,0.75,1.0,0.5,4,8,4
4017,0.625,0.4,0.7,0.8,1.0,0.45454545454545453,5,11,5
4018,0.7692307692307693,0.0,0.5,0.6,1.0,0.625,5,8,5
4019,0.7142857142857143,0.0,0.5,0.6,1.0,0.5555555555555556,5,9,5
4020,0.6666666666666666,0.0,0.5,0.5,1.0,0.5,4,8,4
4021,0.9166666666666666,0.5272727272727272,0.7636363636363637,0.6363636363636364,0.8461538461538461,1.0,13,11,11
4022,0.923076923076923,-0.06666666666666667,0.4666666666666667,0.5,1.0,0.8571428571428571,6,7,6
4023,0.5263157894736842,0.4,0.7,0.8,1.0,0.35714285714285715,5,14,5
4024,0.5882352941176471,0.2,0.6,0.6,1.0,0.4166666666666667,5,12,5
4025,0.7272727272727273,0.6666666666666666,0.8333333333333333,0.75,1.0,0.5714285714285714,4,7,4
4026,0.9090909090909091,0.6,0.8,0.8,1.0,0.8333333333333334,5,6,5
4027,0.6666666666666666,0.3333333333333333,0.6666666666666666,0.6666666666666666,1.0,0.5,6,12,6
4028,0.6666666666666666,0.4,0.7,0.6,1.0,0.5,5,10,5
4029,0.8,-0.3333333333333333,0.33333333333333337,0.5,1.0,0.6666666666666666,4,6,4
4030,0.5333333333333333,0.6666666666666666,0.8333333333333333,0.75,1.0,0.36363636363636365,4,11,4
4031,0.761904761904762,0.0,0.5,0.5,1.0,0.6153846153846154,8,13,8
4032,0.5,0.6666666666666666,0.8333333333333333,0.75,1.0,0.3333333333333333,4,12,4
4033,0.8333333333333333,0.0,0.5,0.6,1.0,0.7142857142857143,5,7,5
4034,0.9090909090909091,0.4,0.7,0.6,1.0,0.8333333333333334,5,6,5
4035,0.5333333333333333,-0.6666666666666666,0.16666666666666669,0.5,1.0,0.36363636363636365,4,11,4
4036,0.8,-0.3333333333333333,0.33333333333333337,0.5,1.0,0.6666666666666666,4,6,4
4037,1.0,0.6666666666666666,0.8333333333333333,0.75,1.0,1.0,4,4,4
4038,0.8,0.35714285714285715,0.6785714285714286,0.75,1.0,0.6666666666666666,8,12,8
4039,0.6666666666666666,0.0,0.5,0.75,1.0,0.5,4,8,4
4040,0.7272727272727273,0.6666666666666666,0.8333333333333333,0.75,1.0,0.5714285714285714,4,7,4
4041,0.888888888888889,0.0,0.5,0.5,1.0,0.8,4,5,4
4042,0.5333333333333333,0.3333333333333333,0.6666666666666666,0.75,1.0,0.36363636363636365,4,11,4
4043,0.8333333333333333,-0.2,0.4,0.4,1.0,0.7142857142857143,5,7,5
4044,0.888888888888889,0.5,0.75,0.5,1.0,0.8,8,10,8
4045,0.6,0.06666666666666667,0.5333333333333333,0.5,1.0,0.42857142857142855,6,14,6
4046,0.8,-0.6666666666666666,0.16666666666666669,0.5,1.0,0.6666666666666666,4,6,4
4047,0.5882352941176471,0.0,0.5,0.6,1.0,0.4166666666666667,5,12,5
4048,0.888888888888889,0.3333333333333333,0.6666666666666666,0.75,1.0,0.8,4,5,4
4049,0.6666666666666666,1.0,1.0,1.0,1.0,0.5,4,8,4
4050,0.7272727272727273,0.3333333333333333,0.6666666666666666,0.75,1.0,0.5714285714285714,4,7,4
4051,0.7692307692307693,0.2,0.6,0.8,1.0,0.625,5,8,5
4052,0.375,0.3333333333333333,0.6666666666666666,0.6666666666666666,1.0,0.23076923076923078,3,13,3
4053,0.33333333333333337,1.0,1.0,1.0,0.2,1.0,5,1,1
4054,0.6666666666666666,0.4,0.7,0.6,1.0,0.5,5,10,5
4055,0.5333333333333333,0.0,0.5,0.5,1.0,0.36363636363636365,4,11,4
4056,0.7272727272727273,-0.2857142857142857,0.35714285714285715,0.375,1.0,0.5714285714285714,8,14,8
4057,1.0,0.6428571428571429,0.8214285714285714,0.875,1.0,1.0,8,8,8
4058,0.7692307692307693,0.0,0.5,0.6,1.0,0.625,5,8,5
4059,0.6666666666666666,0.3333333333333333,0.6666666666666666,0.75,1.0,0.5,4,8,4
4060,0.7499999999999999,0.3333333333333333,0.6666666666666666,0.6666666666666666,1.0,0.6,3,5,3
4061,0.8235294117647058,0.23809523809523808,0.6190476190476191,0.5714285714285714,1.0,0.7,7,10,7
4062,0.8235294117647058,0.6190476190476191,0.8095238095238095,0.7142857142857143,1.0,0.7,7,10,7
4063,0.9411764705882353,0.5714285714285714,0.7857142857142857,0.75,1.0,0.8888888888888888,8,9,8
4064,0.9333333333333333,0.14285714285714285,0.5714285714285714,0.42857142857142855,1.0,0.875,7,8,7
4065,0.5882352941176471,-0.2,0.4,0.6,1.0,0.4166666666666667,5,12,5
4066,0.47058823529411764,0.3333333333333333,0.6666666666666666,0.75,1.0,0.3076923076923077,4,13,4
4067,0.4210526315789474,-0.3333333333333333,0.33333333333333337,0.5,1.0,0.26666666666666666,4,15,4
4068,0.7692307692307693,-1.0,0.0,0.2,1.0,0.625,5,8,5
4069,1.0,0.0,0.5,0.75,1.0,1.0,4,4,4
4070,0.47058823529411764,1.0,1.0,1.0,1.0,0.3076923076923077,4,13,4
4071,0.5714285714285715,0.3333333333333333,0.6666666666666666,0.75,1.0,0.4,4,10,4
4072,0.47058823529411764,1.0,1.0,1.0,1.0,0.3076923076923077,4,13,4
4073,0.7000000000000001,0.42857142857142855,0.7142857142857143,0.7142857142857143,1.0,0.5384615384615384,7,13,7
4074,0.5,0.6,0.8,0.8,1.0,0.3333333333333333,5,15,5
4075,0.9090909090909091,-0.4,0.3,0.6,0.8333333333333334,1.0,6,5,5
4076,0.5714285714285715,0.4666666666666667,0.7333333333333334,0.6666666666666666,1.0,0.4,6,15,6
4077,0.5263157894736842,-0.2,0.4,0.4,1.0,0.35714285714285715,5,14,5
4078,0.631578947368421,0.4666666666666667,0.7333333333333334,0.6666666666666666,1.0,0.46153846153846156,6,13,6
4079,0.5333333333333333,0.3333333333333333,0.6666666666666666,0.75,1.0,0.36363636363636365,4,11,4
4080,0.8333333333333333,0.4,0.7,0.6,1.0,0.7142857142857143,5,7,5
4081,0.6666666666666666,1.0,1.0,1.0,1.0,0.5,4,8,4
4082,0.5714285714285715,-0.06666666666666667,0.4666666666666667,0.5,1.0,0.4,6,15,6
4083,0.8571428571428571,0.4666666666666667,0.7333333333333334,0.6666666666666666,1.0,0.75,6,8,6
4084,0.6666666666666666,0.2,0.6,0.6,1.0,0.5,5,10,5
4085,0.5,0.6,0.8,0.6,1.0,0.3333333333333333,5,15,5
4086,0.47058823529411764,0.6666666666666666,0.8333333333333333,0.75,1.0,0.3076923076923077,4,13,4
4087,0.5,-0.3333333333333333,0.33333333333333337,0.6666666666666666,1.0,0.3333333333333333,3,9,3
4088,0.47058823529411764,1.0,1.0,1.0,1.0,0.3076923076923077,4,13,4
4089,0.8750000000000001,-0.23809523809523808,0.38095238095238093,0.42857142857142855,1.0,0.7777777777777778,7,9,7
4090,0.5263157894736842,-0.2,0.4,0.4,1.0,0.35714285714285715,5,14,5
4091,0.923076923076923,0.2,0.6,0.6666666666666666,1.0,0.8571428571428571,6,7,6
4092,0.6666666666666666,0.3333333333333333,0.6666666666666666,0.75,1.0,0.5,4,8,4
4093,0.9411764705882353,0.21428571428571427,0.6071428571428571,0.375,1.0,0.8888888888888888,8,9,8
4094,0.9090909090909091,0.2,0.6,0.6,1.0,0.8333333333333334,5,6,5
4095,0.5714285714285715,0.6666666666666666,0.8333333333333333,0.75,1.0,0.4,4,10,4
4096,0.888888888888889,0.6666666666666666,0.8333333333333333,0.75,1.0,0.8,4,5,4
4097,0.6666666666666666,0.0,0.5,0.4,1.0,0.5,5,10,5
4098,0.7142857142857143,0.8,0.9,0.8,1.0,0.5555555555555556,5,9,5
4099,0.6666666666666666,0.3333333333333333,0.6666666666666666,0.75,1.0,0.5,4,8,4
4100,0.8571428571428571,0.3333333333333333,0.6666666666666666,0.6666666666666666,1.0,0.75,3,4,3
4101,0.5714285714285715,1.0,1.0,1.0,1.0,0.4,4,10,4
4102,0.8333333333333333,-0.2,0.4,0.6,1.0,0.7142857142857143,5,7,5
4103,0.631578947368421,0.06666666666666667,0.5333333333333333,0.6666666666666666,1.0,0.46153846153846156,6,13,6
4104,0.8,-0.06666666666666667,0.4666666666666667,0.5,1.0,0.6666666666666666,6,9,6
4105,0.6153846153846153,0.6666666666666666,0.8333333333333333,0.75,1.0,0.4444444444444444,4,9,4
4106,0.5714285714285715,0.6666666666666666,0.8333333333333333,0.75,1.0,0.4,4,10,4
4107,0.7692307692307693,0.6,0.8,0.8,1.0,0.625,5,8,5
4108,0.7272727272727273,0.3333333333333333,0.6666666666666666,0.75,1.0,0.5714285714285714,4,7,4
4109,0.5,1.0,1.0,1.0,1.0,0.3333333333333333,4,12,4
4110,0.625,-0.2,0.4,0.6,1.0,0.45454545454545453,5,11,5
4111,0.7000000000000001,0.047619047619047616,0.5238095238095238,0.42857142857142855,1.0,0.5384615384615384,7,13,7
4112,0.888888888888889,0.07142857142857142,0.5357142857142857,0.5,1.0,0.8,8,10,8
4113,0.8571428571428571,-0.2,0.4,0.3333333333333333,1.0,0.75,6,8,6
4114,0.7692307692307693,0.2,0.6,0.6,1.0,0.625,5,8,5
4115,0.631578947368421,0.6,0.8,0.6666666666666666,1.0,0.46153846153846156,6,13,6
4116,0.7058823529411764,0.4666666666666667,0.7333333333333334,0.6666666666666666,1.0,0.5454545454545454,6,11,6
4117,0.6666666666666666,0.2,0.6,0.8,1.0,0.5,5,10,5
4118,0.47058823529411764,-0.3333333333333333,0.33333333333333337,0.5,1.0,0.3076923076923077,4,13,4
4119,0.7142857142857143,0.0,0.5,0.6,1.0,0.5555555555555556,5,9,5
4120,0.7058823529411764,0.4666666666666667,0.7333333333333334,0.6666666666666666,1.0,0.5454545454545454,6,11,6
4121,0.5333333333333333,0.3333333333333333,0.6666666666666666,0.75,1.0,0.36363636363636365,4,11,4
4122,0.6153846153846153,0.3333333333333333,0.6666666666666666,0.75,1.0,0.4444444444444444,4,9,4
4123,0.5,0.0,0.5,0.75,1.0,0.3333333333333333,4,12,4
4124,0.8,1.0,1.0,1.0,1.0,0.6666666666666666,4,6,4
4125,0.5714285714285715,0.3333333333333333,0.6666666666666666,0.75,1.0,0.4,4,10,4
4126,0.8,0.3333333333333333,0.6666666666666666,0.75,1.0,0.6666666666666666,4,6,4
4127,0.7142857142857143,1.0,1.0,1.0,1.0,0.5555555555555556,5,9,5
4128,0.5714285714285715,0.6666666666666666,0.8333333333333333,0.75,1.0,0.4,4,10,4
4129,0.45454545454545453,0.8,0.9,0.8,1.0,0.29411764705882354,5,17,5
4130,0.6666666666666666,0.3333333333333333,0.6666666666666666,0.75,1.0,0.5,4,8,4
4131,0.5,0.2,0.6,0.8,1.0,0.3333333333333333,5,15,5
4132,0.375,1.0,1.0,1.0,1.0,0.23076923076923078,3,13,3
4133,0.5714285714285715,0.3333333333333333,0.6666666666666666,0.75,1.0,0.4,4,10,4
4134,0.7272727272727273,0.42857142857142855,0.7142857142857143,0.625,1.0,0.5714285714285714,8,14,8
4135,0.9090909090909091,-0.4,0.3,0.4,1.0,0.8333333333333334,5,6,5
4136,0.7368421052631579,0.23809523809523808,0.6190476190476191,0.5714285714285714,1.0,0.5833333333333334,7,12,7
4137,0.47619047619047616,-0.4,0.3,0.6,1.0,0.3125,5,16,5
4138,0.5882352941176471,-0.2,0.4,0.4,1.0,0.4166666666666667,5,12,5
4139,0.8,0.3333333333333333,0.6666666666666666,0.6666666666666666,1.0,0.6666666666666666,6,9,6
4140,0.4,1.0,1.0,1.0,1.0,0.25,3,12,3
4141,0.7272727272727273,1.0,1.0,1.0,1.0,0.5714285714285714,4,7,4
4142,0.5555555555555556,-0.4,0.3,0.6,1.0,0.38461538461538464,5,13,5
4143,0.5714285714285715,-0.3333333333333333,0.33333333333333337,0.5,1.0,0.4,4,10,4
4144,0.7692307692307693,0.4,0.7,0.6,1.0,0.625,5,8,5
4145,0.7692307692307693,0.2,0.6,0.6,1.0,0.625,5,8,5
4146,0.8,0.2,0.6,0.6666666666666666,1.0,0.6666666666666666,6,9,6
4147,0.888888888888889,0.3333333333333333,0.6666666666666666,0.75,1.0,0.8,4,5,4
4148,0.8,-0.6666666666666666,0.16666666666666669,0.5,1.0,0.6666666666666666,4,6,4
4149,0.9090909090909091,0.5111111111111111,0.7555555555555555,0.7,1.0,0.8333333333333334,10,12,10
4150,0.8421052631578948,0.42857142857142855,0.7142857142857143,0.375,1.0,0.7272727272727273,8,11,8
4151,0.33333333333333337,-0.3333333333333333,0.33333333333333337,0.6666666666666666,1.0,0.2,3,15,3
4152,0.5555555555555556,0.6,0.8,0.8,1.0,0.38461538461538464,5,13,5
4153,1.0,0.2,0.6,0.6666666666666666,1.0,1.0,6,6,6
4154,0.5,0.3333333333333333,0.6666666666666666,0.75,1.0,0.3333333333333333,4,12,4
4155,0.47058823529411764,0.3333333333333333,0.6666666666666666,0.75,1.0,0.3076923076923077,4,13,4
4156,0.5714285714285715,-1.0,0.0,0.25,1.0,0.4,4,10,4
4157,0.6666666666666666,0.3333333333333333,0.6666666666666666,0.75,1.0,0.5,4,8,4
4158,0.7499999999999999,0.4666666666666667,0.7333333333333334,0.8333333333333334,1.0,0.6,6,10,6
4159,0.9090909090909091,0.2,0.6,0.6,1.0,0.8333333333333334,5,6,5
4160,0.7692307692307693,0.0,0.5,0.6,1.0,0.625,5,8,5
4161,0.6153846153846153,-0.6666666666666666,0.16666666666666669,0.5,1.0,0.4444444444444444,4,9,4
4162,0.5,-0.3333333333333333,0.33333333333333337,0.6666666666666666,1.0,0.3333333333333333,3,9,3
4163,0.8571428571428571,-0.4666666666666667,0.26666666666666666,0.5,1.0,0.75,6,8,6
4164,0.6153846153846153,0.6666666666666666,0.8333333333333333,0.75,1.0,0.4444444444444444,4,9,4
4165,0.6666666666666666,0.06666666666666667,0.5333333333333333,0.5,1.0,0.5,6,12,6
4166,0.8,0.3333333333333333,0.6666666666666666,0.5,1.0,0.6666666666666666,4,6,4
4167,0.7142857142857143,-0.2,0.4,0.6,1.0,0.5555555555555556,5,9,5
4168,0.7142857142857143,1.0,1.0,1.0,1.0,0.5555555555555556,5,9,5
4169,0.8,0.3333333333333333,0.6666666666666666,0.75,1.0,0.6666666666666666,4,6,4
4170,0.9333333333333333,0.14285714285714285,0.5714285714285714,0.5714285714285714,1.0,0.875,7,8,7
4171,0.5,0.0,0.5,0.5,1.0,0.3333333333333333,4,12,4
4172,0.7272727272727273,-0.3333333333333333,0.33333333333333337,0.5,1.0,0.5714285714285714,4,7,4
4173,0.6666666666666666,1.0,1.0,1.0,1.0,0.5,4,8,4
4174,0.6153846153846153,0.6666666666666666,0.8333333333333333,0.75,1.0,0.4444444444444444,4,9,4
4175,0.7142857142857143,-0.8,0.09999999999999998,0.4,1.0,0.5555555555555556,5,9,5
4176,0.33333333333333337,1.0,1.0,1.0,0.2,1.0,5,1,1
4177,0.6666666666666666,0.2,0.6,0.6,1.0,0.5,5,10,5
4178,0.5714285714285715,0.0,0.5,0.5,1.0,0.4,4,10,4
4179,0.7499999999999999,0.3333333333333333,0.6666666666666666,0.6666666666666666,1.0,0.6,3,5,3
4180,0.6666666666666666,0.6666666666666666,0.8333333333333333,0.75,1.0,0.5,4,8,4
4181,0.6363636363636364,-0.047619047619047616,0.47619047619047616,0.42857142857142855,1.0,0.4666666666666667,7,15,7
4182,0.7499999999999999,0.2,0.6,0.5,1.0,0.6,6,10,6
4183,0.42857142857142855,-1.0,0.0,0.3333333333333333,1.0,0.2727272727272727,3,11,3
4184,0.7142857142857143,0.6,0.8,0.8,1.0,0.5555555555555556,5,9,5
4185,0.9090909090909091,0.8,0.9,0.8,0.8333333333333334,1.0,6,5,5
4186,0.6666666666666666,1.0,1.0,1.0,1.0,0.5,4,8,4
4187,0.7058823529411764,-0.3333333333333333,0.33333333333333337,0.5,1.0,0.5454545454545454,6,11,6
4188,0.5454545454545454,0.3333333333333333,0.6666666666666666,0.6666666666666666,1.0,0.375,3,8,3
4189,0.6666666666666666,-0.3333333333333333,0.33333333333333337,0.5,1.0,0.5,4,8,4
4190,0.7142857142857143,0.6,0.8,0.8,1.0,0.5555555555555556,5,9,5
4191,0.9333333333333333,0.7142857142857143,0.8571428571428572,0.7142857142857143,1.0,0.875,7,8,7
4192,0.5555555555555556,0.8,0.9,0.8,1.0,0.38461538461538464,5,13,5
4193,0.761904761904762,0.07142857142857142,0.5357142857142857,0.5,1.0,0.6153846153846154,8,13,8
4194,0.5714285714285715,0.3333333333333333,0.6666666666666666,0.75,1.0,0.4,4,10,4
4195,0.8,0.2,0.6,0.6666666666666666,1.0,0.6666666666666666,6,9,6
4196,0.7142857142857143,-0.4,0.3,0.4,1.0,0.5555555555555556,5,9,5
4197,0.625,0.8,0.9,0.8,1.0,0.45454545454545453,5,11,5
4198,0.4,1.0,1.0,1.0,0.25,1.0,4,1,1
4199,0.631578947368421,0.3333333333333333,0.6666666666666666,0.6666666666666666,1.0,0.46153846153846156,6,13,6
4200,0.7272727272727273,0.3333333333333333,0.6666666666666666,0.75,1.0,0.5714285714285714,4,7,4
4201,0.4615384615384615,-0.3333333333333333,0.33333333333333337,0.6666666666666666,1.0,0.3,3,10,3
4202,0.9090909090909091,-0.4,0.3,0.4,1.0,0.8333333333333334,5,6,5
4203,0.8,0.6,0.8,0.6666666666666666,1.0,0.6666666666666666,6,9,6
4204,0.375,1.0,1.0,1.0,1.0,0.23076923076923078,3,13,3
4205,0.5,0.4,0.7,0.6,1.0,0.3333333333333333,5,15,5
4206,0.8235294117647058,-0.23809523809523808,0.38095238095238093,0.5714285714285714,1.0,0.7,7,10,7
4207,0.888888888888889,1.0,1.0,1.0,1.0,0.8,4,5,4
4208,0.923076923076923,-0.06666666666666667,0.4666666666666667,0.6666666666666666,1.0,0.8571428571428571,6,7,6
4209,0.6666666666666666,0.3333333333333333,0.6666666666666666,0.75,1.0,0.5,4,8,4
4210,0.7272727272727273,0.6666666666666666,0.8333333333333333,0.75,1.0,0.5714285714285714,4,7,4
4211,0.6,1.0,1.0,1.0,1.0,0.42857142857142855,3,7,3
4212,0.7499999999999999,0.06666666666666667,0.5333333333333333,0.5,1.0,0.6,6,10,6
4213,0.6666666666666666,-0.6,0.2,0.5,1.0,0.5,6,12,6
4214,0.7272727272727273,1.0,1.0,1.0,1.0,0.5714285714285714,4,7,4
4215,1.0,0.4666666666666667,0.7333333333333334,0.6666666666666666,1.0,1.0,6,6,6
4216,0.8695652173913044,-0.06666666666666667,0.4666666666666667,0.5,1.0,0.7692307692307693,10,13,10
4217,0.5714285714285715,1.0,1.0,1.0,1.0,0.4,4,10,4
4218,0.7777777777777778,0.6190476190476191,0.8095238095238095,0.7142857142857143,1.0,0.6363636363636364,7,11,7
4219,0.8235294117647058,0.3333333333333333,0.6666666666666666,0.5714285714285714,1.0,0.7,7,10,7
4220,0.625,-0.4,0.3,0.6,1.0,0.45454545454545453,5,11,5
4221,0.7058823529411764,0.3333333333333333,0.6666666666666666,0.6666666666666666,1.0,0.5454545454545454,6,11,6
4222,0.5882352941176471,0.6,0.8,0.8,1.0,0.4166666666666667,5,12,5
4223,1.0,0.7857142857142857,0.8928571428571428,0.875,1.0,1.0,8,8,8
4224,0.6666666666666666,-0.6666666666666666,0.16666666666666669,0.5,1.0,0.5,4,8,4
4225,0.7142857142857143,0.6,0.8,0.8,1.0,0.5555555555555556,5,9,5
4226,0.8,0.8666666666666667,0.9333333333333333,0.8333333333333334,1.0,0.6666666666666666,6,9,6
4227,0.4615384615384615,1.0,1.0,1.0,1.0,0.3,3,10,3
4228,1.0,0.07142857142857142,0.5357142857142857,0.625,1.0,1.0,8,8,8
4229,0.9090909090909091,0.8,0.9,0.8,1.0,0.8333333333333334,5,6,5
4230,0.625,0.0,0.5,0.4,1.0,0.45454545454545453,5,11,5
4231,0.5882352941176471,0.8,0.9,0.8,1.0,0.4166666666666667,5,12,5
4232,0.888888888888889,0.3333333333333333,0.6666666666666666,0.75,1.0,0.8,4,5,4
4233,0.5333333333333333,0.0,0.5,0.75,1.0,0.36363636363636365,4,11,4
4234,0.7058823529411764,-0.06666666666666667,0.4666666666666667,0.5,1.0,0.5454545454545454,6,11,6
4235,0.5,1.0,1.0,1.0,1.0,0.3333333333333333,4,12,4
4236,0.625,-0.4,0.3,0.4,1.0,0.45454545454545453,5,11,5
4237,0.5,0.0,0.5,0.5,1.0,0.3333333333333333,4,12,4
4238,0.9090909090909091,0.2,0.6,0.4,1.0,0.8333333333333334,5,6,5
4239,0.6666666666666666,0.0,0.5,0.6,1.0,0.5,5,10,5
4240,0.6666666666666666,1.0,1.0,1.0,1.0,0.5,4,8,4
4241,0.5333333333333333,0.6666666666666666,0.8333333333333333,0.75,1.0,0.36363636363636365,4,11,4
4242,0.5454545454545454,0.3333333333333333,0.6666666666666666,0.6666666666666666,1.0,0.375,3,8,3
4243,0.5,0.0,0.5,0.5,1.0,0.3333333333333333,4,12,4
4244,0.8,-0.3333333333333333,0.33333333333333337,0.5,1.0,0.6666666666666666,4,6,4
4245,0.8333333333333333,0.2,0.6,0.4,1.0,0.7142857142857143,5,7,5
4246,0.6,0.3333333333333333,0.6666666666666666,0.6666666666666666,1.0,0.42857142857142855,6,14,6
4247,0.6153846153846153,0.3333333333333333,0.6666666666666666,0.75,1.0,0.4444444444444444,4,9,4
4248,0.6,0.3333333333333333,0.6666666666666666,0.6666666666666666,1.0,0.42857142857142855,6,14,6
4249,0.9411764705882353,0.42857142857142855,0.7142857142857143,0.625,1.0,0.8888888888888888,8,9,8
4250,0.47058823529411764,-0.3333333333333333,0.33333333333333337,0.5,1.0,0.3076923076923077,4,13,4
4251,1.0,-0.4,0.3,0.4,1.0,1.0,5,5,5
4252,1.0,0.14285714285714285,0.5714285714285714,0.625,1.0,1.0,8,8,8
4253,0.5714285714285715,0.0,0.5,0.5,1.0,0.4,4,10,4
4254,0.8,0.06666666666666667,0.5333333333333333,0.6666666666666666,1.0,0.6666666666666666,6,9,6
4255,0.5,-0.3333333333333333,0.33333333333333337,0.5,1.0,0.3333333333333333,4,12,4
4256,0.7692307692307693,0.4,0.7,0.6,1.0,0.625,5,8,5
4257,0.4444444444444445,0.3333333333333333,0.6666666666666666,0.75,1.0,0.2857142857142857,4,14,4
4258,0.888888888888889,0.0,0.5,0.75,1.0,0.8,4,5,4
4259,0.8,0.0,0.5,0.5,1.0,0.6666666666666666,8,12,8
4260,0.35294117647058826,1.0,1.0,1.0,1.0,0.21428571428571427,3,14,3
4261,0.5882352941176471,-0.4,0.3,0.4,1.0,0.4166666666666667,5,12,5
4262,0.625,0.0,0.5,0.6,1.0,0.45454545454545453,5,11,5
4263,0.7272727272727273,-0.3333333333333333,0.33333333333333337,0.5,1.0,0.5714285714285714,4,7,4
4264,0.47058823529411764,-0.3333333333333333,0.33333333333333337,0.5,1.0,0.3076923076923077,4,13,4
4265,0.625,0.8,0.9,0.8,1.0,0.45454545454545453,5,11,5
4266,0.8571428571428571,0.06666666666666667,0.5333333333333333,0.5,1.0,0.75,6,8,6
4267,0.6086956521739131,-0.047619047619047616,0.47619047619047616,0.5714285714285714,1.0,0.4375,7,16,7
4268,0.7692307692307693,-0.2,0.4,0.4,1.0,0.625,5,8,5
4269,0.4,1.0,1.0,1.0,0.25,1.0,4,1,1
4270,0.4210526315789474,0.6666666666666666,0.8333333333333333,0.75,1.0,0.26666666666666666,4,15,4
4271,0.33333333333333337,1.0,1.0,1.0,0.2,1.0,5,1,1
4272,0.8,1.0,1.0,1.0,1.0,0.6666666666666666,4,6,4
4273,0.5333333333333333,0.3333333333333333,0.6666666666666666,0.75,1.0,0.36363636363636365,4,11,4
4274,0.631578947368421,0.2,0.6,0.6666666666666666,1.0,0.46153846153846156,6,13,6
4275,0.9090909090909091,0.0,0.5,0.6,1.0,0.8333333333333334,5,6,5
4276,0.4347826086956522,0.8,0.9,0.8,1.0,0.2777777777777778,5,18,5
4277,0.9333333333333333,0.14285714285714285,0.5714285714285714,0.5714285714285714,1.0,0.875,7,8,7
4278,0.47058823529411764,0.0,0.5,0.5,1.0,0.3076923076923077,4,13,4
4279,0.6666666666666666,0.2,0.6,0.6,1.0,0.5,5,10,5
4280,0.7272727272727273,0.3333333333333333,0.6666666666666666,0.5,1.0,0.5714285714285714,4,7,4
4281,0.5714285714285715,0.3333333333333333,0.6666666666666666,0.75,1.0,0.4,4,10,4
4282,0.8,0.6666666666666666,0.8333333333333333,0.75,1.0,0.6666666666666666,4,6,4
4283,0.4210526315789474,0.3333333333333333,0.6666666666666666,0.75,1.0,0.26666666666666666,4,15,4
4284,0.8750000000000001,0.047619047619047616,0.5238095238095238,0.7142857142857143,1.0,0.7777777777777778,7,9,7
4285,0.7692307692307693,0.2,0.6,0.6,1.0,0.625,5,8,5
4286,0.5555555555555556,0.2,0.6,0.6,1.0,0.38461538461538464,5,13,5
4287,0.5555555555555556,0.4,0.7,0.8,1.0,0.38461538461538464,5,13,5
4288,1.0,0.3333333333333333,0.6666666666666666,0.6666666666666666,1.0,1.0,6,6,6
4289,0.5263157894736842,-0.6,0.2,0.4,1.0,0.35714285714285715,5,14,5
4290,0.5714285714285715,1.0,1.0,1.0,1.0,0.4,4,10,4
4291,0.7692307692307693,-0.2,0.4,0.6,1.0,0.625,5,8,5
4292,0.42857142857142855,0.3333333333333333,0.6666666666666666,0.6666666666666666,1.0,0.2727272727272727,3,11,3
4293,0.5714285714285715,1.0,1.0,1.0,1.0,0.4,4,10,4
4294,0.5555555555555556,-0.2,0.4,0.6,1.0,0.38461538461538464,5,13,5
4295,0.5714285714285715,0.4666666666666667,0.7333333333333334,0.6666666666666666,1.0,0.4,6,15,6
4296,0.47058823529411764,0.3333333333333333,0.6666666666666666,0.75,1.0,0.3076923076923077,4,13,4
4297,0.9090909090909091,0.6,0.8,0.8,1.0,0.8333333333333334,5,6,5
4298,0.33333333333333337,1.0,1.0,1.0,0.2,1.0,5,1,1
4299,0.8,-0.3333333333333333,0.33333333333333337,0.5,1.0,0.6666666666666666,4,6,4
4300,0.631578947368421,0.4666666666666667,0.7333333333333334,0.5,1.0,0.46153846153846156,6,13,6
4301,0.9473684210526316,-0.16666666666666666,0.4166666666666667,0.4444444444444444,1.0,0.9,9,10,9
4302,0.4,0.6666666666666666,0.8333333333333333,0.75,1.0,0.25,4,16,4
4303,0.6666666666666666,0.6,0.8,0.8,1.0,0.5,5,10,5
4304,0.7142857142857143,0.0,0.5,0.6,1.0,0.5555555555555556,5,9,5
4305,0.4,0.3333333333333333,0.6666666666666666,0.75,1.0,0.25,4,16,4
4306,0.6666666666666666,0.3333333333333333,0.6666666666666666,0.75,1.0,0.5,4,8,4
4307,0.5714285714285715,0.3333333333333333,0.6666666666666666,0.75,1.0,0.4,4,10,4
4308,0.8333333333333333,0.8,0.9,0.8,1.0,0.7142857142857143,5,7,5
4309,0.6666666666666666,0.4,0.7,0.6,1.0,0.5,5,10,5
4310,0.6666666666666666,0.3333333333333333,0.6666666666666666,0.75,1.0,0.5,4,8,4
4311,0.5333333333333333,1.0,1.0,1.0,1.0,0.36363636363636365,4,11,4
4312,0.631578947368421,0.06666666666666667,0.5333333333333333,0.5,1.0,0.46153846153846156,6,13,6
4313,0.4444444444444445,0.3333333333333333,0.6666666666666666,0.5,1.0,0.2857142857142857,4,14,4
4314,0.5,0.3333333333333333,0.6666666666666666,0.75,1.0,0.3333333333333333,4,12,4
4315,0.9090909090909091,0.4,0.7,0.6,1.0,0.8333333333333334,5,6,5
4316,0.6666666666666666,0.6666666666666666,0.8333333333333333,0.75,1.0,0.5,4,8,4
4317,0.4444444444444445,0.3333333333333333,0.6666666666666666,0.75,1.0,0.2857142857142857,4,14,4
4318,0.5263157894736842,0.6,0.8,0.8,1.0,0.35714285714285715,5,14,5
4319,0.7272727272727273,0.3333333333333333,0.6666666666666666,0.75,1.0,0.5714285714285714,4,7,4
4320,0.9090909090909091,0.28888888888888886,0.6444444444444444,0.5,1.0,0.8333333333333334,10,12,10
4321,0.8333333333333333,0.0,0.5,0.6,1.0,0.7142857142857143,5,7,5
4322,0.5882352941176471,-0.6,0.2,0.4,1.0,0.4166666666666667,5,12,5
4323,0.7272727272727273,0.0,0.5,0.75,1.0,0.5714285714285714,4,7,4
4324,0.5714285714285715,1.0,1.0,1.0,1.0,0.4,4,10,4
4325,0.7142857142857143,0.2,0.6,0.6,1.0,0.5555555555555556,5,9,5
4326,0.9523809523809523,0.8222222222222222,0.9111111111111111,0.8,0.9090909090909091,1.0,11,10,10
4327,0.5714285714285715,0.3333333333333333,0.6666666666666666,0.75,1.0,0.4,4,10,4
4328,0.888888888888889,1.0,1.0,1.0,1.0,0.8,4,5,4
4329,0.5333333333333333,1.0,1.0,1.0,1.0,0.36363636363636365,4,11,4
4330,0.6153846153846153,0.0,0.5,0.75,1.0,0.4444444444444444,4,9,4
4331,0.6666666666666666,0.3333333333333333,0.6666666666666666,0.5,1.0,0.5,4,8,4
4332,0.5714285714285715,0.3333333333333333,0.6666666666666666,0.75,1.0,0.4,4,10,4
4333,0.8333333333333333,0.5111111111111111,0.7555555555555555,0.6,1.0,0.7142857142857143,10,14,10
4334,0.33333333333333337,0.3333333333333333,0.6666666666666666,0.6666666666666666,1.0,0.2,3,15,3
4335,0.6153846153846153,0.3333333333333333,0.6666666666666666,0.5,1.0,0.4444444444444444,4,9,4
4336,0.5555555555555556,-0.6,0.2,0.4,1.0,0.38461538461538464,5,13,5
4337,0.5454545454545454,1.0,1.0,1.0,1.0,0.375,3,8,3
4338,0.4,1.0,1.0,1.0,1.0,0.25,3,12,3
4339,0.5714285714285715,0.6666666666666666,0.8333333333333333,0.75,1.0,0.4,4,10,4
4340,0.5263157894736842,0.0,0.5,0.6,1.0,0.35714285714285715,5,14,5
4341,1.0,0.4666666666666667,0.7333333333333334,0.8333333333333334,1.0,1.0,6,6,6
4342,0.7692307692307693,0.0,0.5,0.4,1.0,0.625,5,8,5
4343,0.7058823529411764,-0.06666666666666667,0.4666666666666667,0.5,1.0,0.5454545454545454,6,11,6
4344,0.625,0.2,0.6,0.8,1.0,0.45454545454545453,5,11,5
4345,0.7692307692307693,-0.2,0.4,0.6,1.0,0.625,5,8,5
4346,0.47619047619047616,0.0,0.5,0.6,1.0,0.3125,5,16,5
4347,0.4444444444444445,0.3333333333333333,0.6666666666666666,0.75,1.0,0.2857142857142857,4,14,4
4348,1.0,0.7857142857142857,0.8928571428571428,0.75,1.0,1.0,8,8,8
4349,0.7272727272727273,0.21428571428571427,0.6071428571428571,0.5,1.0,0.5714285714285714,8,14,8
4350,0.6666666666666666,0.8,0.9,0.8,1.0,0.5,5,10,5
4351,0.9090909090909091,0.6,0.8,0.6,1.0,0.8333333333333334,5,6,5
4352,0.5,-0.2,0.4,0.4,1.0,0.3333333333333333,5,15,5
4353,0.7142857142857143,0.4,0.7,0.6,1.0,0.5555555555555556,5,9,5
4354,0.7142857142857143,0.4,0.7,0.6,1.0,0.5555555555555556,5,9,5
4355,0.7272727272727273,-0.3333333333333333,0.33333333333333337,0.5,1.0,0.5714285714285714,4,7,4
4356,0.7499999999999999,-0.7333333333333333,0.13333333333333336,0.3333333333333333,1.0,0.6,6,10,6
4357,0.6666666666666666,0.8,0.9,0.8,1.0,0.5,5,10,5
4358,0.7272727272727273,0.6666666666666666,0.8333333333333333,0.75,1.0,0.5714285714285714,4,7,4
4359,0.7142857142857143,0.2,0.6,0.6,1.0,0.5555555555555556,5,9,5
4360,0.47058823529411764,0.3333333333333333,0.6666666666666666,0.75,1.0,0.3076923076923077,4,13,4
4361,0.7142857142857143,0.6,0.8,0.6,1.0,0.5555555555555556,5,9,5
4362,0.5,-0.3333333333333333,0.33333333333333337,0.5,1.0,0.3333333333333333,4,12,4
4363,0.888888888888889,0.3333333333333333,0.6666666666666666,0.75,1.0,0.8,4,5,4
4364,0.7058823529411764,0.8666666666666667,0.9333333333333333,0.8333333333333334,1.0,0.5454545454545454,6,11,6
4365,0.6666666666666666,0.6,0.8,0.8,1.0,0.5,5,10,5
4366,0.625,0.4,0.7,0.8,1.0,0.45454545454545453,5,11,5
4367,0.888888888888889,0.7857142857142857,0.8928571428571428,0.75,1.0,0.8,8,10,8
4368,0.8,0.3333333333333333,0.6666666666666666,0.75,1.0,0.6666666666666666,4,6,4
4369,0.7142857142857143,-0.2,0.4,0.4,1.0,0.5555555555555556,5,9,5
4370,0.6666666666666666,-0.4,0.3,0.4,1.0,0.5,5,10,5
4371,0.6666666666666666,-0.06666666666666667,0.4666666666666667,0.5,1.0,0.5,6,12,6
4372,0.7142857142857143,0.6,0.8,0.8,1.0,0.5555555555555556,5,9,5
4373,0.7142857142857143,-0.2,0.4,0.6,1.0,0.5555555555555556,5,9,5
4374,0.7777777777777778,0.3333333333333333,0.6666666666666666,0.5714285714285714,1.0,0.6363636363636364,7,11,7
4375,0.4,-0.3333333333333333,0.33333333333333337,0.6666666666666666,1.0,0.25,3,12,3
4376,0.761904761904762,0.42857142857142855,0.7142857142857143,0.625,1.0,0.6153846153846154,8,13,8
4377,0.5333333333333333,1.0,1.0,1.0,1.0,0.36363636363636365,4,11,4
4378,0.47058823529411764,0.6666666666666666,0.8333333333333333,0.75,1.0,0.3076923076923077,4,13,4
4379,0.8333333333333333,0.0,0.5,0.6,1.0,0.7142857142857143,5,7,5
4380,1.0,0.7857142857142857,0.8928571428571428,0.75,1.0,1.0,8,8,8
4381,0.6153846153846153,0.6666666666666666,0.8333333333333333,0.75,1.0,0.4444444444444444,4,9,4
4382,0.6666666666666666,0.5238095238095238,0.7619047619047619,0.7142857142857143,1.0,0.5,7,14,7
4383,0.5263157894736842,0.2,0.6,0.6,1.0,0.35714285714285715,5,14,5
4384,0.9333333333333333,0.6190476190476191,0.8095238095238095,0.7142857142857143,1.0,0.875,7,8,7
4385,0.7272727272727273,1.0,1.0,1.0,1.0,0.5714285714285714,4,7,4
4386,1.0,0.5238095238095238,0.7619047619047619,0.5714285714285714,1.0,1.0,7,7,7
4387,0.8333333333333333,0.4,0.7,0.6,1.0,0.7142857142857143,5,7,5
4388,0.5333333333333333,0.3333333333333333,0.6666666666666666,0.75,1.0,0.36363636363636365,4,11,4
4389,0.7499999999999999,-0.06666666666666667,0.4666666666666667,0.6666666666666666,1.0,0.6,6,10,6
4390,0.8333333333333333,0.4,0.7,0.6,1.0,0.7142857142857143,5,7,5
4391,0.5333333333333333,-0.6666666666666666,0.16666666666666669,0.5,1.0,0.36363636363636365,4,11,4
4392,0.6153846153846153,-0.3333333333333333,0.33333333333333337,0.5,1.0,0.4444444444444444,4,9,4
4393,0.6666666666666666,0.2,0.6,0.6,1.0,0.5,5,10,5
4394,0.47058823529411764,-0.3333333333333333,0.33333333333333337,0.5,1.0,0.3076923076923077,4,13,4
4395,0.8,-0.3333333333333333,0.33333333333333337,0.5,1.0,0.6666666666666666,4,6,4
4396,0.4615384615384615,-0.3333333333333333,0.33333333333333337,0.6666666666666666,1.0,0.3,3,10,3
4397,0.7142857142857143,0.6,0.8,0.6,1.0,0.5555555555555556,5,9,5
4398,0.625,-0.2,0.4,0.4,1.0,0.45454545454545453,5,11,5
4399,0.6666666666666666,0.4,0.7,0.6,1.0,0.5,5,10,5
4400,0.6666666666666666,0.2,0.6,0.6,1.0,0.5,5,10,5
4401,0.5454545454545454,-1.0,0.0,0.3333333333333333,1.0,0.375,3,8,3
4402,0.5714285714285715,1.0,1.0,1.0,1.0,0.4,4,10,4
4403,0.5,0.3333333333333333,0.6666666666666666,0.75,1.0,0.3333333333333333,4,12,4
4404,0.6153846153846153,0.0,0.5,0.5,1.0,0.4444444444444444,4,9,4
4405,0.8421052631578948,0.35714285714285715,0.6785714285714286,0.625,1.0,0.7272727272727273,8,11,8
4406,0.5333333333333333,-0.3333333333333333,0.33333333333333337,0.5,1.0,0.36363636363636365,4,11,4
4407,0.6666666666666666,-0.8,0.09999999999999998,0.4,1.0,0.5,5,10,5
4408,0.8,0.2,0.6,0.5,1.0,0.6666666666666666,6,9,6
4409,0.5882352941176471,0.0,0.5,0.6,1.0,0.4166666666666667,5,12,5
4410,0.7058823529411764,0.4666666666666667,0.7333333333333334,0.6666666666666666,1.0,0.5454545454545454,6,11,6
4411,0.5333333333333333,0.6666666666666666,0.8333333333333333,0.75,1.0,0.36363636363636365,4,11,4
4412,0.7368421052631579,-0.14285714285714285,0.4285714285714286,0.5714285714285714,1.0,0.5833333333333334,7,12,7
4413,0.5263157894736842,-0.2,0.4,0.6,1.0,0.35714285714285715,5,14,5
4414,0.8421052631578948,-0.42857142857142855,0.2857142857142857,0.5,1.0,0.7272727272727273,8,11,8
4415,0.7692307692307693,0.6,0.8,0.8,1.0,0.625,5,8,5
4416,0.5882352941176471,0.0,0.5,0.6,1.0,0.4166666666666667,5,12,5
4417,0.7142857142857143,0.2,0.6,0.6,1.0,0.5555555555555556,5,9,5
4418,0.8571428571428571,0.06666666666666667,0.5333333333333333,0.5,1.0,0.75,6,8,6
4419,0.6666666666666666,1.0,1.0,1.0,1.0,0.5,3,6,3
4420,0.5454545454545454,-0.3333333333333333,0.33333333333333337,0.6666666666666666,1.0,0.375,3,8,3
4421,0.38095238095238093,-0.3333333333333333,0.33333333333333337,0.5,1.0,0.23529411764705882,4,17,4
4422,0.47058823529411764,1.0,1.0,1.0,1.0,0.3076923076923077,4,13,4
4423,0.8,0.3333333333333333,0.6666666666666666,0.6666666666666666,1.0,0.6666666666666666,6,9,6
4424,0.375,-0.3333333333333333,0.33333333333333337,0.6666666666666666,1.0,0.23076923076923078,3,13,3
4425,0.4444444444444445,0.0,0.5,0.5,1.0,0.2857142857142857,4,14,4
4426,0.4210526315789474,0.0,0.5,0.75,1.0,0.26666666666666666,4,15,4
4427,0.5882352941176471,-0.4,0.3,0.4,1.0,0.4166666666666667,5,12,5
4428,0.7272727272727273,0.0,0.5,0.5,1.0,0.5714285714285714,4,7,4
4429,0.6666666666666666,-0.3333333333333333,0.33333333333333337,0.5,1.0,0.5,4,8,4
4430,0.47058823529411764,0.0,0.5,0.75,1.0,0.3076923076923077,4,13,4
4431,0.7142857142857143,1.0,1.0,1.0,1.0,0.5555555555555556,5,9,5
4432,0.7777777777777778,0.23809523809523808,0.6190476190476191,0.42857142857142855,1.0,0.6363636363636364,7,11,7
4433,0.4,1.0,1.0,1.0,0.25,1.0,4,1,1
4434,0.47058823529411764,0.3333333333333333,0.6666666666666666,0.5,1.0,0.3076923076923077,4,13,4
4435,0.7058823529411764,0.2,0.6,0.6666666666666666,1.0,0.5454545454545454,6,11,6
4436,0.6666666666666666,0.8666666666666667,0.9333333333333333,0.8333333333333334,1.0,0.5,6,12,6
4437,0.4,1.0,1.0,1.0,1.0,0.25,3,12,3
4438,0.8,0.0,0.5,0.5,1.0,0.6666666666666666,4,6,4
4439,0.8333333333333333,-0.2,0.4,0.4,1.0,0.7142857142857143,5,7,5
4440,0.9090909090909091,0.6,0.8,0.6,1.0,0.8333333333333334,5,6,5
4441,0.47058823529411764,0.3333333333333333,0.6666666666666666,0.75,1.0,0.3076923076923077,4,13,4
4442,0.6666666666666666,1.0,1.0,1.0,1.0,0.5,4,8,4
4443,0.6666666666666666,-0.3333333333333333,0.33333333333333337,0.6666666666666666,1.0,0.5,3,6,3
4444,0.8235294117647058,0.42857142857142855,0.7142857142857143,0.7142857142857143,1.0,0.7,7,10,7
4445,0.7142857142857143,0.4,0.7,0.6,1.0,0.5555555555555556,5,9,5
4446,0.5882352941176471,0.0,0.5,0.6,1.0,0.4166666666666667,5,12,5
4447,0.5,0.0,0.5,0.6,1.0,0.3333333333333333,5,15,5
4448,0.6666666666666666,-0.2,0.4,0.6,1.0,0.5,5,10,5
4449,0.5555555555555556,0.6,0.8,0.6,1.0,0.38461538461538464,5,13,5
4450,0.5882352941176471,-0.4,0.3,0.6,1.0,0.4166666666666667,5,12,5
4451,0.6666666666666666,1.0,1.0,1.0,1.0,0.5,6,12,6
4452,0.5,0.0,0.5,0.5,1.0,0.3333333333333333,4,12,4
4453,0.5714285714285715,1.0,1.0,1.0,1.0,0.4,4,10,4
4454,0.4210526315789474,0.0,0.5,0.75,1.0,0.26666666666666666,4,15,4
4455,0.6666666666666666,-0.4666666666666667,0.26666666666666666,0.3333333333333333,1.0,0.5,6,12,6
4456,0.7142857142857143,-0.2,0.4,0.6,1.0,0.5555555555555556,5,9,5
4457,0.923076923076923,0.06666666666666667,0.5333333333333333,0.5,0.8571428571428571,1.0,7,6,6
4458,0.5,0.3333333333333333,0.6666666666666666,0.75,1.0,0.3333333333333333,4,12,4
4459,1.0,0.42857142857142855,0.7142857142857143,0.5714285714285714,1.0,1.0,7,7,7
4460,0.5555555555555556,0.2,0.6,0.6,1.0,0.38461538461538464,5,13,5
4461,0.625,0.8,0.9,0.8,1.0,0.45454545454545453,5,11,5
4462,0.7272727272727273,0.3333333333333333,0.6666666666666666,0.75,1.0,0.5714285714285714,4,7,4
4463,0.9333333333333333,0.5238095238095238,0.7619047619047619,0.7142857142857143,1.0,0.875,7,8,7
4464,0.9090909090909091,0.4,0.7,0.6,1.0,0.8333333333333334,5,6,5
4465,1.0,0.0,0.5,0.6,1.0,1.0,5,5,5
4466,0.5555555555555556,0.0,0.5,0.6,1.0,0.38461538461538464,5,13,5
4467,0.6,0.3333333333333333,0.6666666666666666,0.6666666666666666,1.0,0.42857142857142855,6,14,6
4468,0.9090909090909091,-0.2,0.4,0.4,1.0,0.8333333333333334,5,6,5
4469,0.5,1.0,1.0,1.0,1.0,0.3333333333333333,4,12,4
4470,0.5714285714285715,0.0,0.5,0.5,1.0,0.4,4,10,4
4471,0.6666666666666666,0.6,0.8,0.8333333333333334,1.0,0.5,6,12,6
4472,0.6153846153846153,-0.3333333333333333,0.33333333333333337,0.5,1.0,0.4444444444444444,4,9,4
4473,0.6666666666666666,0.2,0.6,0.8,1.0,0.5,5,10,5
4474,0.4615384615384615,-0.3333333333333333,0.33333333333333337,0.6666666666666666,1.0,0.3,3,10,3
4475,0.5263157894736842,0.8,0.9,0.8,1.0,0.35714285714285715,5,14,5
4476,0.6666666666666666,0.3333333333333333,0.6666666666666666,0.75,1.0,0.5,4,8,4
4477,0.4210526315789474,0.3333333333333333,0.6666666666666666,0.5,1.0,0.26666666666666666,4,15,4
4478,0.9090909090909091,0.2,0.6,0.8,1.0,0.8333333333333334,5,6,5
4479,0.9333333333333333,-0.14285714285714285,0.4285714285714286,0.42857142857142855,1.0,0.875,7,8,7
4480,0.5882352941176471,-0.6,0.2,0.4,1.0,0.4166666666666667,5,12,5
4481,0.923076923076923,0.2,0.6,0.5,1.0,0.8571428571428571,6,7,6
4482,0.5,-0.3333333333333333,0.33333333333333337,0.5,1.0,0.3333333333333333,4,12,4
4483,0.5714285714285715,0.0,0.5,0.75,1.0,0.4,4,10,4
4484,0.4444444444444445,0.0,0.5,0.75,1.0,0.2857142857142857,4,14,4
4485,0.6666666666666666,0.8,0.9,0.8,1.0,0.5,5,10,5
4486,0.5,0.0,0.5,0.5,1.0,0.3333333333333333,4,12,4
4487,0.5882352941176471,-0.4,0.3,0.4,1.0,0.4166666666666667,5,12,5
4488,0.6666666666666666,0.2,0.6,0.6,1.0,0.5,5,10,5
4489,0.8,0.35714285714285715,0.6785714285714286,0.625,1.0,0.6666666666666666,8,12,8
4490,0.6153846153846153,0.6666666666666666,0.8333333333333333,0.75,1.0,0.4444444444444444,4,9,4
4491,0.5882352941176471,0.4,0.7,0.8,1.0,0.4166666666666667,5,12,5
4492,0.9090909090909091,0.0,0.5,0.6,1.0,0.8333333333333334,5,6,5
4493,0.6,-0.2,0.4,0.5,1.0,0.42857142857142855,6,14,6
4494,0.5333333333333333,0.3333333333333333,0.6666666666666666,0.75,1.0,0.36363636363636365,4,11,4
4495,1.0,0.4666666666666667,0.7333333333333334,0.6666666666666666,1.0,1.0,6,6,6
4496,0.7692307692307693,0.2,0.6,0.6,1.0,0.625,5,8,5
4497,0.47619047619047616,-0.4,0.3,0.4,1.0,0.3125,5,16,5
4498,0.7272727272727273,-0.3333333333333333,0.33333333333333337,0.5,1.0,0.5714285714285714,4,7,4
4499,0.5,0.2,0.6,0.6,1.0,0.3333333333333333,5,15,5
4500,0.8750000000000001,0.23809523809523808,0.6190476190476191,0.42857142857142855,1.0,0.7777777777777778,7,9,7
4501,0.5263157894736842,0.0,0.5,0.6,1.0,0.35714285714285715,5,14,5
4502,0.5714285714285715,0.6666666666666666,0.8333333333333333,0.75,1.0,0.4,4,10,4
4503,0.4,1.0,1.0,1.0,0.25,1.0,4,1,1
4504,0.6666666666666666,0.8,0.9,0.8,1.0,0.5,5,10,5
4505,0.9090909090909091,0.4,0.7,0.8,1.0,0.8333333333333334,5,6,5
4506,0.5454545454545454,-1.0,0.0,0.3333333333333333,1.0,0.375,3,8,3
4507,0.625,0.4,0.7,0.6,1.0,0.45454545454545453,5,11,5
4508,0.5,0.0,0.5,0.5,1.0,0.3333333333333333,4,12,4
4509,0.8571428571428571,0.2,0.6,0.5,1.0,0.75,6,8,6
4510,0.8235294117647058,0.14285714285714285,0.5714285714285714,0.5714285714285714,1.0,0.7,7,10,7
4511,0.625,-0.6,0.2,0.4,1.0,0.45454545454545453,5,11,5
4512,0.7272727272727273,-0.3333333333333333,0.33333333333333337,0.5,1.0,0.5714285714285714,4,7,4
4513,0.7142857142857143,0.0,0.5,0.6,1.0,0.5555555555555556,5,9,5
4514,0.7692307692307693,0.2,0.6,0.6,1.0,0.625,5,8,5
4515,0.6666666666666666,0.6,0.8,0.6,1.0,0.5,5,10,5
4516,0.9090909090909091,0.6,0.8,0.8,1.0,0.8333333333333334,5,6,5
4517,0.5,0.3333333333333333,0.6666666666666666,0.75,1.0,0.3333333333333333,4,12,4
4518,0.625,0.4,0.7,0.8,1.0,0.45454545454545453,5,11,5
4519,0.5714285714285715,0.0,0.5,0.75,1.0,0.4,4,10,4
4520,0.5,-0.2,0.4,0.6,1.0,0.3333333333333333,5,15,5
4521,0.5,1.0,1.0,1.0,1.0,0.3333333333333333,4,12,4
4522,0.8235294117647058,0.047619047619047616,0.5238095238095238,0.42857142857142855,1.0,0.7,7,10,7
4523,0.6153846153846153,-0.3333333333333333,0.33333333333333337,0.5,1.0,0.4444444444444444,4,9,4
4524,0.4,1.0,1.0,1.0,0.25,1.0,4,1,1
4525,0.7368421052631579,0.23809523809523808,0.6190476190476191,0.5714285714285714,1.0,0.5833333333333334,7,12,7
4526,0.9090909090909091,0.0,0.5,0.6,1.0,0.8333333333333334,5,6,5
4527,0.7692307692307693,0.4,0.7,0.8,1.0,0.625,5,8,5
4528,0.6666666666666666,0.0,0.5,0.4,1.0,0.5,5,10,5
4529,0.8333333333333333,0.8,0.9,0.8,1.0,0.7142857142857143,5,7,5
4530,0.5333333333333333,0.0,0.5,0.75,1.0,0.36363636363636365,4,11,4
4531,0.6363636363636364,-0.3333333333333333,0.33333333333333337,0.42857142857142855,1.0,0.4666666666666667,7,15,7
4532,0.8,0.0,0.5,0.5,1.0,0.6666666666666666,4,6,4
4533,0.9090909090909091,0.0,0.5,0.6,1.0,0.8333333333333334,5,6,5
4534,0.5,1.0,1.0,1.0,1.0,0.3333333333333333,5,15,5
4535,0.6666666666666666,-0.2,0.4,0.6,1.0,0.5,5,10,5
4536,0.7692307692307693,-0.2,0.4,0.4,1.0,0.625,5,8,5
4537,0.8,0.2,0.6,0.6666666666666666,1.0,0.6666666666666666,6,9,6
4538,0.7499999999999999,0.06666666666666667,0.5333333333333333,0.5,1.0,0.6,6,10,6
4539,0.9411764705882353,0.21428571428571427,0.6071428571428571,0.625,1.0,0.8888888888888888,8,9,8
4540,0.5714285714285715,0.6666666666666666,0.8333333333333333,0.75,1.0,0.4,4,10,4
4541,0.5333333333333333,0.3333333333333333,0.6666666666666666,0.75,1.0,0.36363636363636365,4,11,4
4542,0.5263157894736842,0.2,0.6,0.6,1.0,0.35714285714285715,5,14,5
4543,0.6153846153846153,0.3333333333333333,0.6666666666666666,0.75,1.0,0.4444444444444444,4,9,4
4544,0.8333333333333333,0.0,0.5,0.6,1.0,0.7142857142857143,5,7,5
4545,0.5333333333333333,-0.3333333333333333,0.33333333333333337,0.5,1.0,0.36363636363636365,4,11,4
4546,0.6666666666666666,1.0,1.0,1.0,1.0,0.5,4,8,4
4547,0.4210526315789474,0.6666666666666666,0.8333333333333333,0.75,1.0,0.26666666666666666,4,15,4
4548,0.5263157894736842,0.4,0.7,0.6,1.0,0.35714285714285715,5,14,5
4549,0.7499999999999999,-0.06666666666666667,0.4666666666666667,0.5,1.0,0.6,6,10,6
4550,0.7142857142857143,0.4,0.7,0.6,1.0,0.5555555555555556,5,9,5
4551,0.8,0.2,0.6,0.5,1.0,0.6666666666666666,6,9,6
4552,1.0,0.4666666666666667,0.7333333333333334,0.6666666666666666,1.0,1.0,6,6,6
4553,0.8181818181818181,0.5555555555555556,0.7777777777777778,0.6666666666666666,1.0,0.6923076923076923,9,13,9
4554,0.8333333333333333,0.8,0.9,0.8,1.0,0.7142857142857143,5,7,5
4555,0.923076923076923,0.3333333333333333,0.6666666666666666,0.6666666666666666,0.8571428571428571,1.0,7,6,6
4556,0.8333333333333333,0.2,0.6,0.6,1.0,0.7142857142857143,5,7,5
4557,0.5,-0.2,0.4,0.6,1.0,0.3333333333333333,5,15,5
4558,0.6666666666666666,0.0,0.5,0.6,1.0,0.5,5,10,5
4559,0.761904761904762,0.2857142857142857,0.6428571428571428,0.5,1.0,0.6153846153846154,8,13,8
4560,0.5714285714285715,0.0,0.5,0.5,1.0,0.4,4,10,4
4561,0.9090909090909091,0.2,0.6,0.6,1.0,0.8333333333333334,5,6,5
4562,0.8571428571428571,0.2,0.6,0.5,1.0,0.75,6,8,6
4563,1.0,0.0,0.5,0.6,1.0,1.0,5,5,5
4564,0.6666666666666666,0.4,0.7,0.6,1.0,0.5,5,10,5
4565,0.8750000000000001,0.047619047619047616,0.5238095238095238,0.5714285714285714,1.0,0.7777777777777778,7,9,7
4566,0.4,1.0,1.0,1.0,0.25,1.0,4,1,1
4567,0.7692307692307693,0.8,0.9,0.8,1.0,0.625,5,8,5
4568,0.625,-0.4,0.3,0.4,1.0,0.45454545454545453,5,11,5
4569,0.8,0.6666666666666666,0.8333333333333333,0.75,1.0,0.6666666666666666,4,6,4
4570,0.625,-0.6,0.2,0.4,1.0,0.45454545454545453,5,11,5
4571,0.6666666666666666,-0.3333333333333333,0.33333333333333337,0.5,1.0,0.5,4,8,4
4572,0.42857142857142855,-0.3333333333333333,0.33333333333333337,0.6666666666666666,1.0,0.2727272727272727,3,11,3
4573,0.47058823529411764,0.6666666666666666,0.8333333333333333,0.75,1.0,0.3076923076923077,4,13,4
4574,0.5882352941176471,0.6,0.8,0.8,1.0,0.4166666666666667,5,12,5
4575,0.7142857142857143,-0.6,0.2,0.4,0.5555555555555556,1.0,9,5,5
4576,0.8,0.2,0.6,0.6666666666666666,1.0,0.6666666666666666,6,9,6
4577,0.7692307692307693,0.0,0.5,0.6,1.0,0.625,5,8,5
4578,0.8,0.3333333333333333,0.6666666666666666,0.6666666666666666,1.0,0.6666666666666666,6,9,6
4579,0.9411764705882353,0.35714285714285715,0.6785714285714286,0.625,1.0,0.8888888888888888,8,9,8
4580,0.5555555555555556,0.4,0.7,0.6,1.0,0.38461538461538464,5,13,5
4581,0.5714285714285715,0.3333333333333333,0.6666666666666666,0.75,1.0,0.4,4,10,4
4582,0.6666666666666666,0.2,0.6,0.6,1.0,0.5,5,10,5
4583,0.47058823529411764,-0.3333333333333333,0.33333333333333337,0.5,1.0,0.3076923076923077,4,13,4
4584,0.7058823529411764,-0.4666666666666667,0.26666666666666666,0.3333333333333333,1.0,0.5454545454545454,6,11,6
4585,0.625,-0.2,0.4,0.6,1.0,0.45454545454545453,5,11,5
4586,0.8,-0.6666666666666666,0.16666666666666669,0.5,1.0,0.6666666666666666,4,6,4
4587,0.9090909090909091,0.4,0.7,0.6,1.0,0.8333333333333334,5,6,5
4588,0.7000000000000001,-0.047619047619047616,0.47619047619047616,0.7142857142857143,1.0,0.5384615384615384,7,13,7
4589,0.5,1.0,1.0,1.0,1.0,0.3333333333333333,4,12,4
4590,0.5,1.0,1.0,1.0,1.0,0.3333333333333333,5,15,5
4591,0.7272727272727273,1.0,1.0,1.0,1.0,0.5714285714285714,4,7,4
4592,0.6666666666666666,0.6,0.8,0.6,1.0,0.5,5,10,5
4593,0.8,0.6666666666666666,0.8333333333333333,0.75,1.0,0.6666666666666666,4,6,4
4594,0.6666666666666666,0.4,0.7,0.6,1.0,0.5,5,10,5
4595,0.6666666666666666,1.0,1.0,1.0,1.0,0.5,4,8,4
4596,0.6666666666666666,0.6666666666666666,0.8333333333333333,0.75,1.0,0.5,4,8,4
4597,0.923076923076923,0.7333333333333333,0.8666666666666667,0.8333333333333334,1.0,0.8571428571428571,6,7,6
4598,0.6666666666666666,0.4,0.7,0.8,1.0,0.5,5,10,5
4599,0.6666666666666666,-0.06666666666666667,0.4666666666666667,0.5,1.0,0.5,6,12,6
4600,0.8750000000000001,0.7142857142857143,0.8571428571428572,0.5714285714285714,1.0,0.7777777777777778,7,9,7
4601,0.5333333333333333,-0.3333333333333333,0.33333333333333337,0.5,1.0,0.36363636363636365,4,11,4
4602,0.6666666666666666,0.6666666666666666,0.8333333333333333,0.75,1.0,0.5,4,8,4
4603,0.6666666666666666,1.0,1.0,1.0,1.0,0.5,4,8,4
4604,0.7142857142857143,0.2,0.6,0.6,1.0,0.5555555555555556,5,9,5
4605,0.5333333333333333,-0.3333333333333333,0.33333333333333337,0.5,1.0,0.36363636363636365,4,11,4
4606,0.7142857142857143,0.2,0.6,0.6,1.0,0.5555555555555556,5,9,5
4607,0.6666666666666666,0.6666666666666666,0.8333333333333333,0.75,1.0,0.5,4,8,4
4608,0.896551724137931,0.41025641025641024,0.7051282051282051,0.5384615384615384,1.0,0.8125,13,16,13
4609,0.625,0.0,0.5,0.6,1.0,0.45454545454545453,5,11,5
4610,0.5,0.4,0.7,0.8,1.0,0.3333333333333333,5,15,5
4611,0.8235294117647058,-0.047619047619047616,0.47619047619047616,0.42857142857142855,1.0,0.7,7,10,7
4612,0.7692307692307693,0.8,0.9,0.8,1.0,0.625,5,8,5
4613,0.375,-0.3333333333333333,0.33333333333333337,0.6666666666666666,1.0,0.23076923076923078,3,13,3
4614,0.7058823529411764,0.3333333333333333,0.6666666666666666,0.8333333333333334,1.0,0.5454545454545454,6,11,6
4615,0.625,0.0,0.5,0.6,1.0,0.45454545454545453,5,11,5
4616,0.5,0.3333333333333333,0.6666666666666666,0.75,1.0,0.3333333333333333,4,12,4
4617,0.8,0.2,0.6,0.5,1.0,0.6666666666666666,6,9,6
4618,0.6,-1.0,0.0,0.3333333333333333,1.0,0.42857142857142855,3,7,3
4619,0.6153846153846153,-0.3333333333333333,0.33333333333333337,0.5,1.0,0.4444444444444444,4,9,4
4620,0.4,0.6666666666666666,0.8333333333333333,0.75,1.0,0.25,4,16,4
4621,0.7692307692307693,0.4,0.7,0.6,1.0,0.625,5,8,5
4622,0.5714285714285715,0.0,0.5,0.5,1.0,0.4,4,10,4
4623,0.5555555555555556,0.2,0.6,0.6,1.0,0.38461538461538464,5,13,5
4624,0.4,1.0,1.0,1.0,0.25,1.0,4,1,1
4625,0.5,0.6666666666666666,0.8333333333333333,0.75,1.0,0.3333333333333333,4,12,4
4626,0.7272727272727273,0.6666666666666666,0.8333333333333333,0.75,1.0,0.5714285714285714,4,7,4
4627,0.7272727272727273,-0.3333333333333333,0.33333333333333337,0.5,1.0,0.5714285714285714,4,7,4
4628,0.8571428571428571,-0.06666666666666667,0.4666666666666667,0.6666666666666666,1.0,0.75,6,8,6
4629,1.0,0.2,0.6,0.6,1.0,1.0,5,5,5
4630,0.7272727272727273,0.0,0.5,0.75,1.0,0.5714285714285714,4,7,4
4631,0.5555555555555556,0.6,0.8,0.8,1.0,0.38461538461538464,5,13,5
4632,0.8,0.2,0.6,0.6666666666666666,1.0,0.6666666666666666,6,9,6
4633,0.8333333333333333,0.6,0.8,0.8,1.0,0.7142857142857143,5,7,5
4634,0.5263157894736842,-0.2,0.4,0.6,1.0,0.35714285714285715,5,14,5
4635,0.7142857142857143,-0.2,0.4,0.4,1.0,0.5555555555555556,5,9,5
4636,0.6153846153846153,0.0,0.5,0.5,1.0,0.4444444444444444,4,9,4
4637,0.7272727272727273,0.6666666666666666,0.8333333333333333,0.75,1.0,0.5714285714285714,4,7,4
4638,0.7692307692307693,0.8,0.9,0.8,1.0,0.625,5,8,5
4639,0.6666666666666666,0.6666666666666666,0.8333333333333333,0.75,1.0,0.5,4,8,4
4640,0.6363636363636364,0.8095238095238095,0.9047619047619048,0.7142857142857143,1.0,0.4666666666666667,7,15,7
4641,0.8,0.0,0.5,0.5,1.0,0.6666666666666666,4,6,4
4642,0.5555555555555556,0.2,0.6,0.6,1.0,0.38461538461538464,5,13,5
4643,0.5714285714285715,0.06666666666666667,0.5333333333333333,0.6666666666666666,1.0,0.4,6,15,6
4644,0.8,0.21428571428571427,0.6071428571428571,0.5,1.0,0.6666666666666666,8,12,8
4645,0.4615384615384615,0.3333333333333333,0.6666666666666666,0.6666666666666666,1.0,0.3,3,10,3
4646,0.4,1.0,1.0,1.0,0.25,1.0,4,1,1
4647,0.923076923076923,0.6,0.8,0.6666666666666666,1.0,0.8571428571428571,6,7,6
4648,0.8,0.3333333333333333,0.6666666666666666,0.75,1.0,0.6666666666666666,4,6,4
4649,0.5555555555555556,0.8,0.9,0.8,1.0,0.38461538461538464,5,13,5
4650,0.8,-0.3333333333333333,0.33333333333333337,0.5,1.0,0.6666666666666666,4,6,4
4651,0.8695652173913044,0.28888888888888886,0.6444444444444444,0.5,1.0,0.7692307692307693,10,13,10
4652,0.6666666666666666,0.6666666666666666,0.8333333333333333,0.75,1.0,0.5,4,8,4
4653,0.6,0.3333333333333333,0.6666666666666666,0.6666666666666666,1.0,0.42857142857142855,3,7,3
4654,0.7692307692307693,0.4,0.7,0.6,1.0,0.625,5,8,5
4655,0.47058823529411764,-0.3333333333333333,0.33333333333333337,0.5,1.0,0.3076923076923077,4,13,4
4656,0.7142857142857143,1.0,1.0,1.0,1.0,0.5555555555555556,5,9,5
4657,0.7272727272727273,0.3333333333333333,0.6666666666666666,0.75,1.0,0.5714285714285714,4,7,4
4658,0.6666666666666666,0.3333333333333333,0.6666666666666666,0.6666666666666666,1.0,0.5,6,12,6
4659,0.625,0.4,0.7,0.6,1.0,0.45454545454545453,5,11,5
4660,0.7142857142857143,-0.2,0.4,0.6,1.0,0.5555555555555556,5,9,5
4661,0.7692307692307693,0.6,0.8,0.8,1.0,0.625,5,8,5
4662,0.6153846153846153,0.0,0.5,0.75,1.0,0.4444444444444444,4,9,4
4663,0.5714285714285715,-0.3333333333333333,0.33333333333333337,0.5,1.0,0.4,4,10,4
4664,0.7692307692307693,0.2,0.6,0.8,1.0,0.625,5,8,5
4665,0.5263157894736842,0.2,0.6,0.6,1.0,0.35714285714285715,5,14,5
4666,0.5714285714285715,0.3333333333333333,0.6666666666666666,0.5,1.0,0.4,4,10,4
4667,0.6153846153846153,0.0,0.5,0.75,1.0,0.4444444444444444,4,9,4
4668,0.7368421052631579,0.5238095238095238,0.7619047619047619,0.5714285714285714,1.0,0.5833333333333334,7,12,7
4669,0.7142857142857143,-0.6,0.2,0.4,1.0,0.5555555555555556,5,9,5
4670,0.5263157894736842,0.8,0.9,0.8,1.0,0.35714285714285715,5,14,5
4671,0.5,0.0,0.5,0.5,1.0,0.3333333333333333,4,12,4
4672,0.6153846153846153,1.0,1.0,1.0,1.0,0.4444444444444444,4,9,4
4673,0.7142857142857143,0.4,0.7,0.8,1.0,0.5555555555555556,5,9,5
4674,0.9,-0.16666666666666666,0.4166666666666667,0.4444444444444444,1.0,0.8181818181818182,9,11,9
4675,1.0,-0.3333333333333333,0.33333333333333337,0.5,1.0,1.0,6,6,6
4676,0.7142857142857143,0.0,0.5,0.6,1.0,0.5555555555555556,5,9,5
4677,0.9,0.0,0.5,0.4444444444444444,1.0,0.8181818181818182,9,11,9
4678,0.8,0.6666666666666666,0.8333333333333333,0.75,1.0,0.6666666666666666,4,6,4
4679,0.8,0.21428571428571427,0.6071428571428571,0.5,1.0,0.6666666666666666,8,12,8
4680,0.9090909090909091,-0.2,0.4,0.6,1.0,0.8333333333333334,5,6,5
4681,0.5454545454545454,0.06666666666666667,0.5333333333333333,0.5,1.0,0.375,6,16,6
4682,0.7142857142857143,0.4,0.7,0.6,1.0,0.5555555555555556,5,9,5
4683,0.5,0.6666666666666666,0.8333333333333333,0.75,1.0,0.3333333333333333,4,12,4
4684,0.47058823529411764,-0.3333333333333333,0.33333333333333337,0.5,1.0,0.3076923076923077,4,13,4
4685,0.6666666666666666,-0.6,0.2,0.3333333333333333,1.0,0.5,6,12,6
4686,0.7272727272727273,0.3333333333333333,0.6666666666666666,0.5,1.0,0.5714285714285714,4,7,4
4687,0.625,0.0,0.5,0.6,1.0,0.45454545454545453,5,11,5
4688,0.5,0.3333333333333333,0.6666666666666666,0.75,1.0,0.3333333333333333,4,12,4
4689,0.923076923076923,-0.2,0.4,0.6666666666666666,1.0,0.8571428571428571,6,7,6
4690,0.6666666666666666,-0.2,0.4,0.6,1.0,0.5,5,10,5
4691,0.42857142857142855,0.3333333333333333,0.6666666666666666,0.6666666666666666,1.0,0.2727272727272727,3,11,3
4692,0.6153846153846153,0.0,0.5,0.5,1.0,0.4444444444444444,4,9,4
4693,0.5714285714285715,0.3333333333333333,0.6666666666666666,0.75,1.0,0.4,4,10,4
4694,0.7499999999999999,0.4666666666666667,0.7333333333333334,0.6666666666666666,1.0,0.6,6,10,6
4695,0.7692307692307693,0.0,0.5,0.6,1.0,0.625,5,8,5
4696,0.5555555555555556,-0.4,0.3,0.4,1.0,0.38461538461538464,5,13,5
4697,0.5555555555555556,0.0,0.5,0.4,1.0,0.38461538461538464,5,13,5
4698,0.7368421052631579,0.23809523809523808,0.6190476190476191,0.7142857142857143,1.0,0.5833333333333334,7,12,7
4699,0.7142857142857143,0.4,0.7,0.6,1.0,0.5555555555555556,5,9,5
4700,0.5714285714285715,1.0,1.0,1.0,1.0,0.4,4,10,4
4701,0.9,0.2777777777777778,0.6388888888888888,0.6666666666666666,1.0,0.8181818181818182,9,11,9
4702,0.8,0.6666666666666666,0.8333333333333333,0.75,1.0,0.6666666666666666,4,6,4
4703,0.4347826086956522,0.2,0.6,0.6,1.0,0.2777777777777778,5,18,5
4704,0.631578947368421,-0.3333333333333333,0.33333333333333337,0.5,1.0,0.46153846153846156,6,13,6
4705,0.9,0.2222222222222222,0.6111111111111112,0.5555555555555556,1.0,0.8181818181818182,9,11,9
4706,0.6666666666666666,0.4666666666666667,0.7333333333333334,0.6666666666666666,1.0,0.5,6,12,6
4707,0.5882352941176471,0.4,0.7,0.6,1.0,0.4166666666666667,5,12,5
4708,0.8333333333333333,-0.2,0.4,0.4,1.0,0.7142857142857143,5,7,5
4709,0.8181818181818181,0.7222222222222222,0.8611111111111112,0.7777777777777778,1.0,0.6923076923076923,9,13,9
4710,0.8333333333333333,-0.2,0.4,0.4,1.0,0.7142857142857143,5,7,5
4711,0.6666666666666666,0.0,0.5,0.6,1.0,0.5,5,10,5
4712,0.47619047619047616,0.6,0.8,0.6,1.0,0.3125,5,16,5
4713,0.5454545454545454,0.3333333333333333,0.6666666666666666,0.6666666666666666,1.0,0.375,3,8,3
4714,0.625,0.2,0.6,0.6,1.0,0.45454545454545453,5,11,5
4715,0.5263157894736842,-0.2,0.4,0.6,1.0,0.35714285714285715,5,14,5
4716,0.7142857142857143,-0.4,0.3,0.4,1.0,0.5555555555555556,5,9,5
4717,0.8235294117647058,-0.047619047619047616,0.47619047619047616,0.5714285714285714,1.0,0.7,7,10,7
4718,0.5,1.0,1.0,1.0,1.0,0.3333333333333333,3,9,3
4719,1.0,0.06666666666666667,0.5333333333333333,0.5,1.0,1.0,6,6,6
4720,0.47619047619047616,-0.2,0.4,0.6,1.0,0.3125,5,16,5
4721,0.6666666666666666,0.3333333333333333,0.6666666666666666,0.75,1.0,0.5,4,8,4
4722,0.5714285714285715,0.3333333333333333,0.6666666666666666,0.75,1.0,0.4,4,10,4
4723,0.7692307692307693,0.8,0.9,0.8,1.0,0.625,5,8,5
4724,0.9333333333333333,0.42857142857142855,0.7142857142857143,0.7142857142857143,1.0,0.875,7,8,7
4725,0.7272727272727273,1.0,1.0,1.0,1.0,0.5714285714285714,4,7,4
4726,0.8571428571428571,-0.06666666666666667,0.4666666666666667,0.5,0.75,1.0,8,6,6
4727,0.5333333333333333,0.6666666666666666,0.8333333333333333,0.75,1.0,0.36363636363636365,4,11,4
4728,0.5333333333333333,-0.3333333333333333,0.33333333333333337,0.5,1.0,0.36363636363636365,4,11,4
4729,0.888888888888889,0.0,0.5,0.75,1.0,0.8,4,5,4
4730,0.5714285714285715,-0.3333333333333333,0.33333333333333337,0.5,1.0,0.4,4,10,4
4731,0.7142857142857143,-0.4,0.3,0.4,1.0,0.5555555555555556,5,9,5
4732,0.7692307692307693,-0.4,0.3,0.4,1.0,0.625,5,8,5
4733,0.6666666666666666,0.14285714285714285,0.5714285714285714,0.7142857142857143,1.0,0.5,7,14,7
4734,0.6666666666666666,-0.06666666666666667,0.4666666666666667,0.6666666666666666,1.0,0.5,6,12,6
4735,0.5555555555555556,-0.2,0.4,0.6,1.0,0.38461538461538464,5,13,5
4736,0.8235294117647058,-0.23809523809523808,0.38095238095238093,0.5714285714285714,1.0,0.7,7,10,7
4737,0.8333333333333333,0.2,0.6,0.6,1.0,0.7142857142857143,5,7,5
4738,0.5,0.0,0.5,0.75,1.0,0.3333333333333333,4,12,4
4739,0.47058823529411764,0.6666666666666666,0.8333333333333333,0.75,1.0,0.3076923076923077,4,13,4
4740,0.5263157894736842,0.2,0.6,0.6,1.0,0.35714285714285715,5,14,5
4741,0.5882352941176471,-0.2,0.4,0.6,1.0,0.4166666666666667,5,12,5
4742,0.7368421052631579,0.42857142857142855,0.7142857142857143,0.7142857142857143,1.0,0.5833333333333334,7,12,7
4743,0.5714285714285715,-0.2,0.4,0.5,1.0,0.4,6,15,6
4744,0.47058823529411764,0.0,0.5,0.5,1.0,0.3076923076923077,4,13,4
4745,0.5555555555555556,0.0,0.5,0.6,1.0,0.38461538461538464,5,13,5
4746,0.6666666666666666,0.0,0.5,0.75,1.0,0.5,4,8,4
4747,0.9090909090909091,0.4,0.7,0.6,1.0,0.8333333333333334,5,6,5
4748,0.6666666666666666,-0.8,0.09999999999999998,0.4,1.0,0.5,5,10,5
4749,0.8333333333333333,0.4,0.7,0.6,1.0,0.7142857142857143,5,7,5
4750,0.888888888888889,-0.3333333333333333,0.33333333333333337,0.5,1.0,0.8,4,5,4
4751,0.7058823529411764,-0.2,0.4,0.5,1.0,0.5454545454545454,6,11,6
4752,0.7499999999999999,0.06666666666666667,0.5333333333333333,0.5,1.0,0.6,6,10,6
4753,0.6666666666666666,0.8,0.9,0.8,1.0,0.5,5,10,5
4754,0.4444444444444445,0.3333333333333333,0.6666666666666666,0.75,1.0,0.2857142857142857,4,14,4
4755,0.7272727272727273,0.3333333333333333,0.6666666666666666,0.75,1.0,0.5714285714285714,4,7,4
4756,0.7058823529411764,-0.4666666666666667,0.26666666666666666,0.5,1.0,0.5454545454545454,6,11,6
4757,0.7692307692307693,0.0,0.5,0.4,1.0,0.625,5,8,5
4758,0.5,-0.6666666666666666,0.16666666666666669,0.5,1.0,0.3333333333333333,4,12,4
4759,0.7368421052631579,-0.23809523809523808,0.38095238095238093,0.42857142857142855,1.0,0.5833333333333334,7,12,7
4760,1.0,-0.2,0.4,0.6,1.0,1.0,5,5,5
4761,0.5555555555555556,0.0,0.5,0.6,1.0,0.38461538461538464,5,13,5
4762,0.6666666666666666,-0.047619047619047616,0.47619047619047616,0.42857142857142855,1.0,0.5,7,14,7
4763,0.6666666666666666,0.3333333333333333,0.6666666666666666,0.75,1.0,0.5,4,8,4
4764,0.9090909090909091,0.2,0.6,0.6,1.0,0.8333333333333334,5,6,5
4765,0.5,0.3333333333333333,0.6666666666666666,0.5,1.0,0.3333333333333333,4,12,4
4766,0.47058823529411764,-0.3333333333333333,0.33333333333333337,0.5,1.0,0.3076923076923077,4,13,4
4767,0.7000000000000001,0.14285714285714285,0.5714285714285714,0.5714285714285714,1.0,0.5384615384615384,7,13,7
4768,0.7272727272727273,0.6666666666666666,0.8333333333333333,0.75,1.0,0.5714285714285714,4,7,4
4769,0.888888888888889,-1.0,0.0,0.25,1.0,0.8,4,5,4
4770,0.7000000000000001,0.42857142857142855,0.7142857142857143,0.7142857142857143,1.0,0.5384615384615384,7,13,7
4771,0.9090909090909091,0.0,0.5,0.6,1.0,0.8333333333333334,5,6,5
4772,0.5714285714285715,-0.6666666666666666,0.16666666666666669,0.5,1.0,0.4,4,10,4
4773,0.5714285714285715,1.0,1.0,1.0,1.0,0.4,4,10,4
4774,0.9090909090909091,-0.6,0.2,0.4,1.0,0.8333333333333334,5,6,5
4775,0.7777777777777778,0.5238095238095238,0.7619047619047619,0.7142857142857143,1.0,0.6363636363636364,7,11,7
4776,0.7692307692307693,1.0,1.0,1.0,1.0,0.625,5,8,5
4777,0.5263157894736842,-0.2,0.4,0.6,1.0,0.35714285714285715,5,14,5
4778,0.4,-0.3333333333333333,0.33333333333333337,0.6666666666666666,1.0,0.25,3,12,3
4779,0.5882352941176471,0.4,0.7,0.6,1.0,0.4166666666666667,5,12,5
4780,0.6666666666666666,0.6666666666666666,0.8333333333333333,0.75,1.0,0.5,4,8,4
4781,0.5882352941176471,0.2,0.6,0.6,1.0,0.4166666666666667,5,12,5
4782,1.0,0.2,0.6,0.5,1.0,1.0,6,6,6
4783,0.8333333333333333,0.2,0.6,0.6,1.0,0.7142857142857143,5,7,5
4784,0.4444444444444445,0.0,0.5,0.5,1.0,0.2857142857142857,4,14,4
4785,0.7368421052631579,0.5238095238095238,0.7619047619047619,0.5714285714285714,1.0,0.5833333333333334,7,12,7
4786,0.4,1.0,1.0,1.0,1.0,0.25,3,12,3
4787,0.888888888888889,0.3333333333333333,0.6666666666666666,0.75,1.0,0.8,4,5,4
4788,0.8571428571428571,0.6,0.8,0.8333333333333334,1.0,0.75,6,8,6
4789,0.9090909090909091,0.4,0.7,0.8,1.0,0.8333333333333334,5,6,5
4790,0.6153846153846153,0.0,0.5,0.5,1.0,0.4444444444444444,4,9,4
4791,0.7499999999999999,-0.2,0.4,0.5,1.0,0.6,6,10,6
4792,0.8,0.6666666666666666,0.8333333333333333,0.75,1.0,0.6666666666666666,4,6,4
4793,0.625,0.6,0.8,0.6,1.0,0.45454545454545453,5,11,5
4794,0.8333333333333333,-0.4,0.3,0.4,1.0,0.7142857142857143,5,7,5
4795,0.5714285714285715,0.3333333333333333,0.6666666666666666,0.75,1.0,0.4,4,10,4
4796,0.6666666666666666,0.6,0.8,0.8,1.0,0.5,5,10,5
4797,0.0,1.0,1.0,1.0,0.0,0.0,0,12,0
4798,0.6666666666666666,0.0,0.5,0.5,1.0,0.5,4,8,4
4799,0.5333333333333333,0.0,0.5,0.5,1.0,0.36363636363636365,4,11,4
4800,0.5555555555555556,0.2,0.6,0.6,1.0,0.38461538461538464,5,13,5
4801,0.7499999999999999,0.3333333333333333,0.6666666666666666,0.6666666666666666,1.0,0.6,9,15,9
4802,0.5555555555555556,0.4,0.7,0.8,1.0,0.38461538461538464,5,13,5
4803,0.4,0.0,0.5,0.75,1.0,0.25,4,16,4
4804,0.8,0.6666666666666666,0.8333333333333333,0.75,1.0,0.6666666666666666,4,6,4
4805,1.0,0.6,0.8,0.8333333333333334,1.0,1.0,6,6,6
4806,0.47058823529411764,0.3333333333333333,0.6666666666666666,0.5,1.0,0.3076923076923077,4,13,4
4807,0.8571428571428571,0.7333333333333333,0.8666666666666667,0.6666666666666666,1.0,0.75,6,8,6
4808,0.4,1.0,1.0,1.0,0.25,1.0,4,1,1
4809,0.8,0.7333333333333333,0.8666666666666667,0.8333333333333334,1.0,0.6666666666666666,6,9,6
4810,0.8421052631578948,0.35714285714285715,0.6785714285714286,0.625,1.0,0.7272727272727273,8,11,8
4811,0.6666666666666666,1.0,1.0,1.0,1.0,0.5,4,8,4
4812,0.7499999999999999,0.3333333333333333,0.6666666666666666,0.6666666666666666,1.0,0.6,6,10,6
4813,0.6153846153846153,0.3333333333333333,0.6666666666666666,0.75,1.0,0.4444444444444444,4,9,4
4814,0.625,0.8,0.9,0.8,1.0,0.45454545454545453,5,11,5
4815,0.5,1.0,1.0,1.0,0.3333333333333333,1.0,3,1,1
4816,0.6666666666666666,0.4,0.7,0.6,1.0,0.5,5,10,5
4817,0.6666666666666666,0.0,0.5,0.75,1.0,0.5,4,8,4
4818,1.0,0.06666666666666667,0.5333333333333333,0.5,1.0,1.0,6,6,6
4819,0.6153846153846153,0.3333333333333333,0.6666666666666666,0.5,1.0,0.4444444444444444,4,9,4
4820,0.5882352941176471,0.6,0.8,0.8,1.0,0.4166666666666667,5,12,5
4821,0.888888888888889,0.0,0.5,0.5,0.8,1.0,5,4,4
4822,0.5,-0.6666666666666666,0.16666666666666669,0.5,1.0,0.3333333333333333,4,12,4
4823,0.5,1.0,1.0,1.0,1.0,0.3333333333333333,4,12,4
4824,0.5714285714285715,0.3333333333333333,0.6666666666666666,0.75,1.0,0.4,4,10,4
4825,0.7692307692307693,-0.4,0.3,0.6,1.0,0.625,5,8,5
4826,0.6666666666666666,-0.6666666666666666,0.16666666666666669,0.5,1.0,0.5,4,8,4
4827,0.7499999999999999,-0.06666666666666667,0.4666666666666667,0.5,1.0,0.6,6,10,6
4828,0.7272727272727273,1.0,1.0,1.0,1.0,0.5714285714285714,4,7,4
4829,0.625,0.8,0.9,0.8,1.0,0.45454545454545453,5,11,5
4830,0.6666666666666666,1.0,1.0,1.0,1.0,0.5,4,8,4
4831,0.4210526315789474,0.3333333333333333,0.6666666666666666,0.75,1.0,0.26666666666666666,4,15,4
4832,0.6153846153846153,0.3333333333333333,0.6666666666666666,0.75,1.0,0.4444444444444444,4,9,4
4833,0.4210526315789474,0.3333333333333333,0.6666666666666666,0.75,1.0,0.26666666666666666,4,15,4
4834,1.0,0.2,0.6,0.8,1.0,1.0,5,5,5
4835,0.7499999999999999,-0.4666666666666667,0.26666666666666666,0.5,1.0,0.6,6,10,6
4836,0.7499999999999999,0.7333333333333333,0.8666666666666667,0.6666666666666666,1.0,0.6,6,10,6
4837,0.625,0.0,0.5,0.6,1.0,0.45454545454545453,5,11,5
4838,0.6666666666666666,0.8571428571428571,0.9285714285714286,0.875,1.0,0.5,8,16,8
4839,0.8235294117647058,-0.14285714285714285,0.4285714285714286,0.42857142857142855,1.0,0.7,7,10,7
4840,0.47058823529411764,0.6666666666666666,0.8333333333333333,0.75,1.0,0.3076923076923077,4,13,4
4841,0.5,0.6666666666666666,0.8333333333333333,0.75,1.0,0.3333333333333333,4,12,4
4842,0.5,1.0,1.0,1.0,1.0,0.3333333333333333,3,9,3
4843,0.5333333333333333,-0.6666666666666666,0.16666666666666669,0.5,1.0,0.36363636363636365,4,11,4
4844,0.6666666666666666,-0.2,0.4,0.6,1.0,0.5,5,10,5
4845,0.6153846153846153,0.6666666666666666,0.8333333333333333,0.75,1.0,0.4444444444444444,4,9,4
4846,0.7142857142857143,0.6,0.8,0.8,1.0,0.5555555555555556,5,9,5
4847,0.8,0.06666666666666667,0.5333333333333333,0.5,1.0,0.6666666666666666,6,9,6
4848,0.9090909090909091,0.4,0.7,0.8,1.0,0.8333333333333334,5,6,5
4849,0.7142857142857143,0.4,0.7,0.6,1.0,0.5555555555555556,5,9,5
4850,0.5,-0.2,0.4,0.4,1.0,0.3333333333333333,5,15,5
4851,0.625,0.0,0.5,0.6,1.0,0.45454545454545453,5,11,5
4852,0.7272727272727273,0.0,0.5,0.5,1.0,0.5714285714285714,4,7,4
4853,0.625,0.0,0.5,0.6,1.0,0.45454545454545453,5,11,5
4854,0.5714285714285715,-0.6666666666666666,0.16666666666666669,0.5,1.0,0.4,4,10,4
4855,0.9090909090909091,0.8,0.9,0.8,1.0,0.8333333333333334,5,6,5
4856,0.8,0.3333333333333333,0.6666666666666666,0.75,1.0,0.6666666666666666,4,6,4
4857,0.8235294117647058,0.5238095238095238,0.7619047619047619,0.7142857142857143,1.0,0.7,7,10,7
4858,0.4615384615384615,1.0,1.0,1.0,1.0,0.3,3,10,3
4859,0.9090909090909091,0.8,0.9,0.8,1.0,0.8333333333333334,5,6,5
4860,0.4444444444444445,0.3333333333333333,0.6666666666666666,0.75,1.0,0.2857142857142857,4,14,4
4861,0.6153846153846153,-0.3333333333333333,0.33333333333333337,0.5,1.0,0.4444444444444444,4,9,4
4862,0.5714285714285715,1.0,1.0,1.0,1.0,0.4,4,10,4
4863,0.5333333333333333,0.3333333333333333,0.6666666666666666,0.75,1.0,0.36363636363636365,4,11,4
4864,0.4,0.3333333333333333,0.6666666666666666,0.75,1.0,0.25,4,16,4
4865,0.7692307692307693,0.0,0.5,0.6,1.0,0.625,5,8,5
4866,0.6,-0.06666666666666667,0.4666666666666667,0.5,1.0,0.42857142857142855,6,14,6
4867,0.5333333333333333,-0.3333333333333333,0.33333333333333337,0.5,1.0,0.36363636363636365,4,11,4
4868,1.0,0.42857142857142855,0.7142857142857143,0.625,1.0,1.0,8,8,8
4869,0.7142857142857143,0.4,0.7,0.6,1.0,0.5555555555555556,5,9,5
4870,0.8,0.3333333333333333,0.6666666666666666,0.6666666666666666,1.0,0.6666666666666666,6,9,6
4871,0.5,0.2,0.6,0.6,1.0,0.3333333333333333,5,15,5
4872,0.7692307692307693,0.6,0.8,0.8,1.0,0.625,5,8,5
4873,0.888888888888889,0.35714285714285715,0.6785714285714286,0.75,1.0,0.8,8,10,8
4874,0.6153846153846153,-0.3333333333333333,0.33333333333333337,0.5,1.0,0.4444444444444444,4,9,4
4875,0.888888888888889,0.0,0.5,0.5,1.0,0.8,4,5,4
4876,0.6666666666666666,0.6666666666666666,0.8333333333333333,0.75,1.0,0.5,4,8,4
4877,0.42857142857142855,-1.0,0.0,0.3333333333333333,1.0,0.2727272727272727,3,11,3
4878,0.888888888888889,-0.6666666666666666,0.16666666666666669,0.5,1.0,0.8,4,5,4
4879,0.4210526315789474,0.3333333333333333,0.6666666666666666,0.75,1.0,0.26666666666666666,4,15,4
4880,0.5555555555555556,-0.6,0.2,0.4,1.0,0.38461538461538464,5,13,5
4881,0.5,0.6666666666666666,0.8333333333333333,0.75,1.0,0.3333333333333333,4,12,4
4882,0.7142857142857143,0.4,0.7,0.6,1.0,0.5555555555555556,5,9,5
4883,0.8333333333333333,-0.4,0.3,0.4,1.0,0.7142857142857143,5,7,5
4884,0.8235294117647058,0.3333333333333333,0.6666666666666666,0.5714285714285714,1.0,0.7,7,10,7
4885,0.888888888888889,0.3333333333333333,0.6666666666666666,0.75,1.0,0.8,4,5,4
4886,0.6153846153846153,0.3333333333333333,0.6666666666666666,0.75,1.0,0.4444444444444444,4,9,4
4887,0.6666666666666666,1.0,1.0,1.0,1.0,0.5,4,8,4
4888,0.888888888888889,0.6428571428571429,0.8214285714285714,0.625,1.0,0.8,8,10,8
4889,0.33333333333333337,1.0,1.0,1.0,1.0,0.2,3,15,3
4890,0.7272727272727273,0.3333333333333333,0.6666666666666666,0.75,1.0,0.5714285714285714,4,7,4
4891,0.6153846153846153,0.6666666666666666,0.8333333333333333,0.75,1.0,0.4444444444444444,4,9,4
4892,0.6666666666666666,0.2,0.6,0.6,1.0,0.5,5,10,5
4893,0.8571428571428571,0.3333333333333333,0.6666666666666666,0.5555555555555556,1.0,0.75,9,12,9
4894,0.9411764705882353,0.42857142857142855,0.7142857142857143,0.625,1.0,0.8888888888888888,8,9,8
4895,0.9333333333333333,0.23809523809523808,0.6190476190476191,0.42857142857142855,1.0,0.875,7,8,7
4896,0.7000000000000001,0.14285714285714285,0.5714285714285714,0.7142857142857143,1.0,0.5384615384615384,7,13,7
4897,0.8,0.3333333333333333,0.6666666666666666,0.75,1.0,0.6666666666666666,4,6,4
4898,1.0,0.6,0.8,0.8,1.0,1.0,5,5,5
4899,0.7692307692307693,-0.2,0.4,0.4,1.0,0.625,5,8,5
4900,0.5333333333333333,0.6666666666666666,0.8333333333333333,0.75,1.0,0.36363636363636365,4,11,4
4901,0.6666666666666666,0.2,0.6,0.6,1.0,0.5,5,10,5
4902,0.6956521739130436,0.14285714285714285,0.5714285714285714,0.625,1.0,0.5333333333333333,8,15,8
4903,0.7272727272727273,0.6666666666666666,0.8333333333333333,0.75,1.0,0.5714285714285714,4,7,4
4904,0.7692307692307693,0.4,0.7,0.8,1.0,0.625,5,8,5
4905,0.5,0.3333333333333333,0.6666666666666666,0.75,1.0,0.3333333333333333,4,12,4
4906,0.5882352941176471,0.0,0.5,0.6,1.0,0.4166666666666667,5,12,5
4907,0.923076923076923,0.06666666666666667,0.5333333333333333,0.5,1.0,0.8571428571428571,6,7,6
4908,0.8421052631578948,0.0,0.5,0.5,1.0,0.7272727272727273,8,11,8
4909,0.6153846153846153,1.0,1.0,1.0,1.0,0.4444444444444444,4,9,4
4910,0.35294117647058826,0.3333333333333333,0.6666666666666666,0.6666666666666666,1.0,0.21428571428571427,3,14,3
4911,0.631578947368421,0.6,0.8,0.8333333333333334,1.0,0.46153846153846156,6,13,6
4912,0.47058823529411764,0.3333333333333333,0.6666666666666666,0.75,1.0,0.3076923076923077,4,13,4
4913,0.923076923076923,0.2,0.6,0.6666666666666666,1.0,0.8571428571428571,6,7,6
4914,0.631578947368421,0.6,0.8,0.6666666666666666,1.0,0.46153846153846156,6,13,6
4915,0.0,1.0,1.0,1.0,0.0,0.0,0,10,0
4916,0.8333333333333333,0.6,0.8,0.8,1.0,0.7142857142857143,5,7,5
4917,0.5555555555555556,0.6,0.8,0.6,1.0,0.38461538461538464,5,13,5
4918,0.6153846153846153,0.0,0.5,0.5,1.0,0.4444444444444444,4,9,4
4919,0.47058823529411764,-0.3333333333333333,0.33333333333333337,0.5,1.0,0.3076923076923077,4,13,4
4920,0.6666666666666666,0.6666666666666666,0.8333333333333333,0.75,1.0,0.5,4,8,4
4921,0.8333333333333333,0.2,0.6,0.6,1.0,0.7142857142857143,5,7,5
4922,0.625,-0.2,0.4,0.4,1.0,0.45454545454545453,5,11,5
4923,0.6153846153846153,0.3333333333333333,0.6666666666666666,0.75,1.0,0.4444444444444444,4,9,4
4924,0.5882352941176471,0.2,0.6,0.6,1.0,0.4166666666666667,5,12,5
4925,0.6666666666666666,0.4,0.7,0.6,1.0,0.5,5,10,5
4926,0.4210526315789474,-0.3333333333333333,0.33333333333333337,0.5,1.0,0.26666666666666666,4,15,4
4927,0.6,-0.3333333333333333,0.33333333333333337,0.5,1.0,0.42857142857142855,6,14,6
4928,0.8,0.2,0.6,0.5,1.0,0.6666666666666666,6,9,6
4929,0.5714285714285715,-0.3333333333333333,0.33333333333333337,0.5,1.0,0.4,6,15,6
4930,1.0,0.2,0.6,0.6666666666666666,1.0,1.0,6,6,6
4931,0.47619047619047616,0.0,0.5,0.6,1.0,0.3125,5,16,5
4932,0.6666666666666666,0.0,0.5,0.4,1.0,0.5,5,10,5
4933,0.9090909090909091,-0.8,0.09999999999999998,0.4,1.0,0.8333333333333334,5,6,5
4934,0.5714285714285715,0.6666666666666666,0.8333333333333333,0.75,1.0,0.4,4,10,4
4935,0.7272727272727273,0.0,0.5,0.5,1.0,0.5714285714285714,4,7,4
4936,0.8,0.3333333333333333,0.6666666666666666,0.5,1.0,0.6666666666666666,4,6,4
4937,0.625,-0.4,0.3,0.6,1.0,0.45454545454545453,5,11,5
4938,1.0,0.9047619047619048,0.9523809523809523,0.8571428571428571,1.0,1.0,7,7,7
4939,0.35294117647058826,-0.3333333333333333,0.33333333333333337,0.6666666666666666,1.0,0.21428571428571427,3,14,3
4940,0.6666666666666666,-0.06666666666666667,0.4666666666666667,0.5,1.0,0.5,6,12,6
4941,0.8,0.2,0.6,0.5,1.0,0.6666666666666666,6,9,6
4942,1.0,-0.2,0.4,0.6,1.0,1.0,5,5,5
4943,0.8,0.0,0.5,0.75,1.0,0.6666666666666666,4,6,4
4944,0.6,0.6,0.8,0.6666666666666666,1.0,0.42857142857142855,6,14,6
4945,1.0,0.8,0.9,0.8,1.0,1.0,5,5,5
4946,0.7272727272727273,1.0,1.0,1.0,1.0,0.5714285714285714,4,7,4
4947,0.6153846153846153,0.3333333333333333,0.6666666666666666,0.75,1.0,0.4444444444444444,4,9,4
4948,0.888888888888889,0.6666666666666666,0.8333333333333333,0.75,1.0,0.8,4,5,4
4949,0.8,-0.2,0.4,0.5,1.0,0.6666666666666666,6,9,6
4950,0.888888888888889,-0.3333333333333333,0.33333333333333337,0.5,1.0,0.8,4,5,4
4951,0.6666666666666666,0.4,0.7,0.6,1.0,0.5,5,10,5
4952,1.0,0.6666666666666666,0.8333333333333333,0.75,1.0,1.0,4,4,4
4953,1.0,0.5555555555555556,0.7777777777777778,0.6666666666666666,1.0,1.0,9,9,9
4954,0.6666666666666666,0.0,0.5,0.75,1.0,0.5,4,8,4
4955,0.5555555555555556,0.6,0.8,0.6,1.0,0.38461538461538464,5,13,5
4956,0.8,0.0,0.5,0.5,1.0,0.6666666666666666,4,6,4
4957,0.4444444444444445,-0.3333333333333333,0.33333333333333337,0.5,1.0,0.2857142857142857,4,14,4
4958,0.7272727272727273,-0.3333333333333333,0.33333333333333337,0.5,1.0,0.5714285714285714,4,7,4
4959,0.7272727272727273,0.0,0.5,0.5,1.0,0.5714285714285714,4,7,4
4960,0.8235294117647058,-0.23809523809523808,0.38095238095238093,0.42857142857142855,1.0,0.7,7,10,7
4961,0.6153846153846153,0.0,0.5,0.75,1.0,0.4444444444444444,4,9,4
4962,0.625,0.2,0.6,0.8,1.0,0.45454545454545453,5,11,5
4963,0.5555555555555556,0.4,0.7,0.6,1.0,0.38461538461538464,5,13,5
4964,0.8,1.0,1.0,1.0,1.0,0.6666666666666666,4,6,4
4965,0.7272727272727273,1.0,1.0,1.0,1.0,0.5714285714285714,4,7,4
4966,0.7272727272727273,-0.3333333333333333,0.33333333333333337,0.5,1.0,0.5714285714285714,4,7,4
4967,0.5,0.4,0.7,0.6,1.0,0.3333333333333333,5,15,5
4968,0.4,0.3333333333333333,0.6666666666666666,0.75,1.0,0.25,4,16,4
4969,0.6666666666666666,-0.3333333333333333,0.33333333333333337,0.5,1.0,0.5,4,8,4
4970,0.6666666666666666,0.42857142857142855,0.7142857142857143,0.7142857142857143,1.0,0.5,7,14,7
4971,0.6153846153846153,0.3333333333333333,0.6666666666666666,0.75,1.0,0.4444444444444444,4,9,4
4972,0.7142857142857143,-0.2,0.4,0.6,1.0,0.5555555555555556,5,9,5
4973,0.7272727272727273,0.6666666666666666,0.8333333333333333,0.75,1.0,0.5714285714285714,4,7,4
4974,0.9090909090909091,0.2,0.6,0.6,1.0,0.8333333333333334,5,6,5
4975,0.7368421052631579,0.23809523809523808,0.6190476190476191,0.7142857142857143,1.0,0.5833333333333334,7,12,7
4976,0.7272727272727273,0.3333333333333333,0.6666666666666666,0.75,1.0,0.5714285714285714,4,7,4
4977,0.8750000000000001,0.14285714285714285,0.5714285714285714,0.42857142857142855,1.0,0.7777777777777778,7,9,7
4978,0.4,-0.3333333333333333,0.33333333333333337,0.5,1.0,0.25,4,16,4
4979,0.9333333333333333,0.42857142857142855,0.7142857142857143,0.7142857142857143,1.0,0.875,7,8,7
4980,0.5,-0.3333333333333333,0.33333333333333337,0.5,1.0,0.3333333333333333,4,12,4
4981,0.5882352941176471,0.6,0.8,0.8,1.0,0.4166666666666667,5,12,5
4982,0.47058823529411764,0.3333333333333333,0.6666666666666666,0.75,1.0,0.3076923076923077,4,13,4
4983,0.7272727272727273,1.0,1.0,1.0,1.0,0.5714285714285714,4,7,4
4984,0.8571428571428571,0.4666666666666667,0.7333333333333334,0.6666666666666666,1.0,0.75,6,8,6
4985,0.5454545454545454,-0.3333333333333333,0.33333333333333337,0.6666666666666666,1.0,0.375,3,8,3
4986,0.6666666666666666,1.0,1.0,1.0,1.0,0.5,5,10,5
4987,0.7692307692307693,1.0,1.0,1.0,1.0,0.625,5,8,5
4988,0.625,-0.4,0.3,0.6,1.0,0.45454545454545453,5,11,5
4989,0.6666666666666666,0.0,0.5,0.4,1.0,0.5,5,10,5
4990,1.0,0.8,0.9,0.8,1.0,1.0,5,5,5
4991,0.6666666666666666,0.0,0.5,0.5,1.0,0.5,4,8,4
4992,0.9090909090909091,0.4,0.7,0.6,0.8333333333333334,1.0,6,5,5
4993,0.625,0.4,0.7,0.6,1.0,0.45454545454545453,5,11,5
4994,0.5333333333333333,0.3333333333333333,0.6666666666666666,0.75,1.0,0.36363636363636365,4,11,4
4995,0.6,1.0,1.0,1.0,1.0,0.42857142857142855,3,7,3
4996,0.7272727272727273,0.14285714285714285,0.5714285714285714,0.5,1.0,0.5714285714285714,8,14,8
4997,0.5555555555555556,0.6,0.8,0.8,1.0,0.38461538461538464,5,13,5
4998,0.625,-0.2,0.4,0.4,1.0,0.45454545454545453,5,11,5
4999,0.4,0.0,0.5,0.5,1.0,0.25,4,16,4
5000,0.7142857142857143,0.0,0.5,0.6,1.0,0.5555555555555556,5,9,5
5001,0.5714285714285715,0.3333333333333333,0.6666666666666666,0.75,1.0,0.4,4,10,4
5002,0.6153846153846153,0.6666666666666666,0.8333333333333333,0.75,1.0,0.4444444444444444,4,9,4
5003,0.7272727272727273,0.6666666666666666,0.8333333333333333,0.75,1.0,0.5714285714285714,4,7,4
5004,0.7272727272727273,0.3333333333333333,0.6666666666666666,0.75,1.0,0.5714285714285714,4,7,4
5005,0.631578947368421,0.06666666666666667,0.5333333333333333,0.5,1.0,0.46153846153846156,6,13,6
5006,0.5882352941176471,0.2,0.6,0.6,1.0,0.4166666666666667,5,12,5
5007,0.8571428571428571,-0.6,0.2,0.3333333333333333,1.0,0.75,6,8,6
5008,0.0,1.0,1.0,1.0,0.0,0.0,0,10,0
5009,0.0,1.0,1.0,1.0,0.0,0.0,0,6,0
5010,0.6153846153846153,0.3333333333333333,0.6666666666666666,0.75,1.0,0.4444444444444444,4,9,4
5011,0.6666666666666666,1.0,1.0,1.0,1.0,0.5,3,6,3
5012,0.9090909090909091,-0.2,0.4,0.4,1.0,0.8333333333333334,5,6,5
5013,0.6153846153846153,1.0,1.0,1.0,1.0,0.4444444444444444,4,9,4
5014,0.7499999999999999,0.4666666666666667,0.7333333333333334,0.5,1.0,0.6,6,10,6
5015,0.5882352941176471,0.6,0.8,0.8,1.0,0.4166666666666667,5,12,5
5016,0.47058823529411764,-0.6666666666666666,0.16666666666666669,0.5,1.0,0.3076923076923077,4,13,4
5017,0.5714285714285715,1.0,1.0,1.0,1.0,0.4,4,10,4
5018,0.8571428571428571,0.8666666666666667,0.9333333333333333,0.8333333333333334,1.0,0.75,6,8,6
5019,0.47058823529411764,0.0,0.5,0.5,1.0,0.3076923076923077,4,13,4
5020,0.7058823529411764,0.06666666666666667,0.5333333333333333,0.6666666666666666,1.0,0.5454545454545454,6,11,6
5021,0.6153846153846153,0.6666666666666666,0.8333333333333333,0.75,1.0,0.4444444444444444,4,9,4
5022,0.5555555555555556,0.4,0.7,0.6,1.0,0.38461538461538464,5,13,5
5023,0.5714285714285715,0.3333333333333333,0.6666666666666666,0.5,1.0,0.4,4,10,4
5024,0.7499999999999999,0.6,0.8,0.6666666666666666,1.0,0.6,6,10,6
5025,0.6153846153846153,0.6666666666666666,0.8333333333333333,0.75,1.0,0.4444444444444444,4,9,4
5026,0.7692307692307693,0.0,0.5,0.6,1.0,0.625,5,8,5
5027,0.8,0.3333333333333333,0.6666666666666666,0.75,1.0,0.6666666666666666,4,6,4
5028,0.6,-0.2,0.4,0.6666666666666666,1.0,0.42857142857142855,6,14,6
5029,0.6153846153846153,0.3333333333333333,0.6666666666666666,0.75,1.0,0.4444444444444444,4,9,4
5030,0.6666666666666666,1.0,1.0,1.0,1.0,0.5,4,8,4
5031,0.375,0.3333333333333333,0.6666666666666666,0.6666666666666666,1.0,0.23076923076923078,3,13,3
5032,0.5714285714285715,0.0,0.5,0.5,1.0,0.4,4,10,4
5033,0.5555555555555556,0.0,0.5,0.6,1.0,0.38461538461538464,5,13,5
5034,0.6666666666666666,0.0,0.5,0.5,1.0,0.5,4,8,4
5035,0.6666666666666666,-0.2,0.4,0.5,1.0,0.5,6,12,6
5036,0.6666666666666666,-0.2,0.4,0.4,1.0,0.5,5,10,5
5037,0.7272727272727273,1.0,1.0,1.0,1.0,0.5714285714285714,4,7,4
5038,0.8,0.3333333333333333,0.6666666666666666,0.5,1.0,0.6666666666666666,4,6,4
5039,0.7368421052631579,-0.5238095238095238,0.23809523809523808,0.2857142857142857,1.0,0.5833333333333334,7,12,7
5040,0.5555555555555556,0.2,0.6,0.6,1.0,0.38461538461538464,5,13,5
5041,1.0,0.047619047619047616,0.5238095238095238,0.5714285714285714,1.0,1.0,7,7,7
5042,0.6363636363636364,0.047619047619047616,0.5238095238095238,0.5714285714285714,1.0,0.4666666666666667,7,15,7
5043,0.7058823529411764,0.7333333333333333,0.8666666666666667,0.8333333333333334,1.0,0.5454545454545454,6,11,6
5044,0.6153846153846153,1.0,1.0,1.0,1.0,0.4444444444444444,4,9,4
5045,0.5714285714285715,0.0,0.5,0.5,1.0,0.4,4,10,4
5046,0.625,-0.2,0.4,0.4,1.0,0.45454545454545453,5,11,5
5047,0.9090909090909091,0.4,0.7,0.6,1.0,0.8333333333333334,5,6,5
5048,0.5714285714285715,-0.3333333333333333,0.33333333333333337,0.5,1.0,0.4,4,10,4
5049,0.4,0.3333333333333333,0.6666666666666666,0.6666666666666666,1.0,0.25,3,12,3
5050,0.9090909090909091,0.2,0.6,0.8,1.0,0.8333333333333334,5,6,5
5051,0.4615384615384615,1.0,1.0,1.0,1.0,0.3,3,10,3
5052,0.7272727272727273,-0.3333333333333333,0.33333333333333337,0.5,1.0,0.5714285714285714,4,7,4
5053,0.8,0.2,0.6,0.5,1.0,0.6666666666666666,6,9,6
5054,0.5,0.3333333333333333,0.6666666666666666,0.5,1.0,0.3333333333333333,4,12,4
5055,1.0,0.4,0.7,0.6,1.0,1.0,5,5,5
5056,0.7777777777777778,0.14285714285714285,0.5714285714285714,0.5714285714285714,1.0,0.6363636363636364,7,11,7
5057,0.8,0.0,0.5,0.5,1.0,0.6666666666666666,4,6,4
5058,0.5263157894736842,-0.4,0.3,0.6,1.0,0.35714285714285715,5,14,5
5059,0.9600000000000001,-0.030303030303030304,0.48484848484848486,0.4166666666666667,0.9230769230769231,1.0,13,12,12
5060,0.7692307692307693,-0.15555555555555556,0.4222222222222222,0.4,1.0,0.625,10,16,10
5061,0.5882352941176471,0.4,0.7,0.6,1.0,0.4166666666666667,5,12,5
5062,0.7499999999999999,-0.06666666666666667,0.4666666666666667,0.6666666666666666,1.0,0.6,6,10,6
5063,0.8421052631578948,0.5,0.75,0.75,1.0,0.7272727272727273,8,11,8
5064,0.7142857142857143,0.4,0.7,0.8,1.0,0.5555555555555556,5,9,5
5065,0.5714285714285715,0.6666666666666666,0.8333333333333333,0.75,1.0,0.4,4,10,4
5066,0.5882352941176471,0.4,0.7,0.8,1.0,0.4166666666666667,5,12,5
5067,0.4444444444444445,0.3333333333333333,0.6666666666666666,0.75,1.0,0.2857142857142857,4,14,4
5068,0.8333333333333333,0.4,0.7,0.6,1.0,0.7142857142857143,5,7,5
5069,0.47058823529411764,-0.3333333333333333,0.33333333333333337,0.5,1.0,0.3076923076923077,4,13,4
5070,0.8333333333333333,-0.2,0.4,0.4,1.0,0.7142857142857143,5,7,5
5071,0.8,-0.3333333333333333,0.33333333333333337,0.5,1.0,0.6666666666666666,4,6,4
5072,0.5263157894736842,1.0,1.0,1.0,1.0,0.35714285714285715,5,14,5
5073,0.5,1.0,1.0,1.0,1.0,0.3333333333333333,4,12,4
5074,0.8333333333333333,0.6,0.8,0.8,1.0,0.7142857142857143,5,7,5
5075,0.7142857142857143,0.2,0.6,0.6,1.0,0.5555555555555556,5,9,5
5076,0.7368421052631579,-0.14285714285714285,0.4285714285714286,0.5714285714285714,1.0,0.5833333333333334,7,12,7
5077,0.8571428571428571,-0.2,0.4,0.6666666666666666,0.75,1.0,8,6,6
5078,0.625,0.2,0.6,0.6,1.0,0.45454545454545453,5,11,5
5079,0.625,-0.8,0.09999999999999998,0.4,1.0,0.45454545454545453,5,11,5
5080,0.888888888888889,0.3333333333333333,0.6666666666666666,0.75,1.0,0.8,4,5,4
5081,0.8,0.3333333333333333,0.6666666666666666,0.6666666666666666,1.0,0.6666666666666666,6,9,6
5082,0.625,0.0,0.5,0.6,1.0,0.45454545454545453,5,11,5
5083,0.6666666666666666,-0.2,0.4,0.4,1.0,0.5,5,10,5
5084,0.9090909090909091,0.4,0.7,0.6,1.0,0.8333333333333334,5,6,5
5085,0.7272727272727273,0.0,0.5,0.75,1.0,0.5714285714285714,4,7,4
5086,0.5714285714285715,0.3333333333333333,0.6666666666666666,0.5,1.0,0.4,4,10,4
5087,0.6666666666666666,0.6,0.8,0.8,1.0,0.5,5,10,5
5088,0.631578947368421,0.2,0.6,0.6666666666666666,1.0,0.46153846153846156,6,13,6
5089,0.7142857142857143,0.0,0.5,0.6,1.0,0.5555555555555556,5,9,5
5090,0.6666666666666666,0.3333333333333333,0.6666666666666666,0.75,1.0,0.5,4,8,4
5091,0.6666666666666666,1.0,1.0,1.0,1.0,0.5,4,8,4
5092,0.6666666666666666,0.4,0.7,0.6,1.0,0.5,5,10,5
5093,0.6666666666666666,0.8,0.9,0.8,1.0,0.5,5,10,5
5094,0.7142857142857143,1.0,1.0,1.0,1.0,0.5555555555555556,5,9,5
5095,0.35294117647058826,1.0,1.0,1.0,1.0,0.21428571428571427,3,14,3
5096,0.7777777777777778,0.23809523809523808,0.6190476190476191,0.5714285714285714,1.0,0.6363636363636364,7,11,7
5097,0.8750000000000001,0.23809523809523808,0.6190476190476191,0.7142857142857143,1.0,0.7777777777777778,7,9,7
5098,0.6153846153846153,-0.3333333333333333,0.33333333333333337,0.5,1.0,0.4444444444444444,4,9,4
5099,0.7272727272727273,0.3333333333333333,0.6666666666666666,0.75,1.0,0.5714285714285714,4,7,4
5100,0.47619047619047616,-0.4,0.3,0.4,1.0,0.3125,5,16,5
5101,0.5,1.0,1.0,1.0,1.0,0.3333333333333333,5,15,5
5102,0.47058823529411764,0.3333333333333333,0.6666666666666666,0.75,1.0,0.3076923076923077,4,13,4
5103,0.47058823529411764,0.3333333333333333,0.6666666666666666,0.75,1.0,0.3076923076923077,4,13,4
5104,0.5714285714285715,0.6666666666666666,0.8333333333333333,0.75,1.0,0.4,4,10,4
5105,0.7499999999999999,-0.2,0.4,0.5,1.0,0.6,6,10,6
5106,0.7000000000000001,0.14285714285714285,0.5714285714285714,0.5714285714285714,1.0,0.5384615384615384,7,13,7
5107,0.5714285714285715,-0.3333333333333333,0.33333333333333337,0.5,1.0,0.4,4,10,4
5108,0.5714285714285715,-0.6666666666666666,0.16666666666666669,0.5,1.0,0.4,4,10,4
5109,0.5882352941176471,0.2,0.6,0.6,1.0,0.4166666666666667,5,12,5
5110,0.6666666666666666,0.8,0.9,0.8,1.0,0.5,5,10,5
5111,0.7692307692307693,0.4,0.7,0.6,1.0,0.625,5,8,5
5112,0.5882352941176471,-0.6,0.2,0.4,1.0,0.4166666666666667,5,12,5
5113,0.8,-0.3333333333333333,0.33333333333333337,0.5,1.0,0.6666666666666666,4,6,4
5114,0.6666666666666666,0.8,0.9,0.8,1.0,0.5,5,10,5
5115,0.5,0.4,0.7,0.6,1.0,0.3333333333333333,5,15,5
5116,0.6666666666666666,0.0,0.5,0.75,1.0,0.5,4,8,4
5117,0.7000000000000001,0.047619047619047616,0.5238095238095238,0.42857142857142855,1.0,0.5384615384615384,7,13,7
5118,0.6153846153846153,0.0,0.5,0.5,1.0,0.4444444444444444,4,9,4
5119,0.8,0.6666666666666666,0.8333333333333333,0.75,1.0,0.6666666666666666,4,6,4
5120,0.8333333333333333,0.6,0.8,0.8,1.0,0.7142857142857143,5,7,5
5121,0.4615384615384615,0.3333333333333333,0.6666666666666666,0.6666666666666666,1.0,0.3,3,10,3
5122,0.5,0.0,0.5,0.5,1.0,0.3333333333333333,4,12,4
5123,0.9090909090909091,0.2,0.6,0.6,0.8333333333333334,1.0,6,5,5
5124,0.5555555555555556,0.4,0.7,0.6,1.0,0.38461538461538464,5,13,5
5125,0.5714285714285715,0.3333333333333333,0.6666666666666666,0.75,1.0,0.4,4,10,4
5126,0.7272727272727273,0.3333333333333333,0.6666666666666666,0.75,1.0,0.5714285714285714,4,7,4
5127,0.4,1.0,1.0,1.0,0.25,1.0,4,1,1
5128,0.8571428571428571,0.1111111111111111,0.5555555555555556,0.5555555555555556,1.0,0.75,9,12,9
5129,0.6666666666666666,-0.4,0.3,0.6,1.0,0.5,5,10,5
5130,0.9090909090909091,-0.2,0.4,0.6,1.0,0.8333333333333334,5,6,5
5131,0.7692307692307693,0.6,0.8,0.8,1.0,0.625,5,8,5
5132,0.625,0.2,0.6,0.6,1.0,0.45454545454545453,5,11,5
5133,0.8333333333333333,0.2,0.6,0.8,1.0,0.7142857142857143,5,7,5
5134,0.625,0.4,0.7,0.6,1.0,0.45454545454545453,5,11,5
5135,0.5714285714285715,0.3333333333333333,0.6666666666666666,0.75,1.0,0.4,4,10,4
5136,0.625,0.2,0.6,0.6,1.0,0.45454545454545453,5,11,5
5137,0.6153846153846153,-0.6666666666666666,0.16666666666666669,0.5,1.0,0.4444444444444444,4,9,4
5138,0.888888888888889,0.6666666666666666,0.8333333333333333,0.75,1.0,0.8,4,5,4
5139,0.5555555555555556,0.6,0.8,0.8,1.0,0.38461538461538464,5,13,5
5140,0.7272727272727273,0.07142857142857142,0.5357142857142857,0.375,1.0,0.5714285714285714,8,14,8
5141,0.5,-0.3333333333333333,0.33333333333333337,0.5,1.0,0.3333333333333333,4,12,4
5142,0.5263157894736842,0.0,0.5,0.6,1.0,0.35714285714285715,5,14,5
5143,0.7272727272727273,0.3333333333333333,0.6666666666666666,0.5,1.0,0.5714285714285714,4,7,4
5144,0.8333333333333333,-0.2,0.4,0.4,1.0,0.7142857142857143,5,7,5
5145,0.5882352941176471,0.2,0.6,0.6,1.0,0.4166666666666667,5,12,5
5146,0.6666666666666666,-0.3333333333333333,0.33333333333333337,0.3333333333333333,1.0,0.5,6,12,6
5147,0.5,0.3333333333333333,0.6666666666666666,0.75,1.0,0.3333333333333333,4,12,4
5148,0.7692307692307693,1.0,1.0,1.0,1.0,0.625,5,8,5
5149,0.7058823529411764,0.8666666666666667,0.9333333333333333,0.8333333333333334,1.0,0.5454545454545454,6,11,6
5150,0.7499999999999999,0.6,0.8,0.6666666666666666,1.0,0.6,6,10,6
5151,0.9090909090909091,0.2,0.6,0.8,1.0,0.8333333333333334,5,6,5
5152,0.7000000000000001,-0.3333333333333333,0.33333333333333337,0.42857142857142855,1.0,0.5384615384615384,7,13,7
5153,0.6666666666666666,0.2,0.6,0.6,1.0,0.5,5,10,5
5154,0.6666666666666666,0.3333333333333333,0.6666666666666666,0.75,1.0,0.5,4,8,4
5155,0.6153846153846153,0.6666666666666666,0.8333333333333333,0.75,1.0,0.4444444444444444,4,9,4
5156,0.5,-0.4,0.3,0.4,1.0,0.3333333333333333,5,15,5
5157,0.7272727272727273,0.3333333333333333,0.6666666666666666,0.75,1.0,0.5714285714285714,4,7,4
5158,0.6666666666666666,1.0,1.0,1.0,1.0,0.5,4,8,4
5159,0.5555555555555556,-0.6,0.2,0.4,1.0,0.38461538461538464,5,13,5
5160,0.5714285714285715,-0.6666666666666666,0.16666666666666669,0.5,1.0,0.4,4,10,4
5161,0.5555555555555556,1.0,1.0,1.0,1.0,0.38461538461538464,5,13,5
5162,1.0,0.2857142857142857,0.6428571428571428,0.625,1.0,1.0,8,8,8
5163,0.625,0.8,0.9,0.8,1.0,0.45454545454545453,5,11,5
5164,0.888888888888889,0.14285714285714285,0.5714285714285714,0.625,1.0,0.8,8,10,8
5165,0.761904761904762,0.7857142857142857,0.8928571428571428,0.875,1.0,0.6153846153846154,8,13,8
5166,0.923076923076923,0.06666666666666667,0.5333333333333333,0.6666666666666666,1.0,0.8571428571428571,6,7,6
5167,0.5714285714285715,0.6666666666666666,0.8333333333333333,0.75,1.0,0.4,4,10,4
5168,0.47058823529411764,-0.6666666666666666,0.16666666666666669,0.5,1.0,0.3076923076923077,4,13,4
5169,0.9090909090909091,0.6,0.8,0.6,1.0,0.8333333333333334,5,6,5
5170,0.7777777777777778,-0.14285714285714285,0.4285714285714286,0.5714285714285714,1.0,0.6363636363636364,7,11,7
5171,0.8,0.6666666666666666,0.8333333333333333,0.75,1.0,0.6666666666666666,4,6,4
5172,0.625,0.2,0.6,0.8,1.0,0.45454545454545453,5,11,5
5173,0.6666666666666666,0.3333333333333333,0.6666666666666666,0.5,1.0,0.5,6,12,6
5174,0.625,0.0,0.5,0.6,1.0,0.45454545454545453,5,11,5
5175,0.5263157894736842,0.8,0.9,0.8,1.0,0.35714285714285715,5,14,5
5176,0.7142857142857143,0.2,0.6,0.6,1.0,0.5555555555555556,5,9,5
5177,0.5882352941176471,-0.2,0.4,0.4,1.0,0.4166666666666667,5,12,5
5178,0.888888888888889,0.3333333333333333,0.6666666666666666,0.75,1.0,0.8,4,5,4
5179,0.9333333333333333,-0.3333333333333333,0.33333333333333337,0.42857142857142855,1.0,0.875,7,8,7
5180,0.5714285714285715,0.0,0.5,0.75,1.0,0.4,4,10,4
5181,0.9090909090909091,0.4,0.7,0.8,1.0,0.8333333333333334,5,6,5
5182,0.8,0.3333333333333333,0.6666666666666666,0.75,1.0,0.6666666666666666,4,6,4
5183,0.888888888888889,-0.3333333333333333,0.33333333333333337,0.5,1.0,0.8,4,5,4
5184,0.6153846153846153,0.0,0.5,0.75,1.0,0.4444444444444444,4,9,4
5185,0.6666666666666666,0.2,0.6,0.4,1.0,0.5,5,10,5
5186,0.7142857142857143,0.2,0.6,0.6,1.0,0.5555555555555556,5,9,5
5187,0.42857142857142855,-1.0,0.0,0.3333333333333333,1.0,0.2727272727272727,3,11,3
5188,0.923076923076923,-0.06666666666666667,0.4666666666666667,0.6666666666666666,1.0,0.8571428571428571,6,7,6
5189,0.6,0.2,0.6,0.6666666666666666,1.0,0.42857142857142855,6,14,6
5190,0.5,0.6,0.8,0.8,1.0,0.3333333333333333,5,15,5
5191,0.5555555555555556,0.0,0.5,0.6,1.0,0.38461538461538464,5,13,5
5192,0.5555555555555556,0.2,0.6,0.6,1.0,0.38461538461538464,5,13,5
5193,0.8571428571428571,0.3333333333333333,0.6666666666666666,0.6666666666666666,1.0,0.75,6,8,6
5194,0.8,0.3333333333333333,0.6666666666666666,0.6666666666666666,1.0,0.6666666666666666,6,9,6
5195,0.9,0.6111111111111112,0.8055555555555556,0.4444444444444444,1.0,0.8181818181818182,9,11,9
5196,0.5454545454545454,0.8666666666666667,0.9333333333333333,0.8333333333333334,1.0,0.375,6,16,6
5197,0.888888888888889,0.0,0.5,0.5,1.0,0.8,4,5,4
5198,0.8235294117647058,-0.3333333333333333,0.33333333333333337,0.2857142857142857,1.0,0.7,7,10,7
5199,0.5333333333333333,-0.6666666666666666,0.16666666666666669,0.5,1.0,0.36363636363636365,4,11,4
5200,0.6666666666666666,-0.6666666666666666,0.16666666666666669,0.5,1.0,0.5,4,8,4
5201,0.5263157894736842,-0.2,0.4,0.6,1.0,0.35714285714285715,5,14,5
5202,0.5333333333333333,0.0,0.5,0.5,1.0,0.36363636363636365,4,11,4
5203,0.5,1.0,1.0,1.0,1.0,0.3333333333333333,4,12,4
5204,0.7499999999999999,1.0,1.0,1.0,1.0,0.6,6,10,6
5205,0.8750000000000001,0.3333333333333333,0.6666666666666666,0.7142857142857143,1.0,0.7777777777777778,7,9,7
5206,0.923076923076923,0.6,0.8,0.6666666666666666,1.0,0.8571428571428571,6,7,6
5207,0.6153846153846153,0.0,0.5,0.75,1.0,0.4444444444444444,4,9,4
5208,0.625,0.2,0.6,0.8,1.0,0.45454545454545453,5,11,5
5209,0.9473684210526316,0.05555555555555555,0.5277777777777778,0.5555555555555556,1.0,0.9,9,10,9
5210,0.4444444444444445,0.0,0.5,0.75,1.0,0.2857142857142857,4,14,4
5211,0.5,0.0,0.5,0.5,1.0,0.3333333333333333,4,12,4
5212,0.7272727272727273,0.0,0.5,0.5,1.0,0.5714285714285714,4,7,4
5213,0.8750000000000001,0.7142857142857143,0.8571428571428572,0.7142857142857143,1.0,0.7777777777777778,7,9,7
5214,0.5714285714285715,0.6666666666666666,0.8333333333333333,0.75,1.0,0.4,4,10,4
5215,0.7692307692307693,0.8,0.9,0.8,1.0,0.625,5,8,5
5216,0.6666666666666666,0.6,0.8,0.6,1.0,0.5,5,10,5
5217,0.5263157894736842,0.0,0.5,0.4,1.0,0.35714285714285715,5,14,5
5218,0.8571428571428571,0.3333333333333333,0.6666666666666666,0.5,1.0,0.75,6,8,6
5219,0.5714285714285715,0.6666666666666666,0.8333333333333333,0.75,1.0,0.4,4,10,4
5220,0.47619047619047616,-0.8,0.09999999999999998,0.4,1.0,0.3125,5,16,5
5221,0.5333333333333333,-0.3333333333333333,0.33333333333333337,0.5,1.0,0.36363636363636365,4,11,4
5222,0.6153846153846153,0.0,0.5,0.5,1.0,0.4444444444444444,4,9,4
5223,0.7058823529411764,0.06666666666666667,0.5333333333333333,0.5,1.0,0.5454545454545454,6,11,6
5224,0.7692307692307693,0.8,0.9,0.8,1.0,0.625,5,8,5
5225,0.625,0.6,0.8,0.6,1.0,0.45454545454545453,5,11,5
5226,0.8333333333333333,-0.6,0.2,0.4,1.0,0.7142857142857143,5,7,5
5227,0.6956521739130436,0.14285714285714285,0.5714285714285714,0.625,1.0,0.5333333333333333,8,15,8
5228,0.8571428571428571,0.7333333333333333,0.8666666666666667,0.8333333333333334,1.0,0.75,6,8,6
5229,0.7142857142857143,-0.2,0.4,0.6,1.0,0.5555555555555556,5,9,5
5230,0.8,1.0,1.0,1.0,1.0,0.6666666666666666,4,6,4
5231,0.5,1.0,1.0,1.0,0.3333333333333333,1.0,3,1,1
5232,0.625,1.0,1.0,1.0,1.0,0.45454545454545453,5,11,5
5233,0.8,0.42857142857142855,0.7142857142857143,0.625,1.0,0.6666666666666666,8,12,8
5234,0.47619047619047616,1.0,1.0,1.0,1.0,0.3125,5,16,5
5235,0.5,0.6666666666666666,0.8333333333333333,0.75,1.0,0.3333333333333333,4,12,4
5236,0.7368421052631579,-0.047619047619047616,0.47619047619047616,0.5714285714285714,1.0,0.5833333333333334,7,12,7
5237,0.5333333333333333,0.0,0.5,0.5,1.0,0.36363636363636365,4,11,4
5238,0.5714285714285715,0.3333333333333333,0.6666666666666666,0.75,1.0,0.4,4,10,4
5239,0.6666666666666666,-0.2,0.4,0.6,1.0,0.5,5,10,5
5240,0.5333333333333333,0.3333333333333333,0.6666666666666666,0.75,1.0,0.36363636363636365,4,11,4
5241,0.7272727272727273,1.0,1.0,1.0,1.0,0.5714285714285714,4,7,4
5242,0.625,0.8,0.9,0.8,1.0,0.45454545454545453,5,11,5
5243,0.7272727272727273,0.0,0.5,0.5,1.0,0.5714285714285714,4,7,4
5244,0.7692307692307693,-0.2,0.4,0.6,1.0,0.625,5,8,5
5245,0.8571428571428571,0.2,0.6,0.6666666666666666,0.75,1.0,8,6,6
5246,0.5333333333333333,-0.3333333333333333,0.33333333333333337,0.5,1.0,0.36363636363636365,4,11,4
5247,0.7692307692307693,0.4,0.7,0.8,1.0,0.625,5,8,5
5248,0.5714285714285715,0.3333333333333333,0.6666666666666666,0.75,1.0,0.4,4,10,4
5249,0.6666666666666666,0.6666666666666666,0.8333333333333333,0.75,1.0,0.5,4,8,4
5250,0.6,0.2,0.6,0.6666666666666666,1.0,0.42857142857142855,6,14,6
5251,0.6666666666666666,0.8,0.9,0.8,1.0,0.5,5,10,5
5252,0.9090909090909091,0.8,0.9,0.8,1.0,0.8333333333333334,5,6,5
5253,0.5333333333333333,-0.3333333333333333,0.33333333333333337,0.5,1.0,0.36363636363636365,4,11,4
5254,0.5714285714285715,0.6666666666666666,0.8333333333333333,0.75,1.0,0.4,4,10,4
5255,0.5714285714285715,-0.3333333333333333,0.33333333333333337,0.5,1.0,0.4,4,10,4
5256,0.7499999999999999,-0.3333333333333333,0.33333333333333337,0.5,1.0,0.6,6,10,6
5257,1.0,-0.06666666666666667,0.4666666666666667,0.5,1.0,1.0,6,6,6
5258,0.6666666666666666,0.2,0.6,0.6,1.0,0.5,5,10,5
5259,0.47058823529411764,0.0,0.5,0.75,1.0,0.3076923076923077,4,13,4
5260,0.4210526315789474,-0.3333333333333333,0.33333333333333337,0.5,1.0,0.26666666666666666,4,15,4
5261,0.5714285714285715,0.3333333333333333,0.6666666666666666,0.75,1.0,0.4,4,10,4
5262,0.7000000000000001,0.5238095238095238,0.7619047619047619,0.7142857142857143,1.0,0.5384615384615384,7,13,7
5263,0.7142857142857143,0.2,0.6,0.4,1.0,0.5555555555555556,5,9,5
5264,0.6153846153846153,-0.3333333333333333,0.33333333333333337,0.5,1.0,0.4444444444444444,4,9,4
5265,0.6666666666666666,0.2,0.6,0.6,1.0,0.5,5,10,5
5266,0.9090909090909091,0.0,0.5,0.4,1.0,0.8333333333333334,5,6,5
5267,1.0,0.8,0.9,0.8,1.0,1.0,5,5,5
5268,0.6666666666666666,0.4,0.7,0.6,1.0,0.5,5,10,5
5269,0.8333333333333333,0.8,0.9,0.8,1.0,0.7142857142857143,5,7,5
5270,0.8333333333333333,0.4,0.7,0.6,1.0,0.7142857142857143,5,7,5
5271,0.8,0.6666666666666666,0.8333333333333333,0.75,1.0,0.6666666666666666,4,6,4
5272,0.7272727272727273,0.14285714285714285,0.5714285714285714,0.5,1.0,0.5714285714285714,8,14,8
5273,0.6666666666666666,0.0,0.5,0.6,1.0,0.5,5,10,5
5274,0.7142857142857143,-0.4,0.3,0.6,1.0,0.5555555555555556,5,9,5
5275,0.9473684210526316,0.1111111111111111,0.5555555555555556,0.4444444444444444,1.0,0.9,9,10,9
5276,0.5882352941176471,-0.2,0.4,0.4,1.0,0.4166666666666667,5,12,5
5277,0.7058823529411764,0.3333333333333333,0.6666666666666666,0.6666666666666666,1.0,0.5454545454545454,6,11,6
5278,0.7272727272727273,0.0,0.5,0.75,1.0,0.5714285714285714,4,7,4
5279,0.6666666666666666,0.0,0.5,0.5,1.0,0.5,4,8,4
5280,0.8,0.3333333333333333,0.6666666666666666,0.75,1.0,0.6666666666666666,4,6,4
5281,0.631578947368421,0.6,0.8,0.6666666666666666,1.0,0.46153846153846156,6,13,6
5282,0.6666666666666666,0.6666666666666666,0.8333333333333333,0.75,1.0,0.5,4,8,4
5283,0.6,0.3333333333333333,0.6666666666666666,0.6666666666666666,1.0,0.42857142857142855,3,7,3
5284,0.4,0.3333333333333333,0.6666666666666666,0.75,1.0,0.25,4,16,4
5285,0.7272727272727273,0.0,0.5,0.5,1.0,0.5714285714285714,4,7,4
5286,0.5333333333333333,0.0,0.5,0.75,1.0,0.36363636363636365,4,11,4
5287,0.631578947368421,0.2,0.6,0.6666666666666666,1.0,0.46153846153846156,6,13,6
5288,0.7272727272727273,0.3333333333333333,0.6666666666666666,0.5,1.0,0.5714285714285714,4,7,4
5289,0.9090909090909091,0.0,0.5,0.6,1.0,0.8333333333333334,5,6,5
5290,0.47058823529411764,0.3333333333333333,0.6666666666666666,0.75,1.0,0.3076923076923077,4,13,4
5291,0.7692307692307693,0.6,0.8,0.8,1.0,0.625,5,8,5
5292,0.5333333333333333,0.3333333333333333,0.6666666666666666,0.75,1.0,0.36363636363636365,4,11,4
5293,1.0,0.7857142857142857,0.8928571428571428,0.75,1.0,1.0,8,8,8
5294,0.6153846153846153,1.0,1.0,1.0,1.0,0.4444444444444444,4,9,4
5295,0.6666666666666666,0.0,0.5,0.6,1.0,0.5,5,10,5
5296,0.625,0.2,0.6,0.6,1.0,0.45454545454545453,5,11,5
5297,0.6153846153846153,1.0,1.0,1.0,1.0,0.4444444444444444,4,9,4
5298,0.6666666666666666,-0.06666666666666667,0.4666666666666667,0.6666666666666666,1.0,0.5,6,12,6
5299,0.8421052631578948,-0.2857142857142857,0.35714285714285715,0.375,1.0,0.7272727272727273,8,11,8
5300,0.7058823529411764,0.3333333333333333,0.6666666666666666,0.5,1.0,0.5454545454545454,6,11,6
5301,0.7142857142857143,0.8,0.9,0.8,1.0,0.5555555555555556,5,9,5
5302,0.7272727272727273,0.3333333333333333,0.6666666666666666,0.75,1.0,0.5714285714285714,4,7,4
5303,0.5714285714285715,0.3333333333333333,0.6666666666666666,0.5,1.0,0.4,4,10,4
5304,0.9090909090909091,1.0,1.0,1.0,1.0,0.8333333333333334,5,6,5
5305,0.7692307692307693,0.0,0.5,0.6,1.0,0.625,5,8,5
5306,0.5454545454545454,0.3333333333333333,0.6666666666666666,0.6666666666666666,1.0,0.375,3,8,3
5307,0.5263157894736842,-0.4,0.3,0.4,1.0,0.35714285714285715,5,14,5
5308,0.5714285714285715,0.0,0.5,0.75,1.0,0.4,4,10,4
5309,0.5,0.0,0.5,0.5,1.0,0.3333333333333333,4,12,4
5310,1.0,0.3333333333333333,0.6666666666666666,0.6666666666666666,1.0,1.0,6,6,6
5311,0.5,-1.0,0.0,0.3333333333333333,1.0,0.3333333333333333,3,9,3
5312,0.7272727272727273,0.3333333333333333,0.6666666666666666,0.75,1.0,0.5714285714285714,4,7,4
5313,1.0,0.3333333333333333,0.6666666666666666,0.5714285714285714,1.0,1.0,7,7,7
5314,0.7142857142857143,0.6,0.8,0.8,1.0,0.5555555555555556,5,9,5
5315,0.8571428571428571,-0.2,0.4,0.3333333333333333,1.0,0.75,6,8,6
5316,0.6666666666666666,0.0,0.5,0.5,1.0,0.5,4,8,4
5317,0.5,0.6,0.8,0.8,1.0,0.3333333333333333,5,15,5
5318,0.6666666666666666,0.0,0.5,0.5,1.0,0.5,4,8,4
5319,0.9090909090909091,0.6,0.8,0.8,1.0,0.8333333333333334,5,6,5
5320,0.5,0.0,0.5,0.6,1.0,0.3333333333333333,5,15,5
5321,0.7777777777777778,0.14285714285714285,0.5714285714285714,0.5714285714285714,1.0,0.6363636363636364,7,11,7
5322,0.9411764705882353,0.2857142857142857,0.6428571428571428,0.5,1.0,0.8888888888888888,8,9,8
5323,0.8,0.2,0.6,0.6666666666666666,1.0,0.6666666666666666,6,9,6
5324,0.5333333333333333,0.6666666666666666,0.8333333333333333,0.75,1.0,0.36363636363636365,4,11,4
5325,0.625,0.4,0.7,0.8,1.0,0.45454545454545453,5,11,5
5326,0.6666666666666666,-0.3333333333333333,0.33333333333333337,0.5,1.0,0.5,4,8,4
5327,0.6153846153846153,0.0,0.5,0.5,1.0,0.4444444444444444,4,9,4
5328,0.5,-0.6666666666666666,0.16666666666666669,0.5,1.0,0.3333333333333333,4,12,4
5329,0.9090909090909091,1.0,1.0,1.0,1.0,0.8333333333333334,5,6,5
5330,0.5,0.0,0.5,0.5,1.0,0.3333333333333333,4,12,4
5331,0.4444444444444445,1.0,1.0,1.0,1.0,0.2857142857142857,4,14,4
5332,0.5,0.0,0.5,0.75,1.0,0.3333333333333333,4,12,4
5333,0.6153846153846153,0.3333333333333333,0.6666666666666666,0.75,1.0,0.4444444444444444,4,9,4
5334,0.7692307692307693,-0.4,0.3,0.6,1.0,0.625,5,8,5
5335,0.5714285714285715,0.3333333333333333,0.6666666666666666,0.5,1.0,0.4,4,10,4
5336,0.6666666666666666,0.8,0.9,0.8,1.0,0.5,5,10,5
5337,0.761904761904762,0.5714285714285714,0.7857142857142857,0.625,1.0,0.6153846153846154,8,13,8
5338,0.5,0.3333333333333333,0.6666666666666666,0.6666666666666666,1.0,0.3333333333333333,3,9,3
5339,0.8571428571428571,0.1111111111111111,0.5555555555555556,0.5555555555555556,1.0,0.75,9,12,9
5340,0.625,0.2,0.6,0.6,1.0,0.45454545454545453,5,11,5
5341,0.5714285714285715,0.0,0.5,0.75,1.0,0.4,4,10,4
5342,0.6666666666666666,0.3333333333333333,0.6666666666666666,0.75,1.0,0.5,4,8,4
5343,0.5333333333333333,-0.3333333333333333,0.33333333333333337,0.5,1.0,0.36363636363636365,4,11,4
5344,0.6666666666666666,-0.3333333333333333,0.33333333333333337,0.6666666666666666,1.0,0.5,3,6,3
5345,0.7692307692307693,0.8,0.9,0.8,1.0,0.625,5,8,5
5346,0.8571428571428571,0.2,0.6,0.5,1.0,0.75,6,8,6
5347,0.625,-0.4,0.3,0.4,1.0,0.45454545454545453,5,11,5
5348,0.6153846153846153,0.3333333333333333,0.6666666666666666,0.5,1.0,0.4444444444444444,4,9,4
5349,0.6153846153846153,0.3333333333333333,0.6666666666666666,0.75,1.0,0.4444444444444444,4,9,4
5350,0.8,0.0,0.5,0.5,1.0,0.6666666666666666,4,6,4
5351,0.8,0.3333333333333333,0.6666666666666666,0.6666666666666666,1.0,0.6666666666666666,6,9,6
5352,0.9090909090909091,0.0,0.5,0.6,0.8333333333333334,1.0,6,5,5
5353,0.9090909090909091,0.4,0.7,0.6,1.0,0.8333333333333334,5,6,5
5354,0.5,-0.3333333333333333,0.33333333333333337,0.5,1.0,0.3333333333333333,4,12,4
5355,0.7692307692307693,0.4,0.7,0.6,1.0,0.625,5,8,5
5356,0.7499999999999999,0.3333333333333333,0.6666666666666666,0.5,0.6,1.0,10,6,6
5357,1.0,0.4,0.7,0.8,1.0,1.0,5,5,5
5358,0.4210526315789474,-0.3333333333333333,0.33333333333333337,0.5,1.0,0.26666666666666666,4,15,4
5359,0.8571428571428571,0.3333333333333333,0.6666666666666666,0.6666666666666666,1.0,0.75,6,8,6
5360,0.4615384615384615,-0.3333333333333333,0.33333333333333337,0.6666666666666666,1.0,0.3,3,10,3
5361,0.8235294117647058,-0.14285714285714285,0.4285714285714286,0.42857142857142855,1.0,0.7,7,10,7
5362,0.5714285714285715,0.8666666666666667,0.9333333333333333,0.8333333333333334,1.0,0.4,6,15,6
5363,0.7142857142857143,0.4,0.7,0.6,1.0,0.5555555555555556,5,9,5
5364,0.8571428571428571,1.0,1.0,1.0,0.75,1.0,4,3,3
5365,0.761904761904762,0.14285714285714285,0.5714285714285714,0.5,1.0,0.6153846153846154,8,13,8
5366,0.5714285714285715,0.6666666666666666,0.8333333333333333,0.75,1.0,0.4,4,10,4
5367,0.7692307692307693,-0.2,0.4,0.6,0.625,1.0,8,5,5
5368,0.8,0.35714285714285715,0.6785714285714286,0.625,1.0,0.6666666666666666,8,12,8
5369,0.9333333333333333,0.6190476190476191,0.8095238095238095,0.7142857142857143,1.0,0.875,7,8,7
5370,0.6666666666666666,-0.4,0.3,0.4,1.0,0.5,5,10,5
5371,0.6153846153846153,0.6666666666666666,0.8333333333333333,0.75,1.0,0.4444444444444444,4,9,4
5372,0.7142857142857143,0.4,0.7,0.6,1.0,0.5555555555555556,5,9,5
5373,0.4,0.3333333333333333,0.6666666666666666,0.75,1.0,0.25,4,16,4
5374,0.8,0.3333333333333333,0.6666666666666666,0.5,1.0,0.6666666666666666,4,6,4
5375,0.631578947368421,0.3333333333333333,0.6666666666666666,0.6666666666666666,1.0,0.46153846153846156,6,13,6
5376,0.4,0.3333333333333333,0.6666666666666666,0.75,1.0,0.25,4,16,4
5377,0.625,-0.2,0.4,0.6,1.0,0.45454545454545453,5,11,5
5378,0.5333333333333333,-1.0,0.0,0.25,1.0,0.36363636363636365,4,11,4
5379,0.5882352941176471,1.0,1.0,1.0,1.0,0.4166666666666667,5,12,5
5380,0.7692307692307693,0.6,0.8,0.8,1.0,0.625,5,8,5
5381,0.5333333333333333,0.0,0.5,0.75,1.0,0.36363636363636365,4,11,4
5382,0.7692307692307693,-0.8,0.09999999999999998,0.4,1.0,0.625,5,8,5
5383,0.5,-0.3333333333333333,0.33333333333333337,0.5,1.0,0.3333333333333333,4,12,4
5384,0.7142857142857143,-0.4,0.3,0.4,1.0,0.5555555555555556,5,9,5
5385,0.8235294117647058,0.5238095238095238,0.7619047619047619,0.7142857142857143,1.0,0.7,7,10,7
5386,0.8,0.3333333333333333,0.6666666666666666,0.75,1.0,0.6666666666666666,4,6,4
5387,0.5,0.6,0.8,0.8,1.0,0.3333333333333333,5,15,5
5388,0.625,0.2,0.6,0.8,1.0,0.45454545454545453,5,11,5
5389,0.6666666666666666,1.0,1.0,1.0,1.0,0.5,4,8,4
5390,0.5555555555555556,0.6,0.8,0.8,1.0,0.38461538461538464,5,13,5
5391,0.7142857142857143,-0.4,0.3,0.4,1.0,0.5555555555555556,5,9,5
5392,0.6153846153846153,0.6666666666666666,0.8333333333333333,0.75,1.0,0.4444444444444444,4,9,4
5393,0.5882352941176471,0.0,0.5,0.6,1.0,0.4166666666666667,5,12,5
5394,0.7692307692307693,0.4,0.7,0.6,1.0,0.625,5,8,5
5395,0.6956521739130436,-0.5,0.25,0.375,1.0,0.5333333333333333,8,15,8
5396,0.33333333333333337,1.0,1.0,1.0,0.2,1.0,5,1,1
5397,0.8333333333333333,0.4,0.7,0.6,1.0,0.7142857142857143,5,7,5
5398,0.5882352941176471,0.8,0.9,0.8,1.0,0.4166666666666667,5,12,5
5399,0.7272727272727273,-0.07142857142857142,0.4642857142857143,0.625,1.0,0.5714285714285714,8,14,8
5400,0.7272727272727273,-0.6666666666666666,0.16666666666666669,0.5,1.0,0.5714285714285714,4,7,4
5401,0.8333333333333333,-0.2,0.4,0.6,1.0,0.7142857142857143,5,7,5
5402,0.6666666666666666,0.6666666666666666,0.8333333333333333,0.75,1.0,0.5,4,8,4
5403,0.7272727272727273,-1.0,0.0,0.25,1.0,0.5714285714285714,4,7,4
5404,0.5714285714285715,0.3333333333333333,0.6666666666666666,0.75,1.0,0.4,4,10,4
5405,0.6666666666666666,0.3333333333333333,0.6666666666666666,0.75,1.0,0.5,4,8,4
5406,0.7142857142857143,-0.2,0.4,0.6,1.0,0.5555555555555556,5,9,5
5407,0.6666666666666666,-0.4,0.3,0.6,1.0,0.5,5,10,5
5408,0.7692307692307693,0.2,0.6,0.8,1.0,0.625,5,8,5
5409,0.5,-0.6666666666666666,0.16666666666666669,0.5,1.0,0.3333333333333333,4,12,4
5410,0.5882352941176471,0.6,0.8,0.6,1.0,0.4166666666666667,5,12,5
5411,0.6153846153846153,0.0,0.5,0.5,1.0,0.4444444444444444,4,9,4
5412,0.7142857142857143,0.0,0.5,0.4,1.0,0.5555555555555556,5,9,5
5413,0.4615384615384615,1.0,1.0,1.0,1.0,0.3,3,10,3
5414,0.7499999999999999,0.06666666666666667,0.5333333333333333,0.6666666666666666,1.0,0.6,6,10,6
5415,0.5555555555555556,0.0,0.5,0.6,1.0,0.38461538461538464,5,13,5
5416,0.47058823529411764,-1.0,0.0,0.25,1.0,0.3076923076923077,4,13,4
5417,0.47619047619047616,0.2,0.6,0.6,1.0,0.3125,5,16,5
5418,0.6666666666666666,-0.4,0.3,0.4,1.0,0.5,5,10,5
5419,0.7272727272727273,-0.2857142857142857,0.35714285714285715,0.375,1.0,0.5714285714285714,8,14,8
5420,0.7272727272727273,0.0,0.5,0.5,1.0,0.5714285714285714,4,7,4
5421,0.9090909090909091,-0.2,0.4,0.4,1.0,0.8333333333333334,5,6,5
5422,0.5882352941176471,0.2,0.6,0.8,1.0,0.4166666666666667,5,12,5
5423,0.7142857142857143,0.4,0.7,0.6,1.0,0.5555555555555556,5,9,5
5424,0.5,0.6666666666666666,0.8333333333333333,0.75,1.0,0.3333333333333333,4,12,4
5425,0.7272727272727273,0.3333333333333333,0.6666666666666666,0.75,1.0,0.5714285714285714,4,7,4
5426,0.7058823529411764,0.2,0.6,0.6666666666666666,1.0,0.5454545454545454,6,11,6
5427,0.5714285714285715,0.0,0.5,0.5,1.0,0.4,4,10,4
5428,0.7272727272727273,0.3333333333333333,0.6666666666666666,0.75,1.0,0.5714285714285714,4,7,4
5429,0.7777777777777778,0.5238095238095238,0.7619047619047619,0.7142857142857143,1.0,0.6363636363636364,7,11,7
5430,0.7142857142857143,-0.2,0.4,0.4,1.0,0.5555555555555556,5,9,5
5431,0.625,0.0,0.5,0.4,1.0,0.45454545454545453,5,11,5
5432,0.4,1.0,1.0,1.0,0.25,1.0,4,1,1
5433,0.7368421052631579,0.6190476190476191,0.8095238095238095,0.7142857142857143,1.0,0.5833333333333334,7,12,7
5434,0.7499999999999999,0.06666666666666667,0.5333333333333333,0.5,1.0,0.6,6,10,6
5435,0.5882352941176471,0.6,0.8,0.8,1.0,0.4166666666666667,5,12,5
5436,0.6153846153846153,-0.3333333333333333,0.33333333333333337,0.5,1.0,0.4444444444444444,4,9,4
5437,0.5,0.3333333333333333,0.6666666666666666,0.75,1.0,0.3333333333333333,4,12,4
5438,0.631578947368421,0.6,0.8,0.6666666666666666,1.0,0.46153846153846156,6,13,6
5439,0.8750000000000001,-0.047619047619047616,0.47619047619047616,0.42857142857142855,1.0,0.7777777777777778,7,9,7
5440,0.5,0.4,0.7,0.8,1.0,0.3333333333333333,5,15,5
5441,0.5882352941176471,-0.2,0.4,0.6,1.0,0.4166666666666667,5,12,5
5442,0.42857142857142855,-0.3333333333333333,0.33333333333333337,0.6666666666666666,1.0,0.2727272727272727,3,11,3
5443,0.8750000000000001,-0.047619047619047616,0.47619047619047616,0.42857142857142855,1.0,0.7777777777777778,7,9,7
5444,0.6666666666666666,0.047619047619047616,0.5238095238095238,0.42857142857142855,1.0,0.5,7,14,7
5445,0.5882352941176471,-0.6,0.2,0.4,1.0,0.4166666666666667,5,12,5
5446,0.6666666666666666,1.0,1.0,1.0,1.0,0.5,4,8,4
5447,0.5882352941176471,0.2,0.6,0.6,1.0,0.4166666666666667,5,12,5
5448,0.6666666666666666,-0.6,0.2,0.4,1.0,0.5,5,10,5
5449,0.7058823529411764,0.7333333333333333,0.8666666666666667,0.6666666666666666,1.0,0.5454545454545454,6,11,6
5450,0.5555555555555556,-0.2,0.4,0.6,1.0,0.38461538461538464,5,13,5
5451,0.7692307692307693,0.6,0.8,0.8,1.0,0.625,5,8,5
5452,0.5,0.6666666666666666,0.8333333333333333,0.75,1.0,0.3333333333333333,4,12,4
5453,0.7142857142857143,-0.2,0.4,0.6,1.0,0.5555555555555556,5,9,5
5454,0.5714285714285715,0.0,0.5,0.5,1.0,0.4,4,10,4
5455,0.6956521739130436,0.5,0.75,0.75,1.0,0.5333333333333333,8,15,8
5456,0.8333333333333333,0.2,0.6,0.6,1.0,0.7142857142857143,5,7,5
5457,0.888888888888889,0.3333333333333333,0.6666666666666666,0.75,1.0,0.8,4,5,4
5458,0.6153846153846153,0.6666666666666666,0.8333333333333333,0.75,1.0,0.4444444444444444,4,9,4
5459,0.4210526315789474,-0.3333333333333333,0.33333333333333337,0.5,1.0,0.26666666666666666,4,15,4
5460,0.375,0.3333333333333333,0.6666666666666666,0.6666666666666666,1.0,0.23076923076923078,3,13,3
5461,0.625,0.0,0.5,0.4,1.0,0.45454545454545453,5,11,5
5462,0.8,0.0,0.5,0.5,1.0,0.6666666666666666,4,6,4
5463,0.6153846153846153,0.0,0.5,0.75,1.0,0.4444444444444444,4,9,4
5464,0.8,-0.2,0.4,0.6666666666666666,1.0,0.6666666666666666,6,9,6
5465,0.7272727272727273,0.3333333333333333,0.6666666666666666,0.5,1.0,0.5714285714285714,4,7,4
5466,0.8,0.0,0.5,0.5,1.0,0.6666666666666666,4,6,4
5467,0.631578947368421,0.7333333333333333,0.8666666666666667,0.6666666666666666,1.0,0.46153846153846156,6,13,6
5468,0.6666666666666666,1.0,1.0,1.0,1.0,0.5,4,8,4
5469,0.5882352941176471,-0.2,0.4,0.6,1.0,0.4166666666666667,5,12,5
5470,0.6666666666666666,-0.06666666666666667,0.4666666666666667,0.6666666666666666,1.0,0.5,6,12,6
5471,0.7692307692307693,0.6,0.8,0.8,1.0,0.625,5,8,5
5472,0.923076923076923,0.4666666666666667,0.7333333333333334,0.6666666666666666,1.0,0.8571428571428571,6,7,6
5473,0.8333333333333333,0.6,0.8,0.8,1.0,0.7142857142857143,5,7,5
5474,0.631578947368421,-0.06666666666666667,0.4666666666666667,0.5,1.0,0.46153846153846156,6,13,6
5475,0.6666666666666666,-0.4,0.3,0.6,1.0,0.5,5,10,5
5476,0.6666666666666666,0.2,0.6,0.6,1.0,0.5,5,10,5
5477,0.5,0.4,0.7,0.6,1.0,0.3333333333333333,5,15,5
5478,0.7692307692307693,-0.6,0.2,0.4,1.0,0.625,5,8,5
5479,0.5,0.2,0.6,0.6,1.0,0.3333333333333333,5,15,5
5480,0.6666666666666666,0.2,0.6,0.6,1.0,0.5,5,10,5
5481,0.5882352941176471,0.6,0.8,0.8,1.0,0.4166666666666667,5,12,5
5482,0.375,-1.0,0.0,0.3333333333333333,1.0,0.23076923076923078,3,13,3
5483,1.0,-0.3333333333333333,0.33333333333333337,0.5,1.0,1.0,4,4,4
5484,0.6153846153846153,0.3333333333333333,0.6666666666666666,0.75,1.0,0.4444444444444444,4,9,4
5485,0.7272727272727273,-0.3333333333333333,0.33333333333333337,0.5,1.0,0.5714285714285714,4,7,4
5486,0.7368421052631579,-0.047619047619047616,0.47619047619047616,0.5714285714285714,1.0,0.5833333333333334,7,12,7
5487,0.8333333333333333,0.8,0.9,0.8,1.0,0.7142857142857143,5,7,5
5488,0.7272727272727273,0.3333333333333333,0.6666666666666666,0.75,1.0,0.5714285714285714,4,7,4
5489,0.7692307692307693,0.4,0.7,0.6,1.0,0.625,5,8,5
5490,0.4210526315789474,0.3333333333333333,0.6666666666666666,0.75,1.0,0.26666666666666666,4,15,4
5491,0.5333333333333333,0.3333333333333333,0.6666666666666666,0.75,1.0,0.36363636363636365,4,11,4
5492,0.4,-0.3333333333333333,0.33333333333333337,0.6666666666666666,1.0,0.25,3,12,3
5493,0.7142857142857143,0.2,0.6,0.8,1.0,0.5555555555555556,5,9,5
5494,0.5333333333333333,0.3333333333333333,0.6666666666666666,0.75,1.0,0.36363636363636365,4,11,4
5495,0.6,0.3333333333333333,0.6666666666666666,0.6666666666666666,1.0,0.42857142857142855,3,7,3
5496,0.9333333333333333,0.8095238095238095,0.9047619047619048,0.7142857142857143,0.875,1.0,8,7,7
5497,0.6666666666666666,0.0,0.5,0.6,1.0,0.5,5,10,5
5498,0.5714285714285715,0.6666666666666666,0.8333333333333333,0.75,1.0,0.4,4,10,4
5499,0.6666666666666666,0.8,0.9,0.8,1.0,0.5,5,10,5
5500,0.56,0.42857142857142855,0.7142857142857143,0.7142857142857143,1.0,0.3888888888888889,7,18,7
5501,0.625,0.6,0.8,0.6,1.0,0.45454545454545453,5,11,5
5502,0.9565217391304348,0.6363636363636364,0.8181818181818181,0.7272727272727273,0.9166666666666666,1.0,12,11,11
5503,0.4444444444444445,0.6666666666666666,0.8333333333333333,0.75,1.0,0.2857142857142857,4,14,4
5504,0.625,1.0,1.0,1.0,1.0,0.45454545454545453,5,11,5
5505,0.45454545454545453,0.4,0.7,0.6,1.0,0.29411764705882354,5,17,5
5506,0.6666666666666666,0.3333333333333333,0.6666666666666666,0.6666666666666666,1.0,0.5,3,6,3
5507,0.375,0.3333333333333333,0.6666666666666666,0.6666666666666666,1.0,0.23076923076923078,3,13,3
5508,0.5,0.0,0.5,0.5,1.0,0.3333333333333333,4,12,4
5509,0.7142857142857143,1.0,1.0,1.0,1.0,0.5555555555555556,5,9,5
5510,0.47058823529411764,0.3333333333333333,0.6666666666666666,0.5,1.0,0.3076923076923077,4,13,4
5511,0.5,0.6666666666666666,0.8333333333333333,0.75,1.0,0.3333333333333333,4,12,4
5512,0.42857142857142855,0.3333333333333333,0.6666666666666666,0.6666666666666666,1.0,0.2727272727272727,3,11,3
5513,0.42857142857142855,1.0,1.0,1.0,1.0,0.2727272727272727,3,11,3
5514,0.9090909090909091,-0.4,0.3,0.4,1.0,0.8333333333333334,5,6,5
5515,0.4,1.0,1.0,1.0,0.25,1.0,4,1,1
5516,0.7058823529411764,0.6,0.8,0.6666666666666666,1.0,0.5454545454545454,6,11,6
5517,0.8333333333333333,0.0,0.5,0.6,1.0,0.7142857142857143,5,7,5
5518,0.4,1.0,1.0,1.0,0.25,1.0,4,1,1
5519,0.8333333333333333,-0.4,0.3,0.6,1.0,0.7142857142857143,5,7,5
5520,0.8333333333333333,0.2,0.6,0.6,1.0,0.7142857142857143,5,7,5
5521,0.2857142857142857,1.0,1.0,1.0,0.16666666666666666,1.0,6,1,1
5522,0.7692307692307693,0.8,0.9,0.8,1.0,0.625,5,8,5
5523,0.923076923076923,0.3333333333333333,0.6666666666666666,0.6666666666666666,1.0,0.8571428571428571,6,7,6
5524,0.4615384615384615,1.0,1.0,1.0,1.0,0.3,3,10,3
5525,0.7499999999999999,0.6,0.8,0.8333333333333334,1.0,0.6,6,10,6
5526,0.923076923076923,0.4666666666666667,0.7333333333333334,0.5,0.8571428571428571,1.0,7,6,6
5527,0.5,-0.6,0.2,0.4,1.0,0.3333333333333333,5,15,5
5528,0.6666666666666666,0.6666666666666666,0.8333333333333333,0.75,1.0,0.5,4,8,4
5529,0.6666666666666666,1.0,1.0,1.0,1.0,0.5,3,6,3
5530,0.5714285714285715,1.0,1.0,1.0,1.0,0.4,4,10,4
5531,0.7142857142857143,-0.8,0.09999999999999998,0.4,1.0,0.5555555555555556,5,9,5
5532,0.5882352941176471,-0.2,0.4,0.6,1.0,0.4166666666666667,5,12,5
5533,0.5263157894736842,0.4,0.7,0.8,1.0,0.35714285714285715,5,14,5
5534,0.5714285714285715,-0.3333333333333333,0.33333333333333337,0.5,1.0,0.4,4,10,4
5535,1.0,-0.4666666666666667,0.26666666666666666,0.3333333333333333,1.0,1.0,6,6,6
5536,0.7272727272727273,-0.3333333333333333,0.33333333333333337,0.5,1.0,0.5714285714285714,4,7,4
5537,0.9090909090909091,-0.2,0.4,0.6,1.0,0.8333333333333334,5,6,5
5538,0.6666666666666666,-0.06666666666666667,0.4666666666666667,0.5,1.0,0.5,6,12,6
5539,0.7000000000000001,0.42857142857142855,0.7142857142857143,0.5714285714285714,1.0,0.5384615384615384,7,13,7
5540,0.7272727272727273,1.0,1.0,1.0,1.0,0.5714285714285714,4,7,4
5541,0.8571428571428571,0.7333333333333333,0.8666666666666667,0.8333333333333334,1.0,0.75,6,8,6
5542,0.7272727272727273,-0.6666666666666666,0.16666666666666669,0.5,1.0,0.5714285714285714,4,7,4
5543,0.9090909090909091,0.4,0.7,0.6,1.0,0.8333333333333334,5,6,5
5544,0.6666666666666666,0.3333333333333333,0.6666666666666666,0.6666666666666666,1.0,0.5,3,6,3
5545,0.5555555555555556,0.0,0.5,0.6,1.0,0.38461538461538464,5,13,5
5546,0.6153846153846153,0.3333333333333333,0.6666666666666666,0.75,1.0,0.4444444444444444,4,9,4
5547,0.5,1.0,1.0,1.0,1.0,0.3333333333333333,4,12,4
5548,0.6666666666666666,0.3333333333333333,0.6666666666666666,0.75,1.0,0.5,4,8,4
5549,0.5555555555555556,0.0,0.5,0.6,1.0,0.38461538461538464,5,13,5
5550,0.5,-0.3333333333333333,0.33333333333333337,0.5,1.0,0.3333333333333333,4,12,4
5551,0.7499999999999999,0.4666666666666667,0.7333333333333334,0.5,1.0,0.6,6,10,6
5552,0.7058823529411764,-0.2,0.4,0.5,1.0,0.5454545454545454,6,11,6
5553,0.5333333333333333,0.3333333333333333,0.6666666666666666,0.75,1.0,0.36363636363636365,4,11,4
5554,0.7142857142857143,0.4,0.7,0.6,1.0,0.5555555555555556,5,9,5
5555,0.8571428571428571,0.06666666666666667,0.5333333333333333,0.6666666666666666,1.0,0.75,6,8,6
5556,0.5714285714285715,-0.3333333333333333,0.33333333333333337,0.5,1.0,0.4,4,10,4
5557,0.6666666666666666,0.2,0.6,0.6,1.0,0.5,5,10,5
5558,0.7142857142857143,0.2,0.6,0.6,1.0,0.5555555555555556,5,9,5
5559,0.631578947368421,0.8666666666666667,0.9333333333333333,0.8333333333333334,1.0,0.46153846153846156,6,13,6
5560,0.5,0.0,0.5,0.75,1.0,0.3333333333333333,4,12,4
5561,0.47058823529411764,0.6666666666666666,0.8333333333333333,0.75,1.0,0.3076923076923077,4,13,4
5562,0.5555555555555556,-0.6,0.2,0.4,1.0,0.38461538461538464,5,13,5
5563,1.0,0.4,0.7,0.6,1.0,1.0,5,5,5
5564,0.5882352941176471,-0.2,0.4,0.6,1.0,0.4166666666666667,5,12,5
5565,0.7499999999999999,0.4444444444444444,0.7222222222222222,0.5555555555555556,1.0,0.6,9,15,9
5566,0.5,0.0,0.5,0.6,1.0,0.3333333333333333,5,15,5
5567,0.6666666666666666,0.2,0.6,0.8,1.0,0.5,5,10,5
5568,0.8,0.06666666666666667,0.5333333333333333,0.6666666666666666,1.0,0.6666666666666666,6,9,6
5569,0.8,-0.3333333333333333,0.33333333333333337,0.5,1.0,0.6666666666666666,4,6,4
5570,0.8,0.0,0.5,0.5,1.0,0.6666666666666666,4,6,4
5571,0.8,0.4666666666666667,0.7333333333333334,0.6666666666666666,1.0,0.6666666666666666,6,9,6
5572,0.5714285714285715,0.3333333333333333,0.6666666666666666,0.75,1.0,0.4,4,10,4
5573,0.8571428571428571,0.2,0.6,0.5,1.0,0.75,6,8,6
5574,0.8333333333333333,-0.4,0.3,0.4,1.0,0.7142857142857143,5,7,5
5575,0.9090909090909091,-0.4,0.3,0.4,1.0,0.8333333333333334,5,6,5
5576,0.47058823529411764,0.6666666666666666,0.8333333333333333,0.75,1.0,0.3076923076923077,4,13,4
5577,0.5,0.0,0.5,0.6,1.0,0.3333333333333333,5,15,5
5578,1.0,0.4,0.7,0.8,1.0,1.0,5,5,5
5579,0.5,1.0,1.0,1.0,1.0,0.3333333333333333,4,12,4
5580,0.6666666666666666,0.3333333333333333,0.6666666666666666,0.75,1.0,0.5,4,8,4
5581,0.5882352941176471,0.2,0.6,0.6,1.0,0.4166666666666667,5,12,5
5582,0.6153846153846153,1.0,1.0,1.0,1.0,0.4444444444444444,4,9,4
5583,0.8,0.07142857142857142,0.5357142857142857,0.625,1.0,0.6666666666666666,8,12,8
5584,0.5263157894736842,0.0,0.5,0.6,1.0,0.35714285714285715,5,14,5
5585,0.8235294117647058,-0.14285714285714285,0.4285714285714286,0.42857142857142855,1.0,0.7,7,10,7
5586,0.6153846153846153,0.0,0.5,0.75,1.0,0.4444444444444444,4,9,4
5587,1.0,0.4,0.7,0.6,1.0,1.0,5,5,5
5588,0.8,0.3333333333333333,0.6666666666666666,0.75,1.0,0.6666666666666666,4,6,4
5589,0.42857142857142855,0.3333333333333333,0.6666666666666666,0.6666666666666666,1.0,0.2727272727272727,3,11,3
5590,0.6666666666666666,0.8666666666666667,0.9333333333333333,0.8333333333333334,1.0,0.5,6,12,6
5591,0.6153846153846153,1.0,1.0,1.0,1.0,0.4444444444444444,4,9,4
5592,0.625,0.2,0.6,0.8,1.0,0.45454545454545453,5,11,5
5593,0.4615384615384615,-0.3333333333333333,0.33333333333333337,0.6666666666666666,1.0,0.3,3,10,3
5594,0.9,0.6111111111111112,0.8055555555555556,0.7777777777777778,1.0,0.8181818181818182,9,11,9
5595,0.5263157894736842,0.2,0.6,0.6,1.0,0.35714285714285715,5,14,5
5596,0.625,-0.4,0.3,0.4,1.0,0.45454545454545453,5,11,5
5597,0.8333333333333333,1.0,1.0,1.0,1.0,0.7142857142857143,5,7,5
5598,0.5263157894736842,-0.2,0.4,0.4,1.0,0.35714285714285715,5,14,5
5599,0.6153846153846153,0.3333333333333333,0.6666666666666666,0.75,1.0,0.4444444444444444,4,9,4
5600,0.6666666666666666,0.6,0.8,0.6,1.0,0.5,5,10,5
5601,0.5714285714285715,0.3333333333333333,0.6666666666666666,0.75,1.0,0.4,4,10,4
5602,0.6666666666666666,1.0,1.0,1.0,1.0,0.5,4,8,4
5603,0.7142857142857143,0.4,0.7,0.8,1.0,0.5555555555555556,5,9,5
5604,0.5333333333333333,0.0,0.5,0.75,1.0,0.36363636363636365,4,11,4
5605,0.7692307692307693,0.6,0.8,0.8,1.0,0.625,5,8,5
5606,0.7272727272727273,0.6666666666666666,0.8333333333333333,0.75,1.0,0.5714285714285714,4,7,4
5607,0.5333333333333333,1.0,1.0,1.0,1.0,0.36363636363636365,4,11,4
5608,0.6666666666666666,0.0,0.5,0.4,1.0,0.5,5,10,5
5609,0.6666666666666666,-0.2,0.4,0.6666666666666666,1.0,0.5,6,12,6
5610,0.5,0.3333333333333333,0.6666666666666666,0.75,1.0,0.3333333333333333,4,12,4
5611,0.888888888888889,1.0,1.0,1.0,1.0,0.8,4,5,4
5612,0.7692307692307693,0.6,0.8,0.6,1.0,0.625,5,8,5
5613,0.7142857142857143,0.0,0.5,0.6,1.0,0.5555555555555556,5,9,5
5614,0.5882352941176471,0.6,0.8,0.6,1.0,0.4166666666666667,5,12,5
5615,0.7272727272727273,0.3333333333333333,0.6666666666666666,0.75,1.0,0.5714285714285714,4,7,4
5616,0.7368421052631579,0.7142857142857143,0.8571428571428572,0.7142857142857143,1.0,0.5833333333333334,7,12,7
5617,0.8,0.3333333333333333,0.6666666666666666,0.75,1.0,0.6666666666666666,4,6,4
5618,0.6666666666666666,0.3333333333333333,0.6666666666666666,0.75,1.0,0.5,4,8,4
5619,0.625,0.8,0.9,0.8,1.0,0.45454545454545453,5,11,5
5620,0.4615384615384615,-0.3333333333333333,0.33333333333333337,0.6666666666666666,1.0,0.3,3,10,3
5621,0.4444444444444445,0.3333333333333333,0.6666666666666666,0.75,1.0,0.2857142857142857,4,14,4
5622,0.4,1.0,1.0,1.0,0.25,1.0,4,1,1
5623,0.4444444444444445,1.0,1.0,1.0,1.0,0.2857142857142857,4,14,4
5624,0.8333333333333333,0.2,0.6,0.6,1.0,0.7142857142857143,5,7,5
5625,0.33333333333333337,-0.3333333333333333,0.33333333333333337,0.6666666666666666,1.0,0.2,3,15,3
5626,0.47058823529411764,0.3333333333333333,0.6666666666666666,0.75,1.0,0.3076923076923077,4,13,4
5627,0.7272727272727273,0.0,0.5,0.75,1.0,0.5714285714285714,4,7,4
5628,0.8,0.0,0.5,0.5,1.0,0.6666666666666666,4,6,4
5629,0.888888888888889,0.6666666666666666,0.8333333333333333,0.75,1.0,0.8,4,5,4
5630,0.375,1.0,1.0,1.0,1.0,0.23076923076923078,3,13,3
5631,0.7368421052631579,-0.23809523809523808,0.38095238095238093,0.42857142857142855,1.0,0.5833333333333334,7,12,7
5632,0.5,-0.6666666666666666,0.16666666666666669,0.5,1.0,0.3333333333333333,4,12,4
5633,0.7272727272727273,0.07142857142857142,0.5357142857142857,0.5,1.0,0.5714285714285714,8,14,8
5634,0.7142857142857143,0.2,0.6,0.6,1.0,0.5555555555555556,5,9,5
5635,0.6666666666666666,-0.3333333333333333,0.33333333333333337,0.5,1.0,0.5,4,8,4
5636,0.6666666666666666,1.0,1.0,1.0,1.0,0.5,4,8,4
5637,0.7692307692307693,0.4,0.7,0.6,1.0,0.625,5,8,5
5638,0.7272727272727273,0.3333333333333333,0.6666666666666666,0.75,1.0,0.5714285714285714,4,7,4
5639,0.9473684210526316,0.2222222222222222,0.6111111111111112,0.6666666666666666,1.0,0.9,9,10,9
5640,0.6666666666666666,1.0,1.0,1.0,1.0,0.5,4,8,4
5641,0.0,1.0,1.0,1.0,0.0,0.0,0,10,0
5642,0.8571428571428571,0.4666666666666667,0.7333333333333334,0.6666666666666666,1.0,0.75,6,8,6
5643,0.9090909090909091,0.8,0.9,0.8,1.0,0.8333333333333334,5,6,5
5644,0.7368421052631579,0.3333333333333333,0.6666666666666666,0.5714285714285714,1.0,0.5833333333333334,7,12,7
5645,0.375,-0.3333333333333333,0.33333333333333337,0.6666666666666666,1.0,0.23076923076923078,3,13,3
5646,0.5333333333333333,1.0,1.0,1.0,1.0,0.36363636363636365,4,11,4
5647,0.6956521739130436,0.07142857142857142,0.5357142857142857,0.5,1.0,0.5333333333333333,8,15,8
5648,0.9090909090909091,-0.6,0.2,0.4,1.0,0.8333333333333334,5,6,5
5649,0.8,1.0,1.0,1.0,1.0,0.6666666666666666,4,6,4
5650,0.7692307692307693,-0.2,0.4,0.6,1.0,0.625,5,8,5
5651,0.625,0.4,0.7,0.6,1.0,0.45454545454545453,5,11,5
5652,0.6153846153846153,1.0,1.0,1.0,1.0,0.4444444444444444,4,9,4
5653,0.5,0.6666666666666666,0.8333333333333333,0.75,1.0,0.3333333333333333,4,12,4
5654,0.47058823529411764,0.0,0.5,0.75,1.0,0.3076923076923077,4,13,4
5655,0.5555555555555556,0.2,0.6,0.6,1.0,0.38461538461538464,5,13,5
5656,0.4210526315789474,1.0,1.0,1.0,1.0,0.26666666666666666,4,15,4
5657,0.888888888888889,1.0,1.0,1.0,1.0,0.8,4,5,4
5658,0.923076923076923,0.8666666666666667,0.9333333333333333,0.8333333333333334,1.0,0.8571428571428571,6,7,6
5659,0.7692307692307693,0.2,0.6,0.6,1.0,0.625,5,8,5
5660,0.5555555555555556,0.6,0.8,0.8,1.0,0.38461538461538464,5,13,5
5661,0.4,1.0,1.0,1.0,0.25,1.0,4,1,1
5662,0.9,0.2222222222222222,0.6111111111111112,0.4444444444444444,1.0,0.8181818181818182,9,11,9
5663,0.5882352941176471,1.0,1.0,1.0,1.0,0.4166666666666667,5,12,5
5664,0.8750000000000001,0.23809523809523808,0.6190476190476191,0.42857142857142855,1.0,0.7777777777777778,7,9,7
5665,0.761904761904762,0.14285714285714285,0.5714285714285714,0.625,1.0,0.6153846153846154,8,13,8
5666,0.42857142857142855,-0.3333333333333333,0.33333333333333337,0.6666666666666666,1.0,0.2727272727272727,3,11,3
5667,0.8,0.0,0.5,0.75,1.0,0.6666666666666666,4,6,4
5668,0.6666666666666666,0.3333333333333333,0.6666666666666666,0.5,1.0,0.5,6,12,6
5669,0.6666666666666666,0.3333333333333333,0.6666666666666666,0.75,1.0,0.5,4,8,4
5670,0.6666666666666666,0.6,0.8,0.8,1.0,0.5,5,10,5
5671,0.4210526315789474,-0.3333333333333333,0.33333333333333337,0.5,1.0,0.26666666666666666,4,15,4
5672,0.6666666666666666,0.0,0.5,0.6,1.0,0.5,5,10,5
5673,0.5882352941176471,0.6,0.8,0.8,1.0,0.4166666666666667,5,12,5
5674,0.7142857142857143,-0.2,0.4,0.6,1.0,0.5555555555555556,5,9,5
5675,0.6956521739130436,-0.5714285714285714,0.2142857142857143,0.375,1.0,0.5333333333333333,8,15,8
5676,0.7692307692307693,0.2,0.6,0.8,1.0,0.625,5,8,5
5677,1.0,-0.14285714285714285,0.4285714285714286,0.375,1.0,1.0,8,8,8
5678,0.4444444444444445,-0.3333333333333333,0.33333333333333337,0.5,1.0,0.2857142857142857,4,14,4
5679,0.47058823529411764,0.0,0.5,0.75,1.0,0.3076923076923077,4,13,4
5680,0.5882352941176471,-0.4,0.3,0.4,1.0,0.4166666666666667,5,12,5
5681,0.5714285714285715,0.6666666666666666,0.8333333333333333,0.75,1.0,0.4,4,10,4
5682,0.5714285714285715,0.6666666666666666,0.8333333333333333,0.75,1.0,0.4,4,10,4
5683,0.8,0.0,0.5,0.75,1.0,0.6666666666666666,4,6,4
5684,0.7272727272727273,-0.3333333333333333,0.33333333333333337,0.5,1.0,0.5714285714285714,4,7,4
5685,0.8235294117647058,0.3333333333333333,0.6666666666666666,0.5714285714285714,1.0,0.7,7,10,7
5686,0.8333333333333333,-0.2,0.4,0.6,1.0,0.7142857142857143,5,7,5
5687,0.9411764705882353,0.5714285714285714,0.7857142857142857,0.625,1.0,0.8888888888888888,8,9,8
5688,0.5882352941176471,-0.6,0.2,0.4,1.0,0.4166666666666667,5,12,5
5689,0.4210526315789474,1.0,1.0,1.0,1.0,0.26666666666666666,4,15,4
5690,0.4,0.3333333333333333,0.6666666666666666,0.75,1.0,0.25,4,16,4
5691,0.4,0.0,0.5,0.75,1.0,0.25,4,16,4
5692,0.4444444444444445,0.0,0.5,0.75,1.0,0.2857142857142857,4,14,4
5693,0.6666666666666666,0.6666666666666666,0.8333333333333333,0.75,1.0,0.5,4,8,4
5694,0.7142857142857143,0.4,0.7,0.6,1.0,0.5555555555555556,5,9,5
5695,0.5555555555555556,0.6,0.8,0.6,1.0,0.38461538461538464,5,13,5
5696,0.8,0.3333333333333333,0.6666666666666666,0.5,1.0,0.6666666666666666,4,6,4
5697,0.4,1.0,1.0,1.0,0.25,1.0,4,1,1
5698,0.8,0.3333333333333333,0.6666666666666666,0.6666666666666666,1.0,0.6666666666666666,6,9,6
5699,0.7272727272727273,-0.3333333333333333,0.33333333333333337,0.5,1.0,0.5714285714285714,4,7,4
5700,0.7000000000000001,0.5238095238095238,0.7619047619047619,0.7142857142857143,1.0,0.5384615384615384,7,13,7
5701,0.4210526315789474,0.6666666666666666,0.8333333333333333,0.75,1.0,0.26666666666666666,4,15,4
5702,0.7142857142857143,0.6,0.8,0.6,1.0,0.5555555555555556,5,9,5
5703,0.4,1.0,1.0,1.0,0.25,1.0,4,1,1
5704,0.7692307692307693,0.2,0.6,0.6,1.0,0.625,5,8,5
5705,0.5882352941176471,0.2,0.6,0.6,1.0,0.4166666666666667,5,12,5
5706,0.625,0.6,0.8,0.6,1.0,0.45454545454545453,5,11,5
5707,0.7272727272727273,0.3333333333333333,0.6666666666666666,0.75,1.0,0.5714285714285714,4,7,4
5708,0.5333333333333333,0.3333333333333333,0.6666666666666666,0.75,1.0,0.36363636363636365,4,11,4
5709,0.8333333333333333,0.0,0.5,0.6,1.0,0.7142857142857143,5,7,5
5710,0.625,0.2,0.6,0.8,1.0,0.45454545454545453,5,11,5
5711,0.8,0.3333333333333333,0.6666666666666666,0.75,1.0,0.6666666666666666,4,6,4
5712,0.5,-0.3333333333333333,0.33333333333333337,0.6666666666666666,1.0,0.3333333333333333,3,9,3
5713,0.5882352941176471,0.8,0.9,0.8,1.0,0.4166666666666667,5,12,5
5714,0.8571428571428571,0.7333333333333333,0.8666666666666667,0.6666666666666666,1.0,0.75,6,8,6
5715,0.625,0.2,0.6,0.6,1.0,0.45454545454545453,5,11,5
5716,0.7692307692307693,0.2,0.6,0.6,1.0,0.625,5,8,5
5717,0.47058823529411764,0.3333333333333333,0.6666666666666666,0.75,1.0,0.3076923076923077,4,13,4
5718,0.5263157894736842,-0.4,0.3,0.4,1.0,0.35714285714285715,5,14,5
5719,0.5263157894736842,-0.4,0.3,0.4,1.0,0.35714285714285715,5,14,5
5720,1.0,0.06666666666666667,0.5333333333333333,0.6666666666666666,1.0,1.0,6,6,6
5721,0.7058823529411764,-0.3333333333333333,0.33333333333333337,0.5,1.0,0.5454545454545454,6,11,6
5722,0.888888888888889,1.0,1.0,1.0,1.0,0.8,4,5,4
5723,0.8,0.8666666666666667,0.9333333333333333,0.8333333333333334,1.0,0.6666666666666666,6,9,6
5724,0.6666666666666666,0.6666666666666666,0.8333333333333333,0.75,1.0,0.5,4,8,4
5725,0.7272727272727273,0.0,0.5,0.5,1.0,0.5714285714285714,4,7,4
5726,0.6666666666666666,0.3333333333333333,0.6666666666666666,0.7142857142857143,1.0,0.5,7,14,7
5727,0.625,0.4,0.7,0.8,1.0,0.45454545454545453,5,11,5
5728,0.7058823529411764,0.06666666666666667,0.5333333333333333,0.5,1.0,0.5454545454545454,6,11,6
5729,0.4444444444444445,1.0,1.0,1.0,1.0,0.2857142857142857,4,14,4
5730,0.7368421052631579,-0.23809523809523808,0.38095238095238093,0.42857142857142855,1.0,0.5833333333333334,7,12,7
5731,0.5,0.6666666666666666,0.8333333333333333,0.75,1.0,0.3333333333333333,4,12,4
5732,0.8333333333333333,0.6,0.8,0.8,1.0,0.7142857142857143,5,7,5
5733,0.5333333333333333,0.0,0.5,0.75,1.0,0.36363636363636365,4,11,4
5734,0.5714285714285715,-0.2,0.4,0.6666666666666666,1.0,0.4,6,15,6
5735,0.6,0.3333333333333333,0.6666666666666666,0.6666666666666666,1.0,0.42857142857142855,6,14,6
5736,0.6666666666666666,1.0,1.0,1.0,1.0,0.5,6,12,6
5737,0.7142857142857143,0.8,0.9,0.8,1.0,0.5555555555555556,5,9,5
5738,0.6666666666666666,-0.4,0.3,0.4,1.0,0.5,5,10,5
5739,0.5714285714285715,0.0,0.5,0.75,1.0,0.4,4,10,4
5740,0.888888888888889,0.0,0.5,0.5,1.0,0.8,4,5,4
5741,0.5714285714285715,-0.6666666666666666,0.16666666666666669,0.5,1.0,0.4,4,10,4
5742,0.6666666666666666,1.0,1.0,1.0,1.0,0.5,4,8,4
5743,0.6666666666666666,1.0,1.0,1.0,1.0,0.5,3,6,3
5744,0.5555555555555556,0.0,0.5,0.6,1.0,0.38461538461538464,5,13,5
5745,0.4444444444444445,0.3333333333333333,0.6666666666666666,0.75,1.0,0.2857142857142857,4,14,4
5746,0.5555555555555556,-0.4,0.3,0.6,1.0,0.38461538461538464,5,13,5
5747,0.5,0.0,0.5,0.75,1.0,0.3333333333333333,4,12,4
5748,0.8750000000000001,0.6190476190476191,0.8095238095238095,0.7142857142857143,1.0,0.7777777777777778,7,9,7
5749,0.7272727272727273,0.6666666666666666,0.8333333333333333,0.75,1.0,0.5714285714285714,4,7,4
5750,0.5263157894736842,-0.2,0.4,0.6,1.0,0.35714285714285715,5,14,5
5751,0.5333333333333333,0.6666666666666666,0.8333333333333333,0.75,1.0,0.36363636363636365,4,11,4
5752,0.7368421052631579,-0.047619047619047616,0.47619047619047616,0.42857142857142855,1.0,0.5833333333333334,7,12,7
5753,1.0,0.4,0.7,0.8,1.0,1.0,5,5,5
5754,0.631578947368421,0.6,0.8,0.8333333333333334,1.0,0.46153846153846156,6,13,6
5755,0.6666666666666666,0.3333333333333333,0.6666666666666666,0.75,1.0,0.5,4,8,4
5756,0.4444444444444445,-0.3333333333333333,0.33333333333333337,0.5,1.0,0.2857142857142857,4,14,4
5757,0.7499999999999999,0.4444444444444444,0.7222222222222222,0.7777777777777778,1.0,0.6,9,15,9
5758,0.8,0.6666666666666666,0.8333333333333333,0.75,1.0,0.6666666666666666,4,6,4
5759,0.7499999999999999,0.7333333333333333,0.8666666666666667,0.8333333333333334,1.0,0.6,6,10,6
5760,0.5714285714285715,0.6666666666666666,0.8333333333333333,0.75,1.0,0.4,4,10,4
5761,0.47058823529411764,0.0,0.5,0.5,1.0,0.3076923076923077,4,13,4
5762,0.5714285714285715,0.6666666666666666,0.8333333333333333,0.75,1.0,0.4,4,10,4
5763,0.625,0.8,0.9,0.8,1.0,0.45454545454545453,5,11,5
5764,0.7142857142857143,0.6,0.8,0.8,1.0,0.5555555555555556,5,9,5
5765,0.9333333333333333,0.14285714285714285,0.5714285714285714,0.5714285714285714,1.0,0.875,7,8,7
5766,0.47058823529411764,1.0,1.0,1.0,1.0,0.3076923076923077,4,13,4
5767,0.5714285714285715,-0.6666666666666666,0.16666666666666669,0.5,1.0,0.4,4,10,4
5768,0.4,1.0,1.0,1.0,0.25,1.0,4,1,1
5769,0.47058823529411764,0.0,0.5,0.5,1.0,0.3076923076923077,4,13,4
5770,0.5454545454545454,0.3333333333333333,0.6666666666666666,0.6666666666666666,1.0,0.375,3,8,3
5771,0.5333333333333333,0.6666666666666666,0.8333333333333333,0.75,1.0,0.36363636363636365,4,11,4
5772,1.0,0.7777777777777778,0.8888888888888888,0.6666666666666666,1.0,1.0,9,9,9
5773,0.5,-1.0,0.0,0.25,1.0,0.3333333333333333,4,12,4
5774,0.7499999999999999,-0.3333333333333333,0.33333333333333337,0.5,1.0,0.6,6,10,6
5775,0.9473684210526316,0.2222222222222222,0.6111111111111112,0.5555555555555556,1.0,0.9,9,10,9
5776,0.8571428571428571,0.8666666666666667,0.9333333333333333,0.8333333333333334,1.0,0.75,6,8,6
5777,0.6666666666666666,-0.2,0.4,0.6,1.0,0.5,5,10,5
5778,0.5714285714285715,0.6666666666666666,0.8333333333333333,0.75,1.0,0.4,4,10,4
5779,0.631578947368421,0.06666666666666667,0.5333333333333333,0.5,1.0,0.46153846153846156,6,13,6
5780,0.7692307692307693,0.4,0.7,0.6,1.0,0.625,5,8,5
5781,0.7272727272727273,0.0,0.5,0.75,1.0,0.5714285714285714,4,7,4
5782,0.9090909090909091,-0.6,0.2,0.4,1.0,0.8333333333333334,5,6,5
5783,0.375,0.3333333333333333,0.6666666666666666,0.6666666666666666,1.0,0.23076923076923078,3,13,3
5784,0.5454545454545454,-0.3333333333333333,0.33333333333333337,0.6666666666666666,1.0,0.375,3,8,3
5785,0.6,-0.3333333333333333,0.33333333333333337,0.6666666666666666,1.0,0.42857142857142855,3,7,3
5786,0.7000000000000001,-0.047619047619047616,0.47619047619047616,0.42857142857142855,1.0,0.5384615384615384,7,13,7
5787,0.9090909090909091,0.8,0.9,0.8,1.0,0.8333333333333334,5,6,5
5788,0.47058823529411764,1.0,1.0,1.0,1.0,0.3076923076923077,4,13,4
5789,0.761904761904762,0.5714285714285714,0.7857142857142857,0.75,1.0,0.6153846153846154,8,13,8
5790,0.6153846153846153,0.6666666666666666,0.8333333333333333,0.75,1.0,0.4444444444444444,4,9,4
5791,0.4,1.0,1.0,1.0,1.0,0.25,3,12,3
5792,0.5882352941176471,0.0,0.5,0.6,1.0,0.4166666666666667,5,12,5
5793,0.4615384615384615,1.0,1.0,1.0,1.0,0.3,3,10,3
5794,0.8571428571428571,0.06666666666666667,0.5333333333333333,0.6666666666666666,1.0,0.75,6,8,6
5795,0.5714285714285715,-1.0,0.0,0.25,1.0,0.4,4,10,4
5796,0.6,0.6,0.8,0.8333333333333334,1.0,0.42857142857142855,6,14,6
5797,0.5333333333333333,0.6666666666666666,0.8333333333333333,0.75,1.0,0.36363636363636365,4,11,4
5798,0.6153846153846153,0.0,0.5,0.5,1.0,0.4444444444444444,4,9,4
5799,1.0,0.8,0.9,0.8,1.0,1.0,5,5,5
5800,0.7000000000000001,-0.14285714285714285,0.4285714285714286,0.5714285714285714,1.0,0.5384615384615384,7,13,7
5801,0.8235294117647058,0.3333333333333333,0.6666666666666666,0.5714285714285714,1.0,0.7,7,10,7
5802,0.4210526315789474,-0.3333333333333333,0.33333333333333337,0.5,1.0,0.26666666666666666,4,15,4
5803,0.923076923076923,0.6,0.8,0.6666666666666666,1.0,0.8571428571428571,6,7,6
5804,0.6666666666666666,1.0,1.0,1.0,1.0,0.5,3,6,3
5805,0.923076923076923,0.3333333333333333,0.6666666666666666,0.6666666666666666,1.0,0.8571428571428571,6,7,6
5806,0.625,0.4,0.7,0.6,1.0,0.45454545454545453,5,11,5
5807,0.5333333333333333,-0.3333333333333333,0.33333333333333337,0.5,1.0,0.36363636363636365,4,11,4
5808,0.5714285714285715,0.6666666666666666,0.8333333333333333,0.75,1.0,0.4,4,10,4
5809,0.6153846153846153,0.6666666666666666,0.8333333333333333,0.75,1.0,0.4444444444444444,4,9,4
5810,0.7777777777777778,0.047619047619047616,0.5238095238095238,0.42857142857142855,1.0,0.6363636363636364,7,11,7
5811,0.6666666666666666,-1.0,0.0,0.25,1.0,0.5,4,8,4
5812,0.5882352941176471,0.2,0.6,0.6,1.0,0.4166666666666667,5,12,5
5813,0.7142857142857143,0.0,0.5,0.6,1.0,0.5555555555555556,5,9,5
5814,0.6153846153846153,0.3333333333333333,0.6666666666666666,0.75,1.0,0.4444444444444444,4,9,4
5815,0.6,1.0,1.0,1.0,1.0,0.42857142857142855,3,7,3
5816,0.5714285714285715,0.0,0.5,0.5,1.0,0.4,4,10,4
5817,0.42857142857142855,0.3333333333333333,0.6666666666666666,0.6666666666666666,1.0,0.2727272727272727,3,11,3
5818,0.7499999999999999,0.3333333333333333,0.6666666666666666,0.6666666666666666,1.0,0.6,3,5,3
5819,0.625,0.2,0.6,0.6,1.0,0.45454545454545453,5,11,5
5820,0.5714285714285715,0.3333333333333333,0.6666666666666666,0.75,1.0,0.4,4,10,4
5821,0.5333333333333333,0.3333333333333333,0.6666666666666666,0.75,1.0,0.36363636363636365,4,11,4
5822,0.5714285714285715,1.0,1.0,1.0,1.0,0.4,4,10,4
5823,0.6153846153846153,1.0,1.0,1.0,1.0,0.4444444444444444,4,9,4
5824,0.6666666666666666,-0.3333333333333333,0.33333333333333337,0.5,1.0,0.5,4,8,4
5825,0.6153846153846153,0.6666666666666666,0.8333333333333333,0.75,1.0,0.4444444444444444,4,9,4
5826,0.6666666666666666,0.6666666666666666,0.8333333333333333,0.75,1.0,0.5,4,8,4
5827,0.7272727272727273,-0.3333333333333333,0.33333333333333337,0.5,1.0,0.5714285714285714,4,7,4
5828,0.5714285714285715,0.6666666666666666,0.8333333333333333,0.75,1.0,0.4,4,10,4
5829,0.42857142857142855,-0.3333333333333333,0.33333333333333337,0.6666666666666666,1.0,0.2727272727272727,3,11,3
5830,0.5,-1.0,0.0,0.3333333333333333,1.0,0.3333333333333333,3,9,3
5831,0.7499999999999999,0.2,0.6,0.6666666666666666,1.0,0.6,6,10,6
5832,0.5,0.3333333333333333,0.6666666666666666,0.6666666666666666,1.0,0.3333333333333333,3,9,3
5833,0.6666666666666666,0.6666666666666666,0.8333333333333333,0.75,1.0,0.5,4,8,4
5834,0.5714285714285715,0.6666666666666666,0.8333333333333333,0.75,1.0,0.4,4,10,4
5835,0.6153846153846153,-0.6666666666666666,0.16666666666666669,0.5,1.0,0.4444444444444444,4,9,4
5836,0.5454545454545454,1.0,1.0,1.0,1.0,0.375,3,8,3
5837,0.5,0.3333333333333333,0.6666666666666666,0.6666666666666666,1.0,0.3333333333333333,3,9,3
5838,0.5714285714285715,-0.3333333333333333,0.33333333333333337,0.5,1.0,0.4,4,10,4
5839,0.5,-1.0,0.0,0.3333333333333333,1.0,0.3333333333333333,3,9,3
5840,0.5,0.3333333333333333,0.6666666666666666,0.6666666666666666,1.0,0.3333333333333333,3,9,3
5841,0.5,-0.3333333333333333,0.33333333333333337,0.6666666666666666,1.0,0.3333333333333333,3,9,3
5842,0.5454545454545454,1.0,1.0,1.0,1.0,0.375,3,8,3
5843,0.7272727272727273,0.0,0.5,0.5,1.0,0.5714285714285714,4,7,4
5844,0.6153846153846153,1.0,1.0,1.0,1.0,0.4444444444444444,4,9,4
5845,0.6153846153846153,0.3333333333333333,0.6666666666666666,0.75,1.0,0.4444444444444444,4,9,4
5846,0.6666666666666666,0.6666666666666666,0.8333333333333333,0.75,1.0,0.5,4,8,4
5847,0.6,0.3333333333333333,0.6666666666666666,0.6666666666666666,1.0,0.42857142857142855,3,7,3
5848,0.4615384615384615,1.0,1.0,1.0,1.0,0.3,3,10,3
5849,0.5714285714285715,-0.3333333333333333,0.33333333333333337,0.5,1.0,0.4,4,10,4
5850,0.7142857142857143,-0.4,0.3,0.4,1.0,0.5555555555555556,5,9,5
5851,0.6666666666666666,-0.3333333333333333,0.33333333333333337,0.5,1.0,0.5,4,8,4
5852,0.4615384615384615,-0.3333333333333333,0.33333333333333337,0.6666666666666666,1.0,0.3,3,10,3
5853,0.6666666666666666,0.0,0.5,0.75,1.0,0.5,4,8,4
5854,0.6153846153846153,1.0,1.0,1.0,1.0,0.4444444444444444,4,9,4
5855,0.6153846153846153,0.3333333333333333,0.6666666666666666,0.75,1.0,0.4444444444444444,4,9,4
5856,0.6666666666666666,0.3333333333333333,0.6666666666666666,0.75,1.0,0.5,4,8,4
5857,0.5333333333333333,-0.6666666666666666,0.16666666666666669,0.5,1.0,0.36363636363636365,4,11,4
5858,0.6,-0.3333333333333333,0.33333333333333337,0.6666666666666666,1.0,0.42857142857142855,3,7,3
5859,0.5454545454545454,0.3333333333333333,0.6666666666666666,0.6666666666666666,1.0,0.375,3,8,3
5860,0.6666666666666666,0.3333333333333333,0.6666666666666666,0.75,1.0,0.5,4,8,4
5861,0.6666666666666666,0.3333333333333333,0.6666666666666666,0.75,1.0,0.5,4,8,4
5862,0.6153846153846153,0.3333333333333333,0.6666666666666666,0.75,1.0,0.4444444444444444,4,9,4
5863,0.5454545454545454,1.0,1.0,1.0,1.0,0.375,3,8,3
5864,0.8571428571428571,0.2,0.6,0.5,1.0,0.75,6,8,6
5865,0.7692307692307693,1.0,1.0,1.0,1.0,0.625,5,8,5
5866,0.6153846153846153,1.0,1.0,1.0,1.0,0.4444444444444444,4,9,4
5867,0.6666666666666666,0.0,0.5,0.75,1.0,0.5,4,8,4
5868,0.5454545454545454,1.0,1.0,1.0,1.0,0.375,3,8,3
5869,0.5454545454545454,1.0,1.0,1.0,1.0,0.375,3,8,3
5870,0.6153846153846153,0.3333333333333333,0.6666666666666666,0.75,1.0,0.4444444444444444,4,9,4
5871,0.625,0.6,0.8,0.8,1.0,0.45454545454545453,5,11,5
5872,0.6,1.0,1.0,1.0,1.0,0.42857142857142855,3,7,3
5873,0.5454545454545454,1.0,1.0,1.0,1.0,0.375,3,8,3
5874,0.6666666666666666,0.6666666666666666,0.8333333333333333,0.75,1.0,0.5,4,8,4
5875,0.6666666666666666,0.4,0.7,0.8,1.0,0.5,5,10,5
5876,0.5454545454545454,0.3333333333333333,0.6666666666666666,0.6666666666666666,1.0,0.375,3,8,3
5877,0.6666666666666666,1.0,1.0,1.0,1.0,0.5,4,8,4
5878,0.6666666666666666,0.3333333333333333,0.6666666666666666,0.5,1.0,0.5,4,8,4
5879,0.5,-0.3333333333333333,0.33333333333333337,0.6666666666666666,1.0,0.3333333333333333,3,9,3
5880,0.5,0.3333333333333333,0.6666666666666666,0.6666666666666666,1.0,0.3333333333333333,3,9,3
5881,0.5,1.0,1.0,1.0,1.0,0.3333333333333333,3,9,3
5882,0.5454545454545454,0.3333333333333333,0.6666666666666666,0.6666666666666666,1.0,0.375,3,8,3
5883,0.5454545454545454,-0.3333333333333333,0.33333333333333337,0.6666666666666666,1.0,0.375,3,8,3
5884,0.5454545454545454,-0.3333333333333333,0.33333333333333337,0.6666666666666666,1.0,0.375,3,8,3
5885,0.5714285714285715,0.0,0.5,0.5,1.0,0.4,4,10,4
5886,0.6666666666666666,0.6666666666666666,0.8333333333333333,0.75,1.0,0.5,4,8,4
5887,0.6666666666666666,0.0,0.5,0.75,1.0,0.5,4,8,4
5888,0.6666666666666666,1.0,1.0,1.0,1.0,0.5,3,6,3
5889,0.5454545454545454,1.0,1.0,1.0,1.0,0.375,3,8,3
5890,0.6666666666666666,1.0,1.0,1.0,1.0,0.5,4,8,4
5891,0.6153846153846153,1.0,1.0,1.0,1.0,0.4444444444444444,4,9,4
5892,0.5454545454545454,0.3333333333333333,0.6666666666666666,0.6666666666666666,1.0,0.375,3,8,3
5893,0.6666666666666666,0.3333333333333333,0.6666666666666666,0.75,1.0,0.5,4,8,4
5894,0.7692307692307693,0.4,0.7,0.6,1.0,0.625,5,8,5
5895,0.5,1.0,1.0,1.0,1.0,0.3333333333333333,3,9,3
5896,0.42857142857142855,1.0,1.0,1.0,1.0,0.2727272727272727,3,11,3
5897,0.5714285714285715,-0.3333333333333333,0.33333333333333337,0.5,1.0,0.4,4,10,4
5898,0.8333333333333333,0.4,0.7,0.6,1.0,0.7142857142857143,5,7,5
5899,0.5,-1.0,0.0,0.3333333333333333,1.0,0.3333333333333333,3,9,3
5900,0.4615384615384615,0.3333333333333333,0.6666666666666666,0.6666666666666666,1.0,0.3,3,10,3
5901,0.4615384615384615,-0.3333333333333333,0.33333333333333337,0.6666666666666666,1.0,0.3,3,10,3
5902,0.5,0.3333333333333333,0.6666666666666666,0.6666666666666666,1.0,0.3333333333333333,3,9,3
5903,0.6153846153846153,0.0,0.5,0.75,1.0,0.4444444444444444,4,9,4
5904,0.5454545454545454,1.0,1.0,1.0,1.0,0.375,3,8,3
5905,0.5,0.3333333333333333,0.6666666666666666,0.6666666666666666,1.0,0.3333333333333333,3,9,3
5906,0.6,-0.3333333333333333,0.33333333333333337,0.6666666666666666,1.0,0.42857142857142855,3,7,3
5907,0.5454545454545454,0.3333333333333333,0.6666666666666666,0.6666666666666666,1.0,0.375,3,8,3
5908,0.5454545454545454,1.0,1.0,1.0,1.0,0.375,3,8,3
5909,0.5454545454545454,0.3333333333333333,0.6666666666666666,0.6666666666666666,1.0,0.375,3,8,3
5910,0.5454545454545454,-0.3333333333333333,0.33333333333333337,0.6666666666666666,1.0,0.375,3,8,3
5911,0.6153846153846153,0.6666666666666666,0.8333333333333333,0.75,1.0,0.4444444444444444,4,9,4
5912,0.5454545454545454,1.0,1.0,1.0,1.0,0.375,3,8,3
5913,0.5,0.3333333333333333,0.6666666666666666,0.6666666666666666,1.0,0.3333333333333333,3,9,3
5914,0.6,-0.3333333333333333,0.33333333333333337,0.6666666666666666,1.0,0.42857142857142855,3,7,3
5915,0.6,0.3333333333333333,0.6666666666666666,0.6666666666666666,1.0,0.42857142857142855,3,7,3
5916,0.5714285714285715,0.3333333333333333,0.6666666666666666,0.75,1.0,0.4,4,10,4
5917,0.6153846153846153,1.0,1.0,1.0,1.0,0.4444444444444444,4,9,4
5918,0.6153846153846153,-0.3333333333333333,0.33333333333333337,0.5,1.0,0.4444444444444444,4,9,4
5919,0.6666666666666666,0.3333333333333333,0.6666666666666666,0.75,1.0,0.5,4,8,4
5920,0.6666666666666666,0.3333333333333333,0.6666666666666666,0.75,1.0,0.5,4,8,4
5921,0.7272727272727273,-0.6666666666666666,0.16666666666666669,0.5,1.0,0.5714285714285714,4,7,4
5922,0.6153846153846153,0.6666666666666666,0.8333333333333333,0.75,1.0,0.4444444444444444,4,9,4
5923,0.5882352941176471,0.8,0.9,0.8,1.0,0.4166666666666667,5,12,5
5924,0.6,-0.3333333333333333,0.33333333333333337,0.6666666666666666,1.0,0.42857142857142855,3,7,3
5925,0.5454545454545454,0.3333333333333333,0.6666666666666666,0.6666666666666666,1.0,0.375,3,8,3
5926,0.6666666666666666,0.0,0.5,0.5,1.0,0.5,4,8,4
5927,0.7692307692307693,0.8,0.9,0.8,1.0,0.625,5,8,5
5928,0.5,-0.3333333333333333,0.33333333333333337,0.6666666666666666,1.0,0.3333333333333333,3,9,3
5929,0.6666666666666666,0.6666666666666666,0.8333333333333333,0.75,1.0,0.5,4,8,4
5930,0.5454545454545454,1.0,1.0,1.0,1.0,0.375,3,8,3
5931,0.5454545454545454,1.0,1.0,1.0,1.0,0.375,3,8,3
5932,0.7272727272727273,0.0,0.5,0.75,1.0,0.5714285714285714,4,7,4
5933,0.6,1.0,1.0,1.0,1.0,0.42857142857142855,3,7,3
5934,0.5454545454545454,0.3333333333333333,0.6666666666666666,0.6666666666666666,1.0,0.375,3,8,3
5935,0.5714285714285715,0.6666666666666666,0.8333333333333333,0.75,1.0,0.4,4,10,4
5936,0.5454545454545454,-0.3333333333333333,0.33333333333333337,0.6666666666666666,1.0,0.375,3,8,3
5937,0.6153846153846153,0.3333333333333333,0.6666666666666666,0.75,1.0,0.4444444444444444,4,9,4
5938,0.6666666666666666,0.6666666666666666,0.8333333333333333,0.75,1.0,0.5,4,8,4
5939,0.6666666666666666,0.0,0.5,0.75,1.0,0.5,4,8,4
5940,0.7692307692307693,0.4,0.7,0.6,1.0,0.625,5,8,5
5941,0.5454545454545454,1.0,1.0,1.0,1.0,0.375,3,8,3
5942,0.5454545454545454,1.0,1.0,1.0,1.0,0.375,3,8,3
5943,0.7272727272727273,0.6666666666666666,0.8333333333333333,0.75,1.0,0.5714285714285714,4,7,4
5944,0.6666666666666666,1.0,1.0,1.0,1.0,0.5,4,8,4
5945,0.7272727272727273,0.6666666666666666,0.8333333333333333,0.75,1.0,0.5714285714285714,4,7,4
5946,0.9090909090909091,0.0,0.5,0.6,1.0,0.8333333333333334,5,6,5
5947,0.7142857142857143,0.8,0.9,0.8,1.0,0.5555555555555556,5,9,5
5948,0.6666666666666666,1.0,1.0,1.0,1.0,0.5,4,8,4
5949,0.5714285714285715,0.6666666666666666,0.8333333333333333,0.75,1.0,0.4,4,10,4
5950,0.6153846153846153,0.6666666666666666,0.8333333333333333,0.75,1.0,0.4444444444444444,4,9,4
5951,0.6153846153846153,0.6666666666666666,0.8333333333333333,0.75,1.0,0.4444444444444444,4,9,4
5952,0.5,-0.3333333333333333,0.33333333333333337,0.6666666666666666,1.0,0.3333333333333333,3,9,3
5953,0.5,0.3333333333333333,0.6666666666666666,0.6666666666666666,1.0,0.3333333333333333,3,9,3
5954,0.5454545454545454,1.0,1.0,1.0,1.0,0.375,3,8,3
5955,0.6153846153846153,-0.3333333333333333,0.33333333333333337,0.5,1.0,0.4444444444444444,4,9,4
5956,0.6666666666666666,0.3333333333333333,0.6666666666666666,0.75,1.0,0.5,4,8,4
5957,0.6666666666666666,1.0,1.0,1.0,1.0,0.5,4,8,4
5958,0.4615384615384615,-0.3333333333333333,0.33333333333333337,0.6666666666666666,1.0,0.3,3,10,3
5959,0.6666666666666666,1.0,1.0,1.0,1.0,0.5,4,8,4
5960,0.6666666666666666,0.3333333333333333,0.6666666666666666,0.75,1.0,0.5,4,8,4
5961,0.7272727272727273,0.6666666666666666,0.8333333333333333,0.75,1.0,0.5714285714285714,4,7,4
5962,0.5454545454545454,-0.3333333333333333,0.33333333333333337,0.6666666666666666,1.0,0.375,3,8,3
5963,0.5454545454545454,1.0,1.0,1.0,1.0,0.375,3,8,3
5964,0.7692307692307693,0.2,0.6,0.6,1.0,0.625,5,8,5
5965,0.5454545454545454,-0.3333333333333333,0.33333333333333337,0.6666666666666666,1.0,0.375,3,8,3
5966,0.7142857142857143,0.4,0.7,0.6,1.0,0.5555555555555556,5,9,5
5967,0.625,-0.2,0.4,0.6,1.0,0.45454545454545453,5,11,5
5968,0.5714285714285715,0.6666666666666666,0.8333333333333333,0.75,1.0,0.4,4,10,4
5969,0.6153846153846153,0.3333333333333333,0.6666666666666666,0.75,1.0,0.4444444444444444,4,9,4
5970,0.5454545454545454,0.3333333333333333,0.6666666666666666,0.6666666666666666,1.0,0.375,3,8,3
5971,0.5,-0.3333333333333333,0.33333333333333337,0.6666666666666666,1.0,0.3333333333333333,3,9,3
5972,0.5714285714285715,1.0,1.0,1.0,1.0,0.4,4,10,4
5973,0.5,1.0,1.0,1.0,1.0,0.3333333333333333,3,9,3
5974,0.5454545454545454,-0.3333333333333333,0.33333333333333337,0.6666666666666666,1.0,0.375,3,8,3
5975,0.5,1.0,1.0,1.0,1.0,0.3333333333333333,3,9,3
5976,0.7142857142857143,0.2,0.6,0.6,1.0,0.5555555555555556,5,9,5
5977,0.6666666666666666,0.4,0.7,0.8,1.0,0.5,5,10,5
5978,0.5454545454545454,-1.0,0.0,0.3333333333333333,1.0,0.375,3,8,3
5979,0.5454545454545454,0.3333333333333333,0.6666666666666666,0.6666666666666666,1.0,0.375,3,8,3
5980,0.7272727272727273,0.0,0.5,0.75,1.0,0.5714285714285714,4,7,4
5981,0.6153846153846153,0.6666666666666666,0.8333333333333333,0.75,1.0,0.4444444444444444,4,9,4
5982,0.6666666666666666,0.3333333333333333,0.6666666666666666,0.75,1.0,0.5,4,8,4
5983,0.6153846153846153,-0.6666666666666666,0.16666666666666669,0.5,1.0,0.4444444444444444,4,9,4
5984,0.625,0.2,0.6,0.6,1.0,0.45454545454545453,5,11,5
5985,0.6153846153846153,0.0,0.5,0.5,1.0,0.4444444444444444,4,9,4
5986,0.7692307692307693,0.2,0.6,0.6,1.0,0.625,5,8,5
5987,0.6153846153846153,1.0,1.0,1.0,1.0,0.4444444444444444,4,9,4
5988,0.7272727272727273,1.0,1.0,1.0,1.0,0.5714285714285714,4,7,4
5989,0.6153846153846153,0.6666666666666666,0.8333333333333333,0.75,1.0,0.4444444444444444,4,9,4
5990,0.6666666666666666,0.3333333333333333,0.6666666666666666,0.5,1.0,0.5,4,8,4
5991,0.5454545454545454,1.0,1.0,1.0,1.0,0.375,3,8,3
5992,0.6666666666666666,1.0,1.0,1.0,1.0,0.5,4,8,4
5993,0.5714285714285715,1.0,1.0,1.0,1.0,0.4,4,10,4
5994,0.4615384615384615,1.0,1.0,1.0,1.0,0.3,3,10,3
5995,0.6153846153846153,0.6666666666666666,0.8333333333333333,0.75,1.0,0.4444444444444444,4,9,4
5996,0.6153846153846153,1.0,1.0,1.0,1.0,0.4444444444444444,4,9,4
5997,0.5,1.0,1.0,1.0,1.0,0.3333333333333333,3,9,3
5998,0.6153846153846153,1.0,1.0,1.0,1.0,0.4444444444444444,4,9,4
5999,0.5714285714285715,-0.6666666666666666,0.16666666666666669,0.5,1.0,0.4,4,10,4
6000,0.6666666666666666,1.0,1.0,1.0,1.0,0.5,4,8,4
6001,0.6,-0.3333333333333333,0.33333333333333337,0.6666666666666666,1.0,0.42857142857142855,3,7,3
6002,0.4615384615384615,-0.3333333333333333,0.33333333333333337,0.6666666666666666,1.0,0.3,3,10,3
6003,0.6666666666666666,0.0,0.5,0.5,1.0,0.5,4,8,4
6004,0.5714285714285715,0.3333333333333333,0.6666666666666666,0.75,1.0,0.4,4,10,4
6005,0.5714285714285715,-0.3333333333333333,0.33333333333333337,0.5,1.0,0.4,4,10,4
6006,0.6666666666666666,0.6666666666666666,0.8333333333333333,0.75,1.0,0.5,4,8,4
6007,0.6153846153846153,1.0,1.0,1.0,1.0,0.4444444444444444,4,9,4
6008,0.7272727272727273,0.3333333333333333,0.6666666666666666,0.75,1.0,0.5714285714285714,4,7,4
6009,0.6153846153846153,1.0,1.0,1.0,1.0,0.4444444444444444,4,9,4
6010,0.5,1.0,1.0,1.0,1.0,0.3333333333333333,3,9,3
6011,0.5714285714285715,0.6666666666666666,0.8333333333333333,0.75,1.0,0.4,4,10,4
6012,0.6666666666666666,1.0,1.0,1.0,1.0,0.5,4,8,4
6013,0.5714285714285715,0.0,0.5,0.75,1.0,0.4,4,10,4
6014,0.6153846153846153,0.6666666666666666,0.8333333333333333,0.75,1.0,0.4444444444444444,4,9,4
6015,0.42857142857142855,1.0,1.0,1.0,1.0,0.2727272727272727,3,11,3
6016,0.5454545454545454,0.3333333333333333,0.6666666666666666,0.6666666666666666,1.0,0.375,3,8,3
6017,0.6153846153846153,0.6666666666666666,0.8333333333333333,0.75,1.0,0.4444444444444444,4,9,4
6018,0.6,0.3333333333333333,0.6666666666666666,0.6666666666666666,1.0,0.42857142857142855,3,7,3
6019,0.6666666666666666,0.6666666666666666,0.8333333333333333,0.75,1.0,0.5,4,8,4
6020,0.7692307692307693,1.0,1.0,1.0,1.0,0.625,5,8,5
6021,0.7692307692307693,0.8,0.9,0.8,1.0,0.625,5,8,5
6022,0.5454545454545454,1.0,1.0,1.0,1.0,0.375,3,8,3
6023,0.5454545454545454,0.3333333333333333,0.6666666666666666,0.6666666666666666,1.0,0.375,3,8,3
6024,0.5714285714285715,-0.3333333333333333,0.33333333333333337,0.5,1.0,0.4,4,10,4
6025,0.5714285714285715,1.0,1.0,1.0,1.0,0.4,4,10,4
6026,0.5714285714285715,0.3333333333333333,0.6666666666666666,0.75,1.0,0.4,4,10,4
6027,0.7272727272727273,0.0,0.5,0.75,1.0,0.5714285714285714,4,7,4
6028,0.5454545454545454,-1.0,0.0,0.3333333333333333,1.0,0.375,3,8,3
6029,0.5454545454545454,-0.3333333333333333,0.33333333333333337,0.6666666666666666,1.0,0.375,3,8,3
6030,0.5454545454545454,1.0,1.0,1.0,1.0,0.375,3,8,3
6031,0.6153846153846153,0.6666666666666666,0.8333333333333333,0.75,1.0,0.4444444444444444,4,9,4
6032,0.5714285714285715,0.6666666666666666,0.8333333333333333,0.75,1.0,0.4,4,10,4
6033,0.5714285714285715,0.3333333333333333,0.6666666666666666,0.75,1.0,0.4,4,10,4
6034,0.5454545454545454,1.0,1.0,1.0,1.0,0.375,3,8,3
6035,0.6153846153846153,0.3333333333333333,0.6666666666666666,0.75,1.0,0.4444444444444444,4,9,4
6036,0.5454545454545454,1.0,1.0,1.0,1.0,0.375,3,8,3
6037,0.6666666666666666,0.6666666666666666,0.8333333333333333,0.75,1.0,0.5,4,8,4
6038,0.4615384615384615,-1.0,0.0,0.3333333333333333,1.0,0.3,3,10,3
6039,0.6,-0.3333333333333333,0.33333333333333337,0.6666666666666666,1.0,0.42857142857142855,3,7,3
6040,0.6153846153846153,1.0,1.0,1.0,1.0,0.4444444444444444,4,9,4
6041,0.5,0.3333333333333333,0.6666666666666666,0.75,1.0,0.3333333333333333,4,12,4
6042,0.5,0.3333333333333333,0.6666666666666666,0.6666666666666666,1.0,0.3333333333333333,3,9,3
6043,0.6666666666666666,0.0,0.5,0.5,1.0,0.5,4,8,4
6044,0.6666666666666666,0.6666666666666666,0.8333333333333333,0.75,1.0,0.5,4,8,4
6045,0.7499999999999999,0.3333333333333333,0.6666666666666666,0.6666666666666666,1.0,0.6,6,10,6
6046,0.5714285714285715,0.0,0.5,0.5,1.0,0.4,4,10,4
6047,0.6666666666666666,0.0,0.5,0.6,1.0,0.5,5,10,5
6048,0.6,1.0,1.0,1.0,1.0,0.42857142857142855,3,7,3
6049,0.5,0.3333333333333333,0.6666666666666666,0.6666666666666666,1.0,0.3333333333333333,3,9,3
6050,0.6666666666666666,0.8,0.9,0.8,1.0,0.5,5,10,5
6051,0.8333333333333333,0.6,0.8,0.6,1.0,0.7142857142857143,5,7,5
6052,0.6153846153846153,1.0,1.0,1.0,1.0,0.4444444444444444,4,9,4
6053,0.8,1.0,1.0,1.0,1.0,0.6666666666666666,4,6,4
6054,0.8,0.0,0.5,0.5,1.0,0.6666666666666666,4,6,4
6055,0.5,-0.3333333333333333,0.33333333333333337,0.6666666666666666,1.0,0.3333333333333333,3,9,3
6056,0.5714285714285715,0.0,0.5,0.75,1.0,0.4,4,10,4
6057,0.5,0.3333333333333333,0.6666666666666666,0.6666666666666666,1.0,0.3333333333333333,3,9,3
6058,0.5,-0.3333333333333333,0.33333333333333337,0.6666666666666666,1.0,0.3333333333333333,3,9,3
6059,0.5454545454545454,0.3333333333333333,0.6666666666666666,0.6666666666666666,1.0,0.375,3,8,3
6060,0.5454545454545454,1.0,1.0,1.0,1.0,0.375,3,8,3
6061,0.6153846153846153,0.0,0.5,0.75,1.0,0.4444444444444444,4,9,4
6062,0.6153846153846153,1.0,1.0,1.0,1.0,0.4444444444444444,4,9,4
6063,0.5333333333333333,0.3333333333333333,0.6666666666666666,0.5,1.0,0.36363636363636365,4,11,4
6064,0.5454545454545454,0.3333333333333333,0.6666666666666666,0.6666666666666666,1.0,0.375,3,8,3
6065,0.5454545454545454,1.0,1.0,1.0,1.0,0.375,3,8,3
6066,0.4615384615384615,0.3333333333333333,0.6666666666666666,0.6666666666666666,1.0,0.3,3,10,3
6067,0.5714285714285715,1.0,1.0,1.0,1.0,0.4,4,10,4
6068,0.6666666666666666,1.0,1.0,1.0,1.0,0.5,4,8,4
6069,0.6666666666666666,-0.2,0.4,0.6,1.0,0.5,5,10,5
6070,0.6153846153846153,0.0,0.5,0.75,1.0,0.4444444444444444,4,9,4
6071,0.4615384615384615,0.3333333333333333,0.6666666666666666,0.6666666666666666,1.0,0.3,3,10,3
6072,0.6666666666666666,0.0,0.5,0.5,1.0,0.5,4,8,4
6073,0.6153846153846153,0.6666666666666666,0.8333333333333333,0.75,1.0,0.4444444444444444,4,9,4
6074,0.7142857142857143,0.4,0.7,0.6,1.0,0.5555555555555556,5,9,5
6075,0.8235294117647058,0.047619047619047616,0.5238095238095238,0.42857142857142855,1.0,0.7,7,10,7
6076,0.5,0.3333333333333333,0.6666666666666666,0.6666666666666666,1.0,0.3333333333333333,3,9,3
6077,0.4615384615384615,1.0,1.0,1.0,1.0,0.3,3,10,3
6078,0.5454545454545454,1.0,1.0,1.0,1.0,0.375,3,8,3
6079,0.5714285714285715,0.6666666666666666,0.8333333333333333,0.75,1.0,0.4,4,10,4
6080,0.6666666666666666,0.8,0.9,0.8,1.0,0.5,5,10,5
6081,0.6153846153846153,0.3333333333333333,0.6666666666666666,0.75,1.0,0.4444444444444444,4,9,4
6082,0.5454545454545454,0.3333333333333333,0.6666666666666666,0.6666666666666666,1.0,0.375,3,8,3
6083,0.6666666666666666,1.0,1.0,1.0,1.0,0.5,4,8,4
6084,0.6666666666666666,0.6,0.8,0.8,1.0,0.5,5,10,5
6085,0.6153846153846153,1.0,1.0,1.0,1.0,0.4444444444444444,4,9,4
6086,0.4615384615384615,1.0,1.0,1.0,1.0,0.3,3,10,3
6087,0.6153846153846153,1.0,1.0,1.0,1.0,0.4444444444444444,4,9,4
6088,0.6153846153846153,0.0,0.5,0.5,1.0,0.4444444444444444,4,9,4
6089,0.6666666666666666,0.6666666666666666,0.8333333333333333,0.75,1.0,0.5,4,8,4
6090,0.5,0.3333333333333333,0.6666666666666666,0.6666666666666666,1.0,0.3333333333333333,3,9,3
6091,0.5,1.0,1.0,1.0,1.0,0.3333333333333333,3,9,3
6092,0.5,0.3333333333333333,0.6666666666666666,0.6666666666666666,1.0,0.3333333333333333,3,9,3
6093,0.5,0.3333333333333333,0.6666666666666666,0.6666666666666666,1.0,0.3333333333333333,3,9,3
6094,0.6666666666666666,0.4,0.7,0.8,1.0,0.5,5,10,5
6095,0.7142857142857143,0.4,0.7,0.8,1.0,0.5555555555555556,5,9,5
6096,0.5714285714285715,0.0,0.5,0.75,1.0,0.4,4,10,4
6097,0.4615384615384615,-1.0,0.0,0.3333333333333333,1.0,0.3,3,10,3
6098,0.5454545454545454,0.3333333333333333,0.6666666666666666,0.6666666666666666,1.0,0.375,3,8,3
6099,0.5454545454545454,0.3333333333333333,0.6666666666666666,0.6666666666666666,1.0,0.375,3,8,3
6100,0.5714285714285715,1.0,1.0,1.0,1.0,0.4,4,10,4
6101,0.6153846153846153,0.0,0.5,0.75,1.0,0.4444444444444444,4,9,4
6102,0.5454545454545454,0.3333333333333333,0.6666666666666666,0.6666666666666666,1.0,0.375,3,8,3
6103,0.6666666666666666,-0.3333333333333333,0.33333333333333337,0.5,1.0,0.5,4,8,4
6104,0.6666666666666666,0.0,0.5,0.6,1.0,0.5,5,10,5
6105,0.6666666666666666,1.0,1.0,1.0,1.0,0.5,4,8,4
6106,0.5454545454545454,1.0,1.0,1.0,1.0,0.375,3,8,3
6107,0.5,1.0,1.0,1.0,1.0,0.3333333333333333,3,9,3
6108,0.6153846153846153,1.0,1.0,1.0,1.0,0.4444444444444444,4,9,4
6109,0.7272727272727273,0.6666666666666666,0.8333333333333333,0.75,1.0,0.5714285714285714,4,7,4
6110,0.6666666666666666,-0.3333333333333333,0.33333333333333337,0.6666666666666666,1.0,0.5,3,6,3
6111,0.5,0.3333333333333333,0.6666666666666666,0.6666666666666666,1.0,0.3333333333333333,3,9,3
6112,0.9090909090909091,0.2,0.6,0.6,1.0,0.8333333333333334,5,6,5
6113,0.7692307692307693,0.4,0.7,0.6,1.0,0.625,5,8,5
6114,0.6153846153846153,1.0,1.0,1.0,1.0,0.4444444444444444,4,9,4
6115,0.5,0.3333333333333333,0.6666666666666666,0.6666666666666666,1.0,0.3333333333333333,3,9,3
6116,0.5454545454545454,1.0,1.0,1.0,1.0,0.375,3,8,3
6117,0.5,0.3333333333333333,0.6666666666666666,0.6666666666666666,1.0,0.3333333333333333,3,9,3
6118,0.5714285714285715,1.0,1.0,1.0,1.0,0.4,4,10,4
6119,0.7692307692307693,0.4,0.7,0.6,1.0,0.625,5,8,5
6120,0.6666666666666666,0.4,0.7,0.6,1.0,0.5,5,10,5
6121,0.6666666666666666,0.0,0.5,0.6,1.0,0.5,5,10,5
6122,0.5333333333333333,1.0,1.0,1.0,1.0,0.36363636363636365,4,11,4
6123,0.5454545454545454,0.3333333333333333,0.6666666666666666,0.6666666666666666,1.0,0.375,3,8,3
6124,0.7499999999999999,0.7333333333333333,0.8666666666666667,0.6666666666666666,1.0,0.6,6,10,6
6125,0.5714285714285715,0.6666666666666666,0.8333333333333333,0.75,1.0,0.4,4,10,4
6126,0.6153846153846153,0.6666666666666666,0.8333333333333333,0.75,1.0,0.4444444444444444,4,9,4
6127,0.923076923076923,-0.3333333333333333,0.33333333333333337,0.3333333333333333,0.8571428571428571,1.0,7,6,6
6128,0.6666666666666666,0.4,0.7,0.6,1.0,0.5,5,10,5
6129,0.625,-0.2,0.4,0.4,1.0,0.45454545454545453,5,11,5
6130,0.8,-0.2857142857142857,0.35714285714285715,0.5,1.0,0.6666666666666666,8,12,8
6131,0.6153846153846153,1.0,1.0,1.0,1.0,0.4444444444444444,4,9,4
6132,0.6666666666666666,-1.0,0.0,0.3333333333333333,1.0,0.5,3,6,3
6133,0.923076923076923,-0.3333333333333333,0.33333333333333337,0.5,1.0,0.8571428571428571,6,7,6
6134,0.7499999999999999,1.0,1.0,1.0,1.0,0.6,3,5,3
6135,0.5,1.0,1.0,1.0,1.0,0.3333333333333333,3,9,3
6136,0.5333333333333333,0.0,0.5,0.75,1.0,0.36363636363636365,4,11,4
6137,0.5,0.2,0.6,0.6666666666666666,1.0,0.3333333333333333,6,18,6
6138,0.7499999999999999,0.3333333333333333,0.6666666666666666,0.6666666666666666,1.0,0.6,3,5,3
6139,0.7000000000000001,0.3333333333333333,0.6666666666666666,0.5714285714285714,1.0,0.5384615384615384,7,13,7
6140,0.7272727272727273,0.3333333333333333,0.6666666666666666,0.75,1.0,0.5714285714285714,4,7,4
6141,0.7692307692307693,0.2,0.6,0.6,1.0,0.625,5,8,5
6142,0.8,-0.2,0.4,0.5,1.0,0.6666666666666666,6,9,6
6143,0.5454545454545454,0.3333333333333333,0.6666666666666666,0.6666666666666666,1.0,0.375,3,8,3
6144,0.888888888888889,-0.3333333333333333,0.33333333333333337,0.5,1.0,0.8,4,5,4
6145,0.8,-0.6666666666666666,0.16666666666666669,0.5,1.0,0.6666666666666666,4,6,4
6146,0.6666666666666666,0.0,0.5,0.75,1.0,0.5,4,8,4
6147,0.7058823529411764,0.2,0.6,0.5,1.0,0.5454545454545454,6,11,6
6148,0.4,0.0,0.5,0.75,1.0,0.25,4,16,4
6149,0.6666666666666666,-1.0,0.0,0.3333333333333333,1.0,0.5,3,6,3
6150,0.8333333333333333,0.2,0.6,0.8,1.0,0.7142857142857143,5,7,5
6151,0.6666666666666666,0.3333333333333333,0.6666666666666666,0.6666666666666666,1.0,0.5,3,6,3
6152,1.0,-0.06666666666666667,0.4666666666666667,0.5,1.0,1.0,6,6,6
6153,0.5454545454545454,-0.2,0.4,0.5,1.0,0.375,6,16,6
6154,0.6666666666666666,-0.14285714285714285,0.4285714285714286,0.42857142857142855,1.0,0.5,7,14,7
6155,0.8571428571428571,0.6,0.8,0.8333333333333334,1.0,0.75,6,8,6
6156,0.8,0.3333333333333333,0.6666666666666666,0.75,1.0,0.6666666666666666,4,6,4
6157,0.7272727272727273,0.3333333333333333,0.6666666666666666,0.75,1.0,0.5714285714285714,4,7,4
6158,0.5,0.6666666666666666,0.8333333333333333,0.75,1.0,0.3333333333333333,4,12,4
6159,0.6666666666666666,-1.0,0.0,0.25,1.0,0.5,4,8,4
6160,0.5,-0.3333333333333333,0.33333333333333337,0.6666666666666666,1.0,0.3333333333333333,3,9,3
6161,0.7272727272727273,-0.3333333333333333,0.33333333333333337,0.5,1.0,0.5714285714285714,4,7,4
6162,0.7272727272727273,0.0,0.5,0.75,1.0,0.5714285714285714,4,7,4
6163,0.7272727272727273,0.3333333333333333,0.6666666666666666,0.75,1.0,0.5714285714285714,4,7,4
6164,0.7142857142857143,0.2,0.6,0.4,1.0,0.5555555555555556,5,9,5
6165,0.6666666666666666,0.8,0.9,0.8,1.0,0.5,5,10,5
6166,0.7499999999999999,1.0,1.0,1.0,1.0,0.6,3,5,3
6167,0.6666666666666666,0.3333333333333333,0.6666666666666666,0.6666666666666666,1.0,0.5,3,6,3
6168,0.6153846153846153,0.6666666666666666,0.8333333333333333,0.75,1.0,0.4444444444444444,4,9,4
6169,0.5714285714285715,1.0,1.0,1.0,1.0,0.4,4,10,4
6170,0.7142857142857143,0.6,0.8,0.6,1.0,0.5555555555555556,5,9,5
6171,0.6,-1.0,0.0,0.3333333333333333,1.0,0.42857142857142855,3,7,3
6172,0.6666666666666666,1.0,1.0,1.0,1.0,0.5,3,6,3
6173,0.9090909090909091,0.5555555555555556,0.7777777777777778,0.6,0.8333333333333334,1.0,12,10,10
6174,0.8,1.0,1.0,1.0,1.0,0.6666666666666666,4,6,4
6175,0.7272727272727273,0.3333333333333333,0.6666666666666666,0.75,1.0,0.5714285714285714,4,7,4
6176,0.6956521739130436,0.14285714285714285,0.5714285714285714,0.5,1.0,0.5333333333333333,8,15,8
6177,0.5882352941176471,0.2,0.6,0.6,1.0,0.4166666666666667,5,12,5
6178,0.5882352941176471,-0.2,0.4,0.6,1.0,0.4166666666666667,5,12,5
6179,0.5,0.3333333333333333,0.6666666666666666,0.6666666666666666,1.0,0.3333333333333333,3,9,3
6180,0.6,0.3333333333333333,0.6666666666666666,0.6666666666666666,1.0,0.42857142857142855,3,7,3
6181,0.5714285714285715,-0.6666666666666666,0.16666666666666669,0.5,1.0,0.4,4,10,4
6182,0.7692307692307693,1.0,1.0,1.0,1.0,0.625,5,8,5
6183,0.8333333333333333,0.0,0.5,0.6,1.0,0.7142857142857143,5,7,5
6184,0.9090909090909091,0.2,0.6,0.6,0.8333333333333334,1.0,6,5,5
6185,0.625,1.0,1.0,1.0,1.0,0.45454545454545453,5,11,5
6186,0.8333333333333333,0.3523809523809524,0.6761904761904762,0.4,0.7142857142857143,1.0,21,15,15
6187,1.0,-0.4,0.3,0.4,1.0,1.0,5,5,5
6188,0.7692307692307693,1.0,1.0,1.0,1.0,0.625,5,8,5
6189,0.8421052631578948,0.21428571428571427,0.6071428571428571,0.5,0.7272727272727273,1.0,11,8,8
6190,0.8,0.0,0.5,0.5,1.0,0.6666666666666666,4,6,4
6191,0.5333333333333333,0.6666666666666666,0.8333333333333333,0.75,1.0,0.36363636363636365,4,11,4
6192,0.8333333333333333,1.0,1.0,1.0,1.0,0.7142857142857143,5,7,5
6193,0.8571428571428571,1.0,1.0,1.0,1.0,0.75,6,8,6
6194,0.888888888888889,0.42857142857142855,0.7142857142857143,0.625,1.0,0.8,8,10,8
6195,0.6666666666666666,-0.3333333333333333,0.33333333333333337,0.5,1.0,0.5,6,12,6
6196,0.7272727272727273,-0.6666666666666666,0.16666666666666669,0.5,1.0,0.5714285714285714,4,7,4
6197,0.8,0.0,0.5,0.5,1.0,0.6666666666666666,4,6,4
6198,0.888888888888889,0.07142857142857142,0.5357142857142857,0.5,0.8,1.0,10,8,8
6199,0.625,0.0,0.5,0.6,1.0,0.45454545454545453,5,11,5
6200,0.5333333333333333,0.6666666666666666,0.8333333333333333,0.75,1.0,0.36363636363636365,4,11,4
6201,0.5333333333333333,-0.3333333333333333,0.33333333333333337,0.5,1.0,0.36363636363636365,4,11,4
6202,0.967741935483871,-0.047619047619047616,0.47619047619047616,0.4,0.9375,1.0,16,15,15
6203,0.8,1.0,1.0,1.0,1.0,0.6666666666666666,4,6,4
6204,0.5714285714285715,0.7333333333333333,0.8666666666666667,0.6666666666666666,1.0,0.4,6,15,6
6205,0.8571428571428571,0.7333333333333333,0.8666666666666667,0.8333333333333334,1.0,0.75,6,8,6
6206,0.6153846153846153,0.0,0.5,0.5,1.0,0.4444444444444444,4,9,4
6207,0.6666666666666666,0.2,0.6,0.6,1.0,0.5,5,10,5
6208,0.6,-0.3333333333333333,0.33333333333333337,0.6666666666666666,1.0,0.42857142857142855,3,7,3
6209,0.9090909090909091,0.2,0.6,0.6,1.0,0.8333333333333334,5,6,5
6210,0.5,0.8,0.9,0.8,1.0,0.3333333333333333,5,15,5
6211,0.7272727272727273,0.3333333333333333,0.6666666666666666,0.75,1.0,0.5714285714285714,4,7,4
6212,0.5714285714285715,0.6666666666666666,0.8333333333333333,0.75,1.0,0.4,4,10,4
6213,0.6,-0.3333333333333333,0.33333333333333337,0.6666666666666666,1.0,0.42857142857142855,3,7,3
6214,0.7142857142857143,0.0,0.5,0.4,1.0,0.5555555555555556,5,9,5
6215,0.9411764705882353,0.2857142857142857,0.6428571428571428,0.625,1.0,0.8888888888888888,8,9,8
6216,0.7692307692307693,0.0,0.5,0.6,1.0,0.625,5,8,5
6217,0.7272727272727273,0.0,0.5,0.5,1.0,0.5714285714285714,4,7,4
6218,0.625,0.0,0.5,0.6,1.0,0.45454545454545453,5,11,5
6219,0.7142857142857143,0.8,0.9,0.8,1.0,0.5555555555555556,5,9,5
6220,0.6666666666666666,0.0,0.5,0.5,1.0,0.5,4,8,4
6221,0.8333333333333333,0.4,0.7,0.6,1.0,0.7142857142857143,5,7,5
6222,0.7368421052631579,0.14285714285714285,0.5714285714285714,0.5714285714285714,1.0,0.5833333333333334,7,12,7
6223,0.7407407407407407,0.5111111111111111,0.7555555555555555,0.6,0.5882352941176471,1.0,17,10,10
6224,0.7499999999999999,0.3333333333333333,0.6666666666666666,0.6666666666666666,1.0,0.6,3,5,3
6225,1.0,0.23809523809523808,0.6190476190476191,0.7142857142857143,1.0,1.0,7,7,7
6226,0.6,-0.3333333333333333,0.33333333333333337,0.6666666666666666,1.0,0.42857142857142855,3,7,3
6227,0.8333333333333333,-0.2,0.4,0.4,1.0,0.7142857142857143,5,7,5
6228,0.7272727272727273,1.0,1.0,1.0,1.0,0.5714285714285714,4,7,4
6229,0.9090909090909091,-0.4,0.3,0.4,1.0,0.8333333333333334,5,6,5
6230,0.8,0.0,0.5,0.75,1.0,0.6666666666666666,4,6,4
6231,0.8333333333333333,0.8,0.9,0.8,1.0,0.7142857142857143,5,7,5
6232,0.923076923076923,0.2,0.6,0.6666666666666666,1.0,0.8571428571428571,6,7,6
6233,0.5882352941176471,0.0,0.5,0.6,1.0,0.4166666666666667,5,12,5
6234,0.7272727272727273,0.3333333333333333,0.6666666666666666,0.75,1.0,0.5714285714285714,4,7,4
6235,0.6666666666666666,0.3333333333333333,0.6666666666666666,0.5,1.0,0.5,4,8,4
6236,0.9333333333333333,0.6190476190476191,0.8095238095238095,0.7142857142857143,1.0,0.875,7,8,7
6237,0.6,-1.0,0.0,0.3333333333333333,1.0,0.42857142857142855,3,7,3
6238,0.9166666666666666,0.2727272727272727,0.6363636363636364,0.45454545454545453,0.8461538461538461,1.0,13,11,11
6239,0.923076923076923,0.4666666666666667,0.7333333333333334,0.6666666666666666,1.0,0.8571428571428571,6,7,6
6240,0.923076923076923,0.48484848484848486,0.7424242424242424,0.5,0.8571428571428571,1.0,14,12,12
6241,0.7692307692307693,0.8,0.9,0.8,1.0,0.625,5,8,5
6242,0.8235294117647058,0.23809523809523808,0.6190476190476191,0.5714285714285714,0.7,1.0,10,7,7
6243,0.5882352941176471,-0.2,0.4,0.6,1.0,0.4166666666666667,5,12,5
6244,0.7272727272727273,0.0,0.5,0.5,1.0,0.5714285714285714,4,7,4
6245,0.7499999999999999,0.4666666666666667,0.7333333333333334,0.8333333333333334,1.0,0.6,6,10,6
6246,0.6666666666666666,1.0,1.0,1.0,1.0,0.5,4,8,4
6247,0.8,0.35714285714285715,0.6785714285714286,0.625,1.0,0.6666666666666666,8,12,8
6248,0.7692307692307693,0.2,0.6,0.6,1.0,0.625,5,8,5
6249,0.7692307692307693,0.8,0.9,0.8,1.0,0.625,5,8,5
6250,0.7692307692307693,-0.2,0.4,0.4,1.0,0.625,5,8,5
6251,0.6666666666666666,0.2,0.6,0.6,1.0,0.5,5,10,5
6252,0.7692307692307693,0.2,0.6,0.6,1.0,0.625,5,8,5
6253,0.631578947368421,-0.2,0.4,0.5,1.0,0.46153846153846156,6,13,6
6254,0.923076923076923,-0.2,0.4,0.3333333333333333,1.0,0.8571428571428571,6,7,6
6255,0.6666666666666666,0.8,0.9,0.8,1.0,0.5,5,10,5
6256,0.6666666666666666,1.0,1.0,1.0,1.0,0.5,4,8,4
6257,0.7272727272727273,-0.6666666666666666,0.16666666666666669,0.5,1.0,0.5714285714285714,4,7,4
6258,0.5333333333333333,0.6666666666666666,0.8333333333333333,0.75,1.0,0.36363636363636365,4,11,4
6259,0.9090909090909091,-0.2,0.4,0.4,1.0,0.8333333333333334,5,6,5
6260,0.6666666666666666,0.6666666666666666,0.8333333333333333,0.75,1.0,0.5,4,8,4
6261,0.7692307692307693,0.2,0.6,0.6,1.0,0.625,5,8,5
6262,0.6666666666666666,0.4,0.7,0.6,1.0,0.5,5,10,5
6263,0.8,1.0,1.0,1.0,1.0,0.6666666666666666,4,6,4
6264,0.8,-0.2,0.4,0.3333333333333333,1.0,0.6666666666666666,6,9,6
6265,0.7272727272727273,0.6666666666666666,0.8333333333333333,0.75,1.0,0.5714285714285714,4,7,4
6266,0.4615384615384615,0.3333333333333333,0.6666666666666666,0.6666666666666666,1.0,0.3,3,10,3
6267,0.5714285714285715,0.0,0.5,0.5,1.0,0.4,4,10,4
6268,0.9473684210526316,0.6111111111111112,0.8055555555555556,0.7777777777777778,0.9,1.0,10,9,9
6269,0.8571428571428571,0.06666666666666667,0.5333333333333333,0.6666666666666666,1.0,0.75,6,8,6
6270,0.7272727272727273,0.3333333333333333,0.6666666666666666,0.75,1.0,0.5714285714285714,4,7,4
6271,0.7692307692307693,0.2,0.6,0.6,1.0,0.625,5,8,5
6272,0.7692307692307693,0.2,0.6,0.6,1.0,0.625,5,8,5
6273,0.8,-0.06666666666666667,0.4666666666666667,0.5,1.0,0.6666666666666666,6,9,6
6274,0.5714285714285715,0.06666666666666667,0.5333333333333333,0.6666666666666666,1.0,0.4,6,15,6
6275,0.375,0.8666666666666667,0.9333333333333333,0.8333333333333334,1.0,0.23076923076923078,6,26,6
6276,0.5714285714285715,0.3333333333333333,0.6666666666666666,0.75,1.0,0.4,4,10,4
6277,0.5555555555555556,0.0,0.5,0.6,1.0,0.38461538461538464,5,13,5
6278,0.8421052631578948,0.14285714285714285,0.5714285714285714,0.625,1.0,0.7272727272727273,8,11,8
6279,0.7692307692307693,0.6,0.8,0.8,1.0,0.625,5,8,5
6280,0.6153846153846153,0.6666666666666666,0.8333333333333333,0.75,1.0,0.4444444444444444,4,9,4
6281,0.7692307692307693,0.4,0.7,0.6,1.0,0.625,5,8,5
6282,0.7058823529411764,0.2,0.6,0.6666666666666666,1.0,0.5454545454545454,6,11,6
6283,0.888888888888889,0.0,0.5,0.5,0.8,1.0,5,4,4
6284,0.7272727272727273,0.0,0.5,0.5,1.0,0.5714285714285714,4,7,4
6285,0.9333333333333333,0.42857142857142855,0.7142857142857143,0.5714285714285714,1.0,0.875,7,8,7
6286,0.9166666666666666,0.3090909090909091,0.6545454545454545,0.5454545454545454,0.8461538461538461,1.0,13,11,11
6287,0.9333333333333333,0.7142857142857143,0.8571428571428572,0.8571428571428571,1.0,0.875,7,8,7
6288,0.8235294117647058,0.42857142857142855,0.7142857142857143,0.8571428571428571,1.0,0.7,7,10,7
6289,0.625,0.2,0.6,0.6,1.0,0.45454545454545453,5,11,5
6290,0.8148148148148148,0.16363636363636364,0.5818181818181818,0.45454545454545453,0.6875,1.0,16,11,11
6291,0.7692307692307693,0.4,0.7,0.6,1.0,0.625,5,8,5
6292,0.888888888888889,0.5,0.75,0.625,0.8,1.0,10,8,8
6293,0.888888888888889,0.6666666666666666,0.8333333333333333,0.75,1.0,0.8,4,5,4
6294,0.6666666666666666,0.4,0.7,0.8,1.0,0.5,5,10,5
6295,0.7368421052631579,0.6190476190476191,0.8095238095238095,0.8571428571428571,1.0,0.5833333333333334,7,12,7
6296,0.6153846153846153,-0.3333333333333333,0.33333333333333337,0.5,1.0,0.4444444444444444,4,9,4
6297,1.0,0.42857142857142855,0.7142857142857143,0.5714285714285714,1.0,1.0,7,7,7
6298,0.7272727272727273,1.0,1.0,1.0,1.0,0.5714285714285714,4,7,4
6299,0.923076923076923,0.6,0.8,0.6666666666666666,0.8571428571428571,1.0,7,6,6
6300,0.6666666666666666,0.0,0.5,0.6,1.0,0.5,5,10,5
6301,0.5,0.3333333333333333,0.6666666666666666,0.75,1.0,0.3333333333333333,4,12,4
6302,0.7272727272727273,0.0,0.5,0.75,1.0,0.5714285714285714,4,7,4
6303,0.9090909090909091,0.8,0.9,0.8,1.0,0.8333333333333334,5,6,5
6304,0.7692307692307693,-0.2,0.4,0.6,1.0,0.625,5,8,5
6305,0.7142857142857143,0.4,0.7,0.6,1.0,0.5555555555555556,5,9,5
6306,0.5714285714285715,0.6666666666666666,0.8333333333333333,0.75,1.0,0.4,4,10,4
6307,0.6666666666666666,-0.3333333333333333,0.33333333333333337,0.5,1.0,0.5,4,8,4
6308,0.8750000000000001,0.6190476190476191,0.8095238095238095,0.5714285714285714,1.0,0.7777777777777778,7,9,7
6309,0.8,1.0,1.0,1.0,1.0,0.6666666666666666,4,6,4
6310,0.7142857142857143,0.2,0.6,0.6,1.0,0.5555555555555556,5,9,5
6311,0.888888888888889,0.6666666666666666,0.8333333333333333,0.75,1.0,0.8,4,5,4
6312,0.7142857142857143,-0.2,0.4,0.4,1.0,0.5555555555555556,5,9,5
6313,0.8750000000000001,0.7142857142857143,0.8571428571428572,0.7142857142857143,1.0,0.7777777777777778,7,9,7
6314,0.7692307692307693,0.8,0.9,0.8,1.0,0.625,5,8,5
6315,0.7142857142857143,0.4,0.7,0.6,1.0,0.5555555555555556,5,9,5
6316,0.6666666666666666,-0.6666666666666666,0.16666666666666669,0.5,1.0,0.5,4,8,4
6317,0.6,-0.2,0.4,0.5,1.0,0.42857142857142855,6,14,6
6318,0.9523809523809523,0.28888888888888886,0.6444444444444444,0.5,0.9090909090909091,1.0,11,10,10
6319,0.8333333333333333,0.4,0.7,0.6,1.0,0.7142857142857143,5,7,5
6320,0.5,-0.3333333333333333,0.33333333333333337,0.6666666666666666,1.0,0.3333333333333333,3,9,3
6321,0.8,0.4666666666666667,0.7333333333333334,0.6666666666666666,1.0,0.6666666666666666,6,9,6
6322,0.9333333333333333,0.3333333333333333,0.6666666666666666,0.7142857142857143,1.0,0.875,7,8,7
6323,0.4,-0.3333333333333333,0.33333333333333337,0.6666666666666666,1.0,0.25,3,12,3
6324,0.7692307692307693,0.0,0.5,0.6,1.0,0.625,5,8,5
6325,0.9333333333333333,0.047619047619047616,0.5238095238095238,0.5714285714285714,1.0,0.875,7,8,7
6326,1.0,0.7142857142857143,0.8571428571428572,0.75,1.0,1.0,8,8,8
6327,0.7272727272727273,0.3333333333333333,0.6666666666666666,0.75,1.0,0.5714285714285714,4,7,4
6328,0.5454545454545454,-0.3333333333333333,0.33333333333333337,0.6666666666666666,1.0,0.375,3,8,3
6329,0.5,1.0,1.0,1.0,1.0,0.3333333333333333,3,9,3
6330,1.0,0.16363636363636364,0.5818181818181818,0.45454545454545453,1.0,1.0,11,11,11
6331,0.7499999999999999,-0.3333333333333333,0.33333333333333337,0.6666666666666666,1.0,0.6,3,5,3
6332,0.8,0.4666666666666667,0.7333333333333334,0.6666666666666666,1.0,0.6666666666666666,6,9,6
6333,0.7142857142857143,-0.2,0.4,0.4,1.0,0.5555555555555556,5,9,5
6334,0.7777777777777778,0.5238095238095238,0.7619047619047619,0.7142857142857143,1.0,0.6363636363636364,7,11,7
6335,0.6666666666666666,0.8,0.9,0.8,1.0,0.5,5,10,5
6336,0.8,0.0,0.5,0.5,1.0,0.6666666666666666,4,6,4
6337,0.8,0.2,0.6,0.6666666666666666,1.0,0.6666666666666666,6,9,6
6338,0.8,-0.3333333333333333,0.33333333333333337,0.3333333333333333,1.0,0.6666666666666666,6,9,6
6339,0.9,0.0,0.5,0.4444444444444444,0.8181818181818182,1.0,11,9,9
6340,0.7058823529411764,-0.2,0.4,0.5,1.0,0.5454545454545454,6,11,6
6341,0.8571428571428571,-0.3888888888888889,0.3055555555555556,0.4444444444444444,0.75,1.0,12,9,9
6342,0.7692307692307693,0.6,0.8,0.8,1.0,0.625,5,8,5
6343,0.6666666666666666,0.2,0.6,0.6,1.0,0.5,5,10,5
6344,0.6666666666666666,0.0,0.5,0.4,1.0,0.5,5,10,5
6345,0.6153846153846153,1.0,1.0,1.0,1.0,0.4444444444444444,4,9,4
6346,0.5333333333333333,1.0,1.0,1.0,1.0,0.36363636363636365,4,11,4
6347,0.625,-0.2,0.4,0.4,1.0,0.45454545454545453,5,11,5
6348,0.9523809523809523,0.06666666666666667,0.5333333333333333,0.4,1.0,0.9090909090909091,10,11,10
6349,0.6666666666666666,-1.0,0.0,0.3333333333333333,1.0,0.5,3,6,3
6350,0.5882352941176471,-0.2,0.4,0.4,1.0,0.4166666666666667,5,12,5
6351,0.7058823529411764,0.06666666666666667,0.5333333333333333,0.5,1.0,0.5454545454545454,6,11,6
6352,0.8,-0.06666666666666667,0.4666666666666667,0.5,1.0,0.6666666666666666,6,9,6
6353,0.6666666666666666,1.0,1.0,1.0,1.0,0.5,3,6,3
6354,0.8181818181818181,-0.05555555555555555,0.4722222222222222,0.4444444444444444,0.6923076923076923,1.0,13,9,9
6355,0.8571428571428571,0.7333333333333333,0.8666666666666667,0.8333333333333334,1.0,0.75,6,8,6
6356,0.7142857142857143,0.8,0.9,0.8,1.0,0.5555555555555556,5,9,5
6357,0.8750000000000001,0.14285714285714285,0.5714285714285714,0.42857142857142855,1.0,0.7777777777777778,7,9,7
6358,0.8571428571428571,0.3333333333333333,0.6666666666666666,0.6666666666666666,1.0,0.75,6,8,6
6359,0.7499999999999999,0.2,0.6,0.6666666666666666,1.0,0.6,6,10,6
6360,0.782608695652174,0.5,0.75,0.6666666666666666,1.0,0.6428571428571429,9,14,9
6361,0.7692307692307693,-0.2,0.4,0.6,1.0,0.625,5,8,5
6362,0.5,-0.3333333333333333,0.33333333333333337,0.5,1.0,0.3333333333333333,4,12,4
6363,0.5454545454545454,-0.3333333333333333,0.33333333333333337,0.6666666666666666,1.0,0.375,3,8,3
6364,0.5714285714285715,-0.3333333333333333,0.33333333333333337,0.5,1.0,0.4,4,10,4
6365,0.7499999999999999,0.4666666666666667,0.7333333333333334,0.5,1.0,0.6,6,10,6
6366,0.7272727272727273,-0.3333333333333333,0.33333333333333337,0.5,1.0,0.5714285714285714,4,7,4
6367,0.7142857142857143,0.4,0.7,0.8,1.0,0.5555555555555556,5,9,5
6368,0.7499999999999999,0.4666666666666667,0.7333333333333334,0.5,1.0,0.6,6,10,6
6369,1.0,0.3333333333333333,0.6666666666666666,0.7142857142857143,1.0,1.0,7,7,7
6370,0.6153846153846153,0.3333333333333333,0.6666666666666666,0.75,1.0,0.4444444444444444,4,9,4
6371,0.6666666666666666,0.3333333333333333,0.6666666666666666,0.75,1.0,0.5,4,8,4
