sample_idx,accuracy_correct,match_type,confidence,predicted_answer,ground_truth_answer,match_f1,precision,recall,num_predicted_steps,num_reference_steps,num_matched_predictions,num_matched_references,avg_similarity,max_similarity,threshold_used
0,False,placeholder,0.0,insufficient information,C,0.0,0.0,0.0,0,9,0,0,0.0,0.0,0.0
1,False,placeholder,0.0,insufficient information,Yes,0.0,0.0,0.0,0,9,0,0,0.0,0.0,0.0
2,False,placeholder,0.0,insufficient information,B,0.0,0.0,0.0,0,8,0,0,0.0,0.0,0.0
3,True,exact,1.0,green,Green,0.5,1.0,0.3333333333333333,2,6,2,2,0.4887063503265381,0.7132730484008789,0.35
4,False,placeholder,0.0,insufficient information,C,0.0,0.0,0.0,0,8,0,0,0.0,0.0,0.0
5,False,placeholder,0.0,insufficient information,Bus,0.0,0.0,0.0,0,7,0,0,0.0,0.0,0.0
6,False,placeholder,0.0,insufficient information,A,0.0,0.0,0.0,0,6,0,0,0.0,0.0,0.0
7,False,placeholder,0.0,insufficient information,2,0.0,0.0,0.0,0,8,0,0,0.0,0.0,0.0
8,False,placeholder,0.0,insufficient information,A,0.0,0.0,0.0,0,5,0,0,0.0,0.0,0.0
9,False,placeholder,0.0,insufficient information,B,0.0,0.0,0.0,0,5,0,0,0.0,0.0,0.0
10,False,placeholder,0.0,insufficient information,3,0.0,0.0,0.0,0,6,0,0,0.0,0.0,0.0
11,False,placeholder,0.0,insufficient information,A,0.0,0.0,0.0,0,6,0,0,0.0,0.0,0.0
12,False,placeholder,0.0,insufficient information,A,0.0,0.0,0.0,0,6,0,0,0.0,0.0,0.0
13,False,placeholder,0.0,insufficient information,C,0.0,0.0,0.0,0,7,0,0,0.0,0.0,0.0
14,True,yes_no,1.0,Yes,Yes,0.5,1.0,0.3333333333333333,2,6,2,2,0.4855545461177826,0.7653747797012329,0.35
15,False,placeholder,0.0,insufficient information,B,0.0,0.0,0.0,0,6,0,0,0.0,0.0,0.0
16,False,placeholder,0.0,insufficient information,A,0.0,0.0,0.0,0,5,0,0,0.0,0.0,0.0
17,False,placeholder,0.0,insufficient information,0,0.0,0.0,0.0,0,6,0,0,0.0,0.0,0.0
18,False,placeholder,0.0,insufficient information,B,0.0,0.0,0.0,0,5,0,0,0.0,0.0,0.0
19,False,placeholder,0.0,insufficient information,C,0.0,0.0,0.0,0,6,0,0,0.0,0.0,0.0
20,True,choice,1.0,A,A,0.7499999999999999,1.0,0.6,3,5,3,3,0.35768216848373413,0.8736077547073364,0.35
21,False,yes_no,1.0,No,Yes,0.5,1.0,0.3333333333333333,2,6,2,2,0.46858808398246765,0.8735637664794922,0.35
22,False,placeholder,0.0,insufficient information,0,0.0,0.0,0.0,0,8,0,0,0.0,0.0,0.0
23,False,placeholder,0.0,insufficient information,C,0.0,0.0,0.0,0,6,0,0,0.0,0.0,0.0
24,False,placeholder,0.0,insufficient information,A,0.0,0.0,0.0,0,8,0,0,0.0,0.0,0.0
25,False,yes_no,1.0,Yes,No,0.6666666666666666,1.0,0.5,3,6,3,3,0.3048200309276581,0.5972673296928406,0.35
26,False,placeholder,0.0,insufficient information,A,0.0,0.0,0.0,0,6,0,0,0.0,0.0,0.0
27,False,placeholder,0.0,insufficient information,A,0.0,0.0,0.0,0,7,0,0,0.0,0.0,0.0
28,False,placeholder,0.0,insufficient information,B,0.0,0.0,0.0,0,5,0,0,0.0,0.0,0.0
29,False,placeholder,0.0,insufficient information,B,0.0,0.0,0.0,0,9,0,0,0.0,0.0,0.0
30,True,yes_no,1.0,Yes,Yes,0.6666666666666666,1.0,0.5,3,6,3,3,0.4316827952861786,0.7615863680839539,0.35
31,False,placeholder,0.0,insufficient information,B,0.0,0.0,0.0,0,4,0,0,0.0,0.0,0.0
32,False,placeholder,0.0,insufficient information,A,0.0,0.0,0.0,0,5,0,0,0.0,0.0,0.0
33,False,placeholder,0.0,insufficient information,C,0.0,0.0,0.0,0,5,0,0,0.0,0.0,0.0
34,False,placeholder,0.0,insufficient information,C,0.0,0.0,0.0,0,6,0,0,0.0,0.0,0.0
35,False,placeholder,0.0,insufficient information,C,0.0,0.0,0.0,0,5,0,0,0.0,0.0,0.0
36,False,placeholder,0.0,insufficient information,3,0.0,0.0,0.0,0,7,0,0,0.0,0.0,0.0
37,False,placeholder,0.0,insufficient information,C,0.0,0.0,0.0,0,7,0,0,0.0,0.0,0.0
38,True,numeric_exact,1.0,0,0,0.7499999999999999,1.0,0.6,3,5,3,3,0.396332710981369,0.8408607244491577,0.35
39,False,placeholder,0.0,insufficient information,2,0.0,0.0,0.0,0,7,0,0,0.0,0.0,0.0
40,True,yes_no,1.0,no,No,0.5,1.0,0.3333333333333333,2,6,2,2,0.5345458984375,0.9437339901924133,0.35
41,False,placeholder,0.0,insufficient information,B,0.0,0.0,0.0,0,7,0,0,0.0,0.0,0.0
42,False,placeholder,0.0,insufficient information,B,0.0,0.0,0.0,0,7,0,0,0.0,0.0,0.0
43,False,placeholder,0.0,insufficient information,C,0.0,0.0,0.0,0,7,0,0,0.0,0.0,0.0
44,False,placeholder,0.0,insufficient information,3,0.0,0.0,0.0,0,6,0,0,0.0,0.0,0.0
45,True,yes_no,1.0,no,No,0.4444444444444445,1.0,0.2857142857142857,2,7,2,2,0.43939393758773804,0.7821022272109985,0.35
46,False,placeholder,0.0,insufficient information,C,0.0,0.0,0.0,0,7,0,0,0.0,0.0,0.0
47,False,placeholder,0.0,insufficient information,B,0.0,0.0,0.0,0,6,0,0,0.0,0.0,0.0
48,False,placeholder,0.0,insufficient information,0,0.0,0.0,0.0,0,7,0,0,0.0,0.0,0.0
49,False,placeholder,0.0,insufficient information,A,0.0,0.0,0.0,0,8,0,0,0.0,0.0,0.0
50,False,placeholder,0.0,insufficient information,B,0.0,0.0,0.0,0,5,0,0,0.0,0.0,0.0
51,False,placeholder,0.0,insufficient information,Right,0.0,0.0,0.0,0,5,0,0,0.0,0.0,0.0
52,False,placeholder,0.0,insufficient information,3,0.0,0.0,0.0,0,5,0,0,0.0,0.0,0.0
53,True,yes_no,1.0,Yes,Yes,0.5,1.0,0.3333333333333333,2,6,2,2,0.47108033299446106,0.7161518335342407,0.35
54,False,placeholder,0.0,insufficient information,No,0.0,0.0,0.0,0,8,0,0,0.0,0.0,0.0
55,False,yes_no,1.0,Yes,No,0.4,1.0,0.25,2,8,2,2,0.4445011019706726,0.6975984573364258,0.35
56,False,yes_no,1.0,Yes,No,0.4,1.0,0.25,2,8,2,2,0.37420740723609924,0.653510332107544,0.35
57,False,placeholder,0.0,insufficient information,Green,0.0,0.0,0.0,0,8,0,0,0.0,0.0,0.0
58,False,placeholder,0.0,insufficient information,No,0.0,0.0,0.0,0,8,0,0,0.0,0.0,0.0
59,True,yes_no,1.0,Yes,Yes,0.5454545454545454,1.0,0.375,3,8,3,3,0.4540499150753021,0.7300431132316589,0.35
60,True,yes_no,1.0,Yes,Yes,0.5454545454545454,1.0,0.375,3,8,3,3,0.42252016067504883,0.6722859144210815,0.35
61,False,placeholder,0.0,insufficient information,C,0.0,0.0,0.0,0,8,0,0,0.0,0.0,0.0
62,True,yes_no,1.0,Yes,Yes,0.4,1.0,0.25,2,8,2,2,0.43260663747787476,0.6815916299819946,0.35
63,False,placeholder,0.0,insufficient information,C,0.0,0.0,0.0,0,8,0,0,0.0,0.0,0.0
64,False,placeholder,0.0,insufficient information,C,0.0,0.0,0.0,0,1,0,0,0.0,0.0,0.0
65,False,placeholder,0.0,insufficient information,Yellow,0.0,0.0,0.0,0,8,0,0,0.0,0.0,0.0
66,False,placeholder,0.0,insufficient information,B,0.0,0.0,0.0,0,8,0,0,0.0,0.0,0.0
67,False,placeholder,0.0,insufficient information,B,0.0,0.0,0.0,0,8,0,0,0.0,0.0,0.0
68,False,placeholder,0.0,insufficient information,A,0.0,0.0,0.0,0,8,0,0,0.0,0.0,0.0
69,False,placeholder,0.0,insufficient information,A,0.0,0.0,0.0,0,8,0,0,0.0,0.0,0.0
70,False,placeholder,0.0,insufficient information,A,0.0,0.0,0.0,0,8,0,0,0.0,0.0,0.0
71,False,yes_no,1.0,Yes,No,0.5454545454545454,1.0,0.375,3,8,3,3,0.34652218222618103,0.5479699969291687,0.35
72,False,placeholder,0.0,insufficient information,A,0.0,0.0,0.0,0,8,0,0,0.0,0.0,0.0
73,False,placeholder,0.0,insufficient information,B,0.0,0.0,0.0,0,8,0,0,0.0,0.0,0.0
74,False,placeholder,0.0,insufficient information,B,0.0,0.0,0.0,0,6,0,0,0.0,0.0,0.0
75,False,placeholder,0.0,insufficient information,A,0.0,0.0,0.0,0,8,0,0,0.0,0.0,0.0
76,False,placeholder,0.0,insufficient information,5,0.0,0.0,0.0,0,9,0,0,0.0,0.0,0.0
77,False,placeholder,0.0,insufficient information,B,0.0,0.0,0.0,0,9,0,0,0.0,0.0,0.0
78,False,placeholder,0.0,insufficient information,2,0.0,0.0,0.0,0,8,0,0,0.0,0.0,0.0
79,False,placeholder,0.0,insufficient information,0,0.0,0.0,0.0,0,9,0,0,0.0,0.0,0.0
80,False,placeholder,0.0,insufficient information,Yes,0.0,0.0,0.0,0,8,0,0,0.0,0.0,0.0
81,False,placeholder,0.0,insufficient information,C,0.0,0.0,0.0,0,9,0,0,0.0,0.0,0.0
82,False,placeholder,0.0,insufficient information,B,0.0,0.0,0.0,0,8,0,0,0.0,0.0,0.0
83,False,placeholder,0.0,insufficient information,B,0.0,0.0,0.0,0,8,0,0,0.0,0.0,0.0
84,False,placeholder,0.0,insufficient information,C,0.0,0.0,0.0,0,9,0,0,0.0,0.0,0.0
85,False,placeholder,0.0,insufficient information,1,0.0,0.0,0.0,0,9,0,0,0.0,0.0,0.0
86,False,placeholder,0.0,insufficient information,2,0.0,0.0,0.0,0,8,0,0,0.0,0.0,0.0
87,False,placeholder,0.0,insufficient information,1,0.0,0.0,0.0,0,8,0,0,0.0,0.0,0.0
88,False,yes_no,1.0,no,Yes,0.4,1.0,0.25,2,8,2,2,0.37818410992622375,0.6988424062728882,0.35
89,False,placeholder,0.0,insufficient information,Yes,0.0,0.0,0.0,0,8,0,0,0.0,0.0,0.0
90,True,choice,1.0,B,B,0.4,1.0,0.25,2,8,2,2,0.5370674133300781,0.80577152967453,0.35
91,False,placeholder,0.0,insufficient information,A,0.0,0.0,0.0,0,8,0,0,0.0,0.0,0.0
92,False,placeholder,0.0,insufficient information,A,0.0,0.0,0.0,0,8,0,0,0.0,0.0,0.0
93,False,placeholder,0.0,insufficient information,C,0.0,0.0,0.0,0,8,0,0,0.0,0.0,0.0
94,False,placeholder,0.0,insufficient information,A,0.0,0.0,0.0,0,8,0,0,0.0,0.0,0.0
95,False,placeholder,0.0,insufficient information,2,0.0,0.0,0.0,0,7,0,0,0.0,0.0,0.0
96,False,placeholder,0.0,insufficient information,B,0.0,0.0,0.0,0,8,0,0,0.0,0.0,0.0
97,True,exact,0.7,"C. Yes, we are allowed to make a left.",A,0.6666666666666666,1.0,0.5,4,8,4,4,0.36827266216278076,0.7018755078315735,0.35
98,True,yes_no,1.0,No,No,0.4,1.0,0.25,2,8,2,2,0.3690037727355957,0.5632256269454956,0.35
99,False,placeholder,0.0,insufficient information,Green,0.0,0.0,0.0,0,8,0,0,0.0,0.0,0.0
100,False,placeholder,0.0,insufficient information,Red,0.0,0.0,0.0,0,8,0,0,0.0,0.0,0.0
101,True,yes_no,1.0,no,No,0.5454545454545454,1.0,0.375,3,8,3,3,0.4276612102985382,0.8575730323791504,0.35
102,False,placeholder,0.0,insufficient information,C,0.0,0.0,0.0,0,8,0,0,0.0,0.0,0.0
103,False,placeholder,0.0,insufficient information,Red,0.0,0.0,0.0,0,8,0,0,0.0,0.0,0.0
104,False,placeholder,0.0,insufficient information,No,0.0,0.0,0.0,0,8,0,0,0.0,0.0,0.0
105,False,placeholder,0.0,insufficient information,C,0.0,0.0,0.0,0,8,0,0,0.0,0.0,0.0
106,False,choice,1.0,B,C,0.4,1.0,0.25,2,8,2,2,0.5272210240364075,0.8485749363899231,0.35
107,False,placeholder,0.0,insufficient information,A,0.0,0.0,0.0,0,9,0,0,0.0,0.0,0.0
108,True,yes_no,1.0,Yes,Yes,0.3636363636363636,1.0,0.2222222222222222,2,9,2,2,0.43411019444465637,0.6227667331695557,0.35
109,False,placeholder,0.0,insufficient information,C,0.0,0.0,0.0,0,8,0,0,0.0,0.0,0.0
110,False,placeholder,0.0,insufficient information,B,0.0,0.0,0.0,0,8,0,0,0.0,0.0,0.0
111,False,placeholder,0.0,insufficient information,C,0.0,0.0,0.0,0,8,0,0,0.0,0.0,0.0
112,False,placeholder,0.0,insufficient information,A,0.0,0.0,0.0,0,8,0,0,0.0,0.0,0.0
113,True,choice,1.0,B,B,0.4,1.0,0.25,2,8,2,2,0.4599705934524536,0.8571916818618774,0.35
114,False,placeholder,0.0,insufficient information,C,0.0,0.0,0.0,0,8,0,0,0.0,0.0,0.0
115,False,placeholder,0.0,insufficient information,B,0.0,0.0,0.0,0,7,0,0,0.0,0.0,0.0
116,False,placeholder,0.0,insufficient information,No,0.0,0.0,0.0,0,8,0,0,0.0,0.0,0.0
117,False,placeholder,0.0,insufficient information,A,0.0,0.0,0.0,0,8,0,0,0.0,0.0,0.0
118,False,placeholder,0.0,insufficient information,A,0.0,0.0,0.0,0,9,0,0,0.0,0.0,0.0
119,False,placeholder,0.0,insufficient information,1,0.0,0.0,0.0,0,9,0,0,0.0,0.0,0.0
120,False,placeholder,0.0,insufficient information,B,0.0,0.0,0.0,0,8,0,0,0.0,0.0,0.0
121,False,placeholder,0.0,insufficient information,Yes,0.0,0.0,0.0,0,8,0,0,0.0,0.0,0.0
122,False,placeholder,0.0,insufficient information,2,0.0,0.0,0.0,0,8,0,0,0.0,0.0,0.0
123,True,yes_no,1.0,No,No,0.4,1.0,0.25,2,8,2,2,0.4780767261981964,0.8554801940917969,0.35
124,False,placeholder,0.0,insufficient information,0,0.0,0.0,0.0,0,10,0,0,0.0,0.0,0.0
125,False,placeholder,0.0,insufficient information,2,0.0,0.0,0.0,0,8,0,0,0.0,0.0,0.0
126,False,placeholder,0.0,insufficient information,2,0.0,0.0,0.0,0,8,0,0,0.0,0.0,0.0
127,False,numeric_mismatch,0.0,25,35,0.4,1.0,0.25,2,8,2,2,0.40885666012763977,0.7835274934768677,0.35
128,True,yes_no,1.0,no,No,0.5,1.0,0.3333333333333333,3,9,3,3,0.36155208945274353,0.7534181475639343,0.35
129,False,yes_no,1.0,No,Yes,0.4,1.0,0.25,2,8,2,2,0.37593573331832886,0.6424674391746521,0.35
130,True,yes_no,1.0,Yes,Yes,0.4,1.0,0.25,2,8,2,2,0.3902164101600647,0.6496226191520691,0.35
131,False,placeholder,0.0,insufficient information,C,0.0,0.0,0.0,0,8,0,0,0.0,0.0,0.0
132,False,placeholder,0.0,insufficient information,B,0.0,0.0,0.0,0,8,0,0,0.0,0.0,0.0
133,False,placeholder,0.0,insufficient information,C,0.0,0.0,0.0,0,16,0,0,0.0,0.0,0.0
134,False,placeholder,0.0,insufficient information,B,0.0,0.0,0.0,0,8,0,0,0.0,0.0,0.0
135,False,placeholder,0.0,insufficient information,A,0.0,0.0,0.0,0,8,0,0,0.0,0.0,0.0
136,False,placeholder,0.0,insufficient information,A,0.0,0.0,0.0,0,9,0,0,0.0,0.0,0.0
137,True,yes_no,1.0,Yes,Yes,0.4,1.0,0.25,2,8,2,2,0.474431574344635,0.6813446879386902,0.35
138,False,placeholder,0.0,insufficient information,C,0.0,0.0,0.0,0,9,0,0,0.0,0.0,0.0
139,True,numeric_exact,1.0,2,2,0.2222222222222222,1.0,0.125,1,8,1,1,0.45241883397102356,0.5885791182518005,0.35
140,False,placeholder,0.0,insufficient information,C,0.0,0.0,0.0,0,8,0,0,0.0,0.0,0.0
141,False,placeholder,0.0,insufficient information,A,0.0,0.0,0.0,0,9,0,0,0.0,0.0,0.0
142,False,placeholder,0.0,insufficient information,C,0.0,0.0,0.0,0,8,0,0,0.0,0.0,0.0
143,True,yes_no,1.0,no,No,0.3333333333333333,0.6666666666666666,0.2222222222222222,3,9,2,2,0.3084173798561096,0.5778883099555969,0.35
144,False,placeholder,0.0,insufficient information,C,0.0,0.0,0.0,0,9,0,0,0.0,0.0,0.0
145,False,placeholder,0.0,insufficient information,B,0.0,0.0,0.0,0,8,0,0,0.0,0.0,0.0
146,False,placeholder,0.0,insufficient information,C,0.0,0.0,0.0,0,9,0,0,0.0,0.0,0.0
147,False,placeholder,0.0,insufficient information,B,0.0,0.0,0.0,0,8,0,0,0.0,0.0,0.0
148,False,placeholder,0.0,insufficient information,C,0.0,0.0,0.0,0,8,0,0,0.0,0.0,0.0
149,False,placeholder,0.0,insufficient information,A,0.0,0.0,0.0,0,8,0,0,0.0,0.0,0.0
150,False,placeholder,0.0,insufficient information,C,0.0,0.0,0.0,0,8,0,0,0.0,0.0,0.0
151,False,placeholder,0.0,insufficient information,A,0.0,0.0,0.0,0,8,0,0,0.0,0.0,0.0
152,False,placeholder,0.0,insufficient information,A,0.0,0.0,0.0,0,8,0,0,0.0,0.0,0.0
153,False,placeholder,0.0,insufficient information,C,0.0,0.0,0.0,0,8,0,0,0.0,0.0,0.0
154,True,choice,1.0,A,A,0.4,1.0,0.25,2,8,2,2,0.4594709873199463,0.8264890313148499,0.35
155,False,placeholder,0.0,insufficient information,C,0.0,0.0,0.0,0,8,0,0,0.0,0.0,0.0
156,True,yes_no,1.0,no,No,0.5454545454545454,1.0,0.375,3,8,3,3,0.44328734278678894,0.6748098134994507,0.35
157,False,placeholder,0.0,insufficient information,A,0.0,0.0,0.0,0,10,0,0,0.0,0.0,0.0
158,False,placeholder,0.0,insufficient information,A,0.0,0.0,0.0,0,8,0,0,0.0,0.0,0.0
159,False,placeholder,0.0,insufficient information,B,0.0,0.0,0.0,0,9,0,0,0.0,0.0,0.0
160,False,placeholder,0.0,insufficient information,Yes,0.0,0.0,0.0,0,9,0,0,0.0,0.0,0.0
161,False,placeholder,0.0,insufficient information,A,0.0,0.0,0.0,0,9,0,0,0.0,0.0,0.0
162,False,placeholder,0.0,insufficient information,2,0.0,0.0,0.0,0,8,0,0,0.0,0.0,0.0
163,False,placeholder,0.0,insufficient information,C,0.0,0.0,0.0,0,11,0,0,0.0,0.0,0.0
164,False,placeholder,0.0,insufficient information,B,0.0,0.0,0.0,0,1,0,0,0.0,0.0,0.0
165,False,placeholder,0.0,insufficient information,A,0.0,0.0,0.0,0,8,0,0,0.0,0.0,0.0
166,True,choice,1.0,A,A,0.2222222222222222,1.0,0.125,1,8,1,1,0.5251600742340088,0.6910964846611023,0.35
167,False,placeholder,0.0,insufficient information,Blue,0.0,0.0,0.0,0,10,0,0,0.0,0.0,0.0
168,False,placeholder,0.0,insufficient information,A,0.0,0.0,0.0,0,9,0,0,0.0,0.0,0.0
169,False,placeholder,0.0,insufficient information,B,0.0,0.0,0.0,0,8,0,0,0.0,0.0,0.0
170,True,yes_no,1.0,Yes,Yes,0.5454545454545454,1.0,0.375,3,8,3,3,0.45773792266845703,0.68814617395401,0.35
171,False,placeholder,0.0,insufficient information,B,0.0,0.0,0.0,0,6,0,0,0.0,0.0,0.0
172,False,placeholder,0.0,insufficient information,B,0.0,0.0,0.0,0,9,0,0,0.0,0.0,0.0
173,False,placeholder,0.0,insufficient information,0,0.0,0.0,0.0,0,8,0,0,0.0,0.0,0.0
174,False,placeholder,0.0,insufficient information,1,0.0,0.0,0.0,0,9,0,0,0.0,0.0,0.0
175,False,placeholder,0.0,insufficient information,C,0.0,0.0,0.0,0,9,0,0,0.0,0.0,0.0
176,False,placeholder,0.0,insufficient information,3,0.0,0.0,0.0,0,8,0,0,0.0,0.0,0.0
177,False,placeholder,0.0,insufficient information,B,0.0,0.0,0.0,0,8,0,0,0.0,0.0,0.0
178,False,placeholder,0.0,insufficient information,A,0.0,0.0,0.0,0,8,0,0,0.0,0.0,0.0
179,False,placeholder,0.0,insufficient information,A,0.0,0.0,0.0,0,10,0,0,0.0,0.0,0.0
180,False,placeholder,0.0,insufficient information,A,0.0,0.0,0.0,0,8,0,0,0.0,0.0,0.0
181,False,placeholder,0.0,insufficient information,B,0.0,0.0,0.0,0,8,0,0,0.0,0.0,0.0
182,False,placeholder,0.0,insufficient information,A,0.0,0.0,0.0,0,8,0,0,0.0,0.0,0.0
183,False,placeholder,0.0,insufficient information,Yes,0.0,0.0,0.0,0,10,0,0,0.0,0.0,0.0
184,False,yes_no,1.0,no,Yes,0.5454545454545454,1.0,0.375,3,8,3,3,0.41128620505332947,0.7651859521865845,0.35
185,False,placeholder,0.0,insufficient information,C,0.0,0.0,0.0,0,9,0,0,0.0,0.0,0.0
186,False,placeholder,0.0,insufficient information,1,0.0,0.0,0.0,0,8,0,0,0.0,0.0,0.0
187,False,placeholder,0.0,insufficient information,B,0.0,0.0,0.0,0,9,0,0,0.0,0.0,0.0
188,True,yes_no,1.0,Yes,Yes,0.4,1.0,0.25,2,8,2,2,0.4674116373062134,0.7254411578178406,0.35
189,False,placeholder,0.0,insufficient information,1,0.0,0.0,0.0,0,9,0,0,0.0,0.0,0.0
190,True,choice,1.0,A,A,0.5454545454545454,1.0,0.375,3,8,3,3,0.49889466166496277,0.8148924708366394,0.35
191,False,placeholder,0.0,insufficient information,B,0.0,0.0,0.0,0,9,0,0,0.0,0.0,0.0
192,True,yes_no,1.0,Yes,Yes,0.5454545454545454,1.0,0.375,3,8,3,3,0.3255777657032013,0.6824116706848145,0.35
193,False,placeholder,0.0,insufficient information,B,0.0,0.0,0.0,0,10,0,0,0.0,0.0,0.0
194,False,placeholder,0.0,insufficient information,A,0.0,0.0,0.0,0,8,0,0,0.0,0.0,0.0
195,False,placeholder,0.0,insufficient information,4,0.0,0.0,0.0,0,9,0,0,0.0,0.0,0.0
196,False,placeholder,0.0,insufficient information,2,0.0,0.0,0.0,0,8,0,0,0.0,0.0,0.0
197,False,placeholder,0.0,insufficient information,A,0.0,0.0,0.0,0,9,0,0,0.0,0.0,0.0
198,False,placeholder,0.0,insufficient information,C,0.0,0.0,0.0,0,8,0,0,0.0,0.0,0.0
199,False,placeholder,0.0,insufficient information,C,0.0,0.0,0.0,0,9,0,0,0.0,0.0,0.0
200,False,placeholder,0.0,insufficient information,A,0.0,0.0,0.0,0,8,0,0,0.0,0.0,0.0
201,False,placeholder,0.0,insufficient information,2,0.0,0.0,0.0,0,8,0,0,0.0,0.0,0.0
202,False,placeholder,0.0,insufficient information,B,0.0,0.0,0.0,0,9,0,0,0.0,0.0,0.0
203,False,choice,1.0,A,C,0.4,1.0,0.25,2,8,2,2,0.5854658484458923,0.9364801049232483,0.35
204,False,yes_no,1.0,no,Yes,0.4,1.0,0.25,2,8,2,2,0.3054385781288147,0.6769041419029236,0.35
205,False,numeric_mismatch,0.0,5,1,0.3636363636363636,1.0,0.2222222222222222,2,9,2,2,0.46640077233314514,0.7336623072624207,0.35
206,False,placeholder,0.0,insufficient information,C,0.0,0.0,0.0,0,16,0,0,0.0,0.0,0.0
207,False,placeholder,0.0,insufficient information,B,0.0,0.0,0.0,0,8,0,0,0.0,0.0,0.0
208,False,placeholder,0.0,insufficient information,Red,0.0,0.0,0.0,0,8,0,0,0.0,0.0,0.0
209,False,placeholder,0.0,insufficient information,A,0.0,0.0,0.0,0,9,0,0,0.0,0.0,0.0
210,False,placeholder,0.0,insufficient information,A,0.0,0.0,0.0,0,8,0,0,0.0,0.0,0.0
211,False,placeholder,0.0,insufficient information,2,0.0,0.0,0.0,0,8,0,0,0.0,0.0,0.0
212,True,numeric_exact,1.0,1,1,0.4,1.0,0.25,2,8,2,2,0.3847809135913849,0.6670230031013489,0.35
213,False,placeholder,0.0,insufficient information,C,0.0,0.0,0.0,0,9,0,0,0.0,0.0,0.0
214,False,placeholder,0.0,insufficient information,3,0.0,0.0,0.0,0,8,0,0,0.0,0.0,0.0
215,False,placeholder,0.0,insufficient information,Red,0.0,0.0,0.0,0,8,0,0,0.0,0.0,0.0
216,False,placeholder,0.0,insufficient information,2,0.0,0.0,0.0,0,8,0,0,0.0,0.0,0.0
217,False,placeholder,0.0,insufficient information,C,0.0,0.0,0.0,0,8,0,0,0.0,0.0,0.0
218,False,placeholder,0.0,insufficient information,1,0.0,0.0,0.0,0,1,0,0,0.0,0.0,0.0
219,False,placeholder,0.0,insufficient information,B,0.0,0.0,0.0,0,8,0,0,0.0,0.0,0.0
220,False,placeholder,0.0,insufficient information,C,0.0,0.0,0.0,0,9,0,0,0.0,0.0,0.0
221,False,placeholder,0.0,insufficient information,C,0.0,0.0,0.0,0,8,0,0,0.0,0.0,0.0
222,False,placeholder,0.0,insufficient information,B,0.0,0.0,0.0,0,9,0,0,0.0,0.0,0.0
223,False,placeholder,0.0,insufficient information,0,0.0,0.0,0.0,0,9,0,0,0.0,0.0,0.0
224,False,placeholder,0.0,insufficient information,B,0.0,0.0,0.0,0,10,0,0,0.0,0.0,0.0
225,False,placeholder,0.0,insufficient information,B,0.0,0.0,0.0,0,9,0,0,0.0,0.0,0.0
226,False,yes_no,1.0,Yes,No,0.5333333333333333,0.8,0.4,5,10,4,4,0.3060504198074341,0.8186815977096558,0.35
227,False,placeholder,0.0,insufficient information,Yes,0.0,0.0,0.0,0,8,0,0,0.0,0.0,0.0
228,False,placeholder,0.0,insufficient information,C,0.0,0.0,0.0,0,8,0,0,0.0,0.0,0.0
229,False,placeholder,0.0,insufficient information,Yes,0.0,0.0,0.0,0,8,0,0,0.0,0.0,0.0
230,False,placeholder,0.0,insufficient information,0,0.0,0.0,0.0,0,8,0,0,0.0,0.0,0.0
231,False,placeholder,0.0,insufficient information,B,0.0,0.0,0.0,0,8,0,0,0.0,0.0,0.0
232,False,placeholder,0.0,insufficient information,B,0.0,0.0,0.0,0,8,0,0,0.0,0.0,0.0
233,False,placeholder,0.0,insufficient information,Left,0.0,0.0,0.0,0,9,0,0,0.0,0.0,0.0
234,False,placeholder,0.0,insufficient information,B,0.0,0.0,0.0,0,9,0,0,0.0,0.0,0.0
235,False,placeholder,0.0,insufficient information,B,0.0,0.0,0.0,0,1,0,0,0.0,0.0,0.0
236,False,placeholder,0.0,insufficient information,B,0.0,0.0,0.0,0,9,0,0,0.0,0.0,0.0
237,False,placeholder,0.0,insufficient information,C,0.0,0.0,0.0,0,7,0,0,0.0,0.0,0.0
238,False,placeholder,0.0,insufficient information,B,0.0,0.0,0.0,0,8,0,0,0.0,0.0,0.0
239,False,placeholder,0.0,insufficient information,A,0.0,0.0,0.0,0,9,0,0,0.0,0.0,0.0
240,True,yes_no,1.0,Yes,Yes,0.3636363636363636,1.0,0.2222222222222222,2,9,2,2,0.499381959438324,0.7659811973571777,0.35
241,False,placeholder,0.0,insufficient information,A,0.0,0.0,0.0,0,8,0,0,0.0,0.0,0.0
242,False,placeholder,0.0,insufficient information,B,0.0,0.0,0.0,0,8,0,0,0.0,0.0,0.0
243,False,placeholder,0.0,insufficient information,B,0.0,0.0,0.0,0,9,0,0,0.0,0.0,0.0
244,False,placeholder,0.0,insufficient information,2,0.0,0.0,0.0,0,9,0,0,0.0,0.0,0.0
245,False,placeholder,0.0,insufficient information,3,0.0,0.0,0.0,0,10,0,0,0.0,0.0,0.0
246,False,placeholder,0.0,insufficient information,A,0.0,0.0,0.0,0,8,0,0,0.0,0.0,0.0
247,False,placeholder,0.0,insufficient information,A,0.0,0.0,0.0,0,8,0,0,0.0,0.0,0.0
248,False,placeholder,0.0,insufficient information,2,0.0,0.0,0.0,0,9,0,0,0.0,0.0,0.0
249,False,placeholder,0.0,insufficient information,C,0.0,0.0,0.0,0,8,0,0,0.0,0.0,0.0
250,False,placeholder,0.0,insufficient information,B,0.0,0.0,0.0,0,8,0,0,0.0,0.0,0.0
251,False,placeholder,0.0,insufficient information,No,0.0,0.0,0.0,0,9,0,0,0.0,0.0,0.0
252,False,placeholder,0.0,insufficient information,A,0.0,0.0,0.0,0,8,0,0,0.0,0.0,0.0
253,True,yes_no,1.0,Yes,Yes,0.4,1.0,0.25,2,8,2,2,0.49527454376220703,0.7456673383712769,0.35
254,True,yes_no,1.0,Yes,Yes,0.4,1.0,0.25,2,8,2,2,0.426556259393692,0.7811339497566223,0.35
255,False,placeholder,0.0,insufficient information,C,0.0,0.0,0.0,0,8,0,0,0.0,0.0,0.0
256,False,placeholder,0.0,insufficient information,A,0.0,0.0,0.0,0,8,0,0,0.0,0.0,0.0
257,False,placeholder,0.0,insufficient information,A,0.0,0.0,0.0,0,11,0,0,0.0,0.0,0.0
258,False,placeholder,0.0,insufficient information,B,0.0,0.0,0.0,0,8,0,0,0.0,0.0,0.0
259,True,numeric_exact,1.0,1,1,0.33333333333333337,1.0,0.2,2,10,2,2,0.3409903943538666,0.6325026154518127,0.35
260,False,placeholder,0.0,insufficient information,B,0.0,0.0,0.0,0,8,0,0,0.0,0.0,0.0
261,True,yes_no,1.0,Yes,Yes,0.3076923076923077,1.0,0.18181818181818182,2,11,2,2,0.5384758710861206,0.7389028072357178,0.35
262,True,yes_no,1.0,No,No,0.5,1.0,0.3333333333333333,3,9,3,3,0.35749346017837524,0.7898608446121216,0.35
263,False,placeholder,0.0,insufficient information,Green,0.0,0.0,0.0,0,9,0,0,0.0,0.0,0.0
264,False,numeric_mismatch,0.0,2,1,0.19999999999999998,1.0,0.1111111111111111,1,9,1,1,0.4092191159725189,0.7502440810203552,0.35
265,False,placeholder,0.0,insufficient information,A,0.0,0.0,0.0,0,8,0,0,0.0,0.0,0.0
266,False,placeholder,0.0,insufficient information,A,0.0,0.0,0.0,0,10,0,0,0.0,0.0,0.0
267,False,placeholder,0.0,insufficient information,0,0.0,0.0,0.0,0,8,0,0,0.0,0.0,0.0
268,False,placeholder,0.0,insufficient information,No,0.0,0.0,0.0,0,8,0,0,0.0,0.0,0.0
269,False,placeholder,0.0,insufficient information,A,0.0,0.0,0.0,0,8,0,0,0.0,0.0,0.0
270,True,yes_no,1.0,Yes,Yes,0.4,1.0,0.25,2,8,2,2,0.5389925241470337,0.8166313767433167,0.35
271,False,placeholder,0.0,insufficient information,Red,0.0,0.0,0.0,0,9,0,0,0.0,0.0,0.0
272,False,placeholder,0.0,insufficient information,A,0.0,0.0,0.0,0,8,0,0,0.0,0.0,0.0
273,False,placeholder,0.0,insufficient information,A,0.0,0.0,0.0,0,6,0,0,0.0,0.0,0.0
274,False,placeholder,0.0,insufficient information,Green,0.0,0.0,0.0,0,9,0,0,0.0,0.0,0.0
275,False,placeholder,0.0,insufficient information,A,0.0,0.0,0.0,0,9,0,0,0.0,0.0,0.0
276,False,placeholder,0.0,insufficient information,C,0.0,0.0,0.0,0,8,0,0,0.0,0.0,0.0
277,False,placeholder,0.0,insufficient information,B,0.0,0.0,0.0,0,8,0,0,0.0,0.0,0.0
278,False,placeholder,0.0,insufficient information,C,0.0,0.0,0.0,0,8,0,0,0.0,0.0,0.0
279,False,placeholder,0.0,insufficient information,B,0.0,0.0,0.0,0,7,0,0,0.0,0.0,0.0
280,False,placeholder,0.0,insufficient information,B,0.0,0.0,0.0,0,8,0,0,0.0,0.0,0.0
281,False,placeholder,0.0,insufficient information,No,0.0,0.0,0.0,0,8,0,0,0.0,0.0,0.0
282,False,placeholder,0.0,insufficient information,B,0.0,0.0,0.0,0,8,0,0,0.0,0.0,0.0
283,False,placeholder,0.0,insufficient information,Red,0.0,0.0,0.0,0,8,0,0,0.0,0.0,0.0
284,False,placeholder,0.0,insufficient information,7,0.0,0.0,0.0,0,10,0,0,0.0,0.0,0.0
285,False,placeholder,0.0,insufficient information,Children,0.0,0.0,0.0,0,8,0,0,0.0,0.0,0.0
286,False,placeholder,0.0,insufficient information,A,0.0,0.0,0.0,0,9,0,0,0.0,0.0,0.0
287,True,yes_no,1.0,No,No,0.4,1.0,0.25,2,8,2,2,0.4529261589050293,0.782930850982666,0.35
288,False,placeholder,0.0,insufficient information,3,0.0,0.0,0.0,0,9,0,0,0.0,0.0,0.0
289,False,placeholder,0.0,insufficient information,No,0.0,0.0,0.0,0,8,0,0,0.0,0.0,0.0
290,False,placeholder,0.0,insufficient information,A,0.0,0.0,0.0,0,8,0,0,0.0,0.0,0.0
291,False,placeholder,0.0,insufficient information,A,0.0,0.0,0.0,0,8,0,0,0.0,0.0,0.0
292,False,placeholder,0.0,insufficient information,4,0.0,0.0,0.0,0,8,0,0,0.0,0.0,0.0
293,False,placeholder,0.0,insufficient information,C,0.0,0.0,0.0,0,8,0,0,0.0,0.0,0.0
294,False,placeholder,0.0,insufficient information,B,0.0,0.0,0.0,0,9,0,0,0.0,0.0,0.0
295,False,placeholder,0.0,insufficient information,B,0.0,0.0,0.0,0,9,0,0,0.0,0.0,0.0
296,False,placeholder,0.0,insufficient information,A,0.0,0.0,0.0,0,8,0,0,0.0,0.0,0.0
297,False,placeholder,0.0,insufficient information,A,0.0,0.0,0.0,0,8,0,0,0.0,0.0,0.0
298,False,placeholder,0.0,insufficient information,A,0.0,0.0,0.0,0,9,0,0,0.0,0.0,0.0
299,False,placeholder,0.0,insufficient information,A,0.0,0.0,0.0,0,8,0,0,0.0,0.0,0.0
300,False,placeholder,0.0,insufficient information,0,0.0,0.0,0.0,0,10,0,0,0.0,0.0,0.0
301,False,yes_no,1.0,no,Yes,0.4,1.0,0.25,2,8,2,2,0.3636118471622467,0.5520702600479126,0.35
302,False,placeholder,0.0,insufficient information,B,0.0,0.0,0.0,0,8,0,0,0.0,0.0,0.0
303,True,yes_no,1.0,Yes,Yes,0.5454545454545454,1.0,0.375,3,8,3,3,0.4942774772644043,0.8773654103279114,0.35
304,False,placeholder,0.0,insufficient information,A,0.0,0.0,0.0,0,8,0,0,0.0,0.0,0.0
305,False,placeholder,0.0,insufficient information,A,0.0,0.0,0.0,0,8,0,0,0.0,0.0,0.0
306,True,yes_no,1.0,No,No,0.33333333333333337,1.0,0.2,2,10,2,2,0.39194032549858093,0.7526297569274902,0.35
307,False,placeholder,0.0,insufficient information,A,0.0,0.0,0.0,0,8,0,0,0.0,0.0,0.0
308,False,placeholder,0.0,insufficient information,No,0.0,0.0,0.0,0,8,0,0,0.0,0.0,0.0
309,False,placeholder,0.0,insufficient information,C,0.0,0.0,0.0,0,9,0,0,0.0,0.0,0.0
310,False,placeholder,0.0,insufficient information,A,0.0,0.0,0.0,0,8,0,0,0.0,0.0,0.0
311,False,placeholder,0.0,insufficient information,C,0.0,0.0,0.0,0,12,0,0,0.0,0.0,0.0
312,True,yes_no,1.0,No,No,0.6666666666666666,1.0,0.5,4,8,4,4,0.3440083861351013,0.6368988156318665,0.35
313,False,placeholder,0.0,insufficient information,B,0.0,0.0,0.0,0,8,0,0,0.0,0.0,0.0
314,True,yes_no,1.0,Yes,Yes,0.4,1.0,0.25,2,8,2,2,0.40026184916496277,0.7003349661827087,0.35
315,False,placeholder,0.0,insufficient information,Yes,0.0,0.0,0.0,0,8,0,0,0.0,0.0,0.0
316,False,placeholder,0.0,insufficient information,B,0.0,0.0,0.0,0,8,0,0,0.0,0.0,0.0
317,False,placeholder,0.0,insufficient information,Green,0.0,0.0,0.0,0,8,0,0,0.0,0.0,0.0
318,False,yes_no,1.0,Yes,No,0.5454545454545454,1.0,0.375,3,8,3,3,0.4532088339328766,0.7255145311355591,0.35
319,False,placeholder,0.0,insufficient information,B,0.0,0.0,0.0,0,9,0,0,0.0,0.0,0.0
320,False,placeholder,0.0,insufficient information,C,0.0,0.0,0.0,0,9,0,0,0.0,0.0,0.0
321,True,numeric_exact,1.0,2,2,0.4,1.0,0.25,2,8,2,2,0.44480031728744507,0.7520402669906616,0.35
322,False,placeholder,0.0,insufficient information,3,0.0,0.0,0.0,0,8,0,0,0.0,0.0,0.0
323,False,yes_no,1.0,no,Yes,0.1818181818181818,0.5,0.1111111111111111,2,9,1,1,0.3036038279533386,0.5961278676986694,0.35
324,False,placeholder,0.0,insufficient information,B,0.0,0.0,0.0,0,9,0,0,0.0,0.0,0.0
325,False,placeholder,0.0,insufficient information,A,0.0,0.0,0.0,0,8,0,0,0.0,0.0,0.0
326,False,placeholder,0.0,insufficient information,C,0.0,0.0,0.0,0,8,0,0,0.0,0.0,0.0
327,True,choice,1.0,A,A,0.4,1.0,0.25,2,8,2,2,0.6212910413742065,0.8496095538139343,0.35
328,False,placeholder,0.0,insufficient information,5,0.0,0.0,0.0,0,8,0,0,0.0,0.0,0.0
329,False,placeholder,0.0,insufficient information,C,0.0,0.0,0.0,0,8,0,0,0.0,0.0,0.0
330,False,placeholder,0.0,insufficient information,A,0.0,0.0,0.0,0,9,0,0,0.0,0.0,0.0
331,False,placeholder,0.0,insufficient information,Right,0.0,0.0,0.0,0,8,0,0,0.0,0.0,0.0
332,False,placeholder,0.0,insufficient information,C,0.0,0.0,0.0,0,9,0,0,0.0,0.0,0.0
333,False,placeholder,0.0,insufficient information,Red,0.0,0.0,0.0,0,8,0,0,0.0,0.0,0.0
334,False,placeholder,0.0,insufficient information,3,0.0,0.0,0.0,0,8,0,0,0.0,0.0,0.0
335,False,placeholder,0.0,insufficient information,A,0.0,0.0,0.0,0,10,0,0,0.0,0.0,0.0
336,False,placeholder,0.0,insufficient information,2,0.0,0.0,0.0,0,8,0,0,0.0,0.0,0.0
337,False,placeholder,0.0,insufficient information,A,0.0,0.0,0.0,0,8,0,0,0.0,0.0,0.0
338,False,placeholder,0.0,insufficient information,Yes,0.0,0.0,0.0,0,8,0,0,0.0,0.0,0.0
339,False,placeholder,0.0,insufficient information,Keep,0.0,0.0,0.0,0,9,0,0,0.0,0.0,0.0
340,False,placeholder,0.0,insufficient information,C,0.0,0.0,0.0,0,8,0,0,0.0,0.0,0.0
341,False,placeholder,0.0,insufficient information,C,0.0,0.0,0.0,0,8,0,0,0.0,0.0,0.0
342,False,placeholder,0.0,insufficient information,B,0.0,0.0,0.0,0,8,0,0,0.0,0.0,0.0
343,False,placeholder,0.0,insufficient information,C,0.0,0.0,0.0,0,8,0,0,0.0,0.0,0.0
344,False,placeholder,0.0,insufficient information,2,0.0,0.0,0.0,0,9,0,0,0.0,0.0,0.0
345,False,placeholder,0.0,insufficient information,No,0.0,0.0,0.0,0,8,0,0,0.0,0.0,0.0
346,False,numeric_mismatch,0.0,25,35,0.42857142857142855,1.0,0.2727272727272727,3,11,3,3,0.42086857557296753,0.8612005114555359,0.35
347,False,placeholder,0.0,insufficient information,B,0.0,0.0,0.0,0,9,0,0,0.0,0.0,0.0
348,False,yes_no,1.0,Yes,No,0.4,1.0,0.25,2,8,2,2,0.34958022832870483,0.6273316740989685,0.35
349,True,numeric_exact,1.0,2,2,0.3636363636363636,1.0,0.2222222222222222,2,9,2,2,0.3145127594470978,0.6505500078201294,0.35
350,False,placeholder,0.0,insufficient information,A,0.0,0.0,0.0,0,8,0,0,0.0,0.0,0.0
351,True,yes_no,1.0,Yes,Yes,0.2222222222222222,1.0,0.125,1,8,1,1,0.46344679594039917,0.6863144636154175,0.35
352,True,yes_no,1.0,No,No,0.5,0.75,0.375,4,8,3,3,0.27353739738464355,0.6102889776229858,0.35
353,False,yes_no,1.0,no,Yes,0.5,0.3333333333333333,1.0,3,1,1,1,0.3621782064437866,0.47462600469589233,0.35
354,False,placeholder,0.0,insufficient information,A,0.0,0.0,0.0,0,8,0,0,0.0,0.0,0.0
355,False,placeholder,0.0,insufficient information,2,0.0,0.0,0.0,0,8,0,0,0.0,0.0,0.0
356,False,placeholder,0.0,insufficient information,C,0.0,0.0,0.0,0,9,0,0,0.0,0.0,0.0
357,False,yes_no,1.0,Yes,No,0.33333333333333337,1.0,0.2,2,10,2,2,0.4745975136756897,0.7456132173538208,0.35
358,False,placeholder,0.0,insufficient information,Yes,0.0,0.0,0.0,0,8,0,0,0.0,0.0,0.0
359,False,numeric_mismatch,0.0,3,1,0.5454545454545454,1.0,0.375,3,8,3,3,0.43087682127952576,0.7092295289039612,0.35
360,True,yes_no,1.0,Yes,Yes,0.4,1.0,0.25,2,8,2,2,0.5622427463531494,0.7636726498603821,0.35
361,False,placeholder,0.0,insufficient information,2,0.0,0.0,0.0,0,9,0,0,0.0,0.0,0.0
362,False,placeholder,0.0,insufficient information,C,0.0,0.0,0.0,0,8,0,0,0.0,0.0,0.0
363,False,placeholder,0.0,insufficient information,C,0.0,0.0,0.0,0,8,0,0,0.0,0.0,0.0
364,False,yes_no,1.0,No,Yes,0.4,1.0,0.25,2,8,2,2,0.33779042959213257,0.8431115746498108,0.35
365,False,placeholder,0.0,insufficient information,C,0.0,0.0,0.0,0,8,0,0,0.0,0.0,0.0
366,False,placeholder,0.0,insufficient information,C,0.0,0.0,0.0,0,9,0,0,0.0,0.0,0.0
367,False,placeholder,0.0,insufficient information,C,0.0,0.0,0.0,0,8,0,0,0.0,0.0,0.0
368,True,yes_no,1.0,no,No,0.4,1.0,0.25,2,8,2,2,0.4428609609603882,0.7684474587440491,0.35
369,False,placeholder,0.0,insufficient information,B,0.0,0.0,0.0,0,8,0,0,0.0,0.0,0.0
370,False,placeholder,0.0,insufficient information,A,0.0,0.0,0.0,0,10,0,0,0.0,0.0,0.0
371,False,placeholder,0.0,insufficient information,A,0.0,0.0,0.0,0,9,0,0,0.0,0.0,0.0
372,False,placeholder,0.0,insufficient information,B,0.0,0.0,0.0,0,8,0,0,0.0,0.0,0.0
373,False,placeholder,0.0,insufficient information,No,0.0,0.0,0.0,0,1,0,0,0.0,0.0,0.0
374,False,placeholder,0.0,insufficient information,Pedestrian,0.0,0.0,0.0,0,8,0,0,0.0,0.0,0.0
375,True,yes_no,1.0,Yes,Yes,0.3636363636363636,1.0,0.2222222222222222,2,9,2,2,0.3296397626399994,0.6370208859443665,0.35
376,False,placeholder,0.0,insufficient information,B,0.0,0.0,0.0,0,8,0,0,0.0,0.0,0.0
377,False,placeholder,0.0,insufficient information,A,0.0,0.0,0.0,0,8,0,0,0.0,0.0,0.0
378,False,placeholder,0.0,insufficient information,C,0.0,0.0,0.0,0,8,0,0,0.0,0.0,0.0
379,False,placeholder,0.0,insufficient information,C,0.0,0.0,0.0,0,8,0,0,0.0,0.0,0.0
380,False,placeholder,0.0,insufficient information,Yes,0.0,0.0,0.0,0,10,0,0,0.0,0.0,0.0
381,False,placeholder,0.0,insufficient information,B,0.0,0.0,0.0,0,8,0,0,0.0,0.0,0.0
382,False,placeholder,0.0,insufficient information,No,0.0,0.0,0.0,0,8,0,0,0.0,0.0,0.0
383,False,placeholder,0.0,insufficient information,A,0.0,0.0,0.0,0,9,0,0,0.0,0.0,0.0
384,False,yes_no,1.0,no,Yes,0.3636363636363636,1.0,0.2222222222222222,2,9,2,2,0.365852415561676,0.8602714538574219,0.35
385,False,yes_no,1.0,Yes,No,0.4,1.0,0.25,2,8,2,2,0.36694252490997314,0.673137903213501,0.35
386,False,placeholder,0.0,insufficient information,1,0.0,0.0,0.0,0,8,0,0,0.0,0.0,0.0
387,True,yes_no,1.0,Yes,Yes,0.4,1.0,0.25,2,8,2,2,0.4634200930595398,0.6662930846214294,0.35
388,False,yes_no,1.0,Yes,No,0.5,0.75,0.375,4,8,3,3,0.3863236904144287,0.7776858806610107,0.35
389,False,placeholder,0.0,insufficient information,C,0.0,0.0,0.0,0,8,0,0,0.0,0.0,0.0
390,False,placeholder,0.0,insufficient information,C,0.0,0.0,0.0,0,9,0,0,0.0,0.0,0.0
391,False,placeholder,0.0,insufficient information,B,0.0,0.0,0.0,0,9,0,0,0.0,0.0,0.0
392,False,placeholder,0.0,insufficient information,C,0.0,0.0,0.0,0,8,0,0,0.0,0.0,0.0
393,True,yes_no,1.0,Yes,Yes,0.5454545454545454,1.0,0.375,3,8,3,3,0.34818902611732483,0.7830072045326233,0.35
394,False,placeholder,0.0,insufficient information,A,0.0,0.0,0.0,0,8,0,0,0.0,0.0,0.0
395,False,placeholder,0.0,insufficient information,A,0.0,0.0,0.0,0,8,0,0,0.0,0.0,0.0
396,False,placeholder,0.0,insufficient information,0,0.0,0.0,0.0,0,9,0,0,0.0,0.0,0.0
397,False,placeholder,0.0,insufficient information,A,0.0,0.0,0.0,0,9,0,0,0.0,0.0,0.0
398,False,placeholder,0.0,insufficient information,B,0.0,0.0,0.0,0,8,0,0,0.0,0.0,0.0
399,False,placeholder,0.0,insufficient information,1,0.0,0.0,0.0,0,9,0,0,0.0,0.0,0.0
400,False,placeholder,0.0,insufficient information,B,0.0,0.0,0.0,0,8,0,0,0.0,0.0,0.0
401,False,placeholder,0.0,insufficient information,A,0.0,0.0,0.0,0,8,0,0,0.0,0.0,0.0
402,False,placeholder,0.0,insufficient information,B,0.0,0.0,0.0,0,8,0,0,0.0,0.0,0.0
403,False,placeholder,0.0,insufficient information,C,0.0,0.0,0.0,0,8,0,0,0.0,0.0,0.0
404,True,choice,1.0,A,A,0.2,0.5,0.125,2,8,1,1,0.315696120262146,0.8880066871643066,0.35
405,False,placeholder,0.0,insufficient information,B,0.0,0.0,0.0,0,8,0,0,0.0,0.0,0.0
406,True,yes_no,1.0,no,No,0.4,1.0,0.25,2,8,2,2,0.3707771897315979,0.6925564408302307,0.35
407,False,placeholder,0.0,insufficient information,3,0.0,0.0,0.0,0,9,0,0,0.0,0.0,0.0
408,False,placeholder,0.0,insufficient information,B,0.0,0.0,0.0,0,8,0,0,0.0,0.0,0.0
409,False,placeholder,0.0,insufficient information,B,0.0,0.0,0.0,0,9,0,0,0.0,0.0,0.0
410,False,placeholder,0.0,insufficient information,C,0.0,0.0,0.0,0,9,0,0,0.0,0.0,0.0
411,False,placeholder,0.0,insufficient information,B,0.0,0.0,0.0,0,9,0,0,0.0,0.0,0.0
412,False,placeholder,0.0,insufficient information,Green,0.0,0.0,0.0,0,8,0,0,0.0,0.0,0.0
413,False,placeholder,0.0,insufficient information,B,0.0,0.0,0.0,0,8,0,0,0.0,0.0,0.0
414,True,yes_no,1.0,Yes,Yes,0.4,1.0,0.25,2,8,2,2,0.5212808847427368,0.8669219613075256,0.35
415,False,choice,1.0,C,B,0.36363636363636365,0.6666666666666666,0.25,3,8,2,2,0.4928935468196869,0.9263496994972229,0.35
416,False,placeholder,0.0,insufficient information,8,0.0,0.0,0.0,0,9,0,0,0.0,0.0,0.0
417,False,placeholder,0.0,insufficient information,2,0.0,0.0,0.0,0,8,0,0,0.0,0.0,0.0
418,False,placeholder,0.0,insufficient information,No,0.0,0.0,0.0,0,8,0,0,0.0,0.0,0.0
419,False,placeholder,0.0,insufficient information,Green,0.0,0.0,0.0,0,8,0,0,0.0,0.0,0.0
420,False,placeholder,0.0,insufficient information,1,0.0,0.0,0.0,0,10,0,0,0.0,0.0,0.0
421,False,placeholder,0.0,insufficient information,Red,0.0,0.0,0.0,0,8,0,0,0.0,0.0,0.0
422,False,placeholder,0.0,insufficient information,B,0.0,0.0,0.0,0,9,0,0,0.0,0.0,0.0
423,True,yes_no,1.0,No,No,0.4,1.0,0.25,2,8,2,2,0.4307042062282562,0.6985240578651428,0.35
424,False,placeholder,0.0,insufficient information,A,0.0,0.0,0.0,0,8,0,0,0.0,0.0,0.0
425,False,placeholder,0.0,insufficient information,C,0.0,0.0,0.0,0,8,0,0,0.0,0.0,0.0
426,False,placeholder,0.0,insufficient information,1,0.0,0.0,0.0,0,8,0,0,0.0,0.0,0.0
427,False,placeholder,0.0,insufficient information,A,0.0,0.0,0.0,0,10,0,0,0.0,0.0,0.0
428,False,placeholder,0.0,insufficient information,A,0.0,0.0,0.0,0,9,0,0,0.0,0.0,0.0
429,False,placeholder,0.0,insufficient information,B,0.0,0.0,0.0,0,8,0,0,0.0,0.0,0.0
430,False,yes_no,1.0,no,Yes,0.4,1.0,0.25,2,8,2,2,0.3851836323738098,0.6312797665596008,0.35
431,False,placeholder,0.0,insufficient information,C,0.0,0.0,0.0,0,9,0,0,0.0,0.0,0.0
432,False,placeholder,0.0,insufficient information,C,0.0,0.0,0.0,0,8,0,0,0.0,0.0,0.0
433,False,yes_no,1.0,No,Yes,0.4,1.0,0.25,2,8,2,2,0.35085976123809814,0.5134073495864868,0.35
434,False,placeholder,0.0,insufficient information,B,0.0,0.0,0.0,0,9,0,0,0.0,0.0,0.0
435,False,placeholder,0.0,insufficient information,B,0.0,0.0,0.0,0,10,0,0,0.0,0.0,0.0
436,False,placeholder,0.0,insufficient information,A,0.0,0.0,0.0,0,10,0,0,0.0,0.0,0.0
437,False,placeholder,0.0,insufficient information,B,0.0,0.0,0.0,0,9,0,0,0.0,0.0,0.0
438,False,placeholder,0.0,insufficient information,A,0.0,0.0,0.0,0,10,0,0,0.0,0.0,0.0
439,False,yes_no,1.0,No,Yes,0.5454545454545454,1.0,0.375,3,8,3,3,0.36808571219444275,0.6029045581817627,0.35
440,False,placeholder,0.0,insufficient information,0,0.0,0.0,0.0,0,10,0,0,0.0,0.0,0.0
441,False,placeholder,0.0,insufficient information,Yes,0.0,0.0,0.0,0,8,0,0,0.0,0.0,0.0
442,False,placeholder,0.0,insufficient information,C,0.0,0.0,0.0,0,8,0,0,0.0,0.0,0.0
443,False,numeric_mismatch,0.0,3,0,0.5,1.0,0.3333333333333333,3,9,3,3,0.40870401263237,0.6287775039672852,0.35
444,False,placeholder,0.0,insufficient information,Green,0.0,0.0,0.0,0,8,0,0,0.0,0.0,0.0
445,False,placeholder,0.0,insufficient information,2,0.0,0.0,0.0,0,9,0,0,0.0,0.0,0.0
446,False,placeholder,0.0,insufficient information,C,0.0,0.0,0.0,0,8,0,0,0.0,0.0,0.0
447,False,placeholder,0.0,insufficient information,C,0.0,0.0,0.0,0,10,0,0,0.0,0.0,0.0
448,False,placeholder,0.0,insufficient information,C,0.0,0.0,0.0,0,8,0,0,0.0,0.0,0.0
449,False,placeholder,0.0,insufficient information,A,0.0,0.0,0.0,0,9,0,0,0.0,0.0,0.0
450,False,placeholder,0.0,insufficient information,A,0.0,0.0,0.0,0,8,0,0,0.0,0.0,0.0
451,False,placeholder,0.0,insufficient information,A,0.0,0.0,0.0,0,8,0,0,0.0,0.0,0.0
452,False,placeholder,0.0,insufficient information,Green,0.0,0.0,0.0,0,8,0,0,0.0,0.0,0.0
453,False,placeholder,0.0,insufficient information,C,0.0,0.0,0.0,0,8,0,0,0.0,0.0,0.0
454,False,placeholder,0.0,insufficient information,0,0.0,0.0,0.0,0,10,0,0,0.0,0.0,0.0
455,False,yes_no,1.0,insufficient information,No,0.4,1.0,0.25,2,8,2,2,0.45995479822158813,0.67873615026474,0.35
456,False,placeholder,0.0,insufficient information,A,0.0,0.0,0.0,0,9,0,0,0.0,0.0,0.0
457,False,placeholder,0.0,insufficient information,Yes,0.0,0.0,0.0,0,9,0,0,0.0,0.0,0.0
458,False,placeholder,0.0,insufficient information,B,0.0,0.0,0.0,0,8,0,0,0.0,0.0,0.0
459,False,placeholder,0.0,insufficient information,Yes,0.0,0.0,0.0,0,8,0,0,0.0,0.0,0.0
460,False,placeholder,0.0,insufficient information,B,0.0,0.0,0.0,0,8,0,0,0.0,0.0,0.0
461,False,placeholder,0.0,insufficient information,Yes,0.0,0.0,0.0,0,8,0,0,0.0,0.0,0.0
462,False,placeholder,0.0,insufficient information,A,0.0,0.0,0.0,0,8,0,0,0.0,0.0,0.0
463,False,placeholder,0.0,insufficient information,A,0.0,0.0,0.0,0,8,0,0,0.0,0.0,0.0
464,True,yes_no,1.0,Yes,Yes,0.4,1.0,0.25,2,8,2,2,0.4685189723968506,0.7260289192199707,0.35
465,False,placeholder,0.0,insufficient information,C,0.0,0.0,0.0,0,8,0,0,0.0,0.0,0.0
466,False,placeholder,0.0,insufficient information,A,0.0,0.0,0.0,0,8,0,0,0.0,0.0,0.0
467,False,yes_no,1.0,5,No,0.3636363636363636,1.0,0.2222222222222222,2,9,2,2,0.41402509808540344,0.6097066402435303,0.35
468,False,yes_no,1.0,down,No,0.4,1.0,0.25,2,8,2,2,0.2603774666786194,0.614406943321228,0.35
469,False,placeholder,0.0,insufficient information,1,0.0,0.0,0.0,0,8,0,0,0.0,0.0,0.0
470,False,placeholder,0.0,insufficient information,A,0.0,0.0,0.0,0,8,0,0,0.0,0.0,0.0
471,False,placeholder,0.0,insufficient information,B,0.0,0.0,0.0,0,8,0,0,0.0,0.0,0.0
472,False,placeholder,0.0,insufficient information,Yes,0.0,0.0,0.0,0,10,0,0,0.0,0.0,0.0
473,False,placeholder,0.0,insufficient information,Downhill,0.0,0.0,0.0,0,10,0,0,0.0,0.0,0.0
474,False,placeholder,0.0,insufficient information,C,0.0,0.0,0.0,0,8,0,0,0.0,0.0,0.0
475,True,yes_no,1.0,No,No,0.33333333333333337,1.0,0.2,2,10,2,2,0.41275539994239807,0.7659158706665039,0.35
476,False,placeholder,0.0,insufficient information,B,0.0,0.0,0.0,0,9,0,0,0.0,0.0,0.0
477,False,placeholder,0.0,insufficient information,3,0.0,0.0,0.0,0,7,0,0,0.0,0.0,0.0
478,False,placeholder,0.0,insufficient information,11,0.0,0.0,0.0,0,10,0,0,0.0,0.0,0.0
479,False,yes_no,1.0,Yes,No,0.5454545454545454,1.0,0.375,3,8,3,3,0.38322320580482483,0.7779613733291626,0.35
480,True,choice,1.0,C,C,0.36363636363636365,0.6666666666666666,0.25,3,8,2,2,0.425177663564682,0.738559365272522,0.35
481,False,placeholder,0.0,insufficient information,Yes,0.0,0.0,0.0,0,8,0,0,0.0,0.0,0.0
482,False,placeholder,0.0,insufficient information,Yellow,0.0,0.0,0.0,0,8,0,0,0.0,0.0,0.0
483,False,placeholder,0.0,insufficient information,B,0.0,0.0,0.0,0,9,0,0,0.0,0.0,0.0
484,False,placeholder,0.0,insufficient information,A,0.0,0.0,0.0,0,8,0,0,0.0,0.0,0.0
485,True,yes_no,1.0,Yes,Yes,0.4,1.0,0.25,2,8,2,2,0.4723450243473053,0.7780827283859253,0.35
486,False,placeholder,0.0,insufficient information,B,0.0,0.0,0.0,0,8,0,0,0.0,0.0,0.0
487,False,placeholder,0.0,insufficient information,C,0.0,0.0,0.0,0,8,0,0,0.0,0.0,0.0
488,False,placeholder,0.0,insufficient information,A,0.0,0.0,0.0,0,8,0,0,0.0,0.0,0.0
489,False,placeholder,0.0,insufficient information,Red,0.0,0.0,0.0,0,8,0,0,0.0,0.0,0.0
490,False,placeholder,0.0,insufficient information,A,0.0,0.0,0.0,0,8,0,0,0.0,0.0,0.0
491,False,placeholder,0.0,insufficient information,B,0.0,0.0,0.0,0,8,0,0,0.0,0.0,0.0
492,True,yes_no,1.0,no,No,0.5454545454545454,1.0,0.375,3,8,3,3,0.48901572823524475,0.7411096692085266,0.35
493,False,placeholder,0.0,insufficient information,1,0.0,0.0,0.0,0,8,0,0,0.0,0.0,0.0
494,False,placeholder,0.0,insufficient information,C,0.0,0.0,0.0,0,8,0,0,0.0,0.0,0.0
495,False,placeholder,0.0,insufficient information,2,0.0,0.0,0.0,0,8,0,0,0.0,0.0,0.0
496,False,placeholder,0.0,insufficient information,B,0.0,0.0,0.0,0,8,0,0,0.0,0.0,0.0
497,False,placeholder,0.0,insufficient information,A,0.0,0.0,0.0,0,9,0,0,0.0,0.0,0.0
498,False,placeholder,0.0,insufficient information,B,0.0,0.0,0.0,0,9,0,0,0.0,0.0,0.0
499,True,yes_no,1.0,Yes,Yes,0.4444444444444445,1.0,0.2857142857142857,2,7,2,2,0.3924735486507416,0.6800040006637573,0.35
500,False,placeholder,0.0,insufficient information,Yes,0.0,0.0,0.0,0,8,0,0,0.0,0.0,0.0
501,False,placeholder,0.0,insufficient information,3,0.0,0.0,0.0,0,9,0,0,0.0,0.0,0.0
502,False,placeholder,0.0,insufficient information,C,0.0,0.0,0.0,0,8,0,0,0.0,0.0,0.0
503,False,placeholder,0.0,insufficient information,C,0.0,0.0,0.0,0,8,0,0,0.0,0.0,0.0
504,True,yes_no,1.0,No,No,0.33333333333333337,1.0,0.2,2,10,2,2,0.4243071973323822,0.7715526819229126,0.35
505,False,placeholder,0.0,insufficient information,No,0.0,0.0,0.0,0,8,0,0,0.0,0.0,0.0
506,False,numeric_mismatch,0.0,2,1,0.4,1.0,0.25,2,8,2,2,0.4588492810726166,0.6671490669250488,0.35
507,False,placeholder,0.0,insufficient information,C,0.0,0.0,0.0,0,8,0,0,0.0,0.0,0.0
508,True,yes_no,1.0,Yes,Yes,0.4,1.0,0.25,2,8,2,2,0.45901376008987427,0.7427194714546204,0.35
509,False,placeholder,0.0,insufficient information,A,0.0,0.0,0.0,0,8,0,0,0.0,0.0,0.0
510,False,placeholder,0.0,insufficient information,B,0.0,0.0,0.0,0,8,0,0,0.0,0.0,0.0
511,True,yes_no,1.0,Yes,Yes,0.3636363636363636,1.0,0.2222222222222222,2,9,2,2,0.4835866391658783,0.726082980632782,0.35
512,False,placeholder,0.0,insufficient information,C,0.0,0.0,0.0,0,10,0,0,0.0,0.0,0.0
513,False,placeholder,0.0,insufficient information,B,0.0,0.0,0.0,0,8,0,0,0.0,0.0,0.0
514,True,yes_no,1.0,Yes,Yes,0.6666666666666666,1.0,0.5,4,8,4,4,0.45731377601623535,0.8585538268089294,0.35
515,False,placeholder,0.0,insufficient information,C,0.0,0.0,0.0,0,8,0,0,0.0,0.0,0.0
516,True,yes_no,1.0,No,No,0.4,1.0,0.25,2,8,2,2,0.3840540051460266,0.6888876557350159,0.35
517,False,placeholder,0.0,insufficient information,A,0.0,0.0,0.0,0,9,0,0,0.0,0.0,0.0
518,False,placeholder,0.0,insufficient information,B,0.0,0.0,0.0,0,8,0,0,0.0,0.0,0.0
519,False,placeholder,0.0,insufficient information,A,0.0,0.0,0.0,0,8,0,0,0.0,0.0,0.0
520,False,placeholder,0.0,insufficient information,C,0.0,0.0,0.0,0,8,0,0,0.0,0.0,0.0
521,False,placeholder,0.0,insufficient information,A,0.0,0.0,0.0,0,8,0,0,0.0,0.0,0.0
522,False,placeholder,0.0,insufficient information,B,0.0,0.0,0.0,0,9,0,0,0.0,0.0,0.0
523,False,placeholder,0.0,insufficient information,B,0.0,0.0,0.0,0,8,0,0,0.0,0.0,0.0
524,True,yes_no,1.0,No,No,0.3636363636363636,1.0,0.2222222222222222,2,9,2,2,0.41779571771621704,0.8273375034332275,0.35
525,False,placeholder,0.0,insufficient information,A,0.0,0.0,0.0,0,8,0,0,0.0,0.0,0.0
526,False,placeholder,0.0,insufficient information,A,0.0,0.0,0.0,0,8,0,0,0.0,0.0,0.0
527,False,placeholder,0.0,insufficient information,A,0.0,0.0,0.0,0,8,0,0,0.0,0.0,0.0
528,False,placeholder,0.0,insufficient information,B,0.0,0.0,0.0,0,8,0,0,0.0,0.0,0.0
529,False,placeholder,0.0,insufficient information,C,0.0,0.0,0.0,0,8,0,0,0.0,0.0,0.0
530,True,yes_no,1.0,no,No,0.4,1.0,0.25,2,8,2,2,0.3958134353160858,0.6602388620376587,0.35
531,True,yes_no,1.0,Yes,Yes,0.3636363636363636,1.0,0.2222222222222222,2,9,2,2,0.6047426462173462,0.9706368446350098,0.35
532,True,exact,1.0,green,Green,0.4,1.0,0.25,2,8,2,2,0.48129773139953613,0.6622157692909241,0.35
533,False,placeholder,0.0,insufficient information,A,0.0,0.0,0.0,0,8,0,0,0.0,0.0,0.0
534,False,placeholder,0.0,insufficient information,C,0.0,0.0,0.0,0,8,0,0,0.0,0.0,0.0
535,False,placeholder,0.0,insufficient information,C,0.0,0.0,0.0,0,8,0,0,0.0,0.0,0.0
536,False,placeholder,0.0,insufficient information,B,0.0,0.0,0.0,0,9,0,0,0.0,0.0,0.0
537,True,yes_no,1.0,no,No,0.5454545454545454,1.0,0.375,3,8,3,3,0.2710869014263153,0.6736844182014465,0.35
538,False,yes_no,1.0,Yes,No,0.5,1.0,0.3333333333333333,3,9,3,3,0.48307785391807556,0.8051957488059998,0.35
539,False,placeholder,0.0,insufficient information,No,0.0,0.0,0.0,0,9,0,0,0.0,0.0,0.0
540,False,placeholder,0.0,insufficient information,2,0.0,0.0,0.0,0,9,0,0,0.0,0.0,0.0
541,True,yes_no,1.0,No,No,0.3636363636363636,1.0,0.2222222222222222,2,9,2,2,0.36500635743141174,0.6763125061988831,0.35
542,False,yes_no,1.0,Yes,No,0.4,1.0,0.25,2,8,2,2,0.4172096252441406,0.549538791179657,0.35
543,False,placeholder,0.0,insufficient information,C,0.0,0.0,0.0,0,8,0,0,0.0,0.0,0.0
544,False,placeholder,0.0,insufficient information,Green,0.0,0.0,0.0,0,8,0,0,0.0,0.0,0.0
545,False,placeholder,0.0,insufficient information,C,0.0,0.0,0.0,0,8,0,0,0.0,0.0,0.0
546,False,placeholder,0.0,insufficient information,B,0.0,0.0,0.0,0,9,0,0,0.0,0.0,0.0
547,False,placeholder,0.0,insufficient information,C,0.0,0.0,0.0,0,10,0,0,0.0,0.0,0.0
548,False,placeholder,0.0,insufficient information,C,0.0,0.0,0.0,0,8,0,0,0.0,0.0,0.0
549,False,placeholder,0.0,insufficient information,B,0.0,0.0,0.0,0,8,0,0,0.0,0.0,0.0
550,False,placeholder,0.0,insufficient information,C,0.0,0.0,0.0,0,8,0,0,0.0,0.0,0.0
551,False,placeholder,0.0,insufficient information,Green,0.0,0.0,0.0,0,8,0,0,0.0,0.0,0.0
552,False,placeholder,0.0,insufficient information,2,0.0,0.0,0.0,0,9,0,0,0.0,0.0,0.0
553,True,yes_no,1.0,Yes,Yes,0.4,1.0,0.25,2,8,2,2,0.5204954147338867,0.7200459837913513,0.35
554,False,placeholder,0.0,insufficient information,C,0.0,0.0,0.0,0,8,0,0,0.0,0.0,0.0
555,False,placeholder,0.0,insufficient information,B,0.0,0.0,0.0,0,8,0,0,0.0,0.0,0.0
556,False,placeholder,0.0,insufficient information,C,0.0,0.0,0.0,0,8,0,0,0.0,0.0,0.0
557,False,placeholder,0.0,insufficient information,B,0.0,0.0,0.0,0,8,0,0,0.0,0.0,0.0
558,False,placeholder,0.0,insufficient information,1,0.0,0.0,0.0,0,9,0,0,0.0,0.0,0.0
559,False,placeholder,0.0,insufficient information,Red,0.0,0.0,0.0,0,8,0,0,0.0,0.0,0.0
560,False,placeholder,0.0,insufficient information,C,0.0,0.0,0.0,0,8,0,0,0.0,0.0,0.0
561,False,placeholder,0.0,insufficient information,B,0.0,0.0,0.0,0,8,0,0,0.0,0.0,0.0
562,False,placeholder,0.0,insufficient information,1,0.0,0.0,0.0,0,8,0,0,0.0,0.0,0.0
563,False,placeholder,0.0,insufficient information,2,0.0,0.0,0.0,0,9,0,0,0.0,0.0,0.0
564,False,placeholder,0.0,insufficient information,C,0.0,0.0,0.0,0,8,0,0,0.0,0.0,0.0
565,False,placeholder,0.0,insufficient information,B,0.0,0.0,0.0,0,12,0,0,0.0,0.0,0.0
566,True,yes_no,1.0,Yes,Yes,0.5454545454545454,1.0,0.375,3,8,3,3,0.45508989691734314,0.7841030359268188,0.35
567,False,placeholder,0.0,insufficient information,C,0.0,0.0,0.0,0,8,0,0,0.0,0.0,0.0
568,False,placeholder,0.0,insufficient information,B,0.0,0.0,0.0,0,8,0,0,0.0,0.0,0.0
569,False,placeholder,0.0,insufficient information,A,0.0,0.0,0.0,0,9,0,0,0.0,0.0,0.0
570,False,placeholder,0.0,insufficient information,B,0.0,0.0,0.0,0,8,0,0,0.0,0.0,0.0
571,False,placeholder,0.0,insufficient information,Red,0.0,0.0,0.0,0,8,0,0,0.0,0.0,0.0
572,False,numeric_mismatch,0.0,2,1,0.33333333333333337,1.0,0.2,2,10,2,2,0.3469894826412201,0.538500964641571,0.35
573,False,placeholder,0.0,insufficient information,C,0.0,0.0,0.0,0,8,0,0,0.0,0.0,0.0
574,False,placeholder,0.0,insufficient information,A,0.0,0.0,0.0,0,8,0,0,0.0,0.0,0.0
575,False,placeholder,0.0,insufficient information,A,0.0,0.0,0.0,0,8,0,0,0.0,0.0,0.0
576,False,yes_no,1.0,Yes,No,0.3636363636363636,1.0,0.2222222222222222,2,9,2,2,0.28126078844070435,0.6477702260017395,0.35
577,False,placeholder,0.0,insufficient information,C,0.0,0.0,0.0,0,8,0,0,0.0,0.0,0.0
578,True,yes_no,1.0,Yes,Yes,0.5,1.0,0.3333333333333333,3,9,3,3,0.496099591255188,0.8195294737815857,0.35
579,False,placeholder,0.0,insufficient information,1,0.0,0.0,0.0,0,8,0,0,0.0,0.0,0.0
580,False,placeholder,0.0,insufficient information,A,0.0,0.0,0.0,0,9,0,0,0.0,0.0,0.0
581,False,placeholder,0.0,insufficient information,B,0.0,0.0,0.0,0,8,0,0,0.0,0.0,0.0
582,False,placeholder,0.0,insufficient information,B,0.0,0.0,0.0,0,8,0,0,0.0,0.0,0.0
583,False,placeholder,0.0,insufficient information,A,0.0,0.0,0.0,0,9,0,0,0.0,0.0,0.0
584,False,placeholder,0.0,insufficient information,D,0.0,0.0,0.0,0,9,0,0,0.0,0.0,0.0
585,False,numeric_mismatch,0.0,3,0,0.3636363636363636,1.0,0.2222222222222222,2,9,2,2,0.49596983194351196,0.6498475074768066,0.35
586,False,placeholder,0.0,insufficient information,Yes,0.0,0.0,0.0,0,8,0,0,0.0,0.0,0.0
587,False,placeholder,0.0,insufficient information,C,0.0,0.0,0.0,0,8,0,0,0.0,0.0,0.0
588,False,placeholder,0.0,insufficient information,1,0.0,0.0,0.0,0,8,0,0,0.0,0.0,0.0
589,False,placeholder,0.0,insufficient information,No,0.0,0.0,0.0,0,8,0,0,0.0,0.0,0.0
590,False,placeholder,0.0,insufficient information,C,0.0,0.0,0.0,0,8,0,0,0.0,0.0,0.0
591,False,placeholder,0.0,insufficient information,C,0.0,0.0,0.0,0,8,0,0,0.0,0.0,0.0
592,False,placeholder,0.0,insufficient information,3,0.0,0.0,0.0,0,8,0,0,0.0,0.0,0.0
593,False,placeholder,0.0,insufficient information,C,0.0,0.0,0.0,0,8,0,0,0.0,0.0,0.0
594,False,placeholder,0.0,insufficient information,1,0.0,0.0,0.0,0,8,0,0,0.0,0.0,0.0
595,False,placeholder,0.0,insufficient information,1,0.0,0.0,0.0,0,8,0,0,0.0,0.0,0.0
596,False,placeholder,0.0,insufficient information,2,0.0,0.0,0.0,0,8,0,0,0.0,0.0,0.0
597,True,yes_no,1.0,no,No,0.4,1.0,0.25,2,8,2,2,0.40913844108581543,0.8695894479751587,0.35
598,False,placeholder,0.0,insufficient information,No,0.0,0.0,0.0,0,9,0,0,0.0,0.0,0.0
599,False,placeholder,0.0,insufficient information,A,0.0,0.0,0.0,0,9,0,0,0.0,0.0,0.0
600,False,placeholder,0.0,insufficient information,B,0.0,0.0,0.0,0,8,0,0,0.0,0.0,0.0
601,False,placeholder,0.0,insufficient information,C,0.0,0.0,0.0,0,9,0,0,0.0,0.0,0.0
602,False,placeholder,0.0,insufficient information,A,0.0,0.0,0.0,0,8,0,0,0.0,0.0,0.0
603,False,placeholder,0.0,insufficient information,A,0.0,0.0,0.0,0,9,0,0,0.0,0.0,0.0
604,False,placeholder,0.0,insufficient information,0,0.0,0.0,0.0,0,8,0,0,0.0,0.0,0.0
605,False,placeholder,0.0,insufficient information,2,0.0,0.0,0.0,0,8,0,0,0.0,0.0,0.0
606,False,placeholder,0.0,insufficient information,C,0.0,0.0,0.0,0,8,0,0,0.0,0.0,0.0
607,True,yes_no,1.0,Yes,Yes,0.4,1.0,0.25,2,8,2,2,0.4069788455963135,0.8508332967758179,0.35
608,True,yes_no,1.0,no,No,0.4444444444444445,1.0,0.2857142857142857,2,7,2,2,0.4663216769695282,0.910622239112854,0.35
609,False,placeholder,0.0,insufficient information,A,0.0,0.0,0.0,0,8,0,0,0.0,0.0,0.0
610,False,placeholder,0.0,insufficient information,1,0.0,0.0,0.0,0,10,0,0,0.0,0.0,0.0
611,False,placeholder,0.0,insufficient information,Green,0.0,0.0,0.0,0,8,0,0,0.0,0.0,0.0
612,False,placeholder,0.0,insufficient information,A,0.0,0.0,0.0,0,8,0,0,0.0,0.0,0.0
613,True,yes_no,1.0,Yes,Yes,0.4,1.0,0.25,2,8,2,2,0.4511934518814087,0.8108024001121521,0.35
614,False,placeholder,0.0,insufficient information,B,0.0,0.0,0.0,0,10,0,0,0.0,0.0,0.0
615,False,yes_no,1.0,insufficient information,No,0.4,1.0,0.25,2,8,2,2,0.3828810453414917,0.6583563089370728,0.35
616,False,placeholder,0.0,insufficient information,D,0.0,0.0,0.0,0,9,0,0,0.0,0.0,0.0
617,False,placeholder,0.0,insufficient information,C,0.0,0.0,0.0,0,8,0,0,0.0,0.0,0.0
618,False,placeholder,0.0,insufficient information,No,0.0,0.0,0.0,0,8,0,0,0.0,0.0,0.0
619,False,placeholder,0.0,insufficient information,A,0.0,0.0,0.0,0,9,0,0,0.0,0.0,0.0
620,False,placeholder,0.0,insufficient information,C,0.0,0.0,0.0,0,8,0,0,0.0,0.0,0.0
621,False,placeholder,0.0,insufficient information,B,0.0,0.0,0.0,0,8,0,0,0.0,0.0,0.0
622,False,placeholder,0.0,insufficient information,A,0.0,0.0,0.0,0,8,0,0,0.0,0.0,0.0
623,False,placeholder,0.0,insufficient information,B,0.0,0.0,0.0,0,8,0,0,0.0,0.0,0.0
624,False,exact,1.0,Yes,A,0.4285714285714285,0.75,0.3,4,10,3,3,0.2679362893104553,0.6212539672851562,0.35
625,False,placeholder,0.0,insufficient information,A,0.0,0.0,0.0,0,8,0,0,0.0,0.0,0.0
626,False,placeholder,0.0,insufficient information,A,0.0,0.0,0.0,0,10,0,0,0.0,0.0,0.0
627,False,placeholder,0.0,insufficient information,B,0.0,0.0,0.0,0,8,0,0,0.0,0.0,0.0
628,False,placeholder,0.0,insufficient information,2,0.0,0.0,0.0,0,8,0,0,0.0,0.0,0.0
629,False,placeholder,0.0,insufficient information,B,0.0,0.0,0.0,0,8,0,0,0.0,0.0,0.0
630,False,placeholder,0.0,insufficient information,A,0.0,0.0,0.0,0,8,0,0,0.0,0.0,0.0
631,False,placeholder,0.0,insufficient information,A,0.0,0.0,0.0,0,8,0,0,0.0,0.0,0.0
632,False,placeholder,0.0,insufficient information,No,0.0,0.0,0.0,0,8,0,0,0.0,0.0,0.0
633,False,yes_no,1.0,Yes,No,0.36363636363636365,0.6666666666666666,0.25,3,8,2,2,0.3153531849384308,0.5873920321464539,0.35
634,False,placeholder,0.0,insufficient information,C,0.0,0.0,0.0,0,8,0,0,0.0,0.0,0.0
635,False,placeholder,0.0,insufficient information,1,0.0,0.0,0.0,0,8,0,0,0.0,0.0,0.0
636,False,placeholder,0.0,insufficient information,A,0.0,0.0,0.0,0,8,0,0,0.0,0.0,0.0
637,False,placeholder,0.0,insufficient information,C,0.0,0.0,0.0,0,8,0,0,0.0,0.0,0.0
638,False,placeholder,0.0,insufficient information,Red,0.0,0.0,0.0,0,8,0,0,0.0,0.0,0.0
639,False,placeholder,0.0,insufficient information,1,0.0,0.0,0.0,0,8,0,0,0.0,0.0,0.0
640,False,placeholder,0.0,insufficient information,C,0.0,0.0,0.0,0,12,0,0,0.0,0.0,0.0
641,False,placeholder,0.0,insufficient information,B,0.0,0.0,0.0,0,8,0,0,0.0,0.0,0.0
642,True,choice,1.0,B,B,0.3636363636363636,1.0,0.2222222222222222,2,9,2,2,0.49946001172065735,0.7095728516578674,0.35
643,False,placeholder,0.0,insufficient information,6,0.0,0.0,0.0,0,9,0,0,0.0,0.0,0.0
644,False,placeholder,0.0,insufficient information,A,0.0,0.0,0.0,0,8,0,0,0.0,0.0,0.0
645,False,placeholder,0.0,insufficient information,A,0.0,0.0,0.0,0,8,0,0,0.0,0.0,0.0
646,False,placeholder,0.0,insufficient information,C,0.0,0.0,0.0,0,7,0,0,0.0,0.0,0.0
647,True,yes_no,1.0,No,No,0.5454545454545454,1.0,0.375,3,8,3,3,0.4284939765930176,0.8437039852142334,0.35
648,False,placeholder,0.0,insufficient information,A,0.0,0.0,0.0,0,8,0,0,0.0,0.0,0.0
649,True,choice,1.0,C,C,0.3636363636363636,1.0,0.2222222222222222,2,9,2,2,0.5370288491249084,0.8437588214874268,0.35
650,False,yes_no,1.0,insufficient information,No,0.6666666666666666,1.0,0.5,4,8,4,4,0.306336909532547,0.6843912601470947,0.35
651,False,placeholder,0.0,insufficient information,2,0.0,0.0,0.0,0,9,0,0,0.0,0.0,0.0
652,False,placeholder,0.0,insufficient information,B,0.0,0.0,0.0,0,8,0,0,0.0,0.0,0.0
653,True,yes_no,1.0,no,No,0.5454545454545454,1.0,0.375,3,8,3,3,0.35040903091430664,0.6371871829032898,0.35
654,False,placeholder,0.0,insufficient information,A,0.0,0.0,0.0,0,8,0,0,0.0,0.0,0.0
655,False,placeholder,0.0,insufficient information,A,0.0,0.0,0.0,0,8,0,0,0.0,0.0,0.0
656,True,yes_no,1.0,Yes,Yes,0.4,1.0,0.25,2,8,2,2,0.5986354351043701,0.829521119594574,0.35
657,False,placeholder,0.0,insufficient information,B,0.0,0.0,0.0,0,8,0,0,0.0,0.0,0.0
658,False,placeholder,0.0,insufficient information,B,0.0,0.0,0.0,0,8,0,0,0.0,0.0,0.0
659,False,placeholder,0.0,insufficient information,C,0.0,0.0,0.0,0,9,0,0,0.0,0.0,0.0
660,False,placeholder,0.0,insufficient information,Red,0.0,0.0,0.0,0,8,0,0,0.0,0.0,0.0
661,False,placeholder,0.0,insufficient information,2,0.0,0.0,0.0,0,9,0,0,0.0,0.0,0.0
662,False,placeholder,0.0,insufficient information,C,0.0,0.0,0.0,0,8,0,0,0.0,0.0,0.0
663,False,placeholder,0.0,insufficient information,A,0.0,0.0,0.0,0,8,0,0,0.0,0.0,0.0
664,False,yes_no,1.0,Yes,No,0.4,1.0,0.25,2,8,2,2,0.4518614709377289,0.7896370887756348,0.35
665,False,yes_no,1.0,no,Yes,0.4,1.0,0.25,2,8,2,2,0.2052818387746811,0.6222200393676758,0.35
666,False,placeholder,0.0,insufficient information,Left,0.0,0.0,0.0,0,8,0,0,0.0,0.0,0.0
667,False,placeholder,0.0,insufficient information,Yes,0.0,0.0,0.0,0,8,0,0,0.0,0.0,0.0
668,False,placeholder,0.0,insufficient information,0,0.0,0.0,0.0,0,9,0,0,0.0,0.0,0.0
669,True,numeric_exact,1.0,2,2,0.2222222222222222,1.0,0.125,1,8,1,1,0.4827583432197571,0.6557961106300354,0.35
670,False,placeholder,0.0,insufficient information,Yes,0.0,0.0,0.0,0,8,0,0,0.0,0.0,0.0
671,False,placeholder,0.0,insufficient information,B,0.0,0.0,0.0,0,8,0,0,0.0,0.0,0.0
672,False,placeholder,0.0,insufficient information,C,0.0,0.0,0.0,0,8,0,0,0.0,0.0,0.0
673,False,placeholder,0.0,insufficient information,B,0.0,0.0,0.0,0,8,0,0,0.0,0.0,0.0
674,False,placeholder,0.0,insufficient information,C,0.0,0.0,0.0,0,8,0,0,0.0,0.0,0.0
675,False,placeholder,0.0,insufficient information,A,0.0,0.0,0.0,0,9,0,0,0.0,0.0,0.0
676,False,placeholder,0.0,insufficient information,No,0.0,0.0,0.0,0,8,0,0,0.0,0.0,0.0
677,False,placeholder,0.0,insufficient information,B,0.0,0.0,0.0,0,9,0,0,0.0,0.0,0.0
678,False,placeholder,0.0,insufficient information,A,0.0,0.0,0.0,0,10,0,0,0.0,0.0,0.0
679,False,placeholder,0.0,insufficient information,6,0.0,0.0,0.0,0,10,0,0,0.0,0.0,0.0
680,True,choice,1.0,A,A,0.4,1.0,0.25,2,8,2,2,0.45637938380241394,0.719870388507843,0.35
681,False,placeholder,0.0,insufficient information,A,0.0,0.0,0.0,0,11,0,0,0.0,0.0,0.0
682,False,placeholder,0.0,insufficient information,1,0.0,0.0,0.0,0,10,0,0,0.0,0.0,0.0
683,False,placeholder,0.0,insufficient information,B,0.0,0.0,0.0,0,9,0,0,0.0,0.0,0.0
684,False,placeholder,0.0,insufficient information,4,0.0,0.0,0.0,0,9,0,0,0.0,0.0,0.0
685,False,placeholder,0.0,insufficient information,C,0.0,0.0,0.0,0,8,0,0,0.0,0.0,0.0
686,False,exact,1.0,Yes.,A,0.3636363636363636,1.0,0.2222222222222222,2,9,2,2,0.38306325674057007,0.6847819089889526,0.35
687,True,yes_no,1.0,no,No,0.5454545454545454,1.0,0.375,3,8,3,3,0.26986777782440186,0.47553589940071106,0.35
688,False,placeholder,0.0,insufficient information,A,0.0,0.0,0.0,0,8,0,0,0.0,0.0,0.0
689,False,placeholder,0.0,insufficient information,C,0.0,0.0,0.0,0,8,0,0,0.0,0.0,0.0
690,False,yes_no,1.0,yes,No,0.4,1.0,0.25,2,8,2,2,0.5026413798332214,0.6621254682540894,0.35
691,False,choice,1.0,B,C,0.3333333333333333,0.6666666666666666,0.2222222222222222,3,9,2,2,0.39091527462005615,0.7019534111022949,0.35
692,False,placeholder,0.0,insufficient information,3,0.0,0.0,0.0,0,9,0,0,0.0,0.0,0.0
693,False,placeholder,0.0,insufficient information,C,0.0,0.0,0.0,0,8,0,0,0.0,0.0,0.0
694,False,placeholder,0.0,insufficient information,No,0.0,0.0,0.0,0,8,0,0,0.0,0.0,0.0
695,False,placeholder,0.0,insufficient information,A,0.0,0.0,0.0,0,8,0,0,0.0,0.0,0.0
696,False,placeholder,0.0,insufficient information,B,0.0,0.0,0.0,0,8,0,0,0.0,0.0,0.0
697,True,yes_no,1.0,Yes,Yes,0.3636363636363636,1.0,0.2222222222222222,2,9,2,2,0.40164774656295776,0.8550448417663574,0.35
698,False,placeholder,0.0,insufficient information,Left,0.0,0.0,0.0,0,8,0,0,0.0,0.0,0.0
699,False,placeholder,0.0,insufficient information,Red,0.0,0.0,0.0,0,8,0,0,0.0,0.0,0.0
700,False,placeholder,0.0,insufficient information,C,0.0,0.0,0.0,0,9,0,0,0.0,0.0,0.0
701,False,placeholder,0.0,insufficient information,3,0.0,0.0,0.0,0,9,0,0,0.0,0.0,0.0
702,False,placeholder,0.0,insufficient information,B,0.0,0.0,0.0,0,8,0,0,0.0,0.0,0.0
703,False,placeholder,0.0,insufficient information,C,0.0,0.0,0.0,0,10,0,0,0.0,0.0,0.0
704,False,placeholder,0.0,insufficient information,Yes,0.0,0.0,0.0,0,8,0,0,0.0,0.0,0.0
705,False,yes_no,1.0,Yes,No,0.6666666666666666,1.0,0.5,4,8,4,4,0.38662734627723694,0.8648247718811035,0.35
706,False,numeric_mismatch,0.0,2,1,0.5454545454545454,1.0,0.375,3,8,3,3,0.39078179001808167,0.599886953830719,0.35
707,False,placeholder,0.0,insufficient information,A,0.0,0.0,0.0,0,8,0,0,0.0,0.0,0.0
708,False,placeholder,0.0,insufficient information,Yes,0.0,0.0,0.0,0,8,0,0,0.0,0.0,0.0
709,False,placeholder,0.0,insufficient information,Red,0.0,0.0,0.0,0,8,0,0,0.0,0.0,0.0
710,False,placeholder,0.0,insufficient information,C,0.0,0.0,0.0,0,9,0,0,0.0,0.0,0.0
711,False,placeholder,0.0,insufficient information,B,0.0,0.0,0.0,0,9,0,0,0.0,0.0,0.0
712,False,placeholder,0.0,insufficient information,B,0.0,0.0,0.0,0,8,0,0,0.0,0.0,0.0
713,False,placeholder,0.0,insufficient information,B,0.0,0.0,0.0,0,8,0,0,0.0,0.0,0.0
714,True,yes_no,1.0,Yes,Yes,0.5,1.0,0.3333333333333333,3,9,3,3,0.45449912548065186,0.8320196866989136,0.35
715,False,placeholder,0.0,insufficient information,B,0.0,0.0,0.0,0,8,0,0,0.0,0.0,0.0
716,False,placeholder,0.0,insufficient information,A,0.0,0.0,0.0,0,9,0,0,0.0,0.0,0.0
717,False,placeholder,0.0,insufficient information,B,0.0,0.0,0.0,0,9,0,0,0.0,0.0,0.0
718,False,placeholder,0.0,insufficient information,B,0.0,0.0,0.0,0,8,0,0,0.0,0.0,0.0
719,False,placeholder,0.0,insufficient information,3,0.0,0.0,0.0,0,8,0,0,0.0,0.0,0.0
720,True,choice,1.0,B,B,0.4,1.0,0.25,2,8,2,2,0.4452507495880127,0.7184298038482666,0.35
721,True,yes_no,1.0,Yes,Yes,0.4,1.0,0.25,2,8,2,2,0.46372032165527344,0.8336337208747864,0.35
722,False,placeholder,0.0,insufficient information,0,0.0,0.0,0.0,0,8,0,0,0.0,0.0,0.0
723,False,placeholder,0.0,insufficient information,C,0.0,0.0,0.0,0,8,0,0,0.0,0.0,0.0
724,False,placeholder,0.0,insufficient information,B,0.0,0.0,0.0,0,8,0,0,0.0,0.0,0.0
725,False,yes_no,1.0,Yes,No,0.4,1.0,0.25,2,8,2,2,0.4779016971588135,0.6668661236763,0.35
726,False,placeholder,0.0,insufficient information,B,0.0,0.0,0.0,0,10,0,0,0.0,0.0,0.0
727,False,yes_no,1.0,No,Yes,0.5454545454545454,1.0,0.375,3,8,3,3,0.37767085433006287,0.6311951279640198,0.35
728,False,placeholder,0.0,insufficient information,A,0.0,0.0,0.0,0,9,0,0,0.0,0.0,0.0
729,False,numeric_mismatch,0.0,1,0,0.4615384615384615,1.0,0.3,3,10,3,3,0.39361634850502014,0.5782883763313293,0.35
730,False,placeholder,0.0,insufficient information,A,0.0,0.0,0.0,0,8,0,0,0.0,0.0,0.0
731,False,placeholder,0.0,insufficient information,1,0.0,0.0,0.0,0,9,0,0,0.0,0.0,0.0
732,False,placeholder,0.0,insufficient information,C,0.0,0.0,0.0,0,8,0,0,0.0,0.0,0.0
733,False,placeholder,0.0,insufficient information,0,0.0,0.0,0.0,0,10,0,0,0.0,0.0,0.0
734,True,yes_no,1.0,no,No,0.6153846153846153,1.0,0.4444444444444444,4,9,4,4,0.3532737195491791,0.7773942947387695,0.35
735,False,placeholder,0.0,insufficient information,A,0.0,0.0,0.0,0,11,0,0,0.0,0.0,0.0
736,False,placeholder,0.0,insufficient information,0,0.0,0.0,0.0,0,8,0,0,0.0,0.0,0.0
737,False,placeholder,0.0,insufficient information,C,0.0,0.0,0.0,0,12,0,0,0.0,0.0,0.0
738,False,placeholder,0.0,insufficient information,D,0.0,0.0,0.0,0,8,0,0,0.0,0.0,0.0
739,False,placeholder,0.0,insufficient information,B,0.0,0.0,0.0,0,8,0,0,0.0,0.0,0.0
740,True,yes_no,1.0,no,No,0.5,1.0,0.3333333333333333,3,9,3,3,0.4115704894065857,0.6817921996116638,0.35
741,False,placeholder,0.0,insufficient information,C,0.0,0.0,0.0,0,8,0,0,0.0,0.0,0.0
742,False,placeholder,0.0,insufficient information,A,0.0,0.0,0.0,0,8,0,0,0.0,0.0,0.0
743,False,yes_no,1.0,No,Yes,0.1818181818181818,0.5,0.1111111111111111,2,9,1,1,0.2459789663553238,0.8039742112159729,0.35
744,True,yes_no,1.0,Yes,Yes,0.4,1.0,0.25,2,8,2,2,0.44774022698402405,0.6662555932998657,0.35
745,True,numeric_exact,1.0,1,1,0.2222222222222222,1.0,0.125,1,8,1,1,0.5181415677070618,0.7369034290313721,0.35
746,False,placeholder,0.0,insufficient information,C,0.0,0.0,0.0,0,8,0,0,0.0,0.0,0.0
747,False,placeholder,0.0,insufficient information,Yes,0.0,0.0,0.0,0,8,0,0,0.0,0.0,0.0
748,False,yes_no,1.0,No,Yes,0.3636363636363636,1.0,0.2222222222222222,2,9,2,2,0.46670520305633545,0.8813289999961853,0.35
749,False,placeholder,0.0,insufficient information,3,0.0,0.0,0.0,0,8,0,0,0.0,0.0,0.0
750,False,placeholder,0.0,insufficient information,No,0.0,0.0,0.0,0,8,0,0,0.0,0.0,0.0
751,False,placeholder,0.0,insufficient information,Green,0.0,0.0,0.0,0,8,0,0,0.0,0.0,0.0
752,False,placeholder,0.0,insufficient information,C,0.0,0.0,0.0,0,8,0,0,0.0,0.0,0.0
753,False,placeholder,0.0,insufficient information,C,0.0,0.0,0.0,0,8,0,0,0.0,0.0,0.0
754,False,placeholder,0.0,insufficient information,A,0.0,0.0,0.0,0,9,0,0,0.0,0.0,0.0
755,False,yes_no,1.0,Yes,No,0.3076923076923077,1.0,0.18181818181818182,2,11,2,2,0.4159136712551117,0.6908339858055115,0.35
756,False,placeholder,0.0,insufficient information,A,0.0,0.0,0.0,0,9,0,0,0.0,0.0,0.0
757,False,placeholder,0.0,insufficient information,C,0.0,0.0,0.0,0,8,0,0,0.0,0.0,0.0
758,False,placeholder,0.0,insufficient information,No,0.0,0.0,0.0,0,10,0,0,0.0,0.0,0.0
759,False,placeholder,0.0,insufficient information,C,0.0,0.0,0.0,0,8,0,0,0.0,0.0,0.0
760,False,placeholder,0.0,insufficient information,B,0.0,0.0,0.0,0,8,0,0,0.0,0.0,0.0
761,False,placeholder,0.0,insufficient information,0,0.0,0.0,0.0,0,8,0,0,0.0,0.0,0.0
762,False,placeholder,0.0,insufficient information,2,0.0,0.0,0.0,0,8,0,0,0.0,0.0,0.0
763,False,placeholder,0.0,insufficient information,B,0.0,0.0,0.0,0,9,0,0,0.0,0.0,0.0
764,False,placeholder,0.0,insufficient information,A,0.0,0.0,0.0,0,8,0,0,0.0,0.0,0.0
765,True,numeric_exact,1.0,60,60,0.5555555555555556,1.0,0.38461538461538464,5,13,5,5,0.3713427782058716,0.734442412853241,0.35
766,True,choice,1.0,A,A,0.28571428571428575,0.6666666666666666,0.18181818181818182,3,11,2,2,0.2852878272533417,0.5442928671836853,0.35
767,False,choice,1.0,E,C,0.625,1.0,0.45454545454545453,5,11,5,5,0.711323082447052,0.8868699073791504,0.35
768,False,numeric_mismatch,0.0,3,6,0.3636363636363636,1.0,0.2222222222222222,2,9,2,2,0.4687485098838806,0.6955899000167847,0.35
769,True,numeric_exact,1.0,61,61,0.3529411764705882,0.75,0.23076923076923078,4,13,3,3,0.2788160443305969,0.6667392253875732,0.35
770,True,choice,1.0,D,D,0.3636363636363636,1.0,0.2222222222222222,4,18,4,4,0.4814242124557495,0.7914403676986694,0.35
771,False,numeric_mismatch,0.0,3,6,0.2222222222222222,1.0,0.125,2,16,2,2,0.5160636901855469,0.7014435529708862,0.35
772,False,numeric_mismatch,0.0,10,2,0.47058823529411764,1.0,0.3076923076923077,4,13,4,4,0.416593998670578,0.727239727973938,0.35
773,True,choice,1.0,D,D,0.4444444444444444,0.8,0.3076923076923077,5,13,4,4,0.36105623841285706,0.719393253326416,0.35
774,False,numeric_mismatch,0.0,16,10,0.375,1.0,0.23076923076923078,3,13,3,3,0.5406261682510376,0.9148714542388916,0.35
775,True,numeric_rounded,0.85,6,7,0.47058823529411764,1.0,0.3076923076923077,4,13,4,4,0.5038182735443115,0.7480227947235107,0.35
776,False,numeric_mismatch,0.0,27,10,0.7272727272727272,0.8,0.6666666666666666,5,6,4,4,0.31255969405174255,0.684853732585907,0.35
777,True,choice,1.0,E,E,0.5714285714285715,1.0,0.4,4,10,4,4,0.559576690196991,0.8703715205192566,0.35
778,False,numeric_mismatch,0.0,10,13,0.375,1.0,0.23076923076923078,3,13,3,3,0.5347496867179871,0.8091293573379517,0.35
779,True,exact,0.7,D) Tuesday,A,0.47058823529411764,1.0,0.3076923076923077,4,13,4,4,0.37192127108573914,0.7648614645004272,0.35
780,True,numeric_rounded,0.9,12,11,0.375,1.0,0.23076923076923078,3,13,3,3,0.4902021884918213,0.7885316610336304,0.35
781,True,numeric_exact,1.0,21,21,0.3636363636363636,1.0,0.2222222222222222,2,9,2,2,0.6708999276161194,0.842491626739502,0.35
782,False,numeric_mismatch,0.0,2,4,0.7272727272727273,1.0,0.5714285714285714,4,7,4,4,0.4565111994743347,0.8641939163208008,0.35
783,True,exact,0.7,D) 2 · 4 · 3,D,0.5,1.0,0.3333333333333333,5,15,5,5,0.33146965503692627,0.8640074133872986,0.35
784,False,numeric_mismatch,0.0,7,3,0.5,1.0,0.3333333333333333,4,12,4,4,0.5993358492851257,0.867063045501709,0.35
785,True,choice,1.0,E,E,0.3636363636363636,1.0,0.2222222222222222,6,27,6,6,0.32593610882759094,0.6564335227012634,0.35
786,False,exact,0.3,D) 22:10,E,0.7499999999999999,1.0,0.6,6,10,6,6,0.5395184755325317,0.9720290899276733,0.35
787,False,numeric_mismatch,0.0,90,140,0.33333333333333337,1.0,0.2,3,15,3,3,0.35787954926490784,0.9155024886131287,0.35
788,True,exact,0.7,B) 2 h 15 min,B,0.42857142857142855,1.0,0.2727272727272727,3,11,3,3,0.5153470635414124,0.871251106262207,0.35
789,False,numeric_mismatch,0.0,7,10,0.4615384615384615,1.0,0.3,3,10,3,3,0.5626167058944702,0.9014685153961182,0.35
790,False,choice,1.0,D,B,0.1904761904761905,0.6666666666666666,0.1111111111111111,3,18,2,2,0.4065627455711365,0.80951988697052,0.35
791,False,exact,0.3,"B) Δ, □, ⋅",A,0.4210526315789474,1.0,0.26666666666666666,4,15,4,4,0.41369736194610596,0.6816223859786987,0.35
792,False,numeric_mismatch,0.0,3,9,0.4,1.0,0.25,3,12,3,3,0.6126995086669922,0.865615725517273,0.35
793,False,numeric_mismatch,0.0,16,10,0.375,1.0,0.23076923076923078,3,13,3,3,0.6121945381164551,0.8562172055244446,0.35
794,False,exact,0.3,The monkey will be in the middle.,2,0.3636363636363636,1.0,0.2222222222222222,4,18,4,4,0.43919315934181213,0.7106318473815918,0.35
795,True,choice,1.0,B,B,0.3,0.75,0.1875,4,16,3,3,0.4527975022792816,0.819688618183136,0.35
796,False,exact,1.0,three,3,0.5454545454545454,1.0,0.375,3,8,3,3,0.5959384441375732,0.8810023069381714,0.35
797,False,choice,1.0,B,A,0.5,0.7142857142857143,0.38461538461538464,7,13,5,5,0.31731271743774414,0.7677414417266846,0.35
798,False,choice,1.0,B,E,0.47619047619047616,1.0,0.3125,5,16,5,5,0.35394176840782166,0.5892080068588257,0.35
799,False,numeric_mismatch,0.0,Stick 4,3,0.2857142857142857,1.0,0.16666666666666666,4,24,4,4,0.5913723111152649,0.8393176198005676,0.35
800,False,numeric_mismatch,0.0,30,40,0.6666666666666666,1.0,0.5,6,12,6,6,0.5339592695236206,0.9174129366874695,0.35
801,False,choice,1.0,E,D,0.6086956521739131,1.0,0.4375,7,16,7,7,0.4985143542289734,0.7133591771125793,0.35
802,False,numeric_mismatch,0.0,54 + 32,95,0.33333333333333337,1.0,0.2,3,15,3,3,0.4335961937904358,0.7573882937431335,0.35
803,True,exact,0.7,E) This cannot be worked out for certain.,A,0.4166666666666667,1.0,0.2631578947368421,5,19,5,5,0.4954330027103424,0.7352511882781982,0.35
804,True,choice,1.0,D,D,0.625,1.0,0.45454545454545453,5,11,5,5,0.40890201926231384,0.6804181933403015,0.35
805,False,numeric_mismatch,0.0,4,5,0.47058823529411764,1.0,0.3076923076923077,4,13,4,4,0.4192068874835968,0.7401334047317505,0.35
806,False,choice,1.0,D,E,0.3157894736842105,1.0,0.1875,3,16,3,3,0.34923458099365234,0.8247286081314087,0.35
807,False,numeric_mismatch,0.0,30,19,0.5,1.0,0.3333333333333333,3,9,3,3,0.48366159200668335,0.6691595911979675,0.35
808,False,choice,1.0,A,B,0.35294117647058826,1.0,0.21428571428571427,3,14,3,3,0.476955771446228,0.713252067565918,0.35
809,False,choice,1.0,B,E,0.3157894736842105,1.0,0.1875,3,16,3,3,0.26654720306396484,0.7428283095359802,0.35
810,True,choice,1.0,A,A,0.2608695652173913,0.75,0.15789473684210525,4,19,3,3,0.2808794677257538,0.6340329051017761,0.35
811,False,numeric_mismatch,0.0,3,2,0.3636363636363636,1.0,0.2222222222222222,2,9,2,2,0.5825749635696411,0.8310298323631287,0.35
812,False,choice,1.0,C,B,0.3,1.0,0.17647058823529413,3,17,3,3,0.3983503580093384,0.7649243474006653,0.35
813,False,numeric_mismatch,0.0,18,12,0.5882352941176471,1.0,0.4166666666666667,5,12,5,5,0.5079850554466248,0.8420736193656921,0.35
814,False,choice,1.0,B,A,0.2857142857142857,1.0,0.16666666666666666,3,18,3,3,0.4737829566001892,0.6513686180114746,0.35
815,False,numeric_mismatch,0.0,4,3,0.375,1.0,0.23076923076923078,3,13,3,3,0.47154784202575684,0.7735666036605835,0.35
816,False,choice,1.0,E,C,0.3478260869565218,0.8,0.2222222222222222,5,18,4,4,0.3117126524448395,0.7035919427871704,0.35
817,False,choice,1.0,D,A,0.375,1.0,0.23076923076923078,3,13,3,3,0.3777818977832794,0.7069835066795349,0.35
818,True,numeric_exact,1.0,3,3,0.3,1.0,0.17647058823529413,3,17,3,3,0.45069441199302673,0.9025342464447021,0.35
819,False,exact,1.0,KNAO,A,0.375,1.0,0.23076923076923078,3,13,3,3,0.3692169487476349,0.6974038481712341,0.35
820,False,choice,1.0,B,D,0.6,1.0,0.42857142857142855,6,14,6,6,0.5351337790489197,0.7438689470291138,0.35
821,True,numeric_exact,1.0,10,10,0.5882352941176471,1.0,0.4166666666666667,5,12,5,5,0.5375338792800903,0.8397354483604431,0.35
822,True,choice,1.0,E,E,0.3448275862068966,1.0,0.20833333333333334,5,24,5,5,0.39743271470069885,0.7565977573394775,0.35
823,False,choice,1.0,A,C,0.5,1.0,0.3333333333333333,5,15,5,5,0.41367825865745544,0.7717486619949341,0.35
824,False,choice,1.0,D,A,0.5333333333333333,1.0,0.36363636363636365,4,11,4,4,0.4711954891681671,0.77362459897995,0.35
825,False,exact,1.0,two,9,0.2222222222222222,1.0,0.125,2,16,2,2,0.3290628492832184,0.7662855386734009,0.35
826,False,numeric_mismatch,0.0,6,10,0.4,1.0,0.25,3,12,3,3,0.3985530138015747,0.8066492080688477,0.35
827,True,choice,1.0,E,E,0.3529411764705882,0.75,0.23076923076923078,4,13,3,3,0.30369558930397034,0.6207190752029419,0.35
828,False,numeric_mismatch,0.0,7,4,0.5882352941176471,1.0,0.4166666666666667,5,12,5,5,0.3805498778820038,0.6967058181762695,0.35
829,False,choice,1.0,D,C,0.42857142857142855,1.0,0.2727272727272727,3,11,3,3,0.3284955322742462,0.6762038469314575,0.35
830,True,choice,1.0,D,D,0.30769230769230765,0.6666666666666666,0.2,6,20,4,4,0.2582337558269501,0.6771751046180725,0.35
831,True,choice,1.0,E,E,0.631578947368421,1.0,0.46153846153846156,6,13,6,6,0.38801974058151245,0.7356013059616089,0.35
832,False,numeric_mismatch,0.0,1,2,0.47619047619047616,1.0,0.3125,5,16,5,5,0.5638637542724609,0.7797833681106567,0.35
833,True,numeric_rounded,0.85,10,9,0.4,1.0,0.25,3,12,3,3,0.28906187415122986,0.6811268329620361,0.35
834,False,choice,1.0,B,A,0.3,0.75,0.1875,4,16,3,3,0.3535696268081665,0.6443540453910828,0.35
835,False,exact,1.0,GDA,D,0.45454545454545453,1.0,0.29411764705882354,5,17,5,5,0.45306602120399475,0.7335450649261475,0.35
836,True,choice,1.0,D,D,0.47058823529411764,1.0,0.3076923076923077,4,13,4,4,0.5217032432556152,0.7326314449310303,0.35
837,False,numeric_mismatch,0.0,3,5,0.39999999999999997,0.75,0.2727272727272727,4,11,3,3,0.5835874676704407,0.8318130970001221,0.35
838,True,exact,0.7,B) Beetle with 7 points,B,0.5333333333333333,1.0,0.36363636363636365,4,11,4,4,0.5418477654457092,0.895516574382782,0.35
839,True,exact,0.7,D) D,D,0.4,1.0,0.25,4,16,4,4,0.38380131125450134,0.695770800113678,0.35
840,False,numeric_mismatch,0.0,8,3,0.2727272727272727,1.0,0.15789473684210525,3,19,3,3,0.3687967360019684,0.6755968332290649,0.35
841,True,choice,1.0,D,D,0.4347826086956522,1.0,0.2777777777777778,5,18,5,5,0.4049333333969116,0.6166002750396729,0.35
842,False,choice,1.0,B,E,0.45454545454545453,1.0,0.29411764705882354,5,17,5,5,0.2888711392879486,0.6303077340126038,0.35
843,False,choice,1.0,D,A,0.3636363636363636,1.0,0.2222222222222222,4,18,4,4,0.3850238025188446,0.7838541269302368,0.35
844,True,choice,1.0,B,B,0.3846153846153846,1.0,0.23809523809523808,5,21,5,5,0.5530558824539185,0.9146433472633362,0.35
845,False,numeric_mismatch,0.0,6,5,0.4,1.0,0.25,3,12,3,3,0.45508596301078796,0.7040737271308899,0.35
846,False,numeric_mismatch,0.0,All 36 dwarfs get wet.,6,0.7142857142857143,1.0,0.5555555555555556,5,9,5,5,0.449382483959198,0.8719595670700073,0.35
847,False,exact,0.3,21 cm,B,0.4,1.0,0.25,4,16,4,4,0.38563722372055054,0.828227698802948,0.35
848,True,exact,0.7,E) 18 km,E,0.5,1.0,0.3333333333333333,4,12,4,4,0.5361242890357971,0.8956450819969177,0.35
849,True,choice,1.0,D,D,0.375,1.0,0.23076923076923078,3,13,3,3,0.5061760544776917,0.784407377243042,0.35
850,False,choice,1.0,B,C,0.47058823529411764,1.0,0.3076923076923077,4,13,4,4,0.47574394941329956,0.6662778854370117,0.35
851,False,exact,0.3,8 kg,B,0.625,1.0,0.45454545454545453,5,11,5,5,0.45371246337890625,0.9644408822059631,0.35
852,False,numeric_mismatch,0.0,5,3,0.6666666666666666,1.0,0.5,5,10,5,5,0.36824923753738403,0.8953079581260681,0.35
853,False,numeric_mismatch,0.0,4,5,0.375,1.0,0.23076923076923078,3,13,3,3,0.5822635889053345,0.8444685935974121,0.35
854,False,exact,0.3,B) 5-2-3-4-1,E,0.4799999999999999,1.0,0.3157894736842105,6,19,6,6,0.33666232228279114,0.7891502976417542,0.35
855,False,exact,0.3,6 m,E,0.25806451612903225,1.0,0.14814814814814814,4,27,4,4,0.38817232847213745,0.6507805585861206,0.35
856,False,numeric_mismatch,0.0,2,6,0.47058823529411764,1.0,0.3076923076923077,4,13,4,4,0.4186522364616394,0.7727532386779785,0.35
857,False,choice,1.0,D,C,0.47058823529411764,1.0,0.3076923076923077,4,13,4,4,0.43049749732017517,0.8125945329666138,0.35
858,False,exact,0.3,12 m,A,0.5263157894736842,1.0,0.35714285714285715,5,14,5,5,0.5530692934989929,0.8784963488578796,0.35
859,False,choice,1.0,D,A,0.375,1.0,0.23076923076923078,3,13,3,3,0.40124598145484924,0.8314837217330933,0.35
860,True,choice,1.0,B,B,0.6,1.0,0.42857142857142855,6,14,6,6,0.4058871567249298,0.6760566234588623,0.35
861,False,choice,1.0,B,D,0.2222222222222222,0.6666666666666666,0.13333333333333333,3,15,2,2,0.3599109351634979,0.6245733499526978,0.35
862,False,numeric_mismatch,0.0,10,4,0.5555555555555556,1.0,0.38461538461538464,5,13,5,5,0.5177097320556641,0.8016431331634521,0.35
863,False,choice,1.0,B,C,0.11764705882352941,0.25,0.07692307692307693,4,13,1,1,0.1508539468050003,0.44240984320640564,0.35
864,False,choice,1.0,D,E,0.10526315789473682,0.2,0.07142857142857142,5,14,1,1,0.05974087864160538,0.4039797782897949,0.35
865,False,numeric_mismatch,0.0,3,2,0.7368421052631579,1.0,0.5833333333333334,7,12,7,7,0.28305014967918396,0.8267605304718018,0.35
866,False,choice,1.0,D,A,0.375,1.0,0.23076923076923078,3,13,3,3,0.35240378975868225,0.7341463565826416,0.35
867,False,choice,1.0,D,C,0.5,1.0,0.3333333333333333,4,12,4,4,0.35752537846565247,0.6562832593917847,0.35
868,False,numeric_mismatch,0.0,14,2,0.5,1.0,0.3333333333333333,4,12,4,4,0.46372485160827637,0.7237973809242249,0.35
869,True,choice,1.0,D,D,0.4,1.0,0.25,3,12,3,3,0.41386449337005615,0.736369788646698,0.35
870,False,choice,1.0,C,E,0.4210526315789474,1.0,0.26666666666666666,4,15,4,4,0.3830316364765167,0.7329429984092712,0.35
871,False,exact,0.3,On A,D,0.0,0.0,0.0,5,14,0,0,0.1270817071199417,0.3131047785282135,0.35
872,True,choice,1.0,A,A,0.6,1.0,0.42857142857142855,6,14,6,6,0.40076854825019836,0.6087102890014648,0.35
873,False,numeric_mismatch,0.0,6,30,0.4444444444444445,1.0,0.2857142857142857,4,14,4,4,0.3931046426296234,0.8622702956199646,0.35
874,False,choice,1.0,E,B,0.4444444444444445,1.0,0.2857142857142857,4,14,4,4,0.465541809797287,0.7146469950675964,0.35
875,False,numeric_mismatch,0.0,8,2,0.4,0.6666666666666666,0.2857142857142857,6,14,4,4,0.3076539635658264,0.8453391790390015,0.35
876,True,choice,1.0,D,D,0.25,0.6666666666666666,0.15384615384615385,3,13,2,2,0.2556040287017822,0.460875004529953,0.35
877,True,choice,1.0,E,E,0.5263157894736842,1.0,0.35714285714285715,5,14,5,5,0.3147421181201935,0.6645861864089966,0.35
878,False,numeric_mismatch,0.0,Wagon number 10,8,0.5882352941176471,1.0,0.4166666666666667,5,12,5,5,0.38114309310913086,0.786185622215271,0.35
879,False,numeric_mismatch,0.0,12,3,0.47058823529411764,1.0,0.3076923076923077,4,13,4,4,0.385160893201828,0.7820080518722534,0.35
880,True,numeric_exact,1.0,16,16,0.375,1.0,0.23076923076923078,3,13,3,3,0.35916951298713684,0.8531616926193237,0.35
881,False,exact,0.3,Person A,C,0.1111111111111111,0.2,0.07692307692307693,5,13,1,1,0.1630702018737793,0.35007184743881226,0.35
882,False,numeric_mismatch,0.0,3,16,0.42857142857142855,1.0,0.2727272727272727,3,11,3,3,0.23863056302070618,0.5757835507392883,0.35
883,False,choice,1.0,A,E,0.4444444444444444,0.6666666666666666,0.3333333333333333,6,12,4,4,0.3518688976764679,0.578549861907959,0.35
884,False,numeric_mismatch,0.0,4,5,0.0,0.0,0.0,4,14,0,0,0.15579012036323547,0.2697593569755554,0.35
885,False,choice,1.0,C,A,0.0,0.0,0.0,6,12,0,0,0.1936861127614975,0.29426977038383484,0.35
886,False,choice,1.0,B,D,0.35294117647058826,1.0,0.21428571428571427,3,14,3,3,0.29598963260650635,0.5160532593727112,0.35
887,False,choice,1.0,E,A,0.11764705882352941,0.3333333333333333,0.07142857142857142,3,14,1,1,0.1859569549560547,0.567457377910614,0.35
888,False,numeric_mismatch,0.0,3,6,0.3333333333333333,0.6666666666666666,0.2222222222222222,3,9,2,2,0.19611890614032745,0.4907462000846863,0.35
889,False,choice,1.0,C,B,0.0,0.0,0.0,3,14,0,0,0.12268620729446411,0.3013823628425598,0.35
890,False,numeric_mismatch,0.0,2,12,0.4,1.0,0.25,3,12,3,3,0.4218006432056427,0.6351013779640198,0.35
891,False,exact,0.3,C) C,D,0.0,0.0,0.0,5,14,0,0,0.10479266941547394,0.2051892876625061,0.35
892,False,numeric_mismatch,0.0,1,8,0.47058823529411764,1.0,0.3076923076923077,4,13,4,4,0.2955481708049774,0.8137074708938599,0.35
893,False,exact,1.0,MATH,E,0.25,0.6666666666666666,0.15384615384615385,3,13,2,2,0.24717186391353607,0.42157793045043945,0.35
894,False,choice,1.0,C,A,0.35294117647058826,1.0,0.21428571428571427,3,14,3,3,0.338776171207428,0.5465884208679199,0.35
895,False,choice,1.0,C,B,0.0,0.0,0.0,5,14,0,0,0.07682965695858002,0.19773206114768982,0.35
896,False,choice,1.0,B,D,0.4444444444444445,1.0,0.2857142857142857,4,14,4,4,0.32383817434310913,0.50589919090271,0.35
897,False,choice,1.0,D,A,0.0,0.0,0.0,8,14,0,0,0.12631745636463165,0.20506472885608673,0.35
898,False,choice,1.0,D,C,0.0,0.0,0.0,5,14,0,0,0.2281225472688675,0.33621302247047424,0.35
899,False,numeric_mismatch,0.0,10,3,0.4,1.0,0.25,3,12,3,3,0.4022233784198761,0.7226322293281555,0.35
900,False,exact,1.0,top,3,0.4444444444444445,1.0,0.2857142857142857,4,14,4,4,0.4028497040271759,0.8107198476791382,0.35
901,False,choice,1.0,D,B,0.42857142857142855,1.0,0.2727272727272727,3,11,3,3,0.3428409993648529,0.6798319816589355,0.35
902,True,numeric_exact,1.0,2,2,0.42857142857142855,1.0,0.2727272727272727,3,11,3,3,0.35148677229881287,0.8196752667427063,0.35
903,False,choice,1.0,D,E,0.25,0.6666666666666666,0.15384615384615385,3,13,2,2,0.2926945090293884,0.687909722328186,0.35
904,False,exact,0.3,square C,D,0.0,0.0,0.0,4,13,0,0,0.22896912693977356,0.32999348640441895,0.35
905,False,choice,1.0,D,B,0.3333333333333333,0.75,0.21428571428571427,4,14,3,3,0.248519629240036,0.5654930472373962,0.35
906,False,choice,1.0,A,D,0.2222222222222222,0.3333333333333333,0.16666666666666666,6,12,2,2,0.2683667540550232,0.6351451873779297,0.35
907,True,exact,0.7,Basket 4,E,0.1,0.25,0.0625,4,16,1,1,0.15894915163516998,0.3927357792854309,0.35
908,False,numeric_mismatch,0.0,3,2,0.6153846153846154,0.8,0.5,5,8,4,4,0.34592634439468384,0.6355373859405518,0.35
909,False,choice,1.0,B,C,0.0,0.0,0.0,4,12,0,0,0.17524200677871704,0.34525421261787415,0.35
910,False,numeric_mismatch,0.0,54321,34426,0.4,1.0,0.25,4,16,4,4,0.2927597165107727,0.6843999028205872,0.35
911,False,numeric_mismatch,0.0,10,12,0.625,1.0,0.45454545454545453,5,11,5,5,0.3593483567237854,0.8400209546089172,0.35
912,False,choice,1.0,B,A,0.26666666666666666,0.6666666666666666,0.16666666666666666,3,12,2,2,0.24081452190876007,0.4697413146495819,0.35
913,False,numeric_mismatch,0.0,6,9,0.4444444444444445,1.0,0.2857142857142857,4,14,4,4,0.22874318063259125,0.698847234249115,0.35
914,True,numeric_rounded,0.85,The biggest result Dino can get by visiting each room exactly once is 30.,34,0.3,0.375,0.25,8,12,3,3,0.21736545860767365,0.5815725922584534,0.35
915,False,numeric_mismatch,0.0,5,8,0.30769230769230765,0.6666666666666666,0.2,3,10,2,2,0.2848963439464569,0.6666004061698914,0.35
916,False,choice,1.0,C,B,0.5263157894736842,1.0,0.35714285714285715,5,14,5,5,0.4394007623195648,0.6794655919075012,0.35
917,False,choice,1.0,D,A,0.0,0.0,0.0,3,12,0,0,0.12494439631700516,0.30005568265914917,0.35
918,False,choice,1.0,C,A,0.4,0.5714285714285714,0.3076923076923077,7,13,4,4,0.2808823883533478,0.519665002822876,0.35
919,False,choice,1.0,B,E,0.5882352941176471,1.0,0.4166666666666667,5,12,5,5,0.2775562107563019,0.75422602891922,0.35
920,False,numeric_mismatch,0.0,6,13,0.6153846153846153,1.0,0.4444444444444444,4,9,4,4,0.29895323514938354,0.723700761795044,0.35
921,False,choice,1.0,D,B,0.42857142857142855,1.0,0.2727272727272727,3,11,3,3,0.3112306594848633,0.7120693325996399,0.35
922,False,numeric_mismatch,0.0,132,11,0.631578947368421,0.8571428571428571,0.5,7,12,6,6,0.30324774980545044,0.6297471523284912,0.35
923,False,numeric_mismatch,0.0,6,3,0.0,0.0,0.0,4,14,0,0,0.16184890270233154,0.31199148297309875,0.35
924,False,choice,1.0,B,A,0.4,0.6666666666666666,0.2857142857142857,6,14,4,4,0.3061572015285492,0.4789741337299347,0.35
925,False,choice,1.0,E,A,0.47058823529411764,1.0,0.3076923076923077,4,13,4,4,0.31274133920669556,0.5122640132904053,0.35
926,False,choice,1.0,A,C,0.0,0.0,0.0,7,18,0,0,0.05911172926425934,0.3180503249168396,0.35
927,True,numeric_exact,1.0,2,2,0.4444444444444445,1.0,0.2857142857142857,4,14,4,4,0.4162018895149231,0.8097859621047974,0.35
928,False,exact,1.0,154,A,0.3333333333333333,0.5,0.25,6,12,3,3,0.24053366482257843,0.6609644889831543,0.35
929,False,placeholder,0.0,insufficient information,60,0.0,0.0,0.0,0,12,0,0,0.0,0.0,0.0
930,False,numeric_mismatch,0.0,3,1,0.4615384615384615,1.0,0.3,3,10,3,3,0.4021935760974884,0.6535516381263733,0.35
931,False,numeric_mismatch,0.0,32,248,0.35294117647058826,1.0,0.21428571428571427,3,14,3,3,0.3904445767402649,0.6491758823394775,0.35
932,False,numeric_mismatch,0.0,30,75,0.631578947368421,1.0,0.46153846153846156,6,13,6,6,0.36418822407722473,0.7724937796592712,0.35
933,False,placeholder,0.0,insufficient information,A,0.0,0.0,0.0,0,11,0,0,0.0,0.0,0.0
934,False,numeric_mismatch,0.0,45,30,0.6666666666666666,1.0,0.5,6,12,6,6,0.34783750772476196,0.7021288871765137,0.35
935,False,placeholder,0.0,insufficient information,C,0.0,0.0,0.0,0,12,0,0,0.0,0.0,0.0
936,False,exact,0.3,B) \(\frac{4+5\sqrt{3}}{5}\),E,0.6153846153846153,1.0,0.4444444444444444,4,9,4,4,0.4902767539024353,0.8382434844970703,0.35
937,False,exact,0.3,B) \frac{3 \sqrt{2}}{2},E,0.6,1.0,0.42857142857142855,6,14,6,6,0.3595116138458252,0.7441473007202148,0.35
938,False,exact,0.3,"B) 3, 5, 6, 7",A,0.35294117647058826,1.0,0.21428571428571427,3,14,3,3,0.3162671625614166,0.8435999751091003,0.35
939,False,exact,0.3,B) $f(x)=-g(x)-2$,C,0.4210526315789473,0.8,0.2857142857142857,5,14,4,4,0.30010029673576355,0.5938575267791748,0.35
940,True,numeric_rounded,0.85,The number of triangles that can be drawn is 816.,711,0.375,0.75,0.25,4,12,3,3,0.24161231517791748,0.6507381200790405,0.35
941,False,exact,0.3,B) \frac{2 \sqrt{3}}{3},D,0.4615384615384615,0.4,0.5454545454545454,15,11,6,6,0.29282239079475403,0.7269796133041382,0.35
942,True,numeric_exact,1.0,2,2,0.5882352941176471,1.0,0.4166666666666667,5,12,5,5,0.4553878903388977,0.8362116813659668,0.35
943,False,choice,1.0,D,A,0.4,1.0,0.25,3,12,3,3,0.371076375246048,0.618953287601471,0.35
944,False,placeholder,0.0,insufficient information,C,0.0,0.0,0.0,0,14,0,0,0.0,0.0,0.0
945,False,placeholder,0.0,insufficient information,8,0.0,0.0,0.0,0,13,0,0,0.0,0.0,0.0
946,False,exact,0.3,B) 16,D,0.5263157894736842,0.8333333333333334,0.38461538461538464,6,13,5,5,0.2519540786743164,0.7667862772941589,0.35
947,False,exact,1.0,110°,D,0.375,1.0,0.23076923076923078,3,13,3,3,0.4884335398674011,0.7518174052238464,0.35
948,False,numeric_mismatch,0.0,1,16,0.4444444444444445,1.0,0.2857142857142857,4,14,4,4,0.4088629186153412,0.6031656265258789,0.35
949,False,numeric_mismatch,0.0,3,2,0.4,1.0,0.25,3,12,3,3,0.41936543583869934,0.6670680642127991,0.35
950,True,exact,0.7,D) 2 √5 cm,D,0.7499999999999999,1.0,0.6,9,15,9,9,0.36570578813552856,0.9615887999534607,0.35
951,False,placeholder,0.0,insufficient information,E,0.0,0.0,0.0,0,15,0,0,0.0,0.0,0.0
952,False,exact,1.0,10,A,0.7826086956521738,0.9,0.6923076923076923,10,13,9,9,0.41182079911231995,0.7831882238388062,0.35
953,False,exact,0.3,E) 9:1,A,0.5263157894736842,1.0,0.35714285714285715,5,14,5,5,0.39034292101860046,0.8703426122665405,0.35
954,False,numeric_mismatch,0.0,3,4,0.375,1.0,0.23076923076923078,3,13,3,3,0.3026905953884125,0.6456486582756042,0.35
955,False,numeric_mismatch,0.0,0,400,0.5,0.7142857142857143,0.38461538461538464,7,13,5,5,0.29755982756614685,0.7923884987831116,0.35
956,False,numeric_mismatch,0.0,√169,10,0.5,1.0,0.3333333333333333,4,12,4,4,0.427397757768631,0.762905478477478,0.35
957,True,numeric_rounded,0.85,28,25,0.375,1.0,0.23076923076923078,3,13,3,3,0.334323525428772,0.7241679430007935,0.35
958,False,exact,0.3,D) $2 \cdot 3^{5}$,A,0.5,1.0,0.3333333333333333,4,12,4,4,0.35231491923332214,0.815543532371521,0.35
959,False,numeric_mismatch,0.0,12,3,0.4,1.0,0.25,3,12,3,3,0.34348881244659424,0.7740828394889832,0.35
960,True,exact,0.7,D) \(\frac{2-\sqrt{3}}{4}\),A,0.27586206896551724,0.25,0.3076923076923077,16,13,4,4,0.20009282231330872,0.5156244039535522,0.35
961,True,exact,0.7,insufficient information,A,0.2608695652173913,0.6,0.16666666666666666,5,18,3,3,0.22510765492916107,0.46058493852615356,0.35
962,False,choice,1.0,B,C,0.11764705882352941,0.25,0.07692307692307693,4,13,1,1,0.18568271398544312,0.3899289071559906,0.35
963,False,exact,1.0,2:1,E,0.5882352941176471,1.0,0.4166666666666667,5,12,5,5,0.38312843441963196,0.7541221976280212,0.35
964,False,numeric_mismatch,0.0,5,13,0.35294117647058826,0.6,0.25,5,12,3,3,0.228818878531456,0.49324068427085876,0.35
965,False,exact,0.3,B) 1.5π,C,0.8,0.8333333333333334,0.7692307692307693,12,13,10,10,0.3626525104045868,0.7669915556907654,0.35
966,False,placeholder,0.0,insufficient information,D,0.0,0.0,0.0,0,13,0,0,0.0,0.0,0.0
967,False,numeric_mismatch,0.0,1,-2,0.5263157894736842,0.7142857142857143,0.4166666666666667,7,12,5,5,0.21357844769954681,0.5773284435272217,0.35
968,True,numeric_exact,1.0,1,1,0.5,1.0,0.3333333333333333,4,12,4,4,0.4442502558231354,0.8403071761131287,0.35
969,True,numeric_exact,1.0,6,6,0.7000000000000001,1.0,0.5384615384615384,7,13,7,7,0.5139796733856201,0.8817221522331238,0.35
970,False,exact,1.0,\(\frac{1}{2}\),D,0.8695652173913043,0.9090909090909091,0.8333333333333334,11,12,10,10,0.39805054664611816,0.7700250148773193,0.35
971,False,placeholder,0.0,insufficient information,D,0.0,0.0,0.0,0,12,0,0,0.0,0.0,0.0
972,False,placeholder,0.0,insufficient information,4,0.0,0.0,0.0,0,14,0,0,0.0,0.0,0.0
973,False,exact,0.3,C) √13,A,0.0,0.0,0.0,2,15,0,0,0.106246218085289,0.19748127460479736,0.35
974,False,numeric_mismatch,0.0,10,20,0.25,0.6666666666666666,0.15384615384615385,3,13,2,2,0.23801182210445404,0.6444767117500305,0.35
975,True,numeric_rounded,0.85,18,16,0.5714285714285715,1.0,0.4,4,10,4,4,0.3239782154560089,0.703330397605896,0.35
976,False,numeric_mismatch,0.0,10,8,0.5555555555555556,1.0,0.38461538461538464,5,13,5,5,0.3975542485713959,0.7713135480880737,0.35
977,False,exact,0.3,C) \(\frac{1}{8}\),D,0.09090909090909091,0.14285714285714285,0.06666666666666667,7,15,1,1,0.16197969019412994,0.38189584016799927,0.35
978,False,numeric_mismatch,0.0,100,446,0.5,1.0,0.3333333333333333,4,12,4,4,0.5222626328468323,0.8372666239738464,0.35
979,False,exact,0.3,A) √2 - 1,E,0.2857142857142857,0.375,0.23076923076923078,8,13,3,3,0.19462694227695465,0.5306388139724731,0.35
980,False,numeric_mismatch,0.0,The area of the hexagon PQRSTU is 6.,13,0.4444444444444444,0.8,0.3076923076923077,5,13,4,4,0.2862454354763031,0.6912636160850525,0.35
981,False,exact,0.3,either A or B,D,0.5714285714285715,1.0,0.4,4,10,4,4,0.4102255702018738,0.6737697124481201,0.35
982,False,placeholder,0.0,insufficient information,B,0.0,0.0,0.0,0,14,0,0,0.0,0.0,0.0
983,False,numeric_mismatch,0.0,27,9,0.4444444444444445,1.0,0.2857142857142857,4,14,4,4,0.3846258521080017,0.6364842057228088,0.35
984,False,exact,1.0,9,A,0.4210526315789474,1.0,0.26666666666666666,4,15,4,4,0.40251538157463074,0.8124886751174927,0.35
985,False,exact,0.3,E) $g(2-x)=-f(x)$,A,0.23529411764705882,1.0,0.13333333333333333,2,15,2,2,0.36605942249298096,0.6981753706932068,0.35
986,False,exact,1.0,II,D,0.35294117647058826,1.0,0.21428571428571427,3,14,3,3,0.3580099642276764,0.5902745127677917,0.35
987,True,exact,0.7,D) 55,D,0.25,0.5,0.16666666666666666,4,12,2,2,0.1736658662557602,0.5184756517410278,0.35
988,False,exact,0.3,B) 11 - √2,A,0.8000000000000002,0.8,0.8,15,15,12,12,0.27504056692123413,0.6778028011322021,0.35
989,True,numeric_exact,1.0,3,3,0.4615384615384615,1.0,0.3,3,10,3,3,0.37772253155708313,0.8636646270751953,0.35
990,False,exact,1.0,108°,D,0.8799999999999999,0.8461538461538461,0.9166666666666666,13,12,11,11,0.42481836676597595,0.8456001281738281,0.35
991,False,exact,0.3,4 * (3 - 2√2) * π,A,0.6363636363636364,1.0,0.4666666666666667,7,15,7,7,0.4011451303958893,0.8533539772033691,0.35
992,False,exact,0.3,B) 63π,C,0.47058823529411764,1.0,0.3076923076923077,4,13,4,4,0.40145984292030334,0.751176655292511,0.35
993,False,exact,0.3,12 cm²,A,0.0,0.0,0.0,5,14,0,0,0.18789401650428772,0.34877967834472656,0.35
994,False,choice,1.0,C),A,0.6666666666666667,0.875,0.5384615384615384,8,13,7,7,0.29998764395713806,0.6771730184555054,0.35
995,False,exact,0.3,D) 110°,C,0.23529411764705882,0.5,0.15384615384615385,4,13,2,2,0.24336744844913483,0.37983623147010803,0.35
996,False,numeric_mismatch,0.0,There are 6 different barcodes.,116,0.5263157894736842,1.0,0.35714285714285715,5,14,5,5,0.33459940552711487,0.9295690655708313,0.35
997,False,placeholder,0.0,insufficient information,B,0.0,0.0,0.0,0,12,0,0,0.0,0.0,0.0
998,False,numeric_mismatch,0.0,3,1,0.7272727272727273,1.0,0.5714285714285714,4,7,4,4,0.3384725749492645,0.8791173696517944,0.35
999,False,exact,1.0,David,C,0.0,0.0,0.0,5,15,0,0,0.1486833244562149,0.2900136113166809,0.35
1000,False,choice,1.0,D,C,0.47058823529411764,1.0,0.3076923076923077,4,13,4,4,0.36232948303222656,0.7105581164360046,0.35
1001,True,numeric_exact,1.0,25,25,0.5555555555555556,1.0,0.38461538461538464,5,13,5,5,0.42216405272483826,0.6881070733070374,0.35
1002,False,exact,1.0,12,E,0.5454545454545454,0.6,0.5,10,12,6,6,0.3093421161174774,0.8452335596084595,0.35
1003,False,placeholder,0.0,insufficient information,6,0.0,0.0,0.0,0,10,0,0,0.0,0.0,0.0
1004,True,exact,0.7,B) π - α / 2,B,0.5263157894736842,1.0,0.35714285714285715,5,14,5,5,0.37694215774536133,0.7911040186882019,0.35
1005,False,numeric_mismatch,0.0,3,1,0.4444444444444445,1.0,0.2857142857142857,4,14,4,4,0.36273860931396484,0.8536096215248108,0.35
1006,False,exact,0.3,C) a + b + c < 0,E,0.5882352941176471,1.0,0.4166666666666667,5,12,5,5,0.48600831627845764,0.9113874435424805,0.35
1007,False,numeric_mismatch,0.0,27,19,0.8333333333333333,1.0,0.7142857142857143,5,7,5,5,0.3230206072330475,0.6130894422531128,0.35
1008,False,choice,1.0,D,A,0.0,0.0,0.0,5,13,0,0,0.17747627198696136,0.25765761733055115,0.35
1009,False,numeric_mismatch,0.0,16,13,0.4,1.0,0.25,3,12,3,3,0.269541472196579,0.8235536217689514,0.35
1010,False,numeric_mismatch,0.0,4,5,0.8275862068965517,0.7058823529411765,1.0,17,12,12,12,0.3752851188182831,0.7583275437355042,0.35
1011,True,exact,0.7,40 cm²,C,0.6666666666666666,1.0,0.5,7,14,7,7,0.3526547849178314,0.8191410899162292,0.35
1012,True,exact,0.7,C) 36°,C,0.6666666666666666,1.0,0.5,6,12,6,6,0.4487377405166626,0.9258840084075928,0.35
1013,True,exact,0.7,C) 144 m²,C,0.11111111111111112,0.25,0.07142857142857142,4,14,1,1,0.14196047186851501,0.359173446893692,0.35
1014,False,numeric_mismatch,0.0,169 / 46,4.8,0.6666666666666666,1.0,0.5,8,16,8,8,0.4021559953689575,0.8365004062652588,0.35
1015,False,exact,0.3,B) 2√3,C,0.5,0.4375,0.5833333333333334,16,12,7,7,0.2737046182155609,0.8583930134773254,0.35
1016,True,exact,0.7,It is impossible to obtain exactly 2012 points on the non-glued together sides.,E,0.5714285714285714,0.8571428571428571,0.42857142857142855,7,14,6,6,0.29904070496559143,0.7717233896255493,0.35
1017,False,exact,0.3,D) E_x ≠ E_y and Vol(E_x) < Vol(E_y),C,0.5555555555555556,1.0,0.38461538461538464,5,13,5,5,0.39425212144851685,0.8076757192611694,0.35
1018,False,exact,0.3,D) \(\frac{14}{3} \pi\),B,0.6363636363636364,1.0,0.4666666666666667,7,15,7,7,0.34439966082572937,0.7597282528877258,0.35
1019,True,numeric_exact,1.0,5,5,0.5,1.0,0.3333333333333333,5,15,5,5,0.4060768783092499,0.755771279335022,0.35
1020,False,choice,1.0,C,E,0.6,1.0,0.42857142857142855,6,14,6,6,0.3659275472164154,0.6822057366371155,0.35
1021,False,exact,1.0,five,10,0.5,1.0,0.3333333333333333,4,12,4,4,0.3237062394618988,0.768940806388855,0.35
1022,False,choice,1.0,B,E,0.3333333333333333,0.75,0.21428571428571427,4,14,3,3,0.30142658948898315,0.5778032541275024,0.35
1023,False,placeholder,0.0,insufficient information,A,0.0,0.0,0.0,0,14,0,0,0.0,0.0,0.0
1024,False,numeric_mismatch,0.0,3,4,0.6,0.8571428571428571,0.46153846153846156,7,13,6,6,0.23446999490261078,0.7678531408309937,0.35
1025,False,exact,0.3,B) 89°,E,0.5263157894736842,1.0,0.35714285714285715,5,14,5,5,0.2754727602005005,0.6208876371383667,0.35
1026,False,choice,1.0,D,A,0.5555555555555556,1.0,0.38461538461538464,5,13,5,5,0.3453269600868225,0.6463459730148315,0.35
1027,False,numeric_mismatch,0.0,110,64,0.6,1.0,0.42857142857142855,6,14,6,6,0.3376566469669342,0.6647287011146545,0.35
1028,False,exact,0.3,It is 2-times as big.,D,0.4,1.0,0.25,3,12,3,3,0.4255298376083374,0.7878376841545105,0.35
1029,True,numeric_exact,1.0,18,18,0.5555555555555556,1.0,0.38461538461538464,5,13,5,5,0.43486183881759644,0.8023679256439209,0.35
1030,False,numeric_mismatch,0.0,3,2,0.23529411764705882,0.6666666666666666,0.14285714285714285,3,14,2,2,0.2832835912704468,0.6561055779457092,0.35
1031,True,exact,0.7,D) √2 : 1,D,0.5,1.0,0.3333333333333333,4,12,4,4,0.35879841446876526,0.7806337475776672,0.35
1032,False,numeric_mismatch,0.0,12,10,0.4,1.0,0.25,4,16,4,4,0.29864487051963806,0.6664944887161255,0.35
1033,True,exact,0.7,D) \(\frac{1}{\sqrt{5}}\),A,0.4210526315789474,1.0,0.26666666666666666,4,15,4,4,0.2978569269180298,0.6385953426361084,0.35
1034,False,exact,1.0,720°,B,0.5882352941176471,1.0,0.4166666666666667,5,12,5,5,0.37351545691490173,0.8169150352478027,0.35
1035,False,choice,1.0,D,A,0.0,0.0,0.0,7,14,0,0,0.12678632140159607,0.29000312089920044,0.35
1036,True,numeric_exact,1.0,3,3,0.4444444444444445,1.0,0.2857142857142857,4,14,4,4,0.41242095828056335,0.6885339021682739,0.35
1037,False,choice,1.0,B,E,0.22222222222222224,0.5,0.14285714285714285,4,14,2,2,0.23243030905723572,0.4148847758769989,0.35
1038,False,placeholder,0.0,insufficient information,C,0.0,0.0,0.0,0,15,0,0,0.0,0.0,0.0
1039,False,numeric_mismatch,0.0,2,1,0.47058823529411764,1.0,0.3076923076923077,4,13,4,4,0.34868937730789185,0.6875365376472473,0.35
1040,False,exact,1.0,-8,E,0.10526315789473685,0.25,0.06666666666666667,4,15,1,1,0.204994335770607,0.4320491850376129,0.35
1041,False,exact,1.0,6,A,0.5555555555555556,1.0,0.38461538461538464,5,13,5,5,0.3291158676147461,0.9004970192909241,0.35
1042,False,exact,0.3,"either 2, 3 or 5",A,0.5,1.0,0.3333333333333333,4,12,4,4,0.39186015725135803,0.8025259375572205,0.35
1043,False,choice,1.0,b,A,0.5,1.0,0.3333333333333333,4,12,4,4,0.3995060622692108,0.6966272592544556,0.35
1044,False,numeric_mismatch,0.0,550,3025,0.4,1.0,0.25,3,12,3,3,0.35749006271362305,0.6473287343978882,0.35
1045,True,exact,0.7,B) \(\frac{3}{16}\),C,0.5263157894736842,1.0,0.35714285714285715,5,14,5,5,0.3253400921821594,0.7138978242874146,0.35
1046,True,choice,1.0,B,B,0.7499999999999999,1.0,0.6,6,10,6,6,0.383343368768692,0.7423058152198792,0.35
1047,False,choice,1.0,B,A,0.23529411764705882,0.6666666666666666,0.14285714285714285,3,14,2,2,0.2862684428691864,0.566148042678833,0.35
1048,True,numeric_exact,1.0,3,3,0.3157894736842105,0.6,0.21428571428571427,5,14,3,3,0.2585267722606659,0.637237548828125,0.35
1049,True,exact,0.7,E) 8:5,E,0.10526315789473684,0.16666666666666666,0.07692307692307693,6,13,1,1,0.19969092309474945,0.3504346013069153,0.35
1050,False,exact,0.3,C) 18°,E,0.6956521739130435,0.8,0.6153846153846154,10,13,8,8,0.35768216848373413,0.7828357219696045,0.35
1051,False,exact,0.3,E) 220,D,0.631578947368421,1.0,0.46153846153846156,6,13,6,6,0.33174142241477966,0.6066955924034119,0.35
1052,False,exact,0.3,C) 3,B,0.5882352941176471,1.0,0.4166666666666667,5,12,5,5,0.4510155916213989,0.8205302357673645,0.35
1053,False,exact,0.3,either 0 or 1 or 2,A,0.6666666666666666,1.0,0.5,7,14,7,7,0.40328001976013184,0.8633327484130859,0.35
1054,False,placeholder,0.0,insufficient information,C,0.0,0.0,0.0,0,13,0,0,0.0,0.0,0.0
1055,False,placeholder,0.0,insufficient information,22,0.0,0.0,0.0,0,9,0,0,0.0,0.0,0.0
1056,False,exact,0.3,E) 125 cm²,B,0.5833333333333334,0.7,0.5,10,14,7,7,0.3266522288322449,0.8233233094215393,0.35
1057,True,exact,0.7,less than 10,A,0.761904761904762,0.8888888888888888,0.6666666666666666,9,12,8,8,0.31761059165000916,0.8281347155570984,0.35
1058,False,numeric_mismatch,0.0,4037,16,0.42857142857142855,0.6,0.3333333333333333,5,9,3,3,0.31831783056259155,0.6333457231521606,0.35
1059,False,numeric_mismatch,0.0,5,3,0.4615384615384615,1.0,0.3,3,10,3,3,0.4966280162334442,0.8566515445709229,0.35
1060,False,choice,1.0,B,C,0.125,0.25,0.08333333333333333,4,12,1,1,0.15879860520362854,0.35077714920043945,0.35
1061,True,exact,0.7,B) \(\frac{1}{3}\),B,0.5555555555555556,1.0,0.38461538461538464,5,13,5,5,0.3644261360168457,0.7277346253395081,0.35
1062,False,choice,1.0,D,A,0.5882352941176471,1.0,0.4166666666666667,5,12,5,5,0.3242846429347992,0.5848121643066406,0.35
1063,True,exact,0.7,C) III,C,0.7000000000000001,1.0,0.5384615384615384,7,13,7,7,0.4305644631385803,0.8411253094673157,0.35
1064,False,numeric_mismatch,0.0,4,6,0.5555555555555556,1.0,0.38461538461538464,5,13,5,5,0.3740500807762146,0.8925794959068298,0.35
1065,False,numeric_mismatch,0.0,12,8,0.4210526315789474,1.0,0.26666666666666666,4,15,4,4,0.43590688705444336,0.9134706854820251,0.35
1066,False,exact,1.0,none,E,0.7368421052631579,1.0,0.5833333333333334,7,12,7,7,0.31738561391830444,0.6022355556488037,0.35
1067,False,exact,0.3,B) \(\frac{2 \pi}{3}\),E,0.47058823529411764,1.0,0.3076923076923077,4,13,4,4,0.36887553334236145,0.8212290406227112,0.35
1068,True,exact,0.7,D) $rac{1}{2}$,D,0.8181818181818181,1.0,0.6923076923076923,9,13,9,9,0.4076754152774811,0.8318867683410645,0.35
1069,True,numeric_rounded,0.85,50,56,0.4,0.6666666666666666,0.2857142857142857,6,14,4,4,0.24109983444213867,0.8136204481124878,0.35
1070,False,exact,1.0,Thursday,A,0.4,1.0,0.25,3,12,3,3,0.4171818494796753,0.7239420413970947,0.35
1071,False,numeric_mismatch,0.0,Room 5,2,0.15384615384615383,0.16666666666666666,0.14285714285714285,6,7,1,1,0.20352771878242493,0.5092083215713501,0.35
1072,False,numeric_mismatch,0.0,6,10,0.6,1.0,0.42857142857142855,3,7,3,3,0.4538005292415619,0.8648427724838257,0.35
1073,False,exact,1.0,135°,A,0.47058823529411764,1.0,0.3076923076923077,4,13,4,4,0.519518256187439,0.9500164985656738,0.35
1074,True,exact,0.7,A) $ABC$,B,0.5,1.0,0.3333333333333333,4,12,4,4,0.3708304166793823,0.7517213225364685,0.35
1075,True,exact,0.7,B) V=\frac{3}{2} W,B,0.8571428571428571,1.0,0.75,9,12,9,9,0.4045717120170593,0.8517976403236389,0.35
1076,False,choice,1.0,B,D,0.6,1.0,0.42857142857142855,6,14,6,6,0.328997939825058,0.6693078279495239,0.35
1077,True,exact,0.7,D) \frac{1}{6},D,0.6666666666666666,0.7777777777777778,0.5833333333333334,9,12,7,7,0.36684176325798035,0.8941088914871216,0.35
1078,False,numeric_mismatch,0.0,10,5,0.5882352941176471,1.0,0.4166666666666667,5,12,5,5,0.3668833374977112,0.7608600854873657,0.35
1079,False,choice,1.0,D,B,0.631578947368421,1.0,0.46153846153846156,6,13,6,6,0.3524249792098999,0.739287793636322,0.35
1080,False,numeric_mismatch,0.0,The sum of the values of Nadia's cards is 60.,13,0.6,0.8571428571428571,0.46153846153846156,7,13,6,6,0.3195476830005646,0.820098876953125,0.35
1081,False,exact,0.3,C) 130°,E,0.3333333333333333,0.75,0.21428571428571427,4,14,3,3,0.25220033526420593,0.6185179352760315,0.35
1082,False,numeric_mismatch,0.0,3,2,0.4444444444444445,1.0,0.2857142857142857,4,14,4,4,0.34120485186576843,0.6388068199157715,0.35
1083,True,exact,0.7,E) 1.8 m,E,0.3,0.6,0.2,5,15,3,3,0.254481703042984,0.6736025810241699,0.35
1084,True,exact,0.7,C) \(\frac{1}{4}\),A,0.08695652173913045,0.125,0.06666666666666667,8,15,1,1,0.19273558259010315,0.4336354434490204,0.35
1085,False,exact,0.3,C) 7 and 4,E,0.5882352941176471,1.0,0.4166666666666667,5,12,5,5,0.39456474781036377,0.8558414578437805,0.35
1086,False,exact,0.3,B) 2:3,A,0.4285714285714285,0.75,0.3,4,10,3,3,0.2721957564353943,0.8502489924430847,0.35
1087,False,exact,0.3,6 and 6,E,0.35294117647058826,1.0,0.21428571428571427,3,14,3,3,0.41480427980422974,0.6189364790916443,0.35
1088,True,choice,1.0,E,E,0.631578947368421,1.0,0.46153846153846156,6,13,6,6,0.3684450089931488,0.7049307823181152,0.35
1089,True,choice,1.0,D,D,0.47058823529411764,1.0,0.3076923076923077,4,13,4,4,0.35010021924972534,0.5044856071472168,0.35
1090,False,exact,0.3,"A) 1,4 and 7",B,0.375,0.75,0.25,4,12,3,3,0.24656863510608673,0.7788202166557312,0.35
1091,False,choice,1.0,B,C,0.125,0.16666666666666666,0.1,6,10,1,1,0.10208643227815628,0.5024461150169373,0.35
1092,False,exact,0.3,C) 200 m³,E,0.6,0.8571428571428571,0.46153846153846156,7,13,6,6,0.32224321365356445,0.6288398504257202,0.35
1093,False,numeric_mismatch,0.0,24 cm,6,0.5555555555555556,1.0,0.38461538461538464,5,13,5,5,0.34443169832229614,0.7081778049468994,0.35
1094,False,placeholder,0.0,insufficient information,B,0.0,0.0,0.0,0,10,0,0,0.0,0.0,0.0
1095,False,numeric_mismatch,0.0,16,20,0.5333333333333333,1.0,0.36363636363636365,4,11,4,4,0.3380242586135864,0.7134353518486023,0.35
1096,False,placeholder,0.0,insufficient information,E,0.0,0.0,0.0,0,16,0,0,0.0,0.0,0.0
1097,True,exact,0.7,D) 2π,D,0.5599999999999999,0.5384615384615384,0.5833333333333334,13,12,7,7,0.3077746033668518,0.8109317421913147,0.35
1098,False,numeric_mismatch,0.0,4,3,0.5,1.0,0.3333333333333333,4,12,4,4,0.3316439986228943,0.6979548335075378,0.35
1099,False,exact,0.3,C) 6+π m,A,0.7058823529411764,1.0,0.5454545454545454,6,11,6,6,0.29091325402259827,0.6588132381439209,0.35
1100,False,exact,0.3,B) 11%,D,0.4,1.0,0.25,3,12,3,3,0.41835975646972656,0.7518087029457092,0.35
1101,True,numeric_rounded,0.85,24,21,0.5882352941176471,1.0,0.4166666666666667,5,12,5,5,0.3445929288864136,0.8363524675369263,0.35
1102,True,exact,0.7,B) 11 cm,B,0.5,1.0,0.3333333333333333,5,15,5,5,0.43083450198173523,0.9480704069137573,0.35
1103,False,numeric_mismatch,0.0,18,11.5,0.631578947368421,0.8571428571428571,0.5,7,12,6,6,0.286001056432724,0.7660750150680542,0.35
1104,False,numeric_mismatch,0.0,6,4040,0.375,1.0,0.23076923076923078,3,13,3,3,0.4613191783428192,0.8350870013237,0.35
1105,False,exact,0.3,D) 105,B,0.6,1.0,0.42857142857142855,6,14,6,6,0.3450205624103546,0.9377890229225159,0.35
1106,False,numeric_mismatch,0.0,25,13,0.47058823529411764,0.8,0.3333333333333333,5,12,4,4,0.3183952867984772,0.6064117550849915,0.35
1107,True,exact,0.7,40 cm²,C,0.8,0.9090909090909091,0.7142857142857143,11,14,10,10,0.3872055411338806,0.9242119193077087,0.35
1108,False,exact,0.3,20 cm²,A,0.7368421052631579,1.0,0.5833333333333334,7,12,7,7,0.45446163415908813,0.8646985292434692,0.35
1109,True,exact,0.7,a b + c d < 0,A,0.6,0.8571428571428571,0.46153846153846156,7,13,6,6,0.32791659235954285,0.6917573809623718,0.35
1110,False,placeholder,0.0,insufficient information,A,0.0,0.0,0.0,0,13,0,0,0.0,0.0,0.0
1111,True,exact,0.7,B) 30 √5 m,B,0.6,1.0,0.42857142857142855,6,14,6,6,0.37057262659072876,0.8271150588989258,0.35
1112,False,exact,1.0,50(5+√5),D,0.42105263157894735,0.6666666666666666,0.3076923076923077,6,13,4,4,0.28444644808769226,0.45778951048851013,0.35
1113,False,placeholder,0.0,insufficient information,28,0.0,0.0,0.0,0,16,0,0,0.0,0.0,0.0
1114,False,choice,1.0,C,E,0.4444444444444445,1.0,0.2857142857142857,4,14,4,4,0.2986903786659241,0.7362152934074402,0.35
1115,False,choice,1.0,B,E,0.19047619047619047,0.2857142857142857,0.14285714285714285,7,14,2,2,0.1037050187587738,0.5479186177253723,0.35
1116,False,exact,0.3,B) \(\frac{13 \pi}{16}\),E,0.6666666666666666,1.0,0.5,6,12,6,6,0.4244421720504761,0.7909998297691345,0.35
1117,False,choice,1.0,D,A,0.4,1.0,0.25,3,12,3,3,0.4060719311237335,0.8423289060592651,0.35
1118,False,exact,0.3,C) y = ax + b,D,0.46153846153846156,0.75,0.3333333333333333,4,9,3,3,0.3845726251602173,0.6275310516357422,0.35
1119,False,numeric_mismatch,0.0,67,34,0.4,1.0,0.25,3,12,3,3,0.39201846718788147,0.7691061496734619,0.35
1120,False,numeric_mismatch,0.0,6,10,0.4444444444444445,1.0,0.2857142857142857,4,14,4,4,0.41691622138023376,0.7508358955383301,0.35
1121,True,exact,0.7,B) \(\frac{1}{4}\),B,0.5,1.0,0.3333333333333333,4,12,4,4,0.32936859130859375,0.6766142249107361,0.35
1122,False,choice,1.0,B,E,0.0,0.0,0.0,3,12,0,0,0.10316109657287598,0.24918672442436218,0.35
1123,False,numeric_mismatch,0.0,24,16,0.4444444444444445,1.0,0.2857142857142857,4,14,4,4,0.26580631732940674,0.681549072265625,0.35
1124,False,numeric_mismatch,0.0,4,8,0.5555555555555556,0.8333333333333334,0.4166666666666667,6,12,5,5,0.2788859009742737,0.7309238910675049,0.35
1125,False,choice,1.0,A,D,0.5555555555555556,1.0,0.38461538461538464,5,13,5,5,0.3718031048774719,0.8466224074363708,0.35
1126,False,numeric_mismatch,0.0,16,50,0.3157894736842105,1.0,0.1875,3,16,3,3,0.2727468013763428,0.515068769454956,0.35
1127,False,numeric_mismatch,0.0,455,19,0.5,1.0,0.3333333333333333,5,15,5,5,0.2733335494995117,0.7565634250640869,0.35
1128,False,numeric_mismatch,0.0,7,12,0.4,1.0,0.25,3,12,3,3,0.5095633864402771,0.8532604575157166,0.35
1129,True,exact,0.7,B) 4.5 cm,C,0.5263157894736842,1.0,0.35714285714285715,5,14,5,5,0.4188568890094757,0.8010959029197693,0.35
1130,False,choice,1.0,B,E,0.35294117647058826,1.0,0.21428571428571427,3,14,3,3,0.1973770260810852,0.6615788340568542,0.35
1131,False,placeholder,0.0,insufficient information,D,0.0,0.0,0.0,0,13,0,0,0.0,0.0,0.0
1132,False,exact,0.3,9 cm,E,0.782608695652174,1.0,0.6428571428571429,9,14,9,9,0.41636648774147034,0.8009200692176819,0.35
1133,False,choice,1.0,B,D,0.5882352941176471,1.0,0.4166666666666667,5,12,5,5,0.426082044839859,0.7599511742591858,0.35
1134,False,exact,0.3,B) 0.034 m³,D,0.35294117647058826,0.6,0.25,5,12,3,3,0.20405882596969604,0.6457563638687134,0.35
1135,False,numeric_mismatch,0.0,6,21,0.5,1.0,0.3333333333333333,4,12,4,4,0.4888491630554199,0.8470319509506226,0.35
1136,True,numeric_exact,1.0,4,4,0.4444444444444445,1.0,0.2857142857142857,4,14,4,4,0.3824555575847626,0.7286632657051086,0.35
1137,False,placeholder,0.0,insufficient information,C,0.0,0.0,0.0,0,13,0,0,0.0,0.0,0.0
1138,False,numeric_mismatch,0.0,8,12,0.6666666666666666,0.6666666666666666,0.6666666666666666,12,12,8,8,0.3200828731060028,0.9150305390357971,0.35
1139,False,choice,1.0,C,A,0.23529411764705882,0.5,0.15384615384615385,4,13,2,2,0.21151471138000488,0.49642646312713623,0.35
1140,True,numeric_exact,1.0,The perimeter of the big rectangle is 30 units.,30,0.6666666666666666,1.0,0.5,6,12,6,6,0.4973123371601105,0.8664910197257996,0.35
1141,False,exact,1.0,3,B,0.4,1.0,0.25,3,12,3,3,0.307339072227478,0.6551375389099121,0.35
1142,False,exact,0.3,B) 4,E,0.35294117647058826,1.0,0.21428571428571427,3,14,3,3,0.3736562132835388,0.6434462666511536,0.35
1143,False,choice,1.0,B,C,0.4444444444444444,0.6666666666666666,0.3333333333333333,6,12,4,4,0.23683561384677887,0.5030927062034607,0.35
1144,False,numeric_mismatch,0.0,x = 30,16,0.3157894736842105,1.0,0.1875,3,16,3,3,0.3502453863620758,0.6304093599319458,0.35
1145,False,exact,0.3,60 cm,E,0.6666666666666667,0.875,0.5384615384615384,8,13,7,7,0.3364621698856354,0.853385329246521,0.35
1146,True,numeric_exact,1.0,36,36,0.7058823529411764,1.0,0.5454545454545454,6,11,6,6,0.3695177733898163,0.7010732293128967,0.35
1147,False,numeric_mismatch,0.0,617,12,0.09523809523809525,0.1111111111111111,0.08333333333333333,9,12,1,1,0.10761856287717819,0.3539416790008545,0.35
1148,False,numeric_mismatch,0.0,The area colored in black is 21.,28,0.5263157894736842,1.0,0.35714285714285715,5,14,5,5,0.29006537795066833,0.7433043122291565,0.35
1149,False,numeric_mismatch,0.0,There are 2 ways to insert the remaining numbers.,24,0.35294117647058826,1.0,0.21428571428571427,3,14,3,3,0.2959679961204529,0.5995496511459351,0.35
1150,False,numeric_mismatch,0.0,38,70,0.5,1.0,0.3333333333333333,4,12,4,4,0.43685758113861084,0.7578787207603455,0.35
1151,True,numeric_exact,1.0,11,11,0.5555555555555556,0.8333333333333334,0.4166666666666667,6,12,5,5,0.35009443759918213,0.8095410466194153,0.35
1152,True,choice,1.0,D,D,0.3529411764705882,0.75,0.23076923076923078,4,13,3,3,0.3146848976612091,0.48603689670562744,0.35
1153,False,numeric_mismatch,0.0,11.5,16,0.5555555555555556,1.0,0.38461538461538464,5,13,5,5,0.36619681119918823,0.7770729660987854,0.35
1154,False,exact,0.3,D) 625 → 626 ↑ 627,B,0.4444444444444445,1.0,0.2857142857142857,4,14,4,4,0.279665470123291,0.7239685654640198,0.35
1155,False,choice,1.0,B,E,0.3529411764705882,0.75,0.23076923076923078,4,13,3,3,0.29994890093803406,0.5470931529998779,0.35
1156,False,placeholder,0.0,insufficient information,D,0.0,0.0,0.0,0,12,0,0,0.0,0.0,0.0
1157,False,exact,0.3,C) 24 cm,A,0.5,0.625,0.4166666666666667,8,12,5,5,0.2524884045124054,0.8062335848808289,0.35
1158,False,numeric_mismatch,0.0,45,9,0.375,0.75,0.25,4,12,3,3,0.2808733880519867,0.5587416887283325,0.35
1159,False,placeholder,0.0,insufficient information,A,0.0,0.0,0.0,0,14,0,0,0.0,0.0,0.0
1160,False,numeric_mismatch,0.0,80,160,0.5333333333333333,1.0,0.36363636363636365,4,11,4,4,0.33954182267189026,0.8307428956031799,0.35
1161,False,numeric_mismatch,0.0,12,3,0.35294117647058826,1.0,0.21428571428571427,3,14,3,3,0.4579915404319763,0.7898211479187012,0.35
1162,False,numeric_mismatch,0.0,64,12,0.5,1.0,0.3333333333333333,4,12,4,4,0.3016120493412018,0.6310209631919861,0.35
1163,False,numeric_mismatch,0.0,0,110,0.631578947368421,0.6666666666666666,0.6,9,10,6,6,0.32396459579467773,0.7597842812538147,0.35
1164,False,numeric_mismatch,0.0,31.5,21,0.5454545454545454,1.0,0.375,3,8,3,3,0.39034318923950195,0.826381266117096,0.35
1165,False,numeric_mismatch,0.0,4.5,18,0.5714285714285714,0.8571428571428571,0.42857142857142855,7,14,6,6,0.3375476002693176,0.7885231971740723,0.35
1166,False,exact,1.0,3a,E,0.5882352941176471,1.0,0.4166666666666667,5,12,5,5,0.40401989221572876,0.8341068029403687,0.35
1167,False,choice,1.0,B,A,0.0,0.0,0.0,3,12,0,0,0.21976441144943237,0.3443141579627991,0.35
1168,False,numeric_mismatch,0.0,5,4,0.75,0.75,0.75,12,12,9,9,0.3742378056049347,0.9068521857261658,0.35
1169,True,numeric_exact,1.0,6,6,0.4285714285714285,0.75,0.3,4,10,3,3,0.21541115641593933,0.4710025191307068,0.35
1170,True,exact,0.7,B) 1 and 10,B,0.35294117647058826,1.0,0.21428571428571427,3,14,3,3,0.3793739974498749,0.811960756778717,0.35
1171,False,numeric_mismatch,0.0,2,3,0.4615384615384615,1.0,0.3,3,10,3,3,0.27705949544906616,0.7857549786567688,0.35
1172,True,choice,1.0,D,D,0.11764705882352941,0.3333333333333333,0.07142857142857142,3,14,1,1,0.2108948528766632,0.5155489444732666,0.35
1173,True,exact,0.7,B) 5:05,B,0.47058823529411764,1.0,0.3076923076923077,4,13,4,4,0.39767199754714966,0.7201029062271118,0.35
1174,True,choice,1.0,E,E,0.4,1.0,0.25,3,12,3,3,0.31093770265579224,0.7115622162818909,0.35
1175,False,numeric_mismatch,0.0,40,64,0.5555555555555556,1.0,0.38461538461538464,5,13,5,5,0.28790605068206787,0.5049135684967041,0.35
1176,True,exact,0.7,B) Red,E,0.6666666666666666,1.0,0.5,7,14,7,7,0.38836008310317993,0.8720517158508301,0.35
1177,False,numeric_mismatch,0.0,8,63,0.5,1.0,0.3333333333333333,4,12,4,4,0.40516671538352966,0.8304398059844971,0.35
1178,False,exact,0.3,A) L and M,E,0.23529411764705882,0.4,0.16666666666666666,5,12,2,2,0.23635752499103546,0.7360941171646118,0.35
1179,False,numeric_mismatch,0.0,3100,500,0.125,0.3333333333333333,0.07692307692307693,3,13,1,1,0.18972952663898468,0.4280078113079071,0.35
1180,False,choice,1.0,E,A,0.631578947368421,0.8571428571428571,0.5,7,12,6,6,0.3317194879055023,0.7415364980697632,0.35
1181,False,numeric_mismatch,0.0,4,1,0.26666666666666666,0.6666666666666666,0.16666666666666666,3,12,2,2,0.25401172041893005,0.8743244409561157,0.35
1182,True,numeric_rounded,0.9,65,60,0.5714285714285715,1.0,0.4,4,10,4,4,0.2522929310798645,0.5795249938964844,0.35
1183,False,choice,1.0,A,B,0.4444444444444444,0.8,0.3076923076923077,5,13,4,4,0.3198751211166382,0.5950124263763428,0.35
1184,False,numeric_mismatch,0.0,x = 2,1,0.7368421052631579,1.0,0.5833333333333334,7,12,7,7,0.3350619673728943,0.7780494093894958,0.35
1185,False,numeric_mismatch,0.0,2,3,0.5,1.0,0.3333333333333333,4,12,4,4,0.36707401275634766,0.7172302603721619,0.35
1186,True,exact,0.7,D) The one 322 cm wide and weighing 4298 kg,D,0.6666666666666666,1.0,0.5,6,12,6,6,0.38269731402397156,0.6911943554878235,0.35
1187,False,numeric_mismatch,0.0,8.94,24,0.4166666666666667,0.7142857142857143,0.29411764705882354,7,17,5,5,0.2755361795425415,0.7069649696350098,0.35
1188,True,numeric_exact,1.0,3,3,0.5454545454545455,0.8571428571428571,0.4,7,15,6,6,0.32106250524520874,0.6383624076843262,0.35
1189,True,choice,1.0,E,E,0.5714285714285715,1.0,0.4,4,10,4,4,0.3409605622291565,0.6535817980766296,0.35
1190,False,choice,1.0,A,D,0.4,1.0,0.25,3,12,3,3,0.22311276197433472,0.4369015693664551,0.35
1191,False,numeric_mismatch,0.0,3,7,0.375,0.75,0.25,4,12,3,3,0.27564314007759094,0.6189371347427368,0.35
1192,False,choice,1.0,a,E,0.375,0.75,0.25,4,12,3,3,0.2207828313112259,0.4533577263355255,0.35
1193,True,choice,1.0,E,E,0.35294117647058826,1.0,0.21428571428571427,3,14,3,3,0.278407484292984,0.5926634669303894,0.35
1194,False,numeric_mismatch,0.0,60,90,0.47058823529411764,1.0,0.3076923076923077,4,13,4,4,0.31510356068611145,0.7305483818054199,0.35
1195,False,numeric_mismatch,0.0,2,2309415687,0.4,1.0,0.25,3,12,3,3,0.25804227590560913,0.5158964991569519,0.35
1196,False,choice,1.0,A,E,0.3157894736842105,0.6,0.21428571428571427,5,14,3,3,0.22047333419322968,0.5694104433059692,0.35
1197,False,numeric_mismatch,0.0,58 + 38 = 96,46,0.42857142857142855,1.0,0.2727272727272727,3,11,3,3,0.3108845353126526,0.7245585918426514,0.35
1198,False,choice,1.0,B,C,0.5882352941176471,1.0,0.4166666666666667,5,12,5,5,0.2984258234500885,0.5247842669487,0.35
1199,False,numeric_mismatch,0.0,8,26,0.35294117647058826,0.6,0.25,5,12,3,3,0.3063849210739136,0.8429886698722839,0.35
1200,False,numeric_mismatch,0.0,50,36,0.6666666666666666,1.0,0.5,6,12,6,6,0.4076063930988312,0.8770248293876648,0.35
1201,True,numeric_exact,1.0,4,4,0.8181818181818181,1.0,0.6923076923076923,9,13,9,9,0.3724028170108795,0.5986689329147339,0.35
1202,False,numeric_mismatch,0.0,30 grams,20,0.5,1.0,0.3333333333333333,4,12,4,4,0.29663148522377014,0.7010027170181274,0.35
1203,False,exact,0.3,"A) 1, 2 and 4",C,0.375,0.75,0.25,4,12,3,3,0.2555699646472931,0.551767110824585,0.35
1204,False,choice,1.0,E,C,0.6666666666666666,0.6666666666666666,0.6666666666666666,6,6,4,4,0.38927632570266724,0.7775798439979553,0.35
1205,False,choice,1.0,C,B,0.23529411764705882,0.5,0.15384615384615385,4,13,2,2,0.22121044993400574,0.431759774684906,0.35
1206,False,numeric_mismatch,0.0,3,5,0.22222222222222224,0.5,0.14285714285714285,4,14,2,2,0.10623036324977875,0.4840342104434967,0.35
1207,False,numeric_mismatch,0.0,27,17,0.7368421052631579,1.0,0.5833333333333334,7,12,7,7,0.41819995641708374,0.8635271191596985,0.35
1208,True,numeric_exact,1.0,12,12,0.5882352941176471,1.0,0.4166666666666667,5,12,5,5,0.5439651012420654,0.8063892722129822,0.35
1209,False,numeric_mismatch,0.0,40 white cells,65,0.5714285714285714,0.75,0.46153846153846156,8,13,6,6,0.2525375187397003,0.5116450190544128,0.35
1210,False,choice,1.0,A,E,0.6666666666666666,1.0,0.5,7,14,7,7,0.3749828040599823,0.7392277121543884,0.35
1211,True,numeric_exact,1.0,13,13,0.5555555555555556,1.0,0.38461538461538464,5,13,5,5,0.35767683386802673,0.9068740606307983,0.35
1212,False,numeric_mismatch,0.0,60,95,0.5454545454545454,1.0,0.375,3,8,3,3,0.2620213031768799,0.49528709053993225,0.35
1213,False,numeric_mismatch,0.0,10,8,0.6666666666666666,1.0,0.5,6,12,6,6,0.3364936113357544,0.8145328760147095,0.35
1214,False,numeric_mismatch,0.0,69,57,0.7000000000000001,0.875,0.5833333333333334,8,12,7,7,0.3773602545261383,0.7604899406433105,0.35
1215,False,choice,1.0,D,E,0.4444444444444444,0.8,0.3076923076923077,5,13,4,4,0.33030804991722107,0.7628349661827087,0.35
1216,False,choice,1.0,B,D,0.7368421052631579,1.0,0.5833333333333334,7,12,7,7,0.512226402759552,0.7850050330162048,0.35
1217,False,choice,1.0,A,D,0.4444444444444444,0.6666666666666666,0.3333333333333333,6,12,4,4,0.26635032892227173,0.459188312292099,0.35
1218,True,numeric_exact,1.0,8,8,0.64,0.8888888888888888,0.5,9,16,8,8,0.3402109742164612,0.7747804522514343,0.35
1219,False,numeric_mismatch,0.0,3,6,0.4,1.0,0.25,3,12,3,3,0.3544050455093384,0.6476548910140991,0.35
1220,False,placeholder,0.0,insufficient information,D,0.0,0.0,0.0,0,12,0,0,0.0,0.0,0.0
1221,True,exact,0.7,B) 1 and 5,D,0.625,1.0,0.45454545454545453,5,11,5,5,0.34577086567878723,0.643898606300354,0.35
1222,True,exact,0.7,B) In the circle and in the square but not in the triangle.,B,0.4,1.0,0.25,3,12,3,3,0.3675026297569275,0.837135374546051,0.35
1223,False,numeric_mismatch,0.0,2,6,0.5882352941176471,1.0,0.4166666666666667,5,12,5,5,0.34195026755332947,0.8446304798126221,0.35
1224,False,exact,0.3,B) 40 dm,C,0.7272727272727274,0.8888888888888888,0.6153846153846154,9,13,8,8,0.3566938638687134,0.9310510158538818,0.35
1225,False,numeric_mismatch,0.0,12,40,0.35294117647058826,0.6,0.25,5,12,3,3,0.21923960745334625,0.7466722726821899,0.35
1226,False,choice,1.0,C,E,0.23529411764705882,0.5,0.15384615384615385,4,13,2,2,0.20760752260684967,0.4444758892059326,0.35
1227,True,numeric_rounded,0.85,36,32,0.5555555555555556,1.0,0.38461538461538464,5,13,5,5,0.39275607466697693,0.6888875365257263,0.35
1228,False,choice,1.0,A,E,0.7000000000000001,1.0,0.5384615384615384,7,13,7,7,0.4424765110015869,0.7580086588859558,0.35
1229,False,numeric_mismatch,0.0,13,6,0.4615384615384615,1.0,0.3,3,10,3,3,0.4301118850708008,0.8112325668334961,0.35
1230,False,choice,1.0,B,E,0.47058823529411764,1.0,0.3076923076923077,4,13,4,4,0.3670210838317871,0.5960482954978943,0.35
1231,False,choice,1.0,D),E,0.375,1.0,0.23076923076923078,3,13,3,3,0.2533923089504242,0.7336083054542542,0.35
1232,True,choice,1.0,D),D,0.6,1.0,0.42857142857142855,3,7,3,3,0.3298267722129822,0.8256412744522095,0.35
1233,False,numeric_mismatch,0.0,3,2,0.4,1.0,0.25,3,12,3,3,0.44260913133621216,0.7750282883644104,0.35
1234,False,choice,1.0,A,B,0.375,0.42857142857142855,0.3333333333333333,7,9,3,3,0.2591802775859833,0.47363853454589844,0.35
1235,False,numeric_mismatch,0.0,4,2,0.5,1.0,0.3333333333333333,4,12,4,4,0.3616217076778412,0.7090957164764404,0.35
1236,False,numeric_mismatch,0.0,8,4,0.6666666666666666,1.0,0.5,6,12,6,6,0.48788323998451233,0.8726550936698914,0.35
1237,False,choice,1.0,B),C,0.3,0.6,0.2,5,15,3,3,0.2681746780872345,0.553861141204834,0.35
1238,True,numeric_exact,1.0,20,20,0.5882352941176471,1.0,0.4166666666666667,5,12,5,5,0.31176814436912537,0.716579258441925,0.35
1239,True,choice,1.0,C),C,0.35294117647058826,0.6,0.25,5,12,3,3,0.22370882332324982,0.5581594705581665,0.35
1240,False,choice,1.0,E,B,0.26666666666666666,0.6666666666666666,0.16666666666666666,3,12,2,2,0.27157527208328247,0.5059776306152344,0.35
1241,False,choice,1.0,D,B,0.5714285714285715,1.0,0.4,4,10,4,4,0.3186090290546417,0.606149435043335,0.35
1242,True,choice,1.0,C,C,0.25,0.6666666666666666,0.15384615384615385,3,13,2,2,0.23886382579803467,0.49546974897384644,0.35
1243,False,choice,1.0,B,E,0.4,1.0,0.25,3,12,3,3,0.44290947914123535,0.7893350124359131,0.35
1244,False,numeric_mismatch,0.0,The maximum number of pieces of cheese Ronnie can eat is 16.,37,0.23529411764705882,0.4,0.16666666666666666,5,12,2,2,0.22966055572032928,0.45036688446998596,0.35
1245,True,exact,0.7,C) 3 times,C,0.35294117647058826,1.0,0.21428571428571427,3,14,3,3,0.2914436161518097,0.7257246375083923,0.35
1246,False,choice,1.0,D),C,0.5882352941176471,1.0,0.4166666666666667,5,12,5,5,0.3243789076805115,0.7516934275627136,0.35
1247,False,numeric_mismatch,0.0,6,12,0.5,1.0,0.3333333333333333,4,12,4,4,0.4530929625034332,0.8573582768440247,0.35
1248,False,choice,1.0,A,D,0.38095238095238093,0.5714285714285714,0.2857142857142857,7,14,4,4,0.27583611011505127,0.4857867956161499,0.35
1249,False,numeric_mismatch,0.0,75,56,0.6153846153846153,0.6666666666666666,0.5714285714285714,12,14,8,8,0.3298550248146057,0.7238806486129761,0.35
1250,False,numeric_mismatch,0.0,11,16,0.6363636363636364,0.7777777777777778,0.5384615384615384,9,13,7,7,0.3837900459766388,0.8333715796470642,0.35
1251,True,numeric_exact,1.0,61,61,0.5882352941176471,1.0,0.4166666666666667,5,12,5,5,0.4937872886657715,0.8774449229240417,0.35
1252,False,choice,1.0,B,D,0.35294117647058826,1.0,0.21428571428571427,3,14,3,3,0.4219718277454376,0.7595040798187256,0.35
1253,True,numeric_exact,1.0,6,6,0.8235294117647058,1.0,0.7,7,10,7,7,0.5749832987785339,0.8806835412979126,0.35
1254,False,choice,1.0,(A),C,0.7499999999999999,1.0,0.6,6,10,6,6,0.3783385455608368,0.7757411003112793,0.35
1255,True,exact,0.7,Jake won. He had 4 points more.,E,0.5263157894736842,1.0,0.35714285714285715,5,14,5,5,0.2612382471561432,0.6871956586837769,0.35
1256,True,numeric_rounded,0.85,6,7,0.5,1.0,0.3333333333333333,4,12,4,4,0.4141748249530792,0.8018373847007751,0.35
1257,True,numeric_exact,1.0,4,4,0.5454545454545454,1.0,0.375,3,8,3,3,0.4537465572357178,0.7619903683662415,0.35
1258,False,choice,1.0,(A),D,0.631578947368421,0.8571428571428571,0.5,7,12,6,6,0.318321168422699,0.7232502698898315,0.35
1259,True,numeric_rounded,0.85,7,8,0.3333333333333333,0.75,0.21428571428571427,4,14,3,3,0.23698808252811432,0.589388370513916,0.35
1260,False,numeric_mismatch,0.0,17,4,0.7272727272727272,0.8,0.6666666666666666,10,12,8,8,0.4126228988170624,0.8621395230293274,0.35
1261,True,choice,1.0,E,E,0.4444444444444444,0.8,0.3076923076923077,5,13,4,4,0.21281595528125763,0.7001943588256836,0.35
1262,False,numeric_mismatch,0.0,4,5,0.375,0.75,0.25,4,12,3,3,0.5266013741493225,0.8037473559379578,0.35
1263,False,choice,1.0,E,D,0.4,1.0,0.25,3,12,3,3,0.32859504222869873,0.811320424079895,0.35
1264,False,choice,1.0,B,D,0.25,0.5,0.16666666666666666,4,12,2,2,0.1489189714193344,0.5692440867424011,0.35
1265,False,choice,1.0,D,A,0.2857142857142857,1.0,0.16666666666666666,2,12,2,2,0.3920012414455414,0.6628799438476562,0.35
1266,False,numeric_mismatch,0.0,16,7,0.631578947368421,0.8571428571428571,0.5,7,12,6,6,0.37877193093299866,0.771445095539093,0.35
1267,False,choice,1.0,D),B,0.375,0.75,0.25,4,12,3,3,0.2268771380186081,0.738823413848877,0.35
1268,False,numeric_mismatch,0.0,6,10,0.5,1.0,0.3333333333333333,4,12,4,4,0.31435635685920715,0.6916429996490479,0.35
1269,False,choice,1.0,E,B,0.26666666666666666,0.6666666666666666,0.16666666666666666,3,12,2,2,0.32662200927734375,0.640966534614563,0.35
1270,True,numeric_exact,1.0,16,16,0.375,1.0,0.23076923076923078,3,13,3,3,0.43435752391815186,0.6631901860237122,0.35
1271,False,numeric_mismatch,0.0,6,5,0.4615384615384615,1.0,0.3,3,10,3,3,0.3395397961139679,0.6931366920471191,0.35
1272,False,numeric_mismatch,0.0,18,67,0.7000000000000001,1.0,0.5384615384615384,7,13,7,7,0.4069502651691437,0.9302473068237305,0.35
1273,True,numeric_exact,1.0,4,4,0.2222222222222222,0.6666666666666666,0.13333333333333333,3,15,2,2,0.22919861972332,0.5932299494743347,0.35
1274,False,choice,1.0,E,D,0.4,1.0,0.25,3,12,3,3,0.3285266160964966,0.5626749396324158,0.35
1275,True,exact,0.7,"C) House 1, 4 and 5",A,0.5,1.0,0.3333333333333333,3,9,3,3,0.31229251623153687,0.5674009919166565,0.35
1276,False,choice,1.0,E,A,0.5,0.75,0.375,4,8,3,3,0.24713250994682312,0.6011301875114441,0.35
1277,True,choice,1.0,E,E,0.23529411764705882,0.5,0.15384615384615385,4,13,2,2,0.1706429421901703,0.6581001281738281,0.35
1278,True,choice,1.0,B,B,0.375,1.0,0.23076923076923078,3,13,3,3,0.3570925295352936,0.6344026327133179,0.35
1279,False,choice,1.0,B,C,0.47058823529411764,0.8,0.3333333333333333,5,12,4,4,0.34037619829177856,0.6679288148880005,0.35
1280,False,numeric_mismatch,0.0,4,8,0.4285714285714285,0.75,0.3,4,10,3,3,0.2823340892791748,0.7824061512947083,0.35
1281,False,exact,1.0,60,D,0.4761904761904762,0.5555555555555556,0.4166666666666667,9,12,5,5,0.18741685152053833,0.505713939666748,0.35
1282,False,choice,1.0,B,C,0.0,0.0,0.0,3,14,0,0,0.21051810681819916,0.34232521057128906,0.35
1283,False,numeric_mismatch,0.0,8,6,0.5,1.0,0.3333333333333333,4,12,4,4,0.4098951816558838,0.8221338391304016,0.35
1284,False,numeric_mismatch,0.0,80,181,0.23529411764705882,0.4,0.16666666666666666,5,12,2,2,0.27317237854003906,0.6118751764297485,0.35
1285,False,exact,0.3,B) ... be 3 or 4.,C,0.5,1.0,0.3333333333333333,4,12,4,4,0.30422264337539673,0.7390928864479065,0.35
1286,False,numeric_mismatch,0.0,6,3,0.375,0.75,0.25,4,12,3,3,0.2606324553489685,0.7810065746307373,0.35
1287,True,numeric_rounded,0.9,25,26,0.5,1.0,0.3333333333333333,4,12,4,4,0.448412150144577,0.8167209029197693,0.35
1288,True,exact,0.7,C) Carriage and Tram,A,0.5,1.0,0.3333333333333333,4,12,4,4,0.2557738721370697,0.562611997127533,0.35
1289,False,numeric_mismatch,0.0,9,5,0.4,1.0,0.25,3,12,3,3,0.32700681686401367,0.6703603267669678,0.35
1290,False,numeric_mismatch,0.0,8,21,0.47058823529411764,1.0,0.3076923076923077,4,13,4,4,0.3292994201183319,0.7364903092384338,0.35
1291,False,numeric_mismatch,0.0,5,8,0.35294117647058826,1.0,0.21428571428571427,3,14,3,3,0.41856884956359863,0.855306088924408,0.35
1292,False,numeric_mismatch,0.0,10,15,0.11764705882352941,0.25,0.07692307692307693,4,13,1,1,0.1394161581993103,0.43431994318962097,0.35
1293,True,choice,1.0,A,A,0.47058823529411764,1.0,0.3076923076923077,4,13,4,4,0.44841983914375305,0.8665540218353271,0.35
1294,True,choice,1.0,B,B,0.47058823529411764,1.0,0.3076923076923077,4,13,4,4,0.24334630370140076,0.8055734634399414,0.35
1295,False,numeric_mismatch,0.0,3,6,0.26666666666666666,0.6666666666666666,0.16666666666666666,3,12,2,2,0.24631322920322418,0.4607974588871002,0.35
1296,False,choice,1.0,B,A,0.5,0.75,0.375,4,8,3,3,0.29747092723846436,0.8374409079551697,0.35
1297,False,choice,1.0,B),E,0.25,1.0,0.14285714285714285,2,14,2,2,0.28247249126434326,0.605507493019104,0.35
1298,True,numeric_exact,1.0,6,6,0.2666666666666667,1.0,0.15384615384615385,2,13,2,2,0.560859203338623,0.7354447245597839,0.35
1299,True,numeric_exact,1.0,6,6,0.5,1.0,0.3333333333333333,4,12,4,4,0.3449349105358124,0.7171136736869812,0.35
1300,False,numeric_mismatch,0.0,9,13,0.47058823529411764,1.0,0.3076923076923077,4,13,4,4,0.3058951199054718,0.8015627861022949,0.35
1301,True,choice,1.0,D,D,0.26666666666666666,0.4,0.2,5,10,2,2,0.19136090576648712,0.46769005060195923,0.35
1302,False,numeric_mismatch,0.0,4,6,0.47058823529411764,1.0,0.3076923076923077,4,13,4,4,0.3295162320137024,0.7300571203231812,0.35
1303,True,numeric_exact,1.0,21,21,0.8,1.0,0.6666666666666666,8,12,8,8,0.34674105048179626,0.9021564722061157,0.35
1304,False,numeric_mismatch,0.0,6,15,0.47058823529411764,1.0,0.3076923076923077,4,13,4,4,0.4416614770889282,0.7336410284042358,0.35
1305,False,numeric_mismatch,0.0,12,8,0.5882352941176471,1.0,0.4166666666666667,5,12,5,5,0.3745455741882324,0.8019623160362244,0.35
1306,False,numeric_mismatch,0.0,3,9,0.35294117647058826,1.0,0.21428571428571427,3,14,3,3,0.3341068923473358,0.8239150047302246,0.35
1307,False,choice,1.0,B,A,0.31578947368421056,0.75,0.2,4,15,3,3,0.2638699412345886,0.5982268452644348,0.35
1308,False,choice,1.0,E,B,0.7058823529411764,1.0,0.5454545454545454,6,11,6,6,0.5153794288635254,0.8482755422592163,0.35
1309,False,numeric_mismatch,0.0,4,3,0.47058823529411764,1.0,0.3076923076923077,4,13,4,4,0.37887275218963623,0.7055560350418091,0.35
1310,False,numeric_mismatch,0.0,2,8,0.5,1.0,0.3333333333333333,4,12,4,4,0.35452941060066223,0.7068490386009216,0.35
1311,False,exact,0.3,D) Doris,E,0.35294117647058826,0.6,0.25,5,12,3,3,0.2188967615365982,0.5224201679229736,0.35
1312,False,numeric_mismatch,0.0,28,24,0.5,1.0,0.3333333333333333,3,9,3,3,0.2602058947086334,0.6338868737220764,0.35
1313,False,choice,1.0,D,A,0.5,1.0,0.3333333333333333,4,12,4,4,0.36718443036079407,0.6422086954116821,0.35
1314,False,choice,1.0,(A),D,0.5,1.0,0.3333333333333333,4,12,4,4,0.2617522180080414,0.6205306649208069,0.35
1315,False,exact,1.0,triangle,A,0.5,1.0,0.3333333333333333,3,9,3,3,0.3430245816707611,0.6692766547203064,0.35
1316,True,exact,0.7,There are twice as many circles as triangles.,C,0.33333333333333337,1.0,0.2,3,15,3,3,0.3648320138454437,0.6947840452194214,0.35
1317,False,numeric_mismatch,0.0,8,4,0.35294117647058826,0.6,0.25,5,12,3,3,0.2620869576931,0.6758277416229248,0.35
1318,False,choice,1.0,C,B,0.4210526315789474,1.0,0.26666666666666666,4,15,4,4,0.3959202766418457,0.6368436217308044,0.35
1319,False,numeric_mismatch,0.0,0,3,0.7142857142857143,1.0,0.5555555555555556,5,9,5,5,0.6883838176727295,0.8641743063926697,0.35
1320,False,numeric_mismatch,0.0,3,4,0.35294117647058826,1.0,0.21428571428571427,3,14,3,3,0.3751348853111267,0.733084499835968,0.35
1321,False,numeric_mismatch,0.0,8,5,0.5,1.0,0.3333333333333333,4,12,4,4,0.29154476523399353,0.7107890248298645,0.35
1322,False,choice,1.0,D,A,0.375,0.75,0.25,4,12,3,3,0.35308322310447693,0.7518718242645264,0.35
1323,True,exact,0.7,D) between bowls S and T,B,0.375,1.0,0.23076923076923078,3,13,3,3,0.3795810341835022,0.7001398205757141,0.35
1324,False,choice,1.0,B,E,0.5263157894736842,1.0,0.35714285714285715,5,14,5,5,0.46404528617858887,0.830692708492279,0.35
1325,False,exact,0.3,D) David,B,0.5555555555555556,1.0,0.38461538461538464,5,13,5,5,0.2662299573421478,0.7052897214889526,0.35
1326,True,choice,1.0,(D),D,0.28571428571428575,0.5,0.2,4,10,2,2,0.22404932975769043,0.4286826252937317,0.35
1327,False,numeric_mismatch,0.0,6,12,0.26666666666666666,0.6666666666666666,0.16666666666666666,3,12,2,2,0.2515154480934143,0.7135395407676697,0.35
1328,True,exact,0.7,E) (E),E,0.4,1.0,0.25,3,12,3,3,0.36944130063056946,0.726745069026947,0.35
1329,False,exact,0.3,D) (D),C,0.2666666666666667,1.0,0.15384615384615385,2,13,2,2,0.2666928172111511,0.5646873116493225,0.35
1330,True,numeric_exact,1.0,3,3,0.5,1.0,0.3333333333333333,4,12,4,4,0.35815906524658203,0.6346070170402527,0.35
1331,True,numeric_rounded,0.85,14,16,0.0,0.0,0.0,4,11,0,0,0.19526948034763336,0.3383387327194214,0.35
1332,False,choice,1.0,E,A,0.5714285714285714,0.8,0.4444444444444444,5,9,4,4,0.2981531023979187,0.6499691605567932,0.35
1333,False,choice,1.0,B,E,0.35294117647058826,0.6,0.25,5,12,3,3,0.2189679592847824,0.7144984602928162,0.35
1334,False,numeric_mismatch,0.0,19,15,0.47058823529411764,0.8,0.3333333333333333,5,12,4,4,0.37231600284576416,0.6284282803535461,0.35
1335,False,choice,1.0,B,C,0.375,1.0,0.23076923076923078,3,13,3,3,0.25100046396255493,0.5184869766235352,0.35
1336,False,choice,1.0,C,A,0.4,1.0,0.25,3,12,3,3,0.2571004629135132,0.6868963837623596,0.35
1337,True,numeric_rounded,0.85,10,9,0.30769230769230765,0.3333333333333333,0.2857142857142857,6,7,2,2,0.2407844364643097,0.673864483833313,0.35
1338,False,numeric_mismatch,0.0,7,5,0.33333333333333337,1.0,0.2,2,10,2,2,0.2634958326816559,0.5632666945457458,0.35
1339,False,choice,1.0,D,A,0.6956521739130436,1.0,0.5333333333333333,8,15,8,8,0.3807556927204132,0.8564467430114746,0.35
1340,False,numeric_mismatch,0.0,Eric gets 2 bags.,19,0.5263157894736842,1.0,0.35714285714285715,5,14,5,5,0.3310188353061676,0.8144813776016235,0.35
1341,True,numeric_exact,1.0,2,2,0.47619047619047616,1.0,0.3125,5,16,5,5,0.369401752948761,0.7013405561447144,0.35
1342,False,numeric_mismatch,0.0,3,5,0.4,1.0,0.25,3,12,3,3,0.3587435781955719,0.8645347356796265,0.35
1343,False,numeric_mismatch,0.0,3,6,0.4,1.0,0.25,3,12,3,3,0.3899309039115906,0.7658257484436035,0.35
1344,True,numeric_exact,1.0,5,5,0.6,1.0,0.42857142857142855,3,7,3,3,0.37269726395606995,0.6442521810531616,0.35
1345,False,numeric_mismatch,0.0,8,6,0.5,1.0,0.3333333333333333,4,12,4,4,0.37171247601509094,0.674362063407898,0.35
1346,False,choice,1.0,C,D,0.37499999999999994,0.6,0.2727272727272727,5,11,3,3,0.24320842325687408,0.6926800012588501,0.35
1347,False,choice,1.0,E,D,0.33333333333333337,1.0,0.2,3,15,3,3,0.3903064727783203,0.5995746850967407,0.35
1348,False,numeric_mismatch,0.0,6,5,0.4,1.0,0.25,3,12,3,3,0.3471115827560425,0.758578360080719,0.35
1349,False,numeric_mismatch,0.0,6,4,0.25,0.6666666666666666,0.15384615384615385,3,13,2,2,0.21938522160053253,0.6733381152153015,0.35
1350,True,numeric_rounded,0.85,18,21,0.4,1.0,0.25,3,12,3,3,0.30172500014305115,0.6190731525421143,0.35
1351,False,choice,1.0,B,A,0.5,1.0,0.3333333333333333,4,12,4,4,0.40798258781433105,0.8356916904449463,0.35
1352,False,numeric_mismatch,0.0,3,6,0.3,0.5,0.21428571428571427,6,14,3,3,0.2311391532421112,0.5584976673126221,0.35
1353,False,choice,1.0,C,E,0.22222222222222224,0.5,0.14285714285714285,4,14,2,2,0.23184768855571747,0.5061511993408203,0.35
1354,False,exact,0.3,A) Monday,E,0.5,1.0,0.3333333333333333,4,12,4,4,0.36458539962768555,0.7017508745193481,0.35
1355,False,numeric_mismatch,0.0,6,4,0.88,1.0,0.7857142857142857,11,14,11,11,0.330057293176651,0.8139739036560059,0.35
1356,False,exact,0.3,B) 23 km,D,0.5555555555555556,1.0,0.38461538461538464,5,13,5,5,0.3615145981311798,0.7943667769432068,0.35
1357,False,numeric_mismatch,0.0,4,8,0.47058823529411764,1.0,0.3076923076923077,4,13,4,4,0.4263627827167511,0.9032643437385559,0.35
1358,False,numeric_mismatch,0.0,3,77,0.375,1.0,0.23076923076923078,3,13,3,3,0.4509555995464325,0.7704343199729919,0.35
1359,False,choice,1.0,B,D,0.6666666666666666,1.0,0.5,5,10,5,5,0.36284369230270386,0.6565267443656921,0.35
1360,False,choice,1.0,C,A,0.5,1.0,0.3333333333333333,3,9,3,3,0.37438586354255676,0.674243688583374,0.35
1361,False,exact,0.3,4 cm,B,0.4,1.0,0.25,3,12,3,3,0.33143147826194763,0.6993308663368225,0.35
1362,False,choice,1.0,D,B,0.4,1.0,0.25,3,12,3,3,0.3763011395931244,0.7721225619316101,0.35
1363,True,exact,0.7,E) the numbers 1 or 7,E,0.5555555555555556,1.0,0.38461538461538464,5,13,5,5,0.3211436867713928,0.7237018346786499,0.35
1364,True,choice,1.0,C,C,0.5,0.7142857142857143,0.38461538461538464,7,13,5,5,0.25398051738739014,0.5704442262649536,0.35
1365,False,numeric_mismatch,0.0,3,5,0.5454545454545454,1.0,0.375,3,8,3,3,0.39552173018455505,0.6711110472679138,0.35
1366,False,choice,1.0,E,C,0.5,1.0,0.3333333333333333,4,12,4,4,0.36100125312805176,0.6661362648010254,0.35
1367,False,choice,1.0,C,D,0.3529411764705882,0.75,0.23076923076923078,4,13,3,3,0.20747146010398865,0.5965684056282043,0.35
1368,False,choice,1.0,B,A,0.2222222222222222,0.3333333333333333,0.16666666666666666,6,12,2,2,0.25193077325820923,0.44801709055900574,0.35
1369,False,choice,1.0,E,B,0.4210526315789473,0.8,0.2857142857142857,5,14,4,4,0.30096435546875,0.5089293718338013,0.35
1370,False,choice,1.0,E,D,0.5555555555555556,0.8333333333333334,0.4166666666666667,6,12,5,5,0.2970609664916992,0.6026900410652161,0.35
1371,False,numeric_mismatch,0.0,6,5,0.0,0.0,0.0,3,12,0,0,0.14122267067432404,0.32945138216018677,0.35
1372,False,numeric_mismatch,0.0,19,16,0.7368421052631579,1.0,0.5833333333333334,7,12,7,7,0.38233712315559387,0.8854436278343201,0.35
1373,False,numeric_mismatch,0.0,5,3,0.6153846153846153,1.0,0.4444444444444444,4,9,4,4,0.3848792016506195,0.7249161005020142,0.35
1374,False,exact,0.3,1600 g,D,0.5882352941176471,1.0,0.4166666666666667,5,12,5,5,0.35534900426864624,0.6556095480918884,0.35
1375,False,exact,0.3,D) 10 kg,E,0.5882352941176471,0.8333333333333334,0.45454545454545453,6,11,5,5,0.2858240604400635,0.6317321062088013,0.35
1376,False,exact,0.3,either 0 or 1,A,0.6,1.0,0.42857142857142855,6,14,6,6,0.3686465620994568,0.7736758589744568,0.35
1377,False,exact,0.3,A) 150 g,D,0.5714285714285715,1.0,0.4,4,10,4,4,0.47843050956726074,0.9427451491355896,0.35
1378,True,exact,0.7,D) 11 Taler,D,0.14285714285714285,0.5,0.08333333333333333,2,12,1,1,0.24074560403823853,0.7883639335632324,0.35
1379,False,numeric_mismatch,0.0,1,6,0.6,1.0,0.42857142857142855,3,7,3,3,0.4552021920681,0.7064844369888306,0.35
1380,False,numeric_mismatch,0.0,83,44,0.6666666666666666,1.0,0.5,6,12,6,6,0.34962233901023865,0.7557818293571472,0.35
1381,False,choice,1.0,E,C,0.375,1.0,0.23076923076923078,3,13,3,3,0.3253946900367737,0.620380163192749,0.35
1382,False,numeric_mismatch,0.0,5,3,0.26666666666666666,0.6666666666666666,0.16666666666666666,3,12,2,2,0.3814249634742737,0.7364538908004761,0.35
1383,False,exact,0.3,B) 77 m,E,0.11764705882352941,0.2,0.08333333333333333,5,12,1,1,0.20489278435707092,0.7363638877868652,0.35
1384,False,exact,0.3,B) 2-3-4-5-1,A,0.4,0.5,0.3333333333333333,6,9,3,3,0.2438286542892456,0.6029452085494995,0.35
1385,False,choice,1.0,B,C,0.3,1.0,0.17647058823529413,3,17,3,3,0.43294671177864075,0.6499103903770447,0.35
1386,False,choice,1.0,B,C,0.47058823529411764,0.5,0.4444444444444444,8,9,4,4,0.2718981206417084,0.5778666734695435,0.35
1387,False,exact,0.3,D) 20,E,0.2666666666666667,1.0,0.15384615384615385,2,13,2,2,0.3457452356815338,0.5858744382858276,0.35
1388,False,numeric_mismatch,0.0,1,8,0.5,1.0,0.3333333333333333,4,12,4,4,0.33478209376335144,0.6246032118797302,0.35
1389,False,choice,1.0,B,C,0.33333333333333337,0.6,0.23076923076923078,5,13,3,3,0.24437882006168365,0.5488195419311523,0.35
1390,False,numeric_mismatch,0.0,7,3,0.35294117647058826,1.0,0.21428571428571427,3,14,3,3,0.40429091453552246,0.6587056517601013,0.35
1391,False,choice,1.0,A,B,0.38095238095238093,0.5714285714285714,0.2857142857142857,7,14,4,4,0.25579115748405457,0.4227463901042938,0.35
1392,False,numeric_mismatch,0.0,18,6,0.5714285714285714,0.75,0.46153846153846156,8,13,6,6,0.2428005337715149,0.6337409019470215,0.35
1393,True,numeric_exact,1.0,5,5,0.7000000000000001,0.875,0.5833333333333334,8,12,7,7,0.3589661121368408,0.7073407769203186,0.35
1394,False,numeric_mismatch,0.0,8,6.5,0.5333333333333333,1.0,0.36363636363636365,4,11,4,4,0.37971031665802,0.9181044697761536,0.35
1395,False,numeric_mismatch,0.0,4,1,0.5555555555555556,0.8333333333333334,0.4166666666666667,6,12,5,5,0.34296154975891113,0.7882047295570374,0.35
1396,False,choice,1.0,D,A,0.6153846153846153,1.0,0.4444444444444444,4,9,4,4,0.2483588010072708,0.5584717392921448,0.35
1397,False,numeric_mismatch,0.0,53,76,0.4444444444444444,0.8,0.3076923076923077,5,13,4,4,0.317719429731369,0.8382890820503235,0.35
1398,False,numeric_mismatch,0.0,9,12,0.375,1.0,0.23076923076923078,3,13,3,3,0.5637038946151733,0.9393220543861389,0.35
1399,False,choice,1.0,D,A,0.631578947368421,0.8571428571428571,0.5,7,12,6,6,0.30419594049453735,0.6039090156555176,0.35
1400,False,numeric_mismatch,0.0,12,18,0.5,1.0,0.3333333333333333,4,12,4,4,0.36354735493659973,0.7445134520530701,0.35
1401,False,numeric_mismatch,0.0,16,20,0.625,1.0,0.45454545454545453,5,11,5,5,0.38014352321624756,0.7773315906524658,0.35
1402,False,numeric_mismatch,0.0,3,12,0.4444444444444445,1.0,0.2857142857142857,4,14,4,4,0.3720470070838928,0.8463754057884216,0.35
1403,True,numeric_rounded,0.9,19,18,0.35294117647058826,1.0,0.21428571428571427,3,14,3,3,0.45336461067199707,0.7693548202514648,0.35
1404,False,choice,1.0,E,C,0.6666666666666666,1.0,0.5,6,12,6,6,0.40567564964294434,0.7104140520095825,0.35
1405,False,numeric_mismatch,0.0,2,6,0.25,1.0,0.14285714285714285,2,14,2,2,0.2331634759902954,0.5789599418640137,0.35
1406,False,numeric_mismatch,0.0,6,15,0.375,1.0,0.23076923076923078,3,13,3,3,0.22503623366355896,0.6280109286308289,0.35
1407,True,choice,1.0,B),B,0.21052631578947364,0.4,0.14285714285714285,5,14,2,2,0.18951888382434845,0.6403138637542725,0.35
1408,False,choice,1.0,C,E,0.375,1.0,0.23076923076923078,3,13,3,3,0.20917046070098877,0.6705297827720642,0.35
1409,False,numeric_mismatch,0.0,30,48,0.14285714285714285,0.5,0.08333333333333333,2,12,1,1,0.23280833661556244,0.6846162676811218,0.35
1410,False,numeric_mismatch,0.0,7 kg,5,0.6666666666666666,1.0,0.5,5,10,5,5,0.3306894302368164,0.7130416631698608,0.35
1411,False,choice,1.0,D,A,0.6666666666666667,0.875,0.5384615384615384,8,13,7,7,0.3683423697948456,0.8149971961975098,0.35
1412,False,choice,1.0,(A),E,0.5,1.0,0.3333333333333333,4,12,4,4,0.4025324285030365,0.7178743481636047,0.35
1413,False,choice,1.0,C),E,0.5,1.0,0.3333333333333333,4,12,4,4,0.3446703851222992,0.7427904009819031,0.35
1414,True,choice,1.0,C,C,0.5,1.0,0.3333333333333333,4,12,4,4,0.2643633186817169,0.6454086303710938,0.35
1415,False,numeric_mismatch,0.0,32,20,0.3529411764705882,0.75,0.23076923076923078,4,13,3,3,0.299515962600708,0.6502362489700317,0.35
1416,False,choice,1.0,C),B,0.3,1.0,0.17647058823529413,3,17,3,3,0.41655176877975464,0.7915202975273132,0.35
1417,False,numeric_mismatch,0.0,Square 3,4,0.47619047619047616,1.0,0.3125,5,16,5,5,0.3493393361568451,0.7035478949546814,0.35
1418,False,choice,1.0,D,E,0.11764705882352941,0.25,0.07692307692307693,4,13,1,1,0.1396581530570984,0.5223531126976013,0.35
1419,True,numeric_rounded,0.85,6,7,0.4,1.0,0.25,3,12,3,3,0.3203080892562866,0.6498720645904541,0.35
1420,False,numeric_mismatch,0.0,9,3,0.5555555555555556,1.0,0.38461538461538464,5,13,5,5,0.3914200961589813,0.7559563517570496,0.35
1421,True,exact,0.7,E) 1 and 4,E,0.375,1.0,0.23076923076923078,3,13,3,3,0.3839143216609955,0.877751886844635,0.35
1422,False,numeric_mismatch,0.0,8,6,0.47058823529411764,1.0,0.3076923076923077,4,13,4,4,0.346299946308136,0.5802666544914246,0.35
1423,True,exact,0.7,B) 2 squares,A,0.5,1.0,0.3333333333333333,4,12,4,4,0.4290262758731842,0.736991286277771,0.35
1424,False,exact,0.3,D) \rightarrow \rightarrow \downarrow \downarrow \downarrow \downarrow,E,0.4,0.6666666666666666,0.2857142857142857,3,7,2,2,0.23295007646083832,0.6124733090400696,0.35
1425,False,choice,1.0,D,C,0.6153846153846153,1.0,0.4444444444444444,4,9,4,4,0.45503151416778564,0.8134196400642395,0.35
1426,False,choice,1.0,E,B,0.5,1.0,0.3333333333333333,4,12,4,4,0.26434752345085144,0.6413549184799194,0.35
1427,False,numeric_mismatch,0.0,8,12,0.5882352941176471,1.0,0.4166666666666667,5,12,5,5,0.2849116027355194,0.6992003321647644,0.35
1428,False,choice,1.0,C,D,0.5,1.0,0.3333333333333333,4,12,4,4,0.28062736988067627,0.6596799492835999,0.35
1429,False,choice,1.0,D,C,0.26666666666666666,0.6666666666666666,0.16666666666666666,3,12,2,2,0.25421255826950073,0.4378964304924011,0.35
1430,True,exact,0.7,"B) 2,1,3,5,4",B,0.375,1.0,0.23076923076923078,3,13,3,3,0.43292325735092163,0.8582761883735657,0.35
1431,False,exact,0.3,E) 6 and 10,C,0.5,1.0,0.3333333333333333,5,15,5,5,0.32655560970306396,0.7822537422180176,0.35
1432,False,numeric_mismatch,0.0,Mosif needs to change the number 7 in the second row and second column to make the sums of the rows and columns equal.,3,0.4444444444444444,0.6666666666666666,0.3333333333333333,6,12,4,4,0.3234540820121765,0.5676084160804749,0.35
1433,False,numeric_mismatch,0.0,8,32,0.5714285714285715,1.0,0.4,4,10,4,4,0.3546028435230255,0.8449711203575134,0.35
1434,False,exact,0.3,"B) 14,16,21,23",C,0.7692307692307692,0.9090909090909091,0.6666666666666666,11,15,10,10,0.2947334051132202,0.6425131559371948,0.35
1435,True,choice,1.0,A,A,0.631578947368421,1.0,0.46153846153846156,6,13,6,6,0.359043151140213,0.8817889094352722,0.35
1436,False,numeric_mismatch,0.0,6,3,0.5333333333333333,1.0,0.36363636363636365,4,11,4,4,0.3966265618801117,0.7350468635559082,0.35
1437,False,choice,1.0,E,A,0.4,1.0,0.25,3,12,3,3,0.21714569628238678,0.5687214732170105,0.35
1438,False,exact,0.3,B) 60 cm,E,0.7500000000000001,0.8181818181818182,0.6923076923076923,11,13,9,9,0.32183438539505005,0.6664552688598633,0.35
1439,True,exact,0.7,C) 1 and 5,C,0.47058823529411764,0.8,0.3333333333333333,5,12,4,4,0.2501387298107147,0.8212319612503052,0.35
1440,True,numeric_exact,1.0,3,3,0.4761904761904762,0.5555555555555556,0.4166666666666667,9,12,5,5,0.24242271482944489,0.6326479911804199,0.35
1441,False,numeric_mismatch,0.0,9,11,0.2857142857142857,1.0,0.16666666666666666,2,12,2,2,0.30831006169319153,0.6979956030845642,0.35
1442,False,numeric_mismatch,0.0,40,12,0.2857142857142857,1.0,0.16666666666666666,2,12,2,2,0.3761441707611084,0.6366575360298157,0.35
1443,False,choice,1.0,E,D,0.6666666666666666,1.0,0.5,5,10,5,5,0.468252956867218,0.8272064924240112,0.35
1444,True,numeric_rounded,0.9,5.5,5,0.26666666666666666,0.6666666666666666,0.16666666666666666,3,12,2,2,0.24761316180229187,0.47086814045906067,0.35
1445,True,exact,0.7,C) 5 and 9,C,0.5333333333333333,1.0,0.36363636363636365,4,11,4,4,0.27847278118133545,0.6999208927154541,0.35
1446,False,exact,0.3,B) 1 and 3,E,0.35294117647058826,0.6,0.25,5,12,3,3,0.2915286719799042,0.547064483165741,0.35
1447,False,numeric_mismatch,0.0,6,8,0.16666666666666666,0.25,0.125,4,8,1,1,0.164700448513031,0.3512026071548462,0.35
1448,False,choice,1.0,B,A,0.4,1.0,0.25,3,12,3,3,0.350501149892807,0.680741548538208,0.35
1449,False,numeric_mismatch,0.0,6,4,0.5882352941176471,0.8333333333333334,0.45454545454545453,6,11,5,5,0.3468088209629059,0.6904474496841431,0.35
1450,False,choice,1.0,B,E,0.4210526315789474,1.0,0.26666666666666666,4,15,4,4,0.4033706784248352,0.6286600828170776,0.35
1451,False,choice,1.0,C,E,0.4210526315789474,0.5714285714285714,0.3333333333333333,7,12,4,4,0.2567468285560608,0.6374189257621765,0.35
1452,False,exact,0.3,D) 4 kg,A,0.2666666666666667,1.0,0.15384615384615385,2,13,2,2,0.4725605547428131,0.7500386238098145,0.35
1453,True,exact,0.7,B) 1 and 3,D,0.4444444444444445,1.0,0.2857142857142857,4,14,4,4,0.33661848306655884,0.6556599140167236,0.35
1454,False,numeric_mismatch,0.0,3,4,0.2666666666666667,1.0,0.15384615384615385,2,13,2,2,0.4729045629501343,0.892181932926178,0.35
1455,False,numeric_mismatch,0.0,5,3,0.5882352941176471,1.0,0.4166666666666667,5,12,5,5,0.5051359534263611,0.8073479533195496,0.35
1456,True,numeric_exact,1.0,3,3,0.6,0.75,0.5,8,12,6,6,0.3005293905735016,0.6417309045791626,0.35
1457,True,numeric_exact,1.0,4,4,0.3333333333333333,0.75,0.21428571428571427,4,14,3,3,0.26179105043411255,0.6231034994125366,0.35
1458,False,exact,0.3,B) B,D,0.8,1.0,0.6666666666666666,8,12,8,8,0.4154601991176605,0.8644786477088928,0.35
1459,True,choice,1.0,B,B,0.375,1.0,0.23076923076923078,3,13,3,3,0.3368479013442993,0.6073930263519287,0.35
1460,False,choice,1.0,C,D,0.47058823529411764,0.8,0.3333333333333333,5,12,4,4,0.2609165906906128,0.642564058303833,0.35
1461,False,numeric_mismatch,0.0,10,4,0.631578947368421,1.0,0.46153846153846156,6,13,6,6,0.4028615355491638,0.826082170009613,0.35
1462,True,exact,0.7,B) RSR,B,0.5555555555555556,1.0,0.38461538461538464,5,13,5,5,0.31154754757881165,0.7922675013542175,0.35
1463,False,numeric_mismatch,0.0,6,4,0.5555555555555556,1.0,0.38461538461538464,5,13,5,5,0.4052516520023346,0.8584375381469727,0.35
1464,False,choice,1.0,D,E,0.375,1.0,0.23076923076923078,3,13,3,3,0.3303016424179077,0.6619542241096497,0.35
1465,True,numeric_rounded,0.9,X = 9,10,0.4,1.0,0.25,3,12,3,3,0.32708701491355896,0.845154881477356,0.35
1466,False,numeric_mismatch,0.0,36,11,0.2857142857142857,1.0,0.16666666666666666,2,12,2,2,0.476778507232666,0.6438173055648804,0.35
1467,False,numeric_mismatch,0.0,18,22,0.4444444444444445,1.0,0.2857142857142857,4,14,4,4,0.508065402507782,0.8684558272361755,0.35
1468,True,numeric_exact,1.0,25,25,0.8,1.0,0.6666666666666666,8,12,8,8,0.41708922386169434,0.7543906569480896,0.35
1469,False,numeric_mismatch,0.0,1600,400,0.6666666666666666,1.0,0.5,7,14,7,7,0.4428161680698395,0.8092173933982849,0.35
1470,False,numeric_mismatch,0.0,1,4,0.4,1.0,0.25,3,12,3,3,0.32051125168800354,0.7747819423675537,0.35
1471,False,exact,0.3,B) 2 and 4,C,0.4444444444444445,1.0,0.2857142857142857,4,14,4,4,0.2913876473903656,0.5267527103424072,0.35
1472,False,choice,1.0,E,B,0.1,0.25,0.0625,4,16,1,1,0.173544779419899,0.4231097400188446,0.35
1473,False,numeric_mismatch,0.0,100√2,10100,0.5,0.8333333333333334,0.35714285714285715,6,14,5,5,0.2686237692832947,0.6549265384674072,0.35
1474,True,numeric_exact,1.0,7,7,0.25,0.5,0.16666666666666666,4,12,2,2,0.25077804923057556,0.6853858828544617,0.35
1475,False,numeric_mismatch,0.0,75,45,0.5882352941176471,1.0,0.4166666666666667,5,12,5,5,0.3576641380786896,0.7965744137763977,0.35
1476,False,numeric_mismatch,0.0,2,3,0.5882352941176471,1.0,0.4166666666666667,5,12,5,5,0.44681885838508606,0.7255939245223999,0.35
1477,False,choice,1.0,B,D,0.35294117647058826,0.6,0.25,5,12,3,3,0.2693772614002228,0.6304696798324585,0.35
1478,False,numeric_mismatch,0.0,5,32,0.375,1.0,0.23076923076923078,3,13,3,3,0.39152687788009644,0.8862676620483398,0.35
1479,False,numeric_mismatch,0.0,3,6,0.13333333333333333,0.3333333333333333,0.08333333333333333,3,12,1,1,0.2327413260936737,0.47915390133857727,0.35
1480,True,numeric_exact,1.0,2,2,0.631578947368421,1.0,0.46153846153846156,6,13,6,6,0.40635058283805847,0.6803678870201111,0.35
1481,True,choice,1.0,E,E,0.6666666666666666,1.0,0.5,6,12,6,6,0.3314436674118042,0.5584078431129456,0.35
1482,False,numeric_mismatch,0.0,90,35,0.1,0.16666666666666666,0.07142857142857142,6,14,1,1,0.16676512360572815,0.5202986598014832,0.35
1483,True,exact,0.7,C) \(\frac{1}{6}\),A,0.5,1.0,0.3333333333333333,4,12,4,4,0.32130613923072815,0.696528434753418,0.35
1484,False,numeric_mismatch,0.0,1,128,0.11111111111111112,0.25,0.07142857142857142,4,14,1,1,0.1882353574037552,0.4351460933685303,0.35
1485,True,numeric_exact,1.0,1775,1775,0.5882352941176471,1.0,0.4166666666666667,5,12,5,5,0.4360620379447937,0.7632998824119568,0.35
1486,False,exact,0.3,48 cm,D,0.5,1.0,0.3333333333333333,4,12,4,4,0.31303396821022034,0.7336190342903137,0.35
1487,False,numeric_mismatch,0.0,3,2,0.7272727272727274,0.8888888888888888,0.6153846153846154,9,13,8,8,0.35093483328819275,0.7254327535629272,0.35
1488,False,exact,0.3,B) 6 m²,C,0.6,1.0,0.42857142857142855,6,14,6,6,0.4207649827003479,0.8544067740440369,0.35
1489,True,numeric_exact,1.0,3,3,0.6666666666666666,1.0,0.5,3,6,3,3,0.4266371428966522,0.7568220496177673,0.35
1490,False,numeric_mismatch,0.0,12,82,0.1818181818181818,0.2,0.16666666666666666,10,12,2,2,0.2143213301897049,0.42515265941619873,0.35
1491,False,numeric_mismatch,0.0,6,22.5,0.4444444444444445,1.0,0.2857142857142857,4,14,4,4,0.30902066826820374,0.6481506824493408,0.35
1492,False,numeric_mismatch,0.0,4,5,0.23529411764705882,0.6666666666666666,0.14285714285714285,3,14,2,2,0.2588039040565491,0.7622810006141663,0.35
1493,False,numeric_mismatch,0.0,309,7685413092,0.2857142857142857,1.0,0.16666666666666666,2,12,2,2,0.18967676162719727,0.5474597215652466,0.35
1494,False,choice,1.0,A,E,0.7368421052631579,1.0,0.5833333333333334,7,12,7,7,0.3857627213001251,0.7300211787223816,0.35
1495,False,numeric_mismatch,0.0,There is exactly one way to get a number 2006 while following the arrows on the figure.,8,0.2,0.4,0.13333333333333333,5,15,2,2,0.21106497943401337,0.5923481583595276,0.35
1496,False,numeric_mismatch,0.0,5,2,0.625,0.8333333333333334,0.5,6,10,5,5,0.34514951705932617,0.8462111949920654,0.35
1497,False,numeric_mismatch,0.0,20 + 40 + 60 = 120,160,0.631578947368421,1.0,0.46153846153846156,6,13,6,6,0.4069975018501282,0.7490438222885132,0.35
1498,True,exact,0.7,Six corner star,E,0.4444444444444445,1.0,0.2857142857142857,4,14,4,4,0.45412519574165344,0.7362115383148193,0.35
1499,False,exact,1.0,Purple,D,0.5263157894736842,1.0,0.35714285714285715,5,14,5,5,0.3255518674850464,0.815861701965332,0.35
1500,True,exact,0.7,C) \(\frac{1}{8} \text{ m}^2\),A,0.4444444444444445,1.0,0.2857142857142857,4,14,4,4,0.2599552273750305,0.8299544453620911,0.35
1501,False,exact,0.3,C) 100 000 000,B,0.47058823529411764,1.0,0.3076923076923077,4,13,4,4,0.2415841519832611,0.5744786262512207,0.35
1502,True,exact,0.7,B) 16 cm,C,0.588235294117647,0.7142857142857143,0.5,7,10,5,5,0.34901130199432373,0.819819986820221,0.35
1503,False,choice,1.0,A,B,0.33333333333333337,0.6,0.23076923076923078,5,13,3,3,0.2840805947780609,0.7708236575126648,0.35
1504,True,numeric_exact,1.0,6,6,0.375,1.0,0.23076923076923078,3,13,3,3,0.34201085567474365,0.573674201965332,0.35
1505,True,numeric_rounded,0.9,121,124,0.631578947368421,1.0,0.46153846153846156,6,13,6,6,0.3001445233821869,0.7152895927429199,0.35
1506,True,exact,0.7,D) E,D,0.5,1.0,0.3333333333333333,4,12,4,4,0.338734894990921,0.5935091376304626,0.35
1507,False,numeric_mismatch,0.0,2,1,0.631578947368421,0.8571428571428571,0.5,7,12,6,6,0.3667871057987213,0.7807614207267761,0.35
1508,True,exact,0.7,D) D1,D,0.7272727272727272,0.8,0.6666666666666666,10,12,8,8,0.324420303106308,0.8462163805961609,0.35
1509,False,exact,1.0,TPT,B,0.3333333333333333,0.75,0.21428571428571427,4,14,3,3,0.2611143887042999,0.6195560097694397,0.35
1510,True,choice,1.0,D,D,0.3157894736842105,1.0,0.1875,3,16,3,3,0.29782071709632874,0.7434091567993164,0.35
1511,True,exact,0.7,B) 13.5 cm,B,0.4444444444444445,1.0,0.2857142857142857,4,14,4,4,0.3714445233345032,0.8099663257598877,0.35
1512,False,exact,0.3,insufficient information,B,0.5,1.0,0.3333333333333333,4,12,4,4,0.46153488755226135,0.7683476805686951,0.35
1513,True,exact,0.7,D) $P_{1}$ and $P_{2}$ have the same perimeter,D,0.5263157894736842,0.8333333333333334,0.38461538461538464,6,13,5,5,0.417549729347229,0.7918968200683594,0.35
1514,False,exact,0.3,C) 96 cm,B,0.4,1.0,0.25,3,12,3,3,0.4239155054092407,0.7634219527244568,0.35
1515,False,exact,0.3,The perimeter of figure T will be less than the perimeter of figure S.,50,0.9090909090909091,1.0,0.8333333333333334,10,12,10,10,0.45747125148773193,0.8771397471427917,0.35
1516,False,placeholder,0.0,insufficient information,D,0.0,0.0,0.0,0,15,0,0,0.0,0.0,0.0
1517,False,numeric_mismatch,0.0,2,1,0.5714285714285715,1.0,0.4,4,10,4,4,0.354242205619812,0.8245611190795898,0.35
1518,False,exact,0.3,More than 25 %,B,0.5263157894736842,0.7142857142857143,0.4166666666666667,7,12,5,5,0.22268278896808624,0.6098206639289856,0.35
1519,False,numeric_mismatch,0.0,3,5,0.47058823529411764,1.0,0.3076923076923077,4,13,4,4,0.3894103169441223,0.717670202255249,0.35
1520,False,numeric_mismatch,0.0,8,5,0.6666666666666666,0.7142857142857143,0.625,7,8,5,5,0.36935997009277344,0.7989179491996765,0.35
1521,False,numeric_mismatch,0.0,0,6,0.47058823529411764,0.8,0.3333333333333333,5,12,4,4,0.3925531208515167,0.8379170894622803,0.35
1522,False,exact,1.0,Three,C,0.4615384615384615,1.0,0.3,3,10,3,3,0.3489648103713989,0.7077172994613647,0.35
1523,False,numeric_mismatch,0.0,42,54,0.4,1.0,0.25,3,12,3,3,0.28263670206069946,0.451027512550354,0.35
1524,True,numeric_rounded,0.85,16,14,0.47058823529411764,1.0,0.3076923076923077,4,13,4,4,0.4083435833454132,0.7083516120910645,0.35
1525,False,choice,1.0,M,D,0.5882352941176471,1.0,0.4166666666666667,5,12,5,5,0.3653494417667389,0.6991420388221741,0.35
1526,True,exact,0.7,B) 24 cm,B,0.8571428571428571,1.0,0.75,9,12,9,9,0.39432060718536377,0.8120909333229065,0.35
1527,False,exact,0.3,B) \(\frac{2}{9}\),D,0.5882352941176471,1.0,0.4166666666666667,5,12,5,5,0.4097999632358551,0.7952742576599121,0.35
1528,False,numeric_mismatch,0.0,3,9,0.3529411764705882,0.75,0.23076923076923078,4,13,3,3,0.2566912770271301,0.5283533930778503,0.35
1529,False,choice,1.0,B,C,0.7058823529411764,0.8571428571428571,0.6,7,10,6,6,0.36730659008026123,0.5941377282142639,0.35
1530,False,exact,0.3,B) Only at a corner square,D,0.6,1.0,0.42857142857142855,6,14,6,6,0.3399174213409424,0.7010747790336609,0.35
1531,False,exact,0.3,8 km,C,0.4444444444444445,1.0,0.2857142857142857,4,14,4,4,0.4763229787349701,0.7276951670646667,0.35
1532,False,numeric_mismatch,0.0,"1, 2, 3, 4",2143,0.4,0.6666666666666666,0.2857142857142857,6,14,4,4,0.28853538632392883,0.589906632900238,0.35
1533,True,exact,0.7,B) \(\frac{1}{5}\),C,0.6,1.0,0.42857142857142855,6,14,6,6,0.36885136365890503,0.7619745135307312,0.35
1534,False,numeric_mismatch,0.0,4,8,0.42857142857142855,1.0,0.2727272727272727,3,11,3,3,0.4046424627304077,0.8362005949020386,0.35
1535,True,exact,0.7,400 cm,C,0.42857142857142855,1.0,0.2727272727272727,3,11,3,3,0.3143274188041687,0.5815154314041138,0.35
1536,False,numeric_mismatch,0.0,34,14,0.4,1.0,0.25,3,12,3,3,0.47144174575805664,0.7788963913917542,0.35
1537,False,exact,0.3,"A) I, III, IV and V",C,0.4,1.0,0.25,3,12,3,3,0.31170642375946045,0.5156221985816956,0.35
1538,True,numeric_rounded,0.9,52,48,0.6666666666666666,1.0,0.5,7,14,7,7,0.32933175563812256,0.5899898409843445,0.35
1539,True,exact,0.7,C) 6 cm,C,0.5263157894736842,0.8333333333333334,0.38461538461538464,6,13,5,5,0.38949960470199585,0.739899218082428,0.35
1540,True,numeric_exact,1.0,65,65,0.5,1.0,0.3333333333333333,4,12,4,4,0.42535945773124695,0.8242771029472351,0.35
1541,True,exact,0.7,58 cm²,C,0.6923076923076923,0.6923076923076923,0.6923076923076923,13,13,9,9,0.3341076076030731,0.9133486747741699,0.35
1542,False,numeric_mismatch,0.0,11,3,0.39999999999999997,0.4444444444444444,0.36363636363636365,9,11,4,4,0.29069480299949646,0.5194788575172424,0.35
1543,True,choice,1.0,C),C,0.5,1.0,0.3333333333333333,4,12,4,4,0.33963027596473694,0.6812782883644104,0.35
1544,False,numeric_mismatch,0.0,8,11,0.25,0.5,0.16666666666666666,4,12,2,2,0.23069608211517334,0.7539693713188171,0.35
1545,False,numeric_mismatch,0.0,14,30,0.631578947368421,0.8571428571428571,0.5,7,12,6,6,0.2835599482059479,0.5534529089927673,0.35
1546,False,numeric_mismatch,0.0,3,2,0.5,1.0,0.3333333333333333,4,12,4,4,0.30486202239990234,0.7236860990524292,0.35
1547,False,exact,0.3,"A) $1,3,5,7$",B,0.4,1.0,0.25,3,12,3,3,0.28787997364997864,0.5900341272354126,0.35
1548,False,numeric_mismatch,0.0,24,46,0.14285714285714285,0.5,0.08333333333333333,2,12,1,1,0.2309492826461792,0.6689410209655762,0.35
1549,True,choice,1.0,D,D,0.26666666666666666,0.6666666666666666,0.16666666666666666,3,12,2,2,0.25807175040245056,0.5315297842025757,0.35
1550,False,choice,1.0,D),C,0.375,1.0,0.23076923076923078,3,13,3,3,0.3029617369174957,0.5549536347389221,0.35
1551,False,numeric_mismatch,0.0,48,24,0.47058823529411764,1.0,0.3076923076923077,4,13,4,4,0.34269535541534424,0.6952396035194397,0.35
1552,False,placeholder,0.0,insufficient information,A,0.0,0.0,0.0,0,11,0,0,0.0,0.0,0.0
1553,False,numeric_mismatch,0.0,32,8,0.4444444444444444,0.8,0.3076923076923077,5,13,4,4,0.30262452363967896,0.786976158618927,0.35
1554,True,exact,0.7,B) \(\frac{1}{4}\),A,0.5333333333333333,0.8,0.4,5,10,4,4,0.30637025833129883,0.6444097757339478,0.35
1555,True,exact,0.7,It cannot be calculated.,B,0.6363636363636365,0.7,0.5833333333333334,10,12,7,7,0.2790025770664215,0.7621784210205078,0.35
1556,False,numeric_mismatch,0.0,3,6,0.4,1.0,0.25,3,12,3,3,0.44425085186958313,0.7460278272628784,0.35
1557,True,exact,0.7,D) An equilateral triangle,A,0.625,1.0,0.45454545454545453,5,11,5,5,0.48028290271759033,0.8048099279403687,0.35
1558,False,choice,1.0,D),E,0.25,0.5,0.16666666666666666,4,12,2,2,0.24069492518901825,0.55780029296875,0.35
1559,False,numeric_mismatch,0.0,500,750,0.5,1.0,0.3333333333333333,4,12,4,4,0.39304637908935547,0.8052375316619873,0.35
1560,False,choice,1.0,B),E,0.22222222222222224,0.5,0.14285714285714285,4,14,2,2,0.22125284373760223,0.4771387279033661,0.35
1561,False,numeric_mismatch,0.0,16,13,0.35294117647058826,1.0,0.21428571428571427,3,14,3,3,0.23684170842170715,0.5566319227218628,0.35
1562,False,numeric_mismatch,0.0,36,64,0.5,1.0,0.3333333333333333,4,12,4,4,0.4289414882659912,0.6596654653549194,0.35
1563,False,numeric_mismatch,0.0,21,56,0.7000000000000001,1.0,0.5384615384615384,7,13,7,7,0.40716037154197693,0.8132608532905579,0.35
1564,False,numeric_mismatch,0.0,1,4,0.47058823529411764,0.8,0.3333333333333333,5,12,4,4,0.21744807064533234,0.4375089704990387,0.35
1565,False,numeric_mismatch,0.0,5,20,0.4210526315789474,1.0,0.26666666666666666,4,15,4,4,0.33774393796920776,0.7827932834625244,0.35
1566,False,exact,0.3,54 cm²,D,0.5,0.75,0.375,4,8,3,3,0.23835518956184387,0.634545624256134,0.35
1567,False,choice,1.0,B),D,0.5,1.0,0.3333333333333333,4,12,4,4,0.3052268922328949,0.6221632957458496,0.35
1568,True,exact,0.7,C) 1.5 m,C,0.6666666666666666,1.0,0.5,6,12,6,6,0.3601543605327606,0.7781792283058167,0.35
1569,False,choice,1.0,D,C,0.3333333333333333,0.75,0.21428571428571427,4,14,3,3,0.3198455274105072,0.7415066957473755,0.35
1570,False,exact,0.3,60 kg,E,0.5882352941176471,1.0,0.4166666666666667,5,12,5,5,0.4315224885940552,0.8731032013893127,0.35
1571,False,exact,0.3,"A) 1, 3, 4",D,0.25,0.6666666666666666,0.15384615384615385,3,13,2,2,0.23381942510604858,0.4889456629753113,0.35
1572,True,choice,1.0,B,B,0.5,1.0,0.3333333333333333,4,12,4,4,0.4013352692127228,0.9164015054702759,0.35
1573,False,exact,0.3,C) 24 cm²,D,0.4444444444444445,1.0,0.2857142857142857,4,14,4,4,0.35121816396713257,0.8337620496749878,0.35
1574,False,choice,1.0,B,A,0.47058823529411764,1.0,0.3076923076923077,4,13,4,4,0.4413676857948303,0.8365168571472168,0.35
1575,False,numeric_mismatch,0.0,6,4,0.631578947368421,0.8571428571428571,0.5,7,12,6,6,0.29011550545692444,0.7528823614120483,0.35
1576,True,numeric_exact,1.0,3,3,0.3333333333333333,0.5,0.25,6,12,3,3,0.2518436014652252,0.6522940397262573,0.35
1577,True,choice,1.0,C,C,0.2857142857142857,1.0,0.16666666666666666,2,12,2,2,0.4793797433376312,0.7010361552238464,0.35
1578,False,exact,0.3,B) 5 cm,E,0.6363636363636364,0.875,0.5,8,14,7,7,0.3184058368206024,0.6393507719039917,0.35
1579,False,choice,1.0,A,D,0.7368421052631579,1.0,0.5833333333333334,7,12,7,7,0.3889581263065338,0.5833444595336914,0.35
1580,False,numeric_mismatch,0.0,33,6,0.125,0.5,0.07142857142857142,2,14,1,1,0.20894859731197357,0.4316660761833191,0.35
1581,False,numeric_mismatch,0.0,48,7,0.9333333333333333,1.0,0.875,7,8,7,7,0.4411812722682953,0.6832937002182007,0.35
1582,False,exact,0.3,B) 400 m,C,0.375,0.75,0.25,4,12,3,3,0.2386939525604248,0.4305351972579956,0.35
1583,False,numeric_mismatch,0.0,2,4,0.4,1.0,0.25,3,12,3,3,0.2805563807487488,0.8059101104736328,0.35
1584,False,numeric_mismatch,0.0,6,4,0.125,0.25,0.08333333333333333,4,12,1,1,0.20758064091205597,0.5174080729484558,0.35
1585,False,numeric_mismatch,0.0,3,4,0.47058823529411764,1.0,0.3076923076923077,4,13,4,4,0.2846429646015167,0.7211628556251526,0.35
1586,False,choice,1.0,E,D,0.5,1.0,0.3333333333333333,4,12,4,4,0.32665231823921204,0.7916881442070007,0.35
1587,False,choice,1.0,D,C,0.3,0.42857142857142855,0.23076923076923078,7,13,3,3,0.2522900402545929,0.6808797717094421,0.35
1588,False,numeric_mismatch,0.0,14,30,0.5555555555555556,1.0,0.38461538461538464,5,13,5,5,0.49086421728134155,0.8547192811965942,0.35
1589,False,choice,1.0,A),C,0.8,1.0,0.6666666666666666,8,12,8,8,0.39511117339134216,0.6790205240249634,0.35
1590,False,numeric_mismatch,0.0,13,7,0.6,1.0,0.42857142857142855,6,14,6,6,0.31955695152282715,0.6170297861099243,0.35
1591,False,numeric_mismatch,0.0,2,3,0.5217391304347826,1.0,0.35294117647058826,6,17,6,6,0.3177751898765564,0.7070622444152832,0.35
1592,False,numeric_mismatch,0.0,8,12,0.631578947368421,0.8571428571428571,0.5,7,12,6,6,0.3294786810874939,0.6502779722213745,0.35
1593,False,numeric_mismatch,0.0,3,6,0.5263157894736842,1.0,0.35714285714285715,5,14,5,5,0.25223228335380554,0.7410792112350464,0.35
1594,False,choice,1.0,C,D,0.5,1.0,0.3333333333333333,4,12,4,4,0.40636730194091797,0.720015287399292,0.35
1595,False,numeric_mismatch,0.0,309,0,0.2857142857142857,1.0,0.16666666666666666,2,12,2,2,0.21728597581386566,0.49630454182624817,0.35
1596,False,exact,0.3,C) 48 cm,D,0.5555555555555556,1.0,0.38461538461538464,5,13,5,5,0.46773383021354675,0.872593879699707,0.35
1597,True,numeric_exact,1.0,3,3,0.5,1.0,0.3333333333333333,4,12,4,4,0.3769197165966034,0.6220183372497559,0.35
1598,False,choice,1.0,C,B,0.4,0.5,0.3333333333333333,4,6,2,2,0.28043147921562195,0.49587032198905945,0.35
1599,False,choice,1.0,A,B,0.4761904761904762,0.7142857142857143,0.35714285714285715,7,14,5,5,0.33403509855270386,0.6759301424026489,0.35
1600,False,choice,1.0,D,B,0.375,1.0,0.23076923076923078,3,13,3,3,0.2818749248981476,0.48731762170791626,0.35
1601,False,numeric_mismatch,0.0,3,7,0.7368421052631579,1.0,0.5833333333333334,7,12,7,7,0.42409271001815796,0.8551626801490784,0.35
1602,False,numeric_mismatch,0.0,18,29,0.4444444444444444,0.8,0.3076923076923077,5,13,4,4,0.4034385085105896,0.9567154049873352,0.35
1603,False,choice,1.0,A,B,0.4,1.0,0.25,2,8,2,2,0.34314095973968506,0.6478406190872192,0.35
1604,False,choice,1.0,A,C,0.5,1.0,0.3333333333333333,4,12,4,4,0.29984357953071594,0.6972625851631165,0.35
1605,False,numeric_mismatch,0.0,3,2,0.5,1.0,0.3333333333333333,3,9,3,3,0.41212743520736694,0.5948454737663269,0.35
1606,False,exact,0.3,C) 20 cm,B,0.5882352941176471,1.0,0.4166666666666667,5,12,5,5,0.30351054668426514,0.8586356043815613,0.35
1607,False,exact,0.3,E) 6 kg,D,0.4444444444444445,1.0,0.2857142857142857,4,14,4,4,0.22292664647102356,0.7906945943832397,0.35
1608,True,choice,1.0,E,E,0.5263157894736842,0.8333333333333334,0.38461538461538464,6,13,5,5,0.23647816479206085,0.5786867141723633,0.35
1609,False,numeric_mismatch,0.0,6,10,0.7272727272727273,0.5714285714285714,1.0,21,12,12,12,0.40270352363586426,0.9347031116485596,0.35
1610,False,exact,0.3,C) 8 cm,A,0.8,1.0,0.6666666666666666,8,12,8,8,0.3881802558898926,0.8204799890518188,0.35
1611,False,numeric_mismatch,0.0,10,12,0.4444444444444445,1.0,0.2857142857142857,4,14,4,4,0.3561868965625763,0.8519868850708008,0.35
1612,True,exact,0.7,B) 30 cm,C,0.5,1.0,0.3333333333333333,4,12,4,4,0.43632078170776367,0.7137826085090637,0.35
1613,True,exact,0.7,Each of the three colours is possible.,C,0.5882352941176471,1.0,0.4166666666666667,5,12,5,5,0.4901847839355469,0.7854624390602112,0.35
1614,False,numeric_mismatch,0.0,2,3,0.5882352941176471,1.0,0.4166666666666667,5,12,5,5,0.3383391201496124,0.6291476488113403,0.35
1615,False,exact,0.3,only 3 or 7,D,0.7000000000000001,1.0,0.5384615384615384,7,13,7,7,0.33487963676452637,0.7235357761383057,0.35
1616,False,numeric_mismatch,0.0,6,10,0.375,1.0,0.23076923076923078,3,13,3,3,0.3302922248840332,0.7739763259887695,0.35
1617,False,numeric_mismatch,0.0,30,22,0.5882352941176471,1.0,0.4166666666666667,5,12,5,5,0.39165014028549194,0.7633887529373169,0.35
1618,False,choice,1.0,A,C,0.6666666666666666,1.0,0.5,6,12,6,6,0.3524722158908844,0.622853696346283,0.35
1619,False,placeholder,0.0,insufficient information,A,0.0,0.0,0.0,0,12,0,0,0.0,0.0,0.0
1620,False,numeric_mismatch,0.0,3,4,0.26666666666666666,0.6666666666666666,0.16666666666666666,3,12,2,2,0.25493931770324707,0.6071162819862366,0.35
1621,False,exact,0.3,B) 20 cm^2,E,0.6666666666666666,1.0,0.5,6,12,6,6,0.5293713212013245,0.8195722103118896,0.35
1622,False,numeric_mismatch,0.0,3,2,0.4,1.0,0.25,3,12,3,3,0.30912724137306213,0.6708082556724548,0.35
1623,True,numeric_exact,1.0,2,2,0.5555555555555556,1.0,0.38461538461538464,5,13,5,5,0.3772210478782654,0.7205780148506165,0.35
1624,False,exact,0.3,C) C,B,0.26666666666666666,0.6666666666666666,0.16666666666666666,3,12,2,2,0.26986536383628845,0.5100719332695007,0.35
1625,False,choice,1.0,B,A,0.6666666666666666,1.0,0.5,6,12,6,6,0.3338741958141327,0.5872706770896912,0.35
1626,False,exact,0.3,D) D,C,0.5,1.0,0.3333333333333333,4,12,4,4,0.2775322198867798,0.7940769791603088,0.35
1627,False,exact,0.3,B) (B),E,0.5882352941176471,1.0,0.4166666666666667,5,12,5,5,0.3215273320674896,0.684860110282898,0.35
1628,True,numeric_exact,1.0,6,6,0.4,0.6666666666666666,0.2857142857142857,6,14,4,4,0.27421364188194275,0.6908689141273499,0.35
1629,True,exact,0.7,45 cm,C,0.47058823529411764,1.0,0.3076923076923077,4,13,4,4,0.47617170214653015,0.8975540995597839,0.35
1630,False,numeric_mismatch,0.0,3,9,0.5714285714285715,1.0,0.4,4,10,4,4,0.3370002806186676,0.5839284062385559,0.35
1631,False,numeric_mismatch,0.0,0,13,0.45454545454545453,0.5,0.4166666666666667,10,12,5,5,0.3098008334636688,0.7173163890838623,0.35
1632,False,choice,1.0,C,E,0.47058823529411764,1.0,0.3076923076923077,4,13,4,4,0.3119382858276367,0.5504631400108337,0.35
1633,False,numeric_mismatch,0.0,6,2,0.2666666666666667,1.0,0.15384615384615385,2,13,2,2,0.41411903500556946,0.5960453748703003,0.35
1634,False,choice,1.0,D,A,0.26666666666666666,0.6666666666666666,0.16666666666666666,3,12,2,2,0.3004869222640991,0.7622678279876709,0.35
1635,True,numeric_exact,1.0,3,3,0.6,1.0,0.42857142857142855,6,14,6,6,0.3450738191604614,0.787223219871521,0.35
1636,True,exact,0.7,B) \(\frac{3}{8}\),B,0.42857142857142855,1.0,0.2727272727272727,3,11,3,3,0.3659273386001587,0.7031876444816589,0.35
1637,False,exact,0.3,B) 80 cm,D,0.5882352941176471,1.0,0.4166666666666667,5,12,5,5,0.4369279146194458,0.7788735032081604,0.35
1638,False,choice,1.0,E,D,0.21052631578947367,0.3333333333333333,0.15384615384615385,6,13,2,2,0.15196667611598969,0.5617337226867676,0.35
1639,False,exact,0.3,56 cm²,A,0.761904761904762,1.0,0.6153846153846154,8,13,8,8,0.47363778948783875,0.8499314188957214,0.35
1640,False,choice,1.0,E,A,0.47058823529411764,1.0,0.3076923076923077,4,13,4,4,0.31721431016921997,0.781829297542572,0.35
1641,False,numeric_mismatch,0.0,10,6,0.3157894736842105,1.0,0.1875,3,16,3,3,0.2294786423444748,0.5444895625114441,0.35
1642,False,numeric_mismatch,0.0,4,13,0.5,1.0,0.3333333333333333,4,12,4,4,0.24705226719379425,0.6774173378944397,0.35
1643,True,exact,0.7,"C) one triangle, one square",C,0.47058823529411764,0.8,0.3333333333333333,5,12,4,4,0.23730860650539398,0.6343175768852234,0.35
1644,False,numeric_mismatch,0.0,"8, 1, 2",284,0.4,1.0,0.25,3,12,3,3,0.36424973607063293,0.6615673303604126,0.35
1645,False,choice,1.0,D,E,0.5,1.0,0.3333333333333333,4,12,4,4,0.35222354531288147,0.7449090480804443,0.35
1646,False,numeric_mismatch,0.0,0,3,0.5,1.0,0.3333333333333333,4,12,4,4,0.446001797914505,0.7417402863502502,0.35
1647,False,choice,1.0,B,C,0.5,1.0,0.3333333333333333,4,12,4,4,0.36867594718933105,0.7759740948677063,0.35
1648,True,numeric_exact,1.0,18,18,0.47058823529411764,1.0,0.3076923076923077,4,13,4,4,0.2682397961616516,0.6822611093521118,0.35
1649,True,choice,1.0,B,B,0.21052631578947367,0.3333333333333333,0.15384615384615385,6,13,2,2,0.22326132655143738,0.7450623512268066,0.35
1650,True,exact,0.7,E) 72 cm,E,0.8,1.0,0.6666666666666666,8,12,8,8,0.4467411935329437,0.9571540355682373,0.35
1651,True,exact,0.7,D) Saturday,D,0.5714285714285715,1.0,0.4,4,10,4,4,0.31829315423965454,0.6175913214683533,0.35
1652,True,exact,0.7,B) 10 cm,C,0.6666666666666666,1.0,0.5,5,10,5,5,0.41776320338249207,0.8240636587142944,0.35
1653,False,numeric_mismatch,0.0,7,13,0.5,1.0,0.3333333333333333,4,12,4,4,0.3993702828884125,0.8956311345100403,0.35
1654,False,numeric_mismatch,0.0,3,2,0.5,1.0,0.3333333333333333,4,12,4,4,0.3184126615524292,0.6960140466690063,0.35
1655,False,choice,1.0,D,E,0.625,1.0,0.45454545454545453,5,11,5,5,0.35947200655937195,0.6644492149353027,0.35
1656,False,numeric_mismatch,0.0,4,5,0.13333333333333336,0.5,0.07692307692307693,2,13,1,1,0.19839923083782196,0.4549456834793091,0.35
1657,False,choice,1.0,D,E,0.4,1.0,0.25,3,12,3,3,0.21533381938934326,0.4626665711402893,0.35
1658,False,numeric_mismatch,0.0,6,21,0.5,1.0,0.3333333333333333,4,12,4,4,0.39264047145843506,0.7596007585525513,0.35
1659,False,numeric_mismatch,0.0,9,0,0.380952380952381,0.5,0.3076923076923077,8,13,4,4,0.26607829332351685,0.6790801286697388,0.35
1660,False,choice,1.0,B,A,0.5263157894736842,1.0,0.35714285714285715,5,14,5,5,0.3680998384952545,0.7324768900871277,0.35
1661,False,choice,1.0,D,C,0.30769230769230765,0.6666666666666666,0.2,3,10,2,2,0.23443962633609772,0.5183429718017578,0.35
1662,False,exact,0.3,B) 168 cm,D,0.2666666666666667,1.0,0.15384615384615385,2,13,2,2,0.27566346526145935,0.7113813161849976,0.35
1663,False,choice,1.0,D,B,0.25,0.6666666666666666,0.15384615384615385,3,13,2,2,0.2777926027774811,0.4109792709350586,0.35
1664,False,choice,1.0,E,D,0.4,1.0,0.25,3,12,3,3,0.2796175479888916,0.6919633150100708,0.35
1665,True,choice,1.0,C,C,0.47058823529411764,1.0,0.3076923076923077,4,13,4,4,0.22664324939250946,0.5262845754623413,0.35
1666,True,exact,0.7,None of the dice could be an ordinary die.,E,0.4444444444444444,0.6666666666666666,0.3333333333333333,6,12,4,4,0.29828768968582153,0.5964009761810303,0.35
1667,False,exact,1.0,Triangle,D,0.33333333333333337,0.6,0.23076923076923078,5,13,3,3,0.22450967133045197,0.5457318425178528,0.35
1668,False,numeric_mismatch,0.0,4,8,0.4,1.0,0.25,3,12,3,3,0.26455938816070557,0.5697954893112183,0.35
1669,False,numeric_mismatch,0.0,25,9,0.5000000000000001,0.8,0.36363636363636365,5,11,4,4,0.33530375361442566,0.6120663285255432,0.35
1670,False,choice,1.0,D,A,0.8333333333333334,0.8333333333333334,0.8333333333333334,6,6,5,5,0.35071736574172974,0.9019507765769958,0.35
1671,False,choice,1.0,A,B,0.6666666666666666,1.0,0.5,6,12,6,6,0.33892887830734253,0.6050694584846497,0.35
1672,True,exact,0.7,B) 10 cm,C,0.5,1.0,0.3333333333333333,4,12,4,4,0.3145636320114136,0.7574813961982727,0.35
1673,False,numeric_mismatch,0.0,4,9,0.375,1.0,0.23076923076923078,3,13,3,3,0.4395691752433777,0.769477128982544,0.35
1674,True,choice,1.0,D,D,0.5454545454545454,1.0,0.375,3,8,3,3,0.340599924325943,0.6680102944374084,0.35
1675,False,placeholder,0.0,insufficient information,41,0.0,0.0,0.0,0,13,0,0,0.0,0.0,0.0
1676,False,exact,0.3,90 g,E,0.761904761904762,0.8888888888888888,0.6666666666666666,9,12,8,8,0.3818785846233368,0.7659736275672913,0.35
1677,False,numeric_mismatch,0.0,3,2,0.42105263157894735,0.6666666666666666,0.3076923076923077,6,13,4,4,0.29640206694602966,0.5179899334907532,0.35
1678,False,choice,1.0,D,B,0.5,1.0,0.3333333333333333,4,12,4,4,0.3220304250717163,0.5823665857315063,0.35
1679,False,numeric_mismatch,0.0,4,26,0.5,1.0,0.3333333333333333,4,12,4,4,0.329771488904953,0.788621723651886,0.35
1680,False,choice,1.0,B,E,0.35294117647058826,1.0,0.21428571428571427,3,14,3,3,0.3225823938846588,0.5625680088996887,0.35
1681,False,numeric_mismatch,0.0,2,7,0.10526315789473682,0.2,0.07142857142857142,5,14,1,1,0.22799664735794067,0.4367663264274597,0.35
1682,False,choice,1.0,B,D,0.3529411764705882,0.75,0.23076923076923078,4,13,3,3,0.23908065259456635,0.5643976926803589,0.35
1683,False,exact,0.3,"D) 1,55",C,0.375,1.0,0.23076923076923078,3,13,3,3,0.37410447001457214,0.5779990553855896,0.35
1684,True,numeric_exact,1.0,6,6,0.8,1.0,0.6666666666666666,8,12,8,8,0.354907751083374,0.7674353122711182,0.35
1685,False,numeric_mismatch,0.0,4.5,1.5,0.47058823529411764,1.0,0.3076923076923077,4,13,4,4,0.30327528715133667,0.9341253638267517,0.35
1686,False,numeric_mismatch,0.0,13,21,0.5555555555555556,1.0,0.38461538461538464,5,13,5,5,0.3983255922794342,0.8383345603942871,0.35
1687,False,exact,0.3,B) 2h 59m,D,0.38095238095238093,0.5714285714285714,0.2857142857142857,7,14,4,4,0.17651648819446564,0.5732045769691467,0.35
1688,False,choice,1.0,E,A,0.4210526315789474,1.0,0.26666666666666666,4,15,4,4,0.3250974416732788,0.8702946305274963,0.35
1689,False,choice,1.0,E,A,0.2857142857142857,1.0,0.16666666666666666,2,12,2,2,0.34109973907470703,0.6949704885482788,0.35
1690,True,choice,1.0,B,B,0.4,1.0,0.25,3,12,3,3,0.25195804238319397,0.5206378102302551,0.35
1691,False,exact,0.3,B) (B),E,0.4,1.0,0.25,3,12,3,3,0.513159990310669,0.8472750782966614,0.35
1692,False,numeric_mismatch,0.0,22.5,32,0.4444444444444445,1.0,0.2857142857142857,4,14,4,4,0.4177035391330719,0.8409731388092041,0.35
1693,False,choice,1.0,B,A,0.631578947368421,1.0,0.46153846153846156,6,13,6,6,0.38552212715148926,0.8784201145172119,0.35
1694,False,numeric_mismatch,0.0,68,52,0.5882352941176471,1.0,0.4166666666666667,5,12,5,5,0.5265715718269348,0.918286144733429,0.35
1695,False,numeric_mismatch,0.0,15,12,0.7368421052631579,1.0,0.5833333333333334,7,12,7,7,0.36160555481910706,0.7700393199920654,0.35
1696,True,numeric_exact,1.0,4,4,0.47058823529411764,1.0,0.3076923076923077,4,13,4,4,0.4436701238155365,0.6398517489433289,0.35
1697,True,choice,1.0,D,D,0.125,0.3333333333333333,0.07692307692307693,3,13,1,1,0.22900092601776123,0.3789072334766388,0.35
1698,True,exact,0.7,D) Mango and wafer.,E,0.5882352941176471,1.0,0.4166666666666667,5,12,5,5,0.42127272486686707,0.6471894979476929,0.35
1699,False,numeric_mismatch,0.0,0.375,4,0.7368421052631579,1.0,0.5833333333333334,7,12,7,7,0.36584678292274475,0.8248802423477173,0.35
1700,True,exact,0.7,"D) a=3, b=5, c=7",C,0.5555555555555556,1.0,0.38461538461538464,5,13,5,5,0.35197290778160095,0.7173779010772705,0.35
1701,True,exact,0.7,C) South.,C,0.47058823529411764,1.0,0.3076923076923077,4,13,4,4,0.339107871055603,0.7562714219093323,0.35
1702,False,choice,1.0,E,D,0.5,1.0,0.3333333333333333,4,12,4,4,0.2392381876707077,0.6155463457107544,0.35
1703,False,numeric_mismatch,0.0,3,1,0.1818181818181818,0.5,0.1111111111111111,2,9,1,1,0.17516785860061646,0.5169336795806885,0.35
1704,False,choice,1.0,A,E,0.631578947368421,1.0,0.46153846153846156,6,13,6,6,0.3847878873348236,0.5992304086685181,0.35
1705,False,choice,1.0,U,D,0.6666666666666666,0.7777777777777778,0.5833333333333334,9,12,7,7,0.3602258265018463,0.7973305583000183,0.35
1706,False,numeric_mismatch,0.0,2021,32,0.5,0.625,0.4166666666666667,8,12,5,5,0.2576572895050049,0.5089525580406189,0.35
1707,False,numeric_mismatch,0.0,30,69,0.47058823529411764,0.8,0.3333333333333333,5,12,4,4,0.2837219834327698,0.6062126755714417,0.35
1708,True,choice,1.0,B,B,0.5263157894736842,0.8333333333333334,0.38461538461538464,6,13,5,5,0.2694343626499176,0.7160531878471375,0.35
1709,False,exact,0.3,D) only P or Q,E,0.4210526315789474,1.0,0.26666666666666666,4,15,4,4,0.3396853804588318,0.7353124618530273,0.35
1710,False,choice,1.0,E,D,0.5882352941176471,1.0,0.4166666666666667,5,12,5,5,0.2886447608470917,0.7060500979423523,0.35
1711,False,placeholder,0.0,insufficient information,B,0.0,0.0,0.0,0,14,0,0,0.0,0.0,0.0
1712,False,choice,1.0,B,D,0.75,0.8571428571428571,0.6666666666666666,7,9,6,6,0.29785820841789246,0.5352323651313782,0.35
1713,False,numeric_mismatch,0.0,1,4,0.47058823529411764,1.0,0.3076923076923077,4,13,4,4,0.384138286113739,0.9016644954681396,0.35
1714,True,exact,0.7,8 cm,C,0.5882352941176471,0.625,0.5555555555555556,8,9,5,5,0.289150595664978,0.5831301808357239,0.35
1715,False,choice,1.0,B,A,0.7058823529411764,0.8571428571428571,0.6,7,10,6,6,0.29464927315711975,0.7748286724090576,0.35
1716,False,choice,1.0,D,E,0.5,1.0,0.3333333333333333,4,12,4,4,0.36440038681030273,0.7205898761749268,0.35
1717,True,choice,1.0,B,B,0.608695652173913,0.875,0.4666666666666667,8,15,7,7,0.31149810552597046,0.6747554540634155,0.35
1718,False,numeric_mismatch,0.0,30,8,0.47058823529411764,1.0,0.3076923076923077,4,13,4,4,0.3840104639530182,0.682195246219635,0.35
1719,False,choice,1.0,D,A,0.5882352941176471,1.0,0.4166666666666667,5,12,5,5,0.5281754732131958,0.7929093837738037,0.35
1720,False,numeric_mismatch,0.0,3,21,0.25,1.0,0.14285714285714285,2,14,2,2,0.3621821701526642,0.6399553418159485,0.35
1721,False,choice,1.0,B,C,0.6086956521739131,0.6363636363636364,0.5833333333333334,11,12,7,7,0.23361742496490479,0.5458241701126099,0.35
1722,False,numeric_mismatch,0.0,16,10,0.6666666666666666,1.0,0.5,6,12,6,6,0.29502609372138977,0.8342191576957703,0.35
1723,False,choice,1.0,B,E,0.5,1.0,0.3333333333333333,4,12,4,4,0.31519779562950134,0.8199699521064758,0.35
1724,False,choice,1.0,D,E,0.5882352941176471,1.0,0.4166666666666667,5,12,5,5,0.4157423973083496,0.7386583089828491,0.35
1725,False,exact,0.3,"B) 2, 3 and 5",E,0.2857142857142857,1.0,0.16666666666666666,3,18,3,3,0.4625440537929535,0.7480872869491577,0.35
1726,False,choice,1.0,D,B,0.3529411764705882,0.75,0.23076923076923078,4,13,3,3,0.2628600001335144,0.5801632404327393,0.35
1727,False,choice,1.0,B,D,0.4444444444444445,1.0,0.2857142857142857,4,14,4,4,0.3816988170146942,0.6980984807014465,0.35
1728,False,numeric_mismatch,0.0,1,4,0.375,1.0,0.23076923076923078,3,13,3,3,0.43171775341033936,0.8578686714172363,0.35
1729,False,exact,0.3,C) \(\frac{1}{6}\) turn,D,0.4,1.0,0.25,3,12,3,3,0.3176470994949341,0.7246346473693848,0.35
1730,False,placeholder,0.0,insufficient information,C,0.0,0.0,0.0,0,10,0,0,0.0,0.0,0.0
1731,False,choice,1.0,E,C,0.6666666666666665,0.8571428571428571,0.5454545454545454,7,11,6,6,0.3073195815086365,0.9301022887229919,0.35
1732,False,numeric_mismatch,0.0,12,60,0.7000000000000001,1.0,0.5384615384615384,7,13,7,7,0.4478394091129303,0.7920058965682983,0.35
1733,False,exact,0.3,B) 50 cm,D,0.5,1.0,0.3333333333333333,4,12,4,4,0.3814021646976471,0.7707817554473877,0.35
1734,False,choice,1.0,D,A,0.35294117647058826,1.0,0.21428571428571427,3,14,3,3,0.26277095079421997,0.7150887846946716,0.35
1735,False,numeric_mismatch,0.0,4,2,0.375,1.0,0.23076923076923078,3,13,3,3,0.40454965829849243,0.7739582061767578,0.35
1736,False,exact,0.3,B) 24 cm,D,0.6,0.8571428571428571,0.46153846153846156,7,13,6,6,0.3843558728694916,0.8070480227470398,0.35
1737,False,choice,1.0,E,C,0.5,1.0,0.3333333333333333,4,12,4,4,0.320891797542572,0.6004696488380432,0.35
1738,False,numeric_mismatch,0.0,2,5,0.5882352941176471,1.0,0.4166666666666667,5,12,5,5,0.3292253613471985,0.6523004770278931,0.35
1739,True,numeric_rounded,0.85,21,19,0.8,1.0,0.6666666666666666,4,6,4,4,0.3660389482975006,0.6163390874862671,0.35
1740,False,numeric_mismatch,0.0,36,20,0.35294117647058826,1.0,0.21428571428571427,3,14,3,3,0.33046048879623413,0.6839300394058228,0.35
1741,False,numeric_mismatch,0.0,168,17,0.4,1.0,0.25,3,12,3,3,0.39559751749038696,0.9214955568313599,0.35
1742,False,numeric_mismatch,0.0,9,711,0.5714285714285715,1.0,0.4,6,15,6,6,0.4972740709781647,0.8208795785903931,0.35
1743,True,choice,1.0,A,A,0.45454545454545453,0.45454545454545453,0.45454545454545453,11,11,5,5,0.2621854245662689,0.582248866558075,0.35
1744,False,numeric_mismatch,0.0,8,12,0.6666666666666666,1.0,0.5,6,12,6,6,0.4223569333553314,0.8193252086639404,0.35
1745,False,numeric_mismatch,0.0,1,5,0.5714285714285715,1.0,0.4,4,10,4,4,0.4149090647697449,0.7745538353919983,0.35
1746,True,exact,0.7,"D) N, M, Q, P",D,0.375,0.75,0.25,4,12,3,3,0.3259652554988861,0.6674503684043884,0.35
1747,True,exact,0.7,B) 1 and 3,B,0.47058823529411764,0.8,0.3333333333333333,5,12,4,4,0.31430235505104065,0.6366103291511536,0.35
1748,True,exact,0.7,"B) 1, 5 and 10",A,0.5333333333333333,1.0,0.36363636363636365,4,11,4,4,0.3581421673297882,0.6480379104614258,0.35
1749,False,choice,1.0,B,C,0.0,0.0,0.0,3,13,0,0,0.19380556046962738,0.3364291489124298,0.35
1750,True,exact,0.7,400 cm,C,0.625,1.0,0.45454545454545453,5,11,5,5,0.38672029972076416,0.8349113464355469,0.35
1751,False,exact,0.3,C) 15:15,D,0.7777777777777778,1.0,0.6363636363636364,7,11,7,7,0.4115169644355774,0.7399095892906189,0.35
1752,True,exact,0.7,B) 2 and 8,A,0.3529411764705882,0.75,0.23076923076923078,4,13,3,3,0.26917919516563416,0.6528164744377136,0.35
1753,True,numeric_exact,1.0,6,6,0.5,1.0,0.3333333333333333,3,9,3,3,0.33055785298347473,0.612534761428833,0.35
1754,False,numeric_mismatch,0.0,4,17,0.7272727272727273,1.0,0.5714285714285714,8,14,8,8,0.3246815502643585,0.7471833229064941,0.35
1755,False,numeric_mismatch,0.0,4,3,0.5,1.0,0.3333333333333333,4,12,4,4,0.3252483308315277,0.5832040905952454,0.35
1756,False,exact,0.3,C) Kangaroo,E,0.7368421052631579,1.0,0.5833333333333334,7,12,7,7,0.4197865128517151,0.8610043525695801,0.35
1757,False,choice,1.0,E,D,0.7826086956521738,0.9,0.6923076923076923,10,13,9,9,0.394916832447052,0.6433840990066528,0.35
1758,False,exact,0.3,29 and 28,E,0.5714285714285715,0.6666666666666666,0.5,9,12,6,6,0.34842243790626526,0.7030897736549377,0.35
1759,False,exact,0.3,D) 9,E,0.4444444444444445,1.0,0.2857142857142857,4,14,4,4,0.2188958376646042,0.7208423018455505,0.35
1760,False,placeholder,0.0,insufficient information,B,0.0,0.0,0.0,0,13,0,0,0.0,0.0,0.0
1761,True,exact,0.7,A) \downarrow,A,0.5882352941176471,1.0,0.4166666666666667,5,12,5,5,0.286744624376297,0.7487653493881226,0.35
1762,False,choice,1.0,E,C,0.5882352941176471,1.0,0.4166666666666667,5,12,5,5,0.309840589761734,0.6152765154838562,0.35
1763,False,numeric_mismatch,0.0,1,16,0.35294117647058826,1.0,0.21428571428571427,3,14,3,3,0.38214224576950073,0.7640390396118164,0.35
1764,False,choice,1.0,D,A,0.5,1.0,0.3333333333333333,4,12,4,4,0.36037564277648926,0.7306365370750427,0.35
1765,False,numeric_mismatch,0.0,39.666...,36,0.4,0.8,0.26666666666666666,5,15,4,4,0.268856018781662,0.6256330013275146,0.35
1766,False,exact,1.0,9π,D,0.4444444444444445,1.0,0.2857142857142857,4,14,4,4,0.34794512391090393,0.8500763177871704,0.35
1767,False,choice,1.0,E,D,0.5,0.75,0.375,4,8,3,3,0.30709952116012573,0.7174414396286011,0.35
1768,True,exact,0.7,B) \(\frac{1}{4}\),B,0.4210526315789474,1.0,0.26666666666666666,4,15,4,4,0.32358577847480774,0.7577335834503174,0.35
1769,False,numeric_mismatch,0.0,3,2,0.6153846153846154,0.8,0.5,5,8,4,4,0.3356946110725403,0.7419564723968506,0.35
1770,False,exact,0.3,E) 90°,B,0.7368421052631577,0.7,0.7777777777777778,10,9,7,7,0.36890432238578796,0.7517805695533752,0.35
1771,False,numeric_mismatch,0.0,6,18,0.4444444444444445,1.0,0.2857142857142857,4,14,4,4,0.3730088770389557,0.6521556377410889,0.35
1772,False,placeholder,0.0,insufficient information,B,0.0,0.0,0.0,0,12,0,0,0.0,0.0,0.0
1773,False,exact,0.3,B) 120°,E,0.47058823529411764,1.0,0.3076923076923077,4,13,4,4,0.44737669825553894,0.7648043632507324,0.35
1774,False,numeric_mismatch,0.0,4,2,0.7000000000000001,1.0,0.5384615384615384,7,13,7,7,0.4783327281475067,0.8388730883598328,0.35
1775,True,exact,0.7,D) A square,A,0.47058823529411764,1.0,0.3076923076923077,4,13,4,4,0.3570663630962372,0.6467760801315308,0.35
1776,False,numeric_mismatch,0.0,√41,10,0.3333333333333333,0.6666666666666666,0.2222222222222222,3,9,2,2,0.2722640037536621,0.5373619794845581,0.35
1777,False,numeric_mismatch,0.0,1,42,0.4761904761904762,0.5555555555555556,0.4166666666666667,9,12,5,5,0.2623189389705658,0.837364912033081,0.35
1778,False,numeric_mismatch,0.0,4 - π,8,0.7272727272727273,1.0,0.5714285714285714,8,14,8,8,0.3814184069633484,0.8953381180763245,0.35
1779,True,numeric_exact,1.0,8,8,0.5263157894736842,1.0,0.35714285714285715,5,14,5,5,0.36179879307746887,0.8602162599563599,0.35
1780,False,numeric_mismatch,0.0,6,4,0.8148148148148148,0.9166666666666666,0.7333333333333333,12,15,11,11,0.37725186347961426,0.9270431995391846,0.35
1781,False,exact,0.3,B) $3 a(a+b)-a^{2}$,E,0.375,1.0,0.23076923076923078,3,13,3,3,0.2645888924598694,0.6926210522651672,0.35
1782,False,exact,0.3,B) 1: 4,D,0.47619047619047616,1.0,0.3125,5,16,5,5,0.4338827133178711,0.7918848395347595,0.35
1783,True,numeric_exact,1.0,12,12,0.5882352941176471,1.0,0.4166666666666667,5,12,5,5,0.3314065933227539,0.7221918106079102,0.35
1784,False,placeholder,0.0,insufficient information,E,0.0,0.0,0.0,0,14,0,0,0.0,0.0,0.0
1785,False,exact,0.3,C) (10 ; 11),A,0.4,0.6666666666666666,0.2857142857142857,6,14,4,4,0.29620957374572754,0.6625459790229797,0.35
1786,False,exact,0.3,C) 25%,D,0.47058823529411764,0.8,0.3333333333333333,5,12,4,4,0.34812983870506287,0.7632718086242676,0.35
1787,True,exact,0.7,None of the options match the cube in the right picture.,E,0.5263157894736842,0.8333333333333334,0.38461538461538464,6,13,5,5,0.3171274662017822,0.5967783331871033,0.35
1788,False,exact,0.3,58 cm²,B,0.5882352941176471,1.0,0.4166666666666667,5,12,5,5,0.448204904794693,0.7564787864685059,0.35
1789,False,numeric_mismatch,0.0,8√7,18,0.47058823529411764,1.0,0.3076923076923077,4,13,4,4,0.4425811767578125,0.8155418634414673,0.35
1790,False,numeric_mismatch,0.0,The number of shortest paths from A to B is 70.,12,0.5,1.0,0.3333333333333333,4,12,4,4,0.3256863057613373,0.56540846824646,0.35
1791,False,numeric_mismatch,0.0,62,124,0.5555555555555556,0.8333333333333334,0.4166666666666667,6,12,5,5,0.33834588527679443,0.7223378419876099,0.35
1792,False,numeric_mismatch,0.0,3,4,0.2666666666666667,1.0,0.15384615384615385,2,13,2,2,0.3787699341773987,0.6456238031387329,0.35
1793,False,exact,0.3,C) JANAMKILIRO,E,0.5,1.0,0.3333333333333333,4,12,4,4,0.3681410551071167,0.6731728911399841,0.35
1794,False,numeric_mismatch,0.0,21,27,0.5,1.0,0.3333333333333333,4,12,4,4,0.30904677510261536,0.6592996716499329,0.35
1795,False,numeric_mismatch,0.0,17,34,0.5,0.5714285714285714,0.4444444444444444,7,9,4,4,0.34679916501045227,0.6141147613525391,0.35
1796,False,numeric_mismatch,0.0,6,3,0.47058823529411764,1.0,0.3076923076923077,4,13,4,4,0.2902151346206665,0.5035123229026794,0.35
1797,False,exact,0.3,180 cm,D,0.6956521739130436,1.0,0.5333333333333333,8,15,8,8,0.36623579263687134,0.8063439130783081,0.35
1798,True,exact,0.7,D) 40°,D,0.5714285714285715,1.0,0.4,6,15,6,6,0.4464980363845825,0.7815949320793152,0.35
1799,False,numeric_mismatch,0.0,225,42,0.5263157894736842,1.0,0.35714285714285715,5,14,5,5,0.3064437210559845,0.6592546701431274,0.35
1800,True,exact,0.7,A) W and Y,A,0.5,0.75,0.375,4,8,3,3,0.26705610752105713,0.695929765701294,0.35
1801,True,numeric_exact,1.0,2,2,0.5714285714285714,0.8571428571428571,0.42857142857142855,7,14,6,6,0.3205348551273346,0.7958210110664368,0.35
1802,True,exact,0.7,100 dm,D,0.6363636363636364,1.0,0.4666666666666667,7,15,7,7,0.33995285630226135,0.773133397102356,0.35
1803,False,numeric_mismatch,0.0,12,4,0.25,0.5,0.16666666666666666,4,12,2,2,0.19351987540721893,0.6172493100166321,0.35
1804,True,numeric_exact,1.0,36,36,0.5,1.0,0.3333333333333333,5,15,5,5,0.4817022681236267,0.8170585036277771,0.35
1805,False,exact,1.0,52°,A,0.47058823529411764,1.0,0.3076923076923077,4,13,4,4,0.404439240694046,0.7525162696838379,0.35
1806,False,numeric_mismatch,0.0,1,4,0.375,1.0,0.23076923076923078,3,13,3,3,0.3932228684425354,0.606475830078125,0.35
1807,False,exact,0.3,54 cm²,D,0.5882352941176471,1.0,0.4166666666666667,5,12,5,5,0.354519784450531,0.7230093479156494,0.35
1808,False,placeholder,0.0,insufficient information,C,0.0,0.0,0.0,0,13,0,0,0.0,0.0,0.0
1809,True,numeric_rounded,0.85,987,864,0.47058823529411764,0.8,0.3333333333333333,5,12,4,4,0.33045434951782227,0.6956101655960083,0.35
1810,True,numeric_rounded,0.9,21,20,0.4444444444444445,1.0,0.2857142857142857,4,14,4,4,0.48212870955467224,0.7920093536376953,0.35
1811,True,exact,0.7,C) 18 cm,C,0.8181818181818181,1.0,0.6923076923076923,9,13,9,9,0.4579964280128479,0.9422793388366699,0.35
1812,False,exact,0.3,C) \(\frac{1}{600}\),D,0.47058823529411764,0.8,0.3333333333333333,5,12,4,4,0.313739150762558,0.8187296390533447,0.35
1813,False,exact,0.3,E) 84°,C,0.5263157894736842,1.0,0.35714285714285715,5,14,5,5,0.4349308907985687,0.8363711833953857,0.35
1814,False,exact,0.3,"III, IV and V",B,0.13333333333333333,0.3333333333333333,0.08333333333333333,3,12,1,1,0.25248652696609497,0.4818229079246521,0.35
1815,True,numeric_exact,1.0,3,3,0.35294117647058826,1.0,0.21428571428571427,3,14,3,3,0.4556921124458313,0.7726084589958191,0.35
1816,True,exact,0.7,A) \(\frac{1}{4}\),A,0.5882352941176471,1.0,0.4166666666666667,5,12,5,5,0.3078020513057709,0.6653022766113281,0.35
1817,True,numeric_rounded,0.85,15,17,0.35294117647058826,1.0,0.21428571428571427,3,14,3,3,0.35920771956443787,0.777508556842804,0.35
1818,False,exact,0.3,either R or S,D,0.375,1.0,0.23076923076923078,3,13,3,3,0.422271192073822,0.6671455502510071,0.35
1819,False,placeholder,0.0,insufficient information,E,0.0,0.0,0.0,0,13,0,0,0.0,0.0,0.0
1820,True,numeric_rounded,0.9,100,92,0.5882352941176471,1.0,0.4166666666666667,5,12,5,5,0.4239972233772278,0.6977448463439941,0.35
1821,False,numeric_mismatch,0.0,4,6,0.4210526315789473,0.8,0.2857142857142857,5,14,4,4,0.3348065912723541,0.7071577906608582,0.35
1822,False,placeholder,0.0,insufficient information,A,0.0,0.0,0.0,0,13,0,0,0.0,0.0,0.0
1823,False,placeholder,0.0,insufficient information,D,0.0,0.0,0.0,0,13,0,0,0.0,0.0,0.0
1824,False,numeric_mismatch,0.0,4,2,0.4,1.0,0.25,3,12,3,3,0.3389297425746918,0.4994421899318695,0.35
1825,False,exact,0.3,B) 3a + 8b,E,0.5714285714285714,0.8,0.4444444444444444,5,9,4,4,0.2585729658603668,0.5442693829536438,0.35
1826,False,exact,1.0,square,C,0.2105263157894737,0.5,0.13333333333333333,4,15,2,2,0.33312442898750305,0.7812395095825195,0.35
1827,True,numeric_exact,1.0,3,3,0.5882352941176471,1.0,0.4166666666666667,5,12,5,5,0.3839063346385956,0.752849280834198,0.35
1828,False,exact,1.0,55°,B,0.375,1.0,0.23076923076923078,3,13,3,3,0.4327119290828705,0.6293163299560547,0.35
1829,False,choice,1.0,D,B,0.11764705882352941,0.3333333333333333,0.07142857142857142,3,14,1,1,0.13616076111793518,0.40738987922668457,0.35
1830,False,numeric_mismatch,0.0,1,6,0.5263157894736842,0.8333333333333334,0.38461538461538464,6,13,5,5,0.34516045451164246,0.7563353180885315,0.35
1831,False,numeric_mismatch,0.0,√30,1,0.45454545454545453,0.625,0.35714285714285715,8,14,5,5,0.2803870737552643,0.6741928458213806,0.35
1832,True,exact,0.7,B) \(\frac{1}{4}\),B,0.6153846153846153,1.0,0.4444444444444444,4,9,4,4,0.332014262676239,0.6417468786239624,0.35
1833,True,numeric_exact,1.0,6,6,0.5,1.0,0.3333333333333333,4,12,4,4,0.3323248028755188,0.7009416222572327,0.35
1834,True,choice,1.0,D,D,0.4210526315789473,0.8,0.2857142857142857,5,14,4,4,0.3100176453590393,0.7231000661849976,0.35
1835,True,numeric_exact,1.0,42,42,0.5882352941176471,1.0,0.4166666666666667,5,12,5,5,0.4683038890361786,0.9185419082641602,0.35
1836,False,exact,0.3,D) 12 cm²,A,0.6666666666666666,1.0,0.5,6,12,6,6,0.45310455560684204,0.7140270471572876,0.35
1837,False,numeric_mismatch,0.0,2,3,0.4444444444444445,1.0,0.2857142857142857,4,14,4,4,0.4217431843280792,0.7384434342384338,0.35
1838,False,numeric_mismatch,0.0,4,13,0.47058823529411764,1.0,0.3076923076923077,4,13,4,4,0.3015429377555847,0.6016206741333008,0.35
1839,False,exact,1.0,blue,A,0.4444444444444444,0.6666666666666666,0.3333333333333333,6,12,4,4,0.29889318346977234,0.723770260810852,0.35
1840,False,exact,0.3,256 cm²,D,0.4074074074074074,0.2619047619047619,0.9166666666666666,42,12,11,11,0.3235492706298828,0.8445468544960022,0.35
1841,False,choice,1.0,C,A,0.46153846153846156,0.75,0.3333333333333333,4,9,3,3,0.2370041459798813,0.5661685466766357,0.35
1842,False,choice,1.0,B),D,0.5555555555555556,1.0,0.38461538461538464,5,13,5,5,0.26594895124435425,0.8009819984436035,0.35
1843,False,placeholder,0.0,insufficient information,D,0.0,0.0,0.0,0,10,0,0,0.0,0.0,0.0
1844,False,numeric_mismatch,0.0,13,37,0.5555555555555556,1.0,0.38461538461538464,5,13,5,5,0.42197689414024353,0.7593690752983093,0.35
1845,False,numeric_mismatch,0.0,15,45,0.6666666666666666,1.0,0.5,6,12,6,6,0.3682354688644409,0.7831180691719055,0.35
1846,True,choice,1.0,E,E,0.4444444444444445,1.0,0.2857142857142857,4,14,4,4,0.33992427587509155,0.6609074473381042,0.35
1847,False,exact,0.3,900 m,C,0.5555555555555556,1.0,0.38461538461538464,5,13,5,5,0.3271212577819824,0.7215497493743896,0.35
1848,False,numeric_mismatch,0.0,2,4,0.42857142857142855,1.0,0.2727272727272727,3,11,3,3,0.37377724051475525,0.696499228477478,0.35
1849,False,choice,1.0,B,D,0.5,1.0,0.3333333333333333,4,12,4,4,0.38009822368621826,0.7066256999969482,0.35
1850,True,choice,1.0,D,D,0.0,0.0,0.0,4,14,0,0,0.16128015518188477,0.32757383584976196,0.35
1851,False,exact,0.3,B) 9 m²,C,0.5999999999999999,0.5294117647058824,0.6923076923076923,17,13,9,9,0.31303825974464417,0.7456618547439575,0.35
1852,False,numeric_mismatch,0.0,130,60,0.4,1.0,0.25,3,12,3,3,0.4845264256000519,0.8448140025138855,0.35
1853,False,exact,0.3,B) 42°,C,0.4615384615384615,0.6,0.375,5,8,3,3,0.2063419371843338,0.6896159052848816,0.35
1854,False,exact,0.3,1.2 cm,D,0.5263157894736842,1.0,0.35714285714285715,5,14,5,5,0.4658566117286682,0.8407955169677734,0.35
1855,True,exact,0.7,B) 1 and 6,B,0.4615384615384615,1.0,0.3,3,10,3,3,0.3433118164539337,0.6273220181465149,0.35
1856,True,exact,0.7,D) 3:16,D,0.6,1.0,0.42857142857142855,6,14,6,6,0.29284587502479553,0.7993435263633728,0.35
1857,False,exact,0.3,All answers are possible.,C,0.761904761904762,1.0,0.6153846153846154,8,13,8,8,0.37319469451904297,0.6954452991485596,0.35
1858,True,exact,0.7,14 cm,C,0.5263157894736842,1.0,0.35714285714285715,5,14,5,5,0.47861242294311523,0.9526250958442688,0.35
1859,False,numeric_mismatch,0.0,2,6,0.782608695652174,1.0,0.6428571428571429,9,14,9,9,0.4320152997970581,0.7441545724868774,0.35
1860,False,numeric_mismatch,0.0,16,4,0.6,1.0,0.42857142857142855,6,14,6,6,0.35724565386772156,0.7527625560760498,0.35
1861,True,numeric_rounded,0.85,7,8,0.47058823529411764,1.0,0.3076923076923077,4,13,4,4,0.3934798240661621,0.638194739818573,0.35
1862,False,exact,0.3,A) Shape 1,C,0.2222222222222222,0.4,0.15384615384615385,5,13,2,2,0.2500268816947937,0.7533234357833862,0.35
1863,False,numeric_mismatch,0.0,44,32,0.5555555555555556,1.0,0.38461538461538464,5,13,5,5,0.48804885149002075,0.7651211023330688,0.35
1864,True,choice,1.0,C,C,0.2,0.16666666666666666,0.25,18,12,3,3,0.2563404142856598,0.7612767815589905,0.35
1865,False,choice,1.0,D,A,0.375,1.0,0.23076923076923078,3,13,3,3,0.2574145197868347,0.7202593684196472,0.35
1866,False,exact,0.3,84 cm²,B,0.5,1.0,0.3333333333333333,4,12,4,4,0.29267945885658264,0.6520786285400391,0.35
1867,False,numeric_mismatch,0.0,11,5,0.35294117647058826,1.0,0.21428571428571427,3,14,3,3,0.3690323531627655,0.8026714324951172,0.35
1868,False,numeric_mismatch,0.0,24,9,0.6666666666666666,1.0,0.5,6,12,6,6,0.37534981966018677,0.7742782235145569,0.35
1869,False,numeric_mismatch,0.0,3,4,0.4615384615384615,1.0,0.3,3,10,3,3,0.26602545380592346,0.511975884437561,0.35
1870,True,numeric_exact,1.0,5,5,0.6,1.0,0.42857142857142855,6,14,6,6,0.30975964665412903,0.7057139277458191,0.35
1871,False,numeric_mismatch,0.0,12,6,0.7368421052631579,1.0,0.5833333333333334,7,12,7,7,0.42609769105911255,0.8557296395301819,0.35
1872,True,numeric_exact,1.0,20,20,0.5,1.0,0.3333333333333333,4,12,4,4,0.42623135447502136,0.8627461791038513,0.35
1873,False,numeric_mismatch,0.0,4,7,0.631578947368421,0.8571428571428571,0.5,7,12,6,6,0.3447582721710205,0.8272281289100647,0.35
1874,False,exact,0.3,D) \(\frac{39}{8} \mathrm{~cm}^{2}\),B,0.5555555555555556,1.0,0.38461538461538464,5,13,5,5,0.2980574369430542,0.8443831205368042,0.35
1875,True,exact,0.7,Insufficient information,E,0.26666666666666666,0.6666666666666666,0.16666666666666666,3,12,2,2,0.3743360936641693,0.8957958817481995,0.35
1876,True,exact,0.7,That will never happen,E,0.5384615384615384,0.5833333333333334,0.5,12,14,7,7,0.3232707381248474,0.8541295528411865,0.35
1877,False,placeholder,0.0,insufficient information,C,0.0,0.0,0.0,0,12,0,0,0.0,0.0,0.0
1878,False,numeric_mismatch,0.0,13,27,0.7272727272727274,0.8888888888888888,0.6153846153846154,9,13,8,8,0.3587838113307953,0.800529956817627,0.35
1879,True,numeric_rounded,0.85,50,45,0.5555555555555556,1.0,0.38461538461538464,5,13,5,5,0.2692854702472687,0.7748957276344299,0.35
1880,True,choice,1.0,A,A,0.42857142857142855,1.0,0.2727272727272727,3,11,3,3,0.31689292192459106,0.771477997303009,0.35
1881,True,numeric_rounded,0.9,15,16,0.33333333333333337,0.6,0.23076923076923078,5,13,3,3,0.24913933873176575,0.6029731631278992,0.35
1882,True,numeric_exact,1.0,5,5,0.35294117647058826,1.0,0.21428571428571427,3,14,3,3,0.39688000082969666,0.7877597808837891,0.35
1883,False,choice,1.0,C,E,0.11111111111111112,0.25,0.07142857142857142,4,14,1,1,0.22842493653297424,0.46980953216552734,0.35
1884,False,exact,0.3,"B) 4, 5, 12",A,0.3333333333333333,0.5,0.25,6,12,3,3,0.21370285749435425,0.5878703594207764,0.35
1885,False,exact,0.3,B) XW,C,0.5,0.75,0.375,4,8,3,3,0.26996493339538574,0.7777660489082336,0.35
1886,False,choice,1.0,D,C,0.4444444444444445,1.0,0.2857142857142857,4,14,4,4,0.3514229357242584,0.6498759984970093,0.35
1887,False,numeric_mismatch,0.0,The area of the square is 16.,8,0.5263157894736842,0.8333333333333334,0.38461538461538464,6,13,5,5,0.34255197644233704,0.8509002923965454,0.35
1888,False,numeric_mismatch,0.0,0.5,1,0.4,1.0,0.25,3,12,3,3,0.3369195759296417,0.5978443026542664,0.35
1889,True,exact,0.7,None of the numbers from (A) to (D),E,0.5263157894736842,1.0,0.35714285714285715,5,14,5,5,0.3084228038787842,0.9331450462341309,0.35
1890,False,exact,0.3,either red or blue,A,0.5555555555555556,1.0,0.38461538461538464,5,13,5,5,0.4749162495136261,0.8682672381401062,0.35
1891,False,choice,1.0,e,D,0.45454545454545453,0.5,0.4166666666666667,10,12,5,5,0.2744923233985901,0.7416960000991821,0.35
1892,False,numeric_mismatch,0.0,-2,6,0.47058823529411764,0.8,0.3333333333333333,5,12,4,4,0.3619084358215332,0.781017005443573,0.35
1893,False,numeric_mismatch,0.0,3,4,0.5263157894736842,1.0,0.35714285714285715,5,14,5,5,0.3810698091983795,0.8737274408340454,0.35
1894,True,exact,0.7,D) 30°,D,0.75,0.9,0.6428571428571429,10,14,9,9,0.366932213306427,0.9181914925575256,0.35
1895,False,choice,1.0,E,A,0.6,1.0,0.42857142857142855,3,7,3,3,0.28928184509277344,0.5875911116600037,0.35
1896,False,exact,0.3,B) 180°,C,0.4,1.0,0.25,3,12,3,3,0.40825095772743225,0.6558684706687927,0.35
1897,True,choice,1.0,B,B,0.3636363636363636,1.0,0.2222222222222222,4,18,4,4,0.34418728947639465,0.6803205609321594,0.35
1898,False,placeholder,0.0,insufficient information,C,0.0,0.0,0.0,0,12,0,0,0.0,0.0,0.0
1899,True,numeric_exact,1.0,6,6,0.4210526315789474,1.0,0.26666666666666666,4,15,4,4,0.30422672629356384,0.7254266738891602,0.35
1900,False,exact,0.3,C) 24 cm,E,0.6666666666666666,1.0,0.5,6,12,6,6,0.4245063364505768,0.8602324724197388,0.35
1901,False,choice,1.0,B,A,0.4,1.0,0.25,3,12,3,3,0.2627781629562378,0.5341892838478088,0.35
1902,False,exact,0.3,54 cm,D,0.5263157894736842,1.0,0.35714285714285715,5,14,5,5,0.2905789613723755,0.6138112545013428,0.35
1903,False,numeric_mismatch,0.0,27,105,0.47058823529411764,1.0,0.3076923076923077,4,13,4,4,0.4072316884994507,0.880011796951294,0.35
1904,False,numeric_mismatch,0.0,12,9,0.6666666666666666,1.0,0.5,7,14,7,7,0.38831841945648193,0.9120168089866638,0.35
1905,False,numeric_mismatch,0.0,37,17,0.4444444444444445,1.0,0.2857142857142857,4,14,4,4,0.25194090604782104,0.8049553036689758,0.35
1906,False,exact,0.3,B) B,A,0.5333333333333333,1.0,0.36363636363636365,4,11,4,4,0.37446328997612,0.8377583622932434,0.35
1907,False,numeric_mismatch,0.0,78,118,0.47619047619047616,1.0,0.3125,5,16,5,5,0.34617653489112854,0.7636194229125977,0.35
1908,False,choice,1.0,E,A,0.36363636363636365,0.6666666666666666,0.25,3,8,2,2,0.2715241014957428,0.6262480020523071,0.35
1909,True,exact,0.7,B) \(\frac{1}{3}\),A,0.375,1.0,0.23076923076923078,3,13,3,3,0.26701030135154724,0.7782896757125854,0.35
1910,False,exact,0.3,B) 16 m,E,0.39999999999999997,0.75,0.2727272727272727,4,11,3,3,0.24918507039546967,0.642223596572876,0.35
1911,False,choice,1.0,B,D,0.33333333333333337,1.0,0.2,3,15,3,3,0.3406035006046295,0.6989777684211731,0.35
1912,False,exact,0.3,11 cm²,B,0.4,1.0,0.25,3,12,3,3,0.2960120439529419,0.7891077399253845,0.35
1913,False,placeholder,0.0,insufficient information,D,0.0,0.0,0.0,0,14,0,0,0.0,0.0,0.0
1914,False,exact,0.3,B) 30 cm,D,0.6,0.8571428571428571,0.46153846153846156,7,13,6,6,0.327731192111969,0.6699155569076538,0.35
1915,False,numeric_mismatch,0.0,-336,63,0.5238095238095238,0.36666666666666664,0.9166666666666666,30,12,11,11,0.3782973289489746,0.913533627986908,0.35
1916,False,exact,0.3,C) 6.4 cm²,B,0.5,1.0,0.3333333333333333,4,12,4,4,0.4449957311153412,0.8468533754348755,0.35
1917,False,numeric_mismatch,0.0,15,22,0.35294117647058826,0.6,0.25,5,12,3,3,0.24342414736747742,0.7214234471321106,0.35
1918,False,numeric_mismatch,0.0,9,18,0.4,1.0,0.25,3,12,3,3,0.37527868151664734,0.8599062561988831,0.35
1919,False,exact,0.3,B) 24%,D,0.5,1.0,0.3333333333333333,3,9,3,3,0.3451959192752838,0.6620877385139465,0.35
1920,False,numeric_mismatch,0.0,116,39,0.5,1.0,0.3333333333333333,4,12,4,4,0.4618137776851654,0.7706395387649536,0.35
1921,False,numeric_mismatch,0.0,6,10,0.625,1.0,0.45454545454545453,5,11,5,5,0.3581077456474304,0.7364276051521301,0.35
1922,False,exact,0.3,A) \(\frac{1}{6}\),D,0.7499999999999999,1.0,0.6,9,15,9,9,0.32675448060035706,0.8596206307411194,0.35
1923,False,exact,0.3,C) BOOT,E,0.6666666666666666,1.0,0.5,6,12,6,6,0.43523305654525757,0.8032199144363403,0.35
1924,False,choice,1.0,D,C,0.23529411764705882,0.4,0.16666666666666666,5,12,2,2,0.216703400015831,0.6044663190841675,0.35
1925,True,numeric_exact,1.0,20,20,0.5,1.0,0.3333333333333333,4,12,4,4,0.4407780170440674,0.8579935431480408,0.35
1926,False,numeric_mismatch,0.0,2,4,0.2857142857142857,1.0,0.16666666666666666,2,12,2,2,0.2881302535533905,0.69216388463974,0.35
1927,True,exact,0.7,C) 76 cm,C,0.4,1.0,0.25,3,12,3,3,0.3397494852542877,0.8101365566253662,0.35
1928,False,exact,0.3,4 cm,D,0.7000000000000001,1.0,0.5384615384615384,7,13,7,7,0.41491928696632385,0.9081769585609436,0.35
1929,False,exact,0.3,C) 1.5 cm,D,0.8666666666666666,0.8125,0.9285714285714286,16,14,13,13,0.42919254302978516,0.846258819103241,0.35
1930,False,numeric_mismatch,0.0,7,6,0.26666666666666666,0.6666666666666666,0.16666666666666666,3,12,2,2,0.29252129793167114,0.673524022102356,0.35
1931,False,exact,1.0,12°,A,0.375,0.75,0.25,4,12,3,3,0.3169545829296112,0.5504948496818542,0.35
1932,True,exact,0.7,B) 20 cm²,B,0.375,1.0,0.23076923076923078,3,13,3,3,0.40082716941833496,0.7651353478431702,0.35
1933,True,numeric_rounded,0.9,18,17,0.8571428571428571,1.0,0.75,9,12,9,9,0.45373329520225525,0.8923769593238831,0.35
1934,True,exact,0.7,B) 70 cm³,C,0.47058823529411764,0.8,0.3333333333333333,5,12,4,4,0.2796567380428314,0.7501317262649536,0.35
1935,False,numeric_mismatch,0.0,13,7,0.25,0.5,0.16666666666666666,4,12,2,2,0.18988575041294098,0.6385745406150818,0.35
1936,True,exact,0.7,B) 40 m,B,0.7000000000000001,0.875,0.5833333333333334,8,12,7,7,0.32429394125938416,0.7650331854820251,0.35
1937,False,exact,0.3,B) 12 cm x 8 cm,D,0.47058823529411764,0.8,0.3333333333333333,5,12,4,4,0.32819440960884094,0.8309726715087891,0.35
1938,False,exact,0.3,12 cm²,B,0.6,1.0,0.42857142857142855,6,14,6,6,0.3715134561061859,0.7586013078689575,0.35
1939,False,placeholder,0.0,insufficient information,C,0.0,0.0,0.0,0,12,0,0,0.0,0.0,0.0
1940,False,numeric_mismatch,0.0,5,3,0.5555555555555556,0.8333333333333334,0.4166666666666667,6,12,5,5,0.3369485139846802,0.6566815972328186,0.35
1941,True,choice,1.0,E,E,0.4210526315789474,0.5714285714285714,0.3333333333333333,7,12,4,4,0.2769385278224945,0.5676252245903015,0.35
1942,True,numeric_exact,1.0,20,20,0.2666666666666667,1.0,0.15384615384615385,2,13,2,2,0.45759227871894836,0.748121440410614,0.35
1943,False,choice,1.0,E,D,0.35294117647058826,0.6,0.25,5,12,3,3,0.2527938485145569,0.5975481867790222,0.35
1944,False,choice,1.0,E,D,0.4,1.0,0.25,3,12,3,3,0.38825738430023193,0.642382800579071,0.35
1945,True,exact,0.7,D) \(\frac{4}{9}\),D,0.7272727272727273,1.0,0.5714285714285714,4,7,4,4,0.37025389075279236,0.7160184979438782,0.35
1946,True,exact,0.7,"C) 4,6 and 7",A,0.2222222222222222,0.3333333333333333,0.16666666666666666,6,12,2,2,0.14417773485183716,0.8712916374206543,0.35
1947,False,exact,0.3,D) 70°,B,0.8181818181818181,1.0,0.6923076923076923,9,13,9,9,0.5041248798370361,0.9206389784812927,0.35
1948,True,choice,1.0,E,E,0.5,1.0,0.3333333333333333,4,12,4,4,0.3054618835449219,0.5231564044952393,0.35
1949,False,numeric_mismatch,0.0,3,5,0.5882352941176471,1.0,0.4166666666666667,5,12,5,5,0.4663216173648834,0.7196216583251953,0.35
1950,False,exact,0.3,12 cm²,B,0.4615384615384615,1.0,0.3,3,10,3,3,0.2819437086582184,0.7951334714889526,0.35
1951,False,numeric_mismatch,0.0,8,16,0.5263157894736842,1.0,0.35714285714285715,5,14,5,5,0.2509680390357971,0.5798661708831787,0.35
1952,False,numeric_mismatch,0.0,17,32,0.47058823529411764,0.8,0.3333333333333333,5,12,4,4,0.3053072690963745,0.8025214672088623,0.35
1953,False,numeric_mismatch,0.0,9,5,0.75,0.9,0.6428571428571429,10,14,9,9,0.3348114490509033,0.6092500686645508,0.35
1954,False,choice,1.0,D,E,0.46153846153846156,0.75,0.3333333333333333,4,9,3,3,0.27775776386260986,0.741937518119812,0.35
1955,True,exact,0.7,5 and 8,A,0.5454545454545454,0.75,0.42857142857142855,4,7,3,3,0.3505851924419403,0.7081491947174072,0.35
1956,False,exact,0.3,B) \(\frac{5}{8}\),E,0.4,1.0,0.25,3,12,3,3,0.31556370854377747,0.5694047212600708,0.35
1957,False,exact,0.3,D) \(\frac{5}{8}\),B,0.4,1.0,0.25,3,12,3,3,0.3533472716808319,0.6663469672203064,0.35
1958,False,numeric_mismatch,0.0,3,36,0.47058823529411764,1.0,0.3076923076923077,4,13,4,4,0.3929629325866699,0.7701093554496765,0.35
1959,False,numeric_mismatch,0.0,6,4,0.608695652173913,0.7,0.5384615384615384,10,13,7,7,0.32610949873924255,0.7129391431808472,0.35
1960,False,exact,0.3,a = d,E,0.5,1.0,0.3333333333333333,4,12,4,4,0.41810107231140137,0.6482688784599304,0.35
1961,True,exact,0.7,D) 41 km,D,0.39999999999999997,0.4444444444444444,0.36363636363636365,9,11,4,4,0.19297894835472107,0.6282401084899902,0.35
1962,False,choice,1.0,E,C,0.5,1.0,0.3333333333333333,4,12,4,4,0.27140137553215027,0.5875097513198853,0.35
1963,False,numeric_mismatch,0.0,6,8.0,0.6666666666666666,1.0,0.5,6,12,6,6,0.42423394322395325,0.8961858749389648,0.35
1964,False,numeric_mismatch,0.0,27,6,0.5714285714285715,1.0,0.4,6,15,6,6,0.469097763299942,0.9437078833580017,0.35
1965,False,exact,0.3,B) 27 cm²,D,0.47058823529411764,1.0,0.3076923076923077,4,13,4,4,0.5264554023742676,0.9260150790214539,0.35
1966,False,numeric_mismatch,0.0,10,15,0.5333333333333333,0.8,0.4,5,10,4,4,0.32411476969718933,0.5964643955230713,0.35
1967,False,choice,1.0,B,A,0.47058823529411764,1.0,0.3076923076923077,4,13,4,4,0.25706547498703003,0.5231751799583435,0.35
1968,False,exact,0.3,D) \(\sqrt{2}-1\),B,0.6666666666666666,0.8,0.5714285714285714,10,14,8,8,0.32254159450531006,0.7985239624977112,0.35
1969,False,numeric_mismatch,0.0,12,34,0.5263157894736842,1.0,0.35714285714285715,5,14,5,5,0.3323502838611603,0.6297925114631653,0.35
1970,True,choice,1.0,A,A,0.4000000000000001,0.4,0.4,10,10,4,4,0.31021809577941895,0.6323747634887695,0.35
1971,False,exact,0.3,C) 40%,E,0.4,1.0,0.25,3,12,3,3,0.3854227066040039,0.7208227515220642,0.35
1972,False,numeric_mismatch,0.0,1819,-100,0.125,0.3333333333333333,0.07692307692307693,3,13,1,1,0.25500643253326416,0.44628918170928955,0.35
1973,False,exact,0.3,C) C,A,0.5263157894736842,1.0,0.35714285714285715,5,14,5,5,0.3771328926086426,0.6435412764549255,0.35
1974,False,choice,1.0,C,E,0.7368421052631579,1.0,0.5833333333333334,7,12,7,7,0.4156646728515625,0.7960897088050842,0.35
1975,False,choice,1.0,E,B,0.26666666666666666,0.6666666666666666,0.16666666666666666,3,12,2,2,0.2430625706911087,0.4804677367210388,0.35
1976,False,numeric_mismatch,0.0,8,4,0.4615384615384615,1.0,0.3,3,10,3,3,0.468559592962265,0.8472786545753479,0.35
1977,True,numeric_rounded,0.9,2.4,2.5,0.5555555555555556,1.0,0.38461538461538464,5,13,5,5,0.4297856390476227,0.8900548815727234,0.35
1978,False,numeric_mismatch,0.0,4,20,0.47058823529411764,1.0,0.3076923076923077,4,13,4,4,0.3740755319595337,0.8706413507461548,0.35
1979,False,exact,0.3,4 m,C,0.5882352941176471,1.0,0.4166666666666667,5,12,5,5,0.316640168428421,0.8215636610984802,0.35
1980,True,exact,0.7,B) 5.5 cm,C,0.6,0.8571428571428571,0.46153846153846156,7,13,6,6,0.30205363035202026,0.7271824479103088,0.35
1981,True,choice,1.0,E,E,0.5555555555555556,1.0,0.38461538461538464,5,13,5,5,0.27229082584381104,0.8804333806037903,0.35
1982,False,choice,1.0,B,D,0.5555555555555556,1.0,0.38461538461538464,5,13,5,5,0.38981953263282776,0.7019829154014587,0.35
1983,False,numeric_mismatch,0.0,12,10,0.47058823529411764,1.0,0.3076923076923077,4,13,4,4,0.2677355110645294,0.7616357803344727,0.35
1984,False,numeric_mismatch,0.0,4,1,0.4,1.0,0.25,3,12,3,3,0.37206384539604187,0.7438098788261414,0.35
1985,False,numeric_mismatch,0.0,30,6,0.2857142857142857,1.0,0.16666666666666666,2,12,2,2,0.3773956000804901,0.7652264833450317,0.35
1986,False,exact,0.3,"B) 1, 2 and 3",E,0.35294117647058826,1.0,0.21428571428571427,3,14,3,3,0.31119486689567566,0.6897475123405457,0.35
1987,False,numeric_mismatch,0.0,20,7,0.5882352941176471,1.0,0.4166666666666667,5,12,5,5,0.3646116554737091,0.9079298973083496,0.35
1988,True,exact,0.7,C) 84,C,0.5263157894736842,1.0,0.35714285714285715,5,14,5,5,0.26710987091064453,0.7181199789047241,0.35
1989,False,exact,0.3,4 × 6 × 12,C,0.761904761904762,0.8888888888888888,0.6666666666666666,9,12,8,8,0.37748342752456665,0.8211232423782349,0.35
1990,False,choice,1.0,D,A,0.5,1.0,0.3333333333333333,3,9,3,3,0.22815532982349396,0.601591944694519,0.35
1991,False,numeric_mismatch,0.0,3,5,0.6666666666666666,1.0,0.5,6,12,6,6,0.38286176323890686,0.7154642343521118,0.35
1992,True,exact,0.7,D) between 15 and 18,D,0.5,0.625,0.4166666666666667,8,12,5,5,0.30229777097702026,0.5415082573890686,0.35
1993,False,choice,1.0,D,B,0.631578947368421,1.0,0.46153846153846156,6,13,6,6,0.5270323753356934,0.7696133255958557,0.35
1994,False,numeric_mismatch,0.0,10,6,0.4210526315789474,1.0,0.26666666666666666,4,15,4,4,0.29970380663871765,0.9091341495513916,0.35
1995,False,numeric_mismatch,0.0,28,58,0.3157894736842105,1.0,0.1875,3,16,3,3,0.4747128188610077,0.8608678579330444,0.35
1996,False,exact,0.3,40 m²,E,0.4,1.0,0.25,3,12,3,3,0.3451804220676422,0.8778504133224487,0.35
1997,False,exact,0.3,B) \(\frac{4}{3}\),D,0.47058823529411764,1.0,0.3076923076923077,4,13,4,4,0.2430543303489685,0.8023104667663574,0.35
1998,False,numeric_mismatch,0.0,12,54,0.6666666666666666,0.6923076923076923,0.6428571428571429,13,14,9,9,0.33960410952568054,0.8167336583137512,0.35
1999,False,numeric_mismatch,0.0,2,1,0.4,1.0,0.25,3,12,3,3,0.25457197427749634,0.508323609828949,0.35
2000,False,exact,0.3,insufficient information,B,0.761904761904762,1.0,0.6153846153846154,8,13,8,8,0.5375479459762573,0.908133864402771,0.35
2001,False,numeric_mismatch,0.0,105,17,0.375,1.0,0.23076923076923078,3,13,3,3,0.36150622367858887,0.8423265814781189,0.35
2002,False,numeric_mismatch,0.0,10,6,0.5714285714285715,1.0,0.4,6,15,6,6,0.4131966531276703,0.7768207788467407,0.35
2003,False,choice,1.0,B,E,0.375,0.75,0.25,4,12,3,3,0.2560426592826843,0.5128055810928345,0.35
2004,False,choice,1.0,D,A,0.7000000000000001,0.875,0.5833333333333334,8,12,7,7,0.2965959310531616,0.7087885141372681,0.35
2005,True,exact,0.7,A) 4 and 12,A,0.33333333333333337,1.0,0.2,3,15,3,3,0.38404497504234314,0.6512467861175537,0.35
2006,False,exact,0.3,B) $2\vdots6\vdots6$,C,0.4,1.0,0.25,3,12,3,3,0.2936025857925415,0.6381291747093201,0.35
2007,False,choice,1.0,B,D,0.631578947368421,1.0,0.46153846153846156,6,13,6,6,0.4449823200702667,0.6959890127182007,0.35
2008,True,exact,0.7,D) B and C,B,0.3846153846153846,0.45454545454545453,0.3333333333333333,11,15,5,5,0.21822042763233185,0.5888743996620178,0.35
2009,False,placeholder,0.0,insufficient information,12,0.0,0.0,0.0,0,13,0,0,0.0,0.0,0.0
2010,True,numeric_exact,1.0,10,10,0.4615384615384615,1.0,0.3,3,10,3,3,0.3549448251724243,0.6675302982330322,0.35
2011,True,numeric_rounded,0.85,6,7,0.8333333333333333,1.0,0.7142857142857143,10,14,10,10,0.47284311056137085,0.6935786008834839,0.35
2012,True,numeric_rounded,0.85,16,18,0.35294117647058826,0.6,0.25,5,12,3,3,0.22140945494174957,0.4986562132835388,0.35
2013,False,numeric_mismatch,0.0,6,3,0.4444444444444445,1.0,0.2857142857142857,4,14,4,4,0.4408149719238281,0.8730120658874512,0.35
2014,False,numeric_mismatch,0.0,1,6,0.4444444444444445,1.0,0.2857142857142857,4,14,4,4,0.4592166543006897,0.7249178886413574,0.35
2015,False,numeric_mismatch,0.0,28,40,0.4,1.0,0.25,3,12,3,3,0.33984851837158203,0.650706946849823,0.35
2016,False,numeric_mismatch,0.0,8,3,0.5217391304347826,1.0,0.35294117647058826,6,17,6,6,0.4296744763851166,0.7771310806274414,0.35
2017,False,numeric_mismatch,0.0,100,150,0.5263157894736842,1.0,0.35714285714285715,5,14,5,5,0.43132901191711426,0.9246063232421875,0.35
2018,False,exact,0.3,C) 65°,D,0.5599999999999999,0.5384615384615384,0.5833333333333334,13,12,7,7,0.3271596431732178,0.748306930065155,0.35
2019,True,exact,0.7,B) \(\frac{80}{11}\),C,0.5263157894736842,1.0,0.35714285714285715,5,14,5,5,0.2823314368724823,0.847994327545166,0.35
2020,False,numeric_mismatch,0.0,There are 36 ways for Elisabeth to label the fields.,16,0.3,0.75,0.1875,4,16,3,3,0.34997886419296265,0.6219262480735779,0.35
2021,False,numeric_mismatch,0.0,2,11,0.6956521739130435,0.8,0.6153846153846154,10,13,8,8,0.3314034044742584,0.9088594913482666,0.35
2022,True,numeric_exact,1.0,6,6,0.6,1.0,0.42857142857142855,6,14,6,6,0.4154841899871826,0.733181893825531,0.35
2023,True,exact,0.7,D) \(\frac{3}{4}\),A,0.5714285714285715,1.0,0.4,6,15,6,6,0.4040316641330719,0.9124647974967957,0.35
2024,False,numeric_mismatch,0.0,21,18,0.4444444444444445,1.0,0.2857142857142857,4,14,4,4,0.40280720591545105,0.9695354104042053,0.35
2025,True,exact,0.7,C) 54°,C,0.5,1.0,0.3333333333333333,4,12,4,4,0.39503148198127747,0.8573644161224365,0.35
2026,True,exact,0.7,All three strips have the same area,A,0.5,1.0,0.3333333333333333,4,12,4,4,0.45815396308898926,0.7657953500747681,0.35
2027,False,placeholder,0.0,insufficient information,C,0.0,0.0,0.0,0,14,0,0,0.0,0.0,0.0
2028,False,numeric_mismatch,0.0,1,8,0.5,1.0,0.3333333333333333,4,12,4,4,0.313637375831604,0.5507732629776001,0.35
2029,False,choice,1.0,D,C,0.4,1.0,0.25,3,12,3,3,0.2622339725494385,0.7201156616210938,0.35
2030,False,numeric_mismatch,0.0,4,64,0.5,1.0,0.3333333333333333,4,12,4,4,0.36746445298194885,0.7230462431907654,0.35
2031,False,exact,0.3,D) √5 - 2,A,0.375,1.0,0.23076923076923078,3,13,3,3,0.370782732963562,0.6786158680915833,0.35
2032,False,placeholder,0.0,insufficient information,C,0.0,0.0,0.0,0,12,0,0,0.0,0.0,0.0
2033,True,numeric_exact,1.0,18,18,0.5454545454545454,1.0,0.375,6,16,6,6,0.43595707416534424,0.8047955632209778,0.35
2034,False,numeric_mismatch,0.0,√(6² + 12²),7.5,0.5882352941176471,1.0,0.4166666666666667,5,12,5,5,0.4206295907497406,0.8435329794883728,0.35
2035,False,numeric_mismatch,0.0,4,6,0.3636363636363636,1.0,0.2222222222222222,4,18,4,4,0.3070923686027527,0.7219913601875305,0.35
2036,False,exact,0.3,insufficient information,D,0.43478260869565216,0.45454545454545453,0.4166666666666667,11,12,5,5,0.2290395051240921,0.6090618968009949,0.35
2037,False,exact,0.3,E) $2003^2 - 2004$,A,0.631578947368421,1.0,0.46153846153846156,6,13,6,6,0.4431966245174408,0.8931626677513123,0.35
2038,False,numeric_mismatch,0.0,3,5,0.631578947368421,1.0,0.46153846153846156,6,13,6,6,0.4827825725078583,0.839341402053833,0.35
2039,False,exact,0.3,D) √3,B,0.5263157894736842,1.0,0.35714285714285715,5,14,5,5,0.3641054630279541,0.7208825349807739,0.35
2040,True,exact,0.7,A) 1 cm,C,0.8571428571428571,1.0,0.75,9,12,9,9,0.5224255919456482,0.8855016231536865,0.35
2041,False,exact,0.3,D) √40,B,0.4615384615384615,1.0,0.3,3,10,3,3,0.3318052589893341,0.758190393447876,0.35
2042,False,numeric_mismatch,0.0,24,4,0.5882352941176471,1.0,0.4166666666666667,5,12,5,5,0.3428719639778137,0.6491391658782959,0.35
2043,False,choice,1.0,B,A,0.5882352941176471,1.0,0.4166666666666667,5,12,5,5,0.37516164779663086,0.7516999840736389,0.35
2044,False,numeric_mismatch,0.0,2,6,0.4210526315789474,1.0,0.26666666666666666,4,15,4,4,0.38351207971572876,0.736322283744812,0.35
2045,False,numeric_mismatch,0.0,36√2,72,0.8181818181818181,1.0,0.6923076923076923,9,13,9,9,0.46141818165779114,0.9299030900001526,0.35
2046,False,exact,0.3,"B) $3,5,6,7$",A,0.4,1.0,0.25,3,12,3,3,0.31955698132514954,0.7485648989677429,0.35
2047,False,placeholder,0.0,insufficient information,4,0.0,0.0,0.0,0,12,0,0,0.0,0.0,0.0
2048,False,exact,0.3,B) 600°,A,0.6666666666666666,1.0,0.5,6,12,6,6,0.41855818033218384,0.7180531620979309,0.35
2049,True,exact,0.7,B) 20 m,B,0.7857142857142857,0.9166666666666666,0.6875,12,16,11,11,0.3671671450138092,0.8287410736083984,0.35
2050,False,numeric_mismatch,0.0,12,4,0.4,1.0,0.25,3,12,3,3,0.3056359589099884,0.6231198906898499,0.35
2051,False,numeric_mismatch,0.0,2,6,0.4,0.8,0.26666666666666666,5,15,4,4,0.323670357465744,0.6126523613929749,0.35
2052,False,exact,0.3,12 m,C,0.5454545454545455,0.6666666666666666,0.46153846153846156,9,13,6,6,0.2761259377002716,0.6310589909553528,0.35
2053,False,numeric_mismatch,0.0,12,2,0.625,0.8333333333333334,0.5,6,10,5,5,0.29688534140586853,0.7094317674636841,0.35
2054,False,numeric_mismatch,0.0,64,768,0.35294117647058826,1.0,0.21428571428571427,3,14,3,3,0.49110594391822815,0.712381899356842,0.35
2055,True,exact,0.7,B) 45°,B,0.5,1.0,0.3333333333333333,4,12,4,4,0.3552004098892212,0.6257475018501282,0.35
2056,False,exact,0.3,C) \(\frac{3}{5}\),E,0.6363636363636364,1.0,0.4666666666666667,7,15,7,7,0.44084081053733826,0.8765857219696045,0.35
2057,False,numeric_mismatch,0.0,x = 8,11,0.7368421052631579,1.0,0.5833333333333334,7,12,7,7,0.45775309205055237,0.8705407381057739,0.35
2058,False,numeric_mismatch,0.0,G can be 0.,1,0.23529411764705882,0.5,0.15384615384615385,4,13,2,2,0.18678155541419983,0.4355224668979645,0.35
2059,False,numeric_mismatch,0.0,18,12,0.375,1.0,0.23076923076923078,3,13,3,3,0.44838353991508484,0.7157200574874878,0.35
2060,False,exact,0.3,C) 2(√(5)-2),E,0.8333333333333333,1.0,0.7142857142857143,10,14,10,10,0.4118392765522003,0.8580781817436218,0.35
2061,False,placeholder,0.0,insufficient information,A,0.0,0.0,0.0,0,12,0,0,0.0,0.0,0.0
2062,False,numeric_mismatch,0.0,192,486,0.5263157894736842,1.0,0.35714285714285715,5,14,5,5,0.40057986974716187,0.7186119556427002,0.35
2063,True,exact,0.7,C) 10 π+5 π √2,C,0.761904761904762,1.0,0.6153846153846154,8,13,8,8,0.33968037366867065,0.7335211634635925,0.35
2064,False,exact,0.3,B) $S_{1}+S_{3}+S_{5}+S_{7}$,A,0.5,1.0,0.3333333333333333,4,12,4,4,0.31548985838890076,0.7488759756088257,0.35
2065,False,numeric_mismatch,0.0,6,4,0.47058823529411764,1.0,0.3076923076923077,4,13,4,4,0.29114487767219543,0.674001157283783,0.35
2066,False,exact,1.0,RGGR,A,0.4444444444444445,1.0,0.2857142857142857,4,14,4,4,0.4261474013328552,0.6061742305755615,0.35
2067,False,numeric_mismatch,0.0,16,25,0.5263157894736842,1.0,0.35714285714285715,5,14,5,5,0.2559952437877655,0.6097379922866821,0.35
2068,False,exact,0.3,15 π + 16,A,0.7692307692307693,0.7692307692307693,0.7692307692307693,13,13,10,10,0.33502015471458435,0.7680087685585022,0.35
2069,False,numeric_mismatch,0.0,6,90,0.25,1.0,0.14285714285714285,2,14,2,2,0.2654706537723541,0.5811590552330017,0.35
2070,True,exact,0.7,B) 6 + π,B,0.5263157894736842,1.0,0.35714285714285715,5,14,5,5,0.3981543481349945,0.880115807056427,0.35
2071,False,exact,0.3,E) S = Q + 3s,A,0.5263157894736842,1.0,0.35714285714285715,5,14,5,5,0.38679346442222595,0.7774453163146973,0.35
2072,False,exact,0.3,B) \(\frac{1}{\sqrt{2}}\),D,0.5263157894736842,1.0,0.35714285714285715,5,14,5,5,0.3554152846336365,0.7784690260887146,0.35
2073,False,numeric_mismatch,0.0,18,72,0.4,1.0,0.25,3,12,3,3,0.34741073846817017,0.7902650833129883,0.35
2074,False,choice,1.0,A,B,0.375,1.0,0.23076923076923078,3,13,3,3,0.2576168477535248,0.6893001198768616,0.35
2075,True,exact,0.7,B) √13,B,0.5555555555555556,1.0,0.38461538461538464,5,13,5,5,0.3069830536842346,0.7372009754180908,0.35
2076,False,placeholder,0.0,insufficient information,9,0.0,0.0,0.0,0,12,0,0,0.0,0.0,0.0
2077,False,exact,0.3,6 cm,B,0.7368421052631579,1.0,0.5833333333333334,7,12,7,7,0.32555097341537476,0.7489758729934692,0.35
2078,True,exact,0.7,B) \(\frac{1}{3}\),A,0.4,1.0,0.25,3,12,3,3,0.30395185947418213,0.7119066715240479,0.35
2079,False,choice,1.0,C,A,0.6666666666666666,1.0,0.5,6,12,6,6,0.32957661151885986,0.714269757270813,0.35
2080,True,exact,0.7,None of the provided options match the calculated value.,A,0.6666666666666667,0.875,0.5384615384615384,8,13,7,7,0.3388340175151825,0.785068690776825,0.35
2081,False,exact,0.3,B) \(\frac{5 \pi}{3}\),D,0.4444444444444444,0.8,0.3076923076923077,5,13,4,4,0.2710760831832886,0.6117315888404846,0.35
2082,False,numeric_mismatch,0.0,10,6,0.4444444444444445,1.0,0.2857142857142857,4,14,4,4,0.3454398214817047,0.7414781451225281,0.35
2083,False,exact,0.3,E) 7-pyramid,B,0.375,1.0,0.23076923076923078,3,13,3,3,0.4557499587535858,0.8343956470489502,0.35
2084,False,numeric_mismatch,0.0,8,10,0.5454545454545454,1.0,0.375,6,16,6,6,0.36210742592811584,0.8820750117301941,0.35
2085,False,exact,0.3,C) \(\sqrt{5}-\sqrt{2}\),E,0.4444444444444444,0.8,0.3076923076923077,5,13,4,4,0.291002482175827,0.5953682661056519,0.35
2086,False,numeric_mismatch,0.0,6,3,0.4,1.0,0.25,3,12,3,3,0.3146020174026489,0.6041737198829651,0.35
2087,True,numeric_rounded,0.9,18,17,0.4444444444444444,0.8,0.3076923076923077,5,13,4,4,0.3244602084159851,0.7600034475326538,0.35
2088,False,exact,0.3,80 - 12π,B,0.631578947368421,1.0,0.46153846153846156,6,13,6,6,0.4028843343257904,0.7937350869178772,0.35
2089,True,exact,0.7,B) 124°,B,0.5882352941176471,1.0,0.4166666666666667,5,12,5,5,0.3951633870601654,0.7464989423751831,0.35
2090,True,choice,1.0,B,B,0.47058823529411764,1.0,0.3076923076923077,4,13,4,4,0.38804948329925537,0.7431169152259827,0.35
2091,False,exact,0.3,B) √5,E,0.4210526315789474,1.0,0.26666666666666666,4,15,4,4,0.37248897552490234,0.6592154502868652,0.35
2092,False,numeric_mismatch,0.0,4,6,0.5263157894736842,1.0,0.35714285714285715,5,14,5,5,0.3621594309806824,0.8275162577629089,0.35
2093,True,numeric_rounded,0.85,16,14,0.47619047619047616,1.0,0.3125,5,16,5,5,0.2682601809501648,0.722791314125061,0.35
2094,False,exact,0.3,C) 40 cm²,B,0.8461538461538461,0.7857142857142857,0.9166666666666666,14,12,11,11,0.3922315239906311,0.8971531987190247,0.35
2095,True,exact,0.7,all figures are possible,E,0.608695652173913,0.875,0.4666666666666667,8,15,7,7,0.27827930450439453,0.7399340271949768,0.35
2096,False,placeholder,0.0,insufficient information,A,0.0,0.0,0.0,0,14,0,0,0.0,0.0,0.0
2097,False,exact,0.3,D) √5 - 1,A,0.45454545454545453,1.0,0.29411764705882354,5,17,5,5,0.3853515088558197,0.7905977368354797,0.35
2098,True,exact,0.7,D) 40°,D,0.5263157894736842,0.7142857142857143,0.4166666666666667,7,12,5,5,0.22430658340454102,0.5516682863235474,0.35
2099,False,numeric_mismatch,0.0,3,2,0.4,1.0,0.25,3,12,3,3,0.20021778345108032,0.6892380714416504,0.35
2100,False,placeholder,0.0,insufficient information,C,0.0,0.0,0.0,0,13,0,0,0.0,0.0,0.0
2101,True,exact,0.7,D) Doris,D,0.47058823529411764,1.0,0.3076923076923077,4,13,4,4,0.252269983291626,0.6732796430587769,0.35
2102,False,numeric_mismatch,0.0,2,3,0.4,1.0,0.25,3,12,3,3,0.3265800178050995,0.7999470829963684,0.35
2103,False,exact,0.3,0.8 m,C,0.5714285714285715,1.0,0.4,6,15,6,6,0.49959999322891235,0.8822532892227173,0.35
2104,True,exact,0.7,C) 45%,C,0.6363636363636364,0.7777777777777778,0.5384615384615384,9,13,7,7,0.2979690730571747,0.6674546003341675,0.35
2105,False,numeric_mismatch,0.0,4,13,0.5833333333333334,0.7777777777777778,0.4666666666666667,9,15,7,7,0.23772475123405457,0.6341871023178101,0.35
2106,False,numeric_mismatch,0.0,6,114,0.5263157894736842,1.0,0.35714285714285715,5,14,5,5,0.27916219830513,0.9362446069717407,0.35
2107,True,exact,0.7,C) 26 cm²,C,0.2666666666666667,1.0,0.15384615384615385,2,13,2,2,0.4947020411491394,0.7614717483520508,0.35
2108,False,numeric_mismatch,0.0,3,1,0.47058823529411764,1.0,0.3076923076923077,4,13,4,4,0.3343544006347656,0.802417516708374,0.35
2109,True,exact,0.7,C) X and T,C,0.5882352941176471,1.0,0.4166666666666667,5,12,5,5,0.24298568069934845,0.6450347304344177,0.35
2110,False,numeric_mismatch,0.0,18,12,0.782608695652174,1.0,0.6428571428571429,9,14,9,9,0.44445982575416565,0.9299830794334412,0.35
2111,False,numeric_mismatch,0.0,2,6,0.4444444444444445,1.0,0.2857142857142857,4,14,4,4,0.35334041714668274,0.7601351141929626,0.35
2112,False,numeric_mismatch,0.0,17.32,45,0.3529411764705882,0.75,0.23076923076923078,4,13,3,3,0.2989482879638672,0.5614388585090637,0.35
2113,False,numeric_mismatch,0.0,6,5,0.4,1.0,0.25,3,12,3,3,0.3193165361881256,0.7825935482978821,0.35
2114,False,numeric_mismatch,0.0,40,12,0.4210526315789474,1.0,0.26666666666666666,4,15,4,4,0.2975269854068756,0.7111573219299316,0.35
2115,True,numeric_exact,1.0,3,3,0.6363636363636364,0.875,0.5,8,14,7,7,0.3397884666919708,0.6522247791290283,0.35
2116,False,numeric_mismatch,0.0,600,225,0.7272727272727274,0.8888888888888888,0.6153846153846154,9,13,8,8,0.3710382580757141,0.8917121291160583,0.35
2117,True,choice,1.0,B,B,0.47058823529411764,1.0,0.3076923076923077,4,13,4,4,0.37176021933555603,0.7619898319244385,0.35
2118,True,exact,0.7,B) \(\frac{\sqrt{3} \pi}{12} r^{2}\),C,0.6666666666666666,1.0,0.5,6,12,6,6,0.38105326890945435,0.8087698817253113,0.35
2119,True,exact,0.7,All shapes have the same area.,E,0.4,0.5714285714285714,0.3076923076923077,7,13,4,4,0.29479482769966125,0.6650179028511047,0.35
2120,False,numeric_mismatch,0.0,9,6,0.4,1.0,0.25,4,16,4,4,0.36233624815940857,0.8425924777984619,0.35
2121,False,choice,1.0,A,D,0.4,1.0,0.25,3,12,3,3,0.42964082956314087,0.8637336492538452,0.35
2122,True,exact,0.7,8 cm,C,0.5555555555555556,1.0,0.38461538461538464,5,13,5,5,0.4554227590560913,0.8379225134849548,0.35
2123,False,exact,1.0,6,C,0.47058823529411764,1.0,0.3076923076923077,4,13,4,4,0.33304932713508606,0.7591277956962585,0.35
2124,True,exact,0.7,B) 10 / 3,B,0.6,1.0,0.42857142857142855,6,14,6,6,0.36972782015800476,0.7714647054672241,0.35
2125,False,numeric_mismatch,0.0,6,4,0.5882352941176471,1.0,0.4166666666666667,5,12,5,5,0.38554713129997253,0.6899797916412354,0.35
2126,False,numeric_mismatch,0.0,12,8,0.4,0.8,0.26666666666666666,5,15,4,4,0.3071099817752838,0.8277549147605896,0.35
2127,False,exact,0.3,insufficient information,D,0.5714285714285714,0.8888888888888888,0.42105263157894735,9,19,8,8,0.3518020510673523,0.9425996541976929,0.35
2128,False,exact,0.3,18 cm²,B,0.5,1.0,0.3333333333333333,4,12,4,4,0.3946259915828705,0.7683882713317871,0.35
2129,False,numeric_mismatch,0.0,Column 1,5,0.5263157894736842,1.0,0.35714285714285715,5,14,5,5,0.3154216706752777,0.5637577772140503,0.35
2130,False,numeric_mismatch,0.0,3,4,0.4,1.0,0.25,3,12,3,3,0.2658194303512573,0.637661874294281,0.35
2131,False,exact,0.3,$2.80 €$,C,0.4444444444444444,0.6666666666666666,0.3333333333333333,6,12,4,4,0.2398587018251419,0.9355627298355103,0.35
2132,False,exact,0.3,C) 1 / 4,A,0.4,1.0,0.25,3,12,3,3,0.2952021360397339,0.6854847073554993,0.35
2133,True,choice,1.0,E,E,0.4210526315789474,1.0,0.26666666666666666,4,15,4,4,0.3031364977359772,0.6459510922431946,0.35
2134,True,choice,1.0,D,D,0.375,1.0,0.23076923076923078,3,13,3,3,0.4365065097808838,0.7293842434883118,0.35
2135,False,placeholder,0.0,insufficient information,D,0.0,0.0,0.0,0,15,0,0,0.0,0.0,0.0
2136,True,numeric_exact,1.0,4028 cm,4028,0.5263157894736842,1.0,0.35714285714285715,5,14,5,5,0.3094811737537384,0.8370836973190308,0.35
2137,False,numeric_mismatch,0.0,30,80,0.5263157894736842,1.0,0.35714285714285715,5,14,5,5,0.38889557123184204,0.9048061370849609,0.35
2138,True,exact,0.7,It depends on the position of the rectangle and its side lengths.,D,0.23529411764705882,0.6666666666666666,0.14285714285714285,3,14,2,2,0.2206713855266571,0.6672139763832092,0.35
2139,False,exact,1.0,AC,A,0.5263157894736842,0.7142857142857143,0.4166666666666667,7,12,5,5,0.2502244710922241,0.5548937320709229,0.35
2140,False,numeric_mismatch,0.0,3,12,0.47058823529411764,1.0,0.3076923076923077,4,13,4,4,0.30660679936408997,0.6426700949668884,0.35
2141,False,exact,0.3,a < b < c,E,0.5,0.75,0.375,4,8,3,3,0.24880358576774597,0.6086795926094055,0.35
2142,False,exact,0.3,16 cm²,A,0.375,1.0,0.23076923076923078,3,13,3,3,0.45705902576446533,0.9051211476325989,0.35
2143,False,placeholder,0.0,insufficient information,C,0.0,0.0,0.0,0,15,0,0,0.0,0.0,0.0
2144,True,exact,0.7,C) 120 x 90,C,0.5714285714285715,1.0,0.4,6,15,6,6,0.3008241057395935,0.8304643034934998,0.35
2145,False,exact,0.3,E) 14 cm²,D,0.5454545454545454,1.0,0.375,3,8,3,3,0.3386639654636383,0.747994601726532,0.35
2146,False,numeric_mismatch,0.0,35,23,0.5882352941176471,1.0,0.4166666666666667,5,12,5,5,0.38171592354774475,0.7351554036140442,0.35
2147,False,numeric_mismatch,0.0,6,9,0.375,0.75,0.25,4,12,3,3,0.32455921173095703,0.7753801941871643,0.35
2148,False,numeric_mismatch,0.0,17,9,0.5,1.0,0.3333333333333333,4,12,4,4,0.4049520492553711,0.6752061247825623,0.35
2149,True,exact,0.7,B) 45°,B,0.5263157894736842,1.0,0.35714285714285715,5,14,5,5,0.4640327990055084,0.8875855207443237,0.35
2150,True,exact,0.7,B) \frac{125}{8},B,0.6923076923076923,0.9,0.5625,10,16,9,9,0.30527183413505554,0.8955332040786743,0.35
2151,False,exact,0.3,E) \(\frac{\pi a^2}{4}\),B,0.4444444444444444,0.8,0.3076923076923077,5,13,4,4,0.279240220785141,0.7536778450012207,0.35
2152,False,choice,1.0,E,B,0.6666666666666666,1.0,0.5,7,14,7,7,0.34374263882637024,0.6122278571128845,0.35
2153,False,exact,0.3,D) \(\frac{2}{3}\),B,0.4444444444444445,1.0,0.2857142857142857,4,14,4,4,0.37731775641441345,0.8772319555282593,0.35
2154,False,exact,0.3,B) \(\sqrt{10} + \sqrt{2}\),C,0.47058823529411764,1.0,0.3076923076923077,4,13,4,4,0.28640633821487427,0.808371365070343,0.35
2155,False,numeric_mismatch,0.0,15,25,0.7142857142857142,0.7692307692307693,0.6666666666666666,13,15,10,10,0.33060967922210693,0.8664975762367249,0.35
2156,True,exact,0.7,C) $b$ and $c$,D,0.4,1.0,0.25,3,12,3,3,0.2579289376735687,0.677642822265625,0.35
2157,False,numeric_mismatch,0.0,3,0,0.1111111111111111,0.3333333333333333,0.06666666666666667,3,15,1,1,0.20868492126464844,0.4118637442588806,0.35
2158,False,placeholder,0.0,insufficient information,D,0.0,0.0,0.0,0,14,0,0,0.0,0.0,0.0
2159,False,exact,0.3,2√2 - 1,A,0.7000000000000001,1.0,0.5384615384615384,7,13,7,7,0.40366220474243164,0.8808024525642395,0.35
2160,False,exact,1.0,87.5%,C,0.5882352941176471,1.0,0.4166666666666667,5,12,5,5,0.264990895986557,0.5543732047080994,0.35
2161,False,numeric_mismatch,0.0,25,4,0.33333333333333337,0.6,0.23076923076923078,5,13,3,3,0.2509152591228485,0.54891437292099,0.35
2162,True,exact,0.7,In the left picture the band is π cm shorter.,E,0.8695652173913044,1.0,0.7692307692307693,10,13,10,10,0.3422173261642456,0.6473833322525024,0.35
2163,False,numeric_mismatch,0.0,3,5,0.36363636363636365,0.6666666666666666,0.25,6,16,4,4,0.34011149406433105,0.853992760181427,0.35
2164,False,exact,0.3,D) 360°,B,0.7368421052631579,1.0,0.5833333333333334,7,12,7,7,0.40065842866897583,0.8522148132324219,0.35
2165,False,exact,0.3,1.25 m,C,0.4,1.0,0.25,4,16,4,4,0.298026442527771,0.8154478073120117,0.35
2166,True,numeric_rounded,0.9,13,12,0.47619047619047616,1.0,0.3125,5,16,5,5,0.3174877166748047,0.7034217119216919,0.35
2167,False,choice,1.0,C,E,0.5,1.0,0.3333333333333333,4,12,4,4,0.3580053746700287,0.7843982577323914,0.35
2168,False,choice,1.0,B,E,0.4444444444444445,1.0,0.2857142857142857,4,14,4,4,0.3856014609336853,0.7744280099868774,0.35
2169,True,choice,1.0,E,E,0.5555555555555556,1.0,0.38461538461538464,5,13,5,5,0.3581533133983612,0.8757912516593933,0.35
2170,True,numeric_rounded,0.9,37.5,35,0.8666666666666667,0.8666666666666667,0.8666666666666667,15,15,13,13,0.38944658637046814,0.870263397693634,0.35
2171,False,exact,1.0,1,D,0.5882352941176471,1.0,0.4166666666666667,5,12,5,5,0.4338911175727844,0.8592159152030945,0.35
2172,False,placeholder,0.0,insufficient information,B,0.0,0.0,0.0,0,13,0,0,0.0,0.0,0.0
2173,False,numeric_mismatch,0.0,6,0,0.3333333333333333,0.75,0.21428571428571427,4,14,3,3,0.2779752016067505,0.716118574142456,0.35
2174,False,exact,0.3,C) √(2020² - 4),D,0.8,1.0,0.6666666666666666,8,12,8,8,0.36227336525917053,0.7740400433540344,0.35
2175,False,numeric_mismatch,0.0,5,14,0.6,1.0,0.42857142857142855,6,14,6,6,0.38902267813682556,0.828969419002533,0.35
2176,False,exact,1.0,90%,B,0.4761904761904762,0.7142857142857143,0.35714285714285715,7,14,5,5,0.32139286398887634,0.8938960433006287,0.35
2177,False,placeholder,0.0,insufficient information,6,0.0,0.0,0.0,0,18,0,0,0.0,0.0,0.0
2178,False,numeric_mismatch,0.0,The longest chain built this way which also contains the thick light ring is 6 atoms long.,5,0.4,1.0,0.25,3,12,3,3,0.3575551211833954,0.6860259175300598,0.35
2179,True,exact,0.7,insufficient information,C,0.6666666666666666,1.0,0.5,6,12,6,6,0.35523611307144165,0.6977724432945251,0.35
2180,False,exact,0.3,X = Y = Z,A,0.47058823529411764,1.0,0.3076923076923077,4,13,4,4,0.43825000524520874,0.8641700744628906,0.35
2181,True,numeric_exact,1.0,15,15,0.1111111111111111,0.16666666666666666,0.08333333333333333,6,12,1,1,0.12788574397563934,0.5392791628837585,0.35
2182,False,numeric_mismatch,0.0,3,16,0.35294117647058826,1.0,0.21428571428571427,3,14,3,3,0.2757786214351654,0.5375449061393738,0.35
2183,False,numeric_mismatch,0.0,4π,8,0.8,1.0,0.6666666666666666,8,12,8,8,0.5075830817222595,0.8804730772972107,0.35
2184,False,numeric_mismatch,0.0,8,3,0.3157894736842105,1.0,0.1875,3,16,3,3,0.37687113881111145,0.6297618746757507,0.35
2185,True,numeric_exact,1.0,38,38,0.47058823529411764,1.0,0.3076923076923077,4,13,4,4,0.35729342699050903,0.6274734139442444,0.35
2186,True,numeric_rounded,0.9,3026,3025,0.5714285714285715,1.0,0.4,6,15,6,6,0.3341886103153229,0.6629177331924438,0.35
2187,False,choice,1.0,C,A,0.4444444444444445,1.0,0.2857142857142857,4,14,4,4,0.39159274101257324,0.732940673828125,0.35
2188,True,exact,0.7,D) 2√3 cm,D,0.4444444444444445,1.0,0.2857142857142857,4,14,4,4,0.45348015427589417,0.8144994974136353,0.35
2189,False,choice,1.0,B,E,0.631578947368421,1.0,0.46153846153846156,6,13,6,6,0.4623125493526459,0.7257529497146606,0.35
2190,False,choice,1.0,E,B,0.5,1.0,0.3333333333333333,4,12,4,4,0.3101052939891815,0.6688387393951416,0.35
2191,False,exact,0.3,E) α + β = 45°,B,0.35294117647058826,1.0,0.21428571428571427,3,14,3,3,0.40156927704811096,0.7157589197158813,0.35
2192,False,choice,1.0,B,A,0.2222222222222222,0.3333333333333333,0.16666666666666666,6,12,2,2,0.2750197947025299,0.5727927684783936,0.35
2193,True,exact,0.7,"B) 1,2 and 9",B,0.6666666666666666,1.0,0.5,6,12,6,6,0.3013475835323334,0.7157573699951172,0.35
2194,False,exact,0.3,D) 3:10,E,0.5555555555555556,1.0,0.38461538461538464,5,13,5,5,0.39932456612586975,0.8253518342971802,0.35
2195,True,numeric_exact,1.0,There are multiple ways to cover the diagram in <image2> with the L-shaped figures.,2,0.5555555555555556,1.0,0.38461538461538464,5,13,5,5,0.3132919371128082,0.6001725792884827,0.35
2196,True,exact,0.7,B) \(\frac{5 \pi R}{3}\),A,0.4210526315789474,1.0,0.26666666666666666,4,15,4,4,0.3885083496570587,0.699905514717102,0.35
2197,False,numeric_mismatch,0.0,3,5,0.47058823529411764,1.0,0.3076923076923077,4,13,4,4,0.4303777813911438,0.7791710495948792,0.35
2198,True,exact,0.7,D) \(\frac{4}{3} \text{ cm}^2\),A,0.5555555555555556,1.0,0.38461538461538464,5,13,5,5,0.3759613633155823,0.8456674814224243,0.35
2199,False,exact,0.3,"only at P, R, S or T, not at Q",C,0.5714285714285714,0.8571428571428571,0.42857142857142855,7,14,6,6,0.23215267062187195,0.6461299657821655,0.35
2200,False,numeric_mismatch,0.0,6,1,0.4,1.0,0.25,3,12,3,3,0.2898980677127838,0.7559512257575989,0.35
2201,False,exact,1.0,BB,B,0.4761904761904762,0.625,0.38461538461538464,8,13,5,5,0.256239116191864,0.7000575661659241,0.35
2202,False,exact,0.3,18 cm,E,0.4,1.0,0.25,3,12,3,3,0.3731488883495331,0.7486080527305603,0.35
2203,True,numeric_rounded,0.9,6,5.5,0.4444444444444445,1.0,0.2857142857142857,4,14,4,4,0.3195663094520569,0.7743291258811951,0.35
2204,True,numeric_exact,1.0,1:1,1,0.631578947368421,1.0,0.46153846153846156,6,13,6,6,0.3993986248970032,0.8613095283508301,0.35
2205,False,exact,0.3,C) 3 km,D,0.5555555555555556,1.0,0.38461538461538464,5,13,5,5,0.3321187198162079,0.8968281745910645,0.35
2206,False,numeric_mismatch,0.0,36,81,0.2727272727272727,1.0,0.15789473684210525,3,19,3,3,0.33601343631744385,0.8145066499710083,0.35
2207,False,exact,0.3,C) 120°,E,0.8571428571428571,1.0,0.75,9,12,9,9,0.3983689844608307,0.7216660976409912,0.35
2208,False,exact,1.0,1010^2,D,0.5263157894736842,1.0,0.35714285714285715,5,14,5,5,0.35231465101242065,0.7466453313827515,0.35
2209,False,exact,0.3,20 cm,A,0.4210526315789474,1.0,0.26666666666666666,4,15,4,4,0.3044995665550232,0.5724732279777527,0.35
2210,True,exact,0.7,B) \(\frac{2}{9}\),A,0.8333333333333333,1.0,0.7142857142857143,10,14,10,10,0.44520291686058044,0.8711330890655518,0.35
2211,False,exact,0.3,B) 36 cm²,E,0.4444444444444445,1.0,0.2857142857142857,4,14,4,4,0.3650893568992615,0.6686632633209229,0.35
2212,False,numeric_mismatch,0.0,60,120,0.35294117647058826,1.0,0.21428571428571427,3,14,3,3,0.34011557698249817,0.6939581036567688,0.35
2213,False,exact,0.3,16 m,C,0.5,1.0,0.3333333333333333,4,12,4,4,0.26756322383880615,0.5541872978210449,0.35
2214,False,numeric_mismatch,0.0,36,1536,0.38095238095238093,1.0,0.23529411764705882,4,17,4,4,0.35287874937057495,0.6341491937637329,0.35
2215,False,choice,1.0,C,B,0.380952380952381,0.5,0.3076923076923077,8,13,4,4,0.2644624412059784,0.6001914143562317,0.35
2216,False,exact,0.3,E) P=Q=R,B,0.47058823529411764,1.0,0.3076923076923077,4,13,4,4,0.33208340406417847,0.7404211163520813,0.35
2217,False,exact,0.3,4 cm,B,0.7272727272727274,0.8888888888888888,0.6153846153846154,9,13,8,8,0.3626653254032135,0.7515999674797058,0.35
2218,True,exact,0.7,30 cm²,C,0.6,1.0,0.42857142857142855,6,14,6,6,0.4276372790336609,0.9114772081375122,0.35
2219,True,exact,0.7,21 cm,C,0.782608695652174,1.0,0.6428571428571429,9,14,9,9,0.41537410020828247,0.8406189680099487,0.35
2220,True,choice,1.0,D,D,0.4210526315789474,1.0,0.26666666666666666,4,15,4,4,0.3892139196395874,0.7468024492263794,0.35
2221,True,numeric_exact,1.0,1,1,0.5555555555555556,1.0,0.38461538461538464,5,13,5,5,0.4189090132713318,0.825896680355072,0.35
2222,False,exact,0.3,B) 11°,A,0.4444444444444444,0.8,0.3076923076923077,5,13,4,4,0.27841508388519287,0.7524613738059998,0.35
2223,False,numeric_mismatch,0.0,4,6,0.5,0.8333333333333334,0.35714285714285715,6,14,5,5,0.3278626799583435,0.6366840600967407,0.35
2224,False,numeric_mismatch,0.0,68,16,0.47058823529411764,1.0,0.3076923076923077,4,13,4,4,0.3072046935558319,0.5067977905273438,0.35
2225,True,exact,0.7,insufficient information,C,0.5263157894736842,1.0,0.35714285714285715,5,14,5,5,0.2984781861305237,0.7243887186050415,0.35
2226,False,placeholder,0.0,insufficient information,4045,0.0,0.0,0.0,0,15,0,0,0.0,0.0,0.0
2227,True,exact,0.7,E) \(\frac{\sqrt{3}}{3}\),E,0.2222222222222222,0.3333333333333333,0.16666666666666666,6,12,2,2,0.23811067640781403,0.7066811919212341,0.35
2228,False,numeric_mismatch,0.0,6,5,0.4444444444444445,1.0,0.2857142857142857,4,14,4,4,0.4318673610687256,0.7381405830383301,0.35
2229,False,numeric_mismatch,0.0,21,9,0.47058823529411764,1.0,0.3076923076923077,4,13,4,4,0.43120530247688293,0.8557844161987305,0.35
2230,False,numeric_mismatch,0.0,2,3,0.35294117647058826,1.0,0.21428571428571427,3,14,3,3,0.3258668780326843,0.7320048213005066,0.35
2231,False,numeric_mismatch,0.0,7,12,0.5263157894736842,1.0,0.35714285714285715,5,14,5,5,0.4155888557434082,0.6775627732276917,0.35
2232,True,exact,0.7,B) \(\frac{1}{4}\),B,0.5263157894736842,1.0,0.35714285714285715,5,14,5,5,0.35122546553611755,0.6605504751205444,0.35
2233,False,choice,1.0,E,C,0.25,0.6666666666666666,0.15384615384615385,3,13,2,2,0.17004212737083435,0.6593563556671143,0.35
2234,False,numeric_mismatch,0.0,77,6,0.47058823529411764,1.0,0.3076923076923077,4,13,4,4,0.40847525000572205,0.5693727731704712,0.35
2235,False,numeric_mismatch,0.0,33,17,0.5263157894736842,1.0,0.35714285714285715,5,14,5,5,0.4732082784175873,0.7740408778190613,0.35
2236,True,exact,0.7,B) 2π,B,0.47058823529411764,1.0,0.3076923076923077,4,13,4,4,0.4186970293521881,0.7220999598503113,0.35
2237,False,numeric_mismatch,0.0,There are 120 different ways for Maja to go from X to Y.,5,0.4444444444444444,0.8,0.3076923076923077,5,13,4,4,0.25618648529052734,0.6097736358642578,0.35
2238,True,exact,0.7,E) \(\frac{9}{8}\),A,0.47058823529411764,1.0,0.3076923076923077,4,13,4,4,0.34139496088027954,0.7334628105163574,0.35
2239,True,numeric_exact,1.0,3,3,0.5555555555555556,1.0,0.38461538461538464,5,13,5,5,0.3951300382614136,0.8555305600166321,0.35
2240,False,exact,0.3,B) \(\frac{2}{3}\),E,0.5263157894736842,1.0,0.35714285714285715,5,14,5,5,0.3185828924179077,0.781895101070404,0.35
2241,False,numeric_mismatch,0.0,4^5,20,0.125,0.25,0.08333333333333333,4,12,1,1,0.18087315559387207,0.5105017423629761,0.35
2242,True,numeric_rounded,0.85,45,40,0.8181818181818181,1.0,0.6923076923076923,9,13,9,9,0.4654094874858856,0.8481603860855103,0.35
2243,False,exact,0.3,A) 3 g,C,0.6086956521739131,1.0,0.4375,7,16,7,7,0.5209599733352661,0.812350869178772,0.35
2244,False,numeric_mismatch,0.0,35,17.5,0.375,1.0,0.23076923076923078,3,13,3,3,0.3610907196998596,0.5457191467285156,0.35
2245,False,choice,1.0,C,A,0.4,1.0,0.25,4,16,4,4,0.27660903334617615,0.6731287240982056,0.35
2246,False,exact,0.3,B) 2,C,0.5555555555555556,1.0,0.38461538461538464,5,13,5,5,0.3260688781738281,0.7957473397254944,0.35
2247,True,exact,0.7,E) 2 and 7,A,0.33333333333333337,1.0,0.2,3,15,3,3,0.33085861802101135,0.765678882598877,0.35
2248,True,choice,1.0,D,D,0.33333333333333337,1.0,0.2,3,15,3,3,0.32610660791397095,0.6064099669456482,0.35
2249,False,placeholder,0.0,insufficient information,D,0.0,0.0,0.0,0,12,0,0,0.0,0.0,0.0
2250,False,exact,0.3,insufficient information,D,0.761904761904762,1.0,0.6153846153846154,8,13,8,8,0.4000861346721649,0.7191174626350403,0.35
2251,True,exact,0.7,B) 96,B,0.4444444444444445,1.0,0.2857142857142857,4,14,4,4,0.28277987241744995,0.9156003594398499,0.35
2252,False,exact,0.3,D) \(\frac{65}{4} \text{ cm}^2\),B,0.5,1.0,0.3333333333333333,5,15,5,5,0.4026201069355011,0.7636474370956421,0.35
2253,True,exact,0.7,D) \(\frac{1}{3}\),C,0.5333333333333333,1.0,0.36363636363636365,4,11,4,4,0.3965672254562378,0.78890460729599,0.35
2254,False,exact,0.3,B) \(\frac{3}{2}\),D,0.6,1.0,0.42857142857142855,6,14,6,6,0.4349755346775055,0.929636538028717,0.35
2255,False,numeric_mismatch,0.0,6,4,0.4,1.0,0.25,3,12,3,3,0.3860664665699005,0.7157137393951416,0.35
2256,False,numeric_mismatch,0.0,7,337,0.33333333333333337,1.0,0.2,3,15,3,3,0.400275856256485,0.7869165539741516,0.35
2257,False,numeric_mismatch,0.0,187,500,0.5882352941176471,1.0,0.4166666666666667,5,12,5,5,0.3880564570426941,0.6376544237136841,0.35
2258,False,numeric_mismatch,0.0,There are 2 ways to place the remaining numbers.,24,0.23529411764705882,0.6666666666666666,0.14285714285714285,3,14,2,2,0.28750547766685486,0.6051498651504517,0.35
2259,False,numeric_mismatch,0.0,6,128,0.5263157894736842,1.0,0.35714285714285715,5,14,5,5,0.30172404646873474,0.6653477549552917,0.35
2260,False,numeric_mismatch,0.0,5,2,0.631578947368421,0.8571428571428571,0.5,7,12,6,6,0.34067851305007935,0.6623286604881287,0.35
2261,True,exact,0.7,B) 8 + 4√3,B,0.7272727272727273,1.0,0.5714285714285714,8,14,8,8,0.3599086403846741,0.8973852396011353,0.35
2262,True,choice,1.0,C,C,0.4210526315789474,0.5714285714285714,0.3333333333333333,7,12,4,4,0.29237836599349976,0.6269990801811218,0.35
2263,False,numeric_mismatch,0.0,30,26,0.375,0.75,0.25,4,12,3,3,0.3669772148132324,0.8361371755599976,0.35
2264,False,choice,1.0,D,C,0.375,1.0,0.23076923076923078,3,13,3,3,0.3193715512752533,0.7142939567565918,0.35
2265,False,numeric_mismatch,0.0,3,5,0.5263157894736842,1.0,0.35714285714285715,5,14,5,5,0.4398806095123291,0.8832497000694275,0.35
2266,False,exact,1.0,"€10,000",E,0.4,1.0,0.25,3,12,3,3,0.43803438544273376,0.8218492865562439,0.35
2267,False,choice,1.0,c,E,0.375,0.75,0.25,4,12,3,3,0.3220374286174774,0.7172569632530212,0.35
2268,False,choice,1.0,E,A,0.35294117647058826,1.0,0.21428571428571427,3,14,3,3,0.36133790016174316,0.7976933717727661,0.35
2269,False,numeric_mismatch,0.0,29.75,36,0.8571428571428571,1.0,0.75,9,12,9,9,0.41790488362312317,0.7847409248352051,0.35
2270,False,placeholder,0.0,insufficient information,D,0.0,0.0,0.0,0,12,0,0,0.0,0.0,0.0
2271,False,choice,1.0,C,A,0.4444444444444445,1.0,0.2857142857142857,4,14,4,4,0.2655007243156433,0.5309075713157654,0.35
2272,True,exact,0.7,B) \(\frac{1}{4}\),B,0.5454545454545454,1.0,0.375,6,16,6,6,0.32390663027763367,0.7196718454360962,0.35
2273,False,numeric_mismatch,0.0,4,2,0.7777777777777778,1.0,0.6363636363636364,7,11,7,7,0.3948516845703125,0.6993147730827332,0.35
2274,False,exact,0.3,E) 90°,B,0.631578947368421,0.8571428571428571,0.5,7,12,6,6,0.4300277829170227,0.9339009523391724,0.35
2275,False,numeric_mismatch,0.0,6,18,0.375,1.0,0.23076923076923078,3,13,3,3,0.3654402792453766,0.6760025024414062,0.35
2276,True,exact,0.7,B) 15°,B,0.7000000000000001,1.0,0.5384615384615384,7,13,7,7,0.4045509397983551,0.7783123850822449,0.35
2277,False,numeric_mismatch,0.0,89,42,0.11111111111111112,0.25,0.07142857142857142,4,14,1,1,0.11360061168670654,0.35129421949386597,0.35
2278,False,numeric_mismatch,0.0,4,2,0.6666666666666666,1.0,0.5,6,12,6,6,0.3903844356536865,0.8348990678787231,0.35
2279,True,exact,0.7,C) a right-angled triangle,A,0.4,1.0,0.25,3,12,3,3,0.36501091718673706,0.831980288028717,0.35
2280,False,numeric_mismatch,0.0,1,42,0.7407407407407408,0.7692307692307693,0.7142857142857143,13,14,10,10,0.3520340919494629,0.851062536239624,0.35
2281,False,numeric_mismatch,0.0,1,2,0.7000000000000001,1.0,0.5384615384615384,7,13,7,7,0.32948893308639526,0.7818900942802429,0.35
2282,True,exact,0.7,On Thursday at 5.19 am,A,0.631578947368421,0.75,0.5454545454545454,8,11,6,6,0.3949836492538452,0.7995957732200623,0.35
2283,False,numeric_mismatch,0.0,8,36,0.6666666666666666,1.0,0.5,6,12,6,6,0.4908074736595154,0.9049695730209351,0.35
2284,True,exact,0.7,C) 4.0 cm,C,0.8,1.0,0.6666666666666666,8,12,8,8,0.33254823088645935,0.8395946025848389,0.35
2285,False,exact,1.0,128,A,0.47058823529411764,0.8,0.3333333333333333,5,12,4,4,0.24901707470417023,0.653508722782135,0.35
2286,False,numeric_mismatch,0.0,4,16,0.42857142857142855,1.0,0.2727272727272727,3,11,3,3,0.41306304931640625,0.7427704334259033,0.35
2287,False,exact,0.3,B) 11 cm,D,0.375,1.0,0.23076923076923078,3,13,3,3,0.3277375400066376,0.6785011291503906,0.35
2288,True,exact,0.7,more information is needed,D,0.8181818181818182,0.9,0.75,10,12,9,9,0.3245377838611603,0.8886656165122986,0.35
2289,False,exact,0.3,3ab + a^2,E,0.4444444444444444,0.8,0.3076923076923077,5,13,4,4,0.35505878925323486,0.7342143654823303,0.35
2290,False,choice,1.0,A,E,0.5,0.5,0.5,6,6,3,3,0.30480504035949707,0.6450326442718506,0.35
2291,False,numeric_mismatch,0.0,x = 36,132,0.7368421052631579,1.0,0.5833333333333334,7,12,7,7,0.41673770546913147,0.9336997866630554,0.35
2292,False,placeholder,0.0,insufficient information,A,0.0,0.0,0.0,0,12,0,0,0.0,0.0,0.0
2293,True,exact,0.7,B) 12 cm²,B,0.15384615384615385,1.0,0.08333333333333333,1,12,1,1,0.3994579613208771,0.548118531703949,0.35
2294,False,exact,0.3,C) 360°,E,0.6666666666666666,1.0,0.5,6,12,6,6,0.44221463799476624,0.8550458550453186,0.35
2295,False,exact,0.3,"B) (1,11)",A,0.4583333333333333,0.3055555555555556,0.9166666666666666,36,12,11,11,0.31641343235969543,0.6463165879249573,0.35
2296,True,exact,0.7,E) √(a² + b²),A,0.5,1.0,0.3333333333333333,4,12,4,4,0.3750932216644287,0.8219094276428223,0.35
2297,False,choice,1.0,D,C,0.375,1.0,0.23076923076923078,3,13,3,3,0.4503766596317291,0.7692134976387024,0.35
2298,False,exact,0.3,60 cm²,B,0.5882352941176471,1.0,0.4166666666666667,5,12,5,5,0.4173220098018646,0.6539037227630615,0.35
2299,True,exact,0.7,It's blue and round,E,0.5882352941176471,1.0,0.4166666666666667,5,12,5,5,0.38591668009757996,0.7946998476982117,0.35
2300,False,numeric_mismatch,0.0,32,18,0.47058823529411764,1.0,0.3076923076923077,4,13,4,4,0.4110943675041199,0.6245151162147522,0.35
2301,False,numeric_mismatch,0.0,The number of shortest paths from P to Q is 10.,12,0.5714285714285715,1.0,0.4,4,10,4,4,0.39736899733543396,0.6397239565849304,0.35
2302,False,numeric_mismatch,0.0,88,124,0.631578947368421,1.0,0.46153846153846156,6,13,6,6,0.35935670137405396,0.6815217137336731,0.35
2303,False,numeric_mismatch,0.0,5,10,0.33333333333333337,1.0,0.2,3,15,3,3,0.4114622473716736,0.8603587746620178,0.35
2304,False,exact,1.0,ANJAMKILIOR,E,0.6,0.75,0.5,4,6,3,3,0.28224146366119385,0.5939816832542419,0.35
2305,False,exact,0.3,B) It will stop at P1.,E,0.7368421052631579,1.0,0.5833333333333334,7,12,7,7,0.38815101981163025,0.6584863066673279,0.35
2306,True,numeric_exact,1.0,3,3,0.375,1.0,0.23076923076923078,3,13,3,3,0.3330819010734558,0.6698089241981506,0.35
2307,False,numeric_mismatch,0.0,120,100,0.7272727272727273,1.0,0.5714285714285714,8,14,8,8,0.4622962176799774,0.744965136051178,0.35
2308,True,numeric_exact,1.0,96,96,0.5882352941176471,1.0,0.4166666666666667,5,12,5,5,0.4706254005432129,0.8962653875350952,0.35
2309,False,numeric_mismatch,0.0,30,42,0.375,1.0,0.23076923076923078,3,13,3,3,0.35001638531684875,0.6564217805862427,0.35
2310,False,placeholder,0.0,insufficient information,D,0.0,0.0,0.0,0,12,0,0,0.0,0.0,0.0
2311,True,exact,0.7,P and R,A,0.5263157894736842,1.0,0.35714285714285715,5,14,5,5,0.3785480856895447,0.7481127381324768,0.35
2312,False,numeric_mismatch,0.0,4,2,0.5,1.0,0.3333333333333333,5,15,5,5,0.35676825046539307,0.8154035210609436,0.35
2313,False,numeric_mismatch,0.0,8,14,0.5,1.0,0.3333333333333333,4,12,4,4,0.3082968294620514,0.7261713743209839,0.35
2314,False,placeholder,0.0,insufficient information,D,0.0,0.0,0.0,0,13,0,0,0.0,0.0,0.0
2315,False,exact,0.3,D) 32 cm,B,0.5555555555555556,1.0,0.38461538461538464,5,13,5,5,0.43426984548568726,0.9152477979660034,0.35
2316,False,numeric_mismatch,0.0,9,4,0.4,1.0,0.25,3,12,3,3,0.3586632311344147,0.6931056380271912,0.35
2317,False,exact,1.0,52°,E,0.47058823529411764,1.0,0.3076923076923077,4,13,4,4,0.341251015663147,0.6575319766998291,0.35
2318,True,numeric_exact,1.0,36,36,0.4444444444444445,1.0,0.2857142857142857,4,14,4,4,0.5398880243301392,0.9263602495193481,0.35
2319,False,numeric_mismatch,0.0,36,108,0.47058823529411764,1.0,0.3076923076923077,4,13,4,4,0.392623633146286,0.7359473705291748,0.35
2320,False,numeric_mismatch,0.0,9,864,0.4444444444444445,1.0,0.2857142857142857,4,14,4,4,0.32960572838783264,0.6590062975883484,0.35
2321,False,numeric_mismatch,0.0,14,20,0.6666666666666666,1.0,0.5,6,12,6,6,0.5250071287155151,0.841825544834137,0.35
2322,True,exact,0.7,B) 18 cm,B,0.888888888888889,1.0,0.8,8,10,8,8,0.4405026435852051,0.8767404556274414,0.35
2323,False,exact,0.3,D) 60°,C,0.2222222222222222,1.0,0.125,2,16,2,2,0.44072434306144714,0.7328119874000549,0.35
2324,True,exact,0.7,"C) P, R, S and T",A,0.5882352941176471,0.8333333333333334,0.45454545454545453,6,11,5,5,0.3360820710659027,0.7910803556442261,0.35
2325,True,numeric_exact,1.0,3,3,0.2222222222222222,1.0,0.125,2,16,2,2,0.4314776659011841,0.7216780185699463,0.35
2326,False,exact,0.3,C) (π + 2): 16,B,0.761904761904762,1.0,0.6153846153846154,8,13,8,8,0.3807469606399536,0.6834226846694946,0.35
2327,True,numeric_rounded,0.9,16,17,0.33333333333333337,1.0,0.2,3,15,3,3,0.36037105321884155,0.6610084176063538,0.35
2328,False,exact,0.3,"either R or S, but no others",D,0.5882352941176471,1.0,0.4166666666666667,5,12,5,5,0.37833133339881897,0.6611416339874268,0.35
2329,False,placeholder,0.0,insufficient information,E,0.0,0.0,0.0,0,13,0,0,0.0,0.0,0.0
2330,False,numeric_mismatch,0.0,40,92,0.4,1.0,0.25,3,12,3,3,0.42271509766578674,0.7284491062164307,0.35
2331,False,numeric_mismatch,0.0,4,6,0.5555555555555556,1.0,0.38461538461538464,5,13,5,5,0.3907031714916229,0.8091052770614624,0.35
2332,False,exact,0.3,B) b,A,0.47058823529411764,0.8,0.3333333333333333,5,12,4,4,0.41975313425064087,0.8045390844345093,0.35
2333,False,placeholder,0.0,insufficient information,D,0.0,0.0,0.0,0,13,0,0,0.0,0.0,0.0
2334,False,exact,0.3,B) 3a + 8b,E,0.6,1.0,0.42857142857142855,6,14,6,6,0.3843348026275635,0.7136049866676331,0.35
2335,True,numeric_exact,1.0,3,3,0.5,1.0,0.3333333333333333,4,12,4,4,0.4148481786251068,0.7041950225830078,0.35
2336,False,numeric_mismatch,0.0,3,6,0.761904761904762,1.0,0.6153846153846154,8,13,8,8,0.3467874526977539,0.8692203760147095,0.35
2337,True,exact,0.7,B) 55°,B,0.4,1.0,0.25,3,12,3,3,0.48675358295440674,0.7289578914642334,0.35
2338,False,choice,1.0,E,D,0.42857142857142855,1.0,0.2727272727272727,3,11,3,3,0.32399746775627136,0.6605899930000305,0.35
2339,False,numeric_mismatch,0.0,6 - √30,1,0.6,1.0,0.42857142857142855,6,14,6,6,0.362117737531662,0.9112105965614319,0.35
2340,False,placeholder,0.0,insufficient information,B,0.0,0.0,0.0,0,11,0,0,0.0,0.0,0.0
2341,False,numeric_mismatch,0.0,12,5,0.5882352941176471,1.0,0.4166666666666667,5,12,5,5,0.33833110332489014,0.8358379602432251,0.35
2342,False,numeric_mismatch,0.0,11,16,0.5,0.5,0.5,12,12,6,6,0.3377958834171295,0.8796085715293884,0.35
2343,False,numeric_mismatch,0.0,9,11,0.5,1.0,0.3333333333333333,4,12,4,4,0.40859436988830566,0.8800620436668396,0.35
2344,True,numeric_exact,1.0,3,3,0.5,1.0,0.3333333333333333,4,12,4,4,0.43504345417022705,0.8455838561058044,0.35
2345,False,exact,0.3,E) 15 cm²,D,0.9090909090909091,1.0,0.8333333333333334,10,12,10,10,0.4884239137172699,0.8553835153579712,0.35
2346,False,exact,0.3,impossible to determine,A,0.6666666666666666,1.0,0.5,7,14,7,7,0.421242356300354,0.7911224365234375,0.35
2347,True,exact,0.7,D) 144 cm²,D,0.631578947368421,1.0,0.46153846153846156,6,13,6,6,0.39001232385635376,0.8287076354026794,0.35
2348,True,choice,1.0,D,D,0.3076923076923077,1.0,0.18181818181818182,2,11,2,2,0.32319292426109314,0.6882008910179138,0.35
2349,False,exact,0.3,11 cm²,D,0.5,1.0,0.3333333333333333,4,12,4,4,0.33731281757354736,0.7042366862297058,0.35
2350,False,numeric_mismatch,0.0,24,37,0.5555555555555556,1.0,0.38461538461538464,5,13,5,5,0.35328251123428345,0.7724817395210266,0.35
2351,False,exact,0.3,B) 800 m,C,0.4444444444444445,1.0,0.2857142857142857,4,14,4,4,0.3007187247276306,0.7753673195838928,0.35
2352,True,numeric_exact,1.0,4,4,0.2857142857142857,1.0,0.16666666666666666,2,12,2,2,0.39474692940711975,0.6622072458267212,0.35
2353,False,choice,1.0,B,D,0.3333333333333333,0.75,0.21428571428571427,4,14,3,3,0.35016220808029175,0.7214381098747253,0.35
2354,False,exact,0.3,B) 9 m²,C,0.5454545454545455,0.8571428571428571,0.4,7,15,6,6,0.31827253103256226,0.8182322978973389,0.35
2355,False,numeric_mismatch,0.0,200,60,0.5882352941176471,1.0,0.4166666666666667,5,12,5,5,0.47409874200820923,0.7749968767166138,0.35
2356,False,numeric_mismatch,0.0,22°,51,0.21052631578947364,0.4,0.14285714285714285,5,14,2,2,0.19419418275356293,0.38688796758651733,0.35
2357,False,exact,0.3,1 cm,D,0.782608695652174,1.0,0.6428571428571429,9,14,9,9,0.45493194460868835,0.868644118309021,0.35
2358,False,exact,0.3,A) 1 and 7,B,0.7142857142857143,0.8333333333333334,0.625,6,8,5,5,0.3748835027217865,0.7973914742469788,0.35
2359,True,exact,0.7,D) 3:16,D,0.7000000000000001,1.0,0.5384615384615384,7,13,7,7,0.3353918194770813,0.8802895545959473,0.35
2360,True,exact,0.7,14 cm,C,0.5882352941176471,1.0,0.4166666666666667,5,12,5,5,0.4981856346130371,0.8568102717399597,0.35
2361,False,numeric_mismatch,0.0,2,16,0.4,0.32,0.5333333333333333,25,15,8,8,0.25347402691841125,0.802595317363739,0.35
2362,False,numeric_mismatch,0.0,0,4,0.6,1.0,0.42857142857142855,6,14,6,6,0.4128120541572571,0.7638457417488098,0.35
2363,False,numeric_mismatch,0.0,6,8,0.4,1.0,0.25,3,12,3,3,0.3043915927410126,0.6534671187400818,0.35
2364,True,exact,0.7,insufficient information,E,0.47058823529411764,1.0,0.3076923076923077,4,13,4,4,0.40360310673713684,0.684021532535553,0.35
2365,False,choice,1.0,Q,A,0.375,1.0,0.23076923076923078,3,13,3,3,0.2957512140274048,0.8405864834785461,0.35
2366,False,numeric_mismatch,0.0,12,32,0.6363636363636364,1.0,0.4666666666666667,7,15,7,7,0.5407208204269409,0.8555127382278442,0.35
2367,False,choice,1.0,B,C,0.4285714285714285,0.75,0.3,4,10,3,3,0.315034419298172,0.7545792460441589,0.35
2368,True,exact,0.7,B) 84 cm²,B,0.47058823529411764,1.0,0.3076923076923077,4,13,4,4,0.32291314005851746,0.6687999367713928,0.35
2369,False,choice,1.0,E,C,0.4444444444444444,0.6666666666666666,0.3333333333333333,6,12,4,4,0.2851700782775879,0.5681330561637878,0.35
2370,False,numeric_mismatch,0.0,1,9,0.5,1.0,0.3333333333333333,4,12,4,4,0.44773364067077637,0.8098664879798889,0.35
2371,True,numeric_exact,1.0,5,5,0.5263157894736842,0.7142857142857143,0.4166666666666667,7,12,5,5,0.3250883221626282,0.7730189561843872,0.35
2372,True,numeric_exact,1.0,5,5,0.631578947368421,1.0,0.46153846153846156,6,13,6,6,0.4327899217605591,0.8084986209869385,0.35
2373,False,numeric_mismatch,0.0,20,6,0.4210526315789474,1.0,0.26666666666666666,4,15,4,4,0.3617299199104309,0.5900529623031616,0.35
2374,True,numeric_exact,1.0,Carl needs to add 20 more unit cubes.,20,0.5,1.0,0.3333333333333333,4,12,4,4,0.44166409969329834,0.9315340518951416,0.35
2375,False,exact,0.3,D) \(\frac{39}{8} \text{ cm}^2\),B,0.761904761904762,1.0,0.6153846153846154,8,13,8,8,0.43181565403938293,0.7885041832923889,0.35
2376,True,exact,0.7,It will never happen,E,0.4166666666666667,0.4166666666666667,0.4166666666666667,12,12,5,5,0.3153754770755768,0.829955518245697,0.35
2377,False,numeric_mismatch,0.0,115.2,32,0.5882352941176471,1.0,0.4166666666666667,5,12,5,5,0.42661887407302856,0.9172089695930481,0.35
2378,False,exact,0.3,B) 45°,C,0.5555555555555556,1.0,0.38461538461538464,5,13,5,5,0.36488640308380127,0.8179795742034912,0.35
2379,False,numeric_mismatch,0.0,5,27,0.47058823529411764,1.0,0.3076923076923077,4,13,4,4,0.4813130497932434,0.891227662563324,0.35
2380,False,numeric_mismatch,0.0,8,5,0.7368421052631579,1.0,0.5833333333333334,7,12,7,7,0.3431376516819,0.7208214998245239,0.35
2381,False,numeric_mismatch,0.0,25,45,0.6666666666666666,1.0,0.5,5,10,5,5,0.3771190941333771,0.661490797996521,0.35
2382,False,choice,1.0,C,E,0.3333333333333333,0.75,0.21428571428571427,4,14,3,3,0.2572627365589142,0.6344316601753235,0.35
2383,True,exact,0.7,B) 40 cm,B,0.5,1.0,0.3333333333333333,4,12,4,4,0.4329873025417328,0.7996484041213989,0.35
2384,True,exact,0.7,B) \(\frac{7}{8} \mathrm{~cm}^{2}\),C,0.4444444444444445,1.0,0.2857142857142857,4,14,4,4,0.3768634796142578,0.7888527512550354,0.35
2385,False,exact,0.3,B) 39,E,0.8148148148148148,0.9166666666666666,0.7333333333333333,12,15,11,11,0.367724746465683,0.919275164604187,0.35
2386,False,numeric_mismatch,0.0,2,8,0.7272727272727274,0.8888888888888888,0.6153846153846154,9,13,8,8,0.39923685789108276,0.8437669277191162,0.35
2387,False,exact,0.3,either blue or red,A,0.5454545454545454,1.0,0.375,3,8,3,3,0.36112701892852783,0.7629364728927612,0.35
2388,False,numeric_mismatch,0.0,-2,6,0.5263157894736842,1.0,0.35714285714285715,5,14,5,5,0.381635457277298,0.7413674592971802,0.35
2389,False,exact,0.3,C) C,D,0.5263157894736842,1.0,0.35714285714285715,5,14,5,5,0.4150652289390564,0.8746783137321472,0.35
2390,False,numeric_mismatch,0.0,7,4,0.5263157894736842,1.0,0.35714285714285715,5,14,5,5,0.29817381501197815,0.7195662260055542,0.35
2391,False,exact,0.3,B) 180°,C,0.625,1.0,0.45454545454545453,5,11,5,5,0.5173448324203491,0.8574373126029968,0.35
2392,False,choice,1.0,C,B,0.4,1.0,0.25,3,12,3,3,0.413609117269516,0.7536625862121582,0.35
2393,False,numeric_mismatch,0.0,78.5,100,0.6,1.0,0.42857142857142855,6,14,6,6,0.3037980794906616,0.5968822836875916,0.35
2394,True,numeric_exact,1.0,6,6,0.7142857142857143,1.0,0.5555555555555556,5,9,5,5,0.2877417206764221,0.8381669521331787,0.35
2395,False,exact,0.3,60 cm,A,0.5454545454545454,1.0,0.375,6,16,6,6,0.457590788602829,0.9296539425849915,0.35
2396,True,exact,0.7,D) 57 cm,D,0.6666666666666666,1.0,0.5,6,12,6,6,0.2964416742324829,0.7054063081741333,0.35
2397,False,numeric_mismatch,0.0,42,105,0.5555555555555556,1.0,0.38461538461538464,5,13,5,5,0.4189848303794861,0.8399398922920227,0.35
2398,False,exact,0.3,12 cm,D,0.5555555555555556,1.0,0.38461538461538464,5,13,5,5,0.3644351363182068,0.9524790048599243,0.35
2399,False,numeric_mismatch,0.0,34,17,0.47619047619047616,1.0,0.3125,5,16,5,5,0.43305015563964844,0.7325118184089661,0.35
2400,False,exact,0.3,B) B,A,0.25,0.5,0.16666666666666666,4,12,2,2,0.2406972199678421,0.657650887966156,0.35
2401,False,numeric_mismatch,0.0,65,118,0.5714285714285715,1.0,0.4,6,15,6,6,0.37870949506759644,0.8208463191986084,0.35
2402,False,choice,1.0,B,A,0.2857142857142857,1.0,0.16666666666666666,2,12,2,2,0.39012786746025085,0.5835091471672058,0.35
2403,False,exact,0.3,B) 16 m,E,0.4,1.0,0.25,3,12,3,3,0.2885301113128662,0.6575365662574768,0.35
2404,False,exact,0.3,10 cm²,B,0.2857142857142857,1.0,0.16666666666666666,2,12,2,2,0.2759876251220703,0.6649966835975647,0.35
2405,False,placeholder,0.0,insufficient information,E,0.0,0.0,0.0,0,10,0,0,0.0,0.0,0.0
2406,False,numeric_mismatch,0.0,27,63,0.6956521739130436,1.0,0.5333333333333333,8,15,8,8,0.4903646409511566,0.902330756187439,0.35
2407,False,placeholder,0.0,insufficient information,B,0.0,0.0,0.0,0,12,0,0,0.0,0.0,0.0
2408,False,numeric_mismatch,0.0,15,22,0.3333333333333333,0.5,0.25,6,12,3,3,0.27278029918670654,0.7403589487075806,0.35
2409,False,numeric_mismatch,0.0,5,18,0.47058823529411764,1.0,0.3076923076923077,4,13,4,4,0.3260309398174286,0.6461141109466553,0.35
2410,False,numeric_mismatch,0.0,50%,32,0.5,1.0,0.3333333333333333,4,12,4,4,0.2945975065231323,0.6275955438613892,0.35
2411,False,numeric_mismatch,0.0,98,39,0.631578947368421,0.8571428571428571,0.5,7,12,6,6,0.39565789699554443,0.8130699396133423,0.35
2412,False,numeric_mismatch,0.0,8,12,0.47619047619047616,1.0,0.3125,5,16,5,5,0.43835392594337463,0.7510092854499817,0.35
2413,False,exact,0.3,A) \(\frac{1}{6} S\),D,0.8181818181818181,1.0,0.6923076923076923,9,13,9,9,0.3561921715736389,0.8361944556236267,0.35
2414,False,choice,1.0,C,B,0.47058823529411764,1.0,0.3076923076923077,4,13,4,4,0.37442880868911743,0.6112083792686462,0.35
2415,True,exact,0.7,C) 76 cm,C,0.5882352941176471,1.0,0.4166666666666667,5,12,5,5,0.29421672224998474,0.615166187286377,0.35
2416,False,exact,0.3,2 cm,E,0.7272727272727273,1.0,0.5714285714285714,8,14,8,8,0.407473087310791,0.7339589595794678,0.35
2417,False,placeholder,0.0,insufficient information,D,0.0,0.0,0.0,0,12,0,0,0.0,0.0,0.0
2418,False,numeric_mismatch,0.0,5,6,0.4,1.0,0.25,3,12,3,3,0.38597726821899414,0.8004574179649353,0.35
2419,False,exact,1.0,17°,A,0.5,1.0,0.3333333333333333,4,12,4,4,0.34169474244117737,0.7004526853561401,0.35
2420,True,numeric_rounded,0.85,15,17,0.6666666666666666,1.0,0.5,6,12,6,6,0.4040184020996094,0.8374355435371399,0.35
2421,False,numeric_mismatch,0.0,Volume = 26 cm x 7 cm x 10 cm = 1820 cm^3,80,0.2222222222222222,0.4,0.15384615384615385,5,13,2,2,0.17369943857192993,0.42876121401786804,0.35
2422,False,exact,0.3,25 m,B,0.6363636363636364,1.0,0.4666666666666667,7,15,7,7,0.40174993872642517,0.8888495564460754,0.35
2423,True,exact,0.7,D) 24 cm × 16 cm,D,0.9090909090909091,1.0,0.8333333333333334,10,12,10,10,0.47149646282196045,0.9112386107444763,0.35
2424,True,numeric_exact,1.0,3,3,0.2857142857142857,1.0,0.16666666666666666,2,12,2,2,0.4460102319717407,0.77452552318573,0.35
2425,False,placeholder,0.0,insufficient information,7,0.0,0.0,0.0,0,12,0,0,0.0,0.0,0.0
2426,False,placeholder,0.0,insufficient information,A,0.0,0.0,0.0,0,14,0,0,0.0,0.0,0.0
2427,False,choice,1.0,A,D,0.5714285714285715,0.6666666666666666,0.5,6,8,4,4,0.26669546961784363,0.47651925683021545,0.35
2428,True,exact,0.7,D) \(\frac{4}{9}\),D,0.4,1.0,0.25,3,12,3,3,0.3112134635448456,0.6723117828369141,0.35
2429,True,exact,0.7,"B) 4, 5 and 7",A,0.5714285714285715,0.6666666666666666,0.5,6,8,4,4,0.29690662026405334,0.8874727487564087,0.35
2430,False,exact,0.3,D) 70°,B,0.9090909090909091,1.0,0.8333333333333334,10,12,10,10,0.469301700592041,0.8988789319992065,0.35
2431,False,choice,1.0,D,E,0.6153846153846153,0.5714285714285714,0.6666666666666666,7,6,4,4,0.3518357276916504,0.6353342533111572,0.35
2432,False,numeric_mismatch,0.0,8,5,0.42857142857142855,1.0,0.2727272727272727,3,11,3,3,0.40497395396232605,0.6797433495521545,0.35
2433,False,exact,0.3,14 cm²,B,0.5,1.0,0.3333333333333333,3,9,3,3,0.3961813747882843,0.8342313766479492,0.35
2434,False,numeric_mismatch,0.0,3,5,0.6923076923076923,0.9,0.5625,10,16,9,9,0.37376663088798523,0.7811264991760254,0.35
2435,True,numeric_rounded,0.9,29,32,0.5,1.0,0.3333333333333333,4,12,4,4,0.292831689119339,0.6470937728881836,0.35
2436,True,exact,0.7,C) 2 and 7,A,0.6153846153846154,0.8,0.5,5,8,4,4,0.33463403582572937,0.5679916143417358,0.35
2437,False,exact,0.3,B) \(\frac{5}{8}\),E,0.5882352941176471,1.0,0.4166666666666667,5,12,5,5,0.3134162127971649,0.8217045068740845,0.35
2438,False,exact,0.3,B) \(\frac{3}{8}\),E,0.6666666666666666,1.0,0.5,6,12,6,6,0.38916051387786865,0.8980759382247925,0.35
2439,False,numeric_mismatch,0.0,6,18,0.5555555555555556,1.0,0.38461538461538464,5,13,5,5,0.5752199292182922,0.8430913090705872,0.35
2440,False,numeric_mismatch,0.0,29,43,0.6666666666666666,1.0,0.5,6,12,6,6,0.4776548743247986,0.8243908286094666,0.35
2441,False,exact,0.3,B) 3 km,A,0.28571428571428575,0.3333333333333333,0.25,9,12,3,3,0.1676998734474182,0.6135968565940857,0.35
2442,False,numeric_mismatch,0.0,30,24,0.3,0.42857142857142855,0.23076923076923078,7,13,3,3,0.23931312561035156,0.5722643136978149,0.35
2443,True,exact,0.7,insufficient information,A,0.888888888888889,0.8571428571428571,0.9230769230769231,14,13,12,12,0.35327818989753723,0.8781268000602722,0.35
2444,False,exact,0.3,"D) $3,1,2,4,5$",E,0.7000000000000001,0.875,0.5833333333333334,8,12,7,7,0.41952216625213623,0.7817316651344299,0.35
2445,False,exact,0.3,D) 135°,A,0.7000000000000001,1.0,0.5384615384615384,7,13,7,7,0.3845943808555603,0.6944657564163208,0.35
2446,False,numeric_mismatch,0.0,3,1,0.72,1.0,0.5625,9,16,9,9,0.31327444314956665,0.6671158075332642,0.35
2447,False,placeholder,0.0,insufficient information,96,0.0,0.0,0.0,0,15,0,0,0.0,0.0,0.0
2448,False,numeric_mismatch,0.0,9,3,0.6666666666666666,0.625,0.7142857142857143,8,7,5,5,0.3221208453178406,0.6030858159065247,0.35
2449,False,numeric_mismatch,0.0,2021,-100,0.4,0.6666666666666666,0.2857142857142857,3,7,2,2,0.28588923811912537,0.6773521900177002,0.35
2450,False,numeric_mismatch,0.0,237,13837,0.6666666666666666,1.0,0.5,6,12,6,6,0.3490292727947235,0.589788019657135,0.35
2451,True,exact,0.7,D) \(\frac{11}{2} \text{ cm}^2\),C,0.8571428571428571,1.0,0.75,9,12,9,9,0.49920833110809326,0.9238342046737671,0.35
2452,True,numeric_rounded,0.9,2.4,2.5,0.6666666666666666,1.0,0.5,6,12,6,6,0.4876730740070343,0.9503893852233887,0.35
2453,False,numeric_mismatch,0.0,4.16,6,0.7777777777777778,0.7777777777777778,0.7777777777777778,9,9,7,7,0.29559987783432007,0.7131857872009277,0.35
2454,False,exact,0.3,4 km,C,0.608695652173913,0.7,0.5384615384615384,10,13,7,7,0.34203997254371643,0.7227394580841064,0.35
2455,False,choice,1.0,B,D,0.4615384615384615,1.0,0.3,3,10,3,3,0.342757910490036,0.5807817578315735,0.35
2456,False,numeric_mismatch,0.0,72,20,0.4,1.0,0.25,3,12,3,3,0.5318365097045898,0.7719083428382874,0.35
2457,True,numeric_rounded,0.9,11,10,0.5,1.0,0.3333333333333333,4,12,4,4,0.24438078701496124,0.8129668235778809,0.35
2458,False,exact,1.0,fourth,1,0.4,1.0,0.25,3,12,3,3,0.49471786618232727,0.8264414668083191,0.35
2459,False,exact,1.0,84,C,0.631578947368421,1.0,0.46153846153846156,6,13,6,6,0.29113462567329407,0.6685869693756104,0.35
2460,False,choice,1.0,D,B,0.6153846153846153,1.0,0.4444444444444444,4,9,4,4,0.3611316382884979,0.7308792471885681,0.35
2461,False,numeric_mismatch,0.0,28,58,0.5333333333333333,1.0,0.36363636363636365,4,11,4,4,0.4485965073108673,0.7903372049331665,0.35
2462,False,numeric_mismatch,0.0,64,48,0.7272727272727273,1.0,0.5714285714285714,4,7,4,4,0.42899924516677856,0.8261556029319763,0.35
2463,False,numeric_mismatch,0.0,Sum of the numbers in the three circles at the bottom of the diagram is 273.,17,0.6666666666666666,0.8,0.5714285714285714,5,7,4,4,0.3699682354927063,0.7759254574775696,0.35
2464,False,exact,1.0,35%,B,0.6666666666666665,0.6,0.75,15,12,9,9,0.4477059543132782,0.8894637227058411,0.35
2465,False,numeric_mismatch,0.0,6,1,0.5882352941176471,1.0,0.4166666666666667,5,12,5,5,0.349170058965683,0.652660608291626,0.35
2466,False,exact,0.3,B) 4:3,D,0.4615384615384615,1.0,0.3,3,10,3,3,0.255826860666275,0.5427883267402649,0.35
2467,False,numeric_mismatch,0.0,135,54,0.33333333333333337,1.0,0.2,3,15,3,3,0.35749468207359314,0.8314242959022522,0.35
2468,False,numeric_mismatch,0.0,10,6,0.4,1.0,0.25,4,16,4,4,0.45759427547454834,0.7419432401657104,0.35
2469,False,placeholder,0.0,insufficient information,36,0.0,0.0,0.0,0,14,0,0,0.0,0.0,0.0
2470,False,choice,1.0,B,A,0.4444444444444444,0.6666666666666666,0.3333333333333333,6,12,4,4,0.23576124012470245,0.5836509466171265,0.35
2471,False,numeric_mismatch,0.0,4,12,0.47058823529411764,1.0,0.3076923076923077,4,13,4,4,0.44130977988243103,0.820023775100708,0.35
2472,False,exact,0.3,E) $5: 8: 9$,C,0.5,1.0,0.3333333333333333,4,12,4,4,0.2910083532333374,0.8130862712860107,0.35
2473,False,numeric_mismatch,0.0,1,7,0.64,0.6153846153846154,0.6666666666666666,13,12,8,8,0.35352593660354614,0.5977701544761658,0.35
2474,False,numeric_mismatch,0.0,1,6,0.5,1.0,0.3333333333333333,4,12,4,4,0.5182502865791321,0.7700570821762085,0.35
2475,True,exact,0.7,D) 70°,D,0.6923076923076923,0.5625,0.9,16,10,9,9,0.41840916872024536,0.7814021706581116,0.35
2476,False,numeric_mismatch,0.0,30,40,0.6666666666666666,1.0,0.5,6,12,6,6,0.3357132375240326,0.8039019107818604,0.35
2477,False,numeric_mismatch,0.0,50,150,0.7368421052631579,1.0,0.5833333333333334,7,12,7,7,0.5204353332519531,0.9090320467948914,0.35
2478,False,numeric_mismatch,0.0,6,16,0.33333333333333337,0.6,0.23076923076923078,5,13,3,3,0.3537098467350006,0.6794155240058899,0.35
2479,False,numeric_mismatch,0.0,2,11,0.6666666666666666,1.0,0.5,6,12,6,6,0.4733141362667084,0.9387617707252502,0.35
2480,False,placeholder,0.0,insufficient information,6,0.0,0.0,0.0,0,14,0,0,0.0,0.0,0.0
2481,False,exact,0.3,B) 72 cm,E,0.7142857142857143,1.0,0.5555555555555556,5,9,5,5,0.3361237347126007,0.7843562960624695,0.35
2482,True,choice,1.0,C,C,0.6,1.0,0.42857142857142855,3,7,3,3,0.4314213693141937,0.6746302247047424,0.35
2483,False,numeric_mismatch,0.0,36,82,0.64,0.6153846153846154,0.6666666666666666,13,12,8,8,0.4054603576660156,0.7757484912872314,0.35
2484,False,numeric_mismatch,0.0,36,70,0.25,0.6666666666666666,0.15384615384615385,3,13,2,2,0.31705641746520996,0.7169632911682129,0.35
2485,False,exact,0.3,100 cm²,B,0.37499999999999994,0.5,0.3,6,10,3,3,0.22133904695510864,0.6837769746780396,0.35
2486,False,numeric_mismatch,0.0,2,6,0.6666666666666666,1.0,0.5,3,6,3,3,0.37725579738616943,0.7234930992126465,0.35
2487,False,exact,0.3,C) 2: 5,D,0.5714285714285715,1.0,0.4,4,10,4,4,0.4510027766227722,0.7405774593353271,0.35
2488,False,placeholder,0.0,insufficient information,C,0.0,0.0,0.0,0,11,0,0,0.0,0.0,0.0
2489,False,numeric_mismatch,0.0,100,421,0.42857142857142855,1.0,0.2727272727272727,3,11,3,3,0.3337412476539612,0.8356596827507019,0.35
2490,False,numeric_mismatch,0.0,81,540,0.4,1.0,0.25,3,12,3,3,0.27705544233322144,0.646198034286499,0.35
2491,False,exact,0.3,B) 8 litres,A,0.8571428571428571,1.0,0.75,9,12,9,9,0.3755878210067749,0.8584665060043335,0.35
2492,False,choice,1.0,B,C,0.5,1.0,0.3333333333333333,2,6,2,2,0.34566986560821533,0.6511738300323486,0.35
2493,True,exact,0.7,E) Equilateral Triangle,E,0.4,1.0,0.25,3,12,3,3,0.4358307421207428,0.7705471515655518,0.35
2494,False,exact,0.3,B) 80 cm,D,0.761904761904762,1.0,0.6153846153846154,8,13,8,8,0.396635502576828,0.7535282373428345,0.35
2495,False,placeholder,0.0,insufficient information,C,0.0,0.0,0.0,0,12,0,0,0.0,0.0,0.0
2496,True,exact,0.7,C) 20 cm,C,0.7368421052631577,0.7777777777777778,0.7,9,10,7,7,0.3515326678752899,0.7938487529754639,0.35
2497,True,numeric_exact,1.0,6,6,0.47058823529411764,0.8,0.3333333333333333,5,12,4,4,0.3544468283653259,0.6835744976997375,0.35
2498,False,exact,0.3,200 cm²,A,0.5882352941176471,1.0,0.4166666666666667,5,12,5,5,0.42827072739601135,0.8521466851234436,0.35
2499,True,exact,0.7,D) 45 cm²,D,0.375,0.75,0.25,4,12,3,3,0.23716695606708527,0.7785065174102783,0.35
2500,False,numeric_mismatch,0.0,10,16,0.5714285714285715,1.0,0.4,4,10,4,4,0.34531599283218384,0.7820911407470703,0.35
2501,True,numeric_exact,1.0,4,4,0.9,1.0,0.8181818181818182,9,11,9,9,0.4560319781303406,0.7833198308944702,0.35
2502,False,numeric_mismatch,0.0,6,4,0.5,1.0,0.3333333333333333,4,12,4,4,0.2175176590681076,0.5484623908996582,0.35
2503,False,choice,1.0,A,D,0.8,1.0,0.6666666666666666,6,9,6,6,0.5220138430595398,0.7667160630226135,0.35
2504,False,exact,0.3,18 cm,A,0.5,1.0,0.3333333333333333,4,12,4,4,0.4308737814426422,0.9358543753623962,0.35
2505,False,numeric_mismatch,0.0,3,5,0.5714285714285715,1.0,0.4,4,10,4,4,0.3477085530757904,0.7907452583312988,0.35
2506,True,exact,0.7,B) $60 	ext{ cm}^2$,E,0.7142857142857143,1.0,0.5555555555555556,5,9,5,5,0.3775871992111206,0.7111029028892517,0.35
2507,False,exact,0.3,66 cm,D,0.5882352941176471,1.0,0.4166666666666667,5,12,5,5,0.4225417375564575,0.8916184306144714,0.35
2508,False,exact,0.3,50 cm,B,0.7499999999999999,1.0,0.6,6,10,6,6,0.34061363339424133,0.8738543391227722,0.35
2509,False,placeholder,0.0,insufficient information,E,0.0,0.0,0.0,0,9,0,0,0.0,0.0,0.0
2510,False,placeholder,0.0,insufficient information,A,0.0,0.0,0.0,0,11,0,0,0.0,0.0,0.0
2511,False,numeric_mismatch,0.0,3,5,0.6666666666666666,1.0,0.5,6,12,6,6,0.4101763069629669,0.7813671827316284,0.35
2512,False,placeholder,0.0,insufficient information,E,0.0,0.0,0.0,0,12,0,0,0.0,0.0,0.0
2513,False,numeric_mismatch,0.0,3,2,0.6153846153846154,0.8,0.5,5,8,4,4,0.36840203404426575,0.6714267134666443,0.35
2514,False,choice,1.0,B,E,0.26666666666666666,0.6666666666666666,0.16666666666666666,3,12,2,2,0.23711054027080536,0.698180079460144,0.35
2515,False,placeholder,0.0,insufficient information,A,0.0,0.0,0.0,0,12,0,0,0.0,0.0,0.0
2516,False,numeric_mismatch,0.0,2,3,0.5,1.0,0.3333333333333333,4,12,4,4,0.42271140217781067,0.9059392809867859,0.35
2517,False,numeric_mismatch,0.0,6,9,0.5714285714285715,1.0,0.4,6,15,6,6,0.30737578868865967,0.8402684330940247,0.35
2518,False,choice,1.0,P,B,0.5,1.0,0.3333333333333333,4,12,4,4,0.37173423171043396,0.7790645360946655,0.35
2519,False,numeric_mismatch,0.0,10,20,0.375,1.0,0.23076923076923078,3,13,3,3,0.44276198744773865,0.8303403854370117,0.35
2520,True,exact,0.7,B) 3: 2,B,0.631578947368421,1.0,0.46153846153846156,6,13,6,6,0.46007683873176575,0.8279992938041687,0.35
2521,True,exact,0.7,B) \(\frac{1}{5}\),C,0.7499999999999999,1.0,0.6,6,10,6,6,0.41769009828567505,0.8347172737121582,0.35
2522,False,numeric_mismatch,0.0,68,80,0.5263157894736842,1.0,0.35714285714285715,5,14,5,5,0.40730053186416626,0.6907159686088562,0.35
2523,False,exact,0.3,D) 7 km,B,0.631578947368421,0.8571428571428571,0.5,7,12,6,6,0.42939886450767517,0.7897766828536987,0.35
2524,False,numeric_mismatch,0.0,108,11,0.43478260869565216,0.45454545454545453,0.4166666666666667,11,12,5,5,0.27573487162590027,0.8537129759788513,0.35
2525,True,exact,0.7,400 cm,C,0.5454545454545454,1.0,0.375,3,8,3,3,0.34546080231666565,0.6339061260223389,0.35
2526,False,placeholder,0.0,insufficient information,E,0.0,0.0,0.0,0,9,0,0,0.0,0.0,0.0
2527,True,exact,0.7,B) 48 cm²,B,0.2857142857142857,1.0,0.16666666666666666,2,12,2,2,0.45092689990997314,0.6979179978370667,0.35
2528,True,numeric_exact,1.0,5,5,0.25,0.5,0.16666666666666666,4,12,2,2,0.1817256063222885,0.4690038859844208,0.35
2529,True,exact,0.7,C) 6 cm,C,0.8571428571428572,0.9,0.8181818181818182,10,11,9,9,0.3905266225337982,0.8778696060180664,0.35
2530,False,exact,1.0,25°,A,0.5555555555555556,1.0,0.38461538461538464,5,13,5,5,0.4093145728111267,0.84079909324646,0.35
2531,False,numeric_mismatch,0.0,10,23,0.6,1.0,0.42857142857142855,6,14,6,6,0.3831915259361267,0.6017335653305054,0.35
2532,True,exact,0.7,48 cm²,C,0.8181818181818182,0.9,0.75,10,12,9,9,0.3530513048171997,0.7738227248191833,0.35
2533,False,numeric_mismatch,0.0,108,20,0.4,1.0,0.25,3,12,3,3,0.3950398564338684,0.9002401828765869,0.35
2534,False,numeric_mismatch,0.0,38,21,0.4,1.0,0.25,2,8,2,2,0.42550748586654663,0.7817326784133911,0.35
2535,False,exact,1.0,Yellow,A,0.375,0.75,0.25,4,12,3,3,0.2488560676574707,0.7688608169555664,0.35
2536,False,numeric_mismatch,0.0,296,222,0.6666666666666666,1.0,0.5,5,10,5,5,0.4256861209869385,0.7733582854270935,0.35
2537,False,choice,1.0,A,D,0.8,1.0,0.6666666666666666,8,12,8,8,0.41013607382774353,0.8058610558509827,0.35
2538,False,numeric_mismatch,0.0,1680,56,0.75,0.8571428571428571,0.6666666666666666,7,9,6,6,0.37531787157058716,0.779116153717041,0.35
2539,False,numeric_mismatch,0.0,30,60,0.38095238095238093,1.0,0.23529411764705882,4,17,4,4,0.38870278000831604,0.8144530057907104,0.35
2540,False,numeric_mismatch,0.0,4,17,0.5,1.0,0.3333333333333333,4,12,4,4,0.3443862199783325,0.8404861092567444,0.35
2541,False,numeric_mismatch,0.0,2,4,0.761904761904762,1.0,0.6153846153846154,8,13,8,8,0.4138195216655731,0.6645827293395996,0.35
2542,False,exact,0.3,C) 3:5,A,0.5882352941176471,1.0,0.4166666666666667,5,12,5,5,0.25788548588752747,0.7387962341308594,0.35
2543,False,numeric_mismatch,0.0,4,20,0.5882352941176471,1.0,0.4166666666666667,5,12,5,5,0.40561962127685547,0.7052710056304932,0.35
2544,False,choice,1.0,Q,B,0.5882352941176471,1.0,0.4166666666666667,5,12,5,5,0.37053483724594116,0.7614118456840515,0.35
2545,False,numeric_mismatch,0.0,4,3,0.875,0.875,0.875,8,8,7,7,0.46873608231544495,0.7191036939620972,0.35
2546,False,numeric_mismatch,0.0,10,20,0.4615384615384615,1.0,0.3,3,10,3,3,0.4643175005912781,0.7436363101005554,0.35
2547,False,placeholder,0.0,insufficient information,E,0.0,0.0,0.0,0,12,0,0,0.0,0.0,0.0
2548,False,choice,1.0,D,C,0.47058823529411764,1.0,0.3076923076923077,4,13,4,4,0.34568917751312256,0.8790141940116882,0.35
2549,True,numeric_exact,1.0,30,30,0.375,1.0,0.23076923076923078,3,13,3,3,0.36527836322784424,0.7276821136474609,0.35
2550,False,exact,0.3,B) 5 and 6,E,0.7000000000000001,0.875,0.5833333333333334,8,12,7,7,0.3675808012485504,0.6447255611419678,0.35
2551,False,choice,1.0,B,D,0.4,1.0,0.25,3,12,3,3,0.3662160634994507,0.798294186592102,0.35
2552,False,numeric_mismatch,0.0,7,4,0.5555555555555556,1.0,0.38461538461538464,5,13,5,5,0.36459654569625854,0.7261291742324829,0.35
2553,True,exact,0.7,None of the provided options match the calculated sum of the areas of the two shaded rectangles.,D,0.8571428571428571,1.0,0.75,6,8,6,6,0.44825783371925354,0.8137511014938354,0.35
2554,False,numeric_mismatch,0.0,8,4,0.26666666666666666,0.6666666666666666,0.16666666666666666,3,12,2,2,0.1832095980644226,0.5639978051185608,0.35
2555,False,numeric_mismatch,0.0,3,4,0.28571428571428575,0.6666666666666666,0.18181818181818182,3,11,2,2,0.2860897481441498,0.7244482040405273,0.35
2556,False,numeric_mismatch,0.0,The largest number of regions inside one or both of the squares that Tatiana could create is 7.,9,0.47058823529411764,1.0,0.3076923076923077,4,13,4,4,0.3776000440120697,0.6943631172180176,0.35
2557,False,numeric_mismatch,0.0,6,4,0.4444444444444444,0.8,0.3076923076923077,5,13,4,4,0.3049505054950714,0.602100670337677,0.35
2558,False,numeric_mismatch,0.0,3,4,0.5714285714285715,1.0,0.4,2,5,2,2,0.28001633286476135,0.6343657374382019,0.35
2559,False,choice,1.0,D,E,0.47058823529411764,1.0,0.3076923076923077,4,13,4,4,0.28985288739204407,0.5713930726051331,0.35
2560,False,numeric_mismatch,0.0,17,30,0.5263157894736842,1.0,0.35714285714285715,5,14,5,5,0.5415654182434082,0.8617345690727234,0.35
2561,True,numeric_exact,1.0,7,7,0.782608695652174,1.0,0.6428571428571429,9,14,9,9,0.3822455108165741,0.7561856508255005,0.35
2562,False,placeholder,0.0,insufficient information,67,0.0,0.0,0.0,0,15,0,0,0.0,0.0,0.0
2563,False,numeric_mismatch,0.0,18,68,0.5555555555555556,1.0,0.38461538461538464,5,13,5,5,0.42031994462013245,0.8438006639480591,0.35
2564,True,exact,0.7,C) 54°,C,0.6153846153846153,1.0,0.4444444444444444,4,9,4,4,0.41816553473472595,0.9292632937431335,0.35
2565,True,exact,0.7,D) Strip 3 has the largest area.,A,0.7058823529411764,1.0,0.5454545454545454,6,11,6,6,0.4398830533027649,0.7264313697814941,0.35
2566,False,placeholder,0.0,insufficient information,B,0.0,0.0,0.0,0,14,0,0,0.0,0.0,0.0
2567,False,choice,1.0,D,C,0.47058823529411764,1.0,0.3076923076923077,4,13,4,4,0.3853033781051636,0.6743530035018921,0.35
2568,False,numeric_mismatch,0.0,X represents 1,8,0.5,0.75,0.375,4,8,3,3,0.3019257187843323,0.5290219187736511,0.35
2569,False,exact,0.3,B) 7:3,A,0.4444444444444445,1.0,0.2857142857142857,4,14,4,4,0.22893235087394714,0.7401414513587952,0.35
2570,True,exact,0.7,C) 7.5 cm,C,0.6,0.8571428571428571,0.46153846153846156,7,13,6,6,0.3038468360900879,0.7165309190750122,0.35
2571,False,exact,0.3,E) 70°,D,0.4615384615384615,0.6,0.375,5,8,3,3,0.270764023065567,0.5912720561027527,0.35
2572,False,exact,0.3,D) 2003 x 2004,A,0.7058823529411764,0.8571428571428571,0.6,7,10,6,6,0.4083925783634186,0.8203424215316772,0.35
2573,False,exact,0.3,B) 3:1,D,0.5882352941176471,1.0,0.4166666666666667,5,12,5,5,0.5321707725524902,0.9303856492042542,0.35
2574,False,numeric_mismatch,0.0,9,42,0.761904761904762,0.8888888888888888,0.6666666666666666,9,12,8,8,0.3677413761615753,0.8467687964439392,0.35
2575,True,exact,0.7,B) 2 cm,C,0.6,0.75,0.5,8,12,6,6,0.44950684905052185,0.8864169120788574,0.35
2576,False,exact,0.3,D) 30,B,0.5555555555555556,0.8333333333333334,0.4166666666666667,6,12,5,5,0.33205482363700867,0.8031622767448425,0.35
2577,False,numeric_mismatch,0.0,1,4,0.5263157894736842,0.7142857142857143,0.4166666666666667,7,12,5,5,0.2926486134529114,0.6749877333641052,0.35
2578,False,numeric_mismatch,0.0,4,3,0.5882352941176471,1.0,0.4166666666666667,5,12,5,5,0.3171558082103729,0.6458551287651062,0.35
2579,False,numeric_mismatch,0.0,54,72,0.8333333333333334,0.8333333333333334,0.8333333333333334,12,12,10,10,0.409044474363327,0.8265064358711243,0.35
2580,True,numeric_exact,1.0,4,4,0.5454545454545454,0.6,0.5,5,6,3,3,0.2766815721988678,0.5929321050643921,0.35
2581,False,numeric_mismatch,0.0,3,1,0.47058823529411764,1.0,0.3076923076923077,4,13,4,4,0.431650310754776,0.7118249535560608,0.35
2582,True,exact,0.7,B) 2:3,B,0.5882352941176471,1.0,0.4166666666666667,5,12,5,5,0.478391170501709,0.8418653011322021,0.35
2583,True,numeric_exact,1.0,3,3,0.5,1.0,0.3333333333333333,3,9,3,3,0.4651011824607849,0.768786609172821,0.35
2584,True,exact,0.7,D) 66 seconds,C,0.7333333333333334,0.6470588235294118,0.8461538461538461,17,13,11,11,0.3256436288356781,0.9632444977760315,0.35
2585,False,numeric_mismatch,0.0,x = 32,42,0.5454545454545454,0.6,0.5,10,12,6,6,0.3219302296638489,0.6475388407707214,0.35
2586,False,exact,0.3,2π + 2 cm²,B,0.6153846153846153,1.0,0.4444444444444444,4,9,4,4,0.4098694622516632,0.6072263121604919,0.35
2587,False,exact,0.3,C) 360°,E,0.631578947368421,0.8571428571428571,0.5,7,12,6,6,0.26940208673477173,0.5833150744438171,0.35
2588,False,numeric_mismatch,0.0,2,6,0.6666666666666666,1.0,0.5,5,10,5,5,0.3771674335002899,0.8432449698448181,0.35
2589,False,numeric_mismatch,0.0,64,768,0.4,1.0,0.25,3,12,3,3,0.4656963348388672,0.6827358603477478,0.35
2590,False,exact,0.3,insufficient information,D,0.7058823529411765,0.6666666666666666,0.75,9,8,6,6,0.33296993374824524,0.7876039743423462,0.35
2591,False,placeholder,0.0,insufficient information,11,0.0,0.0,0.0,0,10,0,0,0.0,0.0,0.0
2592,False,numeric_mismatch,0.0,5,7,0.6153846153846153,1.0,0.4444444444444444,4,9,4,4,0.42018771171569824,0.7875362038612366,0.35
2593,False,numeric_mismatch,0.0,2,9,0.1904761904761905,0.2222222222222222,0.16666666666666666,9,12,2,2,0.21906006336212158,0.6813993453979492,0.35
2594,True,numeric_exact,1.0,12,12,0.5555555555555556,1.0,0.38461538461538464,5,13,5,5,0.5034493207931519,0.9706002473831177,0.35
2595,True,exact,0.7,A) √2 - 1,A,0.4444444444444445,1.0,0.2857142857142857,4,14,4,4,0.36549443006515503,0.6907405257225037,0.35
2596,False,exact,0.3,10 π + 10 π √2,C,0.7500000000000001,0.8181818181818182,0.6923076923076923,11,13,9,9,0.31633949279785156,0.8202865123748779,0.35
2597,True,numeric_rounded,0.85,30,27,0.5333333333333333,1.0,0.36363636363636365,4,11,4,4,0.43256834149360657,0.7260236740112305,0.35
2598,False,exact,0.3,"D) X=1, Y=1",A,0.5,1.0,0.3333333333333333,4,12,4,4,0.4733230173587799,0.8050869703292847,0.35
2599,False,numeric_mismatch,0.0,1996,110,0.6,0.75,0.5,8,12,6,6,0.3548162877559662,0.7081691026687622,0.35
2600,False,numeric_mismatch,0.0,16,25,0.4,1.0,0.25,3,12,3,3,0.34739547967910767,0.65742427110672,0.35
2601,False,placeholder,0.0,insufficient information,A,0.0,0.0,0.0,0,12,0,0,0.0,0.0,0.0
2602,False,exact,0.3,B) 12+π,C,0.631578947368421,1.0,0.46153846153846156,6,13,6,6,0.3639294505119324,0.7789883613586426,0.35
2603,False,exact,0.3,D) H = L - S,E,0.4210526315789474,1.0,0.26666666666666666,4,15,4,4,0.3467133939266205,0.7611387968063354,0.35
2604,False,placeholder,0.0,insufficient information,D,0.0,0.0,0.0,0,13,0,0,0.0,0.0,0.0
2605,False,choice,1.0,I,D,0.25,0.5,0.16666666666666666,4,12,2,2,0.23608918488025665,0.6108449101448059,0.35
2606,True,exact,0.7,B) √13,B,0.4444444444444445,1.0,0.2857142857142857,2,7,2,2,0.2587440013885498,0.4284864366054535,0.35
2607,False,exact,0.3,D) 2 and 4,E,0.35294117647058826,0.6,0.25,5,12,3,3,0.21039067208766937,0.8272470235824585,0.35
2608,True,exact,0.7,B) \(\frac{1}{2}\),B,0.5882352941176471,1.0,0.4166666666666667,5,12,5,5,0.5098880529403687,0.8841661810874939,0.35
2609,True,exact,0.7,C) H and I,A,0.4444444444444444,0.8,0.3076923076923077,5,13,4,4,0.3241414725780487,0.8318788409233093,0.35
2610,False,exact,0.3,B) 10°,A,0.42857142857142855,1.0,0.2727272727272727,3,11,3,3,0.45486292243003845,0.8235673308372498,0.35
2611,False,placeholder,0.0,insufficient information,E,0.0,0.0,0.0,0,12,0,0,0.0,0.0,0.0
2612,False,placeholder,0.0,insufficient information,6,0.0,0.0,0.0,0,12,0,0,0.0,0.0,0.0
2613,False,numeric_mismatch,0.0,6,4,0.5,1.0,0.3333333333333333,4,12,4,4,0.3895835876464844,0.6867684721946716,0.35
2614,False,numeric_mismatch,0.0,16,10,0.4,1.0,0.25,3,12,3,3,0.3976437747478485,0.7468326091766357,0.35
2615,False,exact,0.3,C) \(\sqrt{5}-\sqrt{2}\),E,0.5263157894736842,0.8333333333333334,0.38461538461538464,6,13,5,5,0.25565406680107117,0.6890180706977844,0.35
2616,False,exact,0.3,80 - 12π,B,0.6666666666666666,1.0,0.5,6,12,6,6,0.40991687774658203,0.8848113417625427,0.35
2617,True,exact,0.7,B) 124°,B,0.7333333333333334,0.6111111111111112,0.9166666666666666,18,12,11,11,0.39591050148010254,0.7395163178443909,0.35
2618,False,exact,0.3,B) √5,A,0.7000000000000001,1.0,0.5384615384615384,7,13,7,7,0.41859737038612366,0.8271030187606812,0.35
2619,False,numeric_mismatch,0.0,8,6,0.4444444444444445,1.0,0.2857142857142857,4,14,4,4,0.33488965034484863,0.7926869988441467,0.35
2620,False,numeric_mismatch,0.0,4,14,0.7368421052631579,1.0,0.5833333333333334,7,12,7,7,0.3846520483493805,0.7526494860649109,0.35
2621,False,numeric_mismatch,0.0,504,64,0.7368421052631579,1.0,0.5833333333333334,7,12,7,7,0.46052151918411255,0.8205481767654419,0.35
2622,False,choice,1.0,E,D,0.4444444444444445,1.0,0.2857142857142857,4,14,4,4,0.31298866868019104,0.6411269903182983,0.35
2623,True,exact,0.7,E) all the shapes A-D can be made,E,0.5,0.5,0.5,6,6,3,3,0.3176868259906769,0.6093605160713196,0.35
2624,False,exact,0.3,D) √5 - 1,A,0.5882352941176471,1.0,0.4166666666666667,5,12,5,5,0.3635520935058594,0.8383139967918396,0.35
2625,False,exact,0.3,C) 30°,D,0.6666666666666666,1.0,0.5,6,12,6,6,0.39281129837036133,0.831690788269043,0.35
2626,False,placeholder,0.0,insufficient information,C,0.0,0.0,0.0,0,12,0,0,0.0,0.0,0.0
2627,False,exact,0.3,B) Bea,D,0.5454545454545454,0.75,0.42857142857142855,4,7,3,3,0.28735312819480896,0.6530245542526245,0.35
2628,False,numeric_mismatch,0.0,1.5,3,0.4,1.0,0.25,3,12,3,3,0.5354399085044861,0.8885014057159424,0.35
2629,False,numeric_mismatch,0.0,0.3,1.1,0.47058823529411764,1.0,0.3076923076923077,4,13,4,4,0.3938950300216675,0.7872054576873779,0.35
2630,True,numeric_exact,1.0,6,6,0.4,1.0,0.25,4,16,4,4,0.31536245346069336,0.6651941537857056,0.35
2631,False,exact,0.3,4π(3 - 2√2),A,0.5555555555555556,1.0,0.38461538461538464,5,13,5,5,0.32919591665267944,0.7515310645103455,0.35
2632,False,numeric_mismatch,0.0,2,6,0.9090909090909091,1.0,0.8333333333333334,10,12,10,10,0.36492520570755005,0.90518718957901,0.35
2633,False,numeric_mismatch,0.0,6,116,0.5,1.0,0.3333333333333333,4,12,4,4,0.3261549770832062,0.8584585785865784,0.35
2634,False,numeric_mismatch,0.0,3,1,0.35294117647058826,0.6,0.25,5,12,3,3,0.17418880760669708,0.5235807299613953,0.35
2635,False,exact,0.3,either of $U$ and $W$,C,0.5454545454545454,0.6,0.5,5,6,3,3,0.2142265886068344,0.6515671014785767,0.35
2636,False,exact,0.3,6(1 + √2),C,0.5882352941176471,1.0,0.4166666666666667,5,12,5,5,0.4230582118034363,0.7826344966888428,0.35
2637,False,numeric_mismatch,0.0,25.98 cm,45,0.6956521739130435,0.7272727272727273,0.6666666666666666,11,12,8,8,0.3807498514652252,0.8695069551467896,0.35
2638,False,numeric_mismatch,0.0,6,5,0.7499999999999999,1.0,0.6,6,10,6,6,0.42382314801216125,0.7535811066627502,0.35
2639,False,numeric_mismatch,0.0,10,12,0.5,1.0,0.3333333333333333,4,12,4,4,0.3024342954158783,0.8557713627815247,0.35
2640,False,exact,1.0,David,A,0.7368421052631579,1.0,0.5833333333333334,7,12,7,7,0.38431382179260254,0.8445799946784973,0.35
2641,False,placeholder,0.0,insufficient information,225,0.0,0.0,0.0,0,14,0,0,0.0,0.0,0.0
2642,False,numeric_mismatch,0.0,9,3,0.47058823529411764,1.0,0.3076923076923077,4,13,4,4,0.3389189541339874,0.6300948262214661,0.35
2643,False,choice,1.0,D,C,0.30769230769230765,0.6666666666666666,0.2,3,10,2,2,0.2928451597690582,0.745604932308197,0.35
2644,False,numeric_mismatch,0.0,8,12,0.47058823529411764,1.0,0.3076923076923077,4,13,4,4,0.4306427538394928,0.8063634037971497,0.35
2645,False,exact,0.3,C) 3√2,B,0.6666666666666667,0.875,0.5384615384615384,8,13,7,7,0.32846805453300476,0.7486588358879089,0.35
2646,True,exact,0.7,B) 10 / 3,B,0.5555555555555556,0.8333333333333334,0.4166666666666667,6,12,5,5,0.35533714294433594,0.8457019329071045,0.35
2647,False,numeric_mismatch,0.0,2,4,0.3333333333333333,0.75,0.21428571428571427,4,14,3,3,0.421792596578598,0.7660510540008545,0.35
2648,True,numeric_rounded,0.9,48,47,0.6,0.8571428571428571,0.46153846153846156,7,13,6,6,0.29140836000442505,0.8400764465332031,0.35
2649,True,numeric_rounded,0.9,17,16,0.8,1.0,0.6666666666666666,6,9,6,6,0.4330446422100067,0.736120879650116,0.35
2650,False,numeric_mismatch,0.0,2,64,0.5555555555555556,0.8333333333333334,0.4166666666666667,6,12,5,5,0.3994070291519165,0.862493097782135,0.35
2651,False,numeric_mismatch,0.0,3,4,0.5714285714285715,0.6666666666666666,0.5,3,4,2,2,0.3781875669956207,0.7286249399185181,0.35
2652,False,choice,1.0,C,E,0.5882352941176471,1.0,0.4166666666666667,5,12,5,5,0.3785073161125183,0.7035971283912659,0.35
2653,False,choice,1.0,D,A,0.47058823529411764,1.0,0.3076923076923077,4,13,4,4,0.3692333400249481,0.8066004514694214,0.35
2654,False,exact,0.3,insufficient information,D,0.5882352941176471,1.0,0.4166666666666667,5,12,5,5,0.5062974691390991,0.8460105061531067,0.35
2655,True,numeric_rounded,0.9,4038,4028,0.761904761904762,0.8888888888888888,0.6666666666666666,9,12,8,8,0.3920680582523346,0.7500459551811218,0.35
2656,False,numeric_mismatch,0.0,30,80,0.4,1.0,0.25,3,12,3,3,0.4177496135234833,0.7380169034004211,0.35
2657,False,choice,1.0,D,A,0.4,1.0,0.25,3,12,3,3,0.27077993750572205,0.6298071146011353,0.35
2658,False,exact,0.3,C) PS,A,0.782608695652174,1.0,0.6428571428571429,9,14,9,9,0.4150821566581726,0.8681913018226624,0.35
2659,False,numeric_mismatch,0.0,8,12,0.6153846153846153,1.0,0.4444444444444444,4,9,4,4,0.2872422933578491,0.701756477355957,0.35
2660,False,numeric_mismatch,0.0,1,3,0.5882352941176471,1.0,0.4166666666666667,5,12,5,5,0.38504618406295776,0.7926306128501892,0.35
2661,False,exact,1.0,r<s<t,E,0.36363636363636365,0.6666666666666666,0.25,3,8,2,2,0.1998523324728012,0.5329944491386414,0.35
2662,False,numeric_mismatch,0.0,4.2,12.6,0.7058823529411764,0.8571428571428571,0.6,7,10,6,6,0.3200407028198242,0.8149062991142273,0.35
2663,False,numeric_mismatch,0.0,6,12,0.4,1.0,0.25,3,12,3,3,0.5029698610305786,0.8448238968849182,0.35
2664,False,placeholder,0.0,insufficient information,23,0.0,0.0,0.0,0,13,0,0,0.0,0.0,0.0
2665,False,numeric_mismatch,0.0,3,9,0.375,1.0,0.23076923076923078,3,13,3,3,0.31935039162635803,0.6966951489448547,0.35
2666,False,numeric_mismatch,0.0,17,9,0.5882352941176471,1.0,0.4166666666666667,5,12,5,5,0.519456148147583,0.8780214786529541,0.35
2667,True,exact,0.7,B) 45°,B,0.625,1.0,0.45454545454545453,5,11,5,5,0.4454294443130493,0.8410965800285339,0.35
2668,True,exact,0.7,B) \(\frac{125}{8}\),B,0.5263157894736842,1.0,0.35714285714285715,5,14,5,5,0.3263530731201172,0.643272876739502,0.35
2669,False,exact,0.3,E) \(\frac{\pi a^2}{4}\),B,0.625,1.0,0.45454545454545453,5,11,5,5,0.4085316061973572,0.7989476323127747,0.35
2670,False,choice,1.0,E,A,0.6,0.8571428571428571,0.46153846153846156,7,13,6,6,0.3877081274986267,0.8167566061019897,0.35
2671,False,exact,0.3,D) \(\frac{2}{3}\),B,0.7142857142857143,1.0,0.5555555555555556,5,9,5,5,0.41800761222839355,0.8945664167404175,0.35
2672,False,exact,0.3,B) √10 + √2,C,0.6,0.6,0.6,10,10,6,6,0.31747573614120483,0.5997332334518433,0.35
2673,False,numeric_mismatch,0.0,40,25,0.5555555555555556,1.0,0.38461538461538464,5,13,5,5,0.354268878698349,0.7849021553993225,0.35
2674,True,exact,0.7,W and Z,A,0.375,1.0,0.23076923076923078,3,13,3,3,0.5208207368850708,0.9671926498413086,0.35
2675,False,numeric_mismatch,0.0,3,0,0.35294117647058826,1.0,0.21428571428571427,3,14,3,3,0.31390923261642456,0.6742671132087708,0.35
2676,False,exact,1.0,4:3,D,0.5,1.0,0.3333333333333333,4,12,4,4,0.3443787395954132,0.7402876615524292,0.35
2677,False,exact,1.0,2,A,0.6666666666666666,1.0,0.5,6,12,6,6,0.3812420070171356,0.8643432855606079,0.35
2678,True,exact,0.7,C) 88%,C,0.3333333333333333,0.6666666666666666,0.2222222222222222,3,9,2,2,0.30374875664711,0.7555854320526123,0.35
2679,False,numeric_mismatch,0.0,25,4,0.9090909090909091,1.0,0.8333333333333334,10,12,10,10,0.3756488263607025,0.731290340423584,0.35
2680,False,numeric_mismatch,0.0,3,5,0.5,1.0,0.3333333333333333,5,15,5,5,0.5028634071350098,0.8391880989074707,0.35
2681,False,exact,1.0,360°,B,0.5714285714285715,1.0,0.4,4,10,4,4,0.4785001277923584,0.7184084057807922,0.35
2682,False,numeric_mismatch,0.0,6,12,0.6666666666666666,1.0,0.5,6,12,6,6,0.3901056945323944,0.8361197710037231,0.35
2683,False,numeric_mismatch,0.0,2016,16,0.46153846153846156,0.75,0.3333333333333333,4,9,3,3,0.29198676347732544,0.6744305491447449,0.35
2684,False,choice,1.0,D,E,0.11764705882352941,0.3333333333333333,0.07142857142857142,3,14,1,1,0.13680323958396912,0.6591314077377319,0.35
2685,False,choice,1.0,B,D,0.7272727272727272,0.8,0.6666666666666666,10,12,8,8,0.3557100296020508,0.7933687567710876,0.35
2686,False,numeric_mismatch,0.0,25,35,0.7272727272727272,0.8,0.6666666666666666,10,12,8,8,0.3374197781085968,0.9193413853645325,0.35
2687,True,exact,0.7,B) 28 cm,B,0.761904761904762,1.0,0.6153846153846154,8,13,8,8,0.3552657961845398,0.8899036049842834,0.35
2688,False,numeric_mismatch,0.0,6,0,0.5555555555555556,0.8333333333333334,0.4166666666666667,6,12,5,5,0.3128775656223297,0.5898523926734924,0.35
2689,False,numeric_mismatch,0.0,7,14,0.9090909090909091,1.0,0.8333333333333334,10,12,10,10,0.4773963987827301,0.7929088473320007,0.35
2690,False,exact,1.0,90%,B,0.5333333333333333,1.0,0.36363636363636365,4,11,4,4,0.4176425039768219,0.7470390200614929,0.35
2691,False,numeric_mismatch,0.0,3,6,0.3157894736842105,1.0,0.1875,3,16,3,3,0.33250871300697327,0.7586187720298767,0.35
2692,False,placeholder,0.0,insufficient information,A,0.0,0.0,0.0,0,12,0,0,0.0,0.0,0.0
2693,True,exact,0.7,120 cm,C,0.9285714285714286,0.9285714285714286,0.9285714285714286,14,14,13,13,0.3936424255371094,0.8457658290863037,0.35
2694,True,exact,0.7,"X, Y, and Z are all the same",A,0.5,1.0,0.3333333333333333,4,12,4,4,0.5489612221717834,0.8597592711448669,0.35
2695,False,numeric_mismatch,0.0,654,15,0.2857142857142857,1.0,0.16666666666666666,2,12,2,2,0.28618332743644714,0.5735648274421692,0.35
2696,False,numeric_mismatch,0.0,6,16,0.39999999999999997,0.75,0.2727272727272727,4,11,3,3,0.22661644220352173,0.6271834373474121,0.35
2697,False,numeric_mismatch,0.0,16 - 4π,8,0.8235294117647058,1.0,0.7,7,10,7,7,0.40016594529151917,0.8254656791687012,0.35
2698,False,numeric_mismatch,0.0,4,3,0.761904761904762,1.0,0.6153846153846154,8,13,8,8,0.38593384623527527,0.8507723212242126,0.35
2699,True,numeric_rounded,0.9,3027,3025,0.4444444444444445,1.0,0.2857142857142857,4,14,4,4,0.38281315565109253,0.9468426704406738,0.35
2700,True,numeric_exact,1.0,38,38,0.625,1.0,0.45454545454545453,5,11,5,5,0.4515233337879181,0.7644895911216736,0.35
2701,False,placeholder,0.0,insufficient information,D,0.0,0.0,0.0,0,14,0,0,0.0,0.0,0.0
2702,False,exact,0.3,α + β = 90,B,0.6666666666666666,1.0,0.5,3,6,3,3,0.4223748445510864,0.8436676859855652,0.35
2703,False,choice,1.0,E,A,0.4,0.5,0.3333333333333333,6,9,3,3,0.2867561876773834,0.6424190998077393,0.35
2704,True,exact,0.7,"B) 1, 2 and 9",B,0.5333333333333333,0.6666666666666666,0.4444444444444444,6,9,4,4,0.24439717829227448,0.5868765115737915,0.35
2705,False,exact,0.3,A) 1: 3,E,0.5882352941176471,1.0,0.4166666666666667,5,12,5,5,0.29054638743400574,0.8936071395874023,0.35
2706,True,exact,0.7,B) \(\frac{5 \pi R}{3}\),C,0.4444444444444445,1.0,0.2857142857142857,4,14,4,4,0.4166524112224579,0.783810555934906,0.35
2707,False,choice,1.0,B,E,0.5882352941176471,1.0,0.4166666666666667,5,12,5,5,0.39445000886917114,0.8546339869499207,0.35
2708,True,exact,0.7,D) \(\frac{4}{3}\),A,0.5882352941176471,1.0,0.4166666666666667,5,12,5,5,0.3540359139442444,0.7438061833381653,0.35
2709,True,exact,0.7,all of the vertices are possible,C,0.5882352941176471,1.0,0.4166666666666667,5,12,5,5,0.3482406735420227,0.7585122585296631,0.35
2710,False,exact,0.3,B) $2S$,A,0.5,0.8333333333333334,0.35714285714285715,6,14,5,5,0.30379772186279297,0.6631946563720703,0.35
2711,True,numeric_rounded,0.85,20,18,0.5,1.0,0.3333333333333333,4,12,4,4,0.3755033016204834,0.7684098482131958,0.35
2712,False,numeric_mismatch,0.0,88,158,0.46153846153846156,0.75,0.3333333333333333,4,9,3,3,0.3473092317581177,0.8011940717697144,0.35
2713,False,placeholder,0.0,insufficient information,A,0.0,0.0,0.0,0,12,0,0,0.0,0.0,0.0
2714,False,numeric_mismatch,0.0,14,3,0.7368421052631579,1.0,0.5833333333333334,7,12,7,7,0.4278484582901001,0.8458327651023865,0.35
2715,False,exact,0.3,C) 35°,E,0.5185185185185185,0.3888888888888889,0.7777777777777778,18,9,7,7,0.25152361392974854,0.6975319385528564,0.35
2716,False,exact,0.3,5 cm,D,0.631578947368421,0.8571428571428571,0.5,7,12,6,6,0.33082348108291626,0.918095588684082,0.35
2717,False,exact,0.3,insufficient information,D,0.6666666666666667,0.8333333333333334,0.5555555555555556,6,9,5,5,0.30203843116760254,0.7093309760093689,0.35
2718,True,numeric_exact,1.0,7,7,0.5,1.0,0.3333333333333333,4,12,4,4,0.3718357980251312,0.7458600997924805,0.35
2719,True,exact,0.7,B) 72°,B,0.5714285714285715,1.0,0.4,4,10,4,4,0.3757198452949524,0.795188307762146,0.35
2720,True,exact,0.7,C) 18 cm,C,0.8235294117647058,1.0,0.7,7,10,7,7,0.45271608233451843,0.8694555759429932,0.35
2721,False,exact,0.3,E) 10 cm,B,0.7692307692307693,1.0,0.625,5,8,5,5,0.38878482580184937,0.7065639495849609,0.35
2722,False,exact,0.3,C) 900°,D,0.7142857142857143,0.7142857142857143,0.7142857142857143,7,7,5,5,0.41256698966026306,0.7770096659660339,0.35
2723,False,numeric_mismatch,0.0,3,1,0.4210526315789473,0.8,0.2857142857142857,5,14,4,4,0.3325468897819519,0.6538299322128296,0.35
2724,False,numeric_mismatch,0.0,x = 81°,9,0.5,1.0,0.3333333333333333,4,12,4,4,0.4313468039035797,0.8672834634780884,0.35
2725,False,numeric_mismatch,0.0,1,4045,0.4,1.0,0.25,3,12,3,3,0.321102499961853,0.5948573350906372,0.35
2726,False,numeric_mismatch,0.0,16,5,0.6666666666666666,1.0,0.5,6,12,6,6,0.39949220418930054,0.7933392524719238,0.35
2727,False,numeric_mismatch,0.0,78,16,0.4444444444444444,0.6666666666666666,0.3333333333333333,6,12,4,4,0.3033410310745239,0.7020036578178406,0.35
2728,False,numeric_mismatch,0.0,24,18,0.5882352941176471,1.0,0.4166666666666667,5,12,5,5,0.45096254348754883,0.781838059425354,0.35
2729,False,exact,0.3,D) √2:1,E,0.25,0.5,0.16666666666666666,4,12,2,2,0.1993018388748169,0.5627697110176086,0.35
2730,True,numeric_rounded,0.85,10,9,0.5,1.0,0.3333333333333333,4,12,4,4,0.43978428840637207,0.7939028739929199,0.35
2731,True,numeric_exact,1.0,3,3,0.7272727272727273,1.0,0.5714285714285714,4,7,4,4,0.4363577663898468,0.6569858193397522,0.35
2732,False,numeric_mismatch,0.0,2,12,0.5714285714285714,0.8,0.4444444444444444,5,9,4,4,0.34523922204971313,0.5676541924476624,0.35
2733,True,choice,1.0,E,E,0.2222222222222222,0.4,0.15384615384615385,5,13,2,2,0.18017339706420898,0.6907045245170593,0.35
2734,False,numeric_mismatch,0.0,9,3,0.47058823529411764,0.8,0.3333333333333333,5,12,4,4,0.2600988745689392,0.46399474143981934,0.35
2735,True,numeric_rounded,0.85,16,18,0.7000000000000001,1.0,0.5384615384615384,7,13,7,7,0.45085176825523376,0.7232193350791931,0.35
2736,False,numeric_mismatch,0.0,7!,5,0.6666666666666667,0.875,0.5384615384615384,8,13,7,7,0.3240673243999481,0.799277126789093,0.35
2737,False,placeholder,0.0,insufficient information,B,0.0,0.0,0.0,0,12,0,0,0.0,0.0,0.0
2738,False,exact,0.3,B) 3: 4,E,0.5882352941176471,1.0,0.4166666666666667,5,12,5,5,0.31302210688591003,0.7647507786750793,0.35
2739,False,exact,0.3,A) \(\frac{1}{2}\),E,0.6666666666666666,1.0,0.5,5,10,5,5,0.3355189263820648,0.8705852031707764,0.35
2740,False,numeric_mismatch,0.0,30,40,0.5263157894736842,1.0,0.35714285714285715,5,14,5,5,0.4422362446784973,0.9047412872314453,0.35
2741,True,exact,0.7,none of these are possible,E,0.4210526315789474,1.0,0.26666666666666666,4,15,4,4,0.4431786835193634,0.7944556474685669,0.35
2742,False,numeric_mismatch,0.0,36,20,0.5,1.0,0.3333333333333333,4,12,4,4,0.39250603318214417,0.7642608880996704,0.35
2743,True,exact,0.7,B) √2,B,0.625,1.0,0.45454545454545453,5,11,5,5,0.3516620993614197,0.7934674024581909,0.35
2744,False,placeholder,0.0,insufficient information,D,0.0,0.0,0.0,0,11,0,0,0.0,0.0,0.0
2745,False,choice,1.0,D,E,0.5555555555555556,1.0,0.38461538461538464,5,13,5,5,0.34100276231765747,0.6717728972434998,0.35
2746,False,exact,0.3,D) \(\frac{65}{4}\),B,0.7499999999999999,1.0,0.6,6,10,6,6,0.3288126587867737,0.7944154739379883,0.35
2747,True,exact,0.7,D) \(\frac{1}{3}\),C,0.4,0.6666666666666666,0.2857142857142857,3,7,2,2,0.270259290933609,0.8499259948730469,0.35
2748,False,exact,1.0,1:1,D,0.5882352941176471,1.0,0.4166666666666667,5,12,5,5,0.48392173647880554,0.8323637247085571,0.35
2749,False,numeric_mismatch,0.0,5,4,0.761904761904762,0.8888888888888888,0.6666666666666666,9,12,8,8,0.46117493510246277,0.8693281412124634,0.35
2750,False,placeholder,0.0,insufficient information,B,0.0,0.0,0.0,0,12,0,0,0.0,0.0,0.0
2751,False,placeholder,0.0,insufficient information,B,0.0,0.0,0.0,0,12,0,0,0.0,0.0,0.0
2752,False,numeric_mismatch,0.0,6,2,0.7058823529411764,0.8571428571428571,0.6,7,10,6,6,0.34893402457237244,0.7163044810295105,0.35
2753,False,choice,1.0,B,C,0.5,1.0,0.3333333333333333,4,12,4,4,0.24335265159606934,0.6789924502372742,0.35
2754,False,numeric_mismatch,0.0,5,84,0.2727272727272727,0.5,0.1875,6,16,3,3,0.20581810176372528,0.815463125705719,0.35
2755,False,exact,0.3,28 km,B,0.5,1.0,0.3333333333333333,4,12,4,4,0.38590338826179504,0.778016984462738,0.35
2756,False,exact,0.3,B) 6 × 6 × 6,A,0.5714285714285715,1.0,0.4,6,15,6,6,0.36084678769111633,0.8383036851882935,0.35
2757,False,numeric_mismatch,0.0,8,11,0.31578947368421056,0.75,0.2,4,15,3,3,0.2645035684108734,0.5253165364265442,0.35
2758,False,numeric_mismatch,0.0,18,50,0.33333333333333337,1.0,0.2,3,15,3,3,0.4171510934829712,0.6390217542648315,0.35
2759,False,numeric_mismatch,0.0,36,156,0.45454545454545453,1.0,0.29411764705882354,5,17,5,5,0.3190712332725525,0.815139651298523,0.35
2760,False,numeric_mismatch,0.0,16,52,0.5882352941176471,1.0,0.4166666666666667,5,12,5,5,0.2883833944797516,0.5565565824508667,0.35
2761,True,numeric_rounded,0.9,17,16,0.47058823529411764,1.0,0.3076923076923077,4,13,4,4,0.3154486119747162,0.7588737607002258,0.35
2762,False,placeholder,0.0,insufficient information,100,0.0,0.0,0.0,0,13,0,0,0.0,0.0,0.0
2763,True,numeric_exact,1.0,121,121,0.4,1.0,0.25,3,12,3,3,0.4039348363876343,0.7609685063362122,0.35
2764,False,numeric_mismatch,0.0,100,950,0.5333333333333333,1.0,0.36363636363636365,4,11,4,4,0.3705850839614868,0.5809499621391296,0.35
2765,True,numeric_exact,1.0,160,160,0.6666666666666666,1.0,0.5,7,14,7,7,0.40681904554367065,0.834491491317749,0.35
2766,False,numeric_mismatch,0.0,64,256,0.3157894736842105,1.0,0.1875,3,16,3,3,0.3975552022457123,0.7372822761535645,0.35
2767,True,numeric_rounded,0.9,135,144,0.4210526315789474,1.0,0.26666666666666666,4,15,4,4,0.4524065852165222,0.8122077584266663,0.35
2768,False,numeric_mismatch,0.0,K = 18,110,0.4210526315789474,1.0,0.26666666666666666,4,15,4,4,0.5269591808319092,0.8079390525817871,0.35
2769,False,numeric_mismatch,0.0,36,116,0.5555555555555556,1.0,0.38461538461538464,5,13,5,5,0.3846966326236725,0.8414629101753235,0.35
2770,False,numeric_mismatch,0.0,30,132,0.4,1.0,0.25,3,12,3,3,0.3574356734752655,0.8860854506492615,0.35
2771,False,numeric_mismatch,0.0,360,216,0.5,1.0,0.3333333333333333,4,12,4,4,0.40869012475013733,0.7901014089584351,0.35
2772,False,numeric_mismatch,0.0,75,625,0.3,1.0,0.17647058823529413,3,17,3,3,0.40391111373901367,0.8292640447616577,0.35
2773,False,numeric_mismatch,0.0,3600,276,0.7499999999999999,1.0,0.6,9,15,9,9,0.4039871096611023,0.8811551332473755,0.35
2774,False,numeric_mismatch,0.0,10,13,0.5555555555555556,1.0,0.38461538461538464,5,13,5,5,0.36966103315353394,0.8138490915298462,0.35
2775,True,numeric_exact,1.0,4,4,0.7000000000000001,1.0,0.5384615384615384,7,13,7,7,0.35892507433891296,0.9015347361564636,0.35
2776,False,numeric_mismatch,0.0,8,121,0.5882352941176471,1.0,0.4166666666666667,5,12,5,5,0.3632291853427887,0.7645870447158813,0.35
2777,False,numeric_mismatch,0.0,"The solution is 1, 2, 3, 4, 5.",829,0.375,0.75,0.25,4,12,3,3,0.2743118107318878,0.4826663136482239,0.35
2778,False,numeric_mismatch,0.0,100*sqrt(3),603,0.5714285714285715,1.0,0.4,6,15,6,6,0.41894862055778503,0.9140588045120239,0.35
2779,False,numeric_mismatch,0.0,36,150,0.4,1.0,0.25,4,16,4,4,0.3488953709602356,0.7087725400924683,0.35
2780,False,numeric_mismatch,0.0,B = 32,128,0.625,1.0,0.45454545454545453,5,11,5,5,0.4579675793647766,0.8432601094245911,0.35
2781,False,numeric_mismatch,0.0,260,130,0.625,1.0,0.45454545454545453,5,11,5,5,0.45077112317085266,0.8405218720436096,0.35
2782,False,placeholder,0.0,insufficient information,4,0.0,0.0,0.0,0,16,0,0,0.0,0.0,0.0
2783,True,numeric_rounded,0.9,86,94,0.4,1.0,0.25,4,16,4,4,0.4582749903202057,0.6934833526611328,0.35
2784,False,numeric_mismatch,0.0,7,295,0.3333333333333333,0.75,0.21428571428571427,4,14,3,3,0.3104240894317627,0.5172945857048035,0.35
2785,False,numeric_mismatch,0.0,200,400,0.4,1.0,0.25,3,12,3,3,0.4064275920391083,0.6488772630691528,0.35
2786,False,numeric_mismatch,0.0,1,576,0.4,0.8,0.26666666666666666,5,15,4,4,0.41982582211494446,0.826069712638855,0.35
2787,False,numeric_mismatch,0.0,2000,400,0.6666666666666666,1.0,0.5,6,12,6,6,0.4618847072124481,0.7878997325897217,0.35
2788,False,numeric_mismatch,0.0,3,961,0.4210526315789474,1.0,0.26666666666666666,4,15,4,4,0.2858051359653473,0.4627019464969635,0.35
2789,True,numeric_exact,1.0,3,3,0.46153846153846156,0.75,0.3333333333333333,4,9,3,3,0.22272099554538727,0.5035229921340942,0.35
2790,True,numeric_rounded,0.9,105,103,0.4210526315789474,1.0,0.26666666666666666,4,15,4,4,0.26755473017692566,0.6249891519546509,0.35
2791,False,numeric_mismatch,0.0,64,384,0.7368421052631579,1.0,0.5833333333333334,7,12,7,7,0.41614681482315063,0.7562733888626099,0.35
2792,True,numeric_rounded,0.9,105,104,0.35294117647058826,1.0,0.21428571428571427,3,14,3,3,0.22186806797981262,0.4387775659561157,0.35
2793,False,numeric_mismatch,0.0,7*30 + 5*2 + 3*2 = 210 + 10 + 6 = 226,269,0.6666666666666666,1.0,0.5,5,10,5,5,0.36683037877082825,0.84529709815979,0.35
2794,False,placeholder,0.0,insufficient information,120,0.0,0.0,0.0,0,13,0,0,0.0,0.0,0.0
2795,True,numeric_rounded,0.9,203,206,0.9285714285714286,0.9285714285714286,0.9285714285714286,14,14,13,13,0.7282450199127197,0.9607760906219482,0.35
2796,False,placeholder,0.0,insufficient information,412,0.0,0.0,0.0,0,13,0,0,0.0,0.0,0.0
2797,False,numeric_mismatch,0.0,5,173,0.6666666666666666,1.0,0.5,6,12,6,6,0.3237873613834381,0.8784502744674683,0.35
2798,False,numeric_mismatch,0.0,9,841,0.3333333333333333,0.75,0.21428571428571427,4,14,3,3,0.28661391139030457,0.5216047763824463,0.35
2799,True,numeric_rounded,0.85,29,26,0.5263157894736842,1.0,0.35714285714285715,5,14,5,5,0.34035611152648926,0.8502809405326843,0.35
2800,False,placeholder,0.0,insufficient information,288,0.0,0.0,0.0,0,14,0,0,0.0,0.0,0.0
2801,False,numeric_mismatch,0.0,36,130,0.4210526315789474,1.0,0.26666666666666666,4,15,4,4,0.3446340262889862,0.7128189206123352,0.35
2802,False,numeric_mismatch,0.0,5,175,0.7096774193548386,0.6470588235294118,0.7857142857142857,17,14,11,11,0.3190326988697052,0.7878071069717407,0.35
2803,False,numeric_mismatch,0.0,100,144,0.42857142857142855,1.0,0.2727272727272727,3,11,3,3,0.44246718287467957,0.7705383896827698,0.35
2804,False,numeric_mismatch,0.0,√1985,32,0.6666666666666666,1.0,0.5,7,14,7,7,0.34612923860549927,0.7773823142051697,0.35
2805,False,numeric_mismatch,0.0,189,315,0.5,1.0,0.3333333333333333,4,12,4,4,0.4697864055633545,0.8358179330825806,0.35
2806,False,numeric_mismatch,0.0,144,864,0.375,1.0,0.23076923076923078,3,13,3,3,0.43356743454933167,0.7505028247833252,0.35
2807,True,numeric_rounded,0.9,174,193,0.6,1.0,0.42857142857142855,6,14,6,6,0.33747220039367676,0.7990482449531555,0.35
2808,False,numeric_mismatch,0.0,8,33,0.375,1.0,0.23076923076923078,3,13,3,3,0.37150123715400696,0.703257143497467,0.35
2809,False,numeric_mismatch,0.0,881,462,0.47058823529411764,1.0,0.3076923076923077,4,13,4,4,0.4165809452533722,0.7753639221191406,0.35
2810,False,numeric_mismatch,0.0,126,770,0.7000000000000001,0.875,0.5833333333333334,8,12,7,7,0.32372161746025085,0.8085735440254211,0.35
2811,False,numeric_mismatch,0.0,103,142,0.4615384615384615,1.0,0.3,3,10,3,3,0.33016014099121094,0.6096855401992798,0.35
2812,False,numeric_mismatch,0.0,"The product $abc$ is equal to the area of the triangle multiplied by the height corresponding to side $d$. Given the perimeter of the triangle is 50 and $d=3$, we can calculate the area of the triangle using Heron's formula and then multiply it by $d$ to get the product $abc$.",441,0.7499999999999999,1.0,0.6,6,10,6,6,0.3353528380393982,0.5949587821960449,0.35
2813,False,numeric_mismatch,0.0,100,160,0.47619047619047616,1.0,0.3125,5,16,5,5,0.330725759267807,0.7334606051445007,0.35
2814,False,numeric_mismatch,0.0,d^2 = 100,137,0.4210526315789474,1.0,0.26666666666666666,4,15,4,4,0.31523755192756653,0.6297951936721802,0.35
2815,False,exact,0.3,"The area of triangle ABC can be calculated by summing the areas of the smaller triangles formed by the cevians AP, BP, and CP.",108,0.631578947368421,1.0,0.46153846153846156,6,13,6,6,0.3550334870815277,0.60549396276474,0.35
2816,False,numeric_mismatch,0.0,Volume = (1/3) * (√3/4) * 939 * √939/2,594,0.6923076923076924,0.6428571428571429,0.75,14,12,9,9,0.31526127457618713,0.7408930063247681,0.35
2817,False,placeholder,0.0,insufficient information,135,0.0,0.0,0.0,0,12,0,0,0.0,0.0,0.0
2818,False,numeric_mismatch,0.0,35,792,0.4,1.0,0.25,3,12,3,3,0.22281643748283386,0.5533967614173889,0.35
2819,False,numeric_mismatch,0.0,1993,118,0.4,0.6666666666666666,0.2857142857142857,6,14,4,4,0.2713012099266052,0.7072528600692749,0.35
2820,False,numeric_mismatch,0.0,6,71,0.5555555555555556,1.0,0.38461538461538464,5,13,5,5,0.37162426114082336,0.8810561895370483,0.35
2821,False,numeric_mismatch,0.0,19/6,255,0.47058823529411764,0.8,0.3333333333333333,5,12,4,4,0.23109321296215057,0.565858781337738,0.35
2822,False,numeric_mismatch,0.0,16,616,0.64,0.7272727272727273,0.5714285714285714,11,14,8,8,0.32517009973526,0.803124725818634,0.35
2823,False,exact,0.3,Insufficient information,200,0.47058823529411764,0.8,0.3333333333333333,5,12,4,4,0.26855170726776123,0.4650929272174835,0.35
2824,False,numeric_mismatch,0.0,106,185,0.631578947368421,0.8571428571428571,0.5,7,12,6,6,0.32854896783828735,0.7799016833305359,0.35
2825,False,numeric_mismatch,0.0,36,260,0.5,0.75,0.375,4,8,3,3,0.3642798066139221,0.7462567687034607,0.35
2826,False,numeric_mismatch,0.0,17,154,0.5555555555555556,1.0,0.38461538461538464,5,13,5,5,0.3319655656814575,0.675215482711792,0.35
2827,False,numeric_mismatch,0.0,The integer closest to the area of quadrilateral $DCFG$ is 180.,148,0.761904761904762,1.0,0.6153846153846154,8,13,8,8,0.3171013295650482,0.7024339437484741,0.35
2828,False,numeric_mismatch,0.0,198,803,0.7272727272727273,1.0,0.5714285714285714,8,14,8,8,0.2811872065067291,0.6933537125587463,0.35
2829,False,numeric_mismatch,0.0,106,293,0.25,0.6666666666666666,0.15384615384615385,3,13,2,2,0.2725315988063812,0.7308489084243774,0.35
2830,False,numeric_mismatch,0.0,5/11,408,0.4,1.0,0.25,3,12,3,3,0.39500391483306885,0.7079049348831177,0.35
2831,False,numeric_mismatch,0.0,1,89,0.5882352941176471,1.0,0.4166666666666667,5,12,5,5,0.3340532183647156,0.7039357423782349,0.35
2832,True,numeric_exact,1.0,65,65,0.8461538461538461,0.7857142857142857,0.9166666666666666,14,12,11,11,0.2582669258117676,0.8238880634307861,0.35
2833,False,exact,1.0,N,860,0.5882352941176471,1.0,0.4166666666666667,5,12,5,5,0.37506571412086487,0.7085774540901184,0.35
2834,False,numeric_mismatch,0.0,109,578,0.4444444444444445,1.0,0.2857142857142857,4,14,4,4,0.30374178290367126,0.676839292049408,0.35
2835,False,numeric_mismatch,0.0,1024,640,0.25,0.6666666666666666,0.15384615384615385,3,13,2,2,0.278654545545578,0.7018834352493286,0.35
2836,False,numeric_mismatch,0.0,1,17,0.35294117647058826,1.0,0.21428571428571427,3,14,3,3,0.31976208090782166,0.6274750232696533,0.35
2837,True,numeric_rounded,0.85,m + n = 1000,871,0.6,1.0,0.42857142857142855,6,14,6,6,0.2616492807865143,0.7023164629936218,0.35
2838,False,numeric_mismatch,0.0,16,240,0.33333333333333337,1.0,0.2,3,15,3,3,0.3250442147254944,0.6820744872093201,0.35
2839,False,numeric_mismatch,0.0,16,32,0.375,1.0,0.23076923076923078,3,13,3,3,0.4538893699645996,0.6837314367294312,0.35
2840,False,numeric_mismatch,0.0,60,318,0.5263157894736842,0.8333333333333334,0.38461538461538464,6,13,5,5,0.2610706090927124,0.6077482104301453,0.35
2841,False,numeric_mismatch,0.0,210,280,0.5,1.0,0.3333333333333333,4,12,4,4,0.3865083158016205,0.7528362274169922,0.35
2842,False,placeholder,0.0,insufficient information,89,0.0,0.0,0.0,0,15,0,0,0.0,0.0,0.0
2843,False,numeric_mismatch,0.0,Volume = (1/3) * Area of Base * Height,750,0.5263157894736842,1.0,0.35714285714285715,5,14,5,5,0.37163111567497253,0.8434536457061768,0.35
2844,False,numeric_mismatch,0.0,6,429,0.375,1.0,0.23076923076923078,3,13,3,3,0.27534013986587524,0.8505508303642273,0.35
2845,False,numeric_mismatch,0.0,18,113,0.33333333333333337,1.0,0.2,3,15,3,3,0.3569965660572052,0.7479508519172668,0.35
2846,False,numeric_mismatch,0.0,360,790,0.4444444444444445,1.0,0.2857142857142857,4,14,4,4,0.38061967492103577,0.7446194887161255,0.35
2847,False,numeric_mismatch,0.0,1848,850,0.7368421052631579,1.0,0.5833333333333334,7,12,7,7,0.3644636273384094,0.7388632297515869,0.35
2848,False,placeholder,0.0,insufficient information,720,0.0,0.0,0.0,0,14,0,0,0.0,0.0,0.0
2849,False,numeric_mismatch,0.0,36,58,0.35294117647058826,1.0,0.21428571428571427,3,14,3,3,0.38836634159088135,0.7440594434738159,0.35
2850,False,numeric_mismatch,0.0,The area of $FGHJ$ is 100.,539,0.6666666666666666,1.0,0.5,7,14,7,7,0.31237342953681946,0.8838918209075928,0.35
2851,False,numeric_mismatch,0.0,132,53,0.6086956521739131,0.7777777777777778,0.5,9,14,7,7,0.2706979215145111,0.8408520221710205,0.35
2852,False,numeric_mismatch,0.0,512,384,0.6666666666666666,1.0,0.5,6,12,6,6,0.35461360216140747,0.7960039377212524,0.35
2853,False,numeric_mismatch,0.0,10,129,0.47058823529411764,0.8,0.3333333333333333,5,12,4,4,0.2603456676006317,0.764496922492981,0.35
2854,False,numeric_mismatch,0.0,5,810,0.35294117647058826,1.0,0.21428571428571427,3,14,3,3,0.40816229581832886,0.7369686961174011,0.35
2855,False,numeric_mismatch,0.0,48,732,0.47058823529411764,0.8,0.3333333333333333,5,12,4,4,0.3091731071472168,0.786971926689148,0.35
2856,False,numeric_mismatch,0.0,10,145,0.4,1.0,0.25,3,12,3,3,0.3365788757801056,0.8130952715873718,0.35
2857,False,numeric_mismatch,0.0,The distance from the center of $C_0$ to $B$ is $\frac{11}{60}$.,110,0.5,1.0,0.3333333333333333,5,15,5,5,0.2758329510688782,0.8017234206199646,0.35
2858,False,placeholder,0.0,insufficient information,4,0.0,0.0,0.0,0,12,0,0,0.0,0.0,0.0
2859,False,numeric_mismatch,0.0,The area of the convex polygon whose vertices are the centroids of these 7 triangles is 198.,184,0.6,1.0,0.42857142857142855,6,14,6,6,0.35454490780830383,0.929809033870697,0.35
2860,False,numeric_mismatch,0.0,10,109,0.47058823529411764,1.0,0.3076923076923077,4,13,4,4,0.29303157329559326,0.6207945346832275,0.35
2861,True,numeric_rounded,0.9,360,336,0.6,1.0,0.42857142857142855,6,14,6,6,0.4110206067562103,0.7193338871002197,0.35
2862,False,numeric_mismatch,0.0,79,335,0.47058823529411764,1.0,0.3076923076923077,4,13,4,4,0.3566320538520813,0.6527693867683411,0.35
2863,False,numeric_mismatch,0.0,60,592,0.4210526315789473,0.8,0.2857142857142857,5,14,4,4,0.2406333088874817,0.7701016068458557,0.35
2864,False,numeric_mismatch,0.0,180,150,0.5,1.0,0.3333333333333333,5,15,5,5,0.35981854796409607,0.793285608291626,0.35
2865,False,numeric_mismatch,0.0,49,244,0.5,0.8333333333333334,0.35714285714285715,6,14,5,5,0.30839088559150696,0.8141531944274902,0.35
2866,False,numeric_mismatch,0.0,The area of the hexagon is 108.,140,0.47058823529411764,1.0,0.3076923076923077,4,13,4,4,0.3406718671321869,0.7832677960395813,0.35
2867,False,placeholder,0.0,insufficient information,125,0.0,0.0,0.0,0,13,0,0,0.0,0.0,0.0
2868,False,placeholder,0.0,insufficient information,608,0.0,0.0,0.0,0,14,0,0,0.0,0.0,0.0
2869,False,numeric_mismatch,0.0,1/3,35,0.5882352941176471,1.0,0.4166666666666667,5,12,5,5,0.29830676317214966,0.9920529127120972,0.35
2870,False,numeric_mismatch,0.0,576,144,0.4761904761904762,0.7142857142857143,0.35714285714285715,7,14,5,5,0.2981516718864441,0.8259599208831787,0.35
2871,False,numeric_mismatch,0.0,35,751,0.5454545454545454,1.0,0.375,6,16,6,6,0.35803499817848206,0.7123168110847473,0.35
2872,False,exact,0.3,a. the length of the segment MN,1,0.6666666666666666,1.0,0.5,7,14,7,7,0.49925997853279114,0.9278748631477356,0.35
2873,True,exact,0.7,B) $2 + \frac{4\sqrt{3}}{3}$,B,0.5714285714285715,1.0,0.4,6,15,6,6,0.3180934190750122,0.7069500088691711,0.35
2874,False,numeric_mismatch,0.0,400,20201,0.380952380952381,0.5,0.3076923076923077,8,13,4,4,0.25555235147476196,0.7382779121398926,0.35
2875,False,exact,0.3,D) \(\frac{15!}{5!\cdot4!\cdot3!\cdot2!\cdot1!}\),B,0.5,1.0,0.3333333333333333,5,15,5,5,0.41323596239089966,0.8167361617088318,0.35
2876,True,exact,0.7,B) \(\frac{5\sqrt{5}}{3}\),B,0.5714285714285715,1.0,0.4,4,10,4,4,0.23150940239429474,0.7372323274612427,0.35
2877,False,numeric_mismatch,0.0,8,6,0.4,1.0,0.25,3,12,3,3,0.42359504103660583,0.6566753387451172,0.35
2878,False,placeholder,0.0,insufficient information,C,0.0,0.0,0.0,0,11,0,0,0.0,0.0,0.0
2879,False,choice,1.0,D,C,0.5882352941176471,1.0,0.4166666666666667,5,12,5,5,0.46100810170173645,0.8875198364257812,0.35
2880,False,exact,1.0,54,D,0.5,1.0,0.3333333333333333,3,9,3,3,0.23946955800056458,0.5759435296058655,0.35
2881,True,numeric_rounded,0.9,50,46,0.6666666666666666,0.7777777777777778,0.5833333333333334,9,12,7,7,0.3122810125350952,0.6361291408538818,0.35
2882,False,exact,1.0,5π,C,0.782608695652174,1.0,0.6428571428571429,9,14,9,9,0.45348334312438965,0.8576781749725342,0.35
2883,False,exact,0.3,C) B = R,A,0.7142857142857143,1.0,0.5555555555555556,5,9,5,5,0.4666494131088257,0.8412001729011536,0.35
2884,False,numeric_mismatch,0.0,60,210,0.7200000000000001,0.9,0.6,10,15,9,9,0.3394433557987213,0.7991819977760315,0.35
2885,False,placeholder,0.0,insufficient information,E,0.0,0.0,0.0,0,13,0,0,0.0,0.0,0.0
2886,True,numeric_exact,1.0,6,6,0.4615384615384615,1.0,0.3,3,10,3,3,0.3941304385662079,0.7623371481895447,0.35
2887,True,exact,0.7,C) \(\frac{\sqrt{3}}{4} - \frac{1}{24}\pi\),C,0.35294117647058826,1.0,0.21428571428571427,3,14,3,3,0.4379618167877197,0.7499213814735413,0.35
2888,False,numeric_mismatch,0.0,5,20,0.6,1.0,0.42857142857142855,6,14,6,6,0.25926530361175537,0.9268684983253479,0.35
2889,False,exact,1.0,"1,004,004",C,0.5,0.5,0.5,8,8,4,4,0.273898720741272,0.8392484784126282,0.35
2890,False,numeric_mismatch,0.0,$62,108,0.8333333333333333,0.9090909090909091,0.7692307692307693,11,13,10,10,0.32758796215057373,0.7383691668510437,0.35
2891,False,exact,0.3,C) 21,D,0.7368421052631579,1.0,0.5833333333333334,7,12,7,7,0.3080901801586151,0.7819609642028809,0.35
2892,False,exact,0.3,π - √3,E,0.6666666666666666,1.0,0.5,7,14,7,7,0.510421872138977,0.8951494097709656,0.35
2893,False,exact,0.3,B) \(\frac{21}{2}\),D,0.4,1.0,0.25,4,16,4,4,0.3188362717628479,0.6111453175544739,0.35
2894,False,placeholder,0.0,insufficient information,D,0.0,0.0,0.0,0,14,0,0,0.0,0.0,0.0
2895,True,exact,0.7,C) \(\frac{2}{21}\),C,0.4444444444444445,1.0,0.2857142857142857,4,14,4,4,0.30384641885757446,0.6978495717048645,0.35
2896,False,placeholder,0.0,insufficient information,4,0.0,0.0,0.0,0,12,0,0,0.0,0.0,0.0
2897,False,numeric_mismatch,0.0,8,19,0.35294117647058826,1.0,0.21428571428571427,3,14,3,3,0.3111356496810913,0.6600226759910583,0.35
2898,False,placeholder,0.0,insufficient information,C,0.0,0.0,0.0,0,12,0,0,0.0,0.0,0.0
2899,False,placeholder,0.0,insufficient information,D,0.0,0.0,0.0,0,14,0,0,0.0,0.0,0.0
2900,False,placeholder,0.0,insufficient information,B,0.0,0.0,0.0,0,14,0,0,0.0,0.0,0.0
2901,False,exact,0.3,Insufficient information,D,0.5384615384615385,0.6363636363636364,0.4666666666666667,11,15,7,7,0.29030436277389526,0.776338517665863,0.35
2902,False,exact,0.3,B) πb²,A,0.4444444444444444,0.6666666666666666,0.3333333333333333,6,12,4,4,0.2739395797252655,0.7317603230476379,0.35
2903,True,exact,0.7,D) \(\frac{3 + 2\sqrt{3}}{3}\),D,0.7142857142857142,0.6666666666666666,0.7692307692307693,15,13,10,10,0.3631371855735779,0.8155798316001892,0.35
2904,False,exact,0.3,B) \(\frac{9}{25}\),E,0.33333333333333337,1.0,0.2,3,15,3,3,0.34712207317352295,0.6967260837554932,0.35
2905,False,exact,0.3,C) \(\frac{3}{10}\),D,0.7272727272727273,1.0,0.5714285714285714,8,14,8,8,0.32793712615966797,0.7322614789009094,0.35
2906,False,placeholder,0.0,insufficient information,B,0.0,0.0,0.0,0,15,0,0,0.0,0.0,0.0
2907,False,numeric_mismatch,0.0,25,36,0.4210526315789473,0.8,0.2857142857142857,5,14,4,4,0.2967798113822937,0.7364994287490845,0.35
2908,False,exact,0.3,D) \(\frac{2}{3}\pi+\frac{\sqrt{3}}{3}\),B,0.5,1.0,0.3333333333333333,4,12,4,4,0.3440497815608978,0.8603578805923462,0.35
2909,False,numeric_mismatch,0.0,6,12,0.47058823529411764,1.0,0.3076923076923077,4,13,4,4,0.2907058894634247,0.7159392237663269,0.35
2910,False,exact,0.3,B) √2,D,0.631578947368421,1.0,0.46153846153846156,6,13,6,6,0.3576785624027252,0.7573869228363037,0.35
2911,True,exact,0.7,B) \(\frac{1}{4}\),C,0.4347826086956522,1.0,0.2777777777777778,5,18,5,5,0.32915443181991577,0.8110349178314209,0.35
2912,False,exact,0.3,80 - 10π,A,0.5,1.0,0.3333333333333333,4,12,4,4,0.3703499734401703,0.8949984312057495,0.35
2913,True,exact,0.7,B) \(\frac{3}{4}\),C,0.5,0.7142857142857143,0.38461538461538464,7,13,5,5,0.295379102230072,0.7764255404472351,0.35
2914,True,numeric_exact,1.0,6,6,0.7368421052631579,1.0,0.5833333333333334,7,12,7,7,0.3785059452056885,0.933424174785614,0.35
2915,False,exact,0.3,"B) I, by 6π",C,0.6923076923076923,0.8181818181818182,0.6,11,15,9,9,0.29299047589302063,0.8263449668884277,0.35
2916,False,numeric_mismatch,0.0,48,173,0.5882352941176471,1.0,0.4166666666666667,5,12,5,5,0.4939853250980377,0.984510600566864,0.35
2917,False,exact,0.3,C) \(\frac{64}{3}\),D,0.7000000000000001,0.875,0.5833333333333334,8,12,7,7,0.2899287939071655,0.8501493334770203,0.35
2918,True,exact,0.7,B) \(\frac{\sqrt{2}}{2}\),A,0.6666666666666666,1.0,0.5,7,14,7,7,0.24850764870643616,0.6470208168029785,0.35
2919,True,exact,0.7,B) \(\frac{44}{3}\),B,0.35294117647058826,1.0,0.21428571428571427,3,14,3,3,0.2984205484390259,0.585553765296936,0.35
2920,False,placeholder,0.0,insufficient information,D,0.0,0.0,0.0,0,12,0,0,0.0,0.0,0.0
2921,False,placeholder,0.0,insufficient information,B,0.0,0.0,0.0,0,13,0,0,0.0,0.0,0.0
2922,False,placeholder,0.0,insufficient information,C,0.0,0.0,0.0,0,12,0,0,0.0,0.0,0.0
2923,True,exact,0.7,D) \frac{\pi}{6} + \frac{\sqrt{3} - 1}{2},A,0.5,1.0,0.3333333333333333,5,15,5,5,0.32157817482948303,0.7074398398399353,0.35
2924,False,exact,0.3,insufficient information,D,0.5882352941176471,1.0,0.4166666666666667,5,12,5,5,0.402835875749588,0.8485316038131714,0.35
2925,False,exact,0.3,D) $24\sqrt{3}$,B,0.4,0.6666666666666666,0.2857142857142857,6,14,4,4,0.288747638463974,0.7236418128013611,0.35
2926,False,numeric_mismatch,0.0,6,2.7,0.6666666666666666,1.0,0.5,6,12,6,6,0.39236608147621155,0.8662481904029846,0.35
2927,True,exact,0.7,B) \(\frac{5}{4}\),A,0.47619047619047616,0.8333333333333334,0.3333333333333333,6,15,5,5,0.31167101860046387,0.6980662941932678,0.35
2928,False,exact,0.3,D) 2√3,C,0.5555555555555556,1.0,0.38461538461538464,5,13,5,5,0.26454922556877136,0.6779899001121521,0.35
2929,True,exact,0.7,B) \(\frac{\pi}{6}\),A,0.5714285714285715,1.0,0.4,6,15,6,6,0.47488436102867126,0.7979394197463989,0.35
2930,True,exact,0.7,B) 7√3,B,0.8,0.8333333333333334,0.7692307692307693,12,13,10,10,0.3705127537250519,0.8732001185417175,0.35
2931,False,numeric_mismatch,0.0,15,13,0.5,1.0,0.3333333333333333,5,15,5,5,0.403994619846344,0.727486252784729,0.35
2932,False,placeholder,0.0,insufficient information,A,0.0,0.0,0.0,0,13,0,0,0.0,0.0,0.0
2933,True,numeric_rounded,0.9,685,761,0.375,1.0,0.23076923076923078,3,13,3,3,0.37020280957221985,0.643079936504364,0.35
2934,False,placeholder,0.0,insufficient information,C,0.0,0.0,0.0,0,15,0,0,0.0,0.0,0.0
2935,True,exact,0.7,B) \(\frac{1}{6}\),C,0.6666666666666666,1.0,0.5,6,12,6,6,0.40623801946640015,0.8318597674369812,0.35
2936,False,numeric_mismatch,0.0,108,52.5,0.7200000000000001,0.8181818181818182,0.6428571428571429,11,14,9,9,0.34118157625198364,0.7853549122810364,0.35
2937,False,placeholder,0.0,insufficient information,C,0.0,0.0,0.0,0,11,0,0,0.0,0.0,0.0
2938,True,exact,0.7,B) \(\frac{3}{5}\),C,0.7142857142857142,0.7692307692307693,0.6666666666666666,13,15,10,10,0.30539026856422424,0.8770897388458252,0.35
2939,True,exact,0.7,B) \frac{\sqrt{5} - 1}{2},B,0.6666666666666666,1.0,0.5,7,14,7,7,0.38301751017570496,0.9113734364509583,0.35
2940,True,exact,0.7,B) \frac{32}{5},B,0.6153846153846154,0.6153846153846154,0.6153846153846154,13,13,8,8,0.28327080607414246,0.7911579608917236,0.35
2941,False,numeric_mismatch,0.0,120,100,0.6666666666666667,0.875,0.5384615384615384,8,13,7,7,0.3953528106212616,0.8415111303329468,0.35
2942,False,placeholder,0.0,insufficient information,B,0.0,0.0,0.0,0,13,0,0,0.0,0.0,0.0
2943,True,exact,0.7,B) \(\frac{\pi}{2}\),C,0.4444444444444445,1.0,0.2857142857142857,4,14,4,4,0.48356208205223083,0.8452263474464417,0.35
2944,False,placeholder,0.0,insufficient information,D,0.0,0.0,0.0,0,14,0,0,0.0,0.0,0.0
2945,True,exact,0.7,C) \(\frac{2 - \sqrt{2}}{2}\),A,0.5,1.0,0.3333333333333333,4,12,4,4,0.2925374209880829,0.7821515798568726,0.35
2946,False,numeric_mismatch,0.0,72,130,0.5833333333333334,1.0,0.4117647058823529,7,17,7,7,0.39168450236320496,0.6708278059959412,0.35
2947,False,exact,0.3,C) \(\frac{2}{9}\),B,0.35294117647058826,1.0,0.21428571428571427,3,14,3,3,0.3503134846687317,0.6483690142631531,0.35
2948,False,placeholder,0.0,insufficient information,E,0.0,0.0,0.0,0,14,0,0,0.0,0.0,0.0
2949,False,placeholder,0.0,insufficient information,200,0.0,0.0,0.0,0,13,0,0,0.0,0.0,0.0
2950,False,exact,0.3,C) 12π + √3,A,0.7272727272727273,1.0,0.5714285714285714,8,14,8,8,0.4335365891456604,0.9197286367416382,0.35
2951,False,numeric_mismatch,0.0,10,2400,0.5882352941176471,1.0,0.4166666666666667,5,12,5,5,0.3154605031013489,0.7983405590057373,0.35
2952,True,numeric_exact,1.0,8,8,0.5,1.0,0.3333333333333333,5,15,5,5,0.3716183602809906,0.7610521912574768,0.35
2953,False,placeholder,0.0,insufficient information,56,0.0,0.0,0.0,0,16,0,0,0.0,0.0,0.0
2954,False,numeric_mismatch,0.0,The area of $AEDC$ is 10.,13.5,0.5,1.0,0.3333333333333333,5,15,5,5,0.35298359394073486,0.6567595601081848,0.35
2955,False,numeric_mismatch,0.0,1,1152,0.5,1.0,0.3333333333333333,5,15,5,5,0.2717505395412445,0.6882600784301758,0.35
2956,False,placeholder,0.0,insufficient information,C,0.0,0.0,0.0,0,13,0,0,0.0,0.0,0.0
2957,True,exact,0.7,D) \(\frac{6+3\sqrt{3}}2\),C,0.631578947368421,1.0,0.46153846153846156,6,13,6,6,0.3492027521133423,0.8027628064155579,0.35
2958,False,exact,0.3,D) \(\frac{\sqrt{3}}{12}\),E,0.5,1.0,0.3333333333333333,4,12,4,4,0.32248353958129883,0.6663888096809387,0.35
2959,True,exact,0.7,C) \(\frac{2\sqrt{33}}{3}\),A,0.5,1.0,0.3333333333333333,4,12,4,4,0.3128678798675537,0.7792903780937195,0.35
2960,False,exact,0.3,B) 3:5,C,0.64,0.6153846153846154,0.6666666666666666,13,12,8,8,0.32292982935905457,0.8702831268310547,0.35
2961,False,numeric_mismatch,0.0,19,26,0.6363636363636364,1.0,0.4666666666666667,7,15,7,7,0.3467682898044586,0.8929040431976318,0.35
2962,True,exact,0.7,B) 3√3,B,0.5,1.0,0.3333333333333333,5,15,5,5,0.4200490117073059,0.8652095794677734,0.35
2963,True,exact,0.7,C) \(\frac{3\sqrt{3}}{16}\),A,0.5263157894736842,1.0,0.35714285714285715,5,14,5,5,0.3285970985889435,0.6102566123008728,0.35
2964,True,exact,0.7,B) \(\frac{\sqrt{5}-1}{2}\),B,0.4761904761904762,0.7142857142857143,0.35714285714285715,7,14,5,5,0.25931316614151,0.7930007576942444,0.35
2965,False,exact,0.3,B) \frac{1+\sqrt{5}}{2},E,0.2608695652173913,0.2727272727272727,0.25,11,12,3,3,0.19884465634822845,0.7516477108001709,0.35
2966,True,numeric_rounded,0.85,25,22,0.5,1.0,0.3333333333333333,4,12,4,4,0.3945200443267822,0.773057758808136,0.35
2967,True,exact,0.7,2 o'clock,C,0.4210526315789474,1.0,0.26666666666666666,4,15,4,4,0.3368687629699707,0.757565975189209,0.35
2968,False,choice,1.0,B,E,0.375,1.0,0.23076923076923078,3,13,3,3,0.32166388630867004,0.6051236391067505,0.35
2969,True,exact,0.7,B) \(\frac{9\pi}{8}\),B,0.5714285714285715,1.0,0.4,6,15,6,6,0.3592933714389801,0.5900955200195312,0.35
2970,False,exact,0.3,A) \(\frac{75}{12}\),B,0.5,1.0,0.3333333333333333,4,12,4,4,0.3207716643810272,0.6990516781806946,0.35
2971,False,placeholder,0.0,insufficient information,D,0.0,0.0,0.0,0,15,0,0,0.0,0.0,0.0
2972,False,placeholder,0.0,insufficient information,2,0.0,0.0,0.0,0,13,0,0,0.0,0.0,0.0
2973,False,exact,1.0,5,D,0.761904761904762,1.0,0.6153846153846154,8,13,8,8,0.30954214930534363,0.7183977365493774,0.35
2974,False,placeholder,0.0,insufficient information,A,0.0,0.0,0.0,0,14,0,0,0.0,0.0,0.0
2975,True,exact,0.7,D) \(\frac{10}{91}\),D,0.375,1.0,0.23076923076923078,3,13,3,3,0.2968924343585968,0.8123889565467834,0.35
2976,False,numeric_mismatch,0.0,18,78,0.5,1.0,0.3333333333333333,5,15,5,5,0.3723866641521454,0.7264468669891357,0.35
2977,False,numeric_mismatch,0.0,144,12,0.761904761904762,0.8888888888888888,0.6666666666666666,9,12,8,8,0.29211270809173584,0.7758706212043762,0.35
2978,False,numeric_mismatch,0.0,6,24,0.5833333333333334,0.7777777777777778,0.4666666666666667,9,15,7,7,0.36162838339805603,0.8897548317909241,0.35
2979,True,exact,0.7,D) 15/8,D,0.6,0.8571428571428571,0.46153846153846156,7,13,6,6,0.3347862958908081,0.8465261459350586,0.35
2980,False,numeric_mismatch,0.0,8,69,0.6363636363636364,1.0,0.4666666666666667,7,15,7,7,0.3823727071285248,0.7857846021652222,0.35
2981,False,placeholder,0.0,insufficient information,D,0.0,0.0,0.0,0,16,0,0,0.0,0.0,0.0
2982,False,placeholder,0.0,insufficient information,19,0.0,0.0,0.0,0,13,0,0,0.0,0.0,0.0
2983,False,numeric_mismatch,0.0,3,12,0.5555555555555556,1.0,0.38461538461538464,5,13,5,5,0.3108178973197937,0.830764889717102,0.35
2984,False,exact,0.3,B) \(\frac{4}{3}\),E,0.47619047619047616,1.0,0.3125,5,16,5,5,0.289262056350708,0.8352324962615967,0.35
2985,False,placeholder,0.0,insufficient information,A,0.0,0.0,0.0,0,15,0,0,0.0,0.0,0.0
2986,False,exact,0.3,"some rotation around a point of line \(\ell\), some translation in the direction parallel to line \(\ell\), the reflection across line \(\ell\), some reflection across a line perpendicular to line \(\ell\)",2,0.375,1.0,0.23076923076923078,3,13,3,3,0.32330262660980225,0.62577223777771,0.35
2987,False,exact,0.3,C) π(3√3 + 2),A,0.4615384615384615,1.0,0.3,3,10,3,3,0.27351319789886475,0.5666448473930359,0.35
2988,True,exact,0.7,B) 12 - 4√3,B,0.375,1.0,0.23076923076923078,3,13,3,3,0.41725751757621765,0.7905707359313965,0.35
2989,False,numeric_mismatch,0.0,The area of the region inside the circle but outside the three semicircles is \(\frac{3}{2}\pi - \sqrt{3} + 4\).,17,0.35294117647058826,1.0,0.21428571428571427,3,14,3,3,0.34959977865219116,0.7249200344085693,0.35
2990,False,numeric_mismatch,0.0,36,96,0.5555555555555556,1.0,0.38461538461538464,5,13,5,5,0.3964278995990753,0.8281745314598083,0.35
2991,False,numeric_mismatch,0.0,4,810,0.47619047619047616,1.0,0.3125,5,16,5,5,0.4205920100212097,0.7661381363868713,0.35
2992,False,placeholder,0.0,insufficient information,C,0.0,0.0,0.0,0,14,0,0,0.0,0.0,0.0
2993,False,placeholder,0.0,insufficient information,D,0.0,0.0,0.0,0,14,0,0,0.0,0.0,0.0
2994,False,exact,0.3,8 - 4√2,B,0.45454545454545453,1.0,0.29411764705882354,5,17,5,5,0.31495821475982666,0.7430328130722046,0.35
2995,False,placeholder,0.0,insufficient information,170,0.0,0.0,0.0,0,16,0,0,0.0,0.0,0.0
2996,False,numeric_mismatch,0.0,24,84,0.5263157894736842,1.0,0.35714285714285715,5,14,5,5,0.36740589141845703,0.8158931136131287,0.35
2997,False,numeric_mismatch,0.0,10,6,0.47619047619047616,1.0,0.3125,5,16,5,5,0.34833142161369324,0.6292176246643066,0.35
2998,False,exact,1.0,21\frac{3}{4},B,0.5454545454545454,1.0,0.375,6,16,6,6,0.2962392270565033,0.6236552000045776,0.35
2999,False,numeric_mismatch,0.0,25,117,0.35294117647058826,1.0,0.21428571428571427,3,14,3,3,0.3020952641963959,0.7953460216522217,0.35
3000,False,placeholder,0.0,insufficient information,147,0.0,0.0,0.0,0,13,0,0,0.0,0.0,0.0
3001,False,numeric_mismatch,0.0,10,67,0.4,1.0,0.25,4,16,4,4,0.3358868956565857,0.6015075445175171,0.35
3002,False,exact,1.0,47:43,E,0.35294117647058826,1.0,0.21428571428571427,3,14,3,3,0.37050583958625793,0.7486771941184998,0.35
3003,False,numeric_mismatch,0.0,17,367,0.4444444444444445,1.0,0.2857142857142857,4,14,4,4,0.3931252062320709,0.894854724407196,0.35
3004,False,numeric_mismatch,0.0,30,23,0.3,0.75,0.1875,4,16,3,3,0.2717263102531433,0.7788727879524231,0.35
3005,False,exact,0.3,C) 1+1/3√3,A,0.33333333333333337,1.0,0.2,3,15,3,3,0.2819782495498657,0.6483701467514038,0.35
3006,False,placeholder,0.0,insufficient information,68,0.0,0.0,0.0,0,18,0,0,0.0,0.0,0.0
3007,True,exact,0.7,"B) (6,2,1)",B,0.35294117647058826,1.0,0.21428571428571427,3,14,3,3,0.2590661644935608,0.7943836450576782,0.35
3008,False,numeric_mismatch,0.0,120,540,0.3333333333333333,0.75,0.21428571428571427,4,14,3,3,0.2915312945842743,0.7529767751693726,0.35
3009,False,exact,0.3,C) 16,E,0.4210526315789474,1.0,0.26666666666666666,4,15,4,4,0.3569108545780182,0.8434368968009949,0.35
3010,False,exact,0.3,C) 5+2√2,B,0.6666666666666666,0.7777777777777778,0.5833333333333334,9,12,7,7,0.36202067136764526,0.6638615727424622,0.35
3011,False,numeric_mismatch,0.0,"C(13, 3) * C(10, 4) * C(6, 5) * C(2, 2)",8178,0.608695652173913,0.875,0.4666666666666667,8,15,7,7,0.3297673463821411,0.697677731513977,0.35
3012,False,placeholder,0.0,insufficient information,337,0.0,0.0,0.0,0,15,0,0,0.0,0.0,0.0
3013,False,exact,0.3,C) 6√5,D,0.5454545454545454,0.75,0.42857142857142855,8,14,6,6,0.30137723684310913,0.8439487814903259,0.35
3014,False,exact,1.0,15\frac{3}{8},D,0.4444444444444445,1.0,0.2857142857142857,4,14,4,4,0.39753416180610657,0.7849507927894592,0.35
3015,False,numeric_mismatch,0.0,10,22,0.3157894736842105,1.0,0.1875,3,16,3,3,0.324783056974411,0.810042142868042,0.35
3016,False,exact,0.3,E) √2 - 1,C,0.4444444444444445,1.0,0.2857142857142857,4,14,4,4,0.4481474459171295,0.8757755160331726,0.35
3017,False,numeric_mismatch,0.0,6,72,0.5,1.0,0.3333333333333333,5,15,5,5,0.38574400544166565,0.751244306564331,0.35
3018,True,exact,0.7,D) $rac{3}{28}$,D,0.5,1.0,0.3333333333333333,4,12,4,4,0.3606601059436798,0.7408871054649353,0.35
3019,True,exact,0.7,\(\frac{216 \sqrt{3}}{49}\),C,0.7826086956521738,0.9,0.6923076923076923,10,13,9,9,0.37838974595069885,0.8859754204750061,0.35
3020,False,placeholder,0.0,insufficient information,B,0.0,0.0,0.0,0,12,0,0,0.0,0.0,0.0
3021,False,exact,0.3,none of these,B,0.8,1.0,0.6666666666666666,10,15,10,10,0.3663157820701599,0.8236512541770935,0.35
3022,True,exact,0.7,B) \(\frac{1}{9} \triangle ABC\),C,0.5,1.0,0.3333333333333333,4,12,4,4,0.28837230801582336,0.6466531157493591,0.35
3023,False,exact,0.3,E) √(h² + d²) - h,A,0.689655172413793,0.6666666666666666,0.7142857142857143,15,14,10,10,0.28910136222839355,0.7462869882583618,0.35
3024,False,placeholder,0.0,insufficient information,B,0.0,0.0,0.0,0,14,0,0,0.0,0.0,0.0
3025,False,exact,0.3,B) \(\frac{1}{8}\),E,0.35294117647058826,0.6,0.25,5,12,3,3,0.22692462801933289,0.5611281394958496,0.35
3026,False,placeholder,0.0,insufficient information,E,0.0,0.0,0.0,0,13,0,0,0.0,0.0,0.0
3027,False,placeholder,0.0,insufficient information,A,0.0,0.0,0.0,0,13,0,0,0.0,0.0,0.0
3028,True,exact,0.7,D) 15°,D,0.6923076923076924,0.6428571428571429,0.75,14,12,9,9,0.3228023946285248,0.8036050796508789,0.35
3029,False,placeholder,0.0,insufficient information,B,0.0,0.0,0.0,0,14,0,0,0.0,0.0,0.0
3030,True,exact,0.7,C) $y = \frac{144 - 7x}{12}$,C,0.7142857142857142,0.7692307692307693,0.6666666666666666,13,15,10,10,0.29343703389167786,0.7601200342178345,0.35
3031,False,placeholder,0.0,insufficient information,E,0.0,0.0,0.0,0,12,0,0,0.0,0.0,0.0
3032,False,exact,1.0,r√2,A,0.5,1.0,0.3333333333333333,5,15,5,5,0.3757176995277405,0.7604014277458191,0.35
3033,True,exact,0.7,B) less than BM + CM,A,0.5882352941176471,1.0,0.4166666666666667,5,12,5,5,0.38065290451049805,0.7709410190582275,0.35
3034,False,exact,1.0,4:3,C,0.7826086956521738,0.8181818181818182,0.75,11,12,9,9,0.33707666397094727,0.8230579495429993,0.35
3035,False,exact,0.3,C) 4 : 1,E,0.5555555555555556,1.0,0.38461538461538464,5,13,5,5,0.33287370204925537,0.6912665963172913,0.35
3036,False,exact,0.3,B) y + z = a + b,E,0.631578947368421,1.0,0.46153846153846156,6,13,6,6,0.44932878017425537,0.7176589369773865,0.35
3037,False,exact,0.3,B) AE,D,0.5,1.0,0.3333333333333333,5,15,5,5,0.3858218193054199,0.8246423602104187,0.35
3038,False,exact,0.3,B) 17a - 51,C,0.4444444444444444,0.8,0.3076923076923077,5,13,4,4,0.22148708999156952,0.5876202583312988,0.35
3039,False,placeholder,0.0,insufficient information,A,0.0,0.0,0.0,0,14,0,0,0.0,0.0,0.0
3040,False,placeholder,0.0,insufficient information,D,0.0,0.0,0.0,0,14,0,0,0.0,0.0,0.0
3041,False,exact,0.3,E) FMC,A,0.5263157894736842,1.0,0.35714285714285715,5,14,5,5,0.3692115843296051,0.7517294883728027,0.35
3042,True,numeric_rounded,0.85,10.58,12,0.6111111111111113,0.5789473684210527,0.6470588235294118,19,17,11,11,0.29972678422927856,0.8044765591621399,0.35
3043,False,numeric_mismatch,0.0,20,16,0.375,1.0,0.23076923076923078,3,13,3,3,0.3363252878189087,0.7538844347000122,0.35
3044,False,exact,1.0,3,D,0.5,0.8333333333333334,0.35714285714285715,6,14,5,5,0.3213482201099396,0.7113537788391113,0.35
3045,False,exact,1.0,6,E,0.4210526315789474,1.0,0.26666666666666666,4,15,4,4,0.2775530219078064,0.7348748445510864,0.35
3046,True,exact,0.7,B) 3√2,B,0.3529411764705882,0.75,0.23076923076923078,4,13,3,3,0.28656309843063354,0.581794023513794,0.35
3047,True,exact,0.7,D) remains constant at 30°,E,0.6666666666666666,1.0,0.5,7,14,7,7,0.3944930136203766,0.8466503620147705,0.35
3048,True,exact,0.7,E) a+b+c,A,0.47058823529411764,1.0,0.3076923076923077,4,13,4,4,0.36353665590286255,0.721074104309082,0.35
3049,False,placeholder,0.0,insufficient information,E,0.0,0.0,0.0,0,13,0,0,0.0,0.0,0.0
3050,True,exact,0.7,A) $CD=BD=O'D$,D,0.5555555555555556,1.0,0.38461538461538464,5,13,5,5,0.41245037317276,0.7351335287094116,0.35
3051,True,exact,0.7,D) $x^2 = rac{y^2}{2a - x}$,A,0.5,1.0,0.3333333333333333,5,15,5,5,0.2559643089771271,0.7215666174888611,0.35
3052,False,exact,0.3,B) 1:3,D,0.5,1.0,0.3333333333333333,4,12,4,4,0.32670530676841736,0.9421043395996094,0.35
3053,False,exact,1.0,50,D,0.7272727272727273,1.0,0.5714285714285714,8,14,8,8,0.35749077796936035,0.7950307726860046,0.35
3054,False,exact,1.0,0,D,0.6363636363636364,1.0,0.4666666666666667,7,15,7,7,0.27841290831565857,0.7289649844169617,0.35
3055,False,exact,1.0,15,B,0.6666666666666666,1.0,0.5,6,12,6,6,0.3305305242538452,0.731666624546051,0.35
3056,False,choice,1.0,B,D,0.47058823529411764,1.0,0.3076923076923077,4,13,4,4,0.3459116518497467,0.7830301523208618,0.35
3057,False,exact,0.3,C) 2a - b,E,0.5454545454545454,0.6,0.5,10,12,6,6,0.28500881791114807,0.6722612380981445,0.35
3058,True,exact,0.7,C) 40°,C,0.9,1.0,0.8181818181818182,9,11,9,9,0.49077776074409485,0.8563509583473206,0.35
3059,False,exact,0.3,B) \frac{n^2-n}{4n-2},D,0.375,1.0,0.23076923076923078,3,13,3,3,0.4037610590457916,0.8203293681144714,0.35
3060,True,exact,0.7,B) 1:3,B,0.5,1.0,0.3333333333333333,4,12,4,4,0.3281199634075165,0.7917729616165161,0.35
3061,False,exact,0.3,C) √11,A,0.6666666666666666,1.0,0.5,7,14,7,7,0.3797626197338104,0.7548620700836182,0.35
3062,False,exact,1.0,5:13,C,0.4210526315789473,0.8,0.2857142857142857,5,14,4,4,0.2848827838897705,0.6285126209259033,0.35
3063,False,numeric_mismatch,0.0,3,4,0.47058823529411764,1.0,0.3076923076923077,4,13,4,4,0.35579177737236023,0.6049535274505615,0.35
3064,False,exact,0.3,B) √1.25,D,0.31578947368421056,0.75,0.2,4,15,3,3,0.22106195986270905,0.6449171900749207,0.35
3065,False,exact,0.3,D) 2x+2,E,0.56,1.0,0.3888888888888889,7,18,7,7,0.38580965995788574,0.8271369338035583,0.35
3066,False,exact,0.3,C) 3 sec θ csc θ,A,0.25,1.0,0.14285714285714285,4,28,4,4,0.2624967098236084,0.7543783187866211,0.35
3067,True,exact,0.7,B) √65,B,0.2222222222222222,1.0,0.125,3,24,3,3,0.38199254870414734,0.8725806474685669,0.35
3068,False,placeholder,0.0,insufficient information,D,0.0,0.0,0.0,0,18,0,0,0.0,0.0,0.0
3069,False,placeholder,0.0,insufficient information,B,0.0,0.0,0.0,0,21,0,0,0.0,0.0,0.0
3070,False,placeholder,0.0,insufficient information,E,0.0,0.0,0.0,0,27,0,0,0.0,0.0,0.0
3071,False,exact,0.3,B) 1 - √3/3,A,0.42424242424242425,1.0,0.2692307692307692,7,26,7,7,0.3625344932079315,0.8977693915367126,0.35
3072,False,exact,1.0,6,B,0.4615384615384615,1.0,0.3,6,20,6,6,0.3966279923915863,0.8973012566566467,0.35
3073,True,exact,0.7,C) \(\frac{9k}{8}\),C,0.21621621621621626,1.0,0.12121212121212122,4,33,4,4,0.361133873462677,0.7339665293693542,0.35
3074,True,exact,0.7,B) $2\sqrt{31}$,B,0.8484848484848484,1.0,0.7368421052631579,14,19,14,14,0.3757271468639374,0.9370766282081604,0.35
3075,True,exact,0.7,C) \(\frac{2}{3}\),C,0.29629629629629634,1.0,0.17391304347826086,4,23,4,4,0.33510997891426086,0.699603796005249,0.35
3076,True,exact,0.7,B) \(\frac{4}{3}\),A,0.4444444444444445,1.0,0.2857142857142857,4,14,4,4,0.3378389775753021,0.8149380683898926,0.35
3077,True,exact,0.7,E) √22,E,0.5161290322580645,1.0,0.34782608695652173,8,23,8,8,0.32355618476867676,0.7378947734832764,0.35
3078,False,exact,1.0,16,C,0.4666666666666667,1.0,0.30434782608695654,7,23,7,7,0.5012511610984802,0.9548466205596924,0.35
3079,True,exact,0.7,the geometric mean of the lengths of the internal and external common tangents,C,0.5,1.0,0.3333333333333333,4,12,4,4,0.45884355902671814,0.8127729892730713,0.35
3080,False,placeholder,0.0,insufficient information,C,0.0,0.0,0.0,0,19,0,0,0.0,0.0,0.0
3081,False,exact,1.0,20°,B,0.19354838709677416,1.0,0.10714285714285714,3,28,3,3,0.38155069947242737,0.739101767539978,0.35
3082,False,exact,0.3,C) 36+9√3,D,0.6875000000000001,1.0,0.5238095238095238,11,21,11,11,0.37309080362319946,0.8083251118659973,0.35
3083,True,exact,0.7,C) d² = a² + ab + b²,A,0.5,1.0,0.3333333333333333,4,12,4,4,0.36004260182380676,0.6421296000480652,0.35
3084,False,exact,1.0,three,3,0.375,1.0,0.23076923076923078,3,13,3,3,0.5716019868850708,0.7950275540351868,0.35
3085,True,exact,0.7,C) $\frac{\sqrt{3}}{2}$,C,0.25806451612903225,1.0,0.14814814814814814,4,27,4,4,0.36644116044044495,0.9046693444252014,0.35
3086,False,exact,1.0,4.8,B,0.4166666666666667,1.0,0.2631578947368421,5,19,5,5,0.3622138500213623,0.7258784770965576,0.35
3087,False,placeholder,0.0,insufficient information,E,0.0,0.0,0.0,0,21,0,0,0.0,0.0,0.0
3088,False,numeric_mismatch,0.0,36,18,0.3636363636363636,1.0,0.2222222222222222,4,18,4,4,0.4678981602191925,0.9034633040428162,0.35
3089,False,placeholder,0.0,insufficient information,15,0.0,0.0,0.0,0,18,0,0,0.0,0.0,0.0
3090,False,exact,0.3,E) 30°,B,0.5806451612903225,0.9,0.42857142857142855,10,21,9,9,0.36417731642723083,0.8754769563674927,0.35
3091,True,exact,0.7,C) I. and II. only,C,0.6153846153846153,1.0,0.4444444444444444,8,18,8,8,0.3943862318992615,0.9285422563552856,0.35
3092,True,exact,0.7,C) \(\frac{\sqrt{2}}{2}\),C,0.47058823529411764,1.0,0.3076923076923077,4,13,4,4,0.37106624245643616,0.8487456440925598,0.35
3093,True,exact,0.7,D) $1 + \sqrt{3(r^2 - 1)}$,D,0.4,1.0,0.25,5,20,5,5,0.4192233681678772,0.9193591475486755,0.35
3094,True,exact,0.7,B) \(\frac{\sqrt{3}}{8}\),B,0.42424242424242425,1.0,0.2692307692307692,7,26,7,7,0.3344563841819763,0.7121829390525818,0.35
3095,True,exact,0.7,C) 120°,C,0.5,1.0,0.3333333333333333,6,18,6,6,0.4053620994091034,0.8017367720603943,0.35
3096,False,placeholder,0.0,insufficient information,B,0.0,0.0,0.0,0,18,0,0,0.0,0.0,0.0
3097,False,numeric_mismatch,0.0,30,36,0.38095238095238093,1.0,0.23529411764705882,4,17,4,4,0.4344866871833801,0.815708577632904,0.35
3098,True,exact,0.7,B) \(\frac{1}{4}\),A,0.3571428571428571,1.0,0.21739130434782608,5,23,5,5,0.37801414728164673,0.7676509618759155,0.35
3099,False,exact,0.3,D) \(\frac{5}{2} - \frac{1}{2} \sin \left(\frac{1}{2} \theta\right)\),B,0.5,1.0,0.3333333333333333,6,18,6,6,0.3767693042755127,0.9366961121559143,0.35
3100,False,exact,1.0,6,C,0.5555555555555556,1.0,0.38461538461538464,5,13,5,5,0.36442816257476807,0.7909905910491943,0.35
3101,False,exact,1.0,6,A,0.30303030303030304,1.0,0.17857142857142858,5,28,5,5,0.3946983218193054,0.7894306778907776,0.35
3102,False,placeholder,0.0,insufficient information,C,0.0,0.0,0.0,0,13,0,0,0.0,0.0,0.0
3103,False,numeric_mismatch,0.0,6,30,0.4666666666666667,1.0,0.30434782608695654,7,23,7,7,0.36389514803886414,0.7141209840774536,0.35
3104,False,exact,0.3,B) 15√2,C,0.27777777777777773,1.0,0.16129032258064516,5,31,5,5,0.3711837828159332,0.9297853112220764,0.35
3105,True,exact,0.7,D) \(\frac{\sqrt{6}}{4}\),D,0.19999999999999998,1.0,0.1111111111111111,3,27,3,3,0.32990360260009766,0.5412686467170715,0.35
3106,False,exact,0.3,B) \(\frac{3}{2}s\sqrt{2}\),E,0.33333333333333337,1.0,0.2,3,15,3,3,0.3706771433353424,0.6965791583061218,0.35
3107,False,exact,0.3,D) 10,A,0.2857142857142857,1.0,0.16666666666666666,5,30,5,5,0.3092202842235565,0.784748375415802,0.35
3108,True,exact,0.7,D) $rac{21}{32}$,D,0.6874999999999999,0.9166666666666666,0.55,12,20,11,11,0.2856731116771698,0.705597996711731,0.35
3109,False,exact,0.3,C) \(\frac{3}{2}\),D,0.21428571428571425,1.0,0.12,3,25,3,3,0.3089107871055603,0.6004945039749146,0.35
3110,False,placeholder,0.0,insufficient information,12,0.0,0.0,0.0,0,19,0,0,0.0,0.0,0.0
3111,True,exact,0.7,insufficient information,C,0.5263157894736842,0.9090909090909091,0.37037037037037035,11,27,10,10,0.3515928089618683,0.8427358865737915,0.35
3112,False,placeholder,0.0,insufficient information,C,0.0,0.0,0.0,0,17,0,0,0.0,0.0,0.0
3113,False,exact,0.3,C) \(\frac{20}{3}\),B,0.3076923076923077,1.0,0.18181818181818182,4,22,4,4,0.3482627868652344,0.706232488155365,0.35
3114,True,exact,0.7,C) 150,C,0.3846153846153846,1.0,0.23809523809523808,5,21,5,5,0.39859649538993835,0.8565438389778137,0.35
3115,False,placeholder,0.0,insufficient information,B,0.0,0.0,0.0,0,21,0,0,0.0,0.0,0.0
3116,True,exact,0.7,E) \frac{5}{3} \pi + 2,E,0.5217391304347826,1.0,0.35294117647058826,6,17,6,6,0.4083731770515442,0.8800731301307678,0.35
3117,False,exact,0.3,E) \(\frac{24}{5}\),D,0.4210526315789474,1.0,0.26666666666666666,4,15,4,4,0.403068482875824,0.7868430018424988,0.35
3118,False,exact,1.0,second,B,0.6206896551724138,1.0,0.45,9,20,9,9,0.37849152088165283,0.6924340128898621,0.35
3119,False,numeric_mismatch,0.0,2,6,0.45454545454545453,0.8333333333333334,0.3125,6,16,5,5,0.2698986232280731,0.6906360983848572,0.35
3120,False,placeholder,0.0,insufficient information,4.2,0.0,0.0,0.0,0,17,0,0,0.0,0.0,0.0
3121,False,placeholder,0.0,insufficient information,D,0.0,0.0,0.0,0,26,0,0,0.0,0.0,0.0
3122,False,exact,1.0,39,B,0.6153846153846153,1.0,0.4444444444444444,8,18,8,8,0.3447723984718323,0.8140586614608765,0.35
3123,False,placeholder,0.0,insufficient information,D,0.0,0.0,0.0,0,17,0,0,0.0,0.0,0.0
3124,True,exact,0.7,36 inches,C,0.4827586206896552,1.0,0.3181818181818182,7,22,7,7,0.4022408127784729,0.7885242700576782,0.35
3125,True,numeric_rounded,0.9,6,6.5,0.4347826086956522,1.0,0.2777777777777778,5,18,5,5,0.4017927944660187,0.8851460814476013,0.35
3126,False,numeric_mismatch,0.0,48/7,9,0.4,1.0,0.25,5,20,5,5,0.35693514347076416,0.7896550893783569,0.35
3127,True,exact,0.7,B) \(\tan \theta = 2\theta\),B,0.47619047619047616,0.8333333333333334,0.3333333333333333,6,15,5,5,0.2763122022151947,0.7665143013000488,0.35
3128,True,exact,0.7,C) \(\cos^2\alpha\),C,0.3846153846153846,1.0,0.23809523809523808,5,21,5,5,0.40878474712371826,0.7384421229362488,0.35
3129,False,placeholder,0.0,insufficient information,C,0.0,0.0,0.0,0,21,0,0,0.0,0.0,0.0
3130,False,exact,1.0,7,E,0.33333333333333337,1.0,0.2,4,20,4,4,0.4287111759185791,0.8100003600120544,0.35
3131,False,exact,0.3,180 - w - y - z,A,0.4,1.0,0.25,5,20,5,5,0.44546982645988464,0.7981029152870178,0.35
3132,True,exact,0.7,C) between 15 and 16,C,0.5806451612903226,1.0,0.4090909090909091,9,22,9,9,0.34692803025245667,0.8766029477119446,0.35
3133,False,exact,0.3,C) \(\frac{\sqrt{10}}{5}\),B,0.42857142857142855,1.0,0.2727272727272727,6,22,6,6,0.2713052034378052,0.7448136806488037,0.35
3134,False,numeric_mismatch,0.0,110.25,392,0.5185185185185185,1.0,0.35,7,20,7,7,0.5041312575340271,0.9019268155097961,0.35
3135,False,placeholder,0.0,insufficient information,E,0.0,0.0,0.0,0,21,0,0,0.0,0.0,0.0
3136,True,numeric_rounded,0.85,40,36,0.3636363636363636,1.0,0.2222222222222222,4,18,4,4,0.486066609621048,0.9631105065345764,0.35
3137,False,numeric_mismatch,0.0,16,13,0.5,1.0,0.3333333333333333,7,21,7,7,0.3865923583507538,0.8411245942115784,0.35
3138,False,choice,1.0,E,C,0.2727272727272727,1.0,0.15789473684210525,3,19,3,3,0.5294907093048096,0.8141277432441711,0.35
3139,True,exact,0.7,C) \(\frac{1}{4}\),C,0.34782608695652173,1.0,0.21052631578947367,4,19,4,4,0.3805696964263916,0.9224953651428223,0.35
3140,False,exact,0.3,D) \(\frac{8+4\sqrt{3}}{3}\),E,0.45161290322580644,1.0,0.2916666666666667,7,24,7,7,0.31780925393104553,0.8878446817398071,0.35
3141,False,placeholder,0.0,insufficient information,D,0.0,0.0,0.0,0,16,0,0,0.0,0.0,0.0
3142,False,numeric_mismatch,0.0,32,81,0.7428571428571429,0.8666666666666667,0.65,15,20,13,13,0.3832584023475647,0.8399412631988525,0.35
3143,False,numeric_mismatch,0.0,3,4.0,0.4999999999999999,0.875,0.35,8,20,7,7,0.33596962690353394,0.8920356631278992,0.35
3144,False,numeric_mismatch,0.0,22,430,0.6,1.0,0.42857142857142855,6,14,6,6,0.5727827548980713,0.8929320573806763,0.35
3145,False,placeholder,0.0,insufficient information,C,0.0,0.0,0.0,0,28,0,0,0.0,0.0,0.0
3146,False,exact,0.3,E) \frac{1}{(1 - \cos \alpha)^2},B,0.4799999999999999,1.0,0.3157894736842105,6,19,6,6,0.3619265854358673,0.7880812287330627,0.35
3147,False,placeholder,0.0,insufficient information,E,0.0,0.0,0.0,0,11,0,0,0.0,0.0,0.0
3148,False,numeric_mismatch,0.0,18%,2,0.32,1.0,0.19047619047619047,4,21,4,4,0.33090004324913025,0.8174700140953064,0.35
3149,False,exact,1.0,"(0,0)",D,0.2058823529411765,1.0,0.11475409836065574,7,61,7,7,0.3131534457206726,0.8297861218452454,0.35
3150,False,placeholder,0.0,insufficient information,2,0.0,0.0,0.0,0,21,0,0,0.0,0.0,0.0
3151,True,exact,0.7,B) \(\frac{4}{9}\pi\),A,0.6666666666666666,1.0,0.5,9,18,9,9,0.30445942282676697,0.7543244957923889,0.35
3152,False,placeholder,0.0,insufficient information,4.2,0.0,0.0,0.0,0,24,0,0,0.0,0.0,0.0
3153,False,exact,1.0,5,A,0.6470588235294117,0.7857142857142857,0.55,14,20,11,11,0.32789501547813416,0.7876461744308472,0.35
3154,False,exact,1.0,300,E,0.4827586206896552,1.0,0.3181818181818182,7,22,7,7,0.31311163306236267,0.8197386264801025,0.35
3155,False,numeric_mismatch,0.0,7,128,0.4799999999999999,1.0,0.3157894736842105,6,19,6,6,0.37219053506851196,0.8890851140022278,0.35
3156,True,exact,0.7,B) 2π,B,0.2758620689655173,1.0,0.16,4,25,4,4,0.36495232582092285,0.8645402789115906,0.35
3157,True,exact,0.7,C) \(\frac{7}{15}\),C,0.5,1.0,0.3333333333333333,6,18,6,6,0.38159483671188354,0.8775527477264404,0.35
3158,False,exact,0.3,D) \frac{13}{8},B,0.8,1.0,0.6666666666666666,10,15,10,10,0.3976868689060211,0.8458643555641174,0.35
3159,False,numeric_mismatch,0.0,102,2601,0.5714285714285715,1.0,0.4,6,15,6,6,0.5023674964904785,0.8399759531021118,0.35
3160,False,placeholder,0.0,insufficient information,E,0.0,0.0,0.0,0,18,0,0,0.0,0.0,0.0
3161,False,numeric_mismatch,0.0,3√18,18,0.625,0.8333333333333334,0.5,12,20,10,10,0.32929813861846924,0.8352600336074829,0.35
3162,True,numeric_exact,1.0,36,36,0.5555555555555556,1.0,0.38461538461538464,10,26,10,10,0.44491103291511536,0.843804657459259,0.35
3163,False,placeholder,0.0,insufficient information,B,0.0,0.0,0.0,0,26,0,0,0.0,0.0,0.0
3164,False,placeholder,0.0,insufficient information,D,0.0,0.0,0.0,0,16,0,0,0.0,0.0,0.0
3165,True,exact,0.7,B) 7√3,B,0.43478260869565216,0.7142857142857143,0.3125,7,16,5,5,0.25820979475975037,0.7047466039657593,0.35
3166,False,exact,1.0,4,A,0.4285714285714285,0.75,0.3,8,20,6,6,0.2687893211841583,0.7787741422653198,0.35
3167,False,numeric_mismatch,0.0,1,114,0.32,1.0,0.19047619047619047,4,21,4,4,0.5629826784133911,0.8142623901367188,0.35
3168,False,exact,0.3,insufficient information,B,0.5555555555555556,0.8333333333333334,0.4166666666666667,6,12,5,5,0.33352288603782654,0.8002586960792542,0.35
3169,False,placeholder,0.0,insufficient information,E,0.0,0.0,0.0,0,24,0,0,0.0,0.0,0.0
3170,False,numeric_mismatch,0.0,24,12,0.45454545454545453,1.0,0.29411764705882354,5,17,5,5,0.40744638442993164,0.8411051034927368,0.35
3171,False,numeric_mismatch,0.0,119,15,0.5263157894736842,1.0,0.35714285714285715,5,14,5,5,0.5060663819313049,0.9574614763259888,0.35
3172,False,numeric_mismatch,0.0,100,175,0.25,1.0,0.14285714285714285,3,21,3,3,0.35810744762420654,0.7898096442222595,0.35
3173,True,numeric_rounded,0.85,112,100,0.5,1.0,0.3333333333333333,5,15,5,5,0.46233221888542175,0.9373275637626648,0.35
3174,False,placeholder,0.0,insufficient information,B,0.0,0.0,0.0,0,22,0,0,0.0,0.0,0.0
3175,False,numeric_mismatch,0.0,2,9,0.72,1.0,0.5625,9,16,9,9,0.37933576107025146,0.8324600458145142,0.35
3176,True,exact,0.7,None of the provided options match the calculated slope.,E,0.4166666666666667,1.0,0.2631578947368421,5,19,5,5,0.33031564950942993,0.7977273464202881,0.35
3177,False,placeholder,0.0,insufficient information,5,0.0,0.0,0.0,0,21,0,0,0.0,0.0,0.0
3178,True,exact,0.7,A) \(\frac{1}{2}\csc{\frac{1}{4}}\),A,0.3846153846153846,1.0,0.23809523809523808,5,21,5,5,0.4659033715724945,0.8376275300979614,0.35
3179,False,choice,1.0,B,C,0.38095238095238093,1.0,0.23529411764705882,4,17,4,4,0.4780060350894928,0.7586314082145691,0.35
3180,False,placeholder,0.0,insufficient information,C,0.0,0.0,0.0,0,17,0,0,0.0,0.0,0.0
3181,False,numeric_mismatch,0.0,6,16,0.4444444444444445,1.0,0.2857142857142857,4,14,4,4,0.5102747678756714,0.8398597240447998,0.35
3182,False,numeric_mismatch,0.0,2,4,0.6923076923076924,1.0,0.5294117647058824,9,17,9,9,0.4367840886116028,0.9773910045623779,0.35
3183,False,placeholder,0.0,insufficient information,C,0.0,0.0,0.0,0,10,0,0,0.0,0.0,0.0
3184,True,exact,0.7,D) \(\frac{49}{2}\pi\),C,0.2857142857142857,1.0,0.16666666666666666,4,24,4,4,0.3332231938838959,0.7283201813697815,0.35
3185,False,numeric_mismatch,0.0,8,184,0.4761904761904762,0.7142857142857143,0.35714285714285715,7,14,5,5,0.39148181676864624,0.6727469563484192,0.35
3186,False,numeric_mismatch,0.0,9,19,0.45454545454545453,1.0,0.29411764705882354,5,17,5,5,0.39407554268836975,0.7999097108840942,0.35
3187,False,exact,0.3,C) n/m,B,0.5384615384615384,1.0,0.3684210526315789,7,19,7,7,0.40143635869026184,0.80537348985672,0.35
3188,False,numeric_mismatch,0.0,The area of the rectangle $ABCD$ is approximately 36 square units.,150,0.4666666666666667,1.0,0.30434782608695654,7,23,7,7,0.34396305680274963,0.8419317007064819,0.35
3189,False,exact,0.3,B) \(\frac{\sqrt{3}}{3}\),D,0.4166666666666667,1.0,0.2631578947368421,5,19,5,5,0.5317566990852356,0.7999536395072937,0.35
3190,True,exact,0.7,180 degrees,D,0.45161290322580644,1.0,0.2916666666666667,7,24,7,7,0.38175392150878906,0.7187853455543518,0.35
3191,False,numeric_mismatch,0.0,28,44,0.3157894736842105,1.0,0.1875,3,16,3,3,0.4397643804550171,0.7317399382591248,0.35
3192,True,numeric_rounded,0.9,88,80,0.5294117647058824,1.0,0.36,9,25,9,9,0.40623921155929565,0.8898745179176331,0.35
3193,True,exact,0.7,C) \(\frac{11}{5}\),C,0.4,1.0,0.25,6,24,6,6,0.35661303997039795,0.8607696890830994,0.35
3194,False,numeric_mismatch,0.0,32,64,0.6363636363636364,1.0,0.4666666666666667,7,15,7,7,0.4829038083553314,0.8964368104934692,0.35
3195,False,numeric_mismatch,0.0,1,2.37,0.8235294117647058,1.0,0.7,7,10,7,7,0.42223429679870605,0.7191261649131775,0.35
3196,False,exact,0.3,B) 2/3,D,0.5925925925925926,1.0,0.42105263157894735,8,19,8,8,0.3464028835296631,0.9221461415290833,0.35
3197,False,placeholder,0.0,insufficient information,5,0.0,0.0,0.0,0,13,0,0,0.0,0.0,0.0
3198,True,choice,1.0,E,E,0.2222222222222222,1.0,0.125,3,24,3,3,0.42116060853004456,0.6683771014213562,0.35
3199,False,placeholder,0.0,insufficient information,D,0.0,0.0,0.0,0,23,0,0,0.0,0.0,0.0
3200,False,numeric_mismatch,0.0,196,49,0.6363636363636364,1.0,0.4666666666666667,7,15,7,7,0.5003402829170227,0.8518621325492859,0.35
3201,True,exact,0.7,E) \(\frac{a^2 + 2ab}{b^2 + 2ab}\),B,0.5,1.0,0.3333333333333333,4,12,4,4,0.41749951243400574,0.8772871494293213,0.35
3202,False,numeric_mismatch,0.0,252,1056,0.631578947368421,1.0,0.46153846153846156,6,13,6,6,0.39575496315956116,0.7009475827217102,0.35
3203,False,numeric_mismatch,0.0,125,11,0.5,1.0,0.3333333333333333,8,24,8,8,0.4087045192718506,0.7956141829490662,0.35
3204,False,placeholder,0.0,insufficient information,D,0.0,0.0,0.0,0,21,0,0,0.0,0.0,0.0
3205,False,exact,0.3,The sum of the real zeros of P,C,0.4210526315789474,1.0,0.26666666666666666,4,15,4,4,0.3123350739479065,0.761314868927002,0.35
3206,False,numeric_mismatch,0.0,12π,27,0.4,1.0,0.25,6,24,6,6,0.4719834327697754,0.8201819062232971,0.35
3207,False,numeric_mismatch,0.0,8,1680,0.5555555555555556,1.0,0.38461538461538464,5,13,5,5,0.47569432854652405,0.8337060213088989,0.35
3208,True,exact,0.7,C) \(\frac{5}{16}\),C,0.375,1.0,0.23076923076923078,6,26,6,6,0.3159402310848236,0.8220582604408264,0.35
3209,True,exact,0.7,D) $rac{4}{9}$,D,0.5517241379310345,0.6153846153846154,0.5,13,16,8,8,0.3315000534057617,0.7439252734184265,0.35
3210,False,placeholder,0.0,insufficient information,C,0.0,0.0,0.0,0,23,0,0,0.0,0.0,0.0
3211,False,placeholder,0.0,insufficient information,D,0.0,0.0,0.0,0,12,0,0,0.0,0.0,0.0
3212,False,numeric_mismatch,0.0,3,6,0.3333333333333333,0.8,0.21052631578947367,5,19,4,4,0.4352945387363434,0.8476663827896118,0.35
3213,False,placeholder,0.0,insufficient information,C,0.0,0.0,0.0,0,20,0,0,0.0,0.0,0.0
3214,False,choice,1.0,E,B,0.5,1.0,0.3333333333333333,5,15,5,5,0.4104990065097809,0.6832618117332458,0.35
3215,False,placeholder,0.0,insufficient information,D,0.0,0.0,0.0,0,21,0,0,0.0,0.0,0.0
3216,True,exact,0.7,B) \(\frac{16}{5}\),B,0.2857142857142857,1.0,0.16666666666666666,4,24,4,4,0.3248719871044159,0.8506753444671631,0.35
3217,False,numeric_mismatch,0.0,3,2,0.4210526315789474,1.0,0.26666666666666666,4,15,4,4,0.4101751446723938,0.8957375884056091,0.35
3218,False,exact,1.0,-2,B,0.45454545454545453,1.0,0.29411764705882354,5,17,5,5,0.3400336802005768,0.7793372869491577,0.35
3219,False,numeric_mismatch,0.0,17,7,0.4827586206896552,1.0,0.3181818181818182,7,22,7,7,0.3315211832523346,0.837315022945404,0.35
3220,True,exact,0.7,B) -1 < mb < 0,B,0.3636363636363636,1.0,0.2222222222222222,4,18,4,4,0.4189370274543762,0.7150933146476746,0.35
3221,False,numeric_mismatch,0.0,3,4,0.4347826086956522,1.0,0.2777777777777778,5,18,5,5,0.4101180136203766,0.8162389993667603,0.35
3222,False,exact,0.3,B) \(\sqrt{5}\),D,0.6153846153846153,1.0,0.4444444444444444,4,9,4,4,0.39422595500946045,0.9317259192466736,0.35
3223,False,exact,0.3,A) \(\frac{2}{3}\),D,0.4444444444444445,1.0,0.2857142857142857,8,28,8,8,0.35871022939682007,0.909590482711792,0.35
3224,False,exact,0.3,C) \(\frac{205}{12}\),D,0.41379310344827586,1.0,0.2608695652173913,6,23,6,6,0.37452173233032227,0.7001343369483948,0.35
3225,False,placeholder,0.0,insufficient information,B,0.0,0.0,0.0,0,13,0,0,0.0,0.0,0.0
3226,False,numeric_mismatch,0.0,r/s = 3,9,0.5185185185185185,1.0,0.35,7,20,7,7,0.3746262192726135,0.6883580684661865,0.35
3227,True,exact,0.7,B) $rac{1}{9}$,A,0.2857142857142857,0.16666666666666666,1.0,6,1,1,1,0.5896856188774109,0.7490582466125488,0.35
3228,False,exact,0.3,B) \(\frac{25\pi}{2}\),E,0.4347826086956522,1.0,0.2777777777777778,5,18,5,5,0.3694109618663788,0.7041471600532532,0.35
3229,False,exact,0.3,C) \(\frac{3}{5}\),B,0.32258064516129037,1.0,0.19230769230769232,5,26,5,5,0.31633588671684265,0.9029083847999573,0.35
3230,False,exact,1.0,4,E,0.7692307692307692,0.7142857142857143,0.8333333333333334,21,18,15,15,0.2810203433036804,0.8597558736801147,0.35
3231,False,numeric_mismatch,0.0,30,127,0.375,1.0,0.23076923076923078,3,13,3,3,0.3554570972919464,0.7563573718070984,0.35
3232,True,numeric_exact,1.0,50,50,0.4,1.0,0.25,4,16,4,4,0.3422519862651825,0.842172384262085,0.35
3233,False,exact,0.3,"B) [500,600]",D,0.6428571428571429,1.0,0.47368421052631576,9,19,9,9,0.33568254113197327,0.7559666633605957,0.35
3234,False,numeric_mismatch,0.0,10,225,0.3076923076923077,1.0,0.18181818181818182,4,22,4,4,0.32835647463798523,0.6453627347946167,0.35
3235,False,numeric_mismatch,0.0,5,10,0.3157894736842105,1.0,0.1875,3,16,3,3,0.4462102949619293,0.814972460269928,0.35
3236,False,numeric_mismatch,0.0,26,22,0.6956521739130436,1.0,0.5333333333333333,8,15,8,8,0.4491721987724304,0.8469663262367249,0.35
3237,True,exact,0.7,"C) (C, D, E, A, B)",E,0.32,1.0,0.19047619047619047,4,21,4,4,0.37398409843444824,0.7646886706352234,0.35
3238,True,exact,0.7,B) \(\frac{7\sqrt{6}}{16}\),A,0.33333333333333337,1.0,0.2,4,20,4,4,0.34286078810691833,0.7941856980323792,0.35
3239,False,exact,0.3,D) $20\sqrt{2}+13\sqrt{3}$,A,0.38095238095238093,1.0,0.23529411764705882,4,17,4,4,0.4260682165622711,0.803022563457489,0.35
3240,True,exact,0.7,B) \(\frac{625}{144}\),B,0.4210526315789473,0.8,0.2857142857142857,5,14,4,4,0.18352802097797394,0.5322518944740295,0.35
3241,True,exact,0.7,B) \(\frac{3}{2}\),C,0.33333333333333337,1.0,0.2,5,25,5,5,0.35981518030166626,0.7990157604217529,0.35
3242,False,numeric_mismatch,0.0,3,16,0.33333333333333337,1.0,0.2,5,25,5,5,0.3388129770755768,0.7177703976631165,0.35
3243,False,exact,0.3,B) 3 + 2√5,A,0.37037037037037035,1.0,0.22727272727272727,5,22,5,5,0.4465275704860687,0.9447948932647705,0.35
3244,False,placeholder,0.0,insufficient information,36,0.0,0.0,0.0,0,17,0,0,0.0,0.0,0.0
3245,True,exact,0.7,insufficient information,C,0.43999999999999995,0.7857142857142857,0.3055555555555556,14,36,11,11,0.19660595059394836,0.9999998211860657,0.35
3246,False,exact,0.3,B) \(\frac{583}{70}\),D,0.3076923076923077,1.0,0.18181818181818182,4,22,4,4,0.29912373423576355,0.8520359992980957,0.35
3247,True,numeric_rounded,0.9,10,11,0.25,1.0,0.14285714285714285,3,21,3,3,0.3946639597415924,0.7360225915908813,0.35
3248,False,exact,0.3,D) 7:3,C,0.25,1.0,0.14285714285714285,3,21,3,3,0.36283594369888306,0.7415429353713989,0.35
3249,True,exact,0.7,D) \(\frac{8}{15}\sqrt{5}\),D,0.5,1.0,0.3333333333333333,4,12,4,4,0.40564870834350586,0.6574108004570007,0.35
3250,True,exact,0.7,B) \(\frac{6}{7}\),B,0.2727272727272727,1.0,0.15789473684210525,3,19,3,3,0.5399319529533386,0.7984736561775208,0.35
3251,False,exact,1.0,200,C,0.33333333333333337,1.0,0.2,4,20,4,4,0.3425428867340088,0.7183810472488403,0.35
3252,False,numeric_mismatch,0.0,48,552,0.43902439024390244,1.0,0.28125,9,32,9,9,0.2813003659248352,0.8000901937484741,0.35
3253,False,numeric_mismatch,0.0,1008,4,0.21428571428571425,1.0,0.12,3,25,3,3,0.32151246070861816,0.7534223198890686,0.35
3254,True,exact,0.7,D) \frac{7}{9},D,0.5,0.9,0.34615384615384615,10,26,9,9,0.3408338129520416,0.845728874206543,0.35
3255,False,exact,0.3,13 + 4√2,C,0.33333333333333337,1.0,0.2,4,20,4,4,0.34586480259895325,0.6946733593940735,0.35
3256,True,numeric_rounded,0.85,6,7,0.2857142857142857,1.0,0.16666666666666666,3,18,3,3,0.45638507604599,0.7544946670532227,0.35
3257,False,exact,0.3,C) 12,E,0.3448275862068966,1.0,0.20833333333333334,5,24,5,5,0.41699326038360596,0.7655287384986877,0.35
3258,False,placeholder,0.0,insufficient information,C,0.0,0.0,0.0,0,19,0,0,0.0,0.0,0.0
3259,False,exact,0.3,C) 1+√6,B,0.3870967741935484,0.6666666666666666,0.2727272727272727,9,22,6,6,0.2999727725982666,0.8029227256774902,0.35
3260,False,numeric_mismatch,0.0,36,81,0.42857142857142855,1.0,0.2727272727272727,9,33,9,9,0.30680280923843384,0.9320406913757324,0.35
3261,False,choice,1.0,C,B,0.1568627450980392,1.0,0.0851063829787234,4,47,4,4,0.3638499677181244,0.8017784953117371,0.35
3262,False,numeric_mismatch,0.0,10,44,0.5,1.0,0.3333333333333333,10,30,10,10,0.31625375151634216,0.8140017986297607,0.35
3263,False,numeric_mismatch,0.0,105,147,0.33333333333333337,1.0,0.2,4,20,4,4,0.4047064781188965,0.9228066205978394,0.35
3264,False,numeric_mismatch,0.0,7,-4,0.6206896551724138,1.0,0.45,9,20,9,9,0.42245492339134216,0.9357737302780151,0.35
3265,True,exact,0.7,insufficient information,A,0.48,0.8571428571428571,0.3333333333333333,7,18,6,6,0.25612321496009827,0.647465169429779,0.35
3266,False,numeric_mismatch,0.0,6,5,0.17391304347826084,1.0,0.09523809523809523,2,21,2,2,0.4422909915447235,0.7409494519233704,0.35
3267,False,placeholder,0.0,insufficient information,E,0.0,0.0,0.0,0,14,0,0,0.0,0.0,0.0
3268,False,numeric_mismatch,0.0,60,46,0.3636363636363636,1.0,0.2222222222222222,4,18,4,4,0.35489562153816223,0.6156418323516846,0.35
3269,True,exact,0.7,D) \(\frac{4}{5}\),C,0.4210526315789474,1.0,0.26666666666666666,4,15,4,4,0.4540504217147827,0.7509434819221497,0.35
3270,True,numeric_rounded,0.9,37,36,0.5454545454545454,1.0,0.375,6,16,6,6,0.5183212161064148,0.8681477308273315,0.35
3271,False,choice,1.0,Z,E,0.4444444444444445,1.0,0.2857142857142857,4,14,4,4,0.4735344350337982,0.8031429648399353,0.35
3272,False,numeric_mismatch,0.0,25,39,0.33333333333333337,1.0,0.2,4,20,4,4,0.3455938696861267,0.8998315334320068,0.35
3273,False,exact,0.3,E) Q,A,0.4166666666666667,1.0,0.2631578947368421,5,19,5,5,0.3456139862537384,0.7354281544685364,0.35
3274,False,numeric_mismatch,0.0,4,6,0.5454545454545454,1.0,0.375,6,16,6,6,0.4216698110103607,0.7939533591270447,0.35
3275,False,exact,0.3,C) 33 1/3%,D,0.33333333333333337,1.0,0.2,3,15,3,3,0.4546299874782562,0.8321459293365479,0.35
3276,True,exact,0.7,E) cannot be determined from the information given,C,0.923076923076923,1.0,0.8571428571428571,12,14,12,12,0.3655853867530823,0.7612190842628479,0.35
3277,False,numeric_mismatch,0.0,12 million,2.5,0.7407407407407407,1.0,0.5882352941176471,10,17,10,10,0.46053171157836914,0.8934049010276794,0.35
3278,False,numeric_mismatch,0.0,4,6,0.2608695652173913,1.0,0.15,3,20,3,3,0.2661322057247162,0.6141782402992249,0.35
3279,True,exact,0.7,between 1 and 2,B,0.32258064516129037,1.0,0.19230769230769232,5,26,5,5,0.4661082327365875,0.8290631771087646,0.35
3280,False,exact,0.3,.088 m²,A,0.7142857142857143,1.0,0.5555555555555556,5,9,5,5,0.38959363102912903,0.7501817345619202,0.35
3281,False,numeric_mismatch,0.0,9,20,0.3448275862068966,1.0,0.20833333333333334,5,24,5,5,0.5413214564323425,0.858730137348175,0.35
3282,True,exact,0.7,B) \(\frac{1}{18}\),C,0.4615384615384615,1.0,0.3,6,20,6,6,0.4172919988632202,0.9604125618934631,0.35
3283,True,exact,0.7,E) 8 and 9,D,0.5925925925925926,1.0,0.42105263157894735,8,19,8,8,0.4268263876438141,0.9588291645050049,0.35
3284,True,exact,0.7,B) 10.15,B,0.5,1.0,0.3333333333333333,5,15,5,5,0.3869754672050476,0.8355017304420471,0.35
3285,False,numeric_mismatch,0.0,3,11 ,0.15384615384615385,0.5,0.09090909090909091,2,11,1,1,0.4233740568161011,0.7885621190071106,0.35
3286,False,exact,0.3,insufficient information,B,0.5555555555555556,1.0,0.38461538461538464,5,13,5,5,0.42474353313446045,0.8939396142959595,0.35
3287,False,numeric_mismatch,0.0,4,3,0.35294117647058826,1.0,0.21428571428571427,3,14,3,3,0.4874113202095032,0.7501236200332642,0.35
3288,True,numeric_exact,1.0,3,3,0.5333333333333333,1.0,0.36363636363636365,4,11,4,4,0.481329083442688,0.7839483022689819,0.35
3289,True,exact,0.7,C) 44,C,0.47058823529411764,1.0,0.3076923076923077,4,13,4,4,0.4243096709251404,0.7329595685005188,0.35
3290,False,numeric_mismatch,0.0,75,130,0.375,1.0,0.23076923076923078,3,13,3,3,0.5017473697662354,0.8575270771980286,0.35
3291,False,choice,1.0,B,E,0.33333333333333337,1.0,0.2,3,15,3,3,0.5038629174232483,0.8915464282035828,0.35
3292,False,numeric_mismatch,0.0,6.67,12,0.5333333333333333,1.0,0.36363636363636365,4,11,4,4,0.39392712712287903,0.8148004412651062,0.35
3293,False,choice,1.0,C,B,0.3,1.0,0.17647058823529413,3,17,3,3,0.42591944336891174,0.7134234309196472,0.35
3294,False,numeric_mismatch,0.0,48,64,0.3157894736842105,1.0,0.1875,3,16,3,3,0.43502211570739746,0.7249746322631836,0.35
3295,False,numeric_mismatch,0.0,Approximately $6.5 million,2.5,0.5333333333333333,1.0,0.36363636363636365,4,11,4,4,0.3344830274581909,0.5944684743881226,0.35
3296,False,numeric_mismatch,0.0,18,14,0.47619047619047616,1.0,0.3125,5,16,5,5,0.33321842551231384,0.7551652193069458,0.35
3297,False,numeric_mismatch,0.0,15,33,0.6470588235294118,1.0,0.4782608695652174,11,23,11,11,0.5014777779579163,0.8171794414520264,0.35
3298,False,exact,0.3,B) \(\frac{2}{3}\),E,0.2916666666666667,1.0,0.17073170731707318,7,41,7,7,0.3508679270744324,0.7898855209350586,0.35
3299,True,exact,0.7,E) \(\frac{5}{7}\),C,0.7428571428571429,1.0,0.5909090909090909,13,22,13,13,0.4684121608734131,0.9743635058403015,0.35
3300,False,numeric_mismatch,0.0,495,1047,0.2857142857142857,1.0,0.16666666666666666,3,18,3,3,0.44748225808143616,0.7400511503219604,0.35
3301,False,exact,0.3,C) \(\frac{5}{12}\),E,0.2857142857142857,1.0,0.16666666666666666,3,18,3,3,0.4592248499393463,0.8035222887992859,0.35
3302,False,choice,1.0,Q,A,0.4799999999999999,1.0,0.3157894736842105,6,19,6,6,0.3873709440231323,0.8050147294998169,0.35
3303,False,numeric_mismatch,0.0,60,81,0.2727272727272727,1.0,0.15789473684210525,3,19,3,3,0.44887247681617737,0.8703473806381226,0.35
3304,False,exact,0.3,D) 40 cm,E,0.4799999999999999,1.0,0.3157894736842105,6,19,6,6,0.3040240705013275,0.6387901902198792,0.35
3305,True,numeric_exact,1.0,36,36,0.5263157894736842,1.0,0.35714285714285715,5,14,5,5,0.5321852564811707,0.9439038038253784,0.35
3306,True,exact,0.7,B) second (1-2),B,0.4,1.0,0.25,4,16,4,4,0.4053967595100403,0.7761915326118469,0.35
3307,False,numeric_mismatch,0.0,6,3,0.3,1.0,0.17647058823529413,3,17,3,3,0.49008095264434814,0.8093569278717041,0.35
3308,False,numeric_mismatch,0.0,6,8,0.35294117647058826,1.0,0.21428571428571427,3,14,3,3,0.3583983778953552,0.5858956575393677,0.35
3309,True,exact,0.7,B) $3	imes 5$,B,0.45454545454545453,1.0,0.29411764705882354,5,17,5,5,0.4296676516532898,0.8479258418083191,0.35
3310,False,numeric_mismatch,0.0,12,8,0.3076923076923077,1.0,0.18181818181818182,4,22,4,4,0.3600674569606781,0.8088932633399963,0.35
3311,False,exact,0.3,the same,C,0.5714285714285715,1.0,0.4,6,15,6,6,0.38088899850845337,0.7981491684913635,0.35
3312,False,numeric_mismatch,0.0,1,9,0.2857142857142857,1.0,0.16666666666666666,4,24,4,4,0.3833024501800537,0.8001010417938232,0.35
3313,False,exact,0.3,B) 23 1/3%,C,0.23076923076923078,1.0,0.13043478260869565,3,23,3,3,0.42066824436187744,0.936916172504425,0.35
3314,False,numeric_mismatch,0.0,A - 10,1,0.3076923076923077,1.0,0.18181818181818182,4,22,4,4,0.4507180154323578,0.7108533978462219,0.35
3315,True,exact,0.7,D) \(\frac{7}{9}\),D,0.38095238095238093,1.0,0.23529411764705882,4,17,4,4,0.3888435363769531,0.7557333111763,0.35
3316,True,exact,0.7,C) \(\frac{243}{1024}\),C,0.3846153846153846,1.0,0.23809523809523808,5,21,5,5,0.3613892197608948,0.8536152839660645,0.35
3317,False,exact,1.0,5,E,0.47058823529411764,1.0,0.3076923076923077,4,13,4,4,0.42189115285873413,0.9074647426605225,0.35
3318,False,numeric_mismatch,0.0,19,1,0.47619047619047616,1.0,0.3125,5,16,5,5,0.4130069613456726,0.7593020796775818,0.35
3319,True,numeric_exact,1.0,160,160,0.7586206896551724,0.8461538461538461,0.6875,13,16,11,11,0.35810917615890503,0.911631166934967,0.35
3320,False,numeric_mismatch,0.0,128,20,0.5714285714285715,1.0,0.4,6,15,6,6,0.4728497266769409,0.7999230623245239,0.35
3321,True,exact,0.7,B) 24%,B,0.3157894736842105,1.0,0.1875,3,16,3,3,0.4281003773212433,0.8030768632888794,0.35
3322,False,choice,1.0,A,B,0.6666666666666666,1.0,0.5,9,18,9,9,0.5411045551300049,0.8454005718231201,0.35
3323,False,numeric_mismatch,0.0,7,4,0.5882352941176471,1.0,0.4166666666666667,5,12,5,5,0.39157041907310486,1.000000238418579,0.35
3324,False,choice,1.0,E,D,0.4615384615384615,1.0,0.3,6,20,6,6,0.47542113065719604,0.8496052622795105,0.35
3325,False,exact,0.3,D) Apr,B,0.4,1.0,0.25,4,16,4,4,0.3393852114677429,0.7903915047645569,0.35
3326,True,exact,0.7,C) 18,C,0.2608695652173913,1.0,0.15,3,20,3,3,0.5394822359085083,0.8898202776908875,0.35
3327,False,placeholder,0.0,insufficient information,7.7,0.0,0.0,0.0,0,18,0,0,0.0,0.0,0.0
3328,False,choice,1.0,B,C,0.5217391304347826,1.0,0.35294117647058826,6,17,6,6,0.4706394672393799,0.7174031138420105,0.35
3329,True,exact,0.7,B) March,B,0.3,0.75,0.1875,4,16,3,3,0.22936247289180756,0.7286277413368225,0.35
3330,True,numeric_exact,1.0,70-75,70,0.3636363636363636,1.0,0.2222222222222222,4,18,4,4,0.4396778643131256,0.8162387609481812,0.35
3331,False,numeric_mismatch,0.0,30,36,0.5,1.0,0.3333333333333333,5,15,5,5,0.4710429012775421,0.940521776676178,0.35
3332,False,numeric_mismatch,0.0,332,500,0.72,1.0,0.5625,9,16,9,9,0.39342227578163147,0.8276222944259644,0.35
3333,False,numeric_mismatch,0.0,640,320,0.34782608695652173,1.0,0.21052631578947367,4,19,4,4,0.3919629752635956,0.7736293077468872,0.35
3334,False,choice,1.0,D,B,0.35294117647058826,1.0,0.21428571428571427,3,14,3,3,0.456649512052536,0.7946876883506775,0.35
3335,False,exact,0.3,D) 70°,B,0.5454545454545454,1.0,0.375,6,16,6,6,0.33819782733917236,0.678290069103241,0.35
3336,True,exact,0.7,The shaded areas in all three are equal.,A,0.2285714285714286,1.0,0.12903225806451613,4,31,4,4,0.3955599367618561,0.719754159450531,0.35
3337,False,choice,1.0,D,A,0.33333333333333337,1.0,0.2,4,20,4,4,0.3012048304080963,0.6098267436027527,0.35
3338,True,choice,1.0,B,B,0.35294117647058826,1.0,0.21428571428571427,3,14,3,3,0.37320733070373535,0.6437932252883911,0.35
3339,False,numeric_mismatch,0.0,36,64,0.8695652173913044,1.0,0.7692307692307693,10,13,10,10,0.570584237575531,0.9483932852745056,0.35
3340,True,exact,0.7,D) \(\frac{5}{12}\),D,0.3571428571428571,1.0,0.21739130434782608,5,23,5,5,0.3574143648147583,0.8745425939559937,0.35
3341,False,numeric_mismatch,0.0,48,36,0.47058823529411764,1.0,0.3076923076923077,4,13,4,4,0.5331624746322632,0.8307324647903442,0.35
3342,False,numeric_mismatch,0.0,24,32,0.4615384615384615,1.0,0.3,6,20,6,6,0.4284490644931793,0.8598445057868958,0.35
3343,False,exact,0.3,C) C,D,0.5384615384615384,1.0,0.3684210526315789,7,19,7,7,0.3220665752887726,0.7363417744636536,0.35
3344,False,placeholder,0.0,insufficient information,E,0.0,0.0,0.0,0,21,0,0,0.0,0.0,0.0
3345,True,numeric_exact,1.0,50,50,0.6,1.0,0.42857142857142855,6,14,6,6,0.5519452095031738,0.9846364855766296,0.35
3346,False,numeric_mismatch,0.0,3,4,0.33333333333333337,1.0,0.2,3,15,3,3,0.2786877453327179,0.7056591510772705,0.35
3347,False,numeric_mismatch,0.0,1,4,0.3076923076923077,1.0,0.18181818181818182,4,22,4,4,0.41445663571357727,0.8473973870277405,0.35
3348,False,numeric_mismatch,0.0,6,7.2,0.33333333333333337,1.0,0.2,4,20,4,4,0.3736523389816284,0.7989585995674133,0.35
3349,False,placeholder,0.0,insufficient information,A,0.0,0.0,0.0,0,14,0,0,0.0,0.0,0.0
3350,False,numeric_mismatch,0.0,48,29,0.23076923076923078,1.0,0.13043478260869565,3,23,3,3,0.41017553210258484,0.8288814425468445,0.35
3351,False,exact,0.3,"B) (-4,0)",C,0.3571428571428571,1.0,0.21739130434782608,5,23,5,5,0.39923641085624695,0.8652765154838562,0.35
3352,False,exact,1.0,31%,C,0.5555555555555556,1.0,0.38461538461538464,5,13,5,5,0.36194363236427307,0.7358848452568054,0.35
3353,True,exact,0.7,B) 1/2,B,0.2727272727272727,1.0,0.15789473684210525,3,19,3,3,0.30217477679252625,0.7214123606681824,0.35
3354,False,placeholder,0.0,insufficient information,C,0.0,0.0,0.0,0,17,0,0,0.0,0.0,0.0
3355,True,exact,0.7,C) \(\frac{7}{12}\),C,0.45454545454545453,1.0,0.29411764705882354,5,17,5,5,0.3619881570339203,0.767704427242279,0.35
3356,True,exact,0.7,D) 35°,D,0.46153846153846156,0.75,0.3333333333333333,8,18,6,6,0.3368264138698578,0.6423082947731018,0.35
3357,True,exact,0.7,B) \(\frac{5}{9}\),B,0.38095238095238093,1.0,0.23529411764705882,4,17,4,4,0.5276404619216919,0.8762206435203552,0.35
3358,False,numeric_mismatch,0.0,12,16,0.5263157894736842,1.0,0.35714285714285715,5,14,5,5,0.407549113035202,0.7130568623542786,0.35
3359,False,exact,1.0,54,D,0.6399999999999999,1.0,0.47058823529411764,8,17,8,8,0.4687957763671875,0.8579882979393005,0.35
3360,False,exact,0.3,B) 1:1,C,0.5,1.0,0.3333333333333333,7,21,7,7,0.35715919733047485,0.8725054860115051,0.35
3361,True,numeric_exact,1.0,5,5,0.4,1.0,0.25,3,12,3,3,0.5094634890556335,0.7665024399757385,0.35
3362,False,numeric_mismatch,0.0,4,6,0.4615384615384615,1.0,0.3,3,10,3,3,0.3408151865005493,0.6238141655921936,0.35
3363,True,exact,0.7,C) \(\frac{1}{8}\),C,0.4,1.0,0.25,5,20,5,5,0.5085977911949158,0.8938838839530945,0.35
3364,False,choice,1.0,E,B,0.3157894736842105,1.0,0.1875,3,16,3,3,0.39116036891937256,0.7211426496505737,0.35
3365,False,numeric_mismatch,0.0,18,24,0.34782608695652173,1.0,0.21052631578947367,4,19,4,4,0.3658781945705414,0.712854266166687,0.35
3366,True,exact,0.7,D) \(\frac{9}{16}\),C,0.2727272727272727,1.0,0.15789473684210525,3,19,3,3,0.40162524580955505,0.7302905321121216,0.35
3367,False,numeric_mismatch,0.0,16,120,0.5454545454545454,1.0,0.375,6,16,6,6,0.44093799591064453,0.7536991834640503,0.35
3368,False,numeric_mismatch,0.0,30,15,0.5555555555555556,1.0,0.38461538461538464,5,13,5,5,0.3958044648170471,0.9248400330543518,0.35
3369,False,exact,0.3,B) G,A,0.2727272727272727,1.0,0.15789473684210525,3,19,3,3,0.38927003741264343,0.6818585991859436,0.35
3370,False,numeric_mismatch,0.0,1700,1150,0.3157894736842105,1.0,0.1875,3,16,3,3,0.4423006474971771,0.7956317663192749,0.35
3371,True,numeric_rounded,0.85,27,24,0.6428571428571429,1.0,0.47368421052631576,9,19,9,9,0.3842979669570923,0.7613897323608398,0.35
3372,False,numeric_mismatch,0.0,45,34,0.6666666666666666,1.0,0.5,8,16,8,8,0.4439381957054138,0.8672547936439514,0.35
3373,False,choice,1.0,D,B,0.3636363636363636,1.0,0.2222222222222222,4,18,4,4,0.4112697243690491,0.8838193416595459,0.35
3374,False,numeric_mismatch,0.0,150,30,0.47619047619047616,1.0,0.3125,5,16,5,5,0.48383504152297974,0.733704149723053,0.35
3375,True,exact,0.7,C) √13,C,0.5625000000000001,0.75,0.45,12,20,9,9,0.30727577209472656,0.9004535675048828,0.35
3376,False,numeric_mismatch,0.0,36,6,0.2608695652173913,1.0,0.15,3,20,3,3,0.34496721625328064,0.7531108260154724,0.35
3377,False,choice,1.0,D,E,0.4444444444444445,1.0,0.2857142857142857,4,14,4,4,0.41359394788742065,0.7277745604515076,0.35
3378,False,placeholder,0.0,insufficient information,7,0.0,0.0,0.0,0,16,0,0,0.0,0.0,0.0
3379,False,numeric_mismatch,0.0,7,41,0.5,1.0,0.3333333333333333,5,15,5,5,0.5507356524467468,0.9038670659065247,0.35
3380,False,numeric_mismatch,0.0,0,6,0.33333333333333337,1.0,0.2,4,20,4,4,0.4406823515892029,0.7692899703979492,0.35
3381,False,numeric_mismatch,0.0,35,353,0.3846153846153846,1.0,0.23809523809523808,5,21,5,5,0.3357333242893219,0.8108025193214417,0.35
3382,False,placeholder,0.0,insufficient information,C,0.0,0.0,0.0,0,20,0,0,0.0,0.0,0.0
3383,False,numeric_mismatch,0.0,18,15,0.761904761904762,1.0,0.6153846153846154,8,13,8,8,0.39138010144233704,0.9231942892074585,0.35
3384,True,exact,0.7,"The quadrilaterals have the same area, but the perimeter of I is less than the perimeter of II.",E,0.3870967741935484,1.0,0.24,6,25,6,6,0.4741593301296234,0.8381848335266113,0.35
3385,False,exact,0.3,B) 10 + 5π,C,0.5263157894736842,1.0,0.35714285714285715,5,14,5,5,0.38903898000717163,0.6305506229400635,0.35
3386,False,numeric_mismatch,0.0,-75%,17,0.6086956521739131,1.0,0.4375,7,16,7,7,0.45893532037734985,0.9019554853439331,0.35
3387,False,placeholder,0.0,insufficient information,D,0.0,0.0,0.0,0,20,0,0,0.0,0.0,0.0
3388,False,numeric_mismatch,0.0,36,27,0.2857142857142857,1.0,0.16666666666666666,3,18,3,3,0.49287983775138855,0.8951259255409241,0.35
3389,False,numeric_mismatch,0.0,9,21,0.5384615384615384,1.0,0.3684210526315789,7,19,7,7,0.3393268585205078,0.7989670038223267,0.35
3390,False,numeric_mismatch,0.0,4,39,0.3,1.0,0.17647058823529413,3,17,3,3,0.3119761645793915,0.6147100925445557,0.35
3391,False,numeric_mismatch,0.0,16,189,0.6363636363636364,1.0,0.4666666666666667,7,15,7,7,0.37840282917022705,0.8647643327713013,0.35
3392,True,numeric_rounded,0.85,16,18,0.5714285714285715,1.0,0.4,6,15,6,6,0.36561423540115356,0.8506327271461487,0.35
3393,False,exact,0.3,B) \frac{1}{2},E,0.6923076923076924,1.0,0.5294117647058824,9,17,9,9,0.43631359934806824,0.963391900062561,0.35
3394,False,choice,1.0,B,D,0.47619047619047616,1.0,0.3125,5,16,5,5,0.43710675835609436,0.8473586440086365,0.35
3395,True,numeric_exact,1.0,4,4,0.4166666666666667,1.0,0.2631578947368421,5,19,5,5,0.41880321502685547,0.9183136820793152,0.35
3396,False,numeric_mismatch,0.0,1,5,0.38095238095238093,1.0,0.23529411764705882,4,17,4,4,0.5385941863059998,0.9305353164672852,0.35
3397,False,choice,1.0,C,A,0.6363636363636364,1.0,0.4666666666666667,7,15,7,7,0.3623863458633423,0.7933601140975952,0.35
3398,False,numeric_mismatch,0.0,50%,20,0.4,1.0,0.25,4,16,4,4,0.5387762784957886,0.8609206676483154,0.35
3399,False,numeric_mismatch,0.0,15,24,0.6666666666666666,1.0,0.5,5,10,5,5,0.37085679173469543,0.7707892656326294,0.35
3400,False,exact,0.3,$	extdollar 1.80$,B,0.3846153846153846,1.0,0.23809523809523808,5,21,5,5,0.3072125315666199,0.8332169055938721,0.35
3401,True,exact,0.7,C) $4.5 	ext{ cents}$,E,0.2857142857142857,1.0,0.16666666666666666,3,18,3,3,0.4885813891887665,0.7904236316680908,0.35
3402,False,numeric_mismatch,0.0,11,13,0.6363636363636364,1.0,0.4666666666666667,7,15,7,7,0.5979342460632324,0.8113428354263306,0.35
3403,True,choice,1.0,E,E,0.41379310344827586,1.0,0.2608695652173913,6,23,6,6,0.29105329513549805,0.5252891182899475,0.35
3404,False,exact,0.3,D) X + W = 1/2(Y + Z),E,0.34782608695652173,1.0,0.21052631578947367,4,19,4,4,0.39101147651672363,0.8796526789665222,0.35
3405,False,exact,1.0,2,D,0.42857142857142855,1.0,0.2727272727272727,6,22,6,6,0.43764248490333557,0.9060779809951782,0.35
3406,True,numeric_rounded,0.9,28,26,0.5,1.0,0.3333333333333333,5,15,5,5,0.455341637134552,0.8261900544166565,0.35
3407,False,exact,0.3,D) \(\frac{5}{9}\),B,0.5,0.3333333333333333,1.0,3,1,1,1,0.4365595281124115,0.5713539719581604,0.35
3408,True,numeric_exact,1.0,30,30,0.5454545454545454,1.0,0.375,6,16,6,6,0.5069189667701721,0.8179725408554077,0.35
3409,True,exact,0.7,D) Trisha,A,0.56,1.0,0.3888888888888889,7,18,7,7,0.4971107244491577,1.000000238418579,0.35
3410,False,numeric_mismatch,0.0,60,40,0.4347826086956522,1.0,0.2777777777777778,5,18,5,5,0.45094650983810425,0.8861439228057861,0.35
3411,False,numeric_mismatch,0.0,16,24,0.923076923076923,1.0,0.8571428571428571,12,14,12,12,0.5456674695014954,0.8993740081787109,0.35
3412,False,numeric_mismatch,0.0,4,6,0.4210526315789473,0.8,0.2857142857142857,5,14,4,4,0.4997968375682831,0.8958609700202942,0.35
3413,False,numeric_mismatch,0.0,3,4,0.2608695652173913,1.0,0.15,3,20,3,3,0.4740019142627716,0.7033711075782776,0.35
3414,False,numeric_mismatch,0.0,10,6,0.33333333333333337,1.0,0.2,4,20,4,4,0.593174397945404,0.816189169883728,0.35
3415,False,numeric_mismatch,0.0,BC = 13 cm,10,0.2608695652173913,1.0,0.15,3,20,3,3,0.38739004731178284,0.8346553444862366,0.35
3416,False,exact,0.3,D) both A and B,C,0.2857142857142857,1.0,0.16666666666666666,3,18,3,3,0.44328075647354126,0.8217063546180725,0.35
3417,True,exact,0.7,D) <image5>,A,0.4210526315789474,1.0,0.26666666666666666,4,15,4,4,0.4346083700656891,0.774665892124176,0.35
3418,True,exact,0.7,B) <image3>,B,0.47619047619047616,1.0,0.3125,5,16,5,5,0.4191776216030121,0.8537132740020752,0.35
3419,True,exact,0.7,insufficient information,C,0.3636363636363636,1.0,0.2222222222222222,6,27,6,6,0.3633219003677368,0.9308575987815857,0.35
3420,False,exact,1.0,22.5,C,0.2727272727272727,1.0,0.15789473684210525,3,19,3,3,0.29688122868537903,0.5797742605209351,0.35
3421,False,numeric_mismatch,0.0,-1,11,0.6666666666666666,1.0,0.5,7,14,7,7,0.5544186234474182,0.8862073421478271,0.35
3422,False,exact,0.3,E) \(\frac{3}{4}\),D,0.2857142857142857,0.75,0.17647058823529413,4,17,3,3,0.3238784074783325,0.6590341329574585,0.35
3423,False,exact,0.3,A) <image2>,D,0.3636363636363636,1.0,0.2222222222222222,4,18,4,4,0.34777823090553284,0.9101824760437012,0.35
3424,False,numeric_mismatch,0.0,5,7.6,0.18181818181818182,1.0,0.1,3,30,3,3,0.3938443064689636,0.6133853197097778,0.35
3425,False,placeholder,0.0,insufficient information,D,0.0,0.0,0.0,0,20,0,0,0.0,0.0,0.0
3426,False,numeric_mismatch,0.0,3,4,0.4444444444444445,1.0,0.2857142857142857,4,14,4,4,0.46359968185424805,0.8045181632041931,0.35
3427,False,placeholder,0.0,insufficient information,17,0.0,0.0,0.0,0,15,0,0,0.0,0.0,0.0
3428,False,numeric_mismatch,0.0,13,9,0.37037037037037035,1.0,0.22727272727272727,5,22,5,5,0.3234226107597351,0.6673153042793274,0.35
3429,True,exact,0.7,E) Evelyn,E,0.33333333333333337,1.0,0.2,4,20,4,4,0.27451372146606445,0.8597553372383118,0.35
3430,False,numeric_mismatch,0.0,129,180,0.38095238095238093,1.0,0.23529411764705882,4,17,4,4,0.46102869510650635,0.8117682933807373,0.35
3431,False,numeric_mismatch,0.0,1,18,0.4444444444444445,1.0,0.2857142857142857,4,14,4,4,0.43442344665527344,0.776548445224762,0.35
3432,False,placeholder,0.0,insufficient information,B,0.0,0.0,0.0,0,21,0,0,0.0,0.0,0.0
3433,True,exact,0.7,B) \frac{1+\sqrt{2}}{2},A,0.8,1.0,0.6666666666666666,8,12,8,8,0.5198245048522949,0.9315240383148193,0.35
3434,False,placeholder,0.0,insufficient information,B,0.0,0.0,0.0,0,16,0,0,0.0,0.0,0.0
3435,False,numeric_mismatch,0.0,15,30,0.4,1.0,0.25,3,12,3,3,0.5950029492378235,0.8441981077194214,0.35
3436,False,numeric_mismatch,0.0,30,20,0.34782608695652173,1.0,0.21052631578947367,4,19,4,4,0.38459643721580505,0.6692905426025391,0.35
3437,True,exact,0.7,E) <image5>,A,0.4,0.8,0.26666666666666666,5,15,4,4,0.30791300535202026,0.7684056758880615,0.35
3438,False,exact,0.3,C) \(\frac{1}{2}\),B,0.6666666666666666,1.0,0.5,10,20,10,10,0.4198586344718933,0.9368284344673157,0.35
3439,False,numeric_mismatch,0.0,11,5.5,0.5882352941176471,1.0,0.4166666666666667,5,12,5,5,0.48188579082489014,0.8079391717910767,0.35
3440,False,numeric_mismatch,0.0,The difference between the largest and smallest numbers possible in the top cell is 18.,26,0.3,1.0,0.17647058823529413,3,17,3,3,0.39888641238212585,0.8593434691429138,0.35
3441,False,numeric_mismatch,0.0,32/3,14,0.6666666666666666,0.8181818181818182,0.5625,11,16,9,9,0.3292873501777649,0.8023602366447449,0.35
3442,True,exact,0.7,E) \(\frac{5}{2}\),E,0.5555555555555556,1.0,0.38461538461538464,5,13,5,5,0.3419552445411682,0.8761080503463745,0.35
3443,False,numeric_mismatch,0.0,9,4.5,0.4347826086956522,1.0,0.2777777777777778,5,18,5,5,0.40464675426483154,0.7101302146911621,0.35
3444,False,exact,0.3,C) III,D,0.38095238095238093,1.0,0.23529411764705882,4,17,4,4,0.472903311252594,0.7727668285369873,0.35
3445,False,exact,1.0,1:1,A,0.47619047619047616,1.0,0.3125,5,16,5,5,0.5156643986701965,0.9016475081443787,0.35
3446,True,exact,0.7,C) 504,C,0.7142857142857143,1.0,0.5555555555555556,10,18,10,10,0.36330193281173706,0.9051097631454468,0.35
3447,True,exact,0.7,E) <image5>,A,0.4347826086956522,1.0,0.2777777777777778,5,18,5,5,0.3576565086841583,0.7993525862693787,0.35
3448,False,exact,0.3,C) 8,B,0.2727272727272727,1.0,0.15789473684210525,3,19,3,3,0.3315293788909912,0.6052184700965881,0.35
3449,False,exact,0.3,C) \(\frac{1}{2}\),B,0.6470588235294117,0.7857142857142857,0.55,14,20,11,11,0.29094409942626953,0.9945403933525085,0.35
3450,True,numeric_exact,1.0,5,5,0.47619047619047616,1.0,0.3125,5,16,5,5,0.5765668153762817,0.9302988648414612,0.35
3451,False,exact,0.3,B) 3:8,D,0.34782608695652173,1.0,0.21052631578947367,4,19,4,4,0.4804035425186157,0.8097532391548157,0.35
3452,True,numeric_rounded,0.9,$75,80,0.5,1.0,0.3333333333333333,5,15,5,5,0.4408765733242035,0.9084586501121521,0.35
3453,False,numeric_mismatch,0.0,6,4,0.5454545454545454,1.0,0.375,6,16,6,6,0.4163772165775299,0.755181610584259,0.35
3454,True,exact,0.7,None of the provided options match the calculated ratio.,D,0.8148148148148148,1.0,0.6875,11,16,11,11,0.3891191780567169,0.8797064423561096,0.35
3455,False,placeholder,0.0,insufficient information,E,0.0,0.0,0.0,0,22,0,0,0.0,0.0,0.0
3456,False,exact,0.3,C) \(\frac{4}{11}\),B,0.2727272727272727,1.0,0.15789473684210525,3,19,3,3,0.34060242772102356,0.9145542979240417,0.35
3457,False,exact,0.3,B) 75,C,0.6399999999999999,1.0,0.47058823529411764,8,17,8,8,0.4037627875804901,0.866507351398468,0.35
3458,True,exact,0.7,C) \(\frac{5}{18}\),C,0.37037037037037035,1.0,0.22727272727272727,5,22,5,5,0.3923405408859253,0.8459132313728333,0.35
3459,False,exact,1.0,44,A,0.7368421052631579,1.0,0.5833333333333334,7,12,7,7,0.3897886276245117,0.905652642250061,0.35
3460,True,numeric_exact,1.0,6,6,0.47058823529411764,1.0,0.3076923076923077,4,13,4,4,0.5223407745361328,0.814086377620697,0.35
3461,True,choice,1.0,B,B,0.45454545454545453,1.0,0.29411764705882354,5,17,5,5,0.4354219436645508,0.6652737855911255,0.35
3462,False,numeric_mismatch,0.0,9,4.5,0.5,1.0,0.3333333333333333,4,12,4,4,0.342800110578537,0.7129663228988647,0.35
3463,True,numeric_rounded,0.85,20,23,0.5263157894736842,1.0,0.35714285714285715,5,14,5,5,0.4678315818309784,0.6732429265975952,0.35
3464,True,exact,0.7,D) \(\frac{9}{16}\),D,0.4210526315789474,1.0,0.26666666666666666,4,15,4,4,0.4385796785354614,0.8039569854736328,0.35
3465,True,exact,0.7,D) \(\frac{7}{9}\),D,0.5555555555555556,1.0,0.38461538461538464,5,13,5,5,0.3052334189414978,0.7189266681671143,0.35
3466,False,numeric_mismatch,0.0,112,64,0.38095238095238093,1.0,0.23529411764705882,4,17,4,4,0.4718455672264099,0.855617880821228,0.35
3467,False,numeric_mismatch,0.0,6,8,0.2666666666666667,1.0,0.15384615384615385,4,26,4,4,0.31969207525253296,0.883965015411377,0.35
3468,False,exact,1.0,6,E,0.43902439024390244,1.0,0.28125,9,32,9,9,0.3639732599258423,0.7384685277938843,0.35
3469,True,numeric_rounded,0.85,60%,70,0.375,1.0,0.23076923076923078,3,13,3,3,0.421029657125473,0.8297564387321472,0.35
3470,False,exact,0.3,C) \(\frac{3}{5}\),D,0.33333333333333337,0.2,1.0,5,1,1,1,0.5466407537460327,0.6351873874664307,0.35
3471,True,exact,0.7,C) 6:π,C,0.4799999999999999,1.0,0.3157894736842105,6,19,6,6,0.4792199730873108,0.9653960466384888,0.35
3472,True,exact,0.7,C) 64 π,C,0.6896551724137931,1.0,0.5263157894736842,10,19,10,10,0.3769615590572357,0.841739296913147,0.35
3473,True,exact,0.7,B) \(\frac{1}{2}\),B,0.4799999999999999,1.0,0.3157894736842105,6,19,6,6,0.42665162682533264,0.8608179092407227,0.35
3474,True,exact,0.7,D) 32:17,D,0.4615384615384615,1.0,0.3,6,20,6,6,0.5425582528114319,0.8639145493507385,0.35
3475,False,exact,1.0,25,C,0.2857142857142857,1.0,0.16666666666666666,4,24,4,4,0.43132564425468445,0.8631628751754761,0.35
3476,False,numeric_mismatch,0.0,4,5,0.8181818181818181,1.0,0.6923076923076923,9,13,9,9,0.4525376558303833,0.9052672982215881,0.35
3477,False,numeric_mismatch,0.0,30,6,0.16666666666666666,0.6666666666666666,0.09523809523809523,3,21,2,2,0.4083644449710846,0.7870851159095764,0.35
3478,False,numeric_mismatch,0.0,30%,20,0.2857142857142857,1.0,0.16666666666666666,4,24,4,4,0.39279985427856445,0.9153749942779541,0.35
3479,False,numeric_mismatch,0.0,4,11,0.375,1.0,0.23076923076923078,3,13,3,3,0.33816152811050415,0.7929152250289917,0.35
3480,False,numeric_mismatch,0.0,Area = 1/2 * (15 + 20) * 12 = 1/2 * 35 * 12 = 210,750,0.47619047619047616,1.0,0.3125,5,16,5,5,0.4256439805030823,0.933134138584137,0.35
3481,False,exact,0.3,π / 2,A,0.5454545454545454,1.0,0.375,6,16,6,6,0.4578152596950531,0.9116297960281372,0.35
3482,False,numeric_mismatch,0.0,X = 1 + 2 + 3 + 4 = 10,5,0.6,0.8571428571428571,0.46153846153846156,7,13,6,6,0.3028527498245239,0.5678293108940125,0.35
3483,False,placeholder,0.0,insufficient information,A,0.0,0.0,0.0,0,17,0,0,0.0,0.0,0.0
3484,True,exact,0.7,B) \(\frac{2}{5}\),C,0.5384615384615384,1.0,0.3684210526315789,7,19,7,7,0.4785226285457611,0.9601839780807495,0.35
3485,False,numeric_mismatch,0.0,12,4,0.2857142857142857,1.0,0.16666666666666666,3,18,3,3,0.40038955211639404,0.7377363443374634,0.35
3486,True,numeric_rounded,0.85,240,280,0.7499999999999999,1.0,0.6,9,15,9,9,0.4302869439125061,0.8404001593589783,0.35
3487,False,numeric_mismatch,0.0,2168,3932,0.47619047619047616,1.0,0.3125,5,16,5,5,0.5975069403648376,0.8301376104354858,0.35
3488,False,numeric_mismatch,0.0,10,7.5,0.4347826086956522,1.0,0.2777777777777778,5,18,5,5,0.49804437160491943,0.8754032254219055,0.35
3489,True,exact,0.7,B) \(\frac{7}{24}\),C,0.3870967741935484,1.0,0.24,6,25,6,6,0.35753121972084045,0.9348414540290833,0.35
3490,False,exact,0.3,B) 240π,A,0.5517241379310345,1.0,0.38095238095238093,8,21,8,8,0.4086717963218689,0.9845338463783264,0.35
3491,False,numeric_mismatch,0.0,110,140,0.6666666666666666,1.0,0.5,9,18,9,9,0.5144239068031311,0.9081724286079407,0.35
3492,False,numeric_mismatch,0.0,9,13,0.3157894736842105,1.0,0.1875,3,16,3,3,0.40607449412345886,0.669641375541687,0.35
3493,False,numeric_mismatch,0.0,60,90,0.4444444444444445,1.0,0.2857142857142857,6,21,6,6,0.3935016691684723,0.8035711050033569,0.35
3494,False,numeric_mismatch,0.0,6,4.0,0.45454545454545453,1.0,0.29411764705882354,5,17,5,5,0.425489217042923,0.7600833773612976,0.35
3495,True,exact,0.7,B) \(\frac{\pi}{10}\),B,0.37837837837837834,1.0,0.23333333333333334,7,30,7,7,0.42921939492225647,0.975089967250824,0.35
3496,False,exact,0.3,C) \(\frac{13}{32}\),D,0.45454545454545453,1.0,0.29411764705882354,5,17,5,5,0.43002238869667053,0.871234118938446,0.35
3497,False,numeric_mismatch,0.0,12,18,0.2727272727272727,1.0,0.15789473684210525,3,19,3,3,0.4837195873260498,0.788663923740387,0.35
3498,False,numeric_mismatch,0.0,49,31,0.7692307692307693,1.0,0.625,10,16,10,10,0.3877023160457611,0.8137255311012268,0.35
3499,True,exact,0.7,A) \frac{1}{6},A,0.5833333333333334,1.0,0.4117647058823529,7,17,7,7,0.3812532424926758,0.9390234351158142,0.35
3500,False,exact,1.0,9,C,0.4166666666666667,1.0,0.2631578947368421,5,19,5,5,0.4212179183959961,0.8909841179847717,0.35
3501,False,exact,1.0,9,C,0.5833333333333334,1.0,0.4117647058823529,7,17,7,7,0.43258848786354065,0.8882168531417847,0.35
3502,False,numeric_mismatch,0.0,6,4,0.4210526315789473,0.8,0.2857142857142857,5,14,4,4,0.2956375777721405,0.7683940529823303,0.35
3503,False,exact,1.0,5,C,0.5517241379310345,0.8,0.42105263157894735,10,19,8,8,0.3053368031978607,0.7903052568435669,0.35
3504,False,placeholder,0.0,insufficient information,B,0.0,0.0,0.0,0,14,0,0,0.0,0.0,0.0
3505,False,numeric_mismatch,0.0,144,120,0.375,1.0,0.23076923076923078,3,13,3,3,0.4996415078639984,0.8849440813064575,0.35
3506,False,numeric_mismatch,0.0,6,24,0.3,0.75,0.1875,4,16,3,3,0.36969107389450073,0.7927963137626648,0.35
3507,True,exact,0.7,D) \(\frac{12}{5}\),D,0.3571428571428571,1.0,0.21739130434782608,5,23,5,5,0.4113314151763916,0.8866856098175049,0.35
3508,False,numeric_mismatch,0.0,63,24,0.4799999999999999,1.0,0.3157894736842105,6,19,6,6,0.3603571951389313,0.7918368577957153,0.35
3509,True,exact,0.7,D) \(\frac{10}{3}\),D,0.4,1.0,0.25,8,32,8,8,0.43920955061912537,0.9199315905570984,0.35
3510,False,exact,0.3,4√3 - π,B,0.5454545454545454,0.9,0.391304347826087,10,23,9,9,0.2935968041419983,0.848007082939148,0.35
3511,False,placeholder,0.0,insufficient information,13,0.0,0.0,0.0,0,20,0,0,0.0,0.0,0.0
3512,True,numeric_rounded,0.9,4.67,4.36,0.4347826086956522,1.0,0.2777777777777778,5,18,5,5,0.5304033160209656,0.8449644446372986,0.35
3513,False,exact,0.3,C) 1/2,D,0.5925925925925926,1.0,0.42105263157894735,8,19,8,8,0.5227177143096924,0.9657557010650635,0.35
3514,False,numeric_mismatch,0.0,2,8,0.3,1.0,0.17647058823529413,3,17,3,3,0.4474114179611206,0.7061246037483215,0.35
3515,True,exact,0.7,C) \(\frac{5}{9}\),A,0.2608695652173913,1.0,0.15,3,20,3,3,0.359193354845047,0.7564811706542969,0.35
3516,False,numeric_mismatch,0.0,90,108,0.29629629629629634,1.0,0.17391304347826086,4,23,4,4,0.41888996958732605,0.7876979112625122,0.35
3517,True,exact,0.7,D) \(\frac{5}{7}\),D,0.2727272727272727,1.0,0.15789473684210525,3,19,3,3,0.4061232805252075,0.9265223741531372,0.35
3518,True,exact,0.7,D) \(\frac{25}{16}\),C,0.37037037037037035,1.0,0.22727272727272727,5,22,5,5,0.30594801902770996,0.8404803276062012,0.35
3519,False,numeric_mismatch,0.0,75,150,0.2758620689655173,1.0,0.16,4,25,4,4,0.5067465901374817,0.9222432971000671,0.35
3520,False,numeric_mismatch,0.0,220.64,120,0.8275862068965517,1.0,0.7058823529411765,12,17,12,12,0.4079437255859375,0.8350159525871277,0.35
3521,False,choice,1.0,C,B,0.4347826086956522,1.0,0.2777777777777778,5,18,5,5,0.47949105501174927,0.7883545160293579,0.35
3522,True,exact,0.7,B) \(\frac{1}{4}\),C,0.3,1.0,0.17647058823529413,3,17,3,3,0.37701544165611267,0.7305107116699219,0.35
3523,True,exact,0.7,The mean increases by 1 and the median increases by 1.,B,0.4666666666666667,1.0,0.30434782608695654,7,23,7,7,0.33846768736839294,0.8490020036697388,0.35
3524,False,exact,1.0,brown,A,0.33333333333333337,1.0,0.2,4,20,4,4,0.346615731716156,0.7922452092170715,0.35
3525,False,numeric_mismatch,0.0,18,30,0.2857142857142857,1.0,0.16666666666666666,4,24,4,4,0.36444535851478577,0.7932417392730713,0.35
3526,False,numeric_mismatch,0.0,31,37,0.5882352941176471,1.0,0.4166666666666667,5,12,5,5,0.7055070400238037,0.8913875818252563,0.35
3527,False,numeric_mismatch,0.0,16,20,0.47619047619047616,1.0,0.3125,5,16,5,5,0.5058209300041199,0.8377506732940674,0.35
3528,True,numeric_exact,1.0,24,24,0.5454545454545454,1.0,0.375,6,16,6,6,0.5418148636817932,0.8922659754753113,0.35
3529,False,exact,0.3,"E) 105{,}000",D,0.4444444444444445,1.0,0.2857142857142857,4,14,4,4,0.37233346700668335,0.8187087178230286,0.35
3530,False,numeric_mismatch,0.0,3,5,0.32,1.0,0.19047619047619047,4,21,4,4,0.36667394638061523,0.7561571598052979,0.35
3531,False,numeric_mismatch,0.0,128,240,0.3448275862068966,1.0,0.20833333333333334,5,24,5,5,0.4429418444633484,0.8850756287574768,0.35
3532,False,numeric_mismatch,0.0,1,28,0.19354838709677416,1.0,0.10714285714285714,3,28,3,3,0.32921838760375977,0.6439415812492371,0.35
3533,False,placeholder,0.0,insufficient information,E,0.0,0.0,0.0,0,20,0,0,0.0,0.0,0.0
3534,False,placeholder,0.0,insufficient information,A,0.0,0.0,0.0,0,21,0,0,0.0,0.0,0.0
3535,False,exact,1.0,x,651,0.5384615384615384,1.0,0.3684210526315789,7,19,7,7,0.36576128005981445,0.800311267375946,0.35
3536,False,numeric_mismatch,0.0,8,10,0.631578947368421,1.0,0.46153846153846156,6,13,6,6,0.43524831533432007,0.8458079695701599,0.35
3537,False,choice,1.0,B,E,0.3157894736842105,1.0,0.1875,3,16,3,3,0.40381816029548645,0.6913293600082397,0.35
3538,False,choice,1.0,D,E,0.3636363636363636,1.0,0.2222222222222222,4,18,4,4,0.40446746349334717,0.9885804057121277,0.35
3539,True,exact,0.7,B) \(\frac{1}{8}\),B,0.5185185185185185,1.0,0.35,7,20,7,7,0.3529936969280243,0.9412726163864136,0.35
3540,False,numeric_mismatch,0.0,1 ounce,3,0.375,1.0,0.23076923076923078,3,13,3,3,0.436993807554245,0.733320951461792,0.35
3541,False,numeric_mismatch,0.0,5,4,0.2758620689655173,1.0,0.16,4,25,4,4,0.4853653013706207,0.7860431671142578,0.35
3542,True,numeric_exact,1.0,8,8,0.2424242424242424,1.0,0.13793103448275862,4,29,4,4,0.30085089802742004,0.6998926401138306,0.35
3543,False,numeric_mismatch,0.0,7.2,9,0.6363636363636364,0.7777777777777778,0.5384615384615384,18,26,14,14,0.3557337522506714,0.8968926668167114,0.35
3544,False,numeric_mismatch,0.0,6,84,0.34782608695652173,1.0,0.21052631578947367,4,19,4,4,0.341898649930954,0.5718182325363159,0.35
3545,False,numeric_mismatch,0.0,Volume = 112,192,0.23076923076923078,1.0,0.13043478260869565,3,23,3,3,0.30668631196022034,0.6938360929489136,0.35
3546,False,choice,1.0,A,E,0.2222222222222222,1.0,0.125,2,16,2,2,0.44406232237815857,0.701037585735321,0.35
3547,False,numeric_mismatch,0.0,2,3,0.4,1.0,0.25,5,20,5,5,0.38503655791282654,0.6969273686408997,0.35
3548,False,numeric_mismatch,0.0,2302,9,0.2857142857142857,1.0,0.16666666666666666,3,18,3,3,0.355665922164917,0.7309014797210693,0.35
3549,False,numeric_mismatch,0.0,4,1,0.25806451612903225,1.0,0.14814814814814814,4,27,4,4,0.3883785009384155,0.8386132121086121,0.35
3550,True,numeric_exact,1.0,8,8,0.34782608695652173,1.0,0.21052631578947367,4,19,4,4,0.4728275537490845,0.8108661770820618,0.35
3551,True,exact,0.7,B) \(\frac{11}{36}\),B,0.25,1.0,0.14285714285714285,3,21,3,3,0.46216580271720886,0.8277096748352051,0.35
3552,False,numeric_mismatch,0.0,The race is 10 miles long.,48,0.3,1.0,0.17647058823529413,3,17,3,3,0.392002135515213,0.89519864320755,0.35
3553,False,exact,0.3,"133 Ps, 134 Qs, 134 Rs",C,0.32,1.0,0.19047619047619047,4,21,4,4,0.33447134494781494,0.7283503413200378,0.35
3554,False,numeric_mismatch,0.0,Face 8,1,0.3157894736842105,1.0,0.1875,3,16,3,3,0.47547125816345215,0.8143634796142578,0.35
3555,False,exact,1.0,4:9,C,0.3636363636363636,1.0,0.2222222222222222,4,18,4,4,0.4457915127277374,0.9185186624526978,0.35
3556,True,exact,0.7,B) \(\frac{1}{256}\),C,0.1904761904761905,1.0,0.10526315789473684,2,19,2,2,0.45856499671936035,0.9533097743988037,0.35
3557,False,exact,0.3,Insufficient information,14.6,0.3846153846153846,0.7142857142857143,0.2631578947368421,7,19,5,5,0.29042673110961914,0.7451624274253845,0.35
3558,False,numeric_mismatch,0.0,6π,$4 \pi$,0.782608695652174,1.0,0.6428571428571429,9,14,9,9,0.49227777123451233,0.8004752993583679,0.35
3559,False,numeric_mismatch,0.0,The area of the polygon AEKS is 1/3 square units.,$5 \sqrt{3}$,0.37037037037037035,1.0,0.22727272727272727,5,22,5,5,0.32230180501937866,0.7149767279624939,0.35
3560,False,numeric_mismatch,0.0,\frac{m}{M} = \frac{1}{3},$\frac{\sqrt{6}}{6}$,0.8421052631578948,0.8888888888888888,0.8,18,20,16,16,0.3623562753200531,0.9769729971885681,0.35
3561,True,numeric_exact,1.0,1,$\frac{1}{3}$,0.35294117647058826,1.0,0.21428571428571427,6,28,6,6,0.31722113490104675,0.7654262185096741,0.35
3562,False,numeric_mismatch,0.0,18,5,0.47619047619047616,1.0,0.3125,5,16,5,5,0.38263505697250366,0.6723697185516357,0.35
3563,False,numeric_mismatch,0.0,50,156,0.3571428571428571,1.0,0.21739130434782608,5,23,5,5,0.38196903467178345,0.659265398979187,0.35
3564,False,numeric_mismatch,0.0,36,3031,0.35714285714285715,0.8333333333333334,0.22727272727272727,6,22,5,5,0.17764316499233246,0.5946063995361328,0.35
3565,False,numeric_mismatch,0.0,1 + 1 + 6 = 8,10,0.4166666666666667,1.0,0.2631578947368421,5,19,5,5,0.43100857734680176,0.9378358125686646,0.35
3566,False,numeric_mismatch,0.0,3/8,19,0.4166666666666667,1.0,0.2631578947368421,5,19,5,5,0.3705688416957855,0.9061524868011475,0.35
3567,False,numeric_mismatch,0.0,9 + 3 + 2 = 14,14,0.5185185185185185,1.0,0.35,7,20,7,7,0.4171602427959442,0.8489112257957458,0.35
3568,True,numeric_rounded,0.85,78,$\frac{90}{23}^{\circ}$,0.7142857142857143,0.9090909090909091,0.5882352941176471,11,17,10,10,0.39138156175613403,0.9146015048027039,0.35
3569,False,numeric_mismatch,0.0,The minimum distance an ant has to walk along the surface of the modified cube to get from A to B is 10 units.,$\sqrt{41}$,0.33333333333333337,0.2,1.0,5,1,1,1,0.5593951344490051,0.7139642238616943,0.35
3570,False,placeholder,0.0,insufficient information,71,0.0,0.0,0.0,0,16,0,0,0.0,0.0,0.0
3571,False,placeholder,0.0,insufficient information,$6 \sqrt{3}+4 \pi$,0.0,0.0,0.0,0,19,0,0,0.0,0.0,0.0
3572,False,numeric_mismatch,0.0,8,6,0.33333333333333337,1.0,0.2,3,15,3,3,0.3943553566932678,0.9360746741294861,0.35
3573,False,numeric_mismatch,0.0,Area of square CALI = 100,180,0.3076923076923077,1.0,0.18181818181818182,4,22,4,4,0.35874468088150024,0.9304845929145813,0.35
3574,False,numeric_mismatch,0.0,1,9,0.7647058823529412,0.9285714285714286,0.65,14,20,13,13,0.4518609941005707,0.9866845607757568,0.35
3575,False,numeric_mismatch,0.0,3*sqrt(3),$6+4\sqrt{3}$,0.45454545454545453,1.0,0.29411764705882354,5,17,5,5,0.45250624418258667,0.9730725288391113,0.35
3576,False,numeric_mismatch,0.0,676,2550,0.2758620689655173,1.0,0.16,4,25,4,4,0.36107903718948364,0.9138583540916443,0.35
3577,False,numeric_mismatch,0.0,√(6),$2\sqrt{2}$,0.42857142857142855,1.0,0.2727272727272727,6,22,6,6,0.3554595708847046,0.6841357946395874,0.35
3578,True,numeric_exact,1.0,3,$3\sqrt{2}$,0.3636363636363636,1.0,0.2222222222222222,4,18,4,4,0.4409625828266144,0.7931389212608337,0.35
3579,False,numeric_mismatch,0.0,The area of triangle ABC is 10 square units.,$\frac{3 \sqrt{6}}{2}$,0.7777777777777778,1.0,0.6363636363636364,7,11,7,7,0.3559124171733856,0.7985682487487793,0.35
3580,False,numeric_mismatch,0.0,10,72,0.3636363636363636,1.0,0.2222222222222222,4,18,4,4,0.4110985994338989,0.7746997475624084,0.35
3581,False,numeric_mismatch,0.0,3,4,0.3,1.0,0.17647058823529413,3,17,3,3,0.5197358131408691,0.8691169619560242,0.35
3582,False,numeric_mismatch,0.0,16,5,0.2608695652173913,1.0,0.15,3,20,3,3,0.33119601011276245,0.6562486290931702,0.35
3583,False,numeric_mismatch,0.0,1,756,0.33333333333333337,1.0,0.2,4,20,4,4,0.2617092728614807,0.6668640971183777,0.35
3584,False,numeric_mismatch,0.0,The minimum weight among all paths in the graph that visit each vertex precisely once is 36.,65,0.6666666666666666,1.0,0.5,5,10,5,5,0.3974360227584839,0.7479932308197021,0.35
3585,False,numeric_mismatch,0.0,24,20,0.4666666666666667,1.0,0.30434782608695654,7,23,7,7,0.3322466313838959,0.780735433101654,0.35
3586,False,numeric_mismatch,0.0,The probability that Ryan is still on a black square after 2017 seconds is 1/3.,$\frac{3^{1008}-1}{3^{1009}}$,0.2857142857142857,1.0,0.16666666666666666,4,24,4,4,0.2799234986305237,0.799233078956604,0.35
3587,False,numeric_mismatch,0.0,130°,170,0.5454545454545454,1.0,0.375,6,16,6,6,0.430578351020813,0.7285764217376709,0.35
3588,False,numeric_mismatch,0.0,6,336,0.3,1.0,0.17647058823529413,3,17,3,3,0.4054950177669525,0.7792574167251587,0.35
3589,False,numeric_mismatch,0.0,1,$\frac{7^3}{2^{12} 13^2}$,0.5517241379310345,1.0,0.38095238095238093,8,21,8,8,0.3540051281452179,0.9059435725212097,0.35
3590,False,numeric_mismatch,0.0,0,$4-2 \sqrt{3}$,0.5517241379310345,1.0,0.38095238095238093,8,21,8,8,0.48589879274368286,0.8764238953590393,0.35
3591,True,numeric_exact,1.0,1,$\frac{1}{60}$,0.5333333333333333,1.0,0.36363636363636365,4,11,4,4,0.4164050817489624,0.8893604278564453,0.35
3592,False,numeric_mismatch,0.0,√(10/7),$\boxed{\frac{16}{7}}$,0.6428571428571429,1.0,0.47368421052631576,9,19,9,9,0.4130602478981018,0.8940461874008179,0.35
3593,False,numeric_mismatch,0.0,894,1290,0.2727272727272727,1.0,0.15789473684210525,3,19,3,3,0.5611288547515869,0.7899742722511292,0.35
3594,False,numeric_mismatch,0.0,The ratio of the area of the region inside O but outside the smaller circles to the total area of the smaller circles is 1/13.,rac{36}{13},0.56,1.0,0.3888888888888889,7,18,7,7,0.46985915303230286,0.9014400243759155,0.35
3595,False,numeric_mismatch,0.0,4,7,0.2727272727272727,1.0,0.15789473684210525,3,19,3,3,0.4196182191371918,0.7939494252204895,0.35
3596,False,numeric_mismatch,0.0,48,12,0.72,1.0,0.5625,9,16,9,9,0.39699843525886536,0.7980838418006897,0.35
3597,False,exact,0.3,The ratio of the total area of all rhombuses to the total area of all squares is constant and does not depend on T.,$\boxed{\frac{121}{180}}$,0.3448275862068966,0.8333333333333334,0.21739130434782608,6,23,5,5,0.3650425374507904,0.8627647757530212,0.35
3598,False,placeholder,0.0,insufficient information,24.2,0.0,0.0,0.0,0,22,0,0,0.0,0.0,0.0
3599,False,numeric_mismatch,0.0,6,90,0.33333333333333337,1.0,0.2,5,25,5,5,0.24821269512176514,0.6948226690292358,0.35
3600,False,numeric_mismatch,0.0,2,6,0.45161290322580644,1.0,0.2916666666666667,7,24,7,7,0.3107587397098541,0.7796860337257385,0.35
3601,False,numeric_mismatch,0.0,14,5,0.7586206896551725,1.0,0.6111111111111112,11,18,11,11,0.3962235152721405,0.8573146462440491,0.35
3602,False,numeric_mismatch,0.0,3,4,0.6060606060606061,1.0,0.43478260869565216,10,23,10,10,0.2945609390735626,0.7844499945640564,0.35
3603,False,placeholder,0.0,insufficient information,$\frac{8}{25}$,0.0,0.0,0.0,0,18,0,0,0.0,0.0,0.0
3604,False,numeric_mismatch,0.0,The sum of all elements of $S$ is 1687.,2499,0.33333333333333337,1.0,0.2,5,25,5,5,0.19949965178966522,0.8797817230224609,0.35
3605,False,numeric_mismatch,0.0,13,39,0.5454545454545454,1.0,0.375,9,24,9,9,0.35163065791130066,0.9185633063316345,0.35
3606,False,numeric_mismatch,0.0,8,10,0.5,1.0,0.3333333333333333,6,18,6,6,0.41564351320266724,0.8630951046943665,0.35
3607,False,numeric_mismatch,0.0,10a + 20b = 10(3) + 20(1) = 30 + 20 = 50,100,0.29629629629629634,1.0,0.17391304347826086,4,23,4,4,0.49767014384269714,0.8999592065811157,0.35
3608,False,numeric_mismatch,0.0,The area of triangle $ABC$ is $\frac{9\sqrt{3}}{4}$.,$\frac{1}{2}+\frac{\sqrt{3}}{3}$,0.56,1.0,0.3888888888888889,7,18,7,7,0.3684927225112915,0.9757185578346252,0.35
3609,False,numeric_mismatch,0.0,16,8,0.5714285714285715,1.0,0.4,4,10,4,4,0.4980216920375824,0.8826360702514648,0.35
3610,False,numeric_mismatch,0.0,12,7/3,0.3157894736842105,1.0,0.1875,3,16,3,3,0.4166983664035797,0.6442825794219971,0.35
3611,False,numeric_mismatch,0.0,13,\frac{25}{7},0.4799999999999999,1.0,0.3157894736842105,6,19,6,6,0.35588526725769043,0.7185125946998596,0.35
3612,False,numeric_mismatch,0.0,64,54,0.625,1.0,0.45454545454545453,5,11,5,5,0.6126357316970825,0.9149673581123352,0.35
3613,False,numeric_mismatch,0.0,The ratio of \(\overline{AB}\) to \(\overline{GH}\) is 2:1.,1+\sqrt{3},0.25806451612903225,1.0,0.14814814814814814,4,27,4,4,0.34921011328697205,0.5990514755249023,0.35
3614,False,numeric_mismatch,0.0,cos(∠CEG) = cos(90° - ∠CAG) = sin(∠CAG),\frac{\sqrt{130}}{13},0.2608695652173913,1.0,0.15,3,20,3,3,0.31211456656455994,0.6261686086654663,0.35
3615,False,exact,0.3,Teddy can take multiple paths to reach Y.,1144,0.21428571428571427,0.42857142857142855,0.14285714285714285,7,21,3,3,0.20582468807697296,0.7746756672859192,0.35
3616,False,numeric_mismatch,0.0,The Primle is 17.,79,0.4,1.0,0.25,5,20,5,5,0.3984072208404541,0.8436464071273804,0.35
3617,False,numeric_mismatch,0.0,24.5,84,0.6666666666666667,0.9,0.5294117647058824,10,17,9,9,0.39681437611579895,0.7945500612258911,0.35
3618,False,numeric_mismatch,0.0,6,9,0.3076923076923077,1.0,0.18181818181818182,4,22,4,4,0.29146263003349304,0.863917350769043,0.35
3619,False,numeric_mismatch,0.0,178.5,525/2,0.6,1.0,0.42857142857142855,15,35,15,15,0.438249796628952,0.8722956776618958,0.35
3620,False,numeric_mismatch,0.0,3,28,0.33333333333333337,0.8333333333333334,0.20833333333333334,6,24,5,5,0.2643517851829529,0.804947555065155,0.35
3621,False,placeholder,0.0,insufficient information,100,0.0,0.0,0.0,0,9,0,0,0.0,0.0,0.0
3622,False,numeric_mismatch,0.0,There are 2^2014 possible values of P.,4,0.5,0.8571428571428571,0.35294117647058826,7,17,6,6,0.321210652589798,0.7997803688049316,0.35
3623,False,numeric_mismatch,0.0,6,60,0.4,0.25,1.0,4,1,1,1,0.516189694404602,0.5762516260147095,0.35
3624,False,numeric_mismatch,0.0,100 / 3,200,0.4444444444444445,1.0,0.2857142857142857,4,14,4,4,0.48808684945106506,0.7674140930175781,0.35
3625,False,numeric_mismatch,0.0,17,59,0.7000000000000001,0.875,0.5833333333333334,8,12,7,7,0.3302074372768402,0.6469371318817139,0.35
3626,False,numeric_mismatch,0.0,32,15,0.4,1.0,0.25,4,16,4,4,0.4142632484436035,0.7277862429618835,0.35
3627,False,placeholder,0.0,insufficient information,14,0.0,0.0,0.0,0,20,0,0,0.0,0.0,0.0
3628,False,numeric_mismatch,0.0,Area = (12 * s^2) / (4 * tan(π/12)),$\frac{5 \sqrt{3}}{6}$,0.4799999999999999,1.0,0.3157894736842105,6,19,6,6,0.3801827132701874,0.7593684196472168,0.35
3629,False,numeric_mismatch,0.0,7,$5+\sqrt{19}$,0.4,1.0,0.25,3,12,3,3,0.32522347569465637,0.7869670987129211,0.35
3630,False,placeholder,0.0,insufficient information,$\pi-\tan ^{-1}\left(\frac{1}{d}\right)$,0.0,0.0,0.0,0,11,0,0,0.0,0.0,0.0
3631,False,numeric_mismatch,0.0,36,$16 \sqrt{3}$,0.47058823529411764,1.0,0.3076923076923077,4,13,4,4,0.43556565046310425,0.8684860467910767,0.35
3632,False,numeric_mismatch,0.0,20,14,0.3157894736842105,1.0,0.1875,3,16,3,3,0.4147038459777832,0.7576949596405029,0.35
3633,False,numeric_mismatch,0.0,10,372,0.38095238095238093,1.0,0.23529411764705882,4,17,4,4,0.2907622456550598,0.7647568583488464,0.35
3634,False,numeric_mismatch,0.0,0,$2(\sqrt{2}-1)$,0.38095238095238093,1.0,0.23529411764705882,4,17,4,4,0.41670098900794983,0.8480499982833862,0.35
3635,False,numeric_mismatch,0.0,1/9,$\frac{2}{21}$,0.4210526315789474,1.0,0.26666666666666666,4,15,4,4,0.4477587342262268,0.8742911219596863,0.35
3636,False,numeric_mismatch,0.0,70,323,0.18181818181818182,1.0,0.1,2,20,2,2,0.33176887035369873,0.7102445363998413,0.35
3637,False,numeric_mismatch,0.0,9π - 18,$\pi-2$,0.4864864864864865,1.0,0.32142857142857145,9,28,9,9,0.352741003036499,0.8330771327018738,0.35
3638,False,numeric_mismatch,0.0,15,297,0.25,1.0,0.14285714285714285,3,21,3,3,0.39939823746681213,0.7790613174438477,0.35
3639,False,placeholder,0.0,insufficient information,$\boxed{\frac{144}{49}}$,0.0,0.0,0.0,0,13,0,0,0.0,0.0,0.0
3640,False,numeric_mismatch,0.0,Area of the trapezoid = 20,55/2,0.45454545454545453,1.0,0.29411764705882354,5,17,5,5,0.371875524520874,0.8350850343704224,0.35
3641,False,numeric_mismatch,0.0,The probability that the line through P with slope 1/2 will pass through both unit squares is 1/4.,$\boxed{\frac{3}{4}}$,0.4444444444444445,1.0,0.2857142857142857,6,21,6,6,0.35055461525917053,0.8532776236534119,0.35
3642,False,numeric_mismatch,0.0,7,81,0.2727272727272727,1.0,0.15789473684210525,3,19,3,3,0.43345242738723755,0.6702532172203064,0.35
3643,False,numeric_mismatch,0.0,7,61,0.2380952380952381,1.0,0.13513513513513514,5,37,5,5,0.2834440767765045,0.7974839806556702,0.35
3644,False,numeric_mismatch,0.0,4,167,0.3157894736842105,1.0,0.1875,3,16,3,3,0.40002021193504333,0.8221028447151184,0.35
3645,False,numeric_mismatch,0.0,8,18,0.3157894736842105,1.0,0.1875,3,16,3,3,0.4939778745174408,0.9198412895202637,0.35
3646,False,numeric_mismatch,0.0,2.828,2.5,0.4166666666666667,1.0,0.2631578947368421,5,19,5,5,0.43702539801597595,0.8587226867675781,0.35
3647,False,placeholder,0.0,insufficient information,30,0.0,0.0,0.0,0,15,0,0,0.0,0.0,0.0
3648,False,numeric_mismatch,0.0,18 degrees,36,0.4799999999999999,1.0,0.3157894736842105,6,19,6,6,0.36402183771133423,0.8264094591140747,0.35
3649,False,numeric_mismatch,0.0,16/100,\frac{4}{25},0.5882352941176471,1.0,0.4166666666666667,5,12,5,5,0.5461608171463013,0.9888549447059631,0.35
3650,False,numeric_mismatch,0.0,6.36,4.14,0.4615384615384615,1.0,0.3,6,20,6,6,0.46606332063674927,0.9072665572166443,0.35
3651,True,numeric_exact,1.0,8,8,0.4347826086956522,1.0,0.2777777777777778,5,18,5,5,0.47101131081581116,0.8095296025276184,0.35
3652,False,numeric_mismatch,0.0,30,40,0.4444444444444445,1.0,0.2857142857142857,4,14,4,4,0.35417112708091736,0.6857163310050964,0.35
3653,False,numeric_mismatch,0.0,7.5,10,0.33333333333333337,1.0,0.2,5,25,5,5,0.3378995656967163,0.7917288541793823,0.35
3654,False,numeric_mismatch,0.0,7,5\sqrt{5},0.14814814814814814,1.0,0.08,2,25,2,2,0.40888258814811707,0.7410189509391785,0.35
3655,False,numeric_mismatch,0.0,2,\frac{9}{5},0.4444444444444445,1.0,0.2857142857142857,6,21,6,6,0.33888450264930725,0.7628335356712341,0.35
3656,False,numeric_mismatch,0.0,The perimeter of the second triangle is 68.,50,0.5714285714285715,1.0,0.4,4,10,4,4,0.4785446226596832,0.6577187776565552,0.35
3657,False,numeric_mismatch,0.0,18,22,0.5384615384615384,1.0,0.3684210526315789,7,19,7,7,0.4343622624874115,0.8655017614364624,0.35
3658,True,numeric_exact,1.0,\frac{4}{5},\frac{4}{5},0.5882352941176471,1.0,0.4166666666666667,5,12,5,5,0.4294716417789459,0.8122376203536987,0.35
3659,True,numeric_rounded,0.85,80,70,0.47619047619047616,1.0,0.3125,5,16,5,5,0.3761809766292572,0.772700309753418,0.35
3660,False,numeric_mismatch,0.0,10,6,0.4,1.0,0.25,5,20,5,5,0.40884411334991455,0.7997627258300781,0.35
3661,False,numeric_mismatch,0.0,192,162,0.4827586206896552,1.0,0.3181818181818182,7,22,7,7,0.3523615598678589,0.8430601954460144,0.35
3662,False,numeric_mismatch,0.0,270,120,0.5625,1.0,0.391304347826087,9,23,9,9,0.49416908621788025,0.8854188919067383,0.35
3663,False,numeric_mismatch,0.0,80,144,0.7741935483870968,1.0,0.631578947368421,12,19,12,12,0.3802313506603241,0.8034963607788086,0.35
3664,True,numeric_exact,1.0,8,8,0.6666666666666666,1.0,0.5,8,16,8,8,0.40981122851371765,0.8060076832771301,0.35
3665,False,numeric_mismatch,0.0,4π + 24,24+4\pi,0.6666666666666666,1.0,0.5,6,12,6,6,0.503682017326355,0.8737161755561829,0.35
3666,False,placeholder,0.0,insufficient information,0,0.0,0.0,0.0,0,21,0,0,0.0,0.0,0.0
3667,True,numeric_exact,1.0,25π,25\pi,0.6666666666666666,1.0,0.5,5,10,5,5,0.4953213036060333,0.9147431254386902,0.35
3668,False,exact,0.3,"To find the length of $HE$, we need to consider the properties of the orthocenter and the altitudes.",\frac{99}{20},0.6666666666666666,1.0,0.5,10,20,10,10,0.37908822298049927,0.7211387753486633,0.35
3669,False,numeric_mismatch,0.0,90,30,0.32258064516129037,1.0,0.19230769230769232,5,26,5,5,0.4074735641479492,0.8143026232719421,0.35
3670,False,numeric_mismatch,0.0,The area of quadrilateral KSEM is 1088 square units.,2040,0.6086956521739131,1.0,0.4375,7,16,7,7,0.4033375084400177,0.9327501654624939,0.35
3671,False,numeric_mismatch,0.0,100.5,62.8,0.7368421052631579,1.0,0.5833333333333334,7,12,7,7,0.4509275555610657,0.7871197462081909,0.35
3672,True,numeric_exact,1.0,80,80,0.6086956521739131,1.0,0.4375,7,16,7,7,0.38944312930107117,0.8115034103393555,0.35
3673,True,numeric_exact,1.0,-2,-2,0.5263157894736842,1.0,0.35714285714285715,5,14,5,5,0.49952784180641174,0.9114874601364136,0.35
3674,False,numeric_mismatch,0.0,6,\frac{40}{9},0.34782608695652173,1.0,0.21052631578947367,4,19,4,4,0.3987719714641571,0.7379910945892334,0.35
3675,False,placeholder,0.0,insufficient information,384,0.0,0.0,0.0,0,21,0,0,0.0,0.0,0.0
3676,True,numeric_exact,1.0,14,14,0.375,1.0,0.23076923076923078,3,13,3,3,0.46160855889320374,0.9508004784584045,0.35
3677,False,numeric_mismatch,0.0,"1, 5",6,0.6923076923076924,1.0,0.5294117647058824,9,17,9,9,0.4102005362510681,0.9271560311317444,0.35
3678,False,placeholder,0.0,insufficient information,22,0.0,0.0,0.0,0,17,0,0,0.0,0.0,0.0
3679,True,numeric_exact,1.0,cos(∠RPS) = 24/25,-\frac{24}{25},0.38095238095238093,1.0,0.23529411764705882,4,17,4,4,0.41995060443878174,0.7584138512611389,0.35
3680,False,numeric_mismatch,0.0,10,6,0.3571428571428571,1.0,0.21739130434782608,5,23,5,5,0.3295823335647583,0.8153613805770874,0.35
3681,True,numeric_rounded,0.85,18,21,0.33333333333333337,1.0,0.2,4,20,4,4,0.35477709770202637,0.7367106676101685,0.35
3682,False,numeric_mismatch,0.0,36,72,0.5714285714285715,0.6666666666666666,0.5,9,12,6,6,0.34237247705459595,0.7809004783630371,0.35
3683,False,numeric_mismatch,0.0,0,\frac{69}{125},0.56,1.0,0.3888888888888889,7,18,7,7,0.5108380317687988,0.8441511988639832,0.35
3684,False,numeric_mismatch,0.0,124,28,0.6,1.0,0.42857142857142855,6,14,6,6,0.42406803369522095,0.812467634677887,0.35
3685,False,numeric_mismatch,0.0,6 + 2√2,4+\sqrt{2},0.5,1.0,0.3333333333333333,6,18,6,6,0.46257492899894714,0.8732268810272217,0.35
3686,False,numeric_mismatch,0.0,72,144,0.6153846153846153,1.0,0.4444444444444444,8,18,8,8,0.39115744829177856,0.9023521542549133,0.35
3687,True,numeric_rounded,0.85,10,9,0.4210526315789474,1.0,0.26666666666666666,4,15,4,4,0.32624751329421997,0.72430020570755,0.35
3688,False,numeric_mismatch,0.0,1 + √2,4\sqrt{2},0.9473684210526316,1.0,0.9,9,10,9,9,0.4741312265396118,0.842025876045227,0.35
3689,False,numeric_mismatch,0.0,60,45^2,0.4347826086956522,1.0,0.2777777777777778,5,18,5,5,0.3696877062320709,0.7704196572303772,0.35
3690,False,numeric_mismatch,0.0,0.5,\frac{1}{2},0.32,1.0,0.19047619047619047,4,21,4,4,0.3826550841331482,0.80866539478302,0.35
3691,True,numeric_exact,1.0,10,10,0.4210526315789474,1.0,0.26666666666666666,4,15,4,4,0.39787304401397705,0.9327824115753174,0.35
3692,False,numeric_mismatch,0.0,32,24,0.5333333333333333,1.0,0.36363636363636365,4,11,4,4,0.43469440937042236,0.7811331748962402,0.35
3693,False,numeric_mismatch,0.0,675π,525\pi,0.4347826086956522,1.0,0.2777777777777778,5,18,5,5,0.46708017587661743,0.8837953209877014,0.35
3694,False,numeric_mismatch,0.0,76,90,0.2857142857142857,1.0,0.16666666666666666,3,18,3,3,0.33619481325149536,0.7235459685325623,0.35
3695,False,numeric_mismatch,0.0,1 + 2√3,12,0.3636363636363636,1.0,0.2222222222222222,4,18,4,4,0.41764867305755615,0.8566353917121887,0.35
3696,False,numeric_mismatch,0.0,140,75,0.6666666666666666,1.0,0.5,9,18,9,9,0.5450478196144104,0.850341260433197,0.35
3697,False,numeric_mismatch,0.0,36,18,0.5,1.0,0.3333333333333333,6,18,6,6,0.3847281038761139,0.9107203483581543,0.35
3698,False,numeric_mismatch,0.0,30,15,0.6666666666666666,1.0,0.5,5,10,5,5,0.3734086751937866,0.7986539602279663,0.35
3699,False,numeric_mismatch,0.0,3,9,0.5,1.0,0.3333333333333333,5,15,5,5,0.44170114398002625,0.8672375679016113,0.35
3700,False,numeric_mismatch,0.0,6,4,0.4444444444444445,1.0,0.2857142857142857,4,14,4,4,0.47742655873298645,0.8613358736038208,0.35
3701,False,placeholder,0.0,insufficient information,1:2,0.0,0.0,0.0,0,19,0,0,0.0,0.0,0.0
3702,False,numeric_mismatch,0.0,54,126,0.5555555555555556,1.0,0.38461538461538464,5,13,5,5,0.5222445130348206,0.8907302618026733,0.35
3703,True,numeric_exact,1.0,10,10,0.6666666666666666,1.0,0.5,7,14,7,7,0.3740529716014862,0.7422335743904114,0.35
3704,False,placeholder,0.0,insufficient information,180,0.0,0.0,0.0,0,14,0,0,0.0,0.0,0.0
3705,False,numeric_mismatch,0.0,8/9,\frac{3}{8},0.782608695652174,1.0,0.6428571428571429,9,14,9,9,0.4853728413581848,0.9176363348960876,0.35
3706,False,numeric_mismatch,0.0,9000 - 2827.43,27000-4500\pi,0.7000000000000001,1.0,0.5384615384615384,7,13,7,7,0.5438706278800964,0.9922909140586853,0.35
3707,False,placeholder,0.0,insufficient information,8\pi,0.0,0.0,0.0,0,17,0,0,0.0,0.0,0.0
3708,False,numeric_mismatch,0.0,3,2\sqrt{3},0.4827586206896552,1.0,0.3181818181818182,7,22,7,7,0.3716834783554077,0.7734639048576355,0.35
3709,True,numeric_rounded,0.9,64,68,0.4615384615384615,1.0,0.3,6,20,6,6,0.5051218271255493,0.9149443507194519,0.35
3710,False,placeholder,0.0,insufficient information,96\sqrt{3},0.0,0.0,0.0,0,16,0,0,0.0,0.0,0.0
3711,False,numeric_mismatch,0.0,96 degrees,69{degrees},0.72,1.0,0.5625,9,16,9,9,0.4746244251728058,0.9492709636688232,0.35
3712,False,numeric_mismatch,0.0,Area of trapezoid BCDE = 144√2,72+72\sqrt{2},0.3,1.0,0.17647058823529413,3,17,3,3,0.4552302956581116,0.7880701422691345,0.35
3713,False,numeric_mismatch,0.0,160,224,0.38095238095238093,1.0,0.23529411764705882,4,17,4,4,0.4199967384338379,0.848143458366394,0.35
3714,False,numeric_mismatch,0.0,12,8,0.33333333333333337,1.0,0.2,5,25,5,5,0.3889755606651306,0.687604546546936,0.35
3715,False,numeric_mismatch,0.0,135 degrees,45,0.6363636363636364,0.875,0.5,8,14,7,7,0.47463899850845337,0.9234554767608643,0.35
3716,False,numeric_mismatch,0.0,30,52,0.5833333333333334,1.0,0.4117647058823529,7,17,7,7,0.461838036775589,0.9374382495880127,0.35
3717,True,numeric_exact,1.0,3/4,\frac{3}{16},0.24000000000000002,1.0,0.13636363636363635,3,22,3,3,0.3786659240722656,0.7002784013748169,0.35
3718,False,numeric_mismatch,0.0,4π,2\pi,0.25,1.0,0.14285714285714285,2,14,2,2,0.5828975439071655,0.8225382566452026,0.35
3719,True,numeric_exact,1.0,"(3, -4)","(3,-4)",0.5,1.0,0.3333333333333333,3,9,3,3,0.5230949521064758,0.9170833826065063,0.35
3720,False,numeric_mismatch,0.0,1/2,\frac{2}{5},0.7368421052631579,1.0,0.5833333333333334,7,12,7,7,0.5899940729141235,0.9757143259048462,0.35
3721,False,numeric_mismatch,0.0,The equation of the circle passing through the vertices of the triangle is x^2 + y^2 - 2x - 6y + 10 = 0.,13,0.2608695652173913,1.0,0.15,3,20,3,3,0.3987791836261749,0.653525710105896,0.35
3722,False,numeric_mismatch,0.0,Area = 1/2 * 12 * 12 = 72,84,0.5263157894736842,1.0,0.35714285714285715,5,14,5,5,0.4310562312602997,0.8256350159645081,0.35
3723,False,numeric_mismatch,0.0,3.7,1.4,0.3636363636363636,1.0,0.2222222222222222,4,18,4,4,0.4280186593532562,0.7654738426208496,0.35
3724,False,numeric_mismatch,0.0,22,40,0.4,1.0,0.25,4,16,4,4,0.39535295963287354,0.7871601581573486,0.35
3725,False,numeric_mismatch,0.0,6,15,0.6363636363636364,1.0,0.4666666666666667,7,15,7,7,0.3576960265636444,0.7379907369613647,0.35
3726,True,numeric_exact,1.0,144,144,0.5833333333333334,0.875,0.4375,8,16,7,7,0.3525252938270569,0.7216373682022095,0.35
3727,False,placeholder,0.0,insufficient information,45,0.0,0.0,0.0,0,26,0,0,0.0,0.0,0.0
3728,True,numeric_exact,1.0,3,3,0.4,1.0,0.25,3,12,3,3,0.45828115940093994,0.7178648710250854,0.35
3729,False,numeric_mismatch,0.0,Total Surface Area = 2πr² + 2πrh,96\pi+120,0.33333333333333337,1.0,0.2,3,15,3,3,0.44199803471565247,0.778454065322876,0.35
3730,False,placeholder,0.0,insufficient information,6\sqrt{2},0.0,0.0,0.0,0,14,0,0,0.0,0.0,0.0
3731,False,placeholder,0.0,insufficient information,72,0.0,0.0,0.0,0,12,0,0,0.0,0.0,0.0
3732,False,numeric_mismatch,0.0,5,\sqrt{34},0.56,0.875,0.4117647058823529,8,17,7,7,0.33940961956977844,0.7686858177185059,0.35
3733,False,numeric_mismatch,0.0,The fraction of the two squares that is shaded is 1/2.,\frac{5}{16},0.2857142857142857,1.0,0.16666666666666666,3,18,3,3,0.4036540389060974,0.74807208776474,0.35
3734,False,numeric_mismatch,0.0,$(9n^2 + 18n + 9 - 2n^2 - 2n) = 7n^2 + 16n + 9$,24,0.6666666666666666,1.0,0.5,8,16,8,8,0.36138299107551575,0.8319058418273926,0.35
3735,True,numeric_exact,1.0,$34,34,0.631578947368421,1.0,0.46153846153846156,6,13,6,6,0.3458763360977173,0.8658055663108826,0.35
3736,False,numeric_mismatch,0.0,30,45,0.5263157894736842,1.0,0.35714285714285715,5,14,5,5,0.4153953790664673,0.8808086514472961,0.35
3737,False,numeric_mismatch,0.0,18,47,0.1904761904761905,1.0,0.10526315789473684,2,19,2,2,0.36364802718162537,0.7070127129554749,0.35
3738,True,numeric_exact,1.0,The ratio of the area of triangle ACE to the area of rectangle ABDE is 1:4.,\frac{1}{2},0.6086956521739131,1.0,0.4375,7,16,7,7,0.4245862364768982,0.8048518300056458,0.35
3739,False,numeric_mismatch,0.0,112,68,0.45454545454545453,1.0,0.29411764705882354,5,17,5,5,0.48362717032432556,0.9642175436019897,0.35
3740,False,numeric_mismatch,0.0,42,84,0.4,1.0,0.25,5,20,5,5,0.44953596591949463,0.780281662940979,0.35
3741,False,numeric_mismatch,0.0,13,\sqrt{22},0.8,0.7692307692307693,0.8333333333333334,13,12,10,10,0.41284090280532837,0.7669994831085205,0.35
3742,True,numeric_exact,1.0,25,\frac{25}{3},0.4,1.0,0.25,5,20,5,5,0.40486088395118713,0.9193857908248901,0.35
3743,False,numeric_mismatch,0.0,111,39,0.4,1.0,0.25,4,16,4,4,0.4208734631538391,0.844276487827301,0.35
3744,False,numeric_mismatch,0.0,0.6,\frac{3}{5},0.38095238095238093,1.0,0.23529411764705882,4,17,4,4,0.4472106993198395,0.7545199394226074,0.35
3745,True,numeric_exact,1.0,45 degrees,45,0.4347826086956522,1.0,0.2777777777777778,5,18,5,5,0.4520624279975891,0.925891637802124,0.35
3746,False,numeric_mismatch,0.0,16√2 + 4,12,0.2727272727272727,1.0,0.15789473684210525,3,19,3,3,0.4503532648086548,0.7728263735771179,0.35
3747,True,numeric_exact,1.0,\frac{\sqrt{21}}{5},\frac{\sqrt{21}}{5},0.4210526315789474,1.0,0.26666666666666666,4,15,4,4,0.4570164680480957,0.7324589490890503,0.35
3748,False,numeric_mismatch,0.0,16,45,0.45454545454545453,1.0,0.29411764705882354,5,17,5,5,0.37485694885253906,0.8036538362503052,0.35
3749,False,numeric_mismatch,0.0,40,55,0.5882352941176471,1.0,0.4166666666666667,5,12,5,5,0.42101219296455383,0.7508953809738159,0.35
3750,False,numeric_mismatch,0.0,0,3,0.7777777777777778,1.0,0.6363636363636364,7,11,7,7,0.3717397451400757,0.6695783734321594,0.35
3751,False,numeric_mismatch,0.0,6,22+12\sqrt{2},0.5217391304347826,1.0,0.35294117647058826,6,17,6,6,0.46565374732017517,0.7911116480827332,0.35
3752,False,numeric_mismatch,0.0,x = √(3),2\sqrt{3}-2,0.4444444444444445,1.0,0.2857142857142857,4,14,4,4,0.36926528811454773,0.7812805771827698,0.35
3753,False,numeric_mismatch,0.0,x = 180°,\frac{360}7,0.35294117647058826,1.0,0.21428571428571427,3,14,3,3,0.4679770767688751,0.8654690384864807,0.35
3754,False,placeholder,0.0,insufficient information,24,0.0,0.0,0.0,0,13,0,0,0.0,0.0,0.0
3755,False,numeric_mismatch,0.0,13,7,0.38095238095238093,1.0,0.23529411764705882,4,17,4,4,0.3685262203216553,0.704775333404541,0.35
3756,False,numeric_mismatch,0.0,The area of the shaded region is 1088 square units.,900\pi,0.6363636363636364,1.0,0.4666666666666667,7,15,7,7,0.4909026026725769,0.7056331634521484,0.35
3757,False,numeric_mismatch,0.0,The area of quadrilateral $AEIF$ is 60.,28,0.5217391304347826,1.0,0.35294117647058826,6,17,6,6,0.40120524168014526,0.7247886657714844,0.35
3758,False,numeric_mismatch,0.0,90,180,0.5,1.0,0.3333333333333333,4,12,4,4,0.4157963693141937,0.829407811164856,0.35
3759,False,numeric_mismatch,0.0,40,120,0.6363636363636364,1.0,0.4666666666666667,7,15,7,7,0.6055615544319153,0.9537068605422974,0.35
3760,False,exact,0.3,Area of the shaded region,4\pi-2\sqrt{3},0.3,1.0,0.17647058823529413,3,17,3,3,0.4841134548187256,0.8488950133323669,0.35
3761,True,numeric_rounded,0.9,27,30,0.33333333333333337,1.0,0.2,4,20,4,4,0.3916211724281311,0.6486978530883789,0.35
3762,False,numeric_mismatch,0.0,-1/8,\frac{11}{7},0.8275862068965517,1.0,0.7058823529411765,12,17,12,12,0.40377211570739746,0.8315803408622742,0.35
3763,True,numeric_rounded,0.85,78,90,0.3,1.0,0.17647058823529413,3,17,3,3,0.38170570135116577,0.762187123298645,0.35
3764,False,numeric_mismatch,0.0,64π - 64,8\pi-16,0.72,1.0,0.5625,9,16,9,9,0.5002518892288208,0.8660440444946289,0.35
3765,False,exact,1.0,64π,\pi,0.6153846153846153,1.0,0.4444444444444444,8,18,8,8,0.3955831527709961,0.8872561454772949,0.35
3766,False,numeric_mismatch,0.0,6,4,0.33333333333333337,1.0,0.2,4,20,4,4,0.3894267976284027,0.6984820365905762,0.35
3767,False,numeric_mismatch,0.0,6*sqrt(3),3\sqrt{3},0.4,1.0,0.25,5,20,5,5,0.4414154291152954,0.8017809987068176,0.35
3768,False,placeholder,0.0,insufficient information,256\pi,0.0,0.0,0.0,0,17,0,0,0.0,0.0,0.0
3769,False,numeric_mismatch,0.0,Area = 1/2 * (96 + 32) * 24 = 1536,2304,0.4,1.0,0.25,4,16,4,4,0.4057725667953491,0.7861761450767517,0.35
3770,False,numeric_mismatch,0.0,35,145,0.4444444444444445,1.0,0.2857142857142857,4,14,4,4,0.39405199885368347,0.7814028263092041,0.35
3771,False,numeric_mismatch,0.0,4√3,8\sqrt{3}{squareinches},0.6666666666666666,1.0,0.5,7,14,7,7,0.4347762167453766,0.7829332947731018,0.35
3772,False,placeholder,0.0,insufficient information,\frac{3}{4}\pi{inches},0.0,0.0,0.0,0,18,0,0,0.0,0.0,0.0
3773,False,placeholder,0.0,insufficient information,48\pi,0.0,0.0,0.0,0,18,0,0,0.0,0.0,0.0
3774,False,numeric_mismatch,0.0,24,8,0.34782608695652173,1.0,0.21052631578947367,4,19,4,4,0.37479692697525024,0.7887040376663208,0.35
3775,False,numeric_mismatch,0.0,384,\frac{224\sqrt{3}}{3},0.21428571428571425,1.0,0.12,3,25,3,3,0.2527977228164673,0.6036074161529541,0.35
3776,False,numeric_mismatch,0.0,50,35,0.33333333333333337,1.0,0.2,4,20,4,4,0.4530779719352722,0.8132033348083496,0.35
3777,True,numeric_exact,1.0,4/3,\frac{4}{3},0.5555555555555556,1.0,0.38461538461538464,5,13,5,5,0.5067763924598694,0.9756561517715454,0.35
3778,False,numeric_mismatch,0.0,40,11.5,0.38095238095238093,1.0,0.23529411764705882,8,34,8,8,0.37848925590515137,0.8117174506187439,0.35
3779,False,numeric_mismatch,0.0,60%,75,0.4166666666666667,1.0,0.2631578947368421,5,19,5,5,0.3330661654472351,0.8418552875518799,0.35
3780,False,numeric_mismatch,0.0,3.9,1.3,0.4347826086956522,1.0,0.2777777777777778,5,18,5,5,0.3968614339828491,0.9147324562072754,0.35
3781,False,numeric_mismatch,0.0,60,160,0.2926829268292683,1.0,0.17142857142857143,6,35,6,6,0.34942248463630676,0.8809327483177185,0.35
3782,False,numeric_mismatch,0.0,148,81,0.3636363636363636,1.0,0.2222222222222222,4,18,4,4,0.4600551426410675,0.8793438673019409,0.35
3783,False,numeric_mismatch,0.0,55,90,0.7000000000000001,0.9333333333333333,0.56,15,25,14,14,0.40973323583602905,0.9055933952331543,0.35
3784,False,numeric_mismatch,0.0,36,54,0.375,1.0,0.23076923076923078,3,13,3,3,0.37960177659988403,0.7169515490531921,0.35
3785,False,numeric_mismatch,0.0,k = 4,7,0.3636363636363636,1.0,0.2222222222222222,4,18,4,4,0.36991676688194275,0.6754428148269653,0.35
3786,False,placeholder,0.0,insufficient information,15,0.0,0.0,0.0,0,20,0,0,0.0,0.0,0.0
3787,True,numeric_exact,1.0,1:2,\frac{1}{3},0.47619047619047616,1.0,0.3125,5,16,5,5,0.4350524842739105,0.8339016437530518,0.35
3788,False,numeric_mismatch,0.0,Area of triangle OBC = 9,\frac{21}{8},0.4444444444444445,1.0,0.2857142857142857,6,21,6,6,0.4380040764808655,0.7995315194129944,0.35
3789,False,numeric_mismatch,0.0,30,\frac{40}{3},0.32,1.0,0.19047619047619047,4,21,4,4,0.46693897247314453,0.9228545427322388,0.35
3790,False,numeric_mismatch,0.0,12,24,0.4444444444444445,1.0,0.2857142857142857,4,14,4,4,0.36788269877433777,0.7698901891708374,0.35
3791,False,numeric_mismatch,0.0,"79,000",17700,0.5714285714285715,1.0,0.4,6,15,6,6,0.39766666293144226,0.8717679977416992,0.35
3792,False,numeric_mismatch,0.0,4/5,\frac{3}{4},0.47619047619047616,1.0,0.3125,5,16,5,5,0.4191412031650543,0.78675377368927,0.35
3793,False,numeric_mismatch,0.0,105,30,0.5454545454545454,1.0,0.375,6,16,6,6,0.4757991135120392,0.854127824306488,0.35
3794,False,placeholder,0.0,insufficient information,18,0.0,0.0,0.0,0,19,0,0,0.0,0.0,0.0
3795,False,numeric_mismatch,0.0,40,70,0.56,1.0,0.3888888888888889,7,18,7,7,0.4153825342655182,0.7571797370910645,0.35
3796,False,numeric_mismatch,0.0,80,50,0.7368421052631579,1.0,0.5833333333333334,7,12,7,7,0.4606364667415619,0.9447245001792908,0.35
3797,False,numeric_mismatch,0.0,90,54,0.47058823529411764,1.0,0.3076923076923077,4,13,4,4,0.4041506350040436,0.6493719220161438,0.35
3798,False,numeric_mismatch,0.0,35,70,0.7000000000000001,1.0,0.5384615384615384,7,13,7,7,0.4870092272758484,0.8185033798217773,0.35
3799,False,numeric_mismatch,0.0,100,140,0.6399999999999999,1.0,0.47058823529411764,8,17,8,8,0.4195939302444458,0.7729485630989075,0.35
3800,False,exact,1.0,π,8-2\pi,0.45454545454545453,1.0,0.29411764705882354,5,17,5,5,0.49617964029312134,0.7961796522140503,0.35
3801,False,numeric_mismatch,0.0,96,54,0.47619047619047616,1.0,0.3125,5,16,5,5,0.4521180987358093,0.7878381013870239,0.35
3802,False,numeric_mismatch,0.0,34,1250\pi,0.33333333333333337,1.0,0.2,4,20,4,4,0.47093114256858826,0.7460477352142334,0.35
3803,True,numeric_exact,1.0,5,5,0.5555555555555556,1.0,0.38461538461538464,5,13,5,5,0.40748441219329834,0.896787166595459,0.35
3804,False,numeric_mismatch,0.0,16000,55,0.48484848484848486,1.0,0.32,8,25,8,8,0.39542388916015625,0.9445558786392212,0.35
3805,True,numeric_exact,1.0,B) how steady a parachute with a 1 m vent was at 200 km per hour,how steady a parachute with a 1 m vent was at 200 km per hour,0.5333333333333333,1.0,0.36363636363636365,4,11,4,4,0.34370094537734985,0.6449691653251648,0.35
3806,True,exact,0.7,B) New Hampshire,New Hampshire,0.4,1.0,0.25,3,12,3,3,0.3614744544029236,0.7207464575767517,0.35
3807,True,exact,1.0,mushroom,mushroom,0.5,1.0,0.3333333333333333,5,15,5,5,0.4986185133457184,0.889616072177887,0.35
3808,True,numeric_exact,1.0,B) 4:0,4:0,0.5000000000000001,0.8,0.36363636363636365,5,11,4,4,0.3680230677127838,0.8289333581924438,0.35
3809,True,exact,1.0,opaque,opaque,0.25,0.5,0.16666666666666666,4,12,2,2,0.17775456607341766,0.5982072353363037,0.35
3810,True,numeric_exact,1.0,The magnitude of the magnetic force is smaller in Pair 2.,The magnitude of the magnetic force is smaller in Pair 2.,0.8,1.0,0.6666666666666666,4,6,4,4,0.5509151816368103,0.8645430207252502,0.35
3811,True,exact,0.7,D) Cheyenne,Cheyenne,0.36363636363636365,0.6666666666666666,0.25,3,8,2,2,0.3560909032821655,0.7403274774551392,0.35
3812,True,yes_no,1.0,false,false,0.42857142857142855,1.0,0.2727272727272727,3,11,3,3,0.5064281821250916,0.8028600811958313,0.35
3813,True,exact,0.7,A) copepod,copepod,0.6153846153846153,1.0,0.4444444444444444,4,9,4,4,0.3727876543998718,0.7514127492904663,0.35
3814,True,numeric_exact,1.0,B) The magnetic force is stronger in Pair 1.,The magnetic force is stronger in Pair 1.,0.8,1.0,0.6666666666666666,4,6,4,4,0.5873842239379883,0.8705129623413086,0.35
3815,True,exact,1.0,It has year-round rain. It also has soil that is poor in nutrients.,It has year-round rain. It also has soil that is poor in nutrients.,0.7142857142857143,1.0,0.5555555555555556,5,9,5,5,0.41809922456741333,0.8594455122947693,0.35
3816,True,exact,0.7,C) Dover,Dover,0.4,1.0,0.25,2,8,2,2,0.49548226594924927,0.824447512626648,0.35
3817,True,exact,1.0,Maine,Maine,0.6153846153846153,1.0,0.4444444444444444,4,9,4,4,0.4366234540939331,0.7638774514198303,0.35
3818,True,exact,0.7,D) Greta can trade her tomatoes for Allie's broccoli.,Greta can trade her tomatoes for Allie's broccoli.,0.5,0.4444444444444444,0.5714285714285714,9,7,4,4,0.31403613090515137,0.8803064823150635,0.35
3819,True,exact,0.7,D) Denver,Denver,0.4444444444444444,0.6666666666666666,0.3333333333333333,3,6,2,2,0.3106551766395569,0.5261783003807068,0.35
3820,True,exact,0.7,D) Asia,Asia,0.3636363636363636,1.0,0.2222222222222222,2,9,2,2,0.5412518978118896,0.7567987442016602,0.35
3821,False,exact,0.3,Do cardinals eat more seeds per visit from feeders containing sunflower seeds compared to feeders containing flax seeds?,Do cardinals visit feeders containing sunflower seeds more often than feeders containing flax seeds?,0.4210526315789474,1.0,0.26666666666666666,4,15,4,4,0.3220618963241577,0.7289246320724487,0.35
3822,True,exact,1.0,brick,brick,0.5555555555555556,0.8333333333333334,0.4166666666666667,6,12,5,5,0.3209218978881836,0.7006644010543823,0.35
3823,True,exact,0.7,B) ostrich,ostrich,0.5,1.0,0.3333333333333333,3,9,3,3,0.4173216223716736,0.6771966218948364,0.35
3824,True,exact,1.0,blue,blue,0.26666666666666666,0.6666666666666666,0.16666666666666666,3,12,2,2,0.1899951845407486,0.5063799023628235,0.35
3825,True,exact,1.0,the number of days until a seed germinated,the number of days until a seed germinated,0.6666666666666666,1.0,0.5,3,6,3,3,0.3818836510181427,1.0,0.35
3826,True,exact,0.7,B) Jackson,Jackson,0.30769230769230765,0.6666666666666666,0.2,3,10,2,2,0.33489009737968445,0.8991213440895081,0.35
3827,True,exact,1.0,stretchy,stretchy,0.26666666666666666,0.6666666666666666,0.16666666666666666,3,12,2,2,0.2298050969839096,0.565306544303894,0.35
3828,True,yes_no,1.0,yes,yes,0.47058823529411764,1.0,0.3076923076923077,4,13,4,4,0.43202993273735046,0.9284839034080505,0.35
3829,False,numeric_mismatch,0.0,A) 3:1,4:0,0.5333333333333333,1.0,0.36363636363636365,4,11,4,4,0.4097648859024048,0.6868976354598999,0.35
3830,True,exact,1.0,which design would have the greatest distance between the concert area and the road,which design would have the greatest distance between the concert area and the road,0.5,0.75,0.375,4,8,3,3,0.37750130891799927,0.8809356093406677,0.35
3831,False,exact,1.0,attract,repel,0.6,1.0,0.42857142857142855,3,7,3,3,0.5281925201416016,0.8353749513626099,0.35
3832,True,exact,0.7,A) Hartford,Hartford,0.4,1.0,0.25,2,8,2,2,0.4832267165184021,0.7514744400978088,0.35
3833,False,exact,0.3,D) the Southern Ocean,the Indian Ocean,0.375,1.0,0.23076923076923078,3,13,3,3,0.469015896320343,0.7768020033836365,0.35
3834,True,exact,0.7,B) It has many different types of organisms.,It has many different types of organisms.,0.5,1.0,0.3333333333333333,3,9,3,3,0.35146084427833557,0.6495712995529175,0.35
3835,True,exact,1.0,fragile,fragile,0.5263157894736842,1.0,0.35714285714285715,5,14,5,5,0.2683568596839905,0.7856038808822632,0.35
3836,True,exact,0.7,C) bromine,bromine,0.625,0.8333333333333334,0.5,6,10,5,5,0.3804011046886444,0.8159757852554321,0.35
3837,False,exact,0.3,A) Balearica pavonina,Pelecanus rufescens,0.4615384615384615,0.5,0.42857142857142855,6,7,3,3,0.3493039608001709,0.8461955785751343,0.35
3838,True,exact,0.7,B) Bismarck,Bismarck,0.3636363636363636,1.0,0.2222222222222222,2,9,2,2,0.3959874212741852,0.5830153822898865,0.35
3839,True,exact,1.0,Do cardinals visit feeders containing sunflower seeds more often than feeders containing flax seeds?,Do cardinals visit feeders containing sunflower seeds more often than feeders containing flax seeds?,0.7142857142857143,1.0,0.5555555555555556,5,9,5,5,0.3139103651046753,0.7239503264427185,0.35
3840,True,exact,0.7,C) Boston,Boston,0.5333333333333333,1.0,0.36363636363636365,4,11,4,4,0.3935094177722931,0.8110134601593018,0.35
3841,True,exact,1.0,short-tailed weasel,short-tailed weasel,0.5714285714285715,1.0,0.4,4,10,4,4,0.4104270040988922,0.7743207216262817,0.35
3842,True,exact,0.7,B) Ardea herodias,Ardea herodias,0.8571428571428571,1.0,0.75,6,8,6,6,0.48539912700653076,0.9848095774650574,0.35
3843,False,exact,0.3,D) Saint Vincent and the Grenadines,Saint Lucia,0.35294117647058826,1.0,0.21428571428571427,3,14,3,3,0.47167786955833435,0.9999997019767761,0.35
3844,True,exact,1.0,attract,attract,0.5,1.0,0.3333333333333333,3,9,3,3,0.5444573163986206,0.8061902523040771,0.35
3845,True,yes_no,1.0,no,no,0.4444444444444445,0.4,0.5,5,4,2,2,0.2734619975090027,0.6192687749862671,0.35
3846,False,exact,1.0,climate,weather,0.36363636363636365,0.5,0.2857142857142857,4,7,2,2,0.2879408001899719,0.5842905640602112,0.35
3847,True,exact,0.7,D) Nauru,Nauru,0.4615384615384615,1.0,0.3,3,10,3,3,0.4183797240257263,0.7676329612731934,0.35
3848,True,exact,0.7,pathos,pathos (emotion),0.6666666666666666,1.0,0.5,3,6,3,3,0.23483037948608398,0.6010932326316833,0.35
3849,True,exact,0.7,B) Surinam horned frog,Surinam horned frog,0.8333333333333333,1.0,0.7142857142857143,5,7,5,5,0.45520564913749695,0.9050623178482056,0.35
3850,False,exact,0.3,Does fabric turn darker when soaked in a mixture of black dye and water for 15 minutes compared to 30 minutes?,Does linen fabric turn darker than cotton fabric when soaked in a mixture of black dye and water?,0.5882352941176471,1.0,0.4166666666666667,5,12,5,5,0.412678986787796,0.6747696995735168,0.35
3851,False,numeric_mismatch,0.0,The magnetic force is stronger in Pair 1.,The magnetic force is stronger in Pair 2.,0.375,1.0,0.23076923076923078,3,13,3,3,0.6800675988197327,0.9479248523712158,0.35
3852,True,exact,0.7,A) Olympia,Olympia,0.4,1.0,0.25,2,8,2,2,0.4530878961086273,0.8039535880088806,0.35
3853,False,exact,0.3,Solution A,neither; their concentrations are the same,0.7499999999999999,1.0,0.6,3,5,3,3,0.518962562084198,0.9022250175476074,0.35
3854,True,exact,0.7,B) Argema mittrei,Argema mittrei,0.30769230769230765,0.6666666666666666,0.2,3,10,2,2,0.27151253819465637,0.5948478579521179,0.35
3855,True,exact,1.0,smooth,smooth,0.37499999999999994,0.6,0.2727272727272727,5,11,3,3,0.2517816722393036,0.5780807137489319,0.35
3856,True,exact,1.0,Asia,Asia,0.2666666666666667,1.0,0.15384615384615385,2,13,2,2,0.5835921764373779,0.8766602277755737,0.35
3857,True,exact,0.7,D) New Hampshire,New Hampshire,0.4,1.0,0.25,4,16,4,4,0.40176260471343994,0.7757664918899536,0.35
3858,True,exact,0.7,C) The magnitude of the magnetic force is the same in both pairs.,The magnitude of the magnetic force is the same in both pairs.,0.5714285714285715,1.0,0.4,4,10,4,4,0.4622122347354889,0.8379933834075928,0.35
3859,True,exact,0.7,B) Eurasian spoonbill,Eurasian spoonbill,0.6666666666666666,1.0,0.5,5,10,5,5,0.44877758622169495,0.8965980410575867,0.35
3860,True,exact,0.7,Sandstone,Sandstone forms from layers of sand.,0.6666666666666666,1.0,0.5,4,8,4,4,0.5285344123840332,0.905160129070282,0.35
3861,False,exact,0.3,away from Coco,toward Coco,0.4615384615384615,1.0,0.3,3,10,3,3,0.35030844807624817,0.8424117565155029,0.35
3862,True,exact,0.7,C) Honolulu,Honolulu,0.2,0.3333333333333333,0.14285714285714285,3,7,1,1,0.26330602169036865,0.4496314823627472,0.35
3863,True,exact,0.7,C) Olympia,Olympia,0.6153846153846153,1.0,0.4444444444444444,4,9,4,4,0.4137309491634369,0.9369633793830872,0.35
3864,False,numeric_mismatch,0.0,B) 2/4,4/4,0.4615384615384615,1.0,0.3,3,10,3,3,0.3881932199001312,0.7291622161865234,0.35
3865,True,exact,0.7,B) Oklahoma City,Oklahoma City,0.42857142857142855,1.0,0.2727272727272727,3,11,3,3,0.49184268712997437,0.8831203579902649,0.35
3866,True,numeric_exact,1.0,Do ping pong balls travel farther when launched from a 30° angle compared to a 45° angle?,Do ping pong balls travel farther when launched from a 30° angle compared to a 45° angle?,0.5,1.0,0.3333333333333333,4,12,4,4,0.4269961416721344,0.8705124855041504,0.35
3867,True,exact,1.0,an elementary substance,an elementary substance,0.375,1.0,0.23076923076923078,3,13,3,3,0.549378514289856,0.9283605813980103,0.35
3868,True,exact,0.7,B) South Carolina,South Carolina,0.5454545454545454,1.0,0.375,3,8,3,3,0.45671892166137695,0.83747798204422,0.35
3869,True,exact,0.7,C) Topeka,Topeka,0.6,1.0,0.42857142857142855,3,7,3,3,0.4541974365711212,0.9084138870239258,0.35
3870,True,exact,1.0,Africa,Africa,0.4615384615384615,1.0,0.3,3,10,3,3,0.5120090246200562,0.812016487121582,0.35
3871,True,exact,1.0,Does Linda's snowboard slide down a hill in less time when it has a layer of wax or when it does not have a layer of wax?,Does Linda's snowboard slide down a hill in less time when it has a layer of wax or when it does not have a layer of wax?,0.2857142857142857,0.6,0.1875,5,16,3,3,0.18835099041461945,0.668851375579834,0.35
3872,True,exact,0.7,C) Carson City,Carson City,0.5454545454545454,1.0,0.375,3,8,3,3,0.4008444845676422,0.8998609781265259,0.35
3873,True,exact,0.7,B) Maryland,Maryland,0.42857142857142855,1.0,0.2727272727272727,3,11,3,3,0.5036666393280029,0.8681731820106506,0.35
3874,True,exact,0.7,B) Santa Fe,Santa Fe,0.36363636363636365,0.6666666666666666,0.25,3,8,2,2,0.2978697121143341,0.5065075755119324,0.35
3875,True,exact,0.7,C) South America,South America,0.33333333333333337,1.0,0.2,3,15,3,3,0.48766589164733887,0.8471495509147644,0.35
3876,False,exact,1.0,attract,repel,0.6666666666666666,1.0,0.5,3,6,3,3,0.49200084805488586,0.7820756435394287,0.35
3877,True,exact,1.0,three-toed sloth,three-toed sloth,0.6666666666666666,1.0,0.5,4,8,4,4,0.4110642671585083,0.9040712118148804,0.35
3878,True,exact,1.0,parasitic,parasitic,0.5555555555555556,1.0,0.38461538461538464,5,13,5,5,0.40252649784088135,0.8418052196502686,0.35
3879,True,exact,0.7,B) Sacramento,Sacramento,0.5,0.5,0.5,4,4,2,2,0.3486717939376831,0.8477596640586853,0.35
3880,True,exact,1.0,sticky,sticky,0.42857142857142855,1.0,0.2727272727272727,3,11,3,3,0.35031282901763916,0.6194933652877808,0.35
3881,True,exact,0.7,B) bat star,bat star,0.375,1.0,0.23076923076923078,3,13,3,3,0.4249328672885895,0.7689542770385742,0.35
3882,True,exact,1.0,rock,rock,0.3157894736842105,1.0,0.1875,3,16,3,3,0.5268232822418213,0.8385403752326965,0.35
3883,True,exact,1.0,a compound,a compound,0.47058823529411764,1.0,0.3076923076923077,4,13,4,4,0.5474323034286499,0.8554558157920837,0.35
3884,True,exact,0.7,C) Providence,Providence,0.6666666666666666,1.0,0.5,4,8,4,4,0.49464860558509827,0.8214812278747559,0.35
3885,True,exact,1.0,Gavia immer,Gavia immer,0.23529411764705882,0.5,0.15384615384615385,4,13,2,2,0.28667545318603516,0.8253793716430664,0.35
3886,False,exact,1.0,Florida,Oregon,0.5,1.0,0.3333333333333333,3,9,3,3,0.46967849135398865,0.8207529187202454,0.35
3887,True,exact,1.0,yellow,yellow,0.35294117647058826,1.0,0.21428571428571427,3,14,3,3,0.2077920287847519,0.5249142050743103,0.35
3888,True,exact,1.0,It has many evergreen trees.,It has many evergreen trees.,0.4615384615384615,1.0,0.3,3,10,3,3,0.42622220516204834,0.7380674481391907,0.35
3889,True,exact,0.7,A) mushroom,mushroom,0.5333333333333333,1.0,0.36363636363636365,4,11,4,4,0.5141673684120178,0.8529996275901794,0.35
3890,False,exact,1.0,attract,repel,0.5454545454545454,1.0,0.375,3,8,3,3,0.42376336455345154,0.6542004942893982,0.35
3891,True,exact,0.7,C) New York,New York,0.39999999999999997,0.75,0.2727272727272727,4,11,3,3,0.27250936627388,0.6184210777282715,0.35
3892,True,exact,0.7,A) barn swallow,barn swallow,0.625,1.0,0.45454545454545453,5,11,5,5,0.4146178960800171,0.7946141362190247,0.35
3893,True,exact,0.7,B) sample A,sample A,0.4444444444444445,1.0,0.2857142857142857,4,14,4,4,0.4924333393573761,0.9718905687332153,0.35
3894,True,exact,0.7,D) Hartford,Hartford,0.3636363636363636,1.0,0.2222222222222222,2,9,2,2,0.48833662271499634,0.7711166143417358,0.35
3895,True,exact,0.7,D) Columbus,Columbus,0.375,1.0,0.23076923076923078,3,13,3,3,0.380361944437027,0.7395842671394348,0.35
3896,True,exact,1.0,rock,rock,0.4,1.0,0.25,3,12,3,3,0.5669007897377014,0.8792294263839722,0.35
3897,True,exact,0.7,B) Some of the grass on the ground is burning.,Some of the grass on the ground is burning.,0.42857142857142855,1.0,0.2727272727272727,3,11,3,3,0.5317631959915161,0.9336890578269958,0.35
3898,True,exact,0.7,B) Austen can trade his tomatoes for Naomi's broccoli.,Austen can trade his tomatoes for Naomi's broccoli.,0.5333333333333333,1.0,0.36363636363636365,4,11,4,4,0.49785709381103516,0.8085426092147827,0.35
3899,True,exact,1.0,attract,attract,0.8,1.0,0.6666666666666666,4,6,4,4,0.44549861550331116,0.8466805219650269,0.35
3900,False,exact,0.3,collared lemming,mushroom,0.75,0.6666666666666666,0.8571428571428571,9,7,6,6,0.35488995909690857,0.5149666666984558,0.35
3901,True,exact,0.7,B) Solution B,Solution B,0.33333333333333337,1.0,0.2,3,15,3,3,0.5143629312515259,0.9674063324928284,0.35
3902,True,exact,1.0,Do steel nails take fewer days to rust in water compared to vinegar?,Do steel nails take fewer days to rust in water compared to vinegar?,0.4,0.8,0.26666666666666666,5,15,4,4,0.283997118473053,0.7513217329978943,0.35
3903,True,exact,1.0,weather,weather,0.5,1.0,0.3333333333333333,4,12,4,4,0.3595217168331146,0.7614909410476685,0.35
3904,False,exact,0.3,D) the Dominican Republic,Haiti,0.5,1.0,0.3333333333333333,3,9,3,3,0.4484446942806244,0.7208102345466614,0.35
3905,False,exact,0.3,neither; the samples have the same temperature,sample B,0.6666666666666666,1.0,0.5,5,10,5,5,0.4377411901950836,0.7554832696914673,0.35
3906,True,exact,1.0,neither; their concentrations are the same,neither; their concentrations are the same,0.6153846153846153,1.0,0.4444444444444444,4,9,4,4,0.528911828994751,0.9936290979385376,0.35
3907,True,exact,0.7,A) Pennsylvania,Pennsylvania,0.42857142857142855,1.0,0.2727272727272727,3,11,3,3,0.441018670797348,0.8098867535591125,0.35
3908,True,exact,0.7,C) Honolulu,Honolulu,0.6666666666666666,1.0,0.5,3,6,3,3,0.29406458139419556,0.5673679709434509,0.35
3909,True,exact,1.0,It eats another living thing.,It eats another living thing.,0.5,1.0,0.3333333333333333,4,12,4,4,0.5245644450187683,0.9189823865890503,0.35
3910,True,exact,0.7,B) Frankfort,Frankfort,0.5,0.75,0.375,4,8,3,3,0.37394070625305176,0.7308921813964844,0.35
3911,True,yes_no,1.0,yes,yes,0.888888888888889,1.0,0.8,4,5,4,4,0.37957942485809326,0.829741358757019,0.35
3912,True,exact,0.7,A) brown tree frog,brown tree frog,0.5000000000000001,0.8,0.36363636363636365,5,11,4,4,0.375041127204895,0.626044511795044,0.35
3913,True,exact,1.0,an elementary substance,an elementary substance,0.3529411764705882,0.75,0.23076923076923078,4,13,3,3,0.36552220582962036,0.8486860394477844,0.35
3914,True,exact,0.7,C) how long it would take the sample fabric to dry after it absorbed one drop of water,how long it would take the sample fabric to dry after it absorbed one drop of water,0.5714285714285715,1.0,0.4,4,10,4,4,0.3778412342071533,0.6376537680625916,0.35
3915,True,exact,0.7,B) sample B,sample B,0.5882352941176471,1.0,0.4166666666666667,5,12,5,5,0.5163540244102478,0.9424508213996887,0.35
3916,True,exact,0.7,B) Boston,Boston,0.6666666666666666,1.0,0.5,4,8,4,4,0.4286321997642517,0.7768251299858093,0.35
3917,False,exact,0.3,Crocodile moreletii,Crocodylus moreletii,0.5454545454545454,1.0,0.375,3,8,3,3,0.4043027460575104,0.7722787261009216,0.35
3918,True,exact,1.0,glass,glass,0.42857142857142855,1.0,0.2727272727272727,3,11,3,3,0.43084171414375305,0.8713891506195068,0.35
3919,True,exact,1.0,attract,attract,0.42857142857142855,1.0,0.2727272727272727,3,11,3,3,0.5261972546577454,0.7936351895332336,0.35
3920,True,exact,0.7,D) Topeka,Topeka,0.5,1.0,0.3333333333333333,4,12,4,4,0.4141145646572113,0.7489278316497803,0.35
3921,True,exact,1.0,opaque,opaque,0.2,0.5,0.125,4,16,2,2,0.20906686782836914,0.5519568920135498,0.35
3922,True,exact,1.0,Turner can trade his tomatoes for Mona's broccoli.,Turner can trade his tomatoes for Mona's broccoli.,0.5882352941176471,1.0,0.4166666666666667,5,12,5,5,0.3948637843132019,0.867210865020752,0.35
3923,True,exact,1.0,transparent,transparent,0.23529411764705882,0.5,0.15384615384615385,4,13,2,2,0.21001452207565308,0.5315968990325928,0.35
3924,True,exact,1.0,Australia,Australia,0.4,1.0,0.25,3,12,3,3,0.4601537883281708,0.6988952159881592,0.35
3925,True,exact,1.0,sample B,sample B,0.6666666666666666,1.0,0.5,5,10,5,5,0.4028084874153137,0.8716708421707153,0.35
3926,False,exact,1.0,weather,climate,0.35294117647058826,1.0,0.21428571428571427,3,14,3,3,0.38551539182662964,0.7193959355354309,0.35
3927,True,exact,1.0,styrofoam,styrofoam,0.5714285714285715,1.0,0.4,4,10,4,4,0.35511547327041626,0.8493993282318115,0.35
3928,True,exact,0.7,D) Tallahassee,Tallahassee,0.28571428571428575,0.6666666666666666,0.18181818181818182,3,11,2,2,0.2773226201534271,0.5195717215538025,0.35
3929,True,exact,1.0,Does linen fabric turn darker than cotton fabric when soaked in a mixture of black dye and water?,Does linen fabric turn darker than cotton fabric when soaked in a mixture of black dye and water?,0.42857142857142855,1.0,0.2727272727272727,3,11,3,3,0.4469667673110962,0.6923155188560486,0.35
3930,True,exact,0.7,C) Tuvalu,Tuvalu,0.4615384615384615,1.0,0.3,3,10,3,3,0.46967801451683044,1.0,0.35
3931,True,exact,1.0,shiny,shiny,0.375,1.0,0.23076923076923078,3,13,3,3,0.32685133814811707,0.8773279190063477,0.35
3932,True,exact,0.7,A) Maryland,Maryland,0.6,1.0,0.42857142857142855,3,7,3,3,0.31418052315711975,0.6327073574066162,0.35
3933,True,exact,0.7,B) Louisiana,Louisiana,0.5,1.0,0.3333333333333333,4,12,4,4,0.46321901679039,0.7576228380203247,0.35
3934,True,exact,0.7,B) Cuba,Cuba,0.5,1.0,0.3333333333333333,3,9,3,3,0.45432835817337036,0.7141434550285339,0.35
3935,True,exact,0.7,B) July and August,July and August,0.5333333333333333,1.0,0.36363636363636365,4,11,4,4,0.5019915699958801,0.9373912811279297,0.35
3936,False,exact,0.3,D) New Jersey,Rhode Island,0.375,1.0,0.23076923076923078,3,13,3,3,0.5306011438369751,0.7991613745689392,0.35
3937,True,exact,0.7,A) tiger,tiger,0.375,1.0,0.23076923076923078,3,13,3,3,0.4507894217967987,0.7993178963661194,0.35
3938,True,exact,1.0,a liquid,a liquid,0.42857142857142855,1.0,0.2727272727272727,3,11,3,3,0.40711256861686707,0.8987055420875549,0.35
3939,True,exact,0.7,C) Annapolis,Annapolis,0.7692307692307693,1.0,0.625,5,8,5,5,0.4333844780921936,0.8629859089851379,0.35
3940,True,exact,0.7,A) Palau,Palau,0.5,1.0,0.3333333333333333,3,9,3,3,0.4249270260334015,0.8565292954444885,0.35
3941,True,exact,0.7,C) Salt Lake City,Salt Lake City,0.4444444444444444,0.6666666666666666,0.3333333333333333,3,6,2,2,0.3376384377479553,0.5205801129341125,0.35
3942,True,exact,0.7,D) Trenton,Trenton,0.8571428571428571,1.0,0.75,3,4,3,3,0.3733230531215668,0.5351690649986267,0.35
3943,True,exact,1.0,water mold,water mold,0.5714285714285715,1.0,0.4,4,10,4,4,0.4484318792819977,0.943031370639801,0.35
3944,True,exact,0.7,B) Castor fiber,Castor fiber,0.631578947368421,1.0,0.46153846153846156,6,13,6,6,0.4431479573249817,0.9699161052703857,0.35
3945,True,exact,1.0,Arctic hare,Arctic hare,0.7142857142857143,1.0,0.5555555555555556,5,9,5,5,0.46166110038757324,0.8702966570854187,0.35
3946,True,exact,0.7,B) the Atlantic Ocean,the Atlantic Ocean,0.35294117647058826,1.0,0.21428571428571427,3,14,3,3,0.5084478855133057,0.7802701592445374,0.35
3947,False,exact,1.0,mutualistic,commensal,0.8235294117647058,1.0,0.7,7,10,7,7,0.44676923751831055,0.9232728481292725,0.35
3948,True,exact,1.0,yellow,yellow,0.28571428571428575,0.3333333333333333,0.25,3,4,1,1,0.2107803374528885,0.7578888535499573,0.35
3949,True,exact,0.7,B) Delaware,Delaware,0.7272727272727273,1.0,0.5714285714285714,4,7,4,4,0.3852125108242035,0.8278728723526001,0.35
3950,True,exact,1.0,Carcharodon carcharias,Carcharodon carcharias,0.4,1.0,0.25,3,12,3,3,0.35944217443466187,0.7959131002426147,0.35
3951,True,exact,1.0,May,May,0.5714285714285715,1.0,0.4,4,10,4,4,0.44544488191604614,0.74038165807724,0.35
3952,False,exact,1.0,attract,repel,0.4444444444444444,0.6666666666666666,0.3333333333333333,3,6,2,2,0.3487449288368225,0.7344932556152344,0.35
3953,True,exact,1.0,the Southern Ocean,the Southern Ocean,0.625,1.0,0.45454545454545453,5,11,5,5,0.4231168329715729,0.8408344984054565,0.35
3954,True,exact,0.7,B) Denver,Denver,0.36363636363636365,0.6666666666666666,0.25,3,8,2,2,0.31215348839759827,0.5897793173789978,0.35
3955,True,exact,0.7,C) New Zealand,New Zealand,0.888888888888889,1.0,0.8,4,5,4,4,0.41066083312034607,0.6426131129264832,0.35
3956,True,exact,1.0,Missouri,Missouri,0.6,1.0,0.42857142857142855,3,7,3,3,0.38144969940185547,0.5959712862968445,0.35
3957,True,exact,1.0,Atlanta,Atlanta,0.375,0.75,0.25,4,12,3,3,0.3649080693721771,0.6589891910552979,0.35
3958,False,exact,0.3,sea cucumber,phytoplankton,0.4,1.0,0.25,3,12,3,3,0.368195503950119,0.8251050710678101,0.35
3959,True,exact,1.0,Do more tomato seedlings grow when they are planted in soil with fertilizer compared to soil without fertilizer?,Do more tomato seedlings grow when they are planted in soil with fertilizer compared to soil without fertilizer?,0.4210526315789474,1.0,0.26666666666666666,4,15,4,4,0.33199891448020935,0.6348483562469482,0.35
3960,True,exact,0.7,A) Sacramento,Sacramento,0.5333333333333333,1.0,0.36363636363636365,4,11,4,4,0.4177427589893341,0.845217227935791,0.35
3961,True,exact,0.7,C) South America,South America,0.5454545454545454,1.0,0.375,3,8,3,3,0.47044146060943604,0.876785159111023,0.35
3962,True,exact,1.0,Do steel nails take fewer days to rust in water compared to vinegar?,Do steel nails take fewer days to rust in water compared to vinegar?,0.625,1.0,0.45454545454545453,5,11,5,5,0.37606340646743774,0.8530217409133911,0.35
3963,True,yes_no,1.0,false,false,0.7058823529411764,1.0,0.5454545454545454,6,11,6,6,0.44759583473205566,0.923625111579895,0.35
3964,True,exact,0.7,A) Denver,Denver,0.4444444444444444,0.6666666666666666,0.3333333333333333,3,6,2,2,0.3415423035621643,0.5175061821937561,0.35
3965,False,numeric_mismatch,0.0,The magnitude of the magnetic force is greater in Pair 2.,The magnitude of the magnetic force is greater in Pair 1.,0.6,1.0,0.42857142857142855,3,7,3,3,0.5419923067092896,0.8538234829902649,0.35
3966,False,numeric_mismatch,0.0,E) 3:1,4:0,0.7499999999999999,1.0,0.6,6,10,6,6,0.3906622529029846,0.7800993919372559,0.35
3967,False,exact,0.3,D) penguin,great white shark,0.47058823529411764,1.0,0.3076923076923077,4,13,4,4,0.4982641339302063,0.7098416686058044,0.35
3968,True,exact,0.7,D) Clara can trade her tomatoes for Harry's broccoli.,Clara can trade her tomatoes for Harry's broccoli.,0.6153846153846153,1.0,0.4444444444444444,4,9,4,4,0.4665643274784088,0.9694515466690063,0.35
3969,True,exact,1.0,sour,sour,0.46153846153846156,0.75,0.3333333333333333,4,9,3,3,0.3600821793079376,0.7690232396125793,0.35
3970,True,exact,0.7,C) New York,New York,0.42857142857142855,1.0,0.2727272727272727,3,11,3,3,0.38185155391693115,0.6865707039833069,0.35
3971,True,exact,0.7,B) Virginia,Virginia,0.6153846153846153,1.0,0.4444444444444444,4,9,4,4,0.35907161235809326,0.6722151637077332,0.35
3972,True,exact,1.0,if adding the blade guards made the drone fly poorly,if adding the blade guards made the drone fly poorly,0.5,1.0,0.3333333333333333,5,15,5,5,0.3747749924659729,0.8766196966171265,0.35
3973,False,numeric_mismatch,0.0,C) The magnitude of the magnetic force is greater in Pair 1.,The magnitude of the magnetic force is greater in Pair 2.,0.5555555555555556,1.0,0.38461538461538464,5,13,5,5,0.5651721954345703,0.9102775454521179,0.35
3974,False,numeric_mismatch,0.0,The magnetic force is stronger in Pair 2.,The magnetic force is stronger in Pair 1.,0.42857142857142855,1.0,0.2727272727272727,3,11,3,3,0.6157134771347046,0.9010136127471924,0.35
3975,True,exact,0.7,D) black bear,black bear,0.6,1.0,0.42857142857142855,3,7,3,3,0.47193554043769836,0.7501131296157837,0.35
3976,True,exact,1.0,opaque,opaque,0.2222222222222222,0.4,0.15384615384615385,5,13,2,2,0.18988832831382751,0.5990620255470276,0.35
3977,True,numeric_exact,1.0,B) The magnitude of the magnetic force is smaller in Pair 2.,The magnitude of the magnetic force is smaller in Pair 2.,0.4,1.0,0.25,3,12,3,3,0.6680190563201904,0.8946747779846191,0.35
3978,True,exact,0.7,C) Reid can trade his tomatoes for Daniel's broccoli.,Reid can trade his tomatoes for Daniel's broccoli.,0.7272727272727272,0.8,0.6666666666666666,5,6,4,4,0.47543343901634216,0.9354687929153442,0.35
3979,True,exact,1.0,fragile,fragile,0.5,0.6666666666666666,0.4,3,5,2,2,0.27424731850624084,0.7069031596183777,0.35
3980,False,exact,0.3,Can light bulbs stay lit longer when circuits include copper or when circuits include iron?,Do circuits that include iron produce dimmer light than circuits that include copper?,0.31578947368421056,0.75,0.2,4,15,3,3,0.2941506505012512,0.6730639934539795,0.35
3981,True,exact,1.0,sour,sour,0.7499999999999999,1.0,0.6,3,5,3,3,0.32510170340538025,0.5303874015808105,0.35
3982,True,exact,1.0,Does Wanda's snowboard slide down a hill in less time when it has a layer of wax or when it does not have a layer of wax?,Does Wanda's snowboard slide down a hill in less time when it has a layer of wax or when it does not have a layer of wax?,0.37499999999999994,0.6,0.2727272727272727,5,11,3,3,0.17036430537700653,0.8762161135673523,0.35
3983,True,exact,1.0,toward the sled dog team,toward the sled dog team,0.4,1.0,0.25,2,8,2,2,0.4902569055557251,0.7734569907188416,0.35
3984,True,exact,0.7,D) Indiana,Indiana,0.5,0.6666666666666666,0.4,3,5,2,2,0.40806689858436584,0.7343966960906982,0.35
3985,True,exact,0.7,B) Judaism,Judaism,0.4615384615384615,1.0,0.3,3,10,3,3,0.4715242087841034,0.9307050704956055,0.35
3986,True,exact,0.7,D) South America,South America,0.5454545454545454,1.0,0.375,3,8,3,3,0.5279273390769958,0.8322122693061829,0.35
3987,True,exact,0.7,A) African gray parrot,African gray parrot,0.6153846153846153,1.0,0.4444444444444444,4,9,4,4,0.45140981674194336,0.9165061116218567,0.35
3988,True,exact,1.0,Solution B,Solution B,0.4,1.0,0.25,3,12,3,3,0.6030099391937256,0.9502688050270081,0.35
3989,True,exact,0.7,A) Maryland,Maryland,0.5714285714285715,1.0,0.4,4,10,4,4,0.39487528800964355,0.7457208037376404,0.35
3990,True,exact,0.7,D) Trenton,Trenton,0.5454545454545454,1.0,0.375,3,8,3,3,0.37770435214042664,0.6514507532119751,0.35
3991,True,exact,0.7,B) Santa Fe,Santa Fe,0.30769230769230765,0.6666666666666666,0.2,3,10,2,2,0.30620840191841125,0.5304993987083435,0.35
3992,True,exact,0.7,"C) a long, thin body","a long, thin body",0.42857142857142855,1.0,0.2727272727272727,3,11,3,3,0.28933754563331604,0.681963324546814,0.35
3993,True,yes_no,1.0,yes,yes,0.4615384615384615,1.0,0.3,3,10,3,3,0.4488146901130676,0.8334008455276489,0.35
3994,True,exact,0.7,A) Castor fiber,Castor fiber,0.5833333333333334,1.0,0.4117647058823529,7,17,7,7,0.4679378867149353,0.9073741436004639,0.35
3995,True,exact,0.7,A) Bubo scandiacus,Bubo scandiacus,0.5333333333333333,0.8,0.4,5,10,4,4,0.4587044417858124,0.802044689655304,0.35
3996,True,exact,1.0,transparent,transparent,0.4210526315789474,1.0,0.26666666666666666,4,15,4,4,0.2800535261631012,0.6170330047607422,0.35
3997,False,exact,0.3,A) pathos (emotion),ethos (character),0.16666666666666666,0.25,0.125,4,8,1,1,0.2253389209508896,0.6169223189353943,0.35
3998,True,exact,0.7,B) Rhode Island,Rhode Island,0.4,1.0,0.25,3,12,3,3,0.5221400260925293,0.7122547030448914,0.35
3999,True,exact,1.0,gray wolf,gray wolf,0.4444444444444444,0.6666666666666666,0.3333333333333333,3,6,2,2,0.3230205774307251,0.6254308819770813,0.35
4000,True,exact,0.7,B) New York,New York,0.5,1.0,0.3333333333333333,4,12,4,4,0.35984453558921814,0.7092448472976685,0.35
4001,False,exact,1.0,attract,repel,0.4210526315789474,1.0,0.26666666666666666,4,15,4,4,0.561504065990448,0.8697527050971985,0.35
4002,False,exact,1.0,attract,repel,0.4615384615384615,1.0,0.3,3,10,3,3,0.4366372525691986,0.7969794273376465,0.35
4003,True,exact,0.7,B) scarlet macaw,scarlet macaw,0.625,1.0,0.45454545454545453,5,11,5,5,0.4117838144302368,0.7271493673324585,0.35
4004,False,exact,0.3,if the blade guards would break in a crash,if adding the blade guards made the drone fly poorly,0.47058823529411764,0.8,0.3333333333333333,5,12,4,4,0.35235604643821716,0.898457944393158,0.35
4005,True,exact,1.0,Ozone,ozone,0.8,1.0,0.6666666666666666,6,9,6,6,0.3243024945259094,0.7754763960838318,0.35
4006,False,exact,0.3,B) The magnetic force is weaker in Pair 2.,The strength of the magnetic force is the same in both pairs.,0.3157894736842105,1.0,0.1875,3,16,3,3,0.5287616848945618,0.8338414430618286,0.35
4007,False,exact,0.3,The strength of the magnetic force is the same in both pairs.,The magnetic force is weaker in Pair 1.,0.4444444444444445,1.0,0.2857142857142857,4,14,4,4,0.45182880759239197,0.7622374296188354,0.35
4008,True,exact,1.0,if a new batch of concrete was firm enough to use,if a new batch of concrete was firm enough to use,0.42857142857142855,1.0,0.2727272727272727,3,11,3,3,0.47228705883026123,0.7828784584999084,0.35
4009,True,exact,0.7,C) Both my state and national government officials have power over important issues.,Both my state and national government officials have power over important issues.,0.6666666666666666,1.0,0.5,4,8,4,4,0.5148541927337646,0.8439327478408813,0.35
4010,False,exact,0.3,Does the amount of water in a glass affect whether eggs sink or float in the water?,Are eggs more likely to float in fresh water or salty water?,0.5555555555555556,1.0,0.38461538461538464,5,13,5,5,0.45908138155937195,0.8242788910865784,0.35
4011,False,exact,1.0,attract,repel,0.4,0.25,1.0,4,1,1,1,0.4988807439804077,0.558826208114624,0.35
4012,True,exact,0.7,A) Jamaica,Jamaica,0.4615384615384615,1.0,0.3,3,10,3,3,0.4708310067653656,0.7704316973686218,0.35
4013,True,exact,0.7,C) New Hampshire,New Hampshire,0.4,1.0,0.25,3,12,3,3,0.4345031976699829,0.6447818875312805,0.35
4014,True,exact,1.0,the surroundings . . . each vial,the surroundings . . . each vial,0.5714285714285715,1.0,0.4,6,15,6,6,0.5202844142913818,0.9385682940483093,0.35
4015,True,exact,0.7,B) Harrisburg,Harrisburg,0.7272727272727273,1.0,0.5714285714285714,4,7,4,4,0.4439834952354431,0.8915005326271057,0.35
4016,False,exact,1.0,attract,repel,0.5454545454545454,1.0,0.375,3,8,3,3,0.3855077922344208,0.7256806492805481,0.35
4017,True,exact,0.7,B) Arianna can trade her tomatoes for Clarence's broccoli.,Arianna can trade her tomatoes for Clarence's broccoli.,0.631578947368421,0.75,0.5454545454545454,8,11,6,6,0.31505322456359863,0.7462707161903381,0.35
4018,True,exact,1.0,a liquid,a liquid,0.5454545454545454,1.0,0.375,3,8,3,3,0.41276469826698303,0.6150782108306885,0.35
4019,True,exact,0.7,D) Albany,Albany,0.5,1.0,0.3333333333333333,3,9,3,3,0.31205689907073975,0.5822263956069946,0.35
4020,True,yes_no,1.0,no,no,0.5,0.75,0.375,4,8,3,3,0.3145531117916107,0.8066710829734802,0.35
4021,True,yes_no,1.0,false,false,0.42857142857142855,1.0,0.2727272727272727,3,11,3,3,0.4748780429363251,0.8421589732170105,0.35
4022,True,exact,1.0,opalescent nudibranch,opalescent nudibranch,0.5454545454545454,0.75,0.42857142857142855,4,7,3,3,0.3530835211277008,0.7389063239097595,0.35
4023,True,exact,1.0,"November, December, and January","November, December, and January",0.35294117647058826,1.0,0.21428571428571427,3,14,3,3,0.3092542588710785,0.810849130153656,0.35
4024,True,exact,1.0,rock,rock,0.4,1.0,0.25,3,12,3,3,0.45582231879234314,0.8452821373939514,0.35
4025,True,exact,0.7,B) Columbus,Columbus,0.4,0.6666666666666666,0.2857142857142857,3,7,2,2,0.3193100392818451,0.5537629723548889,0.35
4026,True,exact,0.7,B) painted stork,painted stork,0.7272727272727272,0.8,0.6666666666666666,5,6,4,4,0.40754446387290955,0.9465066194534302,0.35
4027,False,numeric_mismatch,0.0,B) 3/4,2/4,0.4,1.0,0.25,3,12,3,3,0.310851514339447,0.6648414731025696,0.35
4028,True,exact,1.0,Kansas,Kansas,0.5714285714285715,1.0,0.4,4,10,4,4,0.3925144076347351,0.6933209896087646,0.35
4029,True,exact,1.0,attract,attract,0.6666666666666666,1.0,0.5,3,6,3,3,0.49478286504745483,0.7936353087425232,0.35
4030,True,exact,0.7,A) Saint Vincent and the Grenadines,Saint Vincent and the Grenadines,0.42857142857142855,1.0,0.2727272727272727,3,11,3,3,0.464740127325058,0.8531829714775085,0.35
4031,True,numeric_exact,1.0,whether the new turbine could produce 10% more electricity,whether the new turbine could produce 10% more electricity,0.4444444444444444,0.8,0.3076923076923077,5,13,4,4,0.29236459732055664,0.6423223614692688,0.35
4032,True,exact,0.7,B) Papua New Guinea,Papua New Guinea,0.4,1.0,0.25,3,12,3,3,0.3860880434513092,0.6840920448303223,0.35
4033,True,exact,0.7,A) Salem,Salem,0.6,1.0,0.42857142857142855,3,7,3,3,0.46525079011917114,0.927253782749176,0.35
4034,True,exact,1.0,toward the pliers,toward the pliers,0.5,1.0,0.3333333333333333,2,6,2,2,0.607448399066925,0.8598534464836121,0.35
4035,True,exact,0.7,D) Richmond,Richmond,0.5333333333333333,1.0,0.36363636363636365,4,11,4,4,0.3385370969772339,0.954115092754364,0.35
4036,True,exact,0.7,C) Annapolis,Annapolis,0.6666666666666666,1.0,0.5,3,6,3,3,0.5407216548919678,0.8079720735549927,0.35
4037,True,exact,0.7,C) Jefferson City,Jefferson City,0.5714285714285715,0.6666666666666666,0.5,3,4,2,2,0.3477291166782379,0.5608639717102051,0.35
4038,True,exact,1.0,Can pennies hold more drops of pure water or water mixed with hand soap?,Can pennies hold more drops of pure water or water mixed with hand soap?,0.5,1.0,0.3333333333333333,4,12,4,4,0.4122101366519928,0.8564298152923584,0.35
4039,True,exact,0.7,B) the Southern Ocean,the Southern Ocean,0.7692307692307693,1.0,0.625,5,8,5,5,0.47272568941116333,0.9306910037994385,0.35
4040,True,exact,1.0,Scientists can study air masses to predict weather events.,Scientists can study air masses to predict weather events.,0.7272727272727273,1.0,0.5714285714285714,4,7,4,4,0.48795732855796814,0.8087278604507446,0.35
4041,True,exact,1.0,attract,attract,0.7499999999999999,1.0,0.6,3,5,3,3,0.6077287793159485,0.8097326755523682,0.35
4042,False,exact,0.3,A) Solomon Islands,Fiji,0.42857142857142855,1.0,0.2727272727272727,3,11,3,3,0.3757821023464203,0.8335262537002563,0.35
4043,True,exact,1.0,Some of the houses have broken roofs and walls.,Some of the houses have broken roofs and walls.,0.6,1.0,0.42857142857142855,3,7,3,3,0.3877071738243103,0.6728447675704956,0.35
4044,True,yes_no,1.0,false,false,0.4615384615384615,1.0,0.3,3,10,3,3,0.5353881120681763,0.764116108417511,0.35
4045,True,exact,1.0,the containers that did not get worms,the containers that did not get worms,0.35294117647058826,1.0,0.21428571428571427,3,14,3,3,0.4582612216472626,0.7557763457298279,0.35
4046,True,exact,0.7,B) the cello,the cello,0.6666666666666666,1.0,0.5,3,6,3,3,0.42585498094558716,0.8464478254318237,0.35
4047,False,exact,1.0,flexible,smooth,0.0,0.0,0.0,5,12,0,0,0.10150942206382751,0.3095313608646393,0.35
4048,True,exact,0.7,B) Denver,Denver,0.5,0.6666666666666666,0.4,3,5,2,2,0.3341747522354126,0.5721055865287781,0.35
4049,False,exact,0.3,a gas,a solid,0.6666666666666666,1.0,0.5,4,8,4,4,0.48028165102005005,0.7169612050056458,0.35
4050,True,yes_no,1.0,false,false,0.6,1.0,0.42857142857142855,3,7,3,3,0.4945400357246399,0.8112382888793945,0.35
4051,True,exact,0.7,D) Annapolis,Annapolis,0.5454545454545454,1.0,0.375,3,8,3,3,0.5019235014915466,0.8167899250984192,0.35
4052,True,exact,1.0,Australia,Australia,0.375,1.0,0.23076923076923078,3,13,3,3,0.49120032787323,0.7603479623794556,0.35
4053,False,exact,1.0,attract,repel,0.5,0.3333333333333333,1.0,3,1,1,1,0.5247749090194702,0.5786128640174866,0.35
4054,True,exact,1.0,sedimentary,sedimentary,0.5714285714285715,1.0,0.4,4,10,4,4,0.4984685778617859,0.7702444791793823,0.35
4055,True,exact,0.7,B) Jamaica,Jamaica,0.42857142857142855,1.0,0.2727272727272727,3,11,3,3,0.5327974557876587,0.8115761876106262,0.35
4056,True,exact,1.0,whether the filter was clogged,whether the filter was clogged,0.35294117647058826,1.0,0.21428571428571427,3,14,3,3,0.335598886013031,0.5993393659591675,0.35
4057,True,exact,0.7,D) Janet can trade her tomatoes for Kari's broccoli.,Janet can trade her tomatoes for Kari's broccoli.,0.7692307692307693,1.0,0.625,5,8,5,5,0.40923118591308594,0.8652763366699219,0.35
4058,True,exact,1.0,lionfish,lionfish,0.5454545454545454,1.0,0.375,3,8,3,3,0.41170039772987366,0.8645042777061462,0.35
4059,True,exact,1.0,colorful,colorful,0.6666666666666666,1.0,0.5,4,8,4,4,0.2938257157802582,0.567920982837677,0.35
4060,True,exact,1.0,bendable,bendable,0.25,0.3333333333333333,0.2,3,5,1,1,0.2554933726787567,0.5272125601768494,0.35
4061,False,exact,0.3,Can pennies hold more drops of water mixed with hand soap?,Can pennies hold more drops of pure water or water mixed with hand soap?,0.5714285714285715,1.0,0.4,4,10,4,4,0.41299256682395935,0.8831133246421814,0.35
4062,True,exact,1.0,Do the insides of white boxes get hotter than the insides of black boxes when the boxes are left in the sun?,Do the insides of white boxes get hotter than the insides of black boxes when the boxes are left in the sun?,0.5714285714285715,1.0,0.4,4,10,4,4,0.41798773407936096,0.7309345006942749,0.35
4063,False,numeric_mismatch,0.0,The magnitude of the magnetic force is greater in Pair 2.,The magnitude of the magnetic force is greater in Pair 1.,0.5,1.0,0.3333333333333333,3,9,3,3,0.5996291637420654,0.9253787994384766,0.35
4064,False,exact,0.3,B) The magnetic force is stronger in Pair 1.,The strength of the magnetic force is the same in both pairs.,0.5454545454545454,1.0,0.375,3,8,3,3,0.540651798248291,0.8529773354530334,0.35
4065,True,exact,1.0,Namaqua chameleon,Namaqua chameleon,0.5882352941176471,1.0,0.4166666666666667,5,12,5,5,0.41408589482307434,0.8572205901145935,0.35
4066,False,exact,1.0,shiny,hard,0.25,0.6666666666666666,0.15384615384615385,3,13,2,2,0.20476214587688446,0.6117989420890808,0.35
4067,True,exact,0.7,B) Des Moines,Des Moines,0.23529411764705882,1.0,0.13333333333333333,2,15,2,2,0.32475745677948,0.8155279159545898,0.35
4068,True,exact,1.0,weather,weather,0.5454545454545454,1.0,0.375,3,8,3,3,0.29425087571144104,0.7331223487854004,0.35
4069,True,exact,0.7,D) Des Moines,Des Moines,0.5714285714285715,0.6666666666666666,0.5,3,4,2,2,0.3231416344642639,0.5164467096328735,0.35
4070,True,exact,1.0,Africa,Africa,0.2666666666666667,1.0,0.15384615384615385,2,13,2,2,0.5989887714385986,0.8458412885665894,0.35
4071,True,exact,0.7,C) Virginia,Virginia,0.5714285714285715,1.0,0.4,4,10,4,4,0.39000412821769714,0.8133750557899475,0.35
4072,True,exact,1.0,Python reticulatus,Python reticulatus,0.5263157894736842,0.8333333333333334,0.38461538461538464,6,13,5,5,0.39550527930259705,0.7616833448410034,0.35
4073,True,exact,1.0,the surroundings . . . each refrigerator,the surroundings . . . each refrigerator,0.5555555555555556,1.0,0.38461538461538464,5,13,5,5,0.48816978931427,0.8646895885467529,0.35
4074,True,numeric_exact,1.0,C) The magnetic force is weaker in Pair 1.,The magnetic force is weaker in Pair 1.,0.33333333333333337,1.0,0.2,3,15,3,3,0.6515077948570251,0.912110447883606,0.35
4075,True,yes_no,1.0,yes,yes,0.8000000000000002,0.8,0.8,5,5,4,4,0.4176762104034424,0.9092175364494324,0.35
4076,True,exact,1.0,the amount of oxygen in the tanks,the amount of oxygen in the tanks,0.33333333333333337,1.0,0.2,3,15,3,3,0.40923011302948,0.6864780187606812,0.35
4077,True,exact,0.7,C) nitrogen,nitrogen,0.25,1.0,0.14285714285714285,2,14,2,2,0.4011113941669464,0.8278560638427734,0.35
4078,True,exact,1.0,weather,weather,0.375,1.0,0.23076923076923078,3,13,3,3,0.27842849493026733,0.5063636302947998,0.35
4079,True,exact,0.7,B) Solution A,Solution A,0.42857142857142855,1.0,0.2727272727272727,3,11,3,3,0.5799338817596436,0.9232438206672668,0.35
4080,True,exact,0.7,C) The magnitude of the magnetic force is the same in both pairs.,The magnitude of the magnetic force is the same in both pairs.,0.6,1.0,0.42857142857142855,3,7,3,3,0.5349200367927551,0.8511813282966614,0.35
4081,False,exact,0.3,the Dominican Republic,Trinidad and Tobago,0.6666666666666666,1.0,0.5,4,8,4,4,0.45278871059417725,0.7806510329246521,0.35
4082,True,exact,1.0,Brandon can trade his tomatoes for Derek's broccoli.,Brandon can trade his tomatoes for Derek's broccoli.,0.5,1.0,0.3333333333333333,5,15,5,5,0.4709550440311432,0.8273208737373352,0.35
4083,True,exact,0.7,C) Connor can trade his tomatoes for Maura's broccoli.,Connor can trade his tomatoes for Maura's broccoli.,0.7692307692307693,1.0,0.625,5,8,5,5,0.38994699716567993,0.8815298080444336,0.35
4084,False,numeric_mismatch,0.0,C) The magnitude of the magnetic force is greater in Pair 1.,The magnitude of the magnetic force is greater in Pair 2.,0.5714285714285715,1.0,0.4,4,10,4,4,0.5507110357284546,0.8823306560516357,0.35
4085,True,exact,0.7,A) January and February,January and February,0.4210526315789474,1.0,0.26666666666666666,4,15,4,4,0.369531512260437,0.911453127861023,0.35
4086,False,exact,0.3,D) Saint Vincent and the Grenadines,Saint Lucia,0.375,1.0,0.23076923076923078,3,13,3,3,0.409740686416626,0.7320175170898438,0.35
4087,True,exact,1.0,Solution B,Solution B,0.5,1.0,0.3333333333333333,3,9,3,3,0.6150884032249451,0.9815917611122131,0.35
4088,True,exact,0.7,B) North Dakota,North Dakota,0.375,1.0,0.23076923076923078,3,13,3,3,0.38248369097709656,0.9866225123405457,0.35
4089,True,exact,1.0,"It has cold, wet winters. It also has soil that is rich in nutrients.","It has cold, wet winters. It also has soil that is rich in nutrients.",0.823529411764706,0.875,0.7777777777777778,8,9,7,7,0.42443186044692993,0.955133318901062,0.35
4090,True,exact,0.7,B) helmeted iguana,helmeted iguana,0.4444444444444445,1.0,0.2857142857142857,4,14,4,4,0.2995404303073883,0.7066919207572937,0.35
4091,True,exact,0.7,A) Falco novaeseelandiae,Falco novaeseelandiae,0.7272727272727273,1.0,0.5714285714285714,4,7,4,4,0.4801940619945526,0.9662547707557678,0.35
4092,True,exact,0.7,B) Los Angeles,Los Angeles,0.5454545454545454,1.0,0.375,3,8,3,3,0.4456144869327545,0.8894470930099487,0.35
4093,True,exact,1.0,neither; the samples have the same temperature,neither; the samples have the same temperature,0.5,1.0,0.3333333333333333,3,9,3,3,0.5052624344825745,0.795230507850647,0.35
4094,True,exact,0.7,D) bat star,bat star,0.6,0.75,0.5,4,6,3,3,0.4129718840122223,0.8275687098503113,0.35
4095,True,exact,1.0,tetraphosphorus,tetraphosphorus,0.7499999999999999,1.0,0.6,6,10,6,6,0.35910865664482117,0.7751117944717407,0.35
4096,False,exact,1.0,attract,repel,0.7499999999999999,1.0,0.6,3,5,3,3,0.3842921257019043,0.6694173216819763,0.35
4097,True,numeric_exact,1.0,-24°C,-24°C,0.5714285714285715,1.0,0.4,4,10,4,4,0.4073103964328766,0.9004685878753662,0.35
4098,False,exact,0.3,B) Nauru,Samoa,0.5,1.0,0.3333333333333333,3,9,3,3,0.4771742522716522,0.99309903383255,0.35
4099,True,exact,0.7,B) Saint Paul,Saint Paul,0.5454545454545454,1.0,0.375,3,8,3,3,0.32430920004844666,0.5080580115318298,0.35
4100,True,exact,1.0,wood,wood,0.8571428571428571,1.0,0.75,3,4,3,3,0.4980045557022095,0.8718396425247192,0.35
4101,True,exact,0.7,A) Montgomery,Montgomery,0.5714285714285715,1.0,0.4,4,10,4,4,0.49465709924697876,0.8525725603103638,0.35
4102,True,exact,0.7,A) Effigia okeeffeae,Effigia okeeffeae,0.5454545454545454,0.75,0.42857142857142855,4,7,3,3,0.28904905915260315,0.5962554812431335,0.35
4103,False,exact,0.3,Do bananas develop more brown spots when they are kept at room temperature compared to in a cold refrigerator?,Do bananas develop more brown spots if they are kept in bags with holes compared to bags without holes?,0.761904761904762,1.0,0.6153846153846154,8,13,8,8,0.25554734468460083,0.728672981262207,0.35
4104,True,numeric_exact,1.0,The magnitude of the magnetic force is smaller in Pair 1.,The magnitude of the magnetic force is smaller in Pair 1.,0.6153846153846153,1.0,0.4444444444444444,4,9,4,4,0.4883995056152344,0.8587146401405334,0.35
4105,True,exact,1.0,ginkgo leaf,ginkgo leaf,0.6153846153846153,1.0,0.4444444444444444,4,9,4,4,0.5317509770393372,0.9299669861793518,0.35
4106,True,exact,1.0,South Dakota,South Dakota,0.4615384615384615,1.0,0.3,3,10,3,3,0.3855839669704437,0.850955605506897,0.35
4107,True,exact,1.0,Arctic fox,Arctic fox,0.6666666666666666,1.0,0.5,4,8,4,4,0.4395700693130493,0.8723631501197815,0.35
4108,True,exact,0.7,A) Salt Lake City,Salt Lake City,0.22222222222222224,0.5,0.14285714285714285,2,7,1,1,0.2935190796852112,0.5093847513198853,0.35
4109,True,exact,1.0,Dominica,Dominica,0.4,1.0,0.25,3,12,3,3,0.4741399586200714,0.9191954135894775,0.35
4110,False,exact,0.3,D) Pennsylvania,Colorado,0.42857142857142855,1.0,0.2727272727272727,3,11,3,3,0.42962920665740967,0.7014755010604858,0.35
4111,True,exact,1.0,to the left than to the right,to the left than to the right,0.375,1.0,0.23076923076923078,3,13,3,3,0.5092904567718506,0.7677205801010132,0.35
4112,True,numeric_exact,1.0,B) if the spacecraft was damaged when using a parachute with a 1 m vent going 200 km per hour,how steady a parachute with a 1 m vent was at 200 km per hour,0.5714285714285715,1.0,0.4,4,10,4,4,0.40300339460372925,0.8229202032089233,0.35
4113,True,exact,0.7,B) Spirobranchus giganteus,Spirobranchus giganteus,0.8571428571428571,1.0,0.75,6,8,6,6,0.36476993560791016,0.8963739275932312,0.35
4114,True,exact,1.0,Python molurus,Python molurus,0.7142857142857143,0.8333333333333334,0.625,6,8,5,5,0.4127518832683563,0.8238754272460938,0.35
4115,True,exact,0.7,"C) It has long, cold winters and short, cool summers.","It has long, cold winters and short, cool summers.",0.47058823529411764,1.0,0.3076923076923077,4,13,4,4,0.32533565163612366,0.8808525800704956,0.35
4116,True,exact,1.0,Does Heather's snowboard slide down a hill in less time when it has a layer of wax or when it does not have a layer of wax?,Does Heather's snowboard slide down a hill in less time when it has a layer of wax or when it does not have a layer of wax?,0.42857142857142855,1.0,0.2727272727272727,3,11,3,3,0.3065624535083771,0.6382561326026917,0.35
4117,True,exact,1.0,rough,rough,0.30769230769230765,0.6666666666666666,0.2,3,10,2,2,0.27175384759902954,0.6297363042831421,0.35
4118,True,exact,1.0,four legs,four legs,0.375,1.0,0.23076923076923078,3,13,3,3,0.3844115734100342,0.9011554718017578,0.35
4119,True,exact,0.7,B) tortoise,tortoise,0.6153846153846153,1.0,0.4444444444444444,4,9,4,4,0.4444337487220764,0.6542442440986633,0.35
4120,True,exact,0.7,A) igneous,igneous,0.5333333333333333,1.0,0.36363636363636365,4,11,4,4,0.46901342272758484,0.7989715933799744,0.35
4121,True,exact,1.0,Africa,Africa,0.3076923076923077,1.0,0.18181818181818182,2,11,2,2,0.5805103182792664,0.8175543546676636,0.35
4122,True,exact,1.0,common toad,common toad,0.46153846153846156,0.75,0.3333333333333333,4,9,3,3,0.4730031192302704,0.7421196699142456,0.35
4123,True,exact,0.7,B) rough,rough,0.47058823529411764,0.8,0.3333333333333333,5,12,4,4,0.32617709040641785,0.819040834903717,0.35
4124,True,exact,0.7,B) Solution A,Solution A,0.6666666666666666,1.0,0.5,3,6,3,3,0.5700743198394775,0.9999999403953552,0.35
4125,True,exact,0.7,B) Tuvalu,Tuvalu,0.4615384615384615,1.0,0.3,3,10,3,3,0.4110223650932312,0.7276287078857422,0.35
4126,True,exact,0.7,B) Columbus,Columbus,0.4444444444444444,0.6666666666666666,0.3333333333333333,3,6,2,2,0.2962047755718231,0.5167087912559509,0.35
4127,False,exact,0.3,D) New Orleans,Houston,0.6153846153846153,1.0,0.4444444444444444,4,9,4,4,0.4318375885486603,0.6825079321861267,0.35
4128,False,exact,1.0,attract,repel,0.4615384615384615,1.0,0.3,3,10,3,3,0.5579910278320312,0.8571944832801819,0.35
4129,True,exact,1.0,attract,attract,0.3,1.0,0.17647058823529413,3,17,3,3,0.5126126408576965,0.8984083533287048,0.35
4130,True,exact,0.7,C) Raleigh,Raleigh,0.5454545454545454,1.0,0.375,3,8,3,3,0.3978617191314697,0.5693033933639526,0.35
4131,True,exact,1.0,More precipitation falls in April than in August.,More precipitation falls in April than in August.,0.5,1.0,0.3333333333333333,5,15,5,5,0.4074820578098297,0.8706076741218567,0.35
4132,True,exact,0.7,B) Solution A,Solution A,0.375,1.0,0.23076923076923078,3,13,3,3,0.6316127181053162,0.9856175780296326,0.35
4133,True,exact,1.0,July,July,0.5714285714285715,1.0,0.4,4,10,4,4,0.43254414200782776,0.8274194002151489,0.35
4134,True,exact,1.0,Do steel nails take fewer days to rust in water compared to vinegar?,Do steel nails take fewer days to rust in water compared to vinegar?,0.5263157894736842,1.0,0.35714285714285715,5,14,5,5,0.3344704508781433,0.8479578495025635,0.35
4135,False,exact,0.3,D) Solomon Islands,the Marshall Islands,0.6,0.75,0.5,4,6,3,3,0.37501785159111023,0.746652364730835,0.35
4136,False,exact,1.0,Louisiana,Maine,0.4,1.0,0.25,3,12,3,3,0.43148016929626465,0.7017554044723511,0.35
4137,True,exact,0.7,B) salty,salty,0.2857142857142857,0.6,0.1875,5,16,3,3,0.23988179862499237,0.6821553111076355,0.35
4138,True,exact,1.0,horned viper,horned viper,0.5882352941176471,1.0,0.4166666666666667,5,12,5,5,0.45003536343574524,0.8853747248649597,0.35
4139,True,exact,1.0,Vivian can trade her tomatoes for Jamal's broccoli.,Vivian can trade her tomatoes for Jamal's broccoli.,0.6666666666666667,0.8333333333333334,0.5555555555555556,6,9,5,5,0.4326404333114624,0.909765362739563,0.35
4140,True,exact,1.0,Europe,Europe,0.5,1.0,0.3333333333333333,4,12,4,4,0.494763046503067,0.8616445064544678,0.35
4141,True,exact,0.7,D) Carson City,Carson City,0.4,0.6666666666666666,0.2857142857142857,3,7,2,2,0.31952184438705444,0.5581639409065247,0.35
4142,True,exact,1.0,Texas,Texas,0.47058823529411764,1.0,0.3076923076923077,4,13,4,4,0.4705832302570343,0.9280126690864563,0.35
4143,True,exact,1.0,a solid,a solid,0.4615384615384615,1.0,0.3,3,10,3,3,0.4801226258277893,0.797632098197937,0.35
4144,True,exact,0.7,A) Hyla cinerea,Hyla cinerea,0.7692307692307693,1.0,0.625,5,8,5,5,0.514288067817688,0.8728841543197632,0.35
4145,True,exact,0.7,A) spotted deer,spotted deer,0.5,0.75,0.375,4,8,3,3,0.40954387187957764,0.8501231074333191,0.35
4146,True,exact,0.7,C) Janice can trade her tomatoes for Abdul's broccoli.,Janice can trade her tomatoes for Abdul's broccoli.,0.7142857142857143,1.0,0.5555555555555556,5,9,5,5,0.42957615852355957,0.8196487426757812,0.35
4147,True,exact,0.7,C) the Southern Ocean,the Southern Ocean,0.7499999999999999,1.0,0.6,3,5,3,3,0.4553597867488861,0.6779807209968567,0.35
4148,True,exact,0.7,A) echinoderm,echinoderm,0.8,1.0,0.6666666666666666,4,6,4,4,0.41724228858947754,0.8119410872459412,0.35
4149,True,exact,1.0,Do steel nails take fewer days to rust in water compared to vinegar?,Do steel nails take fewer days to rust in water compared to vinegar?,0.5,1.0,0.3333333333333333,4,12,4,4,0.39796414971351624,0.8124584555625916,0.35
4150,True,exact,0.7,A) sample B,sample B,0.625,1.0,0.45454545454545453,5,11,5,5,0.4631173014640808,0.8941062688827515,0.35
4151,True,exact,1.0,smooth,smooth,0.10526315789473685,0.25,0.06666666666666667,4,15,1,1,0.20703819394111633,0.7468263506889343,0.35
4152,False,numeric_mismatch,0.0,B) The magnitude of the magnetic force is greater in Pair 2.,The magnitude of the magnetic force is greater in Pair 1.,0.5555555555555556,1.0,0.38461538461538464,5,13,5,5,0.4479331076145172,0.829120397567749,0.35
4153,False,numeric_mismatch,0.0,The magnitude of the magnetic force is greater in Pair 1.,The magnitude of the magnetic force is greater in Pair 2.,0.8,1.0,0.6666666666666666,4,6,4,4,0.60906583070755,0.8764975070953369,0.35
4154,True,exact,0.7,D) the Southern Ocean,the Southern Ocean,0.2857142857142857,1.0,0.16666666666666666,2,12,2,2,0.6237029433250427,0.7999440431594849,0.35
4155,False,exact,1.0,none,fragile,0.4761904761904762,0.625,0.38461538461538464,8,13,5,5,0.2754574418067932,0.6504526138305664,0.35
4156,True,numeric_exact,1.0,D) 3:1,3:1,0.5714285714285715,1.0,0.4,4,10,4,4,0.4129766523838043,0.8411291837692261,0.35
4157,True,exact,0.7,A) Idaho,Idaho,0.5454545454545454,1.0,0.375,3,8,3,3,0.43412280082702637,0.7935360670089722,0.35
4158,True,exact,0.7,A) Cyanocitta cristata,Cyanocitta cristata,0.5333333333333333,0.8,0.4,5,10,4,4,0.42989638447761536,0.9507473111152649,0.35
4159,True,exact,0.7,C) Augusta,Augusta,0.6666666666666666,1.0,0.5,3,6,3,3,0.4148220419883728,0.6838328838348389,0.35
4160,True,exact,0.7,C) Strix varia,Strix varia,0.6666666666666666,1.0,0.5,4,8,4,4,0.43554770946502686,0.896622359752655,0.35
4161,True,exact,0.7,C) He smelled sulfur and saw pieces of molten rock shooting out of the water.,He smelled sulfur and saw pieces of molten rock shooting out of the water.,0.6153846153846153,1.0,0.4444444444444444,4,9,4,4,0.3174249529838562,0.7045455574989319,0.35
4162,True,exact,0.7,B) Tallahassee,Tallahassee,0.3333333333333333,0.6666666666666666,0.2222222222222222,3,9,2,2,0.27001360058784485,0.5351889133453369,0.35
4163,True,exact,0.7,C) Bill can trade his tomatoes for Anita's broccoli.,Bill can trade his tomatoes for Anita's broccoli.,0.6666666666666666,1.0,0.5,4,8,4,4,0.46941879391670227,0.8705331683158875,0.35
4164,True,exact,1.0,fuzzy,fuzzy,0.3333333333333333,0.6666666666666666,0.2222222222222222,3,9,2,2,0.2834961712360382,0.533658504486084,0.35
4165,False,exact,0.3,Do steel nails rust in fewer days when submerged in a large volume of liquid compared to a small volume?,Do steel nails take fewer days to rust in water compared to vinegar?,0.5882352941176471,1.0,0.4166666666666667,5,12,5,5,0.415803462266922,0.9036731123924255,0.35
4166,True,exact,0.7,B) Denver,Denver,0.4444444444444444,0.6666666666666666,0.3333333333333333,3,6,2,2,0.2701679468154907,0.5181391835212708,0.35
4167,False,numeric_mismatch,0.0,The magnetic force is stronger in Pair 1.,The magnetic force is stronger in Pair 2.,0.5,1.0,0.3333333333333333,3,9,3,3,0.663109540939331,0.8605737686157227,0.35
4168,True,exact,1.0,He was from Florence.,He was from Florence.,0.8,1.0,0.6666666666666666,6,9,6,6,0.43126893043518066,0.7600657939910889,0.35
4169,True,exact,0.7,B) Solution B,Solution B,0.6666666666666666,1.0,0.5,3,6,3,3,0.5979446172714233,0.9958069920539856,0.35
4170,True,exact,1.0,if a new batch of concrete was firm enough to use,if a new batch of concrete was firm enough to use,0.5454545454545454,1.0,0.375,3,8,3,3,0.451224684715271,0.704048752784729,0.35
4171,True,exact,0.7,A) Charleston,Charleston,0.4,1.0,0.25,3,12,3,3,0.30844202637672424,0.6088259816169739,0.35
4172,True,exact,1.0,a solid,a solid,0.7272727272727273,1.0,0.5714285714285714,4,7,4,4,0.33607998490333557,0.770930826663971,0.35
4173,True,exact,1.0,the school,the school,0.5454545454545454,1.0,0.375,3,8,3,3,0.3600446283817291,0.7193267941474915,0.35
4174,True,exact,1.0,Europe,Europe,0.3636363636363636,1.0,0.2222222222222222,2,9,2,2,0.6036413311958313,0.923390805721283,0.35
4175,True,exact,0.7,C) They were made of metal.,They were made of metal.,0.6153846153846153,1.0,0.4444444444444444,4,9,4,4,0.385337233543396,0.7488311529159546,0.35
4176,True,exact,0.7,B) Montpelier,Montpelier,0.5,0.3333333333333333,1.0,3,1,1,1,0.4818553626537323,0.5175480842590332,0.35
4177,True,exact,0.7,B) The strength of the magnetic force is the same in both pairs.,The strength of the magnetic force is the same in both pairs.,0.5714285714285715,1.0,0.4,4,10,4,4,0.6604694128036499,0.8763192892074585,0.35
4178,False,exact,0.3,toward the baseball bat,away from the baseball bat,0.4615384615384615,1.0,0.3,3,10,3,3,0.5388653874397278,0.8330532312393188,0.35
4179,True,exact,1.0,Solution A,Solution A,0.7499999999999999,1.0,0.6,3,5,3,3,0.5299137830734253,0.9318742752075195,0.35
4180,False,exact,0.3,Solution A,Solution B,0.5454545454545454,1.0,0.375,3,8,3,3,0.5771185159683228,0.9733415842056274,0.35
4181,True,exact,0.7,C) which side of the roof got more sun over one day,which side of the roof got more sun over one day,0.6363636363636364,1.0,0.4666666666666667,7,15,7,7,0.3275471329689026,0.934815526008606,0.35
4182,True,exact,1.0,The magnitude of the magnetic force is the same in both pairs.,The magnitude of the magnetic force is the same in both pairs.,0.5714285714285715,1.0,0.4,4,10,4,4,0.4646967947483063,0.831724226474762,0.35
4183,True,exact,1.0,the Atlantic Ocean,the Atlantic Ocean,0.3076923076923077,1.0,0.18181818181818182,2,11,2,2,0.6231363415718079,0.8984639644622803,0.35
4184,True,exact,1.0,It has fur.,It has fur.,0.5,1.0,0.3333333333333333,3,9,3,3,0.5735757350921631,0.9999998211860657,0.35
4185,True,exact,0.7,C) Kiara can trade her tomatoes for Fernando's broccoli.,Kiara can trade her tomatoes for Fernando's broccoli.,0.6666666666666665,0.75,0.6,4,5,3,3,0.44441571831703186,0.8641477823257446,0.35
4186,True,exact,0.7,B) Bismarck,Bismarck,0.5454545454545454,1.0,0.375,3,8,3,3,0.28041407465934753,0.6877256035804749,0.35
4187,True,exact,0.7,C) North Carolina,North Carolina,0.42857142857142855,1.0,0.2727272727272727,3,11,3,3,0.3729315400123596,0.66005939245224,0.35
4188,True,exact,0.7,D) Antarctica,Antarctica,0.4,1.0,0.25,2,8,2,2,0.5872721076011658,0.8915840983390808,0.35
4189,True,exact,0.7,B) Juneau,Juneau,0.6666666666666666,1.0,0.5,4,8,4,4,0.3364558219909668,0.9554843306541443,0.35
4190,True,exact,1.0,black-headed heron,black-headed heron,0.6153846153846153,1.0,0.4444444444444444,4,9,4,4,0.4382437467575073,0.7743518948554993,0.35
4191,False,numeric_mismatch,0.0,The magnitude of the magnetic force is greater in Pair 2.,The magnitude of the magnetic force is greater in Pair 1.,0.6666666666666666,1.0,0.5,4,8,4,4,0.567423403263092,0.8955920934677124,0.35
4192,True,exact,0.7,D) Delaware,Delaware,0.47058823529411764,1.0,0.3076923076923077,4,13,4,4,0.4451580345630646,0.7577407360076904,0.35
4193,False,exact,0.3,the sections of wall scrubbed with water and baking soda,the sections of wall scrubbed with water only,0.3529411764705882,0.75,0.23076923076923078,4,13,3,3,0.19976724684238434,0.6202788352966309,0.35
4194,True,exact,0.7,A) Georgia,Georgia,0.4615384615384615,1.0,0.3,3,10,3,3,0.3246099054813385,0.6154915690422058,0.35
4195,True,exact,1.0,It has land that is covered with water during most of the year. It also has soil that is rich in nutrients.,It has land that is covered with water during most of the year. It also has soil that is rich in nutrients.,0.7142857142857143,1.0,0.5555555555555556,5,9,5,5,0.4594877064228058,0.6904935240745544,0.35
4196,True,exact,0.7,D) red kangaroo,red kangaroo,0.6153846153846153,1.0,0.4444444444444444,4,9,4,4,0.3293193578720093,0.631902277469635,0.35
4197,True,exact,1.0,Steller's sea eagle,Steller's sea eagle,0.42857142857142855,1.0,0.2727272727272727,3,11,3,3,0.33398061990737915,0.7697778940200806,0.35
4198,True,exact,0.7,A) Saint Vincent and the Grenadines,Saint Vincent and the Grenadines,0.5,0.3333333333333333,1.0,3,1,1,1,0.5971425771713257,0.6646043062210083,0.35
4199,True,exact,1.0,shiny,shiny,0.11764705882352941,0.25,0.07692307692307693,4,13,1,1,0.22317717969417572,0.6345846056938171,0.35
4200,True,exact,1.0,toward the first train car,toward the first train car,0.6,1.0,0.42857142857142855,3,7,3,3,0.42592766880989075,0.6002035140991211,0.35
4201,True,exact,1.0,the flowers,the flowers,0.5714285714285715,1.0,0.4,4,10,4,4,0.4795249104499817,0.9153954982757568,0.35
4202,True,exact,0.7,B) nitrogen,nitrogen,0.6666666666666666,1.0,0.5,3,6,3,3,0.39540424942970276,0.8282659649848938,0.35
4203,True,exact,1.0,South Dakota,South Dakota,0.5,1.0,0.3333333333333333,3,9,3,3,0.42056745290756226,0.6927191019058228,0.35
4204,True,exact,0.7,C) Asia,Asia,0.2666666666666667,1.0,0.15384615384615385,2,13,2,2,0.4497726857662201,0.6181982755661011,0.35
4205,True,exact,0.7,A) Marvin can trade his tomatoes for Ken's broccoli.,Marvin can trade his tomatoes for Ken's broccoli.,0.5,1.0,0.3333333333333333,5,15,5,5,0.5466670393943787,0.8797893524169922,0.35
4206,True,exact,1.0,Do more tomato seedlings grow when they are planted in soil with fertilizer compared to soil without fertilizer?,Do more tomato seedlings grow when they are planted in soil with fertilizer compared to soil without fertilizer?,0.5714285714285715,1.0,0.4,4,10,4,4,0.30362313985824585,0.626201868057251,0.35
4207,False,exact,0.3,A) Saint Kitts and Nevis,Antigua and Barbuda,0.888888888888889,1.0,0.8,4,5,4,4,0.4143020510673523,0.7465154528617859,0.35
4208,True,exact,0.7,B) Boston,Boston,0.7272727272727273,1.0,0.5714285714285714,4,7,4,4,0.39734628796577454,0.7768251895904541,0.35
4209,False,exact,0.3,A) North Carolina,Georgia,0.5454545454545454,1.0,0.375,3,8,3,3,0.5488159656524658,0.7647197842597961,0.35
4210,True,exact,1.0,blue,blue,0.2,0.3333333333333333,0.14285714285714285,3,7,1,1,0.14204536378383636,0.41570353507995605,0.35
4211,True,exact,0.7,B) North America,North America,0.4444444444444445,1.0,0.2857142857142857,2,7,2,2,0.39940690994262695,0.6663985848426819,0.35
4212,True,exact,0.7,D) Austin can trade his tomatoes for Colin's broccoli.,Austin can trade his tomatoes for Colin's broccoli.,0.6666666666666666,1.0,0.5,5,10,5,5,0.5041193962097168,0.8775737881660461,0.35
4213,True,exact,0.7,"B) December, January, February, and March","December, January, February, and March",0.4,1.0,0.25,3,12,3,3,0.5098704695701599,0.804385781288147,0.35
4214,True,exact,0.7,B) nitrogen,nitrogen,0.4444444444444445,1.0,0.2857142857142857,2,7,2,2,0.4407108426094055,0.7775958180427551,0.35
4215,True,exact,0.7,A) Strix nebulosa,Strix nebulosa,0.5,0.5,0.5,6,6,3,3,0.4027639329433441,0.8569475412368774,0.35
4216,True,exact,1.0,Can pennies hold more drops of pure water or water mixed with hand soap?,Can pennies hold more drops of pure water or water mixed with hand soap?,0.5555555555555556,1.0,0.38461538461538464,5,13,5,5,0.43946659564971924,0.8286181688308716,0.35
4217,True,exact,1.0,sticky,sticky,0.28571428571428575,0.5,0.2,4,10,2,2,0.14872217178344727,0.5609391927719116,0.35
4218,True,exact,1.0,Falco peregrinus,Falco peregrinus,0.7777777777777778,1.0,0.6363636363636364,7,11,7,7,0.5092130899429321,0.9217879772186279,0.35
4219,False,exact,0.3,C) lichen,parasitic jaeger,0.6666666666666666,1.0,0.5,5,10,5,5,0.5086554884910583,0.835866391658783,0.35
4220,False,exact,1.0,attract,repel,0.42857142857142855,1.0,0.2727272727272727,3,11,3,3,0.3980256915092468,0.6306769847869873,0.35
4221,True,exact,1.0,crown-of-thorns sea star,crown-of-thorns sea star,0.5333333333333333,1.0,0.36363636363636365,4,11,4,4,0.3671933114528656,0.8092677593231201,0.35
4222,True,exact,0.7,B) lar gibbon,lar gibbon,0.5882352941176471,1.0,0.4166666666666667,5,12,5,5,0.5253748893737793,0.8478800058364868,0.35
4223,True,exact,0.7,A) sample B,sample B,0.6666666666666666,1.0,0.5,4,8,4,4,0.4960538148880005,0.8829663991928101,0.35
4224,True,exact,0.7,B) New Hampshire,New Hampshire,0.5454545454545454,1.0,0.375,3,8,3,3,0.6008729934692383,0.8200888633728027,0.35
4225,True,exact,1.0,May,May,0.6153846153846153,1.0,0.4444444444444444,4,9,4,4,0.37144735455513,0.7868658900260925,0.35
4226,True,yes_no,1.0,true,true,0.5,1.0,0.3333333333333333,3,9,3,3,0.43988746404647827,0.8496681451797485,0.35
4227,False,exact,0.3,Solution A,Solution B,0.4615384615384615,1.0,0.3,3,10,3,3,0.6060411930084229,0.9869632124900818,0.35
4228,True,exact,0.7,D) Jonah can trade his tomatoes for Cassie's broccoli.,Jonah can trade his tomatoes for Cassie's broccoli.,0.6666666666666666,1.0,0.5,4,8,4,4,0.40053385496139526,0.8474132418632507,0.35
4229,True,exact,1.0,homologous structure,homologous structure,0.8,1.0,0.6666666666666666,4,6,4,4,0.3182566463947296,0.7571170926094055,0.35
4230,True,exact,0.7,C) Pierre,Pierre,0.42857142857142855,1.0,0.2727272727272727,3,11,3,3,0.33233368396759033,0.8049812912940979,0.35
4231,True,exact,0.7,B) human,human,0.4,1.0,0.25,3,12,3,3,0.3545520603656769,0.7916635274887085,0.35
4232,True,exact,0.7,C) Nashville,Nashville,0.7499999999999999,1.0,0.6,3,5,3,3,0.5151492953300476,0.7830655574798584,0.35
4233,True,exact,0.7,B) Boise,Boise,0.28571428571428575,0.6666666666666666,0.18181818181818182,3,11,2,2,0.3597932457923889,0.775210976600647,0.35
4234,True,exact,0.7,C) pathos (emotion),pathos (emotion),0.28571428571428575,0.6666666666666666,0.18181818181818182,3,11,2,2,0.20739509165287018,0.439561665058136,0.35
4235,True,exact,1.0,East Asia,East Asia,0.375,0.75,0.25,4,12,3,3,0.3789947032928467,0.8928712010383606,0.35
4236,True,yes_no,1.0,no,no,0.42857142857142855,1.0,0.2727272727272727,3,11,3,3,0.5478174686431885,0.945629894733429,0.35
4237,True,exact,1.0,flexible,flexible,0.4,1.0,0.25,3,12,3,3,0.16368058323860168,0.483573317527771,0.35
4238,False,exact,0.3,It has soil that is poor in nutrients. It also has other water ecosystems nearby.,It has soil that is rich in nutrients. It also has other water ecosystems nearby.,0.6,0.75,0.5,4,6,3,3,0.33703383803367615,0.815931499004364,0.35
4239,True,exact,1.0,the steel squares soaked in salt water,the steel squares soaked in salt water,0.4615384615384615,1.0,0.3,3,10,3,3,0.380342572927475,0.6628460884094238,0.35
4240,True,exact,0.7,B) Solution B,Solution B,0.5454545454545454,1.0,0.375,3,8,3,3,0.5919176936149597,1.000000238418579,0.35
4241,True,exact,1.0,aardvark,aardvark,0.625,1.0,0.45454545454545453,5,11,5,5,0.46069565415382385,0.7479615807533264,0.35
4242,True,exact,0.7,B) South America,South America,0.5454545454545454,1.0,0.375,3,8,3,3,0.4908202886581421,0.7904751896858215,0.35
4243,True,exact,1.0,sea cucumber,sea cucumber,0.5,1.0,0.3333333333333333,4,12,4,4,0.48728513717651367,0.8300053477287292,0.35
4244,True,exact,1.0,translucent,translucent,0.2222222222222222,0.3333333333333333,0.16666666666666666,3,6,1,1,0.2281419187784195,0.542901337146759,0.35
4245,True,exact,0.7,B) Honolulu,Honolulu,0.5454545454545454,0.75,0.42857142857142855,4,7,3,3,0.38978609442710876,0.8471081256866455,0.35
4246,False,exact,0.3,C) The magnetic force is stronger in Pair 2.,The strength of the magnetic force is the same in both pairs.,0.35294117647058826,1.0,0.21428571428571427,3,14,3,3,0.528677225112915,0.8221122026443481,0.35
4247,True,exact,0.7,D) Papua New Guinea,Papua New Guinea,0.46153846153846156,0.75,0.3333333333333333,4,9,3,3,0.37275686860084534,0.8485682606697083,0.35
4248,True,exact,0.7,C) Idaho,Idaho,0.35294117647058826,1.0,0.21428571428571427,3,14,3,3,0.49208882451057434,0.787366509437561,0.35
4249,True,exact,1.0,sample B,sample B,0.7142857142857143,1.0,0.5555555555555556,5,9,5,5,0.45809105038642883,0.8462886810302734,0.35
4250,False,yes_no,1.0,false,true,0.375,1.0,0.23076923076923078,3,13,3,3,0.3597586750984192,0.745452880859375,0.35
4251,True,exact,0.7,D) Lansing,Lansing,0.5,0.6666666666666666,0.4,3,5,2,2,0.27400046586990356,0.7631228566169739,0.35
4252,False,exact,0.3,"It has a rainy season and a dry season. It also has long, cold winters.",It has warm summers and warm winters. It also has soil that is poor in nutrients.,0.4615384615384615,0.6,0.375,5,8,3,3,0.3241329789161682,0.6376387476921082,0.35
4253,True,exact,0.7,B) New York,New York,0.5714285714285715,1.0,0.4,4,10,4,4,0.3512219786643982,0.8108015060424805,0.35
4254,False,exact,0.3,The magnitude of the magnetic force is the same in both pairs.,The magnitude of the magnetic force is smaller in Pair 1.,0.6153846153846153,1.0,0.4444444444444444,4,9,4,4,0.546424388885498,0.8049319386482239,0.35
4255,False,exact,0.3,D) Massachusetts,Connecticut,0.4444444444444444,0.6666666666666666,0.3333333333333333,6,12,4,4,0.32031959295272827,0.7094194889068604,0.35
4256,True,exact,1.0,Sumatran orangutan,Sumatran orangutan,0.6153846153846154,0.8,0.5,5,8,4,4,0.38810062408447266,0.842881441116333,0.35
4257,True,exact,0.7,A) plated leaf chameleon,plated leaf chameleon,0.35294117647058826,1.0,0.21428571428571427,3,14,3,3,0.4169073700904846,0.8067436814308167,0.35
4258,True,exact,0.7,D) Hartford,Hartford,0.5714285714285715,1.0,0.4,2,5,2,2,0.3296547830104828,0.6988426446914673,0.35
4259,False,exact,0.3,Do radish plants grown under bright light have more leaves than radish plants grown under dim light?,Do radishes grown under bright light get bigger than radishes grown under dim light?,0.5882352941176471,1.0,0.4166666666666667,5,12,5,5,0.28724947571754456,0.6342399716377258,0.35
4260,True,exact,0.7,C) South America,South America,0.35294117647058826,1.0,0.21428571428571427,3,14,3,3,0.5012168884277344,0.9014650583267212,0.35
4261,True,exact,1.0,It keeps them warm by trapping their body heat.,It keeps them warm by trapping their body heat.,0.5,1.0,0.3333333333333333,4,12,4,4,0.3498988151550293,0.7197155952453613,0.35
4262,True,exact,0.7,C) Ambystoma opacum,Ambystoma opacum,0.625,1.0,0.45454545454545453,5,11,5,5,0.494213730096817,0.82008957862854,0.35
4263,True,exact,0.7,B) palm leaf,palm leaf,0.6,1.0,0.42857142857142855,3,7,3,3,0.4920474588871002,0.9137073159217834,0.35
4264,True,exact,0.7,A) poison dart frog,poison dart frog,0.47058823529411764,1.0,0.3076923076923077,4,13,4,4,0.3087182641029358,0.5126870274543762,0.35
4265,False,exact,0.3,A) Saint Kitts and Nevis,Antigua and Barbuda,0.42857142857142855,1.0,0.2727272727272727,3,11,3,3,0.40933072566986084,0.8457081317901611,0.35
4266,True,exact,1.0,It has warm summers and warm winters.,It has warm summers and warm winters.,0.6666666666666666,1.0,0.5,4,8,4,4,0.4711460769176483,0.7892814874649048,0.35
4267,False,numeric_mismatch,0.0,B) 1/4,0/4,0.4,1.0,0.25,4,16,4,4,0.3656555414199829,0.8683712482452393,0.35
4268,False,exact,0.3,B) Porter can trade his almonds for Jaylen's tomatoes.,Jaylen can trade his tomatoes for Porter's broccoli.,0.6666666666666666,1.0,0.5,4,8,4,4,0.4638998806476593,0.881846010684967,0.35
4269,True,exact,1.0,rough,rough,0.33333333333333337,0.2,1.0,5,1,1,1,0.3062106966972351,0.5318170785903931,0.35
4270,True,exact,0.7,A) Nauru,Nauru,0.4,0.8,0.26666666666666666,5,15,4,4,0.2051304578781128,0.6253467202186584,0.35
4271,True,exact,0.7,B) common buzzard,common buzzard,0.4,0.25,1.0,4,1,1,1,0.5005207061767578,0.5558911561965942,0.35
4272,True,exact,0.7,A) Harrisburg,Harrisburg,0.8,1.0,0.6666666666666666,4,6,4,4,0.5133098363876343,0.9573571681976318,0.35
4273,True,exact,1.0,the sandstone layer,the sandstone layer,0.5333333333333333,1.0,0.36363636363636365,4,11,4,4,0.4690812826156616,0.9010152220726013,0.35
4274,True,exact,0.7,B) New York,New York,0.375,1.0,0.23076923076923078,3,13,3,3,0.4475405812263489,0.7079697847366333,0.35
4275,True,exact,0.7,D) Boston,Boston,0.6666666666666666,1.0,0.5,3,6,3,3,0.3689166307449341,0.6591012477874756,0.35
4276,False,exact,0.3,to the right than to the left,to the left than to the right,0.2857142857142857,1.0,0.16666666666666666,3,18,3,3,0.5166556239128113,0.7969516515731812,0.35
4277,False,numeric_mismatch,0.0,B) The magnitude of the magnetic force is smaller in Pair 2.,The magnitude of the magnetic force is smaller in Pair 1.,0.5454545454545454,1.0,0.375,3,8,3,3,0.5038511157035828,0.8221463561058044,0.35
4278,False,exact,0.3,C) New Hampshire,Massachusetts,0.375,1.0,0.23076923076923078,3,13,3,3,0.5063894987106323,0.7697513103485107,0.35
4279,False,exact,0.3,phytoplankton,sea urchin,0.5714285714285715,1.0,0.4,4,10,4,4,0.43274030089378357,0.7786491513252258,0.35
4280,True,exact,0.7,C) Nashville,Nashville,0.4444444444444445,1.0,0.2857142857142857,2,7,2,2,0.5182670950889587,0.7530653476715088,0.35
4281,False,exact,0.3,A) Solomon Islands,Fiji,0.4615384615384615,1.0,0.3,3,10,3,3,0.43444564938545227,0.7660835981369019,0.35
4282,True,exact,0.7,A) Denver,Denver,0.6666666666666666,1.0,0.5,3,6,3,3,0.3434279263019562,0.6401618719100952,0.35
4283,True,exact,0.7,B) Solution A,Solution A,0.33333333333333337,1.0,0.2,3,15,3,3,0.5078808069229126,0.8784880042076111,0.35
4284,True,yes_no,1.0,true,true,0.5,1.0,0.3333333333333333,3,9,3,3,0.5691319704055786,0.8661110997200012,0.35
4285,True,exact,1.0,bearded dragon,bearded dragon,0.5454545454545454,1.0,0.375,3,8,3,3,0.40868139266967773,0.8384034037590027,0.35
4286,True,exact,0.7,D) Maya can trade her tomatoes for Hanson's broccoli.,Maya can trade her tomatoes for Hanson's broccoli.,0.47058823529411764,1.0,0.3076923076923077,4,13,4,4,0.4974521994590759,0.8594166040420532,0.35
4287,True,exact,0.7,B) black howler,black howler,0.47058823529411764,1.0,0.3076923076923077,4,13,4,4,0.40134841203689575,0.7060654163360596,0.35
4288,True,exact,0.7,B) Spirobranchus giganteus,Spirobranchus giganteus,0.9090909090909091,1.0,0.8333333333333334,5,6,5,5,0.6043811440467834,0.9058973789215088,0.35
4289,True,exact,1.0,rock,rock,0.35294117647058826,1.0,0.21428571428571427,3,14,3,3,0.5543681383132935,0.8915638327598572,0.35
4290,True,exact,1.0,July,July,0.5714285714285715,1.0,0.4,4,10,4,4,0.4555346369743347,0.8099213242530823,0.35
4291,True,exact,0.7,B) New Hampshire,New Hampshire,0.5454545454545454,1.0,0.375,3,8,3,3,0.36584529280662537,0.7276172041893005,0.35
4292,True,exact,1.0,smooth,smooth,0.14285714285714288,0.3333333333333333,0.09090909090909091,3,11,1,1,0.2679394781589508,0.889899492263794,0.35
4293,False,exact,0.3,A) Saint Vincent and the Grenadines,Grenada,0.4615384615384615,1.0,0.3,3,10,3,3,0.4119870066642761,0.9999997019767761,0.35
4294,True,exact,1.0,"the sand dunes, the prairie sandreed, and the greater prairie chickens","the sand dunes, the prairie sandreed, and the greater prairie chickens",0.631578947368421,1.0,0.46153846153846156,6,13,6,6,0.43304604291915894,0.9058577418327332,0.35
4295,True,exact,1.0,the number of times the plots were burned each year,the number of times the plots were burned each year,0.33333333333333337,1.0,0.2,3,15,3,3,0.3401169776916504,0.7566710114479065,0.35
4296,False,exact,0.3,B) kangaroos,koalas,0.375,1.0,0.23076923076923078,3,13,3,3,0.5169098973274231,0.8707672357559204,0.35
4297,True,exact,1.0,snowy owl,snowy owl,0.9090909090909091,1.0,0.8333333333333334,5,6,5,5,0.5304921865463257,0.9209108948707581,0.35
4298,True,exact,0.7,A) Pierre,Pierre,0.5,0.3333333333333333,1.0,3,1,1,1,0.46275413036346436,0.5169572830200195,0.35
4299,True,exact,1.0,a compound,a compound,0.8,1.0,0.6666666666666666,4,6,4,4,0.3557177782058716,0.8949931859970093,0.35
4300,True,exact,1.0,The magnitude of the magnetic force is the same in both pairs.,The magnitude of the magnetic force is the same in both pairs.,0.375,1.0,0.23076923076923078,3,13,3,3,0.6002607345581055,0.8858197927474976,0.35
4301,True,numeric_exact,1.0,whether she added enough nutrients to help the bacteria produce 20% more insulin,whether she added enough nutrients to help the bacteria produce 20% more insulin,0.4285714285714285,0.75,0.3,4,10,3,3,0.4308982789516449,0.8925136923789978,0.35
4302,True,exact,0.7,B) Denver,Denver,0.3157894736842105,1.0,0.1875,3,16,3,3,0.3526857793331146,0.5986077785491943,0.35
4303,True,numeric_exact,1.0,B) The magnitude of the magnetic force is greater in Pair 2.,The magnitude of the magnetic force is greater in Pair 2.,0.6666666666666666,1.0,0.5,5,10,5,5,0.46084171533584595,0.7410005927085876,0.35
4304,True,exact,1.0,slippery,slippery,0.5714285714285714,0.8,0.4444444444444444,5,9,4,4,0.251315176486969,0.47132354974746704,0.35
4305,False,exact,0.3,B) Tuvalu,Fiji,0.3157894736842105,1.0,0.1875,3,16,3,3,0.48040708899497986,0.7476091384887695,0.35
4306,True,exact,1.0,Africa,Africa,0.5454545454545454,1.0,0.375,3,8,3,3,0.6248616576194763,0.8395912051200867,0.35
4307,True,exact,0.7,B) Des Moines,Des Moines,0.4615384615384615,1.0,0.3,3,10,3,3,0.5148791670799255,0.8682117462158203,0.35
4308,True,exact,0.7,A) clownfish,clownfish,0.7272727272727273,1.0,0.5714285714285714,4,7,4,4,0.4966035783290863,0.6711130142211914,0.35
4309,True,exact,1.0,short-tailed weasel,short-tailed weasel,0.4615384615384615,1.0,0.3,3,10,3,3,0.4507794976234436,0.7910121083259583,0.35
4310,True,exact,1.0,Alabama,Alabama,0.5454545454545454,1.0,0.375,3,8,3,3,0.39896246790885925,0.9608956575393677,0.35
4311,True,exact,1.0,bumpy,bumpy,0.28571428571428575,0.6666666666666666,0.18181818181818182,3,11,2,2,0.17884327471256256,0.45081546902656555,0.35
4312,False,yes_no,1.0,yes,no,0.375,1.0,0.23076923076923078,3,13,3,3,0.5590298771858215,0.8086058497428894,0.35
4313,True,exact,1.0,goldfish,goldfish,0.35294117647058826,1.0,0.21428571428571427,3,14,3,3,0.32498475909233093,0.7525225877761841,0.35
4314,True,exact,0.7,C) New Hampshire,New Hampshire,0.4,1.0,0.25,3,12,3,3,0.41868528723716736,0.800531804561615,0.35
4315,True,exact,0.7,B) human,human,0.6666666666666666,1.0,0.5,3,6,3,3,0.4513387084007263,0.6214465498924255,0.35
4316,True,exact,0.7,A) Trinidad and Tobago,Trinidad and Tobago,0.5454545454545454,1.0,0.375,3,8,3,3,0.49752339720726013,0.9999999403953552,0.35
4317,True,exact,1.0,rough,rough,0.35294117647058826,1.0,0.21428571428571427,3,14,3,3,0.2826884388923645,0.6576273441314697,0.35
4318,True,exact,1.0,if adding the blade guards made the drone fly poorly,if adding the blade guards made the drone fly poorly,0.35294117647058826,1.0,0.21428571428571427,3,14,3,3,0.4929560720920563,0.7869709134101868,0.35
4319,True,exact,0.7,A) Cheyenne,Cheyenne,0.4,0.6666666666666666,0.2857142857142857,3,7,2,2,0.33424171805381775,0.6302649974822998,0.35
4320,False,exact,0.3,whether different types of bacteria would need different nutrients to produce insulin,whether she added enough nutrients to help the bacteria produce 20% more insulin,0.375,0.75,0.25,4,12,3,3,0.40218648314476013,0.7592169046401978,0.35
4321,True,exact,0.7,C) logos (reason),logos (reason),0.18181818181818182,0.25,0.14285714285714285,4,7,1,1,0.181385800242424,0.6550872325897217,0.35
4322,False,numeric_mismatch,0.0,D) 1:3,0:4,0.5882352941176471,1.0,0.4166666666666667,5,12,5,5,0.425780326128006,0.7241429090499878,0.35
4323,True,exact,0.7,D) Concord,Concord,0.6,1.0,0.42857142857142855,3,7,3,3,0.44568926095962524,0.9349762797355652,0.35
4324,True,exact,1.0,soft,soft,0.5,0.6666666666666666,0.4,6,10,4,4,0.2794686257839203,0.6744759678840637,0.35
4325,False,exact,0.3,B) The magnitude of the magnetic force is the same in both pairs.,The magnitude of the magnetic force is smaller in Pair 2.,0.6153846153846153,1.0,0.4444444444444444,4,9,4,4,0.5086429119110107,0.8168100714683533,0.35
4326,True,numeric_exact,1.0,whether the new turbine could produce 10% more electricity,whether the new turbine could produce 10% more electricity,0.4,0.6,0.3,5,10,3,3,0.2988882064819336,0.748864471912384,0.35
4327,True,exact,0.7,B) Solution A,Solution A,0.4615384615384615,1.0,0.3,3,10,3,3,0.5742201209068298,0.8457123041152954,0.35
4328,True,exact,0.7,D) New Jersey,New Jersey,0.5714285714285715,1.0,0.4,2,5,2,2,0.436657190322876,0.7753334641456604,0.35
4329,True,exact,1.0,wood,wood,0.42857142857142855,1.0,0.2727272727272727,3,11,3,3,0.48929810523986816,0.8326085209846497,0.35
4330,True,exact,0.7,A) caribou,caribou,0.7142857142857143,1.0,0.5555555555555556,5,9,5,5,0.4339625835418701,0.8590298295021057,0.35
4331,True,exact,0.7,B) fern,fern,0.6666666666666666,1.0,0.5,4,8,4,4,0.44908660650253296,0.7204465270042419,0.35
4332,True,exact,1.0,toward her hand,toward her hand,0.16666666666666669,0.5,0.1,2,10,1,1,0.22090227901935577,0.4668525159358978,0.35
4333,True,exact,1.0,Do steel nails take fewer days to rust in water compared to vinegar?,Do steel nails take fewer days to rust in water compared to vinegar?,0.4444444444444445,1.0,0.2857142857142857,4,14,4,4,0.30936628580093384,0.8811884522438049,0.35
4334,True,exact,0.7,B) the Atlantic Ocean,the Atlantic Ocean,0.4210526315789474,1.0,0.26666666666666666,4,15,4,4,0.640410840511322,0.8566378951072693,0.35
4335,True,exact,0.7,A) toward the center of Earth,toward the center of Earth,0.6153846153846153,1.0,0.4444444444444444,4,9,4,4,0.38433942198753357,0.8917002081871033,0.35
4336,True,exact,1.0,golden frog,golden frog,0.375,1.0,0.23076923076923078,3,13,3,3,0.45659875869750977,0.8419750332832336,0.35
4337,True,exact,1.0,soft,soft,0.0,0.0,0.0,3,8,0,0,0.20020663738250732,0.332266628742218,0.35
4338,True,exact,1.0,blue,blue,0.4,1.0,0.25,3,12,3,3,0.3724018931388855,0.8189601302146912,0.35
4339,False,exact,0.3,D) Saint Vincent and the Grenadines,Grenada,0.4615384615384615,1.0,0.3,3,10,3,3,0.45560315251350403,0.7792907953262329,0.35
4340,False,exact,0.3,D) Palau,the Federated States of Micronesia,0.5263157894736842,1.0,0.35714285714285715,5,14,5,5,0.4047180712223053,0.7415937781333923,0.35
4341,True,exact,0.7,D) Monica can trade her tomatoes for Diana's broccoli.,Monica can trade her tomatoes for Diana's broccoli.,0.7272727272727272,0.8,0.6666666666666666,5,6,4,4,0.46261486411094666,0.813960611820221,0.35
4342,True,exact,1.0,bat ray,bat ray,0.6666666666666666,1.0,0.5,4,8,4,4,0.359595388174057,0.817966103553772,0.35
4343,True,exact,0.7,C) Diana can trade her tomatoes for Gabby's broccoli.,Diana can trade her tomatoes for Gabby's broccoli.,0.7058823529411764,1.0,0.5454545454545454,6,11,6,6,0.40793493390083313,0.7985847592353821,0.35
4344,True,exact,1.0,which design would have the greatest distance between the concert area and the road,which design would have the greatest distance between the concert area and the road,0.625,1.0,0.45454545454545453,5,11,5,5,0.3182730972766876,0.7931542992591858,0.35
4345,False,numeric_mismatch,0.0,The magnetic force is weaker in Pair 2.,The magnetic force is weaker in Pair 1.,0.7692307692307693,1.0,0.625,5,8,5,5,0.6079546809196472,0.9418330788612366,0.35
4346,True,exact,0.7,A) San Antonio,San Antonio,0.4,1.0,0.25,4,16,4,4,0.5272297859191895,0.8583697080612183,0.35
4347,True,exact,0.7,A) rough,rough,0.35294117647058826,1.0,0.21428571428571427,3,14,3,3,0.291522741317749,0.6210845112800598,0.35
4348,True,exact,1.0,if a new batch of concrete was firm enough to use,if a new batch of concrete was firm enough to use,0.5454545454545454,1.0,0.375,3,8,3,3,0.46305498480796814,0.7215912938117981,0.35
4349,False,exact,0.3,B) how well the weather station would work when it was windy,if the weather station would work when the temperature was 50°C,0.4444444444444445,1.0,0.2857142857142857,4,14,4,4,0.3428306579589844,0.6580674052238464,0.35
4350,True,exact,0.7,A) Arctic fox,Arctic fox,0.5333333333333333,0.8,0.4,5,10,4,4,0.4100114405155182,0.9070367813110352,0.35
4351,True,exact,1.0,camouflage,camouflage,0.6666666666666666,1.0,0.5,3,6,3,3,0.4247228503227234,0.8140279054641724,0.35
4352,False,exact,0.3,B) Nauru,Samoa,0.33333333333333337,1.0,0.2,3,15,3,3,0.5245778560638428,0.9930989742279053,0.35
4353,True,exact,0.7,B) each pizza . . . the surroundings,each pizza . . . the surroundings,0.7142857142857143,1.0,0.5555555555555556,5,9,5,5,0.4164886176586151,0.7628141045570374,0.35
4354,True,exact,1.0,iodine,iodine,0.7142857142857143,1.0,0.5555555555555556,5,9,5,5,0.42775604128837585,0.828136682510376,0.35
4355,True,exact,0.7,B) Charleston,Charleston,0.4,0.6666666666666666,0.2857142857142857,3,7,2,2,0.3841283917427063,0.7759547233581543,0.35
4356,True,exact,0.7,B) Alouatta caraya,Alouatta caraya,0.6666666666666666,1.0,0.5,5,10,5,5,0.37918567657470703,0.7472122311592102,0.35
4357,True,exact,1.0,sweet,sweet,0.28571428571428575,0.5,0.2,4,10,2,2,0.22050337493419647,0.7236920595169067,0.35
4358,True,exact,0.7,B) Trenton,Trenton,0.6,1.0,0.42857142857142855,3,7,3,3,0.3744358420372009,0.5722583532333374,0.35
4359,True,exact,0.7,D) New Zealand,New Zealand,0.6153846153846153,1.0,0.4444444444444444,4,9,4,4,0.5477464199066162,0.9999999403953552,0.35
4360,True,exact,0.7,A) Massachusetts,Massachusetts,0.375,1.0,0.23076923076923078,3,13,3,3,0.4891584813594818,0.7966465353965759,0.35
4361,False,exact,1.0,accuracy,precision,0.6153846153846153,1.0,0.4444444444444444,4,9,4,4,0.38238728046417236,0.7116425633430481,0.35
4362,True,exact,1.0,polar bear,polar bear,0.5,1.0,0.3333333333333333,4,12,4,4,0.4630216062068939,0.9328643679618835,0.35
4363,True,exact,0.7,A) Saint Paul,Saint Paul,0.7499999999999999,1.0,0.6,3,5,3,3,0.4532551169395447,0.903846800327301,0.35
4364,True,exact,0.7,C) Idaho,Idaho,0.5333333333333333,1.0,0.36363636363636365,4,11,4,4,0.4115126430988312,0.7500382661819458,0.35
4365,True,exact,1.0,fragile,fragile,0.4285714285714285,0.75,0.3,4,10,3,3,0.23722799122333527,0.6465153694152832,0.35
4366,True,yes_no,1.0,false,false,0.42857142857142855,1.0,0.2727272727272727,3,11,3,3,0.426561564207077,0.7915515303611755,0.35
4367,True,exact,0.7,A) sample B,sample B,0.7499999999999999,1.0,0.6,6,10,6,6,0.45535704493522644,0.922974705696106,0.35
4368,True,exact,0.7,D) Concord,Concord,0.6666666666666666,1.0,0.5,3,6,3,3,0.4649392366409302,0.9018433094024658,0.35
4369,True,exact,0.7,A) Phoenix,Phoenix,0.46153846153846156,0.75,0.3333333333333333,4,9,3,3,0.4510870575904846,0.8242693543434143,0.35
4370,False,exact,0.3,Solomon Islands,the Marshall Islands,0.5714285714285715,1.0,0.4,4,10,4,4,0.32098549604415894,0.6099164485931396,0.35
4371,True,exact,0.7,D) Texas,Texas,0.4,1.0,0.25,3,12,3,3,0.48022645711898804,0.7190855741500854,0.35
4372,False,numeric_mismatch,0.0,B) The magnitude of the magnetic force is greater in Pair 2.,The magnitude of the magnetic force is greater in Pair 1.,0.5,1.0,0.3333333333333333,3,9,3,3,0.492049902677536,0.7847908139228821,0.35
4373,True,exact,1.0,Kevin can trade his tomatoes for Aaliyah's broccoli.,Kevin can trade his tomatoes for Aaliyah's broccoli.,0.5714285714285714,0.8,0.4444444444444444,5,9,4,4,0.3606393039226532,0.7083524465560913,0.35
4374,True,exact,0.7,B) how long it would take the sample fabric to dry after it absorbed one drop of water,how long it would take the sample fabric to dry after it absorbed one drop of water,0.42857142857142855,1.0,0.2727272727272727,3,11,3,3,0.5026121139526367,0.8434377908706665,0.35
4375,True,exact,0.7,C) Australia,Australia,0.2857142857142857,1.0,0.16666666666666666,2,12,2,2,0.5188188552856445,0.7673114538192749,0.35
4376,True,exact,1.0,if a new batch of concrete was firm enough to use,if a new batch of concrete was firm enough to use,0.375,1.0,0.23076923076923078,3,13,3,3,0.38695669174194336,0.7845697402954102,0.35
4377,True,exact,0.7,A) wombat,wombat,0.5333333333333333,1.0,0.36363636363636365,4,11,4,4,0.4436964690685272,0.6110444068908691,0.35
4378,True,exact,1.0,attract,attract,0.47058823529411764,1.0,0.3076923076923077,4,13,4,4,0.6182105541229248,0.9116580486297607,0.35
4379,True,exact,0.7,B) Dover,Dover,0.6,1.0,0.42857142857142855,3,7,3,3,0.3081798851490021,0.6626268029212952,0.35
4380,True,exact,0.7,A) sample A,sample A,0.7142857142857143,0.8333333333333334,0.625,6,8,5,5,0.4456345736980438,0.8935182094573975,0.35
4381,False,exact,0.3,turtle,dwarf crocodile,0.5714285714285714,0.8,0.4444444444444444,5,9,4,4,0.4637290835380554,0.6940694451332092,0.35
4382,True,exact,1.0,how long it would take the sample fabric to dry after it absorbed one drop of water,how long it would take the sample fabric to dry after it absorbed one drop of water,0.4444444444444445,1.0,0.2857142857142857,4,14,4,4,0.3231951594352722,0.7922551035881042,0.35
4383,True,exact,0.7,B) barn swallow,barn swallow,0.35294117647058826,1.0,0.21428571428571427,3,14,3,3,0.5146490931510925,0.9509020447731018,0.35
4384,True,exact,0.7,B) Strix aluco,Strix aluco,0.8571428571428571,1.0,0.75,6,8,6,6,0.5160579085350037,0.9302770495414734,0.35
4385,True,exact,0.7,B) Nashville,Nashville,0.6,1.0,0.42857142857142855,3,7,3,3,0.3984440267086029,0.7399868369102478,0.35
4386,False,exact,0.3,B) The magnitude of the magnetic force is the same in both pairs.,The magnitude of the magnetic force is smaller in Pair 2.,0.7272727272727273,1.0,0.5714285714285714,4,7,4,4,0.5018203854560852,0.8446235060691833,0.35
4387,True,exact,0.7,B) Oklahoma City,Oklahoma City,0.6,1.0,0.42857142857142855,3,7,3,3,0.42876502871513367,0.671638011932373,0.35
4388,True,exact,1.0,slippery,slippery,0.42857142857142855,1.0,0.2727272727272727,3,11,3,3,0.28156447410583496,0.919294536113739,0.35
4389,True,exact,1.0,collared lemming,collared lemming,0.7499999999999999,1.0,0.6,6,10,6,6,0.5107909440994263,0.8872866630554199,0.35
4390,True,exact,1.0,weather,weather,0.2,0.3333333333333333,0.14285714285714285,3,7,1,1,0.2423357516527176,0.5259614586830139,0.35
4391,True,exact,0.7,B) Asian golden weaver,Asian golden weaver,0.5333333333333333,1.0,0.36363636363636365,4,11,4,4,0.4157801568508148,0.8302302956581116,0.35
4392,True,exact,0.7,C) Olympia,Olympia,0.6153846153846153,1.0,0.4444444444444444,4,9,4,4,0.4781716763973236,0.932850182056427,0.35
4393,False,yes_no,1.0,false,true,0.6666666666666666,1.0,0.5,5,10,5,5,0.5112714767456055,0.8983008861541748,0.35
4394,True,exact,0.7,A) Missouri,Missouri,0.375,1.0,0.23076923076923078,3,13,3,3,0.4285847246646881,0.7691574692726135,0.35
4395,False,exact,0.3,bear sedge,grizzly bear,0.8,1.0,0.6666666666666666,4,6,4,4,0.4956791400909424,0.8537192344665527,0.35
4396,True,exact,1.0,They have four legs.,They have four legs.,0.6666666666666666,1.0,0.5,5,10,5,5,0.44492608308792114,0.877541184425354,0.35
4397,True,exact,1.0,wood,wood,0.5,1.0,0.3333333333333333,3,9,3,3,0.5070322751998901,0.9360295534133911,0.35
4398,False,exact,0.3,A) Saint Vincent and the Grenadines,The Bahamas,0.42857142857142855,1.0,0.2727272727272727,3,11,3,3,0.40817707777023315,0.6397043466567993,0.35
4399,False,exact,0.3,to the right than to the left,to the left than to the right,0.4615384615384615,1.0,0.3,3,10,3,3,0.46292656660079956,0.7544571757316589,0.35
4400,True,exact,0.7,A) Macropus agilis,Macropus agilis,0.5714285714285715,1.0,0.4,4,10,4,4,0.5684418678283691,0.9686757326126099,0.35
4401,True,exact,0.7,A) Solution B,Solution B,0.5454545454545454,1.0,0.375,3,8,3,3,0.6482328772544861,0.8936667442321777,0.35
4402,True,exact,0.7,D) Olympia,Olympia,0.5714285714285715,1.0,0.4,4,10,4,4,0.4198424220085144,0.7874376773834229,0.35
4403,True,exact,1.0,July,July,0.5,1.0,0.3333333333333333,4,12,4,4,0.4408998489379883,0.846970796585083,0.35
4404,True,exact,0.7,B) Trinidad and Tobago,Trinidad and Tobago,0.5,1.0,0.3333333333333333,3,9,3,3,0.4151904881000519,0.6803646683692932,0.35
4405,True,exact,0.7,C) Hyla cinerea,Hyla cinerea,0.625,1.0,0.45454545454545453,5,11,5,5,0.5397394299507141,0.931796669960022,0.35
4406,True,exact,0.7,A) Utah,Utah,0.3076923076923077,1.0,0.18181818181818182,2,11,2,2,0.4690500497817993,0.9207679033279419,0.35
4407,True,exact,0.7,B) white stork,white stork,0.4615384615384615,1.0,0.3,3,10,3,3,0.42587196826934814,0.6720823645591736,0.35
4408,True,exact,0.7,B) Maine,Maine,0.6153846153846153,1.0,0.4444444444444444,4,9,4,4,0.5060498118400574,0.9286591410636902,0.35
4409,True,exact,1.0,the plants that were soaked in water and sprayed,the plants that were soaked in water and sprayed,0.4,1.0,0.25,3,12,3,3,0.3232218325138092,0.7086490392684937,0.35
4410,True,exact,1.0,whether the filter was clogged,whether the filter was clogged,0.39999999999999997,0.75,0.2727272727272727,4,11,3,3,0.27041009068489075,0.5778204202651978,0.35
4411,True,exact,0.7,B) North America,North America,0.3076923076923077,1.0,0.18181818181818182,2,11,2,2,0.42586132884025574,0.6653282046318054,0.35
4412,False,numeric_mismatch,0.0,C) 0/4,2/4,0.47058823529411764,0.8,0.3333333333333333,5,12,4,4,0.3047190308570862,0.790378987789154,0.35
4413,True,numeric_exact,1.0,C) 2/4,2/4,0.4444444444444445,1.0,0.2857142857142857,4,14,4,4,0.28375664353370667,0.7627759575843811,0.35
4414,True,exact,1.0,if a new batch of concrete was firm enough to use,if a new batch of concrete was firm enough to use,0.42857142857142855,1.0,0.2727272727272727,3,11,3,3,0.41195622086524963,0.8178770542144775,0.35
4415,True,exact,0.7,A) The benches on the riverbank are partly underwater.,The benches on the riverbank are partly underwater.,0.4,1.0,0.25,2,8,2,2,0.34943848848342896,0.9523991942405701,0.35
4416,True,exact,0.7,A) Lepus californicus,Lepus californicus,0.5882352941176471,1.0,0.4166666666666667,5,12,5,5,0.5488121509552002,0.9306097030639648,0.35
4417,True,exact,0.7,A) Raleigh,Raleigh,0.5,1.0,0.3333333333333333,3,9,3,3,0.2652271091938019,0.5220940709114075,0.35
4418,False,yes_no,1.0,true,false,0.7692307692307693,1.0,0.625,5,8,5,5,0.5029528141021729,0.9541882276535034,0.35
4419,True,exact,1.0,plastic,plastic,0.4444444444444444,0.6666666666666666,0.3333333333333333,3,6,2,2,0.3915036618709564,0.7631011009216309,0.35
4420,True,exact,0.7,B) wool,wool,0.5,0.75,0.375,4,8,3,3,0.3673631250858307,0.7019182443618774,0.35
4421,False,exact,0.3,C) falcon,flamingo,0.38095238095238093,1.0,0.23529411764705882,4,17,4,4,0.4821341037750244,0.7544289231300354,0.35
4422,True,exact,0.7,B) scratchy,scratchy,0.3529411764705882,0.75,0.23076923076923078,4,13,3,3,0.32174015045166016,0.7492400407791138,0.35
4423,True,exact,0.7,C) Naomi can trade her tomatoes for Emilia's broccoli.,Naomi can trade her tomatoes for Emilia's broccoli.,0.6153846153846153,1.0,0.4444444444444444,4,9,4,4,0.47307220101356506,0.7449432015419006,0.35
4424,True,exact,1.0,yellow,yellow,0.375,1.0,0.23076923076923078,3,13,3,3,0.2580103576183319,0.5376213788986206,0.35
4425,True,exact,1.0,a gas,a gas,0.35294117647058826,1.0,0.21428571428571427,3,14,3,3,0.35379403829574585,0.8495424389839172,0.35
4426,True,exact,0.7,B) Nevada,Nevada,0.33333333333333337,1.0,0.2,3,15,3,3,0.49448031187057495,0.8410512208938599,0.35
4427,False,exact,0.3,A) lace monitor,spectacled cobra,0.5,1.0,0.3333333333333333,4,12,4,4,0.3621915280818939,0.6769701242446899,0.35
4428,True,exact,0.7,B) Boise,Boise,0.2,0.3333333333333333,0.14285714285714285,3,7,1,1,0.2539130747318268,0.7779343128204346,0.35
4429,True,exact,0.7,B) Cheyenne,Cheyenne,0.5454545454545454,1.0,0.375,3,8,3,3,0.3850778639316559,0.8986255526542664,0.35
4430,True,exact,0.7,A) Montpelier,Montpelier,0.375,1.0,0.23076923076923078,3,13,3,3,0.484474241733551,0.9230411648750305,0.35
4431,True,numeric_exact,1.0,C) H2O2,H2O2,0.3636363636363636,1.0,0.2222222222222222,2,9,2,2,0.49204131960868835,0.7578450441360474,0.35
4432,True,numeric_exact,1.0,whether a parachute with a 1 m vent would swing too much at 400 km per hour,how steady a parachute with a 1 m vent was at 200 km per hour,0.5333333333333333,1.0,0.36363636363636365,4,11,4,4,0.4484732747077942,0.7429278492927551,0.35
4433,True,exact,0.7,B) Indianapolis,Indianapolis,0.5,0.3333333333333333,1.0,3,1,1,1,0.476290225982666,0.5674177408218384,0.35
4434,True,exact,1.0,a higher elevation than,a higher elevation than,0.47058823529411764,1.0,0.3076923076923077,4,13,4,4,0.4742213487625122,0.7788851857185364,0.35
4435,False,exact,0.3,B) Dave can trade his almonds for Sarah's tomatoes.,Sarah can trade her tomatoes for Dave's broccoli.,0.625,1.0,0.45454545454545453,5,11,5,5,0.439117431640625,0.7925332188606262,0.35
4436,True,exact,1.0,It has year-round rain. It also has many different types of organisms.,It has year-round rain. It also has many different types of organisms.,0.5,1.0,0.3333333333333333,4,12,4,4,0.3231378495693207,0.7526692152023315,0.35
4437,True,exact,1.0,Australia,Australia,0.4,1.0,0.25,3,12,3,3,0.52486252784729,0.804819643497467,0.35
4438,True,exact,0.7,D) Cheyenne,Cheyenne,0.6666666666666666,1.0,0.5,3,6,3,3,0.38843995332717896,0.8124602437019348,0.35
4439,True,exact,0.7,C) Annapolis,Annapolis,0.6,1.0,0.42857142857142855,3,7,3,3,0.4644941985607147,0.8417168855667114,0.35
4440,True,exact,0.7,B) Salem,Salem,0.6666666666666666,1.0,0.5,3,6,3,3,0.39068400859832764,0.9088523387908936,0.35
4441,True,exact,0.7,C) New York,New York,0.375,1.0,0.23076923076923078,3,13,3,3,0.43204331398010254,0.6624380350112915,0.35
4442,True,exact,0.7,D) Tara can trade her tomatoes for Jeremiah's broccoli.,Tara can trade her tomatoes for Jeremiah's broccoli.,0.7692307692307693,1.0,0.625,5,8,5,5,0.4264037013053894,0.8848968744277954,0.35
4443,True,exact,0.7,A) Tallahassee,Tallahassee,0.2222222222222222,0.3333333333333333,0.16666666666666666,3,6,1,1,0.2123626321554184,0.3687344789505005,0.35
4444,True,exact,0.7,C) sample A,sample A,0.6666666666666666,1.0,0.5,5,10,5,5,0.49394816160202026,0.9157814383506775,0.35
4445,True,exact,1.0,a compound,a compound,0.6153846153846153,1.0,0.4444444444444444,4,9,4,4,0.47346031665802,0.8512190580368042,0.35
4446,True,exact,0.7,B) She wanted to travel to outer space.,She wanted to travel to outer space.,0.375,0.75,0.25,4,12,3,3,0.33041658997535706,0.687717616558075,0.35
4447,False,exact,0.3,Does fabric turn darker when soaked in a mixture of black dye and water for 15 minutes compared to 30 minutes?,Does linen fabric turn darker than cotton fabric when soaked in a mixture of black dye and water?,0.4210526315789474,1.0,0.26666666666666666,4,15,4,4,0.4384823143482208,0.7671547532081604,0.35
4448,True,exact,1.0,a gas,a gas,0.4615384615384615,1.0,0.3,3,10,3,3,0.3412446677684784,0.8626318573951721,0.35
4449,False,exact,0.3,aardvark,Eurasian lynx,0.375,1.0,0.23076923076923078,3,13,3,3,0.5125813484191895,0.8452126383781433,0.35
4450,True,exact,1.0,weather,weather,0.4,1.0,0.25,3,12,3,3,0.22468219697475433,0.4690282344818115,0.35
4451,False,exact,1.0,weather,climate,0.4,1.0,0.25,3,12,3,3,0.3188995122909546,0.5146642327308655,0.35
4452,True,exact,0.7,D) Australia,Australia,0.5,1.0,0.3333333333333333,4,12,4,4,0.526872456073761,0.8559648990631104,0.35
4453,True,exact,0.7,C) Lincoln,Lincoln,0.30769230769230765,0.6666666666666666,0.2,3,10,2,2,0.34579068422317505,0.8149862885475159,0.35
4454,True,exact,1.0,shiny,shiny,0.4210526315789474,1.0,0.26666666666666666,4,15,4,4,0.382721871137619,0.8168497681617737,0.35
4455,True,exact,0.7,A) Columbia,Columbia,0.26666666666666666,0.6666666666666666,0.16666666666666666,3,12,2,2,0.2984367609024048,0.4937281608581543,0.35
4456,True,exact,1.0,glass,glass,0.3636363636363636,1.0,0.2222222222222222,2,9,2,2,0.527949869632721,0.8406690955162048,0.35
4457,True,exact,0.7,A) starry moray,starry moray,0.6666666666666666,1.0,0.5,3,6,3,3,0.3516266644001007,0.5896307826042175,0.35
4458,False,exact,0.3,A) Massachusetts,Rhode Island,0.4,1.0,0.25,3,12,3,3,0.4208233654499054,0.7003534436225891,0.35
4459,True,exact,1.0,It has hot summers. It also has soil that is rich in nutrients.,It has hot summers. It also has soil that is rich in nutrients.,0.8333333333333333,1.0,0.7142857142857143,5,7,5,5,0.4179355204105377,0.783665120601654,0.35
4460,True,exact,0.7,B) Albany,Albany,0.47058823529411764,1.0,0.3076923076923077,4,13,4,4,0.3902739882469177,0.9159796833992004,0.35
4461,False,exact,0.3,A) Palau,Samoa,0.42857142857142855,1.0,0.2727272727272727,3,11,3,3,0.34018588066101074,0.5978307723999023,0.35
4462,True,exact,0.7,B) Des Moines,Des Moines,0.6,1.0,0.42857142857142855,3,7,3,3,0.4842098653316498,0.8877686858177185,0.35
4463,True,numeric_exact,1.0,B) The magnitude of the magnetic force is smaller in Pair 2.,The magnitude of the magnetic force is smaller in Pair 2.,0.6666666666666666,1.0,0.5,4,8,4,4,0.6707037687301636,0.9546107649803162,0.35
4464,True,exact,0.7,C) Oklahoma City,Oklahoma City,0.6666666666666666,1.0,0.5,3,6,3,3,0.5251328349113464,0.9081563949584961,0.35
4465,True,exact,0.7,D) Little Rock,Little Rock,0.5714285714285715,1.0,0.4,2,5,2,2,0.39381667971611023,0.7560903429985046,0.35
4466,False,numeric_mismatch,0.0,The magnetic force is weaker in Pair 2.,The magnetic force is weaker in Pair 1.,0.375,1.0,0.23076923076923078,3,13,3,3,0.6654781699180603,0.9034795761108398,0.35
4467,True,exact,0.7,C) kelp bass,kelp bass,0.5263157894736842,1.0,0.35714285714285715,5,14,5,5,0.44015392661094666,0.8166818022727966,0.35
4468,True,exact,0.7,B) Denver,Denver,0.4444444444444444,0.6666666666666666,0.3333333333333333,3,6,2,2,0.2633005678653717,0.4312836825847626,0.35
4469,True,exact,1.0,shiny,shiny,0.375,0.75,0.25,4,12,3,3,0.28612226247787476,0.7186986207962036,0.35
4470,True,exact,0.7,D) Cheyenne,Cheyenne,0.4615384615384615,1.0,0.3,3,10,3,3,0.3268364369869232,0.7269039154052734,0.35
4471,True,exact,0.7,C) sample A,sample A,0.5882352941176471,1.0,0.4166666666666667,5,12,5,5,0.43743979930877686,0.7952176332473755,0.35
4472,True,exact,0.7,C) the Babylonian Empire,the Babylonian Empire,0.6153846153846153,1.0,0.4444444444444444,4,9,4,4,0.4975997507572174,0.835842490196228,0.35
4473,True,exact,0.7,C) Alligator sinensis,Alligator sinensis,0.5714285714285715,1.0,0.4,4,10,4,4,0.6354449987411499,0.9828150272369385,0.35
4474,True,exact,1.0,attract,attract,0.4615384615384615,1.0,0.3,3,10,3,3,0.5511360764503479,0.8548017144203186,0.35
4475,True,exact,0.7,D) piranha,piranha,0.4444444444444445,1.0,0.2857142857142857,4,14,4,4,0.4448903501033783,0.7241778373718262,0.35
4476,True,exact,1.0,attract,attract,0.6666666666666666,1.0,0.5,4,8,4,4,0.47122853994369507,0.7935830354690552,0.35
4477,True,exact,0.7,B) Haiti,Haiti,0.33333333333333337,1.0,0.2,3,15,3,3,0.4368042051792145,0.7142699360847473,0.35
4478,True,exact,0.7,C) Salt Lake City,Salt Lake City,0.4444444444444444,0.6666666666666666,0.3333333333333333,3,6,2,2,0.28865212202072144,0.5790241956710815,0.35
4479,True,numeric_exact,1.0,B) CLCN1 gene . . . chloride channel protein,CLCN1 gene . . . chloride channel protein,0.5454545454545454,1.0,0.375,3,8,3,3,0.5805324912071228,0.9430013298988342,0.35
4480,False,numeric_mismatch,0.0,The magnetic force is stronger in Pair 2.,The magnetic force is stronger in Pair 1.,0.4,1.0,0.25,3,12,3,3,0.6296244859695435,0.894768238067627,0.35
4481,True,exact,0.7,A) oxygen,oxygen,0.6,1.0,0.42857142857142855,3,7,3,3,0.3597511649131775,0.7883132696151733,0.35
4482,True,exact,1.0,Australia,Australia,0.4,1.0,0.25,3,12,3,3,0.45133161544799805,0.6938693523406982,0.35
4483,True,exact,0.7,B) box turtle,box turtle,0.5714285714285715,1.0,0.4,4,10,4,4,0.38973647356033325,0.6910703778266907,0.35
4484,True,exact,0.7,C) the Pacific Ocean,the Pacific Ocean,0.35294117647058826,1.0,0.21428571428571427,3,14,3,3,0.5534944534301758,0.8915414214134216,0.35
4485,False,exact,0.3,the surroundings . . . each cake,each cake . . . the surroundings,0.6666666666666666,1.0,0.5,5,10,5,5,0.5616734623908997,0.9200178980827332,0.35
4486,False,exact,0.3,C) Phoenix,Las Vegas,0.4,1.0,0.25,3,12,3,3,0.42123642563819885,0.5892394185066223,0.35
4487,False,yes_no,1.0,true,false,0.4,1.0,0.25,3,12,3,3,0.4763261377811432,0.8113267421722412,0.35
4488,True,exact,0.7,B) pathos (emotion),pathos (emotion),0.30769230769230765,0.6666666666666666,0.2,3,10,2,2,0.2600652873516083,0.5204961895942688,0.35
4489,True,exact,0.7,B) sample B,sample B,0.5882352941176471,1.0,0.4166666666666667,5,12,5,5,0.4723133146762848,0.8962674736976624,0.35
4490,True,exact,1.0,silver maple,silver maple,0.5,1.0,0.3333333333333333,3,9,3,3,0.40127092599868774,0.7919663786888123,0.35
4491,True,exact,1.0,push,push,0.4,1.0,0.25,3,12,3,3,0.4910760521888733,0.9605161547660828,0.35
4492,True,exact,0.7,B) Columbus,Columbus,0.25,0.5,0.16666666666666666,2,6,1,1,0.3169785141944885,0.5526992082595825,0.35
4493,True,exact,0.7,D) Terrell can trade his tomatoes for Allie's broccoli.,Terrell can trade his tomatoes for Allie's broccoli.,0.5263157894736842,1.0,0.35714285714285715,5,14,5,5,0.39234182238578796,0.8110794425010681,0.35
4494,True,exact,1.0,European beaver,European beaver,0.42857142857142855,1.0,0.2727272727272727,3,11,3,3,0.45501694083213806,0.7192212343215942,0.35
4495,True,exact,0.7,A) Boston,Boston,0.8,1.0,0.6666666666666666,4,6,4,4,0.5007380843162537,0.8265493512153625,0.35
4496,True,exact,0.7,C) Pierre,Pierre,0.36363636363636365,0.6666666666666666,0.25,3,8,2,2,0.29292264580726624,0.5670090317726135,0.35
4497,False,exact,0.3,Does fabric turn darker when soaked in a mixture of black dye and water for 15 minutes compared to 30 minutes?,Does linen fabric turn darker than cotton fabric when soaked in a mixture of black dye and water?,0.4,1.0,0.25,4,16,4,4,0.4623260498046875,0.7850699424743652,0.35
4498,True,exact,0.7,B) painted stork,painted stork,0.5454545454545454,0.75,0.42857142857142855,4,7,3,3,0.3926282525062561,0.794975996017456,0.35
4499,True,exact,1.0,weather,weather,0.33333333333333337,1.0,0.2,3,15,3,3,0.3320232927799225,0.4958002269268036,0.35
4500,True,numeric_exact,1.0,C) The magnitude of the magnetic force is smaller in Pair 1.,The magnitude of the magnetic force is smaller in Pair 1.,0.5,1.0,0.3333333333333333,3,9,3,3,0.5771954655647278,0.8412831425666809,0.35
4501,True,exact,0.7,B) Alligator mississippiensis,Alligator mississippiensis,0.6,1.0,0.42857142857142855,6,14,6,6,0.4846974313259125,0.8711546063423157,0.35
4502,True,exact,1.0,opaque,opaque,0.14285714285714288,0.25,0.1,4,10,1,1,0.2193526029586792,0.6843705773353577,0.35
4503,True,exact,0.7,A) Helena,Helena,0.5,0.3333333333333333,1.0,3,1,1,1,0.4479633867740631,0.5197433233261108,0.35
4504,True,exact,1.0,translucent,translucent,0.33333333333333326,0.375,0.3,8,10,3,3,0.20797982811927795,0.47940024733543396,0.35
4505,True,exact,0.7,C) Atlanta,Atlanta,0.6666666666666666,1.0,0.5,3,6,3,3,0.45145145058631897,0.77646404504776,0.35
4506,True,exact,1.0,plastic,plastic,0.4,1.0,0.25,2,8,2,2,0.4790128767490387,0.8508936762809753,0.35
4507,True,exact,1.0,a compound,a compound,0.5333333333333333,1.0,0.36363636363636365,4,11,4,4,0.4737752676010132,0.8361173272132874,0.35
4508,True,exact,0.7,"C) Washington, D.C.","Washington, D.C.",0.375,0.75,0.25,4,12,3,3,0.29961147904396057,0.7124189734458923,0.35
4509,True,exact,0.7,A) Castor canadensis,Castor canadensis,0.7692307692307693,1.0,0.625,5,8,5,5,0.4353751540184021,0.836828887462616,0.35
4510,True,exact,0.7,C) sample A,sample A,0.7499999999999999,1.0,0.6,6,10,6,6,0.43734315037727356,0.8368936777114868,0.35
4511,True,exact,1.0,the surroundings . . . each refrigerator,the surroundings . . . each refrigerator,0.625,1.0,0.45454545454545453,5,11,5,5,0.4437828063964844,0.8009059429168701,0.35
4512,False,exact,0.3,B) leaf-tailed gecko,tiger shark,0.7272727272727273,1.0,0.5714285714285714,4,7,4,4,0.4072166383266449,0.7529040575027466,0.35
4513,True,numeric_exact,1.0,BF3,BF3,0.6666666666666667,0.8333333333333334,0.5555555555555556,6,9,5,5,0.3468402326107025,0.7203302383422852,0.35
4514,False,exact,0.3,C) the Douglas fir trees and the long-eared owls,the western red cedar trees,0.6153846153846154,0.8,0.5,5,8,4,4,0.38052260875701904,0.8760403990745544,0.35
4515,False,exact,0.3,D) Solomon Islands,the Marshall Islands,0.4615384615384615,1.0,0.3,3,10,3,3,0.4055884778499603,0.9999999403953552,0.35
4516,True,exact,0.7,D) West Virginia,West Virginia,0.8,1.0,0.6666666666666666,4,6,4,4,0.5137085318565369,0.7504866123199463,0.35
4517,False,exact,0.3,B) He was an African grey parrot.,He was able to do math.,0.25,0.5,0.16666666666666666,4,12,2,2,0.3288517892360687,0.8239632248878479,0.35
4518,False,exact,0.3,C) Kathleen can trade her almonds for Emmet's tomatoes.,Emmet can trade his tomatoes for Kathleen's broccoli.,0.7368421052631579,0.875,0.6363636363636364,8,11,7,7,0.41882315278053284,0.8560159206390381,0.35
4519,True,exact,1.0,roaring,roaring,0.33333333333333337,1.0,0.2,2,10,2,2,0.3742319345474243,0.7558239102363586,0.35
4520,False,exact,0.3,to the left than to the right,to the right than to the left,0.33333333333333337,1.0,0.2,3,15,3,3,0.4952503740787506,0.8613165616989136,0.35
4521,True,exact,1.0,Europe,Europe,0.2857142857142857,1.0,0.16666666666666666,2,12,2,2,0.6845617890357971,0.84814453125,0.35
4522,False,exact,0.3,Can pennies hold more drops of water mixed with hand soap or water mixed with dish soap?,Can pennies hold more drops of pure water or water mixed with hand soap?,0.5714285714285715,1.0,0.4,4,10,4,4,0.39188581705093384,0.7498528361320496,0.35
4523,True,exact,0.7,B) Delaware,Delaware,0.5,1.0,0.3333333333333333,3,9,3,3,0.41716665029525757,0.7412562966346741,0.35
4524,True,exact,1.0,attract,attract,0.5,0.3333333333333333,1.0,3,1,1,1,0.5937702059745789,0.6240012645721436,0.35
4525,True,exact,1.0,It has soil that is rich in nutrients.,It has soil that is rich in nutrients.,0.5882352941176471,1.0,0.4166666666666667,5,12,5,5,0.3952580392360687,0.5901461243629456,0.35
4526,True,numeric_exact,1.0,more than 150 years,more than 150 years,0.6,0.75,0.5,4,6,3,3,0.3086797595024109,0.9190382957458496,0.35
4527,False,numeric_mismatch,0.0,The magnetic force is stronger in Pair 1.,The magnetic force is stronger in Pair 2.,0.5454545454545454,1.0,0.375,3,8,3,3,0.625059187412262,0.8053256869316101,0.35
4528,True,exact,1.0,California gull,California gull,0.5714285714285715,1.0,0.4,4,10,4,4,0.47068071365356445,0.7659441828727722,0.35
4529,True,exact,1.0,New Mexico,New Mexico,0.6,1.0,0.42857142857142855,3,7,3,3,0.3381349444389343,0.5444124937057495,0.35
4530,True,exact,1.0,flamingo,flamingo,0.5333333333333333,1.0,0.36363636363636365,4,11,4,4,0.46567457914352417,0.7213701605796814,0.35
4531,True,exact,0.7,B) sample A,sample A,0.5,1.0,0.3333333333333333,5,15,5,5,0.48992788791656494,0.8557941913604736,0.35
4532,True,exact,1.0,rough,rough,0.6666666666666666,1.0,0.5,3,6,3,3,0.4473510980606079,0.849185585975647,0.35
4533,True,numeric_exact,1.0,B) The magnitude of the magnetic force is greater in Pair 2.,The magnitude of the magnetic force is greater in Pair 2.,0.7272727272727272,0.8,0.6666666666666666,5,6,4,4,0.48873358964920044,0.9306220412254333,0.35
4534,True,exact,0.7,C) Pelecanus occidentalis,Pelecanus occidentalis,0.5714285714285715,1.0,0.4,6,15,6,6,0.40754929184913635,0.9186496138572693,0.35
4535,True,exact,0.7,A) bull shark,bull shark,0.4615384615384615,1.0,0.3,3,10,3,3,0.41824114322662354,0.778332531452179,0.35
4536,False,exact,0.3,The magnitude of the magnetic force is the same in both pairs.,The magnitude of the magnetic force is greater in Pair 1.,0.8571428571428571,1.0,0.75,6,8,6,6,0.5272245407104492,0.8388620615005493,0.35
4537,False,exact,0.3,if the sample fabric would absorb one drop of water in less than one second,how long it would take the sample fabric to dry after it absorbed one drop of water,0.5,1.0,0.3333333333333333,3,9,3,3,0.47415563464164734,0.7408085465431213,0.35
4538,True,exact,0.7,B) Alligator sinensis,Alligator sinensis,0.5714285714285715,1.0,0.4,4,10,4,4,0.5122710466384888,0.8956567645072937,0.35
4539,False,exact,0.3,Can pennies hold more drops of water mixed with hand soap or water mixed with dish soap?,Can pennies hold more drops of pure water or water mixed with hand soap?,0.6153846153846153,1.0,0.4444444444444444,4,9,4,4,0.41642138361930847,0.8453112244606018,0.35
4540,True,exact,0.7,B) Phoenix,Phoenix,0.5714285714285715,1.0,0.4,4,10,4,4,0.45237478613853455,0.8811333179473877,0.35
4541,True,exact,0.7,D) Concord,Concord,0.42857142857142855,1.0,0.2727272727272727,3,11,3,3,0.25578072667121887,0.9009499549865723,0.35
4542,True,exact,0.7,B) Salem,Salem,0.25,1.0,0.14285714285714285,2,14,2,2,0.52525794506073,0.7803984880447388,0.35
4543,True,exact,0.7,B) Haiti,Haiti,0.5,1.0,0.3333333333333333,3,9,3,3,0.4274768531322479,0.6192173361778259,0.35
4544,True,exact,0.7,b) barking tree frog,barking tree frog,0.5454545454545454,0.75,0.42857142857142855,4,7,3,3,0.3780641555786133,0.7266973853111267,0.35
4545,True,exact,0.7,C) Massachusetts,Massachusetts,0.42857142857142855,1.0,0.2727272727272727,3,11,3,3,0.43585920333862305,0.8363847732543945,0.35
4546,True,exact,0.7,C) sedimentary,sedimentary,0.5454545454545454,1.0,0.375,3,8,3,3,0.48542091250419617,0.7259259223937988,0.35
4547,True,yes_no,1.0,yes,yes,0.33333333333333337,1.0,0.2,3,15,3,3,0.6939287185668945,0.8873609304428101,0.35
4548,True,exact,1.0,opaque,opaque,0.11111111111111112,0.25,0.07142857142857142,4,14,1,1,0.14748451113700867,0.35950013995170593,0.35
4549,True,exact,0.7,A) Cheyenne,Cheyenne,0.30769230769230765,0.6666666666666666,0.2,3,10,2,2,0.36255165934562683,0.8199183940887451,0.35
4550,False,exact,0.3,neither; their concentrations are the same,Solution A,0.5,1.0,0.3333333333333333,3,9,3,3,0.5409151911735535,0.9051824808120728,0.35
4551,True,exact,0.7,C) Leo can trade his tomatoes for Caden's broccoli.,Leo can trade his tomatoes for Caden's broccoli.,0.7142857142857143,1.0,0.5555555555555556,5,9,5,5,0.40962469577789307,0.7828290462493896,0.35
4552,True,exact,1.0,Erinaceus europaeus,Erinaceus europaeus,0.6,0.75,0.5,4,6,3,3,0.48055824637413025,0.9107862114906311,0.35
4553,True,exact,1.0,Do steel nails take fewer days to rust in water compared to vinegar?,Do steel nails take fewer days to rust in water compared to vinegar?,0.5555555555555556,1.0,0.38461538461538464,5,13,5,5,0.3719322383403778,0.7584977746009827,0.35
4554,False,exact,0.3,B) ethos (character),logos (reason),0.3333333333333333,0.4,0.2857142857142857,5,7,2,2,0.15332847833633423,0.4841265380382538,0.35
4555,True,exact,0.7,D) Pierre,Pierre,0.4444444444444444,0.6666666666666666,0.3333333333333333,3,6,2,2,0.27057406306266785,0.4957343339920044,0.35
4556,True,exact,1.0,Both fought in the French and Indian War.,Both fought in the French and Indian War.,0.36363636363636365,0.5,0.2857142857142857,4,7,2,2,0.2711525559425354,0.7101935744285583,0.35
4557,True,yes_no,1.0,false,false,0.4210526315789474,1.0,0.26666666666666666,4,15,4,4,0.3423078954219818,0.7784581184387207,0.35
4558,True,exact,0.7,B) Argema mittrei,Argema mittrei,0.6666666666666666,1.0,0.5,5,10,5,5,0.48106834292411804,0.8926882743835449,0.35
4559,False,exact,0.3,to the right than to the left,to the left than to the right,0.375,1.0,0.23076923076923078,3,13,3,3,0.5280237793922424,0.8264760375022888,0.35
4560,True,exact,1.0,The Gulf of Mexico contains salt water.,The Gulf of Mexico contains salt water.,0.4615384615384615,1.0,0.3,3,10,3,3,0.4989103376865387,0.888999879360199,0.35
4561,True,exact,0.7,D) Nebraska,Nebraska,0.6666666666666666,1.0,0.5,3,6,3,3,0.44044435024261475,0.9060636758804321,0.35
4562,True,exact,1.0,It has soil that is rich in nutrients.,It has soil that is rich in nutrients.,0.5454545454545454,1.0,0.375,3,8,3,3,0.4865206778049469,0.75390625,0.35
4563,True,exact,0.7,C) Montgomery,Montgomery,0.4444444444444445,0.5,0.4,4,5,2,2,0.3845992684364319,0.894469141960144,0.35
4564,True,exact,0.7,D) Oklahoma,Oklahoma,0.4615384615384615,1.0,0.3,3,10,3,3,0.44537827372550964,0.7367105484008789,0.35
4565,False,exact,0.3,It has soil that is poor in nutrients. It also has other water ecosystems nearby.,It has soil that is rich in nutrients. It also has other water ecosystems nearby.,0.6153846153846153,1.0,0.4444444444444444,4,9,4,4,0.4254690408706665,0.722790002822876,0.35
4566,True,exact,1.0,He makes a plan with Juliet to run away.,He makes a plan with Juliet to run away.,0.33333333333333337,0.2,1.0,5,1,1,1,0.542054295539856,0.5744397640228271,0.35
4567,True,exact,0.7,B) Cheyenne,Cheyenne,0.36363636363636365,0.6666666666666666,0.25,3,8,2,2,0.2535359561443329,0.48413515090942383,0.35
4568,False,exact,0.3,sunlight,stable temperatures,0.7058823529411764,1.0,0.5454545454545454,6,11,6,6,0.372321754693985,0.7656895518302917,0.35
4569,False,exact,0.3,neither; their concentrations are the same,Solution B,0.6666666666666666,1.0,0.5,3,6,3,3,0.5178810358047485,0.8574545979499817,0.35
4570,True,yes_no,1.0,false,false,0.42857142857142855,1.0,0.2727272727272727,3,11,3,3,0.42854392528533936,0.7945249676704407,0.35
4571,False,exact,1.0,porcelain,metal,0.5454545454545454,1.0,0.375,3,8,3,3,0.3381679952144623,0.6376306414604187,0.35
4572,True,exact,1.0,Mesozoic era,Mesozoic era,0.42857142857142855,1.0,0.2727272727272727,3,11,3,3,0.47163528203964233,0.7910730838775635,0.35
4573,False,exact,0.3,a mature fern,a heart-shaped plant,0.5555555555555556,1.0,0.38461538461538464,5,13,5,5,0.5044580698013306,1.0000001192092896,0.35
4574,True,exact,0.7,C) Kiribati,Kiribati,0.25,0.5,0.16666666666666666,4,12,2,2,0.27469852566719055,0.6233305931091309,0.35
4575,True,exact,1.0,It has daily flooding and draining of seawater. It also has water that is rich in nutrients.,It has daily flooding and draining of seawater. It also has water that is rich in nutrients.,0.7499999999999999,1.0,0.6,3,5,3,3,0.38621920347213745,0.8833556771278381,0.35
4576,False,numeric_mismatch,0.0,B) The magnitude of the magnetic force is greater in Pair 1.,The magnitude of the magnetic force is greater in Pair 2.,0.6153846153846153,1.0,0.4444444444444444,4,9,4,4,0.5438454151153564,0.8851275444030762,0.35
4577,True,yes_no,1.0,no,no,0.5,0.75,0.375,4,8,3,3,0.38932713866233826,0.9314663410186768,0.35
4578,True,exact,0.7,B) starry moray,starry moray,0.46153846153846156,0.75,0.3333333333333333,4,9,3,3,0.3931524157524109,0.6606729030609131,0.35
4579,True,exact,0.7,B) sample B,sample B,0.7142857142857143,1.0,0.5555555555555556,5,9,5,5,0.48331108689308167,0.8369736671447754,0.35
4580,False,exact,0.3,zooplankton,kelp bass,0.5555555555555556,1.0,0.38461538461538464,5,13,5,5,0.45713651180267334,0.8554994463920593,0.35
4581,True,exact,0.7,B) Connecticut,Connecticut,0.4615384615384615,1.0,0.3,3,10,3,3,0.4110129773616791,0.7917129993438721,0.35
4582,True,exact,0.7,A) A plant's flowers make seeds.,A plant's flowers make seeds.,0.6666666666666665,0.75,0.6,8,10,6,6,0.39526933431625366,0.9058990478515625,0.35
4583,False,exact,0.3,brown lemming,bilberry,0.47058823529411764,1.0,0.3076923076923077,4,13,4,4,0.41370153427124023,0.7945090532302856,0.35
4584,True,exact,0.7,B) Pelecanus philippensis,Pelecanus philippensis,0.7058823529411764,1.0,0.5454545454545454,6,11,6,6,0.5228464007377625,0.9583526849746704,0.35
4585,True,exact,0.7,B) Bryce can trade his tomatoes for Victor's broccoli.,Bryce can trade his tomatoes for Victor's broccoli.,0.5555555555555556,0.7142857142857143,0.45454545454545453,7,11,5,5,0.31741252541542053,0.8723428845405579,0.35
4586,True,exact,1.0,western Africa,western Africa,0.2222222222222222,0.3333333333333333,0.16666666666666666,3,6,1,1,0.2728193402290344,0.6925700306892395,0.35
4587,True,yes_no,1.0,yes,yes,0.6666666666666666,1.0,0.5,3,6,3,3,0.4553784132003784,0.8501389622688293,0.35
4588,True,exact,1.0,whether the filter was clogged,whether the filter was clogged,0.5263157894736842,0.8333333333333334,0.38461538461538464,6,13,5,5,0.34043142199516296,0.7468569278717041,0.35
4589,True,exact,0.7,C) five arms,five arms,0.5,1.0,0.3333333333333333,4,12,4,4,0.3232537806034088,0.7116329073905945,0.35
4590,True,exact,0.7,B) Sadie can trade her tomatoes for Kira's broccoli.,Sadie can trade her tomatoes for Kira's broccoli.,0.6956521739130436,1.0,0.5333333333333333,8,15,8,8,0.4327682554721832,0.8564033508300781,0.35
4591,True,exact,1.0,red salamander,red salamander,0.5454545454545454,0.75,0.42857142857142855,4,7,3,3,0.39217662811279297,0.5363805890083313,0.35
4592,True,exact,0.7,C) bouncy,bouncy,0.30769230769230765,0.6666666666666666,0.2,3,10,2,2,0.14787393808364868,0.47430139780044556,0.35
4593,True,exact,0.7,A) Cheyenne,Cheyenne,0.4444444444444444,0.6666666666666666,0.3333333333333333,3,6,2,2,0.26011836528778076,0.48654335737228394,0.35
4594,True,exact,0.7,B) wattled jacana,wattled jacana,0.5714285714285715,1.0,0.4,4,10,4,4,0.4251726567745209,0.9335343837738037,0.35
4595,True,exact,0.7,B) Madison,Madison,0.36363636363636365,0.6666666666666666,0.25,3,8,2,2,0.27783361077308655,0.5191435217857361,0.35
4596,False,exact,0.3,B) clown triggerfish,bat ray,0.6666666666666666,1.0,0.5,4,8,4,4,0.4087718725204468,0.7487294673919678,0.35
4597,True,exact,0.7,C) Edwin can trade his tomatoes for Brenda's broccoli.,Edwin can trade his tomatoes for Brenda's broccoli.,0.8333333333333333,1.0,0.7142857142857143,5,7,5,5,0.47378402948379517,0.9674935936927795,0.35
4598,True,exact,0.7,D) Nevada,Nevada,0.4615384615384615,1.0,0.3,3,10,3,3,0.3715929090976715,0.6872064471244812,0.35
4599,True,exact,1.0,if a new batch of concrete was firm enough to use,if a new batch of concrete was firm enough to use,0.4,1.0,0.25,3,12,3,3,0.49860960245132446,0.7835605144500732,0.35
4600,True,exact,0.7,A) Caprimulgus europaeus,Caprimulgus europaeus,0.8,1.0,0.6666666666666666,6,9,6,6,0.5238120555877686,0.9304481148719788,0.35
4601,True,exact,1.0,blue,blue,0.39999999999999997,0.75,0.2727272727272727,4,11,3,3,0.22630853950977325,0.6860737204551697,0.35
4602,True,exact,1.0,Justine can trade her tomatoes for Caleb's broccoli.,Justine can trade her tomatoes for Caleb's broccoli.,0.7692307692307693,1.0,0.625,5,8,5,5,0.4224727749824524,0.7724418640136719,0.35
4603,True,exact,0.7,B) Charleston,Charleston,0.36363636363636365,0.6666666666666666,0.25,3,8,2,2,0.3520612418651581,0.9091948866844177,0.35
4604,True,exact,0.7,C) Denver,Denver,0.3333333333333333,0.6666666666666666,0.2222222222222222,3,9,2,2,0.3533216714859009,0.570559561252594,0.35
4605,True,exact,0.7,C) Carson City,Carson City,0.28571428571428575,0.6666666666666666,0.18181818181818182,3,11,2,2,0.3641691207885742,0.9016125202178955,0.35
4606,True,exact,0.7,A) Bubo scandiacus,Bubo scandiacus,0.5714285714285714,0.8,0.4444444444444444,5,9,4,4,0.4322578012943268,0.9170992970466614,0.35
4607,True,exact,1.0,the Atlantic Ocean,the Atlantic Ocean,0.5,0.75,0.375,4,8,3,3,0.27637428045272827,0.7434620261192322,0.35
4608,True,exact,1.0,Do more bacteria grow in liquid with cinnamon than in liquid without cinnamon?,Do more bacteria grow in liquid with cinnamon than in liquid without cinnamon?,0.4,1.0,0.25,4,16,4,4,0.385461688041687,0.8654449582099915,0.35
4609,True,exact,0.7,D) the Pacific Ocean,the Pacific Ocean,0.42857142857142855,1.0,0.2727272727272727,3,11,3,3,0.5947980880737305,0.962096095085144,0.35
4610,True,exact,0.7,A) operant conditioning,operant conditioning,0.4210526315789474,1.0,0.26666666666666666,4,15,4,4,0.3034161329269409,0.7406663298606873,0.35
4611,True,exact,1.0,neither; the samples have the same temperature,neither; the samples have the same temperature,0.5714285714285715,1.0,0.4,4,10,4,4,0.47069597244262695,0.8661316633224487,0.35
4612,True,exact,0.7,pathos,pathos (emotion),0.36363636363636365,0.6666666666666666,0.25,3,8,2,2,0.27880072593688965,0.7025085687637329,0.35
4613,True,exact,1.0,Asia,Asia,0.375,1.0,0.23076923076923078,3,13,3,3,0.461260050535202,0.9907064437866211,0.35
4614,True,exact,0.7,C) The magnitude of the magnetic force is the same in both pairs.,The magnitude of the magnetic force is the same in both pairs.,0.5333333333333333,1.0,0.36363636363636365,4,11,4,4,0.5208716988563538,0.8024370074272156,0.35
4615,True,exact,1.0,blue poison dart frog,blue poison dart frog,0.625,1.0,0.45454545454545453,5,11,5,5,0.353783518075943,0.7555652260780334,0.35
4616,False,exact,0.3,the surroundings . . . each battery,each battery . . . the surroundings,0.4,1.0,0.25,3,12,3,3,0.43124938011169434,0.7810385227203369,0.35
4617,True,exact,0.7,pathos,pathos (emotion),0.3333333333333333,0.6666666666666666,0.2222222222222222,3,9,2,2,0.1232738196849823,0.524600625038147,0.35
4618,True,exact,1.0,scratchy,scratchy,0.5454545454545454,0.75,0.42857142857142855,4,7,3,3,0.3205276429653168,0.5833237767219543,0.35
4619,True,exact,0.7,D) Solomon Islands,Solomon Islands,0.6153846153846153,1.0,0.4444444444444444,4,9,4,4,0.483354777097702,0.9690912961959839,0.35
4620,True,exact,0.7,C) Jamaica,Jamaica,0.3157894736842105,1.0,0.1875,3,16,3,3,0.3941394090652466,0.8654914498329163,0.35
4621,True,exact,1.0,a solid,a solid,0.4,1.0,0.25,2,8,2,2,0.4613935053348541,0.8288875818252563,0.35
4622,False,exact,0.3,A) Papua New Guinea,the Federated States of Micronesia,0.4615384615384615,1.0,0.3,3,10,3,3,0.2898886799812317,0.7318693399429321,0.35
4623,True,yes_no,1.0,no,no,0.375,1.0,0.23076923076923078,3,13,3,3,0.5480421781539917,0.8094392418861389,0.35
4624,True,exact,0.7,B) Pennsylvania,Pennsylvania,0.4,0.25,1.0,4,1,1,1,0.407174676656723,0.5267301797866821,0.35
4625,True,exact,1.0,a liquid,a liquid,0.4,1.0,0.25,3,12,3,3,0.42307689785957336,0.7148821353912354,0.35
4626,True,exact,0.7,C) Montgomery,Montgomery,0.7272727272727273,1.0,0.5714285714285714,4,7,4,4,0.5223713517189026,0.8892422318458557,0.35
4627,True,exact,0.7,B) Sacramento,Sacramento,0.7272727272727273,1.0,0.5714285714285714,4,7,4,4,0.42496681213378906,0.8670419454574585,0.35
4628,True,exact,1.0,Mark can trade his tomatoes for Valeria's broccoli.,Mark can trade his tomatoes for Valeria's broccoli.,0.6666666666666666,1.0,0.5,4,8,4,4,0.35338228940963745,0.8082701563835144,0.35
4629,True,exact,0.7,A) Harrisburg,Harrisburg,0.888888888888889,1.0,0.8,4,5,4,4,0.4863224923610687,0.8373490571975708,0.35
4630,True,exact,0.7,D) Montpelier,Montpelier,0.6,1.0,0.42857142857142855,3,7,3,3,0.3686487674713135,0.7417508363723755,0.35
4631,True,exact,0.7,B) Bradypus variegatus,Bradypus variegatus,0.47058823529411764,1.0,0.3076923076923077,4,13,4,4,0.38955003023147583,0.7246723175048828,0.35
4632,True,exact,0.7,A) Honolulu,Honolulu,0.46153846153846156,0.75,0.3333333333333333,4,9,3,3,0.37922003865242004,0.8669847846031189,0.35
4633,True,exact,1.0,push,push,0.6,1.0,0.42857142857142855,3,7,3,3,0.5214079022407532,0.8819506764411926,0.35
4634,True,exact,1.0,hard,hard,0.35294117647058826,1.0,0.21428571428571427,3,14,3,3,0.30967897176742554,0.8292960524559021,0.35
4635,False,exact,0.3,sample B,sample A,0.6153846153846153,1.0,0.4444444444444444,4,9,4,4,0.4851110279560089,0.8885870575904846,0.35
4636,True,yes_no,1.0,no,no,0.5,1.0,0.3333333333333333,3,9,3,3,0.6124293208122253,0.8735431432723999,0.35
4637,True,exact,0.7,B) Solution B,Solution B,0.7272727272727273,1.0,0.5714285714285714,4,7,4,4,0.6935068964958191,0.9034400582313538,0.35
4638,True,exact,0.7,D) Miami,Miami,0.5454545454545454,1.0,0.375,3,8,3,3,0.49400487542152405,0.8664796948432922,0.35
4639,True,exact,0.7,B) Virginia,Virginia,0.6666666666666666,1.0,0.5,4,8,4,4,0.4277206063270569,0.7271361351013184,0.35
4640,True,exact,0.7,D) Gordon can trade his tomatoes for Ariel's broccoli.,Gordon can trade his tomatoes for Ariel's broccoli.,0.5,1.0,0.3333333333333333,5,15,5,5,0.3732450306415558,0.922882080078125,0.35
4641,True,yes_no,1.0,no,no,0.8,1.0,0.6666666666666666,4,6,4,4,0.43512168526649475,0.8756948709487915,0.35
4642,False,exact,0.3,B) The magnitude of the magnetic force is the same in both pairs.,The magnitude of the magnetic force is greater in Pair 2.,0.47058823529411764,1.0,0.3076923076923077,4,13,4,4,0.5548581480979919,0.8087534308433533,0.35
4643,False,exact,0.3,The magnetic force is stronger in Pair 1.,The strength of the magnetic force is the same in both pairs.,0.4210526315789474,1.0,0.26666666666666666,4,15,4,4,0.5318140983581543,0.893596887588501,0.35
4644,True,exact,1.0,if adding the blade guards made the drone fly poorly,if adding the blade guards made the drone fly poorly,0.4,1.0,0.25,3,12,3,3,0.48704200983047485,0.8081744909286499,0.35
4645,True,exact,1.0,Africa,Africa,0.4615384615384615,1.0,0.3,3,10,3,3,0.471443772315979,0.8129702210426331,0.35
4646,True,exact,0.7,C) Hartford,Hartford,0.6666666666666666,0.5,1.0,2,1,1,1,0.5022938847541809,0.5131691694259644,0.35
4647,True,exact,0.7,C) The cats helped keep the farmers' grain free of mice.,The cats helped keep the farmers' grain free of mice.,0.8333333333333333,1.0,0.7142857142857143,5,7,5,5,0.5473803877830505,0.85396409034729,0.35
4648,True,exact,0.7,C) Jefferson City,Jefferson City,0.4444444444444444,0.6666666666666666,0.3333333333333333,3,6,2,2,0.2914970815181732,0.5289548635482788,0.35
4649,True,exact,0.7,B) rough,rough,0.23529411764705882,0.5,0.15384615384615385,4,13,2,2,0.222824826836586,0.6022188067436218,0.35
4650,False,exact,1.0,solid,translucent,0.2,0.25,0.16666666666666666,4,6,1,1,0.23371849954128265,0.5418487787246704,0.35
4651,False,exact,0.3,Can light bulbs stay lit longer when circuits include copper or when circuits include iron?,Do circuits that include iron produce dimmer light than circuits that include copper?,0.3529411764705882,0.75,0.23076923076923078,4,13,3,3,0.3624976575374603,0.7641661167144775,0.35
4652,True,exact,0.7,B) fins on its back,fins on its back,0.6153846153846154,0.8,0.5,5,8,4,4,0.40463241934776306,0.8110661506652832,0.35
4653,True,exact,1.0,metal,metal,0.6,1.0,0.42857142857142855,3,7,3,3,0.381056010723114,0.8185393810272217,0.35
4654,True,exact,1.0,an elementary substance,an elementary substance,0.5,0.75,0.375,4,8,3,3,0.4430026113986969,0.8360914587974548,0.35
4655,True,exact,1.0,They are both set after the Trojan War.,They are both set after the Trojan War.,0.5555555555555556,1.0,0.38461538461538464,5,13,5,5,0.2478223294019699,0.705195426940918,0.35
4656,True,exact,0.7,B) purple gallinule,purple gallinule,0.46153846153846156,0.75,0.3333333333333333,4,9,3,3,0.31676819920539856,0.675818920135498,0.35
4657,True,exact,1.0,a V-shaped tail fin,a V-shaped tail fin,0.7272727272727273,1.0,0.5714285714285714,4,7,4,4,0.390695720911026,0.8511430025100708,0.35
4658,True,exact,1.0,sticky,sticky,0.375,0.75,0.25,4,12,3,3,0.3020843267440796,0.7842918634414673,0.35
4659,False,exact,0.3,C) Precipitation does not change much from month to month in Boston.,About the same amount of precipitation falls each month between May and October.,0.625,1.0,0.45454545454545453,5,11,5,5,0.44602176547050476,0.8190197348594666,0.35
4660,True,exact,1.0,attract,attract,0.5,1.0,0.3333333333333333,3,9,3,3,0.5191272497177124,0.9319554567337036,0.35
4661,True,exact,0.7,B) northern jacana,northern jacana,0.6666666666666666,1.0,0.5,4,8,4,4,0.3906416893005371,0.8202007412910461,0.35
4662,True,exact,1.0,a tail,a tail,0.5,1.0,0.3333333333333333,3,9,3,3,0.4427292048931122,0.8796938061714172,0.35
4663,False,exact,0.3,D) Saint Vincent and the Grenadines,Saint Lucia,0.4615384615384615,1.0,0.3,3,10,3,3,0.43680065870285034,0.8561044931411743,0.35
4664,True,exact,0.7,B) It has soil that is poor in nutrients.,It has soil that is poor in nutrients.,0.6153846153846154,0.8,0.5,5,8,4,4,0.3635256588459015,0.727422297000885,0.35
4665,True,exact,1.0,"The wettest months of the year are June, July, and August.","The wettest months of the year are June, July, and August.",0.35294117647058826,1.0,0.21428571428571427,3,14,3,3,0.44842904806137085,0.7395550608634949,0.35
4666,True,exact,1.0,cotton,cotton,0.4615384615384615,1.0,0.3,3,10,3,3,0.3825920522212982,0.7380085587501526,0.35
4667,True,exact,0.7,A) Honolulu,Honolulu,0.6153846153846153,1.0,0.4444444444444444,4,9,4,4,0.44467252492904663,0.8486768007278442,0.35
4668,True,exact,0.7,A) sample A,sample A,0.5882352941176471,1.0,0.4166666666666667,5,12,5,5,0.4377859830856323,0.9929475784301758,0.35
4669,False,yes_no,1.0,true,false,0.5,1.0,0.3333333333333333,3,9,3,3,0.4319625198841095,0.7847848534584045,0.35
4670,False,exact,0.3,D) Arkansas,Idaho,0.35294117647058826,1.0,0.21428571428571427,3,14,3,3,0.403217077255249,0.7462207078933716,0.35
4671,True,exact,1.0,hard,hard,0.125,0.25,0.08333333333333333,4,12,1,1,0.19489146769046783,0.6516397595405579,0.35
4672,True,exact,0.7,B) Indianapolis,Indianapolis,0.3636363636363636,1.0,0.2222222222222222,2,9,2,2,0.3531566262245178,0.6584765911102295,0.35
4673,True,exact,0.7,A) The riverbed is dry and cracked.,The riverbed is dry and cracked.,0.5,1.0,0.3333333333333333,3,9,3,3,0.3868480920791626,0.8023675680160522,0.35
4674,True,exact,0.7,B) sample A,sample A,0.5333333333333333,1.0,0.36363636363636365,4,11,4,4,0.49034711718559265,0.871313750743866,0.35
4675,True,exact,1.0,It has year-round warm temperatures. It also has soil that is poor in nutrients.,It has year-round warm temperatures. It also has soil that is poor in nutrients.,0.7272727272727272,0.8,0.6666666666666666,5,6,4,4,0.4099326431751251,0.8907530903816223,0.35
4676,False,exact,0.3,C) The magnitude of the magnetic force is the same in both pairs.,The magnitude of the magnetic force is greater in Pair 1.,0.5,1.0,0.3333333333333333,3,9,3,3,0.5863504409790039,0.9088136553764343,0.35
4677,True,exact,1.0,"It has dry, thin soil. It also has a small amount of rain or snow.","It has dry, thin soil. It also has a small amount of rain or snow.",0.5333333333333333,1.0,0.36363636363636365,4,11,4,4,0.3966650068759918,0.8111100196838379,0.35
4678,True,exact,0.7,C) Pennsylvania,Pennsylvania,0.6666666666666666,1.0,0.5,3,6,3,3,0.5392873883247375,0.8149856925010681,0.35
4679,True,exact,0.7,B) sample B,sample B,0.5882352941176471,1.0,0.4166666666666667,5,12,5,5,0.4578743278980255,0.9380631446838379,0.35
4680,True,exact,0.7,A) Little Rock,Little Rock,0.8,1.0,0.6666666666666666,4,6,4,4,0.3636007308959961,0.7659072875976562,0.35
4681,True,exact,1.0,Missouri,Missouri,0.4,1.0,0.25,4,16,4,4,0.46271687746047974,0.6940336227416992,0.35
4682,True,exact,0.7,D) Jasmine can trade her tomatoes for Bryan's broccoli.,Jasmine can trade her tomatoes for Bryan's broccoli.,0.7142857142857143,1.0,0.5555555555555556,5,9,5,5,0.4452834725379944,0.8170375823974609,0.35
4683,False,exact,0.3,insufficient information,African clawed frog,0.375,0.75,0.25,4,12,3,3,0.3507509231567383,0.8148097991943359,0.35
4684,True,exact,0.7,C) Austin,Austin,0.25,0.6666666666666666,0.15384615384615385,3,13,2,2,0.35174626111984253,0.623187243938446,0.35
4685,True,exact,0.7,C) Eriocheir sinensis,Eriocheir sinensis,0.5882352941176471,1.0,0.4166666666666667,5,12,5,5,0.4567527770996094,0.929484486579895,0.35
4686,True,exact,0.7,B) bilberry,bilberry,0.6,1.0,0.42857142857142855,3,7,3,3,0.4044124186038971,0.7596070766448975,0.35
4687,False,exact,0.3,the surroundings . . . each aquarium,each aquarium . . . the surroundings,0.625,1.0,0.45454545454545453,5,11,5,5,0.45721399784088135,0.8139264583587646,0.35
4688,True,exact,1.0,breakable,breakable,0.25,0.5,0.16666666666666666,4,12,2,2,0.22792649269104004,0.6441357731819153,0.35
4689,False,exact,0.3,It has soil that is rich in nutrients.,It has soil that is poor in nutrients.,0.5454545454545454,0.75,0.42857142857142855,4,7,3,3,0.409019410610199,0.8075729012489319,0.35
4690,True,exact,0.7,B) Florida,Florida,0.5714285714285715,1.0,0.4,4,10,4,4,0.3842402696609497,0.8133640289306641,0.35
4691,True,exact,1.0,Asia,Asia,0.28571428571428575,0.6666666666666666,0.18181818181818182,3,11,2,2,0.4493487477302551,0.8639359474182129,0.35
4692,True,exact,1.0,attract,attract,0.5,1.0,0.3333333333333333,3,9,3,3,0.6431201100349426,0.8572733998298645,0.35
4693,True,exact,0.7,A) Jackson,Jackson,0.30769230769230765,0.6666666666666666,0.2,3,10,2,2,0.33716705441474915,0.9011041522026062,0.35
4694,True,exact,1.0,The strength of the magnetic force is the same in both pairs.,The strength of the magnetic force is the same in both pairs.,0.4615384615384615,1.0,0.3,3,10,3,3,0.3063291311264038,0.7087328433990479,0.35
4695,True,exact,0.7,B) albatross,albatross,0.6666666666666666,1.0,0.5,4,8,4,4,0.4786820411682129,0.7268692851066589,0.35
4696,False,exact,0.3,B) The magnetic force is weaker in Pair 1.,The strength of the magnetic force is the same in both pairs.,0.47058823529411764,1.0,0.3076923076923077,4,13,4,4,0.4924827814102173,0.7448161244392395,0.35
4697,True,exact,1.0,fuzzy,fuzzy,0.5555555555555556,1.0,0.38461538461538464,5,13,5,5,0.28614407777786255,0.7287808656692505,0.35
4698,True,exact,0.7,A) sample A,sample A,0.5882352941176471,1.0,0.4166666666666667,5,12,5,5,0.42780962586402893,0.8899711966514587,0.35
4699,True,exact,0.7,A) Madison,Madison,0.6153846153846153,1.0,0.4444444444444444,4,9,4,4,0.32443997263908386,0.8256959319114685,0.35
4700,True,exact,0.7,C) Augusta,Augusta,0.4615384615384615,1.0,0.3,3,10,3,3,0.3928733170032501,0.6935806274414062,0.35
4701,True,numeric_exact,1.0,whether she added enough nutrients to help the bacteria produce 20% more insulin,whether she added enough nutrients to help the bacteria produce 20% more insulin,0.5000000000000001,0.8,0.36363636363636365,5,11,4,4,0.3564704954624176,0.9219911098480225,0.35
4702,False,exact,0.3,B) Saint Kitts and Nevis,Dominica,0.6666666666666666,1.0,0.5,3,6,3,3,0.41511040925979614,0.7716264128684998,0.35
4703,True,exact,1.0,salty,salty,0.3636363636363636,1.0,0.2222222222222222,4,18,4,4,0.3508271872997284,0.7521185874938965,0.35
4704,False,numeric_mismatch,0.0,C) The magnitude of the magnetic force is greater in Pair 1.,The magnitude of the magnetic force is greater in Pair 2.,0.47058823529411764,1.0,0.3076923076923077,4,13,4,4,0.5731796026229858,0.9034571051597595,0.35
4705,True,exact,1.0,Duncan can trade his tomatoes for Sam's broccoli.,Duncan can trade his tomatoes for Sam's broccoli.,0.625,1.0,0.45454545454545453,5,11,5,5,0.4929317235946655,0.8615348935127258,0.35
4706,True,exact,1.0,opalescent nudibranch,opalescent nudibranch,0.4,1.0,0.25,3,12,3,3,0.342347115278244,0.6228092908859253,0.35
4707,True,exact,1.0,a compound,a compound,0.4,1.0,0.25,3,12,3,3,0.5764353275299072,0.8622084856033325,0.35
4708,True,exact,0.7,A) Falco sparverius,Falco sparverius,0.6,1.0,0.42857142857142855,3,7,3,3,0.6428177356719971,0.9685813188552856,0.35
4709,False,exact,0.3,Does the humidity level where tomato seeds are planted affect the number of tomato seedlings that grow?,Do more tomato seedlings grow when they are planted in soil with fertilizer compared to soil without fertilizer?,0.375,1.0,0.23076923076923078,3,13,3,3,0.3073482811450958,0.7231334447860718,0.35
4710,False,numeric_mismatch,0.0,C) The magnetic force is stronger in Pair 1.,The magnetic force is stronger in Pair 2.,0.6,1.0,0.42857142857142855,3,7,3,3,0.6330893635749817,0.9108587503433228,0.35
4711,True,exact,0.7,E) barren-ground caribou,barren-ground caribou,0.6666666666666666,1.0,0.5,5,10,5,5,0.4283257722854614,0.7322186827659607,0.35
4712,True,exact,1.0,flexible,flexible,0.36363636363636365,0.6666666666666666,0.25,6,16,4,4,0.23755544424057007,0.7123486399650574,0.35
4713,True,exact,0.7,B) South America,South America,0.5454545454545454,1.0,0.375,3,8,3,3,0.37444210052490234,0.746509850025177,0.35
4714,False,exact,0.3,South America,Antarctica,0.42857142857142855,1.0,0.2727272727272727,3,11,3,3,0.5703320503234863,0.8015145659446716,0.35
4715,False,exact,0.3,to the right than to the left,to the left than to the right,0.35294117647058826,1.0,0.21428571428571427,3,14,3,3,0.548132598400116,0.8470938801765442,0.35
4716,True,exact,0.7,C) Macropus giganteus,Macropus giganteus,0.6153846153846153,1.0,0.4444444444444444,4,9,4,4,0.5283619165420532,0.9071900844573975,0.35
4717,False,exact,0.3,B) if the blade guards would break in a crash,if adding the blade guards made the drone fly poorly,0.5714285714285715,1.0,0.4,4,10,4,4,0.39944252371788025,0.8253732919692993,0.35
4718,True,exact,0.7,C) Antarctica,Antarctica,0.6153846153846153,1.0,0.4444444444444444,4,9,4,4,0.5079646110534668,0.7128576636314392,0.35
4719,True,exact,1.0,sharpnose-puffer,sharpnose-puffer,0.6666666666666666,1.0,0.5,3,6,3,3,0.36134082078933716,0.7862021923065186,0.35
4720,True,exact,0.7,D) New Jersey,New Jersey,0.3157894736842105,1.0,0.1875,3,16,3,3,0.5191693902015686,0.9838592410087585,0.35
4721,False,exact,0.3,C) the Arctic Ocean,the Atlantic Ocean,0.6666666666666666,1.0,0.5,4,8,4,4,0.6613876819610596,0.9303022623062134,0.35
4722,False,exact,0.3,D) Palau,the Federated States of Micronesia,0.5714285714285715,1.0,0.4,4,10,4,4,0.34578147530555725,0.6884588003158569,0.35
4723,True,exact,1.0,pollen lands on a female cone,pollen lands on a female cone,0.8571428571428571,1.0,0.75,6,8,6,6,0.45488834381103516,0.9596898555755615,0.35
4724,True,exact,0.7,A) Caprimulgus macrurus,Caprimulgus macrurus,0.8571428571428571,1.0,0.75,6,8,6,6,0.4714484214782715,0.9033436179161072,0.35
4725,True,exact,0.7,D) Sacramento,Sacramento,0.7272727272727273,1.0,0.5714285714285714,4,7,4,4,0.4438472390174866,0.8733454942703247,0.35
4726,True,exact,0.7,A) A flavorant might be both found in nature and made in a chemical factory.,A flavorant might be both found in nature and made in a chemical factory.,0.6666666666666666,1.0,0.5,3,6,3,3,0.39729368686676025,0.9167705774307251,0.35
4727,True,exact,0.7,A) Maryland,Maryland,0.42857142857142855,1.0,0.2727272727272727,3,11,3,3,0.3590052127838135,0.6481792330741882,0.35
4728,True,yes_no,1.0,false,false,0.625,1.0,0.45454545454545453,5,11,5,5,0.5711408853530884,0.851194441318512,0.35
4729,True,exact,0.7,C) Rhode Island,Rhode Island,0.7499999999999999,1.0,0.6,3,5,3,3,0.3463854491710663,0.5188427567481995,0.35
4730,True,exact,1.0,the Southern Ocean,the Southern Ocean,0.6666666666666666,1.0,0.5,5,10,5,5,0.49210479855537415,0.7838433980941772,0.35
4731,True,exact,1.0,flamboyant cuttlefish,flamboyant cuttlefish,0.46153846153846156,0.75,0.3333333333333333,4,9,3,3,0.36748117208480835,0.888666570186615,0.35
4732,True,exact,1.0,It has bright sunlight. It also has shallow water.,It has bright sunlight. It also has shallow water.,0.7692307692307693,1.0,0.625,5,8,5,5,0.4977659285068512,0.8518617749214172,0.35
4733,True,exact,1.0,sample A,sample A,0.6,1.0,0.42857142857142855,6,14,6,6,0.4423736333847046,0.8555205464363098,0.35
4734,False,numeric_mismatch,0.0,B) 2:2,0:4,0.5882352941176471,1.0,0.4166666666666667,5,12,5,5,0.479436457157135,0.9401239156723022,0.35
4735,False,yes_no,1.0,false,true,0.5555555555555556,1.0,0.38461538461538464,5,13,5,5,0.4016316533088684,0.9054747819900513,0.35
4736,True,exact,1.0,an elementary substance,an elementary substance,0.4615384615384615,1.0,0.3,3,10,3,3,0.4957132637500763,0.9236783385276794,0.35
4737,True,exact,0.7,A) Pierre,Pierre,0.4,0.6666666666666666,0.2857142857142857,3,7,2,2,0.34846606850624084,0.648212730884552,0.35
4738,True,exact,1.0,plainfin midshipman,plainfin midshipman,0.5882352941176471,1.0,0.4166666666666667,5,12,5,5,0.4042130708694458,0.8999758362770081,0.35
4739,True,yes_no,1.0,false,false,0.375,1.0,0.23076923076923078,3,13,3,3,0.5819704532623291,0.844843327999115,0.35
4740,True,exact,0.7,A) Lincoln,Lincoln,0.4444444444444445,1.0,0.2857142857142857,4,14,4,4,0.45903974771499634,0.9549846053123474,0.35
4741,True,exact,0.7,D) Harrisburg,Harrisburg,0.5,1.0,0.3333333333333333,4,12,4,4,0.5088282227516174,0.9154142141342163,0.35
4742,True,exact,1.0,Does linen fabric turn darker than cotton fabric when soaked in a mixture of black dye and water?,Does linen fabric turn darker than cotton fabric when soaked in a mixture of black dye and water?,0.4,1.0,0.25,3,12,3,3,0.47019439935684204,0.8482002019882202,0.35
4743,False,exact,0.3,B) The magnitude of the magnetic force is greater in Pair 1.,The magnitude of the magnetic force is the same in both pairs.,0.4210526315789474,1.0,0.26666666666666666,4,15,4,4,0.5056716799736023,0.7794885635375977,0.35
4744,True,exact,0.7,B) Juneau,Juneau,0.375,1.0,0.23076923076923078,3,13,3,3,0.38631176948547363,0.8001176118850708,0.35
4745,True,exact,1.0,slippery,slippery,0.2222222222222222,0.4,0.15384615384615385,5,13,2,2,0.21512636542320251,0.5690158605575562,0.35
4746,False,exact,1.0,attract,repel,0.4,1.0,0.25,2,8,2,2,0.40743589401245117,0.674523651599884,0.35
4747,True,exact,0.7,A) bendable,bendable,0.2,0.25,0.16666666666666666,4,6,1,1,0.21005646884441376,0.7873853445053101,0.35
4748,False,yes_no,1.0,false,true,0.5333333333333333,0.8,0.4,5,10,4,4,0.47348177433013916,0.8527312278747559,0.35
4749,True,numeric_exact,1.0,C) The magnitude of the magnetic force is smaller in Pair 2.,The magnitude of the magnetic force is smaller in Pair 2.,0.6,1.0,0.42857142857142855,3,7,3,3,0.6021785736083984,0.9065901041030884,0.35
4750,False,exact,0.3,B) rock,metal,0.22222222222222224,0.25,0.2,4,5,1,1,0.19629976153373718,0.6150479912757874,0.35
4751,True,exact,0.7,C) January and February,January and February,0.39999999999999997,0.75,0.2727272727272727,4,11,3,3,0.31745579838752747,0.9409936666488647,0.35
4752,True,exact,0.7,C) Kevin can trade his tomatoes for Lily's broccoli.,Kevin can trade his tomatoes for Lily's broccoli.,0.5714285714285715,1.0,0.4,4,10,4,4,0.4640520215034485,0.9242987036705017,0.35
4753,False,exact,0.3,the surroundings . . . each battery,each battery . . . the surroundings,0.5714285714285715,1.0,0.4,4,10,4,4,0.4733181595802307,0.827747642993927,0.35
4754,True,exact,1.0,water in rivers and lakes,water in rivers and lakes,0.4444444444444445,1.0,0.2857142857142857,4,14,4,4,0.4200921356678009,0.8454727530479431,0.35
4755,False,yes_no,1.0,true,false,0.923076923076923,1.0,0.8571428571428571,6,7,6,6,0.5592910051345825,0.9230940937995911,0.35
4756,False,numeric_mismatch,0.0,A) 1:3,2:2,0.37499999999999994,0.6,0.2727272727272727,5,11,3,3,0.323337197303772,0.75304114818573,0.35
4757,True,exact,0.7,A) flying fox,flying fox,0.6666666666666666,1.0,0.5,4,8,4,4,0.5469770431518555,0.8025185465812683,0.35
4758,True,exact,0.7,D) the Arctic Ocean,the Arctic Ocean,0.4,1.0,0.25,3,12,3,3,0.5493374466896057,0.7897857427597046,0.35
4759,True,exact,1.0,if a new batch of concrete was firm enough to use,if a new batch of concrete was firm enough to use,0.4,1.0,0.25,3,12,3,3,0.4518339931964874,0.8099542260169983,0.35
4760,True,yes_no,1.0,no,no,0.5,0.6666666666666666,0.4,3,5,2,2,0.30427417159080505,0.744086742401123,0.35
4761,True,exact,1.0,the surroundings . . . each salmon,the surroundings . . . each salmon,0.5555555555555556,1.0,0.38461538461538464,5,13,5,5,0.4581153690814972,0.9206885099411011,0.35
4762,False,numeric_mismatch,0.0,B) 0:4,2:2,0.4444444444444445,1.0,0.2857142857142857,4,14,4,4,0.4388609528541565,0.9161459803581238,0.35
4763,True,exact,0.7,B) Helena,Helena,0.6666666666666666,1.0,0.5,4,8,4,4,0.38496479392051697,0.8272586464881897,0.35
4764,True,exact,0.7,B) Topeka,Topeka,0.6666666666666666,1.0,0.5,3,6,3,3,0.5188267230987549,0.85106360912323,0.35
4765,True,exact,0.7,B) New Zealand,New Zealand,0.5,1.0,0.3333333333333333,4,12,4,4,0.38491466641426086,0.7771759629249573,0.35
4766,True,exact,1.0,the Arctic Ocean,the Arctic Ocean,0.375,1.0,0.23076923076923078,3,13,3,3,0.4391584098339081,0.798650860786438,0.35
4767,True,numeric_exact,1.0,B) whether a parachute with a 1 m vent would swing too much at 400 km per hour,how steady a parachute with a 1 m vent was at 200 km per hour,0.375,1.0,0.23076923076923078,3,13,3,3,0.44596076011657715,0.7476505637168884,0.35
4768,True,exact,1.0,a gas,a gas,0.4,0.6666666666666666,0.2857142857142857,3,7,2,2,0.40672188997268677,0.9190937280654907,0.35
4769,True,exact,0.7,D) Jackson,Jackson,0.5,0.6666666666666666,0.4,3,5,2,2,0.29902970790863037,0.5509033203125,0.35
4770,False,exact,0.3,Does fabric turn darker when soaked in a mixture of black dye and water for 15 minutes compared to 30 minutes?,Does linen fabric turn darker than cotton fabric when soaked in a mixture of black dye and water?,0.47058823529411764,1.0,0.3076923076923077,4,13,4,4,0.415804386138916,0.7028326392173767,0.35
4771,False,numeric_mismatch,0.0,B) The magnitude of the magnetic force is greater in Pair 1.,The magnitude of the magnetic force is greater in Pair 2.,0.8,1.0,0.6666666666666666,4,6,4,4,0.48616823554039,0.8054528832435608,0.35
4772,True,exact,0.7,B) Solution B,Solution B,0.4615384615384615,1.0,0.3,3,10,3,3,0.56524658203125,0.7955740094184875,0.35
4773,True,exact,0.7,D) New Hampshire,New Hampshire,0.4615384615384615,1.0,0.3,3,10,3,3,0.5577528476715088,0.8909417390823364,0.35
4774,True,exact,1.0,Europe,Europe,0.6666666666666666,1.0,0.5,3,6,3,3,0.5956166386604309,0.9500772356987,0.35
4775,True,exact,1.0,"It has long, cold winters. It also has many evergreen trees.","It has long, cold winters. It also has many evergreen trees.",0.5333333333333333,1.0,0.36363636363636365,4,11,4,4,0.37693893909454346,0.5965768098831177,0.35
4776,True,numeric_exact,1.0,C) The magnitude of the magnetic force is greater in Pair 2.,The magnitude of the magnetic force is greater in Pair 2.,0.5454545454545454,1.0,0.375,3,8,3,3,0.61448073387146,0.9386698603630066,0.35
4777,True,exact,0.7,B) Buteo jamaicensis,Buteo jamaicensis,0.25,1.0,0.14285714285714285,2,14,2,2,0.302730530500412,0.519191324710846,0.35
4778,True,exact,0.7,C) Asia,Asia,0.2857142857142857,1.0,0.16666666666666666,2,12,2,2,0.5154586434364319,0.7938626408576965,0.35
4779,True,exact,1.0,weather,weather,0.375,0.75,0.25,4,12,3,3,0.26236990094184875,0.620647668838501,0.35
4780,True,exact,0.7,C) Austin,Austin,0.36363636363636365,0.6666666666666666,0.25,3,8,2,2,0.28620126843452454,0.49365541338920593,0.35
4781,False,exact,1.0,attract,repel,0.5,1.0,0.3333333333333333,4,12,4,4,0.40945497155189514,0.7625899910926819,0.35
4782,True,numeric_exact,1.0,The magnitude of the magnetic force is greater in Pair 1.,The magnitude of the magnetic force is greater in Pair 1.,0.6666666666666666,1.0,0.5,3,6,3,3,0.5891400575637817,0.9801940321922302,0.35
4783,True,exact,1.0,stretchy,stretchy,0.4,0.6666666666666666,0.2857142857142857,3,7,2,2,0.19788148999214172,0.4944874048233032,0.35
4784,True,yes_no,1.0,false,false,0.6363636363636364,0.875,0.5,8,14,7,7,0.4975866377353668,0.9419364333152771,0.35
4785,True,exact,1.0,They don't get very much rain.,They don't get very much rain.,0.5,1.0,0.3333333333333333,4,12,4,4,0.5159674286842346,0.7438527941703796,0.35
4786,True,exact,0.7,C) North America,North America,0.4,1.0,0.25,3,12,3,3,0.49551644921302795,0.7476063966751099,0.35
4787,True,exact,1.0,plastic,plastic,0.6666666666666665,0.75,0.6,4,5,3,3,0.4728521406650543,0.9559040665626526,0.35
4788,False,exact,0.3,B) Chroicocephalus ridibundus,Chroicocephalus scopulinus,0.5714285714285715,0.6666666666666666,0.5,6,8,4,4,0.4025779962539673,0.9152741432189941,0.35
4789,True,exact,0.7,C) Providence,Providence,0.8,1.0,0.6666666666666666,4,6,4,4,0.48074498772621155,0.9601641297340393,0.35
4790,True,exact,0.7,C) Trenton,Trenton,0.3636363636363636,1.0,0.2222222222222222,2,9,2,2,0.33331140875816345,0.5791433453559875,0.35
4791,False,yes_no,1.0,yes,no,0.4615384615384615,1.0,0.3,3,10,3,3,0.4095264673233032,0.9482589364051819,0.35
4792,True,exact,1.0,a liquid,a liquid,0.6666666666666666,1.0,0.5,3,6,3,3,0.3797816038131714,0.7993445992469788,0.35
4793,True,numeric_exact,1.0,how steady a parachute with a 1 m vent was at 200 km per hour,how steady a parachute with a 1 m vent was at 200 km per hour,0.5333333333333333,1.0,0.36363636363636365,4,11,4,4,0.3481704294681549,0.8826478719711304,0.35
4794,True,exact,0.7,C) Tallahassee,Tallahassee,0.4,0.6666666666666666,0.2857142857142857,3,7,2,2,0.4153425693511963,0.771217942237854,0.35
4795,True,exact,0.7,B) Springfield,Springfield,0.5714285714285715,1.0,0.4,4,10,4,4,0.4173036217689514,0.7429059147834778,0.35
4796,False,exact,0.3,D) New Jersey,Delaware,0.4615384615384615,1.0,0.3,3,10,3,3,0.4659658372402191,0.8602421879768372,0.35
4797,True,exact,0.7,A) New Hampshire,New Hampshire,0.4,1.0,0.25,3,12,3,3,0.3321583569049835,0.6990491151809692,0.35
4798,True,exact,1.0,smooth,smooth,0.36363636363636365,0.6666666666666666,0.25,3,8,2,2,0.29112234711647034,0.7090964913368225,0.35
4799,True,exact,0.7,D) Pennsylvania,Pennsylvania,0.5333333333333333,1.0,0.36363636363636365,4,11,4,4,0.44689857959747314,0.7821592688560486,0.35
4800,True,exact,0.7,A) Rosa can trade her tomatoes for Alexandra's broccoli.,Rosa can trade her tomatoes for Alexandra's broccoli.,0.47058823529411764,1.0,0.3076923076923077,4,13,4,4,0.45483458042144775,0.8005761504173279,0.35
4801,False,numeric_mismatch,0.0,B) 2:2,4:0,0.4,0.8,0.26666666666666666,5,15,4,4,0.2918654680252075,0.7314280271530151,0.35
4802,True,exact,1.0,the surroundings . . . each refrigerator,the surroundings . . . each refrigerator,0.5555555555555556,1.0,0.38461538461538464,5,13,5,5,0.4988045394420624,0.7882851958274841,0.35
4803,True,yes_no,1.0,true,true,0.3157894736842105,1.0,0.1875,3,16,3,3,0.3696284294128418,0.7905024290084839,0.35
4804,False,exact,0.3,neither; their concentrations are the same,Solution A,0.6666666666666666,1.0,0.5,3,6,3,3,0.5129255652427673,0.8722844123840332,0.35
4805,False,numeric_mismatch,0.0,The magnitude of the magnetic force is smaller in Pair 1.,The magnitude of the magnetic force is smaller in Pair 2.,0.6666666666666666,1.0,0.5,3,6,3,3,0.5321319103240967,0.8504714965820312,0.35
4806,True,exact,0.7,A) New York,New York,0.375,1.0,0.23076923076923078,3,13,3,3,0.22457587718963623,0.6012156009674072,0.35
4807,False,exact,0.3,C) The magnitude of the magnetic force is smaller in Pair 1.,The magnitude of the magnetic force is the same in both pairs.,0.6666666666666666,1.0,0.5,4,8,4,4,0.4520735740661621,0.7372400164604187,0.35
4808,True,exact,1.0,May,May,0.4,0.25,1.0,4,1,1,1,0.5186628103256226,0.6171542406082153,0.35
4809,True,exact,0.7,C) Frankfort,Frankfort,0.3636363636363636,1.0,0.2222222222222222,2,9,2,2,0.3045549690723419,0.6511542201042175,0.35
4810,False,exact,0.3,The magnitude of the magnetic force is the same in both pairs.,The magnitude of the magnetic force is smaller in Pair 2.,0.5333333333333333,1.0,0.36363636363636365,4,11,4,4,0.6152687668800354,0.8678103685379028,0.35
4811,True,exact,0.7,C) Trinidad and Tobago,Trinidad and Tobago,0.5454545454545454,1.0,0.375,3,8,3,3,0.39989638328552246,0.5832023024559021,0.35
4812,True,exact,1.0,if a new batch of concrete was firm enough to use,if a new batch of concrete was firm enough to use,0.4615384615384615,1.0,0.3,3,10,3,3,0.369046688079834,0.7335001230239868,0.35
4813,True,exact,0.7,C) Lincoln,Lincoln,0.5,1.0,0.3333333333333333,3,9,3,3,0.3620889484882355,0.5957624912261963,0.35
4814,True,exact,1.0,It has many different types of organisms.,It has many different types of organisms.,0.5333333333333333,1.0,0.36363636363636365,4,11,4,4,0.41992485523223877,0.6406223177909851,0.35
4815,True,exact,0.7,D) Asia,Asia,0.6666666666666666,0.5,1.0,2,1,1,1,0.5322331190109253,0.5424480438232422,0.35
4816,True,exact,0.7,C) Rhode Island,Rhode Island,0.4615384615384615,1.0,0.3,3,10,3,3,0.46748414635658264,0.7622615694999695,0.35
4817,True,exact,1.0,rough,rough,0.4,1.0,0.25,2,8,2,2,0.3387477993965149,0.6488975286483765,0.35
4818,False,exact,1.0,commensal,mutualistic,0.8,1.0,0.6666666666666666,4,6,4,4,0.3604393005371094,0.8489716053009033,0.35
4819,False,exact,0.3,D) Maryland,Georgia,0.30769230769230765,0.5,0.2222222222222222,4,9,2,2,0.2766789197921753,0.6416527628898621,0.35
4820,True,exact,1.0,The magnitude of the magnetic force is the same in both pairs.,The magnitude of the magnetic force is the same in both pairs.,0.5882352941176471,1.0,0.4166666666666667,5,12,5,5,0.48335108160972595,0.7897030115127563,0.35
4821,True,numeric_exact,1.0,C) The magnitude of the magnetic force is smaller in Pair 1.,The magnitude of the magnetic force is smaller in Pair 1.,0.75,0.75,0.75,4,4,3,3,0.5350647568702698,0.9426239728927612,0.35
4822,True,exact,0.7,B) impala,impala,0.5,1.0,0.3333333333333333,4,12,4,4,0.3672827184200287,0.7082518339157104,0.35
4823,True,exact,0.7,D) Nancy can trade her tomatoes for Dominic's broccoli.,Nancy can trade her tomatoes for Dominic's broccoli.,0.5882352941176471,1.0,0.4166666666666667,5,12,5,5,0.40107059478759766,0.8845625519752502,0.35
4824,False,exact,0.3,B) Saint Vincent and the Grenadines,Barbados,0.4615384615384615,1.0,0.3,3,10,3,3,0.41048258543014526,0.9699049592018127,0.35
4825,True,exact,1.0,wood,wood,0.5454545454545454,1.0,0.375,3,8,3,3,0.3547935485839844,0.8120468854904175,0.35
4826,True,exact,0.7,D) New Zealand,New Zealand,0.6666666666666666,1.0,0.5,4,8,4,4,0.42417973279953003,0.8804713487625122,0.35
4827,True,exact,1.0,tetraphosphorus,tetraphosphorus,0.5,0.6666666666666666,0.4,6,10,4,4,0.26642313599586487,0.7599692344665527,0.35
4828,True,exact,0.7,B) Concord,Concord,0.6,1.0,0.42857142857142855,3,7,3,3,0.40141215920448303,0.9462705254554749,0.35
4829,False,exact,0.3,D) clownfish,human,0.5333333333333333,1.0,0.36363636363636365,4,11,4,4,0.4071296453475952,0.6844993233680725,0.35
4830,True,exact,1.0,a gas,a gas,0.6666666666666666,1.0,0.5,4,8,4,4,0.31684237718582153,0.7542779445648193,0.35
4831,True,exact,1.0,bear sedge,bear sedge,0.5,1.0,0.3333333333333333,5,15,5,5,0.453125923871994,0.7880890965461731,0.35
4832,False,exact,0.3,B) Solomon Islands,Fiji,0.5,1.0,0.3333333333333333,3,9,3,3,0.48340174555778503,0.7604503035545349,0.35
4833,True,exact,1.0,Africa,Africa,0.33333333333333337,1.0,0.2,3,15,3,3,0.4993370473384857,0.8804498314857483,0.35
4834,True,exact,0.7,A) Trenton,Trenton,0.5,0.6666666666666666,0.4,3,5,2,2,0.311475932598114,0.4462974965572357,0.35
4835,False,exact,0.3,B) Hazel can trade her almonds for Clara's tomatoes.,Clara can trade her tomatoes for Hazel's broccoli.,0.5714285714285715,1.0,0.4,4,10,4,4,0.3849768340587616,0.8397521376609802,0.35
4836,True,exact,0.7,B) bull shark,bull shark,0.5714285714285715,1.0,0.4,4,10,4,4,0.513542652130127,0.7034780383110046,0.35
4837,True,exact,1.0,Erik can trade his tomatoes for Lily's broccoli.,Erik can trade his tomatoes for Lily's broccoli.,0.625,1.0,0.45454545454545453,5,11,5,5,0.4905255138874054,0.9372626543045044,0.35
4838,True,exact,1.0,January and February are the coldest months of the year.,January and February are the coldest months of the year.,0.4,1.0,0.25,4,16,4,4,0.47523263096809387,0.7989228367805481,0.35
4839,True,exact,1.0,It has many evergreen trees. It also has soil that is poor in nutrients.,It has many evergreen trees. It also has soil that is poor in nutrients.,0.5714285714285715,1.0,0.4,4,10,4,4,0.3808061480522156,0.6419880986213684,0.35
4840,True,exact,0.7,C) Montgomery,Montgomery,0.375,1.0,0.23076923076923078,3,13,3,3,0.31623610854148865,0.5575128197669983,0.35
4841,True,exact,1.0,circulatory system,circulatory system,0.5,1.0,0.3333333333333333,4,12,4,4,0.46860334277153015,0.852434515953064,0.35
4842,True,exact,0.7,D) North Carolina,North Carolina,0.6153846153846153,1.0,0.4444444444444444,4,9,4,4,0.37285006046295166,0.6257155537605286,0.35
4843,True,exact,1.0,Africa,Africa,0.42857142857142855,1.0,0.2727272727272727,3,11,3,3,0.40175557136535645,0.7579803466796875,0.35
4844,False,numeric_mismatch,0.0,C) The magnetic force is weaker in Pair 1.,The magnetic force is weaker in Pair 2.,0.4615384615384615,1.0,0.3,3,10,3,3,0.6485602855682373,0.8653947710990906,0.35
4845,True,exact,1.0,Bufo bufo,Bufo bufo,0.8,1.0,0.6666666666666666,6,9,6,6,0.5533671975135803,0.9827860593795776,0.35
4846,True,exact,1.0,orca,orca,0.6153846153846153,1.0,0.4444444444444444,4,9,4,4,0.3344345688819885,0.7043851017951965,0.35
4847,True,exact,1.0,Ian can trade his tomatoes for Joseph's broccoli.,Ian can trade his tomatoes for Joseph's broccoli.,0.7142857142857143,1.0,0.5555555555555556,5,9,5,5,0.41816166043281555,0.9565375447273254,0.35
4848,False,exact,0.3,the surroundings . . . each battery,each battery . . . the surroundings,0.8,1.0,0.6666666666666666,4,6,4,4,0.4737106263637543,0.7601142525672913,0.35
4849,True,exact,0.7,A) Eurasian lynx,Eurasian lynx,0.5714285714285714,0.8,0.4444444444444444,5,9,4,4,0.4364580512046814,0.8928959965705872,0.35
4850,True,exact,1.0,weather,weather,0.33333333333333337,1.0,0.2,3,15,3,3,0.4091862440109253,0.7850157618522644,0.35
4851,False,yes_no,1.0,true,false,0.5333333333333333,1.0,0.36363636363636365,4,11,4,4,0.46528205275535583,0.7693332433700562,0.35
4852,True,exact,0.7,A) New Jersey,New Jersey,0.4,0.6666666666666666,0.2857142857142857,3,7,2,2,0.2726726531982422,0.46339747309684753,0.35
4853,True,exact,1.0,Tristan can trade his tomatoes for Lorenzo's broccoli.,Tristan can trade his tomatoes for Lorenzo's broccoli.,0.625,1.0,0.45454545454545453,5,11,5,5,0.4051437973976135,0.9074133038520813,0.35
4854,True,exact,1.0,the Dominican Republic,the Dominican Republic,0.5714285714285715,1.0,0.4,4,10,4,4,0.45550745725631714,0.6427937150001526,0.35
4855,True,exact,0.7,A) Santa Fe,Santa Fe,0.4444444444444444,0.6666666666666666,0.3333333333333333,3,6,2,2,0.3644939959049225,0.6492419838905334,0.35
4856,True,exact,0.7,C) Baton Rouge,Baton Rouge,0.6666666666666666,1.0,0.5,3,6,3,3,0.5129245519638062,0.859909176826477,0.35
4857,True,exact,1.0,Ohio,Ohio,0.5714285714285715,1.0,0.4,4,10,4,4,0.4506082534790039,0.8055786490440369,0.35
4858,True,exact,1.0,Europe,Europe,0.33333333333333337,1.0,0.2,2,10,2,2,0.48369431495666504,0.7860334515571594,0.35
4859,True,exact,0.7,C) Diodon nicthemerus,Diodon nicthemerus,0.3333333333333333,0.3333333333333333,0.3333333333333333,6,6,2,2,0.36463940143585205,0.8465545177459717,0.35
4860,True,exact,0.7,D) the Southern Ocean,the Southern Ocean,0.35294117647058826,1.0,0.21428571428571427,3,14,3,3,0.44669899344444275,0.7457900643348694,0.35
4861,False,numeric_mismatch,0.0,B) 13 grams of water vapor per kilogram of air,24 grams of water vapor per kilogram of air,0.6153846153846153,1.0,0.4444444444444444,4,9,4,4,0.4351232945919037,0.8476318120956421,0.35
4862,True,exact,0.7,C) Australia,Australia,0.5714285714285715,1.0,0.4,4,10,4,4,0.43009623885154724,0.7783308625221252,0.35
4863,False,exact,0.3,the surroundings . . . each aquarium,each aquarium . . . the surroundings,0.5333333333333333,1.0,0.36363636363636365,4,11,4,4,0.4370289742946625,0.6981239318847656,0.35
4864,True,exact,0.7,B) Rosa can trade her tomatoes for Kylie's broccoli.,Rosa can trade her tomatoes for Kylie's broccoli.,0.47619047619047616,1.0,0.3125,5,16,5,5,0.41133204102516174,0.8847736120223999,0.35
4865,True,exact,1.0,rough,rough,0.36363636363636365,0.6666666666666666,0.25,3,8,2,2,0.26202356815338135,0.5911989808082581,0.35
4866,True,exact,1.0,sour,sour,0.4444444444444445,1.0,0.2857142857142857,4,14,4,4,0.23256227374076843,0.5013602375984192,0.35
4867,True,exact,0.7,B) New Mexico,New Mexico,0.42857142857142855,1.0,0.2727272727272727,3,11,3,3,0.46335217356681824,0.9999997615814209,0.35
4868,False,exact,0.3,The magnitude of the magnetic force is the same in both pairs.,The magnitude of the magnetic force is greater in Pair 2.,0.6666666666666666,1.0,0.5,4,8,4,4,0.5604936480522156,0.7627131938934326,0.35
4869,True,exact,1.0,the pruned tomato plants,the pruned tomato plants,0.3333333333333333,0.6666666666666666,0.2222222222222222,3,9,2,2,0.3847157955169678,0.8368226289749146,0.35
4870,True,exact,0.7,C) Iowa,Iowa,0.5,1.0,0.3333333333333333,3,9,3,3,0.42768600583076477,0.625251293182373,0.35
4871,False,exact,0.3,C) The magnetic force is weaker in Pair 1.,The strength of the magnetic force is the same in both pairs.,0.4210526315789474,1.0,0.26666666666666666,4,15,4,4,0.47424551844596863,0.8475843667984009,0.35
4872,True,exact,0.7,B) Bismarck,Bismarck,0.36363636363636365,0.6666666666666666,0.25,3,8,2,2,0.384838730096817,0.8055736422538757,0.35
4873,True,exact,1.0,The strength of the magnetic force is the same in both pairs.,The strength of the magnetic force is the same in both pairs.,0.4615384615384615,1.0,0.3,3,10,3,3,0.45958566665649414,0.700090229511261,0.35
4874,False,exact,0.3,D) Kiribati,Tonga,0.5,1.0,0.3333333333333333,3,9,3,3,0.3152843713760376,0.5265570878982544,0.35
4875,True,exact,0.7,C) Jackson,Jackson,0.5,0.6666666666666666,0.4,3,5,2,2,0.36321353912353516,0.8324806690216064,0.35
4876,True,yes_no,1.0,yes,yes,0.6666666666666666,1.0,0.5,4,8,4,4,0.39397862553596497,0.9663576483726501,0.35
4877,False,exact,0.3,toward the boy's thumb,away from the boy's thumb,0.3076923076923077,1.0,0.18181818181818182,2,11,2,2,0.4303261637687683,0.9112513065338135,0.35
4878,False,exact,0.3,D) New Hampshire,Massachusetts,0.5,0.6666666666666666,0.4,3,5,2,2,0.33089679479599,0.5174527764320374,0.35
4879,True,exact,1.0,mineral,mineral,0.4210526315789474,1.0,0.26666666666666666,4,15,4,4,0.5045844912528992,0.8714542388916016,0.35
4880,True,numeric_exact,1.0,C) 3:1,3:1,0.47058823529411764,1.0,0.3076923076923077,4,13,4,4,0.4254937469959259,0.8354114890098572,0.35
4881,True,exact,1.0,It has many evergreen trees.,It has many evergreen trees.,0.375,0.75,0.25,4,12,3,3,0.2410610467195511,0.6327255964279175,0.35
4882,True,exact,1.0,weather,weather,0.5,1.0,0.3333333333333333,3,9,3,3,0.3573574721813202,0.6496661305427551,0.35
4883,True,exact,0.7,A) bromine,bromine,0.4444444444444445,1.0,0.2857142857142857,2,7,2,2,0.4284060597419739,0.791461169719696,0.35
4884,True,exact,1.0,sample B,sample B,0.6666666666666666,1.0,0.5,5,10,5,5,0.45715367794036865,0.8143075704574585,0.35
4885,True,exact,0.7,B) Pierre,Pierre,0.5,0.6666666666666666,0.4,3,5,2,2,0.28527724742889404,0.49006009101867676,0.35
4886,True,exact,0.7,A) African sacred ibis,African sacred ibis,0.5714285714285714,0.8,0.4444444444444444,5,9,4,4,0.3495371341705322,0.7076526284217834,0.35
4887,True,exact,1.0,Solution B,Solution B,0.5454545454545454,1.0,0.375,3,8,3,3,0.5419527888298035,0.9654910564422607,0.35
4888,True,exact,1.0,Ardea purpurea,Ardea purpurea,0.6666666666666666,1.0,0.5,5,10,5,5,0.34901827573776245,0.8304255604743958,0.35
4889,True,exact,1.0,transparent,transparent,0.4210526315789474,1.0,0.26666666666666666,4,15,4,4,0.30204787850379944,0.5759430527687073,0.35
4890,True,exact,1.0,attract,attract,0.6,1.0,0.42857142857142855,3,7,3,3,0.5082358121871948,0.8076453804969788,0.35
4891,True,exact,1.0,a compound,a compound,0.5,1.0,0.3333333333333333,3,9,3,3,0.41532614827156067,0.8801554441452026,0.35
4892,True,exact,0.7,C) sample A,sample A,0.6666666666666666,1.0,0.5,5,10,5,5,0.4635028839111328,0.9999998211860657,0.35
4893,False,exact,0.3,whether different types of bacteria would need different nutrients to produce insulin,whether she added enough nutrients to help the bacteria produce 20% more insulin,0.6666666666666666,1.0,0.5,6,12,6,6,0.4627121686935425,0.8164496421813965,0.35
4894,True,exact,1.0,Can pennies hold more drops of pure water or water mixed with hand soap?,Can pennies hold more drops of pure water or water mixed with hand soap?,0.5,1.0,0.3333333333333333,3,9,3,3,0.4408896267414093,0.7724139094352722,0.35
4895,True,exact,1.0,It has daily flooding and draining of seawater. It also has many different types of organisms.,It has daily flooding and draining of seawater. It also has many different types of organisms.,0.6666666666666666,1.0,0.5,4,8,4,4,0.35696983337402344,0.8056638240814209,0.35
4896,True,exact,1.0,Can pennies hold more drops of pure water or water mixed with hand soap?,Can pennies hold more drops of pure water or water mixed with hand soap?,0.5555555555555556,1.0,0.38461538461538464,5,13,5,5,0.38408181071281433,0.8273553252220154,0.35
4897,True,exact,0.7,D) Nashville,Nashville,0.6666666666666666,1.0,0.5,3,6,3,3,0.45506975054740906,0.8338369131088257,0.35
4898,False,numeric_mismatch,0.0,B) The magnetic force is stronger in Pair 1.,The magnetic force is stronger in Pair 2.,0.5714285714285715,1.0,0.4,2,5,2,2,0.5804957151412964,0.8780177235603333,0.35
4899,True,exact,1.0,a compound,a compound,0.5454545454545454,1.0,0.375,3,8,3,3,0.5005579590797424,0.7527458071708679,0.35
4900,True,exact,1.0,mineral,mineral,0.5333333333333333,1.0,0.36363636363636365,4,11,4,4,0.4406929016113281,0.8325488567352295,0.35
4901,True,yes_no,1.0,false,false,0.5333333333333333,0.8,0.4,5,10,4,4,0.4889148771762848,0.8374747633934021,0.35
4902,True,exact,1.0,Do more bacteria grow in liquid with cinnamon than in liquid without cinnamon?,Do more bacteria grow in liquid with cinnamon than in liquid without cinnamon?,0.4210526315789474,1.0,0.26666666666666666,4,15,4,4,0.414034366607666,0.8465709686279297,0.35
4903,True,exact,0.7,A) Salt Lake City,Salt Lake City,0.4444444444444445,1.0,0.2857142857142857,2,7,2,2,0.289934903383255,0.4734375774860382,0.35
4904,True,exact,0.7,B) Mozambique spitting cobra,Mozambique spitting cobra,0.7692307692307693,1.0,0.625,5,8,5,5,0.4502454698085785,0.800654411315918,0.35
4905,True,exact,0.7,D) Denver,Denver,0.26666666666666666,0.6666666666666666,0.16666666666666666,3,12,2,2,0.2535720765590668,0.5244158506393433,0.35
4906,True,exact,1.0,shiny,shiny,0.375,0.75,0.25,4,12,3,3,0.24494826793670654,0.7489327192306519,0.35
4907,True,exact,0.7,B) Chemical energy can be used for cell growth.,Chemical energy can be used for cell growth.,0.6,1.0,0.42857142857142855,3,7,3,3,0.36374273896217346,0.7390243411064148,0.35
4908,True,exact,1.0,Are eggs more likely to float in fresh water or salty water?,Are eggs more likely to float in fresh water or salty water?,0.625,1.0,0.45454545454545453,5,11,5,5,0.38013598322868347,0.8105068802833557,0.35
4909,True,exact,0.7,C) the fruit,the fruit,0.7142857142857143,1.0,0.5555555555555556,5,9,5,5,0.4585035443305969,0.808444619178772,0.35
4910,True,exact,1.0,neither; their concentrations are the same,neither; their concentrations are the same,0.4444444444444445,1.0,0.2857142857142857,4,14,4,4,0.5374835133552551,0.8713776469230652,0.35
4911,True,exact,0.7,C) It has mostly small plants.,It has mostly small plants.,0.375,1.0,0.23076923076923078,3,13,3,3,0.31825387477874756,0.6222861409187317,0.35
4912,True,exact,1.0,the Atlantic Ocean,the Atlantic Ocean,0.47058823529411764,1.0,0.3076923076923077,4,13,4,4,0.5508626699447632,0.7964738011360168,0.35
4913,True,exact,1.0,New York,New York,0.6,1.0,0.42857142857142855,3,7,3,3,0.5151558518409729,0.8286797404289246,0.35
4914,False,numeric_mismatch,0.0,D) 4:0,0:4,0.47058823529411764,1.0,0.3076923076923077,4,13,4,4,0.42542850971221924,0.7589329481124878,0.35
4915,True,exact,0.7,B) Caprimulgus europaeus,Caprimulgus europaeus,0.30769230769230765,0.6666666666666666,0.2,3,10,2,2,0.27614864706993103,0.7181097269058228,0.35
4916,True,exact,1.0,glass,glass,0.7272727272727273,1.0,0.5714285714285714,4,7,4,4,0.5971719026565552,0.8485216498374939,0.35
4917,True,exact,1.0,Florida,Florida,0.375,1.0,0.23076923076923078,3,13,3,3,0.4036303162574768,0.6959553360939026,0.35
4918,True,exact,0.7,B) giraffe,giraffe,0.6153846153846153,1.0,0.4444444444444444,4,9,4,4,0.4897841215133667,0.9909194707870483,0.35
4919,True,exact,0.7,D) Salt Lake City,Salt Lake City,0.375,1.0,0.23076923076923078,3,13,3,3,0.32018977403640747,0.5513513684272766,0.35
4920,True,exact,1.0,the Pacific Ocean,the Pacific Ocean,0.6666666666666666,1.0,0.5,4,8,4,4,0.5479446053504944,0.9625152945518494,0.35
4921,True,exact,1.0,transparent,transparent,0.6,1.0,0.42857142857142855,3,7,3,3,0.45329561829566956,0.9522569179534912,0.35
4922,False,exact,0.3,to the left than to the right,to the right than to the left,0.42857142857142855,1.0,0.2727272727272727,3,11,3,3,0.5137099623680115,0.8465399146080017,0.35
4923,True,exact,1.0,Solution B,Solution B,0.5,1.0,0.3333333333333333,3,9,3,3,0.5905336737632751,0.9567373991012573,0.35
4924,True,exact,0.7,D) Neil can trade his tomatoes for Darnell's broccoli.,Neil can trade his tomatoes for Darnell's broccoli.,0.5,1.0,0.3333333333333333,4,12,4,4,0.4921264350414276,0.9140819907188416,0.35
4925,False,exact,0.3,insufficient information,Olympia,0.6666666666666666,1.0,0.5,5,10,5,5,0.2889944016933441,0.6402915120124817,0.35
4926,True,exact,0.7,B) New Zealand,New Zealand,0.33333333333333337,1.0,0.2,3,15,3,3,0.4238341748714447,0.7041551470756531,0.35
4927,False,exact,1.0,attract,repel,0.35294117647058826,1.0,0.21428571428571427,3,14,3,3,0.5264927744865417,0.9071944952011108,0.35
4928,True,exact,0.7,B) Kentucky,Kentucky,0.5,1.0,0.3333333333333333,3,9,3,3,0.4298519492149353,0.7491973042488098,0.35
4929,True,exact,0.7,D) Jennifer can trade her tomatoes for Melissa's broccoli.,Jennifer can trade her tomatoes for Melissa's broccoli.,0.4210526315789474,1.0,0.26666666666666666,4,15,4,4,0.5749180316925049,0.9241426587104797,0.35
4930,True,yes_no,1.0,yes,yes,0.9090909090909091,1.0,0.8333333333333334,5,6,5,5,0.4449939727783203,0.9166459441184998,0.35
4931,True,exact,1.0,smooth,smooth,0.2,0.5,0.125,4,16,2,2,0.1773839145898819,0.47495877742767334,0.35
4932,True,exact,0.7,B) It has soil that is frozen year-round.,It has soil that is frozen year-round.,0.625,0.8333333333333334,0.5,6,10,5,5,0.3461097180843353,0.7169001698493958,0.35
4933,False,exact,0.3,"C) the grasses, the water, and the sand dunes",the grasses and the prairie sunflowers,0.5454545454545454,0.6,0.5,5,6,3,3,0.22198352217674255,0.7669678926467896,0.35
4934,True,numeric_exact,1.0,B) The magnetic force is stronger in Pair 1.,The magnetic force is stronger in Pair 1.,0.4615384615384615,1.0,0.3,3,10,3,3,0.5905541181564331,0.9458531141281128,0.35
4935,True,exact,0.7,A) Solution A,Solution A,0.6,1.0,0.42857142857142855,3,7,3,3,0.5161912441253662,0.9945352077484131,0.35
4936,True,exact,0.7,C) Tallahassee,Tallahassee,0.4444444444444444,0.6666666666666666,0.3333333333333333,3,6,2,2,0.4215356111526489,0.8564046621322632,0.35
4937,True,exact,0.7,A) bare-eared squirrel monkey,bare-eared squirrel monkey,0.5333333333333333,1.0,0.36363636363636365,4,11,4,4,0.4083733558654785,0.8318712711334229,0.35
4938,False,exact,0.3,The magnitude of the magnetic force is the same in both pairs.,The magnitude of the magnetic force is smaller in Pair 1.,0.7272727272727273,1.0,0.5714285714285714,4,7,4,4,0.6180499792098999,0.9335119128227234,0.35
4939,True,exact,1.0,the surroundings . . . each salmon,the surroundings . . . each salmon,0.5263157894736842,1.0,0.35714285714285715,5,14,5,5,0.539254367351532,0.9361657500267029,0.35
4940,False,exact,0.3,C) Charlotte has a rainy season and a dry season.,Precipitation does not change much from month to month.,0.5,1.0,0.3333333333333333,4,12,4,4,0.4164837598800659,0.8338274359703064,0.35
4941,True,exact,0.7,D) California,California,0.6153846153846153,1.0,0.4444444444444444,4,9,4,4,0.3926311135292053,0.730292558670044,0.35
4942,False,exact,0.3,B) Solomon Islands,the Marshall Islands,0.7499999999999999,1.0,0.6,3,5,3,3,0.3109850287437439,0.5905616283416748,0.35
4943,True,yes_no,1.0,no,no,0.6666666666666666,1.0,0.5,3,6,3,3,0.5321053862571716,0.8065821528434753,0.35
4944,True,exact,1.0,sticky,sticky,0.1,0.16666666666666666,0.07142857142857142,6,14,1,1,0.12484505027532578,0.3712567687034607,0.35
4945,True,exact,0.7,A) Nashville,Nashville,0.5714285714285715,1.0,0.4,2,5,2,2,0.4023864269256592,0.754059374332428,0.35
4946,True,exact,0.7,C) Jackson,Jackson,0.4,0.6666666666666666,0.2857142857142857,3,7,2,2,0.3769817054271698,0.8387633562088013,0.35
4947,True,exact,0.7,D) Atlanta,Atlanta,0.5,1.0,0.3333333333333333,3,9,3,3,0.4273574948310852,0.8402466773986816,0.35
4948,True,exact,0.7,C) Augusta,Augusta,0.7499999999999999,1.0,0.6,3,5,3,3,0.39177799224853516,0.6153213381767273,0.35
4949,False,exact,1.0,salt,salty,0.6153846153846153,1.0,0.4444444444444444,4,9,4,4,0.3841983675956726,0.8577592968940735,0.35
4950,True,exact,0.7,A) Indianapolis,Indianapolis,0.5714285714285715,1.0,0.4,2,5,2,2,0.3520507216453552,0.6409337520599365,0.35
4951,True,exact,1.0,rock,rock,0.4615384615384615,1.0,0.3,3,10,3,3,0.5187338590621948,0.8213796019554138,0.35
4952,True,exact,0.7,C) Charleston,Charleston,0.5714285714285715,0.6666666666666666,0.5,3,4,2,2,0.35506561398506165,0.9076489210128784,0.35
4953,True,exact,0.7,A) Lithobates catesbeianus,Lithobates catesbeianus,0.6153846153846153,1.0,0.4444444444444444,4,9,4,4,0.4510875940322876,0.9563096761703491,0.35
4954,True,exact,0.7,B) Nashville,Nashville,0.4,1.0,0.25,2,8,2,2,0.37574324011802673,0.7434096932411194,0.35
4955,False,exact,1.0,weather,climate,0.25,0.6666666666666666,0.15384615384615385,3,13,2,2,0.252154678106308,0.4967048764228821,0.35
4956,True,exact,0.7,A) Montgomery,Montgomery,0.8,1.0,0.6666666666666666,4,6,4,4,0.4235512316226959,0.8971436619758606,0.35
4957,True,exact,0.7,D) the Pacific Ocean,the Pacific Ocean,0.35294117647058826,1.0,0.21428571428571427,3,14,3,3,0.44014811515808105,0.7923043370246887,0.35
4958,True,exact,0.7,B) Phoenix,Phoenix,0.5454545454545454,0.75,0.42857142857142855,4,7,3,3,0.38640329241752625,0.8446400165557861,0.35
4959,True,exact,0.7,D) North Carolina,North Carolina,0.6,1.0,0.42857142857142855,3,7,3,3,0.31694233417510986,0.5711163282394409,0.35
4960,False,numeric_mismatch,0.0,A) 1/4,4/4,0.7499999999999999,1.0,0.6,6,10,6,6,0.4380761981010437,0.7843791246414185,0.35
4961,True,exact,1.0,attract,attract,0.5,1.0,0.3333333333333333,3,9,3,3,0.46446463465690613,0.809461236000061,0.35
4962,False,exact,0.3,D) common toad,penguin,0.5333333333333333,1.0,0.36363636363636365,4,11,4,4,0.47265109419822693,0.7040629386901855,0.35
4963,True,exact,1.0,which side of the roof got more sun over one day,which side of the roof got more sun over one day,0.3529411764705882,0.75,0.23076923076923078,4,13,3,3,0.24449770152568817,0.7673871517181396,0.35
4964,True,exact,0.7,B) Solution B,Solution B,0.6666666666666666,1.0,0.5,3,6,3,3,0.599696934223175,0.9302945137023926,0.35
4965,True,exact,0.7,C) Delaware,Delaware,0.5454545454545454,0.75,0.42857142857142855,4,7,3,3,0.42981213331222534,0.8066718578338623,0.35
4966,True,exact,0.7,A) lichen,lichen,0.7272727272727273,1.0,0.5714285714285714,4,7,4,4,0.3864639401435852,0.7460314035415649,0.35
4967,True,numeric_exact,1.0,B) 2/4,2/4,0.33333333333333337,1.0,0.2,3,15,3,3,0.4399297833442688,0.7453593015670776,0.35
4968,True,exact,0.7,B) Boise,Boise,0.21052631578947367,0.6666666666666666,0.125,3,16,2,2,0.28006553649902344,0.8505213260650635,0.35
4969,True,exact,0.7,B) Concord,Concord,0.5454545454545454,1.0,0.375,3,8,3,3,0.44659700989723206,0.9452483057975769,0.35
4970,False,exact,0.3,Do radish plants grown under bright light have more leaves than radish plants grown under dim light?,Do radishes grown under bright light get bigger than radishes grown under dim light?,0.3333333333333333,0.75,0.21428571428571427,4,14,3,3,0.26576703786849976,0.5487621426582336,0.35
4971,False,exact,0.3,A) Solution A,neither; their concentrations are the same,0.5,1.0,0.3333333333333333,3,9,3,3,0.5613381266593933,0.9730028510093689,0.35
4972,True,exact,0.7,B) June,June,0.6153846153846153,1.0,0.4444444444444444,4,9,4,4,0.4479069709777832,0.8291181921958923,0.35
4973,True,exact,1.0,Africa,Africa,0.7272727272727273,1.0,0.5714285714285714,4,7,4,4,0.4942815899848938,0.8130451440811157,0.35
4974,True,yes_no,1.0,yes,yes,0.8,1.0,0.6666666666666666,4,6,4,4,0.4675227105617523,0.9108399748802185,0.35
4975,True,exact,0.7,A) sample B,sample B,0.5882352941176471,1.0,0.4166666666666667,5,12,5,5,0.49924033880233765,0.963461697101593,0.35
4976,True,exact,1.0,New Zealand,New Zealand,0.6,1.0,0.42857142857142855,3,7,3,3,0.45078426599502563,0.9833148121833801,0.35
4977,True,exact,1.0,Michigan,Michigan,0.5,1.0,0.3333333333333333,3,9,3,3,0.43174970149993896,0.8961399793624878,0.35
4978,True,yes_no,1.0,yes,yes,0.4,1.0,0.25,4,16,4,4,0.43100273609161377,0.8900744318962097,0.35
4979,False,numeric_mismatch,0.0,The magnitude of the magnetic force is greater in Pair 1.,The magnitude of the magnetic force is greater in Pair 2.,0.6666666666666666,1.0,0.5,4,8,4,4,0.4956105053424835,0.8579766750335693,0.35
4980,True,yes_no,1.0,true,true,0.4,1.0,0.25,3,12,3,3,0.5184227824211121,0.9161103963851929,0.35
4981,True,exact,1.0,mutualistic,mutualistic,0.4,1.0,0.25,3,12,3,3,0.5246993899345398,0.928375780582428,0.35
4982,True,exact,0.7,D) Helena,Helena,0.47058823529411764,1.0,0.3076923076923077,4,13,4,4,0.40333282947540283,0.7960752844810486,0.35
4983,True,exact,0.7,B) Sacramento,Sacramento,0.7272727272727273,1.0,0.5714285714285714,4,7,4,4,0.44085314869880676,0.857259213924408,0.35
4984,False,exact,0.3,A) Saint Kitts and Nevis,Saint Lucia,0.5454545454545454,1.0,0.375,3,8,3,3,0.394272118806839,0.7231473326683044,0.35
4985,True,exact,1.0,rubber,rubber,0.5454545454545454,1.0,0.375,3,8,3,3,0.369488388299942,0.6924546360969543,0.35
4986,True,exact,1.0,Genes affect traits.,Genes affect traits.,0.4615384615384615,1.0,0.3,3,10,3,3,0.42035678029060364,0.8362405896186829,0.35
4987,True,exact,0.7,B) Sacramento,Sacramento,0.6666666666666666,1.0,0.5,4,8,4,4,0.4682120084762573,0.7650700807571411,0.35
4988,True,exact,0.7,B) long-beaked echidna,long-beaked echidna,0.5333333333333333,1.0,0.36363636363636365,4,11,4,4,0.4517485499382019,0.8400548100471497,0.35
4989,True,exact,1.0,attract,attract,0.4615384615384615,1.0,0.3,3,10,3,3,0.5100622773170471,0.9066738486289978,0.35
4990,False,numeric_mismatch,0.0,The magnitude of the magnetic force is larger in Pair 2.,The magnitude of the magnetic force is smaller in Pair 1.,0.888888888888889,1.0,0.8,4,5,4,4,0.483565092086792,0.8420664668083191,0.35
4991,True,exact,0.7,D) Annapolis,Annapolis,0.5454545454545454,1.0,0.375,3,8,3,3,0.4942134618759155,0.8693430423736572,0.35
4992,True,exact,0.7,A) Atelopus zeteki,Atelopus zeteki,0.5454545454545454,0.5,0.6,6,5,3,3,0.3969374895095825,0.809000551700592,0.35
4993,False,exact,0.3,D) woodpecker,water buffalo,0.5333333333333333,1.0,0.36363636363636365,4,11,4,4,0.3694939911365509,0.7956228852272034,0.35
4994,False,exact,0.3,B) the Dominican Republic,The Bahamas,0.42857142857142855,1.0,0.2727272727272727,3,11,3,3,0.46311700344085693,0.7948307394981384,0.35
4995,False,exact,0.3,B) the Southern Ocean,the Indian Ocean,0.6,1.0,0.42857142857142855,3,7,3,3,0.48371565341949463,0.8792909383773804,0.35
4996,True,exact,1.0,Do steel nails take fewer days to rust in water compared to vinegar?,Do steel nails take fewer days to rust in water compared to vinegar?,0.4444444444444445,1.0,0.2857142857142857,4,14,4,4,0.28362759947776794,0.7267209887504578,0.35
4997,True,exact,1.0,California,California,0.47058823529411764,1.0,0.3076923076923077,4,13,4,4,0.3975537419319153,0.870716392993927,0.35
4998,True,numeric_exact,1.0,B) The magnitude of the magnetic force is greater in Pair 2.,The magnitude of the magnetic force is greater in Pair 2.,0.5333333333333333,1.0,0.36363636363636365,4,11,4,4,0.609663724899292,0.9012552499771118,0.35
4999,True,exact,1.0,"The wettest months of the year are June, July, and August.","The wettest months of the year are June, July, and August.",0.4,1.0,0.25,4,16,4,4,0.4285051226615906,0.8868910670280457,0.35
5000,False,exact,1.0,crisp,salty,0.5882352941176471,0.625,0.5555555555555556,8,9,5,5,0.2598223090171814,0.6125521659851074,0.35
5001,True,exact,0.7,D) Pennsylvania,Pennsylvania,0.4285714285714285,0.75,0.3,4,10,3,3,0.3818252682685852,0.8818193078041077,0.35
5002,False,exact,0.3,D) Saint Kitts and Nevis,Antigua and Barbuda,0.5,1.0,0.3333333333333333,3,9,3,3,0.5225017666816711,0.8603131771087646,0.35
5003,False,exact,0.3,Solution A,neither; their concentrations are the same,0.6,1.0,0.42857142857142855,3,7,3,3,0.5745826363563538,0.9871203899383545,0.35
5004,True,exact,0.7,C) tetraphosphorus,tetraphosphorus,0.6153846153846153,0.6666666666666666,0.5714285714285714,6,7,4,4,0.3649505078792572,0.7118316292762756,0.35
5005,False,exact,0.3,The magnitude of the magnetic force is smaller in Pair 2.,The magnitude of the magnetic force is the same in both pairs.,0.47058823529411764,1.0,0.3076923076923077,4,13,4,4,0.3779962360858917,0.7076411843299866,0.35
5006,True,exact,1.0,translucent,translucent,0.4444444444444444,0.6666666666666666,0.3333333333333333,6,12,4,4,0.26724547147750854,0.6150819659233093,0.35
5007,True,exact,0.7,"B) It has long, cold winters. It also has mostly small plants.","It has long, cold winters. It also has mostly small plants.",0.7692307692307693,1.0,0.625,5,8,5,5,0.3893499970436096,0.7986536622047424,0.35
5008,True,exact,0.7,D) Atlanta,Atlanta,0.5714285714285715,1.0,0.4,4,10,4,4,0.5024626851081848,0.8902481198310852,0.35
5009,True,exact,1.0,Felis margarita,Felis margarita,0.8571428571428571,0.75,1.0,8,6,6,6,0.5504685044288635,0.9192802906036377,0.35
5010,True,exact,0.7,A) Solution B,Solution B,0.5,1.0,0.3333333333333333,3,9,3,3,0.6000413298606873,0.9297206401824951,0.35
5011,True,exact,1.0,toward the magnet,toward the magnet,0.6,0.75,0.5,4,6,3,3,0.3729918301105499,0.738970935344696,0.35
5012,False,exact,1.0,Georgia,Illinois,0.8,1.0,0.6666666666666666,4,6,4,4,0.4257473945617676,0.7097095847129822,0.35
5013,True,exact,0.7,D) Lamar can trade his tomatoes for Jackson's broccoli.,Lamar can trade his tomatoes for Jackson's broccoli.,0.7142857142857143,1.0,0.5555555555555556,5,9,5,5,0.4908159077167511,0.900314211845398,0.35
5014,False,exact,0.3,A) Los Angeles,San Francisco,0.5714285714285715,1.0,0.4,4,10,4,4,0.3377915322780609,0.6395317316055298,0.35
5015,True,exact,1.0,It has salty water. It also has many different types of organisms.,It has salty water. It also has many different types of organisms.,0.5,1.0,0.3333333333333333,4,12,4,4,0.5333254933357239,0.8867501020431519,0.35
5016,True,exact,1.0,colorful,colorful,0.1111111111111111,0.2,0.07692307692307693,5,13,1,1,0.21415667235851288,0.6179699897766113,0.35
5017,True,exact,1.0,push,push,0.4615384615384615,1.0,0.3,3,10,3,3,0.5211037993431091,0.9070292711257935,0.35
5018,False,numeric_mismatch,0.0,C) The magnitude of the magnetic force is greater in Pair 1.,The magnitude of the magnetic force is greater in Pair 2.,0.7692307692307693,1.0,0.625,5,8,5,5,0.5588547587394714,0.8185901045799255,0.35
5019,True,exact,0.7,B) California,California,0.375,1.0,0.23076923076923078,3,13,3,3,0.4120308756828308,0.8769063949584961,0.35
5020,True,exact,1.0,Ardea cinerea,Ardea cinerea,0.8421052631578948,1.0,0.7272727272727273,8,11,8,8,0.49700024724006653,0.925449550151825,0.35
5021,False,numeric_mismatch,0.0,-1°C,-22°C,0.6153846153846153,1.0,0.4444444444444444,4,9,4,4,0.4190528690814972,0.7788952589035034,0.35
5022,True,exact,0.7,D) the grocery store,the grocery store,0.375,1.0,0.23076923076923078,3,13,3,3,0.30025121569633484,0.6756476759910583,0.35
5023,True,exact,1.0,a compound,a compound,0.5714285714285715,1.0,0.4,4,10,4,4,0.4205006957054138,0.8344165086746216,0.35
5024,True,exact,0.7,C) It has a small amount of rain.,It has a small amount of rain.,0.5714285714285715,1.0,0.4,4,10,4,4,0.4512530267238617,0.7920284271240234,0.35
5025,True,exact,1.0,a solid,a solid,0.6153846153846153,1.0,0.4444444444444444,4,9,4,4,0.46872955560684204,0.8602860569953918,0.35
5026,True,exact,0.7,D) Helena,Helena,0.5454545454545454,1.0,0.375,3,8,3,3,0.43001309037208557,0.7022595405578613,0.35
5027,True,exact,0.7,D) Rhode Island,Rhode Island,0.6666666666666666,1.0,0.5,3,6,3,3,0.5710451602935791,0.8519413471221924,0.35
5028,True,exact,0.7,D) Samir can trade his tomatoes for Derek's broccoli.,Samir can trade his tomatoes for Derek's broccoli.,0.5263157894736842,1.0,0.35714285714285715,5,14,5,5,0.4872441291809082,0.846511960029602,0.35
5029,True,exact,0.7,D) Boise,Boise,0.5,1.0,0.3333333333333333,3,9,3,3,0.31637370586395264,0.7778340578079224,0.35
5030,True,exact,0.7,D) Montgomery,Montgomery,0.6666666666666666,1.0,0.5,4,8,4,4,0.5269815921783447,0.9020864367485046,0.35
5031,True,exact,1.0,eight legs,eight legs,0.375,1.0,0.23076923076923078,3,13,3,3,0.3398631811141968,0.6297194957733154,0.35
5032,True,exact,0.7,B) Pennsylvania,Pennsylvania,0.5714285714285715,1.0,0.4,4,10,4,4,0.4280199110507965,0.7339070439338684,0.35
5033,False,exact,1.0,weather,climate,0.375,1.0,0.23076923076923078,3,13,3,3,0.22837917506694794,0.5609763860702515,0.35
5034,True,exact,0.7,D) Olympia,Olympia,0.6666666666666666,1.0,0.5,4,8,4,4,0.4673820734024048,0.7555676698684692,0.35
5035,True,exact,0.7,B) sample B,sample B,0.5882352941176471,1.0,0.4166666666666667,5,12,5,5,0.4630940556526184,0.9029256701469421,0.35
5036,True,exact,0.7,D) Lansing,Lansing,0.30769230769230765,0.6666666666666666,0.2,3,10,2,2,0.3851524889469147,0.7487900853157043,0.35
5037,True,exact,0.7,B) Virginia,Virginia,0.6,1.0,0.42857142857142855,3,7,3,3,0.4546639919281006,0.8081040978431702,0.35
5038,True,exact,0.7,D) Columbus,Columbus,0.4444444444444444,0.6666666666666666,0.3333333333333333,3,6,2,2,0.3596840500831604,0.8442389965057373,0.35
5039,True,exact,0.7,B) Denver,Denver,0.4,1.0,0.25,3,12,3,3,0.30856743454933167,0.6573459506034851,0.35
5040,False,exact,0.3,the Northeast,the Northwest,0.375,1.0,0.23076923076923078,3,13,3,3,0.384928822517395,0.6006213426589966,0.35
5041,False,exact,0.3,C) Fayetteville,Little Rock,0.6,1.0,0.42857142857142855,3,7,3,3,0.40349745750427246,0.6978418827056885,0.35
5042,True,numeric_exact,1.0,The magnitude of the magnetic force is greater in Pair 1.,The magnitude of the magnetic force is greater in Pair 1.,0.4210526315789474,1.0,0.26666666666666666,4,15,4,4,0.48165032267570496,0.8895938396453857,0.35
5043,True,exact,0.7,D) Jenny can trade her tomatoes for Zoe's broccoli.,Jenny can trade her tomatoes for Zoe's broccoli.,0.625,1.0,0.45454545454545453,5,11,5,5,0.3922731280326843,0.882500171661377,0.35
5044,True,exact,0.7,B) Solution B,Solution B,0.5,1.0,0.3333333333333333,3,9,3,3,0.6486710906028748,0.9748571515083313,0.35
5045,True,exact,0.7,C) Bismarck,Bismarck,0.4615384615384615,1.0,0.3,3,10,3,3,0.26057878136634827,0.4081195294857025,0.35
5046,True,exact,0.7,A) Saint Kitts and Nevis,Saint Kitts and Nevis,0.42857142857142855,1.0,0.2727272727272727,3,11,3,3,0.44998395442962646,0.8609821200370789,0.35
5047,True,exact,0.7,A) Pierre,Pierre,0.4444444444444444,0.6666666666666666,0.3333333333333333,3,6,2,2,0.2961391806602478,0.5455200672149658,0.35
5048,True,exact,0.7,B) Oregon,Oregon,0.33333333333333337,1.0,0.2,2,10,2,2,0.46603256464004517,0.9105873107910156,0.35
5049,True,exact,0.7,D) the Atlantic Ocean,the Atlantic Ocean,0.5,1.0,0.3333333333333333,4,12,4,4,0.6362221837043762,0.8944979310035706,0.35
5050,True,exact,1.0,booming,booming,0.6666666666666666,1.0,0.5,3,6,3,3,0.43476057052612305,0.8862676024436951,0.35
5051,True,exact,0.7,B) South America,South America,0.4615384615384615,1.0,0.3,3,10,3,3,0.5057864785194397,0.7986009120941162,0.35
5052,True,exact,1.0,Europe,Europe,0.4444444444444445,1.0,0.2857142857142857,2,7,2,2,0.42967796325683594,0.6141592860221863,0.35
5053,True,exact,1.0,Arctic fox,Arctic fox,0.7999999999999999,0.7272727272727273,0.8888888888888888,11,9,8,8,0.3465175926685333,0.9550459384918213,0.35
5054,True,yes_no,1.0,yes,yes,0.26666666666666666,0.6666666666666666,0.16666666666666666,3,12,2,2,0.4231046140193939,0.833337128162384,0.35
5055,True,exact,0.7,A) clownfish,clownfish,0.7499999999999999,1.0,0.6,3,5,3,3,0.4532897174358368,0.6114134192466736,0.35
5056,False,numeric_mismatch,0.0,D) 1/4,4/4,0.4705882352941177,0.6666666666666666,0.36363636363636365,6,11,4,4,0.26756125688552856,0.7817205190658569,0.35
5057,True,exact,0.7,B) hawfinch,hawfinch,0.8,1.0,0.6666666666666666,4,6,4,4,0.5427350997924805,0.8449484705924988,0.35
5058,False,exact,1.0,shiny,bumpy,0.5263157894736842,1.0,0.35714285714285715,5,14,5,5,0.24820496141910553,0.7376301884651184,0.35
5059,True,exact,1.0,Do more bacteria grow in liquid with cinnamon than in liquid without cinnamon?,Do more bacteria grow in liquid with cinnamon than in liquid without cinnamon?,0.5,1.0,0.3333333333333333,4,12,4,4,0.38881754875183105,0.8759642839431763,0.35
5060,True,exact,1.0,Do radishes grown under bright light get bigger than radishes grown under dim light?,Do radishes grown under bright light get bigger than radishes grown under dim light?,0.4,1.0,0.25,4,16,4,4,0.39243096113204956,0.8256579041481018,0.35
5061,False,numeric_mismatch,0.0,The magnitude of the magnetic force is greater in Pair 1.,The magnitude of the magnetic force is greater in Pair 2.,0.5,1.0,0.3333333333333333,4,12,4,4,0.5581452250480652,0.8035832643508911,0.35
5062,False,numeric_mismatch,0.0,The magnitude of the magnetic force is smaller in Pair 2.,The magnitude of the magnetic force is smaller in Pair 1.,0.5714285714285715,1.0,0.4,4,10,4,4,0.6334770917892456,0.9058051705360413,0.35
5063,False,exact,0.3,C) when it is cold outside,when there is not much water,0.625,1.0,0.45454545454545453,5,11,5,5,0.30037400126457214,0.7742671966552734,0.35
5064,True,exact,0.7,C) Salem,Salem,0.5,1.0,0.3333333333333333,3,9,3,3,0.3813602328300476,0.8395928740501404,0.35
5065,True,exact,0.7,D) the Dominican Republic,the Dominican Republic,0.4615384615384615,1.0,0.3,3,10,3,3,0.4512850046157837,0.9305325150489807,0.35
5066,False,exact,0.3,D) sea otter,piranha,0.5,1.0,0.3333333333333333,4,12,4,4,0.44593560695648193,0.7460872530937195,0.35
5067,True,exact,1.0,green violetear,green violetear,0.5263157894736842,1.0,0.35714285714285715,5,14,5,5,0.49286025762557983,0.8164771795272827,0.35
5068,True,exact,0.7,C) convergent,convergent,0.5454545454545454,0.75,0.42857142857142855,4,7,3,3,0.38374605774879456,0.7529292106628418,0.35
5069,True,exact,0.7,B) bare-eared squirrel monkey,bare-eared squirrel monkey,0.47058823529411764,1.0,0.3076923076923077,4,13,4,4,0.486026793718338,0.8141940236091614,0.35
5070,True,exact,0.7,B) Boise,Boise,0.4,0.6666666666666666,0.2857142857142857,3,7,2,2,0.39277708530426025,0.7749270796775818,0.35
5071,True,exact,0.7,C) Charleston,Charleston,0.6666666666666666,1.0,0.5,3,6,3,3,0.3622454106807709,0.903553307056427,0.35
5072,True,exact,1.0,red-spotted newt,red-spotted newt,0.35294117647058826,1.0,0.21428571428571427,3,14,3,3,0.3995582163333893,0.8714487552642822,0.35
5073,False,exact,0.3,D) Saint Vincent and the Grenadines,Grenada,0.4,1.0,0.25,3,12,3,3,0.3876534700393677,0.779717743396759,0.35
5074,True,exact,0.7,C) Helena,Helena,0.5454545454545454,0.75,0.42857142857142855,4,7,3,3,0.43317466974258423,0.8749406933784485,0.35
5075,True,exact,0.7,B) Arianna can trade her tomatoes for Sidney's broccoli.,Arianna can trade her tomatoes for Sidney's broccoli.,0.6153846153846153,1.0,0.4444444444444444,4,9,4,4,0.46787187457084656,0.8525651097297668,0.35
5076,True,exact,1.0,It has year-round rain. It also has many different types of organisms.,It has year-round rain. It also has many different types of organisms.,0.5,1.0,0.3333333333333333,4,12,4,4,0.38824594020843506,0.815022885799408,0.35
5077,True,exact,1.0,Dustin can trade his tomatoes for Irma's broccoli.,Dustin can trade his tomatoes for Irma's broccoli.,0.8,1.0,0.6666666666666666,4,6,4,4,0.5008333921432495,0.8903443813323975,0.35
5078,True,exact,1.0,the Thirteen Colonies,the Thirteen Colonies,0.42857142857142855,1.0,0.2727272727272727,3,11,3,3,0.5550618767738342,0.9282177686691284,0.35
5079,True,exact,1.0,Lynx canadensis,Lynx canadensis,0.625,1.0,0.45454545454545453,5,11,5,5,0.5049448609352112,0.9438078999519348,0.35
5080,True,exact,0.7,A) Massachusetts,Massachusetts,0.6666666666666665,0.75,0.6,4,5,3,3,0.3836538791656494,0.6594371795654297,0.35
5081,True,exact,1.0,Elise can trade her tomatoes for Nolan's broccoli.,Elise can trade her tomatoes for Nolan's broccoli.,0.7142857142857143,1.0,0.5555555555555556,5,9,5,5,0.5159624814987183,0.9306681752204895,0.35
5082,False,exact,1.0,attract,repel,0.42857142857142855,1.0,0.2727272727272727,3,11,3,3,0.4242270886898041,0.8109567165374756,0.35
5083,True,exact,0.7,C) Nina can trade her tomatoes for Ivan's broccoli.,Nina can trade her tomatoes for Ivan's broccoli.,0.6666666666666666,1.0,0.5,5,10,5,5,0.4958153963088989,0.8794877529144287,0.35
5084,True,exact,1.0,colorful,colorful,0.2222222222222222,0.3333333333333333,0.16666666666666666,3,6,1,1,0.1431247591972351,0.46479326486587524,0.35
5085,False,exact,0.3,D) Seattle,Olympia,0.6,1.0,0.42857142857142855,3,7,3,3,0.308663010597229,0.7033212780952454,0.35
5086,True,exact,0.7,C) Maryland,Maryland,0.4615384615384615,1.0,0.3,3,10,3,3,0.2746506631374359,0.7007463574409485,0.35
5087,True,exact,1.0,It has daily flooding and draining of seawater. It also has many different types of organisms.,It has daily flooding and draining of seawater. It also has many different types of organisms.,0.6666666666666666,1.0,0.5,5,10,5,5,0.3535897135734558,0.8294130563735962,0.35
5088,False,exact,0.3,Does water freeze more quickly than apple juice?,Does apple juice expand more or less than water when it freezes?,0.47058823529411764,1.0,0.3076923076923077,4,13,4,4,0.463991641998291,0.7950845956802368,0.35
5089,True,yes_no,1.0,true,true,0.7142857142857143,1.0,0.5555555555555556,5,9,5,5,0.48326370120048523,0.8176844716072083,0.35
5090,True,exact,0.7,C) Asia,Asia,0.5454545454545454,1.0,0.375,3,8,3,3,0.5300144553184509,0.8703277707099915,0.35
5091,True,exact,1.0,the Southern Ocean,the Southern Ocean,0.6666666666666666,1.0,0.5,4,8,4,4,0.4176088571548462,0.706093966960907,0.35
5092,True,exact,1.0,the surroundings . . . each bottle,the surroundings . . . each bottle,0.625,0.8333333333333334,0.5,6,10,5,5,0.42469877004623413,0.9160585403442383,0.35
5093,False,exact,0.3,B) human,painted stork,0.5714285714285715,1.0,0.4,4,10,4,4,0.48198533058166504,0.746258020401001,0.35
5094,True,exact,0.7,B) Columbus,Columbus,0.3333333333333333,0.6666666666666666,0.2222222222222222,3,9,2,2,0.33680301904678345,0.6505508422851562,0.35
5095,False,exact,1.0,attract,repel,0.35294117647058826,1.0,0.21428571428571427,3,14,3,3,0.41191723942756653,0.8160436153411865,0.35
5096,True,exact,1.0,if a new batch of concrete was firm enough to use,if a new batch of concrete was firm enough to use,0.42857142857142855,1.0,0.2727272727272727,3,11,3,3,0.4328935146331787,0.7102867960929871,0.35
5097,True,exact,1.0,salty,salty,0.5,1.0,0.3333333333333333,3,9,3,3,0.19305478036403656,0.6177425980567932,0.35
5098,True,exact,0.7,A) Montpelier,Montpelier,0.5,1.0,0.3333333333333333,3,9,3,3,0.34968218207359314,0.9155805706977844,0.35
5099,True,exact,1.0,Australia,Australia,0.7272727272727273,1.0,0.5714285714285714,4,7,4,4,0.4334881603717804,0.6990630030632019,0.35
5100,True,exact,0.7,B) barracuda,barracuda,0.3157894736842105,1.0,0.1875,3,16,3,3,0.47906795144081116,0.8440138101577759,0.35
5101,True,exact,1.0,water in oceans,water in oceans,0.4210526315789474,1.0,0.26666666666666666,4,15,4,4,0.5341423153877258,0.8524444103240967,0.35
5102,False,exact,1.0,attract,repel,0.375,1.0,0.23076923076923078,3,13,3,3,0.34522008895874023,0.777631938457489,0.35
5103,False,exact,0.3,plainfin midshipman,bat star,0.47058823529411764,1.0,0.3076923076923077,4,13,4,4,0.5021187663078308,0.7723864912986755,0.35
5104,False,exact,1.0,attract,repel,0.4615384615384615,1.0,0.3,3,10,3,3,0.532901406288147,0.8664230108261108,0.35
5105,True,exact,0.7,B) clownfish,clownfish,0.5714285714285715,1.0,0.4,4,10,4,4,0.4271168112754822,0.6799238324165344,0.35
5106,True,exact,1.0,Do radishes grown under bright light get bigger than radishes grown under dim light?,Do radishes grown under bright light get bigger than radishes grown under dim light?,0.47058823529411764,1.0,0.3076923076923077,4,13,4,4,0.38795754313468933,0.8888993263244629,0.35
5107,False,exact,0.3,D) Antigua and Barbuda,The Bahamas,0.4615384615384615,1.0,0.3,3,10,3,3,0.39188215136528015,0.7494540214538574,0.35
5108,True,exact,1.0,neither; their concentrations are the same,neither; their concentrations are the same,0.5714285714285715,1.0,0.4,4,10,4,4,0.5327743291854858,0.8355700969696045,0.35
5109,True,exact,1.0,blue,blue,0.23529411764705882,0.4,0.16666666666666666,5,12,2,2,0.18823935091495514,0.6821364760398865,0.35
5110,True,exact,1.0,England claimed most of the Atlantic coast of North America.,England claimed most of the Atlantic coast of North America.,0.4615384615384615,1.0,0.3,3,10,3,3,0.3530037999153137,0.7462849020957947,0.35
5111,True,exact,0.7,B) Macropus agilis,Macropus agilis,0.5454545454545454,1.0,0.375,3,8,3,3,0.5010740160942078,0.9392377734184265,0.35
5112,True,exact,0.7,D) Kyle can trade his tomatoes for Tony's broccoli.,Kyle can trade his tomatoes for Tony's broccoli.,0.5882352941176471,1.0,0.4166666666666667,5,12,5,5,0.5045108199119568,0.8682729601860046,0.35
5113,True,exact,0.7,A) Sacramento,Sacramento,0.8,1.0,0.6666666666666666,4,6,4,4,0.4585109055042267,0.7086441516876221,0.35
5114,False,exact,0.3,C) The magnitude of the magnetic force is the same in both pairs.,The magnitude of the magnetic force is smaller in Pair 1.,0.4615384615384615,1.0,0.3,3,10,3,3,0.641640841960907,0.8961549997329712,0.35
5115,True,exact,0.7,D) barn owl,barn owl,0.4210526315789474,1.0,0.26666666666666666,4,15,4,4,0.4418807625770569,0.8171154856681824,0.35
5116,True,exact,0.7,C) Richmond,Richmond,0.6666666666666666,1.0,0.5,4,8,4,4,0.451764851808548,0.9223783016204834,0.35
5117,True,exact,1.0,to the right than to the left,to the right than to the left,0.375,1.0,0.23076923076923078,3,13,3,3,0.5362327694892883,0.8561913371086121,0.35
5118,True,exact,0.7,B) Solution B,Solution B,0.5,1.0,0.3333333333333333,3,9,3,3,0.6194579601287842,0.9986500144004822,0.35
5119,True,exact,0.7,D) Boise,Boise,0.4444444444444444,0.6666666666666666,0.3333333333333333,3,6,2,2,0.3924883306026459,0.8339667916297913,0.35
5120,True,exact,0.7,C) Raleigh,Raleigh,0.4,0.6666666666666666,0.2857142857142857,3,7,2,2,0.3699139952659607,0.522165834903717,0.35
5121,True,exact,0.7,C) South America,South America,0.4615384615384615,1.0,0.3,3,10,3,3,0.48806098103523254,0.8917136788368225,0.35
5122,True,exact,0.7,B) palm leaf,palm leaf,0.5,1.0,0.3333333333333333,4,12,4,4,0.5135620832443237,1.0000003576278687,0.35
5123,True,exact,1.0,Massachusetts,Massachusetts,0.7499999999999999,1.0,0.6,3,5,3,3,0.43877464532852173,0.679192304611206,0.35
5124,False,exact,1.0,climate,weather,0.375,1.0,0.23076923076923078,3,13,3,3,0.3166309893131256,0.7460805773735046,0.35
5125,True,exact,0.7,B) common carp,common carp,0.5714285714285715,1.0,0.4,4,10,4,4,0.42205530405044556,0.9450480937957764,0.35
5126,True,exact,1.0,a liquid,a liquid,0.6,1.0,0.42857142857142855,3,7,3,3,0.3226342797279358,0.6077026724815369,0.35
5127,False,exact,0.3,B) Chicago,St. Louis,0.0,0.0,0.0,4,1,0,0,0.18533143401145935,0.22685717046260834,0.35
5128,True,exact,1.0,Do the insides of white boxes get hotter than the insides of black boxes when the boxes are left in the sun?,Do the insides of white boxes get hotter than the insides of black boxes when the boxes are left in the sun?,0.5,1.0,0.3333333333333333,4,12,4,4,0.43736425042152405,0.7097504734992981,0.35
5129,True,exact,1.0,soft,soft,0.0,0.0,0.0,4,10,0,0,0.13903167843818665,0.3490235209465027,0.35
5130,True,exact,0.7,D) Oklahoma City,Oklahoma City,0.8,1.0,0.6666666666666666,4,6,4,4,0.4689556360244751,0.8366373181343079,0.35
5131,True,exact,0.7,C) the Federated States of Micronesia,the Federated States of Micronesia,0.6666666666666666,1.0,0.5,4,8,4,4,0.37020811438560486,0.6542835235595703,0.35
5132,True,exact,0.7,A) koala,koala,0.5333333333333333,1.0,0.36363636363636365,4,11,4,4,0.42433980107307434,0.6407456398010254,0.35
5133,True,exact,0.7,ethos,ethos (character),0.6666666666666666,0.8,0.5714285714285714,5,7,4,4,0.23689638078212738,0.6593336462974548,0.35
5134,False,exact,0.3,the surroundings . . . each battery,each battery . . . the surroundings,0.42857142857142855,1.0,0.2727272727272727,3,11,3,3,0.4559069871902466,0.7427067160606384,0.35
5135,True,exact,1.0,a compound,a compound,0.4615384615384615,1.0,0.3,3,10,3,3,0.466763436794281,0.8782517910003662,0.35
5136,True,exact,1.0,sticky,sticky,0.13333333333333333,0.25,0.09090909090909091,4,11,1,1,0.23522399365901947,0.6419487595558167,0.35
5137,True,yes_no,1.0,false,false,0.5,1.0,0.3333333333333333,3,9,3,3,0.501190721988678,0.9031420350074768,0.35
5138,True,exact,0.7,A) Springfield,Springfield,0.888888888888889,1.0,0.8,4,5,4,4,0.5280178785324097,0.9521507620811462,0.35
5139,True,exact,0.7,B) sample A,sample A,0.5555555555555556,1.0,0.38461538461538464,5,13,5,5,0.4543187618255615,0.8829065561294556,0.35
5140,True,numeric_exact,1.0,B) 0/4,0/4,0.35294117647058826,1.0,0.21428571428571427,3,14,3,3,0.2697339951992035,0.7106669545173645,0.35
5141,False,exact,1.0,attract,repel,0.5,1.0,0.3333333333333333,4,12,4,4,0.5234025120735168,0.8111101984977722,0.35
5142,True,exact,1.0,Does Justine's snowboard slide down a hill in less time when it has a layer of wax or when it does not have a layer of wax?,Does Justine's snowboard slide down a hill in less time when it has a layer of wax or when it does not have a layer of wax?,0.5263157894736842,1.0,0.35714285714285715,5,14,5,5,0.3224010467529297,0.8466241359710693,0.35
5143,True,exact,0.7,D) Salt Lake City,Salt Lake City,0.6,1.0,0.42857142857142855,3,7,3,3,0.4797026216983795,0.837811291217804,0.35
5144,True,exact,0.7,D) Des Moines,Des Moines,0.6,1.0,0.42857142857142855,3,7,3,3,0.3485586643218994,0.5216647982597351,0.35
5145,False,exact,0.3,Connecticut,New Jersey,0.4,1.0,0.25,3,12,3,3,0.46408870816230774,0.8616498708724976,0.35
5146,False,exact,0.3,February is wetter than March.,Precipitation does not change much from month to month in Atlanta.,0.8,1.0,0.6666666666666666,8,12,8,8,0.5223521590232849,0.7710936665534973,0.35
5147,True,exact,0.7,A) Charleston,Charleston,0.26666666666666666,0.6666666666666666,0.16666666666666666,3,12,2,2,0.28360795974731445,0.4914861023426056,0.35
5148,True,exact,1.0,weather,weather,0.36363636363636365,0.6666666666666666,0.25,3,8,2,2,0.2508014738559723,0.5407494306564331,0.35
5149,False,numeric_mismatch,0.0,The magnitude of the magnetic force is greater in Pair 1.,The magnitude of the magnetic force is greater in Pair 2.,0.5333333333333333,1.0,0.36363636363636365,4,11,4,4,0.5344262719154358,0.8655514121055603,0.35
5150,False,yes_no,1.0,false,true,0.6666666666666666,1.0,0.5,5,10,5,5,0.5635220408439636,0.8796151280403137,0.35
5151,False,exact,1.0,attract,repel,0.8,1.0,0.6666666666666666,4,6,4,4,0.4847343862056732,0.674063503742218,0.35
5152,False,exact,0.3,C) Carrie can trade her almonds for Rob's tomatoes.,Rob can trade his tomatoes for Carrie's broccoli.,0.5555555555555556,1.0,0.38461538461538464,5,13,5,5,0.41580042243003845,0.8219714760780334,0.35
5153,True,numeric_exact,1.0,B) PCl5,PCl5,0.6666666666666666,1.0,0.5,5,10,5,5,0.4051448404788971,0.8743669986724854,0.35
5154,True,numeric_exact,1.0,A) 30°C,30°C,0.6666666666666666,1.0,0.5,4,8,4,4,0.40570178627967834,0.7851588129997253,0.35
5155,True,exact,0.7,A) Juneau,Juneau,0.46153846153846156,0.75,0.3333333333333333,4,9,3,3,0.38789427280426025,0.8961676955223083,0.35
5156,True,exact,0.7,C) Pierre,Pierre,0.2222222222222222,0.6666666666666666,0.13333333333333333,3,15,2,2,0.3292807638645172,0.5590698719024658,0.35
5157,True,exact,0.7,C) Boise,Boise,0.4,0.6666666666666666,0.2857142857142857,3,7,2,2,0.312310129404068,0.8505211472511292,0.35
5158,True,exact,1.0,a gas,a gas,0.6666666666666666,1.0,0.5,4,8,4,4,0.4647042453289032,0.8341179490089417,0.35
5159,True,exact,0.7,B) Hermann's tortoise,Hermann's tortoise,0.5555555555555556,1.0,0.38461538461538464,5,13,5,5,0.40756991505622864,0.9407057166099548,0.35
5160,True,exact,1.0,manta ray,manta ray,0.6666666666666666,1.0,0.5,5,10,5,5,0.4601469337940216,0.7661216855049133,0.35
5161,True,exact,1.0,shiny,shiny,0.5263157894736842,0.8333333333333334,0.38461538461538464,6,13,5,5,0.2901308238506317,0.8825597167015076,0.35
5162,False,exact,0.3,Do cardinals eat more seeds per visit from feeders containing sunflower seeds compared to feeders containing flax seeds?,Do cardinals visit feeders containing sunflower seeds more often than feeders containing flax seeds?,0.6666666666666666,1.0,0.5,4,8,4,4,0.4051472544670105,0.6524364352226257,0.35
5163,True,yes_no,1.0,false,false,0.39999999999999997,0.75,0.2727272727272727,4,11,3,3,0.397566020488739,0.8036001920700073,0.35
5164,False,numeric_mismatch,0.0,A) 2:2,0:4,0.7499999999999999,1.0,0.6,6,10,6,6,0.45381036400794983,0.8872069716453552,0.35
5165,False,exact,0.3,Do radish plants grown under bright light have more leaves than radish plants grown under dim light?,Do radishes grown under bright light get bigger than radishes grown under dim light?,0.3529411764705882,0.75,0.23076923076923078,4,13,3,3,0.2783654034137726,0.6025822758674622,0.35
5166,False,numeric_mismatch,0.0,The magnitude of the magnetic force is smaller in Pair 2.,The magnitude of the magnetic force is smaller in Pair 1.,0.7272727272727273,1.0,0.5714285714285714,4,7,4,4,0.5602782964706421,0.8638787269592285,0.35
5167,False,exact,0.3,B) Solomon Islands,Fiji,0.4615384615384615,1.0,0.3,3,10,3,3,0.4680870771408081,1.0,0.35
5168,True,exact,0.7,D) Cheyenne,Cheyenne,0.375,1.0,0.23076923076923078,3,13,3,3,0.34128934144973755,0.7644176483154297,0.35
5169,True,exact,0.7,C) New York City,New York City,0.8,1.0,0.6666666666666666,4,6,4,4,0.4440009295940399,0.6958639621734619,0.35
5170,False,exact,0.3,B) Chloe can trade her almonds for Sally's tomatoes.,Sally can trade her tomatoes for Chloe's broccoli.,0.8571428571428572,0.9,0.8181818181818182,10,11,9,9,0.34420090913772583,0.8299936056137085,0.35
5171,True,exact,0.7,A) Carson City,Carson City,0.4444444444444444,0.6666666666666666,0.3333333333333333,3,6,2,2,0.42389369010925293,0.9077118039131165,0.35
5172,False,exact,1.0,weather,climate,0.42857142857142855,1.0,0.2727272727272727,3,11,3,3,0.33744052052497864,0.6022087335586548,0.35
5173,True,exact,0.7,C) Ambystoma opacum,Ambystoma opacum,0.5882352941176471,1.0,0.4166666666666667,5,12,5,5,0.5475266575813293,0.9378368854522705,0.35
5174,True,exact,0.7,B) red-spotted newt,red-spotted newt,0.5333333333333333,1.0,0.36363636363636365,4,11,4,4,0.3975224792957306,0.7406993508338928,0.35
5175,True,exact,1.0,attract,attract,0.35294117647058826,1.0,0.21428571428571427,3,14,3,3,0.4850051999092102,0.8364408612251282,0.35
5176,True,exact,0.7,B) box turtle,box turtle,0.6153846153846153,1.0,0.4444444444444444,4,9,4,4,0.37702620029449463,0.5991852283477783,0.35
5177,True,exact,0.7,C) Concord,Concord,0.4,1.0,0.25,3,12,3,3,0.34082961082458496,0.9112808704376221,0.35
5178,True,exact,1.0,shiny,shiny,0.6666666666666665,0.75,0.6,4,5,3,3,0.2616703510284424,0.5207690596580505,0.35
5179,True,numeric_exact,1.0,B) The magnetic force is stronger in Pair 1.,The magnetic force is stronger in Pair 1.,0.7692307692307693,1.0,0.625,5,8,5,5,0.5906864404678345,0.884120523929596,0.35
5180,True,exact,0.7,C) Sacramento,Sacramento,0.5714285714285715,1.0,0.4,4,10,4,4,0.4267118573188782,0.8736082911491394,0.35
5181,False,exact,1.0,weather,climate,0.2222222222222222,0.3333333333333333,0.16666666666666666,3,6,1,1,0.20877832174301147,0.3836831748485565,0.35
5182,True,exact,0.7,A) Augusta,Augusta,0.5,1.0,0.3333333333333333,2,6,2,2,0.5264062285423279,0.9240447282791138,0.35
5183,True,exact,0.7,C) Des Moines,Des Moines,0.5,0.6666666666666666,0.4,3,5,2,2,0.38492056727409363,0.8469600081443787,0.35
5184,True,exact,0.7,D) Indianapolis,Indianapolis,0.3636363636363636,1.0,0.2222222222222222,2,9,2,2,0.45654645562171936,0.675459086894989,0.35
5185,True,exact,1.0,mandarinfish,mandarinfish,0.5714285714285715,1.0,0.4,4,10,4,4,0.44775018095970154,0.7724867463111877,0.35
5186,True,exact,0.7,A) Lynx canadensis,Lynx canadensis,0.6153846153846153,1.0,0.4444444444444444,4,9,4,4,0.5612489581108093,0.981292724609375,0.35
5187,True,exact,0.7,C) the library,the library,0.26666666666666666,0.5,0.18181818181818182,4,11,2,2,0.13360148668289185,0.527705192565918,0.35
5188,True,exact,1.0,It has land that is covered in water during most of the year. It also has other water ecosystems nearby.,It has land that is covered in water during most of the year. It also has other water ecosystems nearby.,0.6,1.0,0.42857142857142855,3,7,3,3,0.38218075037002563,0.6578329205513,0.35
5189,False,exact,0.3,The magnetic force is stronger in Pair 1.,The strength of the magnetic force is the same in both pairs.,0.35294117647058826,1.0,0.21428571428571427,3,14,3,3,0.4741240441799164,0.8185275197029114,0.35
5190,True,exact,1.0,sedimentary,sedimentary,0.33333333333333337,1.0,0.2,3,15,3,3,0.5068328380584717,0.6991021633148193,0.35
5191,False,exact,0.3,to the right than to the left,to the left than to the right,0.375,1.0,0.23076923076923078,3,13,3,3,0.5383222699165344,0.8450954556465149,0.35
5192,False,exact,1.0,weather,climate,0.375,1.0,0.23076923076923078,3,13,3,3,0.3185734748840332,0.7386430501937866,0.35
5193,True,exact,0.7,C) Springfield,Springfield,0.5,0.75,0.375,4,8,3,3,0.38630229234695435,0.8974650502204895,0.35
5194,True,exact,1.0,brown-throated sloth,brown-throated sloth,0.5,1.0,0.3333333333333333,3,9,3,3,0.47002241015434265,0.6675139665603638,0.35
5195,True,exact,1.0,which design would have the greatest distance between the concert area and the road,which design would have the greatest distance between the concert area and the road,0.5333333333333333,1.0,0.36363636363636365,4,11,4,4,0.40730077028274536,0.9849326610565186,0.35
5196,True,exact,1.0,stretchy,stretchy,0.3157894736842105,1.0,0.1875,3,16,3,3,0.24188505113124847,0.6574270725250244,0.35
5197,False,exact,0.3,A) Heteropoda david Bowie,Heteropoda davidbowie,0.7499999999999999,1.0,0.6,3,5,3,3,0.3750545084476471,0.8082314729690552,0.35
5198,True,numeric_exact,1.0,A) 4:0,4:0,0.6666666666666666,1.0,0.5,5,10,5,5,0.44956985116004944,0.9116025567054749,0.35
5199,True,exact,1.0,four legs,four legs,0.42857142857142855,1.0,0.2727272727272727,3,11,3,3,0.48528093099594116,0.8005207180976868,0.35
5200,True,exact,1.0,cardboard,cardboard,0.5454545454545454,1.0,0.375,3,8,3,3,0.48441460728645325,0.8801780939102173,0.35
5201,True,exact,1.0,Arctic fox,Arctic fox,0.5263157894736842,1.0,0.35714285714285715,5,14,5,5,0.4352532923221588,0.8371502757072449,0.35
5202,True,exact,0.7,A) New Jersey,New Jersey,0.42857142857142855,1.0,0.2727272727272727,3,11,3,3,0.4931798279285431,0.6580754518508911,0.35
5203,True,exact,1.0,smooth,smooth,0.0,0.0,0.0,3,12,0,0,0.14330458641052246,0.306823194026947,0.35
5204,True,numeric_exact,1.0,The magnitude of the magnetic force is greater in Pair 1.,The magnitude of the magnetic force is greater in Pair 1.,0.5714285714285715,1.0,0.4,4,10,4,4,0.5303146243095398,0.8724748492240906,0.35
5205,True,exact,0.7,C) Ardea purpurea,Ardea purpurea,0.7142857142857143,1.0,0.5555555555555556,5,9,5,5,0.5007423758506775,0.835024356842041,0.35
5206,True,exact,0.7,B) Rosa can trade her tomatoes for Isabella's broccoli.,Rosa can trade her tomatoes for Isabella's broccoli.,0.8333333333333333,1.0,0.7142857142857143,5,7,5,5,0.523875892162323,0.9036453366279602,0.35
5207,True,exact,0.7,C) Honolulu,Honolulu,0.5,1.0,0.3333333333333333,3,9,3,3,0.37083107233047485,0.6000306010246277,0.35
5208,False,exact,0.3,It's too hot there.,It's too far away.,0.6206896551724137,0.5,0.8181818181818182,18,11,9,9,0.2365991175174713,0.6893146634101868,0.35
5209,True,exact,1.0,whether the filter was clogged,whether the filter was clogged,0.7058823529411764,0.8571428571428571,0.6,7,10,6,6,0.3430873453617096,0.7237613797187805,0.35
5210,False,exact,0.3,the surroundings . . . each aquarium,each aquarium . . . the surroundings,0.4444444444444445,1.0,0.2857142857142857,4,14,4,4,0.555622935295105,0.863713264465332,0.35
5211,True,exact,1.0,concrete,concrete,0.4,1.0,0.25,3,12,3,3,0.5001299977302551,0.9160587787628174,0.35
5212,True,exact,0.7,A) Boise,Boise,0.4,0.6666666666666666,0.2857142857142857,3,7,2,2,0.2764536440372467,0.8010596036911011,0.35
5213,True,exact,0.7,B) Lonicera maackii,Lonicera maackii,0.8,1.0,0.6666666666666666,6,9,6,6,0.4735897481441498,0.9920159578323364,0.35
5214,True,exact,1.0,push,push,0.33333333333333337,1.0,0.2,2,10,2,2,0.4709910452365875,0.8476467728614807,0.35
5215,True,exact,0.7,A) Eurasian lynx,Eurasian lynx,0.6666666666666666,1.0,0.5,4,8,4,4,0.4486756920814514,0.8403124213218689,0.35
5216,False,numeric_mismatch,0.0,D) 1/4,0/4,0.4285714285714285,0.75,0.3,4,10,3,3,0.2964929938316345,0.6120652556419373,0.35
5217,True,exact,1.0,European robin,European robin,0.35294117647058826,1.0,0.21428571428571427,3,14,3,3,0.5273703932762146,0.9396858215332031,0.35
5218,False,yes_no,1.0,true,false,0.8571428571428571,1.0,0.75,6,8,6,6,0.5560898780822754,0.9703298211097717,0.35
5219,True,exact,1.0,neither; their concentrations are the same,neither; their concentrations are the same,0.5714285714285715,1.0,0.4,4,10,4,4,0.5690571665763855,0.8389578461647034,0.35
5220,True,exact,0.7,B) lar gibbon,lar gibbon,0.38095238095238093,0.8,0.25,5,16,4,4,0.3512290418148041,0.8373070955276489,0.35
5221,True,exact,1.0,Solution A,Solution A,0.42857142857142855,1.0,0.2727272727272727,3,11,3,3,0.5154277086257935,0.9367525577545166,0.35
5222,False,exact,0.3,B) Solomon Islands,Fiji,0.5,1.0,0.3333333333333333,3,9,3,3,0.44855156540870667,1.0,0.35
5223,False,exact,0.3,Tracy can trade her tomatoes for Sandeep's tomatoes.,Sandeep can trade his tomatoes for Tracy's broccoli.,0.625,1.0,0.45454545454545453,5,11,5,5,0.3885047435760498,0.8045400977134705,0.35
5224,True,exact,1.0,horned frog,horned frog,0.6666666666666666,1.0,0.5,4,8,4,4,0.28375542163848877,0.6756325960159302,0.35
5225,True,exact,0.7,B) emerald tree boa,emerald tree boa,0.5333333333333333,1.0,0.36363636363636365,4,11,4,4,0.3446796238422394,0.7682517170906067,0.35
5226,True,exact,0.7,C) Ardea cocoi,Ardea cocoi,0.7272727272727273,1.0,0.5714285714285714,4,7,4,4,0.5715392231941223,0.899729311466217,0.35
5227,False,exact,0.3,if the blade guards would break in a crash,if adding the blade guards made the drone fly poorly,0.33333333333333337,1.0,0.2,3,15,3,3,0.36765071749687195,0.9051451086997986,0.35
5228,False,exact,0.3,the surroundings . . . each pizza,each pizza . . . the surroundings,0.6153846153846154,0.8,0.5,5,8,4,4,0.4950881898403168,0.8334559202194214,0.35
5229,True,numeric_exact,1.0,C) The magnetic force is stronger in Pair 1.,The magnetic force is stronger in Pair 1.,0.7142857142857143,1.0,0.5555555555555556,5,9,5,5,0.6201097965240479,0.9252113699913025,0.35
5230,False,exact,0.3,B) Saint Vincent and the Grenadines,Grenada,0.6666666666666666,1.0,0.5,3,6,3,3,0.47364479303359985,0.7656934857368469,0.35
5231,True,exact,0.7,A) Saint Paul,Saint Paul,0.5,0.3333333333333333,1.0,3,1,1,1,0.47861430048942566,0.5617803931236267,0.35
5232,True,exact,1.0,groundhog,groundhog,0.5882352941176471,0.8333333333333334,0.45454545454545453,6,11,5,5,0.39916470646858215,0.7990012168884277,0.35
5233,True,exact,1.0,Do the insides of white boxes get hotter than the insides of black boxes when the boxes are left in the sun?,Do the insides of white boxes get hotter than the insides of black boxes when the boxes are left in the sun?,0.5,1.0,0.3333333333333333,4,12,4,4,0.43045368790626526,0.7840771079063416,0.35
5234,True,exact,1.0,the change in weight for each plant,the change in weight for each plant,0.3,0.75,0.1875,4,16,3,3,0.3568247854709625,0.8168076872825623,0.35
5235,True,exact,1.0,a compound,a compound,0.5,1.0,0.3333333333333333,4,12,4,4,0.4917010962963104,0.8631886839866638,0.35
5236,False,numeric_mismatch,0.0,D) 3/4,2/4,0.47058823529411764,0.8,0.3333333333333333,5,12,4,4,0.3010489344596863,0.7758718132972717,0.35
5237,True,exact,1.0,Africa,Africa,0.3076923076923077,1.0,0.18181818181818182,2,11,2,2,0.5359410643577576,0.8414024710655212,0.35
5238,True,exact,1.0,a solid,a solid,0.4615384615384615,1.0,0.3,3,10,3,3,0.37121695280075073,0.7154965400695801,0.35
5239,True,exact,0.7,D) Nauru,Nauru,0.6666666666666666,1.0,0.5,5,10,5,5,0.4752068817615509,0.8834457993507385,0.35
5240,True,exact,0.7,B) convergent,convergent,0.625,1.0,0.45454545454545453,5,11,5,5,0.47532880306243896,0.950636625289917,0.35
5241,True,exact,0.7,B) Montpelier,Montpelier,0.6,1.0,0.42857142857142855,3,7,3,3,0.5204128623008728,0.9176915884017944,0.35
5242,True,exact,0.7,A) brahminy kite,brahminy kite,0.42857142857142855,1.0,0.2727272727272727,3,11,3,3,0.36900007724761963,0.8669084310531616,0.35
5243,True,exact,0.7,B) Connecticut,Connecticut,0.6,1.0,0.42857142857142855,3,7,3,3,0.411118745803833,0.6000894904136658,0.35
5244,False,exact,0.3,Georgia,North Dakota,0.5454545454545454,1.0,0.375,3,8,3,3,0.37384262681007385,0.7554163932800293,0.35
5245,True,numeric_exact,1.0,The magnitude of the magnetic force is greater in Pair 2.,The magnitude of the magnetic force is greater in Pair 2.,0.8,1.0,0.6666666666666666,4,6,4,4,0.5504602789878845,0.9017767906188965,0.35
5246,True,exact,0.7,C) the Arctic Ocean,the Arctic Ocean,0.5333333333333333,1.0,0.36363636363636365,4,11,4,4,0.5000560283660889,0.7482401728630066,0.35
5247,False,exact,0.3,C) Lucia can trade her almonds for Ernesto's tomatoes.,Ernesto can trade his tomatoes for Lucia's broccoli.,0.6666666666666666,1.0,0.5,4,8,4,4,0.43321120738983154,0.949325442314148,0.35
5248,True,exact,0.7,C) Carson City,Carson City,0.30769230769230765,0.6666666666666666,0.2,3,10,2,2,0.38884100317955017,0.814890444278717,0.35
5249,True,exact,1.0,a mature fern,a mature fern,0.8571428571428571,1.0,0.75,6,8,6,6,0.46792110800743103,0.8778405785560608,0.35
5250,True,exact,1.0,plainfin midshipman,plainfin midshipman,0.5263157894736842,1.0,0.35714285714285715,5,14,5,5,0.4311216175556183,0.8898283839225769,0.35
5251,True,exact,0.7,A) Denver,Denver,0.4615384615384615,1.0,0.3,3,10,3,3,0.3541545569896698,0.6505508422851562,0.35
5252,True,exact,1.0,attract,attract,0.6666666666666666,1.0,0.5,3,6,3,3,0.47346556186676025,0.8632446527481079,0.35
5253,True,exact,0.7,B) the Dominican Republic,the Dominican Republic,0.42857142857142855,1.0,0.2727272727272727,3,11,3,3,0.35793229937553406,0.7402932643890381,0.35
5254,True,exact,1.0,a solid,a solid,0.5714285714285715,1.0,0.4,4,10,4,4,0.36435484886169434,0.7569711804389954,0.35
5255,True,exact,0.7,B) North America,North America,0.33333333333333337,1.0,0.2,2,10,2,2,0.4986291527748108,0.7565044164657593,0.35
5256,True,exact,1.0,Nolan can trade his tomatoes for Dalton's broccoli.,Nolan can trade his tomatoes for Dalton's broccoli.,0.7499999999999999,1.0,0.6,6,10,6,6,0.5198338627815247,0.9876850843429565,0.35
5257,True,exact,0.7,B) Boise,Boise,0.6666666666666666,1.0,0.5,3,6,3,3,0.40695416927337646,0.8232858180999756,0.35
5258,False,exact,0.3,D) Saint Vincent and the Grenadines,Saint Lucia,0.4615384615384615,1.0,0.3,3,10,3,3,0.449801504611969,0.7246214747428894,0.35
5259,False,exact,0.3,C) kelp bass,phytoplankton,0.375,1.0,0.23076923076923078,3,13,3,3,0.5703837871551514,0.844214916229248,0.35
5260,True,exact,1.0,a tail fin,a tail fin,0.33333333333333337,1.0,0.2,3,15,3,3,0.38156411051750183,0.8138824105262756,0.35
5261,True,exact,1.0,bendable,bendable,0.33333333333333337,1.0,0.2,2,10,2,2,0.23422124981880188,0.5248426795005798,0.35
5262,True,numeric_exact,1.0,Do ping pong balls travel farther when launched from a 30° angle compared to a 45° angle?,Do ping pong balls travel farther when launched from a 30° angle compared to a 45° angle?,0.4444444444444444,0.8,0.3076923076923077,5,13,4,4,0.30647292733192444,0.8712883591651917,0.35
5263,True,numeric_exact,1.0,B) The magnetic force is stronger in Pair 1.,The magnetic force is stronger in Pair 1.,0.7142857142857143,1.0,0.5555555555555556,5,9,5,5,0.6039754152297974,0.918674886226654,0.35
5264,True,exact,1.0,European river otter,European river otter,0.6153846153846153,1.0,0.4444444444444444,4,9,4,4,0.46478572487831116,0.710640013217926,0.35
5265,True,exact,0.7,B) bendable,bendable,0.28571428571428575,0.5,0.2,4,10,2,2,0.17573687434196472,0.5230112075805664,0.35
5266,False,numeric_mismatch,0.0,The magnitude of the magnetic force is smaller in Pair 2.,The magnitude of the magnetic force is smaller in Pair 1.,0.6666666666666666,1.0,0.5,3,6,3,3,0.5524664521217346,0.8681353330612183,0.35
5267,True,exact,0.7,C) Harrisburg,Harrisburg,0.6666666666666665,0.75,0.6,4,5,3,3,0.4023614823818207,0.8850122094154358,0.35
5268,True,exact,1.0,It makes its own food.,It makes its own food.,0.5333333333333333,0.8,0.4,5,10,4,4,0.29117900133132935,0.49227407574653625,0.35
5269,True,exact,0.7,A) Richmond,Richmond,0.5454545454545454,0.75,0.42857142857142855,4,7,3,3,0.37843912839889526,0.8786311149597168,0.35
5270,True,exact,0.7,A) sample B,sample B,0.6,1.0,0.42857142857142855,3,7,3,3,0.5098569393157959,0.9638954401016235,0.35
5271,True,exact,0.7,A) Phoenix,Phoenix,0.6,0.75,0.5,4,6,3,3,0.3899323046207428,0.7840794920921326,0.35
5272,True,exact,0.7,B) sample B,sample B,0.5263157894736842,1.0,0.35714285714285715,5,14,5,5,0.43710100650787354,0.9541411995887756,0.35
5273,True,exact,1.0,oxygen,oxygen,0.4615384615384615,1.0,0.3,3,10,3,3,0.4424668550491333,0.7188043594360352,0.35
5274,True,exact,0.7,B) sea eagle,sea eagle,0.6153846153846153,1.0,0.4444444444444444,4,9,4,4,0.489090234041214,0.733704149723053,0.35
5275,True,exact,0.7,A) sample A,sample A,0.625,0.8333333333333334,0.5,6,10,5,5,0.43185338377952576,0.9052860140800476,0.35
5276,True,exact,0.7,D) Tasmanian devil,Tasmanian devil,0.5,1.0,0.3333333333333333,4,12,4,4,0.31975290179252625,0.6417866349220276,0.35
5277,False,exact,0.3,C) Adele can trade her almonds for Clare's tomatoes.,Clare can trade her tomatoes for Adele's broccoli.,0.5333333333333333,1.0,0.36363636363636365,4,11,4,4,0.3695856034755707,0.7716599702835083,0.35
5278,True,exact,1.0,Asia,Asia,0.6,1.0,0.42857142857142855,3,7,3,3,0.5346337556838989,0.7898570895195007,0.35
5279,False,exact,0.3,B) New Hampshire,Massachusetts,0.0,0.0,0.0,4,8,0,0,0.17343494296073914,0.3048456609249115,0.35
5280,True,exact,0.7,D) Madison,Madison,0.4444444444444444,0.6666666666666666,0.3333333333333333,3,6,2,2,0.34816110134124756,0.46863022446632385,0.35
5281,False,exact,0.3,water rail,European beaver,0.4444444444444444,0.8,0.3076923076923077,5,13,4,4,0.45361191034317017,0.874687671661377,0.35
5282,True,exact,0.7,C) Denver,Denver,0.5454545454545454,1.0,0.375,3,8,3,3,0.3691447973251343,0.5546876788139343,0.35
5283,True,exact,0.7,C) South America,South America,0.6,1.0,0.42857142857142855,3,7,3,3,0.437590092420578,0.6876523494720459,0.35
5284,True,exact,1.0,Africa,Africa,0.3157894736842105,1.0,0.1875,3,16,3,3,0.4845064580440521,0.7843001484870911,0.35
5285,True,exact,0.7,D) Annapolis,Annapolis,0.6,1.0,0.42857142857142855,3,7,3,3,0.4445272982120514,0.8141615390777588,0.35
5286,True,exact,0.7,B) red-shanked douc,red-shanked douc,0.5333333333333333,1.0,0.36363636363636365,4,11,4,4,0.4263114631175995,0.7871525883674622,0.35
5287,True,numeric_exact,1.0,E) 2/4,2/4,0.375,1.0,0.23076923076923078,3,13,3,3,0.3236987590789795,0.7032906413078308,0.35
5288,True,exact,0.7,A) Solution A,Solution A,0.6,1.0,0.42857142857142855,3,7,3,3,0.6045284271240234,0.9981828331947327,0.35
5289,True,exact,0.7,B) Santa Fe,Santa Fe,0.4444444444444444,0.6666666666666666,0.3333333333333333,3,6,2,2,0.3570418059825897,0.6836901307106018,0.35
5290,True,exact,1.0,Africa,Africa,0.47058823529411764,1.0,0.3076923076923077,4,13,4,4,0.6009732484817505,0.8660833239555359,0.35
5291,True,exact,0.7,A) Haiti,Haiti,0.5454545454545454,1.0,0.375,3,8,3,3,0.41626405715942383,0.7174754738807678,0.35
5292,True,exact,0.7,A) Pennsylvania,Pennsylvania,0.42857142857142855,1.0,0.2727272727272727,3,11,3,3,0.40485259890556335,0.783704936504364,0.35
5293,True,exact,1.0,It has daily flooding and draining of seawater. It also has water that is rich in nutrients.,It has daily flooding and draining of seawater. It also has water that is rich in nutrients.,0.5454545454545454,1.0,0.375,3,8,3,3,0.3857640326023102,0.7586457133293152,0.35
5294,True,exact,0.7,D) Boise,Boise,0.3333333333333333,0.6666666666666666,0.2222222222222222,3,9,2,2,0.4002709686756134,0.800723135471344,0.35
5295,False,exact,0.3,eastern rat snake,nautilus,0.5333333333333333,0.8,0.4,5,10,4,4,0.3665936291217804,0.8362796306610107,0.35
5296,True,exact,1.0,weather,weather,0.42857142857142855,1.0,0.2727272727272727,3,11,3,3,0.3598811626434326,0.6179264783859253,0.35
5297,False,exact,0.3,C) Nauru,Samoa,0.5,1.0,0.3333333333333333,3,9,3,3,0.5239333510398865,0.8848879337310791,0.35
5298,False,exact,1.0,weather,climate,0.25,0.5,0.16666666666666666,4,12,2,2,0.23655235767364502,0.7510166168212891,0.35
5299,True,numeric_exact,1.0,B) how steady a parachute with a 1 m vent was at 200 km per hour,how steady a parachute with a 1 m vent was at 200 km per hour,0.42857142857142855,1.0,0.2727272727272727,3,11,3,3,0.4005686938762665,0.7021020650863647,0.35
5300,True,exact,1.0,It has land that is covered with water during most of the year. It also has other water ecosystems nearby.,It has land that is covered with water during most of the year. It also has other water ecosystems nearby.,0.5333333333333333,1.0,0.36363636363636365,4,11,4,4,0.390351265668869,0.6931192278862,0.35
5301,True,exact,1.0,great egret,great egret,0.6153846153846153,1.0,0.4444444444444444,4,9,4,4,0.5516076683998108,0.8238077163696289,0.35
5302,True,exact,1.0,a gas,a gas,0.6,1.0,0.42857142857142855,3,7,3,3,0.43850889801979065,0.8236038684844971,0.35
5303,True,exact,0.7,C) to talk to people,to talk to people,0.33333333333333337,1.0,0.2,2,10,2,2,0.5509377121925354,0.9216780066490173,0.35
5304,False,yes_no,1.0,yes,no,0.6666666666666666,1.0,0.5,3,6,3,3,0.3902848958969116,0.9026241898536682,0.35
5305,True,exact,0.7,B) stretchy,stretchy,0.4,1.0,0.25,2,8,2,2,0.2918035387992859,0.5178102850914001,0.35
5306,True,exact,1.0,metal,metal,0.5454545454545454,1.0,0.375,3,8,3,3,0.315748929977417,0.7322771549224854,0.35
5307,True,exact,0.7,D) Pennsylvania,Pennsylvania,0.35294117647058826,1.0,0.21428571428571427,3,14,3,3,0.48347193002700806,0.7048753499984741,0.35
5308,True,exact,1.0,Solomon Islands,Solomon Islands,0.4615384615384615,1.0,0.3,3,10,3,3,0.37626489996910095,0.6581984162330627,0.35
5309,True,exact,0.7,B) Solomon Islands,Solomon Islands,0.4,1.0,0.25,3,12,3,3,0.4266709089279175,0.7419342398643494,0.35
5310,False,numeric_mismatch,0.0,C) The magnitude of the magnetic force is smaller in Pair 1.,The magnitude of the magnetic force is smaller in Pair 2.,0.7272727272727272,0.8,0.6666666666666666,5,6,4,4,0.4915652573108673,0.8347188234329224,0.35
5311,True,exact,0.7,C) the grocery store,the grocery store,0.3333333333333333,0.6666666666666666,0.2222222222222222,3,9,2,2,0.287358820438385,0.6655214428901672,0.35
5312,True,exact,0.7,D) Boise,Boise,0.4,0.6666666666666666,0.2857142857142857,3,7,2,2,0.2395940124988556,0.7803370356559753,0.35
5313,True,exact,0.7,D) the Federated States of Micronesia,the Federated States of Micronesia,0.6,1.0,0.42857142857142855,3,7,3,3,0.40865635871887207,0.7948307394981384,0.35
5314,True,exact,0.7,C) Honolulu,Honolulu,0.3333333333333333,0.6666666666666666,0.2222222222222222,3,9,2,2,0.3385053277015686,0.5061839818954468,0.35
5315,True,exact,1.0,sample A,sample A,0.7692307692307693,1.0,0.625,5,8,5,5,0.5109135508537292,0.948036789894104,0.35
5316,True,exact,1.0,a solid,a solid,0.6666666666666666,1.0,0.5,4,8,4,4,0.4219714403152466,0.8039830327033997,0.35
5317,False,exact,0.3,C) Tuvalu,Fiji,0.4210526315789474,1.0,0.26666666666666666,4,15,4,4,0.401081383228302,0.99309903383255,0.35
5318,True,exact,0.7,B) Phoenix,Phoenix,0.6666666666666666,1.0,0.5,4,8,4,4,0.4333818852901459,0.9213140606880188,0.35
5319,True,exact,0.7,C) Topeka,Topeka,0.6666666666666666,1.0,0.5,3,6,3,3,0.46199411153793335,0.8768348097801208,0.35
5320,True,exact,1.0,the surroundings . . . each bottle,the surroundings . . . each bottle,0.5,1.0,0.3333333333333333,5,15,5,5,0.43479567766189575,0.7705368995666504,0.35
5321,True,exact,0.7,B) Shivani can trade her tomatoes for Austin's broccoli.,Shivani can trade her tomatoes for Austin's broccoli.,0.625,1.0,0.45454545454545453,5,11,5,5,0.4055563807487488,0.7995988726615906,0.35
5322,True,exact,0.7,B) sample B,sample B,0.7142857142857143,1.0,0.5555555555555556,5,9,5,5,0.5223932266235352,0.8773968815803528,0.35
5323,True,exact,1.0,sand martin,sand martin,0.6153846153846153,1.0,0.4444444444444444,4,9,4,4,0.607733964920044,0.8728374242782593,0.35
5324,True,exact,0.7,C) Asia,Asia,0.42857142857142855,1.0,0.2727272727272727,3,11,3,3,0.5291746258735657,0.8343082070350647,0.35
5325,True,exact,1.0,an elementary substance,an elementary substance,0.28571428571428575,0.6666666666666666,0.18181818181818182,3,11,2,2,0.4069853127002716,0.8827881813049316,0.35
5326,True,exact,0.7,D) Indianapolis,Indianapolis,0.18181818181818182,0.3333333333333333,0.125,3,8,1,1,0.2539319694042206,0.5580408573150635,0.35
5327,True,exact,0.7,B) Richmond,Richmond,0.6153846153846153,1.0,0.4444444444444444,4,9,4,4,0.48521342873573303,0.843076765537262,0.35
5328,False,exact,0.3,A) Solution A,neither; their concentrations are the same,0.4,1.0,0.25,3,12,3,3,0.5866315364837646,0.9193733334541321,0.35
5329,False,numeric_mismatch,0.0,B) The magnitude of the magnetic force is smaller in Pair 1.,The magnitude of the magnetic force is smaller in Pair 2.,0.6666666666666666,1.0,0.5,3,6,3,3,0.5715683102607727,0.9117200970649719,0.35
5330,True,exact,0.7,D) Pennsylvania,Pennsylvania,0.4,1.0,0.25,3,12,3,3,0.397662878036499,0.7459795475006104,0.35
5331,True,exact,1.0,blue,blue,0.11111111111111112,0.25,0.07142857142857142,4,14,1,1,0.10552941262722015,0.3736031949520111,0.35
5332,True,exact,1.0,Kangaroos eat grass.,Kangaroos eat grass.,0.26666666666666666,0.6666666666666666,0.16666666666666666,3,12,2,2,0.2723761796951294,0.6820407509803772,0.35
5333,True,exact,1.0,blue,blue,0.16666666666666666,0.3333333333333333,0.1111111111111111,3,9,1,1,0.18302564322948456,0.47424599528312683,0.35
5334,True,exact,0.7,C) Columbia,Columbia,0.36363636363636365,0.6666666666666666,0.25,3,8,2,2,0.31290316581726074,0.6478624939918518,0.35
5335,True,exact,0.7,C) Kansas,Kansas,0.30769230769230765,0.6666666666666666,0.2,3,10,2,2,0.30362987518310547,0.8588748574256897,0.35
5336,False,exact,0.3,Atlanta has a rainy season and a dry season.,Precipitation does not change much from month to month in Atlanta.,0.8421052631578948,0.8888888888888888,0.8,9,10,8,8,0.46408817172050476,0.8438324332237244,0.35
5337,True,exact,0.7,B) The magnitude of the magnetic force is the same in both pairs.,The magnitude of the magnetic force is the same in both pairs.,0.375,1.0,0.23076923076923078,3,13,3,3,0.568411111831665,0.7686073780059814,0.35
5338,False,exact,0.3,A) Solution B,Solution A,0.5,1.0,0.3333333333333333,3,9,3,3,0.591660737991333,0.9420702457427979,0.35
5339,True,exact,1.0,Do steel nails take fewer days to rust in water compared to vinegar?,Do steel nails take fewer days to rust in water compared to vinegar?,0.5,1.0,0.3333333333333333,4,12,4,4,0.4127507209777832,0.809738278388977,0.35
5340,True,exact,0.7,B) Springfield,Springfield,0.42857142857142855,1.0,0.2727272727272727,3,11,3,3,0.4500248432159424,0.7872353196144104,0.35
5341,True,numeric_exact,1.0,A) 1,1,0.4615384615384615,1.0,0.3,3,10,3,3,0.3960859477519989,0.7722241282463074,0.35
5342,True,exact,0.7,B) Sacramento,Sacramento,0.6666666666666666,1.0,0.5,4,8,4,4,0.4068278670310974,0.8276869654655457,0.35
5343,True,exact,0.7,B) insect,insect,0.42857142857142855,1.0,0.2727272727272727,3,11,3,3,0.4585258662700653,0.963939368724823,0.35
5344,True,exact,0.7,D) Saint Vincent and the Grenadines,Saint Vincent and the Grenadines,0.6666666666666666,1.0,0.5,3,6,3,3,0.4791041910648346,0.9888731837272644,0.35
5345,True,exact,1.0,Arizona,Arizona,0.5454545454545454,1.0,0.375,3,8,3,3,0.48302987217903137,0.8457466959953308,0.35
5346,True,exact,1.0,My city rules itself and is not part of a larger country.,My city rules itself and is not part of a larger country.,0.9333333333333333,1.0,0.875,7,8,7,7,0.4732946753501892,0.9305168986320496,0.35
5347,True,exact,1.0,a solid,a solid,0.5333333333333333,1.0,0.36363636363636365,4,11,4,4,0.4581160843372345,0.9352260231971741,0.35
5348,True,exact,0.7,D) Raleigh,Raleigh,0.5,1.0,0.3333333333333333,3,9,3,3,0.39114341139793396,0.693259596824646,0.35
5349,True,exact,0.7,D) Cheyenne,Cheyenne,0.3333333333333333,0.6666666666666666,0.2222222222222222,3,9,2,2,0.3486386835575104,0.8032833337783813,0.35
5350,True,exact,1.0,push,push,0.5,1.0,0.3333333333333333,2,6,2,2,0.4939497709274292,0.8965812921524048,0.35
5351,True,exact,0.7,D) Krysta can trade her tomatoes for Malik's broccoli.,Krysta can trade her tomatoes for Malik's broccoli.,0.7142857142857143,1.0,0.5555555555555556,5,9,5,5,0.45664605498313904,0.8863697052001953,0.35
5352,True,exact,1.0,"It has long, cold winters. It also has a small amount of rain or snow.","It has long, cold winters. It also has a small amount of rain or snow.",0.888888888888889,1.0,0.8,4,5,4,4,0.4360484182834625,0.7526699304580688,0.35
5353,True,exact,0.7,C) the Middle East,the Middle East,0.6666666666666666,1.0,0.5,3,6,3,3,0.4691406786441803,0.8300485014915466,0.35
5354,True,exact,1.0,Asia,Asia,0.2857142857142857,1.0,0.16666666666666666,2,12,2,2,0.5047428011894226,0.7554117441177368,0.35
5355,True,exact,0.7,C) Salem,Salem,0.5454545454545454,1.0,0.375,3,8,3,3,0.4925290644168854,0.915672779083252,0.35
5356,False,exact,0.3,C) They can understand some human speech.,They can communicate about specific problems.,0.7272727272727272,0.8,0.6666666666666666,5,6,4,4,0.432400643825531,0.8053416013717651,0.35
5357,True,exact,0.7,D) Boston,Boston,0.888888888888889,1.0,0.8,4,5,4,4,0.6340462565422058,0.7706356048583984,0.35
5358,False,exact,0.3,Solomon Islands,the Federated States of Micronesia,0.33333333333333337,1.0,0.2,3,15,3,3,0.5033602714538574,0.7805525064468384,0.35
5359,True,exact,1.0,Georgia,Georgia,0.6666666666666666,1.0,0.5,4,8,4,4,0.3795190453529358,0.8183311820030212,0.35
5360,True,exact,1.0,soft,soft,0.30769230769230765,0.6666666666666666,0.2,3,10,2,2,0.23845508694648743,0.5145122408866882,0.35
5361,True,exact,0.7,B) Strix aluco,Strix aluco,0.5714285714285715,1.0,0.4,4,10,4,4,0.5314375162124634,0.9392237067222595,0.35
5362,True,exact,0.7,C) The strength of the magnetic force is the same in both pairs.,The strength of the magnetic force is the same in both pairs.,0.33333333333333337,1.0,0.2,3,15,3,3,0.524894118309021,0.7307361960411072,0.35
5363,True,exact,1.0,ginkgo leaf,ginkgo leaf,0.5,1.0,0.3333333333333333,3,9,3,3,0.5137144327163696,0.929966926574707,0.35
5364,True,exact,1.0,sharpnose-puffer,sharpnose-puffer,0.8571428571428571,0.75,1.0,4,3,3,3,0.4713161885738373,0.6327627897262573,0.35
5365,False,numeric_mismatch,0.0,The magnitude of the magnetic force is greater in Pair 1.,The magnitude of the magnetic force is greater in Pair 2.,0.47058823529411764,1.0,0.3076923076923077,4,13,4,4,0.44473743438720703,0.7545626759529114,0.35
5366,True,exact,1.0,It eats a producer.,It eats a producer.,0.6666666666666666,1.0,0.5,5,10,5,5,0.4200259745121002,0.9212376475334167,0.35
5367,True,numeric_exact,1.0,B) The magnitude of the magnetic force is greater in Pair 1.,The magnitude of the magnetic force is greater in Pair 1.,0.888888888888889,1.0,0.8,4,5,4,4,0.529508113861084,0.8779194951057434,0.35
5368,False,numeric_mismatch,0.0,B) 2/4,0/4,0.4,1.0,0.25,3,12,3,3,0.3539606034755707,0.8018216490745544,0.35
5369,True,exact,0.7,B) logos (reason),logos (reason),0.0,0.0,0.0,3,8,0,0,0.08979687839746475,0.19611944258213043,0.35
5370,True,yes_no,1.0,yes,yes,0.33333333333333337,1.0,0.2,2,10,2,2,0.5494894981384277,0.792550265789032,0.35
5371,True,exact,0.7,B) Massachusetts,Massachusetts,0.6153846153846153,1.0,0.4444444444444444,4,9,4,4,0.48607710003852844,0.6229766011238098,0.35
5372,True,exact,0.7,C) Providence,Providence,0.6153846153846153,1.0,0.4444444444444444,4,9,4,4,0.5357803702354431,0.9674347639083862,0.35
5373,True,exact,1.0,the Atlantic Ocean,the Atlantic Ocean,0.4,1.0,0.25,4,16,4,4,0.5460883378982544,0.7794944047927856,0.35
5374,True,yes_no,1.0,no,no,0.8,1.0,0.6666666666666666,4,6,4,4,0.5026941895484924,0.9095169901847839,0.35
5375,True,exact,1.0,weather,weather,0.47058823529411764,1.0,0.3076923076923077,4,13,4,4,0.3546932339668274,0.7470819354057312,0.35
5376,False,exact,0.3,B) Electricity started flowing to the motor when the ride operator flipped the switch.,"The train was stopped, and then it began to move forward and away from the station.",0.3157894736842105,1.0,0.1875,3,16,3,3,0.5346373915672302,0.8772554993629456,0.35
5377,False,exact,0.3,D) Felix can trade his almonds for Rick's tomatoes.,Rick can trade his tomatoes for Felix's broccoli.,0.7000000000000001,0.7777777777777778,0.6363636363636364,9,11,7,7,0.34569051861763,0.8488948345184326,0.35
5378,False,exact,0.3,B) New Hampshire,Massachusetts,0.42857142857142855,1.0,0.2727272727272727,3,11,3,3,0.6173233985900879,0.8401476740837097,0.35
5379,True,exact,0.7,A) shoebill,shoebill,0.5,1.0,0.3333333333333333,4,12,4,4,0.500851571559906,0.8349539637565613,0.35
5380,True,exact,1.0,Hermann's tortoise,Hermann's tortoise,0.6666666666666666,1.0,0.5,4,8,4,4,0.4082557260990143,0.6827443838119507,0.35
5381,True,exact,1.0,the Dominican Republic,the Dominican Republic,0.625,1.0,0.45454545454545453,5,11,5,5,0.3282144069671631,0.7286838889122009,0.35
5382,True,exact,1.0,metal,metal,0.5454545454545454,1.0,0.375,3,8,3,3,0.4165590703487396,0.7715252637863159,0.35
5383,True,exact,0.7,C) Jefferson City,Jefferson City,0.4,1.0,0.25,3,12,3,3,0.3582190275192261,0.651344358921051,0.35
5384,True,exact,1.0,Does Haley's snowboard slide down a hill in less time when it has a layer of wax or when it does not have a layer of wax?,Does Haley's snowboard slide down a hill in less time when it has a layer of wax or when it does not have a layer of wax?,0.3333333333333333,0.6666666666666666,0.2222222222222222,3,9,2,2,0.3129103183746338,0.8093050718307495,0.35
5385,True,exact,1.0,if adding the blade guards made the drone fly poorly,if adding the blade guards made the drone fly poorly,0.5714285714285715,1.0,0.4,4,10,4,4,0.5444327592849731,0.9129016995429993,0.35
5386,True,exact,1.0,wool,wool,0.6666666666666666,1.0,0.5,3,6,3,3,0.46809324622154236,0.7475436925888062,0.35
5387,True,exact,1.0,July,July,0.4210526315789474,1.0,0.26666666666666666,4,15,4,4,0.40127068758010864,0.9598326683044434,0.35
5388,True,exact,0.7,A) sample B,sample B,0.5333333333333333,1.0,0.36363636363636365,4,11,4,4,0.4779888093471527,0.9331981539726257,0.35
5389,True,exact,0.7,A) Pennsylvania,Pennsylvania,0.5454545454545454,1.0,0.375,3,8,3,3,0.46904507279396057,0.7762023210525513,0.35
5390,True,exact,1.0,before the war,before the war,0.3157894736842105,0.5,0.23076923076923078,6,13,3,3,0.2253873348236084,0.7542785406112671,0.35
5391,True,exact,0.7,C) Ardea alba,Ardea alba,0.6153846153846153,1.0,0.4444444444444444,4,9,4,4,0.4876958131790161,0.8779689073562622,0.35
5392,False,exact,1.0,transform,divergent,0.7142857142857143,1.0,0.5555555555555556,5,9,5,5,0.4134044945240021,0.7924069166183472,0.35
5393,True,numeric_exact,1.0,around 600 grams,around 600 grams,0.4,1.0,0.25,3,12,3,3,0.3660975694656372,0.7301310896873474,0.35
5394,True,exact,0.7,B) short-tailed weasel,short-tailed weasel,0.6153846153846154,0.8,0.5,5,8,4,4,0.47929707169532776,0.8978537321090698,0.35
5395,True,numeric_exact,1.0,whether a parachute with a 1 m vent would swing too much at 400 km per hour,how steady a parachute with a 1 m vent was at 200 km per hour,0.33333333333333337,1.0,0.2,3,15,3,3,0.49317222833633423,0.781241774559021,0.35
5396,False,exact,1.0,hard,scratchy,0.0,0.0,0.0,3,1,0,0,0.2266857624053955,0.2622082829475403,0.35
5397,True,yes_no,1.0,yes,yes,0.7272727272727273,1.0,0.5714285714285714,4,7,4,4,0.5067446827888489,0.9699681401252747,0.35
5398,True,numeric_exact,1.0,The magnitude of the magnetic force is larger in Pair 2.,The magnitude of the magnetic force is smaller in Pair 2.,0.4,1.0,0.25,3,12,3,3,0.588932454586029,0.9211140275001526,0.35
5399,True,exact,0.7,B) May through September,May through September,0.35294117647058826,1.0,0.21428571428571427,3,14,3,3,0.4010718762874603,0.7282219529151917,0.35
5400,True,exact,0.7,A) Solution B,Solution B,0.6,1.0,0.42857142857142855,3,7,3,3,0.6516505479812622,0.9666968584060669,0.35
5401,True,exact,0.7,D) Nashville,Nashville,0.6,1.0,0.42857142857142855,3,7,3,3,0.455456405878067,0.8205877542495728,0.35
5402,True,exact,1.0,the Atlantic Ocean,the Atlantic Ocean,0.5454545454545454,1.0,0.375,3,8,3,3,0.5502901673316956,0.8732568025588989,0.35
5403,True,exact,0.7,B) Olympia,Olympia,0.7272727272727273,1.0,0.5714285714285714,4,7,4,4,0.4300224483013153,0.8646785020828247,0.35
5404,False,exact,0.3,A) fern,insect,0.4615384615384615,1.0,0.3,3,10,3,3,0.5617309808731079,0.8847413063049316,0.35
5405,True,exact,0.7,C) Virginia,Virginia,0.5454545454545454,1.0,0.375,3,8,3,3,0.4208017885684967,0.7808160185813904,0.35
5406,True,exact,0.7,B) lar gibbon,lar gibbon,0.6153846153846153,1.0,0.4444444444444444,4,9,4,4,0.4777156114578247,0.8717281222343445,0.35
5407,True,exact,1.0,Python reticulatus,Python reticulatus,0.7499999999999999,1.0,0.6,6,10,6,6,0.4865533411502838,0.926098108291626,0.35
5408,True,exact,1.0,a gas,a gas,0.5454545454545454,1.0,0.375,3,8,3,3,0.505592942237854,0.8849948048591614,0.35
5409,True,exact,1.0,smooth,smooth,0.25,0.5,0.16666666666666666,4,12,2,2,0.24292588233947754,0.75130695104599,0.35
5410,True,exact,1.0,neither; the samples have the same temperature,neither; the samples have the same temperature,0.5,1.0,0.3333333333333333,4,12,4,4,0.4386720657348633,0.790108859539032,0.35
5411,True,exact,0.7,b) bateleur,bateleur,0.6153846153846153,1.0,0.4444444444444444,4,9,4,4,0.47026026248931885,0.9785630702972412,0.35
5412,True,exact,0.7,B) black howler,black howler,0.5,1.0,0.3333333333333333,3,9,3,3,0.38869956135749817,0.6094852685928345,0.35
5413,True,exact,1.0,Europe,Europe,0.33333333333333337,1.0,0.2,2,10,2,2,0.4727664589881897,0.7543575763702393,0.35
5414,False,exact,0.3,plainfin midshipman,sea cucumber,0.5714285714285715,1.0,0.4,4,10,4,4,0.3895549178123474,0.7514525651931763,0.35
5415,False,exact,0.3,A) Tuvalu,Tonga,0.375,1.0,0.23076923076923078,3,13,3,3,0.5294616222381592,0.7272149920463562,0.35
5416,True,exact,0.7,C) Juneau,Juneau,0.375,1.0,0.23076923076923078,3,13,3,3,0.2766784131526947,0.674896776676178,0.35
5417,True,exact,1.0,an elementary substance,an elementary substance,0.3157894736842105,1.0,0.1875,3,16,3,3,0.4788529872894287,0.898828387260437,0.35
5418,True,exact,0.7,D) Oklahoma City,Oklahoma City,0.30769230769230765,0.6666666666666666,0.2,3,10,2,2,0.3909085690975189,0.7683410048484802,0.35
5419,True,exact,0.7,B) sample B,sample B,0.6,1.0,0.42857142857142855,6,14,6,6,0.4561086893081665,0.9168820381164551,0.35
5420,True,exact,0.7,C) New Jersey,New Jersey,0.6,1.0,0.42857142857142855,3,7,3,3,0.44911131262779236,0.6438097953796387,0.35
5421,True,exact,1.0,palm leaf,palm leaf,0.6666666666666666,1.0,0.5,3,6,3,3,0.3683784008026123,0.8173477649688721,0.35
5422,True,exact,0.7,A) Indianapolis,Indianapolis,0.2857142857142857,1.0,0.16666666666666666,2,12,2,2,0.4676133692264557,0.7658933401107788,0.35
5423,True,exact,0.7,A) Oklahoma City,Oklahoma City,0.3333333333333333,0.6666666666666666,0.2222222222222222,3,9,2,2,0.3914646804332733,0.8692870736122131,0.35
5424,True,exact,0.7,B) Washington,Washington,0.4,1.0,0.25,3,12,3,3,0.37572526931762695,0.7119352221488953,0.35
5425,False,exact,1.0,attract,repel,0.6,1.0,0.42857142857142855,3,7,3,3,0.5569800138473511,0.7516463994979858,0.35
5426,True,exact,0.7,A) Ardea alba,Ardea alba,0.5333333333333333,1.0,0.36363636363636365,4,11,4,4,0.5392134189605713,0.9092299342155457,0.35
5427,True,exact,0.7,B) Maryland,Maryland,0.4615384615384615,1.0,0.3,3,10,3,3,0.3594129681587219,0.5868698954582214,0.35
5428,True,exact,0.7,A) Salem,Salem,0.6,1.0,0.42857142857142855,3,7,3,3,0.44176584482192993,0.8482099175453186,0.35
5429,True,exact,0.7,D) Joey can trade his tomatoes for Darell's broccoli.,Joey can trade his tomatoes for Darell's broccoli.,0.625,1.0,0.45454545454545453,5,11,5,5,0.4977312982082367,0.8533793091773987,0.35
5430,True,exact,1.0,Texas,Texas,0.6153846153846153,1.0,0.4444444444444444,4,9,4,4,0.4163751006126404,0.7697478532791138,0.35
5431,True,exact,0.7,B) male cells,male cells,0.5333333333333333,1.0,0.36363636363636365,4,11,4,4,0.5210427641868591,0.9002236127853394,0.35
5432,True,exact,1.0,colorful,colorful,0.4,0.25,1.0,4,1,1,1,0.3310168981552124,0.36389440298080444,0.35
5433,False,numeric_mismatch,0.0,C) The magnetic force is stronger in Pair 1.,The magnetic force is stronger in Pair 2.,0.4,1.0,0.25,3,12,3,3,0.6685686707496643,0.8939588069915771,0.35
5434,False,numeric_mismatch,0.0,B) 2/4,1/4,0.4615384615384615,1.0,0.3,3,10,3,3,0.4205152690410614,0.9232926368713379,0.35
5435,True,exact,1.0,hard,hard,0.125,0.25,0.08333333333333333,4,12,1,1,0.1840730458498001,0.36203983426094055,0.35
5436,True,exact,0.7,A) demoiselle crane,demoiselle crane,0.6153846153846153,1.0,0.4444444444444444,4,9,4,4,0.47037792205810547,0.7841600179672241,0.35
5437,True,exact,0.7,B) Virginia,Virginia,0.5,1.0,0.3333333333333333,4,12,4,4,0.4307232201099396,0.7430379986763,0.35
5438,True,exact,1.0,weather,weather,0.25,0.6666666666666666,0.15384615384615385,3,13,2,2,0.19355162978172302,0.5184084177017212,0.35
5439,True,exact,0.7,B) salmon,salmon,0.6153846153846153,1.0,0.4444444444444444,4,9,4,4,0.4444613456726074,0.6400710940361023,0.35
5440,True,exact,0.7,A) Augusta,Augusta,0.23529411764705882,1.0,0.13333333333333333,2,15,2,2,0.5011143684387207,0.8706899285316467,0.35
5441,False,numeric_mismatch,0.0,B) 3/4,4/4,0.5,1.0,0.3333333333333333,4,12,4,4,0.48400187492370605,0.7854239344596863,0.35
5442,True,exact,1.0,away from the stick,away from the stick,0.28571428571428575,0.6666666666666666,0.18181818181818182,3,11,2,2,0.3070008456707001,0.722322940826416,0.35
5443,True,exact,0.7,C) Cyanocitta cristata,Cyanocitta cristata,0.9411764705882353,1.0,0.8888888888888888,8,9,8,8,0.5375289916992188,0.9804147481918335,0.35
5444,True,exact,0.7,B) Ling can trade her tomatoes for Maria's broccoli.,Ling can trade her tomatoes for Maria's broccoli.,0.5263157894736842,1.0,0.35714285714285715,5,14,5,5,0.4225350022315979,0.8764069676399231,0.35
5445,False,numeric_mismatch,0.0,C) The magnitude of the magnetic force is greater in Pair 1.,The magnitude of the magnetic force is greater in Pair 2.,0.5,1.0,0.3333333333333333,4,12,4,4,0.5619659423828125,0.8919304013252258,0.35
5446,True,yes_no,1.0,yes,yes,0.5454545454545454,1.0,0.375,3,8,3,3,0.3650232255458832,0.8684171438217163,0.35
5447,True,yes_no,1.0,no,no,0.5,1.0,0.3333333333333333,4,12,4,4,0.49316418170928955,0.8671042919158936,0.35
5448,True,exact,1.0,the surroundings . . . each greenhouse,the surroundings . . . each greenhouse,0.7499999999999999,1.0,0.6,6,10,6,6,0.5935773253440857,0.8707682490348816,0.35
5449,True,exact,0.7,D) North Dakota,North Dakota,0.42857142857142855,1.0,0.2727272727272727,3,11,3,3,0.45265939831733704,0.763380229473114,0.35
5450,True,exact,0.7,A) groundhog,groundhog,0.375,1.0,0.23076923076923078,3,13,3,3,0.39062681794166565,0.7932615280151367,0.35
5451,True,exact,0.7,C) Santa Fe,Santa Fe,0.5454545454545454,1.0,0.375,3,8,3,3,0.3641352951526642,0.546983540058136,0.35
5452,True,exact,1.0,Australia,Australia,0.375,0.75,0.25,4,12,3,3,0.36304113268852234,0.7647311687469482,0.35
5453,True,exact,1.0,Ohio,Ohio,0.5,1.0,0.3333333333333333,3,9,3,3,0.45877954363822937,0.9273414611816406,0.35
5454,True,exact,0.7,C) Nauru,Nauru,0.4615384615384615,1.0,0.3,3,10,3,3,0.46305692195892334,0.8589450716972351,0.35
5455,False,exact,0.3,how well the weather station would work when it was windy,if the weather station would work when the temperature was 50°C,0.4210526315789474,1.0,0.26666666666666666,4,15,4,4,0.3875525891780853,0.751685619354248,0.35
5456,True,exact,1.0,weather,weather,0.4,0.6666666666666666,0.2857142857142857,3,7,2,2,0.2706781029701233,0.5424056053161621,0.35
5457,True,exact,0.7,D) New Hampshire,New Hampshire,0.5714285714285715,1.0,0.4,2,5,2,2,0.5490598678588867,0.9999997615814209,0.35
5458,True,exact,0.7,B) Albany,Albany,0.46153846153846156,0.75,0.3333333333333333,4,9,3,3,0.38650190830230713,0.8694387078285217,0.35
5459,False,exact,0.3,C) Papua New Guinea,Nauru,0.33333333333333337,1.0,0.2,3,15,3,3,0.37901756167411804,0.6839926242828369,0.35
5460,True,exact,0.7,C) South America,South America,0.375,1.0,0.23076923076923078,3,13,3,3,0.4970070421695709,0.8414680361747742,0.35
5461,False,numeric_mismatch,0.0,The magnitude of the magnetic force is smaller in Pair 2.,The magnitude of the magnetic force is smaller in Pair 1.,0.5333333333333333,1.0,0.36363636363636365,4,11,4,4,0.5478217005729675,0.8487991094589233,0.35
5462,True,exact,0.7,B) Raleigh,Raleigh,0.4444444444444444,0.6666666666666666,0.3333333333333333,3,6,2,2,0.33069226145744324,0.5241979956626892,0.35
5463,True,exact,1.0,attract,attract,0.5,1.0,0.3333333333333333,3,9,3,3,0.5778048038482666,0.7872050404548645,0.35
5464,False,exact,0.3,A) Solomon Islands,the Federated States of Micronesia,0.5,1.0,0.3333333333333333,3,9,3,3,0.37733787298202515,0.7265734076499939,0.35
5465,True,exact,0.7,C) Python bivittatus,Python bivittatus,0.7272727272727273,1.0,0.5714285714285714,4,7,4,4,0.4974927008152008,0.9734624624252319,0.35
5466,False,yes_no,1.0,false,true,0.8333333333333334,0.8333333333333334,0.8333333333333334,6,6,5,5,0.48259061574935913,0.9031825661659241,0.35
5467,True,exact,0.7,C) The strength of the magnetic force is the same in both pairs.,The strength of the magnetic force is the same in both pairs.,0.47058823529411764,1.0,0.3076923076923077,4,13,4,4,0.543161928653717,0.8452689051628113,0.35
5468,True,exact,0.7,B) South Carolina,South Carolina,0.6666666666666666,1.0,0.5,4,8,4,4,0.33059442043304443,0.6248795986175537,0.35
5469,True,numeric_exact,1.0,C) 21 grams of water vapor per kilogram of air,21 grams of water vapor per kilogram of air,0.5,1.0,0.3333333333333333,4,12,4,4,0.47546592354774475,0.8718802332878113,0.35
5470,False,numeric_mismatch,0.0,D) 3:1,2:2,0.5882352941176471,1.0,0.4166666666666667,5,12,5,5,0.41270044445991516,0.7912072539329529,0.35
5471,True,exact,0.7,B) Jefferson City,Jefferson City,0.36363636363636365,0.6666666666666666,0.25,3,8,2,2,0.4045613706111908,0.6189884543418884,0.35
5472,False,exact,0.3,It has mostly small plants.,It has soil that is poor in nutrients.,0.7272727272727273,1.0,0.5714285714285714,4,7,4,4,0.3746755123138428,0.5844212770462036,0.35
5473,True,exact,1.0,green moray eel,green moray eel,0.4,0.6666666666666666,0.2857142857142857,3,7,2,2,0.3101207911968231,0.5947405099868774,0.35
5474,True,exact,0.7,C) logos (reason),logos (reason),0.0,0.0,0.0,3,13,0,0,0.04859323054552078,0.21534255146980286,0.35
5475,True,exact,0.7,D) North Dakota,North Dakota,0.4615384615384615,1.0,0.3,3,10,3,3,0.4626888334751129,0.7883766889572144,0.35
5476,True,exact,1.0,an elementary substance,an elementary substance,0.5714285714285715,1.0,0.4,4,10,4,4,0.4100823402404785,0.8547298312187195,0.35
5477,True,exact,1.0,They can fuse and form fertilized eggs.,They can fuse and form fertilized eggs.,0.4210526315789474,1.0,0.26666666666666666,4,15,4,4,0.4787229895591736,0.8664296269416809,0.35
5478,False,exact,0.3,B) The magnetic force is stronger in Pair 1.,The strength of the magnetic force is the same in both pairs.,0.6666666666666666,1.0,0.5,4,8,4,4,0.49620506167411804,0.7464994192123413,0.35
5479,True,exact,0.7,A) Nauru,Nauru,0.4210526315789474,1.0,0.26666666666666666,4,15,4,4,0.33916887640953064,0.8410530686378479,0.35
5480,True,numeric_exact,1.0,B) The magnitude of the magnetic force is greater in Pair 1.,The magnitude of the magnetic force is greater in Pair 1.,0.4615384615384615,1.0,0.3,3,10,3,3,0.5564361810684204,0.8655983209609985,0.35
5481,True,exact,0.7,B) barn owl,barn owl,0.5,1.0,0.3333333333333333,4,12,4,4,0.4899729788303375,0.704052746295929,0.35
5482,True,exact,1.0,attract,attract,0.47058823529411764,1.0,0.3076923076923077,4,13,4,4,0.5043360590934753,0.8584612011909485,0.35
5483,True,exact,0.7,C) Honolulu,Honolulu,0.75,0.75,0.75,4,4,3,3,0.4135052561759949,0.9576170444488525,0.35
5484,True,exact,0.7,D) Phoenix,Phoenix,0.5,1.0,0.3333333333333333,3,9,3,3,0.30637556314468384,0.5241588354110718,0.35
5485,True,exact,1.0,attract,attract,0.6,1.0,0.42857142857142855,3,7,3,3,0.556757390499115,0.879098117351532,0.35
5486,True,exact,0.7,A) sample B,sample B,0.5,1.0,0.3333333333333333,4,12,4,4,0.4623844623565674,0.937032163143158,0.35
5487,True,exact,0.7,D) Columbus,Columbus,0.6,1.0,0.42857142857142855,3,7,3,3,0.36787542700767517,0.6653956770896912,0.35
5488,True,exact,0.7,A) Tallahassee,Tallahassee,0.4,0.6666666666666666,0.2857142857142857,3,7,2,2,0.35688796639442444,0.8388187289237976,0.35
5489,True,exact,1.0,an elementary substance,an elementary substance,0.5,0.75,0.375,4,8,3,3,0.4132782220840454,0.9244529604911804,0.35
5490,True,exact,0.7,C) the Babylonian Empire,the Babylonian Empire,0.4210526315789474,1.0,0.26666666666666666,4,15,4,4,0.4567885994911194,0.7942855358123779,0.35
5491,True,exact,0.7,B) California gull,California gull,0.625,1.0,0.45454545454545453,5,11,5,5,0.4517143964767456,0.9012095332145691,0.35
5492,True,exact,1.0,Asia,Asia,0.2857142857142857,1.0,0.16666666666666666,2,12,2,2,0.5239391326904297,0.6560982465744019,0.35
5493,True,numeric_exact,1.0,C) The magnitude of the magnetic force is greater in Pair 1.,The magnitude of the magnetic force is greater in Pair 1.,0.6153846153846153,1.0,0.4444444444444444,4,9,4,4,0.5236091613769531,0.8261294364929199,0.35
5494,False,exact,1.0,attract,repel,0.42857142857142855,1.0,0.2727272727272727,3,11,3,3,0.4808254539966583,0.8096058964729309,0.35
5495,True,exact,0.7,B) white stork,white stork,0.5454545454545454,0.75,0.42857142857142855,4,7,3,3,0.3543126583099365,0.7062488794326782,0.35
5496,True,exact,0.7,B) The strength of the magnetic force is the same in both pairs.,The strength of the magnetic force is the same in both pairs.,0.7272727272727273,1.0,0.5714285714285714,4,7,4,4,0.5811876058578491,0.9096915125846863,0.35
5497,True,exact,1.0,attract,attract,0.5714285714285715,1.0,0.4,4,10,4,4,0.41112059354782104,0.8855692744255066,0.35
5498,True,exact,1.0,seeds,seeds,0.4615384615384615,1.0,0.3,3,10,3,3,0.6092313528060913,0.923821210861206,0.35
5499,True,exact,1.0,sticky,sticky,0.4,0.6,0.3,5,10,3,3,0.25770333409309387,0.848804771900177,0.35
5500,True,exact,0.7,D) Mandy can trade her tomatoes for Troy's broccoli.,Mandy can trade her tomatoes for Troy's broccoli.,0.4347826086956522,1.0,0.2777777777777778,5,18,5,5,0.3832875192165375,0.8500909209251404,0.35
5501,True,exact,1.0,It eats another living thing.,It eats another living thing.,0.39999999999999997,0.75,0.2727272727272727,4,11,3,3,0.4055352509021759,0.9025639891624451,0.35
5502,True,exact,0.7,"C) November, December, and January","November, December, and January",0.42857142857142855,1.0,0.2727272727272727,3,11,3,3,0.39540719985961914,0.7039215564727783,0.35
5503,True,exact,1.0,the uncovered side mirrors,the uncovered side mirrors,0.4444444444444445,1.0,0.2857142857142857,4,14,4,4,0.40030431747436523,0.7607444524765015,0.35
5504,True,numeric_exact,1.0,C) The magnitude of the magnetic force is smaller in Pair 1.,The magnitude of the magnetic force is smaller in Pair 1.,0.42857142857142855,1.0,0.2727272727272727,3,11,3,3,0.5873628854751587,0.9243886470794678,0.35
5505,True,exact,0.7,C) The magnitude of the magnetic force is the same in both pairs.,The magnitude of the magnetic force is the same in both pairs.,0.38095238095238093,1.0,0.23529411764705882,4,17,4,4,0.37869560718536377,0.7124682068824768,0.35
5506,True,exact,0.7,D) North America,North America,0.5,1.0,0.3333333333333333,2,6,2,2,0.43639007210731506,0.7365631461143494,0.35
5507,False,exact,0.3,B) palm leaf,wood,0.375,1.0,0.23076923076923078,3,13,3,3,0.3693062365055084,0.8096384406089783,0.35
5508,True,exact,0.7,C) a solid,a solid,0.5,1.0,0.3333333333333333,4,12,4,4,0.3419856131076813,0.8462416529655457,0.35
5509,True,exact,1.0,"It has a small amount of rain. It also has dry, thin soil.","It has a small amount of rain. It also has dry, thin soil.",0.6153846153846153,1.0,0.4444444444444444,4,9,4,4,0.3987371623516083,0.8127793073654175,0.35
5510,True,exact,0.7,C) New York,New York,0.47058823529411764,1.0,0.3076923076923077,4,13,4,4,0.4727793335914612,0.7981792688369751,0.35
5511,True,exact,1.0,mineral,mineral,0.4,1.0,0.25,3,12,3,3,0.42844921350479126,0.8087251782417297,0.35
5512,True,exact,1.0,fragile,fragile,0.42857142857142855,1.0,0.2727272727272727,3,11,3,3,0.41982731223106384,0.8025033473968506,0.35
5513,True,exact,1.0,bumpy,bumpy,0.42857142857142855,1.0,0.2727272727272727,3,11,3,3,0.21439823508262634,0.3894050419330597,0.35
5514,True,exact,0.7,A) Honolulu,Honolulu,0.6,0.75,0.5,4,6,3,3,0.357262521982193,0.8119271397590637,0.35
5515,True,exact,0.7,B) Wyoming,Wyoming,0.5,0.3333333333333333,1.0,3,1,1,1,0.39650455117225647,0.6026225090026855,0.35
5516,True,exact,0.7,D) Pedro can trade his tomatoes for Oliver's broccoli.,Pedro can trade his tomatoes for Oliver's broccoli.,0.625,1.0,0.45454545454545453,5,11,5,5,0.46477362513542175,0.9301391839981079,0.35
5517,True,exact,0.7,B) ptarmigan,ptarmigan,0.8333333333333333,1.0,0.7142857142857143,5,7,5,5,0.4258977174758911,0.803108274936676,0.35
5518,True,exact,0.7,D) Boise,Boise,0.5,0.3333333333333333,1.0,3,1,1,1,0.37525856494903564,0.447113573551178,0.35
5519,True,exact,0.7,C) Jefferson City,Jefferson City,0.6,1.0,0.42857142857142855,3,7,3,3,0.32485541701316833,0.7308107018470764,0.35
5520,True,exact,0.7,C) Santa Fe,Santa Fe,0.4,0.6666666666666666,0.2857142857142857,3,7,2,2,0.3493417501449585,0.6080031394958496,0.35
5521,True,exact,0.7,B) groundhog,groundhog,0.4,0.25,1.0,4,1,1,1,0.5133128762245178,0.7226495146751404,0.35
5522,True,exact,1.0,Spanish shawl nudibranch,Spanish shawl nudibranch,0.4,1.0,0.25,2,8,2,2,0.366407573223114,0.9082702398300171,0.35
5523,True,exact,0.7,C) Harrisburg,Harrisburg,0.7272727272727273,1.0,0.5714285714285714,4,7,4,4,0.3985610902309418,0.9112695455551147,0.35
5524,True,exact,0.7,D) South America,South America,0.4615384615384615,1.0,0.3,3,10,3,3,0.45146292448043823,0.7307752966880798,0.35
5525,True,exact,1.0,the distance the footballs traveled,the distance the footballs traveled,0.4615384615384615,1.0,0.3,3,10,3,3,0.44119879603385925,0.8264009356498718,0.35
5526,True,exact,1.0,It has a rainy season and a dry season. It also has soil that is poor in nutrients.,It has a rainy season and a dry season. It also has soil that is poor in nutrients.,0.8,1.0,0.6666666666666666,4,6,4,4,0.4602236747741699,0.8813965916633606,0.35
5527,True,numeric_exact,1.0,C) H2S,H2S,0.5,1.0,0.3333333333333333,5,15,5,5,0.4475163221359253,0.717605471611023,0.35
5528,True,exact,0.7,C) Jefferson City,Jefferson City,0.36363636363636365,0.6666666666666666,0.25,3,8,2,2,0.31284257769584656,0.8109704256057739,0.35
5529,True,exact,0.7,A) toward her hand,toward her hand,0.5,1.0,0.3333333333333333,2,6,2,2,0.38661766052246094,0.6306937336921692,0.35
5530,True,exact,0.7,A) Lansing,Lansing,0.5714285714285715,1.0,0.4,4,10,4,4,0.4477757513523102,0.9065119624137878,0.35
5531,True,exact,0.7,A) Falco peregrinus,Falco peregrinus,0.5,1.0,0.3333333333333333,3,9,3,3,0.5406108498573303,0.9433311223983765,0.35
5532,True,exact,1.0,an elementary substance,an elementary substance,0.5,1.0,0.3333333333333333,4,12,4,4,0.44110873341560364,0.7228630185127258,0.35
5533,True,numeric_exact,1.0,B) The magnitude of the magnetic force is greater in Pair 2.,The magnitude of the magnetic force is greater in Pair 2.,0.5263157894736842,1.0,0.35714285714285715,5,14,5,5,0.5165955424308777,0.8720526695251465,0.35
5534,True,exact,0.7,C) Arkansas,Arkansas,0.4615384615384615,1.0,0.3,3,10,3,3,0.5094131827354431,0.9866226315498352,0.35
5535,True,exact,0.7,B) Aurelia aurita,Aurelia aurita,0.6666666666666666,0.6666666666666666,0.6666666666666666,6,6,4,4,0.39044058322906494,0.9123163223266602,0.35
5536,True,exact,0.7,B) Solution B,Solution B,0.7272727272727273,1.0,0.5714285714285714,4,7,4,4,0.6061858534812927,0.971163272857666,0.35
5537,True,exact,1.0,Damara mole rat,Damara mole rat,0.7272727272727272,0.8,0.6666666666666666,5,6,4,4,0.3307974934577942,0.7548942565917969,0.35
5538,True,exact,0.7,B) It has water at the bottom of the ocean. It also has no sunlight.,It has water at the bottom of the ocean. It also has no sunlight.,0.5,1.0,0.3333333333333333,4,12,4,4,0.34849026799201965,0.5930532813072205,0.35
5539,True,exact,1.0,if a new batch of concrete was firm enough to use,if a new batch of concrete was firm enough to use,0.375,1.0,0.23076923076923078,3,13,3,3,0.4280250668525696,0.6949626803398132,0.35
5540,True,exact,0.7,B) Solution B,Solution B,0.6,1.0,0.42857142857142855,3,7,3,3,0.5931525826454163,0.998679518699646,0.35
5541,True,exact,0.7,C) Ovis aries,Ovis aries,0.5454545454545454,1.0,0.375,3,8,3,3,0.434238076210022,0.6615850925445557,0.35
5542,True,exact,1.0,attract,attract,0.6,1.0,0.42857142857142855,3,7,3,3,0.6013230681419373,0.8293449878692627,0.35
5543,False,exact,0.3,B) The magnetic force is weaker in Pair 2.,The strength of the magnetic force is the same in both pairs.,0.6666666666666666,1.0,0.5,3,6,3,3,0.5044876933097839,0.7778068780899048,0.35
5544,True,exact,1.0,a long neck,a long neck,0.6666666666666666,1.0,0.5,3,6,3,3,0.3222140073776245,0.7470673322677612,0.35
5545,True,exact,1.0,earthworm,earthworm,0.375,1.0,0.23076923076923078,3,13,3,3,0.5151005983352661,0.767322838306427,0.35
5546,True,exact,0.7,C) Madison,Madison,0.5,1.0,0.3333333333333333,3,9,3,3,0.3744671046733856,0.6312701106071472,0.35
5547,True,exact,0.7,C) the Arctic Ocean,the Arctic Ocean,0.4,1.0,0.25,3,12,3,3,0.4285617470741272,0.7796405553817749,0.35
5548,True,exact,0.7,A) Iowa,Iowa,0.5454545454545454,1.0,0.375,3,8,3,3,0.4388803541660309,0.7364885210990906,0.35
5549,True,exact,1.0,platypus,platypus,0.5555555555555556,1.0,0.38461538461538464,5,13,5,5,0.4927141070365906,0.9299322962760925,0.35
5550,False,exact,1.0,Europe,Asia,0.4,1.0,0.25,3,12,3,3,0.32037103176116943,0.8468940854072571,0.35
5551,False,numeric_mismatch,0.0,The magnetic force is weaker in Pair 2.,The magnetic force is weaker in Pair 1.,0.5714285714285715,1.0,0.4,4,10,4,4,0.641051173210144,0.9482443332672119,0.35
5552,False,exact,0.3,C) Arkansas,Kentucky,0.42857142857142855,1.0,0.2727272727272727,3,11,3,3,0.43103620409965515,0.8969937562942505,0.35
5553,True,exact,0.7,A) Columbus,Columbus,0.3076923076923077,1.0,0.18181818181818182,2,11,2,2,0.342436820268631,0.5643178820610046,0.35
5554,True,exact,0.7,D) St. Louis,St. Louis,0.6153846153846153,1.0,0.4444444444444444,4,9,4,4,0.37942370772361755,0.8162112832069397,0.35
5555,True,exact,1.0,nine-banded armadillo,nine-banded armadillo,0.5454545454545454,1.0,0.375,3,8,3,3,0.3695927560329437,0.7571151852607727,0.35
5556,True,exact,0.7,B) a car,a car,0.6666666666666666,1.0,0.5,5,10,5,5,0.3124503493309021,0.7280573844909668,0.35
5557,True,exact,1.0,the yards with empty feeders,the yards with empty feeders,0.15384615384615383,0.3333333333333333,0.1,3,10,1,1,0.13140752911567688,0.41932663321495056,0.35
5558,True,exact,0.7,B) Augusta,Augusta,0.5,1.0,0.3333333333333333,3,9,3,3,0.3983422517776489,0.616074800491333,0.35
5559,False,numeric_mismatch,0.0,B) The magnitude of the magnetic force is greater in Pair 2.,The magnitude of the magnetic force is greater in Pair 1.,0.375,1.0,0.23076923076923078,3,13,3,3,0.5262511372566223,0.8763038516044617,0.35
5560,True,exact,1.0,a solid,a solid,0.5,1.0,0.3333333333333333,4,12,4,4,0.33206379413604736,0.7667897343635559,0.35
5561,True,exact,0.7,D) Saint Kitts and Nevis,Saint Kitts and Nevis,0.375,1.0,0.23076923076923078,3,13,3,3,0.42990967631340027,0.8646377325057983,0.35
5562,True,exact,1.0,the surroundings . . . each vial,the surroundings . . . each vial,0.631578947368421,1.0,0.46153846153846156,6,13,6,6,0.4866824150085449,0.8236923217773438,0.35
5563,True,exact,0.7,C) Annapolis,Annapolis,0.7499999999999999,1.0,0.6,3,5,3,3,0.5548331141471863,0.8796889185905457,0.35
5564,True,exact,0.7,B) yak,yak,0.5,1.0,0.3333333333333333,4,12,4,4,0.43915095925331116,0.7211551666259766,0.35
5565,True,exact,1.0,Do steel nails take fewer days to rust in water compared to vinegar?,Do steel nails take fewer days to rust in water compared to vinegar?,0.4210526315789474,1.0,0.26666666666666666,4,15,4,4,0.38924747705459595,0.8416601419448853,0.35
5566,True,exact,1.0,They can grow into a heart-shaped plant.,They can grow into a heart-shaped plant.,0.33333333333333337,1.0,0.2,3,15,3,3,0.5441153049468994,0.9096081852912903,0.35
5567,False,exact,0.3,B) The magnitude of the magnetic force is the same in both pairs.,The magnitude of the magnetic force is smaller in Pair 1.,0.4615384615384615,1.0,0.3,3,10,3,3,0.5898456573486328,0.8330740332603455,0.35
5568,False,numeric_mismatch,0.0,B) 1/4,0/4,0.5,1.0,0.3333333333333333,3,9,3,3,0.43333110213279724,0.7427892684936523,0.35
5569,True,exact,1.0,Africa,Africa,0.6666666666666666,1.0,0.5,3,6,3,3,0.46893060207366943,0.8667969107627869,0.35
5570,True,exact,1.0,Africa,Africa,0.6666666666666666,1.0,0.5,3,6,3,3,0.5115832090377808,0.663067638874054,0.35
5571,False,exact,0.3,B) The magnetic force is stronger in Pair 1.,The strength of the magnetic force is the same in both pairs.,0.6153846153846153,1.0,0.4444444444444444,4,9,4,4,0.5317215919494629,0.8900042176246643,0.35
5572,True,yes_no,1.0,true,true,0.4615384615384615,1.0,0.3,3,10,3,3,0.5535163879394531,0.8965309262275696,0.35
5573,True,exact,1.0,It has water at the bottom of the ocean. It also has no sunlight.,It has water at the bottom of the ocean. It also has no sunlight.,0.7142857142857143,0.8333333333333334,0.625,6,8,5,5,0.3813380002975464,0.7300006151199341,0.35
5574,True,yes_no,1.0,true,true,0.6,1.0,0.42857142857142855,3,7,3,3,0.4692886471748352,0.7970892190933228,0.35
5575,True,exact,0.7,D) Pennsylvania,Pennsylvania,0.6666666666666666,1.0,0.5,3,6,3,3,0.4877071976661682,0.7673887610435486,0.35
5576,True,exact,1.0,red-tailed hawk,red-tailed hawk,0.47058823529411764,1.0,0.3076923076923077,4,13,4,4,0.4339565932750702,0.6134611368179321,0.35
5577,True,exact,1.0,salty,salty,0.4210526315789474,1.0,0.26666666666666666,4,15,4,4,0.34487050771713257,0.777508556842804,0.35
5578,True,exact,0.7,D) Columbia,Columbia,0.7499999999999999,1.0,0.6,3,5,3,3,0.39682844281196594,0.6150701642036438,0.35
5579,False,exact,0.3,A) New York City,Philadelphia,0.4,1.0,0.25,3,12,3,3,0.5347008109092712,0.7849898338317871,0.35
5580,True,exact,0.7,D) Virginia,Virginia,0.5454545454545454,1.0,0.375,3,8,3,3,0.4470531940460205,0.5924057364463806,0.35
5581,False,exact,0.3,European green toad,great white shark,0.5,1.0,0.3333333333333333,4,12,4,4,0.5176921486854553,0.7845356464385986,0.35
5582,True,yes_no,1.0,true,true,0.7058823529411765,0.75,0.6666666666666666,8,9,6,6,0.42206907272338867,0.9088438153266907,0.35
5583,True,exact,1.0,It has daily flooding and draining of seawater. It also has water that is rich in nutrients.,It has daily flooding and draining of seawater. It also has water that is rich in nutrients.,0.4,1.0,0.25,3,12,3,3,0.5149543285369873,0.8861706852912903,0.35
5584,True,exact,0.7,B) gerenuk,gerenuk,0.5,0.8333333333333334,0.35714285714285715,6,14,5,5,0.37894681096076965,0.8511053919792175,0.35
5585,True,exact,0.7,D) Bella can trade her tomatoes for Darnell's broccoli.,Bella can trade her tomatoes for Darnell's broccoli.,0.6666666666666666,1.0,0.5,5,10,5,5,0.444280207157135,0.8118028044700623,0.35
5586,True,exact,1.0,Africa,Africa,0.5,1.0,0.3333333333333333,3,9,3,3,0.47782912850379944,0.8363854289054871,0.35
5587,True,exact,0.7,D) Indianapolis,Indianapolis,0.25,0.3333333333333333,0.2,3,5,1,1,0.30204764008522034,0.5345662832260132,0.35
5588,True,exact,1.0,Africa,Africa,0.6666666666666666,1.0,0.5,3,6,3,3,0.5050285458564758,0.7539616227149963,0.35
5589,True,exact,1.0,transparent,transparent,0.42857142857142855,1.0,0.2727272727272727,3,11,3,3,0.3833088278770447,0.6415669918060303,0.35
5590,True,exact,1.0,if a new batch of concrete was firm enough to use,if a new batch of concrete was firm enough to use,0.4,1.0,0.25,3,12,3,3,0.45839962363243103,0.7939602732658386,0.35
5591,True,exact,0.7,C) Rhode Island,Rhode Island,0.5,1.0,0.3333333333333333,3,9,3,3,0.462101012468338,0.8008140921592712,0.35
5592,True,exact,0.7,B) Cheyenne,Cheyenne,0.28571428571428575,0.6666666666666666,0.18181818181818182,3,11,2,2,0.402296245098114,0.8199184536933899,0.35
5593,True,exact,1.0,Australia,Australia,0.4615384615384615,1.0,0.3,3,10,3,3,0.4505592882633209,0.6438375115394592,0.35
5594,True,numeric_exact,1.0,whether she added enough nutrients to help the bacteria produce 20% more insulin,whether she added enough nutrients to help the bacteria produce 20% more insulin,0.37499999999999994,0.6,0.2727272727272727,5,11,3,3,0.35384199023246765,0.8734372854232788,0.35
5595,True,exact,0.7,D) Juneau,Juneau,0.35294117647058826,1.0,0.21428571428571427,3,14,3,3,0.31266194581985474,0.7756708860397339,0.35
5596,True,exact,1.0,weather,weather,0.42857142857142855,1.0,0.2727272727272727,3,11,3,3,0.3104369342327118,0.6607457995414734,0.35
5597,True,exact,0.7,B) It has many evergreen trees. It also has soil that is poor in nutrients.,It has many evergreen trees. It also has soil that is poor in nutrients.,0.5,0.6,0.42857142857142855,5,7,3,3,0.2430063784122467,0.5536564588546753,0.35
5598,True,exact,0.7,C) The magnitude of the magnetic force is the same in both pairs.,The magnitude of the magnetic force is the same in both pairs.,0.35294117647058826,1.0,0.21428571428571427,3,14,3,3,0.45644083619117737,0.7378010153770447,0.35
5599,True,exact,0.7,B) common guillemot,common guillemot,0.6153846153846153,1.0,0.4444444444444444,4,9,4,4,0.4259449243545532,0.8282280564308167,0.35
5600,True,exact,1.0,bouncy,bouncy,0.28571428571428575,0.5,0.2,4,10,2,2,0.2847990095615387,0.9060798287391663,0.35
5601,True,exact,1.0,the Declaration of Independence,the Declaration of Independence,0.16666666666666669,0.5,0.1,2,10,1,1,0.17954912781715393,0.6478843092918396,0.35
5602,True,exact,0.7,A) Solution B,Solution B,0.5454545454545454,1.0,0.375,3,8,3,3,0.6147803664207458,0.9999998807907104,0.35
5603,False,exact,0.3,B) It has a small amount of rain. It also has only a few types of organisms.,"It has dry, thin soil. It also has many different types of organisms.",0.6153846153846153,1.0,0.4444444444444444,4,9,4,4,0.3744460642337799,0.7292382121086121,0.35
5604,True,exact,0.7,A) Saint Kitts and Nevis,Saint Kitts and Nevis,0.42857142857142855,1.0,0.2727272727272727,3,11,3,3,0.42414385080337524,0.7948309183120728,0.35
5605,True,numeric_exact,1.0,C) The magnitude of the magnetic force is smaller in Pair 1.,The magnitude of the magnetic force is smaller in Pair 1.,0.6666666666666666,1.0,0.5,4,8,4,4,0.5217790603637695,0.9335120320320129,0.35
5606,True,exact,0.7,D) Cheyenne,Cheyenne,0.4,0.6666666666666666,0.2857142857142857,3,7,2,2,0.3883158266544342,0.8270490169525146,0.35
5607,True,yes_no,1.0,no,no,0.5333333333333333,1.0,0.36363636363636365,4,11,4,4,0.4958244264125824,0.8407915234565735,0.35
5608,True,exact,0.7,B) bald eagle,bald eagle,0.5714285714285715,1.0,0.4,4,10,4,4,0.3099769055843353,0.6709045767784119,0.35
5609,True,exact,0.7,C) Brendan can trade his tomatoes for Isaac's broccoli.,Brendan can trade his tomatoes for Isaac's broccoli.,0.5882352941176471,1.0,0.4166666666666667,5,12,5,5,0.3959847092628479,0.860708475112915,0.35
5610,True,yes_no,1.0,true,true,0.5,1.0,0.3333333333333333,4,12,4,4,0.47461700439453125,0.8515218496322632,0.35
5611,True,yes_no,1.0,yes,yes,0.7499999999999999,1.0,0.6,3,5,3,3,0.49728259444236755,0.9107727408409119,0.35
5612,True,exact,0.7,A) Jackson,Jackson,0.36363636363636365,0.6666666666666666,0.25,3,8,2,2,0.32085999846458435,0.8792669773101807,0.35
5613,True,exact,1.0,whether the filter was clogged,whether the filter was clogged,0.46153846153846156,0.75,0.3333333333333333,4,9,3,3,0.2726735770702362,0.5469747185707092,0.35
5614,True,exact,1.0,wood,wood,0.4,1.0,0.25,3,12,3,3,0.4838736951351166,0.9452875852584839,0.35
5615,True,exact,0.7,B) Carson City,Carson City,0.4,0.6666666666666666,0.2857142857142857,3,7,2,2,0.29383882880210876,0.5317842364311218,0.35
5616,True,exact,1.0,Do steel nails take fewer days to rust in water compared to vinegar?,Do steel nails take fewer days to rust in water compared to vinegar?,0.5,1.0,0.3333333333333333,4,12,4,4,0.38072457909584045,0.828705906867981,0.35
5617,True,exact,0.7,B) Raleigh,Raleigh,0.4444444444444444,0.6666666666666666,0.3333333333333333,3,6,2,2,0.34429872035980225,0.5422879457473755,0.35
5618,False,exact,0.3,the Southern Ocean,the Pacific Ocean,0.6666666666666666,1.0,0.5,4,8,4,4,0.5003870129585266,0.7500678896903992,0.35
5619,False,numeric_mismatch,0.0,C) The magnetic force is weaker in Pair 2.,The magnetic force is weaker in Pair 1.,0.42857142857142855,1.0,0.2727272727272727,3,11,3,3,0.6230165362358093,0.8523865342140198,0.35
5620,True,exact,1.0,the Atlantic Ocean,the Atlantic Ocean,0.4615384615384615,1.0,0.3,3,10,3,3,0.5173779129981995,0.9406391382217407,0.35
5621,True,exact,1.0,mineral,mineral,0.35294117647058826,1.0,0.21428571428571427,3,14,3,3,0.5787650346755981,0.9516229629516602,0.35
5622,True,exact,0.7,D) Hartford,Hartford,0.5,0.3333333333333333,1.0,3,1,1,1,0.5657491087913513,0.6010569334030151,0.35
5623,True,exact,1.0,hard,hard,0.3333333333333333,0.75,0.21428571428571427,4,14,3,3,0.22379006445407867,0.5802850127220154,0.35
5624,True,exact,0.7,B) Cuba,Cuba,0.6,1.0,0.42857142857142855,3,7,3,3,0.42535531520843506,0.7221479415893555,0.35
5625,True,exact,1.0,Africa,Africa,0.4210526315789474,1.0,0.26666666666666666,4,15,4,4,0.5482558608055115,0.877676248550415,0.35
5626,True,exact,0.7,B) the fast-food restaurant,the fast-food restaurant,0.375,1.0,0.23076923076923078,3,13,3,3,0.25778234004974365,0.7453634142875671,0.35
5627,True,exact,0.7,B) Honolulu,Honolulu,0.5454545454545454,0.75,0.42857142857142855,4,7,3,3,0.4222404360771179,0.846811056137085,0.35
5628,True,exact,0.7,B) Des Moines,Des Moines,0.6666666666666666,1.0,0.5,3,6,3,3,0.5097766518592834,0.8736499547958374,0.35
5629,False,exact,0.3,away from the tow truck,toward the tow truck,0.5714285714285715,1.0,0.4,2,5,2,2,0.4384469985961914,0.7117143869400024,0.35
5630,False,exact,0.3,B) the Southern Ocean,the Indian Ocean,0.375,1.0,0.23076923076923078,3,13,3,3,0.40162596106529236,0.7385356426239014,0.35
5631,False,numeric_mismatch,0.0,B) 3:1,0:4,0.4,1.0,0.25,3,12,3,3,0.3007197082042694,0.6330800652503967,0.35
5632,True,exact,1.0,a solid,a solid,0.4,1.0,0.25,3,12,3,3,0.4816676378250122,0.7976061105728149,0.35
5633,True,exact,0.7,A) sample B,sample B,0.5263157894736842,1.0,0.35714285714285715,5,14,5,5,0.46105384826660156,0.8972103595733643,0.35
5634,True,exact,1.0,bouncy,bouncy,0.0,0.0,0.0,3,9,0,0,0.15880320966243744,0.3127773106098175,0.35
5635,True,exact,0.7,B) shield mantis,shield mantis,0.6666666666666666,1.0,0.5,4,8,4,4,0.40337860584259033,0.8677067160606384,0.35
5636,True,exact,0.7,B) bare-eared squirrel monkey,bare-eared squirrel monkey,0.6153846153846154,0.8,0.5,5,8,4,4,0.4156802296638489,0.8224664330482483,0.35
5637,True,exact,0.7,B) Providence,Providence,0.5454545454545454,1.0,0.375,3,8,3,3,0.3967479169368744,0.8889318704605103,0.35
5638,False,exact,1.0,attract,repel,0.6,1.0,0.42857142857142855,3,7,3,3,0.478266179561615,0.7526434063911438,0.35
5639,True,exact,1.0,"It has long, cold winters. It also has soil that is poor in nutrients.","It has long, cold winters. It also has soil that is poor in nutrients.",0.4615384615384615,1.0,0.3,3,10,3,3,0.32960256934165955,0.5142662525177002,0.35
5640,True,exact,0.7,C) Richmond,Richmond,0.5,0.75,0.375,4,8,3,3,0.4007224440574646,0.8415672779083252,0.35
5641,True,exact,0.7,B) Pennsylvania,Pennsylvania,0.5714285714285715,1.0,0.4,4,10,4,4,0.33928269147872925,0.6791553497314453,0.35
5642,True,exact,0.7,C) Topeka,Topeka,0.5454545454545454,1.0,0.375,3,8,3,3,0.4512721598148346,0.8668460845947266,0.35
5643,False,exact,1.0,weather,climate,0.8,1.0,0.6666666666666666,4,6,4,4,0.3499828577041626,0.7042896747589111,0.35
5644,True,exact,1.0,whether the filter was clogged,whether the filter was clogged,0.4,1.0,0.25,3,12,3,3,0.45297977328300476,0.731842577457428,0.35
5645,True,yes_no,1.0,true,true,0.375,1.0,0.23076923076923078,3,13,3,3,0.46725669503211975,0.7738479375839233,0.35
5646,True,yes_no,1.0,no,no,0.5000000000000001,0.8,0.36363636363636365,5,11,4,4,0.3587777316570282,0.8900843262672424,0.35
5647,False,exact,0.3,how well the weather station would work when it was windy,if the weather station would work when the temperature was 50°C,0.4210526315789474,1.0,0.26666666666666666,4,15,4,4,0.3278577923774719,0.7984431385993958,0.35
5648,False,exact,0.3,B) mutualistic,parasitic,0.7272727272727272,0.8,0.6666666666666666,5,6,4,4,0.37883880734443665,0.8408102989196777,0.35
5649,True,exact,0.7,A) Solution B,Solution B,0.6666666666666666,1.0,0.5,3,6,3,3,0.5588861703872681,0.9986556768417358,0.35
5650,False,exact,0.3,C) popping,chirping,0.5454545454545454,1.0,0.375,3,8,3,3,0.4575846493244171,0.7941045761108398,0.35
5651,True,exact,1.0,horned viper,horned viper,0.625,1.0,0.45454545454545453,5,11,5,5,0.42740359902381897,0.7656416296958923,0.35
5652,True,exact,0.7,A) Richmond,Richmond,0.6153846153846153,1.0,0.4444444444444444,4,9,4,4,0.42580485343933105,0.7752934098243713,0.35
5653,True,exact,1.0,the number of earthworms,the number of earthworms,0.4,1.0,0.25,3,12,3,3,0.3820318877696991,0.9022312760353088,0.35
5654,True,exact,1.0,attract,attract,0.375,1.0,0.23076923076923078,3,13,3,3,0.4897593855857849,0.8253565430641174,0.35
5655,True,exact,0.7,B) seahorse,seahorse,0.5555555555555556,1.0,0.38461538461538464,5,13,5,5,0.36263543367385864,0.7382525205612183,0.35
5656,False,exact,0.3,B) Solution B,neither; their concentrations are the same,0.33333333333333337,1.0,0.2,3,15,3,3,0.4939432740211487,0.863713264465332,0.35
5657,True,exact,0.7,D) Boston,Boston,0.888888888888889,1.0,0.8,4,5,4,4,0.5263229608535767,0.8849624395370483,0.35
5658,True,numeric_exact,1.0,C) The magnitude of the magnetic force is greater in Pair 1.,The magnitude of the magnetic force is greater in Pair 1.,0.7272727272727273,1.0,0.5714285714285714,4,7,4,4,0.5521000623703003,0.8567129373550415,0.35
5659,True,exact,1.0,The strength of the magnetic force is the same in both pairs.,The strength of the magnetic force is the same in both pairs.,0.5454545454545454,1.0,0.375,3,8,3,3,0.3680208921432495,0.6835841536521912,0.35
5660,True,exact,0.7,C) Both my state and national government officials have power over important issues.,Both my state and national government officials have power over important issues.,0.375,1.0,0.23076923076923078,3,13,3,3,0.5336484909057617,0.8593578934669495,0.35
5661,False,exact,0.3,B) Massachusetts,Rhode Island,0.5,0.3333333333333333,1.0,3,1,1,1,0.4951910972595215,0.548642635345459,0.35
5662,True,exact,1.0,Do more bacteria grow in liquid with cinnamon than in liquid without cinnamon?,Do more bacteria grow in liquid with cinnamon than in liquid without cinnamon?,0.5333333333333333,1.0,0.36363636363636365,4,11,4,4,0.35071346163749695,0.8776529431343079,0.35
5663,True,exact,1.0,great blue heron,great blue heron,0.5,1.0,0.3333333333333333,4,12,4,4,0.34032168984413147,0.7143886685371399,0.35
5664,False,exact,0.3,B) Atlanta has a rainy season and a dry season.,Precipitation does not change much from month to month in Atlanta.,0.5555555555555556,0.5555555555555556,0.5555555555555556,9,9,5,5,0.32344892621040344,0.7573542594909668,0.35
5665,True,exact,1.0,Do bananas develop more brown spots if they are kept in bags with holes compared to bags without holes?,Do bananas develop more brown spots if they are kept in bags with holes compared to bags without holes?,0.5555555555555556,1.0,0.38461538461538464,5,13,5,5,0.34422749280929565,0.7799041867256165,0.35
5666,True,exact,0.7,D) the shopping mall,the shopping mall,0.28571428571428575,0.6666666666666666,0.18181818181818182,3,11,2,2,0.29818862676620483,0.8037227392196655,0.35
5667,True,exact,0.7,D) Palau,Palau,0.5,1.0,0.3333333333333333,2,6,2,2,0.4099450409412384,0.6916272044181824,0.35
5668,True,exact,0.7,B) Columbus,Columbus,0.26666666666666666,0.6666666666666666,0.16666666666666666,3,12,2,2,0.2563287615776062,0.6340176463127136,0.35
5669,True,exact,0.7,B) red-eyed tree frog,red-eyed tree frog,0.6666666666666666,1.0,0.5,4,8,4,4,0.41397833824157715,0.7683720588684082,0.35
5670,True,exact,1.0,whether the filter was clogged,whether the filter was clogged,0.7499999999999999,1.0,0.6,6,10,6,6,0.47197800874710083,0.8952775001525879,0.35
5671,True,exact,1.0,bumpy,bumpy,0.2,0.4,0.13333333333333333,5,15,2,2,0.20513489842414856,0.6285615563392639,0.35
5672,False,exact,0.3,B) The magnetic force is stronger in Pair 1.,The strength of the magnetic force is the same in both pairs.,0.5714285714285715,1.0,0.4,4,10,4,4,0.42390379309654236,0.7324108481407166,0.35
5673,False,exact,1.0,transparent,fragile,0.35294117647058826,0.6,0.25,5,12,3,3,0.16474269330501556,0.5946683287620544,0.35
5674,True,exact,0.7,B) They jump onto bugs.,They jump onto bugs.,0.5,1.0,0.3333333333333333,3,9,3,3,0.317819207906723,0.7859260439872742,0.35
5675,True,numeric_exact,1.0,B) how steady a parachute with a 1 m vent was at 200 km per hour,how steady a parachute with a 1 m vent was at 200 km per hour,0.4210526315789474,1.0,0.26666666666666666,4,15,4,4,0.4558965861797333,0.7786273956298828,0.35
5676,True,exact,0.7,C) Arkansas,Arkansas,0.5454545454545454,1.0,0.375,3,8,3,3,0.4252814054489136,0.7325737476348877,0.35
5677,True,exact,0.7,B) It has a medium amount of rain.,It has a medium amount of rain.,0.6666666666666666,1.0,0.5,4,8,4,4,0.41007906198501587,0.8409637212753296,0.35
5678,True,exact,1.0,oxygen,oxygen,0.5,0.8333333333333334,0.35714285714285715,6,14,5,5,0.3356051445007324,0.6862673163414001,0.35
5679,True,exact,1.0,a compound,a compound,0.47058823529411764,1.0,0.3076923076923077,4,13,4,4,0.4983145296573639,0.8387932181358337,0.35
5680,True,exact,1.0,hard,hard,0.125,0.25,0.08333333333333333,4,12,1,1,0.2017955332994461,0.4759238660335541,0.35
5681,True,exact,1.0,Africa,Africa,0.4615384615384615,1.0,0.3,3,10,3,3,0.49258068203926086,0.6954123377799988,0.35
5682,True,exact,1.0,mineral,mineral,0.4615384615384615,1.0,0.3,3,10,3,3,0.5989142060279846,0.8167579174041748,0.35
5683,False,exact,1.0,attract,repel,0.6666666666666666,1.0,0.5,3,6,3,3,0.42104819416999817,0.6928372979164124,0.35
5684,False,exact,0.3,South America,Antarctica,0.6,1.0,0.42857142857142855,3,7,3,3,0.5061014890670776,0.7707877159118652,0.35
5685,True,numeric_exact,1.0,C) The magnetic force is weaker in Pair 2.,The magnetic force is weaker in Pair 2.,0.4615384615384615,1.0,0.3,3,10,3,3,0.6112396121025085,0.9180545806884766,0.35
5686,True,exact,0.7,A) Virginia,Virginia,0.6,1.0,0.42857142857142855,3,7,3,3,0.3951614797115326,0.8146442770957947,0.35
5687,True,numeric_exact,1.0,whether the new turbine could produce 10% more electricity,whether the new turbine could produce 10% more electricity,0.7142857142857143,1.0,0.5555555555555556,5,9,5,5,0.3841686248779297,0.8592005372047424,0.35
5688,True,exact,1.0,zebra,zebra,0.375,0.75,0.25,4,12,3,3,0.4532906115055084,0.8760733008384705,0.35
5689,False,exact,1.0,attract,repel,0.4210526315789474,1.0,0.26666666666666666,4,15,4,4,0.34665364027023315,0.7328867316246033,0.35
5690,True,exact,1.0,the surroundings . . . each vial,the surroundings . . . each vial,0.47619047619047616,1.0,0.3125,5,16,5,5,0.5376856327056885,0.8021305203437805,0.35
5691,True,exact,0.7,A) marine file snake,marine file snake,0.4,1.0,0.25,4,16,4,4,0.34748783707618713,0.970609724521637,0.35
5692,False,exact,1.0,attract,repel,0.35294117647058826,1.0,0.21428571428571427,3,14,3,3,0.5157456398010254,0.8133472800254822,0.35
5693,False,exact,1.0,attract,repel,0.5454545454545454,1.0,0.375,3,8,3,3,0.41567376255989075,0.7342101335525513,0.35
5694,True,exact,0.7,"B) the Antarctic krill, the emperor penguins, and the leopard seals","the Antarctic krill, the emperor penguins, and the leopard seals",0.6153846153846153,1.0,0.4444444444444444,4,9,4,4,0.2989014685153961,0.7214713096618652,0.35
5695,False,exact,1.0,flexible,smooth,0.2222222222222222,0.4,0.15384615384615385,5,13,2,2,0.2517819106578827,0.6748623251914978,0.35
5696,True,exact,1.0,toes,toes,0.8,1.0,0.6666666666666666,4,6,4,4,0.41268715262413025,0.7472832798957825,0.35
5697,True,exact,0.7,B) Olympia,Olympia,0.4,0.25,1.0,4,1,1,1,0.5257443785667419,0.647175133228302,0.35
5698,True,exact,0.7,D) Barry can trade his tomatoes for Mona's broccoli.,Barry can trade his tomatoes for Mona's broccoli.,0.7142857142857143,1.0,0.5555555555555556,5,9,5,5,0.4890652000904083,0.9125972986221313,0.35
5699,True,exact,0.7,C) Augusta,Augusta,0.6,1.0,0.42857142857142855,3,7,3,3,0.3602873384952545,0.6970142126083374,0.35
5700,True,exact,1.0,whether the filter was clogged,whether the filter was clogged,0.375,1.0,0.23076923076923078,3,13,3,3,0.49401944875717163,0.7235714793205261,0.35
5701,True,exact,1.0,Australia,Australia,0.23529411764705882,1.0,0.13333333333333333,2,15,2,2,0.5724101662635803,0.8865877389907837,0.35
5702,False,placeholder,0.0,insufficient information,the Marshall Islands,0.0,0.0,0.0,0,9,0,0,0.0,0.0,0.0
5703,True,exact,0.7,A) Helena,Helena,0.5,0.3333333333333333,1.0,3,1,1,1,0.3984726667404175,0.4408152997493744,0.35
5704,True,exact,0.7,B) It eats a primary consumer.,It eats a primary consumer.,0.5,0.75,0.375,4,8,3,3,0.345272958278656,0.9027831554412842,0.35
5705,True,exact,0.7,C) Salt Lake City,Salt Lake City,0.4,1.0,0.25,3,12,3,3,0.3638609051704407,0.8470894694328308,0.35
5706,True,exact,1.0,snowy owl,snowy owl,0.625,1.0,0.45454545454545453,5,11,5,5,0.3865782916545868,0.8346570134162903,0.35
5707,True,exact,0.7,B) Juneau,Juneau,0.5454545454545454,0.75,0.42857142857142855,4,7,3,3,0.37316030263900757,0.9054936170578003,0.35
5708,True,exact,1.0,great white shark,great white shark,0.42857142857142855,1.0,0.2727272727272727,3,11,3,3,0.33039653301239014,0.6412473320960999,0.35
5709,True,exact,0.7,B) Carson City,Carson City,0.4,0.6666666666666666,0.2857142857142857,3,7,2,2,0.31265100836753845,0.5379820466041565,0.35
5710,True,exact,1.0,feather,feather,0.42857142857142855,1.0,0.2727272727272727,3,11,3,3,0.5146133899688721,0.9083770513534546,0.35
5711,True,exact,0.7,B) Solution A,Solution A,0.6666666666666666,1.0,0.5,3,6,3,3,0.5942156314849854,0.991132378578186,0.35
5712,True,exact,1.0,wood,wood,0.5,1.0,0.3333333333333333,3,9,3,3,0.35004276037216187,0.788878321647644,0.35
5713,True,exact,0.7,B) Eurasian lynx,Eurasian lynx,0.5,1.0,0.3333333333333333,4,12,4,4,0.4608185291290283,0.7122555375099182,0.35
5714,False,numeric_mismatch,0.0,The magnetic force is stronger in Pair 1.,The magnetic force is stronger in Pair 2.,0.5454545454545454,1.0,0.375,3,8,3,3,0.6244664788246155,0.9059001803398132,0.35
5715,True,numeric_exact,1.0,C) 3:1,3:1,0.5333333333333333,1.0,0.36363636363636365,4,11,4,4,0.4394553005695343,0.9089669585227966,0.35
5716,True,exact,0.7,B) starry moray,starry moray,0.5454545454545454,1.0,0.375,3,8,3,3,0.36157548427581787,0.5987672805786133,0.35
5717,False,exact,0.3,It has many different types of trees.,It has soil that is rich in nutrients.,0.375,1.0,0.23076923076923078,3,13,3,3,0.3538099527359009,0.6067681908607483,0.35
5718,True,exact,1.0,Minnesota,Minnesota,0.4444444444444445,1.0,0.2857142857142857,4,14,4,4,0.5143693089485168,0.9261118173599243,0.35
5719,True,exact,1.0,stretchy,stretchy,0.21052631578947364,0.4,0.14285714285714285,5,14,2,2,0.16851821541786194,0.5419967770576477,0.35
5720,True,yes_no,1.0,no,no,0.6666666666666666,1.0,0.5,3,6,3,3,0.49327385425567627,0.9393956661224365,0.35
5721,True,exact,1.0,It has many different types of organisms.,It has many different types of organisms.,0.5333333333333333,1.0,0.36363636363636365,4,11,4,4,0.3015649914741516,0.7384616732597351,0.35
5722,True,exact,0.7,C) Carson City,Carson City,0.5,0.6666666666666666,0.4,3,5,2,2,0.3905094861984253,0.8811737298965454,0.35
5723,False,exact,0.3,D) Delaware,New Hampshire,0.6153846153846153,1.0,0.4444444444444444,4,9,4,4,0.4133446514606476,0.7624437212944031,0.35
5724,True,exact,0.7,A) Juneau,Juneau,0.6666666666666666,1.0,0.5,4,8,4,4,0.4206050634384155,0.8602442145347595,0.35
5725,True,exact,0.7,A) Baton Rouge,Baton Rouge,0.6,1.0,0.42857142857142855,3,7,3,3,0.488705039024353,0.9226616621017456,0.35
5726,True,exact,0.7,B) sample B,sample B,0.5263157894736842,1.0,0.35714285714285715,5,14,5,5,0.433810830116272,0.9638426303863525,0.35
5727,True,exact,0.7,D) Wyoming,Wyoming,0.42857142857142855,1.0,0.2727272727272727,3,11,3,3,0.465412437915802,0.7218790650367737,0.35
5728,False,exact,0.3,D) bear sedge,earthworm,0.5333333333333333,1.0,0.36363636363636365,4,11,4,4,0.44413137435913086,0.829679548740387,0.35
5729,True,exact,0.7,C) Carson City,Carson City,0.35294117647058826,1.0,0.21428571428571427,3,14,3,3,0.36561742424964905,0.8772631287574768,0.35
5730,False,numeric_mismatch,0.0,B) 1/4,2/4,0.4,1.0,0.25,3,12,3,3,0.34543943405151367,0.6649630665779114,0.35
5731,True,exact,0.7,D) Massachusetts,Massachusetts,0.5,1.0,0.3333333333333333,4,12,4,4,0.44914698600769043,0.7772455811500549,0.35
5732,True,exact,0.7,A) Hartford,Hartford,0.4444444444444445,1.0,0.2857142857142857,2,7,2,2,0.46498173475265503,0.7696307301521301,0.35
5733,True,exact,1.0,exoskeleton,exoskeleton,0.42857142857142855,1.0,0.2727272727272727,3,11,3,3,0.32263901829719543,0.6928285360336304,0.35
5734,True,exact,0.7,B) The magnitude of the magnetic force is the same in both pairs.,The magnitude of the magnetic force is the same in both pairs.,0.33333333333333337,1.0,0.2,3,15,3,3,0.5453561544418335,0.8117862343788147,0.35
5735,False,exact,0.3,B) The magnetic force is weaker in Pair 1.,The strength of the magnetic force is the same in both pairs.,0.35294117647058826,1.0,0.21428571428571427,3,14,3,3,0.532634437084198,0.7947165966033936,0.35
5736,False,numeric_mismatch,0.0,C) The magnetic force is weaker in Pair 2.,The magnetic force is weaker in Pair 1.,0.5882352941176471,1.0,0.4166666666666667,5,12,5,5,0.45675408840179443,0.8262026309967041,0.35
5737,False,exact,0.3,C) Mississippi,Minnesota,0.5,1.0,0.3333333333333333,3,9,3,3,0.4195808172225952,0.7763192653656006,0.35
5738,True,exact,0.7,A) red howler,red howler,0.5714285714285715,1.0,0.4,4,10,4,4,0.4239209294319153,0.610967755317688,0.35
5739,True,exact,0.7,A) Olympia,Olympia,0.4285714285714285,0.75,0.3,4,10,3,3,0.281181275844574,0.7483052015304565,0.35
5740,True,exact,0.7,C) chlorine,chlorine,0.5714285714285715,1.0,0.4,2,5,2,2,0.45868977904319763,0.8881273865699768,0.35
5741,True,exact,0.7,A) Madison,Madison,0.5714285714285715,1.0,0.4,4,10,4,4,0.40209856629371643,0.8723094463348389,0.35
5742,True,exact,0.7,D) A,A,0.5454545454545454,1.0,0.375,3,8,3,3,0.4968090355396271,0.7966513633728027,0.35
5743,True,exact,0.7,C) Tallahassee,Tallahassee,0.6666666666666666,1.0,0.5,3,6,3,3,0.4141250550746918,0.7136677503585815,0.35
5744,True,exact,1.0,the surroundings . . . each refrigerator,the surroundings . . . each refrigerator,0.5555555555555556,1.0,0.38461538461538464,5,13,5,5,0.5581595301628113,0.8656765222549438,0.35
5745,True,exact,0.7,B) Cybister sugillatus,Cybister sugillatus,0.25,1.0,0.14285714285714285,2,14,2,2,0.4042818546295166,0.936177134513855,0.35
5746,True,exact,0.7,C) Bryum moss plants are made up of tiny units called cells.,Bryum moss plants are made up of tiny units called cells.,0.47058823529411764,1.0,0.3076923076923077,4,13,4,4,0.3543928265571594,0.8997724056243896,0.35
5747,True,exact,0.7,B) New Jersey,New Jersey,0.4,1.0,0.25,3,12,3,3,0.44553232192993164,0.7800736427307129,0.35
5748,False,exact,0.3,B) The magnitude of the magnetic force is the same in both pairs.,The magnitude of the magnetic force is smaller in Pair 1.,0.6153846153846153,1.0,0.4444444444444444,4,9,4,4,0.47909674048423767,0.8983871936798096,0.35
5749,True,exact,0.7,D) Montgomery,Montgomery,0.7272727272727273,1.0,0.5714285714285714,4,7,4,4,0.5069018006324768,0.8694719672203064,0.35
5750,True,exact,1.0,stretchy,stretchy,0.4444444444444445,1.0,0.2857142857142857,4,14,4,4,0.31746944785118103,0.9144071340560913,0.35
5751,True,exact,1.0,soft,soft,0.26666666666666666,0.5,0.18181818181818182,4,11,2,2,0.22158841788768768,0.4446212947368622,0.35
5752,True,numeric_exact,1.0,C) 0/4,0/4,0.6666666666666666,1.0,0.5,6,12,6,6,0.4444165825843811,0.842699408531189,0.35
5753,True,exact,1.0,a solid,a solid,0.888888888888889,1.0,0.8,4,5,4,4,0.46381133794784546,0.7105242609977722,0.35
5754,True,exact,0.7,A) sample B,sample B,0.5555555555555556,1.0,0.38461538461538464,5,13,5,5,0.4316522479057312,0.8518010973930359,0.35
5755,True,exact,0.7,B) Carson City,Carson City,0.5454545454545454,1.0,0.375,3,8,3,3,0.35268521308898926,0.5348065495491028,0.35
5756,True,exact,0.7,C) Pennsylvania,Pennsylvania,0.35294117647058826,1.0,0.21428571428571427,3,14,3,3,0.5730892419815063,0.8152862191200256,0.35
5757,False,exact,0.3,Can light bulbs stay lit longer when circuits include copper or when circuits include iron?,Do circuits that include iron produce dimmer light than circuits that include copper?,0.28571428571428575,0.5,0.2,6,15,3,3,0.23410078883171082,0.4490959048271179,0.35
5758,True,exact,1.0,a solid,a solid,0.6666666666666666,1.0,0.5,3,6,3,3,0.491576611995697,0.8103097081184387,0.35
5759,True,exact,0.7,C) Arkansas,Arkansas,0.4615384615384615,1.0,0.3,3,10,3,3,0.40628498792648315,0.9662614464759827,0.35
5760,True,exact,0.7,A) Phoenix,Phoenix,0.4285714285714285,0.75,0.3,4,10,3,3,0.31729966402053833,0.8576159477233887,0.35
5761,True,exact,1.0,a new plant,a new plant,0.47058823529411764,1.0,0.3076923076923077,4,13,4,4,0.49767670035362244,0.7883336544036865,0.35
5762,True,exact,0.7,B) sea otter,sea otter,0.4615384615384615,1.0,0.3,3,10,3,3,0.3738310933113098,0.8005011677742004,0.35
5763,True,exact,1.0,bumpy,bumpy,0.39999999999999997,0.75,0.2727272727272727,4,11,3,3,0.2830294668674469,0.7043762803077698,0.35
5764,True,exact,1.0,stretchy,stretchy,0.15384615384615383,0.25,0.1111111111111111,4,9,1,1,0.1362709403038025,0.3854602575302124,0.35
5765,True,exact,1.0,It has land that is covered with water during most of the year. It also has soil that is rich in nutrients.,It has land that is covered with water during most of the year. It also has soil that is rich in nutrients.,0.7692307692307693,1.0,0.625,5,8,5,5,0.42438745498657227,0.7797946333885193,0.35
5766,True,exact,1.0,Africa,Africa,0.375,1.0,0.23076923076923078,3,13,3,3,0.4913596510887146,0.8296599388122559,0.35
5767,True,exact,0.7,C) Helena,Helena,0.5714285714285715,1.0,0.4,4,10,4,4,0.369719922542572,0.7500195503234863,0.35
5768,True,exact,1.0,attract,attract,0.4,0.25,1.0,4,1,1,1,0.5638628602027893,0.6148841381072998,0.35
5769,True,exact,0.7,C) Virginia,Virginia,0.2666666666666667,1.0,0.15384615384615385,2,13,2,2,0.47106221318244934,0.7572967410087585,0.35
5770,False,exact,0.3,the fruit,the flowers,0.6153846153846154,0.8,0.5,5,8,4,4,0.4484780728816986,0.8168684244155884,0.35
5771,True,exact,0.7,B) red kangaroo,red kangaroo,0.39999999999999997,0.75,0.2727272727272727,4,11,3,3,0.3221340477466583,0.6279494762420654,0.35
5772,False,exact,0.3,if at least 20% of the park would be shaded by trees in each design,which design would have the greatest distance between the concert area and the road,0.46153846153846156,0.75,0.3333333333333333,4,9,3,3,0.33996686339378357,0.8169402480125427,0.35
5773,True,exact,1.0,It eats another living thing.,It eats another living thing.,0.6666666666666666,1.0,0.5,6,12,6,6,0.5238960981369019,0.9248765707015991,0.35
5774,False,exact,0.3,Taricha torosa,Lissotriton vulgaris,0.5714285714285715,1.0,0.4,4,10,4,4,0.4610973298549652,0.8533496260643005,0.35
5775,False,numeric_mismatch,0.0,C) 3:1,2:2,0.5714285714285715,1.0,0.4,4,10,4,4,0.31298351287841797,0.6114698052406311,0.35
5776,True,exact,0.7,C) Ethan can trade his tomatoes for Irma's broccoli.,Ethan can trade his tomatoes for Irma's broccoli.,0.6666666666666666,1.0,0.5,4,8,4,4,0.49212124943733215,0.8920300006866455,0.35
5777,True,exact,0.7,B) The magnitude of the magnetic force is the same in both pairs.,The magnitude of the magnetic force is the same in both pairs.,0.4615384615384615,1.0,0.3,3,10,3,3,0.4580346941947937,0.7082275152206421,0.35
5778,True,exact,0.7,D) Juneau,Juneau,0.4615384615384615,1.0,0.3,3,10,3,3,0.3446000814437866,0.6007952690124512,0.35
5779,True,exact,1.0,a compound,a compound,0.375,1.0,0.23076923076923078,3,13,3,3,0.4254743158817291,0.8582292199134827,0.35
5780,True,exact,0.7,C) metamorphic,metamorphic,0.6666666666666666,1.0,0.5,4,8,4,4,0.44302430748939514,0.8436223864555359,0.35
5781,True,exact,0.7,D) Helena,Helena,0.7272727272727273,1.0,0.5714285714285714,4,7,4,4,0.4988556504249573,0.8500087857246399,0.35
5782,True,exact,1.0,common kingfisher,common kingfisher,0.7272727272727272,0.8,0.6666666666666666,5,6,4,4,0.41322067379951477,0.8119330406188965,0.35
5783,True,exact,0.7,C) Antarctica,Antarctica,0.375,1.0,0.23076923076923078,3,13,3,3,0.47795701026916504,0.8772560954093933,0.35
5784,True,exact,0.7,A) Cyanocitta stelleri,Cyanocitta stelleri,0.36363636363636365,0.6666666666666666,0.25,3,8,2,2,0.28290340304374695,0.5969405770301819,0.35
5785,True,exact,1.0,fragile,fragile,0.2,0.3333333333333333,0.14285714285714285,3,7,1,1,0.1655845046043396,0.39379605650901794,0.35
5786,False,exact,0.3,neither; the samples have the same temperature,sample A,0.5555555555555556,1.0,0.38461538461538464,5,13,5,5,0.4072304964065552,0.7610904574394226,0.35
5787,False,exact,1.0,ceramic,rubber,0.6666666666666666,1.0,0.5,3,6,3,3,0.4486088156700134,0.8206217288970947,0.35
5788,False,exact,0.3,C) the Dominican Republic,Haiti,0.375,1.0,0.23076923076923078,3,13,3,3,0.40282294154167175,0.6801878809928894,0.35
5789,True,exact,1.0,Do the insides of white boxes get hotter than the insides of black boxes when the boxes are left in the sun?,Do the insides of white boxes get hotter than the insides of black boxes when the boxes are left in the sun?,0.47058823529411764,1.0,0.3076923076923077,4,13,4,4,0.41457223892211914,0.7070188522338867,0.35
5790,True,exact,0.7,B) Sacramento,Sacramento,0.6153846153846153,1.0,0.4444444444444444,4,9,4,4,0.46302592754364014,0.9471129775047302,0.35
5791,True,exact,0.7,A) Solution B,Solution B,0.4,1.0,0.25,3,12,3,3,0.6235768795013428,0.9766933917999268,0.35
5792,True,exact,0.7,B) January,January,0.4,1.0,0.25,3,12,3,3,0.4475531578063965,0.9280757308006287,0.35
5793,True,exact,0.7,C) the Atlantic Ocean,the Atlantic Ocean,0.4615384615384615,1.0,0.3,3,10,3,3,0.5260847210884094,0.8948253989219666,0.35
5794,False,exact,0.3,B) The magnitude of the magnetic force is smaller in Pair 2.,The magnitude of the magnetic force is the same in both pairs.,0.6666666666666666,1.0,0.5,4,8,4,4,0.48023083806037903,0.7968218922615051,0.35
5795,True,exact,0.7,D) Dover,Dover,0.16666666666666669,0.5,0.1,2,10,1,1,0.30303898453712463,0.6296334266662598,0.35
5796,True,exact,1.0,Do slugs eat more from tomato leaves or broccoli leaves?,Do slugs eat more from tomato leaves or broccoli leaves?,0.35294117647058826,1.0,0.21428571428571427,3,14,3,3,0.46918120980262756,0.792818546295166,0.35
5797,True,exact,1.0,filtration,filtration,0.5333333333333333,1.0,0.36363636363636365,4,11,4,4,0.30297210812568665,0.8029924631118774,0.35
5798,True,exact,0.7,A) Virginia,Virginia,0.5,1.0,0.3333333333333333,3,9,3,3,0.45445430278778076,0.7196872234344482,0.35
5799,True,exact,0.7,D) Baton Rouge,Baton Rouge,0.7499999999999999,1.0,0.6,3,5,3,3,0.47963947057724,0.9414956569671631,0.35
5800,True,exact,1.0,the number of bacteria in a drop of tea,the number of bacteria in a drop of tea,0.5555555555555556,1.0,0.38461538461538464,5,13,5,5,0.4258613586425781,0.7434695959091187,0.35
5801,True,numeric_exact,1.0,KRT13 gene . . . keratin protein,KRT13 gene . . . keratin protein,0.4285714285714285,0.75,0.3,4,10,3,3,0.36769962310791016,0.8384227752685547,0.35
5802,True,exact,0.7,D) Dominica,Dominica,0.33333333333333337,1.0,0.2,3,15,3,3,0.4562169015407562,0.8179380297660828,0.35
5803,True,exact,0.7,A) Carson City,Carson City,0.4,0.6666666666666666,0.2857142857142857,3,7,2,2,0.3731438219547272,0.8206654787063599,0.35
5804,True,exact,1.0,Africa,Africa,0.6666666666666666,1.0,0.5,3,6,3,3,0.5017285346984863,0.7616907358169556,0.35
5805,True,exact,0.7,A) goldfish,goldfish,0.7272727272727273,1.0,0.5714285714285714,4,7,4,4,0.4473561644554138,0.6084589958190918,0.35
5806,True,exact,0.7,B) New Jersey,New Jersey,0.5333333333333333,1.0,0.36363636363636365,4,11,4,4,0.45485231280326843,0.9322755336761475,0.35
5807,False,exact,0.3,B) Saint Kitts and Nevis,Antigua and Barbuda,0.42857142857142855,1.0,0.2727272727272727,3,11,3,3,0.3819691240787506,0.8474190831184387,0.35
5808,True,exact,0.7,D) Olympia,Olympia,0.4615384615384615,1.0,0.3,3,10,3,3,0.4031347632408142,0.8438695669174194,0.35
5809,True,exact,1.0,a gas,a gas,0.6153846153846153,1.0,0.4444444444444444,4,9,4,4,0.42316120862960815,0.9139463305473328,0.35
5810,False,numeric_mismatch,0.0,The magnitude of the magnetic force is greater in Pair 2.,The magnitude of the magnetic force is greater in Pair 1.,0.42857142857142855,1.0,0.2727272727272727,3,11,3,3,0.5962967872619629,0.8157532215118408,0.35
5811,True,exact,0.7,B) Austin,Austin,0.5454545454545454,1.0,0.375,3,8,3,3,0.3482396900653839,0.7995757460594177,0.35
5812,False,exact,0.3,B) red-eyed tree frog,rabbit,0.5,1.0,0.3333333333333333,4,12,4,4,0.46432092785835266,0.6498858332633972,0.35
5813,True,exact,1.0,weather,weather,0.3333333333333333,0.6666666666666666,0.2222222222222222,3,9,2,2,0.2964187562465668,0.8058053255081177,0.35
5814,True,exact,1.0,Ohio,Ohio,0.5,1.0,0.3333333333333333,3,9,3,3,0.5091978907585144,0.7998250126838684,0.35
5815,True,exact,0.7,B) a liquid,a liquid,0.6,1.0,0.42857142857142855,3,7,3,3,0.49459710717201233,0.7739706635475159,0.35
5816,True,exact,0.7,B) Saint Kitts and Nevis,Saint Kitts and Nevis,0.4615384615384615,1.0,0.3,3,10,3,3,0.4740487337112427,0.8117022514343262,0.35
5817,True,exact,1.0,North America,North America,0.42857142857142855,1.0,0.2727272727272727,3,11,3,3,0.4710688591003418,0.8696058392524719,0.35
5818,True,exact,0.7,B) South America,South America,0.7499999999999999,1.0,0.6,3,5,3,3,0.5950817465782166,0.7930337190628052,0.35
5819,False,exact,1.0,Alabama,Illinois,0.42857142857142855,1.0,0.2727272727272727,3,11,3,3,0.4190225899219513,0.8136312365531921,0.35
5820,True,exact,1.0,Europe,Europe,0.33333333333333337,1.0,0.2,2,10,2,2,0.4983384609222412,0.7938479781150818,0.35
5821,False,exact,0.3,toward the bulldozer,away from the bulldozer,0.3076923076923077,1.0,0.18181818181818182,2,11,2,2,0.5535159707069397,0.8950092196464539,0.35
5822,True,exact,1.0,Open,Open,0.33333333333333337,1.0,0.2,2,10,2,2,0.42217737436294556,0.6604191064834595,0.35
5823,False,exact,1.0,Open,Closed,0.3636363636363636,1.0,0.2222222222222222,2,9,2,2,0.36470651626586914,0.6541469097137451,0.35
5824,False,exact,1.0,Thin,Round,0.4,1.0,0.25,2,8,2,2,0.3686092793941498,0.6834973692893982,0.35
5825,True,exact,1.0,Thin,Thin,0.5,1.0,0.3333333333333333,3,9,3,3,0.3963618576526642,0.7361620664596558,0.35
5826,False,exact,1.0,Right,Left,0.4,1.0,0.25,2,8,2,2,0.4661693572998047,0.7939149737358093,0.35
5827,True,exact,1.0,Right,Right,0.6,1.0,0.42857142857142855,3,7,3,3,0.31611934304237366,0.6960375905036926,0.35
5828,False,exact,0.3,Toward the camera,Towards the camera,0.33333333333333337,1.0,0.2,2,10,2,2,0.3102322220802307,0.7051725387573242,0.35
5829,False,exact,0.3,Toward the camera,Away from the camera,0.3076923076923077,1.0,0.18181818181818182,2,11,2,2,0.3120028078556061,0.6573041081428528,0.35
5830,True,yes_no,1.0,Yes,Yes,0.3636363636363636,1.0,0.2222222222222222,2,9,2,2,0.5056517124176025,0.8525014519691467,0.35
5831,True,yes_no,1.0,No,No,0.30769230769230765,0.6666666666666666,0.2,3,10,2,2,0.3029768764972687,0.8788248896598816,0.35
5832,True,yes_no,1.0,Yes,Yes,0.5,1.0,0.3333333333333333,3,9,3,3,0.40741366147994995,0.7525947093963623,0.35
5833,False,yes_no,1.0,Yes,No,0.4,1.0,0.25,2,8,2,2,0.36608171463012695,0.6793719530105591,0.35
5834,True,exact,1.0,Single,Single,0.4615384615384615,1.0,0.3,3,10,3,3,0.35049164295196533,0.6097011566162109,0.35
5835,True,exact,1.0,Multiple,Multiple,0.3333333333333333,0.6666666666666666,0.2222222222222222,3,9,2,2,0.2042122185230255,0.383714884519577,0.35
5836,False,yes_no,1.0,No,Yes,0.5454545454545454,1.0,0.375,3,8,3,3,0.291608601808548,0.6319669485092163,0.35
5837,True,yes_no,1.0,No,No,0.5,1.0,0.3333333333333333,3,9,3,3,0.3550851047039032,0.8559359908103943,0.35
5838,True,yes_no,1.0,Yes,Yes,0.30769230769230765,0.6666666666666666,0.2,3,10,2,2,0.2994544208049774,0.7230642437934875,0.35
5839,True,yes_no,1.0,No,No,0.5,1.0,0.3333333333333333,3,9,3,3,0.3314436078071594,0.8696138858795166,0.35
5840,True,yes_no,1.0,Yes,Yes,0.3636363636363636,1.0,0.2222222222222222,2,9,2,2,0.5283682942390442,0.8054920434951782,0.35
5841,False,yes_no,1.0,Yes,No,0.5,1.0,0.3333333333333333,3,9,3,3,0.3620554208755493,0.8283073902130127,0.35
5842,True,yes_no,1.0,Yes,Yes,0.4,1.0,0.25,2,8,2,2,0.4955042898654938,0.7397103309631348,0.35
5843,True,yes_no,1.0,No,No,0.4444444444444445,1.0,0.2857142857142857,2,7,2,2,0.5368260145187378,0.8573731184005737,0.35
5844,False,exact,1.0,Side,Front,0.3636363636363636,1.0,0.2222222222222222,2,9,2,2,0.3161281645298004,0.7159866094589233,0.35
5845,False,exact,1.0,Front,Side,0.5,1.0,0.3333333333333333,3,9,3,3,0.368531197309494,0.8742454051971436,0.35
5846,True,exact,1.0,Black,Black,0.4,1.0,0.25,2,8,2,2,0.36017754673957825,0.705653190612793,0.35
5847,True,exact,1.0,Red,Red,0.4444444444444445,1.0,0.2857142857142857,2,7,2,2,0.5008388757705688,0.8075177669525146,0.35
5848,True,yes_no,1.0,Yes,Yes,0.33333333333333337,1.0,0.2,2,10,2,2,0.4399895668029785,0.707781195640564,0.35
5849,True,yes_no,1.0,No,No,0.33333333333333337,1.0,0.2,2,10,2,2,0.39369791746139526,0.7223989367485046,0.35
5850,False,exact,1.0,Incorrect,Correct,0.5714285714285714,0.8,0.4444444444444444,5,9,4,4,0.27683717012405396,0.738686203956604,0.35
5851,False,placeholder,0.0,insufficient information,Incorrect,0.0,0.0,0.0,0,8,0,0,0.0,0.0,0.0
5852,True,yes_no,1.0,Yes,Yes,0.4615384615384615,1.0,0.3,3,10,3,3,0.3469790518283844,0.6294959187507629,0.35
5853,False,yes_no,1.0,Yes,No,0.5454545454545454,1.0,0.375,3,8,3,3,0.43105506896972656,0.6170405149459839,0.35
5854,False,yes_no,1.0,No,Yes,0.5,1.0,0.3333333333333333,3,9,3,3,0.3776143491268158,0.8444312214851379,0.35
5855,True,yes_no,1.0,No,No,0.5,1.0,0.3333333333333333,3,9,3,3,0.369950532913208,0.7807669043540955,0.35
5856,False,yes_no,1.0,No,Yes,0.5454545454545454,1.0,0.375,3,8,3,3,0.30478635430336,0.6694368124008179,0.35
5857,True,yes_no,1.0,No,No,0.42857142857142855,1.0,0.2727272727272727,3,11,3,3,0.3035987913608551,0.7908068895339966,0.35
5858,True,exact,1.0,Pink,Pink,0.4444444444444445,1.0,0.2857142857142857,2,7,2,2,0.47300535440444946,0.8602182865142822,0.35
5859,True,exact,0.7,B) Violet,Violet,0.4,1.0,0.25,2,8,2,2,0.5342696905136108,0.8669642806053162,0.35
5860,True,yes_no,1.0,Yes,Yes,0.5454545454545454,1.0,0.375,3,8,3,3,0.5341324210166931,0.8718472123146057,0.35
5861,True,yes_no,1.0,No,No,0.4,1.0,0.25,2,8,2,2,0.46043744683265686,0.8554945588111877,0.35
5862,True,yes_no,1.0,Yes,Yes,0.3333333333333333,0.6666666666666666,0.2222222222222222,3,9,2,2,0.2996280789375305,0.7795944809913635,0.35
5863,False,yes_no,1.0,Yes,No,0.36363636363636365,0.6666666666666666,0.25,3,8,2,2,0.2920339107513428,0.7752048373222351,0.35
5864,False,yes_no,1.0,No,Yes,0.5454545454545454,1.0,0.375,3,8,3,3,0.3931539058685303,0.7027451395988464,0.35
5865,True,yes_no,1.0,No,No,0.5454545454545454,1.0,0.375,3,8,3,3,0.34326544404029846,0.723174512386322,0.35
5866,False,yes_no,1.0,No,Yes,0.5714285714285714,0.8,0.4444444444444444,5,9,4,4,0.3534633219242096,0.794538140296936,0.35
5867,True,yes_no,1.0,No,No,0.5454545454545454,1.0,0.375,3,8,3,3,0.37190142273902893,0.816551148891449,0.35
5868,False,numeric_mismatch,0.0,B) 6,5,0.4,1.0,0.25,2,8,2,2,0.4024694263935089,0.7192898988723755,0.35
5869,True,numeric_exact,1.0,B) 6,6,0.4,1.0,0.25,2,8,2,2,0.3606991767883301,0.6237610578536987,0.35
5870,True,yes_no,1.0,Yes,Yes,0.5,1.0,0.3333333333333333,3,9,3,3,0.4439314007759094,0.8252268433570862,0.35
5871,True,yes_no,1.0,No,No,0.42857142857142855,1.0,0.2727272727272727,3,11,3,3,0.46571576595306396,0.8379737734794617,0.35
5872,True,yes_no,1.0,Yes,Yes,0.4444444444444445,1.0,0.2857142857142857,2,7,2,2,0.44250816106796265,0.8356783390045166,0.35
5873,True,yes_no,1.0,No,No,0.4,1.0,0.25,2,8,2,2,0.4299214482307434,0.7378653883934021,0.35
5874,True,yes_no,1.0,Yes,Yes,0.6666666666666666,1.0,0.5,4,8,4,4,0.45975950360298157,0.8195224404335022,0.35
5875,False,yes_no,1.0,Yes,No,0.4615384615384615,1.0,0.3,3,10,3,3,0.4595453143119812,0.7431970834732056,0.35
5876,True,yes_no,1.0,Yes,Yes,0.5454545454545454,1.0,0.375,3,8,3,3,0.39621293544769287,0.8207226991653442,0.35
5877,False,yes_no,1.0,Yes,No,0.5454545454545454,1.0,0.375,3,8,3,3,0.3957715332508087,0.7640761137008667,0.35
5878,False,yes_no,1.0,No,Yes,0.4,1.0,0.25,2,8,2,2,0.4093303680419922,0.8415279984474182,0.35
5879,True,yes_no,1.0,No,No,0.5,1.0,0.3333333333333333,3,9,3,3,0.5116763114929199,0.9018492698669434,0.35
5880,True,yes_no,1.0,Yes,Yes,0.5,1.0,0.3333333333333333,3,9,3,3,0.492646723985672,0.7054391503334045,0.35
5881,False,yes_no,1.0,Yes,No,0.5,1.0,0.3333333333333333,3,9,3,3,0.3962591588497162,0.6786738038063049,0.35
5882,True,yes_no,1.0,Yes,Yes,0.4,1.0,0.25,2,8,2,2,0.5134789943695068,0.6907120943069458,0.35
5883,False,yes_no,1.0,Yes,No,0.5454545454545454,1.0,0.375,3,8,3,3,0.41818904876708984,0.7691318988800049,0.35
5884,True,exact,1.0,Correct,Correct,0.36363636363636365,0.6666666666666666,0.25,3,8,2,2,0.3493678569793701,0.779242992401123,0.35
5885,False,exact,1.0,Correct,Incorrect,0.4615384615384615,1.0,0.3,3,10,3,3,0.43921640515327454,0.7965760231018066,0.35
5886,True,exact,1.0,Correct,Correct,0.6666666666666666,1.0,0.5,4,8,4,4,0.41267043352127075,0.7810590863227844,0.35
5887,True,exact,1.0,Incorrect,Incorrect,0.4,1.0,0.25,2,8,2,2,0.46084707975387573,0.742109477519989,0.35
5888,True,yes_no,1.0,Yes,Yes,0.5,1.0,0.3333333333333333,2,6,2,2,0.3572182357311249,0.6499298810958862,0.35
5889,True,yes_no,1.0,No,No,0.4,1.0,0.25,2,8,2,2,0.47860580682754517,0.7040416598320007,0.35
5890,True,yes_no,1.0,Yes,Yes,0.4,1.0,0.25,2,8,2,2,0.49866703152656555,0.8613432049751282,0.35
5891,False,yes_no,1.0,Yes,No,0.3636363636363636,1.0,0.2222222222222222,2,9,2,2,0.4211188554763794,0.7459683418273926,0.35
5892,False,exact,1.0,Unlocked,Locked,0.5,0.75,0.375,4,8,3,3,0.34702813625335693,0.6564664840698242,0.35
5893,True,exact,1.0,Unlocked,Unlocked,0.5454545454545454,1.0,0.375,3,8,3,3,0.37646982073783875,0.6634423136711121,0.35
5894,False,yes_no,1.0,No,Yes,0.5454545454545454,1.0,0.375,3,8,3,3,0.23663006722927094,0.4306449890136719,0.35
5895,True,yes_no,1.0,No,No,0.3636363636363636,1.0,0.2222222222222222,2,9,2,2,0.3134399950504303,0.6730318665504456,0.35
5896,True,exact,1.0,Top,Top,0.39999999999999997,0.75,0.2727272727272727,4,11,3,3,0.3006761968135834,0.6702228784561157,0.35
5897,False,exact,1.0,Top,Side,0.4615384615384615,1.0,0.3,3,10,3,3,0.31512415409088135,0.67555171251297,0.35
5898,True,yes_no,1.0,Yes,Yes,0.6,1.0,0.42857142857142855,3,7,3,3,0.4734034836292267,0.8673031330108643,0.35
5899,False,yes_no,1.0,Yes,No,0.5,1.0,0.3333333333333333,3,9,3,3,0.442460298538208,0.7455989122390747,0.35
5900,True,exact,1.0,Upwards,Upwards,0.33333333333333337,1.0,0.2,2,10,2,2,0.34846755862236023,0.9050398468971252,0.35
5901,False,exact,1.0,Upwards,Forward,0.4615384615384615,1.0,0.3,3,10,3,3,0.40540772676467896,0.680097758769989,0.35
5902,True,yes_no,1.0,Yes,Yes,0.5,1.0,0.3333333333333333,3,9,3,3,0.49748972058296204,0.8202776908874512,0.35
5903,False,yes_no,1.0,Yes,No,0.5,1.0,0.3333333333333333,3,9,3,3,0.3130999207496643,0.5583447217941284,0.35
5904,False,yes_no,1.0,No,Yes,0.4,1.0,0.25,2,8,2,2,0.4313559830188751,0.7681288719177246,0.35
5905,True,yes_no,1.0,No,No,0.5,1.0,0.3333333333333333,3,9,3,3,0.38684889674186707,0.7941988110542297,0.35
5906,True,exact,1.0,erect,Erect,0.4444444444444445,1.0,0.2857142857142857,2,7,2,2,0.39067766070365906,0.5758858919143677,0.35
5907,False,exact,1.0,erect,Drooping,0.4,1.0,0.25,2,8,2,2,0.4835086166858673,0.7159417867660522,0.35
5908,True,yes_no,1.0,Yes,Yes,0.5454545454545454,1.0,0.375,3,8,3,3,0.5253284573554993,0.7689189910888672,0.35
5909,True,yes_no,1.0,No,No,0.36363636363636365,0.6666666666666666,0.25,3,8,2,2,0.3278454542160034,0.7671272158622742,0.35
5910,True,yes_no,1.0,Yes,Yes,0.4,1.0,0.25,2,8,2,2,0.27385762333869934,0.7531182169914246,0.35
5911,True,yes_no,1.0,No,No,0.5,1.0,0.3333333333333333,3,9,3,3,0.3019914925098419,0.6678058505058289,0.35
5912,True,yes_no,1.0,Yes,Yes,0.5454545454545454,1.0,0.375,3,8,3,3,0.37648752331733704,0.8677629828453064,0.35
5913,False,yes_no,1.0,Yes,No,0.5,1.0,0.3333333333333333,3,9,3,3,0.4155378043651581,0.7268010973930359,0.35
5914,True,yes_no,1.0,Yes,Yes,0.4444444444444445,1.0,0.2857142857142857,2,7,2,2,0.44444724917411804,0.7580851316452026,0.35
5915,True,yes_no,1.0,No,No,0.4444444444444445,1.0,0.2857142857142857,2,7,2,2,0.4452084004878998,0.8154031038284302,0.35
5916,True,exact,1.0,Very dense,Very dense,0.30769230769230765,0.6666666666666666,0.2,3,10,2,2,0.28263628482818604,0.7220800518989563,0.35
5917,False,exact,0.3,Very dense,Relatively sparse,0.3636363636363636,1.0,0.2222222222222222,2,9,2,2,0.36684414744377136,0.6814164519309998,0.35
5918,True,yes_no,1.0,Yes,Yes,0.3636363636363636,1.0,0.2222222222222222,2,9,2,2,0.4830521047115326,0.7784141898155212,0.35
5919,False,yes_no,1.0,Yes,No,0.4,1.0,0.25,2,8,2,2,0.5106422305107117,0.7040621042251587,0.35
5920,True,exact,1.0,Long,Long,0.4,1.0,0.25,2,8,2,2,0.4059310853481293,0.72412109375,0.35
5921,False,exact,1.0,Long,Short,0.4444444444444445,1.0,0.2857142857142857,2,7,2,2,0.5053974986076355,0.7612218856811523,0.35
5922,False,exact,0.3,B) Set,Bump,0.6153846153846153,1.0,0.4444444444444444,4,9,4,4,0.29319313168525696,0.503896176815033,0.35
5923,True,exact,1.0,Set,Set,0.5,1.0,0.3333333333333333,4,12,4,4,0.3135714530944824,0.6835407614707947,0.35
5924,True,exact,1.0,Up,Up,0.4444444444444445,1.0,0.2857142857142857,2,7,2,2,0.48461803793907166,0.6959407329559326,0.35
5925,False,exact,1.0,Up,Down,0.4,1.0,0.25,2,8,2,2,0.470260888338089,0.8158067464828491,0.35
5926,True,exact,1.0,Eye level,Eye level,0.4,1.0,0.25,2,8,2,2,0.33633971214294434,0.6493597626686096,0.35
5927,False,exact,0.3,Eye level,Above,0.4,1.0,0.25,2,8,2,2,0.380748987197876,0.712709367275238,0.35
5928,False,yes_no,1.0,No,Yes,0.3636363636363636,1.0,0.2222222222222222,2,9,2,2,0.4053535461425781,0.7619128823280334,0.35
5929,True,yes_no,1.0,No,No,0.4,1.0,0.25,2,8,2,2,0.41531383991241455,0.7252835631370544,0.35
5930,True,exact,1.0,Upward,Upward,0.5454545454545454,1.0,0.375,3,8,3,3,0.4486691951751709,0.7017421126365662,0.35
5931,False,exact,1.0,Upward,Downward,0.4,1.0,0.25,2,8,2,2,0.3929024636745453,0.7156633138656616,0.35
5932,False,exact,1.0,Outward,Inward,0.4444444444444445,1.0,0.2857142857142857,2,7,2,2,0.43766292929649353,0.8094319105148315,0.35
5933,True,exact,1.0,Outward,Outward,0.4444444444444445,1.0,0.2857142857142857,2,7,2,2,0.42969125509262085,0.7682328224182129,0.35
5934,True,yes_no,1.0,Yes,Yes,0.5454545454545454,1.0,0.375,3,8,3,3,0.4074760377407074,0.6828373074531555,0.35
5935,True,yes_no,1.0,No,No,0.30769230769230765,0.6666666666666666,0.2,3,10,2,2,0.29954177141189575,0.8381800651550293,0.35
5936,True,exact,1.0,Away from the camera,Away from the camera,0.4,1.0,0.25,2,8,2,2,0.3655254542827606,0.6960924863815308,0.35
5937,False,exact,0.3,Away from the camera,Facing the camera,0.5,1.0,0.3333333333333333,3,9,3,3,0.36857369542121887,0.7011841535568237,0.35
5938,True,numeric_exact,1.0,1,1,0.5454545454545454,1.0,0.375,3,8,3,3,0.4509691894054413,0.8057742118835449,0.35
5939,True,numeric_exact,1.0,B) 2,2,0.4,1.0,0.25,2,8,2,2,0.5152724981307983,0.8382644057273865,0.35
5940,False,numeric_mismatch,0.0,2,1,0.4,1.0,0.25,2,8,2,2,0.40054792165756226,0.7276763916015625,0.35
5941,True,numeric_exact,1.0,B) 2,2,0.6666666666666666,1.0,0.5,4,8,4,4,0.40020328760147095,0.6490955948829651,0.35
5942,False,yes_no,1.0,No,Yes,0.4,1.0,0.25,2,8,2,2,0.44472575187683105,0.6421695351600647,0.35
5943,True,yes_no,1.0,No,No,0.6,1.0,0.42857142857142855,3,7,3,3,0.4147661626338959,0.7412388324737549,0.35
5944,True,exact,1.0,Left,Left,0.4,1.0,0.25,2,8,2,2,0.44337648153305054,0.776681661605835,0.35
5945,True,exact,1.0,Right,Right,0.4444444444444445,1.0,0.2857142857142857,2,7,2,2,0.3747541606426239,0.6059608459472656,0.35
5946,True,yes_no,1.0,Yes,Yes,0.6666666666666666,1.0,0.5,3,6,3,3,0.3487643301486969,0.7427965998649597,0.35
5947,True,yes_no,1.0,No,No,0.3636363636363636,1.0,0.2222222222222222,2,9,2,2,0.4004315137863159,0.6474441885948181,0.35
5948,True,exact,1.0,Protruding,Protruding,0.4,1.0,0.25,2,8,2,2,0.3325878083705902,0.7390300035476685,0.35
5949,False,exact,1.0,Protruding,Indented,0.4615384615384615,1.0,0.3,3,10,3,3,0.32394057512283325,0.7402669787406921,0.35
5950,False,exact,0.3,At an angle,Directly towards the camera,0.5,1.0,0.3333333333333333,3,9,3,3,0.3036341369152069,0.7089921236038208,0.35
5951,False,exact,0.3,Directly towards the camera,At an angle,0.5,1.0,0.3333333333333333,3,9,3,3,0.4214739501476288,0.8403772711753845,0.35
5952,False,exact,0.3,B) Carpet,Floor,0.5,1.0,0.3333333333333333,3,9,3,3,0.33639204502105713,0.7414261698722839,0.35
5953,False,exact,1.0,Floor,Carpet,0.3636363636363636,1.0,0.2222222222222222,2,9,2,2,0.3732672929763794,0.735505223274231,0.35
5954,True,exact,0.7,A) OK/SELECT,OK/SELECT,0.4,1.0,0.25,2,8,2,2,0.4534175395965576,0.7643789649009705,0.35
5955,True,exact,0.7,A) OK/SELECT,OK,0.3636363636363636,1.0,0.2222222222222222,2,9,2,2,0.4817711114883423,0.7866782546043396,0.35
5956,True,numeric_exact,1.0,1,1,0.5454545454545454,1.0,0.375,3,8,3,3,0.3878704607486725,0.6648579835891724,0.35
5957,True,numeric_exact,1.0,B) 2,2,0.4,1.0,0.25,2,8,2,2,0.4876735210418701,0.75821852684021,0.35
5958,True,exact,0.7,A) Coiled,Coiled,0.33333333333333337,1.0,0.2,2,10,2,2,0.33236852288246155,0.7104440331459045,0.35
5959,False,exact,0.3,A) Coiled,Head extended,0.4,1.0,0.25,2,8,2,2,0.2773706614971161,0.7024058103561401,0.35
5960,True,yes_no,1.0,Yes,Yes,0.4,1.0,0.25,2,8,2,2,0.5436021089553833,0.8692297339439392,0.35
5961,False,yes_no,1.0,Yes,No,0.6,1.0,0.42857142857142855,3,7,3,3,0.30682817101478577,0.7965316772460938,0.35
5962,True,exact,1.0,Raised,Raised,0.4,1.0,0.25,2,8,2,2,0.5024996995925903,0.7645733952522278,0.35
5963,False,exact,1.0,Raised,Lowered,0.4,1.0,0.25,2,8,2,2,0.4603920578956604,0.804809033870697,0.35
5964,False,exact,0.3,Upside down,Upright,0.4,1.0,0.25,2,8,2,2,0.31396758556365967,0.710267186164856,0.35
5965,False,exact,0.3,Upright,Upside down,0.4,1.0,0.25,2,8,2,2,0.3260672688484192,0.6120691299438477,0.35
5966,True,exact,1.0,Looking down from above,Looking down from above,0.5,1.0,0.3333333333333333,3,9,3,3,0.3647940456867218,0.7669617533683777,0.35
5967,False,exact,0.3,Looking down from above,Looking up from below,0.5333333333333333,1.0,0.36363636363636365,4,11,4,4,0.3431847393512726,0.6267849802970886,0.35
5968,True,exact,0.7,Not visible,Visible,0.33333333333333337,1.0,0.2,2,10,2,2,0.36383330821990967,0.7209891676902771,0.35
5969,True,exact,1.0,Not visible,Not visible,0.3636363636363636,1.0,0.2222222222222222,2,9,2,2,0.35930782556533813,0.7398546934127808,0.35
5970,True,exact,1.0,Left,Left,0.4,1.0,0.25,2,8,2,2,0.5205968022346497,0.9567033052444458,0.35
5971,False,exact,1.0,Left,Right,0.3636363636363636,1.0,0.2222222222222222,2,9,2,2,0.4384329617023468,0.76402348279953,0.35
5972,True,exact,1.0,Back view,Back view,0.4615384615384615,1.0,0.3,3,10,3,3,0.26385298371315,0.633307695388794,0.35
5973,True,exact,0.7,B) Side view,Side view,0.3636363636363636,1.0,0.2222222222222222,2,9,2,2,0.3725859224796295,0.6390842795372009,0.35
5974,True,exact,1.0,One,One,0.5454545454545454,1.0,0.375,3,8,3,3,0.47874629497528076,0.615857720375061,0.35
5975,True,exact,1.0,More than one,More than one,0.5,1.0,0.3333333333333333,3,9,3,3,0.48338082432746887,0.7969574332237244,0.35
5976,True,exact,1.0,Beside the bedside Table,Beside the bedside Table,0.5,1.0,0.3333333333333333,3,9,3,3,0.36132553219795227,0.8305206894874573,0.35
5977,False,exact,0.3,Beside the bedside Table,On the Windowsill,0.30769230769230765,0.6666666666666666,0.2,3,10,2,2,0.3740336298942566,0.7762212157249451,0.35
5978,True,exact,1.0,Silver,Silver,0.5454545454545454,1.0,0.375,3,8,3,3,0.37839972972869873,0.6397016644477844,0.35
5979,True,exact,1.0,Black,Black,0.4,1.0,0.25,2,8,2,2,0.4484022557735443,0.8941038846969604,0.35
5980,False,exact,0.3,Both arms,One arm,0.4,0.6666666666666666,0.2857142857142857,3,7,2,2,0.33049166202545166,0.697358250617981,0.35
5981,True,exact,1.0,Both arms,Both arms,0.3636363636363636,1.0,0.2222222222222222,2,9,2,2,0.4418407380580902,0.5925925374031067,0.35
5982,False,numeric_mismatch,0.0,B) 1,12,0.4,1.0,0.25,2,8,2,2,0.3631954789161682,0.717444896697998,0.35
5983,False,numeric_mismatch,0.0,12,1,0.3636363636363636,1.0,0.2222222222222222,2,9,2,2,0.4564870297908783,0.8279329538345337,0.35
5984,True,exact,1.0,In front of a large window,In front of a large window,0.3076923076923077,1.0,0.18181818181818182,2,11,2,2,0.4139344096183777,0.753014862537384,0.35
5985,False,exact,0.3,In front of a large window,In front of a wall between two windows,0.6153846153846153,1.0,0.4444444444444444,4,9,4,4,0.37617820501327515,0.7953741550445557,0.35
5986,True,exact,1.0,On a dish,On a dish,0.5454545454545454,1.0,0.375,3,8,3,3,0.4770732820034027,0.737971842288971,0.35
5987,True,exact,0.7,B) In bowls of yogurts,In bowls of yogurts,0.5,1.0,0.3333333333333333,3,9,3,3,0.49116140604019165,0.7712638974189758,0.35
5988,True,exact,1.0,Some are cut open,Some are cut open,0.6,1.0,0.42857142857142855,3,7,3,3,0.44321173429489136,0.8237400054931641,0.35
5989,False,exact,0.3,Some are cut open,All are uncut,0.5,1.0,0.3333333333333333,3,9,3,3,0.3868139088153839,0.6726343631744385,0.35
5990,False,yes_no,1.0,No,Yes,0.36363636363636365,0.6666666666666666,0.25,3,8,2,2,0.3412107229232788,0.6616408228874207,0.35
5991,True,yes_no,1.0,No,No,0.5454545454545454,1.0,0.375,3,8,3,3,0.2730277478694916,0.8748347163200378,0.35
5992,True,yes_no,1.0,Yes,Yes,0.5454545454545454,1.0,0.375,3,8,3,3,0.2927224934101105,0.6614474654197693,0.35
5993,False,yes_no,1.0,Yes,No,0.4615384615384615,1.0,0.3,3,10,3,3,0.27455025911331177,0.8056967854499817,0.35
5994,False,exact,1.0,Raised,Flat,0.33333333333333337,1.0,0.2,2,10,2,2,0.37825271487236023,0.6075566411018372,0.35
5995,True,exact,1.0,Raised,Raised,0.5,1.0,0.3333333333333333,3,9,3,3,0.36973392963409424,0.7608355283737183,0.35
5996,True,exact,1.0,Dark,Dark,0.3636363636363636,1.0,0.2222222222222222,2,9,2,2,0.43779256939888,0.8167585730552673,0.35
5997,False,exact,1.0,Dark,Light,0.5,1.0,0.3333333333333333,3,9,3,3,0.4123941659927368,0.7087830305099487,0.35
5998,True,exact,1.0,Facing the ocean,Facing the ocean,0.3333333333333333,0.6666666666666666,0.2222222222222222,3,9,2,2,0.20926791429519653,0.6169358491897583,0.35
5999,False,exact,0.3,Facing the ocean,Turned sideways to the ocean,0.30769230769230765,0.6666666666666666,0.2,3,10,2,2,0.2714298367500305,0.6010927557945251,0.35
6000,False,numeric_mismatch,0.0,B) 2,1,0.5454545454545454,1.0,0.375,3,8,3,3,0.342393159866333,0.5540676712989807,0.35
6001,True,numeric_exact,1.0,B) 2,2,0.6,1.0,0.42857142857142855,3,7,3,3,0.4202202260494232,0.6992944478988647,0.35
6002,True,exact,1.0,Blue,Blue,0.33333333333333337,1.0,0.2,2,10,2,2,0.528181254863739,0.729077935218811,0.35
6003,True,exact,1.0,White,White,0.4,1.0,0.25,2,8,2,2,0.5168498754501343,0.8144330382347107,0.35
6004,False,exact,0.3,Leaning against,Holding hands,0.5714285714285715,1.0,0.4,4,10,4,4,0.36386698484420776,0.8078389763832092,0.35
6005,False,exact,0.3,Holding hands,Leaning against,0.33333333333333337,1.0,0.2,2,10,2,2,0.4061014652252197,0.8567994832992554,0.35
6006,True,yes_no,1.0,Yes,Yes,0.36363636363636365,0.6666666666666666,0.25,3,8,2,2,0.30311551690101624,0.564439594745636,0.35
6007,False,yes_no,1.0,Yes,No,0.3636363636363636,1.0,0.2222222222222222,2,9,2,2,0.4501907527446747,0.642315149307251,0.35
6008,False,exact,0.3,B) Both arms,One arm,0.4444444444444445,1.0,0.2857142857142857,2,7,2,2,0.47379356622695923,0.6976920962333679,0.35
6009,True,exact,1.0,Both arms,Both arms,0.3636363636363636,1.0,0.2222222222222222,2,9,2,2,0.4596225917339325,0.6707518696784973,0.35
6010,True,exact,1.0,Grass,Grass,0.3636363636363636,1.0,0.2222222222222222,2,9,2,2,0.34099313616752625,0.5679494142532349,0.35
6011,True,exact,1.0,Gravel path,Gravel path,0.4615384615384615,1.0,0.3,3,10,3,3,0.3067668676376343,0.7024787664413452,0.35
6012,True,yes_no,1.0,Yes,Yes,0.36363636363636365,0.6666666666666666,0.25,3,8,2,2,0.38905593752861023,0.7665383815765381,0.35
6013,True,yes_no,1.0,No,No,0.5714285714285715,1.0,0.4,4,10,4,4,0.40373310446739197,0.6936225295066833,0.35
6014,True,exact,1.0,Floor,Floor,0.3636363636363636,1.0,0.2222222222222222,2,9,2,2,0.3289202153682709,0.6214366555213928,0.35
6015,True,exact,1.0,Soil,Soil,0.3076923076923077,1.0,0.18181818181818182,2,11,2,2,0.3832387626171112,0.7377560138702393,0.35
6016,False,yes_no,1.0,No,Yes,0.6666666666666666,1.0,0.5,4,8,4,4,0.4461525082588196,0.7530409097671509,0.35
6017,False,yes_no,1.0,Yes,No,0.5,1.0,0.3333333333333333,3,9,3,3,0.4176168441772461,0.6986615657806396,0.35
6018,True,yes_no,1.0,Yes,Yes,0.6,1.0,0.42857142857142855,3,7,3,3,0.3522091507911682,0.8213105201721191,0.35
6019,False,yes_no,1.0,Yes,No,0.8571428571428571,1.0,0.75,6,8,6,6,0.3380126953125,0.8681079149246216,0.35
6020,True,exact,1.0,Quail eggs,Quail eggs,0.5454545454545454,1.0,0.375,3,8,3,3,0.4597311317920685,0.770635724067688,0.35
6021,False,exact,0.3,Quail eggs,Chicken eggs,0.5454545454545454,1.0,0.375,3,8,3,3,0.43744340538978577,0.7928386926651001,0.35
6022,True,exact,0.7,Happy Easter!,"""Happy Easter""",0.4,1.0,0.25,2,8,2,2,0.35461848974227905,0.862342357635498,0.35
6023,True,exact,0.7,"B) ""Happy Easter!""","""Happy Easter!""",0.4,1.0,0.25,2,8,2,2,0.35440629720687866,0.6859255433082581,0.35
6024,True,yes_no,1.0,Yes,Yes,0.4615384615384615,1.0,0.3,3,10,3,3,0.4060346782207489,0.7543286681175232,0.35
6025,False,yes_no,1.0,Yes,No,0.4615384615384615,1.0,0.3,3,10,3,3,0.4231928288936615,0.6762203574180603,0.35
6026,True,yes_no,1.0,Yes,Yes,0.4615384615384615,1.0,0.3,3,10,3,3,0.39827871322631836,0.690392017364502,0.35
6027,False,yes_no,1.0,Yes,No,0.6,1.0,0.42857142857142855,3,7,3,3,0.41307729482650757,0.7897114157676697,0.35
6028,True,exact,1.0,Red,Red,0.5454545454545454,1.0,0.375,3,8,3,3,0.5522801876068115,0.7979372143745422,0.35
6029,True,exact,1.0,Yellow,Yellow,0.5454545454545454,1.0,0.375,3,8,3,3,0.5308945178985596,0.8127540946006775,0.35
6030,True,yes_no,1.0,Yes,Yes,0.36363636363636365,0.6666666666666666,0.25,3,8,2,2,0.42830386757850647,0.7267464995384216,0.35
6031,True,yes_no,1.0,No,No,0.5,1.0,0.3333333333333333,3,9,3,3,0.46912992000579834,0.9729198813438416,0.35
6032,False,exact,1.0,Fingers,Palm,0.4615384615384615,1.0,0.3,3,10,3,3,0.4852360486984253,0.7604716420173645,0.35
6033,False,exact,1.0,Palm,Fingers,0.33333333333333337,1.0,0.2,2,10,2,2,0.4657631814479828,0.7310411930084229,0.35
6034,False,yes_no,1.0,No,Yes,0.6666666666666666,1.0,0.5,4,8,4,4,0.2745455503463745,0.8106600046157837,0.35
6035,True,yes_no,1.0,No,No,0.5,1.0,0.3333333333333333,3,9,3,3,0.385381281375885,0.7559902667999268,0.35
6036,False,yes_no,1.0,No,Yes,0.36363636363636365,0.6666666666666666,0.25,3,8,2,2,0.27550849318504333,0.6821296811103821,0.35
6037,False,yes_no,1.0,Yes,No,0.4,1.0,0.25,2,8,2,2,0.34416818618774414,0.6538892388343811,0.35
6038,False,exact,0.3,Standing up,Flat,0.4615384615384615,1.0,0.3,3,10,3,3,0.3863125145435333,0.7977601885795593,0.35
6039,False,exact,0.3,Flat,Standing up,0.4444444444444445,1.0,0.2857142857142857,2,7,2,2,0.4291852116584778,0.6601470708847046,0.35
6040,False,exact,1.0,Toward,Towards,0.30769230769230765,0.5,0.2222222222222222,4,9,2,2,0.2071167379617691,0.5449659824371338,0.35
6041,False,exact,0.3,Toward,Away from,0.2857142857142857,1.0,0.16666666666666666,2,12,2,2,0.33141520619392395,0.6048253774642944,0.35
6042,True,yes_no,1.0,Yes,Yes,0.6153846153846153,1.0,0.4444444444444444,4,9,4,4,0.32647430896759033,0.6936519742012024,0.35
6043,True,yes_no,1.0,No,No,0.5454545454545454,1.0,0.375,3,8,3,3,0.30804261565208435,0.7798423767089844,0.35
6044,True,yes_no,1.0,Yes,Yes,0.5454545454545454,1.0,0.375,3,8,3,3,0.4452933073043823,0.8496912717819214,0.35
6045,False,yes_no,1.0,Yes,No,0.4615384615384615,1.0,0.3,3,10,3,3,0.4274533987045288,0.7456766366958618,0.35
6046,False,yes_no,1.0,No,Yes,0.30769230769230765,0.6666666666666666,0.2,3,10,2,2,0.37547868490219116,0.7133586406707764,0.35
6047,True,yes_no,1.0,No,No,0.4615384615384615,1.0,0.3,3,10,3,3,0.4269709289073944,0.882692277431488,0.35
6048,True,yes_no,1.0,Yes,Yes,0.4444444444444445,1.0,0.2857142857142857,2,7,2,2,0.46636703610420227,0.8405920267105103,0.35
6049,False,yes_no,1.0,Yes,No,0.6153846153846153,1.0,0.4444444444444444,4,9,4,4,0.35612741112709045,0.7216349840164185,0.35
6050,False,yes_no,1.0,No,Yes,0.4615384615384615,1.0,0.3,3,10,3,3,0.4073783755302429,0.6677759885787964,0.35
6051,True,yes_no,1.0,No,No,0.6,1.0,0.42857142857142855,3,7,3,3,0.48843932151794434,0.6983699202537537,0.35
6052,False,yes_no,1.0,No,Yes,0.3636363636363636,1.0,0.2222222222222222,2,9,2,2,0.4157029390335083,0.722115695476532,0.35
6053,False,yes_no,1.0,Yes,No,0.6666666666666666,1.0,0.5,3,6,3,3,0.4050655663013458,0.9102303385734558,0.35
6054,False,exact,0.3,Light blue,Dark blue,0.5,1.0,0.3333333333333333,2,6,2,2,0.404572993516922,0.666531503200531,0.35
6055,True,exact,1.0,Light blue,Light blue,0.3636363636363636,1.0,0.2222222222222222,2,9,2,2,0.4397488832473755,0.7201486825942993,0.35
6056,False,exact,1.0,Back,Front,0.33333333333333337,1.0,0.2,2,10,2,2,0.21724283695220947,0.43481001257896423,0.35
6057,True,exact,1.0,Back,Back,0.5,1.0,0.3333333333333333,3,9,3,3,0.301458477973938,0.7204201817512512,0.35
6058,False,yes_no,1.0,No,Yes,0.6153846153846153,1.0,0.4444444444444444,4,9,4,4,0.5467450618743896,0.7435770630836487,0.35
6059,True,yes_no,1.0,No,No,0.6666666666666666,1.0,0.5,4,8,4,4,0.423003613948822,0.6791841387748718,0.35
6060,False,exact,0.3,One on top of the other,Side by side,0.5454545454545454,1.0,0.375,3,8,3,3,0.4494132101535797,0.7039081454277039,0.35
6061,False,exact,0.3,Side by side,One on top of the other,0.5,1.0,0.3333333333333333,3,9,3,3,0.49765849113464355,0.8020162582397461,0.35
6062,True,exact,1.0,Above,Above,0.3333333333333333,0.6666666666666666,0.2222222222222222,3,9,2,2,0.2151770442724228,0.5516590476036072,0.35
6063,False,exact,0.3,Above,From the side,0.42857142857142855,1.0,0.2727272727272727,3,11,3,3,0.3883824050426483,0.8299526572227478,0.35
6064,False,exact,1.0,Right,Left,0.4,1.0,0.25,2,8,2,2,0.5209333896636963,0.862143874168396,0.35
6065,True,exact,1.0,Right,Right,0.4,1.0,0.25,2,8,2,2,0.3696961998939514,0.8169772028923035,0.35
6066,True,exact,1.0,Standing,Standing,0.33333333333333337,1.0,0.2,2,10,2,2,0.2710217535495758,0.7088115811347961,0.35
6067,True,exact,1.0,Sitting,Sitting,0.4615384615384615,1.0,0.3,3,10,3,3,0.3418256938457489,0.7677994966506958,0.35
6068,True,yes_no,1.0,Yes,Yes,0.5454545454545454,1.0,0.375,3,8,3,3,0.3964737355709076,0.77898770570755,0.35
6069,False,yes_no,1.0,Yes,No,0.5714285714285715,1.0,0.4,4,10,4,4,0.34262505173683167,0.7025057673454285,0.35
6070,True,exact,1.0,Strawberries,Strawberries,0.3636363636363636,1.0,0.2222222222222222,2,9,2,2,0.5063336491584778,0.824550211429596,0.35
6071,False,exact,1.0,Strawberries,Cream,0.33333333333333337,1.0,0.2,2,10,2,2,0.4512642025947571,0.8349326252937317,0.35
6072,False,exact,1.0,Glass,Mug,0.5454545454545454,1.0,0.375,3,8,3,3,0.3521411418914795,0.7265501618385315,0.35
6073,True,exact,1.0,Glass,Glass,0.5,1.0,0.3333333333333333,3,9,3,3,0.3004637360572815,0.6910181641578674,0.35
6074,False,exact,0.3,Snowman,Santa Claus,0.5,1.0,0.3333333333333333,3,9,3,3,0.3156653642654419,0.7613146901130676,0.35
6075,True,exact,1.0,Snowman,Snowman,0.16666666666666669,0.5,0.1,2,10,1,1,0.27607929706573486,0.46035832166671753,0.35
6076,False,yes_no,1.0,No,Yes,0.5,1.0,0.3333333333333333,3,9,3,3,0.4495953321456909,0.7327762842178345,0.35
6077,False,yes_no,1.0,Yes,No,0.4615384615384615,1.0,0.3,3,10,3,3,0.527477502822876,0.7451438307762146,0.35
6078,True,exact,1.0,There is one inside,There is one inside,0.4,1.0,0.25,2,8,2,2,0.43687546253204346,0.7204111814498901,0.35
6079,True,exact,0.7,B) All are outside,All are outside,0.4615384615384615,1.0,0.3,3,10,3,3,0.44063037633895874,0.6900051236152649,0.35
6080,False,exact,1.0,Right,Left,0.4615384615384615,1.0,0.3,3,10,3,3,0.3773044943809509,0.7599211931228638,0.35
6081,False,exact,1.0,Left,Right,0.5,1.0,0.3333333333333333,3,9,3,3,0.4160732924938202,0.7382084727287292,0.35
6082,True,exact,1.0,Black,Black,0.5454545454545454,1.0,0.375,3,8,3,3,0.4069720208644867,0.5760805010795593,0.35
6083,True,exact,1.0,White,White,0.5454545454545454,1.0,0.375,3,8,3,3,0.39033380150794983,0.6574389934539795,0.35
6084,True,exact,1.0,Slice,Slice,0.4615384615384615,1.0,0.3,3,10,3,3,0.39781829714775085,0.6404882073402405,0.35
6085,False,exact,1.0,Slice,Whole,0.5,1.0,0.3333333333333333,3,9,3,3,0.3064066171646118,0.6062932014465332,0.35
6086,True,exact,1.0,Tied,Tied,0.4615384615384615,1.0,0.3,3,10,3,3,0.47827520966529846,0.6638158559799194,0.35
6087,False,exact,1.0,Tied,Untied,0.5,1.0,0.3333333333333333,3,9,3,3,0.3882470726966858,0.7057355046272278,0.35
6088,False,exact,0.3,In profile,Facing forward,0.3636363636363636,1.0,0.2222222222222222,2,9,2,2,0.3360731303691864,0.7277884483337402,0.35
6089,False,exact,0.3,Facing forward,In profile,0.4,1.0,0.25,2,8,2,2,0.3499339520931244,0.5732994675636292,0.35
6090,True,exact,1.0,Empty,Empty,0.3636363636363636,1.0,0.2222222222222222,2,9,2,2,0.4030679166316986,0.6828612089157104,0.35
6091,True,exact,0.7,B) A painting hanging on it,A painting hanging on it,0.3636363636363636,1.0,0.2222222222222222,2,9,2,2,0.36971768736839294,0.741653323173523,0.35
6092,True,exact,1.0,Shirt,Shirt,0.3636363636363636,1.0,0.2222222222222222,2,9,2,2,0.31779879331588745,0.6220666170120239,0.35
6093,True,exact,1.0,T-shirt,T-shirt,0.5,1.0,0.3333333333333333,3,9,3,3,0.31224045157432556,0.7673206925392151,0.35
6094,True,exact,1.0,Pumpkin Lights,Pumpkin Lights,0.5714285714285715,1.0,0.4,4,10,4,4,0.34036797285079956,0.7755731344223022,0.35
6095,True,exact,0.7,B) Bats,Bats,0.3636363636363636,1.0,0.2222222222222222,2,9,2,2,0.4354059100151062,0.7205905914306641,0.35
6096,True,exact,0.7,More than one,One,0.33333333333333337,1.0,0.2,2,10,2,2,0.3971458673477173,0.688107967376709,0.35
6097,True,exact,1.0,More than one,More than one,0.33333333333333337,1.0,0.2,2,10,2,2,0.37015676498413086,0.7119715809822083,0.35
6098,True,exact,0.7,A) SUGAR,SUGAR,0.4,1.0,0.25,2,8,2,2,0.42164814472198486,0.7777571082115173,0.35
6099,True,exact,0.7,B) UGA,UGA,0.4,1.0,0.25,2,8,2,2,0.3818991184234619,0.6529319286346436,0.35
6100,False,exact,1.0,Sitting,Standing,0.4615384615384615,1.0,0.3,3,10,3,3,0.2898469567298889,0.8394384384155273,0.35
6101,False,exact,1.0,Standing,Sitting,0.3636363636363636,1.0,0.2222222222222222,2,9,2,2,0.2729162275791168,0.7288063764572144,0.35
6102,True,yes_no,1.0,Yes,Yes,0.4,1.0,0.25,2,8,2,2,0.47900480031967163,0.7572919130325317,0.35
6103,True,yes_no,1.0,No,No,0.5454545454545454,1.0,0.375,3,8,3,3,0.38481616973876953,0.7172286510467529,0.35
6104,True,exact,1.0,Salmon fillet,Salmon fillet,0.33333333333333337,1.0,0.2,2,10,2,2,0.24295441806316376,0.5216671824455261,0.35
6105,False,exact,0.3,Salmon fillet,Salmon steak,0.4,1.0,0.25,2,8,2,2,0.28129833936691284,0.5200742483139038,0.35
6106,True,yes_no,1.0,Yes,Yes,0.5454545454545454,1.0,0.375,3,8,3,3,0.43798068165779114,0.8527520895004272,0.35
6107,False,yes_no,1.0,Yes,No,0.3333333333333333,0.6666666666666666,0.2222222222222222,3,9,2,2,0.3602137863636017,0.6688928604125977,0.35
6108,True,exact,1.0,Placed on a surface,Placed on a surface,0.3636363636363636,1.0,0.2222222222222222,2,9,2,2,0.3892998993396759,0.6513752937316895,0.35
6109,False,exact,0.3,Placed on a surface,Held by hand,0.4444444444444445,1.0,0.2857142857142857,2,7,2,2,0.38114944100379944,0.6663506627082825,0.35
6110,True,exact,1.0,Correct,Correct,0.6,0.75,0.5,4,6,3,3,0.4291639029979706,0.829120397567749,0.35
6111,False,exact,1.0,Correct,Incorrect,0.7142857142857143,1.0,0.5555555555555556,5,9,5,5,0.5680798292160034,0.7978383898735046,0.35
6112,True,yes_no,1.0,Yes,Yes,0.6666666666666666,1.0,0.5,3,6,3,3,0.37961968779563904,0.7858849763870239,0.35
6113,False,yes_no,1.0,Yes,No,0.36363636363636365,0.6666666666666666,0.25,3,8,2,2,0.3117516040802002,0.5397778749465942,0.35
6114,False,exact,1.0,Right,Left,0.3636363636363636,1.0,0.2222222222222222,2,9,2,2,0.36524373292922974,0.6315564513206482,0.35
6115,True,exact,1.0,Right,Right,0.3636363636363636,1.0,0.2222222222222222,2,9,2,2,0.3602653443813324,0.6610531210899353,0.35
6116,False,exact,1.0,Dark-colored,White,0.5454545454545454,1.0,0.375,3,8,3,3,0.44307422637939453,0.7929376363754272,0.35
6117,True,exact,1.0,Dark-colored,Dark-colored,0.5,1.0,0.3333333333333333,3,9,3,3,0.48414915800094604,0.8814494013786316,0.35
6118,True,yes_no,1.0,Yes,Yes,0.33333333333333337,1.0,0.2,2,10,2,2,0.5215541124343872,0.8332509994506836,0.35
6119,True,yes_no,1.0,No,No,0.4,1.0,0.25,2,8,2,2,0.31364724040031433,0.6107314229011536,0.35
6120,False,exact,0.3,B) Most of the background is dark and cloudy,Light shining through the clouds from the upper right corner,0.4615384615384615,1.0,0.3,3,10,3,3,0.3202565610408783,0.6905043125152588,0.35
6121,True,exact,1.0,Most of the background is dark and cloudy,Most of the background is dark and cloudy,0.4615384615384615,1.0,0.3,3,10,3,3,0.40130558609962463,0.6961983442306519,0.35
6122,False,numeric_mismatch,0.0,0.5,-0.2622392273615901,0.42857142857142855,1.0,0.2727272727272727,3,11,3,3,0.3396186828613281,0.7610747814178467,0.35
6123,True,yes_no,1.0,No,No,0.4,1.0,0.25,2,8,2,2,0.3622458577156067,0.7489814162254333,0.35
6124,False,yes_no,1.0,Yes,No,0.5714285714285715,1.0,0.4,4,10,4,4,0.4651424288749695,0.7714183330535889,0.35
6125,True,exact,0.7,The legend appears at the bottom right corner of the graph.,bottom right,0.16666666666666669,0.5,0.1,2,10,1,1,0.3090934157371521,0.7644962072372437,0.35
6126,True,yes_no,1.0,No,No,0.3636363636363636,1.0,0.2222222222222222,2,9,2,2,0.3015623986721039,0.7178851962089539,0.35
6127,True,yes_no,1.0,Yes,Yes,0.4444444444444444,0.6666666666666666,0.3333333333333333,3,6,2,2,0.38185831904411316,0.691199004650116,0.35
6128,True,exact,0.7,bottom right corner,bottom right,0.16666666666666669,0.5,0.1,2,10,1,1,0.3274216949939728,0.6887680888175964,0.35
6129,True,exact,1.0,Imports,Imports,0.42857142857142855,1.0,0.2727272727272727,3,11,3,3,0.430387943983078,0.850445032119751,0.35
6130,False,numeric_mismatch,0.0,9,10.592514038086009,0.2857142857142857,1.0,0.16666666666666666,2,12,2,2,0.3204423487186432,0.5589669346809387,0.35
6131,True,yes_no,1.0,No,No,0.30769230769230765,0.5,0.2222222222222222,4,9,2,2,0.2048598974943161,0.6701983213424683,0.35
6132,True,numeric_exact,1.0,4,4,0.5,1.0,0.3333333333333333,2,6,2,2,0.5500173568725586,0.831315279006958,0.35
6133,False,exact,1.0,Three,3,0.4444444444444445,1.0,0.2857142857142857,2,7,2,2,0.2847387194633484,0.6308391094207764,0.35
6134,True,exact,1.0,Year,Year,0.28571428571428575,0.5,0.2,2,5,1,1,0.190082848072052,0.5526288151741028,0.35
6135,True,yes_no,1.0,No,No,0.5,1.0,0.3333333333333333,3,9,3,3,0.37318599224090576,0.7519139051437378,0.35
6136,True,numeric_exact,1.0,2007,2007,0.42857142857142855,1.0,0.2727272727272727,3,11,3,3,0.40812692046165466,0.711870014667511,0.35
6137,False,numeric_mismatch,0.0,3600000,35600000,0.19999999999999998,1.0,0.1111111111111111,2,18,2,2,0.33487454056739807,0.4706631898880005,0.35
6138,True,exact,1.0,% of female youth population,% of female youth population,0.5714285714285715,1.0,0.4,2,5,2,2,0.5086571574211121,0.6253796219825745,0.35
6139,False,exact,1.0,vertically,vertical,0.2666666666666667,1.0,0.15384615384615385,2,13,2,2,0.324400931596756,0.700975239276886,0.35
6140,True,numeric_exact,1.0,0,0,0.5454545454545454,0.75,0.42857142857142855,4,7,3,3,0.25741106271743774,0.5719407200813293,0.35
6141,True,yes_no,1.0,No,No,0.5454545454545454,1.0,0.375,3,8,3,3,0.2394123524427414,0.49986281991004944,0.35
6142,True,yes_no,1.0,No,No,0.3333333333333333,0.6666666666666666,0.2222222222222222,3,9,2,2,0.28529104590415955,0.782098114490509,0.35
6143,True,exact,1.0,Nicaragua,Nicaragua,0.5454545454545454,1.0,0.375,3,8,3,3,0.3813319206237793,0.7644068002700806,0.35
6144,True,exact,1.0,Total Vulnerable employment (% of total employment),Total Vulnerable employment (% of total employment),0.33333333333333337,1.0,0.2,1,5,1,1,0.4678398668766022,0.5831655263900757,0.35
6145,True,yes_no,1.0,No,No,0.6666666666666666,1.0,0.5,3,6,3,3,0.5412067770957947,0.8118143081665039,0.35
6146,True,numeric_exact,1.0,20,20.0,0.5454545454545454,1.0,0.375,3,8,3,3,0.42153462767601013,0.804731547832489,0.35
6147,True,numeric_rounded,0.95,1,1.0142276575626943,0.39999999999999997,0.75,0.2727272727272727,4,11,3,3,0.29917505383491516,0.7498229146003723,0.35
6148,True,exact,1.0,Argentina,Argentina,0.3157894736842105,1.0,0.1875,3,16,3,3,0.33021101355552673,0.8015361428260803,0.35
6149,True,exact,1.0,Electricity production(% of total),Electricity production(% of total),0.8,1.0,0.6666666666666666,4,6,4,4,0.4552244246006012,0.7286455035209656,0.35
6150,True,numeric_exact,1.0,5,5.0,0.4444444444444445,1.0,0.2857142857142857,2,7,2,2,0.45019787549972534,0.7614185214042664,0.35
6151,True,exact,1.0,Long-term female unemployment in Finland,Long-term female unemployment in Finland,0.2857142857142857,1.0,0.16666666666666666,1,6,1,1,0.3699831962585449,0.7819153666496277,0.35
6152,True,numeric_exact,1.0,4,4,0.5,1.0,0.3333333333333333,2,6,2,2,0.29599472880363464,0.5811570882797241,0.35
6153,True,yes_no,1.0,Yes,Yes,0.47619047619047616,1.0,0.3125,5,16,5,5,0.39142918586730957,0.7945312857627869,0.35
6154,False,numeric_mismatch,0.0,240,-8,0.3333333333333333,0.75,0.21428571428571427,4,14,3,3,0.2525894343852997,0.6293179392814636,0.35
6155,True,numeric_exact,1.0,5,5,0.4,1.0,0.25,2,8,2,2,0.4002397656440735,0.7395846247673035,0.35
6156,True,exact,0.7,bottom right corner,bottom right,0.25,0.5,0.16666666666666666,2,6,1,1,0.3768167495727539,0.6226319670677185,0.35
6157,True,numeric_exact,1.0,4,4,0.4444444444444445,1.0,0.2857142857142857,2,7,2,2,0.26719844341278076,0.6060571670532227,0.35
6158,True,yes_no,1.0,No,No,0.2857142857142857,1.0,0.16666666666666666,2,12,2,2,0.40674838423728943,0.8029645085334778,0.35
6159,True,yes_no,1.0,No,No,0.4,1.0,0.25,2,8,2,2,0.365494966506958,0.7537930607795715,0.35
6160,True,numeric_exact,1.0,3,3,0.5,1.0,0.3333333333333333,3,9,3,3,0.2537885904312134,0.6763984560966492,0.35
6161,True,yes_no,1.0,No,No,0.4444444444444445,1.0,0.2857142857142857,2,7,2,2,0.42799487709999084,0.7827604413032532,0.35
6162,True,numeric_exact,1.0,20,20.0,0.4444444444444445,1.0,0.2857142857142857,2,7,2,2,0.4353621006011963,0.7110984325408936,0.35
6163,True,numeric_exact,1.0,6,6,0.4444444444444445,1.0,0.2857142857142857,2,7,2,2,0.4961978793144226,0.9082232713699341,0.35
6164,True,yes_no,1.0,No,No,0.3333333333333333,0.6666666666666666,0.2222222222222222,3,9,2,2,0.2798881232738495,0.7992373704910278,0.35
6165,False,numeric_mismatch,0.0,0.69,-0.697559978370667,0.4615384615384615,1.0,0.3,3,10,3,3,0.291858047246933,0.695959746837616,0.35
6166,True,exact,1.0,Revenue generated (as % of GDP),Revenue generated (as % of GDP),0.7499999999999999,1.0,0.6,3,5,3,3,0.49383994936943054,0.5899962782859802,0.35
6167,True,exact,1.0,Percentage of repeaters (males) in all grades of primary education,Percentage of repeaters (males) in all grades of primary education,0.25,0.5,0.16666666666666666,2,6,1,1,0.36038389801979065,0.7445610761642456,0.35
6168,False,numeric_mismatch,0.0,6430,64275.176,0.3636363636363636,1.0,0.2222222222222222,2,9,2,2,0.43869367241859436,0.7497118711471558,0.35
6169,True,yes_no,1.0,No,No,0.33333333333333337,1.0,0.2,2,10,2,2,0.39310771226882935,0.8088914752006531,0.35
6170,True,numeric_exact,1.0,6,6,0.3636363636363636,1.0,0.2222222222222222,2,9,2,2,0.345995157957077,0.5361173152923584,0.35
6171,True,exact,1.0,Value added (% of GDP),Value added (% of GDP),0.25,1.0,0.14285714285714285,1,7,1,1,0.4585181772708893,0.6302803158760071,0.35
6172,True,exact,1.0,Total Labor Force (in %),Total Labor Force (in %),0.2857142857142857,1.0,0.16666666666666666,1,6,1,1,0.3808676302433014,0.49678751826286316,0.35
6173,True,numeric_exact,1.0,2,2,0.4615384615384615,1.0,0.3,3,10,3,3,0.5566518902778625,0.8717015981674194,0.35
6174,True,numeric_exact,1.0,4,4,0.5,1.0,0.3333333333333333,2,6,2,2,0.29561227560043335,0.5908986330032349,0.35
6175,True,exact,1.0,Liability (% of GDP),Liability (% of GDP),0.25,1.0,0.14285714285714285,1,7,1,1,0.41307729482650757,0.6411676406860352,0.35
6176,True,yes_no,1.0,Yes,Yes,0.33333333333333337,1.0,0.2,3,15,3,3,0.3515729606151581,0.714262068271637,0.35
6177,True,yes_no,1.0,No,No,0.5,1.0,0.3333333333333333,4,12,4,4,0.5183418393135071,0.813636302947998,0.35
6178,True,numeric_exact,1.0,0,0,0.26666666666666666,0.6666666666666666,0.16666666666666666,3,12,2,2,0.25825297832489014,0.6504954099655151,0.35
6179,True,yes_no,1.0,No,No,0.5,1.0,0.3333333333333333,3,9,3,3,0.34618377685546875,0.9325129389762878,0.35
6180,True,numeric_exact,1.0,Emissions (in thousand metric tons of CO2 equivalent).,Emissions (in thousand metric tons of CO2 equivalent),0.6,1.0,0.42857142857142855,3,7,3,3,0.46817320585250854,0.7620144486427307,0.35
6181,True,numeric_rounded,0.9,500,501,0.33333333333333337,1.0,0.2,2,10,2,2,0.3246232867240906,0.8717977404594421,0.35
6182,True,numeric_exact,1.0,2.5,2.5,0.4,1.0,0.25,2,8,2,2,0.39418697357177734,0.6764809489250183,0.35
6183,True,yes_no,1.0,Yes,Yes,0.6,1.0,0.42857142857142855,3,7,3,3,0.3768649995326996,0.6048272848129272,0.35
6184,True,numeric_exact,1.0,3,3,0.5,0.6666666666666666,0.4,3,5,2,2,0.3543289303779602,0.61158686876297,0.35
6185,True,numeric_exact,1.0,1,1.0,0.42857142857142855,1.0,0.2727272727272727,3,11,3,3,0.2890996038913727,0.7470800280570984,0.35
6186,True,yes_no,1.0,Yes,Yes,0.5,1.0,0.3333333333333333,5,15,5,5,0.3263709545135498,0.7306835055351257,0.35
6187,True,numeric_exact,1.0,4,4,0.5714285714285715,1.0,0.4,2,5,2,2,0.49129828810691833,0.8330431580543518,0.35
6188,False,numeric_mismatch,0.0,3000,2336.75,0.5454545454545454,1.0,0.375,3,8,3,3,0.38950881361961365,0.6468331813812256,0.35
6189,True,yes_no,1.0,No,No,0.5454545454545454,1.0,0.375,3,8,3,3,0.33228978514671326,0.7117248773574829,0.35
6190,True,exact,1.0,Percentage of male labor force with tertiary education as their highest grade,Percentage of male labor force with tertiary education as their highest grade,0.5,1.0,0.3333333333333333,2,6,2,2,0.333546906709671,0.7996113896369934,0.35
6191,False,numeric_mismatch,0.0,60,-59.99866249281175,0.5333333333333333,1.0,0.36363636363636365,4,11,4,4,0.3047168552875519,0.6866523027420044,0.35
6192,True,numeric_exact,1.0,15,15,0.2,0.3333333333333333,0.14285714285714285,3,7,1,1,0.25900453329086304,0.5610412955284119,0.35
6193,True,numeric_exact,1.0,3,3,0.5454545454545454,1.0,0.375,3,8,3,3,0.41728439927101135,0.8429750204086304,0.35
6194,True,yes_no,1.0,Yes,Yes,0.5714285714285715,1.0,0.4,4,10,4,4,0.4684736132621765,0.8705936074256897,0.35
6195,True,numeric_exact,1.0,3,3,0.4,1.0,0.25,3,12,3,3,0.28127190470695496,0.707046627998352,0.35
6196,False,exact,1.0,Cuba,5.88799,0.4444444444444445,1.0,0.2857142857142857,2,7,2,2,0.49891677498817444,0.717911958694458,0.35
6197,True,exact,1.0,Net Official DA received by a country,Net Official DA received by a country,0.2857142857142857,1.0,0.16666666666666666,1,6,1,1,0.3947557210922241,0.605903148651123,0.35
6198,True,numeric_rounded,0.95,0.2%,0.20000000000000284,0.6666666666666666,1.0,0.5,4,8,4,4,0.26770448684692383,0.577488124370575,0.35
6199,True,yes_no,1.0,No,No,0.3076923076923077,1.0,0.18181818181818182,2,11,2,2,0.2911040782928467,0.8079176545143127,0.35
6200,True,exact,1.0,Macao,Macao,0.3076923076923077,1.0,0.18181818181818182,2,11,2,2,0.34056997299194336,0.6935307383537292,0.35
6201,True,numeric_rounded,0.95,1.63,1.654,0.3076923076923077,1.0,0.18181818181818182,2,11,2,2,0.3466740846633911,0.6377853155136108,0.35
6202,True,yes_no,1.0,No,No,0.4210526315789474,1.0,0.26666666666666666,4,15,4,4,0.3642014265060425,0.703231692314148,0.35
6203,True,exact,1.0,Insurance provided to residents by nonresident insurance enterprises outside Belgium,Insurance provided to residents by nonresident insurance enterprises outside Belgium,0.25,0.5,0.16666666666666666,2,6,1,1,0.30419328808784485,0.6343380808830261,0.35
6204,True,yes_no,1.0,No,No,0.5,1.0,0.3333333333333333,5,15,5,5,0.23913516104221344,0.9335814714431763,0.35
6205,True,yes_no,1.0,No,No,0.4,1.0,0.25,2,8,2,2,0.4855429232120514,0.8622386455535889,0.35
6206,True,yes_no,1.0,No,No,0.3636363636363636,1.0,0.2222222222222222,2,9,2,2,0.3863762319087982,0.7313826680183411,0.35
6207,True,exact,1.0,St. Vincent and the Grenadines,St. Vincent and the Grenadines,0.4615384615384615,1.0,0.3,3,10,3,3,0.2987552285194397,0.5688990354537964,0.35
6208,True,numeric_exact,1.0,4,4,0.4444444444444445,1.0,0.2857142857142857,2,7,2,2,0.5335845947265625,0.726373553276062,0.35
6209,False,yes_no,1.0,No,Yes,0.6666666666666666,1.0,0.5,3,6,3,3,0.4077238440513611,0.6862291097640991,0.35
6210,True,yes_no,1.0,No,No,0.5714285714285715,1.0,0.4,6,15,6,6,0.3412957191467285,0.7606335878372192,0.35
6211,True,numeric_exact,1.0,4,4,0.4444444444444445,1.0,0.2857142857142857,2,7,2,2,0.3040476143360138,0.586383581161499,0.35
6212,True,yes_no,1.0,No,No,0.4615384615384615,1.0,0.3,3,10,3,3,0.5350623726844788,0.9143020510673523,0.35
6213,True,yes_no,1.0,Yes,Yes,0.6,1.0,0.42857142857142855,3,7,3,3,0.4172496795654297,0.6580058932304382,0.35
6214,True,exact,1.0,Japan,Japan,0.6153846153846153,1.0,0.4444444444444444,4,9,4,4,0.29950055480003357,0.7895675897598267,0.35
6215,False,numeric_mismatch,0.0,0,9210000.0,0.46153846153846156,0.75,0.3333333333333333,4,9,3,3,0.2838386595249176,0.8280289769172668,0.35
6216,True,numeric_exact,1.0,20,20.0,0.4,1.0,0.25,2,8,2,2,0.48332422971725464,0.7788473963737488,0.35
6217,True,numeric_exact,1.0,5,5,0.4444444444444445,1.0,0.2857142857142857,2,7,2,2,0.40068939328193665,0.7202681303024292,0.35
6218,False,numeric_mismatch,0.0,1.21,0.9840241663763087,0.5000000000000001,0.8,0.36363636363636365,5,11,4,4,0.26693373918533325,0.826845109462738,0.35
6219,True,exact,1.0,Portugal,Portugal,0.3636363636363636,1.0,0.2222222222222222,2,9,2,2,0.46173879504203796,0.8134557604789734,0.35
6220,False,numeric_mismatch,0.0,3800,3168.288,0.6666666666666666,1.0,0.5,4,8,4,4,0.35652199387550354,0.7963874340057373,0.35
6221,True,yes_no,1.0,No,No,0.4444444444444445,1.0,0.2857142857142857,2,7,2,2,0.4510055482387543,0.772028923034668,0.35
6222,True,yes_no,1.0,No,No,0.6666666666666666,1.0,0.5,6,12,6,6,0.35814735293388367,0.7201052904129028,0.35
6223,True,numeric_rounded,0.9,180,186.4,0.4615384615384615,1.0,0.3,3,10,3,3,0.3065776526927948,0.6942541003227234,0.35
6224,True,numeric_exact,1.0,4,4,0.5714285714285715,1.0,0.4,2,5,2,2,0.48102647066116333,0.747647225856781,0.35
6225,False,numeric_mismatch,0.0,0,3,0.7272727272727273,1.0,0.5714285714285714,4,7,4,4,0.4488303065299988,0.8137737512588501,0.35
6226,True,exact,1.0,Year,Year,0.4444444444444445,1.0,0.2857142857142857,2,7,2,2,0.4066229462623596,0.6033644080162048,0.35
6227,False,yes_no,1.0,No,Yes,0.22222222222222224,0.5,0.14285714285714285,2,7,1,1,0.3663623034954071,0.8984778523445129,0.35
6228,True,exact,0.7,The legend appears at the bottom right corner of the graph.,bottom right,0.4444444444444445,1.0,0.2857142857142857,2,7,2,2,0.44872716069221497,0.8488841652870178,0.35
6229,False,exact,1.0,vertically,horizontal,0.5,1.0,0.3333333333333333,2,6,2,2,0.48975232243537903,0.9257104992866516,0.35
6230,True,yes_no,1.0,Yes,Yes,0.5,1.0,0.3333333333333333,2,6,2,2,0.46202293038368225,0.7188523411750793,0.35
6231,True,yes_no,1.0,Yes,Yes,0.4444444444444445,1.0,0.2857142857142857,2,7,2,2,0.4183666408061981,0.6368215084075928,0.35
6232,True,numeric_exact,1.0,3,3,0.4444444444444445,1.0,0.2857142857142857,2,7,2,2,0.4032604396343231,0.6964465379714966,0.35
6233,True,numeric_exact,1.0,4,4,0.5,1.0,0.3333333333333333,4,12,4,4,0.4179094731807709,0.7959232330322266,0.35
6234,True,numeric_rounded,0.9,38%,37.899998664856,0.7272727272727273,1.0,0.5714285714285714,4,7,4,4,0.36359211802482605,0.8908311128616333,0.35
6235,True,yes_no,1.0,No,No,0.4,1.0,0.25,2,8,2,2,0.5005120635032654,0.8410930037498474,0.35
6236,True,yes_no,1.0,Yes,Yes,0.36363636363636365,0.6666666666666666,0.25,3,8,2,2,0.36348795890808105,0.8723788261413574,0.35
6237,True,exact,1.0,Value added (in %),Value added (in %),0.6,1.0,0.42857142857142855,3,7,3,3,0.5227935314178467,0.7191922068595886,0.35
6238,True,yes_no,1.0,Yes,Yes,0.625,1.0,0.45454545454545453,5,11,5,5,0.33809149265289307,0.7466579079627991,0.35
6239,False,numeric_mismatch,0.0,1000000,21130000.0,0.6,1.0,0.42857142857142855,3,7,3,3,0.40451595187187195,0.8061120510101318,0.35
6240,True,numeric_exact,1.0,0,0,0.25,0.5,0.16666666666666666,4,12,2,2,0.17313897609710693,0.8620814681053162,0.35
6241,True,yes_no,1.0,Yes,Yes,0.6666666666666666,1.0,0.5,4,8,4,4,0.3513520359992981,0.8356493711471558,0.35
6242,True,yes_no,1.0,Yes,Yes,0.4444444444444445,1.0,0.2857142857142857,2,7,2,2,0.29082196950912476,0.6780301928520203,0.35
6243,True,yes_no,1.0,No,No,0.4,1.0,0.25,3,12,3,3,0.32137787342071533,0.836535632610321,0.35
6244,True,exact,1.0,Country,Country,0.4444444444444445,1.0,0.2857142857142857,2,7,2,2,0.5654503107070923,0.8308913111686707,0.35
6245,True,numeric_rounded,0.85,136,157.20000000000002,0.28571428571428575,0.5,0.2,4,10,2,2,0.2763444781303406,0.9143702387809753,0.35
6246,True,yes_no,1.0,No,No,0.4,1.0,0.25,2,8,2,2,0.4892999529838562,0.8768832683563232,0.35
6247,True,numeric_rounded,0.95,1.1,1.1057547091850328,0.5,1.0,0.3333333333333333,4,12,4,4,0.31055518984794617,0.7749857902526855,0.35
6248,True,numeric_exact,1.0,4,4,0.5454545454545454,1.0,0.375,3,8,3,3,0.3949945867061615,0.7870048880577087,0.35
6249,True,yes_no,1.0,Yes,Yes,0.4,1.0,0.25,2,8,2,2,0.4312918782234192,0.7070034146308899,0.35
6250,True,numeric_exact,1.0,100%,100,0.5454545454545454,1.0,0.375,3,8,3,3,0.36096468567848206,0.843967080116272,0.35
6251,False,numeric_mismatch,0.0,36.8,21.871731487926127,0.4615384615384615,1.0,0.3,3,10,3,3,0.3997390568256378,0.8901700973510742,0.35
6252,True,numeric_exact,1.0,1960,1960,0.6666666666666666,1.0,0.5,4,8,4,4,0.38786637783050537,0.6553177237510681,0.35
6253,True,numeric_exact,1.0,0,0,0.5555555555555556,1.0,0.38461538461538464,5,13,5,5,0.3685064911842346,0.8545853495597839,0.35
6254,True,exact,0.7,The legend appears in the top right corner of the graph.,top right,0.22222222222222224,0.5,0.14285714285714285,2,7,1,1,0.36074426770210266,0.8390516638755798,0.35
6255,True,yes_no,1.0,Yes,Yes,0.6666666666666666,1.0,0.5,5,10,5,5,0.39814960956573486,0.8761144280433655,0.35
6256,True,yes_no,1.0,No,No,0.36363636363636365,0.6666666666666666,0.25,3,8,2,2,0.371508926153183,0.8709716200828552,0.35
6257,True,yes_no,1.0,No,No,0.6,1.0,0.42857142857142855,3,7,3,3,0.37417203187942505,0.6535797119140625,0.35
6258,True,numeric_exact,1.0,2015,2015,0.42857142857142855,1.0,0.2727272727272727,3,11,3,3,0.40004271268844604,0.664679765701294,0.35
6259,True,numeric_exact,1.0,20,20.0,0.5,1.0,0.3333333333333333,2,6,2,2,0.5256829261779785,0.8766980171203613,0.35
6260,False,numeric_mismatch,0.0,19.0,15.3187999725342,0.36363636363636365,0.6666666666666666,0.25,3,8,2,2,0.2679409682750702,0.6916883587837219,0.35
6261,False,exact,1.0,vertically,horizontal,0.4,1.0,0.25,2,8,2,2,0.45495033264160156,0.6446819305419922,0.35
6262,True,numeric_rounded,0.95,1.28,1.293,0.33333333333333337,1.0,0.2,2,10,2,2,0.32385769486427307,0.6529815196990967,0.35
6263,True,yes_no,1.0,No,No,0.5,1.0,0.3333333333333333,2,6,2,2,0.26801642775535583,0.4207351803779602,0.35
6264,True,numeric_rounded,0.9,2004,2001,0.3636363636363636,1.0,0.2222222222222222,2,9,2,2,0.43989595770835876,0.8001295924186707,0.35
6265,True,yes_no,1.0,No,No,0.4444444444444445,1.0,0.2857142857142857,2,7,2,2,0.325778990983963,0.6600580215454102,0.35
6266,True,numeric_rounded,0.9,430,430.701,0.4615384615384615,1.0,0.3,3,10,3,3,0.28176501393318176,0.6750097870826721,0.35
6267,True,numeric_rounded,0.9,1962,1961,0.5714285714285715,1.0,0.4,4,10,4,4,0.3928094208240509,0.8929163217544556,0.35
6268,True,yes_no,1.0,Yes,Yes,0.5,1.0,0.3333333333333333,3,9,3,3,0.37541767954826355,0.7890175580978394,0.35
6269,True,numeric_exact,1.0,4,4,0.4,1.0,0.25,2,8,2,2,0.26663827896118164,0.6993473768234253,0.35
6270,False,exact,0.3,The legend appears in the top right corner of the graph.,center right,0.4444444444444445,1.0,0.2857142857142857,2,7,2,2,0.4390062689781189,0.8199566006660461,0.35
6271,False,numeric_mismatch,0.0,10000000000,5000000000.0,0.4,1.0,0.25,2,8,2,2,0.4517040252685547,0.8355969190597534,0.35
6272,True,exact,0.7,The legend appears at the bottom right corner of the graph.,bottom right,0.36363636363636365,0.6666666666666666,0.25,3,8,2,2,0.3677525818347931,0.6698329448699951,0.35
6273,True,numeric_exact,1.0,3,3,0.6153846153846153,1.0,0.4444444444444444,4,9,4,4,0.34446239471435547,0.7289440035820007,0.35
6274,True,numeric_rounded,0.9,76.8,75.425,0.33333333333333337,1.0,0.2,3,15,3,3,0.3697240948677063,0.699279248714447,0.35
6275,True,yes_no,1.0,Yes,Yes,0.42424242424242425,1.0,0.2692307692307692,7,26,7,7,0.42349305748939514,0.8519302606582642,0.35
6276,True,yes_no,1.0,Yes,Yes,0.6666666666666666,1.0,0.5,5,10,5,5,0.3033115565776825,0.8949937224388123,0.35
6277,True,yes_no,1.0,No,No,0.25,0.6666666666666666,0.15384615384615385,3,13,2,2,0.27937763929367065,0.889981210231781,0.35
6278,True,yes_no,1.0,Yes,Yes,0.39999999999999997,0.75,0.2727272727272727,4,11,3,3,0.35561659932136536,0.9237661957740784,0.35
6279,True,yes_no,1.0,No,No,0.5454545454545454,1.0,0.375,3,8,3,3,0.35954180359840393,0.7421193718910217,0.35
6280,True,numeric_rounded,0.9,68.9,69.12,0.6153846153846153,1.0,0.4444444444444444,4,9,4,4,0.3009069859981537,0.7534945011138916,0.35
6281,True,exact,1.0,Ecuador,Ecuador,0.36363636363636365,0.6666666666666666,0.25,3,8,2,2,0.33556923270225525,0.8485123515129089,0.35
6282,False,numeric_mismatch,0.0,23.08%,19.907421304194564,0.3076923076923077,1.0,0.18181818181818182,2,11,2,2,0.29119589924812317,0.7744957208633423,0.35
6283,True,numeric_exact,1.0,3,3,0.8571428571428571,1.0,0.75,3,4,3,3,0.39911940693855286,0.6797488331794739,0.35
6284,True,exact,0.7,bottom right corner,bottom right,0.4444444444444445,1.0,0.2857142857142857,2,7,2,2,0.3566731810569763,0.7064236998558044,0.35
6285,True,exact,1.0,Attending school,Attending school,0.4,1.0,0.25,2,8,2,2,0.29455339908599854,0.49999281764030457,0.35
6286,False,yes_no,1.0,Yes,No,0.42857142857142855,1.0,0.2727272727272727,3,11,3,3,0.3980698585510254,0.8574233651161194,0.35
6287,True,yes_no,1.0,Yes,Yes,0.5454545454545454,1.0,0.375,3,8,3,3,0.3356992304325104,0.8783388733863831,0.35
6288,False,numeric_mismatch,0.0,$2 billion,6162507000.0,0.30769230769230765,0.6666666666666666,0.2,3,10,2,2,0.23606440424919128,0.6878814697265625,0.35
6289,True,numeric_rounded,0.95,0.82,0.8298102216644502,0.3076923076923077,1.0,0.18181818181818182,2,11,2,2,0.35188186168670654,0.918658971786499,0.35
6290,True,yes_no,1.0,Yes,Yes,0.42857142857142855,1.0,0.2727272727272727,3,11,3,3,0.3834744989871979,0.8365356922149658,0.35
6291,False,numeric_mismatch,0.0,365,37,0.5454545454545454,1.0,0.375,3,8,3,3,0.3993297517299652,0.7962011694908142,0.35
6292,True,numeric_rounded,0.9,0.8%,0.8849951499301318,0.5454545454545454,1.0,0.375,3,8,3,3,0.3145137131214142,0.7256457209587097,0.35
6293,True,exact,1.0,Claims on central government,Claims on central government,0.0,0.0,0.0,1,5,0,0,0.2069249153137207,0.33214834332466125,0.35
6294,True,yes_no,1.0,No,No,0.4285714285714285,0.75,0.3,4,10,3,3,0.2582702934741974,0.7769385576248169,0.35
6295,False,numeric_mismatch,0.0,2,1,0.4,1.0,0.25,3,12,3,3,0.3716665208339691,0.8369542956352234,0.35
6296,False,numeric_mismatch,0.0,9836,87044.0,0.6153846153846153,1.0,0.4444444444444444,4,9,4,4,0.3202902674674988,0.7517832517623901,0.35
6297,True,numeric_exact,1.0,0,0,0.7272727272727273,1.0,0.5714285714285714,4,7,4,4,0.43637925386428833,0.8687205910682678,0.35
6298,True,numeric_exact,1.0,1,1.0,0.6,1.0,0.42857142857142855,3,7,3,3,0.3946259319782257,0.7741482257843018,0.35
6299,True,numeric_exact,1.0,3,3,0.6666666666666666,1.0,0.5,3,6,3,3,0.3765477240085602,0.5835903882980347,0.35
6300,True,numeric_exact,1.0,1,1.0,0.4615384615384615,1.0,0.3,3,10,3,3,0.32869213819503784,0.9143999218940735,0.35
6301,True,yes_no,1.0,No,No,0.2857142857142857,1.0,0.16666666666666666,2,12,2,2,0.377589613199234,0.8784871697425842,0.35
6302,True,numeric_exact,1.0,5,5,0.4,0.6666666666666666,0.2857142857142857,3,7,2,2,0.2794535458087921,0.6258773803710938,0.35
6303,True,yes_no,1.0,No,No,0.4444444444444444,0.6666666666666666,0.3333333333333333,3,6,2,2,0.3384239673614502,0.7460124492645264,0.35
6304,True,numeric_rounded,0.9,20.7,20.8,0.5454545454545454,1.0,0.375,3,8,3,3,0.29159316420555115,0.6209341287612915,0.35
6305,True,numeric_rounded,0.9,19,19.499999999999996,0.6153846153846153,1.0,0.4444444444444444,4,9,4,4,0.2762027680873871,0.7955965995788574,0.35
6306,True,numeric_rounded,0.9,17,17.0999984741211,0.5714285714285715,1.0,0.4,4,10,4,4,0.34979337453842163,0.6432584524154663,0.35
6307,True,yes_no,1.0,No,No,0.5454545454545454,1.0,0.375,3,8,3,3,0.40836572647094727,0.7358067631721497,0.35
6308,False,numeric_mismatch,0.0,2.3,1.8065727324738035,0.6153846153846153,1.0,0.4444444444444444,4,9,4,4,0.32925546169281006,0.8135614991188049,0.35
6309,True,yes_no,1.0,No,No,0.5,1.0,0.3333333333333333,2,6,2,2,0.4646872282028198,0.9469944834709167,0.35
6310,True,numeric_exact,1.0,2010,2010,0.3636363636363636,1.0,0.2222222222222222,2,9,2,2,0.3201049268245697,0.6356263756752014,0.35
6311,True,numeric_exact,1.0,4,4,0.5714285714285715,1.0,0.4,2,5,2,2,0.4407587945461273,0.74024897813797,0.35
6312,True,numeric_rounded,0.95,7.6,7.60417271157821,0.3636363636363636,1.0,0.2222222222222222,2,9,2,2,0.38875582814216614,0.8202027082443237,0.35
6313,True,yes_no,1.0,No,No,0.3636363636363636,1.0,0.2222222222222222,2,9,2,2,0.3471015393733978,0.6946345567703247,0.35
6314,True,yes_no,1.0,No,No,0.5454545454545454,1.0,0.375,3,8,3,3,0.36752021312713623,0.7221871614456177,0.35
6315,True,numeric_rounded,0.9,830,813.4840080522958,0.3636363636363636,1.0,0.2222222222222222,2,9,2,2,0.421009361743927,0.6822875142097473,0.35
6316,True,numeric_exact,1.0,2,2,0.4,1.0,0.25,2,8,2,2,0.43868017196655273,0.8067455887794495,0.35
6317,False,numeric_mismatch,0.0,"$54,000,000",534900000.0,0.35294117647058826,1.0,0.21428571428571427,3,14,3,3,0.3183242380619049,0.8694382905960083,0.35
6318,True,yes_no,1.0,Yes,Yes,0.6666666666666666,1.0,0.5,5,10,5,5,0.4302891194820404,0.8553996086120605,0.35
6319,True,numeric_rounded,0.95,10.1,10.0837333057325,0.6,1.0,0.42857142857142855,3,7,3,3,0.3406641483306885,0.7150734066963196,0.35
6320,False,numeric_mismatch,0.0,6,9,0.3636363636363636,1.0,0.2222222222222222,2,9,2,2,0.3379237949848175,0.707718014717102,0.35
6321,True,exact,1.0,Mali,Mali,0.5,1.0,0.3333333333333333,3,9,3,3,0.44454070925712585,0.9200448989868164,0.35
6322,True,numeric_exact,1.0,6,6,0.4,1.0,0.25,2,8,2,2,0.4343973994255066,0.7463275194168091,0.35
6323,False,exact,0.3,Insufficient information,172529659.264682,0.4,1.0,0.25,3,12,3,3,0.36362922191619873,0.7568675875663757,0.35
6324,True,numeric_rounded,0.9,24.3,24.3914624187074,0.5454545454545454,1.0,0.375,3,8,3,3,0.33853045105934143,0.7398048043251038,0.35
6325,True,numeric_rounded,0.9,31%,31.36525452136989,0.6666666666666666,1.0,0.5,4,8,4,4,0.23939460515975952,0.5574222803115845,0.35
6326,True,numeric_rounded,0.9,6.6,6.700000762939503,0.6666666666666666,1.0,0.5,4,8,4,4,0.28125762939453125,0.6163844466209412,0.35
6327,True,yes_no,1.0,No,No,0.4444444444444445,1.0,0.2857142857142857,2,7,2,2,0.39471980929374695,0.8235014081001282,0.35
6328,True,exact,1.0,Years,Years,0.2,0.5,0.125,2,8,1,1,0.2818416357040405,0.6416956186294556,0.35
6329,True,numeric_rounded,0.95,35%,34.98,0.5,1.0,0.3333333333333333,3,9,3,3,0.4008914828300476,0.9095621705055237,0.35
6330,True,yes_no,1.0,No,No,0.7058823529411764,1.0,0.5454545454545454,6,11,6,6,0.3763982653617859,0.6511802077293396,0.35
6331,True,exact,1.0,Country,Country,0.28571428571428575,0.5,0.2,2,5,1,1,0.2098528891801834,0.6502060890197754,0.35
6332,True,numeric_exact,1.0,4,4,0.5,1.0,0.3333333333333333,3,9,3,3,0.32019397616386414,0.6754825115203857,0.35
6333,True,numeric_rounded,0.9,229,229.89999999999998,0.3333333333333333,0.6666666666666666,0.2222222222222222,3,9,2,2,0.23037835955619812,0.4833452105522156,0.35
6334,True,numeric_rounded,0.9,1994,2000,0.42857142857142855,1.0,0.2727272727272727,3,11,3,3,0.35086992383003235,0.7912166714668274,0.35
6335,False,exact,1.0,Guyana,13.4700166935393,0.30769230769230765,0.6666666666666666,0.2,3,10,2,2,0.26403599977493286,0.5923386216163635,0.35
6336,True,numeric_exact,1.0,4,4,0.6666666666666666,1.0,0.5,3,6,3,3,0.508958637714386,0.8637678623199463,0.35
6337,True,numeric_exact,1.0,4,4,0.5,1.0,0.3333333333333333,3,9,3,3,0.3627033531665802,0.7379589676856995,0.35
6338,False,numeric_mismatch,0.0,1000000,10000000.0,0.3636363636363636,1.0,0.2222222222222222,2,9,2,2,0.3794500231742859,0.868314266204834,0.35
6339,False,numeric_mismatch,0.0,390,829.3336207176329,0.5,1.0,0.3333333333333333,3,9,3,3,0.32109835743904114,0.652124285697937,0.35
6340,True,yes_no,1.0,No,No,0.42857142857142855,1.0,0.2727272727272727,3,11,3,3,0.3095334470272064,0.6616405844688416,0.35
6341,True,numeric_exact,1.0,2,2,0.5,1.0,0.3333333333333333,3,9,3,3,0.3801085650920868,0.7813578844070435,0.35
6342,False,numeric_mismatch,0.0,100,1028.1999999999998,0.5454545454545454,1.0,0.375,3,8,3,3,0.34754976630210876,0.6931670904159546,0.35
6343,True,yes_no,1.0,No,No,0.4615384615384615,1.0,0.3,3,10,3,3,0.28988170623779297,0.6878172755241394,0.35
6344,True,numeric_rounded,0.95,1,1.0033841077513221,0.4615384615384615,1.0,0.3,3,10,3,3,0.44676849246025085,0.9093644618988037,0.35
6345,True,numeric_exact,1.0,4,4,0.5,1.0,0.3333333333333333,3,9,3,3,0.46332085132598877,0.769254207611084,0.35
6346,True,numeric_rounded,0.9,63.5%,63.61415672302245,0.625,1.0,0.45454545454545453,5,11,5,5,0.3006479740142822,0.9080263376235962,0.35
6347,True,numeric_rounded,0.85,26833.33,24244.37,0.42857142857142855,1.0,0.2727272727272727,3,11,3,3,0.3877682387828827,0.7604973912239075,0.35
6348,False,numeric_mismatch,0.0,17.5,-17.174034326677592,0.5333333333333333,1.0,0.36363636363636365,4,11,4,4,0.37851962447166443,0.8509991765022278,0.35
6349,True,numeric_exact,1.0,8,8,0.5,1.0,0.3333333333333333,2,6,2,2,0.3649848997592926,0.7089426517486572,0.35
6350,False,yes_no,1.0,Yes,No,0.5,1.0,0.3333333333333333,4,12,4,4,0.4384899437427521,0.7512618899345398,0.35
6351,True,yes_no,1.0,Yes,Yes,0.42857142857142855,1.0,0.2727272727272727,3,11,3,3,0.4017041027545929,0.6695582270622253,0.35
6352,False,numeric_mismatch,0.0,0,1,0.75,0.8571428571428571,0.6666666666666666,7,9,6,6,0.38917961716651917,0.7141301035881042,0.35
6353,True,numeric_exact,1.0,% of children under 5, % of children under 5,0.5,1.0,0.3333333333333333,2,6,2,2,0.41950127482414246,0.7112264037132263,0.35
6354,True,numeric_rounded,0.9,13.0,13.376400000000004,0.5,1.0,0.3333333333333333,3,9,3,3,0.3562677800655365,0.7483111619949341,0.35
6355,True,numeric_exact,1.0,4,4,0.4,1.0,0.25,2,8,2,2,0.43487322330474854,0.664101779460907,0.35
6356,True,yes_no,1.0,No,No,0.3333333333333333,0.6666666666666666,0.2222222222222222,3,9,2,2,0.3826642632484436,0.8704430460929871,0.35
6357,True,yes_no,1.0,Yes,Yes,0.6153846153846153,1.0,0.4444444444444444,4,9,4,4,0.3860754072666168,0.860565185546875,0.35
6358,True,numeric_rounded,0.9,6.8%,6.894638814356201,0.4,1.0,0.25,2,8,2,2,0.3277548551559448,0.7778602838516235,0.35
6359,False,exact,0.3,The legend appears in the top right corner of the graph.,center right,0.15384615384615383,0.3333333333333333,0.1,3,10,1,1,0.24177120625972748,0.6918749213218689,0.35
6360,True,yes_no,1.0,Yes,Yes,0.35294117647058826,1.0,0.21428571428571427,3,14,3,3,0.32985687255859375,0.658013105392456,0.35
6361,True,numeric_exact,1.0,6,6,0.4,1.0,0.25,2,8,2,2,0.4039117693901062,0.7596506476402283,0.35
6362,False,numeric_mismatch,0.0,403,333.6829876792468,0.2857142857142857,1.0,0.16666666666666666,2,12,2,2,0.2940342426300049,0.7138120532035828,0.35
6363,True,exact,1.0,Years,Years,0.36363636363636365,0.6666666666666666,0.25,3,8,2,2,0.40351560711860657,0.7825971841812134,0.35
6364,True,yes_no,1.0,No,No,0.4615384615384615,1.0,0.3,3,10,3,3,0.34348857402801514,0.8661087155342102,0.35
6365,True,numeric_exact,1.0,2,2,0.4615384615384615,1.0,0.3,3,10,3,3,0.365608274936676,0.7476191520690918,0.35
6366,True,numeric_rounded,0.9,7.9,7.7999997138976696,0.6666666666666666,0.8,0.5714285714285714,5,7,4,4,0.4037162959575653,0.8497802019119263,0.35
6367,True,yes_no,1.0,Yes,Yes,0.6153846153846153,1.0,0.4444444444444444,4,9,4,4,0.3528270125389099,0.9051370024681091,0.35
6368,True,yes_no,1.0,Yes,Yes,0.4615384615384615,1.0,0.3,3,10,3,3,0.4357333481311798,0.7113914489746094,0.35
6369,True,numeric_exact,1.0,4,4,0.6,1.0,0.42857142857142855,3,7,3,3,0.3203970789909363,0.7049431800842285,0.35
6370,False,numeric_mismatch,0.0,4106837911.0,40944981886,0.3636363636363636,1.0,0.2222222222222222,2,9,2,2,0.4545194208621979,0.8275385499000549,0.35
6371,False,exact,1.0,Male,2010,0.36363636363636365,0.6666666666666666,0.25,3,8,2,2,0.30319011211395264,0.7508351802825928,0.35
