sample_idx,match_f1,kendall_tau,tau_normalized,lis_ratio,precision,recall,num_predicted_steps,num_reference_steps,num_matched
0,0.8,0.4666666666666667,0.7333333333333334,0.6666666666666666,1.0,0.6666666666666666,6,9,6
2,0.5454545454545454,0.3333333333333333,0.6666666666666666,0.6666666666666666,1.0,0.375,3,8,3
4,0.7692307692307693,0.6,0.8,0.8,1.0,0.625,5,8,5
5,0.6,1.0,1.0,1.0,1.0,0.42857142857142855,3,7,3
6,0.6666666666666666,-0.3333333333333333,0.33333333333333337,0.6666666666666666,1.0,0.5,3,6,3
8,0.7499999999999999,-0.3333333333333333,0.33333333333333337,0.6666666666666666,1.0,0.6,3,5,3
9,0.7499999999999999,1.0,1.0,1.0,1.0,0.6,3,5,3
10,0.5,-1.0,0.0,0.5,1.0,0.3333333333333333,2,6,2
11,0.5,-1.0,0.0,0.5,1.0,0.3333333333333333,2,6,2
12,0.6666666666666666,-0.3333333333333333,0.33333333333333337,0.6666666666666666,1.0,0.5,3,6,3
13,0.6,1.0,1.0,1.0,1.0,0.42857142857142855,3,7,3
14,0.6666666666666666,1.0,1.0,1.0,1.0,0.5,3,6,3
15,0.9090909090909091,0.4,0.7,0.8,1.0,0.8333333333333334,5,6,5
16,0.7499999999999999,0.3333333333333333,0.6666666666666666,0.6666666666666666,1.0,0.6,3,5,3
17,0.6666666666666666,1.0,1.0,1.0,1.0,0.5,3,6,3
18,0.7499999999999999,1.0,1.0,1.0,1.0,0.6,3,5,3
19,0.6666666666666666,-0.3333333333333333,0.33333333333333337,0.6666666666666666,1.0,0.5,3,6,3
20,0.5714285714285715,-1.0,0.0,0.5,1.0,0.4,2,5,2
21,0.6666666666666666,0.3333333333333333,0.6666666666666666,0.6666666666666666,1.0,0.5,3,6,3
22,0.5454545454545454,0.3333333333333333,0.6666666666666666,0.6666666666666666,1.0,0.375,3,8,3
23,0.5,1.0,1.0,1.0,1.0,0.3333333333333333,2,6,2
24,0.4,-1.0,0.0,0.5,1.0,0.25,2,8,2
25,0.9090909090909091,0.2,0.6,0.8,1.0,0.8333333333333334,5,6,5
26,0.6666666666666666,0.3333333333333333,0.6666666666666666,0.6666666666666666,1.0,0.5,3,6,3
27,0.6,0.3333333333333333,0.6666666666666666,0.6666666666666666,1.0,0.42857142857142855,3,7,3
28,0.7499999999999999,1.0,1.0,1.0,1.0,0.6,3,5,3
29,0.6153846153846153,1.0,1.0,1.0,1.0,0.4444444444444444,4,9,4
30,0.8,-0.6666666666666666,0.16666666666666669,0.5,1.0,0.6666666666666666,4,6,4
31,0.8571428571428571,1.0,1.0,1.0,1.0,0.75,3,4,3
32,0.5714285714285715,-1.0,0.0,0.5,1.0,0.4,2,5,2
33,0.7499999999999999,1.0,1.0,1.0,1.0,0.6,3,5,3
34,0.6666666666666666,0.3333333333333333,0.6666666666666666,0.6666666666666666,1.0,0.5,3,6,3
35,0.7499999999999999,0.3333333333333333,0.6666666666666666,0.6666666666666666,1.0,0.6,3,5,3
36,0.4444444444444445,1.0,1.0,1.0,1.0,0.2857142857142857,2,7,2
37,0.6,1.0,1.0,1.0,1.0,0.42857142857142855,3,7,3
38,0.7499999999999999,0.3333333333333333,0.6666666666666666,0.6666666666666666,1.0,0.6,3,5,3
39,0.6,1.0,1.0,1.0,1.0,0.42857142857142855,3,7,3
40,0.6666666666666666,0.3333333333333333,0.6666666666666666,0.6666666666666666,1.0,0.5,3,6,3
41,0.923076923076923,0.3333333333333333,0.6666666666666666,0.5,1.0,0.8571428571428571,6,7,6
42,0.6,0.3333333333333333,0.6666666666666666,0.6666666666666666,1.0,0.42857142857142855,3,7,3
43,0.4444444444444445,-1.0,0.0,0.5,1.0,0.2857142857142857,2,7,2
44,0.6666666666666666,0.3333333333333333,0.6666666666666666,0.6666666666666666,1.0,0.5,3,6,3
45,0.6,0.3333333333333333,0.6666666666666666,0.6666666666666666,1.0,0.42857142857142855,3,7,3
46,0.7272727272727273,-1.0,0.0,0.25,1.0,0.5714285714285714,4,7,4
47,0.6666666666666666,-0.3333333333333333,0.33333333333333337,0.6666666666666666,1.0,0.5,3,6,3
48,0.4444444444444445,-1.0,0.0,0.5,1.0,0.2857142857142857,2,7,2
49,0.7692307692307693,0.4,0.7,0.6,1.0,0.625,5,8,5
50,0.7499999999999999,-1.0,0.0,0.3333333333333333,1.0,0.6,3,5,3
51,0.7499999999999999,1.0,1.0,1.0,1.0,0.6,3,5,3
52,0.7499999999999999,-0.3333333333333333,0.33333333333333337,0.6666666666666666,1.0,0.6,3,5,3
53,0.6666666666666666,0.3333333333333333,0.6666666666666666,0.6666666666666666,1.0,0.5,3,6,3
55,0.5454545454545454,1.0,1.0,1.0,1.0,0.375,3,8,3
56,0.7692307692307693,0.2,0.6,0.6,1.0,0.625,5,8,5
57,0.5454545454545454,1.0,1.0,1.0,1.0,0.375,3,8,3
58,0.6666666666666666,0.6666666666666666,0.8333333333333333,0.75,1.0,0.5,4,8,4
59,0.5454545454545454,-0.3333333333333333,0.33333333333333337,0.6666666666666666,1.0,0.375,3,8,3
60,0.6666666666666666,0.0,0.5,0.5,1.0,0.5,4,8,4
61,0.4,-1.0,0.0,0.5,1.0,0.25,2,8,2
62,0.4,-1.0,0.0,0.5,1.0,0.25,2,8,2
63,0.5454545454545454,-0.3333333333333333,0.33333333333333337,0.6666666666666666,1.0,0.375,3,8,3
64,0.6666666666666666,1.0,1.0,1.0,0.5,1.0,2,1,1
65,0.5454545454545454,0.3333333333333333,0.6666666666666666,0.6666666666666666,1.0,0.375,3,8,3
66,0.2222222222222222,1.0,1.0,1.0,1.0,0.125,1,8,1
67,0.5454545454545454,-0.3333333333333333,0.33333333333333337,0.6666666666666666,1.0,0.375,3,8,3
68,0.5454545454545454,0.3333333333333333,0.6666666666666666,0.6666666666666666,1.0,0.375,3,8,3
69,0.5454545454545454,0.3333333333333333,0.6666666666666666,0.6666666666666666,1.0,0.375,3,8,3
70,0.6666666666666666,0.3333333333333333,0.6666666666666666,0.75,1.0,0.5,4,8,4
71,0.6666666666666666,0.0,0.5,0.5,1.0,0.5,4,8,4
72,0.5454545454545454,0.3333333333333333,0.6666666666666666,0.6666666666666666,1.0,0.375,3,8,3
73,0.5454545454545454,-0.3333333333333333,0.33333333333333337,0.6666666666666666,1.0,0.375,3,8,3
74,0.6666666666666666,0.3333333333333333,0.6666666666666666,0.6666666666666666,1.0,0.5,3,6,3
75,0.5454545454545454,0.3333333333333333,0.6666666666666666,0.6666666666666666,1.0,0.375,3,8,3
76,0.3636363636363636,1.0,1.0,1.0,1.0,0.2222222222222222,2,9,2
77,0.5,0.3333333333333333,0.6666666666666666,0.6666666666666666,1.0,0.3333333333333333,3,9,3
78,0.4,1.0,1.0,1.0,1.0,0.25,2,8,2
79,0.5,1.0,1.0,1.0,1.0,0.3333333333333333,3,9,3
80,0.4,-1.0,0.0,0.5,1.0,0.25,2,8,2
81,0.6153846153846153,-0.6666666666666666,0.16666666666666669,0.5,1.0,0.4444444444444444,4,9,4
82,0.5454545454545454,1.0,1.0,1.0,1.0,0.375,3,8,3
83,0.5454545454545454,-0.3333333333333333,0.33333333333333337,0.6666666666666666,1.0,0.375,3,8,3
84,0.5,-0.3333333333333333,0.33333333333333337,0.6666666666666666,1.0,0.3333333333333333,3,9,3
85,0.5,0.3333333333333333,0.6666666666666666,0.6666666666666666,1.0,0.3333333333333333,3,9,3
86,0.6666666666666666,0.3333333333333333,0.6666666666666666,0.5,1.0,0.5,4,8,4
87,0.5454545454545454,-0.3333333333333333,0.33333333333333337,0.6666666666666666,1.0,0.375,3,8,3
88,0.5454545454545454,0.3333333333333333,0.6666666666666666,0.6666666666666666,1.0,0.375,3,8,3
89,0.7692307692307693,0.2,0.6,0.4,1.0,0.625,5,8,5
90,0.4,-1.0,0.0,0.5,1.0,0.25,2,8,2
91,0.5454545454545454,-0.3333333333333333,0.33333333333333337,0.6666666666666666,1.0,0.375,3,8,3
92,0.5454545454545454,0.3333333333333333,0.6666666666666666,0.6666666666666666,1.0,0.375,3,8,3
93,0.5454545454545454,-0.3333333333333333,0.33333333333333337,0.6666666666666666,1.0,0.375,3,8,3
94,0.5454545454545454,0.3333333333333333,0.6666666666666666,0.6666666666666666,1.0,0.375,3,8,3
95,0.7272727272727273,-0.3333333333333333,0.33333333333333337,0.5,1.0,0.5714285714285714,4,7,4
96,0.6666666666666666,0.3333333333333333,0.6666666666666666,0.5,1.0,0.5,4,8,4
97,0.6666666666666666,1.0,1.0,1.0,1.0,0.5,4,8,4
98,0.6666666666666666,-0.6666666666666666,0.16666666666666669,0.5,1.0,0.5,4,8,4
100,0.6666666666666666,0.3333333333333333,0.6666666666666666,0.75,1.0,0.5,4,8,4
102,0.6666666666666666,0.6666666666666666,0.8333333333333333,0.75,1.0,0.5,4,8,4
103,0.5454545454545454,-1.0,0.0,0.3333333333333333,1.0,0.375,3,8,3
104,0.5454545454545454,0.3333333333333333,0.6666666666666666,0.6666666666666666,1.0,0.375,3,8,3
105,0.5454545454545454,0.3333333333333333,0.6666666666666666,0.6666666666666666,1.0,0.375,3,8,3
106,0.6666666666666666,1.0,1.0,1.0,1.0,0.5,4,8,4
107,0.6153846153846153,0.3333333333333333,0.6666666666666666,0.75,1.0,0.4444444444444444,4,9,4
108,0.5,1.0,1.0,1.0,1.0,0.3333333333333333,3,9,3
109,0.5454545454545454,-1.0,0.0,0.3333333333333333,1.0,0.375,3,8,3
110,0.5454545454545454,1.0,1.0,1.0,1.0,0.375,3,8,3
111,0.7692307692307693,0.4,0.7,0.8,1.0,0.625,5,8,5
112,0.7692307692307693,0.8,0.9,0.8,1.0,0.625,5,8,5
113,0.5454545454545454,-0.3333333333333333,0.33333333333333337,0.6666666666666666,1.0,0.375,3,8,3
114,0.5454545454545454,-1.0,0.0,0.3333333333333333,1.0,0.375,3,8,3
115,0.7272727272727273,0.6666666666666666,0.8333333333333333,0.75,1.0,0.5714285714285714,4,7,4
116,0.5454545454545454,1.0,1.0,1.0,1.0,0.375,3,8,3
117,0.6666666666666666,0.3333333333333333,0.6666666666666666,0.75,1.0,0.5,4,8,4
118,0.5,-1.0,0.0,0.3333333333333333,1.0,0.3333333333333333,3,9,3
120,0.6666666666666666,-0.3333333333333333,0.33333333333333337,0.5,1.0,0.5,4,8,4
121,0.6666666666666666,0.6666666666666666,0.8333333333333333,0.75,1.0,0.5,4,8,4
122,0.6666666666666666,0.3333333333333333,0.6666666666666666,0.75,1.0,0.5,4,8,4
123,0.4,1.0,1.0,1.0,1.0,0.25,2,8,2
124,0.4615384615384615,-0.3333333333333333,0.33333333333333337,0.6666666666666666,1.0,0.3,3,10,3
125,0.5454545454545454,1.0,1.0,1.0,1.0,0.375,3,8,3
126,0.5454545454545454,-0.3333333333333333,0.33333333333333337,0.6666666666666666,1.0,0.375,3,8,3
127,0.5454545454545454,-0.3333333333333333,0.33333333333333337,0.6666666666666666,1.0,0.375,3,8,3
128,0.19999999999999998,1.0,1.0,1.0,1.0,0.1111111111111111,1,9,1
129,0.6666666666666666,0.3333333333333333,0.6666666666666666,0.75,1.0,0.5,4,8,4
130,0.5454545454545454,1.0,1.0,1.0,1.0,0.375,3,8,3
131,0.6666666666666666,0.0,0.5,0.5,1.0,0.5,4,8,4
132,0.7692307692307693,0.2,0.6,0.6,1.0,0.625,5,8,5
133,0.4,1.0,1.0,1.0,1.0,0.25,4,16,4
134,0.4,-1.0,0.0,0.5,1.0,0.25,2,8,2
135,0.7692307692307693,0.4,0.7,0.6,1.0,0.625,5,8,5
136,0.7142857142857143,0.2,0.6,0.8,1.0,0.5555555555555556,5,9,5
137,0.5454545454545454,0.3333333333333333,0.6666666666666666,0.6666666666666666,1.0,0.375,3,8,3
138,0.5,0.3333333333333333,0.6666666666666666,0.6666666666666666,1.0,0.3333333333333333,3,9,3
139,0.4,1.0,1.0,1.0,1.0,0.25,2,8,2
140,0.4,1.0,1.0,1.0,1.0,0.25,2,8,2
141,0.6153846153846153,0.0,0.5,0.5,1.0,0.4444444444444444,4,9,4
142,0.2222222222222222,1.0,1.0,1.0,1.0,0.125,1,8,1
143,0.5,0.3333333333333333,0.6666666666666666,0.6666666666666666,1.0,0.3333333333333333,3,9,3
144,0.3636363636363636,1.0,1.0,1.0,1.0,0.2222222222222222,2,9,2
145,0.8571428571428571,0.06666666666666667,0.5333333333333333,0.6666666666666666,1.0,0.75,6,8,6
146,0.6153846153846153,0.0,0.5,0.75,1.0,0.4444444444444444,4,9,4
147,0.6666666666666666,-0.6666666666666666,0.16666666666666669,0.5,1.0,0.5,4,8,4
148,0.4,-1.0,0.0,0.5,1.0,0.25,2,8,2
149,0.7692307692307693,-0.2,0.4,0.6,1.0,0.625,5,8,5
150,0.5454545454545454,-0.3333333333333333,0.33333333333333337,0.6666666666666666,1.0,0.375,3,8,3
151,0.5454545454545454,1.0,1.0,1.0,1.0,0.375,3,8,3
152,0.5454545454545454,0.3333333333333333,0.6666666666666666,0.6666666666666666,1.0,0.375,3,8,3
153,0.4,1.0,1.0,1.0,1.0,0.25,2,8,2
154,0.4,1.0,1.0,1.0,1.0,0.25,2,8,2
155,0.6666666666666666,0.0,0.5,0.5,1.0,0.5,4,8,4
156,0.6666666666666666,0.0,0.5,0.75,1.0,0.5,4,8,4
157,0.4615384615384615,1.0,1.0,1.0,1.0,0.3,3,10,3
158,0.2222222222222222,1.0,1.0,1.0,1.0,0.125,1,8,1
159,0.5,-0.3333333333333333,0.33333333333333337,0.6666666666666666,1.0,0.3333333333333333,3,9,3
160,0.5,-0.3333333333333333,0.33333333333333337,0.6666666666666666,1.0,0.3333333333333333,3,9,3
161,0.6153846153846153,0.3333333333333333,0.6666666666666666,0.75,1.0,0.4444444444444444,4,9,4
162,0.8571428571428571,0.3333333333333333,0.6666666666666666,0.6666666666666666,1.0,0.75,6,8,6
163,0.625,0.2,0.6,0.6,1.0,0.45454545454545453,5,11,5
164,0.5,1.0,1.0,1.0,0.3333333333333333,1.0,3,1,1
165,0.8571428571428571,0.4666666666666667,0.7333333333333334,0.6666666666666666,1.0,0.75,6,8,6
166,0.4,1.0,1.0,1.0,1.0,0.25,2,8,2
167,0.33333333333333337,1.0,1.0,1.0,1.0,0.2,2,10,2
168,0.8750000000000001,0.14285714285714285,0.5714285714285714,0.5714285714285714,1.0,0.7777777777777778,7,9,7
169,0.5454545454545454,0.3333333333333333,0.6666666666666666,0.6666666666666666,1.0,0.375,3,8,3
170,0.5454545454545454,-0.3333333333333333,0.33333333333333337,0.6666666666666666,1.0,0.375,3,8,3
171,0.8,0.3333333333333333,0.6666666666666666,0.75,1.0,0.6666666666666666,4,6,4
172,0.7142857142857143,0.2,0.6,0.6,1.0,0.5555555555555556,5,9,5
173,0.5454545454545454,1.0,1.0,1.0,1.0,0.375,3,8,3
174,0.5,-1.0,0.0,0.3333333333333333,1.0,0.3333333333333333,3,9,3
175,0.5,0.3333333333333333,0.6666666666666666,0.6666666666666666,1.0,0.3333333333333333,3,9,3
176,0.5454545454545454,0.3333333333333333,0.6666666666666666,0.6666666666666666,1.0,0.375,3,8,3
177,0.4,-1.0,0.0,0.5,1.0,0.25,2,8,2
178,0.6666666666666666,-0.3333333333333333,0.33333333333333337,0.5,1.0,0.5,4,8,4
179,0.33333333333333337,-1.0,0.0,0.5,1.0,0.2,2,10,2
180,0.5454545454545454,1.0,1.0,1.0,1.0,0.375,3,8,3
181,0.6666666666666666,0.0,0.5,0.75,1.0,0.5,4,8,4
182,0.4,1.0,1.0,1.0,1.0,0.25,2,8,2
183,0.5714285714285715,0.3333333333333333,0.6666666666666666,0.75,1.0,0.4,4,10,4
184,0.7692307692307693,-0.6,0.2,0.4,1.0,0.625,5,8,5
185,0.5,0.3333333333333333,0.6666666666666666,0.6666666666666666,1.0,0.3333333333333333,3,9,3
186,0.7692307692307693,0.0,0.5,0.6,1.0,0.625,5,8,5
187,0.3636363636363636,1.0,1.0,1.0,1.0,0.2222222222222222,2,9,2
188,0.5454545454545454,-0.3333333333333333,0.33333333333333337,0.6666666666666666,1.0,0.375,3,8,3
189,0.5,1.0,1.0,1.0,1.0,0.3333333333333333,3,9,3
190,0.6666666666666666,0.6666666666666666,0.8333333333333333,0.75,1.0,0.5,4,8,4
191,0.3636363636363636,-1.0,0.0,0.5,1.0,0.2222222222222222,2,9,2
192,0.6666666666666666,-0.3333333333333333,0.33333333333333337,0.5,1.0,0.5,4,8,4
193,0.5714285714285715,0.0,0.5,0.5,1.0,0.4,4,10,4
194,0.7692307692307693,-0.4,0.3,0.4,1.0,0.625,5,8,5
195,0.5,-1.0,0.0,0.3333333333333333,1.0,0.3333333333333333,3,9,3
196,0.5454545454545454,0.3333333333333333,0.6666666666666666,0.6666666666666666,1.0,0.375,3,8,3
197,0.5,-0.3333333333333333,0.33333333333333337,0.6666666666666666,1.0,0.3333333333333333,3,9,3
198,0.6666666666666666,0.3333333333333333,0.6666666666666666,0.5,1.0,0.5,4,8,4
199,0.6153846153846153,0.3333333333333333,0.6666666666666666,0.75,1.0,0.4444444444444444,4,9,4
200,0.7692307692307693,0.2,0.6,0.6,1.0,0.625,5,8,5
201,0.5454545454545454,0.3333333333333333,0.6666666666666666,0.6666666666666666,1.0,0.375,3,8,3
202,0.7142857142857143,0.2,0.6,0.8,1.0,0.5555555555555556,5,9,5
203,0.4,-1.0,0.0,0.5,1.0,0.25,2,8,2
204,0.4,-1.0,0.0,0.5,1.0,0.25,2,8,2
205,0.5,0.3333333333333333,0.6666666666666666,0.6666666666666666,1.0,0.3333333333333333,3,9,3
206,0.5454545454545454,0.7333333333333333,0.8666666666666667,0.8333333333333334,1.0,0.375,6,16,6
207,0.6666666666666666,0.3333333333333333,0.6666666666666666,0.5,1.0,0.5,4,8,4
208,0.5454545454545454,1.0,1.0,1.0,1.0,0.375,3,8,3
209,0.5,1.0,1.0,1.0,1.0,0.3333333333333333,3,9,3
210,0.5454545454545454,-0.3333333333333333,0.33333333333333337,0.6666666666666666,1.0,0.375,3,8,3
211,0.6666666666666666,0.3333333333333333,0.6666666666666666,0.75,1.0,0.5,4,8,4
212,0.5454545454545454,-0.3333333333333333,0.33333333333333337,0.6666666666666666,1.0,0.375,3,8,3
213,0.6153846153846153,-0.3333333333333333,0.33333333333333337,0.5,1.0,0.4444444444444444,4,9,4
214,0.5454545454545454,0.3333333333333333,0.6666666666666666,0.6666666666666666,1.0,0.375,3,8,3
215,0.5454545454545454,-0.3333333333333333,0.33333333333333337,0.6666666666666666,1.0,0.375,3,8,3
216,0.6666666666666666,0.6666666666666666,0.8333333333333333,0.75,1.0,0.5,4,8,4
217,0.4,-1.0,0.0,0.5,1.0,0.25,2,8,2
218,0.5,1.0,1.0,1.0,0.3333333333333333,1.0,3,1,1
219,0.5454545454545454,-1.0,0.0,0.3333333333333333,1.0,0.375,3,8,3
220,0.6153846153846153,-0.3333333333333333,0.33333333333333337,0.5,1.0,0.4444444444444444,4,9,4
221,0.5454545454545454,1.0,1.0,1.0,1.0,0.375,3,8,3
222,0.7142857142857143,0.0,0.5,0.6,1.0,0.5555555555555556,5,9,5
223,0.5,-1.0,0.0,0.3333333333333333,1.0,0.3333333333333333,3,9,3
224,0.4615384615384615,-1.0,0.0,0.3333333333333333,1.0,0.3,3,10,3
225,0.6153846153846153,0.0,0.5,0.75,1.0,0.4444444444444444,4,9,4
226,0.5714285714285715,0.6666666666666666,0.8333333333333333,0.75,1.0,0.4,4,10,4
227,0.5454545454545454,-0.3333333333333333,0.33333333333333337,0.6666666666666666,1.0,0.375,3,8,3
228,0.4,-1.0,0.0,0.5,1.0,0.25,2,8,2
229,0.5454545454545454,-0.3333333333333333,0.33333333333333337,0.6666666666666666,1.0,0.375,3,8,3
231,0.7692307692307693,-0.2,0.4,0.6,1.0,0.625,5,8,5
232,0.6666666666666666,0.6666666666666666,0.8333333333333333,0.75,1.0,0.5,4,8,4
233,0.8,0.6,0.8,0.6666666666666666,1.0,0.6666666666666666,6,9,6
234,0.5,1.0,1.0,1.0,1.0,0.3333333333333333,3,9,3
235,0.5,1.0,1.0,1.0,0.3333333333333333,1.0,3,1,1
236,0.3636363636363636,-1.0,0.0,0.5,1.0,0.2222222222222222,2,9,2
237,0.6,-0.3333333333333333,0.33333333333333337,0.6666666666666666,1.0,0.42857142857142855,3,7,3
238,0.5454545454545454,-0.3333333333333333,0.33333333333333337,0.6666666666666666,1.0,0.375,3,8,3
239,0.3636363636363636,1.0,1.0,1.0,1.0,0.2222222222222222,2,9,2
240,0.5,0.3333333333333333,0.6666666666666666,0.6666666666666666,1.0,0.3333333333333333,3,9,3
241,0.5454545454545454,0.3333333333333333,0.6666666666666666,0.6666666666666666,1.0,0.375,3,8,3
242,0.5454545454545454,0.3333333333333333,0.6666666666666666,0.6666666666666666,1.0,0.375,3,8,3
243,0.6153846153846153,0.6666666666666666,0.8333333333333333,0.75,1.0,0.4444444444444444,4,9,4
244,0.5,-0.3333333333333333,0.33333333333333337,0.6666666666666666,1.0,0.3333333333333333,3,9,3
245,0.4615384615384615,-0.3333333333333333,0.33333333333333337,0.6666666666666666,1.0,0.3,3,10,3
246,0.6666666666666666,0.0,0.5,0.5,1.0,0.5,4,8,4
247,0.5454545454545454,0.3333333333333333,0.6666666666666666,0.6666666666666666,1.0,0.375,3,8,3
248,0.3636363636363636,1.0,1.0,1.0,1.0,0.2222222222222222,2,9,2
249,0.5454545454545454,-0.3333333333333333,0.33333333333333337,0.6666666666666666,1.0,0.375,3,8,3
250,0.2222222222222222,1.0,1.0,1.0,1.0,0.125,1,8,1
251,0.6153846153846153,0.0,0.5,0.5,1.0,0.4444444444444444,4,9,4
252,0.4,-1.0,0.0,0.5,1.0,0.25,2,8,2
253,0.5454545454545454,0.3333333333333333,0.6666666666666666,0.6666666666666666,1.0,0.375,3,8,3
254,0.4,1.0,1.0,1.0,1.0,0.25,2,8,2
255,0.8571428571428571,-0.06666666666666667,0.4666666666666667,0.5,1.0,0.75,6,8,6
256,0.5454545454545454,0.3333333333333333,0.6666666666666666,0.6666666666666666,1.0,0.375,3,8,3
257,0.42857142857142855,0.3333333333333333,0.6666666666666666,0.6666666666666666,1.0,0.2727272727272727,3,11,3
258,0.4,-1.0,0.0,0.5,1.0,0.25,2,8,2
259,0.5714285714285715,1.0,1.0,1.0,1.0,0.4,4,10,4
260,0.5454545454545454,0.3333333333333333,0.6666666666666666,0.6666666666666666,1.0,0.375,3,8,3
261,0.3076923076923077,1.0,1.0,1.0,1.0,0.18181818181818182,2,11,2
262,0.5,-0.3333333333333333,0.33333333333333337,0.6666666666666666,1.0,0.3333333333333333,3,9,3
263,0.5,1.0,1.0,1.0,1.0,0.3333333333333333,3,9,3
264,0.3636363636363636,1.0,1.0,1.0,1.0,0.2222222222222222,2,9,2
266,0.5714285714285715,0.0,0.5,0.75,1.0,0.4,4,10,4
267,0.5454545454545454,1.0,1.0,1.0,1.0,0.375,3,8,3
268,0.7692307692307693,0.4,0.7,0.8,1.0,0.625,5,8,5
269,0.5454545454545454,1.0,1.0,1.0,1.0,0.375,3,8,3
270,0.7692307692307693,0.4,0.7,0.8,1.0,0.625,5,8,5
271,0.5,-0.3333333333333333,0.33333333333333337,0.6666666666666666,1.0,0.3333333333333333,3,9,3
272,0.4,-1.0,0.0,0.5,1.0,0.25,2,8,2
274,0.5,0.3333333333333333,0.6666666666666666,0.6666666666666666,1.0,0.3333333333333333,3,9,3
275,0.6153846153846153,-0.3333333333333333,0.33333333333333337,0.5,1.0,0.4444444444444444,4,9,4
276,0.5454545454545454,0.3333333333333333,0.6666666666666666,0.6666666666666666,1.0,0.375,3,8,3
277,0.5454545454545454,1.0,1.0,1.0,1.0,0.375,3,8,3
278,0.6666666666666666,0.0,0.5,0.5,1.0,0.5,4,8,4
279,0.7272727272727273,0.6666666666666666,0.8333333333333333,0.75,1.0,0.5714285714285714,4,7,4
280,0.4,-1.0,0.0,0.5,1.0,0.25,2,8,2
281,0.5454545454545454,-0.3333333333333333,0.33333333333333337,0.6666666666666666,1.0,0.375,3,8,3
282,0.5454545454545454,1.0,1.0,1.0,1.0,0.375,3,8,3
283,0.2222222222222222,1.0,1.0,1.0,1.0,0.125,1,8,1
284,0.4615384615384615,-1.0,0.0,0.3333333333333333,1.0,0.3,3,10,3
285,0.5454545454545454,0.3333333333333333,0.6666666666666666,0.6666666666666666,1.0,0.375,3,8,3
286,0.19999999999999998,1.0,1.0,1.0,1.0,0.1111111111111111,1,9,1
287,0.5454545454545454,0.3333333333333333,0.6666666666666666,0.6666666666666666,1.0,0.375,3,8,3
288,0.5,0.3333333333333333,0.6666666666666666,0.6666666666666666,1.0,0.3333333333333333,3,9,3
289,0.8571428571428571,-0.6,0.2,0.5,1.0,0.75,6,8,6
291,0.6666666666666666,0.6666666666666666,0.8333333333333333,0.75,1.0,0.5,4,8,4
292,0.4,1.0,1.0,1.0,1.0,0.25,2,8,2
293,0.6666666666666666,-0.3333333333333333,0.33333333333333337,0.5,1.0,0.5,4,8,4
294,0.8,0.06666666666666667,0.5333333333333333,0.5,1.0,0.6666666666666666,6,9,6
295,0.8750000000000001,0.42857142857142855,0.7142857142857143,0.7142857142857143,1.0,0.7777777777777778,7,9,7
296,0.6666666666666666,-0.6666666666666666,0.16666666666666669,0.5,1.0,0.5,4,8,4
297,0.6666666666666666,0.3333333333333333,0.6666666666666666,0.5,1.0,0.5,4,8,4
298,0.5,1.0,1.0,1.0,1.0,0.3333333333333333,3,9,3
299,0.6666666666666666,0.6666666666666666,0.8333333333333333,0.75,1.0,0.5,4,8,4
300,0.33333333333333337,-1.0,0.0,0.5,1.0,0.2,2,10,2
301,0.4,1.0,1.0,1.0,1.0,0.25,2,8,2
302,0.6666666666666666,0.0,0.5,0.75,1.0,0.5,4,8,4
303,0.4,1.0,1.0,1.0,1.0,0.25,2,8,2
304,0.6666666666666666,-0.3333333333333333,0.33333333333333337,0.5,1.0,0.5,4,8,4
305,0.6666666666666666,-0.6666666666666666,0.16666666666666669,0.5,1.0,0.5,4,8,4
306,0.4615384615384615,1.0,1.0,1.0,1.0,0.3,3,10,3
307,0.6666666666666666,0.0,0.5,0.5,1.0,0.5,4,8,4
308,0.5454545454545454,0.3333333333333333,0.6666666666666666,0.6666666666666666,1.0,0.375,3,8,3
309,0.5,0.3333333333333333,0.6666666666666666,0.6666666666666666,1.0,0.3333333333333333,3,9,3
311,0.15384615384615385,1.0,1.0,1.0,1.0,0.08333333333333333,1,12,1
312,0.5454545454545454,1.0,1.0,1.0,1.0,0.375,3,8,3
313,0.6666666666666666,1.0,1.0,1.0,1.0,0.5,4,8,4
314,0.5454545454545454,-0.3333333333333333,0.33333333333333337,0.6666666666666666,1.0,0.375,3,8,3
315,0.5454545454545454,0.3333333333333333,0.6666666666666666,0.6666666666666666,1.0,0.375,3,8,3
316,0.6666666666666666,0.0,0.5,0.75,1.0,0.5,4,8,4
317,0.5454545454545454,-0.3333333333333333,0.33333333333333337,0.6666666666666666,1.0,0.375,3,8,3
318,0.7692307692307693,0.6,0.8,0.8,1.0,0.625,5,8,5
319,0.5,0.3333333333333333,0.6666666666666666,0.6666666666666666,1.0,0.3333333333333333,3,9,3
320,0.7142857142857143,0.0,0.5,0.4,1.0,0.5555555555555556,5,9,5
321,0.6666666666666666,1.0,1.0,1.0,1.0,0.5,4,8,4
322,0.5454545454545454,1.0,1.0,1.0,1.0,0.375,3,8,3
323,0.5,1.0,1.0,1.0,1.0,0.3333333333333333,3,9,3
324,0.5,-0.3333333333333333,0.33333333333333337,0.6666666666666666,1.0,0.3333333333333333,3,9,3
325,0.5454545454545454,0.3333333333333333,0.6666666666666666,0.6666666666666666,1.0,0.375,3,8,3
326,0.5454545454545454,1.0,1.0,1.0,1.0,0.375,3,8,3
327,0.6666666666666666,0.0,0.5,0.75,1.0,0.5,4,8,4
328,0.6666666666666666,0.0,0.5,0.75,1.0,0.5,4,8,4
329,0.7692307692307693,-0.6,0.2,0.4,1.0,0.625,5,8,5
330,0.3636363636363636,-1.0,0.0,0.5,1.0,0.2222222222222222,2,9,2
331,0.6666666666666666,0.0,0.5,0.5,1.0,0.5,4,8,4
332,0.5,-0.3333333333333333,0.33333333333333337,0.6666666666666666,1.0,0.3333333333333333,3,9,3
333,0.5454545454545454,1.0,1.0,1.0,1.0,0.375,3,8,3
334,0.4,1.0,1.0,1.0,1.0,0.25,2,8,2
335,0.4615384615384615,-0.3333333333333333,0.33333333333333337,0.6666666666666666,1.0,0.3,3,10,3
336,0.5454545454545454,0.3333333333333333,0.6666666666666666,0.6666666666666666,1.0,0.375,3,8,3
338,0.8571428571428571,0.2,0.6,0.6666666666666666,1.0,0.75,6,8,6
339,0.3636363636363636,1.0,1.0,1.0,1.0,0.2222222222222222,2,9,2
340,0.4,-1.0,0.0,0.5,1.0,0.25,2,8,2
341,0.4,1.0,1.0,1.0,1.0,0.25,2,8,2
342,0.5454545454545454,1.0,1.0,1.0,1.0,0.375,3,8,3
343,0.4,1.0,1.0,1.0,1.0,0.25,2,8,2
344,0.5,0.3333333333333333,0.6666666666666666,0.6666666666666666,1.0,0.3333333333333333,3,9,3
345,0.8571428571428571,-0.06666666666666667,0.4666666666666667,0.5,1.0,0.75,6,8,6
346,0.42857142857142855,0.3333333333333333,0.6666666666666666,0.6666666666666666,1.0,0.2727272727272727,3,11,3
347,0.3636363636363636,1.0,1.0,1.0,1.0,0.2222222222222222,2,9,2
348,0.5454545454545454,1.0,1.0,1.0,1.0,0.375,3,8,3
349,0.6153846153846153,0.3333333333333333,0.6666666666666666,0.75,1.0,0.4444444444444444,4,9,4
350,0.4,1.0,1.0,1.0,1.0,0.25,2,8,2
351,0.7692307692307693,0.0,0.5,0.6,1.0,0.625,5,8,5
352,0.6666666666666666,-0.6666666666666666,0.16666666666666669,0.5,1.0,0.5,4,8,4
353,0.6666666666666666,1.0,1.0,1.0,0.5,1.0,2,1,1
354,0.5454545454545454,1.0,1.0,1.0,1.0,0.375,3,8,3
355,0.5454545454545454,-0.3333333333333333,0.33333333333333337,0.6666666666666666,1.0,0.375,3,8,3
356,0.6153846153846153,1.0,1.0,1.0,1.0,0.4444444444444444,4,9,4
357,0.4615384615384615,1.0,1.0,1.0,1.0,0.3,3,10,3
358,0.5454545454545454,1.0,1.0,1.0,1.0,0.375,3,8,3
359,0.5454545454545454,-0.3333333333333333,0.33333333333333337,0.6666666666666666,1.0,0.375,3,8,3
360,0.5454545454545454,0.3333333333333333,0.6666666666666666,0.6666666666666666,1.0,0.375,3,8,3
361,0.19999999999999998,1.0,1.0,1.0,1.0,0.1111111111111111,1,9,1
362,0.4,1.0,1.0,1.0,1.0,0.25,2,8,2
363,0.5454545454545454,-0.3333333333333333,0.33333333333333337,0.6666666666666666,1.0,0.375,3,8,3
364,0.5454545454545454,0.3333333333333333,0.6666666666666666,0.6666666666666666,1.0,0.375,3,8,3
366,0.5,-1.0,0.0,0.3333333333333333,1.0,0.3333333333333333,3,9,3
367,0.8571428571428571,0.4666666666666667,0.7333333333333334,0.6666666666666666,1.0,0.75,6,8,6
368,0.2222222222222222,1.0,1.0,1.0,1.0,0.125,1,8,1
369,0.6666666666666666,0.0,0.5,0.75,1.0,0.5,4,8,4
370,0.4615384615384615,-0.3333333333333333,0.33333333333333337,0.6666666666666666,1.0,0.3,3,10,3
371,0.6153846153846153,-0.3333333333333333,0.33333333333333337,0.5,1.0,0.4444444444444444,4,9,4
372,0.7692307692307693,0.2,0.6,0.6,1.0,0.625,5,8,5
373,0.6666666666666666,1.0,1.0,1.0,0.5,1.0,2,1,1
374,0.5454545454545454,-0.3333333333333333,0.33333333333333337,0.6666666666666666,1.0,0.375,3,8,3
375,0.5,0.3333333333333333,0.6666666666666666,0.6666666666666666,1.0,0.3333333333333333,3,9,3
376,0.4,-1.0,0.0,0.5,1.0,0.25,2,8,2
378,0.5454545454545454,0.3333333333333333,0.6666666666666666,0.6666666666666666,1.0,0.375,3,8,3
379,0.4,-1.0,0.0,0.5,1.0,0.25,2,8,2
380,0.4615384615384615,-0.3333333333333333,0.33333333333333337,0.6666666666666666,1.0,0.3,3,10,3
381,0.5454545454545454,-0.3333333333333333,0.33333333333333337,0.6666666666666666,1.0,0.375,3,8,3
382,0.5454545454545454,1.0,1.0,1.0,1.0,0.375,3,8,3
383,0.5,0.3333333333333333,0.6666666666666666,0.6666666666666666,1.0,0.3333333333333333,3,9,3
384,0.6153846153846153,0.3333333333333333,0.6666666666666666,0.75,1.0,0.4444444444444444,4,9,4
385,0.6666666666666666,0.6666666666666666,0.8333333333333333,0.75,1.0,0.5,4,8,4
386,0.4,-1.0,0.0,0.5,1.0,0.25,2,8,2
387,0.6666666666666666,1.0,1.0,1.0,1.0,0.5,4,8,4
388,0.5454545454545454,0.3333333333333333,0.6666666666666666,0.6666666666666666,1.0,0.375,3,8,3
389,0.8571428571428571,-0.06666666666666667,0.4666666666666667,0.5,1.0,0.75,6,8,6
390,0.5,0.3333333333333333,0.6666666666666666,0.6666666666666666,1.0,0.3333333333333333,3,9,3
391,0.6153846153846153,0.3333333333333333,0.6666666666666666,0.75,1.0,0.4444444444444444,4,9,4
392,0.6666666666666666,0.6666666666666666,0.8333333333333333,0.75,1.0,0.5,4,8,4
393,0.6666666666666666,0.0,0.5,0.75,1.0,0.5,4,8,4
394,0.5454545454545454,1.0,1.0,1.0,1.0,0.375,3,8,3
395,0.4,-1.0,0.0,0.5,1.0,0.25,2,8,2
396,0.5,1.0,1.0,1.0,1.0,0.3333333333333333,3,9,3
397,0.3636363636363636,-1.0,0.0,0.5,1.0,0.2222222222222222,2,9,2
398,0.5454545454545454,-1.0,0.0,0.3333333333333333,1.0,0.375,3,8,3
399,0.5,0.3333333333333333,0.6666666666666666,0.6666666666666666,1.0,0.3333333333333333,3,9,3
400,0.5454545454545454,0.3333333333333333,0.6666666666666666,0.6666666666666666,1.0,0.375,3,8,3
401,0.5454545454545454,0.3333333333333333,0.6666666666666666,0.6666666666666666,1.0,0.375,3,8,3
402,0.5454545454545454,1.0,1.0,1.0,1.0,0.375,3,8,3
403,0.5454545454545454,-0.3333333333333333,0.33333333333333337,0.6666666666666666,1.0,0.375,3,8,3
404,0.5454545454545454,0.3333333333333333,0.6666666666666666,0.6666666666666666,1.0,0.375,3,8,3
405,0.6666666666666666,0.0,0.5,0.75,1.0,0.5,4,8,4
406,0.4,-1.0,0.0,0.5,1.0,0.25,2,8,2
407,0.5,0.3333333333333333,0.6666666666666666,0.6666666666666666,1.0,0.3333333333333333,3,9,3
408,0.4,1.0,1.0,1.0,1.0,0.25,2,8,2
409,0.6153846153846153,0.0,0.5,0.5,1.0,0.4444444444444444,4,9,4
410,0.6153846153846153,0.6666666666666666,0.8333333333333333,0.75,1.0,0.4444444444444444,4,9,4
411,0.5,0.3333333333333333,0.6666666666666666,0.6666666666666666,1.0,0.3333333333333333,3,9,3
412,0.5454545454545454,1.0,1.0,1.0,1.0,0.375,3,8,3
413,0.6666666666666666,0.6666666666666666,0.8333333333333333,0.75,1.0,0.5,4,8,4
414,0.5454545454545454,-0.3333333333333333,0.33333333333333337,0.6666666666666666,1.0,0.375,3,8,3
415,0.4,1.0,1.0,1.0,1.0,0.25,2,8,2
416,0.5,-0.3333333333333333,0.33333333333333337,0.6666666666666666,1.0,0.3333333333333333,3,9,3
417,0.6666666666666666,-0.3333333333333333,0.33333333333333337,0.5,1.0,0.5,4,8,4
418,0.5454545454545454,0.3333333333333333,0.6666666666666666,0.6666666666666666,1.0,0.375,3,8,3
420,0.5714285714285715,0.0,0.5,0.5,1.0,0.4,4,10,4
421,0.5454545454545454,0.3333333333333333,0.6666666666666666,0.6666666666666666,1.0,0.375,3,8,3
422,0.6153846153846153,0.0,0.5,0.75,1.0,0.4444444444444444,4,9,4
423,0.5454545454545454,0.3333333333333333,0.6666666666666666,0.6666666666666666,1.0,0.375,3,8,3
424,0.5454545454545454,-0.3333333333333333,0.33333333333333337,0.6666666666666666,1.0,0.375,3,8,3
425,0.8571428571428571,0.2,0.6,0.6666666666666666,1.0,0.75,6,8,6
426,0.5454545454545454,1.0,1.0,1.0,1.0,0.375,3,8,3
427,0.18181818181818182,1.0,1.0,1.0,1.0,0.1,1,10,1
428,0.6153846153846153,0.0,0.5,0.5,1.0,0.4444444444444444,4,9,4
429,0.7692307692307693,-0.4,0.3,0.4,1.0,0.625,5,8,5
430,0.4,1.0,1.0,1.0,1.0,0.25,2,8,2
431,0.3636363636363636,-1.0,0.0,0.5,1.0,0.2222222222222222,2,9,2
432,0.5454545454545454,0.3333333333333333,0.6666666666666666,0.6666666666666666,1.0,0.375,3,8,3
433,0.7692307692307693,0.6,0.8,0.6,1.0,0.625,5,8,5
434,0.5,1.0,1.0,1.0,1.0,0.3333333333333333,3,9,3
435,0.4615384615384615,0.3333333333333333,0.6666666666666666,0.6666666666666666,1.0,0.3,3,10,3
436,0.4615384615384615,0.3333333333333333,0.6666666666666666,0.6666666666666666,1.0,0.3,3,10,3
437,0.5,-0.3333333333333333,0.33333333333333337,0.6666666666666666,1.0,0.3333333333333333,3,9,3
438,0.5714285714285715,1.0,1.0,1.0,1.0,0.4,4,10,4
439,0.5454545454545454,1.0,1.0,1.0,1.0,0.375,3,8,3
441,0.4,-1.0,0.0,0.5,1.0,0.25,2,8,2
442,0.6666666666666666,-0.6666666666666666,0.16666666666666669,0.5,1.0,0.5,4,8,4
443,0.5,0.3333333333333333,0.6666666666666666,0.6666666666666666,1.0,0.3333333333333333,3,9,3
444,0.4,1.0,1.0,1.0,1.0,0.25,2,8,2
445,0.6153846153846153,1.0,1.0,1.0,1.0,0.4444444444444444,4,9,4
446,0.7692307692307693,0.0,0.5,0.6,1.0,0.625,5,8,5
448,0.5454545454545454,0.3333333333333333,0.6666666666666666,0.6666666666666666,1.0,0.375,3,8,3
449,0.7142857142857143,-0.2,0.4,0.4,1.0,0.5555555555555556,5,9,5
450,0.5454545454545454,0.3333333333333333,0.6666666666666666,0.6666666666666666,1.0,0.375,3,8,3
451,0.5454545454545454,0.3333333333333333,0.6666666666666666,0.6666666666666666,1.0,0.375,3,8,3
452,0.5454545454545454,1.0,1.0,1.0,1.0,0.375,3,8,3
453,0.5454545454545454,-0.3333333333333333,0.33333333333333337,0.6666666666666666,1.0,0.375,3,8,3
454,0.5714285714285715,0.0,0.5,0.75,1.0,0.4,4,10,4
455,0.5454545454545454,0.3333333333333333,0.6666666666666666,0.6666666666666666,1.0,0.375,3,8,3
456,0.5,0.3333333333333333,0.6666666666666666,0.6666666666666666,1.0,0.3333333333333333,3,9,3
457,0.5,-0.3333333333333333,0.33333333333333337,0.6666666666666666,1.0,0.3333333333333333,3,9,3
458,0.5454545454545454,1.0,1.0,1.0,1.0,0.375,3,8,3
459,0.5454545454545454,-0.3333333333333333,0.33333333333333337,0.6666666666666666,1.0,0.375,3,8,3
460,0.5454545454545454,-0.3333333333333333,0.33333333333333337,0.6666666666666666,1.0,0.375,3,8,3
461,0.4,1.0,1.0,1.0,1.0,0.25,2,8,2
462,0.5454545454545454,0.3333333333333333,0.6666666666666666,0.6666666666666666,1.0,0.375,3,8,3
463,0.6666666666666666,0.3333333333333333,0.6666666666666666,0.75,1.0,0.5,4,8,4
464,0.5454545454545454,1.0,1.0,1.0,1.0,0.375,3,8,3
465,0.5454545454545454,1.0,1.0,1.0,1.0,0.375,3,8,3
466,0.5454545454545454,0.3333333333333333,0.6666666666666666,0.6666666666666666,1.0,0.375,3,8,3
467,0.6153846153846153,1.0,1.0,1.0,1.0,0.4444444444444444,4,9,4
468,0.5454545454545454,0.3333333333333333,0.6666666666666666,0.6666666666666666,1.0,0.375,3,8,3
469,0.7692307692307693,0.0,0.5,0.6,1.0,0.625,5,8,5
471,0.5454545454545454,1.0,1.0,1.0,1.0,0.375,3,8,3
472,0.4615384615384615,1.0,1.0,1.0,1.0,0.3,3,10,3
473,0.5714285714285715,1.0,1.0,1.0,1.0,0.4,4,10,4
474,0.5454545454545454,0.3333333333333333,0.6666666666666666,0.6666666666666666,1.0,0.375,3,8,3
475,0.4615384615384615,1.0,1.0,1.0,1.0,0.3,3,10,3
477,0.4444444444444445,1.0,1.0,1.0,1.0,0.2857142857142857,2,7,2
478,0.4615384615384615,1.0,1.0,1.0,1.0,0.3,3,10,3
479,0.5454545454545454,-0.3333333333333333,0.33333333333333337,0.6666666666666666,1.0,0.375,3,8,3
480,0.4,-1.0,0.0,0.5,1.0,0.25,2,8,2
481,0.5454545454545454,0.3333333333333333,0.6666666666666666,0.6666666666666666,1.0,0.375,3,8,3
482,0.4,1.0,1.0,1.0,1.0,0.25,2,8,2
484,0.4,1.0,1.0,1.0,1.0,0.25,2,8,2
485,0.5454545454545454,-0.3333333333333333,0.33333333333333337,0.6666666666666666,1.0,0.375,3,8,3
487,0.2222222222222222,1.0,1.0,1.0,1.0,0.125,1,8,1
488,0.4,1.0,1.0,1.0,1.0,0.25,2,8,2
489,0.5454545454545454,1.0,1.0,1.0,1.0,0.375,3,8,3
490,0.5454545454545454,-0.3333333333333333,0.33333333333333337,0.6666666666666666,1.0,0.375,3,8,3
491,0.5454545454545454,1.0,1.0,1.0,1.0,0.375,3,8,3
492,0.4,-1.0,0.0,0.5,1.0,0.25,2,8,2
493,1.0,0.35714285714285715,0.6785714285714286,0.625,1.0,1.0,8,8,8
494,0.6666666666666666,0.6666666666666666,0.8333333333333333,0.75,1.0,0.5,4,8,4
495,0.5454545454545454,0.3333333333333333,0.6666666666666666,0.6666666666666666,1.0,0.375,3,8,3
496,0.6666666666666666,-0.6666666666666666,0.16666666666666669,0.5,1.0,0.5,4,8,4
497,0.6153846153846153,0.0,0.5,0.5,1.0,0.4444444444444444,4,9,4
498,0.8,0.4666666666666667,0.7333333333333334,0.6666666666666666,1.0,0.6666666666666666,6,9,6
499,0.25,1.0,1.0,1.0,1.0,0.14285714285714285,1,7,1
500,0.7692307692307693,-0.2,0.4,0.6,1.0,0.625,5,8,5
502,0.5454545454545454,0.3333333333333333,0.6666666666666666,0.6666666666666666,1.0,0.375,3,8,3
503,0.5454545454545454,-0.3333333333333333,0.33333333333333337,0.6666666666666666,1.0,0.375,3,8,3
504,0.4615384615384615,1.0,1.0,1.0,1.0,0.3,3,10,3
505,0.5454545454545454,-1.0,0.0,0.3333333333333333,1.0,0.375,3,8,3
506,0.5454545454545454,-0.3333333333333333,0.33333333333333337,0.6666666666666666,1.0,0.375,3,8,3
507,0.5454545454545454,-0.3333333333333333,0.33333333333333337,0.6666666666666666,1.0,0.375,3,8,3
508,0.6666666666666666,1.0,1.0,1.0,1.0,0.5,4,8,4
509,0.4,1.0,1.0,1.0,1.0,0.25,2,8,2
510,0.5454545454545454,1.0,1.0,1.0,1.0,0.375,3,8,3
511,0.5,0.3333333333333333,0.6666666666666666,0.6666666666666666,1.0,0.3333333333333333,3,9,3
512,0.4615384615384615,-0.3333333333333333,0.33333333333333337,0.6666666666666666,1.0,0.3,3,10,3
513,0.6666666666666666,0.6666666666666666,0.8333333333333333,0.75,1.0,0.5,4,8,4
514,0.6666666666666666,0.0,0.5,0.5,1.0,0.5,4,8,4
515,0.5454545454545454,1.0,1.0,1.0,1.0,0.375,3,8,3
516,0.5454545454545454,0.3333333333333333,0.6666666666666666,0.6666666666666666,1.0,0.375,3,8,3
517,0.19999999999999998,1.0,1.0,1.0,1.0,0.1111111111111111,1,9,1
518,0.4,1.0,1.0,1.0,1.0,0.25,2,8,2
519,0.4,-1.0,0.0,0.5,1.0,0.25,2,8,2
520,0.6666666666666666,0.6666666666666666,0.8333333333333333,0.75,1.0,0.5,4,8,4
521,0.6666666666666666,-0.6666666666666666,0.16666666666666669,0.5,1.0,0.5,4,8,4
522,0.5,0.3333333333333333,0.6666666666666666,0.6666666666666666,1.0,0.3333333333333333,3,9,3
523,0.5454545454545454,1.0,1.0,1.0,1.0,0.375,3,8,3
524,0.5,0.3333333333333333,0.6666666666666666,0.6666666666666666,1.0,0.3333333333333333,3,9,3
525,0.2222222222222222,1.0,1.0,1.0,1.0,0.125,1,8,1
526,0.6666666666666666,0.6666666666666666,0.8333333333333333,0.75,1.0,0.5,4,8,4
527,0.4,1.0,1.0,1.0,1.0,0.25,2,8,2
528,0.5454545454545454,0.3333333333333333,0.6666666666666666,0.6666666666666666,1.0,0.375,3,8,3
529,0.5454545454545454,0.3333333333333333,0.6666666666666666,0.6666666666666666,1.0,0.375,3,8,3
530,0.5454545454545454,-0.3333333333333333,0.33333333333333337,0.6666666666666666,1.0,0.375,3,8,3
531,0.6153846153846153,0.0,0.5,0.5,1.0,0.4444444444444444,4,9,4
533,0.6666666666666666,0.0,0.5,0.75,1.0,0.5,4,8,4
534,0.5454545454545454,1.0,1.0,1.0,1.0,0.375,3,8,3
535,0.5454545454545454,-0.3333333333333333,0.33333333333333337,0.6666666666666666,1.0,0.375,3,8,3
536,0.5,1.0,1.0,1.0,1.0,0.3333333333333333,3,9,3
537,0.6666666666666666,0.0,0.5,0.5,1.0,0.5,4,8,4
538,0.6153846153846153,1.0,1.0,1.0,1.0,0.4444444444444444,4,9,4
539,0.6153846153846153,1.0,1.0,1.0,1.0,0.4444444444444444,4,9,4
540,0.5,-0.3333333333333333,0.33333333333333337,0.6666666666666666,1.0,0.3333333333333333,3,9,3
541,0.6153846153846153,0.3333333333333333,0.6666666666666666,0.75,1.0,0.4444444444444444,4,9,4
543,0.7692307692307693,0.8,0.9,0.8,1.0,0.625,5,8,5
544,0.5454545454545454,1.0,1.0,1.0,1.0,0.375,3,8,3
545,0.5454545454545454,1.0,1.0,1.0,1.0,0.375,3,8,3
546,0.5,0.3333333333333333,0.6666666666666666,0.6666666666666666,1.0,0.3333333333333333,3,9,3
547,0.5714285714285715,0.0,0.5,0.5,1.0,0.4,4,10,4
548,0.6666666666666666,0.0,0.5,0.5,1.0,0.5,4,8,4
549,0.5454545454545454,0.3333333333333333,0.6666666666666666,0.6666666666666666,1.0,0.375,3,8,3
550,0.5454545454545454,-0.3333333333333333,0.33333333333333337,0.6666666666666666,1.0,0.375,3,8,3
551,0.5454545454545454,1.0,1.0,1.0,1.0,0.375,3,8,3
552,0.5,1.0,1.0,1.0,1.0,0.3333333333333333,3,9,3
553,0.4,1.0,1.0,1.0,1.0,0.25,2,8,2
554,0.5454545454545454,0.3333333333333333,0.6666666666666666,0.6666666666666666,1.0,0.375,3,8,3
555,0.4,1.0,1.0,1.0,1.0,0.25,2,8,2
556,0.5454545454545454,-0.3333333333333333,0.33333333333333337,0.6666666666666666,1.0,0.375,3,8,3
557,0.5454545454545454,-0.3333333333333333,0.33333333333333337,0.6666666666666666,1.0,0.375,3,8,3
558,0.5,1.0,1.0,1.0,1.0,0.3333333333333333,3,9,3
559,0.5454545454545454,1.0,1.0,1.0,1.0,0.375,3,8,3
560,0.6666666666666666,0.3333333333333333,0.6666666666666666,0.75,1.0,0.5,4,8,4
561,0.5454545454545454,1.0,1.0,1.0,1.0,0.375,3,8,3
563,0.7142857142857143,0.0,0.5,0.6,1.0,0.5555555555555556,5,9,5
564,0.6666666666666666,0.6666666666666666,0.8333333333333333,0.75,1.0,0.5,4,8,4
565,0.4,1.0,1.0,1.0,1.0,0.25,3,12,3
566,0.6666666666666666,-0.3333333333333333,0.33333333333333337,0.5,1.0,0.5,4,8,4
567,0.5454545454545454,0.3333333333333333,0.6666666666666666,0.6666666666666666,1.0,0.375,3,8,3
568,0.5454545454545454,1.0,1.0,1.0,1.0,0.375,3,8,3
570,0.5454545454545454,-0.3333333333333333,0.33333333333333337,0.6666666666666666,1.0,0.375,3,8,3
571,0.4,1.0,1.0,1.0,1.0,0.25,2,8,2
572,0.4615384615384615,-1.0,0.0,0.3333333333333333,1.0,0.3,3,10,3
573,0.5454545454545454,0.3333333333333333,0.6666666666666666,0.6666666666666666,1.0,0.375,3,8,3
574,0.5454545454545454,1.0,1.0,1.0,1.0,0.375,3,8,3
575,0.4,-1.0,0.0,0.5,1.0,0.25,2,8,2
576,0.5,0.3333333333333333,0.6666666666666666,0.6666666666666666,1.0,0.3333333333333333,3,9,3
577,0.5454545454545454,1.0,1.0,1.0,1.0,0.375,3,8,3
578,0.6153846153846153,0.3333333333333333,0.6666666666666666,0.75,1.0,0.4444444444444444,4,9,4
579,0.6666666666666666,-0.6666666666666666,0.16666666666666669,0.5,1.0,0.5,4,8,4
580,0.5,0.3333333333333333,0.6666666666666666,0.6666666666666666,1.0,0.3333333333333333,3,9,3
581,0.7692307692307693,0.6,0.8,0.6,1.0,0.625,5,8,5
582,0.2222222222222222,1.0,1.0,1.0,1.0,0.125,1,8,1
583,0.3636363636363636,1.0,1.0,1.0,1.0,0.2222222222222222,2,9,2
584,0.6153846153846153,0.6666666666666666,0.8333333333333333,0.75,1.0,0.4444444444444444,4,9,4
587,0.5454545454545454,-0.3333333333333333,0.33333333333333337,0.6666666666666666,1.0,0.375,3,8,3
588,0.8571428571428571,1.0,1.0,1.0,1.0,0.75,6,8,6
589,0.5454545454545454,-0.3333333333333333,0.33333333333333337,0.6666666666666666,1.0,0.375,3,8,3
590,0.4,1.0,1.0,1.0,1.0,0.25,2,8,2
591,0.5454545454545454,0.3333333333333333,0.6666666666666666,0.6666666666666666,1.0,0.375,3,8,3
592,0.7692307692307693,0.4,0.7,0.8,1.0,0.625,5,8,5
593,0.2222222222222222,1.0,1.0,1.0,1.0,0.125,1,8,1
595,0.5454545454545454,-0.3333333333333333,0.33333333333333337,0.6666666666666666,1.0,0.375,3,8,3
596,0.6666666666666666,0.0,0.5,0.5,1.0,0.5,4,8,4
597,0.5454545454545454,0.3333333333333333,0.6666666666666666,0.6666666666666666,1.0,0.375,3,8,3
598,0.5,-0.3333333333333333,0.33333333333333337,0.6666666666666666,1.0,0.3333333333333333,3,9,3
599,0.5,1.0,1.0,1.0,1.0,0.3333333333333333,3,9,3
600,0.6666666666666666,0.3333333333333333,0.6666666666666666,0.75,1.0,0.5,4,8,4
601,0.5,-0.3333333333333333,0.33333333333333337,0.6666666666666666,1.0,0.3333333333333333,3,9,3
602,0.2222222222222222,1.0,1.0,1.0,1.0,0.125,1,8,1
603,0.5,1.0,1.0,1.0,1.0,0.3333333333333333,3,9,3
604,0.5454545454545454,1.0,1.0,1.0,1.0,0.375,3,8,3
605,0.6666666666666666,1.0,1.0,1.0,1.0,0.5,4,8,4
606,0.5454545454545454,-0.3333333333333333,0.33333333333333337,0.6666666666666666,1.0,0.375,3,8,3
607,0.5454545454545454,0.3333333333333333,0.6666666666666666,0.6666666666666666,1.0,0.375,3,8,3
608,0.4444444444444445,1.0,1.0,1.0,1.0,0.2857142857142857,2,7,2
609,0.5454545454545454,1.0,1.0,1.0,1.0,0.375,3,8,3
610,0.4615384615384615,0.3333333333333333,0.6666666666666666,0.6666666666666666,1.0,0.3,3,10,3
612,0.6666666666666666,1.0,1.0,1.0,1.0,0.5,4,8,4
613,0.2222222222222222,1.0,1.0,1.0,1.0,0.125,1,8,1
614,0.5714285714285715,-0.6666666666666666,0.16666666666666669,0.5,1.0,0.4,4,10,4
615,0.5454545454545454,-0.3333333333333333,0.33333333333333337,0.6666666666666666,1.0,0.375,3,8,3
616,0.3636363636363636,1.0,1.0,1.0,1.0,0.2222222222222222,2,9,2
617,0.4,-1.0,0.0,0.5,1.0,0.25,2,8,2
618,0.5454545454545454,1.0,1.0,1.0,1.0,0.375,3,8,3
619,0.5,1.0,1.0,1.0,1.0,0.3333333333333333,3,9,3
620,0.2222222222222222,1.0,1.0,1.0,1.0,0.125,1,8,1
621,0.5454545454545454,1.0,1.0,1.0,1.0,0.375,3,8,3
622,0.2222222222222222,1.0,1.0,1.0,1.0,0.125,1,8,1
623,0.5454545454545454,-0.3333333333333333,0.33333333333333337,0.6666666666666666,1.0,0.375,3,8,3
624,0.4615384615384615,-0.3333333333333333,0.33333333333333337,0.6666666666666666,1.0,0.3,3,10,3
625,0.4,1.0,1.0,1.0,1.0,0.25,2,8,2
626,0.5714285714285715,1.0,1.0,1.0,1.0,0.4,4,10,4
627,0.6666666666666666,-0.3333333333333333,0.33333333333333337,0.5,1.0,0.5,4,8,4
628,0.6666666666666666,1.0,1.0,1.0,1.0,0.5,4,8,4
629,0.5454545454545454,-0.3333333333333333,0.33333333333333337,0.6666666666666666,1.0,0.375,3,8,3
630,0.4,-1.0,0.0,0.5,1.0,0.25,2,8,2
631,1.0,0.07142857142857142,0.5357142857142857,0.5,1.0,1.0,8,8,8
632,0.5454545454545454,0.3333333333333333,0.6666666666666666,0.6666666666666666,1.0,0.375,3,8,3
633,0.6666666666666666,1.0,1.0,1.0,1.0,0.5,4,8,4
634,0.6666666666666666,-0.3333333333333333,0.33333333333333337,0.5,1.0,0.5,4,8,4
635,0.5454545454545454,0.3333333333333333,0.6666666666666666,0.6666666666666666,1.0,0.375,3,8,3
636,0.5454545454545454,0.3333333333333333,0.6666666666666666,0.6666666666666666,1.0,0.375,3,8,3
637,0.8571428571428571,0.06666666666666667,0.5333333333333333,0.5,1.0,0.75,6,8,6
638,0.5454545454545454,1.0,1.0,1.0,1.0,0.375,3,8,3
639,0.4,1.0,1.0,1.0,1.0,0.25,2,8,2
640,0.5,0.3333333333333333,0.6666666666666666,0.75,1.0,0.3333333333333333,4,12,4
641,0.5454545454545454,-0.3333333333333333,0.33333333333333337,0.6666666666666666,1.0,0.375,3,8,3
642,0.3636363636363636,-1.0,0.0,0.5,1.0,0.2222222222222222,2,9,2
643,0.3636363636363636,1.0,1.0,1.0,1.0,0.2222222222222222,2,9,2
644,0.5454545454545454,1.0,1.0,1.0,1.0,0.375,3,8,3
646,0.6,-0.3333333333333333,0.33333333333333337,0.6666666666666666,1.0,0.42857142857142855,3,7,3
647,0.5454545454545454,0.3333333333333333,0.6666666666666666,0.6666666666666666,1.0,0.375,3,8,3
648,0.4,1.0,1.0,1.0,1.0,0.25,2,8,2
649,0.5,-0.3333333333333333,0.33333333333333337,0.6666666666666666,1.0,0.3333333333333333,3,9,3
650,0.5454545454545454,0.3333333333333333,0.6666666666666666,0.6666666666666666,1.0,0.375,3,8,3
651,0.3636363636363636,1.0,1.0,1.0,1.0,0.2222222222222222,2,9,2
652,0.5454545454545454,0.3333333333333333,0.6666666666666666,0.6666666666666666,1.0,0.375,3,8,3
653,0.5454545454545454,-0.3333333333333333,0.33333333333333337,0.6666666666666666,1.0,0.375,3,8,3
654,0.5454545454545454,0.3333333333333333,0.6666666666666666,0.6666666666666666,1.0,0.375,3,8,3
655,0.4,1.0,1.0,1.0,1.0,0.25,2,8,2
656,0.5454545454545454,1.0,1.0,1.0,1.0,0.375,3,8,3
657,0.5454545454545454,-0.3333333333333333,0.33333333333333337,0.6666666666666666,1.0,0.375,3,8,3
658,0.4,-1.0,0.0,0.5,1.0,0.25,2,8,2
659,0.5,-0.3333333333333333,0.33333333333333337,0.6666666666666666,1.0,0.3333333333333333,3,9,3
660,0.4,-1.0,0.0,0.5,1.0,0.25,2,8,2
661,0.7142857142857143,0.6,0.8,0.8,1.0,0.5555555555555556,5,9,5
662,0.5454545454545454,1.0,1.0,1.0,1.0,0.375,3,8,3
663,0.5454545454545454,0.3333333333333333,0.6666666666666666,0.6666666666666666,1.0,0.375,3,8,3
664,0.5454545454545454,-0.3333333333333333,0.33333333333333337,0.6666666666666666,1.0,0.375,3,8,3
665,0.6666666666666666,1.0,1.0,1.0,1.0,0.5,4,8,4
666,0.8571428571428571,0.3333333333333333,0.6666666666666666,0.6666666666666666,1.0,0.75,6,8,6
667,0.4,-1.0,0.0,0.5,1.0,0.25,2,8,2
668,0.7142857142857143,0.4,0.7,0.8,1.0,0.5555555555555556,5,9,5
670,0.5454545454545454,1.0,1.0,1.0,1.0,0.375,3,8,3
671,0.6666666666666666,0.6666666666666666,0.8333333333333333,0.75,1.0,0.5,4,8,4
672,0.4,1.0,1.0,1.0,1.0,0.25,2,8,2
673,0.5454545454545454,-0.3333333333333333,0.33333333333333337,0.6666666666666666,1.0,0.375,3,8,3
674,0.5454545454545454,-1.0,0.0,0.3333333333333333,1.0,0.375,3,8,3
675,0.7142857142857143,0.0,0.5,0.6,1.0,0.5555555555555556,5,9,5
676,0.7692307692307693,0.6,0.8,0.8,1.0,0.625,5,8,5
677,0.6153846153846153,1.0,1.0,1.0,1.0,0.4444444444444444,4,9,4
678,0.5714285714285715,0.0,0.5,0.5,1.0,0.4,4,10,4
679,0.33333333333333337,-1.0,0.0,0.5,1.0,0.2,2,10,2
680,0.5454545454545454,0.3333333333333333,0.6666666666666666,0.6666666666666666,1.0,0.375,3,8,3
681,0.5333333333333333,-0.3333333333333333,0.33333333333333337,0.5,1.0,0.36363636363636365,4,11,4
682,0.5714285714285715,1.0,1.0,1.0,1.0,0.4,4,10,4
683,0.6153846153846153,0.6666666666666666,0.8333333333333333,0.75,1.0,0.4444444444444444,4,9,4
684,0.7142857142857143,0.8,0.9,0.8,1.0,0.5555555555555556,5,9,5
685,0.5454545454545454,1.0,1.0,1.0,1.0,0.375,3,8,3
686,0.6153846153846153,0.6666666666666666,0.8333333333333333,0.75,1.0,0.4444444444444444,4,9,4
687,0.7692307692307693,0.4,0.7,0.6,1.0,0.625,5,8,5
688,0.6666666666666666,1.0,1.0,1.0,1.0,0.5,4,8,4
689,0.7692307692307693,0.6,0.8,0.8,1.0,0.625,5,8,5
690,0.5454545454545454,-0.3333333333333333,0.33333333333333337,0.6666666666666666,1.0,0.375,3,8,3
691,0.3636363636363636,1.0,1.0,1.0,1.0,0.2222222222222222,2,9,2
692,0.5,-0.3333333333333333,0.33333333333333337,0.6666666666666666,1.0,0.3333333333333333,3,9,3
693,0.6666666666666666,1.0,1.0,1.0,1.0,0.5,4,8,4
694,0.6666666666666666,-0.3333333333333333,0.33333333333333337,0.5,1.0,0.5,4,8,4
695,0.5454545454545454,-1.0,0.0,0.3333333333333333,1.0,0.375,3,8,3
696,0.6666666666666666,0.6666666666666666,0.8333333333333333,0.75,1.0,0.5,4,8,4
698,0.5454545454545454,0.3333333333333333,0.6666666666666666,0.6666666666666666,1.0,0.375,3,8,3
699,0.5454545454545454,-1.0,0.0,0.3333333333333333,1.0,0.375,3,8,3
701,0.5,0.3333333333333333,0.6666666666666666,0.6666666666666666,1.0,0.3333333333333333,3,9,3
702,0.6666666666666666,0.6666666666666666,0.8333333333333333,0.75,1.0,0.5,4,8,4
703,0.4615384615384615,0.3333333333333333,0.6666666666666666,0.6666666666666666,1.0,0.3,3,10,3
704,0.5454545454545454,-0.3333333333333333,0.33333333333333337,0.6666666666666666,1.0,0.375,3,8,3
705,0.5454545454545454,1.0,1.0,1.0,1.0,0.375,3,8,3
707,0.5454545454545454,-0.3333333333333333,0.33333333333333337,0.6666666666666666,1.0,0.375,3,8,3
708,0.5454545454545454,-0.3333333333333333,0.33333333333333337,0.6666666666666666,1.0,0.375,3,8,3
709,0.5454545454545454,1.0,1.0,1.0,1.0,0.375,3,8,3
710,0.7142857142857143,0.6,0.8,0.6,1.0,0.5555555555555556,5,9,5
711,0.5,-1.0,0.0,0.3333333333333333,1.0,0.3333333333333333,3,9,3
712,0.5454545454545454,-0.3333333333333333,0.33333333333333337,0.6666666666666666,1.0,0.375,3,8,3
713,0.5454545454545454,-1.0,0.0,0.3333333333333333,1.0,0.375,3,8,3
714,0.5,0.3333333333333333,0.6666666666666666,0.6666666666666666,1.0,0.3333333333333333,3,9,3
715,0.5454545454545454,0.3333333333333333,0.6666666666666666,0.6666666666666666,1.0,0.375,3,8,3
716,0.5,0.3333333333333333,0.6666666666666666,0.6666666666666666,1.0,0.3333333333333333,3,9,3
717,0.6153846153846153,-0.3333333333333333,0.33333333333333337,0.5,1.0,0.4444444444444444,4,9,4
718,0.5454545454545454,1.0,1.0,1.0,1.0,0.375,3,8,3
720,0.4,1.0,1.0,1.0,1.0,0.25,2,8,2
721,0.6666666666666666,0.3333333333333333,0.6666666666666666,0.75,1.0,0.5,4,8,4
722,0.7692307692307693,0.2,0.6,0.6,1.0,0.625,5,8,5
723,0.7692307692307693,0.4,0.7,0.6,1.0,0.625,5,8,5
724,0.6666666666666666,1.0,1.0,1.0,1.0,0.5,4,8,4
725,0.6666666666666666,0.3333333333333333,0.6666666666666666,0.75,1.0,0.5,4,8,4
726,0.5714285714285715,0.0,0.5,0.5,1.0,0.4,4,10,4
727,0.6666666666666666,0.3333333333333333,0.6666666666666666,0.5,1.0,0.5,4,8,4
728,0.5,1.0,1.0,1.0,1.0,0.3333333333333333,3,9,3
729,0.4615384615384615,1.0,1.0,1.0,1.0,0.3,3,10,3
732,0.5454545454545454,-0.3333333333333333,0.33333333333333337,0.6666666666666666,1.0,0.375,3,8,3
734,0.5,-0.3333333333333333,0.33333333333333337,0.6666666666666666,1.0,0.3333333333333333,3,9,3
735,0.3076923076923077,1.0,1.0,1.0,1.0,0.18181818181818182,2,11,2
736,0.7692307692307693,0.6,0.8,0.6,1.0,0.625,5,8,5
737,0.2857142857142857,1.0,1.0,1.0,1.0,0.16666666666666666,2,12,2
738,0.7692307692307693,0.6,0.8,0.8,1.0,0.625,5,8,5
739,0.6666666666666666,0.0,0.5,0.5,1.0,0.5,4,8,4
740,0.5,1.0,1.0,1.0,1.0,0.3333333333333333,3,9,3
741,0.5454545454545454,0.3333333333333333,0.6666666666666666,0.6666666666666666,1.0,0.375,3,8,3
742,0.4,1.0,1.0,1.0,1.0,0.25,2,8,2
743,0.6153846153846153,0.3333333333333333,0.6666666666666666,0.75,1.0,0.4444444444444444,4,9,4
744,0.5454545454545454,0.3333333333333333,0.6666666666666666,0.6666666666666666,1.0,0.375,3,8,3
745,0.5454545454545454,1.0,1.0,1.0,1.0,0.375,3,8,3
746,0.5454545454545454,1.0,1.0,1.0,1.0,0.375,3,8,3
747,0.6666666666666666,0.6666666666666666,0.8333333333333333,0.75,1.0,0.5,4,8,4
748,0.6153846153846153,0.3333333333333333,0.6666666666666666,0.75,1.0,0.4444444444444444,4,9,4
749,0.4,-1.0,0.0,0.5,1.0,0.25,2,8,2
750,0.4,-1.0,0.0,0.5,1.0,0.25,2,8,2
751,0.5454545454545454,1.0,1.0,1.0,1.0,0.375,3,8,3
752,0.4,1.0,1.0,1.0,1.0,0.25,2,8,2
753,0.5454545454545454,-1.0,0.0,0.3333333333333333,1.0,0.375,3,8,3
754,0.5,-0.3333333333333333,0.33333333333333337,0.6666666666666666,1.0,0.3333333333333333,3,9,3
755,0.42857142857142855,0.3333333333333333,0.6666666666666666,0.6666666666666666,1.0,0.2727272727272727,3,11,3
756,0.7142857142857143,0.2,0.6,0.6,1.0,0.5555555555555556,5,9,5
757,0.5454545454545454,1.0,1.0,1.0,1.0,0.375,3,8,3
758,0.5714285714285715,0.6666666666666666,0.8333333333333333,0.75,1.0,0.4,4,10,4
759,0.5454545454545454,1.0,1.0,1.0,1.0,0.375,3,8,3
760,0.6666666666666666,0.0,0.5,0.5,1.0,0.5,4,8,4
761,0.6666666666666666,1.0,1.0,1.0,1.0,0.5,4,8,4
762,0.6666666666666666,-0.3333333333333333,0.33333333333333337,0.5,1.0,0.5,4,8,4
763,0.6153846153846153,0.6666666666666666,0.8333333333333333,0.75,1.0,0.4444444444444444,4,9,4
764,0.4,-1.0,0.0,0.5,1.0,0.25,2,8,2
765,0.47058823529411764,0.3333333333333333,0.6666666666666666,0.5,1.0,0.3076923076923077,4,13,4
766,0.625,-0.8,0.09999999999999998,0.4,1.0,0.45454545454545453,5,11,5
768,0.5,-0.3333333333333333,0.33333333333333337,0.6666666666666666,1.0,0.3333333333333333,3,9,3
769,0.5555555555555556,0.0,0.5,0.6,1.0,0.38461538461538464,5,13,5
770,0.7142857142857143,0.6444444444444445,0.8222222222222222,0.7,1.0,0.5555555555555556,10,18,10
771,0.4,-0.6666666666666666,0.16666666666666669,0.5,1.0,0.25,4,16,4
772,0.9166666666666666,0.7454545454545455,0.8727272727272728,0.7272727272727273,1.0,0.8461538461538461,11,13,11
773,0.5555555555555556,0.6,0.8,0.8,1.0,0.38461538461538464,5,13,5
774,0.5555555555555556,-0.6,0.2,0.4,1.0,0.38461538461538464,5,13,5
775,0.631578947368421,0.6,0.8,0.6666666666666666,1.0,0.46153846153846156,6,13,6
776,0.6666666666666666,1.0,1.0,1.0,1.0,0.5,3,6,3
777,0.6666666666666666,0.2,0.6,0.6,1.0,0.5,5,10,5
778,0.47058823529411764,0.0,0.5,0.5,1.0,0.3076923076923077,4,13,4
779,0.47058823529411764,-0.6666666666666666,0.16666666666666669,0.5,1.0,0.3076923076923077,4,13,4
780,0.8695652173913044,0.1111111111111111,0.5555555555555556,0.4,1.0,0.7692307692307693,10,13,10
781,0.7142857142857143,0.6,0.8,0.8,1.0,0.5555555555555556,5,9,5
782,0.8333333333333333,-0.8,0.09999999999999998,0.4,1.0,0.7142857142857143,5,7,5
783,0.4210526315789474,-0.6666666666666666,0.16666666666666669,0.5,1.0,0.26666666666666666,4,15,4
784,0.4,1.0,1.0,1.0,1.0,0.25,3,12,3
785,0.45714285714285713,0.2857142857142857,0.6428571428571428,0.5,1.0,0.2962962962962963,8,27,8
786,0.7499999999999999,0.3333333333333333,0.6666666666666666,0.6666666666666666,1.0,0.6,6,10,6
789,0.4615384615384615,1.0,1.0,1.0,1.0,0.3,3,10,3
790,0.3636363636363636,0.0,0.5,0.75,1.0,0.2222222222222222,4,18,4
791,0.5,-0.8,0.09999999999999998,0.4,1.0,0.3333333333333333,5,15,5
792,0.4,0.3333333333333333,0.6666666666666666,0.6666666666666666,1.0,0.25,3,12,3
793,0.47058823529411764,-0.6666666666666666,0.16666666666666669,0.5,1.0,0.3076923076923077,4,13,4
794,0.3636363636363636,1.0,1.0,1.0,1.0,0.2222222222222222,4,18,4
795,0.6086956521739131,0.6190476190476191,0.8095238095238095,0.7142857142857143,1.0,0.4375,7,16,7
796,0.5454545454545454,1.0,1.0,1.0,1.0,0.375,3,8,3
799,0.2857142857142857,0.0,0.5,0.75,1.0,0.16666666666666666,4,24,4
800,0.6666666666666666,0.06666666666666667,0.5333333333333333,0.5,1.0,0.5,6,12,6
803,0.6896551724137931,-0.3333333333333333,0.33333333333333337,0.4,1.0,0.5263157894736842,10,19,10
805,0.5555555555555556,0.0,0.5,0.6,1.0,0.38461538461538464,5,13,5
806,0.4,-0.3333333333333333,0.33333333333333337,0.5,1.0,0.25,4,16,4
807,0.3636363636363636,-1.0,0.0,0.5,1.0,0.2222222222222222,2,9,2
808,0.5263157894736842,0.4,0.7,0.8,1.0,0.35714285714285715,5,14,5
809,0.72,0.05555555555555555,0.5277777777777778,0.5555555555555556,1.0,0.5625,9,16,9
811,0.8,-0.3333333333333333,0.33333333333333337,0.5,1.0,0.6666666666666666,6,9,6
812,0.7857142857142858,0.05454545454545454,0.5272727272727272,0.36363636363636365,1.0,0.6470588235294118,11,17,11
813,0.6666666666666666,0.2,0.6,0.6666666666666666,1.0,0.5,6,12,6
815,0.47058823529411764,0.0,0.5,0.75,1.0,0.3076923076923077,4,13,4
817,0.5555555555555556,0.0,0.5,0.6,1.0,0.38461538461538464,5,13,5
818,0.5833333333333334,0.3333333333333333,0.6666666666666666,0.5714285714285714,1.0,0.4117647058823529,7,17,7
819,0.47058823529411764,0.0,0.5,0.5,1.0,0.3076923076923077,4,13,4
820,0.962962962962963,0.23076923076923078,0.6153846153846154,0.6153846153846154,1.0,0.9285714285714286,13,14,13
821,0.7368421052631579,0.14285714285714285,0.5714285714285714,0.42857142857142855,1.0,0.5833333333333334,7,12,7
822,0.3448275862068966,-0.2,0.4,0.6,1.0,0.20833333333333334,5,24,5
823,0.846153846153846,0.2727272727272727,0.6363636363636364,0.5454545454545454,1.0,0.7333333333333333,11,15,11
824,0.9166666666666666,0.01818181818181818,0.509090909090909,0.45454545454545453,0.8461538461538461,1.0,13,11,11
825,0.47619047619047616,-0.2,0.4,0.4,1.0,0.3125,5,16,5
826,0.5,-0.3333333333333333,0.33333333333333337,0.5,1.0,0.3333333333333333,4,12,4
827,0.375,1.0,1.0,1.0,1.0,0.23076923076923078,3,13,3
829,0.7058823529411764,-0.6,0.2,0.3333333333333333,1.0,0.5454545454545454,6,11,6
831,0.47058823529411764,0.6666666666666666,0.8333333333333333,0.75,1.0,0.3076923076923077,4,13,4
832,0.47619047619047616,-0.4,0.3,0.4,1.0,0.3125,5,16,5
833,1.0,0.21212121212121213,0.6060606060606061,0.4166666666666667,1.0,1.0,12,12,12
834,0.6666666666666666,-0.07142857142857142,0.4642857142857143,0.375,1.0,0.5,8,16,8
835,0.6923076923076924,0.5,0.75,0.5555555555555556,1.0,0.5294117647058824,9,17,9
836,0.47058823529411764,0.0,0.5,0.75,1.0,0.3076923076923077,4,13,4
837,0.5333333333333333,0.6666666666666666,0.8333333333333333,0.75,1.0,0.36363636363636365,4,11,4
839,0.6086956521739131,0.23809523809523808,0.6190476190476191,0.5714285714285714,1.0,0.4375,7,16,7
841,0.4347826086956522,-0.4,0.3,0.4,1.0,0.2777777777777778,5,18,5
842,0.6399999999999999,-0.21428571428571427,0.39285714285714285,0.5,1.0,0.47058823529411764,8,17,8
843,0.7586206896551725,-0.01818181818181818,0.4909090909090909,0.45454545454545453,1.0,0.6111111111111112,11,18,11
844,0.3846153846153846,0.0,0.5,0.6,1.0,0.23809523809523808,5,21,5
845,0.4,-0.3333333333333333,0.33333333333333337,0.6666666666666666,1.0,0.25,3,12,3
846,0.9473684210526316,0.3888888888888889,0.6944444444444444,0.6666666666666666,0.9,1.0,10,9,9
848,0.8,0.35714285714285715,0.6785714285714286,0.5,1.0,0.6666666666666666,8,12,8
849,0.631578947368421,0.06666666666666667,0.5333333333333333,0.6666666666666666,1.0,0.46153846153846156,6,13,6
850,0.8181818181818181,0.3333333333333333,0.6666666666666666,0.5555555555555556,1.0,0.6923076923076923,9,13,9
851,0.5333333333333333,1.0,1.0,1.0,1.0,0.36363636363636365,4,11,4
852,0.8235294117647058,-0.047619047619047616,0.47619047619047616,0.5714285714285714,1.0,0.7,7,10,7
853,0.375,0.3333333333333333,0.6666666666666666,0.6666666666666666,1.0,0.23076923076923078,3,13,3
854,0.5384615384615384,-0.3333333333333333,0.33333333333333337,0.42857142857142855,1.0,0.3684210526315789,7,19,7
855,0.5789473684210525,0.2727272727272727,0.6363636363636364,0.5454545454545454,1.0,0.4074074074074074,11,27,11
856,0.7000000000000001,-0.42857142857142855,0.2857142857142857,0.42857142857142855,1.0,0.5384615384615384,7,13,7
857,0.8695652173913044,0.6,0.8,0.5,1.0,0.7692307692307693,10,13,10
858,0.7272727272727273,0.42857142857142855,0.7142857142857143,0.5,1.0,0.5714285714285714,8,14,8
859,0.5555555555555556,-0.4,0.3,0.4,1.0,0.38461538461538464,5,13,5
860,0.7272727272727273,-0.07142857142857142,0.4642857142857143,0.625,1.0,0.5714285714285714,8,14,8
861,0.4210526315789474,-0.3333333333333333,0.33333333333333337,0.5,1.0,0.26666666666666666,4,15,4
862,0.8181818181818181,0.6666666666666666,0.8333333333333333,0.6666666666666666,1.0,0.6923076923076923,9,13,9
863,0.47058823529411764,-0.3333333333333333,0.33333333333333337,0.5,1.0,0.3076923076923077,4,13,4
864,0.5263157894736842,0.0,0.5,0.6,1.0,0.35714285714285715,5,14,5
866,0.631578947368421,-0.2,0.4,0.5,1.0,0.46153846153846156,6,13,6
867,0.4,1.0,1.0,1.0,1.0,0.25,3,12,3
868,0.5882352941176471,0.2,0.6,0.6,1.0,0.4166666666666667,5,12,5
869,0.7368421052631579,0.23809523809523808,0.6190476190476191,0.5714285714285714,1.0,0.5833333333333334,7,12,7
870,0.6956521739130436,0.14285714285714285,0.5714285714285714,0.625,1.0,0.5333333333333333,8,15,8
871,0.7272727272727273,0.0,0.5,0.5,1.0,0.5714285714285714,8,14,8
872,0.6,-0.06666666666666667,0.4666666666666667,0.6666666666666666,1.0,0.42857142857142855,6,14,6
873,0.6,-0.06666666666666667,0.4666666666666667,0.6666666666666666,1.0,0.42857142857142855,6,14,6
876,0.631578947368421,0.6,0.8,0.6666666666666666,1.0,0.46153846153846156,6,13,6
878,0.9090909090909091,0.37777777777777777,0.6888888888888889,0.6,1.0,0.8333333333333334,10,12,10
879,0.761904761904762,0.14285714285714285,0.5714285714285714,0.375,1.0,0.6153846153846154,8,13,8
880,0.8181818181818181,0.3888888888888889,0.6944444444444444,0.6666666666666666,1.0,0.6923076923076923,9,13,9
882,0.5333333333333333,0.6666666666666666,0.8333333333333333,0.75,1.0,0.36363636363636365,4,11,4
883,0.8,0.5714285714285714,0.7857142857142857,0.625,1.0,0.6666666666666666,8,12,8
884,0.4444444444444445,-0.6666666666666666,0.16666666666666669,0.5,1.0,0.2857142857142857,4,14,4
885,0.6666666666666666,0.2,0.6,0.6666666666666666,1.0,0.5,6,12,6
886,0.6,0.3333333333333333,0.6666666666666666,0.6666666666666666,1.0,0.42857142857142855,6,14,6
888,0.6153846153846153,0.3333333333333333,0.6666666666666666,0.5,1.0,0.4444444444444444,4,9,4
889,0.4444444444444445,0.6666666666666666,0.8333333333333333,0.75,1.0,0.2857142857142857,4,14,4
890,0.5882352941176471,0.8,0.9,0.8,1.0,0.4166666666666667,5,12,5
891,0.962962962962963,0.0,0.5,0.38461538461538464,1.0,0.9285714285714286,13,14,13
892,0.375,0.3333333333333333,0.6666666666666666,0.6666666666666666,1.0,0.23076923076923078,3,13,3
893,0.5555555555555556,0.0,0.5,0.6,1.0,0.38461538461538464,5,13,5
894,0.5263157894736842,0.2,0.6,0.6,1.0,0.35714285714285715,5,14,5
895,0.6,0.3333333333333333,0.6666666666666666,0.5,1.0,0.42857142857142855,6,14,6
896,0.962962962962963,0.1282051282051282,0.5641025641025641,0.46153846153846156,1.0,0.9285714285714286,13,14,13
897,0.6666666666666666,-0.047619047619047616,0.47619047619047616,0.5714285714285714,1.0,0.5,7,14,7
899,0.5882352941176471,0.8,0.9,0.8,1.0,0.4166666666666667,5,12,5
900,0.8333333333333333,0.022222222222222223,0.5111111111111111,0.4,1.0,0.7142857142857143,10,14,10
901,0.7058823529411764,0.6,0.8,0.8333333333333334,1.0,0.5454545454545454,6,11,6
902,0.7058823529411764,-0.2,0.4,0.5,1.0,0.5454545454545454,6,11,6
904,0.962962962962963,0.05128205128205128,0.5256410256410257,0.3076923076923077,0.9285714285714286,1.0,14,13,13
905,0.5263157894736842,0.0,0.5,0.6,1.0,0.35714285714285715,5,14,5
906,0.8571428571428571,0.2777777777777778,0.6388888888888888,0.5555555555555556,1.0,0.75,9,12,9
908,1.0,0.42857142857142855,0.7142857142857143,0.5,1.0,1.0,8,8,8
910,0.47619047619047616,0.0,0.5,0.4,1.0,0.3125,5,16,5
911,0.7777777777777778,-0.14285714285714285,0.4285714285714286,0.42857142857142855,1.0,0.6363636363636364,7,11,7
913,0.6666666666666666,-0.3333333333333333,0.33333333333333337,0.42857142857142855,1.0,0.5,7,14,7
914,0.5882352941176471,0.4,0.7,0.6,1.0,0.4166666666666667,5,12,5
915,0.4615384615384615,0.3333333333333333,0.6666666666666666,0.6666666666666666,1.0,0.3,3,10,3
916,0.88,0.16363636363636364,0.5818181818181818,0.45454545454545453,1.0,0.7857142857142857,11,14,11
917,0.6666666666666666,0.06666666666666667,0.5333333333333333,0.6666666666666666,1.0,0.5,6,12,6
918,0.761904761904762,-0.21428571428571427,0.39285714285714285,0.5,1.0,0.6153846153846154,8,13,8
919,0.5882352941176471,-0.4,0.3,0.4,1.0,0.4166666666666667,5,12,5
920,0.7142857142857143,0.6,0.8,0.8,1.0,0.5555555555555556,5,9,5
921,0.5333333333333333,0.0,0.5,0.75,1.0,0.36363636363636365,4,11,4
922,0.5,0.3333333333333333,0.6666666666666666,0.75,1.0,0.3333333333333333,4,12,4
923,0.6666666666666666,0.5238095238095238,0.7619047619047619,0.8571428571428571,1.0,0.5,7,14,7
924,0.4444444444444445,0.0,0.5,0.5,1.0,0.2857142857142857,4,14,4
925,0.47058823529411764,-0.3333333333333333,0.33333333333333337,0.5,1.0,0.3076923076923077,4,13,4
928,0.5882352941176471,-0.6,0.2,0.4,1.0,0.4166666666666667,5,12,5
930,0.9473684210526316,0.2222222222222222,0.6111111111111112,0.5555555555555556,1.0,0.9,9,10,9
931,0.6666666666666666,0.14285714285714285,0.5714285714285714,0.5714285714285714,1.0,0.5,7,14,7
938,0.6666666666666666,0.3333333333333333,0.6666666666666666,0.5714285714285714,1.0,0.5,7,14,7
940,0.4,-0.3333333333333333,0.33333333333333337,0.6666666666666666,1.0,0.25,3,12,3
942,0.9090909090909091,0.4666666666666667,0.7333333333333334,0.7,1.0,0.8333333333333334,10,12,10
943,0.5882352941176471,-0.2,0.4,0.4,1.0,0.4166666666666667,5,12,5
948,0.5263157894736842,0.4,0.7,0.6,1.0,0.35714285714285715,5,14,5
949,0.8,-0.2857142857142857,0.35714285714285715,0.375,1.0,0.6666666666666666,8,12,8
954,0.7000000000000001,-0.047619047619047616,0.47619047619047616,0.42857142857142855,1.0,0.5384615384615384,7,13,7
958,0.7368421052631579,0.23809523809523808,0.6190476190476191,0.5714285714285714,1.0,0.5833333333333334,7,12,7
959,0.7368421052631579,-0.047619047619047616,0.47619047619047616,0.42857142857142855,1.0,0.5833333333333334,7,12,7
962,0.5555555555555556,0.2,0.6,0.6,1.0,0.38461538461538464,5,13,5
974,0.9600000000000001,-0.15151515151515152,0.42424242424242425,0.3333333333333333,1.0,0.9230769230769231,12,13,12
975,0.6666666666666666,0.6,0.8,0.6,1.0,0.5,5,10,5
981,0.9473684210526316,0.2777777777777778,0.6388888888888888,0.5555555555555556,1.0,0.9,9,10,9
983,0.6666666666666666,-0.047619047619047616,0.47619047619047616,0.5714285714285714,1.0,0.5,7,14,7
985,0.6363636363636364,-0.14285714285714285,0.4285714285714286,0.42857142857142855,1.0,0.4666666666666667,7,15,7
986,0.6,0.2,0.6,0.5,1.0,0.42857142857142855,6,14,6
987,0.888888888888889,0.5757575757575758,0.7878787878787878,0.5833333333333334,0.8,1.0,15,12,12
988,0.7499999999999999,0.1111111111111111,0.5555555555555556,0.6666666666666666,1.0,0.6,9,15,9
989,0.5714285714285715,1.0,1.0,1.0,1.0,0.4,4,10,4
990,0.8571428571428571,0.1111111111111111,0.5555555555555556,0.5555555555555556,1.0,0.75,9,12,9
995,0.631578947368421,0.06666666666666667,0.5333333333333333,0.5,1.0,0.46153846153846156,6,13,6
996,0.5263157894736842,0.8,0.9,0.8,1.0,0.35714285714285715,5,14,5
998,0.7777777777777778,0.3333333333333333,0.6666666666666666,0.42857142857142855,0.6363636363636364,1.0,11,7,7
999,0.5,0.0,0.5,0.6,1.0,0.3333333333333333,5,15,5
1000,0.7000000000000001,0.9047619047619048,0.9523809523809523,0.8571428571428571,1.0,0.5384615384615384,7,13,7
1002,0.9090909090909091,0.2,0.6,0.5,1.0,0.8333333333333334,10,12,10
1003,0.888888888888889,0.5714285714285714,0.7857142857142857,0.75,1.0,0.8,8,10,8
1005,0.6666666666666666,0.14285714285714285,0.5714285714285714,0.5714285714285714,1.0,0.5,7,14,7
1007,0.9333333333333333,-0.14285714285714285,0.4285714285714286,0.42857142857142855,0.875,1.0,8,7,7
1008,0.8695652173913044,0.2,0.6,0.5,1.0,0.7692307692307693,10,13,10
1016,0.88,0.01818181818181818,0.509090909090909,0.45454545454545453,1.0,0.7857142857142857,11,14,11
1021,0.5882352941176471,0.6,0.8,0.8,1.0,0.4166666666666667,5,12,5
1022,0.88,0.2727272727272727,0.6363636363636364,0.5454545454545454,1.0,0.7857142857142857,11,14,11
1026,0.7000000000000001,-0.14285714285714285,0.4285714285714286,0.42857142857142855,1.0,0.5384615384615384,7,13,7
1027,0.7272727272727273,0.0,0.5,0.5,1.0,0.5714285714285714,8,14,8
1028,0.7368421052631579,0.047619047619047616,0.5238095238095238,0.42857142857142855,1.0,0.5833333333333334,7,12,7
1034,0.7368421052631579,-0.047619047619047616,0.47619047619047616,0.42857142857142855,1.0,0.5833333333333334,7,12,7
1035,0.6,-0.06666666666666667,0.4666666666666667,0.5,1.0,0.42857142857142855,6,14,6
1036,0.7272727272727273,0.14285714285714285,0.5714285714285714,0.625,1.0,0.5714285714285714,8,14,8
1037,0.5263157894736842,0.6,0.8,0.6,1.0,0.35714285714285715,5,14,5
1039,0.5555555555555556,0.8,0.9,0.8,1.0,0.38461538461538464,5,13,5
1042,0.6666666666666666,0.06666666666666667,0.5333333333333333,0.6666666666666666,1.0,0.5,6,12,6
1046,0.7499999999999999,-0.4666666666666667,0.26666666666666666,0.5,1.0,0.6,6,10,6
1047,0.5263157894736842,0.4,0.7,0.6,1.0,0.35714285714285715,5,14,5
1048,0.7272727272727273,0.2857142857142857,0.6428571428571428,0.5,1.0,0.5714285714285714,8,14,8
1052,0.5,0.0,0.5,0.75,1.0,0.3333333333333333,4,12,4
1053,0.923076923076923,0.6363636363636364,0.8181818181818181,0.5,1.0,0.8571428571428571,12,14,12
1057,0.8571428571428571,-0.2222222222222222,0.3888888888888889,0.4444444444444444,1.0,0.75,9,12,9
1058,0.8181818181818181,0.7777777777777778,0.8888888888888888,0.6666666666666666,0.6923076923076923,1.0,13,9,9
1059,0.8235294117647058,-0.14285714285714285,0.4285714285714286,0.5714285714285714,1.0,0.7,7,10,7
1060,0.5882352941176471,0.2,0.6,0.6,1.0,0.4166666666666667,5,12,5
1064,0.9166666666666666,0.2,0.6,0.5454545454545454,1.0,0.8461538461538461,11,13,11
1065,0.4210526315789474,0.0,0.5,0.5,1.0,0.26666666666666666,4,15,4
1066,0.8571428571428571,-0.3333333333333333,0.33333333333333337,0.25,0.75,1.0,16,12,12
1068,0.787878787878788,0.15384615384615385,0.5769230769230769,0.38461538461538464,0.65,1.0,20,13,13
1070,0.6666666666666666,-0.06666666666666667,0.4666666666666667,0.5,1.0,0.5,6,12,6
1071,0.8333333333333333,0.2,0.6,0.8,1.0,0.7142857142857143,5,7,5
1076,0.6,0.06666666666666667,0.5333333333333333,0.5,1.0,0.42857142857142855,6,14,6
1080,0.5555555555555556,0.2,0.6,0.6,1.0,0.38461538461538464,5,13,5
1082,0.7272727272727273,-0.35714285714285715,0.3214285714285714,0.375,1.0,0.5714285714285714,8,14,8
1083,0.7499999999999999,-0.3888888888888889,0.3055555555555556,0.3333333333333333,1.0,0.6,9,15,9
1085,0.8,0.14285714285714285,0.5714285714285714,0.5,1.0,0.6666666666666666,8,12,8
1087,0.8333333333333333,-0.06666666666666667,0.4666666666666667,0.4,1.0,0.7142857142857143,10,14,10
1089,0.47058823529411764,-0.3333333333333333,0.33333333333333337,0.5,1.0,0.3076923076923077,4,13,4
1090,0.9565217391304348,0.45454545454545453,0.7272727272727273,0.6363636363636364,1.0,0.9166666666666666,11,12,11
1092,0.962962962962963,0.2564102564102564,0.6282051282051282,0.46153846153846156,0.9285714285714286,1.0,14,13,13
1093,0.631578947368421,-0.06666666666666667,0.4666666666666667,0.5,1.0,0.46153846153846156,6,13,6
1098,0.8571428571428571,0.16666666666666666,0.5833333333333334,0.4444444444444444,1.0,0.75,9,12,9
1100,0.5,0.3333333333333333,0.6666666666666666,0.5,1.0,0.3333333333333333,4,12,4
1101,0.8,0.21428571428571427,0.6071428571428571,0.625,1.0,0.6666666666666666,8,12,8
1103,0.7368421052631579,-0.42857142857142855,0.2857142857142857,0.42857142857142855,1.0,0.5833333333333334,7,12,7
1104,0.5555555555555556,0.2,0.6,0.6,1.0,0.38461538461538464,5,13,5
1105,0.6666666666666666,0.047619047619047616,0.5238095238095238,0.42857142857142855,1.0,0.5,7,14,7
1114,0.8333333333333333,0.06666666666666667,0.5333333333333333,0.5,1.0,0.7142857142857143,10,14,10
1115,0.782608695652174,0.16666666666666666,0.5833333333333334,0.6666666666666666,1.0,0.6428571428571429,9,14,9
1116,0.7368421052631579,0.6190476190476191,0.8095238095238095,0.7142857142857143,1.0,0.5833333333333334,7,12,7
1117,0.923076923076923,0.15151515151515152,0.5757575757575758,0.4166666666666667,0.8571428571428571,1.0,14,12,12
1119,0.5882352941176471,0.0,0.5,0.6,1.0,0.4166666666666667,5,12,5
1121,0.9565217391304348,0.23636363636363636,0.6181818181818182,0.5454545454545454,1.0,0.9166666666666666,11,12,11
1125,0.5555555555555556,-0.4,0.3,0.4,1.0,0.38461538461538464,5,13,5
1126,0.6086956521739131,0.3333333333333333,0.6666666666666666,0.5714285714285714,1.0,0.4375,7,16,7
1127,0.6956521739130436,-0.21428571428571427,0.39285714285714285,0.5,1.0,0.5333333333333333,8,15,8
1130,0.8333333333333333,0.06666666666666667,0.5333333333333333,0.5,1.0,0.7142857142857143,10,14,10
1132,0.962962962962963,-0.20512820512820512,0.39743589743589747,0.38461538461538464,1.0,0.9285714285714286,13,14,13
1135,0.8,-0.07142857142857142,0.4642857142857143,0.5,1.0,0.6666666666666666,8,12,8
1136,0.7272727272727273,0.21428571428571427,0.6071428571428571,0.625,1.0,0.5714285714285714,8,14,8
1139,0.5555555555555556,0.0,0.5,0.6,1.0,0.38461538461538464,5,13,5
1140,1.0,0.15151515151515152,0.5757575757575758,0.4166666666666667,1.0,1.0,12,12,12
1141,0.923076923076923,-0.06060606060606061,0.4696969696969697,0.4166666666666667,0.8571428571428571,1.0,14,12,12
1143,0.8571428571428571,0.4444444444444444,0.7222222222222222,0.5555555555555556,1.0,0.75,9,12,9
1144,0.7692307692307693,0.2,0.6,0.6,1.0,0.625,10,16,10
1145,0.761904761904762,0.14285714285714285,0.5714285714285714,0.5,1.0,0.6153846153846154,8,13,8
1148,0.7272727272727273,-0.14285714285714285,0.4285714285714286,0.5,1.0,0.5714285714285714,8,14,8
1149,0.6,0.06666666666666667,0.5333333333333333,0.5,1.0,0.42857142857142855,6,14,6
1150,0.6666666666666666,0.6,0.8,0.6666666666666666,1.0,0.5,6,12,6
1152,0.761904761904762,-0.07142857142857142,0.4642857142857143,0.5,1.0,0.6153846153846154,8,13,8
1153,0.631578947368421,-0.2,0.4,0.3333333333333333,1.0,0.46153846153846156,6,13,6
1155,0.8695652173913044,0.5111111111111111,0.7555555555555555,0.6,1.0,0.7692307692307693,10,13,10
1157,0.8571428571428571,-0.15151515151515152,0.42424242424242425,0.4166666666666667,0.75,1.0,16,12,12
1158,0.8275862068965517,0.24242424242424243,0.6212121212121212,0.4166666666666667,0.7058823529411765,1.0,17,12,12
1160,0.625,0.2,0.6,0.6,1.0,0.45454545454545453,5,11,5
1161,0.6,-0.4666666666666667,0.26666666666666666,0.3333333333333333,1.0,0.42857142857142855,6,14,6
1162,1.0,0.030303030303030304,0.5151515151515151,0.25,1.0,1.0,12,12,12
1163,0.9523809523809523,0.022222222222222223,0.5111111111111111,0.6,0.9090909090909091,1.0,11,10,10
1165,0.5263157894736842,0.2,0.6,0.6,1.0,0.35714285714285715,5,14,5
1167,0.5882352941176471,-0.6,0.2,0.4,1.0,0.4166666666666667,5,12,5
1169,0.7499999999999999,-0.6,0.2,0.3333333333333333,1.0,0.6,6,10,6
1170,0.35294117647058826,0.3333333333333333,0.6666666666666666,0.6666666666666666,1.0,0.21428571428571427,3,14,3
1171,0.6666666666666666,-0.2,0.4,0.6,1.0,0.5,5,10,5
1172,0.7272727272727273,0.5,0.75,0.625,1.0,0.5714285714285714,8,14,8
1173,0.761904761904762,0.42857142857142855,0.7142857142857143,0.5,1.0,0.6153846153846154,8,13,8
1174,0.7368421052631579,-0.047619047619047616,0.47619047619047616,0.5714285714285714,1.0,0.5833333333333334,7,12,7
1175,0.7000000000000001,-0.14285714285714285,0.4285714285714286,0.42857142857142855,1.0,0.5384615384615384,7,13,7
1176,0.8333333333333333,-0.022222222222222223,0.4888888888888889,0.4,1.0,0.7142857142857143,10,14,10
1179,0.631578947368421,-0.06666666666666667,0.4666666666666667,0.5,1.0,0.46153846153846156,6,13,6
1180,0.8,0.9285714285714286,0.9642857142857143,0.875,1.0,0.6666666666666666,8,12,8
1181,0.8571428571428571,0.0,0.5,0.3333333333333333,1.0,0.75,9,12,9
1182,0.888888888888889,0.42857142857142855,0.7142857142857143,0.75,1.0,0.8,8,10,8
1183,0.5555555555555556,0.4,0.7,0.8,1.0,0.38461538461538464,5,13,5
1185,0.8571428571428571,0.3888888888888889,0.6944444444444444,0.6666666666666666,1.0,0.75,9,12,9
1186,0.8571428571428571,0.16666666666666666,0.5833333333333334,0.5555555555555556,1.0,0.75,9,12,9
1188,0.846153846153846,0.3090909090909091,0.6545454545454545,0.5454545454545454,1.0,0.7333333333333333,11,15,11
1189,0.9523809523809523,0.1111111111111111,0.5555555555555556,0.5,0.9090909090909091,1.0,11,10,10
1190,0.4,0.3333333333333333,0.6666666666666666,0.6666666666666666,1.0,0.25,3,12,3
1191,0.5882352941176471,0.4,0.7,0.6,1.0,0.4166666666666667,5,12,5
1192,0.5,0.0,0.5,0.75,1.0,0.3333333333333333,4,12,4
1193,1.0,0.23076923076923078,0.6153846153846154,0.5714285714285714,1.0,1.0,14,14,14
1194,0.47058823529411764,0.6666666666666666,0.8333333333333333,0.75,1.0,0.3076923076923077,4,13,4
1195,0.8571428571428571,0.4444444444444444,0.7222222222222222,0.7777777777777778,1.0,0.75,9,12,9
1196,0.6,-0.3333333333333333,0.33333333333333337,0.5,1.0,0.42857142857142855,6,14,6
1197,0.42857142857142855,-0.3333333333333333,0.33333333333333337,0.6666666666666666,1.0,0.2727272727272727,3,11,3
1198,0.5,-0.6666666666666666,0.16666666666666669,0.5,1.0,0.3333333333333333,4,12,4
1199,0.8,0.42857142857142855,0.7142857142857143,0.625,1.0,0.6666666666666666,8,12,8
1201,0.7000000000000001,-0.23809523809523808,0.38095238095238093,0.42857142857142855,1.0,0.5384615384615384,7,13,7
1202,0.6666666666666666,0.8666666666666667,0.9333333333333333,0.8333333333333334,1.0,0.5,6,12,6
1203,0.7368421052631579,0.42857142857142855,0.7142857142857143,0.5714285714285714,1.0,0.5833333333333334,7,12,7
1204,1.0,-0.2,0.4,0.5,1.0,1.0,6,6,6
1208,0.8,0.2857142857142857,0.6428571428571428,0.75,1.0,0.6666666666666666,8,12,8
1209,0.375,1.0,1.0,1.0,1.0,0.23076923076923078,3,13,3
1210,0.6666666666666666,0.7142857142857143,0.8571428571428572,0.7142857142857143,1.0,0.5,7,14,7
1211,0.631578947368421,0.4666666666666667,0.7333333333333334,0.6666666666666666,1.0,0.46153846153846156,6,13,6
1212,0.6666666666666666,0.3333333333333333,0.6666666666666666,0.75,1.0,0.5,4,8,4
1213,0.5882352941176471,0.0,0.5,0.6,1.0,0.4166666666666667,5,12,5
1214,0.4,0.3333333333333333,0.6666666666666666,0.6666666666666666,1.0,0.25,3,12,3
1216,0.8,-0.07142857142857142,0.4642857142857143,0.5,1.0,0.6666666666666666,8,12,8
1217,0.4,1.0,1.0,1.0,1.0,0.25,3,12,3
1218,0.5454545454545454,0.7333333333333333,0.8666666666666667,0.8333333333333334,1.0,0.375,6,16,6
1219,0.9090909090909091,0.4222222222222222,0.7111111111111111,0.6,1.0,0.8333333333333334,10,12,10
1220,0.9565217391304348,0.23636363636363636,0.6181818181818182,0.5454545454545454,1.0,0.9166666666666666,11,12,11
1221,0.8421052631578948,0.2857142857142857,0.6428571428571428,0.625,1.0,0.7272727272727273,8,11,8
1222,0.4,1.0,1.0,1.0,1.0,0.25,3,12,3
1223,0.5,-0.3333333333333333,0.33333333333333337,0.5,1.0,0.3333333333333333,4,12,4
1225,0.5,0.3333333333333333,0.6666666666666666,0.75,1.0,0.3333333333333333,4,12,4
1226,0.47058823529411764,-0.3333333333333333,0.33333333333333337,0.5,1.0,0.3076923076923077,4,13,4
1227,0.47058823529411764,0.0,0.5,0.75,1.0,0.3076923076923077,4,13,4
1228,0.761904761904762,0.35714285714285715,0.6785714285714286,0.5,1.0,0.6153846153846154,8,13,8
1229,0.9523809523809523,0.1111111111111111,0.5555555555555556,0.5,0.9090909090909091,1.0,11,10,10
1231,0.5555555555555556,0.2,0.6,0.6,1.0,0.38461538461538464,5,13,5
1232,0.4444444444444445,-1.0,0.0,0.5,1.0,0.2857142857142857,2,7,2
1233,0.6666666666666666,0.3333333333333333,0.6666666666666666,0.6666666666666666,1.0,0.5,6,12,6
1235,0.6666666666666666,0.3333333333333333,0.6666666666666666,0.8333333333333334,1.0,0.5,6,12,6
1236,1.0,0.30303030303030304,0.6515151515151515,0.5833333333333334,1.0,1.0,12,12,12
1237,0.7499999999999999,0.1111111111111111,0.5555555555555556,0.4444444444444444,1.0,0.6,9,15,9
1238,0.7368421052631579,0.047619047619047616,0.5238095238095238,0.5714285714285714,1.0,0.5833333333333334,7,12,7
1239,0.6666666666666666,-0.3333333333333333,0.33333333333333337,0.5,1.0,0.5,6,12,6
1240,0.6666666666666666,-0.2,0.4,0.5,1.0,0.5,6,12,6
1241,0.5714285714285715,-0.6666666666666666,0.16666666666666669,0.5,1.0,0.4,4,10,4
1242,0.631578947368421,0.2,0.6,0.6666666666666666,1.0,0.46153846153846156,6,13,6
1243,0.5882352941176471,-0.2,0.4,0.6,1.0,0.4166666666666667,5,12,5
1245,0.5263157894736842,0.0,0.5,0.6,1.0,0.35714285714285715,5,14,5
1246,0.8571428571428571,-0.2222222222222222,0.3888888888888889,0.4444444444444444,1.0,0.75,9,12,9
1247,0.5882352941176471,-0.4,0.3,0.4,1.0,0.4166666666666667,5,12,5
1251,0.8,-0.5,0.25,0.375,1.0,0.6666666666666666,8,12,8
1253,1.0,0.5111111111111111,0.7555555555555555,0.6,1.0,1.0,10,10,10
1254,0.888888888888889,0.07142857142857142,0.5357142857142857,0.625,1.0,0.8,8,10,8
1255,0.7272727272727273,0.35714285714285715,0.6785714285714286,0.625,1.0,0.5714285714285714,8,14,8
1256,0.5,-0.3333333333333333,0.33333333333333337,0.5,1.0,0.3333333333333333,4,12,4
1257,1.0,0.14285714285714285,0.5714285714285714,0.625,1.0,1.0,8,8,8
1258,0.9565217391304348,0.12727272727272726,0.5636363636363636,0.5454545454545454,1.0,0.9166666666666666,11,12,11
1259,0.5263157894736842,0.2,0.6,0.6,1.0,0.35714285714285715,5,14,5
1260,0.5,-1.0,0.0,0.25,1.0,0.3333333333333333,4,12,4
1262,0.4,0.3333333333333333,0.6666666666666666,0.6666666666666666,1.0,0.25,3,12,3
1263,0.7368421052631579,0.42857142857142855,0.7142857142857143,0.8571428571428571,1.0,0.5833333333333334,7,12,7
1264,0.5882352941176471,0.6,0.8,0.8,1.0,0.4166666666666667,5,12,5
1265,0.8,0.5,0.75,0.625,1.0,0.6666666666666666,8,12,8
1266,0.5,0.6666666666666666,0.8333333333333333,0.75,1.0,0.3333333333333333,4,12,4
1267,0.5,0.3333333333333333,0.6666666666666666,0.75,1.0,0.3333333333333333,4,12,4
1268,0.8571428571428571,-0.05555555555555555,0.4722222222222222,0.4444444444444444,1.0,0.75,9,12,9
1269,0.7368421052631579,0.047619047619047616,0.5238095238095238,0.42857142857142855,1.0,0.5833333333333334,7,12,7
1270,0.7000000000000001,0.14285714285714285,0.5714285714285714,0.5714285714285714,1.0,0.5384615384615384,7,13,7
1271,0.5714285714285715,-0.3333333333333333,0.33333333333333337,0.5,1.0,0.4,4,10,4
1272,0.7000000000000001,0.23809523809523808,0.6190476190476191,0.42857142857142855,1.0,0.5384615384615384,7,13,7
1273,0.5,-0.4,0.3,0.6,1.0,0.3333333333333333,5,15,5
1274,0.6666666666666666,0.06666666666666667,0.5333333333333333,0.5,1.0,0.5,6,12,6
1275,0.782608695652174,0.05555555555555555,0.5277777777777778,0.4444444444444444,0.6428571428571429,1.0,14,9,9
1276,0.8,-0.35714285714285715,0.3214285714285714,0.375,0.6666666666666666,1.0,12,8,8
1278,0.9600000000000001,0.48484848484848486,0.7424242424242424,0.4166666666666667,1.0,0.9230769230769231,12,13,12
1279,0.9565217391304348,0.12727272727272726,0.5636363636363636,0.45454545454545453,1.0,0.9166666666666666,11,12,11
1280,0.7499999999999999,0.8666666666666667,0.9333333333333333,0.8333333333333334,1.0,0.6,6,10,6
1282,0.4444444444444445,0.0,0.5,0.5,1.0,0.2857142857142857,4,14,4
1283,0.8,0.2857142857142857,0.6428571428571428,0.5,1.0,0.6666666666666666,8,12,8
1284,0.4,0.3333333333333333,0.6666666666666666,0.6666666666666666,1.0,0.25,3,12,3
1285,0.8571428571428571,0.3333333333333333,0.6666666666666666,0.4444444444444444,1.0,0.75,9,12,9
1286,0.6666666666666666,0.2,0.6,0.5,1.0,0.5,6,12,6
1287,0.7368421052631579,-0.23809523809523808,0.38095238095238093,0.42857142857142855,1.0,0.5833333333333334,7,12,7
1289,0.9600000000000001,0.0,0.5,0.3333333333333333,0.9230769230769231,1.0,13,12,12
1290,0.9166666666666666,0.16363636363636364,0.5818181818181818,0.5454545454545454,1.0,0.8461538461538461,11,13,11
1291,0.8750000000000001,-0.16483516483516483,0.4175824175824176,0.35714285714285715,0.7777777777777778,1.0,18,14,14
1292,0.47058823529411764,0.6666666666666666,0.8333333333333333,0.75,1.0,0.3076923076923077,4,13,4
1293,0.631578947368421,-0.3333333333333333,0.33333333333333337,0.3333333333333333,1.0,0.46153846153846156,6,13,6
1294,0.5555555555555556,0.0,0.5,0.4,1.0,0.38461538461538464,5,13,5
1295,0.5882352941176471,-0.4,0.3,0.4,1.0,0.4166666666666667,5,12,5
1297,0.5263157894736842,0.0,0.5,0.6,1.0,0.35714285714285715,5,14,5
1299,0.9090909090909091,0.3333333333333333,0.6666666666666666,0.5,1.0,0.8333333333333334,10,12,10
1300,0.631578947368421,-0.2,0.4,0.3333333333333333,1.0,0.46153846153846156,6,13,6
1301,0.888888888888889,0.7857142857142857,0.8928571428571428,0.75,1.0,0.8,8,10,8
1302,0.47058823529411764,0.3333333333333333,0.6666666666666666,0.75,1.0,0.3076923076923077,4,13,4
1303,0.5,0.3333333333333333,0.6666666666666666,0.75,1.0,0.3333333333333333,4,12,4
1304,0.631578947368421,-0.06666666666666667,0.4666666666666667,0.5,1.0,0.46153846153846156,6,13,6
1305,0.5,-0.3333333333333333,0.33333333333333337,0.5,1.0,0.3333333333333333,4,12,4
1308,0.8421052631578948,0.2857142857142857,0.6428571428571428,0.625,1.0,0.7272727272727273,8,11,8
1309,0.8181818181818181,0.05555555555555555,0.5277777777777778,0.4444444444444444,1.0,0.6923076923076923,9,13,9
1310,0.5882352941176471,-0.4,0.3,0.4,1.0,0.4166666666666667,5,12,5
1311,0.5882352941176471,0.6,0.8,0.6,1.0,0.4166666666666667,5,12,5
1312,0.7142857142857143,0.4,0.7,0.6,1.0,0.5555555555555556,5,9,5
1313,0.9565217391304348,0.5636363636363636,0.7818181818181817,0.5454545454545454,1.0,0.9166666666666666,11,12,11
1314,0.5,-0.3333333333333333,0.33333333333333337,0.5,1.0,0.3333333333333333,4,12,4
1315,0.7142857142857143,0.6,0.8,0.6,1.0,0.5555555555555556,5,9,5
1316,0.4210526315789474,0.0,0.5,0.75,1.0,0.26666666666666666,4,15,4
1319,0.6153846153846153,-0.3333333333333333,0.33333333333333337,0.5,1.0,0.4444444444444444,4,9,4
1320,0.7272727272727273,0.2857142857142857,0.6428571428571428,0.5,1.0,0.5714285714285714,8,14,8
1322,0.6666666666666666,-0.3333333333333333,0.33333333333333337,0.5,1.0,0.5,6,12,6
1323,0.5555555555555556,0.4,0.7,0.6,1.0,0.38461538461538464,5,13,5
1325,0.761904761904762,0.5,0.75,0.75,1.0,0.6153846153846154,8,13,8
1326,0.7499999999999999,-0.2,0.4,0.3333333333333333,1.0,0.6,6,10,6
1327,0.4,-1.0,0.0,0.3333333333333333,1.0,0.25,3,12,3
1328,0.6666666666666666,-0.6,0.2,0.3333333333333333,1.0,0.5,6,12,6
1329,0.47058823529411764,0.6666666666666666,0.8333333333333333,0.75,1.0,0.3076923076923077,4,13,4
1331,0.7058823529411764,0.3333333333333333,0.6666666666666666,0.6666666666666666,1.0,0.5454545454545454,6,11,6
1332,0.8750000000000001,-0.23809523809523808,0.38095238095238093,0.5714285714285714,1.0,0.7777777777777778,7,9,7
1333,0.6666666666666666,0.2,0.6,0.6666666666666666,1.0,0.5,6,12,6
1334,0.8,0.21428571428571427,0.6071428571428571,0.5,1.0,0.6666666666666666,8,12,8
1337,0.8750000000000001,0.5238095238095238,0.7619047619047619,0.5714285714285714,0.7777777777777778,1.0,9,7,7
1338,0.6666666666666666,0.8,0.9,0.8,1.0,0.5,5,10,5
1339,0.888888888888889,0.2727272727272727,0.6363636363636364,0.4166666666666667,1.0,0.8,12,15,12
1340,0.6666666666666666,-0.42857142857142855,0.2857142857142857,0.42857142857142855,1.0,0.5,7,14,7
1341,0.7692307692307693,0.37777777777777777,0.6888888888888889,0.6,1.0,0.625,10,16,10
1342,0.5882352941176471,0.2,0.6,0.6,1.0,0.4166666666666667,5,12,5
1343,0.4,-0.3333333333333333,0.33333333333333337,0.6666666666666666,1.0,0.25,3,12,3
1344,1.0,0.047619047619047616,0.5238095238095238,0.5714285714285714,1.0,1.0,7,7,7
1345,0.9565217391304348,-0.05454545454545454,0.4727272727272727,0.36363636363636365,1.0,0.9166666666666666,11,12,11
1346,0.7777777777777778,0.14285714285714285,0.5714285714285714,0.5714285714285714,1.0,0.6363636363636364,7,11,7
1347,0.6956521739130436,0.0,0.5,0.625,1.0,0.5333333333333333,8,15,8
1348,0.4,1.0,1.0,1.0,1.0,0.25,3,12,3
1349,0.375,0.3333333333333333,0.6666666666666666,0.6666666666666666,1.0,0.23076923076923078,3,13,3
1352,0.5263157894736842,-0.2,0.4,0.6,1.0,0.35714285714285715,5,14,5
1353,0.6,0.3333333333333333,0.6666666666666666,0.6666666666666666,1.0,0.42857142857142855,6,14,6
1354,0.7368421052631579,0.14285714285714285,0.5714285714285714,0.42857142857142855,1.0,0.5833333333333334,7,12,7
1355,0.782608695652174,0.0,0.5,0.4444444444444444,1.0,0.6428571428571429,9,14,9
1357,0.7000000000000001,0.14285714285714285,0.5714285714285714,0.5714285714285714,1.0,0.5384615384615384,7,13,7
1358,1.0,0.46153846153846156,0.7307692307692308,0.46153846153846156,1.0,1.0,13,13,13
1359,0.9473684210526316,0.16666666666666666,0.5833333333333334,0.5555555555555556,1.0,0.9,9,10,9
1360,0.19999999999999998,1.0,1.0,1.0,1.0,0.1111111111111111,1,9,1
1361,0.5882352941176471,0.0,0.5,0.6,1.0,0.4166666666666667,5,12,5
1362,0.6666666666666666,0.2,0.6,0.5,1.0,0.5,6,12,6
1363,0.5555555555555556,0.6,0.8,0.8,1.0,0.38461538461538464,5,13,5
1364,0.7000000000000001,0.047619047619047616,0.5238095238095238,0.5714285714285714,1.0,0.5384615384615384,7,13,7
1365,0.6666666666666666,0.0,0.5,0.5,1.0,0.5,4,8,4
1366,0.8571428571428571,0.1111111111111111,0.5555555555555556,0.5555555555555556,1.0,0.75,9,12,9
1368,0.5882352941176471,0.0,0.5,0.6,1.0,0.4166666666666667,5,12,5
1369,0.35294117647058826,-0.3333333333333333,0.33333333333333337,0.6666666666666666,1.0,0.21428571428571427,3,14,3
1371,0.9600000000000001,0.30303030303030304,0.6515151515151515,0.5,0.9230769230769231,1.0,13,12,12
1372,0.5882352941176471,0.4,0.7,0.6,1.0,0.4166666666666667,5,12,5
1373,0.7142857142857143,0.6,0.8,0.6,1.0,0.5555555555555556,5,9,5
1374,0.9090909090909091,0.15555555555555556,0.5777777777777777,0.5,1.0,0.8333333333333334,10,12,10
1375,0.625,-0.4,0.3,0.6,1.0,0.45454545454545453,5,11,5
1376,0.5263157894736842,0.6,0.8,0.6,1.0,0.35714285714285715,5,14,5
1377,0.8235294117647058,0.42857142857142855,0.7142857142857143,0.5714285714285714,1.0,0.7,7,10,7
1378,0.5882352941176471,0.0,0.5,0.6,1.0,0.4166666666666667,5,12,5
1381,0.47058823529411764,0.3333333333333333,0.6666666666666666,0.75,1.0,0.3076923076923077,4,13,4
1382,0.5,0.6666666666666666,0.8333333333333333,0.75,1.0,0.3333333333333333,4,12,4
1383,0.7368421052631579,0.047619047619047616,0.5238095238095238,0.42857142857142855,1.0,0.5833333333333334,7,12,7
1384,0.7142857142857143,0.0,0.5,0.6,1.0,0.5555555555555556,5,9,5
1385,0.6399999999999999,0.6428571428571429,0.8214285714285714,0.75,1.0,0.47058823529411764,8,17,8
1386,0.8750000000000001,0.14285714285714285,0.5714285714285714,0.42857142857142855,1.0,0.7777777777777778,7,9,7
1387,0.761904761904762,-0.14285714285714285,0.4285714285714286,0.375,1.0,0.6153846153846154,8,13,8
1388,0.5,0.0,0.5,0.5,1.0,0.3333333333333333,4,12,4
1389,0.47058823529411764,0.0,0.5,0.5,1.0,0.3076923076923077,4,13,4
1390,0.782608695652174,0.4444444444444444,0.7222222222222222,0.5555555555555556,1.0,0.6428571428571429,9,14,9
1391,0.6,-0.3333333333333333,0.33333333333333337,0.3333333333333333,1.0,0.42857142857142855,6,14,6
1392,0.8181818181818181,0.5555555555555556,0.7777777777777778,0.7777777777777778,1.0,0.6923076923076923,9,13,9
1393,0.7368421052631579,0.42857142857142855,0.7142857142857143,0.7142857142857143,1.0,0.5833333333333334,7,12,7
1394,0.625,0.2,0.6,0.6,1.0,0.45454545454545453,5,11,5
1395,0.5882352941176471,0.6,0.8,0.8,1.0,0.4166666666666667,5,12,5
1396,0.8750000000000001,-0.047619047619047616,0.47619047619047616,0.42857142857142855,1.0,0.7777777777777778,7,9,7
1397,0.8181818181818181,0.1111111111111111,0.5555555555555556,0.4444444444444444,1.0,0.6923076923076923,9,13,9
1398,0.47058823529411764,-0.3333333333333333,0.33333333333333337,0.5,1.0,0.3076923076923077,4,13,4
1399,0.2857142857142857,1.0,1.0,1.0,1.0,0.16666666666666666,2,12,2
1400,0.5882352941176471,0.0,0.5,0.6,1.0,0.4166666666666667,5,12,5
1402,0.782608695652174,0.3333333333333333,0.6666666666666666,0.5555555555555556,1.0,0.6428571428571429,9,14,9
1403,0.35294117647058826,0.3333333333333333,0.6666666666666666,0.6666666666666666,1.0,0.21428571428571427,3,14,3
1405,0.4444444444444445,0.3333333333333333,0.6666666666666666,0.5,1.0,0.2857142857142857,4,14,4
1406,0.631578947368421,0.2,0.6,0.5,1.0,0.46153846153846156,6,13,6
1408,0.7000000000000001,-0.23809523809523808,0.38095238095238093,0.42857142857142855,1.0,0.5384615384615384,7,13,7
1409,0.5882352941176471,0.0,0.5,0.6,1.0,0.4166666666666667,5,12,5
1412,0.6666666666666666,0.3333333333333333,0.6666666666666666,0.6666666666666666,1.0,0.5,6,12,6
1413,0.6666666666666666,0.2,0.6,0.6666666666666666,1.0,0.5,6,12,6
1414,0.7368421052631579,0.14285714285714285,0.5714285714285714,0.42857142857142855,1.0,0.5833333333333334,7,12,7
1415,0.7000000000000001,0.047619047619047616,0.5238095238095238,0.5714285714285714,1.0,0.5384615384615384,7,13,7
1416,0.5833333333333334,-0.42857142857142855,0.2857142857142857,0.42857142857142855,1.0,0.4117647058823529,7,17,7
1417,0.8571428571428571,0.24242424242424243,0.6212121212121212,0.5,1.0,0.75,12,16,12
1418,0.9285714285714286,0.41025641025641024,0.7051282051282051,0.6923076923076923,0.8666666666666667,1.0,15,13,13
1419,0.7368421052631579,-0.14285714285714285,0.4285714285714286,0.42857142857142855,1.0,0.5833333333333334,7,12,7
1421,0.8695652173913044,0.24444444444444444,0.6222222222222222,0.7,1.0,0.7692307692307693,10,13,10
1423,0.8571428571428571,-0.05555555555555555,0.4722222222222222,0.4444444444444444,1.0,0.75,9,12,9
1425,0.6153846153846153,-0.3333333333333333,0.33333333333333337,0.5,1.0,0.4444444444444444,4,9,4
1426,0.6666666666666666,0.3333333333333333,0.6666666666666666,0.5,1.0,0.5,6,12,6
1427,1.0,0.3939393939393939,0.696969696969697,0.5,1.0,1.0,12,12,12
1429,0.5,0.0,0.5,0.5,1.0,0.3333333333333333,4,12,4
1430,0.47058823529411764,0.3333333333333333,0.6666666666666666,0.75,1.0,0.3076923076923077,4,13,4
1432,0.9600000000000001,0.18181818181818182,0.5909090909090909,0.5,0.9230769230769231,1.0,13,12,12
1433,0.7499999999999999,0.3333333333333333,0.6666666666666666,0.6666666666666666,1.0,0.6,6,10,6
1434,0.8,0.2,0.6,0.4,1.0,0.6666666666666666,10,15,10
1435,0.631578947368421,0.3333333333333333,0.6666666666666666,0.6666666666666666,1.0,0.46153846153846156,6,13,6
1437,0.8,-0.14285714285714285,0.4285714285714286,0.375,1.0,0.6666666666666666,8,12,8
1439,0.8571428571428571,0.5,0.75,0.7777777777777778,1.0,0.75,9,12,9
1440,0.8,0.14285714285714285,0.5714285714285714,0.5,1.0,0.6666666666666666,8,12,8
1441,0.9600000000000001,-0.30303030303030304,0.3484848484848485,0.3333333333333333,0.9230769230769231,1.0,13,12,12
1443,0.6666666666666666,-0.6,0.2,0.4,1.0,0.5,5,10,5
1444,0.7368421052631579,0.3333333333333333,0.6666666666666666,0.5714285714285714,1.0,0.5833333333333334,7,12,7
1445,0.7777777777777778,0.42857142857142855,0.7142857142857143,0.5714285714285714,1.0,0.6363636363636364,7,11,7
1446,0.9090909090909091,0.15555555555555556,0.5777777777777777,0.5,1.0,0.8333333333333334,10,12,10
1447,0.888888888888889,-0.14285714285714285,0.4285714285714286,0.5,0.8,1.0,10,8,8
1448,0.6666666666666666,0.4666666666666667,0.7333333333333334,0.6666666666666666,1.0,0.5,6,12,6
1449,0.8421052631578948,-0.2857142857142857,0.35714285714285715,0.375,1.0,0.7272727272727273,8,11,8
1450,0.6363636363636364,0.9047619047619048,0.9523809523809523,0.8571428571428571,1.0,0.4666666666666667,7,15,7
1451,0.9090909090909091,0.2,0.6,0.5,1.0,0.8333333333333334,10,12,10
1452,0.962962962962963,0.07692307692307693,0.5384615384615384,0.46153846153846156,0.9285714285714286,1.0,14,13,13
1453,0.7272727272727273,0.42857142857142855,0.7142857142857143,0.625,1.0,0.5714285714285714,8,14,8
1454,0.47058823529411764,0.6666666666666666,0.8333333333333333,0.75,1.0,0.3076923076923077,4,13,4
1455,0.8,0.2857142857142857,0.6428571428571428,0.5,1.0,0.6666666666666666,8,12,8
1457,0.782608695652174,0.0,0.5,0.4444444444444444,1.0,0.6428571428571429,9,14,9
1458,0.8571428571428571,-0.1111111111111111,0.4444444444444444,0.4444444444444444,1.0,0.75,9,12,9
1459,0.8181818181818181,-0.05555555555555555,0.4722222222222222,0.4444444444444444,1.0,0.6923076923076923,9,13,9
1461,0.631578947368421,-0.3333333333333333,0.33333333333333337,0.5,1.0,0.46153846153846156,6,13,6
1463,0.8695652173913044,0.15555555555555556,0.5777777777777777,0.5,1.0,0.7692307692307693,10,13,10
1464,0.9166666666666666,-0.2,0.4,0.45454545454545453,1.0,0.8461538461538461,11,13,11
1465,0.9090909090909091,0.2,0.6,0.6,1.0,0.8333333333333334,10,12,10
1467,0.7272727272727273,0.2857142857142857,0.6428571428571428,0.625,1.0,0.5714285714285714,8,14,8
1470,0.5882352941176471,0.6,0.8,0.6,1.0,0.4166666666666667,5,12,5
1471,0.7272727272727273,0.21428571428571427,0.6071428571428571,0.5,1.0,0.5714285714285714,8,14,8
1472,0.72,-0.05555555555555555,0.4722222222222222,0.6666666666666666,1.0,0.5625,9,16,9
1475,0.9090909090909091,-0.24444444444444444,0.37777777777777777,0.4,1.0,0.8333333333333334,10,12,10
1478,0.7000000000000001,-0.3333333333333333,0.33333333333333337,0.42857142857142855,1.0,0.5384615384615384,7,13,7
1480,0.8181818181818181,-0.2222222222222222,0.3888888888888889,0.3333333333333333,1.0,0.6923076923076923,9,13,9
1481,0.8,0.35714285714285715,0.6785714285714286,0.625,1.0,0.6666666666666666,8,12,8
1482,0.6,0.2,0.6,0.5,1.0,0.42857142857142855,6,14,6
1483,0.5,0.3333333333333333,0.6666666666666666,0.75,1.0,0.3333333333333333,4,12,4
1485,0.5,-0.3333333333333333,0.33333333333333337,0.5,1.0,0.3333333333333333,4,12,4
1487,0.9166666666666666,0.4909090909090909,0.7454545454545455,0.7272727272727273,1.0,0.8461538461538461,11,13,11
1488,0.6,-0.3333333333333333,0.33333333333333337,0.5,1.0,0.42857142857142855,6,14,6
1489,0.6666666666666666,1.0,1.0,1.0,1.0,0.5,3,6,3
1492,0.782608695652174,0.2777777777777778,0.6388888888888888,0.6666666666666666,1.0,0.6428571428571429,9,14,9
1493,0.5882352941176471,0.0,0.5,0.4,1.0,0.4166666666666667,5,12,5
1494,0.8,0.7857142857142857,0.8928571428571428,0.625,1.0,0.6666666666666666,8,12,8
1495,0.846153846153846,0.5636363636363636,0.7818181818181817,0.45454545454545453,1.0,0.7333333333333333,11,15,11
1496,0.9473684210526316,0.1111111111111111,0.5555555555555556,0.5555555555555556,1.0,0.9,9,10,9
1498,0.5263157894736842,0.0,0.5,0.6,1.0,0.35714285714285715,5,14,5
1499,0.5263157894736842,-0.4,0.3,0.6,1.0,0.35714285714285715,5,14,5
1502,0.8695652173913044,-0.1111111111111111,0.4444444444444444,0.3,0.7692307692307693,1.0,13,10,10
1503,0.7000000000000001,0.42857142857142855,0.7142857142857143,0.7142857142857143,1.0,0.5384615384615384,7,13,7
1504,0.5555555555555556,-0.2,0.4,0.6,1.0,0.38461538461538464,5,13,5
1506,0.7368421052631579,0.14285714285714285,0.5714285714285714,0.5714285714285714,1.0,0.5833333333333334,7,12,7
1507,0.6666666666666666,0.4666666666666667,0.7333333333333334,0.5,1.0,0.5,6,12,6
1508,0.8571428571428571,0.5555555555555556,0.7777777777777778,0.6666666666666666,1.0,0.75,9,12,9
1509,0.7272727272727273,-0.5714285714285714,0.2142857142857143,0.375,1.0,0.5714285714285714,8,14,8
1510,0.47619047619047616,0.0,0.5,0.6,1.0,0.3125,5,16,5
1511,0.6,-0.06666666666666667,0.4666666666666667,0.5,1.0,0.42857142857142855,6,14,6
1512,0.8571428571428571,0.4444444444444444,0.7222222222222222,0.6666666666666666,1.0,0.75,9,12,9
1515,1.0,0.48484848484848486,0.7424242424242424,0.5833333333333334,1.0,1.0,12,12,12
1517,0.8235294117647058,-0.23809523809523808,0.38095238095238093,0.5714285714285714,1.0,0.7,7,10,7
1518,0.7368421052631579,0.14285714285714285,0.5714285714285714,0.42857142857142855,1.0,0.5833333333333334,7,12,7
1519,0.47058823529411764,-0.3333333333333333,0.33333333333333337,0.5,1.0,0.3076923076923077,4,13,4
1521,0.6666666666666666,-0.2,0.4,0.5,1.0,0.5,6,12,6
1522,0.4615384615384615,1.0,1.0,1.0,1.0,0.3,3,10,3
1523,0.8,0.2857142857142857,0.6428571428571428,0.625,1.0,0.6666666666666666,8,12,8
1524,0.5555555555555556,0.0,0.5,0.6,1.0,0.38461538461538464,5,13,5
1525,0.9565217391304348,0.16363636363636364,0.5818181818181818,0.45454545454545453,1.0,0.9166666666666666,11,12,11
1526,0.6666666666666666,-0.06666666666666667,0.4666666666666667,0.6666666666666666,1.0,0.5,6,12,6
1529,0.888888888888889,-0.07142857142857142,0.4642857142857143,0.5,1.0,0.8,8,10,8
1530,0.6666666666666666,0.14285714285714285,0.5714285714285714,0.42857142857142855,1.0,0.5,7,14,7
1534,0.5333333333333333,-0.6666666666666666,0.16666666666666669,0.5,1.0,0.36363636363636365,4,11,4
1535,0.9,0.2777777777777778,0.6388888888888888,0.5555555555555556,1.0,0.8181818181818182,9,11,9
1536,0.5882352941176471,0.6,0.8,0.8,1.0,0.4166666666666667,5,12,5
1537,0.4,0.3333333333333333,0.6666666666666666,0.6666666666666666,1.0,0.25,3,12,3
1539,1.0,0.23076923076923078,0.6153846153846154,0.5384615384615384,1.0,1.0,13,13,13
1540,0.7368421052631579,-0.14285714285714285,0.4285714285714286,0.42857142857142855,1.0,0.5833333333333334,7,12,7
1542,0.42857142857142855,0.3333333333333333,0.6666666666666666,0.6666666666666666,1.0,0.2727272727272727,3,11,3
1544,0.6666666666666666,0.4666666666666667,0.7333333333333334,0.6666666666666666,1.0,0.5,6,12,6
1545,0.5882352941176471,0.2,0.6,0.6,1.0,0.4166666666666667,5,12,5
1546,0.6666666666666666,0.06666666666666667,0.5333333333333333,0.5,1.0,0.5,6,12,6
1547,0.5882352941176471,-0.4,0.3,0.4,1.0,0.4166666666666667,5,12,5
1548,0.8571428571428571,-0.2777777777777778,0.3611111111111111,0.3333333333333333,1.0,0.75,9,12,9
1549,0.8,0.5714285714285714,0.7857142857142857,0.75,1.0,0.6666666666666666,8,12,8
1550,0.5555555555555556,-0.2,0.4,0.6,1.0,0.38461538461538464,5,13,5
1551,0.631578947368421,0.3333333333333333,0.6666666666666666,0.5,1.0,0.46153846153846156,6,13,6
1553,0.631578947368421,0.2,0.6,0.5,1.0,0.46153846153846156,6,13,6
1554,0.888888888888889,0.42857142857142855,0.7142857142857143,0.625,1.0,0.8,8,10,8
1555,0.7368421052631579,0.14285714285714285,0.5714285714285714,0.2857142857142857,1.0,0.5833333333333334,7,12,7
1556,0.4,0.3333333333333333,0.6666666666666666,0.6666666666666666,1.0,0.25,3,12,3
1557,0.7777777777777778,0.047619047619047616,0.5238095238095238,0.5714285714285714,1.0,0.6363636363636364,7,11,7
1559,0.7368421052631579,0.3333333333333333,0.6666666666666666,0.5714285714285714,1.0,0.5833333333333334,7,12,7
1560,0.782608695652174,0.4444444444444444,0.7222222222222222,0.5555555555555556,1.0,0.6428571428571429,9,14,9
1561,0.6,-0.3333333333333333,0.33333333333333337,0.5,1.0,0.42857142857142855,6,14,6
1563,0.5555555555555556,0.0,0.5,0.6,1.0,0.38461538461538464,5,13,5
1566,0.8571428571428571,0.3333333333333333,0.6666666666666666,0.8333333333333334,1.0,0.75,6,8,6
1567,0.8275862068965517,0.2727272727272727,0.6363636363636364,0.4166666666666667,0.7058823529411765,1.0,17,12,12
1569,0.8333333333333333,0.3333333333333333,0.6666666666666666,0.5,1.0,0.7142857142857143,10,14,10
1571,0.5555555555555556,0.0,0.5,0.6,1.0,0.38461538461538464,5,13,5
1572,0.9565217391304348,0.2,0.6,0.45454545454545453,1.0,0.9166666666666666,11,12,11
1574,0.7000000000000001,-0.047619047619047616,0.47619047619047616,0.42857142857142855,1.0,0.5384615384615384,7,13,7
1575,0.8,0.07142857142857142,0.5357142857142857,0.5,1.0,0.6666666666666666,8,12,8
1576,0.8571428571428571,0.5555555555555556,0.7777777777777778,0.5555555555555556,1.0,0.75,9,12,9
1577,0.9090909090909091,-0.1111111111111111,0.4444444444444444,0.4,1.0,0.8333333333333334,10,12,10
1580,0.5263157894736842,0.8,0.9,0.8,1.0,0.35714285714285715,5,14,5
1581,0.6666666666666666,-0.3333333333333333,0.33333333333333337,0.5,1.0,0.5,4,8,4
1582,0.9090909090909091,0.3333333333333333,0.6666666666666666,0.6,1.0,0.8333333333333334,10,12,10
1583,0.5,0.0,0.5,0.5,1.0,0.3333333333333333,4,12,4
1584,0.8,-0.14285714285714285,0.4285714285714286,0.375,1.0,0.6666666666666666,8,12,8
1585,0.9166666666666666,-0.05454545454545454,0.4727272727272727,0.36363636363636365,1.0,0.8461538461538461,11,13,11
1586,0.6666666666666666,-0.06666666666666667,0.4666666666666667,0.5,1.0,0.5,6,12,6
1587,0.631578947368421,0.2,0.6,0.5,1.0,0.46153846153846156,6,13,6
1588,0.7000000000000001,0.23809523809523808,0.6190476190476191,0.42857142857142855,1.0,0.5384615384615384,7,13,7
1589,1.0,-0.6060606060606061,0.19696969696969696,0.3333333333333333,1.0,1.0,12,12,12
1590,0.6666666666666666,0.14285714285714285,0.5714285714285714,0.5714285714285714,1.0,0.5,7,14,7
1591,0.7407407407407407,-0.06666666666666667,0.4666666666666667,0.4,1.0,0.5882352941176471,10,17,10
1592,0.5882352941176471,-0.4,0.3,0.4,1.0,0.4166666666666667,5,12,5
1593,0.8333333333333333,0.15555555555555556,0.5777777777777777,0.5,1.0,0.7142857142857143,10,14,10
1595,0.8571428571428571,-0.05555555555555555,0.4722222222222222,0.5555555555555556,1.0,0.75,9,12,9
1597,0.6666666666666666,0.06666666666666667,0.5333333333333333,0.6666666666666666,1.0,0.5,6,12,6
1598,1.0,0.06666666666666667,0.5333333333333333,0.5,1.0,1.0,6,6,6
1599,0.6,-0.4666666666666667,0.26666666666666666,0.5,1.0,0.42857142857142855,6,14,6
1600,0.9166666666666666,0.01818181818181818,0.509090909090909,0.36363636363636365,1.0,0.8461538461538461,11,13,11
1601,0.7368421052631579,0.047619047619047616,0.5238095238095238,0.5714285714285714,1.0,0.5833333333333334,7,12,7
1602,0.9166666666666666,0.09090909090909091,0.5454545454545454,0.45454545454545453,1.0,0.8461538461538461,11,13,11
1603,0.8571428571428571,-0.06666666666666667,0.4666666666666667,0.5,1.0,0.75,6,8,6
1604,0.8,0.07142857142857142,0.5357142857142857,0.625,1.0,0.6666666666666666,8,12,8
1605,0.8750000000000001,0.047619047619047616,0.5238095238095238,0.5714285714285714,1.0,0.7777777777777778,7,9,7
1607,0.6,-0.2,0.4,0.5,1.0,0.42857142857142855,6,14,6
1608,0.761904761904762,0.42857142857142855,0.7142857142857143,0.5,1.0,0.6153846153846154,8,13,8
1611,0.6666666666666666,-0.047619047619047616,0.47619047619047616,0.42857142857142855,1.0,0.5,7,14,7
1612,0.6666666666666666,0.7333333333333333,0.8666666666666667,0.8333333333333334,1.0,0.5,6,12,6
1613,0.8,0.2857142857142857,0.6428571428571428,0.625,1.0,0.6666666666666666,8,12,8
1614,0.6666666666666666,-0.4666666666666667,0.26666666666666666,0.3333333333333333,1.0,0.5,6,12,6
1615,0.761904761904762,0.5714285714285714,0.7857142857142857,0.625,1.0,0.6153846153846154,8,13,8
1616,0.8695652173913044,0.4222222222222222,0.7111111111111111,0.6,1.0,0.7692307692307693,10,13,10
1617,0.9600000000000001,-0.15151515151515152,0.42424242424242425,0.4166666666666667,0.9230769230769231,1.0,13,12,12
1618,0.7368421052631579,-0.7142857142857143,0.14285714285714285,0.2857142857142857,1.0,0.5833333333333334,7,12,7
1620,0.6666666666666666,-0.06666666666666667,0.4666666666666667,0.5,1.0,0.5,6,12,6
1622,0.5882352941176471,0.0,0.5,0.6,1.0,0.4166666666666667,5,12,5
1623,0.7000000000000001,0.7142857142857143,0.8571428571428572,0.7142857142857143,1.0,0.5384615384615384,7,13,7
1624,0.8571428571428571,0.0,0.5,0.3333333333333333,1.0,0.75,9,12,9
1625,0.5882352941176471,0.4,0.7,0.6,1.0,0.4166666666666667,5,12,5
1626,0.9090909090909091,0.06666666666666667,0.5333333333333333,0.4,1.0,0.8333333333333334,10,12,10
1627,0.7368421052631579,0.3333333333333333,0.6666666666666666,0.5714285714285714,1.0,0.5833333333333334,7,12,7
1629,0.631578947368421,-0.06666666666666667,0.4666666666666667,0.5,1.0,0.46153846153846156,6,13,6
1630,0.8235294117647058,-0.14285714285714285,0.4285714285714286,0.42857142857142855,1.0,0.7,7,10,7
1632,0.8695652173913044,0.022222222222222223,0.5111111111111111,0.5,1.0,0.7692307692307693,10,13,10
1633,0.631578947368421,0.06666666666666667,0.5333333333333333,0.5,1.0,0.46153846153846156,6,13,6
1634,0.7368421052631579,0.42857142857142855,0.7142857142857143,0.7142857142857143,1.0,0.5833333333333334,7,12,7
1635,0.5263157894736842,0.2,0.6,0.6,1.0,0.35714285714285715,5,14,5
1638,0.47058823529411764,0.0,0.5,0.5,1.0,0.3076923076923077,4,13,4
1640,0.8181818181818181,0.0,0.5,0.6666666666666666,1.0,0.6923076923076923,9,13,9
1641,0.47619047619047616,-0.2,0.4,0.4,1.0,0.3125,5,16,5
1642,0.6666666666666666,-0.3333333333333333,0.33333333333333337,0.5,1.0,0.5,6,12,6
1644,0.888888888888889,0.3333333333333333,0.6666666666666666,0.5,0.8,1.0,15,12,12
1645,0.5882352941176471,0.0,0.5,0.4,1.0,0.4166666666666667,5,12,5
1646,0.5,-0.3333333333333333,0.33333333333333337,0.5,1.0,0.3333333333333333,4,12,4
1647,0.6666666666666666,-0.2,0.4,0.5,1.0,0.5,6,12,6
1648,0.7000000000000001,0.047619047619047616,0.5238095238095238,0.7142857142857143,1.0,0.5384615384615384,7,13,7
1649,0.8181818181818181,0.3333333333333333,0.6666666666666666,0.5555555555555556,1.0,0.6923076923076923,9,13,9
1651,0.6666666666666666,0.0,0.5,0.6,1.0,0.5,5,10,5
1652,0.8235294117647058,-0.42857142857142855,0.2857142857142857,0.42857142857142855,1.0,0.7,7,10,7
1653,0.9565217391304348,-0.2,0.4,0.36363636363636365,1.0,0.9166666666666666,11,12,11
1654,1.0,-0.18181818181818182,0.40909090909090906,0.3333333333333333,1.0,1.0,12,12,12
1655,0.9166666666666666,0.16363636363636364,0.5818181818181818,0.36363636363636365,0.8461538461538461,1.0,13,11,11
1656,0.8666666666666666,0.41025641025641024,0.7051282051282051,0.5384615384615384,0.7647058823529411,1.0,17,13,13
1657,0.7368421052631579,-0.14285714285714285,0.4285714285714286,0.42857142857142855,1.0,0.5833333333333334,7,12,7
1658,0.9600000000000001,0.030303030303030304,0.5151515151515151,0.4166666666666667,0.9230769230769231,1.0,13,12,12
1660,0.6666666666666666,0.8095238095238095,0.9047619047619048,0.8571428571428571,1.0,0.5,7,14,7
1661,0.9523809523809523,0.37777777777777777,0.6888888888888889,0.5,0.9090909090909091,1.0,11,10,10
1662,0.7000000000000001,-0.7142857142857143,0.14285714285714285,0.2857142857142857,1.0,0.5384615384615384,7,13,7
1663,0.761904761904762,-0.14285714285714285,0.4285714285714286,0.625,1.0,0.6153846153846154,8,13,8
1666,0.8,0.14285714285714285,0.5714285714285714,0.5,1.0,0.6666666666666666,8,12,8
1668,0.5882352941176471,0.0,0.5,0.6,1.0,0.4166666666666667,5,12,5
1669,0.625,0.2,0.6,0.8,1.0,0.45454545454545453,5,11,5
1670,0.923076923076923,-0.06666666666666667,0.4666666666666667,0.5,0.8571428571428571,1.0,7,6,6
1671,0.5,0.0,0.5,0.5,1.0,0.3333333333333333,4,12,4
1673,0.5555555555555556,0.0,0.5,0.6,1.0,0.38461538461538464,5,13,5
1677,0.5555555555555556,0.4,0.7,0.6,1.0,0.38461538461538464,5,13,5
1679,0.8571428571428571,0.3333333333333333,0.6666666666666666,0.5555555555555556,1.0,0.75,9,12,9
1680,0.8333333333333333,0.022222222222222223,0.5111111111111111,0.4,1.0,0.7142857142857143,10,14,10
1681,0.923076923076923,0.0,0.5,0.3333333333333333,1.0,0.8571428571428571,12,14,12
1682,0.631578947368421,-0.2,0.4,0.3333333333333333,1.0,0.46153846153846156,6,13,6
1683,0.761904761904762,0.21428571428571427,0.6071428571428571,0.5,1.0,0.6153846153846154,8,13,8
1684,0.9090909090909091,-0.24444444444444444,0.37777777777777777,0.3,1.0,0.8333333333333334,10,12,10
1685,0.5555555555555556,0.8,0.9,0.8,1.0,0.38461538461538464,5,13,5
1686,0.7000000000000001,0.047619047619047616,0.5238095238095238,0.5714285714285714,1.0,0.5384615384615384,7,13,7
1687,0.6666666666666666,0.14285714285714285,0.5714285714285714,0.7142857142857143,1.0,0.5,7,14,7
1688,0.6956521739130436,0.5714285714285714,0.7857142857142857,0.625,1.0,0.5333333333333333,8,15,8
1690,0.7368421052631579,0.047619047619047616,0.5238095238095238,0.5714285714285714,1.0,0.5833333333333334,7,12,7
1691,0.5,0.0,0.5,0.75,1.0,0.3333333333333333,4,12,4
1693,0.7000000000000001,0.3333333333333333,0.6666666666666666,0.7142857142857143,1.0,0.5384615384615384,7,13,7
1694,0.8,0.35714285714285715,0.6785714285714286,0.625,1.0,0.6666666666666666,8,12,8
1695,0.9600000000000001,0.2727272727272727,0.6363636363636364,0.5,0.9230769230769231,1.0,13,12,12
1696,0.7000000000000001,0.14285714285714285,0.5714285714285714,0.42857142857142855,1.0,0.5384615384615384,7,13,7
1697,0.5555555555555556,0.0,0.5,0.6,1.0,0.38461538461538464,5,13,5
1699,0.8,0.07142857142857142,0.5357142857142857,0.5,1.0,0.6666666666666666,8,12,8
1700,0.8695652173913044,0.6,0.8,0.8,1.0,0.7692307692307693,10,13,10
1701,0.7000000000000001,-0.3333333333333333,0.33333333333333337,0.42857142857142855,1.0,0.5384615384615384,7,13,7
1702,0.4,0.3333333333333333,0.6666666666666666,0.6666666666666666,1.0,0.25,3,12,3
1703,0.5,-0.3333333333333333,0.33333333333333337,0.6666666666666666,1.0,0.3333333333333333,3,9,3
1704,0.7000000000000001,-0.047619047619047616,0.47619047619047616,0.42857142857142855,1.0,0.5384615384615384,7,13,7
1705,0.5882352941176471,0.2,0.6,0.8,1.0,0.4166666666666667,5,12,5
1706,0.5,-0.3333333333333333,0.33333333333333337,0.5,1.0,0.3333333333333333,4,12,4
1707,0.6666666666666666,0.06666666666666667,0.5333333333333333,0.5,1.0,0.5,6,12,6
1708,0.8695652173913044,0.2,0.6,0.5,1.0,0.7692307692307693,10,13,10
1709,0.6956521739130436,0.7142857142857143,0.8571428571428572,0.75,1.0,0.5333333333333333,8,15,8
1710,0.8,0.5,0.75,0.625,1.0,0.6666666666666666,8,12,8
1713,0.631578947368421,-0.06666666666666667,0.4666666666666667,0.6666666666666666,1.0,0.46153846153846156,6,13,6
1715,0.888888888888889,0.21428571428571427,0.6071428571428571,0.625,1.0,0.8,8,10,8
1716,0.8571428571428571,0.3333333333333333,0.6666666666666666,0.5555555555555556,1.0,0.75,9,12,9
1717,0.5,0.2,0.6,0.6,1.0,0.3333333333333333,5,15,5
1718,0.9600000000000001,0.3939393939393939,0.696969696969697,0.5833333333333334,1.0,0.9230769230769231,12,13,12
1719,0.5882352941176471,-0.2,0.4,0.4,1.0,0.4166666666666667,5,12,5
1722,0.5882352941176471,0.2,0.6,0.6,1.0,0.4166666666666667,5,12,5
1723,0.8,0.21212121212121213,0.6060606060606061,0.5,0.6666666666666666,1.0,18,12,12
1724,0.7368421052631579,0.6190476190476191,0.8095238095238095,0.8571428571428571,1.0,0.5833333333333334,7,12,7
1725,0.7586206896551725,0.23636363636363636,0.6181818181818182,0.5454545454545454,1.0,0.6111111111111112,11,18,11
1726,0.47058823529411764,0.6666666666666666,0.8333333333333333,0.75,1.0,0.3076923076923077,4,13,4
1727,0.6,0.4666666666666667,0.7333333333333334,0.6666666666666666,1.0,0.42857142857142855,6,14,6
1728,0.631578947368421,-0.4666666666666667,0.26666666666666666,0.3333333333333333,1.0,0.46153846153846156,6,13,6
1731,1.0,0.6363636363636364,0.8181818181818181,0.7272727272727273,1.0,1.0,11,11,11
1733,0.8571428571428571,0.7222222222222222,0.8611111111111112,0.6666666666666666,1.0,0.75,9,12,9
1734,0.782608695652174,0.4444444444444444,0.7222222222222222,0.5555555555555556,1.0,0.6428571428571429,9,14,9
1735,0.47058823529411764,0.6666666666666666,0.8333333333333333,0.75,1.0,0.3076923076923077,4,13,4
1737,0.8571428571428571,0.1111111111111111,0.5555555555555556,0.5555555555555556,1.0,0.75,9,12,9
1738,0.5882352941176471,0.4,0.7,0.6,1.0,0.4166666666666667,5,12,5
1739,0.8571428571428571,0.3333333333333333,0.6666666666666666,0.6666666666666666,0.75,1.0,8,6,6
1740,0.6666666666666666,0.047619047619047616,0.5238095238095238,0.5714285714285714,1.0,0.5,7,14,7
1741,0.8,0.5714285714285714,0.7857142857142857,0.625,1.0,0.6666666666666666,8,12,8
1742,0.5,-0.8,0.09999999999999998,0.4,1.0,0.3333333333333333,5,15,5
1743,0.7777777777777778,-0.3333333333333333,0.33333333333333337,0.2857142857142857,1.0,0.6363636363636364,7,11,7
1744,0.9090909090909091,0.4222222222222222,0.7111111111111111,0.6,1.0,0.8333333333333334,10,12,10
1745,1.0,0.37777777777777777,0.6888888888888889,0.8,1.0,1.0,10,10,10
1746,0.8,0.0,0.5,0.5,1.0,0.6666666666666666,8,12,8
1747,0.8,0.7857142857142857,0.8928571428571428,0.75,1.0,0.6666666666666666,8,12,8
1748,0.7777777777777778,-0.23809523809523808,0.38095238095238093,0.5714285714285714,1.0,0.6363636363636364,7,11,7
1749,0.9600000000000001,-0.030303030303030304,0.48484848484848486,0.5,1.0,0.9230769230769231,12,13,12
1751,0.7058823529411764,0.06666666666666667,0.5333333333333333,0.5,1.0,0.5454545454545454,6,11,6
1752,0.5555555555555556,0.4,0.7,0.6,1.0,0.38461538461538464,5,13,5
1754,0.88,-0.2,0.4,0.45454545454545453,1.0,0.7857142857142857,11,14,11
1755,0.7368421052631579,0.5238095238095238,0.7619047619047619,0.5714285714285714,1.0,0.5833333333333334,7,12,7
1757,0.5555555555555556,0.2,0.6,0.8,1.0,0.38461538461538464,5,13,5
1758,0.6666666666666666,-0.2,0.4,0.5,1.0,0.5,6,12,6
1759,0.88,0.2,0.6,0.5454545454545454,1.0,0.7857142857142857,11,14,11
1760,0.761904761904762,0.07142857142857142,0.5357142857142857,0.5,1.0,0.6153846153846154,8,13,8
1761,0.5882352941176471,0.4,0.7,0.6,1.0,0.4166666666666667,5,12,5
1762,0.8,0.5,0.75,0.75,1.0,0.6666666666666666,8,12,8
1764,0.5882352941176471,-0.4,0.3,0.6,1.0,0.4166666666666667,5,12,5
1765,0.7499999999999999,0.2777777777777778,0.6388888888888888,0.6666666666666666,1.0,0.6,9,15,9
1767,0.888888888888889,0.5714285714285714,0.7857142857142857,0.625,0.8,1.0,10,8,8
1771,0.8333333333333333,0.24444444444444444,0.6222222222222222,0.6,1.0,0.7142857142857143,10,14,10
1774,0.5555555555555556,0.2,0.6,0.6,1.0,0.38461538461538464,5,13,5
1775,0.7000000000000001,0.047619047619047616,0.5238095238095238,0.5714285714285714,1.0,0.5384615384615384,7,13,7
1777,0.9565217391304348,0.12727272727272726,0.5636363636363636,0.36363636363636365,1.0,0.9166666666666666,11,12,11
1779,0.7567567567567568,-0.23076923076923078,0.3846153846153846,0.5,0.6086956521739131,1.0,23,14,14
1785,0.782608695652174,-0.4444444444444444,0.2777777777777778,0.3333333333333333,1.0,0.6428571428571429,9,14,9
1787,0.761904761904762,0.07142857142857142,0.5357142857142857,0.375,1.0,0.6153846153846154,8,13,8
1789,0.5555555555555556,-0.4,0.3,0.4,1.0,0.38461538461538464,5,13,5
1790,0.7368421052631579,0.047619047619047616,0.5238095238095238,0.42857142857142855,1.0,0.5833333333333334,7,12,7
1791,0.888888888888889,0.36363636363636365,0.6818181818181819,0.5,0.8,1.0,15,12,12
1792,0.375,-0.3333333333333333,0.33333333333333337,0.6666666666666666,1.0,0.23076923076923078,3,13,3
1793,0.5,0.0,0.5,0.5,1.0,0.3333333333333333,4,12,4
1794,0.7368421052631579,0.5238095238095238,0.7619047619047619,0.5714285714285714,1.0,0.5833333333333334,7,12,7
1796,0.9600000000000001,-0.030303030303030304,0.48484848484848486,0.5833333333333334,1.0,0.9230769230769231,12,13,12
1800,0.9411764705882353,0.42857142857142855,0.7142857142857143,0.5,0.8888888888888888,1.0,9,8,8
1802,0.8,-0.15555555555555556,0.4222222222222222,0.4,1.0,0.6666666666666666,10,15,10
1803,0.4,1.0,1.0,1.0,1.0,0.25,3,12,3
1804,0.6363636363636364,-0.14285714285714285,0.4285714285714286,0.42857142857142855,1.0,0.4666666666666667,7,15,7
1805,0.8695652173913044,0.2,0.6,0.5,1.0,0.7692307692307693,10,13,10
1807,0.888888888888889,-0.06060606060606061,0.4696969696969697,0.4166666666666667,0.8,1.0,15,12,12
1809,0.8,-0.5714285714285714,0.2142857142857143,0.375,1.0,0.6666666666666666,8,12,8
1810,0.7272727272727273,0.21428571428571427,0.6071428571428571,0.5,1.0,0.5714285714285714,8,14,8
1811,0.8181818181818181,0.5555555555555556,0.7777777777777778,0.6666666666666666,1.0,0.6923076923076923,9,13,9
1812,0.5882352941176471,-0.2,0.4,0.4,1.0,0.4166666666666667,5,12,5
1813,1.0,0.4945054945054945,0.7472527472527473,0.5,1.0,1.0,14,14,14
1814,0.5,0.6666666666666666,0.8333333333333333,0.75,1.0,0.3333333333333333,4,12,4
1817,0.962962962962963,0.358974358974359,0.6794871794871795,0.5384615384615384,1.0,0.9285714285714286,13,14,13
1818,0.9166666666666666,0.4909090909090909,0.7454545454545455,0.45454545454545453,1.0,0.8461538461538461,11,13,11
1819,0.631578947368421,-0.6,0.2,0.3333333333333333,1.0,0.46153846153846156,6,13,6
1820,0.7368421052631579,-0.047619047619047616,0.47619047619047616,0.5714285714285714,1.0,0.5833333333333334,7,12,7
1822,0.9600000000000001,0.3333333333333333,0.6666666666666666,0.5,1.0,0.9230769230769231,12,13,12
1824,0.5,-1.0,0.0,0.25,1.0,0.3333333333333333,4,12,4
1825,0.72,0.16666666666666666,0.5833333333333334,0.5555555555555556,0.5625,1.0,16,9,9
1826,0.6956521739130436,0.21428571428571427,0.6071428571428571,0.5,1.0,0.5333333333333333,8,15,8
1827,0.6666666666666666,-0.2,0.4,0.3333333333333333,1.0,0.5,6,12,6
1828,0.5555555555555556,-0.4,0.3,0.4,1.0,0.38461538461538464,5,13,5
1829,0.4444444444444445,-0.6666666666666666,0.16666666666666669,0.5,1.0,0.2857142857142857,4,14,4
1830,0.631578947368421,0.3333333333333333,0.6666666666666666,0.6666666666666666,1.0,0.46153846153846156,6,13,6
1833,0.8,0.30303030303030304,0.6515151515151515,0.4166666666666667,0.6666666666666666,1.0,18,12,12
1834,0.8333333333333333,0.4666666666666667,0.7333333333333334,0.7,1.0,0.7142857142857143,10,14,10
1835,0.6666666666666666,0.3333333333333333,0.6666666666666666,0.5,1.0,0.5,6,12,6
1837,0.6666666666666666,0.14285714285714285,0.5714285714285714,0.42857142857142855,1.0,0.5,7,14,7
1838,0.47058823529411764,0.3333333333333333,0.6666666666666666,0.75,1.0,0.3076923076923077,4,13,4
1839,0.7368421052631579,-0.047619047619047616,0.47619047619047616,0.42857142857142855,1.0,0.5833333333333334,7,12,7
1841,0.9411764705882353,-0.42857142857142855,0.2857142857142857,0.375,1.0,0.8888888888888888,8,9,8
1845,0.5882352941176471,0.2,0.6,0.6,1.0,0.4166666666666667,5,12,5
1846,0.6666666666666666,-0.7142857142857143,0.14285714285714285,0.2857142857142857,1.0,0.5,7,14,7
1847,0.8181818181818181,0.1111111111111111,0.5555555555555556,0.4444444444444444,1.0,0.6923076923076923,9,13,9
1848,0.7777777777777778,-0.3333333333333333,0.33333333333333337,0.42857142857142855,1.0,0.6363636363636364,7,11,7
1850,0.7272727272727273,0.5714285714285714,0.7857142857142857,0.625,1.0,0.5714285714285714,8,14,8
1853,0.9333333333333333,-0.3333333333333333,0.33333333333333337,0.42857142857142855,1.0,0.875,7,8,7
1855,0.888888888888889,0.5,0.75,0.625,1.0,0.8,8,10,8
1856,0.6666666666666666,-0.3333333333333333,0.33333333333333337,0.42857142857142855,1.0,0.5,7,14,7
1857,0.8695652173913044,0.5555555555555556,0.7777777777777778,0.6,1.0,0.7692307692307693,10,13,10
1858,0.962962962962963,0.41025641025641024,0.7051282051282051,0.46153846153846156,1.0,0.9285714285714286,13,14,13
1860,0.7272727272727273,0.35714285714285715,0.6785714285714286,0.625,1.0,0.5714285714285714,8,14,8
1861,0.5555555555555556,-0.4,0.3,0.6,1.0,0.38461538461538464,5,13,5
1862,0.761904761904762,1.0,1.0,1.0,1.0,0.6153846153846154,8,13,8
1863,0.8181818181818181,0.3888888888888889,0.6944444444444444,0.5555555555555556,1.0,0.6923076923076923,9,13,9
1864,0.8,-0.14285714285714285,0.4285714285714286,0.375,1.0,0.6666666666666666,8,12,8
1868,0.6666666666666666,-0.2,0.4,0.5,1.0,0.5,6,12,6
1869,0.7499999999999999,-0.2,0.4,0.3333333333333333,1.0,0.6,6,10,6
1870,0.7272727272727273,0.14285714285714285,0.5714285714285714,0.5,1.0,0.5714285714285714,8,14,8
1873,0.6666666666666666,-0.2,0.4,0.5,1.0,0.5,6,12,6
1878,0.8695652173913044,0.2,0.6,0.4,1.0,0.7692307692307693,10,13,10
1880,0.625,-0.2,0.4,0.6,1.0,0.45454545454545453,5,11,5
1881,0.7000000000000001,-0.23809523809523808,0.38095238095238093,0.42857142857142855,1.0,0.5384615384615384,7,13,7
1882,0.782608695652174,0.4444444444444444,0.7222222222222222,0.5555555555555556,1.0,0.6428571428571429,9,14,9
1883,0.4444444444444445,0.0,0.5,0.75,1.0,0.2857142857142857,4,14,4
1884,0.8,0.42857142857142855,0.7142857142857143,0.625,1.0,0.6666666666666666,8,12,8
1885,0.9411764705882353,0.21428571428571427,0.6071428571428571,0.5,0.8888888888888888,1.0,9,8,8
1886,0.5263157894736842,0.6,0.8,0.8,1.0,0.35714285714285715,5,14,5
1888,0.6666666666666666,-0.06666666666666667,0.4666666666666667,0.5,1.0,0.5,6,12,6
1889,0.88,-0.3090909090909091,0.34545454545454546,0.36363636363636365,1.0,0.7857142857142857,11,14,11
1890,0.7000000000000001,-0.047619047619047616,0.47619047619047616,0.5714285714285714,1.0,0.5384615384615384,7,13,7
1891,0.7368421052631579,0.14285714285714285,0.5714285714285714,0.5714285714285714,1.0,0.5833333333333334,7,12,7
1893,0.782608695652174,0.16666666666666666,0.5833333333333334,0.4444444444444444,1.0,0.6428571428571429,9,14,9
1895,0.8333333333333333,-0.2,0.4,0.4,1.0,0.7142857142857143,5,7,5
1896,0.6666666666666666,0.2,0.6,0.5,1.0,0.5,6,12,6
1897,0.56,0.047619047619047616,0.5238095238095238,0.5714285714285714,1.0,0.3888888888888889,7,18,7
1899,0.8,-0.15555555555555556,0.4222222222222222,0.4,1.0,0.6666666666666666,10,15,10
1901,0.9565217391304348,0.01818181818181818,0.509090909090909,0.45454545454545453,1.0,0.9166666666666666,11,12,11
1905,0.7272727272727273,0.14285714285714285,0.5714285714285714,0.5,1.0,0.5714285714285714,8,14,8
1906,0.7058823529411764,0.3333333333333333,0.6666666666666666,0.8333333333333334,1.0,0.5454545454545454,6,11,6
1908,0.9333333333333333,-0.047619047619047616,0.47619047619047616,0.42857142857142855,1.0,0.875,7,8,7
1910,0.7058823529411764,0.7333333333333333,0.8666666666666667,0.8333333333333334,1.0,0.5454545454545454,6,11,6
1911,1.0,-0.2,0.4,0.3333333333333333,1.0,1.0,15,15,15
1912,0.5882352941176471,0.0,0.5,0.6,1.0,0.4166666666666667,5,12,5
1914,0.7000000000000001,0.14285714285714285,0.5714285714285714,0.5714285714285714,1.0,0.5384615384615384,7,13,7
1916,0.9090909090909091,0.5555555555555556,0.7777777777777778,0.6,1.0,0.8333333333333334,10,12,10
1917,0.5882352941176471,0.2,0.6,0.6,1.0,0.4166666666666667,5,12,5
1920,0.6666666666666666,0.3333333333333333,0.6666666666666666,0.6666666666666666,1.0,0.5,6,12,6
1922,0.8,0.1111111111111111,0.5555555555555556,0.5,1.0,0.6666666666666666,10,15,10
1923,0.9090909090909091,0.2,0.6,0.5,1.0,0.8333333333333334,10,12,10
1924,0.6666666666666666,0.4666666666666667,0.7333333333333334,0.6666666666666666,1.0,0.5,6,12,6
1925,0.6666666666666666,0.3333333333333333,0.6666666666666666,0.5,1.0,0.5,6,12,6
1926,0.8,0.2857142857142857,0.6428571428571428,0.625,1.0,0.6666666666666666,8,12,8
1928,0.7000000000000001,-0.23809523809523808,0.38095238095238093,0.42857142857142855,1.0,0.5384615384615384,7,13,7
1930,1.0,0.030303030303030304,0.5151515151515151,0.4166666666666667,1.0,1.0,12,12,12
1933,0.8,0.2857142857142857,0.6428571428571428,0.5,1.0,0.6666666666666666,8,12,8
1935,0.7368421052631579,0.6190476190476191,0.8095238095238095,0.7142857142857143,1.0,0.5833333333333334,7,12,7
1941,0.6666666666666666,-0.2,0.4,0.5,1.0,0.5,6,12,6
1942,0.7000000000000001,0.23809523809523808,0.6190476190476191,0.5714285714285714,1.0,0.5384615384615384,7,13,7
1943,0.7368421052631579,0.14285714285714285,0.5714285714285714,0.5714285714285714,1.0,0.5833333333333334,7,12,7
1944,0.9565217391304348,0.23636363636363636,0.6181818181818182,0.5454545454545454,1.0,0.9166666666666666,11,12,11
1945,0.6,0.3333333333333333,0.6666666666666666,0.6666666666666666,1.0,0.42857142857142855,3,7,3
1946,0.5882352941176471,-0.6,0.2,0.4,1.0,0.4166666666666667,5,12,5
1947,0.7000000000000001,-0.3333333333333333,0.33333333333333337,0.2857142857142857,1.0,0.5384615384615384,7,13,7
1948,0.5,0.3333333333333333,0.6666666666666666,0.75,1.0,0.3333333333333333,4,12,4
1949,0.5,0.0,0.5,0.5,1.0,0.3333333333333333,4,12,4
1950,1.0,0.3333333333333333,0.6666666666666666,0.7,1.0,1.0,10,10,10
1951,0.6,0.6,0.8,0.6666666666666666,1.0,0.42857142857142855,6,14,6
1952,0.6666666666666666,0.2,0.6,0.5,1.0,0.5,6,12,6
1961,0.7777777777777778,0.6190476190476191,0.8095238095238095,0.8571428571428571,1.0,0.6363636363636364,7,11,7
1962,0.6666666666666666,0.06666666666666667,0.5333333333333333,0.5,1.0,0.5,6,12,6
1964,0.7499999999999999,0.3333333333333333,0.6666666666666666,0.6666666666666666,1.0,0.6,9,15,9
1969,0.88,0.09090909090909091,0.5454545454545454,0.45454545454545453,1.0,0.7857142857142857,11,14,11
1970,0.9473684210526316,0.16666666666666666,0.5833333333333334,0.4444444444444444,1.0,0.9,9,10,9
1971,0.5882352941176471,0.0,0.5,0.4,1.0,0.4166666666666667,5,12,5
1972,0.7000000000000001,0.047619047619047616,0.5238095238095238,0.5714285714285714,1.0,0.5384615384615384,7,13,7
1973,0.6666666666666666,-0.047619047619047616,0.47619047619047616,0.42857142857142855,1.0,0.5,7,14,7
1974,0.9565217391304348,0.2727272727272727,0.6363636363636364,0.5454545454545454,1.0,0.9166666666666666,11,12,11
1975,0.4,1.0,1.0,1.0,1.0,0.25,3,12,3
1977,0.375,-0.3333333333333333,0.33333333333333337,0.6666666666666666,1.0,0.23076923076923078,3,13,3
1978,0.631578947368421,0.3333333333333333,0.6666666666666666,0.8333333333333334,1.0,0.46153846153846156,6,13,6
1981,0.761904761904762,-0.2857142857142857,0.35714285714285715,0.375,1.0,0.6153846153846154,8,13,8
1984,0.8,0.14285714285714285,0.5714285714285714,0.625,1.0,0.6666666666666666,8,12,8
1986,0.7272727272727273,-0.21428571428571427,0.39285714285714285,0.375,1.0,0.5714285714285714,8,14,8
1987,0.8,0.7142857142857143,0.8571428571428572,0.75,1.0,0.6666666666666666,8,12,8
1988,0.8333333333333333,0.15555555555555556,0.5777777777777777,0.5,1.0,0.7142857142857143,10,14,10
1993,0.7000000000000001,-0.5238095238095238,0.23809523809523808,0.42857142857142855,1.0,0.5384615384615384,7,13,7
1995,0.72,-0.05555555555555555,0.4722222222222222,0.4444444444444444,1.0,0.5625,9,16,9
1998,0.7272727272727273,-0.07142857142857142,0.4642857142857143,0.375,1.0,0.5714285714285714,8,14,8
2001,0.631578947368421,-0.06666666666666667,0.4666666666666667,0.6666666666666666,1.0,0.46153846153846156,6,13,6
2002,0.8,0.15555555555555556,0.5777777777777777,0.5,1.0,0.6666666666666666,10,15,10
2003,0.8571428571428571,-0.16666666666666666,0.4166666666666667,0.5555555555555556,1.0,0.75,9,12,9
2004,0.8,-0.14285714285714285,0.4285714285714286,0.375,1.0,0.6666666666666666,8,12,8
2005,0.7499999999999999,0.0,0.5,0.4444444444444444,1.0,0.6,9,15,9
2006,0.5882352941176471,-0.6,0.2,0.4,1.0,0.4166666666666667,5,12,5
2007,0.962962962962963,0.02564102564102564,0.5128205128205128,0.38461538461538464,0.9285714285714286,1.0,14,13,13
2009,0.9600000000000001,0.3939393939393939,0.696969696969697,0.5,1.0,0.9230769230769231,12,13,12
2012,0.9090909090909091,-0.022222222222222223,0.4888888888888889,0.5,1.0,0.8333333333333334,10,12,10
2013,0.7272727272727273,-0.14285714285714285,0.4285714285714286,0.5,1.0,0.5714285714285714,8,14,8
2014,0.5263157894736842,-0.2,0.4,0.6,1.0,0.35714285714285715,5,14,5
2015,0.9090909090909091,0.5555555555555556,0.7777777777777778,0.7,1.0,0.8333333333333334,10,12,10
2016,0.6399999999999999,0.35714285714285715,0.6785714285714286,0.625,1.0,0.47058823529411764,8,17,8
2022,0.88,0.2,0.6,0.36363636363636365,1.0,0.7857142857142857,11,14,11
2024,0.782608695652174,0.5555555555555556,0.7777777777777778,0.7777777777777778,1.0,0.6428571428571429,9,14,9
2025,0.7368421052631579,0.047619047619047616,0.5238095238095238,0.42857142857142855,1.0,0.5833333333333334,7,12,7
2029,0.5882352941176471,0.2,0.6,0.4,1.0,0.4166666666666667,5,12,5
2030,0.6666666666666666,-0.4666666666666667,0.26666666666666666,0.3333333333333333,1.0,0.5,6,12,6
2035,0.7142857142857143,0.15555555555555556,0.5777777777777777,0.5,1.0,0.5555555555555556,10,18,10
2037,0.7000000000000001,0.23809523809523808,0.6190476190476191,0.5714285714285714,1.0,0.5384615384615384,7,13,7
2040,1.0,0.2727272727272727,0.6363636363636364,0.4166666666666667,1.0,1.0,12,12,12
2041,0.8235294117647058,-0.42857142857142855,0.2857142857142857,0.42857142857142855,1.0,0.7,7,10,7
2042,0.6666666666666666,0.7333333333333333,0.8666666666666667,0.8333333333333334,1.0,0.5,6,12,6
2043,0.7368421052631579,-0.42857142857142855,0.2857142857142857,0.42857142857142855,1.0,0.5833333333333334,7,12,7
2044,0.6363636363636364,0.3333333333333333,0.6666666666666666,0.5714285714285714,1.0,0.4666666666666667,7,15,7
2045,0.761904761904762,0.14285714285714285,0.5714285714285714,0.5,1.0,0.6153846153846154,8,13,8
2046,0.8,-0.07142857142857142,0.4642857142857143,0.5,1.0,0.6666666666666666,8,12,8
2048,0.8,0.21428571428571427,0.6071428571428571,0.625,1.0,0.6666666666666666,8,12,8
2049,0.967741935483871,0.1619047619047619,0.580952380952381,0.4,1.0,0.9375,15,16,15
2051,0.5714285714285715,0.4666666666666667,0.7333333333333334,0.6666666666666666,1.0,0.4,6,15,6
2053,0.9473684210526316,0.2222222222222222,0.6111111111111112,0.3333333333333333,1.0,0.9,9,10,9
2054,0.4444444444444445,0.0,0.5,0.5,1.0,0.2857142857142857,4,14,4
2058,0.7000000000000001,-0.14285714285714285,0.4285714285714286,0.5714285714285714,1.0,0.5384615384615384,7,13,7
2059,0.9166666666666666,-0.01818181818181818,0.4909090909090909,0.45454545454545453,1.0,0.8461538461538461,11,13,11
2062,0.782608695652174,0.5,0.75,0.6666666666666666,1.0,0.6428571428571429,9,14,9
2064,0.7368421052631579,0.047619047619047616,0.5238095238095238,0.42857142857142855,1.0,0.5833333333333334,7,12,7
2065,0.7000000000000001,-0.23809523809523808,0.38095238095238093,0.42857142857142855,1.0,0.5384615384615384,7,13,7
2066,0.88,0.41818181818181815,0.7090909090909091,0.5454545454545454,1.0,0.7857142857142857,11,14,11
2069,0.6666666666666666,0.23809523809523808,0.6190476190476191,0.5714285714285714,1.0,0.5,7,14,7
2074,0.7000000000000001,0.5238095238095238,0.7619047619047619,0.5714285714285714,1.0,0.5384615384615384,7,13,7
2076,0.9600000000000001,0.3333333333333333,0.6666666666666666,0.5,0.9230769230769231,1.0,13,12,12
2078,0.6666666666666666,0.06666666666666667,0.5333333333333333,0.5,1.0,0.5,6,12,6
2079,0.7368421052631579,-0.14285714285714285,0.4285714285714286,0.42857142857142855,1.0,0.5833333333333334,7,12,7
2082,0.7272727272727273,0.0,0.5,0.375,1.0,0.5714285714285714,8,14,8
2083,0.5555555555555556,0.0,0.5,0.6,1.0,0.38461538461538464,5,13,5
2086,0.9090909090909091,0.37777777777777777,0.6888888888888889,0.5,1.0,0.8333333333333334,10,12,10
2090,0.8181818181818181,0.6666666666666666,0.8333333333333333,0.6666666666666666,1.0,0.6923076923076923,9,13,9
2094,0.8,-0.14285714285714285,0.4285714285714286,0.375,1.0,0.6666666666666666,8,12,8
2095,0.6956521739130436,0.21428571428571427,0.6071428571428571,0.5,1.0,0.5333333333333333,8,15,8
2098,0.9090909090909091,0.06666666666666667,0.5333333333333333,0.5,1.0,0.8333333333333334,10,12,10
2099,0.5,0.6666666666666666,0.8333333333333333,0.75,1.0,0.3333333333333333,4,12,4
2101,0.5555555555555556,-0.6,0.2,0.4,1.0,0.38461538461538464,5,13,5
2105,0.8,0.37777777777777777,0.6888888888888889,0.5,1.0,0.6666666666666666,10,15,10
2106,0.5263157894736842,-0.4,0.3,0.6,1.0,0.35714285714285715,5,14,5
2107,0.7000000000000001,-0.14285714285714285,0.4285714285714286,0.5714285714285714,1.0,0.5384615384615384,7,13,7
2109,0.6666666666666666,-0.4666666666666667,0.26666666666666666,0.3333333333333333,1.0,0.5,6,12,6
2110,0.782608695652174,0.3333333333333333,0.6666666666666666,0.6666666666666666,1.0,0.6428571428571429,9,14,9
2111,0.8750000000000001,0.27472527472527475,0.6373626373626373,0.42857142857142855,0.7777777777777778,1.0,18,14,14
2113,0.9600000000000001,0.3939393939393939,0.696969696969697,0.5,0.9230769230769231,1.0,13,12,12
2116,0.47058823529411764,0.3333333333333333,0.6666666666666666,0.75,1.0,0.3076923076923077,4,13,4
2119,0.7000000000000001,-0.3333333333333333,0.33333333333333337,0.42857142857142855,1.0,0.5384615384615384,7,13,7
2121,0.5882352941176471,-0.2,0.4,0.6,1.0,0.4166666666666667,5,12,5
2123,0.8695652173913044,-0.06666666666666667,0.4666666666666667,0.5,1.0,0.7692307692307693,10,13,10
2125,0.7368421052631579,0.23809523809523808,0.6190476190476191,0.7142857142857143,1.0,0.5833333333333334,7,12,7
2126,0.6956521739130436,0.2857142857142857,0.6428571428571428,0.5,1.0,0.5333333333333333,8,15,8
2131,0.6666666666666666,0.06666666666666667,0.5333333333333333,0.5,1.0,0.5,6,12,6
2132,0.8,0.42857142857142855,0.7142857142857143,0.625,1.0,0.6666666666666666,8,12,8
2133,0.5,0.4,0.7,0.8,1.0,0.3333333333333333,5,15,5
2134,0.8181818181818181,0.2777777777777778,0.6388888888888888,0.6666666666666666,1.0,0.6923076923076923,9,13,9
2136,0.782608695652174,0.5555555555555556,0.7777777777777778,0.5555555555555556,1.0,0.6428571428571429,9,14,9
2137,0.923076923076923,-0.09090909090909091,0.45454545454545453,0.3333333333333333,1.0,0.8571428571428571,12,14,12
2138,0.782608695652174,-0.2222222222222222,0.3888888888888889,0.3333333333333333,1.0,0.6428571428571429,9,14,9
2139,0.7368421052631579,-0.047619047619047616,0.47619047619047616,0.42857142857142855,1.0,0.5833333333333334,7,12,7
2140,0.47058823529411764,-0.3333333333333333,0.33333333333333337,0.5,1.0,0.3076923076923077,4,13,4
2141,0.6666666666666666,0.3333333333333333,0.6666666666666666,0.5,1.0,0.5,4,8,4
2146,0.9090909090909091,-0.022222222222222223,0.4888888888888889,0.4,1.0,0.8333333333333334,10,12,10
2147,0.7368421052631579,0.047619047619047616,0.5238095238095238,0.5714285714285714,1.0,0.5833333333333334,7,12,7
2148,0.8571428571428571,-0.3888888888888889,0.3055555555555556,0.3333333333333333,1.0,0.75,9,12,9
2152,0.4444444444444445,1.0,1.0,1.0,1.0,0.2857142857142857,4,14,4
2153,0.35294117647058826,0.3333333333333333,0.6666666666666666,0.6666666666666666,1.0,0.21428571428571427,3,14,3
2163,0.47619047619047616,0.2,0.6,0.8,1.0,0.3125,5,16,5
2164,0.8,-0.2857142857142857,0.35714285714285715,0.625,1.0,0.6666666666666666,8,12,8
2166,0.72,-0.2222222222222222,0.3888888888888889,0.4444444444444444,1.0,0.5625,9,16,9
2167,0.7368421052631579,0.42857142857142855,0.7142857142857143,0.7142857142857143,1.0,0.5833333333333334,7,12,7
2168,0.6666666666666666,0.3333333333333333,0.6666666666666666,0.5714285714285714,1.0,0.5,7,14,7
2171,0.8,0.07142857142857142,0.5357142857142857,0.5,1.0,0.6666666666666666,8,12,8
2172,0.8695652173913044,0.3333333333333333,0.6666666666666666,0.6,1.0,0.7692307692307693,10,13,10
2173,0.8750000000000001,0.16483516483516483,0.5824175824175825,0.42857142857142855,0.7777777777777778,1.0,18,14,14
2179,0.8571428571428571,0.3888888888888889,0.6944444444444444,0.6666666666666666,1.0,0.75,9,12,9
2180,0.761904761904762,0.21428571428571427,0.6071428571428571,0.5,1.0,0.6153846153846154,8,13,8
2181,0.9090909090909091,-0.4222222222222222,0.28888888888888886,0.3,1.0,0.8333333333333334,10,12,10
2182,0.35294117647058826,1.0,1.0,1.0,1.0,0.21428571428571427,3,14,3
2183,0.9090909090909091,-0.24444444444444444,0.37777777777777777,0.4,1.0,0.8333333333333334,10,12,10
2185,0.7000000000000001,0.6190476190476191,0.8095238095238095,0.8571428571428571,1.0,0.5384615384615384,7,13,7
2187,0.88,0.5272727272727272,0.7636363636363637,0.6363636363636364,1.0,0.7857142857142857,11,14,11
2190,0.5882352941176471,-0.2,0.4,0.4,1.0,0.4166666666666667,5,12,5
2191,0.6666666666666666,0.3333333333333333,0.6666666666666666,0.42857142857142855,1.0,0.5,7,14,7
2193,0.923076923076923,0.2727272727272727,0.6363636363636364,0.3333333333333333,0.8571428571428571,1.0,14,12,12
2194,1.0,0.15384615384615385,0.5769230769230769,0.5384615384615384,1.0,1.0,13,13,13
2195,0.631578947368421,-0.2,0.4,0.5,1.0,0.46153846153846156,6,13,6
2197,0.8181818181818181,-0.2222222222222222,0.3888888888888889,0.4444444444444444,1.0,0.6923076923076923,9,13,9
2199,0.88,-0.09090909090909091,0.45454545454545453,0.5454545454545454,1.0,0.7857142857142857,11,14,11
2200,0.5882352941176471,0.0,0.5,0.6,1.0,0.4166666666666667,5,12,5
2201,0.8181818181818181,0.5555555555555556,0.7777777777777778,0.7777777777777778,1.0,0.6923076923076923,9,13,9
2203,0.5263157894736842,0.8,0.9,0.8,1.0,0.35714285714285715,5,14,5
2204,0.7000000000000001,0.3333333333333333,0.6666666666666666,0.5714285714285714,1.0,0.5384615384615384,7,13,7
2205,0.7000000000000001,-0.6190476190476191,0.19047619047619047,0.42857142857142855,1.0,0.5384615384615384,7,13,7
2210,0.8333333333333333,0.022222222222222223,0.5111111111111111,0.3,1.0,0.7142857142857143,10,14,10
2211,0.782608695652174,0.05555555555555555,0.5277777777777778,0.5555555555555556,1.0,0.6428571428571429,9,14,9
2213,0.8571428571428571,-0.030303030303030304,0.48484848484848486,0.4166666666666667,0.75,1.0,16,12,12
2214,0.9032258064516129,0.054945054945054944,0.5274725274725275,0.5714285714285714,1.0,0.8235294117647058,14,17,14
2215,0.8695652173913044,-0.06666666666666667,0.4666666666666667,0.6,1.0,0.7692307692307693,10,13,10
2216,0.7000000000000001,-0.047619047619047616,0.47619047619047616,0.5714285714285714,1.0,0.5384615384615384,7,13,7
2219,0.88,0.12727272727272726,0.5636363636363636,0.45454545454545453,1.0,0.7857142857142857,11,14,11
2220,0.5714285714285715,0.3333333333333333,0.6666666666666666,0.6666666666666666,1.0,0.4,6,15,6
2221,0.9600000000000001,0.2727272727272727,0.6363636363636364,0.5,1.0,0.9230769230769231,12,13,12
2223,0.6,0.3333333333333333,0.6666666666666666,0.6666666666666666,1.0,0.42857142857142855,6,14,6
2224,0.761904761904762,0.0,0.5,0.5,1.0,0.6153846153846154,8,13,8
2225,0.6,-0.2,0.4,0.5,1.0,0.42857142857142855,6,14,6
2226,0.7499999999999999,-0.1111111111111111,0.4444444444444444,0.4444444444444444,1.0,0.6,9,15,9
2229,0.631578947368421,0.7333333333333333,0.8666666666666667,0.8333333333333334,1.0,0.46153846153846156,6,13,6
2230,0.5263157894736842,0.8,0.9,0.8,1.0,0.35714285714285715,5,14,5
2231,0.6,0.06666666666666667,0.5333333333333333,0.6666666666666666,1.0,0.42857142857142855,6,14,6
2235,0.5263157894736842,-0.4,0.3,0.4,1.0,0.35714285714285715,5,14,5
2237,0.631578947368421,-0.06666666666666667,0.4666666666666667,0.5,1.0,0.46153846153846156,6,13,6
2238,0.9166666666666666,-0.2,0.4,0.36363636363636365,1.0,0.8461538461538461,11,13,11
2241,0.5,0.0,0.5,0.75,1.0,0.3333333333333333,4,12,4
2242,0.8181818181818181,-0.05555555555555555,0.4722222222222222,0.5555555555555556,1.0,0.6923076923076923,9,13,9
2245,0.72,-0.2777777777777778,0.3611111111111111,0.4444444444444444,1.0,0.5625,9,16,9
2246,0.631578947368421,0.3333333333333333,0.6666666666666666,0.6666666666666666,1.0,0.46153846153846156,6,13,6
2247,0.8,0.28888888888888886,0.6444444444444444,0.5,1.0,0.6666666666666666,10,15,10
2248,0.4210526315789474,-0.3333333333333333,0.33333333333333337,0.5,1.0,0.26666666666666666,4,15,4
2251,0.8333333333333333,0.15555555555555556,0.5777777777777777,0.5,1.0,0.7142857142857143,10,14,10
2255,1.0,0.18181818181818182,0.5909090909090909,0.4166666666666667,1.0,1.0,12,12,12
2256,0.9285714285714286,-0.02564102564102564,0.48717948717948717,0.46153846153846156,1.0,0.8666666666666667,13,15,13
2258,0.6,0.4666666666666667,0.7333333333333334,0.6666666666666666,1.0,0.42857142857142855,6,14,6
2259,0.6666666666666666,-0.6190476190476191,0.19047619047619047,0.2857142857142857,1.0,0.5,7,14,7
2260,0.8571428571428571,0.5555555555555556,0.7777777777777778,0.7777777777777778,1.0,0.75,9,12,9
2262,0.8571428571428571,-0.05555555555555555,0.4722222222222222,0.5555555555555556,1.0,0.75,9,12,9
2263,0.6666666666666666,-0.3333333333333333,0.33333333333333337,0.3333333333333333,1.0,0.5,6,12,6
2264,0.5555555555555556,-0.6,0.2,0.4,1.0,0.38461538461538464,5,13,5
2265,0.25,-1.0,0.0,0.5,1.0,0.14285714285714285,2,14,2
2266,0.5882352941176471,0.2,0.6,0.6,1.0,0.4166666666666667,5,12,5
2268,0.6666666666666666,0.047619047619047616,0.5238095238095238,0.42857142857142855,1.0,0.5,7,14,7
2269,0.5882352941176471,-0.2,0.4,0.6,1.0,0.4166666666666667,5,12,5
2273,0.8421052631578948,0.21428571428571427,0.6071428571428571,0.5,1.0,0.7272727272727273,8,11,8
2275,0.8695652173913044,0.3333333333333333,0.6666666666666666,0.5,1.0,0.7692307692307693,10,13,10
2278,0.8,0.5,0.75,0.625,1.0,0.6666666666666666,8,12,8
2279,0.7368421052631579,0.14285714285714285,0.5714285714285714,0.42857142857142855,1.0,0.5833333333333334,7,12,7
2280,0.6,-0.2,0.4,0.5,1.0,0.42857142857142855,6,14,6
2282,0.625,0.4,0.7,0.6,1.0,0.45454545454545453,5,11,5
2285,0.7741935483870968,0.06060606060606061,0.5303030303030303,0.5833333333333334,0.631578947368421,1.0,19,12,12
2286,0.9,0.1111111111111111,0.5555555555555556,0.3333333333333333,1.0,0.8181818181818182,9,11,9
2289,0.761904761904762,0.35714285714285715,0.6785714285714286,0.375,1.0,0.6153846153846154,8,13,8
2290,0.6666666666666666,0.7333333333333333,0.8666666666666667,0.8333333333333334,0.5,1.0,12,6,6
2293,0.8,0.42857142857142855,0.7142857142857143,0.5,1.0,0.6666666666666666,8,12,8
2294,1.0,0.0,0.5,0.4166666666666667,1.0,1.0,12,12,12
2297,0.375,0.3333333333333333,0.6666666666666666,0.6666666666666666,1.0,0.23076923076923078,3,13,3
2300,0.9166666666666666,-0.01818181818181818,0.4909090909090909,0.36363636363636365,1.0,0.8461538461538461,11,13,11
2302,0.9166666666666666,0.34545454545454546,0.6727272727272727,0.45454545454545453,1.0,0.8461538461538461,11,13,11
2303,0.5714285714285715,0.2,0.6,0.5,1.0,0.4,6,15,6
2305,0.7368421052631579,0.42857142857142855,0.7142857142857143,0.5714285714285714,1.0,0.5833333333333334,7,12,7
2306,0.47058823529411764,0.6666666666666666,0.8333333333333333,0.75,1.0,0.3076923076923077,4,13,4
2311,0.5263157894736842,0.4,0.7,0.6,1.0,0.35714285714285715,5,14,5
2312,0.6956521739130436,0.21428571428571427,0.6071428571428571,0.625,1.0,0.5333333333333333,8,15,8
2313,0.5882352941176471,-0.6,0.2,0.4,1.0,0.4166666666666667,5,12,5
2315,0.5555555555555556,-0.4,0.3,0.6,1.0,0.38461538461538464,5,13,5
2316,0.5,0.3333333333333333,0.6666666666666666,0.75,1.0,0.3333333333333333,4,12,4
2317,0.7000000000000001,0.42857142857142855,0.7142857142857143,0.7142857142857143,1.0,0.5384615384615384,7,13,7
2318,0.8333333333333333,0.06666666666666667,0.5333333333333333,0.5,1.0,0.7142857142857143,10,14,10
2320,0.5263157894736842,0.6,0.8,0.6,1.0,0.35714285714285715,5,14,5
2321,0.6666666666666666,-0.6,0.2,0.3333333333333333,1.0,0.5,6,12,6
2324,0.9,0.6666666666666666,0.8333333333333333,0.6666666666666666,1.0,0.8181818181818182,9,11,9
2325,0.6666666666666666,0.35714285714285715,0.6785714285714286,0.5,1.0,0.5,8,16,8
2327,0.4210526315789474,0.3333333333333333,0.6666666666666666,0.75,1.0,0.26666666666666666,4,15,4
2328,0.6666666666666666,0.6,0.8,0.8333333333333334,1.0,0.5,6,12,6
2332,1.0,-0.06060606060606061,0.4696969696969697,0.4166666666666667,1.0,1.0,12,12,12
2335,0.8571428571428571,0.2222222222222222,0.6111111111111112,0.4444444444444444,1.0,0.75,9,12,9
2336,0.761904761904762,-0.07142857142857142,0.4642857142857143,0.5,1.0,0.6153846153846154,8,13,8
2341,0.8571428571428571,0.4444444444444444,0.7222222222222222,0.5555555555555556,1.0,0.75,9,12,9
2342,0.5882352941176471,0.4,0.7,0.8,1.0,0.4166666666666667,5,12,5
2343,0.5882352941176471,0.6,0.8,0.8,1.0,0.4166666666666667,5,12,5
2344,0.7368421052631579,0.6190476190476191,0.8095238095238095,0.7142857142857143,1.0,0.5833333333333334,7,12,7
2346,0.5263157894736842,0.2,0.6,0.6,1.0,0.35714285714285715,5,14,5
2350,0.631578947368421,0.06666666666666667,0.5333333333333333,0.5,1.0,0.46153846153846156,6,13,6
2351,0.782608695652174,0.4444444444444444,0.7222222222222222,0.5555555555555556,1.0,0.6428571428571429,9,14,9
2353,0.782608695652174,0.2222222222222222,0.6111111111111112,0.5555555555555556,1.0,0.6428571428571429,9,14,9
2358,0.8,0.07142857142857142,0.5357142857142857,0.375,0.6666666666666666,1.0,12,8,8
2360,0.7741935483870968,0.0,0.5,0.3333333333333333,0.631578947368421,1.0,19,12,12
2362,0.6,-0.2,0.4,0.5,1.0,0.42857142857142855,6,14,6
2363,0.9090909090909091,0.37777777777777777,0.6888888888888889,0.5,1.0,0.8333333333333334,10,12,10
2364,0.9285714285714286,0.3333333333333333,0.6666666666666666,0.5384615384615384,0.8666666666666667,1.0,15,13,13
2366,1.0,0.6,0.8,0.4666666666666667,1.0,1.0,15,15,15
2367,0.7499999999999999,0.2,0.6,0.6666666666666666,1.0,0.6,6,10,6
2369,0.8571428571428571,-0.3888888888888889,0.3055555555555556,0.3333333333333333,1.0,0.75,9,12,9
2370,0.5882352941176471,0.4,0.7,0.8,1.0,0.4166666666666667,5,12,5
2371,0.9090909090909091,0.022222222222222223,0.5111111111111111,0.4,1.0,0.8333333333333334,10,12,10
2374,0.5,-0.3333333333333333,0.33333333333333337,0.5,1.0,0.3333333333333333,4,12,4
2379,0.7000000000000001,0.6190476190476191,0.8095238095238095,0.7142857142857143,1.0,0.5384615384615384,7,13,7
2380,0.8571428571428571,0.1111111111111111,0.5555555555555556,0.5555555555555556,1.0,0.75,9,12,9
2382,0.7272727272727273,0.35714285714285715,0.6785714285714286,0.625,1.0,0.5714285714285714,8,14,8
2385,0.5714285714285715,0.3333333333333333,0.6666666666666666,0.5,1.0,0.4,6,15,6
2387,0.7692307692307693,0.6,0.8,0.8,1.0,0.625,5,8,5
2391,0.5333333333333333,-1.0,0.0,0.25,1.0,0.36363636363636365,4,11,4
2392,0.6666666666666666,0.3333333333333333,0.6666666666666666,0.6666666666666666,1.0,0.5,6,12,6
2396,1.0,0.21212121212121213,0.6060606060606061,0.4166666666666667,1.0,1.0,12,12,12
2397,0.47058823529411764,0.3333333333333333,0.6666666666666666,0.75,1.0,0.3076923076923077,4,13,4
2400,0.8,0.5,0.75,0.625,1.0,0.6666666666666666,8,12,8
2401,0.6363636363636364,0.14285714285714285,0.5714285714285714,0.42857142857142855,1.0,0.4666666666666667,7,15,7
2403,0.6666666666666666,-0.06666666666666667,0.4666666666666667,0.5,1.0,0.5,6,12,6
2405,0.5714285714285715,1.0,1.0,1.0,1.0,0.4,4,10,4
2407,0.9565217391304348,0.5272727272727272,0.7636363636363637,0.7272727272727273,1.0,0.9166666666666666,11,12,11
2408,0.8571428571428571,-0.2777777777777778,0.3611111111111111,0.4444444444444444,1.0,0.75,9,12,9
2409,0.631578947368421,0.4666666666666667,0.7333333333333334,0.6666666666666666,1.0,0.46153846153846156,6,13,6
2412,0.6086956521739131,0.42857142857142855,0.7142857142857143,0.7142857142857143,1.0,0.4375,7,16,7
2414,0.761904761904762,-0.21428571428571427,0.39285714285714285,0.5,1.0,0.6153846153846154,8,13,8
2416,0.8333333333333333,0.15555555555555556,0.5777777777777777,0.5,1.0,0.7142857142857143,10,14,10
2418,0.8571428571428571,0.2727272727272727,0.6363636363636364,0.3333333333333333,0.75,1.0,16,12,12
2419,0.923076923076923,0.30303030303030304,0.6515151515151515,0.5,0.8571428571428571,1.0,14,12,12
2420,0.7368421052631579,0.14285714285714285,0.5714285714285714,0.42857142857142855,1.0,0.5833333333333334,7,12,7
2424,0.5,0.0,0.5,0.5,1.0,0.3333333333333333,4,12,4
2425,0.8571428571428571,0.05555555555555555,0.5277777777777778,0.4444444444444444,1.0,0.75,9,12,9
2427,0.7272727272727273,0.0,0.5,0.5,0.5714285714285714,1.0,14,8,8
2428,0.5,0.0,0.5,0.5,1.0,0.3333333333333333,4,12,4
2431,0.7058823529411764,-0.4666666666666667,0.26666666666666666,0.3333333333333333,0.5454545454545454,1.0,11,6,6
2432,0.625,0.2,0.6,0.6,1.0,0.45454545454545453,5,11,5
2433,0.72,0.16666666666666666,0.5833333333333334,0.5555555555555556,0.5625,1.0,16,9,9
2434,0.8571428571428571,0.3939393939393939,0.696969696969697,0.5,1.0,0.75,12,16,12
2435,0.6666666666666666,-0.2,0.4,0.5,1.0,0.5,6,12,6
2436,0.48484848484848486,-0.2857142857142857,0.35714285714285715,0.375,0.32,1.0,25,8,8
2438,0.5,-0.3333333333333333,0.33333333333333337,0.5,1.0,0.3333333333333333,4,12,4
2439,0.5555555555555556,0.6,0.8,0.8,1.0,0.38461538461538464,5,13,5
2441,0.7368421052631579,-0.42857142857142855,0.2857142857142857,0.42857142857142855,1.0,0.5833333333333334,7,12,7
2442,0.7000000000000001,0.14285714285714285,0.5714285714285714,0.5714285714285714,1.0,0.5384615384615384,7,13,7
2445,0.8695652173913044,-0.24444444444444444,0.37777777777777777,0.4,1.0,0.7692307692307693,10,13,10
2446,0.8571428571428571,-0.15151515151515152,0.42424242424242425,0.4166666666666667,1.0,0.75,12,16,12
2448,0.7000000000000001,0.6190476190476191,0.8095238095238095,0.7142857142857143,0.5384615384615384,1.0,13,7,7
2450,0.923076923076923,-0.12121212121212122,0.4393939393939394,0.4166666666666667,0.8571428571428571,1.0,14,12,12
2452,0.7368421052631579,0.5238095238095238,0.7619047619047619,0.8571428571428571,1.0,0.5833333333333334,7,12,7
2453,0.9411764705882353,0.07142857142857142,0.5357142857142857,0.5,1.0,0.8888888888888888,8,9,8
2455,0.8235294117647058,0.23809523809523808,0.6190476190476191,0.5714285714285714,1.0,0.7,7,10,7
2456,0.5882352941176471,0.8,0.9,0.8,1.0,0.4166666666666667,5,12,5
2460,0.8750000000000001,-0.23809523809523808,0.38095238095238093,0.42857142857142855,1.0,0.7777777777777778,7,9,7
2461,0.9,0.3888888888888889,0.6944444444444444,0.5555555555555556,1.0,0.8181818181818182,9,11,9
2463,0.8333333333333333,0.2,0.6,0.8,1.0,0.7142857142857143,5,7,5
2464,0.9565217391304348,0.6727272727272727,0.8363636363636364,0.6363636363636364,1.0,0.9166666666666666,11,12,11
2466,0.8235294117647058,0.3333333333333333,0.6666666666666666,0.7142857142857143,1.0,0.7,7,10,7
2467,0.33333333333333337,1.0,1.0,1.0,1.0,0.2,3,15,3
2468,0.6086956521739131,-0.047619047619047616,0.47619047619047616,0.42857142857142855,1.0,0.4375,7,16,7
2471,0.787878787878788,0.1794871794871795,0.5897435897435898,0.5384615384615384,0.65,1.0,20,13,13
2472,0.6666666666666666,-0.2,0.4,0.5,1.0,0.5,6,12,6
2473,1.0,0.6363636363636364,0.8181818181818181,0.5833333333333334,1.0,1.0,12,12,12
2474,0.6666666666666666,0.4666666666666667,0.7333333333333334,0.6666666666666666,1.0,0.5,6,12,6
2476,0.8,0.21428571428571427,0.6071428571428571,0.625,1.0,0.6666666666666666,8,12,8
2478,0.5555555555555556,-0.2,0.4,0.6,1.0,0.38461538461538464,5,13,5
2479,0.923076923076923,0.5151515151515151,0.7575757575757576,0.5,0.8571428571428571,1.0,14,12,12
2480,1.0,0.03296703296703297,0.5164835164835165,0.35714285714285715,1.0,1.0,14,14,14
2484,0.375,1.0,1.0,1.0,1.0,0.23076923076923078,3,13,3
2486,1.0,0.4666666666666667,0.7333333333333334,0.6666666666666666,1.0,1.0,6,6,6
2490,0.9090909090909091,0.3333333333333333,0.6666666666666666,0.4,1.0,0.8333333333333334,10,12,10
2491,0.7368421052631579,0.14285714285714285,0.5714285714285714,0.42857142857142855,1.0,0.5833333333333334,7,12,7
2492,0.7499999999999999,0.06666666666666667,0.5333333333333333,0.6666666666666666,0.6,1.0,10,6,6
2493,0.6666666666666666,-0.6,0.2,0.3333333333333333,1.0,0.5,6,12,6
2497,0.5882352941176471,0.6,0.8,0.8,1.0,0.4166666666666667,5,12,5
2501,0.8421052631578948,-0.14285714285714285,0.4285714285714286,0.5,1.0,0.7272727272727273,8,11,8
2502,0.5882352941176471,0.0,0.5,0.6,1.0,0.4166666666666667,5,12,5
2503,0.9411764705882353,0.14285714285714285,0.5714285714285714,0.5,1.0,0.8888888888888888,8,9,8
2508,0.9523809523809523,0.4222222222222222,0.7111111111111111,0.5,0.9090909090909091,1.0,11,10,10
2511,0.5882352941176471,0.8,0.9,0.8,1.0,0.4166666666666667,5,12,5
2513,0.7692307692307693,0.4,0.7,0.6,1.0,0.625,5,8,5
2514,0.9090909090909091,0.15555555555555556,0.5777777777777777,0.4,1.0,0.8333333333333334,10,12,10
2517,0.6363636363636364,0.42857142857142855,0.7142857142857143,0.7142857142857143,1.0,0.4666666666666667,7,15,7
2518,0.8571428571428571,0.8888888888888888,0.9444444444444444,0.7777777777777778,1.0,0.75,9,12,9
2519,0.47058823529411764,0.0,0.5,0.5,1.0,0.3076923076923077,4,13,4
2521,0.7407407407407407,-0.4666666666666667,0.26666666666666666,0.4,0.5882352941176471,1.0,17,10,10
2523,0.6666666666666666,-0.06666666666666667,0.4666666666666667,0.6666666666666666,1.0,0.5,6,12,6
2524,0.6666666666666666,-0.3333333333333333,0.33333333333333337,0.5,1.0,0.5,6,12,6
2528,0.5,-0.6666666666666666,0.16666666666666669,0.5,1.0,0.3333333333333333,4,12,4
2531,0.4444444444444445,0.0,0.5,0.5,1.0,0.2857142857142857,4,14,4
2533,0.5882352941176471,0.2,0.6,0.6,1.0,0.4166666666666667,5,12,5
2534,0.5454545454545454,0.3333333333333333,0.6666666666666666,0.6666666666666666,1.0,0.375,3,8,3
2535,0.8571428571428571,0.8333333333333334,0.9166666666666667,0.7777777777777778,1.0,0.75,9,12,9
2536,0.8235294117647058,0.047619047619047616,0.5238095238095238,0.5714285714285714,1.0,0.7,7,10,7
2537,0.5882352941176471,0.6,0.8,0.8,1.0,0.4166666666666667,5,12,5
2538,0.8571428571428571,-0.2777777777777778,0.3611111111111111,0.4444444444444444,0.75,1.0,12,9,9
2540,0.5882352941176471,-0.4,0.3,0.4,1.0,0.4166666666666667,5,12,5
2541,0.7000000000000001,0.047619047619047616,0.5238095238095238,0.42857142857142855,1.0,0.5384615384615384,7,13,7
2543,0.6666666666666666,0.3333333333333333,0.6666666666666666,0.6666666666666666,1.0,0.5,6,12,6
2544,0.7368421052631579,-0.14285714285714285,0.4285714285714286,0.42857142857142855,1.0,0.5833333333333334,7,12,7
2545,0.8571428571428571,0.06666666666666667,0.5333333333333333,0.6666666666666666,1.0,0.75,6,8,6
2546,0.8235294117647058,0.23809523809523808,0.6190476190476191,0.5714285714285714,1.0,0.7,7,10,7
2548,0.7000000000000001,0.42857142857142855,0.7142857142857143,0.5714285714285714,1.0,0.5384615384615384,7,13,7
2549,1.0,-0.07692307692307693,0.46153846153846156,0.3076923076923077,1.0,1.0,13,13,13
2552,0.8695652173913044,0.28888888888888886,0.6444444444444444,0.5,1.0,0.7692307692307693,10,13,10
2554,0.8571428571428571,-0.45454545454545453,0.2727272727272727,0.3333333333333333,0.75,1.0,16,12,12
2555,0.7777777777777778,0.6190476190476191,0.8095238095238095,0.7142857142857143,1.0,0.6363636363636364,7,11,7
2557,0.631578947368421,0.7333333333333333,0.8666666666666667,0.8333333333333334,1.0,0.46153846153846156,6,13,6
2558,0.5882352941176471,0.2,0.6,0.6,0.4166666666666667,1.0,12,5,5
2559,0.761904761904762,-0.21428571428571427,0.39285714285714285,0.5,1.0,0.6153846153846154,8,13,8
2560,0.7272727272727273,0.2857142857142857,0.6428571428571428,0.5,1.0,0.5714285714285714,8,14,8
2564,0.8750000000000001,-0.23809523809523808,0.38095238095238093,0.42857142857142855,1.0,0.7777777777777778,7,9,7
2567,0.631578947368421,0.6,0.8,0.6666666666666666,1.0,0.46153846153846156,6,13,6
2568,1.0,0.5714285714285714,0.7857142857142857,0.625,1.0,1.0,8,8,8
2572,0.9523809523809523,0.2,0.6,0.6,0.9090909090909091,1.0,11,10,10
2575,0.9600000000000001,0.12121212121212122,0.5606060606060606,0.5,0.9230769230769231,1.0,13,12,12
2576,1.0,0.18181818181818182,0.5909090909090909,0.5,1.0,1.0,12,12,12
2578,0.7368421052631579,0.047619047619047616,0.5238095238095238,0.5714285714285714,1.0,0.5833333333333334,7,12,7
2579,0.8571428571428571,0.2777777777777778,0.6388888888888888,0.5555555555555556,1.0,0.75,9,12,9
2581,0.375,1.0,1.0,1.0,1.0,0.23076923076923078,3,13,3
2583,0.6153846153846153,0.6666666666666666,0.8333333333333333,0.75,1.0,0.4444444444444444,4,9,4
2584,0.6842105263157895,0.0,0.5,0.38461538461538464,0.52,1.0,25,13,13
2585,0.6666666666666666,0.42424242424242425,0.7121212121212122,0.5833333333333334,0.5,1.0,24,12,12
2587,0.8,0.14285714285714285,0.5714285714285714,0.375,1.0,0.6666666666666666,8,12,8
2588,0.8235294117647058,0.14285714285714285,0.5714285714285714,0.5714285714285714,1.0,0.7,7,10,7
2590,0.6666666666666666,0.0,0.5,0.5,1.0,0.5,4,8,4
2592,0.8750000000000001,-0.23809523809523808,0.38095238095238093,0.42857142857142855,1.0,0.7777777777777778,7,9,7
2594,0.761904761904762,0.21428571428571427,0.6071428571428571,0.5,1.0,0.6153846153846154,8,13,8
2598,0.8,0.14285714285714285,0.5714285714285714,0.5,1.0,0.6666666666666666,8,12,8
2599,0.8,0.42857142857142855,0.7142857142857143,0.625,1.0,0.6666666666666666,8,12,8
2605,0.888888888888889,0.7272727272727273,0.8636363636363636,0.5833333333333334,0.8,1.0,15,12,12
2606,1.0,0.42857142857142855,0.7142857142857143,0.5714285714285714,1.0,1.0,7,7,7
2608,0.8,0.35714285714285715,0.6785714285714286,0.625,1.0,0.6666666666666666,8,12,8
2609,0.8695652173913044,0.3333333333333333,0.6666666666666666,0.5,1.0,0.7692307692307693,10,13,10
2612,0.9565217391304348,0.3090909090909091,0.6545454545454545,0.45454545454545453,1.0,0.9166666666666666,11,12,11
2613,0.923076923076923,0.45454545454545453,0.7272727272727273,0.4166666666666667,0.8571428571428571,1.0,14,12,12
2614,0.7368421052631579,0.42857142857142855,0.7142857142857143,0.5714285714285714,1.0,0.5833333333333334,7,12,7
2619,0.6,0.2,0.6,0.6666666666666666,1.0,0.42857142857142855,6,14,6
2620,0.7368421052631579,0.047619047619047616,0.5238095238095238,0.5714285714285714,1.0,0.5833333333333334,7,12,7
2622,0.88,0.05454545454545454,0.5272727272727272,0.5454545454545454,1.0,0.7857142857142857,11,14,11
2625,0.6666666666666666,-0.2,0.4,0.5,1.0,0.5,6,12,6
2627,0.923076923076923,0.06666666666666667,0.5333333333333333,0.5,1.0,0.8571428571428571,6,7,6
2629,0.375,0.3333333333333333,0.6666666666666666,0.6666666666666666,1.0,0.23076923076923078,3,13,3
2632,0.8571428571428571,0.1111111111111111,0.5555555555555556,0.4444444444444444,1.0,0.75,9,12,9
2634,0.9565217391304348,-0.01818181818181818,0.4909090909090909,0.36363636363636365,1.0,0.9166666666666666,11,12,11
2635,0.923076923076923,-0.4666666666666667,0.26666666666666666,0.3333333333333333,0.8571428571428571,1.0,7,6,6
2636,0.9090909090909091,0.5111111111111111,0.7555555555555555,0.6,1.0,0.8333333333333334,10,12,10
2638,0.7407407407407407,0.15555555555555556,0.5777777777777777,0.5,0.5882352941176471,1.0,17,10,10
2639,0.8571428571428571,0.2222222222222222,0.6111111111111112,0.5555555555555556,1.0,0.75,9,12,9
2640,0.6666666666666666,-0.06666666666666667,0.4666666666666667,0.5,1.0,0.5,6,12,6
2643,0.6666666666666666,0.8,0.9,0.8,1.0,0.5,5,10,5
2647,0.7567567567567568,0.6043956043956044,0.8021978021978022,0.5714285714285714,0.6086956521739131,1.0,23,14,14
2648,0.9600000000000001,0.3333333333333333,0.6666666666666666,0.4166666666666667,1.0,0.9230769230769231,12,13,12
2649,0.7499999999999999,0.4444444444444444,0.7222222222222222,0.5555555555555556,0.6,1.0,15,9,9
2651,0.888888888888889,-0.3333333333333333,0.33333333333333337,0.5,0.8,1.0,5,4,4
2653,0.631578947368421,-0.3333333333333333,0.33333333333333337,0.5,1.0,0.46153846153846156,6,13,6
2654,0.9600000000000001,0.18181818181818182,0.5909090909090909,0.5,0.9230769230769231,1.0,13,12,12
2655,0.888888888888889,-0.12121212121212122,0.4393939393939394,0.5,0.8,1.0,15,12,12
2657,0.7368421052631579,0.14285714285714285,0.5714285714285714,0.5714285714285714,1.0,0.5833333333333334,7,12,7
2659,0.8,0.6,0.8,0.6666666666666666,1.0,0.6666666666666666,6,9,6
2661,0.8571428571428571,-0.3333333333333333,0.33333333333333337,0.5,1.0,0.75,6,8,6
2662,0.7499999999999999,0.06666666666666667,0.5333333333333333,0.3333333333333333,1.0,0.6,6,10,6
2665,0.8695652173913044,-0.06666666666666667,0.4666666666666667,0.4,1.0,0.7692307692307693,10,13,10
2666,0.9565217391304348,0.45454545454545453,0.7272727272727273,0.5454545454545454,1.0,0.9166666666666666,11,12,11
2671,0.9473684210526316,0.5,0.75,0.6666666666666666,0.9,1.0,10,9,9
2675,0.88,0.09090909090909091,0.5454545454545454,0.45454545454545453,1.0,0.7857142857142857,11,14,11
2676,0.8,0.5,0.75,0.75,1.0,0.6666666666666666,8,12,8
2682,0.8571428571428571,0.6111111111111112,0.8055555555555556,0.7777777777777778,1.0,0.75,9,12,9
2683,1.0,0.05555555555555555,0.5277777777777778,0.5555555555555556,1.0,1.0,9,9,9
2684,0.782608695652174,0.5,0.75,0.5555555555555556,1.0,0.6428571428571429,9,14,9
2686,0.888888888888889,0.30303030303030304,0.6515151515151515,0.5,0.8,1.0,15,12,12
2688,0.7499999999999999,0.0,0.5,0.4166666666666667,0.6,1.0,20,12,12
2689,0.8,0.07142857142857142,0.5357142857142857,0.5,1.0,0.6666666666666666,8,12,8
2694,0.9565217391304348,-0.41818181818181815,0.2909090909090909,0.36363636363636365,1.0,0.9166666666666666,11,12,11
2696,0.7058823529411764,0.06666666666666667,0.5333333333333333,0.5,1.0,0.5454545454545454,6,11,6
2697,0.9090909090909091,-0.1111111111111111,0.4444444444444444,0.4,0.8333333333333334,1.0,12,10,10
2698,0.8181818181818181,0.2222222222222222,0.6111111111111112,0.5555555555555556,1.0,0.6923076923076923,9,13,9
2699,0.962962962962963,0.5897435897435898,0.7948717948717949,0.46153846153846156,1.0,0.9285714285714286,13,14,13
2703,0.5,-0.3333333333333333,0.33333333333333337,0.6666666666666666,1.0,0.3333333333333333,3,9,3
2704,1.0,-0.5,0.25,0.3333333333333333,1.0,1.0,9,9,9
2707,0.8571428571428571,0.2777777777777778,0.6388888888888888,0.5555555555555556,1.0,0.75,9,12,9
2709,0.888888888888889,0.12121212121212122,0.5606060606060606,0.5,0.8,1.0,15,12,12
2711,0.7368421052631579,0.14285714285714285,0.5714285714285714,0.7142857142857143,1.0,0.5833333333333334,7,12,7
2712,0.9473684210526316,0.5,0.75,0.6666666666666666,0.9,1.0,10,9,9
2713,0.8571428571428571,0.3333333333333333,0.6666666666666666,0.6666666666666666,1.0,0.75,9,12,9
2714,0.8,-0.07142857142857142,0.4642857142857143,0.375,1.0,0.6666666666666666,8,12,8
2717,1.0,0.3333333333333333,0.6666666666666666,0.5555555555555556,1.0,1.0,9,9,9
2718,0.5882352941176471,0.2,0.6,0.6,1.0,0.4166666666666667,5,12,5
2721,0.6956521739130436,-0.14285714285714285,0.4285714285714286,0.625,0.5333333333333333,1.0,15,8,8
2723,0.8235294117647058,0.2087912087912088,0.6043956043956044,0.42857142857142855,0.7,1.0,20,14,14
2725,0.9090909090909091,-0.1111111111111111,0.4444444444444444,0.3,1.0,0.8333333333333334,10,12,10
2726,0.5,0.0,0.5,0.75,1.0,0.3333333333333333,4,12,4
2727,0.9600000000000001,0.15151515151515152,0.5757575757575758,0.5,0.9230769230769231,1.0,13,12,12
2730,0.7368421052631579,-0.047619047619047616,0.47619047619047616,0.42857142857142855,1.0,0.5833333333333334,7,12,7
2731,1.0,0.14285714285714285,0.5714285714285714,0.42857142857142855,1.0,1.0,7,7,7
2732,0.9411764705882353,0.07142857142857142,0.5357142857142857,0.5,1.0,0.8888888888888888,8,9,8
2733,0.8181818181818181,0.16666666666666666,0.5833333333333334,0.6666666666666666,1.0,0.6923076923076923,9,13,9
2734,0.9600000000000001,0.09090909090909091,0.5454545454545454,0.3333333333333333,0.9230769230769231,1.0,13,12,12
2735,0.962962962962963,0.0,0.5,0.38461538461538464,0.9285714285714286,1.0,14,13,13
2741,0.846153846153846,0.3090909090909091,0.6545454545454545,0.6363636363636364,1.0,0.7333333333333333,11,15,11
2743,0.7777777777777778,0.047619047619047616,0.5238095238095238,0.5714285714285714,1.0,0.6363636363636364,7,11,7
2745,0.8387096774193548,-0.2564102564102564,0.3717948717948718,0.3076923076923077,0.7222222222222222,1.0,18,13,13
2746,0.4615384615384615,0.3333333333333333,0.6666666666666666,0.6666666666666666,1.0,0.3,3,10,3
2747,0.8333333333333333,0.2,0.6,0.8,1.0,0.7142857142857143,5,7,5
2749,0.8571428571428571,0.2222222222222222,0.6111111111111112,0.5555555555555556,1.0,0.75,9,12,9
2754,0.47619047619047616,0.6,0.8,0.8,1.0,0.3125,5,16,5
2755,0.8,-0.2857142857142857,0.35714285714285715,0.375,1.0,0.6666666666666666,8,12,8
2756,0.6363636363636364,0.42857142857142855,0.7142857142857143,0.7142857142857143,1.0,0.4666666666666667,7,15,7
2757,0.6956521739130436,0.5,0.75,0.625,1.0,0.5333333333333333,8,15,8
2763,0.8,0.5,0.75,0.625,1.0,0.6666666666666666,8,12,8
2764,0.7058823529411764,0.4666666666666667,0.7333333333333334,0.6666666666666666,1.0,0.5454545454545454,6,11,6
2767,0.6363636363636364,0.23809523809523808,0.6190476190476191,0.5714285714285714,1.0,0.4666666666666667,7,15,7
2769,0.5555555555555556,-0.6,0.2,0.4,1.0,0.38461538461538464,5,13,5
2773,0.846153846153846,0.5272727272727272,0.7636363636363637,0.45454545454545453,1.0,0.7333333333333333,11,15,11
2774,0.631578947368421,0.06666666666666667,0.5333333333333333,0.5,1.0,0.46153846153846156,6,13,6
2777,0.8,0.0,0.5,0.5,1.0,0.6666666666666666,8,12,8
2779,0.47619047619047616,-0.6,0.2,0.4,1.0,0.3125,5,16,5
2784,0.4444444444444445,0.3333333333333333,0.6666666666666666,0.75,1.0,0.2857142857142857,4,14,4
2785,0.6666666666666666,0.3333333333333333,0.6666666666666666,0.6666666666666666,1.0,0.5,6,12,6
2786,0.7499999999999999,0.0,0.5,0.4444444444444444,1.0,0.6,9,15,9
2787,0.7368421052631579,0.14285714285714285,0.5714285714285714,0.7142857142857143,1.0,0.5833333333333334,7,12,7
2788,0.5,0.0,0.5,0.6,1.0,0.3333333333333333,5,15,5
2789,0.7142857142857143,-0.4,0.3,0.4,1.0,0.5555555555555556,5,9,5
2790,0.8,-0.24444444444444444,0.37777777777777777,0.3,1.0,0.6666666666666666,10,15,10
2792,0.962962962962963,0.10256410256410256,0.5512820512820513,0.38461538461538464,1.0,0.9285714285714286,13,14,13
2795,0.7272727272727273,0.5714285714285714,0.7857142857142857,0.75,1.0,0.5714285714285714,8,14,8
2798,0.6,-0.6,0.2,0.3333333333333333,1.0,0.42857142857142855,6,14,6
2806,0.631578947368421,-0.06666666666666667,0.4666666666666667,0.5,1.0,0.46153846153846156,6,13,6
2807,0.6666666666666666,-0.3333333333333333,0.33333333333333337,0.2857142857142857,1.0,0.5,7,14,7
2810,0.9090909090909091,0.6,0.8,0.6,1.0,0.8333333333333334,10,12,10
2819,0.6,0.06666666666666667,0.5333333333333333,0.6666666666666666,1.0,0.42857142857142855,6,14,6
2835,0.5555555555555556,0.0,0.5,0.6,1.0,0.38461538461538464,5,13,5
2836,0.4444444444444445,0.3333333333333333,0.6666666666666666,0.75,1.0,0.2857142857142857,4,14,4
2838,0.8,0.24444444444444444,0.6222222222222222,0.5,1.0,0.6666666666666666,10,15,10
2841,0.9565217391304348,0.23636363636363636,0.6181818181818182,0.5454545454545454,1.0,0.9166666666666666,11,12,11
2843,0.8333333333333333,0.15555555555555556,0.5777777777777777,0.4,1.0,0.7142857142857143,10,14,10
2846,0.5263157894736842,0.8,0.9,0.8,1.0,0.35714285714285715,5,14,5
2854,0.4444444444444445,0.6666666666666666,0.8333333333333333,0.75,1.0,0.2857142857142857,4,14,4
2855,0.7368421052631579,-0.14285714285714285,0.4285714285714286,0.42857142857142855,1.0,0.5833333333333334,7,12,7
2870,0.6666666666666666,-0.6190476190476191,0.19047619047619047,0.2857142857142857,1.0,0.5,7,14,7
2874,0.8695652173913044,0.5555555555555556,0.7777777777777778,0.6,1.0,0.7692307692307693,10,13,10
2875,0.846153846153846,0.09090909090909091,0.5454545454545454,0.36363636363636365,1.0,0.7333333333333333,11,15,11
2877,0.5,0.0,0.5,0.75,1.0,0.3333333333333333,4,12,4
2881,0.8,-0.06060606060606061,0.4696969696969697,0.4166666666666667,0.6666666666666666,1.0,18,12,12
2883,0.7142857142857143,0.0,0.5,0.6,1.0,0.5555555555555556,5,9,5
2886,1.0,0.3333333333333333,0.6666666666666666,0.5,1.0,1.0,10,10,10
2890,0.47058823529411764,0.0,0.5,0.5,1.0,0.3076923076923077,4,13,4
2895,0.923076923076923,0.18181818181818182,0.5909090909090909,0.5,1.0,0.8571428571428571,12,14,12
2897,1.0,-0.23076923076923078,0.3846153846153846,0.35714285714285715,1.0,1.0,14,14,14
2898,0.8571428571428571,0.3333333333333333,0.6666666666666666,0.5555555555555556,1.0,0.75,9,12,9
2924,0.6666666666666666,-0.06666666666666667,0.4666666666666667,0.5,1.0,0.5,6,12,6
2945,0.5,0.0,0.5,0.5,1.0,0.3333333333333333,4,12,4
2947,0.782608695652174,0.4444444444444444,0.7222222222222222,0.5555555555555556,1.0,0.6428571428571429,9,14,9
2951,0.5882352941176471,-0.4,0.3,0.4,1.0,0.4166666666666667,5,12,5
2952,0.846153846153846,-0.23636363636363636,0.38181818181818183,0.36363636363636365,1.0,0.7333333333333333,11,15,11
2955,0.6956521739130436,0.42857142857142855,0.7142857142857143,0.5,1.0,0.5333333333333333,8,15,8
2968,0.5555555555555556,0.0,0.5,0.6,1.0,0.38461538461538464,5,13,5
2973,0.761904761904762,0.0,0.5,0.5,1.0,0.6153846153846154,8,13,8
2975,0.631578947368421,0.4666666666666667,0.7333333333333334,0.6666666666666666,1.0,0.46153846153846156,6,13,6
2976,0.4210526315789474,0.6666666666666666,0.8333333333333333,0.75,1.0,0.26666666666666666,4,15,4
2983,0.375,-1.0,0.0,0.3333333333333333,1.0,0.23076923076923078,3,13,3
2991,0.5454545454545454,0.2,0.6,0.6666666666666666,1.0,0.375,6,16,6
2995,0.8571428571428571,0.36363636363636365,0.6818181818181819,0.5833333333333334,1.0,0.75,12,16,12
2997,0.7692307692307693,0.1111111111111111,0.5555555555555556,0.5,1.0,0.625,10,16,10
2998,0.7692307692307693,-0.24444444444444444,0.37777777777777777,0.3,1.0,0.625,10,16,10
3003,0.7272727272727273,0.14285714285714285,0.5714285714285714,0.5,1.0,0.5714285714285714,8,14,8
3007,0.962962962962963,0.07692307692307693,0.5384615384615384,0.46153846153846156,1.0,0.9285714285714286,13,14,13
3011,0.6363636363636364,-0.14285714285714285,0.4285714285714286,0.42857142857142855,1.0,0.4666666666666667,7,15,7
3014,0.7272727272727273,0.35714285714285715,0.6785714285714286,0.625,1.0,0.5714285714285714,8,14,8
3015,0.72,0.2222222222222222,0.6111111111111112,0.5555555555555556,1.0,0.5625,9,16,9
3027,0.8181818181818181,0.2222222222222222,0.6111111111111112,0.4444444444444444,1.0,0.6923076923076923,9,13,9
3037,0.7499999999999999,0.5,0.75,0.6666666666666666,1.0,0.6,9,15,9
3041,0.88,0.12727272727272726,0.5636363636363636,0.45454545454545453,1.0,0.7857142857142857,11,14,11
3043,0.761904761904762,-0.14285714285714285,0.4285714285714286,0.5,1.0,0.6153846153846154,8,13,8
3051,0.6363636363636364,0.23809523809523808,0.6190476190476191,0.5714285714285714,1.0,0.4666666666666667,7,15,7
3054,0.8,0.15555555555555556,0.5777777777777777,0.5,1.0,0.6666666666666666,10,15,10
3059,0.47058823529411764,0.3333333333333333,0.6666666666666666,0.75,1.0,0.3076923076923077,4,13,4
3060,0.8,-0.07142857142857142,0.4642857142857143,0.5,1.0,0.6666666666666666,8,12,8
3063,0.7000000000000001,-0.047619047619047616,0.47619047619047616,0.42857142857142855,1.0,0.5384615384615384,7,13,7
3065,0.5,0.3333333333333333,0.6666666666666666,0.6666666666666666,1.0,0.3333333333333333,6,18,6
3078,0.5625,0.4444444444444444,0.7222222222222222,0.6666666666666666,1.0,0.391304347826087,9,23,9
3097,0.6923076923076924,-0.05555555555555555,0.4722222222222222,0.4444444444444444,1.0,0.5294117647058824,9,17,9
3107,0.37837837837837834,0.42857142857142855,0.7142857142857143,0.5714285714285714,1.0,0.23333333333333334,7,30,7
3108,0.6666666666666666,0.6444444444444445,0.8222222222222222,0.7,1.0,0.5,10,20,10
3113,0.3076923076923077,0.3333333333333333,0.6666666666666666,0.75,1.0,0.18181818181818182,4,22,4
3118,0.6206896551724138,0.0,0.5,0.5555555555555556,1.0,0.45,9,20,9
3119,0.6666666666666666,-0.07142857142857142,0.4642857142857143,0.625,1.0,0.5,8,16,8
3121,0.7317073170731707,0.5238095238095238,0.7619047619047619,0.5333333333333333,1.0,0.5769230769230769,15,26,15
3129,0.5,0.14285714285714285,0.5714285714285714,0.42857142857142855,1.0,0.3333333333333333,7,21,7
3131,0.6206896551724138,0.3333333333333333,0.6666666666666666,0.5555555555555556,1.0,0.45,9,20,9
3132,0.5333333333333333,-0.07142857142857142,0.4642857142857143,0.5,1.0,0.36363636363636365,8,22,8
3134,0.7096774193548387,-0.16363636363636364,0.4181818181818182,0.36363636363636365,1.0,0.55,11,20,11
3138,0.6896551724137931,0.28888888888888886,0.6444444444444444,0.6,1.0,0.5263157894736842,10,19,10
3144,0.7272727272727273,0.2857142857142857,0.6428571428571428,0.5,1.0,0.5714285714285714,8,14,8
3146,0.5384615384615384,0.23809523809523808,0.6190476190476191,0.5714285714285714,1.0,0.3684210526315789,7,19,7
3148,0.6451612903225806,0.3333333333333333,0.6666666666666666,0.5,1.0,0.47619047619047616,10,21,10
3149,0.28169014084507044,0.37777777777777777,0.6888888888888889,0.6,1.0,0.16393442622950818,10,61,10
3152,0.5,-0.21428571428571427,0.39285714285714285,0.375,1.0,0.3333333333333333,8,24,8
3153,0.6666666666666666,0.1111111111111111,0.5555555555555556,0.4,1.0,0.5,10,20,10
3154,0.42857142857142855,-0.2,0.4,0.5,1.0,0.2727272727272727,6,22,6
3167,0.6875000000000001,0.6727272727272727,0.8363636363636364,0.5454545454545454,1.0,0.5238095238095238,11,21,11
3169,0.6285714285714286,0.16363636363636364,0.5818181818181818,0.45454545454545453,1.0,0.4583333333333333,11,24,11
3170,0.5217391304347826,0.2,0.6,0.6666666666666666,1.0,0.35294117647058826,6,17,6
3171,0.88,0.12727272727272726,0.5636363636363636,0.5454545454545454,1.0,0.7857142857142857,11,14,11
3173,0.9285714285714286,0.1794871794871795,0.5897435897435898,0.38461538461538464,1.0,0.8666666666666667,13,15,13
3179,0.7407407407407407,0.6,0.8,0.7,1.0,0.5882352941176471,10,17,10
3181,0.6,-0.06666666666666667,0.4666666666666667,0.5,1.0,0.42857142857142855,6,14,6
3182,0.5833333333333334,-0.42857142857142855,0.2857142857142857,0.42857142857142855,1.0,0.4117647058823529,7,17,7
3186,0.5833333333333334,0.42857142857142855,0.7142857142857143,0.5714285714285714,1.0,0.4117647058823529,7,17,7
3191,0.6666666666666666,0.21428571428571427,0.6071428571428571,0.625,1.0,0.5,8,16,8
3196,0.4799999999999999,-0.06666666666666667,0.4666666666666667,0.5,1.0,0.3157894736842105,6,19,6
3197,0.761904761904762,0.21428571428571427,0.6071428571428571,0.5,1.0,0.6153846153846154,8,13,8
3202,0.9600000000000001,0.30303030303030304,0.6515151515151515,0.4166666666666667,1.0,0.9230769230769231,12,13,12
3207,0.631578947368421,0.3333333333333333,0.6666666666666666,0.6666666666666666,1.0,0.46153846153846156,6,13,6
3226,0.6666666666666666,0.7777777777777778,0.8888888888888888,0.7,1.0,0.5,10,20,10
3236,0.5714285714285715,-0.3333333333333333,0.33333333333333337,0.5,1.0,0.4,6,15,6
3237,0.4444444444444445,0.6,0.8,0.6666666666666666,1.0,0.2857142857142857,6,21,6
3256,0.4347826086956522,0.2,0.6,0.6,1.0,0.2777777777777778,5,18,5
3261,0.3508771929824561,0.5555555555555556,0.7777777777777778,0.6,1.0,0.2127659574468085,10,47,10
3266,0.3846153846153846,0.4,0.7,0.6,1.0,0.23809523809523808,5,21,5
3268,0.56,-0.047619047619047616,0.47619047619047616,0.42857142857142855,1.0,0.3888888888888889,7,18,7
3269,0.5,-0.2,0.4,0.6,1.0,0.3333333333333333,5,15,5
3270,0.4,0.3333333333333333,0.6666666666666666,0.5,1.0,0.25,4,16,4
3271,0.8235294117647058,0.4725274725274725,0.7362637362637363,0.6428571428571429,0.7,1.0,20,14,14
3272,0.8235294117647058,-0.27472527472527475,0.3626373626373626,0.35714285714285715,1.0,0.7,14,20,14
3273,0.6896551724137931,0.06666666666666667,0.5333333333333333,0.4,1.0,0.5263157894736842,10,19,10
3274,0.6086956521739131,-0.047619047619047616,0.47619047619047616,0.5714285714285714,1.0,0.4375,7,16,7
3275,0.4210526315789474,0.6666666666666666,0.8333333333333333,0.75,1.0,0.26666666666666666,4,15,4
3276,0.8333333333333333,0.06666666666666667,0.5333333333333333,0.5,1.0,0.7142857142857143,10,14,10
3277,0.6923076923076924,0.3888888888888889,0.6944444444444444,0.6666666666666666,1.0,0.5294117647058824,9,17,9
3278,0.7096774193548387,0.12727272727272726,0.5636363636363636,0.45454545454545453,1.0,0.55,11,20,11
3280,0.6153846153846153,1.0,1.0,1.0,1.0,0.4444444444444444,4,9,4
3281,0.5882352941176471,0.5555555555555556,0.7777777777777778,0.5,1.0,0.4166666666666667,10,24,10
3282,0.5714285714285715,0.2857142857142857,0.6428571428571428,0.625,1.0,0.4,8,20,8
3283,0.5384615384615384,-0.047619047619047616,0.47619047619047616,0.5714285714285714,1.0,0.3684210526315789,7,19,7
3284,0.5714285714285715,0.6,0.8,0.6666666666666666,1.0,0.4,6,15,6
3286,0.761904761904762,0.35714285714285715,0.6785714285714286,0.625,1.0,0.6153846153846154,8,13,8
3289,0.9166666666666666,0.12727272727272726,0.5636363636363636,0.45454545454545453,1.0,0.8461538461538461,11,13,11
3290,0.375,-0.3333333333333333,0.33333333333333337,0.6666666666666666,1.0,0.23076923076923078,3,13,3
3291,0.5,0.4,0.7,0.8,1.0,0.3333333333333333,5,15,5
3292,0.7058823529411764,0.4666666666666667,0.7333333333333334,0.6666666666666666,1.0,0.5454545454545454,6,11,6
3293,0.6399999999999999,0.42857142857142855,0.7142857142857143,0.625,1.0,0.47058823529411764,8,17,8
3294,0.5454545454545454,-0.4666666666666667,0.26666666666666666,0.5,1.0,0.375,6,16,6
3295,0.9523809523809523,-0.2,0.4,0.4,1.0,0.9090909090909091,10,11,10
3296,0.6086956521739131,0.3333333333333333,0.6666666666666666,0.5714285714285714,1.0,0.4375,7,16,7
3298,0.4230769230769231,0.09090909090909091,0.5454545454545454,0.45454545454545453,1.0,0.2682926829268293,11,41,11
3299,0.8717948717948718,-0.08823529411764706,0.45588235294117646,0.35294117647058826,1.0,0.7727272727272727,17,22,17
3300,0.5,-0.06666666666666667,0.4666666666666667,0.5,1.0,0.3333333333333333,6,18,6
3301,0.2857142857142857,1.0,1.0,1.0,1.0,0.16666666666666666,3,18,3
3302,0.5384615384615384,-0.23809523809523808,0.38095238095238093,0.42857142857142855,1.0,0.3684210526315789,7,19,7
3303,0.34782608695652173,0.6666666666666666,0.8333333333333333,0.75,1.0,0.21052631578947367,4,19,4
3304,0.6428571428571429,0.16666666666666666,0.5833333333333334,0.4444444444444444,1.0,0.47368421052631576,9,19,9
3305,0.6666666666666666,0.14285714285714285,0.5714285714285714,0.5714285714285714,1.0,0.5,7,14,7
3306,0.47619047619047616,0.4,0.7,0.8,1.0,0.3125,5,16,5
3308,0.35294117647058826,-1.0,0.0,0.3333333333333333,1.0,0.21428571428571427,3,14,3
3309,0.5833333333333334,-0.5238095238095238,0.23809523809523808,0.2857142857142857,1.0,0.4117647058823529,7,17,7
3310,0.37037037037037035,-0.6,0.2,0.4,1.0,0.22727272727272727,5,22,5
3312,0.4,0.4666666666666667,0.7333333333333334,0.5,1.0,0.25,6,24,6
3313,0.3571428571428571,-0.4,0.3,0.4,1.0,0.21739130434782608,5,23,5
3315,0.9696969696969697,0.43333333333333335,0.7166666666666667,0.4375,1.0,0.9411764705882353,16,17,16
3316,0.4444444444444445,0.3333333333333333,0.6666666666666666,0.6666666666666666,1.0,0.2857142857142857,6,21,6
3317,0.7000000000000001,0.7142857142857143,0.8571428571428572,0.8571428571428571,1.0,0.5384615384615384,7,13,7
3319,0.47619047619047616,1.0,1.0,1.0,1.0,0.3125,5,16,5
3321,0.6086956521739131,0.3333333333333333,0.6666666666666666,0.7142857142857143,1.0,0.4375,7,16,7
3324,0.7096774193548387,-0.09090909090909091,0.45454545454545453,0.5454545454545454,1.0,0.55,11,20,11
3325,0.4,0.0,0.5,0.75,1.0,0.25,4,16,4
3328,0.45454545454545453,-0.2,0.4,0.6,1.0,0.29411764705882354,5,17,5
3329,0.5454545454545454,0.3333333333333333,0.6666666666666666,0.5,1.0,0.375,6,16,6
3330,0.5,-0.3333333333333333,0.33333333333333337,0.3333333333333333,1.0,0.3333333333333333,6,18,6
3331,0.33333333333333337,-0.3333333333333333,0.33333333333333337,0.6666666666666666,1.0,0.2,3,15,3
3338,0.4444444444444445,-0.3333333333333333,0.33333333333333337,0.5,1.0,0.2857142857142857,4,14,4
3341,0.631578947368421,0.2,0.6,0.6666666666666666,1.0,0.46153846153846156,6,13,6
3343,0.7741935483870968,0.21212121212121213,0.6060606060606061,0.5833333333333334,1.0,0.631578947368421,12,19,12
3345,0.6666666666666666,0.23809523809523808,0.6190476190476191,0.7142857142857143,1.0,0.5,7,14,7
3346,0.5714285714285715,0.3333333333333333,0.6666666666666666,0.6666666666666666,1.0,0.4,6,15,6
3347,0.3076923076923077,-0.3333333333333333,0.33333333333333337,0.5,1.0,0.18181818181818182,4,22,4
3350,0.4666666666666667,0.23809523809523808,0.6190476190476191,0.5714285714285714,1.0,0.30434782608695654,7,23,7
3351,0.7894736842105263,-0.2,0.4,0.3333333333333333,1.0,0.6521739130434783,15,23,15
3352,0.631578947368421,-0.06666666666666667,0.4666666666666667,0.5,1.0,0.46153846153846156,6,13,6
3353,0.5925925925925926,0.35714285714285715,0.6785714285714286,0.5,1.0,0.42105263157894735,8,19,8
3355,0.3,-0.3333333333333333,0.33333333333333337,0.6666666666666666,1.0,0.17647058823529413,3,17,3
3357,0.9696969696969697,0.3333333333333333,0.6666666666666666,0.5625,1.0,0.9411764705882353,16,17,16
3360,0.5517241379310345,-0.07142857142857142,0.4642857142857143,0.625,1.0,0.38095238095238093,8,21,8
3361,0.5882352941176471,0.0,0.5,0.4,1.0,0.4166666666666667,5,12,5
3364,0.47619047619047616,0.2,0.6,0.6,1.0,0.3125,5,16,5
3368,0.47058823529411764,0.0,0.5,0.75,1.0,0.3076923076923077,4,13,4
3369,0.5384615384615384,0.047619047619047616,0.5238095238095238,0.5714285714285714,1.0,0.3684210526315789,7,19,7
3373,0.6153846153846153,0.42857142857142855,0.7142857142857143,0.5,1.0,0.4444444444444444,8,18,8
3374,0.47619047619047616,0.0,0.5,0.4,1.0,0.3125,5,16,5
3377,0.6,0.2,0.6,0.6666666666666666,1.0,0.42857142857142855,6,14,6
3378,0.896551724137931,0.07692307692307693,0.5384615384615384,0.38461538461538464,1.0,0.8125,13,16,13
3379,0.5714285714285715,-0.06666666666666667,0.4666666666666667,0.5,1.0,0.4,6,15,6
3382,0.787878787878788,-0.5128205128205128,0.2435897435897436,0.3076923076923077,1.0,0.65,13,20,13
3384,0.6111111111111112,0.5272727272727272,0.7636363636363637,0.5454545454545454,1.0,0.44,11,25,11
3389,0.4166666666666667,0.4,0.7,0.8,1.0,0.2631578947368421,5,19,5
3390,0.5833333333333334,0.5238095238095238,0.7619047619047619,0.5714285714285714,1.0,0.4117647058823529,7,17,7
3391,0.7499999999999999,-0.16666666666666666,0.4166666666666667,0.3333333333333333,1.0,0.6,9,15,9
3392,0.6956521739130436,0.07142857142857142,0.5357142857142857,0.5,1.0,0.5333333333333333,8,15,8
3393,0.7857142857142858,-0.09090909090909091,0.45454545454545453,0.36363636363636365,1.0,0.6470588235294118,11,17,11
3394,0.6666666666666666,0.14285714285714285,0.5714285714285714,0.5,1.0,0.5,8,16,8
3397,0.4210526315789474,-0.3333333333333333,0.33333333333333337,0.5,1.0,0.26666666666666666,4,15,4
3398,0.5454545454545454,-0.2,0.4,0.5,1.0,0.375,6,16,6
3399,0.888888888888889,0.21428571428571427,0.6071428571428571,0.5,1.0,0.8,8,10,8
3400,0.3846153846153846,0.6,0.8,0.6,1.0,0.23809523809523808,5,21,5
3401,0.3636363636363636,0.0,0.5,0.5,1.0,0.2222222222222222,4,18,4
3402,0.6363636363636364,0.8095238095238095,0.9047619047619048,0.8571428571428571,1.0,0.4666666666666667,7,15,7
3403,0.23076923076923078,-0.3333333333333333,0.33333333333333337,0.6666666666666666,1.0,0.13043478260869565,3,23,3
3407,0.13333333333333333,1.0,1.0,1.0,0.07142857142857142,1.0,14,1,1
3408,0.72,0.05555555555555555,0.5277777777777778,0.4444444444444444,1.0,0.5625,9,16,9
3410,0.3636363636363636,1.0,1.0,1.0,1.0,0.2222222222222222,4,18,4
3412,0.6,0.7333333333333333,0.8666666666666667,0.6666666666666666,1.0,0.42857142857142855,6,14,6
3413,0.4,-0.2,0.4,0.4,1.0,0.25,5,20,5
3414,0.5185185185185185,0.42857142857142855,0.7142857142857143,0.42857142857142855,1.0,0.35,7,20,7
3417,0.6363636363636364,-0.23809523809523808,0.38095238095238093,0.42857142857142855,1.0,0.4666666666666667,7,15,7
3418,0.4,0.3333333333333333,0.6666666666666666,0.75,1.0,0.25,4,16,4
3420,0.8125000000000001,0.41025641025641024,0.7051282051282051,0.5384615384615384,1.0,0.6842105263157895,13,19,13
3421,0.8333333333333333,0.1111111111111111,0.5555555555555556,0.4,1.0,0.7142857142857143,10,14,10
3426,0.6,0.2,0.6,0.5,1.0,0.42857142857142855,6,14,6
3428,0.6666666666666666,-0.05454545454545454,0.4727272727272727,0.45454545454545453,1.0,0.5,11,22,11
3429,0.6206896551724138,0.3888888888888889,0.6944444444444444,0.5555555555555556,1.0,0.45,9,20,9
3431,0.25,1.0,1.0,1.0,1.0,0.14285714285714285,2,14,2
3436,0.6896551724137931,0.4222222222222222,0.7111111111111111,0.5,1.0,0.5263157894736842,10,19,10
3438,0.4,-0.6,0.2,0.4,1.0,0.25,5,20,5
3440,0.6399999999999999,0.35714285714285715,0.6785714285714286,0.75,1.0,0.47058823529411764,8,17,8
3441,0.72,-0.16666666666666666,0.4166666666666667,0.5555555555555556,1.0,0.5625,9,16,9
3442,0.7000000000000001,0.23809523809523808,0.6190476190476191,0.7142857142857143,1.0,0.5384615384615384,7,13,7
3446,0.7142857142857143,-0.37777777777777777,0.3111111111111111,0.4,1.0,0.5555555555555556,10,18,10
3447,0.7142857142857143,-0.06666666666666667,0.4666666666666667,0.4,1.0,0.5555555555555556,10,18,10
3448,0.4799999999999999,0.06666666666666667,0.5333333333333333,0.5,1.0,0.3157894736842105,6,19,6
3449,0.9189189189189189,0.22058823529411764,0.6102941176470589,0.35294117647058826,1.0,0.85,17,20,17
3451,0.1904761904761905,1.0,1.0,1.0,1.0,0.10526315789473684,2,19,2
3452,0.6363636363636364,0.23809523809523808,0.6190476190476191,0.42857142857142855,1.0,0.4666666666666667,7,15,7
3453,0.47619047619047616,-0.2,0.4,0.4,1.0,0.3125,5,16,5
3456,0.34782608695652173,1.0,1.0,1.0,1.0,0.21052631578947367,4,19,4
3458,0.5333333333333333,0.6428571428571429,0.8214285714285714,0.75,1.0,0.36363636363636365,8,22,8
3461,0.5833333333333334,-0.047619047619047616,0.47619047619047616,0.42857142857142855,1.0,0.4117647058823529,7,17,7
3462,0.7368421052631579,0.3333333333333333,0.6666666666666666,0.5714285714285714,1.0,0.5833333333333334,7,12,7
3463,0.6666666666666666,0.23809523809523808,0.6190476190476191,0.5714285714285714,1.0,0.5,7,14,7
3464,0.5,0.6,0.8,0.8,1.0,0.3333333333333333,5,15,5
3465,0.8695652173913044,0.28888888888888886,0.6444444444444444,0.5,1.0,0.7692307692307693,10,13,10
3466,0.5217391304347826,0.06666666666666667,0.5333333333333333,0.5,1.0,0.35294117647058826,6,17,6
3469,0.47058823529411764,0.6666666666666666,0.8333333333333333,0.75,1.0,0.3076923076923077,4,13,4
3470,0.11764705882352941,1.0,1.0,1.0,0.0625,1.0,16,1,1
3475,0.5,-0.21428571428571427,0.39285714285714285,0.375,1.0,0.3333333333333333,8,24,8
3476,0.631578947368421,-0.3333333333333333,0.33333333333333337,0.3333333333333333,1.0,0.46153846153846156,6,13,6
3477,0.5,0.3333333333333333,0.6666666666666666,0.5714285714285714,1.0,0.3333333333333333,7,21,7
3479,0.47058823529411764,-0.3333333333333333,0.33333333333333337,0.5,1.0,0.3076923076923077,4,13,4
3480,0.5454545454545454,0.2,0.6,0.6666666666666666,1.0,0.375,6,16,6
3485,0.5,0.06666666666666667,0.5333333333333333,0.5,1.0,0.3333333333333333,6,18,6
3486,0.6956521739130436,0.7857142857142857,0.8928571428571428,0.75,1.0,0.5333333333333333,8,15,8
3487,0.6086956521739131,0.23809523809523808,0.6190476190476191,0.5714285714285714,1.0,0.4375,7,16,7
3495,0.4615384615384615,-0.16666666666666666,0.4166666666666667,0.4444444444444444,1.0,0.3,9,30,9
3497,0.2727272727272727,0.3333333333333333,0.6666666666666666,0.6666666666666666,1.0,0.15789473684210525,3,19,3
3498,0.7692307692307693,0.4666666666666667,0.7333333333333334,0.6,1.0,0.625,10,16,10
3501,0.45454545454545453,0.4,0.7,0.8,1.0,0.29411764705882354,5,17,5
3502,0.8333333333333333,-0.1111111111111111,0.4444444444444444,0.5,1.0,0.7142857142857143,10,14,10
3505,0.5555555555555556,0.0,0.5,0.6,1.0,0.38461538461538464,5,13,5
3506,0.6086956521739131,0.6190476190476191,0.8095238095238095,0.5714285714285714,1.0,0.4375,7,16,7
3510,0.5625,0.0,0.5,0.5555555555555556,1.0,0.391304347826087,9,23,9
3512,0.4347826086956522,0.6,0.8,0.8,1.0,0.2777777777777778,5,18,5
3517,0.9444444444444444,-0.029411764705882353,0.4852941176470588,0.35294117647058826,1.0,0.8947368421052632,17,19,17
3519,0.6111111111111112,0.5636363636363636,0.7818181818181817,0.6363636363636364,1.0,0.44,11,25,11
3523,0.7894736842105263,0.5428571428571428,0.7714285714285714,0.6,1.0,0.6521739130434783,15,23,15
3524,0.4,0.6,0.8,0.8,1.0,0.25,5,20,5
3526,0.8571428571428571,0.05555555555555555,0.5277777777777778,0.5555555555555556,1.0,0.75,9,12,9
3527,0.6666666666666666,0.07142857142857142,0.5357142857142857,0.375,1.0,0.5,8,16,8
3528,0.4,0.0,0.5,0.5,1.0,0.25,4,16,4
3529,0.6,-0.06666666666666667,0.4666666666666667,0.5,1.0,0.42857142857142855,6,14,6
3536,0.631578947368421,0.06666666666666667,0.5333333333333333,0.5,1.0,0.46153846153846156,6,13,6
3539,0.33333333333333337,-0.3333333333333333,0.33333333333333337,0.5,1.0,0.2,4,20,4
3540,0.7000000000000001,-0.42857142857142855,0.2857142857142857,0.42857142857142855,1.0,0.5384615384615384,7,13,7
3541,0.6111111111111112,0.09090909090909091,0.5454545454545454,0.5454545454545454,1.0,0.44,11,25,11
3542,0.7111111111111111,0.08333333333333333,0.5416666666666666,0.375,1.0,0.5517241379310345,16,29,16
3543,0.5555555555555556,0.5555555555555556,0.7777777777777778,0.7,1.0,0.38461538461538464,10,26,10
3546,0.47619047619047616,0.8,0.9,0.8,1.0,0.3125,5,16,5
3547,0.5714285714285715,0.07142857142857142,0.5357142857142857,0.5,1.0,0.4,8,20,8
3548,0.6153846153846153,0.35714285714285715,0.6785714285714286,0.625,1.0,0.4444444444444444,8,18,8
3549,0.3636363636363636,0.4666666666666667,0.7333333333333334,0.6666666666666666,1.0,0.2222222222222222,6,27,6
3550,0.34782608695652173,1.0,1.0,1.0,1.0,0.21052631578947367,4,19,4
3554,0.8571428571428571,0.15151515151515152,0.5757575757575758,0.5,1.0,0.75,12,16,12
3566,0.5925925925925926,0.5,0.75,0.625,1.0,0.42105263157894735,8,19,8
3569,0.25,1.0,1.0,1.0,0.14285714285714285,1.0,7,1,1
3572,0.6363636363636364,0.047619047619047616,0.5238095238095238,0.5714285714285714,1.0,0.4666666666666667,7,15,7
3575,0.6923076923076924,-0.16666666666666666,0.4166666666666667,0.3333333333333333,1.0,0.5294117647058824,9,17,9
3578,0.7586206896551725,0.01818181818181818,0.509090909090909,0.45454545454545453,1.0,0.6111111111111112,11,18,11
3580,0.5,0.4666666666666667,0.7333333333333334,0.5,1.0,0.3333333333333333,6,18,6
3581,0.45454545454545453,-0.2,0.4,0.6,1.0,0.29411764705882354,5,17,5
3582,0.6666666666666666,-0.24444444444444444,0.37777777777777777,0.5,1.0,0.5,10,20,10
3583,0.5185185185185185,0.3333333333333333,0.6666666666666666,0.5714285714285714,1.0,0.35,7,20,7
3584,0.9523809523809523,-0.2,0.4,0.4,0.9090909090909091,1.0,11,10,10
3586,0.5454545454545454,0.6111111111111112,0.8055555555555556,0.6666666666666666,1.0,0.375,9,24,9
3587,0.8148148148148148,0.09090909090909091,0.5454545454545454,0.5454545454545454,1.0,0.6875,11,16,11
3588,0.45454545454545453,0.6,0.8,0.8,1.0,0.29411764705882354,5,17,5
3589,0.6,0.1111111111111111,0.5555555555555556,0.4444444444444444,1.0,0.42857142857142855,9,21,9
3594,0.56,0.14285714285714285,0.5714285714285714,0.5714285714285714,1.0,0.3888888888888889,7,18,7
3597,0.4666666666666667,-0.14285714285714285,0.4285714285714286,0.42857142857142855,1.0,0.30434782608695654,7,23,7
3600,0.5882352941176471,-0.022222222222222223,0.4888888888888889,0.4,1.0,0.4166666666666667,10,24,10
3604,0.5294117647058824,-0.2777777777777778,0.3611111111111111,0.4444444444444444,1.0,0.36,9,25,9
3606,0.8,-0.030303030303030304,0.48484848484848486,0.4166666666666667,1.0,0.6666666666666666,12,18,12
3609,0.8235294117647058,-0.14285714285714285,0.4285714285714286,0.42857142857142855,1.0,0.7,7,10,7
3613,0.3636363636363636,0.06666666666666667,0.5333333333333333,0.5,1.0,0.2222222222222222,6,27,6
3615,0.32,-1.0,0.0,0.25,1.0,0.19047619047619047,4,21,4
3616,0.6206896551724138,0.1111111111111111,0.5555555555555556,0.4444444444444444,1.0,0.45,9,20,9
3621,0.9473684210526316,0.6111111111111112,0.8055555555555556,0.5555555555555556,0.9,1.0,10,9,9
3626,0.6666666666666666,0.2857142857142857,0.6428571428571428,0.625,1.0,0.5,8,16,8
3629,0.7741935483870968,0.42424242424242425,0.7121212121212122,0.5,0.631578947368421,1.0,19,12,12
3631,0.5555555555555556,0.6,0.8,0.6,1.0,0.38461538461538464,5,13,5
3633,0.38095238095238093,0.3333333333333333,0.6666666666666666,0.75,1.0,0.23529411764705882,4,17,4
3634,0.5833333333333334,0.8095238095238095,0.9047619047619048,0.8571428571428571,1.0,0.4117647058823529,7,17,7
3638,0.5,0.14285714285714285,0.5714285714285714,0.7142857142857143,1.0,0.3333333333333333,7,21,7
3640,0.6399999999999999,0.5714285714285714,0.7857142857142857,0.625,1.0,0.47058823529411764,8,17,8
3641,0.7272727272727273,-0.09090909090909091,0.45454545454545453,0.4166666666666667,1.0,0.5714285714285714,12,21,12
3643,0.3181818181818182,-0.3333333333333333,0.33333333333333337,0.42857142857142855,1.0,0.1891891891891892,7,37,7
3644,0.6666666666666666,-0.42857142857142855,0.2857142857142857,0.375,1.0,0.5,8,16,8
3648,0.5925925925925926,0.42857142857142855,0.7142857142857143,0.625,1.0,0.42105263157894735,8,19,8
3649,0.7368421052631579,-0.047619047619047616,0.47619047619047616,0.42857142857142855,1.0,0.5833333333333334,7,12,7
3674,0.5925925925925926,0.07142857142857142,0.5357142857142857,0.625,1.0,0.42105263157894735,8,19,8
3681,0.4,-0.6,0.2,0.4,1.0,0.25,5,20,5
3683,0.6666666666666666,-0.3333333333333333,0.33333333333333337,0.4444444444444444,1.0,0.5,9,18,9
3690,0.4444444444444445,-0.3333333333333333,0.33333333333333337,0.5,1.0,0.2857142857142857,6,21,6
3691,0.5714285714285715,0.6,0.8,0.8333333333333334,1.0,0.4,6,15,6
3692,0.7777777777777778,0.7142857142857143,0.8571428571428572,0.8571428571428571,1.0,0.6363636363636364,7,11,7
3697,0.56,0.6190476190476191,0.8095238095238095,0.7142857142857143,1.0,0.3888888888888889,7,18,7
3699,0.5714285714285715,0.7333333333333333,0.8666666666666667,0.6666666666666666,1.0,0.4,6,15,6
3715,0.88,-0.16363636363636364,0.4181818181818182,0.36363636363636365,1.0,0.7857142857142857,11,14,11
3717,0.37037037037037035,0.6,0.8,0.8,1.0,0.22727272727272727,5,22,5
3719,0.7142857142857143,-0.4,0.3,0.4,1.0,0.5555555555555556,5,9,5
3723,0.6666666666666666,0.16666666666666666,0.5833333333333334,0.5555555555555556,1.0,0.5,9,18,9
3724,0.47619047619047616,0.0,0.5,0.6,1.0,0.3125,5,16,5
3725,0.6956521739130436,0.21428571428571427,0.6071428571428571,0.5,1.0,0.5333333333333333,8,15,8
3737,0.4166666666666667,1.0,1.0,1.0,1.0,0.2631578947368421,5,19,5
3749,0.5882352941176471,-0.4,0.3,0.4,1.0,0.4166666666666667,5,12,5
3751,0.7407407407407407,0.06666666666666667,0.5333333333333333,0.5,1.0,0.5882352941176471,10,17,10
3755,0.7857142857142858,0.12727272727272726,0.5636363636363636,0.5454545454545454,1.0,0.6470588235294118,11,17,11
3759,0.5714285714285715,-0.06666666666666667,0.4666666666666667,0.5,1.0,0.4,6,15,6
3769,0.47619047619047616,0.6,0.8,0.8,1.0,0.3125,5,16,5
3770,0.6,-0.3333333333333333,0.33333333333333337,0.5,1.0,0.42857142857142855,6,14,6
3778,0.4186046511627907,0.1111111111111111,0.5555555555555556,0.3333333333333333,1.0,0.2647058823529412,9,34,9
3790,0.6666666666666666,0.14285714285714285,0.5714285714285714,0.5714285714285714,1.0,0.5,7,14,7
3800,0.6923076923076924,0.16666666666666666,0.5833333333333334,0.5555555555555556,1.0,0.5294117647058824,9,17,9
3801,0.6086956521739131,-0.23809523809523808,0.38095238095238093,0.42857142857142855,1.0,0.4375,7,16,7
3804,0.33333333333333337,0.4,0.7,0.8,1.0,0.2,5,25,5
3805,0.8421052631578948,0.2857142857142857,0.6428571428571428,0.625,1.0,0.7272727272727273,8,11,8
3806,0.5,-0.6666666666666666,0.16666666666666669,0.5,1.0,0.3333333333333333,4,12,4
3808,0.5333333333333333,0.3333333333333333,0.6666666666666666,0.75,1.0,0.36363636363636365,4,11,4
3809,0.4,0.3333333333333333,0.6666666666666666,0.6666666666666666,1.0,0.25,3,12,3
3810,1.0,0.3333333333333333,0.6666666666666666,0.8333333333333334,1.0,1.0,6,6,6
3811,0.6666666666666666,0.6666666666666666,0.8333333333333333,0.75,1.0,0.5,4,8,4
3812,0.625,0.0,0.5,0.4,1.0,0.45454545454545453,5,11,5
3813,0.7142857142857143,-0.8,0.09999999999999998,0.4,1.0,0.5555555555555556,5,9,5
3814,1.0,0.2,0.6,0.5,1.0,1.0,6,6,6
3815,0.8,0.3333333333333333,0.6666666666666666,0.6666666666666666,1.0,0.6666666666666666,6,9,6
3816,0.6666666666666666,0.3333333333333333,0.6666666666666666,0.75,1.0,0.5,4,8,4
3818,0.8750000000000001,0.047619047619047616,0.5238095238095238,0.42857142857142855,0.7777777777777778,1.0,9,7,7
3819,0.8,0.3333333333333333,0.6666666666666666,0.75,1.0,0.6666666666666666,4,6,4
3820,0.6153846153846153,1.0,1.0,1.0,1.0,0.4444444444444444,4,9,4
3821,0.5714285714285715,0.06666666666666667,0.5333333333333333,0.5,1.0,0.4,6,15,6
3822,0.5882352941176471,0.2,0.6,0.6,1.0,0.4166666666666667,5,12,5
3823,0.5,0.3333333333333333,0.6666666666666666,0.6666666666666666,1.0,0.3333333333333333,3,9,3
3824,0.4,-0.3333333333333333,0.33333333333333337,0.6666666666666666,1.0,0.25,3,12,3
3825,0.9090909090909091,-0.4,0.3,0.4,1.0,0.8333333333333334,5,6,5
3826,0.5714285714285715,0.0,0.5,0.5,1.0,0.4,4,10,4
3827,0.6666666666666666,-0.2,0.4,0.3333333333333333,1.0,0.5,6,12,6
3828,0.631578947368421,-0.06666666666666667,0.4666666666666667,0.6666666666666666,1.0,0.46153846153846156,6,13,6
3829,0.625,-0.4,0.3,0.4,1.0,0.45454545454545453,5,11,5
3830,0.9333333333333333,0.14285714285714285,0.5714285714285714,0.5714285714285714,1.0,0.875,7,8,7
3831,0.8333333333333333,-0.2,0.4,0.4,1.0,0.7142857142857143,5,7,5
3832,0.6666666666666666,0.3333333333333333,0.6666666666666666,0.75,1.0,0.5,4,8,4
3833,0.631578947368421,-0.2,0.4,0.5,1.0,0.46153846153846156,6,13,6
3834,0.6153846153846153,0.6666666666666666,0.8333333333333333,0.75,1.0,0.4444444444444444,4,9,4
3835,0.35294117647058826,0.3333333333333333,0.6666666666666666,0.6666666666666666,1.0,0.21428571428571427,3,14,3
3836,0.6666666666666666,-0.2,0.4,0.6,1.0,0.5,5,10,5
3837,1.0,-0.047619047619047616,0.47619047619047616,0.42857142857142855,1.0,1.0,7,7,7
3838,0.7142857142857143,0.2,0.6,0.6,1.0,0.5555555555555556,5,9,5
3839,0.6153846153846153,-0.3333333333333333,0.33333333333333337,0.5,1.0,0.4444444444444444,4,9,4
3840,0.7058823529411764,-0.3333333333333333,0.33333333333333337,0.5,1.0,0.5454545454545454,6,11,6
3841,0.5714285714285715,0.0,0.5,0.75,1.0,0.4,4,10,4
3842,0.6666666666666666,0.0,0.5,0.5,1.0,0.5,4,8,4
3843,0.35294117647058826,0.3333333333333333,0.6666666666666666,0.6666666666666666,1.0,0.21428571428571427,3,14,3
3844,0.8,0.2,0.6,0.6666666666666666,1.0,0.6666666666666666,6,9,6
3845,1.0,0.0,0.5,0.75,1.0,1.0,4,4,4
3846,0.7272727272727273,-0.6666666666666666,0.16666666666666669,0.5,1.0,0.5714285714285714,4,7,4
3847,0.5714285714285715,0.0,0.5,0.5,1.0,0.4,4,10,4
3848,0.6666666666666666,0.3333333333333333,0.6666666666666666,0.6666666666666666,1.0,0.5,3,6,3
3849,0.923076923076923,-0.06666666666666667,0.4666666666666667,0.5,1.0,0.8571428571428571,6,7,6
3850,0.5882352941176471,-0.4,0.3,0.4,1.0,0.4166666666666667,5,12,5
3851,0.47058823529411764,-0.3333333333333333,0.33333333333333337,0.5,1.0,0.3076923076923077,4,13,4
3852,0.6666666666666666,0.3333333333333333,0.6666666666666666,0.75,1.0,0.5,4,8,4
3853,0.7499999999999999,1.0,1.0,1.0,1.0,0.6,3,5,3
3856,0.5555555555555556,-0.2,0.4,0.4,1.0,0.38461538461538464,5,13,5
3857,0.5454545454545454,0.2,0.6,0.6666666666666666,1.0,0.375,6,16,6
3858,0.4615384615384615,-1.0,0.0,0.3333333333333333,1.0,0.3,3,10,3
3859,0.5714285714285715,0.3333333333333333,0.6666666666666666,0.75,1.0,0.4,4,10,4
3860,0.7692307692307693,0.0,0.5,0.6,1.0,0.625,5,8,5
3861,0.5714285714285715,0.6666666666666666,0.8333333333333333,0.75,1.0,0.4,4,10,4
3862,0.8333333333333333,0.2,0.6,0.6,1.0,0.7142857142857143,5,7,5
3863,0.7142857142857143,0.2,0.6,0.6,1.0,0.5555555555555556,5,9,5
3864,0.5714285714285715,-1.0,0.0,0.25,1.0,0.4,4,10,4
3865,0.625,0.0,0.5,0.6,1.0,0.45454545454545453,5,11,5
3866,0.5882352941176471,0.2,0.6,0.8,1.0,0.4166666666666667,5,12,5
3867,0.47058823529411764,0.3333333333333333,0.6666666666666666,0.75,1.0,0.3076923076923077,4,13,4
3868,0.7692307692307693,0.6,0.8,0.8,1.0,0.625,5,8,5
3869,0.923076923076923,0.3333333333333333,0.6666666666666666,0.6666666666666666,1.0,0.8571428571428571,6,7,6
3870,0.5714285714285715,0.0,0.5,0.75,1.0,0.4,4,10,4
3871,0.4,0.6666666666666666,0.8333333333333333,0.75,1.0,0.25,4,16,4
3872,0.7692307692307693,-0.4,0.3,0.4,1.0,0.625,5,8,5
3873,0.625,0.2,0.6,0.4,1.0,0.45454545454545453,5,11,5
3875,0.4210526315789474,0.0,0.5,0.5,1.0,0.26666666666666666,4,15,4
3876,0.9090909090909091,0.4,0.7,0.6,1.0,0.8333333333333334,5,6,5
3877,0.7692307692307693,0.2,0.6,0.4,1.0,0.625,5,8,5
3879,1.0,-0.3333333333333333,0.33333333333333337,0.5,1.0,1.0,4,4,4
3880,0.625,0.4,0.7,0.6,1.0,0.45454545454545453,5,11,5
3881,0.7000000000000001,-0.047619047619047616,0.47619047619047616,0.7142857142857143,1.0,0.5384615384615384,7,13,7
3882,0.4,0.3333333333333333,0.6666666666666666,0.75,1.0,0.25,4,16,4
3884,0.7692307692307693,-0.4,0.3,0.6,1.0,0.625,5,8,5
3885,0.375,-1.0,0.0,0.3333333333333333,1.0,0.23076923076923078,3,13,3
3886,0.8,0.3333333333333333,0.6666666666666666,0.6666666666666666,1.0,0.6666666666666666,6,9,6
3887,0.4444444444444445,0.6666666666666666,0.8333333333333333,0.75,1.0,0.2857142857142857,4,14,4
3888,0.5714285714285715,0.3333333333333333,0.6666666666666666,0.5,1.0,0.4,4,10,4
3889,0.625,-0.4,0.3,0.4,1.0,0.45454545454545453,5,11,5
3890,0.6666666666666666,0.3333333333333333,0.6666666666666666,0.75,1.0,0.5,4,8,4
3891,0.7058823529411764,-0.06666666666666667,0.4666666666666667,0.6666666666666666,1.0,0.5454545454545454,6,11,6
3892,0.42857142857142855,0.3333333333333333,0.6666666666666666,0.6666666666666666,1.0,0.2727272727272727,3,11,3
3893,0.6666666666666666,0.3333333333333333,0.6666666666666666,0.7142857142857143,1.0,0.5,7,14,7
3894,0.7142857142857143,-0.2,0.4,0.4,1.0,0.5555555555555556,5,9,5
3895,0.47058823529411764,-0.6666666666666666,0.16666666666666669,0.5,1.0,0.3076923076923077,4,13,4
3896,0.5,0.0,0.5,0.75,1.0,0.3333333333333333,4,12,4
3897,0.5333333333333333,0.0,0.5,0.5,1.0,0.36363636363636365,4,11,4
3898,0.7777777777777778,-0.14285714285714285,0.4285714285714286,0.42857142857142855,1.0,0.6363636363636364,7,11,7
3899,0.923076923076923,0.06666666666666667,0.5333333333333333,0.5,0.8571428571428571,1.0,7,6,6
3901,0.4210526315789474,0.3333333333333333,0.6666666666666666,0.75,1.0,0.26666666666666666,4,15,4
3902,0.5,0.2,0.6,0.6,1.0,0.3333333333333333,5,15,5
3903,0.2857142857142857,1.0,1.0,1.0,1.0,0.16666666666666666,2,12,2
3905,0.7499999999999999,-0.06666666666666667,0.4666666666666667,0.5,1.0,0.6,6,10,6
3906,0.8,0.2,0.6,0.6666666666666666,1.0,0.6666666666666666,6,9,6
3907,0.42857142857142855,1.0,1.0,1.0,1.0,0.2727272727272727,3,11,3
3908,0.923076923076923,-0.06666666666666667,0.4666666666666667,0.6666666666666666,0.8571428571428571,1.0,7,6,6
3910,0.6666666666666666,0.6666666666666666,0.8333333333333333,0.75,1.0,0.5,4,8,4
3911,1.0,0.4,0.7,0.8,1.0,1.0,5,5,5
3912,0.42857142857142855,0.3333333333333333,0.6666666666666666,0.6666666666666666,1.0,0.2727272727272727,3,11,3
3913,0.5555555555555556,0.6,0.8,0.8,1.0,0.38461538461538464,5,13,5
3914,0.5714285714285715,0.3333333333333333,0.6666666666666666,0.75,1.0,0.4,4,10,4
3915,0.8,-0.07142857142857142,0.4642857142857143,0.5,1.0,0.6666666666666666,8,12,8
3916,0.8571428571428571,-0.2,0.4,0.6666666666666666,1.0,0.75,6,8,6
3918,0.42857142857142855,0.3333333333333333,0.6666666666666666,0.6666666666666666,1.0,0.2727272727272727,3,11,3
3919,0.625,-0.2,0.4,0.4,1.0,0.45454545454545453,5,11,5
3920,0.4,-1.0,0.0,0.3333333333333333,1.0,0.25,3,12,3
3921,0.3157894736842105,-0.3333333333333333,0.33333333333333337,0.6666666666666666,1.0,0.1875,3,16,3
3923,0.375,-1.0,0.0,0.3333333333333333,1.0,0.23076923076923078,3,13,3
3924,0.4,1.0,1.0,1.0,1.0,0.25,3,12,3
3925,0.7499999999999999,0.06666666666666667,0.5333333333333333,0.5,1.0,0.6,6,10,6
3926,0.4444444444444445,0.3333333333333333,0.6666666666666666,0.75,1.0,0.2857142857142857,4,14,4
3927,0.5714285714285715,0.0,0.5,0.5,1.0,0.4,4,10,4
3928,0.5333333333333333,0.0,0.5,0.75,1.0,0.36363636363636365,4,11,4
3929,0.5333333333333333,0.0,0.5,0.5,1.0,0.36363636363636365,4,11,4
3930,0.6666666666666666,0.4,0.7,0.8,1.0,0.5,5,10,5
3931,0.375,1.0,1.0,1.0,1.0,0.23076923076923078,3,13,3
3932,0.7272727272727273,0.3333333333333333,0.6666666666666666,0.75,1.0,0.5714285714285714,4,7,4
3933,0.6666666666666666,0.06666666666666667,0.5333333333333333,0.6666666666666666,1.0,0.5,6,12,6
3934,0.6153846153846153,0.3333333333333333,0.6666666666666666,0.75,1.0,0.4444444444444444,4,9,4
3935,0.42857142857142855,1.0,1.0,1.0,1.0,0.2727272727272727,3,11,3
3936,0.375,-0.3333333333333333,0.33333333333333337,0.6666666666666666,1.0,0.23076923076923078,3,13,3
3937,0.631578947368421,0.6,0.8,0.8333333333333334,1.0,0.46153846153846156,6,13,6
3938,0.42857142857142855,-0.3333333333333333,0.33333333333333337,0.6666666666666666,1.0,0.2727272727272727,3,11,3
3939,0.7692307692307693,0.2,0.6,0.6,1.0,0.625,5,8,5
3940,0.6153846153846153,0.3333333333333333,0.6666666666666666,0.5,1.0,0.4444444444444444,4,9,4
3941,1.0,-0.06666666666666667,0.4666666666666667,0.5,1.0,1.0,6,6,6
3942,0.8,0.3333333333333333,0.6666666666666666,0.5,0.6666666666666666,1.0,6,4,4
3943,0.7499999999999999,-0.4666666666666667,0.26666666666666666,0.5,1.0,0.6,6,10,6
3944,0.375,1.0,1.0,1.0,1.0,0.23076923076923078,3,13,3
3946,0.35294117647058826,0.3333333333333333,0.6666666666666666,0.6666666666666666,1.0,0.21428571428571427,3,14,3
3947,0.6666666666666666,0.4,0.7,0.6,1.0,0.5,5,10,5
3948,0.888888888888889,0.3333333333333333,0.6666666666666666,0.75,0.8,1.0,5,4,4
3950,0.4,0.3333333333333333,0.6666666666666666,0.6666666666666666,1.0,0.25,3,12,3
3951,0.5714285714285715,-0.6666666666666666,0.16666666666666669,0.5,1.0,0.4,4,10,4
3953,0.42857142857142855,0.3333333333333333,0.6666666666666666,0.6666666666666666,1.0,0.2727272727272727,3,11,3
3954,0.6666666666666666,0.3333333333333333,0.6666666666666666,0.75,1.0,0.5,4,8,4
3955,0.888888888888889,1.0,1.0,1.0,1.0,0.8,4,5,4
3956,0.7272727272727273,0.3333333333333333,0.6666666666666666,0.75,1.0,0.5714285714285714,4,7,4
3957,0.5,0.3333333333333333,0.6666666666666666,0.75,1.0,0.3333333333333333,4,12,4
3958,0.5882352941176471,-0.2,0.4,0.6,1.0,0.4166666666666667,5,12,5
3959,0.5,-0.6,0.2,0.4,1.0,0.3333333333333333,5,15,5
3960,0.625,0.2,0.6,0.6,1.0,0.45454545454545453,5,11,5
3961,0.6666666666666666,-0.3333333333333333,0.33333333333333337,0.5,1.0,0.5,4,8,4
3962,0.5333333333333333,0.3333333333333333,0.6666666666666666,0.75,1.0,0.36363636363636365,4,11,4
3963,0.625,0.4,0.7,0.6,1.0,0.45454545454545453,5,11,5
3964,0.8,-0.3333333333333333,0.33333333333333337,0.5,1.0,0.6666666666666666,4,6,4
3965,0.923076923076923,-0.6,0.2,0.3333333333333333,1.0,0.8571428571428571,6,7,6
3966,0.6666666666666666,-0.2,0.4,0.4,1.0,0.5,5,10,5
3967,0.5555555555555556,-0.2,0.4,0.6,1.0,0.38461538461538464,5,13,5
3968,0.9473684210526316,0.5,0.75,0.7777777777777778,0.9,1.0,10,9,9
3969,0.7142857142857143,0.2,0.6,0.8,1.0,0.5555555555555556,5,9,5
3970,0.5333333333333333,0.0,0.5,0.5,1.0,0.36363636363636365,4,11,4
3971,0.6153846153846153,1.0,1.0,1.0,1.0,0.4444444444444444,4,9,4
3972,0.4210526315789474,0.0,0.5,0.75,1.0,0.26666666666666666,4,15,4
3973,0.47058823529411764,0.0,0.5,0.5,1.0,0.3076923076923077,4,13,4
3974,0.5333333333333333,0.3333333333333333,0.6666666666666666,0.75,1.0,0.36363636363636365,4,11,4
3975,0.8333333333333333,0.8,0.9,0.8,1.0,0.7142857142857143,5,7,5
3976,0.47058823529411764,0.0,0.5,0.5,1.0,0.3076923076923077,4,13,4
3977,0.5882352941176471,-0.2,0.4,0.6,1.0,0.4166666666666667,5,12,5
3978,0.923076923076923,-0.2,0.4,0.5,0.8571428571428571,1.0,7,6,6
3979,0.888888888888889,1.0,1.0,1.0,1.0,0.8,4,5,4
3981,1.0,0.8,0.9,0.8,1.0,1.0,5,5,5
3982,0.5333333333333333,0.6666666666666666,0.8333333333333333,0.75,1.0,0.36363636363636365,4,11,4
3983,0.5454545454545454,1.0,1.0,1.0,1.0,0.375,3,8,3
3984,0.888888888888889,-0.6666666666666666,0.16666666666666669,0.5,1.0,0.8,4,5,4
3986,0.6666666666666666,0.6666666666666666,0.8333333333333333,0.75,1.0,0.5,4,8,4
3987,0.7142857142857143,0.4,0.7,0.8,1.0,0.5555555555555556,5,9,5
3988,0.5,1.0,1.0,1.0,1.0,0.3333333333333333,4,12,4
3989,0.5714285714285715,-0.3333333333333333,0.33333333333333337,0.5,1.0,0.4,4,10,4
3990,0.8571428571428571,0.2,0.6,0.6666666666666666,1.0,0.75,6,8,6
3992,0.5333333333333333,-0.3333333333333333,0.33333333333333337,0.5,1.0,0.36363636363636365,4,11,4
3993,0.4615384615384615,1.0,1.0,1.0,1.0,0.3,3,10,3
3994,0.5217391304347826,0.2,0.6,0.5,1.0,0.35294117647058826,6,17,6
3995,0.7499999999999999,-0.06666666666666667,0.4666666666666667,0.5,1.0,0.6,6,10,6
3996,0.5,0.0,0.5,0.4,1.0,0.3333333333333333,5,15,5
3997,0.6666666666666666,0.6666666666666666,0.8333333333333333,0.75,1.0,0.5,4,8,4
3998,0.5,0.3333333333333333,0.6666666666666666,0.75,1.0,0.3333333333333333,4,12,4
3999,0.9090909090909091,0.4,0.7,0.6,1.0,0.8333333333333334,5,6,5
4000,0.5,-0.3333333333333333,0.33333333333333337,0.5,1.0,0.3333333333333333,4,12,4
4001,0.6363636363636364,-0.23809523809523808,0.38095238095238093,0.42857142857142855,1.0,0.4666666666666667,7,15,7
4002,0.6666666666666666,-0.2,0.4,0.6,1.0,0.5,5,10,5
4003,0.5333333333333333,0.3333333333333333,0.6666666666666666,0.5,1.0,0.36363636363636365,4,11,4
4004,0.5,-0.6666666666666666,0.16666666666666669,0.5,1.0,0.3333333333333333,4,12,4
4006,0.47619047619047616,-0.2,0.4,0.4,1.0,0.3125,5,16,5
4007,0.6,-0.06666666666666667,0.4666666666666667,0.6666666666666666,1.0,0.42857142857142855,6,14,6
4008,0.625,0.0,0.5,0.6,1.0,0.45454545454545453,5,11,5
4010,0.47058823529411764,0.6666666666666666,0.8333333333333333,0.75,1.0,0.3076923076923077,4,13,4
4011,0.33333333333333337,1.0,1.0,1.0,0.2,1.0,5,1,1
4012,0.6666666666666666,0.2,0.6,0.6,1.0,0.5,5,10,5
4013,0.5,-0.3333333333333333,0.33333333333333337,0.5,1.0,0.3333333333333333,4,12,4
4014,0.5714285714285715,0.2,0.6,0.6666666666666666,1.0,0.4,6,15,6
4015,0.923076923076923,0.06666666666666667,0.5333333333333333,0.5,1.0,0.8571428571428571,6,7,6
4016,0.7692307692307693,0.4,0.7,0.6,1.0,0.625,5,8,5
4017,0.7777777777777778,0.3333333333333333,0.6666666666666666,0.7142857142857143,1.0,0.6363636363636364,7,11,7
4018,0.5454545454545454,1.0,1.0,1.0,1.0,0.375,3,8,3
4019,0.6153846153846153,0.6666666666666666,0.8333333333333333,0.75,1.0,0.4444444444444444,4,9,4
4020,0.6666666666666666,-0.3333333333333333,0.33333333333333337,0.5,1.0,0.5,4,8,4
4021,0.5333333333333333,0.6666666666666666,0.8333333333333333,0.75,1.0,0.36363636363636365,4,11,4
4022,0.7272727272727273,0.3333333333333333,0.6666666666666666,0.75,1.0,0.5714285714285714,4,7,4
4023,0.8333333333333333,0.1111111111111111,0.5555555555555556,0.5,1.0,0.7142857142857143,10,14,10
4024,0.5,1.0,1.0,1.0,1.0,0.3333333333333333,4,12,4
4025,0.8333333333333333,0.2,0.6,0.6,1.0,0.7142857142857143,5,7,5
4026,0.8,0.3333333333333333,0.6666666666666666,0.75,1.0,0.6666666666666666,4,6,4
4027,0.5,0.6666666666666666,0.8333333333333333,0.75,1.0,0.3333333333333333,4,12,4
4028,0.7499999999999999,-0.6,0.2,0.3333333333333333,1.0,0.6,6,10,6
4029,0.923076923076923,-0.7333333333333333,0.13333333333333336,0.3333333333333333,0.8571428571428571,1.0,7,6,6
4030,0.5333333333333333,-0.3333333333333333,0.33333333333333337,0.5,1.0,0.36363636363636365,4,11,4
4031,0.761904761904762,0.35714285714285715,0.6785714285714286,0.625,1.0,0.6153846153846154,8,13,8
4032,0.6666666666666666,0.2,0.6,0.5,1.0,0.5,6,12,6
4033,0.8333333333333333,-0.6,0.2,0.4,1.0,0.7142857142857143,5,7,5
4034,0.9090909090909091,-0.2,0.4,0.6,1.0,0.8333333333333334,5,6,5
4035,0.625,-0.6,0.2,0.4,1.0,0.45454545454545453,5,11,5
4036,0.9090909090909091,0.2,0.6,0.8,1.0,0.8333333333333334,5,6,5
4037,0.888888888888889,-0.3333333333333333,0.33333333333333337,0.5,0.8,1.0,5,4,4
4038,0.6666666666666666,0.3333333333333333,0.6666666666666666,0.6666666666666666,1.0,0.5,6,12,6
4039,0.5454545454545454,1.0,1.0,1.0,1.0,0.375,3,8,3
4040,0.4444444444444445,-1.0,0.0,0.5,1.0,0.2857142857142857,2,7,2
4041,0.8333333333333333,0.4,0.7,0.6,0.7142857142857143,1.0,7,5,5
4042,0.42857142857142855,-0.3333333333333333,0.33333333333333337,0.6666666666666666,1.0,0.2727272727272727,3,11,3
4043,0.6,-0.3333333333333333,0.33333333333333337,0.6666666666666666,1.0,0.42857142857142855,3,7,3
4044,0.6666666666666666,-0.6,0.2,0.4,1.0,0.5,5,10,5
4045,0.6,0.2,0.6,0.6666666666666666,1.0,0.42857142857142855,6,14,6
4046,0.8,0.0,0.5,0.75,1.0,0.6666666666666666,4,6,4
4047,0.5882352941176471,-0.6,0.2,0.4,1.0,0.4166666666666667,5,12,5
4048,0.888888888888889,0.0,0.5,0.5,1.0,0.8,4,5,4
4049,0.5454545454545454,1.0,1.0,1.0,1.0,0.375,3,8,3
4050,0.7272727272727273,0.0,0.5,0.75,1.0,0.5714285714285714,4,7,4
4051,0.7692307692307693,-0.2,0.4,0.4,1.0,0.625,5,8,5
4052,0.375,0.3333333333333333,0.6666666666666666,0.6666666666666666,1.0,0.23076923076923078,3,13,3
4053,0.4,1.0,1.0,1.0,0.25,1.0,4,1,1
4054,0.4615384615384615,0.3333333333333333,0.6666666666666666,0.6666666666666666,1.0,0.3,3,10,3
4055,0.625,0.4,0.7,0.6,1.0,0.45454545454545453,5,11,5
4056,0.5263157894736842,0.6,0.8,0.6,1.0,0.35714285714285715,5,14,5
4057,1.0,0.21428571428571427,0.6071428571428571,0.625,1.0,1.0,8,8,8
4058,0.5454545454545454,0.3333333333333333,0.6666666666666666,0.6666666666666666,1.0,0.375,3,8,3
4059,0.7692307692307693,-0.4,0.3,0.4,1.0,0.625,5,8,5
4061,0.5714285714285715,-0.3333333333333333,0.33333333333333337,0.5,1.0,0.4,4,10,4
4062,0.5714285714285715,0.3333333333333333,0.6666666666666666,0.75,1.0,0.4,4,10,4
4063,0.6153846153846153,0.3333333333333333,0.6666666666666666,0.75,1.0,0.4444444444444444,4,9,4
4064,0.6666666666666666,0.0,0.5,0.75,1.0,0.5,4,8,4
4065,0.5,0.3333333333333333,0.6666666666666666,0.75,1.0,0.3333333333333333,4,12,4
4066,0.47058823529411764,0.0,0.5,0.75,1.0,0.3076923076923077,4,13,4
4067,0.5714285714285715,0.4666666666666667,0.7333333333333334,0.6666666666666666,1.0,0.4,6,15,6
4069,1.0,0.3333333333333333,0.6666666666666666,0.75,1.0,1.0,4,4,4
4070,0.47058823529411764,-0.3333333333333333,0.33333333333333337,0.5,1.0,0.3076923076923077,4,13,4
4071,0.5714285714285715,0.6666666666666666,0.8333333333333333,0.75,1.0,0.4,4,10,4
4072,0.631578947368421,0.06666666666666667,0.5333333333333333,0.6666666666666666,1.0,0.46153846153846156,6,13,6
4073,0.5555555555555556,0.2,0.6,0.6,1.0,0.38461538461538464,5,13,5
4074,0.5,0.4,0.7,0.6,1.0,0.3333333333333333,5,15,5
4075,1.0,0.4,0.7,0.6,1.0,1.0,5,5,5
4076,0.5,-0.2,0.4,0.4,1.0,0.3333333333333333,5,15,5
4077,0.6,0.7333333333333333,0.8666666666666667,0.6666666666666666,1.0,0.42857142857142855,6,14,6
4079,0.7058823529411764,-0.06666666666666667,0.4666666666666667,0.5,1.0,0.5454545454545454,6,11,6
4080,0.8333333333333333,0.6,0.8,0.8,1.0,0.7142857142857143,5,7,5
4081,0.6666666666666666,-0.3333333333333333,0.33333333333333337,0.5,1.0,0.5,4,8,4
4082,0.888888888888889,0.2727272727272727,0.6363636363636364,0.5,1.0,0.8,12,15,12
4083,0.9333333333333333,0.23809523809523808,0.6190476190476191,0.5714285714285714,1.0,0.875,7,8,7
4084,0.5714285714285715,0.0,0.5,0.75,1.0,0.4,4,10,4
4085,0.5,0.0,0.5,0.6,1.0,0.3333333333333333,5,15,5
4087,0.6153846153846153,0.3333333333333333,0.6666666666666666,0.75,1.0,0.4444444444444444,4,9,4
4088,0.375,0.3333333333333333,0.6666666666666666,0.6666666666666666,1.0,0.23076923076923078,3,13,3
4089,0.5,1.0,1.0,1.0,1.0,0.3333333333333333,3,9,3
4090,0.4444444444444445,0.6666666666666666,0.8333333333333333,0.75,1.0,0.2857142857142857,4,14,4
4091,0.7272727272727273,0.3333333333333333,0.6666666666666666,0.5,1.0,0.5714285714285714,4,7,4
4092,0.7692307692307693,0.8,0.9,0.8,1.0,0.625,5,8,5
4093,0.8,0.06666666666666667,0.5333333333333333,0.5,1.0,0.6666666666666666,6,9,6
4096,1.0,0.6,0.8,0.6,1.0,1.0,5,5,5
4097,0.6666666666666666,-0.6,0.2,0.4,1.0,0.5,5,10,5
4099,0.6666666666666666,0.3333333333333333,0.6666666666666666,0.75,1.0,0.5,4,8,4
4100,1.0,0.3333333333333333,0.6666666666666666,0.75,1.0,1.0,4,4,4
4101,0.6666666666666666,0.6,0.8,0.8,1.0,0.5,5,10,5
4102,0.6,-1.0,0.0,0.3333333333333333,1.0,0.42857142857142855,3,7,3
4103,0.5555555555555556,0.4,0.7,0.6,1.0,0.38461538461538464,5,13,5
4104,0.7142857142857143,-0.6,0.2,0.4,1.0,0.5555555555555556,5,9,5
4105,0.6153846153846153,0.3333333333333333,0.6666666666666666,0.75,1.0,0.4444444444444444,4,9,4
4106,0.6666666666666666,0.4,0.7,0.6,1.0,0.5,5,10,5
4107,0.8571428571428571,0.4666666666666667,0.7333333333333334,0.6666666666666666,1.0,0.75,6,8,6
4108,0.923076923076923,-0.2,0.4,0.5,1.0,0.8571428571428571,6,7,6
4109,0.5,-0.3333333333333333,0.33333333333333337,0.5,1.0,0.3333333333333333,4,12,4
4110,0.7058823529411764,-0.2,0.4,0.5,1.0,0.5454545454545454,6,11,6
4111,0.631578947368421,0.2,0.6,0.6666666666666666,1.0,0.46153846153846156,6,13,6
4112,0.888888888888889,-0.14285714285714285,0.4285714285714286,0.5,1.0,0.8,8,10,8
4113,0.8571428571428571,0.3333333333333333,0.6666666666666666,0.5,1.0,0.75,6,8,6
4114,0.6666666666666666,-0.6666666666666666,0.16666666666666669,0.5,1.0,0.5,4,8,4
4115,0.47058823529411764,0.3333333333333333,0.6666666666666666,0.75,1.0,0.3076923076923077,4,13,4
4116,0.5333333333333333,0.0,0.5,0.5,1.0,0.36363636363636365,4,11,4
4117,0.5714285714285715,0.3333333333333333,0.6666666666666666,0.5,1.0,0.4,4,10,4
4119,0.6153846153846153,0.3333333333333333,0.6666666666666666,0.5,1.0,0.4444444444444444,4,9,4
4122,0.6153846153846153,-0.3333333333333333,0.33333333333333337,0.5,1.0,0.4444444444444444,4,9,4
4123,0.4,-0.3333333333333333,0.33333333333333337,0.6666666666666666,1.0,0.25,3,12,3
4124,0.8,0.3333333333333333,0.6666666666666666,0.75,1.0,0.6666666666666666,4,6,4
4125,0.4615384615384615,0.3333333333333333,0.6666666666666666,0.6666666666666666,1.0,0.3,3,10,3
4126,0.6666666666666666,1.0,1.0,1.0,1.0,0.5,3,6,3
4127,0.8750000000000001,-0.047619047619047616,0.47619047619047616,0.42857142857142855,1.0,0.7777777777777778,7,9,7
4128,0.6666666666666666,0.2,0.6,0.4,1.0,0.5,5,10,5
4129,0.5217391304347826,0.6,0.8,0.6666666666666666,1.0,0.35294117647058826,6,17,6
4130,0.6666666666666666,-0.3333333333333333,0.33333333333333337,0.5,1.0,0.5,4,8,4
4131,0.4210526315789474,0.6666666666666666,0.8333333333333333,0.75,1.0,0.26666666666666666,4,15,4
4132,0.47058823529411764,0.6666666666666666,0.8333333333333333,0.75,1.0,0.3076923076923077,4,13,4
4133,0.8,0.5111111111111111,0.7555555555555555,0.7,0.6666666666666666,1.0,15,10,10
4134,0.5263157894736842,0.0,0.5,0.6,1.0,0.35714285714285715,5,14,5
4135,0.9090909090909091,0.6,0.8,0.6,1.0,0.8333333333333334,5,6,5
4136,0.5882352941176471,0.4,0.7,0.8,1.0,0.4166666666666667,5,12,5
4137,0.3157894736842105,-0.3333333333333333,0.33333333333333337,0.6666666666666666,1.0,0.1875,3,16,3
4138,0.6666666666666666,-0.2,0.4,0.5,1.0,0.5,6,12,6
4140,0.7368421052631579,0.23809523809523808,0.6190476190476191,0.42857142857142855,1.0,0.5833333333333334,7,12,7
4141,0.8333333333333333,0.2,0.6,0.6,1.0,0.7142857142857143,5,7,5
4142,0.5555555555555556,-0.4,0.3,0.4,1.0,0.38461538461538464,5,13,5
4143,0.4615384615384615,0.3333333333333333,0.6666666666666666,0.6666666666666666,1.0,0.3,3,10,3
4144,0.5454545454545454,1.0,1.0,1.0,1.0,0.375,3,8,3
4145,0.6666666666666666,0.0,0.5,0.5,1.0,0.5,4,8,4
4146,0.8750000000000001,-0.14285714285714285,0.4285714285714286,0.42857142857142855,1.0,0.7777777777777778,7,9,7
4147,0.7499999999999999,0.3333333333333333,0.6666666666666666,0.6666666666666666,1.0,0.6,3,5,3
4148,0.9090909090909091,0.8,0.9,0.8,1.0,0.8333333333333334,5,6,5
4149,0.5,0.0,0.5,0.75,1.0,0.3333333333333333,4,12,4
4150,0.7777777777777778,0.14285714285714285,0.5714285714285714,0.5714285714285714,1.0,0.6363636363636364,7,11,7
4151,0.33333333333333337,-0.3333333333333333,0.33333333333333337,0.6666666666666666,1.0,0.2,3,15,3
4152,0.5555555555555556,-0.2,0.4,0.4,1.0,0.38461538461538464,5,13,5
4153,0.9090909090909091,0.0,0.5,0.6,1.0,0.8333333333333334,5,6,5
4154,0.4,0.3333333333333333,0.6666666666666666,0.6666666666666666,1.0,0.25,3,12,3
4155,0.375,0.3333333333333333,0.6666666666666666,0.6666666666666666,1.0,0.23076923076923078,3,13,3
4156,0.7499999999999999,0.4666666666666667,0.7333333333333334,0.6666666666666666,1.0,0.6,6,10,6
4157,0.6666666666666666,-1.0,0.0,0.25,1.0,0.5,4,8,4
4158,0.6666666666666666,0.2,0.6,0.6,1.0,0.5,5,10,5
4159,0.9090909090909091,0.2,0.6,0.6,1.0,0.8333333333333334,5,6,5
4160,0.8571428571428571,0.2,0.6,0.6666666666666666,1.0,0.75,6,8,6
4161,0.8,0.8666666666666667,0.9333333333333333,0.8333333333333334,1.0,0.6666666666666666,6,9,6
4162,0.8,0.3333333333333333,0.6666666666666666,0.5,1.0,0.6666666666666666,6,9,6
4163,1.0,0.14285714285714285,0.5714285714285714,0.625,1.0,1.0,8,8,8
4164,0.5,0.3333333333333333,0.6666666666666666,0.6666666666666666,1.0,0.3333333333333333,3,9,3
4165,0.6666666666666666,0.2,0.6,0.6666666666666666,1.0,0.5,6,12,6
4166,0.8,0.3333333333333333,0.6666666666666666,0.75,1.0,0.6666666666666666,4,6,4
4167,0.7142857142857143,-0.4,0.3,0.4,1.0,0.5555555555555556,5,9,5
4168,0.6153846153846153,0.3333333333333333,0.6666666666666666,0.75,1.0,0.4444444444444444,4,9,4
4169,0.9090909090909091,-0.4,0.3,0.4,1.0,0.8333333333333334,5,6,5
4170,0.7692307692307693,0.0,0.5,0.6,1.0,0.625,5,8,5
4171,0.5882352941176471,-0.6,0.2,0.4,1.0,0.4166666666666667,5,12,5
4172,0.8333333333333333,-0.2,0.4,0.6,1.0,0.7142857142857143,5,7,5
4173,0.5454545454545454,-1.0,0.0,0.3333333333333333,1.0,0.375,3,8,3
4174,0.6153846153846153,-0.3333333333333333,0.33333333333333337,0.5,1.0,0.4444444444444444,4,9,4
4175,0.7142857142857143,0.4,0.7,0.6,1.0,0.5555555555555556,5,9,5
4176,0.33333333333333337,1.0,1.0,1.0,0.2,1.0,5,1,1
4177,0.4615384615384615,-0.3333333333333333,0.33333333333333337,0.6666666666666666,1.0,0.3,3,10,3
4178,0.4615384615384615,0.3333333333333333,0.6666666666666666,0.6666666666666666,1.0,0.3,3,10,3
4179,0.888888888888889,0.6666666666666666,0.8333333333333333,0.75,1.0,0.8,4,5,4
4180,0.6666666666666666,0.3333333333333333,0.6666666666666666,0.75,1.0,0.5,4,8,4
4181,0.5714285714285715,0.2,0.6,0.6666666666666666,1.0,0.4,6,15,6
4182,0.888888888888889,0.35714285714285715,0.6785714285714286,0.5,1.0,0.8,8,10,8
4184,0.6153846153846153,0.3333333333333333,0.6666666666666666,0.75,1.0,0.4444444444444444,4,9,4
4185,0.888888888888889,1.0,1.0,1.0,1.0,0.8,4,5,4
4186,0.6666666666666666,-0.6666666666666666,0.16666666666666669,0.5,1.0,0.5,4,8,4
4188,0.5454545454545454,1.0,1.0,1.0,1.0,0.375,3,8,3
4189,0.6666666666666666,0.0,0.5,0.75,1.0,0.5,4,8,4
4190,0.6153846153846153,0.6666666666666666,0.8333333333333333,0.75,1.0,0.4444444444444444,4,9,4
4191,0.8571428571428571,0.3333333333333333,0.6666666666666666,0.6666666666666666,1.0,0.75,6,8,6
4192,0.631578947368421,0.2,0.6,0.5,1.0,0.46153846153846156,6,13,6
4193,0.375,0.3333333333333333,0.6666666666666666,0.6666666666666666,1.0,0.23076923076923078,3,13,3
4194,0.5714285714285715,0.3333333333333333,0.6666666666666666,0.5,1.0,0.4,4,10,4
4195,0.5,0.3333333333333333,0.6666666666666666,0.6666666666666666,1.0,0.3333333333333333,3,9,3
4196,0.6153846153846153,-0.3333333333333333,0.33333333333333337,0.5,1.0,0.4444444444444444,4,9,4
4197,0.42857142857142855,0.3333333333333333,0.6666666666666666,0.6666666666666666,1.0,0.2727272727272727,3,11,3
4198,0.4,1.0,1.0,1.0,0.25,1.0,4,1,1
4199,0.375,-1.0,0.0,0.3333333333333333,1.0,0.23076923076923078,3,13,3
4200,0.8333333333333333,0.2,0.6,0.6,1.0,0.7142857142857143,5,7,5
4201,0.5714285714285715,0.6666666666666666,0.8333333333333333,0.75,1.0,0.4,4,10,4
4203,0.7142857142857143,-0.2,0.4,0.4,1.0,0.5555555555555556,5,9,5
4204,0.47058823529411764,0.3333333333333333,0.6666666666666666,0.75,1.0,0.3076923076923077,4,13,4
4205,0.6363636363636364,-0.23809523809523808,0.38095238095238093,0.42857142857142855,1.0,0.4666666666666667,7,15,7
4206,0.6666666666666666,0.2,0.6,0.6,1.0,0.5,5,10,5
4207,1.0,0.2,0.6,0.6,1.0,1.0,5,5,5
4208,0.923076923076923,-0.2,0.4,0.5,1.0,0.8571428571428571,6,7,6
4209,0.6666666666666666,0.3333333333333333,0.6666666666666666,0.5,1.0,0.5,4,8,4
4210,0.6,-1.0,0.0,0.3333333333333333,1.0,0.42857142857142855,3,7,3
4211,0.7272727272727273,0.3333333333333333,0.6666666666666666,0.75,1.0,0.5714285714285714,4,7,4
4212,0.8,0.4222222222222222,0.7111111111111111,0.5,0.6666666666666666,1.0,15,10,10
4213,0.7368421052631579,0.23809523809523808,0.6190476190476191,0.5714285714285714,1.0,0.5833333333333334,7,12,7
4214,0.8750000000000001,0.3333333333333333,0.6666666666666666,0.5714285714285714,0.7777777777777778,1.0,9,7,7
4215,0.2857142857142857,1.0,1.0,1.0,1.0,0.16666666666666666,1,6,1
4216,0.47058823529411764,-0.3333333333333333,0.33333333333333337,0.5,1.0,0.3076923076923077,4,13,4
4217,0.4615384615384615,0.3333333333333333,0.6666666666666666,0.6666666666666666,1.0,0.3,3,10,3
4218,0.5333333333333333,0.0,0.5,0.75,1.0,0.36363636363636365,4,11,4
4220,0.625,0.4,0.7,0.6,1.0,0.45454545454545453,5,11,5
4221,0.5333333333333333,0.6666666666666666,0.8333333333333333,0.75,1.0,0.36363636363636365,4,11,4
4222,0.6666666666666666,-0.3333333333333333,0.33333333333333337,0.5,1.0,0.5,6,12,6
4223,0.9333333333333333,0.047619047619047616,0.5238095238095238,0.5714285714285714,1.0,0.875,7,8,7
4224,0.6666666666666666,-0.3333333333333333,0.33333333333333337,0.5,1.0,0.5,4,8,4
4225,0.6153846153846153,0.3333333333333333,0.6666666666666666,0.75,1.0,0.4444444444444444,4,9,4
4226,0.8,-0.06666666666666667,0.4666666666666667,0.5,1.0,0.6666666666666666,6,9,6
4227,0.5714285714285715,1.0,1.0,1.0,1.0,0.4,4,10,4
4229,1.0,-0.3333333333333333,0.33333333333333337,0.5,1.0,1.0,6,6,6
4230,0.42857142857142855,0.3333333333333333,0.6666666666666666,0.6666666666666666,1.0,0.2727272727272727,3,11,3
4231,0.5882352941176471,-0.4,0.3,0.4,1.0,0.4166666666666667,5,12,5
4232,0.888888888888889,0.6666666666666666,0.8333333333333333,0.75,1.0,0.8,4,5,4
4233,0.7777777777777778,0.3333333333333333,0.6666666666666666,0.42857142857142855,1.0,0.6363636363636364,7,11,7
4234,0.5333333333333333,0.3333333333333333,0.6666666666666666,0.75,1.0,0.36363636363636365,4,11,4
4235,0.2857142857142857,-1.0,0.0,0.5,1.0,0.16666666666666666,2,12,2
4236,0.625,0.4,0.7,0.6,1.0,0.45454545454545453,5,11,5
4237,0.4,1.0,1.0,1.0,1.0,0.25,3,12,3
4238,0.6666666666666666,0.3333333333333333,0.6666666666666666,0.6666666666666666,1.0,0.5,3,6,3
4239,0.4615384615384615,0.3333333333333333,0.6666666666666666,0.6666666666666666,1.0,0.3,3,10,3
4240,0.6666666666666666,0.6666666666666666,0.8333333333333333,0.75,1.0,0.5,4,8,4
4241,0.42857142857142855,-0.3333333333333333,0.33333333333333337,0.6666666666666666,1.0,0.2727272727272727,3,11,3
4242,0.6666666666666666,0.6666666666666666,0.8333333333333333,0.75,1.0,0.5,4,8,4
4243,0.4,0.3333333333333333,0.6666666666666666,0.6666666666666666,1.0,0.25,3,12,3
4244,0.9090909090909091,0.2,0.6,0.6,1.0,0.8333333333333334,5,6,5
4245,1.0,0.23809523809523808,0.6190476190476191,0.7142857142857143,1.0,1.0,7,7,7
4246,0.6666666666666666,0.5238095238095238,0.7619047619047619,0.7142857142857143,1.0,0.5,7,14,7
4248,0.4444444444444445,0.0,0.5,0.75,1.0,0.2857142857142857,4,14,4
4249,0.9,0.5,0.75,0.6666666666666666,0.8181818181818182,1.0,11,9,9
4250,0.5555555555555556,0.0,0.5,0.6,1.0,0.38461538461538464,5,13,5
4251,0.888888888888889,0.6666666666666666,0.8333333333333333,0.75,1.0,0.8,4,5,4
4252,0.6666666666666666,0.0,0.5,0.5,1.0,0.5,4,8,4
4253,0.4615384615384615,-0.3333333333333333,0.33333333333333337,0.6666666666666666,1.0,0.3,3,10,3
4254,0.8,0.06666666666666667,0.5333333333333333,0.5,1.0,0.6666666666666666,6,9,6
4255,0.7368421052631579,0.3333333333333333,0.6666666666666666,0.7142857142857143,1.0,0.5833333333333334,7,12,7
4256,0.5454545454545454,-0.3333333333333333,0.33333333333333337,0.6666666666666666,1.0,0.375,3,8,3
4257,0.4444444444444445,-0.3333333333333333,0.33333333333333337,0.5,1.0,0.2857142857142857,4,14,4
4258,0.9090909090909091,0.6,0.8,0.8,0.8333333333333334,1.0,6,5,5
4259,0.5882352941176471,0.0,0.5,0.6,1.0,0.4166666666666667,5,12,5
4260,0.35294117647058826,1.0,1.0,1.0,1.0,0.21428571428571427,3,14,3
4261,0.5882352941176471,-0.4,0.3,0.4,1.0,0.4166666666666667,5,12,5
4262,0.42857142857142855,1.0,1.0,1.0,1.0,0.2727272727272727,3,11,3
4263,0.7272727272727273,0.3333333333333333,0.6666666666666666,0.75,1.0,0.5714285714285714,4,7,4
4264,0.5555555555555556,0.0,0.5,0.6,1.0,0.38461538461538464,5,13,5
4265,0.5333333333333333,0.6666666666666666,0.8333333333333333,0.75,1.0,0.36363636363636365,4,11,4
4266,0.6666666666666666,0.6666666666666666,0.8333333333333333,0.75,1.0,0.5,4,8,4
4267,0.3157894736842105,-0.3333333333333333,0.33333333333333337,0.6666666666666666,1.0,0.1875,3,16,3
4268,0.9333333333333333,0.3333333333333333,0.6666666666666666,0.5714285714285714,1.0,0.875,7,8,7
4269,0.33333333333333337,1.0,1.0,1.0,0.2,1.0,5,1,1
4270,0.4210526315789474,0.0,0.5,0.75,1.0,0.26666666666666666,4,15,4
4271,0.4,1.0,1.0,1.0,0.25,1.0,4,1,1
4272,0.8,0.6666666666666666,0.8333333333333333,0.75,1.0,0.6666666666666666,4,6,4
4273,0.5333333333333333,-0.3333333333333333,0.33333333333333337,0.5,1.0,0.36363636363636365,4,11,4
4275,0.9090909090909091,0.8,0.9,0.8,1.0,0.8333333333333334,5,6,5
4276,0.4347826086956522,0.4,0.7,0.6,1.0,0.2777777777777778,5,18,5
4277,0.6666666666666666,-0.6666666666666666,0.16666666666666669,0.5,1.0,0.5,4,8,4
4278,0.47058823529411764,0.3333333333333333,0.6666666666666666,0.75,1.0,0.3076923076923077,4,13,4
4279,0.6666666666666666,0.6,0.8,0.6,1.0,0.5,5,10,5
4280,0.7272727272727273,0.3333333333333333,0.6666666666666666,0.75,1.0,0.5714285714285714,4,7,4
4281,0.6666666666666666,-0.4,0.3,0.4,1.0,0.5,5,10,5
4282,0.8,-0.6666666666666666,0.16666666666666669,0.5,1.0,0.6666666666666666,4,6,4
4283,0.4210526315789474,0.3333333333333333,0.6666666666666666,0.75,1.0,0.26666666666666666,4,15,4
4284,0.7142857142857143,0.6,0.8,0.6,1.0,0.5555555555555556,5,9,5
4287,0.5555555555555556,-0.2,0.4,0.4,1.0,0.38461538461538464,5,13,5
4288,0.9090909090909091,-0.2,0.4,0.6,1.0,0.8333333333333334,5,6,5
4289,0.4444444444444445,0.6666666666666666,0.8333333333333333,0.75,1.0,0.2857142857142857,4,14,4
4290,0.8,-0.06666666666666667,0.4666666666666667,0.6,0.6666666666666666,1.0,15,10,10
4291,0.8571428571428571,0.6,0.8,0.6666666666666666,1.0,0.75,6,8,6
4292,0.5333333333333333,1.0,1.0,1.0,1.0,0.36363636363636365,4,11,4
4293,0.5714285714285715,0.3333333333333333,0.6666666666666666,0.5,1.0,0.4,4,10,4
4294,0.5555555555555556,0.6,0.8,0.8,1.0,0.38461538461538464,5,13,5
4295,0.5,0.6,0.8,0.8,1.0,0.3333333333333333,5,15,5
4296,0.631578947368421,-0.06666666666666667,0.4666666666666667,0.5,1.0,0.46153846153846156,6,13,6
4297,0.8,0.3333333333333333,0.6666666666666666,0.75,1.0,0.6666666666666666,4,6,4
4298,0.33333333333333337,1.0,1.0,1.0,0.2,1.0,5,1,1
4299,0.8,-0.3333333333333333,0.33333333333333337,0.5,1.0,0.6666666666666666,4,6,4
4300,0.7000000000000001,0.23809523809523808,0.6190476190476191,0.42857142857142855,1.0,0.5384615384615384,7,13,7
4301,0.6666666666666666,-0.6,0.2,0.4,1.0,0.5,5,10,5
4302,0.4,1.0,1.0,1.0,1.0,0.25,4,16,4
4303,0.5714285714285715,0.6666666666666666,0.8333333333333333,0.75,1.0,0.4,4,10,4
4304,0.6153846153846153,-0.3333333333333333,0.33333333333333337,0.5,1.0,0.4444444444444444,4,9,4
4305,0.4,-0.3333333333333333,0.33333333333333337,0.5,1.0,0.25,4,16,4
4306,0.6666666666666666,1.0,1.0,1.0,1.0,0.5,4,8,4
4307,0.5714285714285715,0.3333333333333333,0.6666666666666666,0.75,1.0,0.4,4,10,4
4309,0.9473684210526316,0.8333333333333334,0.9166666666666667,0.7777777777777778,1.0,0.9,9,10,9
4310,0.5454545454545454,-0.3333333333333333,0.33333333333333337,0.6666666666666666,1.0,0.375,3,8,3
4311,0.42857142857142855,-1.0,0.0,0.3333333333333333,1.0,0.2727272727272727,3,11,3
4312,0.47058823529411764,0.3333333333333333,0.6666666666666666,0.75,1.0,0.3076923076923077,4,13,4
4313,0.4444444444444445,-0.3333333333333333,0.33333333333333337,0.5,1.0,0.2857142857142857,4,14,4
4314,0.5,-0.3333333333333333,0.33333333333333337,0.5,1.0,0.3333333333333333,4,12,4
4315,0.9090909090909091,0.0,0.5,0.6,1.0,0.8333333333333334,5,6,5
4316,0.6666666666666666,0.0,0.5,0.5,1.0,0.5,4,8,4
4317,0.4444444444444445,1.0,1.0,1.0,1.0,0.2857142857142857,4,14,4
4319,0.7272727272727273,0.3333333333333333,0.6666666666666666,0.75,1.0,0.5714285714285714,4,7,4
4321,0.8333333333333333,-0.2,0.4,0.4,1.0,0.7142857142857143,5,7,5
4322,0.6666666666666666,0.2,0.6,0.6666666666666666,1.0,0.5,6,12,6
4323,0.8333333333333333,0.2,0.6,0.6,1.0,0.7142857142857143,5,7,5
4324,0.5714285714285715,0.0,0.5,0.75,1.0,0.4,4,10,4
4325,0.7142857142857143,0.2,0.6,0.6,1.0,0.5555555555555556,5,9,5
4326,0.8235294117647058,0.14285714285714285,0.5714285714285714,0.42857142857142855,1.0,0.7,7,10,7
4327,0.5714285714285715,1.0,1.0,1.0,1.0,0.4,4,10,4
4328,0.888888888888889,0.3333333333333333,0.6666666666666666,0.75,1.0,0.8,4,5,4
4329,0.5333333333333333,0.3333333333333333,0.6666666666666666,0.5,1.0,0.36363636363636365,4,11,4
4331,0.6666666666666666,0.0,0.5,0.75,1.0,0.5,4,8,4
4332,0.4615384615384615,-0.3333333333333333,0.33333333333333337,0.6666666666666666,1.0,0.3,3,10,3
4333,0.5263157894736842,-0.4,0.3,0.4,1.0,0.35714285714285715,5,14,5
4334,0.33333333333333337,0.3333333333333333,0.6666666666666666,0.6666666666666666,1.0,0.2,3,15,3
4335,0.5,0.3333333333333333,0.6666666666666666,0.6666666666666666,1.0,0.3333333333333333,3,9,3
4336,0.47058823529411764,-0.3333333333333333,0.33333333333333337,0.5,1.0,0.3076923076923077,4,13,4
4337,0.5454545454545454,0.3333333333333333,0.6666666666666666,0.6666666666666666,1.0,0.375,3,8,3
4338,0.4,-0.3333333333333333,0.33333333333333337,0.6666666666666666,1.0,0.25,3,12,3
4339,0.5714285714285715,0.6666666666666666,0.8333333333333333,0.75,1.0,0.4,4,10,4
4340,0.4444444444444445,0.0,0.5,0.5,1.0,0.2857142857142857,4,14,4
4341,0.7058823529411764,0.3333333333333333,0.6666666666666666,0.5,0.5454545454545454,1.0,11,6,6
4342,0.6666666666666666,0.6666666666666666,0.8333333333333333,0.75,1.0,0.5,4,8,4
4343,0.7777777777777778,-0.23809523809523808,0.38095238095238093,0.5714285714285714,1.0,0.6363636363636364,7,11,7
4345,0.7692307692307693,-0.4,0.3,0.4,1.0,0.625,5,8,5
4346,0.5454545454545454,0.06666666666666667,0.5333333333333333,0.6666666666666666,1.0,0.375,6,16,6
4347,0.5263157894736842,0.2,0.6,0.6,1.0,0.35714285714285715,5,14,5
4348,0.8571428571428571,0.2,0.6,0.6666666666666666,1.0,0.75,6,8,6
4349,0.782608695652174,0.2777777777777778,0.6388888888888888,0.5555555555555556,1.0,0.6428571428571429,9,14,9
4350,0.4615384615384615,0.3333333333333333,0.6666666666666666,0.6666666666666666,1.0,0.3,3,10,3
4351,0.9090909090909091,-0.4,0.3,0.6,1.0,0.8333333333333334,5,6,5
4352,0.4210526315789474,-0.6666666666666666,0.16666666666666669,0.5,1.0,0.26666666666666666,4,15,4
4354,0.8,-0.3333333333333333,0.33333333333333337,0.5,1.0,0.6666666666666666,6,9,6
4355,0.923076923076923,0.3333333333333333,0.6666666666666666,0.6666666666666666,1.0,0.8571428571428571,6,7,6
4356,0.5714285714285715,0.3333333333333333,0.6666666666666666,0.75,1.0,0.4,4,10,4
4357,0.4615384615384615,-0.3333333333333333,0.33333333333333337,0.6666666666666666,1.0,0.3,3,10,3
4358,0.923076923076923,0.8666666666666667,0.9333333333333333,0.8333333333333334,1.0,0.8571428571428571,6,7,6
4359,0.7142857142857143,0.4,0.7,0.8,1.0,0.5555555555555556,5,9,5
4360,0.375,-1.0,0.0,0.3333333333333333,1.0,0.23076923076923078,3,13,3
4361,0.7142857142857143,0.2,0.6,0.6,1.0,0.5555555555555556,5,9,5
4362,0.4,-1.0,0.0,0.3333333333333333,1.0,0.25,3,12,3
4363,0.888888888888889,-0.3333333333333333,0.33333333333333337,0.5,1.0,0.8,4,5,4
4364,0.5333333333333333,0.6666666666666666,0.8333333333333333,0.75,1.0,0.36363636363636365,4,11,4
4365,0.5714285714285715,0.6666666666666666,0.8333333333333333,0.75,1.0,0.4,4,10,4
4366,0.7058823529411764,0.4666666666666667,0.7333333333333334,0.8333333333333334,1.0,0.5454545454545454,6,11,6
4367,0.8235294117647058,0.5238095238095238,0.7619047619047619,0.5714285714285714,1.0,0.7,7,10,7
4368,0.923076923076923,-0.8666666666666667,0.06666666666666665,0.3333333333333333,0.8571428571428571,1.0,7,6,6
4369,0.6153846153846153,0.3333333333333333,0.6666666666666666,0.75,1.0,0.4444444444444444,4,9,4
4371,0.4,1.0,1.0,1.0,1.0,0.25,3,12,3
4372,0.7142857142857143,0.8,0.9,0.8,1.0,0.5555555555555556,5,9,5
4373,1.0,0.4444444444444444,0.7222222222222222,0.6666666666666666,1.0,1.0,9,9,9
4374,0.625,0.2,0.6,0.6,1.0,0.45454545454545453,5,11,5
4375,0.4,1.0,1.0,1.0,1.0,0.25,3,12,3
4376,0.47058823529411764,1.0,1.0,1.0,1.0,0.3076923076923077,4,13,4
4377,0.5333333333333333,-0.3333333333333333,0.33333333333333337,0.5,1.0,0.36363636363636365,4,11,4
4378,0.631578947368421,0.06666666666666667,0.5333333333333333,0.5,1.0,0.46153846153846156,6,13,6
4379,0.8333333333333333,-1.0,0.0,0.2,1.0,0.7142857142857143,5,7,5
4380,0.9333333333333333,-0.047619047619047616,0.47619047619047616,0.42857142857142855,1.0,0.875,7,8,7
4381,0.7142857142857143,0.4,0.7,0.6,1.0,0.5555555555555556,5,9,5
4382,0.6,0.2,0.6,0.5,1.0,0.42857142857142855,6,14,6
4383,0.35294117647058826,0.3333333333333333,0.6666666666666666,0.6666666666666666,1.0,0.21428571428571427,3,14,3
4384,0.6666666666666666,0.0,0.5,0.5,1.0,0.5,4,8,4
4385,0.7272727272727273,-0.3333333333333333,0.33333333333333337,0.5,1.0,0.5714285714285714,4,7,4
4386,0.8333333333333333,0.4,0.7,0.6,1.0,0.7142857142857143,5,7,5
4387,0.7272727272727273,-0.3333333333333333,0.33333333333333337,0.5,1.0,0.5714285714285714,4,7,4
4388,0.42857142857142855,-0.3333333333333333,0.33333333333333337,0.6666666666666666,1.0,0.2727272727272727,3,11,3
4389,0.7499999999999999,-0.3333333333333333,0.33333333333333337,0.5,1.0,0.6,6,10,6
4391,0.42857142857142855,-1.0,0.0,0.3333333333333333,1.0,0.2727272727272727,3,11,3
4392,0.6153846153846153,1.0,1.0,1.0,1.0,0.4444444444444444,4,9,4
4393,0.7499999999999999,0.4666666666666667,0.7333333333333334,0.6666666666666666,1.0,0.6,6,10,6
4394,0.47058823529411764,-0.3333333333333333,0.33333333333333337,0.5,1.0,0.3076923076923077,4,13,4
4397,0.3636363636363636,-1.0,0.0,0.5,1.0,0.2222222222222222,2,9,2
4398,0.42857142857142855,-0.3333333333333333,0.33333333333333337,0.6666666666666666,1.0,0.2727272727272727,3,11,3
4399,0.6666666666666666,0.4,0.7,0.8,1.0,0.5,5,10,5
4400,0.7499999999999999,0.3333333333333333,0.6666666666666666,0.6666666666666666,1.0,0.6,6,10,6
4401,0.6666666666666666,0.6666666666666666,0.8333333333333333,0.75,1.0,0.5,4,8,4
4402,0.5714285714285715,0.0,0.5,0.5,1.0,0.4,4,10,4
4403,0.888888888888889,0.696969696969697,0.8484848484848485,0.6666666666666666,0.8,1.0,15,12,12
4404,0.8,0.4666666666666667,0.7333333333333334,0.6666666666666666,1.0,0.6666666666666666,6,9,6
4406,0.5333333333333333,0.0,0.5,0.5,1.0,0.36363636363636365,4,11,4
4407,0.6666666666666666,1.0,1.0,1.0,1.0,0.5,5,10,5
4408,0.6153846153846153,0.3333333333333333,0.6666666666666666,0.75,1.0,0.4444444444444444,4,9,4
4409,0.5,0.0,0.5,0.5,1.0,0.3333333333333333,4,12,4
4411,0.42857142857142855,1.0,1.0,1.0,1.0,0.2727272727272727,3,11,3
4413,0.6666666666666666,-0.047619047619047616,0.47619047619047616,0.42857142857142855,1.0,0.5,7,14,7
4414,0.7058823529411764,-0.2,0.4,0.5,1.0,0.5454545454545454,6,11,6
4415,0.6666666666666666,0.6666666666666666,0.8333333333333333,0.75,1.0,0.5,4,8,4
4417,0.6153846153846153,0.6666666666666666,0.8333333333333333,0.75,1.0,0.4444444444444444,4,9,4
4418,0.7692307692307693,0.4,0.7,0.8,1.0,0.625,5,8,5
4420,0.6666666666666666,-0.3333333333333333,0.33333333333333337,0.5,1.0,0.5,4,8,4
4421,0.45454545454545453,0.0,0.5,0.6,1.0,0.29411764705882354,5,17,5
4422,0.375,1.0,1.0,1.0,1.0,0.23076923076923078,3,13,3
4423,0.8,-0.2,0.4,0.5,1.0,0.6666666666666666,6,9,6
4425,0.4444444444444445,0.3333333333333333,0.6666666666666666,0.75,1.0,0.2857142857142857,4,14,4
4426,0.33333333333333337,-0.3333333333333333,0.33333333333333337,0.6666666666666666,1.0,0.2,3,15,3
4427,0.5882352941176471,0.0,0.5,0.6,1.0,0.4166666666666667,5,12,5
4428,0.7272727272727273,0.3333333333333333,0.6666666666666666,0.5,1.0,0.5714285714285714,4,7,4
4429,0.7692307692307693,0.6,0.8,0.8,1.0,0.625,5,8,5
4430,0.5555555555555556,0.0,0.5,0.6,1.0,0.38461538461538464,5,13,5
4431,0.5,0.3333333333333333,0.6666666666666666,0.6666666666666666,1.0,0.3333333333333333,3,9,3
4432,0.5333333333333333,0.6666666666666666,0.8333333333333333,0.75,1.0,0.36363636363636365,4,11,4
4433,0.5,1.0,1.0,1.0,0.3333333333333333,1.0,3,1,1
4434,0.47058823529411764,0.0,0.5,0.75,1.0,0.3076923076923077,4,13,4
4435,0.7777777777777778,0.047619047619047616,0.5238095238095238,0.5714285714285714,1.0,0.6363636363636364,7,11,7
4436,0.5882352941176471,-0.2,0.4,0.4,1.0,0.4166666666666667,5,12,5
4437,0.4,0.3333333333333333,0.6666666666666666,0.6666666666666666,1.0,0.25,3,12,3
4438,0.8,0.3333333333333333,0.6666666666666666,0.75,1.0,0.6666666666666666,4,6,4
4439,0.7272727272727273,0.3333333333333333,0.6666666666666666,0.75,1.0,0.5714285714285714,4,7,4
4440,0.9090909090909091,-0.4,0.3,0.4,1.0,0.8333333333333334,5,6,5
4441,0.5555555555555556,0.6,0.8,0.8,1.0,0.38461538461538464,5,13,5
4443,0.9090909090909091,0.4,0.7,0.6,1.0,0.8333333333333334,5,6,5
4444,0.8235294117647058,0.14285714285714285,0.5714285714285714,0.5714285714285714,1.0,0.7,7,10,7
4445,0.7142857142857143,0.4,0.7,0.6,1.0,0.5555555555555556,5,9,5
4446,0.5,-0.6666666666666666,0.16666666666666669,0.5,1.0,0.3333333333333333,4,12,4
4447,0.6363636363636364,-0.5238095238095238,0.23809523809523808,0.42857142857142855,1.0,0.4666666666666667,7,15,7
4448,0.5714285714285715,-0.6666666666666666,0.16666666666666669,0.5,1.0,0.4,4,10,4
4449,0.47058823529411764,0.6666666666666666,0.8333333333333333,0.75,1.0,0.3076923076923077,4,13,4
4452,0.4,1.0,1.0,1.0,1.0,0.25,3,12,3
4453,0.6666666666666666,-0.2,0.4,0.4,1.0,0.5,5,10,5
4454,0.33333333333333337,1.0,1.0,1.0,1.0,0.2,3,15,3
4455,0.5,0.3333333333333333,0.6666666666666666,0.75,1.0,0.3333333333333333,4,12,4
4456,0.5,-1.0,0.0,0.3333333333333333,1.0,0.3333333333333333,3,9,3
4457,0.9090909090909091,0.4,0.7,0.8,1.0,0.8333333333333334,5,6,5
4458,0.6666666666666666,0.3333333333333333,0.6666666666666666,0.6666666666666666,1.0,0.5,6,12,6
4459,0.7272727272727273,0.0,0.5,0.75,1.0,0.5714285714285714,4,7,4
4460,0.5555555555555556,-0.4,0.3,0.6,1.0,0.38461538461538464,5,13,5
4462,0.7272727272727273,0.3333333333333333,0.6666666666666666,0.75,1.0,0.5714285714285714,4,7,4
4463,0.7692307692307693,0.2,0.6,0.6,1.0,0.625,5,8,5
4464,0.8,0.6666666666666666,0.8333333333333333,0.75,1.0,0.6666666666666666,4,6,4
4465,0.888888888888889,-0.6666666666666666,0.16666666666666669,0.5,1.0,0.8,4,5,4
4466,0.47058823529411764,1.0,1.0,1.0,1.0,0.3076923076923077,4,13,4
4467,0.4444444444444445,0.0,0.5,0.75,1.0,0.2857142857142857,4,14,4
4468,0.8,-0.6666666666666666,0.16666666666666669,0.5,1.0,0.6666666666666666,4,6,4
4469,0.4,0.3333333333333333,0.6666666666666666,0.6666666666666666,1.0,0.25,3,12,3
4470,0.5714285714285715,-0.6666666666666666,0.16666666666666669,0.5,1.0,0.4,4,10,4
4471,1.0,-0.30303030303030304,0.3484848484848485,0.3333333333333333,1.0,1.0,12,12,12
4472,0.6153846153846153,1.0,1.0,1.0,1.0,0.4444444444444444,4,9,4
4473,0.4615384615384615,0.3333333333333333,0.6666666666666666,0.6666666666666666,1.0,0.3,3,10,3
4474,0.6666666666666666,0.2,0.6,0.6,1.0,0.5,5,10,5
4475,0.5263157894736842,0.4,0.7,0.6,1.0,0.35714285714285715,5,14,5
4476,0.9333333333333333,0.047619047619047616,0.5238095238095238,0.42857142857142855,1.0,0.875,7,8,7
4477,0.5,-0.2,0.4,0.6,1.0,0.3333333333333333,5,15,5
4478,0.9090909090909091,0.0,0.5,0.4,1.0,0.8333333333333334,5,6,5
4479,0.7692307692307693,0.2,0.6,0.6,1.0,0.625,5,8,5
4480,0.5882352941176471,0.4,0.7,0.8,1.0,0.4166666666666667,5,12,5
4481,0.8333333333333333,0.8,0.9,0.8,1.0,0.7142857142857143,5,7,5
4482,0.4,0.3333333333333333,0.6666666666666666,0.6666666666666666,1.0,0.25,3,12,3
4484,0.5263157894736842,0.2,0.6,0.8,1.0,0.35714285714285715,5,14,5
4485,0.5714285714285715,-0.3333333333333333,0.33333333333333337,0.5,1.0,0.4,4,10,4
4486,0.7368421052631579,-0.6190476190476191,0.19047619047619047,0.2857142857142857,1.0,0.5833333333333334,7,12,7
4487,0.6666666666666666,0.06666666666666667,0.5333333333333333,0.5,1.0,0.5,6,12,6
4488,0.5714285714285715,-0.6666666666666666,0.16666666666666669,0.5,1.0,0.4,4,10,4
4489,0.6666666666666666,-0.2,0.4,0.5,1.0,0.5,6,12,6
4490,0.6153846153846153,-0.3333333333333333,0.33333333333333337,0.5,1.0,0.4444444444444444,4,9,4
4491,0.5882352941176471,0.0,0.5,0.6,1.0,0.4166666666666667,5,12,5
4492,0.8,0.0,0.5,0.75,1.0,0.6666666666666666,4,6,4
4493,0.8333333333333333,0.37777777777777777,0.6888888888888889,0.5,1.0,0.7142857142857143,10,14,10
4494,0.625,-0.8,0.09999999999999998,0.4,1.0,0.45454545454545453,5,11,5
4495,0.8,0.3333333333333333,0.6666666666666666,0.75,1.0,0.6666666666666666,4,6,4
4496,0.6666666666666666,0.3333333333333333,0.6666666666666666,0.75,1.0,0.5,4,8,4
4497,0.4,0.0,0.5,0.5,1.0,0.25,4,16,4
4498,0.7272727272727273,0.3333333333333333,0.6666666666666666,0.75,1.0,0.5714285714285714,4,7,4
4499,0.33333333333333337,1.0,1.0,1.0,1.0,0.2,3,15,3
4500,0.8750000000000001,0.047619047619047616,0.5238095238095238,0.5714285714285714,1.0,0.7777777777777778,7,9,7
4501,0.5263157894736842,0.2,0.6,0.6,1.0,0.35714285714285715,5,14,5
4503,0.33333333333333337,1.0,1.0,1.0,0.2,1.0,5,1,1
4504,0.5714285714285715,0.3333333333333333,0.6666666666666666,0.5,1.0,0.4,4,10,4
4505,0.6666666666666666,-0.3333333333333333,0.33333333333333337,0.6666666666666666,1.0,0.5,3,6,3
4506,0.6666666666666666,0.6666666666666666,0.8333333333333333,0.75,1.0,0.5,4,8,4
4508,0.6666666666666666,-0.06666666666666667,0.4666666666666667,0.5,1.0,0.5,6,12,6
4509,0.6666666666666666,1.0,1.0,1.0,1.0,0.5,4,8,4
4510,0.8235294117647058,0.42857142857142855,0.7142857142857143,0.5714285714285714,1.0,0.7,7,10,7
4511,0.42857142857142855,0.3333333333333333,0.6666666666666666,0.6666666666666666,1.0,0.2727272727272727,3,11,3
4512,0.923076923076923,0.06666666666666667,0.5333333333333333,0.6666666666666666,1.0,0.8571428571428571,6,7,6
4513,0.7142857142857143,0.6,0.8,0.6,1.0,0.5555555555555556,5,9,5
4514,0.7692307692307693,0.6,0.8,0.8,1.0,0.625,5,8,5
4516,1.0,0.4666666666666667,0.7333333333333334,0.5,1.0,1.0,6,6,6
4517,0.4,1.0,1.0,1.0,1.0,0.25,3,12,3
4518,0.7777777777777778,-0.14285714285714285,0.4285714285714286,0.42857142857142855,1.0,0.6363636363636364,7,11,7
4519,0.5714285714285715,1.0,1.0,1.0,1.0,0.4,4,10,4
4520,0.5714285714285715,-0.7333333333333333,0.13333333333333336,0.3333333333333333,1.0,0.4,6,15,6
4521,0.7368421052631579,-0.5238095238095238,0.23809523809523808,0.42857142857142855,1.0,0.5833333333333334,7,12,7
4523,0.5,1.0,1.0,1.0,1.0,0.3333333333333333,3,9,3
4524,0.33333333333333337,1.0,1.0,1.0,0.2,1.0,5,1,1
4525,0.4,-1.0,0.0,0.3333333333333333,1.0,0.25,3,12,3
4526,0.9090909090909091,0.4,0.7,0.6,1.0,0.8333333333333334,5,6,5
4527,0.7692307692307693,1.0,1.0,1.0,1.0,0.625,5,8,5
4528,0.4615384615384615,1.0,1.0,1.0,1.0,0.3,3,10,3
4529,1.0,0.14285714285714285,0.5714285714285714,0.5714285714285714,1.0,1.0,7,7,7
4530,0.7058823529411764,-0.06666666666666667,0.4666666666666667,0.5,1.0,0.5454545454545454,6,11,6
4531,0.7499999999999999,0.2222222222222222,0.6111111111111112,0.4444444444444444,1.0,0.6,9,15,9
4532,0.6666666666666666,-0.3333333333333333,0.33333333333333337,0.6666666666666666,1.0,0.5,3,6,3
4533,0.9090909090909091,0.4,0.7,0.8,1.0,0.8333333333333334,5,6,5
4534,0.6363636363636364,0.14285714285714285,0.5714285714285714,0.5714285714285714,1.0,0.4666666666666667,7,15,7
4535,0.6666666666666666,-0.6,0.2,0.4,1.0,0.5,5,10,5
4536,0.7692307692307693,0.6,0.8,0.8,1.0,0.625,5,8,5
4537,0.8,0.06666666666666667,0.5333333333333333,0.5,1.0,0.6666666666666666,6,9,6
4538,0.4615384615384615,0.3333333333333333,0.6666666666666666,0.6666666666666666,1.0,0.3,3,10,3
4539,0.7142857142857143,0.4,0.7,0.6,1.0,0.5555555555555556,5,9,5
4540,0.4615384615384615,-0.3333333333333333,0.33333333333333337,0.6666666666666666,1.0,0.3,3,10,3
4541,0.5333333333333333,0.0,0.5,0.75,1.0,0.36363636363636365,4,11,4
4542,0.5263157894736842,-0.4,0.3,0.4,1.0,0.35714285714285715,5,14,5
4543,0.6153846153846153,0.6666666666666666,0.8333333333333333,0.75,1.0,0.4444444444444444,4,9,4
4544,0.7272727272727273,-0.6666666666666666,0.16666666666666669,0.5,1.0,0.5714285714285714,4,7,4
4545,0.42857142857142855,-1.0,0.0,0.3333333333333333,1.0,0.2727272727272727,3,11,3
4546,0.5454545454545454,0.3333333333333333,0.6666666666666666,0.6666666666666666,1.0,0.375,3,8,3
4547,0.33333333333333337,0.3333333333333333,0.6666666666666666,0.6666666666666666,1.0,0.2,3,15,3
4548,0.4444444444444445,0.0,0.5,0.75,1.0,0.2857142857142857,4,14,4
4549,0.6666666666666666,-0.2,0.4,0.6,1.0,0.5,5,10,5
4550,0.6153846153846153,0.3333333333333333,0.6666666666666666,0.75,1.0,0.4444444444444444,4,9,4
4551,0.8750000000000001,-0.23809523809523808,0.38095238095238093,0.42857142857142855,1.0,0.7777777777777778,7,9,7
4552,0.8,1.0,1.0,1.0,1.0,0.6666666666666666,4,6,4
4553,0.47058823529411764,1.0,1.0,1.0,1.0,0.3076923076923077,4,13,4
4554,0.6,-0.3333333333333333,0.33333333333333337,0.6666666666666666,1.0,0.42857142857142855,3,7,3
4555,0.8,0.0,0.5,0.5,1.0,0.6666666666666666,4,6,4
4556,0.8333333333333333,0.2,0.6,0.6,1.0,0.7142857142857143,5,7,5
4557,0.7499999999999999,0.05555555555555555,0.5277777777777778,0.4444444444444444,1.0,0.6,9,15,9
4558,0.8235294117647058,0.047619047619047616,0.5238095238095238,0.5714285714285714,1.0,0.7,7,10,7
4559,0.5555555555555556,0.6,0.8,0.8,1.0,0.38461538461538464,5,13,5
4560,0.5714285714285715,0.6666666666666666,0.8333333333333333,0.75,1.0,0.4,4,10,4
4561,1.0,0.7333333333333333,0.8666666666666667,0.6666666666666666,1.0,1.0,6,6,6
4563,1.0,-0.2,0.4,0.4,1.0,1.0,5,5,5
4564,0.5714285714285715,0.3333333333333333,0.6666666666666666,0.75,1.0,0.4,4,10,4
4565,0.5,0.3333333333333333,0.6666666666666666,0.6666666666666666,1.0,0.3333333333333333,3,9,3
4566,0.5,1.0,1.0,1.0,0.3333333333333333,1.0,3,1,1
4567,0.6666666666666666,1.0,1.0,1.0,1.0,0.5,4,8,4
4568,0.625,-0.6,0.2,0.4,1.0,0.45454545454545453,5,11,5
4569,0.8,-0.3333333333333333,0.33333333333333337,0.5,1.0,0.6666666666666666,4,6,4
4570,0.625,-0.2,0.4,0.6,1.0,0.45454545454545453,5,11,5
4571,0.5454545454545454,-0.3333333333333333,0.33333333333333337,0.6666666666666666,1.0,0.375,3,8,3
4572,0.5333333333333333,0.0,0.5,0.5,1.0,0.36363636363636365,4,11,4
4573,0.2666666666666667,1.0,1.0,1.0,1.0,0.15384615384615385,2,13,2
4574,0.5,0.3333333333333333,0.6666666666666666,0.75,1.0,0.3333333333333333,4,12,4
4575,0.7499999999999999,1.0,1.0,1.0,1.0,0.6,3,5,3
4576,0.7142857142857143,0.2,0.6,0.8,1.0,0.5555555555555556,5,9,5
4577,0.6666666666666666,0.3333333333333333,0.6666666666666666,0.5,1.0,0.5,4,8,4
4578,0.5,1.0,1.0,1.0,1.0,0.3333333333333333,3,9,3
4579,0.8750000000000001,0.23809523809523808,0.6190476190476191,0.5714285714285714,1.0,0.7777777777777778,7,9,7
4580,0.5555555555555556,-1.0,0.0,0.2,1.0,0.38461538461538464,5,13,5
4581,0.4615384615384615,1.0,1.0,1.0,1.0,0.3,3,10,3
4582,0.5714285714285715,0.3333333333333333,0.6666666666666666,0.5,1.0,0.4,4,10,4
4583,0.761904761904762,0.14285714285714285,0.5714285714285714,0.625,1.0,0.6153846153846154,8,13,8
4584,0.8421052631578948,0.42857142857142855,0.7142857142857143,0.625,1.0,0.7272727272727273,8,11,8
4585,0.8421052631578948,0.5,0.75,0.625,1.0,0.7272727272727273,8,11,8
4587,0.8,0.3333333333333333,0.6666666666666666,0.75,1.0,0.6666666666666666,4,6,4
4588,0.5555555555555556,0.2,0.6,0.6,1.0,0.38461538461538464,5,13,5
4589,0.5,0.6666666666666666,0.8333333333333333,0.75,1.0,0.3333333333333333,4,12,4
4590,0.6363636363636364,0.42857142857142855,0.7142857142857143,0.5714285714285714,1.0,0.4666666666666667,7,15,7
4591,0.7272727272727273,0.6666666666666666,0.8333333333333333,0.75,1.0,0.5714285714285714,4,7,4
4592,0.5714285714285715,0.0,0.5,0.5,1.0,0.4,4,10,4
4593,0.8,0.0,0.5,0.5,1.0,0.6666666666666666,4,6,4
4594,0.4615384615384615,1.0,1.0,1.0,1.0,0.3,3,10,3
4595,0.7692307692307693,-0.4,0.3,0.6,1.0,0.625,5,8,5
4596,0.6666666666666666,0.6666666666666666,0.8333333333333333,0.75,1.0,0.5,4,8,4
4597,0.923076923076923,0.6,0.8,0.6666666666666666,1.0,0.8571428571428571,6,7,6
4598,0.5714285714285715,0.3333333333333333,0.6666666666666666,0.75,1.0,0.4,4,10,4
4600,0.7142857142857143,-0.2,0.4,0.4,1.0,0.5555555555555556,5,9,5
4601,0.5333333333333333,-0.6666666666666666,0.16666666666666669,0.5,1.0,0.36363636363636365,4,11,4
4602,0.9333333333333333,0.42857142857142855,0.7142857142857143,0.5714285714285714,1.0,0.875,7,8,7
4603,0.8571428571428571,0.4666666666666667,0.7333333333333334,0.5,1.0,0.75,6,8,6
4604,0.6153846153846153,1.0,1.0,1.0,1.0,0.4444444444444444,4,9,4
4605,0.625,0.4,0.7,0.6,1.0,0.45454545454545453,5,11,5
4606,0.8,0.3333333333333333,0.6666666666666666,0.6666666666666666,1.0,0.6666666666666666,6,9,6
4607,0.5454545454545454,0.3333333333333333,0.6666666666666666,0.6666666666666666,1.0,0.375,3,8,3
4608,0.47619047619047616,-0.2,0.4,0.4,1.0,0.3125,5,16,5
4609,0.625,-0.6,0.2,0.4,1.0,0.45454545454545453,5,11,5
4610,0.4210526315789474,0.0,0.5,0.5,1.0,0.26666666666666666,4,15,4
4611,0.6666666666666666,0.0,0.5,0.6,1.0,0.5,5,10,5
4612,0.5454545454545454,0.3333333333333333,0.6666666666666666,0.6666666666666666,1.0,0.375,3,8,3
4613,0.375,0.3333333333333333,0.6666666666666666,0.6666666666666666,1.0,0.23076923076923078,3,13,3
4614,0.625,-0.4,0.3,0.4,1.0,0.45454545454545453,5,11,5
4615,0.625,0.2,0.6,0.6,1.0,0.45454545454545453,5,11,5
4616,0.5,-0.3333333333333333,0.33333333333333337,0.5,1.0,0.3333333333333333,4,12,4
4617,0.6153846153846153,-0.3333333333333333,0.33333333333333337,0.5,1.0,0.4444444444444444,4,9,4
4618,0.6,0.3333333333333333,0.6666666666666666,0.6666666666666666,1.0,0.42857142857142855,3,7,3
4620,0.3157894736842105,1.0,1.0,1.0,1.0,0.1875,3,16,3
4622,0.6666666666666666,-0.4,0.3,0.4,1.0,0.5,5,10,5
4623,0.14285714285714288,1.0,1.0,1.0,1.0,0.07692307692307693,1,13,1
4624,0.33333333333333337,1.0,1.0,1.0,0.2,1.0,5,1,1
4625,0.4,0.3333333333333333,0.6666666666666666,0.6666666666666666,1.0,0.25,3,12,3
4626,0.8333333333333333,-0.2,0.4,0.6,1.0,0.7142857142857143,5,7,5
4627,0.6,-1.0,0.0,0.3333333333333333,1.0,0.42857142857142855,3,7,3
4628,0.9333333333333333,-0.3333333333333333,0.33333333333333337,0.42857142857142855,1.0,0.875,7,8,7
4629,1.0,-0.4,0.3,0.4,1.0,1.0,5,5,5
4630,0.7272727272727273,0.0,0.5,0.5,1.0,0.5714285714285714,4,7,4
4631,0.47058823529411764,0.0,0.5,0.5,1.0,0.3076923076923077,4,13,4
4632,0.8,0.2,0.6,0.6666666666666666,1.0,0.6666666666666666,6,9,6
4633,0.6,1.0,1.0,1.0,1.0,0.42857142857142855,3,7,3
4634,0.4444444444444445,0.0,0.5,0.5,1.0,0.2857142857142857,4,14,4
4635,0.7142857142857143,-0.2,0.4,0.6,1.0,0.5555555555555556,5,9,5
4636,0.5,0.3333333333333333,0.6666666666666666,0.6666666666666666,1.0,0.3333333333333333,3,9,3
4637,0.7272727272727273,0.6666666666666666,0.8333333333333333,0.75,1.0,0.5714285714285714,4,7,4
4639,0.5454545454545454,-0.3333333333333333,0.33333333333333337,0.6666666666666666,1.0,0.375,3,8,3
4640,0.7499999999999999,-0.2222222222222222,0.3888888888888889,0.4444444444444444,1.0,0.6,9,15,9
4641,0.8,0.0,0.5,0.5,1.0,0.6666666666666666,4,6,4
4642,0.7000000000000001,0.7142857142857143,0.8571428571428572,0.7142857142857143,1.0,0.5384615384615384,7,13,7
4643,0.4210526315789474,0.6666666666666666,0.8333333333333333,0.75,1.0,0.26666666666666666,4,15,4
4644,0.5882352941176471,-0.8,0.09999999999999998,0.4,1.0,0.4166666666666667,5,12,5
4645,0.5714285714285715,0.0,0.5,0.75,1.0,0.4,4,10,4
4646,0.2857142857142857,1.0,1.0,1.0,0.16666666666666666,1.0,6,1,1
4647,0.7272727272727273,0.3333333333333333,0.6666666666666666,0.75,1.0,0.5714285714285714,4,7,4
4648,0.8,0.3333333333333333,0.6666666666666666,0.75,1.0,0.6666666666666666,4,6,4
4649,0.47058823529411764,-0.3333333333333333,0.33333333333333337,0.5,1.0,0.3076923076923077,4,13,4
4650,0.6666666666666666,1.0,1.0,1.0,1.0,0.5,3,6,3
4651,0.47058823529411764,-0.6666666666666666,0.16666666666666669,0.5,1.0,0.3076923076923077,4,13,4
4652,0.8571428571428571,0.3333333333333333,0.6666666666666666,0.8333333333333334,1.0,0.75,6,8,6
4653,0.8333333333333333,-0.4,0.3,0.4,1.0,0.7142857142857143,5,7,5
4654,0.5454545454545454,-1.0,0.0,0.3333333333333333,1.0,0.375,3,8,3
4655,0.47058823529411764,0.0,0.5,0.5,1.0,0.3076923076923077,4,13,4
4656,0.6153846153846153,-0.6666666666666666,0.16666666666666669,0.5,1.0,0.4444444444444444,4,9,4
4657,0.7272727272727273,-0.6666666666666666,0.16666666666666669,0.5,1.0,0.5714285714285714,4,7,4
4658,0.5882352941176471,0.4,0.7,0.8,1.0,0.4166666666666667,5,12,5
4659,0.5333333333333333,0.0,0.5,0.75,1.0,0.36363636363636365,4,11,4
4660,0.5,-0.3333333333333333,0.33333333333333337,0.6666666666666666,1.0,0.3333333333333333,3,9,3
4661,0.6666666666666666,0.6666666666666666,0.8333333333333333,0.75,1.0,0.5,4,8,4
4663,0.5714285714285715,0.0,0.5,0.5,1.0,0.4,4,10,4
4664,0.5454545454545454,-0.3333333333333333,0.33333333333333337,0.6666666666666666,1.0,0.375,3,8,3
4665,0.6,-0.4666666666666667,0.26666666666666666,0.5,1.0,0.42857142857142855,6,14,6
4666,0.5714285714285715,1.0,1.0,1.0,1.0,0.4,4,10,4
4667,0.7142857142857143,0.2,0.6,0.8,1.0,0.5555555555555556,5,9,5
4668,0.7368421052631579,0.23809523809523808,0.6190476190476191,0.5714285714285714,1.0,0.5833333333333334,7,12,7
4669,0.8750000000000001,0.047619047619047616,0.5238095238095238,0.42857142857142855,1.0,0.7777777777777778,7,9,7
4670,0.4444444444444445,0.3333333333333333,0.6666666666666666,0.75,1.0,0.2857142857142857,4,14,4
4671,0.5,-0.3333333333333333,0.33333333333333337,0.5,1.0,0.3333333333333333,4,12,4
4672,0.6153846153846153,-0.3333333333333333,0.33333333333333337,0.5,1.0,0.4444444444444444,4,9,4
4673,0.7142857142857143,1.0,1.0,1.0,1.0,0.5555555555555556,5,9,5
4674,0.9523809523809523,0.06666666666666667,0.5333333333333333,0.4,1.0,0.9090909090909091,10,11,10
4675,0.8,0.0,0.5,0.5,1.0,0.6666666666666666,4,6,4
4676,0.7142857142857143,0.4,0.7,0.6,1.0,0.5555555555555556,5,9,5
4677,0.625,0.4,0.7,0.6,1.0,0.45454545454545453,5,11,5
4678,0.923076923076923,0.6,0.8,0.6666666666666666,0.8571428571428571,1.0,7,6,6
4679,0.7368421052631579,0.14285714285714285,0.5714285714285714,0.7142857142857143,1.0,0.5833333333333334,7,12,7
4680,0.9090909090909091,-0.4,0.3,0.4,1.0,0.8333333333333334,5,6,5
4681,0.47619047619047616,-0.6,0.2,0.4,1.0,0.3125,5,16,5
4682,0.8750000000000001,0.42857142857142855,0.7142857142857143,0.7142857142857143,1.0,0.7777777777777778,7,9,7
4683,0.5882352941176471,0.2,0.6,0.6,1.0,0.4166666666666667,5,12,5
4684,0.47058823529411764,0.6666666666666666,0.8333333333333333,0.75,1.0,0.3076923076923077,4,13,4
4685,0.4,1.0,1.0,1.0,1.0,0.25,3,12,3
4688,0.4,1.0,1.0,1.0,1.0,0.25,3,12,3
4690,0.7499999999999999,-0.06666666666666667,0.4666666666666667,0.6666666666666666,1.0,0.6,6,10,6
4691,0.42857142857142855,1.0,1.0,1.0,1.0,0.2727272727272727,3,11,3
4692,0.5,-0.3333333333333333,0.33333333333333337,0.6666666666666666,1.0,0.3333333333333333,3,9,3
4693,0.5714285714285715,0.0,0.5,0.5,1.0,0.4,4,10,4
4694,0.8235294117647058,0.23809523809523808,0.6190476190476191,0.5714285714285714,1.0,0.7,7,10,7
4695,0.9333333333333333,-0.23809523809523808,0.38095238095238093,0.42857142857142855,1.0,0.875,7,8,7
4696,0.47058823529411764,0.6666666666666666,0.8333333333333333,0.75,1.0,0.3076923076923077,4,13,4
4697,0.375,-0.3333333333333333,0.33333333333333337,0.6666666666666666,1.0,0.23076923076923078,3,13,3
4698,0.7368421052631579,0.6190476190476191,0.8095238095238095,0.7142857142857143,1.0,0.5833333333333334,7,12,7
4699,0.6153846153846153,0.6666666666666666,0.8333333333333333,0.75,1.0,0.4444444444444444,4,9,4
4700,0.6666666666666666,1.0,1.0,1.0,1.0,0.5,5,10,5
4702,0.8,0.6666666666666666,0.8333333333333333,0.75,1.0,0.6666666666666666,4,6,4
4703,0.3636363636363636,0.3333333333333333,0.6666666666666666,0.5,1.0,0.2222222222222222,4,18,4
4704,0.47058823529411764,-0.3333333333333333,0.33333333333333337,0.5,1.0,0.3076923076923077,4,13,4
4705,0.8421052631578948,-0.14285714285714285,0.4285714285714286,0.375,1.0,0.7272727272727273,8,11,8
4707,0.4,-1.0,0.0,0.3333333333333333,1.0,0.25,3,12,3
4708,0.7272727272727273,0.3333333333333333,0.6666666666666666,0.5,1.0,0.5714285714285714,4,7,4
4709,0.5555555555555556,0.4,0.7,0.6,1.0,0.38461538461538464,5,13,5
4710,0.6,0.3333333333333333,0.6666666666666666,0.6666666666666666,1.0,0.42857142857142855,3,7,3
4711,0.6666666666666666,0.0,0.5,0.6,1.0,0.5,5,10,5
4712,0.3157894736842105,-0.3333333333333333,0.33333333333333337,0.6666666666666666,1.0,0.1875,3,16,3
4713,0.5454545454545454,0.3333333333333333,0.6666666666666666,0.6666666666666666,1.0,0.375,3,8,3
4715,0.5263157894736842,0.8,0.9,0.8,1.0,0.35714285714285715,5,14,5
4717,0.7499999999999999,-0.2,0.4,0.5,1.0,0.6,6,10,6
4718,0.5,1.0,1.0,1.0,1.0,0.3333333333333333,3,9,3
4719,0.9090909090909091,0.8,0.9,0.8,1.0,0.8333333333333334,5,6,5
4720,0.4,1.0,1.0,1.0,1.0,0.25,4,16,4
4721,0.5454545454545454,-0.3333333333333333,0.33333333333333337,0.6666666666666666,1.0,0.375,3,8,3
4723,0.6666666666666666,-0.6666666666666666,0.16666666666666669,0.5,1.0,0.5,4,8,4
4724,0.7692307692307693,0.8,0.9,0.8,1.0,0.625,5,8,5
4725,0.7272727272727273,-0.3333333333333333,0.33333333333333337,0.5,1.0,0.5714285714285714,4,7,4
4726,0.6666666666666666,1.0,1.0,1.0,1.0,0.5,3,6,3
4727,0.5333333333333333,0.3333333333333333,0.6666666666666666,0.75,1.0,0.36363636363636365,4,11,4
4728,0.5333333333333333,-0.3333333333333333,0.33333333333333337,0.5,1.0,0.36363636363636365,4,11,4
4729,0.888888888888889,0.0,0.5,0.5,1.0,0.8,4,5,4
4731,0.5,-0.3333333333333333,0.33333333333333337,0.6666666666666666,1.0,0.3333333333333333,3,9,3
4732,0.6666666666666666,-0.6666666666666666,0.16666666666666669,0.5,1.0,0.5,4,8,4
4733,0.6666666666666666,0.42857142857142855,0.7142857142857143,0.7142857142857143,1.0,0.5,7,14,7
4734,0.5882352941176471,-0.8,0.09999999999999998,0.4,1.0,0.4166666666666667,5,12,5
4735,0.7000000000000001,-0.047619047619047616,0.47619047619047616,0.42857142857142855,1.0,0.5384615384615384,7,13,7
4736,0.5714285714285715,-0.3333333333333333,0.33333333333333337,0.5,1.0,0.4,4,10,4
4737,0.6,0.3333333333333333,0.6666666666666666,0.6666666666666666,1.0,0.42857142857142855,3,7,3
4739,0.631578947368421,-0.06666666666666667,0.4666666666666667,0.5,1.0,0.46153846153846156,6,13,6
4740,0.5263157894736842,0.2,0.6,0.6,1.0,0.35714285714285715,5,14,5
4741,0.5,-0.3333333333333333,0.33333333333333337,0.5,1.0,0.3333333333333333,4,12,4
4742,0.4,-0.3333333333333333,0.33333333333333337,0.6666666666666666,1.0,0.25,3,12,3
4743,0.6956521739130436,0.21428571428571427,0.6071428571428571,0.625,1.0,0.5333333333333333,8,15,8
4744,0.47058823529411764,-0.3333333333333333,0.33333333333333337,0.5,1.0,0.3076923076923077,4,13,4
4745,0.375,0.3333333333333333,0.6666666666666666,0.6666666666666666,1.0,0.23076923076923078,3,13,3
4746,0.7692307692307693,0.0,0.5,0.4,1.0,0.625,5,8,5
4747,0.8,0.3333333333333333,0.6666666666666666,0.5,1.0,0.6666666666666666,4,6,4
4748,0.8235294117647058,0.6190476190476191,0.8095238095238095,0.7142857142857143,1.0,0.7,7,10,7
4749,1.0,-0.5238095238095238,0.23809523809523808,0.2857142857142857,1.0,1.0,7,7,7
4751,0.5333333333333333,0.6666666666666666,0.8333333333333333,0.75,1.0,0.36363636363636365,4,11,4
4753,0.7499999999999999,0.2,0.6,0.5,1.0,0.6,6,10,6
4754,0.4444444444444445,-0.3333333333333333,0.33333333333333337,0.5,1.0,0.2857142857142857,4,14,4
4755,0.923076923076923,-0.06666666666666667,0.4666666666666667,0.5,1.0,0.8571428571428571,6,7,6
4756,0.5333333333333333,0.6666666666666666,0.8333333333333333,0.75,1.0,0.36363636363636365,4,11,4
4757,0.7692307692307693,1.0,1.0,1.0,1.0,0.625,5,8,5
4758,0.4,1.0,1.0,1.0,1.0,0.25,3,12,3
4759,0.5882352941176471,0.2,0.6,0.8,1.0,0.4166666666666667,5,12,5
4760,0.888888888888889,0.0,0.5,0.75,1.0,0.8,4,5,4
4761,0.5555555555555556,0.2,0.6,0.4,1.0,0.38461538461538464,5,13,5
4762,0.782608695652174,-0.1111111111111111,0.4444444444444444,0.4444444444444444,1.0,0.6428571428571429,9,14,9
4763,0.6666666666666666,1.0,1.0,1.0,1.0,0.5,4,8,4
4764,0.8,0.0,0.5,0.5,1.0,0.6666666666666666,4,6,4
4765,0.5,0.0,0.5,0.75,1.0,0.3333333333333333,4,12,4
4766,0.375,1.0,1.0,1.0,1.0,0.23076923076923078,3,13,3
4767,0.631578947368421,-0.06666666666666667,0.4666666666666667,0.5,1.0,0.46153846153846156,6,13,6
4768,0.7272727272727273,1.0,1.0,1.0,1.0,0.5714285714285714,4,7,4
4769,1.0,0.8,0.9,0.8,1.0,1.0,5,5,5
4770,0.5555555555555556,0.2,0.6,0.6,1.0,0.38461538461538464,5,13,5
4771,0.9090909090909091,-0.8,0.09999999999999998,0.4,1.0,0.8333333333333334,5,6,5
4773,0.5714285714285715,-0.3333333333333333,0.33333333333333337,0.5,1.0,0.4,4,10,4
4774,0.6666666666666666,-0.3333333333333333,0.33333333333333337,0.6666666666666666,1.0,0.5,3,6,3
4775,0.42857142857142855,0.3333333333333333,0.6666666666666666,0.6666666666666666,1.0,0.2727272727272727,3,11,3
4776,0.8571428571428571,0.4666666666666667,0.7333333333333334,0.5,1.0,0.75,6,8,6
4777,0.35294117647058826,0.3333333333333333,0.6666666666666666,0.6666666666666666,1.0,0.21428571428571427,3,14,3
4778,0.4,-1.0,0.0,0.3333333333333333,1.0,0.25,3,12,3
4780,0.6666666666666666,0.0,0.5,0.75,1.0,0.5,4,8,4
4781,0.5882352941176471,0.2,0.6,0.6,1.0,0.4166666666666667,5,12,5
4782,0.9090909090909091,-0.4,0.3,0.4,1.0,0.8333333333333334,5,6,5
4783,0.7272727272727273,1.0,1.0,1.0,1.0,0.5714285714285714,4,7,4
4784,0.6,-0.4666666666666667,0.26666666666666666,0.3333333333333333,1.0,0.42857142857142855,6,14,6
4785,0.5882352941176471,0.4,0.7,0.6,1.0,0.4166666666666667,5,12,5
4786,0.4,1.0,1.0,1.0,1.0,0.25,3,12,3
4787,0.7499999999999999,1.0,1.0,1.0,1.0,0.6,3,5,3
4788,0.9333333333333333,-0.14285714285714285,0.4285714285714286,0.5714285714285714,1.0,0.875,7,8,7
4789,0.8,-0.3333333333333333,0.33333333333333337,0.5,1.0,0.6666666666666666,4,6,4
4790,0.7142857142857143,-0.2,0.4,0.4,1.0,0.5555555555555556,5,9,5
4792,0.8,-0.6666666666666666,0.16666666666666669,0.5,1.0,0.6666666666666666,4,6,4
4793,0.8421052631578948,0.6428571428571429,0.8214285714285714,0.625,1.0,0.7272727272727273,8,11,8
4794,0.8333333333333333,-0.2,0.4,0.4,1.0,0.7142857142857143,5,7,5
4795,0.7499999999999999,-0.06666666666666667,0.4666666666666667,0.5,1.0,0.6,6,10,6
4796,0.4615384615384615,1.0,1.0,1.0,1.0,0.3,3,10,3
4797,0.5,0.3333333333333333,0.6666666666666666,0.75,1.0,0.3333333333333333,4,12,4
4798,0.5454545454545454,0.3333333333333333,0.6666666666666666,0.6666666666666666,1.0,0.375,3,8,3
4802,0.631578947368421,0.7333333333333333,0.8666666666666667,0.8333333333333334,1.0,0.46153846153846156,6,13,6
4803,0.5454545454545454,0.6,0.8,0.6666666666666666,1.0,0.375,6,16,6
4804,0.6666666666666666,0.3333333333333333,0.6666666666666666,0.6666666666666666,1.0,0.5,3,6,3
4805,0.9090909090909091,1.0,1.0,1.0,1.0,0.8333333333333334,5,6,5
4806,0.47058823529411764,-0.6666666666666666,0.16666666666666669,0.5,1.0,0.3076923076923077,4,13,4
4807,0.8571428571428571,0.4666666666666667,0.7333333333333334,0.5,1.0,0.75,6,8,6
4808,0.5,1.0,1.0,1.0,0.3333333333333333,1.0,3,1,1
4809,0.6153846153846153,-0.6666666666666666,0.16666666666666669,0.5,1.0,0.4444444444444444,4,9,4
4810,0.7777777777777778,-0.42857142857142855,0.2857142857142857,0.42857142857142855,1.0,0.6363636363636364,7,11,7
4811,0.5454545454545454,-0.3333333333333333,0.33333333333333337,0.6666666666666666,1.0,0.375,3,8,3
4812,0.6666666666666666,0.6,0.8,0.8,1.0,0.5,5,10,5
4813,0.8,-0.4666666666666667,0.26666666666666666,0.5,1.0,0.6666666666666666,6,9,6
4814,0.7058823529411764,0.6,0.8,0.8333333333333334,1.0,0.5454545454545454,6,11,6
4815,0.25,1.0,1.0,1.0,0.14285714285714285,1.0,7,1,1
4816,0.8235294117647058,0.047619047619047616,0.5238095238095238,0.5714285714285714,1.0,0.7,7,10,7
4817,0.6666666666666666,0.6666666666666666,0.8333333333333333,0.75,1.0,0.5,4,8,4
4818,0.8,-0.6666666666666666,0.16666666666666669,0.5,1.0,0.6666666666666666,4,6,4
4819,0.6153846153846153,0.6666666666666666,0.8333333333333333,0.75,1.0,0.4444444444444444,4,9,4
4820,0.7368421052631579,0.3333333333333333,0.6666666666666666,0.7142857142857143,1.0,0.5833333333333334,7,12,7
4821,0.6666666666666666,0.6666666666666666,0.8333333333333333,0.75,0.5,1.0,8,4,4
4822,0.5882352941176471,0.2,0.6,0.6,1.0,0.4166666666666667,5,12,5
4824,0.6666666666666666,-0.2,0.4,0.4,1.0,0.5,5,10,5
4825,0.5454545454545454,-0.3333333333333333,0.33333333333333337,0.6666666666666666,1.0,0.375,3,8,3
4827,0.8235294117647058,0.14285714285714285,0.5714285714285714,0.5714285714285714,1.0,0.7,7,10,7
4828,0.8333333333333333,1.0,1.0,1.0,1.0,0.7142857142857143,5,7,5
4829,0.7777777777777778,0.047619047619047616,0.5238095238095238,0.42857142857142855,1.0,0.6363636363636364,7,11,7
4830,0.7692307692307693,0.4,0.7,0.6,1.0,0.625,5,8,5
4832,0.7142857142857143,0.0,0.5,0.4,1.0,0.5555555555555556,5,9,5
4833,0.4210526315789474,0.6666666666666666,0.8333333333333333,0.75,1.0,0.26666666666666666,4,15,4
4834,1.0,0.6,0.8,0.8,1.0,1.0,5,5,5
4835,0.888888888888889,0.8571428571428571,0.9285714285714286,0.75,1.0,0.8,8,10,8
4836,0.6666666666666666,0.6,0.8,0.8,1.0,0.5,5,10,5
4838,0.6086956521739131,0.5238095238095238,0.7619047619047619,0.7142857142857143,1.0,0.4375,7,16,7
4839,0.5714285714285715,0.0,0.5,0.75,1.0,0.4,4,10,4
4840,0.5555555555555556,0.2,0.6,0.6,1.0,0.38461538461538464,5,13,5
4841,0.5882352941176471,0.4,0.7,0.8,1.0,0.4166666666666667,5,12,5
4842,0.6153846153846153,0.3333333333333333,0.6666666666666666,0.75,1.0,0.4444444444444444,4,9,4
4843,0.5333333333333333,0.3333333333333333,0.6666666666666666,0.75,1.0,0.36363636363636365,4,11,4
4844,0.5714285714285715,0.0,0.5,0.75,1.0,0.4,4,10,4
4845,0.8750000000000001,0.047619047619047616,0.5238095238095238,0.5714285714285714,1.0,0.7777777777777778,7,9,7
4847,0.7142857142857143,0.2,0.6,0.6,1.0,0.5555555555555556,5,9,5
4848,0.8,0.6666666666666666,0.8333333333333333,0.75,1.0,0.6666666666666666,4,6,4
4849,0.6153846153846153,0.6666666666666666,0.8333333333333333,0.75,1.0,0.4444444444444444,4,9,4
4850,0.4210526315789474,0.0,0.5,0.75,1.0,0.26666666666666666,4,15,4
4851,0.7058823529411764,0.4666666666666667,0.7333333333333334,0.6666666666666666,1.0,0.5454545454545454,6,11,6
4852,0.7272727272727273,0.6666666666666666,0.8333333333333333,0.75,1.0,0.5714285714285714,4,7,4
4853,0.5333333333333333,-0.6666666666666666,0.16666666666666669,0.5,1.0,0.36363636363636365,4,11,4
4854,0.5714285714285715,0.3333333333333333,0.6666666666666666,0.75,1.0,0.4,4,10,4
4855,0.9090909090909091,-1.0,0.0,0.2,1.0,0.8333333333333334,5,6,5
4856,0.8,-1.0,0.0,0.25,1.0,0.6666666666666666,4,6,4
4857,0.7499999999999999,0.06666666666666667,0.5333333333333333,0.5,1.0,0.6,6,10,6
4858,0.5714285714285715,-0.3333333333333333,0.33333333333333337,0.5,1.0,0.4,4,10,4
4859,1.0,0.3333333333333333,0.6666666666666666,0.5,1.0,1.0,6,6,6
4860,0.35294117647058826,1.0,1.0,1.0,1.0,0.21428571428571427,3,14,3
4861,0.7142857142857143,-0.2,0.4,0.6,1.0,0.5555555555555556,5,9,5
4862,0.4615384615384615,1.0,1.0,1.0,1.0,0.3,3,10,3
4863,0.5333333333333333,0.3333333333333333,0.6666666666666666,0.75,1.0,0.36363636363636365,4,11,4
4865,0.5454545454545454,-1.0,0.0,0.3333333333333333,1.0,0.375,3,8,3
4866,0.7272727272727273,-0.07142857142857142,0.4642857142857143,0.375,1.0,0.5714285714285714,8,14,8
4867,0.5333333333333333,0.6666666666666666,0.8333333333333333,0.75,1.0,0.36363636363636365,4,11,4
4868,0.8571428571428571,0.2,0.6,0.5,1.0,0.75,6,8,6
4869,0.6153846153846153,0.6666666666666666,0.8333333333333333,0.75,1.0,0.4444444444444444,4,9,4
4870,0.7142857142857143,0.2,0.6,0.6,1.0,0.5555555555555556,5,9,5
4871,0.5714285714285715,0.3333333333333333,0.6666666666666666,0.5,1.0,0.4,6,15,6
4872,0.6666666666666666,0.6666666666666666,0.8333333333333333,0.75,1.0,0.5,4,8,4
4873,0.5714285714285715,-0.6666666666666666,0.16666666666666669,0.5,1.0,0.4,4,10,4
4874,0.6153846153846153,0.3333333333333333,0.6666666666666666,0.75,1.0,0.4444444444444444,4,9,4
4875,0.888888888888889,0.6666666666666666,0.8333333333333333,0.75,1.0,0.8,4,5,4
4877,0.3076923076923077,1.0,1.0,1.0,1.0,0.18181818181818182,2,11,2
4878,0.7499999999999999,1.0,1.0,1.0,1.0,0.6,3,5,3
4881,0.5,-0.3333333333333333,0.33333333333333337,0.5,1.0,0.3333333333333333,4,12,4
4882,0.7142857142857143,0.6,0.8,0.8,1.0,0.5555555555555556,5,9,5
4883,1.0,0.3333333333333333,0.6666666666666666,0.5714285714285714,1.0,1.0,7,7,7
4884,0.9473684210526316,-0.16666666666666666,0.4166666666666667,0.5555555555555556,1.0,0.9,9,10,9
4885,0.888888888888889,0.3333333333333333,0.6666666666666666,0.75,1.0,0.8,4,5,4
4886,0.5,-0.3333333333333333,0.33333333333333337,0.6666666666666666,1.0,0.3333333333333333,3,9,3
4887,0.6666666666666666,1.0,1.0,1.0,1.0,0.5,4,8,4
4888,0.8235294117647058,0.5238095238095238,0.7619047619047619,0.5714285714285714,1.0,0.7,7,10,7
4889,0.33333333333333337,0.3333333333333333,0.6666666666666666,0.6666666666666666,1.0,0.2,3,15,3
4890,0.8333333333333333,0.4,0.7,0.6,1.0,0.7142857142857143,5,7,5
4891,0.6153846153846153,0.3333333333333333,0.6666666666666666,0.75,1.0,0.4444444444444444,4,9,4
4892,0.6666666666666666,0.2,0.6,0.4,1.0,0.5,5,10,5
4893,0.5882352941176471,0.4,0.7,0.8,1.0,0.4166666666666667,5,12,5
4894,0.6153846153846153,0.6666666666666666,0.8333333333333333,0.75,1.0,0.4444444444444444,4,9,4
4895,0.6666666666666666,-0.3333333333333333,0.33333333333333337,0.5,1.0,0.5,4,8,4
4896,0.47058823529411764,1.0,1.0,1.0,1.0,0.3076923076923077,4,13,4
4897,0.8,0.3333333333333333,0.6666666666666666,0.5,1.0,0.6666666666666666,4,6,4
4898,1.0,0.2,0.6,0.6,1.0,1.0,5,5,5
4899,0.6666666666666666,0.3333333333333333,0.6666666666666666,0.75,1.0,0.5,4,8,4
4900,0.5333333333333333,0.3333333333333333,0.6666666666666666,0.5,1.0,0.36363636363636365,4,11,4
4901,0.7499999999999999,0.06666666666666667,0.5333333333333333,0.6666666666666666,1.0,0.6,6,10,6
4902,0.5,0.0,0.5,0.6,1.0,0.3333333333333333,5,15,5
4903,0.8333333333333333,0.4,0.7,0.8,1.0,0.7142857142857143,5,7,5
4904,0.7692307692307693,-0.4,0.3,0.6,1.0,0.625,5,8,5
4905,0.5,-0.3333333333333333,0.33333333333333337,0.5,1.0,0.3333333333333333,4,12,4
4906,0.5,1.0,1.0,1.0,1.0,0.3333333333333333,4,12,4
4907,0.6,1.0,1.0,1.0,1.0,0.42857142857142855,3,7,3
4908,0.625,0.6,0.8,0.8,1.0,0.45454545454545453,5,11,5
4909,0.5,0.3333333333333333,0.6666666666666666,0.6666666666666666,1.0,0.3333333333333333,3,9,3
4910,0.35294117647058826,0.3333333333333333,0.6666666666666666,0.6666666666666666,1.0,0.21428571428571427,3,14,3
4911,0.47058823529411764,0.3333333333333333,0.6666666666666666,0.75,1.0,0.3076923076923077,4,13,4
4912,0.375,-1.0,0.0,0.3333333333333333,1.0,0.23076923076923078,3,13,3
4913,0.923076923076923,0.4666666666666667,0.7333333333333334,0.8333333333333334,1.0,0.8571428571428571,6,7,6
4914,0.47058823529411764,0.3333333333333333,0.6666666666666666,0.5,1.0,0.3076923076923077,4,13,4
4915,0.6666666666666666,0.2,0.6,0.6,1.0,0.5,5,10,5
4916,0.7272727272727273,0.6666666666666666,0.8333333333333333,0.75,1.0,0.5714285714285714,4,7,4
4917,0.7000000000000001,0.23809523809523808,0.6190476190476191,0.5714285714285714,1.0,0.5384615384615384,7,13,7
4918,0.7142857142857143,0.8,0.9,0.8,1.0,0.5555555555555556,5,9,5
4919,0.375,0.3333333333333333,0.6666666666666666,0.6666666666666666,1.0,0.23076923076923078,3,13,3
4920,0.7692307692307693,0.2,0.6,0.6,1.0,0.625,5,8,5
4921,0.6,-0.3333333333333333,0.33333333333333337,0.6666666666666666,1.0,0.42857142857142855,3,7,3
4922,0.625,0.4,0.7,0.6,1.0,0.45454545454545453,5,11,5
4923,0.7142857142857143,0.2,0.6,0.6,1.0,0.5555555555555556,5,9,5
4924,0.9090909090909091,0.1111111111111111,0.5555555555555556,0.4,1.0,0.8333333333333334,10,12,10
4925,0.5714285714285715,0.3333333333333333,0.6666666666666666,0.75,1.0,0.4,4,10,4
4926,0.5,0.0,0.5,0.6,1.0,0.3333333333333333,5,15,5
4927,0.6666666666666666,0.6190476190476191,0.8095238095238095,0.8571428571428571,1.0,0.5,7,14,7
4928,0.8,0.4666666666666667,0.7333333333333334,0.6666666666666666,1.0,0.6666666666666666,6,9,6
4929,0.6363636363636364,0.3333333333333333,0.6666666666666666,0.5714285714285714,1.0,0.4666666666666667,7,15,7
4930,0.6666666666666666,-0.3333333333333333,0.33333333333333337,0.6666666666666666,1.0,0.5,3,6,3
4931,0.4,0.3333333333333333,0.6666666666666666,0.75,1.0,0.25,4,16,4
4932,0.6666666666666666,0.2,0.6,0.6,1.0,0.5,5,10,5
4933,0.923076923076923,0.6,0.8,0.6666666666666666,0.8571428571428571,1.0,7,6,6
4934,0.4615384615384615,-0.3333333333333333,0.33333333333333337,0.6666666666666666,1.0,0.3,3,10,3
4936,0.9090909090909091,0.2,0.6,0.6,1.0,0.8333333333333334,5,6,5
4937,0.5333333333333333,0.3333333333333333,0.6666666666666666,0.75,1.0,0.36363636363636365,4,11,4
4938,0.923076923076923,-0.3333333333333333,0.33333333333333337,0.5,1.0,0.8571428571428571,6,7,6
4939,0.5263157894736842,0.4,0.7,0.6,1.0,0.35714285714285715,5,14,5
4940,0.6666666666666666,0.8666666666666667,0.9333333333333333,0.8333333333333334,1.0,0.5,6,12,6
4941,0.7142857142857143,0.8,0.9,0.8,1.0,0.5555555555555556,5,9,5
4942,0.9090909090909091,-0.2,0.4,0.6,0.8333333333333334,1.0,6,5,5
4943,0.9090909090909091,0.2,0.6,0.4,1.0,0.8333333333333334,5,6,5
4944,0.6666666666666666,0.23809523809523808,0.6190476190476191,0.5714285714285714,1.0,0.5,7,14,7
4945,0.888888888888889,0.6666666666666666,0.8333333333333333,0.75,1.0,0.8,4,5,4
4946,0.6,0.3333333333333333,0.6666666666666666,0.6666666666666666,1.0,0.42857142857142855,3,7,3
4947,0.5,1.0,1.0,1.0,1.0,0.3333333333333333,3,9,3
4948,1.0,0.4,0.7,0.6,1.0,1.0,5,5,5
4949,0.6153846153846153,0.6666666666666666,0.8333333333333333,0.75,1.0,0.4444444444444444,4,9,4
4950,0.888888888888889,-0.6666666666666666,0.16666666666666669,0.5,1.0,0.8,4,5,4
4951,0.5714285714285715,-0.3333333333333333,0.33333333333333337,0.5,1.0,0.4,4,10,4
4952,0.888888888888889,0.3333333333333333,0.6666666666666666,0.75,0.8,1.0,5,4,4
4953,0.7142857142857143,-0.4,0.3,0.6,1.0,0.5555555555555556,5,9,5
4954,0.6666666666666666,0.6666666666666666,0.8333333333333333,0.75,1.0,0.5,4,8,4
4955,0.375,-0.3333333333333333,0.33333333333333337,0.6666666666666666,1.0,0.23076923076923078,3,13,3
4956,0.9090909090909091,0.2,0.6,0.6,1.0,0.8333333333333334,5,6,5
4958,0.8333333333333333,0.8,0.9,0.8,1.0,0.7142857142857143,5,7,5
4959,0.923076923076923,-0.06666666666666667,0.4666666666666667,0.5,1.0,0.8571428571428571,6,7,6
4960,0.5714285714285715,0.3333333333333333,0.6666666666666666,0.75,1.0,0.4,4,10,4
4961,0.7142857142857143,0.0,0.5,0.6,1.0,0.5555555555555556,5,9,5
4962,0.5333333333333333,0.3333333333333333,0.6666666666666666,0.75,1.0,0.36363636363636365,4,11,4
4964,0.8,1.0,1.0,1.0,1.0,0.6666666666666666,4,6,4
4965,0.8333333333333333,-0.2,0.4,0.4,1.0,0.7142857142857143,5,7,5
4966,0.923076923076923,-0.2,0.4,0.5,1.0,0.8571428571428571,6,7,6
4967,0.5,0.4,0.7,0.8,1.0,0.3333333333333333,5,15,5
4968,0.5454545454545454,0.3333333333333333,0.6666666666666666,0.6666666666666666,1.0,0.375,6,16,6
4969,0.7692307692307693,0.8,0.9,0.8,1.0,0.625,5,8,5
4970,0.5263157894736842,-0.2,0.4,0.6,1.0,0.35714285714285715,5,14,5
4971,0.6153846153846153,0.6666666666666666,0.8333333333333333,0.75,1.0,0.4444444444444444,4,9,4
4972,0.5,0.3333333333333333,0.6666666666666666,0.6666666666666666,1.0,0.3333333333333333,3,9,3
4973,0.7272727272727273,0.3333333333333333,0.6666666666666666,0.5,1.0,0.5714285714285714,4,7,4
4974,0.8,0.0,0.5,0.5,1.0,0.6666666666666666,4,6,4
4975,0.8571428571428571,0.2222222222222222,0.6111111111111112,0.5555555555555556,1.0,0.75,9,12,9
4977,0.6153846153846153,1.0,1.0,1.0,1.0,0.4444444444444444,4,9,4
4978,0.47619047619047616,0.0,0.5,0.6,1.0,0.3125,5,16,5
4979,0.6666666666666666,-0.3333333333333333,0.33333333333333337,0.5,1.0,0.5,4,8,4
4980,0.5882352941176471,-0.2,0.4,0.6,1.0,0.4166666666666667,5,12,5
4981,0.4,0.3333333333333333,0.6666666666666666,0.6666666666666666,1.0,0.25,3,12,3
4982,0.5555555555555556,-0.2,0.4,0.6,1.0,0.38461538461538464,5,13,5
4983,0.8333333333333333,-0.4,0.3,0.4,1.0,0.7142857142857143,5,7,5
4984,0.6666666666666666,0.3333333333333333,0.6666666666666666,0.75,1.0,0.5,4,8,4
4985,0.7692307692307693,0.2,0.6,0.6,1.0,0.625,5,8,5
4986,0.5714285714285715,-0.3333333333333333,0.33333333333333337,0.5,1.0,0.4,4,10,4
4987,0.6666666666666666,1.0,1.0,1.0,1.0,0.5,4,8,4
4988,0.5333333333333333,0.0,0.5,0.5,1.0,0.36363636363636365,4,11,4
4989,0.6666666666666666,-0.8,0.09999999999999998,0.4,1.0,0.5,5,10,5
4990,0.9090909090909091,0.2,0.6,0.6,0.8333333333333334,1.0,6,5,5
4992,0.888888888888889,0.3333333333333333,0.6666666666666666,0.75,1.0,0.8,4,5,4
4993,0.7058823529411764,-0.06666666666666667,0.4666666666666667,0.5,1.0,0.5454545454545454,6,11,6
4994,0.5333333333333333,-0.6666666666666666,0.16666666666666669,0.5,1.0,0.36363636363636365,4,11,4
4995,0.6,0.3333333333333333,0.6666666666666666,0.6666666666666666,1.0,0.42857142857142855,3,7,3
4996,0.5263157894736842,0.0,0.5,0.6,1.0,0.35714285714285715,5,14,5
4997,0.5555555555555556,0.2,0.6,0.6,1.0,0.38461538461538464,5,13,5
4998,0.5333333333333333,-0.6666666666666666,0.16666666666666669,0.5,1.0,0.36363636363636365,4,11,4
4999,0.896551724137931,0.15384615384615385,0.5769230769230769,0.5384615384615384,1.0,0.8125,13,16,13
5000,1.0,-0.05555555555555555,0.4722222222222222,0.3333333333333333,1.0,1.0,9,9,9
5001,0.5714285714285715,0.0,0.5,0.75,1.0,0.4,4,10,4
5002,0.6153846153846153,0.3333333333333333,0.6666666666666666,0.75,1.0,0.4444444444444444,4,9,4
5003,0.7272727272727273,1.0,1.0,1.0,1.0,0.5714285714285714,4,7,4
5004,0.7272727272727273,-0.3333333333333333,0.33333333333333337,0.5,1.0,0.5714285714285714,4,7,4
5005,0.5555555555555556,1.0,1.0,1.0,1.0,0.38461538461538464,5,13,5
5006,0.5,0.0,0.5,0.5,1.0,0.3333333333333333,4,12,4
5007,0.7692307692307693,0.2,0.6,0.6,1.0,0.625,5,8,5
5008,0.6666666666666666,0.4,0.7,0.6,1.0,0.5,5,10,5
5009,0.9090909090909091,0.8,0.9,0.8,1.0,0.8333333333333334,5,6,5
5011,0.8,-0.3333333333333333,0.33333333333333337,0.5,1.0,0.6666666666666666,4,6,4
5012,0.9090909090909091,0.6,0.8,0.6,1.0,0.8333333333333334,5,6,5
5013,0.8571428571428571,0.2222222222222222,0.6111111111111112,0.5555555555555556,0.75,1.0,12,9,9
5014,0.7499999999999999,0.3333333333333333,0.6666666666666666,0.6666666666666666,1.0,0.6,6,10,6
5015,0.5,-0.3333333333333333,0.33333333333333337,0.5,1.0,0.3333333333333333,4,12,4
5016,0.7000000000000001,0.6190476190476191,0.8095238095238095,0.5714285714285714,1.0,0.5384615384615384,7,13,7
5017,0.4615384615384615,0.3333333333333333,0.6666666666666666,0.6666666666666666,1.0,0.3,3,10,3
5018,0.8571428571428571,-0.2,0.4,0.5,1.0,0.75,6,8,6
5020,0.625,-0.2,0.4,0.6,1.0,0.45454545454545453,5,11,5
5021,0.6153846153846153,-0.3333333333333333,0.33333333333333337,0.5,1.0,0.4444444444444444,4,9,4
5022,0.7000000000000001,0.3333333333333333,0.6666666666666666,0.5714285714285714,1.0,0.5384615384615384,7,13,7
5023,0.4615384615384615,0.3333333333333333,0.6666666666666666,0.6666666666666666,1.0,0.3,3,10,3
5024,0.5714285714285715,0.3333333333333333,0.6666666666666666,0.75,1.0,0.4,4,10,4
5025,0.6153846153846153,0.0,0.5,0.5,1.0,0.4444444444444444,4,9,4
5026,0.7692307692307693,0.2,0.6,0.6,1.0,0.625,5,8,5
5028,0.7272727272727273,0.07142857142857142,0.5357142857142857,0.75,1.0,0.5714285714285714,8,14,8
5029,0.7142857142857143,-0.6,0.2,0.4,1.0,0.5555555555555556,5,9,5
5030,0.7692307692307693,0.0,0.5,0.6,1.0,0.625,5,8,5
5031,0.5555555555555556,-0.6,0.2,0.4,1.0,0.38461538461538464,5,13,5
5032,0.5714285714285715,-0.3333333333333333,0.33333333333333337,0.5,1.0,0.4,4,10,4
5033,0.47058823529411764,0.0,0.5,0.5,1.0,0.3076923076923077,4,13,4
5034,0.7692307692307693,0.8,0.9,0.8,1.0,0.625,5,8,5
5035,0.7368421052631579,-0.14285714285714285,0.4285714285714286,0.5714285714285714,1.0,0.5833333333333334,7,12,7
5036,0.6666666666666666,-0.2,0.4,0.6,1.0,0.5,5,10,5
5038,0.8,0.3333333333333333,0.6666666666666666,0.5,1.0,0.6666666666666666,4,6,4
5039,0.5,0.0,0.5,0.5,1.0,0.3333333333333333,4,12,4
5040,0.47058823529411764,0.0,0.5,0.5,1.0,0.3076923076923077,4,13,4
5041,0.7272727272727273,0.3333333333333333,0.6666666666666666,0.75,1.0,0.5714285714285714,4,7,4
5042,0.4210526315789474,0.0,0.5,0.75,1.0,0.26666666666666666,4,15,4
5043,0.7777777777777778,0.5238095238095238,0.7619047619047619,0.8571428571428571,1.0,0.6363636363636364,7,11,7
5044,0.6153846153846153,1.0,1.0,1.0,1.0,0.4444444444444444,4,9,4
5045,0.5714285714285715,-0.3333333333333333,0.33333333333333337,0.5,1.0,0.4,4,10,4
5046,0.5333333333333333,0.0,0.5,0.5,1.0,0.36363636363636365,4,11,4
5047,0.8,0.6666666666666666,0.8333333333333333,0.75,1.0,0.6666666666666666,4,6,4
5048,0.7499999999999999,0.3333333333333333,0.6666666666666666,0.6666666666666666,1.0,0.6,6,10,6
5049,0.5,0.0,0.5,0.5,1.0,0.3333333333333333,4,12,4
5050,0.8,0.3333333333333333,0.6666666666666666,0.5,1.0,0.6666666666666666,4,6,4
5051,0.5714285714285715,0.3333333333333333,0.6666666666666666,0.5,1.0,0.4,4,10,4
5052,0.6,1.0,1.0,1.0,1.0,0.42857142857142855,3,7,3
5054,0.5,-0.3333333333333333,0.33333333333333337,0.5,1.0,0.3333333333333333,4,12,4
5056,0.5333333333333333,0.6666666666666666,0.8333333333333333,0.75,1.0,0.36363636363636365,4,11,4
5057,0.6666666666666666,-0.3333333333333333,0.33333333333333337,0.6666666666666666,1.0,0.5,3,6,3
5058,0.4444444444444445,0.3333333333333333,0.6666666666666666,0.75,1.0,0.2857142857142857,4,14,4
5059,0.6666666666666666,0.06666666666666667,0.5333333333333333,0.5,1.0,0.5,6,12,6
5060,0.5454545454545454,-0.3333333333333333,0.33333333333333337,0.5,1.0,0.375,6,16,6
5061,0.5882352941176471,-0.2,0.4,0.6,1.0,0.4166666666666667,5,12,5
5062,0.6666666666666666,-0.4,0.3,0.4,1.0,0.5,5,10,5
5063,0.5333333333333333,0.6666666666666666,0.8333333333333333,0.75,1.0,0.36363636363636365,4,11,4
5064,0.7142857142857143,0.0,0.5,0.6,1.0,0.5555555555555556,5,9,5
5065,0.5714285714285715,0.6666666666666666,0.8333333333333333,0.75,1.0,0.4,4,10,4
5066,0.8571428571428571,0.2222222222222222,0.6111111111111112,0.4444444444444444,1.0,0.75,9,12,9
5067,0.5263157894736842,0.0,0.5,0.6,1.0,0.35714285714285715,5,14,5
5068,0.6,0.3333333333333333,0.6666666666666666,0.6666666666666666,1.0,0.42857142857142855,3,7,3
5069,0.47058823529411764,0.6666666666666666,0.8333333333333333,0.75,1.0,0.3076923076923077,4,13,4
5070,0.7272727272727273,0.0,0.5,0.5,1.0,0.5714285714285714,4,7,4
5072,0.4444444444444445,1.0,1.0,1.0,1.0,0.2857142857142857,4,14,4
5073,0.7368421052631579,0.3333333333333333,0.6666666666666666,0.7142857142857143,1.0,0.5833333333333334,7,12,7
5074,0.8333333333333333,-0.2,0.4,0.6,1.0,0.7142857142857143,5,7,5
5075,1.0,0.4444444444444444,0.7222222222222222,0.5555555555555556,1.0,1.0,9,9,9
5076,0.5,0.6666666666666666,0.8333333333333333,0.75,1.0,0.3333333333333333,4,12,4
5077,1.0,0.3333333333333333,0.6666666666666666,0.5,1.0,1.0,6,6,6
5078,0.625,0.6,0.8,0.6,1.0,0.45454545454545453,5,11,5
5079,0.7058823529411764,0.6,0.8,0.6666666666666666,1.0,0.5454545454545454,6,11,6
5080,0.7499999999999999,0.3333333333333333,0.6666666666666666,0.6666666666666666,1.0,0.6,3,5,3
5081,1.0,0.1111111111111111,0.5555555555555556,0.6666666666666666,1.0,1.0,9,9,9
5082,0.8421052631578948,0.21428571428571427,0.6071428571428571,0.5,1.0,0.7272727272727273,8,11,8
5084,0.6666666666666666,0.3333333333333333,0.6666666666666666,0.6666666666666666,1.0,0.5,3,6,3
5085,0.8333333333333333,0.0,0.5,0.6,1.0,0.7142857142857143,5,7,5
5086,0.4615384615384615,0.3333333333333333,0.6666666666666666,0.6666666666666666,1.0,0.3,3,10,3
5087,0.5714285714285715,0.3333333333333333,0.6666666666666666,0.5,1.0,0.4,4,10,4
5088,0.5555555555555556,-0.2,0.4,0.6,1.0,0.38461538461538464,5,13,5
5089,0.8750000000000001,-0.5238095238095238,0.23809523809523808,0.2857142857142857,1.0,0.7777777777777778,7,9,7
5090,0.6666666666666666,0.6666666666666666,0.8333333333333333,0.75,1.0,0.5,4,8,4
5092,0.7499999999999999,-0.06666666666666667,0.4666666666666667,0.6666666666666666,1.0,0.6,6,10,6
5093,0.6666666666666666,0.4,0.7,0.6,1.0,0.5,5,10,5
5094,0.6153846153846153,0.3333333333333333,0.6666666666666666,0.75,1.0,0.4444444444444444,4,9,4
5095,0.6666666666666666,-0.14285714285714285,0.4285714285714286,0.5714285714285714,1.0,0.5,7,14,7
5096,0.5333333333333333,-0.3333333333333333,0.33333333333333337,0.5,1.0,0.36363636363636365,4,11,4
5097,0.6153846153846153,0.0,0.5,0.75,1.0,0.4444444444444444,4,9,4
5098,0.7142857142857143,0.0,0.5,0.6,1.0,0.5555555555555556,5,9,5
5099,0.6,-0.3333333333333333,0.33333333333333337,0.6666666666666666,1.0,0.42857142857142855,3,7,3
5101,0.5,-0.2,0.4,0.4,1.0,0.3333333333333333,5,15,5
5102,0.5555555555555556,0.4,0.7,0.6,1.0,0.38461538461538464,5,13,5
5103,0.47058823529411764,0.6666666666666666,0.8333333333333333,0.75,1.0,0.3076923076923077,4,13,4
5104,0.6666666666666666,-0.4,0.3,0.4,1.0,0.5,5,10,5
5105,0.4615384615384615,-0.3333333333333333,0.33333333333333337,0.6666666666666666,1.0,0.3,3,10,3
5107,0.5714285714285715,1.0,1.0,1.0,1.0,0.4,4,10,4
5108,0.5714285714285715,1.0,1.0,1.0,1.0,0.4,4,10,4
5109,0.4,0.3333333333333333,0.6666666666666666,0.6666666666666666,1.0,0.25,3,12,3
5111,0.8571428571428571,0.3333333333333333,0.6666666666666666,0.8333333333333334,1.0,0.75,6,8,6
5112,0.9600000000000001,0.24242424242424243,0.6212121212121212,0.5,0.9230769230769231,1.0,13,12,12
5113,0.9090909090909091,-0.2,0.4,0.6,1.0,0.8333333333333334,5,6,5
5114,0.9523809523809523,0.1111111111111111,0.5555555555555556,0.5,0.9090909090909091,1.0,11,10,10
5115,0.4210526315789474,1.0,1.0,1.0,1.0,0.26666666666666666,4,15,4
5116,0.6666666666666666,0.6666666666666666,0.8333333333333333,0.75,1.0,0.5,4,8,4
5117,0.5555555555555556,-0.2,0.4,0.4,1.0,0.38461538461538464,5,13,5
5118,0.6153846153846153,0.0,0.5,0.75,1.0,0.4444444444444444,4,9,4
5119,0.9090909090909091,0.4,0.7,0.8,1.0,0.8333333333333334,5,6,5
5120,0.7272727272727273,0.0,0.5,0.5,1.0,0.5714285714285714,4,7,4
5121,0.5714285714285715,0.0,0.5,0.5,1.0,0.4,4,10,4
5122,0.5,0.6666666666666666,0.8333333333333333,0.75,1.0,0.3333333333333333,4,12,4
5123,0.9090909090909091,0.6,0.8,0.6,0.8333333333333334,1.0,6,5,5
5124,0.47058823529411764,-0.3333333333333333,0.33333333333333337,0.5,1.0,0.3076923076923077,4,13,4
5125,0.4615384615384615,0.3333333333333333,0.6666666666666666,0.6666666666666666,1.0,0.3,3,10,3
5126,0.6,0.3333333333333333,0.6666666666666666,0.6666666666666666,1.0,0.42857142857142855,3,7,3
5127,0.25,1.0,1.0,1.0,0.14285714285714285,1.0,7,1,1
5128,0.5,0.3333333333333333,0.6666666666666666,0.75,1.0,0.3333333333333333,4,12,4
5129,0.6666666666666666,0.2,0.6,0.6,1.0,0.5,5,10,5
5130,0.8,0.0,0.5,0.75,1.0,0.6666666666666666,4,6,4
5131,0.9333333333333333,0.7142857142857143,0.8571428571428572,0.8571428571428571,1.0,0.875,7,8,7
5132,0.625,0.2,0.6,0.6,1.0,0.45454545454545453,5,11,5
5133,0.7272727272727273,-0.3333333333333333,0.33333333333333337,0.5,1.0,0.5714285714285714,4,7,4
5134,0.5333333333333333,0.3333333333333333,0.6666666666666666,0.75,1.0,0.36363636363636365,4,11,4
5135,0.4615384615384615,-0.3333333333333333,0.33333333333333337,0.6666666666666666,1.0,0.3,3,10,3
5136,0.42857142857142855,-1.0,0.0,0.3333333333333333,1.0,0.2727272727272727,3,11,3
5137,0.8,0.3333333333333333,0.6666666666666666,0.6666666666666666,1.0,0.6666666666666666,6,9,6
5138,0.888888888888889,0.3333333333333333,0.6666666666666666,0.75,1.0,0.8,4,5,4
5139,0.761904761904762,0.5714285714285714,0.7857142857142857,0.625,1.0,0.6153846153846154,8,13,8
5140,0.4444444444444445,-0.3333333333333333,0.33333333333333337,0.5,1.0,0.2857142857142857,4,14,4
5141,0.5882352941176471,-0.4,0.3,0.4,1.0,0.4166666666666667,5,12,5
5142,0.4444444444444445,-0.3333333333333333,0.33333333333333337,0.5,1.0,0.2857142857142857,4,14,4
5143,0.7272727272727273,0.3333333333333333,0.6666666666666666,0.75,1.0,0.5714285714285714,4,7,4
5144,0.6,-0.3333333333333333,0.33333333333333337,0.6666666666666666,1.0,0.42857142857142855,3,7,3
5145,0.6666666666666666,0.2,0.6,0.5,1.0,0.5,6,12,6
5146,0.6666666666666666,0.06666666666666667,0.5333333333333333,0.6666666666666666,1.0,0.5,6,12,6
5147,0.6666666666666666,-0.06666666666666667,0.4666666666666667,0.6666666666666666,1.0,0.5,6,12,6
5149,0.7777777777777778,-0.23809523809523808,0.38095238095238093,0.42857142857142855,1.0,0.6363636363636364,7,11,7
5150,0.7499999999999999,0.2,0.6,0.5,1.0,0.6,6,10,6
5151,1.0,0.06666666666666667,0.5333333333333333,0.5,1.0,1.0,6,6,6
5152,0.7000000000000001,0.14285714285714285,0.5714285714285714,0.7142857142857143,1.0,0.5384615384615384,7,13,7
5153,0.8235294117647058,0.3333333333333333,0.6666666666666666,0.5714285714285714,1.0,0.7,7,10,7
5154,0.6666666666666666,-0.6666666666666666,0.16666666666666669,0.5,1.0,0.5,4,8,4
5155,0.6153846153846153,0.0,0.5,0.5,1.0,0.4444444444444444,4,9,4
5156,0.4210526315789474,0.6666666666666666,0.8333333333333333,0.75,1.0,0.26666666666666666,4,15,4
5157,0.923076923076923,-0.2,0.4,0.5,1.0,0.8571428571428571,6,7,6
5158,0.6666666666666666,1.0,1.0,1.0,1.0,0.5,4,8,4
5159,0.5555555555555556,0.0,0.5,0.6,1.0,0.38461538461538464,5,13,5
5160,0.6666666666666666,0.0,0.5,0.6,1.0,0.5,5,10,5
5161,0.47058823529411764,0.3333333333333333,0.6666666666666666,0.75,1.0,0.3076923076923077,4,13,4
5162,0.7692307692307693,0.0,0.5,0.6,1.0,0.625,5,8,5
5163,0.9,-0.1111111111111111,0.4444444444444444,0.5555555555555556,1.0,0.8181818181818182,9,11,9
5164,0.5714285714285715,0.0,0.5,0.5,1.0,0.4,4,10,4
5165,0.631578947368421,0.6,0.8,0.6666666666666666,1.0,0.46153846153846156,6,13,6
5166,0.7272727272727273,0.6666666666666666,0.8333333333333333,0.75,1.0,0.5714285714285714,4,7,4
5167,0.5714285714285715,0.3333333333333333,0.6666666666666666,0.5,1.0,0.4,4,10,4
5168,0.375,0.3333333333333333,0.6666666666666666,0.6666666666666666,1.0,0.23076923076923078,3,13,3
5170,1.0,-0.01818181818181818,0.4909090909090909,0.6363636363636364,1.0,1.0,11,11,11
5171,0.9090909090909091,-0.4,0.3,0.4,1.0,0.8333333333333334,5,6,5
5172,0.42857142857142855,0.3333333333333333,0.6666666666666666,0.6666666666666666,1.0,0.2727272727272727,3,11,3
5174,0.7058823529411764,-0.2,0.4,0.5,1.0,0.5454545454545454,6,11,6
5175,0.4444444444444445,0.3333333333333333,0.6666666666666666,0.75,1.0,0.2857142857142857,4,14,4
5177,0.5882352941176471,-0.6,0.2,0.4,1.0,0.4166666666666667,5,12,5
5178,0.7499999999999999,0.3333333333333333,0.6666666666666666,0.6666666666666666,1.0,0.6,3,5,3
5179,0.7692307692307693,0.0,0.5,0.6,1.0,0.625,5,8,5
5180,0.6666666666666666,-0.2,0.4,0.4,1.0,0.5,5,10,5
5182,0.8,0.0,0.5,0.5,1.0,0.6666666666666666,4,6,4
5183,0.7499999999999999,-0.3333333333333333,0.33333333333333337,0.6666666666666666,1.0,0.6,3,5,3
5184,0.6153846153846153,0.0,0.5,0.75,1.0,0.4444444444444444,4,9,4
5185,0.7499999999999999,0.3333333333333333,0.6666666666666666,0.5,1.0,0.6,6,10,6
5187,0.5333333333333333,-0.3333333333333333,0.33333333333333337,0.5,1.0,0.36363636363636365,4,11,4
5188,0.6,-0.3333333333333333,0.33333333333333337,0.6666666666666666,1.0,0.42857142857142855,3,7,3
5189,0.5263157894736842,-0.2,0.4,0.6,1.0,0.35714285714285715,5,14,5
5190,0.33333333333333337,1.0,1.0,1.0,1.0,0.2,3,15,3
5191,0.7000000000000001,0.23809523809523808,0.6190476190476191,0.7142857142857143,1.0,0.5384615384615384,7,13,7
5192,0.47058823529411764,0.6666666666666666,0.8333333333333333,0.75,1.0,0.3076923076923077,4,13,4
5193,0.6666666666666666,0.3333333333333333,0.6666666666666666,0.75,1.0,0.5,4,8,4
5195,0.625,0.0,0.5,0.6,1.0,0.45454545454545453,5,11,5
5196,0.4,-0.3333333333333333,0.33333333333333337,0.5,1.0,0.25,4,16,4
5197,1.0,-1.0,0.0,0.2,1.0,1.0,5,5,5
5198,0.5714285714285715,-0.3333333333333333,0.33333333333333337,0.5,1.0,0.4,4,10,4
5199,0.42857142857142855,-0.3333333333333333,0.33333333333333337,0.6666666666666666,1.0,0.2727272727272727,3,11,3
5200,0.6666666666666666,-0.3333333333333333,0.33333333333333337,0.5,1.0,0.5,4,8,4
5201,0.5263157894736842,0.0,0.5,0.4,1.0,0.35714285714285715,5,14,5
5202,0.5333333333333333,0.6666666666666666,0.8333333333333333,0.75,1.0,0.36363636363636365,4,11,4
5203,0.4,0.3333333333333333,0.6666666666666666,0.6666666666666666,1.0,0.25,3,12,3
5204,0.6666666666666666,-0.2,0.4,0.6,1.0,0.5,5,10,5
5205,0.8,0.6,0.8,0.6666666666666666,1.0,0.6666666666666666,6,9,6
5206,0.8750000000000001,0.23809523809523808,0.6190476190476191,0.7142857142857143,0.7777777777777778,1.0,9,7,7
5207,0.7142857142857143,0.6,0.8,0.8,1.0,0.5555555555555556,5,9,5
5208,0.625,-0.6,0.2,0.4,1.0,0.45454545454545453,5,11,5
5209,0.6666666666666666,0.0,0.5,0.6,1.0,0.5,5,10,5
5211,0.5,1.0,1.0,1.0,1.0,0.3333333333333333,4,12,4
5212,0.7272727272727273,0.0,0.5,0.75,1.0,0.5714285714285714,4,7,4
5213,0.7142857142857143,0.2,0.6,0.6,1.0,0.5555555555555556,5,9,5
5214,0.5714285714285715,0.3333333333333333,0.6666666666666666,0.75,1.0,0.4,4,10,4
5215,0.6666666666666666,0.6666666666666666,0.8333333333333333,0.75,1.0,0.5,4,8,4
5216,0.6666666666666666,0.4,0.7,0.6,1.0,0.5,5,10,5
5217,0.5263157894736842,0.2,0.6,0.6,1.0,0.35714285714285715,5,14,5
5218,0.7692307692307693,0.2,0.6,0.6,1.0,0.625,5,8,5
5219,0.4615384615384615,-0.3333333333333333,0.33333333333333337,0.6666666666666666,1.0,0.3,3,10,3
5220,0.47619047619047616,0.8,0.9,0.8,1.0,0.3125,5,16,5
5221,0.5333333333333333,-0.3333333333333333,0.33333333333333337,0.5,1.0,0.36363636363636365,4,11,4
5222,0.5,-0.3333333333333333,0.33333333333333337,0.6666666666666666,1.0,0.3333333333333333,3,9,3
5223,0.8421052631578948,0.6428571428571429,0.8214285714285714,0.75,1.0,0.7272727272727273,8,11,8
5224,0.7692307692307693,0.8,0.9,0.8,1.0,0.625,5,8,5
5225,0.7058823529411764,0.3333333333333333,0.6666666666666666,0.5,1.0,0.5454545454545454,6,11,6
5226,1.0,0.047619047619047616,0.5238095238095238,0.42857142857142855,1.0,1.0,7,7,7
5227,0.5,0.4,0.7,0.6,1.0,0.3333333333333333,5,15,5
5228,0.6666666666666666,-0.6666666666666666,0.16666666666666669,0.5,1.0,0.5,4,8,4
5229,0.7142857142857143,0.0,0.5,0.6,1.0,0.5555555555555556,5,9,5
5230,1.0,0.7333333333333333,0.8666666666666667,0.8333333333333334,1.0,1.0,6,6,6
5231,0.4,1.0,1.0,1.0,0.25,1.0,4,1,1
5232,0.5333333333333333,0.6666666666666666,0.8333333333333333,0.75,1.0,0.36363636363636365,4,11,4
5233,0.5882352941176471,0.2,0.6,0.6,1.0,0.4166666666666667,5,12,5
5234,0.47619047619047616,0.2,0.6,0.4,1.0,0.3125,5,16,5
5235,0.5,-1.0,0.0,0.25,1.0,0.3333333333333333,4,12,4
5236,0.7368421052631579,0.6190476190476191,0.8095238095238095,0.7142857142857143,1.0,0.5833333333333334,7,12,7
5237,0.42857142857142855,-1.0,0.0,0.3333333333333333,1.0,0.2727272727272727,3,11,3
5238,0.5714285714285715,0.6666666666666666,0.8333333333333333,0.75,1.0,0.4,4,10,4
5239,0.5714285714285715,1.0,1.0,1.0,1.0,0.4,4,10,4
5240,0.5333333333333333,1.0,1.0,1.0,1.0,0.36363636363636365,4,11,4
5241,0.7272727272727273,-0.3333333333333333,0.33333333333333337,0.5,1.0,0.5714285714285714,4,7,4
5242,0.625,0.6,0.8,0.8,1.0,0.45454545454545453,5,11,5
5243,0.7272727272727273,1.0,1.0,1.0,1.0,0.5714285714285714,4,7,4
5244,0.7692307692307693,0.8,0.9,0.8,1.0,0.625,5,8,5
5245,0.8,-0.6666666666666666,0.16666666666666669,0.5,1.0,0.6666666666666666,4,6,4
5246,0.42857142857142855,-0.3333333333333333,0.33333333333333337,0.6666666666666666,1.0,0.2727272727272727,3,11,3
5247,0.9333333333333333,0.42857142857142855,0.7142857142857143,0.7142857142857143,1.0,0.875,7,8,7
5248,0.5714285714285715,-0.3333333333333333,0.33333333333333337,0.5,1.0,0.4,4,10,4
5249,0.6666666666666666,0.3333333333333333,0.6666666666666666,0.75,1.0,0.5,4,8,4
5251,0.5714285714285715,-0.3333333333333333,0.33333333333333337,0.5,1.0,0.4,4,10,4
5252,0.9090909090909091,-0.4,0.3,0.6,1.0,0.8333333333333334,5,6,5
5253,0.5333333333333333,0.3333333333333333,0.6666666666666666,0.75,1.0,0.36363636363636365,4,11,4
5254,0.5714285714285715,0.3333333333333333,0.6666666666666666,0.5,1.0,0.4,4,10,4
5255,0.5714285714285715,0.0,0.5,0.75,1.0,0.4,4,10,4
5256,0.8235294117647058,0.3333333333333333,0.6666666666666666,0.5714285714285714,1.0,0.7,7,10,7
5257,0.6666666666666666,0.3333333333333333,0.6666666666666666,0.6666666666666666,1.0,0.5,3,6,3
5258,0.4615384615384615,0.3333333333333333,0.6666666666666666,0.6666666666666666,1.0,0.3,3,10,3
5259,0.375,1.0,1.0,1.0,1.0,0.23076923076923078,3,13,3
5260,0.4210526315789474,1.0,1.0,1.0,1.0,0.26666666666666666,4,15,4
5261,0.5714285714285715,0.0,0.5,0.5,1.0,0.4,4,10,4
5262,0.47058823529411764,-0.3333333333333333,0.33333333333333337,0.5,1.0,0.3076923076923077,4,13,4
5263,0.6153846153846153,0.3333333333333333,0.6666666666666666,0.75,1.0,0.4444444444444444,4,9,4
5265,0.5714285714285715,0.3333333333333333,0.6666666666666666,0.75,1.0,0.4,4,10,4
5266,0.9090909090909091,0.6,0.8,0.8,1.0,0.8333333333333334,5,6,5
5267,0.7499999999999999,-0.3333333333333333,0.33333333333333337,0.6666666666666666,1.0,0.6,3,5,3
5268,0.5714285714285715,0.0,0.5,0.5,1.0,0.4,4,10,4
5269,0.7272727272727273,0.0,0.5,0.5,1.0,0.5714285714285714,4,7,4
5270,0.8333333333333333,0.0,0.5,0.6,1.0,0.7142857142857143,5,7,5
5271,0.8,-0.3333333333333333,0.33333333333333337,0.5,1.0,0.6666666666666666,4,6,4
5272,0.6666666666666666,-0.14285714285714285,0.4285714285714286,0.5714285714285714,1.0,0.5,7,14,7
5273,0.5714285714285715,-0.6666666666666666,0.16666666666666669,0.5,1.0,0.4,4,10,4
5274,0.8,-0.3333333333333333,0.33333333333333337,0.5,1.0,0.6666666666666666,6,9,6
5275,0.8235294117647058,-0.14285714285714285,0.4285714285714286,0.5714285714285714,1.0,0.7,7,10,7
5276,0.6666666666666666,0.6,0.8,0.5,1.0,0.5,6,12,6
5277,1.0,0.2727272727272727,0.6363636363636364,0.45454545454545453,1.0,1.0,11,11,11
5278,0.6,1.0,1.0,1.0,1.0,0.42857142857142855,3,7,3
5279,0.6666666666666666,0.6666666666666666,0.8333333333333333,0.75,1.0,0.5,4,8,4
5280,0.8,-0.3333333333333333,0.33333333333333337,0.5,1.0,0.6666666666666666,4,6,4
5281,0.5555555555555556,0.2,0.6,0.4,1.0,0.38461538461538464,5,13,5
5282,0.6666666666666666,0.0,0.5,0.5,1.0,0.5,4,8,4
5283,0.7272727272727273,0.6666666666666666,0.8333333333333333,0.75,1.0,0.5714285714285714,4,7,4
5284,0.3157894736842105,0.3333333333333333,0.6666666666666666,0.6666666666666666,1.0,0.1875,3,16,3
5285,0.923076923076923,-0.06666666666666667,0.4666666666666667,0.5,1.0,0.8571428571428571,6,7,6
5286,0.5333333333333333,1.0,1.0,1.0,1.0,0.36363636363636365,4,11,4
5288,0.7272727272727273,1.0,1.0,1.0,1.0,0.5714285714285714,4,7,4
5289,0.8571428571428571,0.3333333333333333,0.6666666666666666,0.6666666666666666,0.75,1.0,8,6,6
5290,0.375,-1.0,0.0,0.3333333333333333,1.0,0.23076923076923078,3,13,3
5291,0.6666666666666666,-0.3333333333333333,0.33333333333333337,0.5,1.0,0.5,4,8,4
5292,0.5333333333333333,-0.6666666666666666,0.16666666666666669,0.5,1.0,0.36363636363636365,4,11,4
5293,0.5454545454545454,-0.3333333333333333,0.33333333333333337,0.6666666666666666,1.0,0.375,3,8,3
5294,0.7142857142857143,-0.2,0.4,0.4,1.0,0.5555555555555556,5,9,5
5295,0.5714285714285715,-0.3333333333333333,0.33333333333333337,0.5,1.0,0.4,4,10,4
5297,0.5,0.3333333333333333,0.6666666666666666,0.6666666666666666,1.0,0.3333333333333333,3,9,3
5298,0.5,0.0,0.5,0.5,1.0,0.3333333333333333,4,12,4
5299,0.7777777777777778,-0.047619047619047616,0.47619047619047616,0.5714285714285714,1.0,0.6363636363636364,7,11,7
5300,0.625,0.2,0.6,0.6,1.0,0.45454545454545453,5,11,5
5301,0.6153846153846153,0.3333333333333333,0.6666666666666666,0.5,1.0,0.4444444444444444,4,9,4
5302,0.8333333333333333,0.8,0.9,0.8,1.0,0.7142857142857143,5,7,5
5303,0.5714285714285715,0.0,0.5,0.5,1.0,0.4,4,10,4
5304,0.9090909090909091,0.2,0.6,0.6,1.0,0.8333333333333334,5,6,5
5305,0.6666666666666666,0.0,0.5,0.5,1.0,0.5,4,8,4
5307,0.4444444444444445,1.0,1.0,1.0,1.0,0.2857142857142857,4,14,4
5309,0.5882352941176471,0.2,0.6,0.6,1.0,0.4166666666666667,5,12,5
5310,0.9090909090909091,1.0,1.0,1.0,1.0,0.8333333333333334,5,6,5
5311,0.6153846153846153,1.0,1.0,1.0,1.0,0.4444444444444444,4,9,4
5312,0.8333333333333333,-0.6,0.2,0.4,1.0,0.7142857142857143,5,7,5
5313,0.7272727272727273,1.0,1.0,1.0,1.0,0.5714285714285714,4,7,4
5314,0.7142857142857143,0.4,0.7,0.6,1.0,0.5555555555555556,5,9,5
5315,0.8421052631578948,0.7857142857142857,0.8928571428571428,0.875,0.7272727272727273,1.0,11,8,8
5316,0.6666666666666666,0.0,0.5,0.75,1.0,0.5,4,8,4
5317,0.33333333333333337,1.0,1.0,1.0,1.0,0.2,3,15,3
5318,0.7692307692307693,0.6,0.8,0.6,1.0,0.625,5,8,5
5319,0.8,0.6666666666666666,0.8333333333333333,0.75,1.0,0.6666666666666666,4,6,4
5320,0.5,0.0,0.5,0.6,1.0,0.3333333333333333,5,15,5
5321,0.9523809523809523,0.06666666666666667,0.5333333333333333,0.5,1.0,0.9090909090909091,10,11,10
5322,0.9411764705882353,0.21428571428571427,0.6071428571428571,0.5,1.0,0.8888888888888888,8,9,8
5323,0.6153846153846153,0.0,0.5,0.75,1.0,0.4444444444444444,4,9,4
5324,0.625,-0.2,0.4,0.4,1.0,0.45454545454545453,5,11,5
5325,0.5333333333333333,0.3333333333333333,0.6666666666666666,0.75,1.0,0.36363636363636365,4,11,4
5326,0.6666666666666666,-0.6666666666666666,0.16666666666666669,0.5,1.0,0.5,4,8,4
5327,0.7142857142857143,0.4,0.7,0.6,1.0,0.5555555555555556,5,9,5
5328,0.5882352941176471,0.0,0.5,0.6,1.0,0.4166666666666667,5,12,5
5329,0.8,-0.6666666666666666,0.16666666666666669,0.5,1.0,0.6666666666666666,4,6,4
5330,0.7368421052631579,0.5238095238095238,0.7619047619047619,0.7142857142857143,1.0,0.5833333333333334,7,12,7
5331,0.35294117647058826,0.3333333333333333,0.6666666666666666,0.6666666666666666,1.0,0.21428571428571427,3,14,3
5333,0.5,0.3333333333333333,0.6666666666666666,0.6666666666666666,1.0,0.3333333333333333,3,9,3
5334,0.6666666666666666,-0.3333333333333333,0.33333333333333337,0.5,1.0,0.5,4,8,4
5335,0.4615384615384615,1.0,1.0,1.0,1.0,0.3,3,10,3
5336,0.9473684210526316,0.3888888888888889,0.6944444444444444,0.5555555555555556,1.0,0.9,9,10,9
5337,0.375,-0.3333333333333333,0.33333333333333337,0.6666666666666666,1.0,0.23076923076923078,3,13,3
5338,0.6153846153846153,0.3333333333333333,0.6666666666666666,0.75,1.0,0.4444444444444444,4,9,4
5339,0.8,-0.07142857142857142,0.4642857142857143,0.5,1.0,0.6666666666666666,8,12,8
5340,0.5333333333333333,0.0,0.5,0.5,1.0,0.36363636363636365,4,11,4
5341,0.4615384615384615,1.0,1.0,1.0,1.0,0.3,3,10,3
5342,0.7692307692307693,0.2,0.6,0.8,1.0,0.625,5,8,5
5343,0.42857142857142855,-1.0,0.0,0.3333333333333333,1.0,0.2727272727272727,3,11,3
5344,0.8,-0.6666666666666666,0.16666666666666669,0.5,1.0,0.6666666666666666,4,6,4
5345,1.0,0.5,0.75,0.625,1.0,1.0,8,8,8
5346,0.9333333333333333,0.3333333333333333,0.6666666666666666,0.5714285714285714,1.0,0.875,7,8,7
5347,0.42857142857142855,-1.0,0.0,0.3333333333333333,1.0,0.2727272727272727,3,11,3
5348,0.7142857142857143,-0.4,0.3,0.6,1.0,0.5555555555555556,5,9,5
5349,0.5,0.3333333333333333,0.6666666666666666,0.6666666666666666,1.0,0.3333333333333333,3,9,3
5350,0.6666666666666666,0.3333333333333333,0.6666666666666666,0.6666666666666666,1.0,0.5,3,6,3
5351,1.0,0.5,0.75,0.6666666666666666,1.0,1.0,9,9,9
5352,0.888888888888889,-0.3333333333333333,0.33333333333333337,0.5,1.0,0.8,4,5,4
5353,0.9090909090909091,0.8,0.9,0.8,1.0,0.8333333333333334,5,6,5
5354,0.4,-0.3333333333333333,0.33333333333333337,0.6666666666666666,1.0,0.25,3,12,3
5355,0.7692307692307693,0.2,0.6,0.6,1.0,0.625,5,8,5
5357,1.0,0.0,0.5,0.6,1.0,1.0,5,5,5
5358,0.5,-0.6,0.2,0.4,1.0,0.3333333333333333,5,15,5
5359,0.8571428571428571,0.6,0.8,0.6666666666666666,1.0,0.75,6,8,6
5360,0.5714285714285715,0.6666666666666666,0.8333333333333333,0.75,1.0,0.4,4,10,4
5361,0.7499999999999999,0.3333333333333333,0.6666666666666666,0.6666666666666666,1.0,0.6,6,10,6
5362,0.5714285714285715,0.4666666666666667,0.7333333333333334,0.6666666666666666,1.0,0.4,6,15,6
5363,0.6153846153846153,1.0,1.0,1.0,1.0,0.4444444444444444,4,9,4
5364,0.8571428571428571,1.0,1.0,1.0,0.75,1.0,4,3,3
5365,0.5555555555555556,-0.4,0.3,0.4,1.0,0.38461538461538464,5,13,5
5366,0.4615384615384615,0.3333333333333333,0.6666666666666666,0.6666666666666666,1.0,0.3,3,10,3
5367,0.9090909090909091,0.2,0.6,0.6,0.8333333333333334,1.0,6,5,5
5368,0.6666666666666666,0.2,0.6,0.6666666666666666,1.0,0.5,6,12,6
5369,0.5454545454545454,-0.3333333333333333,0.33333333333333337,0.6666666666666666,1.0,0.375,3,8,3
5370,0.5714285714285715,0.0,0.5,0.5,1.0,0.4,4,10,4
5371,0.5,0.3333333333333333,0.6666666666666666,0.6666666666666666,1.0,0.3333333333333333,3,9,3
5372,0.8,0.4666666666666667,0.7333333333333334,0.5,1.0,0.6666666666666666,6,9,6
5373,0.3157894736842105,-1.0,0.0,0.3333333333333333,1.0,0.1875,3,16,3
5376,0.47619047619047616,0.2,0.6,0.6,1.0,0.3125,5,16,5
5377,0.7777777777777778,-0.047619047619047616,0.47619047619047616,0.42857142857142855,1.0,0.6363636363636364,7,11,7
5378,0.5333333333333333,0.6666666666666666,0.8333333333333333,0.75,1.0,0.36363636363636365,4,11,4
5379,0.6666666666666666,-0.3333333333333333,0.33333333333333337,0.5,1.0,0.5,6,12,6
5380,0.6666666666666666,-0.6666666666666666,0.16666666666666669,0.5,1.0,0.5,4,8,4
5381,0.42857142857142855,-1.0,0.0,0.3333333333333333,1.0,0.2727272727272727,3,11,3
5382,0.4,-1.0,0.0,0.5,1.0,0.25,2,8,2
5383,0.5882352941176471,0.4,0.7,0.6,1.0,0.4166666666666667,5,12,5
5384,0.6153846153846153,0.0,0.5,0.5,1.0,0.4444444444444444,4,9,4
5385,0.5714285714285715,0.0,0.5,0.75,1.0,0.4,4,10,4
5386,0.6666666666666666,0.3333333333333333,0.6666666666666666,0.6666666666666666,1.0,0.5,3,6,3
5387,1.0,0.29523809523809524,0.6476190476190476,0.5333333333333333,1.0,1.0,15,15,15
5388,0.7058823529411764,-0.4666666666666667,0.26666666666666666,0.3333333333333333,1.0,0.5454545454545454,6,11,6
5389,0.6666666666666666,0.0,0.5,0.5,1.0,0.5,4,8,4
5390,0.2666666666666667,1.0,1.0,1.0,1.0,0.15384615384615385,2,13,2
5391,0.7142857142857143,0.0,0.5,0.6,1.0,0.5555555555555556,5,9,5
5393,0.7368421052631579,0.3333333333333333,0.6666666666666666,0.5714285714285714,1.0,0.5833333333333334,7,12,7
5394,0.6666666666666666,0.6666666666666666,0.8333333333333333,0.75,1.0,0.5,4,8,4
5395,0.5,0.8,0.9,0.8,1.0,0.3333333333333333,5,15,5
5396,0.5,1.0,1.0,1.0,0.3333333333333333,1.0,3,1,1
5397,0.8333333333333333,-0.2,0.4,0.6,1.0,0.7142857142857143,5,7,5
5398,0.6666666666666666,0.2,0.6,0.6666666666666666,1.0,0.5,6,12,6
5399,0.5263157894736842,0.6,0.8,0.8,1.0,0.35714285714285715,5,14,5
5400,0.7272727272727273,1.0,1.0,1.0,1.0,0.5714285714285714,4,7,4
5401,0.7272727272727273,0.3333333333333333,0.6666666666666666,0.5,1.0,0.5714285714285714,4,7,4
5402,0.7692307692307693,0.0,0.5,0.6,1.0,0.625,5,8,5
5403,0.8333333333333333,0.4,0.7,0.8,1.0,0.7142857142857143,5,7,5
5404,0.5714285714285715,0.3333333333333333,0.6666666666666666,0.75,1.0,0.4,4,10,4
5405,0.5454545454545454,-0.3333333333333333,0.33333333333333337,0.6666666666666666,1.0,0.375,3,8,3
5406,0.5,0.3333333333333333,0.6666666666666666,0.6666666666666666,1.0,0.3333333333333333,3,9,3
5407,0.5714285714285715,0.6666666666666666,0.8333333333333333,0.75,1.0,0.4,4,10,4
5408,0.6666666666666666,-0.3333333333333333,0.33333333333333337,0.5,1.0,0.5,4,8,4
5409,0.4,1.0,1.0,1.0,1.0,0.25,3,12,3
5410,0.5882352941176471,0.0,0.5,0.6,1.0,0.4166666666666667,5,12,5
5411,0.6153846153846153,0.3333333333333333,0.6666666666666666,0.75,1.0,0.4444444444444444,4,9,4
5412,0.6153846153846153,0.0,0.5,0.5,1.0,0.4444444444444444,4,9,4
5413,0.4615384615384615,0.3333333333333333,0.6666666666666666,0.6666666666666666,1.0,0.3,3,10,3
5414,0.6666666666666666,0.2,0.6,0.8,1.0,0.5,5,10,5
5415,0.47058823529411764,0.6666666666666666,0.8333333333333333,0.75,1.0,0.3076923076923077,4,13,4
5416,0.5555555555555556,0.0,0.5,0.6,1.0,0.38461538461538464,5,13,5
5417,0.47619047619047616,0.0,0.5,0.6,1.0,0.3125,5,16,5
5418,0.6666666666666666,-0.2,0.4,0.4,1.0,0.5,5,10,5
5419,0.6,0.2,0.6,0.6666666666666666,1.0,0.42857142857142855,6,14,6
5420,0.6,-0.3333333333333333,0.33333333333333337,0.6666666666666666,1.0,0.42857142857142855,3,7,3
5421,0.8,0.6666666666666666,0.8333333333333333,0.75,1.0,0.6666666666666666,4,6,4
5422,0.5,0.6666666666666666,0.8333333333333333,0.75,1.0,0.3333333333333333,4,12,4
5423,0.6153846153846153,-0.3333333333333333,0.33333333333333337,0.5,1.0,0.4444444444444444,4,9,4
5424,0.5,-0.3333333333333333,0.33333333333333337,0.5,1.0,0.3333333333333333,4,12,4
5425,0.923076923076923,0.2,0.6,0.6666666666666666,1.0,0.8571428571428571,6,7,6
5426,0.625,0.6,0.8,0.8,1.0,0.45454545454545453,5,11,5
5427,0.4615384615384615,0.3333333333333333,0.6666666666666666,0.6666666666666666,1.0,0.3,3,10,3
5428,0.7272727272727273,0.0,0.5,0.5,1.0,0.5714285714285714,4,7,4
5429,0.5333333333333333,0.0,0.5,0.75,1.0,0.36363636363636365,4,11,4
5430,0.7142857142857143,0.2,0.6,0.6,1.0,0.5555555555555556,5,9,5
5431,0.5333333333333333,1.0,1.0,1.0,1.0,0.36363636363636365,4,11,4
5433,0.5882352941176471,-0.6,0.2,0.4,1.0,0.4166666666666667,5,12,5
5434,0.7499999999999999,-0.2,0.4,0.5,1.0,0.6,6,10,6
5435,0.5,1.0,1.0,1.0,1.0,0.3333333333333333,4,12,4
5436,0.6153846153846153,-0.3333333333333333,0.33333333333333337,0.5,1.0,0.4444444444444444,4,9,4
5437,0.4,-0.3333333333333333,0.33333333333333337,0.6666666666666666,1.0,0.25,3,12,3
5438,0.375,1.0,1.0,1.0,1.0,0.23076923076923078,3,13,3
5439,0.7142857142857143,0.2,0.6,0.6,1.0,0.5555555555555556,5,9,5
5440,0.4210526315789474,-0.3333333333333333,0.33333333333333337,0.5,1.0,0.26666666666666666,4,15,4
5441,0.6666666666666666,0.2,0.6,0.5,1.0,0.5,6,12,6
5442,0.5333333333333333,-0.3333333333333333,0.33333333333333337,0.5,1.0,0.36363636363636365,4,11,4
5443,0.5,-0.3333333333333333,0.33333333333333337,0.6666666666666666,1.0,0.3333333333333333,3,9,3
5445,0.5882352941176471,-0.4,0.3,0.4,1.0,0.4166666666666667,5,12,5
5446,0.6666666666666666,-0.6666666666666666,0.16666666666666669,0.5,1.0,0.5,4,8,4
5447,0.5882352941176471,0.6,0.8,0.6,1.0,0.4166666666666667,5,12,5
5448,0.8235294117647058,0.6190476190476191,0.8095238095238095,0.5714285714285714,1.0,0.7,7,10,7
5449,0.625,-0.6,0.2,0.4,1.0,0.45454545454545453,5,11,5
5450,0.47058823529411764,-0.6666666666666666,0.16666666666666669,0.5,1.0,0.3076923076923077,4,13,4
5451,0.7692307692307693,0.2,0.6,0.6,1.0,0.625,5,8,5
5452,0.4,0.3333333333333333,0.6666666666666666,0.6666666666666666,1.0,0.25,3,12,3
5453,0.8750000000000001,-0.23809523809523808,0.38095238095238093,0.42857142857142855,1.0,0.7777777777777778,7,9,7
5454,0.4615384615384615,0.3333333333333333,0.6666666666666666,0.6666666666666666,1.0,0.3,3,10,3
5455,0.5,0.2,0.6,0.6,1.0,0.3333333333333333,5,15,5
5456,0.8333333333333333,0.0,0.5,0.6,1.0,0.7142857142857143,5,7,5
5457,0.9090909090909091,0.2,0.6,0.6,0.8333333333333334,1.0,6,5,5
5458,0.7142857142857143,0.0,0.5,0.4,1.0,0.5555555555555556,5,9,5
5460,0.7000000000000001,-0.23809523809523808,0.38095238095238093,0.5714285714285714,1.0,0.5384615384615384,7,13,7
5461,0.7058823529411764,0.2,0.6,0.6666666666666666,1.0,0.5454545454545454,6,11,6
5462,0.8,0.3333333333333333,0.6666666666666666,0.75,1.0,0.6666666666666666,4,6,4
5463,0.6153846153846153,-0.3333333333333333,0.33333333333333337,0.5,1.0,0.4444444444444444,4,9,4
5464,0.6153846153846153,-0.6666666666666666,0.16666666666666669,0.5,1.0,0.4444444444444444,4,9,4
5465,0.7272727272727273,0.0,0.5,0.75,1.0,0.5714285714285714,4,7,4
5466,1.0,0.4666666666666667,0.7333333333333334,0.5,1.0,1.0,6,6,6
5467,0.5555555555555556,-0.2,0.4,0.4,1.0,0.38461538461538464,5,13,5
5468,0.6666666666666666,-0.3333333333333333,0.33333333333333337,0.5,1.0,0.5,4,8,4
5469,0.5,0.3333333333333333,0.6666666666666666,0.75,1.0,0.3333333333333333,4,12,4
5470,0.5882352941176471,0.4,0.7,0.8,1.0,0.4166666666666667,5,12,5
5471,0.6666666666666666,0.0,0.5,0.5,1.0,0.5,4,8,4
5472,0.6,-0.3333333333333333,0.33333333333333337,0.6666666666666666,1.0,0.42857142857142855,3,7,3
5473,0.7272727272727273,0.0,0.5,0.75,1.0,0.5714285714285714,4,7,4
5474,0.47058823529411764,-0.3333333333333333,0.33333333333333337,0.5,1.0,0.3076923076923077,4,13,4
5475,0.7499999999999999,-0.06666666666666667,0.4666666666666667,0.5,1.0,0.6,6,10,6
5476,0.6666666666666666,-0.4,0.3,0.4,1.0,0.5,5,10,5
5478,0.7692307692307693,-0.6,0.2,0.4,1.0,0.625,5,8,5
5479,0.4210526315789474,0.3333333333333333,0.6666666666666666,0.75,1.0,0.26666666666666666,4,15,4
5480,0.5714285714285715,0.3333333333333333,0.6666666666666666,0.75,1.0,0.4,4,10,4
5481,0.6666666666666666,0.3333333333333333,0.6666666666666666,0.6666666666666666,1.0,0.5,6,12,6
5482,0.47058823529411764,0.3333333333333333,0.6666666666666666,0.75,1.0,0.3076923076923077,4,13,4
5483,0.8,1.0,1.0,1.0,0.6666666666666666,1.0,6,4,4
5484,0.6153846153846153,0.6666666666666666,0.8333333333333333,0.75,1.0,0.4444444444444444,4,9,4
5485,0.8333333333333333,-0.2,0.4,0.6,1.0,0.7142857142857143,5,7,5
5486,1.0,0.24242424242424243,0.6212121212121212,0.5,1.0,1.0,12,12,12
5487,0.7272727272727273,0.0,0.5,0.5,1.0,0.5714285714285714,4,7,4
5488,0.8333333333333333,0.0,0.5,0.6,1.0,0.7142857142857143,5,7,5
5489,0.6666666666666666,1.0,1.0,1.0,1.0,0.5,4,8,4
5490,0.4210526315789474,0.6666666666666666,0.8333333333333333,0.75,1.0,0.26666666666666666,4,15,4
5491,0.5333333333333333,-0.6666666666666666,0.16666666666666669,0.5,1.0,0.36363636363636365,4,11,4
5492,0.6666666666666666,0.06666666666666667,0.5333333333333333,0.5,1.0,0.5,6,12,6
5493,0.7142857142857143,0.0,0.5,0.6,1.0,0.5555555555555556,5,9,5
5494,0.625,0.2,0.6,0.4,1.0,0.45454545454545453,5,11,5
5495,0.7272727272727273,0.3333333333333333,0.6666666666666666,0.75,1.0,0.5714285714285714,4,7,4
5496,0.923076923076923,0.3333333333333333,0.6666666666666666,0.6666666666666666,1.0,0.8571428571428571,6,7,6
5497,0.6666666666666666,0.4,0.7,0.6,1.0,0.5,5,10,5
5498,0.4615384615384615,1.0,1.0,1.0,1.0,0.3,3,10,3
5499,0.6666666666666666,0.4,0.7,0.8,1.0,0.5,5,10,5
5500,0.6666666666666666,0.2777777777777778,0.6388888888888888,0.5555555555555556,1.0,0.5,9,18,9
5501,0.5333333333333333,0.3333333333333333,0.6666666666666666,0.75,1.0,0.36363636363636365,4,11,4
5502,0.88,0.2727272727272727,0.6363636363636364,0.7272727272727273,0.7857142857142857,1.0,14,11,11
5503,0.35294117647058826,0.3333333333333333,0.6666666666666666,0.6666666666666666,1.0,0.21428571428571427,3,14,3
5504,0.5333333333333333,-0.3333333333333333,0.33333333333333337,0.5,1.0,0.36363636363636365,4,11,4
5505,0.5833333333333334,0.42857142857142855,0.7142857142857143,0.5714285714285714,1.0,0.4117647058823529,7,17,7
5506,0.6666666666666666,0.3333333333333333,0.6666666666666666,0.6666666666666666,1.0,0.5,3,6,3
5507,0.47058823529411764,0.6666666666666666,0.8333333333333333,0.75,1.0,0.3076923076923077,4,13,4
5508,0.5,1.0,1.0,1.0,1.0,0.3333333333333333,4,12,4
5509,0.5,-0.3333333333333333,0.33333333333333337,0.6666666666666666,1.0,0.3333333333333333,3,9,3
5510,0.375,0.3333333333333333,0.6666666666666666,0.6666666666666666,1.0,0.23076923076923078,3,13,3
5511,0.4,-1.0,0.0,0.3333333333333333,1.0,0.25,3,12,3
5512,0.42857142857142855,0.3333333333333333,0.6666666666666666,0.6666666666666666,1.0,0.2727272727272727,3,11,3
5513,0.5333333333333333,0.6666666666666666,0.8333333333333333,0.75,1.0,0.36363636363636365,4,11,4
5514,0.9090909090909091,-0.2,0.4,0.6,1.0,0.8333333333333334,5,6,5
5515,0.6666666666666666,1.0,1.0,1.0,0.5,1.0,2,1,1
5516,0.88,0.05454545454545454,0.5272727272727272,0.5454545454545454,0.7857142857142857,1.0,14,11,11
5517,0.8333333333333333,0.4,0.7,0.6,1.0,0.7142857142857143,5,7,5
5518,0.33333333333333337,1.0,1.0,1.0,0.2,1.0,5,1,1
5519,0.7272727272727273,0.3333333333333333,0.6666666666666666,0.75,1.0,0.5714285714285714,4,7,4
5520,0.7272727272727273,-0.3333333333333333,0.33333333333333337,0.5,1.0,0.5714285714285714,4,7,4
5521,0.5,1.0,1.0,1.0,0.3333333333333333,1.0,3,1,1
5522,0.6666666666666666,0.6666666666666666,0.8333333333333333,0.75,1.0,0.5,4,8,4
5523,0.923076923076923,0.8666666666666667,0.9333333333333333,0.8333333333333334,1.0,0.8571428571428571,6,7,6
5524,0.5714285714285715,-0.3333333333333333,0.33333333333333337,0.5,1.0,0.4,4,10,4
5525,0.5714285714285715,0.3333333333333333,0.6666666666666666,0.75,1.0,0.4,4,10,4
5526,0.8,0.6666666666666666,0.8333333333333333,0.75,1.0,0.6666666666666666,4,6,4
5527,0.5,0.0,0.5,0.6,1.0,0.3333333333333333,5,15,5
5528,0.6666666666666666,-0.3333333333333333,0.33333333333333337,0.5,1.0,0.5,4,8,4
5529,0.6666666666666666,0.3333333333333333,0.6666666666666666,0.6666666666666666,1.0,0.5,3,6,3
5530,0.6666666666666666,-0.2,0.4,0.6,1.0,0.5,5,10,5
5531,0.7142857142857143,0.0,0.5,0.6,1.0,0.5555555555555556,5,9,5
5532,0.5,0.6666666666666666,0.8333333333333333,0.75,1.0,0.3333333333333333,4,12,4
5533,0.6666666666666666,0.047619047619047616,0.5238095238095238,0.5714285714285714,1.0,0.5,7,14,7
5534,0.4615384615384615,-0.3333333333333333,0.33333333333333337,0.6666666666666666,1.0,0.3,3,10,3
5535,0.9090909090909091,0.0,0.5,0.6,1.0,0.8333333333333334,5,6,5
5536,0.7272727272727273,0.0,0.5,0.5,1.0,0.5714285714285714,4,7,4
5537,1.0,0.3333333333333333,0.6666666666666666,0.6666666666666666,1.0,1.0,6,6,6
5538,0.4,1.0,1.0,1.0,1.0,0.25,3,12,3
5539,0.5555555555555556,0.4,0.7,0.6,1.0,0.38461538461538464,5,13,5
5540,0.7272727272727273,1.0,1.0,1.0,1.0,0.5714285714285714,4,7,4
5541,0.8571428571428571,-0.2,0.4,0.5,1.0,0.75,6,8,6
5542,1.0,0.14285714285714285,0.5714285714285714,0.5714285714285714,1.0,1.0,7,7,7
5543,0.9090909090909091,0.6,0.8,0.8,1.0,0.8333333333333334,5,6,5
5544,0.8,0.0,0.5,0.5,1.0,0.6666666666666666,4,6,4
5545,0.5555555555555556,0.6,0.8,0.8,1.0,0.38461538461538464,5,13,5
5546,0.8,0.2,0.6,0.6666666666666666,1.0,0.6666666666666666,6,9,6
5547,0.4,-0.3333333333333333,0.33333333333333337,0.6666666666666666,1.0,0.25,3,12,3
5548,0.9333333333333333,0.42857142857142855,0.7142857142857143,0.7142857142857143,1.0,0.875,7,8,7
5549,0.375,0.3333333333333333,0.6666666666666666,0.6666666666666666,1.0,0.23076923076923078,3,13,3
5550,0.7368421052631579,0.14285714285714285,0.5714285714285714,0.5714285714285714,1.0,0.5833333333333334,7,12,7
5551,0.5714285714285715,0.3333333333333333,0.6666666666666666,0.75,1.0,0.4,4,10,4
5552,0.625,0.8,0.9,0.8,1.0,0.45454545454545453,5,11,5
5553,0.42857142857142855,-1.0,0.0,0.3333333333333333,1.0,0.2727272727272727,3,11,3
5554,0.6153846153846153,0.3333333333333333,0.6666666666666666,0.75,1.0,0.4444444444444444,4,9,4
5555,0.6666666666666666,0.0,0.5,0.5,1.0,0.5,4,8,4
5556,0.6666666666666666,-0.8,0.09999999999999998,0.4,1.0,0.5,5,10,5
5557,0.7499999999999999,-0.06666666666666667,0.4666666666666667,0.3333333333333333,1.0,0.6,6,10,6
5558,0.7142857142857143,-0.4,0.3,0.4,1.0,0.5555555555555556,5,9,5
5559,0.631578947368421,0.2,0.6,0.6666666666666666,1.0,0.46153846153846156,6,13,6
5560,0.4,0.3333333333333333,0.6666666666666666,0.6666666666666666,1.0,0.25,3,12,3
5561,0.47058823529411764,0.3333333333333333,0.6666666666666666,0.75,1.0,0.3076923076923077,4,13,4
5562,0.7000000000000001,0.14285714285714285,0.5714285714285714,0.5714285714285714,1.0,0.5384615384615384,7,13,7
5563,1.0,0.0,0.5,0.4,1.0,1.0,5,5,5
5564,0.5882352941176471,-0.4,0.3,0.4,1.0,0.4166666666666667,5,12,5
5565,0.5,0.0,0.5,0.6,1.0,0.3333333333333333,5,15,5
5567,0.9473684210526316,0.5555555555555556,0.7777777777777778,0.6666666666666666,1.0,0.9,9,10,9
5568,0.7142857142857143,0.8,0.9,0.8,1.0,0.5555555555555556,5,9,5
5569,0.6666666666666666,0.3333333333333333,0.6666666666666666,0.6666666666666666,1.0,0.5,3,6,3
5570,0.9090909090909091,0.4,0.7,0.6,1.0,0.8333333333333334,5,6,5
5571,0.6153846153846153,-0.3333333333333333,0.33333333333333337,0.5,1.0,0.4444444444444444,4,9,4
5572,0.6666666666666666,-0.8,0.09999999999999998,0.4,1.0,0.5,5,10,5
5573,0.6666666666666666,0.6666666666666666,0.8333333333333333,0.75,1.0,0.5,4,8,4
5574,1.0,-0.23809523809523808,0.38095238095238093,0.5714285714285714,1.0,1.0,7,7,7
5575,0.8,-0.3333333333333333,0.33333333333333337,0.5,1.0,0.6666666666666666,4,6,4
5576,0.375,-0.3333333333333333,0.33333333333333337,0.6666666666666666,1.0,0.23076923076923078,3,13,3
5577,0.5,0.0,0.5,0.6,1.0,0.3333333333333333,5,15,5
5578,0.888888888888889,0.0,0.5,0.5,1.0,0.8,4,5,4
5579,0.8,0.2857142857142857,0.6428571428571428,0.625,1.0,0.6666666666666666,8,12,8
5580,0.5454545454545454,-0.3333333333333333,0.33333333333333337,0.6666666666666666,1.0,0.375,3,8,3
5581,0.4,0.3333333333333333,0.6666666666666666,0.6666666666666666,1.0,0.25,3,12,3
5582,0.8750000000000001,0.42857142857142855,0.7142857142857143,0.7142857142857143,1.0,0.7777777777777778,7,9,7
5583,0.5882352941176471,0.8,0.9,0.8,1.0,0.4166666666666667,5,12,5
5584,0.4444444444444445,-0.6666666666666666,0.16666666666666669,0.5,1.0,0.2857142857142857,4,14,4
5585,0.8333333333333333,0.3333333333333333,0.6666666666666666,0.5,0.7142857142857143,1.0,14,10,10
5586,0.5,0.3333333333333333,0.6666666666666666,0.6666666666666666,1.0,0.3333333333333333,3,9,3
5587,0.888888888888889,0.0,0.5,0.5,1.0,0.8,4,5,4
5588,0.8,0.0,0.5,0.75,1.0,0.6666666666666666,4,6,4
5589,0.42857142857142855,-0.3333333333333333,0.33333333333333337,0.6666666666666666,1.0,0.2727272727272727,3,11,3
5590,0.5,1.0,1.0,1.0,1.0,0.3333333333333333,4,12,4
5591,0.5,-0.3333333333333333,0.33333333333333337,0.6666666666666666,1.0,0.3333333333333333,3,9,3
5592,0.625,0.0,0.5,0.6,1.0,0.45454545454545453,5,11,5
5593,0.4615384615384615,-1.0,0.0,0.3333333333333333,1.0,0.3,3,10,3
5594,0.8421052631578948,0.2857142857142857,0.6428571428571428,0.5,1.0,0.7272727272727273,8,11,8
5595,0.4444444444444445,0.3333333333333333,0.6666666666666666,0.75,1.0,0.2857142857142857,4,14,4
5596,0.42857142857142855,0.3333333333333333,0.6666666666666666,0.6666666666666666,1.0,0.2727272727272727,3,11,3
5597,0.6,-0.3333333333333333,0.33333333333333337,0.6666666666666666,1.0,0.42857142857142855,3,7,3
5598,0.4444444444444445,-0.3333333333333333,0.33333333333333337,0.5,1.0,0.2857142857142857,4,14,4
5599,0.7142857142857143,0.4,0.7,0.6,1.0,0.5555555555555556,5,9,5
5600,0.5714285714285715,1.0,1.0,1.0,1.0,0.4,4,10,4
5601,0.7499999999999999,-0.6,0.2,0.3333333333333333,1.0,0.6,6,10,6
5602,0.7692307692307693,-0.2,0.4,0.6,1.0,0.625,5,8,5
5603,0.7142857142857143,0.0,0.5,0.4,1.0,0.5555555555555556,5,9,5
5604,0.5333333333333333,-0.3333333333333333,0.33333333333333337,0.5,1.0,0.36363636363636365,4,11,4
5605,0.6666666666666666,0.6666666666666666,0.8333333333333333,0.75,1.0,0.5,4,8,4
5606,0.6,0.3333333333333333,0.6666666666666666,0.6666666666666666,1.0,0.42857142857142855,3,7,3
5607,0.16666666666666669,1.0,1.0,1.0,1.0,0.09090909090909091,1,11,1
5608,0.6666666666666666,-0.2,0.4,0.6,1.0,0.5,5,10,5
5609,0.7368421052631579,0.42857142857142855,0.7142857142857143,0.5714285714285714,1.0,0.5833333333333334,7,12,7
5610,0.5882352941176471,0.6,0.8,0.8,1.0,0.4166666666666667,5,12,5
5611,1.0,0.8,0.9,0.8,1.0,1.0,5,5,5
5612,0.7692307692307693,0.0,0.5,0.4,1.0,0.625,5,8,5
5614,0.4,-0.3333333333333333,0.33333333333333337,0.6666666666666666,1.0,0.25,3,12,3
5615,0.8333333333333333,0.0,0.5,0.6,1.0,0.7142857142857143,5,7,5
5616,0.5,-0.3333333333333333,0.33333333333333337,0.5,1.0,0.3333333333333333,4,12,4
5617,0.9090909090909091,0.0,0.5,0.6,1.0,0.8333333333333334,5,6,5
5618,0.5454545454545454,0.3333333333333333,0.6666666666666666,0.6666666666666666,1.0,0.375,3,8,3
5619,0.625,0.6,0.8,0.8,1.0,0.45454545454545453,5,11,5
5620,0.5714285714285715,0.0,0.5,0.5,1.0,0.4,4,10,4
5621,0.4444444444444445,0.6666666666666666,0.8333333333333333,0.75,1.0,0.2857142857142857,4,14,4
5622,0.4,1.0,1.0,1.0,0.25,1.0,4,1,1
5623,0.35294117647058826,1.0,1.0,1.0,1.0,0.21428571428571427,3,14,3
5624,0.6,1.0,1.0,1.0,1.0,0.42857142857142855,3,7,3
5625,0.4210526315789474,0.0,0.5,0.5,1.0,0.26666666666666666,4,15,4
5626,0.761904761904762,0.07142857142857142,0.5357142857142857,0.5,1.0,0.6153846153846154,8,13,8
5627,0.8333333333333333,0.4,0.7,0.6,1.0,0.7142857142857143,5,7,5
5628,0.8,-0.3333333333333333,0.33333333333333337,0.5,1.0,0.6666666666666666,4,6,4
5629,0.5714285714285715,1.0,1.0,1.0,1.0,0.4,2,5,2
5630,0.375,-0.3333333333333333,0.33333333333333337,0.6666666666666666,1.0,0.23076923076923078,3,13,3
5631,0.7368421052631579,0.047619047619047616,0.5238095238095238,0.5714285714285714,1.0,0.5833333333333334,7,12,7
5632,0.5,-0.6666666666666666,0.16666666666666669,0.5,1.0,0.3333333333333333,4,12,4
5633,0.6666666666666666,-0.6190476190476191,0.19047619047619047,0.2857142857142857,1.0,0.5,7,14,7
5634,0.5,1.0,1.0,1.0,1.0,0.3333333333333333,3,9,3
5635,0.6666666666666666,1.0,1.0,1.0,1.0,0.5,4,8,4
5636,0.7692307692307693,1.0,1.0,1.0,1.0,0.625,5,8,5
5637,0.8571428571428571,-0.06666666666666667,0.4666666666666667,0.3333333333333333,1.0,0.75,6,8,6
5638,0.8333333333333333,0.6,0.8,0.6,1.0,0.7142857142857143,5,7,5
5639,0.5714285714285715,0.0,0.5,0.5,1.0,0.4,4,10,4
5640,0.7692307692307693,0.0,0.5,0.6,1.0,0.625,5,8,5
5641,0.5714285714285715,-0.3333333333333333,0.33333333333333337,0.5,1.0,0.4,4,10,4
5642,0.5454545454545454,0.3333333333333333,0.6666666666666666,0.6666666666666666,1.0,0.375,3,8,3
5644,0.5882352941176471,0.6,0.8,0.8,1.0,0.4166666666666667,5,12,5
5645,0.47058823529411764,-1.0,0.0,0.25,1.0,0.3076923076923077,4,13,4
5646,0.5333333333333333,-0.3333333333333333,0.33333333333333337,0.5,1.0,0.36363636363636365,4,11,4
5647,0.6363636363636364,-0.3333333333333333,0.33333333333333337,0.42857142857142855,1.0,0.4666666666666667,7,15,7
5648,0.9090909090909091,-0.2,0.4,0.6,1.0,0.8333333333333334,5,6,5
5650,0.6666666666666666,-0.6666666666666666,0.16666666666666669,0.5,1.0,0.5,4,8,4
5651,0.5333333333333333,0.0,0.5,0.5,1.0,0.36363636363636365,4,11,4
5652,0.6153846153846153,0.0,0.5,0.5,1.0,0.4444444444444444,4,9,4
5653,0.5882352941176471,0.6,0.8,0.6,1.0,0.4166666666666667,5,12,5
5654,0.631578947368421,0.3333333333333333,0.6666666666666666,0.8333333333333334,1.0,0.46153846153846156,6,13,6
5655,0.7000000000000001,-0.23809523809523808,0.38095238095238093,0.42857142857142855,1.0,0.5384615384615384,7,13,7
5656,0.5,-0.2,0.4,0.4,1.0,0.3333333333333333,5,15,5
5657,0.9090909090909091,0.4,0.7,0.6,0.8333333333333334,1.0,6,5,5
5658,1.0,0.14285714285714285,0.5714285714285714,0.42857142857142855,1.0,1.0,7,7,7
5659,0.7692307692307693,0.2,0.6,0.6,1.0,0.625,5,8,5
5661,0.33333333333333337,1.0,1.0,1.0,0.2,1.0,5,1,1
5662,0.625,1.0,1.0,1.0,1.0,0.45454545454545453,5,11,5
5663,0.5,0.0,0.5,0.75,1.0,0.3333333333333333,4,12,4
5664,0.7142857142857143,0.2,0.6,0.6,1.0,0.5555555555555556,5,9,5
5665,0.631578947368421,-0.2,0.4,0.5,1.0,0.46153846153846156,6,13,6
5666,0.5333333333333333,-0.3333333333333333,0.33333333333333337,0.5,1.0,0.36363636363636365,4,11,4
5668,0.5,0.3333333333333333,0.6666666666666666,0.75,1.0,0.3333333333333333,4,12,4
5669,0.5454545454545454,-0.3333333333333333,0.33333333333333337,0.6666666666666666,1.0,0.375,3,8,3
5670,0.8235294117647058,0.3333333333333333,0.6666666666666666,0.5714285714285714,1.0,0.7,7,10,7
5671,0.33333333333333337,1.0,1.0,1.0,1.0,0.2,3,15,3
5672,0.6666666666666666,-0.4,0.3,0.4,1.0,0.5,5,10,5
5673,0.5,0.0,0.5,0.75,1.0,0.3333333333333333,4,12,4
5674,0.7142857142857143,0.4,0.7,0.6,1.0,0.5555555555555556,5,9,5
5675,0.4210526315789474,1.0,1.0,1.0,1.0,0.26666666666666666,4,15,4
5676,0.8571428571428571,-0.06666666666666667,0.4666666666666667,0.5,1.0,0.75,6,8,6
5677,0.5454545454545454,0.3333333333333333,0.6666666666666666,0.6666666666666666,1.0,0.375,3,8,3
5678,0.5263157894736842,0.4,0.7,0.6,1.0,0.35714285714285715,5,14,5
5679,0.47058823529411764,-0.6666666666666666,0.16666666666666669,0.5,1.0,0.3076923076923077,4,13,4
5680,0.4,0.3333333333333333,0.6666666666666666,0.6666666666666666,1.0,0.25,3,12,3
5681,0.4615384615384615,-0.3333333333333333,0.33333333333333337,0.6666666666666666,1.0,0.3,3,10,3
5682,0.4615384615384615,1.0,1.0,1.0,1.0,0.3,3,10,3
5683,1.0,0.06666666666666667,0.5333333333333333,0.6666666666666666,1.0,1.0,6,6,6
5684,0.7272727272727273,0.0,0.5,0.75,1.0,0.5714285714285714,4,7,4
5685,0.6666666666666666,-0.8,0.09999999999999998,0.4,1.0,0.5,5,10,5
5686,0.6,0.3333333333333333,0.6666666666666666,0.6666666666666666,1.0,0.42857142857142855,3,7,3
5689,0.5714285714285715,0.3333333333333333,0.6666666666666666,0.6666666666666666,1.0,0.4,6,15,6
5690,0.47619047619047616,0.2,0.6,0.6,1.0,0.3125,5,16,5
5691,0.4,0.0,0.5,0.5,1.0,0.25,4,16,4
5692,0.6,0.6,0.8,0.6666666666666666,1.0,0.42857142857142855,6,14,6
5693,0.8571428571428571,0.3333333333333333,0.6666666666666666,0.5,1.0,0.75,6,8,6
5694,0.7142857142857143,0.6,0.8,0.8,1.0,0.5555555555555556,5,9,5
5695,0.47058823529411764,0.0,0.5,0.75,1.0,0.3076923076923077,4,13,4
5696,0.6666666666666666,-0.3333333333333333,0.33333333333333337,0.6666666666666666,1.0,0.5,3,6,3
5697,0.4,1.0,1.0,1.0,0.25,1.0,4,1,1
5698,0.9411764705882353,0.5714285714285714,0.7857142857142857,0.625,1.0,0.8888888888888888,8,9,8
5699,0.7272727272727273,0.0,0.5,0.5,1.0,0.5714285714285714,4,7,4
5700,0.5555555555555556,1.0,1.0,1.0,1.0,0.38461538461538464,5,13,5
5701,0.33333333333333337,0.3333333333333333,0.6666666666666666,0.6666666666666666,1.0,0.2,3,15,3
5703,0.33333333333333337,1.0,1.0,1.0,0.2,1.0,5,1,1
5704,0.7692307692307693,-0.4,0.3,0.4,1.0,0.625,5,8,5
5705,0.4,-0.3333333333333333,0.33333333333333337,0.6666666666666666,1.0,0.25,3,12,3
5706,0.42857142857142855,-0.3333333333333333,0.33333333333333337,0.6666666666666666,1.0,0.2727272727272727,3,11,3
5707,0.7272727272727273,-0.3333333333333333,0.33333333333333337,0.5,1.0,0.5714285714285714,4,7,4
5708,0.42857142857142855,0.3333333333333333,0.6666666666666666,0.6666666666666666,1.0,0.2727272727272727,3,11,3
5709,0.8333333333333333,0.6,0.8,0.8,1.0,0.7142857142857143,5,7,5
5711,1.0,0.3333333333333333,0.6666666666666666,0.6666666666666666,1.0,1.0,6,6,6
5712,0.5,-0.3333333333333333,0.33333333333333337,0.6666666666666666,1.0,0.3333333333333333,3,9,3
5713,0.6666666666666666,0.06666666666666667,0.5333333333333333,0.6666666666666666,1.0,0.5,6,12,6
5714,0.6666666666666666,0.6666666666666666,0.8333333333333333,0.75,1.0,0.5,4,8,4
5715,0.7777777777777778,-0.5238095238095238,0.23809523809523808,0.2857142857142857,1.0,0.6363636363636364,7,11,7
5716,0.6666666666666666,0.6666666666666666,0.8333333333333333,0.75,1.0,0.5,4,8,4
5717,0.375,1.0,1.0,1.0,1.0,0.23076923076923078,3,13,3
5718,0.6,0.06666666666666667,0.5333333333333333,0.6666666666666666,1.0,0.42857142857142855,6,14,6
5719,0.6,-0.7333333333333333,0.13333333333333336,0.3333333333333333,1.0,0.42857142857142855,6,14,6
5720,0.9090909090909091,0.4,0.7,0.6,1.0,0.8333333333333334,5,6,5
5721,0.5333333333333333,0.3333333333333333,0.6666666666666666,0.5,1.0,0.36363636363636365,4,11,4
5722,1.0,-0.2,0.4,0.6,1.0,1.0,5,5,5
5723,0.8,0.6,0.8,0.6666666666666666,1.0,0.6666666666666666,6,9,6
5724,0.6666666666666666,0.0,0.5,0.5,1.0,0.5,4,8,4
5725,0.7272727272727273,-0.3333333333333333,0.33333333333333337,0.5,1.0,0.5714285714285714,4,7,4
5726,0.6666666666666666,0.42857142857142855,0.7142857142857143,0.5714285714285714,1.0,0.5,7,14,7
5727,0.7058823529411764,0.4666666666666667,0.7333333333333334,0.5,1.0,0.5454545454545454,6,11,6
5728,0.625,0.6,0.8,0.8,1.0,0.45454545454545453,5,11,5
5729,0.5263157894736842,-0.6,0.2,0.4,1.0,0.35714285714285715,5,14,5
5730,0.5882352941176471,0.2,0.6,0.4,1.0,0.4166666666666667,5,12,5
5731,0.4,1.0,1.0,1.0,1.0,0.25,3,12,3
5732,0.8333333333333333,0.2,0.6,0.6,1.0,0.7142857142857143,5,7,5
5733,0.5333333333333333,0.6666666666666666,0.8333333333333333,0.75,1.0,0.36363636363636365,4,11,4
5734,0.4210526315789474,0.0,0.5,0.75,1.0,0.26666666666666666,4,15,4
5735,0.5263157894736842,-0.4,0.3,0.4,1.0,0.35714285714285715,5,14,5
5736,0.5882352941176471,-0.4,0.3,0.6,1.0,0.4166666666666667,5,12,5
5738,0.5714285714285715,0.6666666666666666,0.8333333333333333,0.75,1.0,0.4,4,10,4
5739,0.6666666666666666,0.0,0.5,0.6,1.0,0.5,5,10,5
5740,0.9090909090909091,0.4,0.7,0.6,0.8333333333333334,1.0,6,5,5
5741,0.5714285714285715,0.3333333333333333,0.6666666666666666,0.5,1.0,0.4,4,10,4
5742,0.8571428571428571,0.06666666666666667,0.5333333333333333,0.5,1.0,0.75,6,8,6
5743,0.923076923076923,-0.06666666666666667,0.4666666666666667,0.5,0.8571428571428571,1.0,7,6,6
5744,0.631578947368421,0.3333333333333333,0.6666666666666666,0.6666666666666666,1.0,0.46153846153846156,6,13,6
5745,0.4444444444444445,1.0,1.0,1.0,1.0,0.2857142857142857,4,14,4
5746,0.47058823529411764,0.3333333333333333,0.6666666666666666,0.75,1.0,0.3076923076923077,4,13,4
5747,0.4,1.0,1.0,1.0,1.0,0.25,3,12,3
5748,0.9411764705882353,0.5714285714285714,0.7857142857142857,0.75,1.0,0.8888888888888888,8,9,8
5749,0.7272727272727273,0.6666666666666666,0.8333333333333333,0.75,1.0,0.5714285714285714,4,7,4
5750,0.35294117647058826,-0.3333333333333333,0.33333333333333337,0.6666666666666666,1.0,0.21428571428571427,3,14,3
5751,0.5333333333333333,-0.6666666666666666,0.16666666666666669,0.5,1.0,0.36363636363636365,4,11,4
5752,0.5882352941176471,-0.8,0.09999999999999998,0.4,1.0,0.4166666666666667,5,12,5
5753,0.888888888888889,-0.6666666666666666,0.16666666666666669,0.5,1.0,0.8,4,5,4
5754,0.8695652173913044,0.022222222222222223,0.5111111111111111,0.5,1.0,0.7692307692307693,10,13,10
5755,0.6666666666666666,0.3333333333333333,0.6666666666666666,0.75,1.0,0.5,4,8,4
5756,0.4444444444444445,0.6666666666666666,0.8333333333333333,0.75,1.0,0.2857142857142857,4,14,4
5758,0.8,0.0,0.5,0.75,1.0,0.6666666666666666,4,6,4
5759,0.8235294117647058,0.047619047619047616,0.5238095238095238,0.5714285714285714,1.0,0.7,7,10,7
5760,0.5714285714285715,0.6666666666666666,0.8333333333333333,0.75,1.0,0.4,4,10,4
5761,0.375,0.3333333333333333,0.6666666666666666,0.6666666666666666,1.0,0.23076923076923078,3,13,3
5762,0.5714285714285715,0.0,0.5,0.5,1.0,0.4,4,10,4
5763,0.625,0.8,0.9,0.8,1.0,0.45454545454545453,5,11,5
5764,0.6153846153846153,0.0,0.5,0.75,1.0,0.4444444444444444,4,9,4
5765,0.6666666666666666,0.3333333333333333,0.6666666666666666,0.75,1.0,0.5,4,8,4
5766,0.47058823529411764,-0.3333333333333333,0.33333333333333337,0.5,1.0,0.3076923076923077,4,13,4
5767,0.6666666666666666,-0.6,0.2,0.4,1.0,0.5,5,10,5
5768,0.2222222222222222,1.0,1.0,1.0,0.125,1.0,8,1,1
5769,0.47058823529411764,0.0,0.5,0.5,1.0,0.3076923076923077,4,13,4
5771,0.5333333333333333,0.6666666666666666,0.8333333333333333,0.75,1.0,0.36363636363636365,4,11,4
5773,0.4,-0.3333333333333333,0.33333333333333337,0.6666666666666666,1.0,0.25,3,12,3
5774,0.5714285714285715,-0.6666666666666666,0.16666666666666669,0.5,1.0,0.4,4,10,4
5775,0.7499999999999999,0.06666666666666667,0.5333333333333333,0.5,1.0,0.6,6,10,6
5776,0.8571428571428571,0.3333333333333333,0.6666666666666666,0.6666666666666666,1.0,0.75,6,8,6
5777,0.6666666666666666,0.6,0.8,0.8,1.0,0.5,5,10,5
5778,0.6666666666666666,-0.4,0.3,0.4,1.0,0.5,5,10,5
5779,0.47058823529411764,0.0,0.5,0.5,1.0,0.3076923076923077,4,13,4
5780,0.5454545454545454,0.3333333333333333,0.6666666666666666,0.6666666666666666,1.0,0.375,3,8,3
5781,0.8333333333333333,0.4,0.7,0.6,1.0,0.7142857142857143,5,7,5
5782,0.8,0.6666666666666666,0.8333333333333333,0.75,1.0,0.6666666666666666,4,6,4
5783,0.375,0.3333333333333333,0.6666666666666666,0.6666666666666666,1.0,0.23076923076923078,3,13,3
5784,0.7692307692307693,0.2,0.6,0.8,1.0,0.625,5,8,5
5785,0.6,1.0,1.0,1.0,1.0,0.42857142857142855,3,7,3
5786,0.7000000000000001,-0.3333333333333333,0.33333333333333337,0.42857142857142855,1.0,0.5384615384615384,7,13,7
5787,0.9090909090909091,0.8,0.9,0.8,1.0,0.8333333333333334,5,6,5
5790,0.7142857142857143,0.0,0.5,0.6,1.0,0.5555555555555556,5,9,5
5791,0.5,1.0,1.0,1.0,1.0,0.3333333333333333,4,12,4
5792,0.9565217391304348,0.05454545454545454,0.5272727272727272,0.5454545454545454,1.0,0.9166666666666666,11,12,11
5793,0.6666666666666666,0.0,0.5,0.6,1.0,0.5,5,10,5
5794,0.9333333333333333,0.6190476190476191,0.8095238095238095,0.5714285714285714,1.0,0.875,7,8,7
5795,0.5714285714285715,0.6666666666666666,0.8333333333333333,0.75,1.0,0.4,4,10,4
5797,0.5333333333333333,0.0,0.5,0.5,1.0,0.36363636363636365,4,11,4
5798,0.6153846153846153,-0.3333333333333333,0.33333333333333337,0.5,1.0,0.4444444444444444,4,9,4
5799,1.0,0.0,0.5,0.6,1.0,1.0,5,5,5
5800,0.5555555555555556,0.6,0.8,0.6,1.0,0.38461538461538464,5,13,5
5801,0.5714285714285715,0.0,0.5,0.5,1.0,0.4,4,10,4
5802,0.4210526315789474,-0.3333333333333333,0.33333333333333337,0.5,1.0,0.26666666666666666,4,15,4
5803,0.8333333333333333,-0.8,0.09999999999999998,0.4,1.0,0.7142857142857143,5,7,5
5804,0.8,0.3333333333333333,0.6666666666666666,0.75,1.0,0.6666666666666666,4,6,4
5805,0.7272727272727273,-0.6666666666666666,0.16666666666666669,0.5,1.0,0.5714285714285714,4,7,4
5807,0.5333333333333333,0.3333333333333333,0.6666666666666666,0.5,1.0,0.36363636363636365,4,11,4
5808,0.6666666666666666,0.0,0.5,0.6,1.0,0.5,5,10,5
5809,0.5,0.3333333333333333,0.6666666666666666,0.6666666666666666,1.0,0.3333333333333333,3,9,3
5810,0.5333333333333333,0.3333333333333333,0.6666666666666666,0.75,1.0,0.36363636363636365,4,11,4
5811,0.5454545454545454,-0.3333333333333333,0.33333333333333337,0.6666666666666666,1.0,0.375,3,8,3
5812,0.5,-0.3333333333333333,0.33333333333333337,0.5,1.0,0.3333333333333333,4,12,4
5813,0.6153846153846153,0.0,0.5,0.75,1.0,0.4444444444444444,4,9,4
5814,0.5,0.3333333333333333,0.6666666666666666,0.6666666666666666,1.0,0.3333333333333333,3,9,3
5815,0.6,-0.3333333333333333,0.33333333333333337,0.6666666666666666,1.0,0.42857142857142855,3,7,3
5816,0.5714285714285715,0.6666666666666666,0.8333333333333333,0.75,1.0,0.4,4,10,4
5817,0.3076923076923077,1.0,1.0,1.0,1.0,0.18181818181818182,2,11,2
5818,0.888888888888889,0.3333333333333333,0.6666666666666666,0.75,1.0,0.8,4,5,4
5819,0.7777777777777778,0.23809523809523808,0.6190476190476191,0.7142857142857143,1.0,0.6363636363636364,7,11,7
5820,0.5714285714285715,0.3333333333333333,0.6666666666666666,0.75,1.0,0.4,4,10,4
5821,0.42857142857142855,0.3333333333333333,0.6666666666666666,0.6666666666666666,1.0,0.2727272727272727,3,11,3
5822,0.5714285714285715,0.3333333333333333,0.6666666666666666,0.75,1.0,0.4,4,10,4
5823,0.6153846153846153,0.3333333333333333,0.6666666666666666,0.5,1.0,0.4444444444444444,4,9,4
5824,0.5454545454545454,1.0,1.0,1.0,1.0,0.375,3,8,3
5825,0.6153846153846153,0.6666666666666666,0.8333333333333333,0.75,1.0,0.4444444444444444,4,9,4
5826,0.5454545454545454,0.3333333333333333,0.6666666666666666,0.6666666666666666,1.0,0.375,3,8,3
5827,0.7272727272727273,0.3333333333333333,0.6666666666666666,0.75,1.0,0.5714285714285714,4,7,4
5828,0.5714285714285715,-0.3333333333333333,0.33333333333333337,0.5,1.0,0.4,4,10,4
5830,0.5,0.3333333333333333,0.6666666666666666,0.6666666666666666,1.0,0.3333333333333333,3,9,3
5831,0.4615384615384615,1.0,1.0,1.0,1.0,0.3,3,10,3
5832,0.5,1.0,1.0,1.0,1.0,0.3333333333333333,3,9,3
5833,0.5454545454545454,0.3333333333333333,0.6666666666666666,0.6666666666666666,1.0,0.375,3,8,3
5834,0.33333333333333337,-1.0,0.0,0.5,1.0,0.2,2,10,2
5835,0.5,1.0,1.0,1.0,1.0,0.3333333333333333,3,9,3
5836,0.5454545454545454,-0.3333333333333333,0.33333333333333337,0.6666666666666666,1.0,0.375,3,8,3
5837,0.6153846153846153,0.6666666666666666,0.8333333333333333,0.75,1.0,0.4444444444444444,4,9,4
5838,0.4615384615384615,0.3333333333333333,0.6666666666666666,0.6666666666666666,1.0,0.3,3,10,3
5839,0.7142857142857143,0.8,0.9,0.8,1.0,0.5555555555555556,5,9,5
5840,0.6153846153846153,0.3333333333333333,0.6666666666666666,0.5,1.0,0.4444444444444444,4,9,4
5841,0.7142857142857143,0.4,0.7,0.8,1.0,0.5555555555555556,5,9,5
5842,0.5454545454545454,1.0,1.0,1.0,1.0,0.375,3,8,3
5843,0.6,-0.3333333333333333,0.33333333333333337,0.6666666666666666,1.0,0.42857142857142855,3,7,3
5844,0.5,-0.3333333333333333,0.33333333333333337,0.6666666666666666,1.0,0.3333333333333333,3,9,3
5845,0.6153846153846153,0.6666666666666666,0.8333333333333333,0.75,1.0,0.4444444444444444,4,9,4
5848,0.4615384615384615,-0.3333333333333333,0.33333333333333337,0.6666666666666666,1.0,0.3,3,10,3
5849,0.5714285714285715,-0.6666666666666666,0.16666666666666669,0.5,1.0,0.4,4,10,4
5850,0.5,-0.3333333333333333,0.33333333333333337,0.6666666666666666,1.0,0.3333333333333333,3,9,3
5851,0.6666666666666666,0.3333333333333333,0.6666666666666666,0.5,1.0,0.5,4,8,4
5852,0.5714285714285715,0.6666666666666666,0.8333333333333333,0.75,1.0,0.4,4,10,4
5853,0.5454545454545454,-0.3333333333333333,0.33333333333333337,0.6666666666666666,1.0,0.375,3,8,3
5854,0.6153846153846153,0.3333333333333333,0.6666666666666666,0.5,1.0,0.4444444444444444,4,9,4
5855,0.6153846153846153,0.0,0.5,0.5,1.0,0.4444444444444444,4,9,4
5856,0.5454545454545454,1.0,1.0,1.0,1.0,0.375,3,8,3
5857,0.42857142857142855,-0.3333333333333333,0.33333333333333337,0.6666666666666666,1.0,0.2727272727272727,3,11,3
5858,0.4444444444444445,1.0,1.0,1.0,1.0,0.2857142857142857,2,7,2
5859,0.5454545454545454,-0.3333333333333333,0.33333333333333337,0.6666666666666666,1.0,0.375,3,8,3
5860,0.6666666666666666,0.0,0.5,0.5,1.0,0.5,4,8,4
5861,0.5454545454545454,-0.3333333333333333,0.33333333333333337,0.6666666666666666,1.0,0.375,3,8,3
5862,0.5,-0.3333333333333333,0.33333333333333337,0.6666666666666666,1.0,0.3333333333333333,3,9,3
5863,0.5454545454545454,0.3333333333333333,0.6666666666666666,0.6666666666666666,1.0,0.375,3,8,3
5864,0.5454545454545454,0.3333333333333333,0.6666666666666666,0.6666666666666666,1.0,0.375,3,8,3
5865,0.5454545454545454,0.3333333333333333,0.6666666666666666,0.6666666666666666,1.0,0.375,3,8,3
5866,0.6153846153846153,0.0,0.5,0.5,1.0,0.4444444444444444,4,9,4
5867,0.6666666666666666,-0.3333333333333333,0.33333333333333337,0.5,1.0,0.5,4,8,4
5868,0.5454545454545454,0.3333333333333333,0.6666666666666666,0.6666666666666666,1.0,0.375,3,8,3
5869,0.5454545454545454,0.3333333333333333,0.6666666666666666,0.6666666666666666,1.0,0.375,3,8,3
5870,0.6153846153846153,0.3333333333333333,0.6666666666666666,0.75,1.0,0.4444444444444444,4,9,4
5871,0.5333333333333333,0.6666666666666666,0.8333333333333333,0.75,1.0,0.36363636363636365,4,11,4
5872,0.6,-0.3333333333333333,0.33333333333333337,0.6666666666666666,1.0,0.42857142857142855,3,7,3
5873,0.5454545454545454,-0.3333333333333333,0.33333333333333337,0.6666666666666666,1.0,0.375,3,8,3
5874,0.6666666666666666,1.0,1.0,1.0,1.0,0.5,4,8,4
5875,0.5714285714285715,0.6666666666666666,0.8333333333333333,0.75,1.0,0.4,4,10,4
5876,0.5454545454545454,1.0,1.0,1.0,1.0,0.375,3,8,3
5877,0.6666666666666666,0.6666666666666666,0.8333333333333333,0.75,1.0,0.5,4,8,4
5878,0.4,1.0,1.0,1.0,1.0,0.25,2,8,2
5879,0.5,0.3333333333333333,0.6666666666666666,0.6666666666666666,1.0,0.3333333333333333,3,9,3
5880,0.5,0.3333333333333333,0.6666666666666666,0.6666666666666666,1.0,0.3333333333333333,3,9,3
5881,0.6153846153846153,0.0,0.5,0.5,1.0,0.4444444444444444,4,9,4
5882,0.5454545454545454,0.3333333333333333,0.6666666666666666,0.6666666666666666,1.0,0.375,3,8,3
5883,0.6666666666666666,0.3333333333333333,0.6666666666666666,0.75,1.0,0.5,4,8,4
5884,0.5454545454545454,0.3333333333333333,0.6666666666666666,0.6666666666666666,1.0,0.375,3,8,3
5885,0.4615384615384615,-0.3333333333333333,0.33333333333333337,0.6666666666666666,1.0,0.3,3,10,3
5886,0.6666666666666666,0.3333333333333333,0.6666666666666666,0.75,1.0,0.5,4,8,4
5887,0.6666666666666666,1.0,1.0,1.0,1.0,0.5,4,8,4
5888,0.2857142857142857,1.0,1.0,1.0,1.0,0.16666666666666666,1,6,1
5889,0.2222222222222222,1.0,1.0,1.0,1.0,0.125,1,8,1
5890,0.6666666666666666,0.0,0.5,0.75,1.0,0.5,4,8,4
5891,0.5,-0.3333333333333333,0.33333333333333337,0.6666666666666666,1.0,0.3333333333333333,3,9,3
5892,0.5454545454545454,-1.0,0.0,0.3333333333333333,1.0,0.375,3,8,3
5893,0.6666666666666666,0.0,0.5,0.75,1.0,0.5,4,8,4
5894,0.2222222222222222,1.0,1.0,1.0,1.0,0.125,1,8,1
5895,0.3636363636363636,-1.0,0.0,0.5,1.0,0.2222222222222222,2,9,2
5896,0.42857142857142855,-0.3333333333333333,0.33333333333333337,0.6666666666666666,1.0,0.2727272727272727,3,11,3
5897,0.5714285714285715,0.3333333333333333,0.6666666666666666,0.75,1.0,0.4,4,10,4
5898,0.6,0.3333333333333333,0.6666666666666666,0.6666666666666666,1.0,0.42857142857142855,3,7,3
5899,0.6153846153846153,0.3333333333333333,0.6666666666666666,0.75,1.0,0.4444444444444444,4,9,4
5900,0.4615384615384615,1.0,1.0,1.0,1.0,0.3,3,10,3
5901,0.4615384615384615,-0.3333333333333333,0.33333333333333337,0.6666666666666666,1.0,0.3,3,10,3
5902,0.7142857142857143,0.4,0.7,0.8,1.0,0.5555555555555556,5,9,5
5903,0.5,0.3333333333333333,0.6666666666666666,0.6666666666666666,1.0,0.3333333333333333,3,9,3
5904,0.4,1.0,1.0,1.0,1.0,0.25,2,8,2
5905,0.5,0.3333333333333333,0.6666666666666666,0.6666666666666666,1.0,0.3333333333333333,3,9,3
5906,0.4444444444444445,-1.0,0.0,0.5,1.0,0.2857142857142857,2,7,2
5907,0.5454545454545454,-1.0,0.0,0.3333333333333333,1.0,0.375,3,8,3
5908,0.5454545454545454,-0.3333333333333333,0.33333333333333337,0.6666666666666666,1.0,0.375,3,8,3
5909,0.5454545454545454,-0.3333333333333333,0.33333333333333337,0.6666666666666666,1.0,0.375,3,8,3
5912,0.4,-1.0,0.0,0.5,1.0,0.25,2,8,2
5913,0.5,0.3333333333333333,0.6666666666666666,0.6666666666666666,1.0,0.3333333333333333,3,9,3
5914,0.6,0.3333333333333333,0.6666666666666666,0.6666666666666666,1.0,0.42857142857142855,3,7,3
5915,0.6,1.0,1.0,1.0,1.0,0.42857142857142855,3,7,3
5916,0.5714285714285715,0.3333333333333333,0.6666666666666666,0.75,1.0,0.4,4,10,4
5917,0.7142857142857143,0.6,0.8,0.6,1.0,0.5555555555555556,5,9,5
5918,0.5,-0.3333333333333333,0.33333333333333337,0.6666666666666666,1.0,0.3333333333333333,3,9,3
5919,0.5454545454545454,-0.3333333333333333,0.33333333333333337,0.6666666666666666,1.0,0.375,3,8,3
5920,0.5454545454545454,0.3333333333333333,0.6666666666666666,0.6666666666666666,1.0,0.375,3,8,3
5921,0.7272727272727273,0.3333333333333333,0.6666666666666666,0.75,1.0,0.5714285714285714,4,7,4
5922,0.6153846153846153,0.0,0.5,0.75,1.0,0.4444444444444444,4,9,4
5923,0.5,0.3333333333333333,0.6666666666666666,0.5,1.0,0.3333333333333333,4,12,4
5924,0.8333333333333333,0.0,0.5,0.6,1.0,0.7142857142857143,5,7,5
5925,0.6666666666666666,0.3333333333333333,0.6666666666666666,0.75,1.0,0.5,4,8,4
5926,0.4,-1.0,0.0,0.5,1.0,0.25,2,8,2
5927,0.4,1.0,1.0,1.0,1.0,0.25,2,8,2
5928,0.5,-0.3333333333333333,0.33333333333333337,0.6666666666666666,1.0,0.3333333333333333,3,9,3
5929,0.5454545454545454,0.3333333333333333,0.6666666666666666,0.6666666666666666,1.0,0.375,3,8,3
5930,0.5454545454545454,0.3333333333333333,0.6666666666666666,0.6666666666666666,1.0,0.375,3,8,3
5931,0.5454545454545454,0.3333333333333333,0.6666666666666666,0.6666666666666666,1.0,0.375,3,8,3
5932,0.6,-0.3333333333333333,0.33333333333333337,0.6666666666666666,1.0,0.42857142857142855,3,7,3
5933,0.6,0.3333333333333333,0.6666666666666666,0.6666666666666666,1.0,0.42857142857142855,3,7,3
5934,0.5454545454545454,-1.0,0.0,0.3333333333333333,1.0,0.375,3,8,3
5935,0.33333333333333337,-1.0,0.0,0.5,1.0,0.2,2,10,2
5936,0.4,-1.0,0.0,0.5,1.0,0.25,2,8,2
5937,0.3636363636363636,1.0,1.0,1.0,1.0,0.2222222222222222,2,9,2
5938,0.6666666666666666,0.6666666666666666,0.8333333333333333,0.75,1.0,0.5,4,8,4
5939,0.5454545454545454,-1.0,0.0,0.3333333333333333,1.0,0.375,3,8,3
5940,0.5454545454545454,-0.3333333333333333,0.33333333333333337,0.6666666666666666,1.0,0.375,3,8,3
5941,0.5454545454545454,-1.0,0.0,0.3333333333333333,1.0,0.375,3,8,3
5942,0.6666666666666666,0.0,0.5,0.5,1.0,0.5,4,8,4
5943,0.4444444444444445,-1.0,0.0,0.5,1.0,0.2857142857142857,2,7,2
5944,0.5454545454545454,-0.3333333333333333,0.33333333333333337,0.6666666666666666,1.0,0.375,3,8,3
5945,0.6,1.0,1.0,1.0,1.0,0.42857142857142855,3,7,3
5946,0.6666666666666666,1.0,1.0,1.0,1.0,0.5,3,6,3
5948,0.5454545454545454,1.0,1.0,1.0,1.0,0.375,3,8,3
5949,0.4615384615384615,-0.3333333333333333,0.33333333333333337,0.6666666666666666,1.0,0.3,3,10,3
5952,0.3636363636363636,1.0,1.0,1.0,1.0,0.2222222222222222,2,9,2
5953,0.3636363636363636,1.0,1.0,1.0,1.0,0.2222222222222222,2,9,2
5954,0.2222222222222222,1.0,1.0,1.0,1.0,0.125,1,8,1
5955,0.5,-0.3333333333333333,0.33333333333333337,0.6666666666666666,1.0,0.3333333333333333,3,9,3
5956,0.6666666666666666,1.0,1.0,1.0,1.0,0.5,4,8,4
5957,0.4,-1.0,0.0,0.5,1.0,0.25,2,8,2
5958,0.4615384615384615,-0.3333333333333333,0.33333333333333337,0.6666666666666666,1.0,0.3,3,10,3
5960,0.5454545454545454,-0.3333333333333333,0.33333333333333337,0.6666666666666666,1.0,0.375,3,8,3
5961,0.6,1.0,1.0,1.0,1.0,0.42857142857142855,3,7,3
5962,0.4,-1.0,0.0,0.5,1.0,0.25,2,8,2
5963,0.5454545454545454,0.3333333333333333,0.6666666666666666,0.6666666666666666,1.0,0.375,3,8,3
5964,0.5454545454545454,-0.3333333333333333,0.33333333333333337,0.6666666666666666,1.0,0.375,3,8,3
5965,0.6666666666666666,0.0,0.5,0.5,1.0,0.5,4,8,4
5966,0.6153846153846153,-0.6666666666666666,0.16666666666666669,0.5,1.0,0.4444444444444444,4,9,4
5967,0.5333333333333333,0.6666666666666666,0.8333333333333333,0.75,1.0,0.36363636363636365,4,11,4
5968,0.33333333333333337,-1.0,0.0,0.5,1.0,0.2,2,10,2
5969,0.3636363636363636,-1.0,0.0,0.5,1.0,0.2222222222222222,2,9,2
5970,0.6666666666666666,0.3333333333333333,0.6666666666666666,0.75,1.0,0.5,4,8,4
5971,0.6153846153846153,1.0,1.0,1.0,1.0,0.4444444444444444,4,9,4
5972,0.7499999999999999,0.2,0.6,0.6666666666666666,1.0,0.6,6,10,6
5973,0.6153846153846153,0.6666666666666666,0.8333333333333333,0.75,1.0,0.4444444444444444,4,9,4
5974,0.5454545454545454,-1.0,0.0,0.3333333333333333,1.0,0.375,3,8,3
5976,0.5,-0.3333333333333333,0.33333333333333337,0.6666666666666666,1.0,0.3333333333333333,3,9,3
5977,0.4615384615384615,-1.0,0.0,0.3333333333333333,1.0,0.3,3,10,3
5978,0.5454545454545454,-0.3333333333333333,0.33333333333333337,0.6666666666666666,1.0,0.375,3,8,3
5979,0.5454545454545454,1.0,1.0,1.0,1.0,0.375,3,8,3
5981,0.6153846153846153,0.3333333333333333,0.6666666666666666,0.75,1.0,0.4444444444444444,4,9,4
5982,0.5454545454545454,0.3333333333333333,0.6666666666666666,0.6666666666666666,1.0,0.375,3,8,3
5983,0.5,0.3333333333333333,0.6666666666666666,0.6666666666666666,1.0,0.3333333333333333,3,9,3
5984,0.42857142857142855,-0.3333333333333333,0.33333333333333337,0.6666666666666666,1.0,0.2727272727272727,3,11,3
5985,0.5,0.3333333333333333,0.6666666666666666,0.6666666666666666,1.0,0.3333333333333333,3,9,3
5986,0.6666666666666666,-1.0,0.0,0.25,1.0,0.5,4,8,4
5988,0.7272727272727273,0.0,0.5,0.75,1.0,0.5714285714285714,4,7,4
5989,0.7142857142857143,0.0,0.5,0.6,1.0,0.5555555555555556,5,9,5
5990,0.8571428571428571,0.6,0.8,0.6666666666666666,1.0,0.75,6,8,6
5991,0.5454545454545454,0.3333333333333333,0.6666666666666666,0.6666666666666666,1.0,0.375,3,8,3
5992,0.5454545454545454,-0.3333333333333333,0.33333333333333337,0.6666666666666666,1.0,0.375,3,8,3
5993,0.4615384615384615,0.3333333333333333,0.6666666666666666,0.6666666666666666,1.0,0.3,3,10,3
5995,0.5,-1.0,0.0,0.3333333333333333,1.0,0.3333333333333333,3,9,3
5996,0.5,0.3333333333333333,0.6666666666666666,0.6666666666666666,1.0,0.3333333333333333,3,9,3
5997,0.5,1.0,1.0,1.0,1.0,0.3333333333333333,3,9,3
5998,0.6153846153846153,0.0,0.5,0.5,1.0,0.4444444444444444,4,9,4
5999,0.5714285714285715,0.6666666666666666,0.8333333333333333,0.75,1.0,0.4,4,10,4
6000,0.5454545454545454,-1.0,0.0,0.3333333333333333,1.0,0.375,3,8,3
6001,0.6,1.0,1.0,1.0,1.0,0.42857142857142855,3,7,3
6002,0.4615384615384615,0.3333333333333333,0.6666666666666666,0.6666666666666666,1.0,0.3,3,10,3
6003,0.5454545454545454,0.3333333333333333,0.6666666666666666,0.6666666666666666,1.0,0.375,3,8,3
6005,0.5714285714285715,-0.6666666666666666,0.16666666666666669,0.5,1.0,0.4,4,10,4
6006,0.4,1.0,1.0,1.0,1.0,0.25,2,8,2
6007,0.6153846153846153,-0.6666666666666666,0.16666666666666669,0.5,1.0,0.4444444444444444,4,9,4
6008,0.7272727272727273,0.6666666666666666,0.8333333333333333,0.75,1.0,0.5714285714285714,4,7,4
6009,0.5,0.3333333333333333,0.6666666666666666,0.6666666666666666,1.0,0.3333333333333333,3,9,3
6010,0.7142857142857143,-0.6,0.2,0.4,1.0,0.5555555555555556,5,9,5
6011,0.5714285714285715,-0.6666666666666666,0.16666666666666669,0.5,1.0,0.4,4,10,4
6012,0.6666666666666666,1.0,1.0,1.0,1.0,0.5,4,8,4
6013,0.4615384615384615,0.3333333333333333,0.6666666666666666,0.6666666666666666,1.0,0.3,3,10,3
6014,0.5,0.3333333333333333,0.6666666666666666,0.6666666666666666,1.0,0.3333333333333333,3,9,3
6015,0.42857142857142855,0.3333333333333333,0.6666666666666666,0.6666666666666666,1.0,0.2727272727272727,3,11,3
6016,0.6666666666666666,0.3333333333333333,0.6666666666666666,0.75,1.0,0.5,4,8,4
6017,0.5,0.3333333333333333,0.6666666666666666,0.6666666666666666,1.0,0.3333333333333333,3,9,3
6018,0.6,0.3333333333333333,0.6666666666666666,0.6666666666666666,1.0,0.42857142857142855,3,7,3
6019,0.2222222222222222,1.0,1.0,1.0,1.0,0.125,1,8,1
6020,0.7692307692307693,0.4,0.7,0.8,1.0,0.625,5,8,5
6021,0.6666666666666666,1.0,1.0,1.0,1.0,0.5,4,8,4
6022,0.7692307692307693,0.4,0.7,0.6,1.0,0.625,5,8,5
6023,0.2222222222222222,1.0,1.0,1.0,1.0,0.125,1,8,1
6024,0.4615384615384615,0.3333333333333333,0.6666666666666666,0.6666666666666666,1.0,0.3,3,10,3
6025,0.4615384615384615,1.0,1.0,1.0,1.0,0.3,3,10,3
6026,0.4615384615384615,-0.3333333333333333,0.33333333333333337,0.6666666666666666,1.0,0.3,3,10,3
6028,0.5454545454545454,1.0,1.0,1.0,1.0,0.375,3,8,3
6029,0.5454545454545454,0.3333333333333333,0.6666666666666666,0.6666666666666666,1.0,0.375,3,8,3
6030,0.5454545454545454,0.3333333333333333,0.6666666666666666,0.6666666666666666,1.0,0.375,3,8,3
6031,0.5,0.3333333333333333,0.6666666666666666,0.6666666666666666,1.0,0.3333333333333333,3,9,3
6032,0.4615384615384615,-0.3333333333333333,0.33333333333333337,0.6666666666666666,1.0,0.3,3,10,3
6033,0.4615384615384615,0.3333333333333333,0.6666666666666666,0.6666666666666666,1.0,0.3,3,10,3
6034,0.6666666666666666,-0.3333333333333333,0.33333333333333337,0.5,1.0,0.5,4,8,4
6035,0.5,-0.3333333333333333,0.33333333333333337,0.6666666666666666,1.0,0.3333333333333333,3,9,3
6037,0.5454545454545454,0.3333333333333333,0.6666666666666666,0.6666666666666666,1.0,0.375,3,8,3
6038,0.5714285714285715,0.6666666666666666,0.8333333333333333,0.75,1.0,0.4,4,10,4
6039,0.6,1.0,1.0,1.0,1.0,0.42857142857142855,3,7,3
6043,0.8571428571428571,-0.4666666666666667,0.26666666666666666,0.3333333333333333,1.0,0.75,6,8,6
6044,0.4,1.0,1.0,1.0,1.0,0.25,2,8,2
6045,0.4615384615384615,-0.3333333333333333,0.33333333333333337,0.6666666666666666,1.0,0.3,3,10,3
6046,0.5714285714285715,-0.6666666666666666,0.16666666666666669,0.5,1.0,0.4,4,10,4
6047,0.4615384615384615,0.3333333333333333,0.6666666666666666,0.6666666666666666,1.0,0.3,3,10,3
6048,0.4444444444444445,-1.0,0.0,0.5,1.0,0.2857142857142857,2,7,2
6050,0.6666666666666666,0.6,0.8,0.8,1.0,0.5,5,10,5
6051,1.0,-0.42857142857142855,0.2857142857142857,0.42857142857142855,1.0,1.0,7,7,7
6052,0.5,-0.3333333333333333,0.33333333333333337,0.6666666666666666,1.0,0.3333333333333333,3,9,3
6053,0.9090909090909091,0.6,0.8,0.8,1.0,0.8333333333333334,5,6,5
6054,0.5,1.0,1.0,1.0,1.0,0.3333333333333333,2,6,2
6055,0.5,-0.3333333333333333,0.33333333333333337,0.6666666666666666,1.0,0.3333333333333333,3,9,3
6057,0.5,1.0,1.0,1.0,1.0,0.3333333333333333,3,9,3
6058,0.3636363636363636,-1.0,0.0,0.5,1.0,0.2222222222222222,2,9,2
6059,0.6666666666666666,0.6666666666666666,0.8333333333333333,0.75,1.0,0.5,4,8,4
6060,0.5454545454545454,0.3333333333333333,0.6666666666666666,0.6666666666666666,1.0,0.375,3,8,3
6061,0.5,-0.3333333333333333,0.33333333333333337,0.6666666666666666,1.0,0.3333333333333333,3,9,3
6062,0.5,-1.0,0.0,0.3333333333333333,1.0,0.3333333333333333,3,9,3
6063,0.5333333333333333,1.0,1.0,1.0,1.0,0.36363636363636365,4,11,4
6064,0.5454545454545454,0.3333333333333333,0.6666666666666666,0.6666666666666666,1.0,0.375,3,8,3
6065,0.4,1.0,1.0,1.0,1.0,0.25,2,8,2
6066,0.4615384615384615,1.0,1.0,1.0,1.0,0.3,3,10,3
6067,0.4615384615384615,1.0,1.0,1.0,1.0,0.3,3,10,3
6068,0.6666666666666666,-0.3333333333333333,0.33333333333333337,0.5,1.0,0.5,4,8,4
6069,0.4615384615384615,0.3333333333333333,0.6666666666666666,0.6666666666666666,1.0,0.3,3,10,3
6070,0.3636363636363636,1.0,1.0,1.0,1.0,0.2222222222222222,2,9,2
6072,0.4,1.0,1.0,1.0,1.0,0.25,2,8,2
6074,0.7142857142857143,0.2,0.6,0.6,1.0,0.5555555555555556,5,9,5
6075,0.7499999999999999,0.06666666666666667,0.5333333333333333,0.5,1.0,0.6,6,10,6
6076,0.5,-0.3333333333333333,0.33333333333333337,0.6666666666666666,1.0,0.3333333333333333,3,9,3
6077,0.33333333333333337,-1.0,0.0,0.5,1.0,0.2,2,10,2
6078,0.6666666666666666,1.0,1.0,1.0,1.0,0.5,4,8,4
6079,0.5714285714285715,0.6666666666666666,0.8333333333333333,0.75,1.0,0.4,4,10,4
6080,0.5714285714285715,1.0,1.0,1.0,1.0,0.4,4,10,4
6081,0.5,-0.3333333333333333,0.33333333333333337,0.6666666666666666,1.0,0.3333333333333333,3,9,3
6082,0.5454545454545454,-1.0,0.0,0.3333333333333333,1.0,0.375,3,8,3
6083,0.5454545454545454,0.3333333333333333,0.6666666666666666,0.6666666666666666,1.0,0.375,3,8,3
6084,0.4615384615384615,0.3333333333333333,0.6666666666666666,0.6666666666666666,1.0,0.3,3,10,3
6085,0.6153846153846153,0.3333333333333333,0.6666666666666666,0.75,1.0,0.4444444444444444,4,9,4
6087,0.5,-1.0,0.0,0.3333333333333333,1.0,0.3333333333333333,3,9,3
6088,0.5,0.3333333333333333,0.6666666666666666,0.6666666666666666,1.0,0.3333333333333333,3,9,3
6089,0.5454545454545454,-0.3333333333333333,0.33333333333333337,0.6666666666666666,1.0,0.375,3,8,3
6090,0.5,-0.3333333333333333,0.33333333333333337,0.6666666666666666,1.0,0.3333333333333333,3,9,3
6091,0.3636363636363636,-1.0,0.0,0.5,1.0,0.2222222222222222,2,9,2
6092,0.3636363636363636,1.0,1.0,1.0,1.0,0.2222222222222222,2,9,2
6094,0.4615384615384615,-1.0,0.0,0.3333333333333333,1.0,0.3,3,10,3
6095,0.6153846153846153,1.0,1.0,1.0,1.0,0.4444444444444444,4,9,4
6096,0.33333333333333337,-1.0,0.0,0.5,1.0,0.2,2,10,2
6097,0.4615384615384615,0.3333333333333333,0.6666666666666666,0.6666666666666666,1.0,0.3,3,10,3
6098,0.5454545454545454,0.3333333333333333,0.6666666666666666,0.6666666666666666,1.0,0.375,3,8,3
6099,0.4,-1.0,0.0,0.5,1.0,0.25,2,8,2
6100,0.4615384615384615,0.3333333333333333,0.6666666666666666,0.6666666666666666,1.0,0.3,3,10,3
6101,0.5,0.3333333333333333,0.6666666666666666,0.6666666666666666,1.0,0.3333333333333333,3,9,3
6102,0.5454545454545454,-0.3333333333333333,0.33333333333333337,0.6666666666666666,1.0,0.375,3,8,3
6103,0.5454545454545454,0.3333333333333333,0.6666666666666666,0.6666666666666666,1.0,0.375,3,8,3
6104,0.5714285714285715,-0.3333333333333333,0.33333333333333337,0.5,1.0,0.4,4,10,4
6105,0.5454545454545454,1.0,1.0,1.0,1.0,0.375,3,8,3
6106,0.4,-1.0,0.0,0.5,1.0,0.25,2,8,2
6107,0.3636363636363636,-1.0,0.0,0.5,1.0,0.2222222222222222,2,9,2
6108,0.5,-0.3333333333333333,0.33333333333333337,0.6666666666666666,1.0,0.3333333333333333,3,9,3
6109,0.6,1.0,1.0,1.0,1.0,0.42857142857142855,3,7,3
6110,0.6666666666666666,-0.3333333333333333,0.33333333333333337,0.6666666666666666,1.0,0.5,3,6,3
6111,0.5,1.0,1.0,1.0,1.0,0.3333333333333333,3,9,3
6112,0.6666666666666666,-0.3333333333333333,0.33333333333333337,0.6666666666666666,1.0,0.5,3,6,3
6113,0.6666666666666666,-0.3333333333333333,0.33333333333333337,0.5,1.0,0.5,4,8,4
6114,0.5,0.3333333333333333,0.6666666666666666,0.6666666666666666,1.0,0.3333333333333333,3,9,3
6115,0.3636363636363636,-1.0,0.0,0.5,1.0,0.2222222222222222,2,9,2
6116,0.5454545454545454,0.3333333333333333,0.6666666666666666,0.6666666666666666,1.0,0.375,3,8,3
6117,0.5,-1.0,0.0,0.3333333333333333,1.0,0.3333333333333333,3,9,3
6118,0.4615384615384615,0.3333333333333333,0.6666666666666666,0.6666666666666666,1.0,0.3,3,10,3
6119,0.5454545454545454,-0.3333333333333333,0.33333333333333337,0.6666666666666666,1.0,0.375,3,8,3
6120,0.5714285714285715,-0.6666666666666666,0.16666666666666669,0.5,1.0,0.4,4,10,4
6121,0.6666666666666666,0.8,0.9,0.8,1.0,0.5,5,10,5
6122,0.7058823529411764,-0.6,0.2,0.3333333333333333,1.0,0.5454545454545454,6,11,6
6123,0.4,-1.0,0.0,0.5,1.0,0.25,2,8,2
6124,0.4615384615384615,-1.0,0.0,0.3333333333333333,1.0,0.3,3,10,3
6125,0.4615384615384615,-0.3333333333333333,0.33333333333333337,0.6666666666666666,1.0,0.3,3,10,3
6126,0.5,-0.3333333333333333,0.33333333333333337,0.6666666666666666,1.0,0.3333333333333333,3,9,3
6127,0.6666666666666666,-0.3333333333333333,0.33333333333333337,0.6666666666666666,1.0,0.5,3,6,3
6128,0.33333333333333337,-1.0,0.0,0.5,1.0,0.2,2,10,2
6129,0.42857142857142855,-1.0,0.0,0.3333333333333333,1.0,0.2727272727272727,3,11,3
6130,0.4,0.3333333333333333,0.6666666666666666,0.6666666666666666,1.0,0.25,3,12,3
6131,0.6153846153846153,0.6666666666666666,0.8333333333333333,0.75,1.0,0.4444444444444444,4,9,4
6132,0.8,1.0,1.0,1.0,1.0,0.6666666666666666,4,6,4
6133,0.6,-0.3333333333333333,0.33333333333333337,0.6666666666666666,1.0,0.42857142857142855,3,7,3
6134,0.5714285714285715,-1.0,0.0,0.5,1.0,0.4,2,5,2
6135,0.6153846153846153,0.3333333333333333,0.6666666666666666,0.75,1.0,0.4444444444444444,4,9,4
6136,0.5333333333333333,0.3333333333333333,0.6666666666666666,0.75,1.0,0.36363636363636365,4,11,4
6137,0.2857142857142857,0.3333333333333333,0.6666666666666666,0.6666666666666666,1.0,0.16666666666666666,3,18,3
6138,0.33333333333333337,1.0,1.0,1.0,1.0,0.2,1,5,1
6139,0.47058823529411764,0.3333333333333333,0.6666666666666666,0.5,1.0,0.3076923076923077,4,13,4
6140,0.7272727272727273,1.0,1.0,1.0,1.0,0.5714285714285714,4,7,4
6141,0.7692307692307693,0.6,0.8,0.8,1.0,0.625,5,8,5
6142,0.8,-0.6,0.2,0.3333333333333333,1.0,0.6666666666666666,6,9,6
6143,0.4,1.0,1.0,1.0,1.0,0.25,2,8,2
6144,0.33333333333333337,1.0,1.0,1.0,1.0,0.2,1,5,1
6145,0.6666666666666666,1.0,1.0,1.0,1.0,0.5,3,6,3
6146,0.5454545454545454,1.0,1.0,1.0,1.0,0.375,3,8,3
6147,0.5333333333333333,0.3333333333333333,0.6666666666666666,0.75,1.0,0.36363636363636365,4,11,4
6148,0.3157894736842105,1.0,1.0,1.0,1.0,0.1875,3,16,3
6149,0.2857142857142857,1.0,1.0,1.0,1.0,0.16666666666666666,1,6,1
6150,0.6,0.3333333333333333,0.6666666666666666,0.6666666666666666,1.0,0.42857142857142855,3,7,3
6151,0.5,-1.0,0.0,0.5,1.0,0.3333333333333333,2,6,2
6152,0.5,1.0,1.0,1.0,1.0,0.3333333333333333,2,6,2
6153,0.4,0.3333333333333333,0.6666666666666666,0.75,1.0,0.25,4,16,4
6154,0.5263157894736842,0.4,0.7,0.6,1.0,0.35714285714285715,5,14,5
6155,0.4,1.0,1.0,1.0,1.0,0.25,2,8,2
6156,0.6666666666666666,-1.0,0.0,0.3333333333333333,1.0,0.5,3,6,3
6157,0.6,-1.0,0.0,0.3333333333333333,1.0,0.42857142857142855,3,7,3
6158,0.4,1.0,1.0,1.0,1.0,0.25,3,12,3
6159,0.5454545454545454,0.3333333333333333,0.6666666666666666,0.6666666666666666,1.0,0.375,3,8,3
6160,0.5,-0.3333333333333333,0.33333333333333337,0.6666666666666666,1.0,0.3333333333333333,3,9,3
6161,0.6,1.0,1.0,1.0,1.0,0.42857142857142855,3,7,3
6162,0.6,0.3333333333333333,0.6666666666666666,0.6666666666666666,1.0,0.42857142857142855,3,7,3
6163,0.4444444444444445,-1.0,0.0,0.5,1.0,0.2857142857142857,2,7,2
6164,0.8,0.3333333333333333,0.6666666666666666,0.6666666666666666,1.0,0.6666666666666666,6,9,6
6165,0.6666666666666666,0.4,0.7,0.8,1.0,0.5,5,10,5
6166,0.33333333333333337,1.0,1.0,1.0,1.0,0.2,1,5,1
6167,0.2857142857142857,1.0,1.0,1.0,1.0,0.16666666666666666,1,6,1
6168,0.6153846153846153,-0.3333333333333333,0.33333333333333337,0.5,1.0,0.4444444444444444,4,9,4
6169,0.4615384615384615,0.3333333333333333,0.6666666666666666,0.6666666666666666,1.0,0.3,3,10,3
6170,0.5,1.0,1.0,1.0,1.0,0.3333333333333333,3,9,3
6171,0.4444444444444445,-1.0,0.0,0.5,1.0,0.2857142857142857,2,7,2
6172,0.2857142857142857,1.0,1.0,1.0,1.0,0.16666666666666666,1,6,1
6173,0.7499999999999999,0.3333333333333333,0.6666666666666666,0.6666666666666666,1.0,0.6,6,10,6
6174,0.6666666666666666,-0.3333333333333333,0.33333333333333337,0.6666666666666666,1.0,0.5,3,6,3
6175,0.25,1.0,1.0,1.0,1.0,0.14285714285714285,1,7,1
6176,0.8,0.4222222222222222,0.7111111111111111,0.7,1.0,0.6666666666666666,10,15,10
6177,0.5882352941176471,0.2,0.6,0.8,1.0,0.4166666666666667,5,12,5
6178,0.5,0.6666666666666666,0.8333333333333333,0.75,1.0,0.3333333333333333,4,12,4
6179,0.3636363636363636,1.0,1.0,1.0,1.0,0.2222222222222222,2,9,2
6180,0.4444444444444445,1.0,1.0,1.0,1.0,0.2857142857142857,2,7,2
6181,0.5714285714285715,1.0,1.0,1.0,1.0,0.4,4,10,4
6182,0.7692307692307693,0.6,0.8,0.8,1.0,0.625,5,8,5
6183,0.4444444444444445,1.0,1.0,1.0,1.0,0.2857142857142857,2,7,2
6184,0.7499999999999999,-0.3333333333333333,0.33333333333333337,0.6666666666666666,1.0,0.6,3,5,3
6185,0.5333333333333333,0.0,0.5,0.5,1.0,0.36363636363636365,4,11,4
6186,0.33333333333333337,-0.3333333333333333,0.33333333333333337,0.6666666666666666,1.0,0.2,3,15,3
6187,0.7499999999999999,-0.3333333333333333,0.33333333333333337,0.6666666666666666,1.0,0.6,3,5,3
6188,0.6666666666666666,0.3333333333333333,0.6666666666666666,0.75,1.0,0.5,4,8,4
6189,0.6666666666666666,1.0,1.0,1.0,1.0,0.5,4,8,4
6190,0.5,1.0,1.0,1.0,1.0,0.3333333333333333,2,6,2
6191,0.625,-0.4,0.3,0.4,1.0,0.45454545454545453,5,11,5
6192,0.6,0.3333333333333333,0.6666666666666666,0.6666666666666666,1.0,0.42857142857142855,3,7,3
6193,0.5454545454545454,0.3333333333333333,0.6666666666666666,0.6666666666666666,1.0,0.375,3,8,3
6194,0.5714285714285715,-0.3333333333333333,0.33333333333333337,0.5,1.0,0.4,4,10,4
6196,0.8333333333333333,0.6,0.8,0.6,1.0,0.7142857142857143,5,7,5
6197,0.6666666666666666,1.0,1.0,1.0,1.0,0.5,3,6,3
6198,0.7692307692307693,0.4,0.7,0.6,1.0,0.625,5,8,5
6199,0.5333333333333333,0.6666666666666666,0.8333333333333333,0.75,1.0,0.36363636363636365,4,11,4
6200,0.42857142857142855,-1.0,0.0,0.3333333333333333,1.0,0.2727272727272727,3,11,3
6201,0.625,1.0,1.0,1.0,1.0,0.45454545454545453,5,11,5
6202,0.4210526315789474,0.3333333333333333,0.6666666666666666,0.5,1.0,0.26666666666666666,4,15,4
6203,0.6666666666666666,1.0,1.0,1.0,1.0,0.5,3,6,3
6204,0.5714285714285715,-0.2,0.4,0.5,1.0,0.4,6,15,6
6205,0.6666666666666666,0.3333333333333333,0.6666666666666666,0.75,1.0,0.5,4,8,4
6206,0.6153846153846153,-0.3333333333333333,0.33333333333333337,0.5,1.0,0.4444444444444444,4,9,4
6207,0.4615384615384615,-1.0,0.0,0.3333333333333333,1.0,0.3,3,10,3
6208,0.7272727272727273,0.6666666666666666,0.8333333333333333,0.75,1.0,0.5714285714285714,4,7,4
6209,0.8,0.0,0.5,0.75,1.0,0.6666666666666666,4,6,4
6210,0.5,-0.4,0.3,0.4,1.0,0.3333333333333333,5,15,5
6211,0.4444444444444445,-1.0,0.0,0.5,1.0,0.2857142857142857,2,7,2
6212,0.33333333333333337,1.0,1.0,1.0,1.0,0.2,2,10,2
6213,0.4444444444444445,1.0,1.0,1.0,1.0,0.2857142857142857,2,7,2
6214,0.7142857142857143,0.4,0.7,0.6,1.0,0.5555555555555556,5,9,5
6215,0.9411764705882353,0.21428571428571427,0.6071428571428571,0.625,1.0,0.8888888888888888,8,9,8
6216,0.5454545454545454,-0.3333333333333333,0.33333333333333337,0.6666666666666666,1.0,0.375,3,8,3
6217,0.6,-1.0,0.0,0.3333333333333333,1.0,0.42857142857142855,3,7,3
6218,0.42857142857142855,0.3333333333333333,0.6666666666666666,0.6666666666666666,1.0,0.2727272727272727,3,11,3
6219,0.3636363636363636,-1.0,0.0,0.5,1.0,0.2222222222222222,2,9,2
6220,0.6666666666666666,1.0,1.0,1.0,1.0,0.5,4,8,4
6221,0.8333333333333333,0.6,0.8,0.6,1.0,0.7142857142857143,5,7,5
6222,0.4,-0.3333333333333333,0.33333333333333337,0.6666666666666666,1.0,0.25,3,12,3
6223,0.4615384615384615,1.0,1.0,1.0,1.0,0.3,3,10,3
6224,0.7499999999999999,-0.3333333333333333,0.33333333333333337,0.6666666666666666,1.0,0.6,3,5,3
6225,0.7272727272727273,0.6666666666666666,0.8333333333333333,0.75,1.0,0.5714285714285714,4,7,4
6226,0.25,1.0,1.0,1.0,1.0,0.14285714285714285,1,7,1
6227,0.6,-0.3333333333333333,0.33333333333333337,0.6666666666666666,1.0,0.42857142857142855,3,7,3
6228,0.4444444444444445,1.0,1.0,1.0,1.0,0.2857142857142857,2,7,2
6229,0.8,0.3333333333333333,0.6666666666666666,0.75,1.0,0.6666666666666666,4,6,4
6230,0.5,-1.0,0.0,0.5,1.0,0.3333333333333333,2,6,2
6231,0.7272727272727273,0.0,0.5,0.5,1.0,0.5714285714285714,4,7,4
6233,0.2857142857142857,-1.0,0.0,0.5,1.0,0.16666666666666666,2,12,2
6234,0.6,0.3333333333333333,0.6666666666666666,0.6666666666666666,1.0,0.42857142857142855,3,7,3
6235,0.4,1.0,1.0,1.0,1.0,0.25,2,8,2
6236,0.5454545454545454,-0.3333333333333333,0.33333333333333337,0.6666666666666666,1.0,0.375,3,8,3
6237,0.25,1.0,1.0,1.0,1.0,0.14285714285714285,1,7,1
6238,0.625,1.0,1.0,1.0,1.0,0.45454545454545453,5,11,5
6239,0.9333333333333333,0.14285714285714285,0.5714285714285714,0.5714285714285714,0.875,1.0,8,7,7
6240,0.7368421052631579,-0.14285714285714285,0.4285714285714286,0.42857142857142855,1.0,0.5833333333333334,7,12,7
6241,0.5454545454545454,-0.3333333333333333,0.33333333333333337,0.6666666666666666,1.0,0.375,3,8,3
6242,0.9333333333333333,-0.6190476190476191,0.19047619047619047,0.2857142857142857,0.875,1.0,8,7,7
6243,0.5882352941176471,0.0,0.5,0.4,1.0,0.4166666666666667,5,12,5
6244,0.4444444444444445,-1.0,0.0,0.5,1.0,0.2857142857142857,2,7,2
6245,0.8235294117647058,0.3333333333333333,0.6666666666666666,0.7142857142857143,1.0,0.7,7,10,7
6246,0.5454545454545454,-0.3333333333333333,0.33333333333333337,0.6666666666666666,1.0,0.375,3,8,3
6247,0.5,-0.3333333333333333,0.33333333333333337,0.5,1.0,0.3333333333333333,4,12,4
6248,0.5454545454545454,-0.3333333333333333,0.33333333333333337,0.6666666666666666,1.0,0.375,3,8,3
6249,0.5454545454545454,0.3333333333333333,0.6666666666666666,0.6666666666666666,1.0,0.375,3,8,3
6250,0.8571428571428571,0.4666666666666667,0.7333333333333334,0.6666666666666666,1.0,0.75,6,8,6
6251,0.5714285714285715,0.0,0.5,0.5,1.0,0.4,4,10,4
6252,0.5454545454545454,0.3333333333333333,0.6666666666666666,0.6666666666666666,1.0,0.375,3,8,3
6253,0.375,-0.3333333333333333,0.33333333333333337,0.6666666666666666,1.0,0.23076923076923078,3,13,3
6254,0.4444444444444445,-1.0,0.0,0.5,1.0,0.2857142857142857,2,7,2
6255,0.7499999999999999,-0.3333333333333333,0.33333333333333337,0.5,1.0,0.6,6,10,6
6256,0.6666666666666666,0.6666666666666666,0.8333333333333333,0.75,1.0,0.5,4,8,4
6257,0.6,-1.0,0.0,0.3333333333333333,1.0,0.42857142857142855,3,7,3
6258,0.625,0.2,0.6,0.6,1.0,0.45454545454545453,5,11,5
6259,0.6666666666666666,0.3333333333333333,0.6666666666666666,0.6666666666666666,1.0,0.5,3,6,3
6260,0.6666666666666666,-0.3333333333333333,0.33333333333333337,0.5,1.0,0.5,4,8,4
6261,0.5454545454545454,-0.3333333333333333,0.33333333333333337,0.6666666666666666,1.0,0.375,3,8,3
6262,0.5714285714285715,-0.3333333333333333,0.33333333333333337,0.5,1.0,0.4,4,10,4
6263,0.8,0.0,0.5,0.75,1.0,0.6666666666666666,4,6,4
6264,0.6153846153846153,0.0,0.5,0.75,1.0,0.4444444444444444,4,9,4
6266,0.6666666666666666,0.2,0.6,0.6,1.0,0.5,5,10,5
6267,0.4615384615384615,-1.0,0.0,0.3333333333333333,1.0,0.3,3,10,3
6268,0.7142857142857143,0.4,0.7,0.6,1.0,0.5555555555555556,5,9,5
6269,0.5454545454545454,-0.3333333333333333,0.33333333333333337,0.6666666666666666,1.0,0.375,3,8,3
6270,0.4444444444444445,-1.0,0.0,0.5,1.0,0.2857142857142857,2,7,2
6271,0.4,1.0,1.0,1.0,1.0,0.25,2,8,2
6272,0.4,-1.0,0.0,0.5,1.0,0.25,2,8,2
6273,0.7142857142857143,-0.2,0.4,0.6,1.0,0.5555555555555556,5,9,5
6274,0.8,-0.06666666666666667,0.4666666666666667,0.5,1.0,0.6666666666666666,10,15,10
6275,0.42424242424242425,0.23809523809523808,0.6190476190476191,0.5714285714285714,1.0,0.2692307692307692,7,26,7
6276,0.5714285714285715,0.3333333333333333,0.6666666666666666,0.5,1.0,0.4,4,10,4
6277,0.5555555555555556,0.0,0.5,0.6,1.0,0.38461538461538464,5,13,5
6278,0.8421052631578948,0.07142857142857142,0.5357142857142857,0.5,1.0,0.7272727272727273,8,11,8
6279,0.5454545454545454,-0.3333333333333333,0.33333333333333337,0.6666666666666666,1.0,0.375,3,8,3
6280,0.8,0.8666666666666667,0.9333333333333333,0.8333333333333334,1.0,0.6666666666666666,6,9,6
6281,0.6666666666666666,0.3333333333333333,0.6666666666666666,0.75,1.0,0.5,4,8,4
6282,0.5333333333333333,0.6666666666666666,0.8333333333333333,0.75,1.0,0.36363636363636365,4,11,4
6283,0.8571428571428571,0.3333333333333333,0.6666666666666666,0.6666666666666666,1.0,0.75,3,4,3
6284,0.4444444444444445,-1.0,0.0,0.5,1.0,0.2857142857142857,2,7,2
6285,0.6666666666666666,0.3333333333333333,0.6666666666666666,0.75,1.0,0.5,4,8,4
6286,0.625,0.4,0.7,0.6,1.0,0.45454545454545453,5,11,5
6287,0.8571428571428571,0.06666666666666667,0.5333333333333333,0.5,1.0,0.75,6,8,6
6288,0.6666666666666666,0.8,0.9,0.8,1.0,0.5,5,10,5
6289,0.5333333333333333,0.6666666666666666,0.8333333333333333,0.75,1.0,0.36363636363636365,4,11,4
6290,0.5333333333333333,0.6666666666666666,0.8333333333333333,0.75,1.0,0.36363636363636365,4,11,4
6291,0.6666666666666666,1.0,1.0,1.0,1.0,0.5,4,8,4
6292,0.5454545454545454,-0.3333333333333333,0.33333333333333337,0.6666666666666666,1.0,0.375,3,8,3
6293,0.7499999999999999,0.3333333333333333,0.6666666666666666,0.6666666666666666,1.0,0.6,3,5,3
6294,0.5714285714285715,0.3333333333333333,0.6666666666666666,0.75,1.0,0.4,4,10,4
6296,0.8,0.2,0.6,0.5,1.0,0.6666666666666666,6,9,6
6297,0.7272727272727273,0.0,0.5,0.5,1.0,0.5714285714285714,4,7,4
6298,0.4444444444444445,1.0,1.0,1.0,1.0,0.2857142857142857,2,7,2
6299,0.6666666666666666,1.0,1.0,1.0,1.0,0.5,3,6,3
6300,0.4615384615384615,1.0,1.0,1.0,1.0,0.3,3,10,3
6301,0.2857142857142857,-1.0,0.0,0.5,1.0,0.16666666666666666,2,12,2
6302,0.7272727272727273,0.0,0.5,0.5,1.0,0.5714285714285714,4,7,4
6303,0.6666666666666666,0.3333333333333333,0.6666666666666666,0.6666666666666666,1.0,0.5,3,6,3
6304,0.6666666666666666,0.0,0.5,0.75,1.0,0.5,4,8,4
6305,0.6153846153846153,0.0,0.5,0.75,1.0,0.4444444444444444,4,9,4
6306,0.5714285714285715,0.3333333333333333,0.6666666666666666,0.75,1.0,0.4,4,10,4
6307,0.6666666666666666,0.3333333333333333,0.6666666666666666,0.75,1.0,0.5,4,8,4
6308,0.7142857142857143,0.6,0.8,0.6,1.0,0.5555555555555556,5,9,5
6309,0.5,1.0,1.0,1.0,1.0,0.3333333333333333,2,6,2
6310,0.8750000000000001,-0.6190476190476191,0.19047619047619047,0.42857142857142855,1.0,0.7777777777777778,7,9,7
6311,0.5714285714285715,1.0,1.0,1.0,1.0,0.4,2,5,2
6312,0.8,0.06666666666666667,0.5333333333333333,0.5,1.0,0.6666666666666666,6,9,6
6313,0.9411764705882353,0.5,0.75,0.5,1.0,0.8888888888888888,8,9,8
6314,0.7692307692307693,0.4,0.7,0.8,1.0,0.625,5,8,5
6315,0.7142857142857143,0.2,0.6,0.8,1.0,0.5555555555555556,5,9,5
6316,0.6666666666666666,0.3333333333333333,0.6666666666666666,0.5,1.0,0.5,4,8,4
6317,0.5263157894736842,-0.2,0.4,0.6,1.0,0.35714285714285715,5,14,5
6318,0.8235294117647058,0.42857142857142855,0.7142857142857143,0.5714285714285714,1.0,0.7,7,10,7
6319,0.6,1.0,1.0,1.0,1.0,0.42857142857142855,3,7,3
6320,0.6153846153846153,0.6666666666666666,0.8333333333333333,0.75,1.0,0.4444444444444444,4,9,4
6321,0.6153846153846153,0.0,0.5,0.75,1.0,0.4444444444444444,4,9,4
6322,0.5454545454545454,0.3333333333333333,0.6666666666666666,0.6666666666666666,1.0,0.375,3,8,3
6323,0.5882352941176471,0.4,0.7,0.6,1.0,0.4166666666666667,5,12,5
6324,0.8571428571428571,-0.06666666666666667,0.4666666666666667,0.5,1.0,0.75,6,8,6
6325,0.7692307692307693,1.0,1.0,1.0,1.0,0.625,5,8,5
6326,0.9333333333333333,0.5238095238095238,0.7619047619047619,0.5714285714285714,1.0,0.875,7,8,7
6327,0.6,1.0,1.0,1.0,1.0,0.42857142857142855,3,7,3
6328,0.5454545454545454,1.0,1.0,1.0,1.0,0.375,3,8,3
6329,0.6153846153846153,-0.3333333333333333,0.33333333333333337,0.5,1.0,0.4444444444444444,4,9,4
6330,0.625,0.0,0.5,0.6,1.0,0.45454545454545453,5,11,5
6331,0.33333333333333337,1.0,1.0,1.0,1.0,0.2,1,5,1
6332,0.5,0.3333333333333333,0.6666666666666666,0.6666666666666666,1.0,0.3333333333333333,3,9,3
6333,0.8,0.2,0.6,0.6666666666666666,1.0,0.6666666666666666,6,9,6
6334,0.625,0.8,0.9,0.8,1.0,0.45454545454545453,5,11,5
6335,0.5714285714285715,0.0,0.5,0.75,1.0,0.4,4,10,4
6336,0.6666666666666666,0.3333333333333333,0.6666666666666666,0.6666666666666666,1.0,0.5,3,6,3
6337,0.5,0.3333333333333333,0.6666666666666666,0.6666666666666666,1.0,0.3333333333333333,3,9,3
6338,0.5,-0.3333333333333333,0.33333333333333337,0.6666666666666666,1.0,0.3333333333333333,3,9,3
6339,0.8,0.4666666666666667,0.7333333333333334,0.6666666666666666,1.0,0.6666666666666666,6,9,6
6340,0.5333333333333333,0.6666666666666666,0.8333333333333333,0.75,1.0,0.36363636363636365,4,11,4
6341,0.9411764705882353,0.2857142857142857,0.6428571428571428,0.75,1.0,0.8888888888888888,8,9,8
6342,0.7692307692307693,0.4,0.7,0.6,1.0,0.625,5,8,5
6343,0.6666666666666666,0.0,0.5,0.4,1.0,0.5,5,10,5
6344,0.4615384615384615,1.0,1.0,1.0,1.0,0.3,3,10,3
6345,0.5,-0.3333333333333333,0.33333333333333337,0.6666666666666666,1.0,0.3333333333333333,3,9,3
6346,0.625,-0.4,0.3,0.4,1.0,0.45454545454545453,5,11,5
6347,0.7777777777777778,-0.23809523809523808,0.38095238095238093,0.42857142857142855,1.0,0.6363636363636364,7,11,7
6348,0.42857142857142855,-0.3333333333333333,0.33333333333333337,0.6666666666666666,1.0,0.2727272727272727,3,11,3
6349,0.6666666666666666,1.0,1.0,1.0,1.0,0.5,3,6,3
6350,0.5,-0.3333333333333333,0.33333333333333337,0.5,1.0,0.3333333333333333,4,12,4
6351,0.9,0.16666666666666666,0.5833333333333334,0.5555555555555556,1.0,0.8181818181818182,9,11,9
6352,0.5,0.3333333333333333,0.6666666666666666,0.6666666666666666,1.0,0.3333333333333333,3,9,3
6353,0.2857142857142857,1.0,1.0,1.0,1.0,0.16666666666666666,1,6,1
6354,0.5,-1.0,0.0,0.3333333333333333,1.0,0.3333333333333333,3,9,3
6355,0.5454545454545454,-0.3333333333333333,0.33333333333333337,0.6666666666666666,1.0,0.375,3,8,3
6356,0.6153846153846153,0.3333333333333333,0.6666666666666666,0.75,1.0,0.4444444444444444,4,9,4
6357,0.5,1.0,1.0,1.0,1.0,0.3333333333333333,3,9,3
6358,0.6666666666666666,0.3333333333333333,0.6666666666666666,0.75,1.0,0.5,4,8,4
6359,0.33333333333333337,1.0,1.0,1.0,1.0,0.2,2,10,2
6360,0.5263157894736842,-0.4,0.3,0.4,1.0,0.35714285714285715,5,14,5
6361,0.7692307692307693,-0.2,0.4,0.6,1.0,0.625,5,8,5
6362,0.5,0.6666666666666666,0.8333333333333333,0.75,1.0,0.3333333333333333,4,12,4
6363,0.2222222222222222,1.0,1.0,1.0,1.0,0.125,1,8,1
6364,0.6666666666666666,0.4,0.7,0.6,1.0,0.5,5,10,5
6365,0.4615384615384615,0.3333333333333333,0.6666666666666666,0.6666666666666666,1.0,0.3,3,10,3
6366,0.8333333333333333,0.2,0.6,0.6,1.0,0.7142857142857143,5,7,5
6367,0.7142857142857143,0.2,0.6,0.8,1.0,0.5555555555555556,5,9,5
6368,0.6666666666666666,0.2,0.6,0.6,1.0,0.5,5,10,5
6369,0.6,0.3333333333333333,0.6666666666666666,0.6666666666666666,1.0,0.42857142857142855,3,7,3
6370,0.6153846153846153,0.6666666666666666,0.8333333333333333,0.75,1.0,0.4444444444444444,4,9,4
6371,0.5454545454545454,-0.3333333333333333,0.33333333333333337,0.6666666666666666,1.0,0.375,3,8,3
