sample_idx,accuracy_correct,match_type,confidence,predicted_answer,ground_truth_answer,match_f1,precision,recall,num_predicted_steps,num_reference_steps,num_matched_predictions,num_matched_references,avg_similarity,max_similarity,threshold_used
0,False,placeholder,0.0,insufficient information,C,0.0,0.0,0.0,0,9,0,0,0.0,0.0,0.0
1,False,placeholder,0.0,insufficient information,Yes,0.0,0.0,0.0,0,9,0,0,0.0,0.0,0.0
2,False,placeholder,0.0,insufficient information,B,0.0,0.0,0.0,0,8,0,0,0.0,0.0,0.0
3,False,placeholder,0.0,insufficient information,Green,0.0,0.0,0.0,0,6,0,0,0.0,0.0,0.0
4,False,placeholder,0.0,insufficient information,C,0.0,0.0,0.0,0,8,0,0,0.0,0.0,0.0
5,False,placeholder,0.0,insufficient information,Bus,0.0,0.0,0.0,0,7,0,0,0.0,0.0,0.0
6,False,placeholder,0.0,insufficient information,A,0.0,0.0,0.0,0,6,0,0,0.0,0.0,0.0
7,False,placeholder,0.0,insufficient information,2,0.0,0.0,0.0,0,8,0,0,0.0,0.0,0.0
8,False,placeholder,0.0,insufficient information,A,0.0,0.0,0.0,0,5,0,0,0.0,0.0,0.0
9,False,placeholder,0.0,insufficient information,B,0.0,0.0,0.0,0,5,0,0,0.0,0.0,0.0
10,False,placeholder,0.0,insufficient information,3,0.0,0.0,0.0,0,6,0,0,0.0,0.0,0.0
11,False,placeholder,0.0,insufficient information,A,0.0,0.0,0.0,0,6,0,0,0.0,0.0,0.0
12,False,placeholder,0.0,insufficient information,A,0.0,0.0,0.0,0,6,0,0,0.0,0.0,0.0
13,False,placeholder,0.0,insufficient information,C,0.0,0.0,0.0,0,7,0,0,0.0,0.0,0.0
14,True,yes_no,1.0,Yes,Yes,0.5,1.0,0.3333333333333333,2,6,2,2,0.47298291325569153,0.7821313738822937,0.35
15,False,placeholder,0.0,insufficient information,B,0.0,0.0,0.0,0,6,0,0,0.0,0.0,0.0
16,False,placeholder,0.0,insufficient information,A,0.0,0.0,0.0,0,5,0,0,0.0,0.0,0.0
17,False,placeholder,0.0,insufficient information,0,0.0,0.0,0.0,0,6,0,0,0.0,0.0,0.0
18,False,placeholder,0.0,insufficient information,B,0.0,0.0,0.0,0,5,0,0,0.0,0.0,0.0
19,False,placeholder,0.0,insufficient information,C,0.0,0.0,0.0,0,6,0,0,0.0,0.0,0.0
20,False,placeholder,0.0,insufficient information,A,0.0,0.0,0.0,0,5,0,0,0.0,0.0,0.0
21,False,yes_no,1.0,No,Yes,0.6666666666666666,1.0,0.5,3,6,3,3,0.44162946939468384,0.7080702185630798,0.35
22,False,placeholder,0.0,insufficient information,0,0.0,0.0,0.0,0,8,0,0,0.0,0.0,0.0
23,False,placeholder,0.0,insufficient information,C,0.0,0.0,0.0,0,6,0,0,0.0,0.0,0.0
24,False,placeholder,0.0,insufficient information,A,0.0,0.0,0.0,0,8,0,0,0.0,0.0,0.0
25,True,yes_no,1.0,No,No,0.4444444444444444,0.6666666666666666,0.3333333333333333,3,6,2,2,0.3203631639480591,0.6319670081138611,0.35
26,False,placeholder,0.0,insufficient information,A,0.0,0.0,0.0,0,6,0,0,0.0,0.0,0.0
27,False,placeholder,0.0,insufficient information,A,0.0,0.0,0.0,0,7,0,0,0.0,0.0,0.0
28,False,placeholder,0.0,insufficient information,B,0.0,0.0,0.0,0,5,0,0,0.0,0.0,0.0
29,False,placeholder,0.0,insufficient information,B,0.0,0.0,0.0,0,9,0,0,0.0,0.0,0.0
30,True,yes_no,1.0,Yes,Yes,0.6666666666666666,1.0,0.5,3,6,3,3,0.4432952404022217,0.7408425211906433,0.35
31,False,placeholder,0.0,insufficient information,B,0.0,0.0,0.0,0,4,0,0,0.0,0.0,0.0
32,False,placeholder,0.0,insufficient information,A,0.0,0.0,0.0,0,5,0,0,0.0,0.0,0.0
33,False,placeholder,0.0,insufficient information,C,0.0,0.0,0.0,0,5,0,0,0.0,0.0,0.0
34,False,placeholder,0.0,insufficient information,C,0.0,0.0,0.0,0,6,0,0,0.0,0.0,0.0
35,False,placeholder,0.0,insufficient information,C,0.0,0.0,0.0,0,5,0,0,0.0,0.0,0.0
36,False,placeholder,0.0,insufficient information,3,0.0,0.0,0.0,0,7,0,0,0.0,0.0,0.0
37,False,placeholder,0.0,insufficient information,C,0.0,0.0,0.0,0,7,0,0,0.0,0.0,0.0
38,False,placeholder,0.0,insufficient information,0,0.0,0.0,0.0,0,5,0,0,0.0,0.0,0.0
39,False,placeholder,0.0,insufficient information,2,0.0,0.0,0.0,0,7,0,0,0.0,0.0,0.0
40,True,yes_no,1.0,No,No,0.5,1.0,0.3333333333333333,2,6,2,2,0.4802638292312622,0.8180975914001465,0.35
41,False,placeholder,0.0,insufficient information,B,0.0,0.0,0.0,0,7,0,0,0.0,0.0,0.0
42,False,placeholder,0.0,insufficient information,B,0.0,0.0,0.0,0,7,0,0,0.0,0.0,0.0
43,False,placeholder,0.0,insufficient information,C,0.0,0.0,0.0,0,7,0,0,0.0,0.0,0.0
44,False,placeholder,0.0,insufficient information,3,0.0,0.0,0.0,0,6,0,0,0.0,0.0,0.0
45,False,placeholder,0.0,insufficient information,No,0.0,0.0,0.0,0,7,0,0,0.0,0.0,0.0
46,False,placeholder,0.0,insufficient information,C,0.0,0.0,0.0,0,7,0,0,0.0,0.0,0.0
47,False,placeholder,0.0,insufficient information,B,0.0,0.0,0.0,0,6,0,0,0.0,0.0,0.0
48,False,placeholder,0.0,insufficient information,0,0.0,0.0,0.0,0,7,0,0,0.0,0.0,0.0
49,False,placeholder,0.0,insufficient information,A,0.0,0.0,0.0,0,8,0,0,0.0,0.0,0.0
50,False,placeholder,0.0,insufficient information,B,0.0,0.0,0.0,0,5,0,0,0.0,0.0,0.0
51,False,placeholder,0.0,insufficient information,Right,0.0,0.0,0.0,0,5,0,0,0.0,0.0,0.0
52,False,placeholder,0.0,insufficient information,3,0.0,0.0,0.0,0,5,0,0,0.0,0.0,0.0
53,False,placeholder,0.0,insufficient information,Yes,0.0,0.0,0.0,0,6,0,0,0.0,0.0,0.0
54,False,placeholder,0.0,insufficient information,No,0.0,0.0,0.0,0,8,0,0,0.0,0.0,0.0
55,False,placeholder,0.0,insufficient information,No,0.0,0.0,0.0,0,8,0,0,0.0,0.0,0.0
56,False,placeholder,0.0,insufficient information,No,0.0,0.0,0.0,0,8,0,0,0.0,0.0,0.0
57,False,placeholder,0.0,insufficient information,Green,0.0,0.0,0.0,0,8,0,0,0.0,0.0,0.0
58,False,placeholder,0.0,insufficient information,No,0.0,0.0,0.0,0,8,0,0,0.0,0.0,0.0
59,True,yes_no,1.0,Yes,Yes,0.5454545454545454,1.0,0.375,3,8,3,3,0.6094090342521667,0.8296128511428833,0.35
60,False,placeholder,0.0,insufficient information,Yes,0.0,0.0,0.0,0,8,0,0,0.0,0.0,0.0
61,False,placeholder,0.0,insufficient information,C,0.0,0.0,0.0,0,8,0,0,0.0,0.0,0.0
62,True,yes_no,1.0,Yes,Yes,0.4,1.0,0.25,2,8,2,2,0.489596962928772,0.7716712951660156,0.35
63,False,placeholder,0.0,insufficient information,C,0.0,0.0,0.0,0,8,0,0,0.0,0.0,0.0
64,False,placeholder,0.0,insufficient information,C,0.0,0.0,0.0,0,1,0,0,0.0,0.0,0.0
65,False,placeholder,0.0,insufficient information,Yellow,0.0,0.0,0.0,0,8,0,0,0.0,0.0,0.0
66,False,placeholder,0.0,insufficient information,B,0.0,0.0,0.0,0,8,0,0,0.0,0.0,0.0
67,False,placeholder,0.0,insufficient information,B,0.0,0.0,0.0,0,8,0,0,0.0,0.0,0.0
68,False,placeholder,0.0,insufficient information,A,0.0,0.0,0.0,0,8,0,0,0.0,0.0,0.0
69,False,placeholder,0.0,insufficient information,A,0.0,0.0,0.0,0,8,0,0,0.0,0.0,0.0
70,False,placeholder,0.0,insufficient information,A,0.0,0.0,0.0,0,8,0,0,0.0,0.0,0.0
71,True,yes_no,1.0,No,No,0.5454545454545454,1.0,0.375,3,8,3,3,0.347976952791214,0.6766760945320129,0.35
72,False,placeholder,0.0,insufficient information,A,0.0,0.0,0.0,0,8,0,0,0.0,0.0,0.0
73,False,placeholder,0.0,insufficient information,B,0.0,0.0,0.0,0,8,0,0,0.0,0.0,0.0
74,False,placeholder,0.0,insufficient information,B,0.0,0.0,0.0,0,6,0,0,0.0,0.0,0.0
75,False,placeholder,0.0,insufficient information,A,0.0,0.0,0.0,0,8,0,0,0.0,0.0,0.0
76,False,placeholder,0.0,insufficient information,5,0.0,0.0,0.0,0,9,0,0,0.0,0.0,0.0
77,False,placeholder,0.0,insufficient information,B,0.0,0.0,0.0,0,9,0,0,0.0,0.0,0.0
78,False,placeholder,0.0,insufficient information,2,0.0,0.0,0.0,0,8,0,0,0.0,0.0,0.0
79,False,placeholder,0.0,insufficient information,0,0.0,0.0,0.0,0,9,0,0,0.0,0.0,0.0
80,False,placeholder,0.0,insufficient information,Yes,0.0,0.0,0.0,0,8,0,0,0.0,0.0,0.0
81,False,placeholder,0.0,insufficient information,C,0.0,0.0,0.0,0,9,0,0,0.0,0.0,0.0
82,False,placeholder,0.0,insufficient information,B,0.0,0.0,0.0,0,8,0,0,0.0,0.0,0.0
83,False,placeholder,0.0,insufficient information,B,0.0,0.0,0.0,0,8,0,0,0.0,0.0,0.0
84,False,placeholder,0.0,insufficient information,C,0.0,0.0,0.0,0,9,0,0,0.0,0.0,0.0
85,False,placeholder,0.0,insufficient information,1,0.0,0.0,0.0,0,9,0,0,0.0,0.0,0.0
86,False,placeholder,0.0,insufficient information,2,0.0,0.0,0.0,0,8,0,0,0.0,0.0,0.0
87,False,placeholder,0.0,insufficient information,1,0.0,0.0,0.0,0,8,0,0,0.0,0.0,0.0
88,False,yes_no,1.0,No,Yes,0.4,1.0,0.25,2,8,2,2,0.3424527049064636,0.6355313658714294,0.35
89,False,placeholder,0.0,insufficient information,Yes,0.0,0.0,0.0,0,8,0,0,0.0,0.0,0.0
90,False,placeholder,0.0,insufficient information,B,0.0,0.0,0.0,0,8,0,0,0.0,0.0,0.0
91,False,placeholder,0.0,insufficient information,A,0.0,0.0,0.0,0,8,0,0,0.0,0.0,0.0
92,False,placeholder,0.0,insufficient information,A,0.0,0.0,0.0,0,8,0,0,0.0,0.0,0.0
93,False,placeholder,0.0,insufficient information,C,0.0,0.0,0.0,0,8,0,0,0.0,0.0,0.0
94,False,placeholder,0.0,insufficient information,A,0.0,0.0,0.0,0,8,0,0,0.0,0.0,0.0
95,False,placeholder,0.0,insufficient information,2,0.0,0.0,0.0,0,7,0,0,0.0,0.0,0.0
96,False,placeholder,0.0,insufficient information,B,0.0,0.0,0.0,0,8,0,0,0.0,0.0,0.0
97,False,placeholder,0.0,insufficient information,A,0.0,0.0,0.0,0,8,0,0,0.0,0.0,0.0
98,True,yes_no,1.0,No,No,0.36363636363636365,0.6666666666666666,0.25,3,8,2,2,0.28749513626098633,0.6645471453666687,0.35
99,False,placeholder,0.0,insufficient information,Green,0.0,0.0,0.0,0,8,0,0,0.0,0.0,0.0
100,False,placeholder,0.0,insufficient information,Red,0.0,0.0,0.0,0,8,0,0,0.0,0.0,0.0
101,True,yes_no,1.0,No,No,0.5454545454545454,1.0,0.375,3,8,3,3,0.3737914562225342,0.7232956290245056,0.35
102,False,placeholder,0.0,insufficient information,C,0.0,0.0,0.0,0,8,0,0,0.0,0.0,0.0
103,False,placeholder,0.0,insufficient information,Red,0.0,0.0,0.0,0,8,0,0,0.0,0.0,0.0
104,False,placeholder,0.0,insufficient information,No,0.0,0.0,0.0,0,8,0,0,0.0,0.0,0.0
105,False,placeholder,0.0,insufficient information,C,0.0,0.0,0.0,0,8,0,0,0.0,0.0,0.0
106,False,placeholder,0.0,insufficient information,C,0.0,0.0,0.0,0,8,0,0,0.0,0.0,0.0
107,False,placeholder,0.0,insufficient information,A,0.0,0.0,0.0,0,9,0,0,0.0,0.0,0.0
108,True,yes_no,1.0,Yes,Yes,0.3636363636363636,1.0,0.2222222222222222,2,9,2,2,0.45536744594573975,0.6510084867477417,0.35
109,False,placeholder,0.0,insufficient information,C,0.0,0.0,0.0,0,8,0,0,0.0,0.0,0.0
110,False,placeholder,0.0,insufficient information,B,0.0,0.0,0.0,0,8,0,0,0.0,0.0,0.0
111,False,placeholder,0.0,insufficient information,C,0.0,0.0,0.0,0,8,0,0,0.0,0.0,0.0
112,False,placeholder,0.0,insufficient information,A,0.0,0.0,0.0,0,8,0,0,0.0,0.0,0.0
113,False,placeholder,0.0,insufficient information,B,0.0,0.0,0.0,0,8,0,0,0.0,0.0,0.0
114,False,placeholder,0.0,insufficient information,C,0.0,0.0,0.0,0,8,0,0,0.0,0.0,0.0
115,False,placeholder,0.0,insufficient information,B,0.0,0.0,0.0,0,7,0,0,0.0,0.0,0.0
116,False,placeholder,0.0,insufficient information,No,0.0,0.0,0.0,0,8,0,0,0.0,0.0,0.0
117,False,placeholder,0.0,insufficient information,A,0.0,0.0,0.0,0,8,0,0,0.0,0.0,0.0
118,False,placeholder,0.0,insufficient information,A,0.0,0.0,0.0,0,9,0,0,0.0,0.0,0.0
119,False,placeholder,0.0,insufficient information,1,0.0,0.0,0.0,0,9,0,0,0.0,0.0,0.0
120,False,placeholder,0.0,insufficient information,B,0.0,0.0,0.0,0,8,0,0,0.0,0.0,0.0
121,False,placeholder,0.0,insufficient information,Yes,0.0,0.0,0.0,0,8,0,0,0.0,0.0,0.0
122,False,placeholder,0.0,insufficient information,2,0.0,0.0,0.0,0,8,0,0,0.0,0.0,0.0
123,True,yes_no,1.0,No,No,0.4,1.0,0.25,2,8,2,2,0.4270859956741333,0.64789217710495,0.35
124,False,placeholder,0.0,insufficient information,0,0.0,0.0,0.0,0,10,0,0,0.0,0.0,0.0
125,False,placeholder,0.0,insufficient information,2,0.0,0.0,0.0,0,8,0,0,0.0,0.0,0.0
126,False,placeholder,0.0,insufficient information,2,0.0,0.0,0.0,0,8,0,0,0.0,0.0,0.0
127,False,numeric_mismatch,0.0,25,35,0.4,1.0,0.25,2,8,2,2,0.42656365036964417,0.713456928730011,0.35
128,True,yes_no,1.0,No,No,0.5,1.0,0.3333333333333333,3,9,3,3,0.4548531770706177,0.7309871912002563,0.35
129,True,yes_no,1.0,Yes,Yes,0.5454545454545454,1.0,0.375,3,8,3,3,0.34903112053871155,0.5276450514793396,0.35
130,False,yes_no,1.0,no,Yes,0.5454545454545454,1.0,0.375,3,8,3,3,0.3886522948741913,0.6581758260726929,0.35
131,False,placeholder,0.0,insufficient information,C,0.0,0.0,0.0,0,8,0,0,0.0,0.0,0.0
132,False,placeholder,0.0,insufficient information,B,0.0,0.0,0.0,0,8,0,0,0.0,0.0,0.0
133,False,placeholder,0.0,insufficient information,C,0.0,0.0,0.0,0,16,0,0,0.0,0.0,0.0
134,False,placeholder,0.0,insufficient information,B,0.0,0.0,0.0,0,8,0,0,0.0,0.0,0.0
135,False,placeholder,0.0,insufficient information,A,0.0,0.0,0.0,0,8,0,0,0.0,0.0,0.0
136,False,placeholder,0.0,insufficient information,A,0.0,0.0,0.0,0,9,0,0,0.0,0.0,0.0
137,False,placeholder,0.0,insufficient information,Yes,0.0,0.0,0.0,0,8,0,0,0.0,0.0,0.0
138,False,placeholder,0.0,insufficient information,C,0.0,0.0,0.0,0,9,0,0,0.0,0.0,0.0
139,False,placeholder,0.0,insufficient information,2,0.0,0.0,0.0,0,8,0,0,0.0,0.0,0.0
140,False,placeholder,0.0,insufficient information,C,0.0,0.0,0.0,0,8,0,0,0.0,0.0,0.0
141,False,placeholder,0.0,insufficient information,A,0.0,0.0,0.0,0,9,0,0,0.0,0.0,0.0
142,False,placeholder,0.0,insufficient information,C,0.0,0.0,0.0,0,8,0,0,0.0,0.0,0.0
143,False,yes_no,1.0,Yes,No,0.5,1.0,0.3333333333333333,3,9,3,3,0.366604208946228,0.6740566492080688,0.35
144,False,placeholder,0.0,insufficient information,C,0.0,0.0,0.0,0,9,0,0,0.0,0.0,0.0
145,False,placeholder,0.0,insufficient information,B,0.0,0.0,0.0,0,8,0,0,0.0,0.0,0.0
146,False,placeholder,0.0,insufficient information,C,0.0,0.0,0.0,0,9,0,0,0.0,0.0,0.0
147,False,placeholder,0.0,insufficient information,B,0.0,0.0,0.0,0,8,0,0,0.0,0.0,0.0
148,False,placeholder,0.0,insufficient information,C,0.0,0.0,0.0,0,8,0,0,0.0,0.0,0.0
149,False,placeholder,0.0,insufficient information,A,0.0,0.0,0.0,0,8,0,0,0.0,0.0,0.0
150,False,placeholder,0.0,insufficient information,C,0.0,0.0,0.0,0,8,0,0,0.0,0.0,0.0
151,False,placeholder,0.0,insufficient information,A,0.0,0.0,0.0,0,8,0,0,0.0,0.0,0.0
152,False,placeholder,0.0,insufficient information,A,0.0,0.0,0.0,0,8,0,0,0.0,0.0,0.0
153,False,placeholder,0.0,insufficient information,C,0.0,0.0,0.0,0,8,0,0,0.0,0.0,0.0
154,False,placeholder,0.0,insufficient information,A,0.0,0.0,0.0,0,8,0,0,0.0,0.0,0.0
155,False,placeholder,0.0,insufficient information,C,0.0,0.0,0.0,0,8,0,0,0.0,0.0,0.0
156,True,yes_no,1.0,No,No,0.5454545454545454,1.0,0.375,3,8,3,3,0.4380684792995453,0.7118139863014221,0.35
157,False,placeholder,0.0,insufficient information,A,0.0,0.0,0.0,0,10,0,0,0.0,0.0,0.0
158,False,placeholder,0.0,insufficient information,A,0.0,0.0,0.0,0,8,0,0,0.0,0.0,0.0
159,False,placeholder,0.0,insufficient information,B,0.0,0.0,0.0,0,9,0,0,0.0,0.0,0.0
160,False,placeholder,0.0,insufficient information,Yes,0.0,0.0,0.0,0,9,0,0,0.0,0.0,0.0
161,False,placeholder,0.0,insufficient information,A,0.0,0.0,0.0,0,9,0,0,0.0,0.0,0.0
162,False,placeholder,0.0,insufficient information,2,0.0,0.0,0.0,0,8,0,0,0.0,0.0,0.0
163,False,placeholder,0.0,insufficient information,C,0.0,0.0,0.0,0,11,0,0,0.0,0.0,0.0
164,False,placeholder,0.0,insufficient information,B,0.0,0.0,0.0,0,1,0,0,0.0,0.0,0.0
165,False,placeholder,0.0,insufficient information,A,0.0,0.0,0.0,0,8,0,0,0.0,0.0,0.0
166,False,placeholder,0.0,insufficient information,A,0.0,0.0,0.0,0,8,0,0,0.0,0.0,0.0
167,False,placeholder,0.0,insufficient information,Blue,0.0,0.0,0.0,0,10,0,0,0.0,0.0,0.0
168,False,placeholder,0.0,insufficient information,A,0.0,0.0,0.0,0,9,0,0,0.0,0.0,0.0
169,False,placeholder,0.0,insufficient information,B,0.0,0.0,0.0,0,8,0,0,0.0,0.0,0.0
170,True,yes_no,1.0,Yes,Yes,0.4,1.0,0.25,2,8,2,2,0.5155633091926575,0.739496648311615,0.35
171,False,placeholder,0.0,insufficient information,B,0.0,0.0,0.0,0,6,0,0,0.0,0.0,0.0
172,False,placeholder,0.0,insufficient information,B,0.0,0.0,0.0,0,9,0,0,0.0,0.0,0.0
173,False,placeholder,0.0,insufficient information,0,0.0,0.0,0.0,0,8,0,0,0.0,0.0,0.0
174,False,placeholder,0.0,insufficient information,1,0.0,0.0,0.0,0,9,0,0,0.0,0.0,0.0
175,False,placeholder,0.0,insufficient information,C,0.0,0.0,0.0,0,9,0,0,0.0,0.0,0.0
176,False,placeholder,0.0,insufficient information,3,0.0,0.0,0.0,0,8,0,0,0.0,0.0,0.0
177,False,placeholder,0.0,insufficient information,B,0.0,0.0,0.0,0,8,0,0,0.0,0.0,0.0
178,False,placeholder,0.0,insufficient information,A,0.0,0.0,0.0,0,8,0,0,0.0,0.0,0.0
179,False,placeholder,0.0,insufficient information,A,0.0,0.0,0.0,0,10,0,0,0.0,0.0,0.0
180,False,placeholder,0.0,insufficient information,A,0.0,0.0,0.0,0,8,0,0,0.0,0.0,0.0
181,False,placeholder,0.0,insufficient information,B,0.0,0.0,0.0,0,8,0,0,0.0,0.0,0.0
182,False,placeholder,0.0,insufficient information,A,0.0,0.0,0.0,0,8,0,0,0.0,0.0,0.0
183,False,placeholder,0.0,insufficient information,Yes,0.0,0.0,0.0,0,10,0,0,0.0,0.0,0.0
184,True,yes_no,1.0,Yes,Yes,0.5454545454545454,1.0,0.375,3,8,3,3,0.43750905990600586,0.6532139778137207,0.35
185,False,placeholder,0.0,insufficient information,C,0.0,0.0,0.0,0,9,0,0,0.0,0.0,0.0
186,False,placeholder,0.0,insufficient information,1,0.0,0.0,0.0,0,8,0,0,0.0,0.0,0.0
187,False,placeholder,0.0,insufficient information,B,0.0,0.0,0.0,0,9,0,0,0.0,0.0,0.0
188,True,yes_no,1.0,Yes,Yes,0.4,1.0,0.25,2,8,2,2,0.39811480045318604,0.6164693832397461,0.35
189,False,placeholder,0.0,insufficient information,1,0.0,0.0,0.0,0,9,0,0,0.0,0.0,0.0
190,False,placeholder,0.0,insufficient information,A,0.0,0.0,0.0,0,8,0,0,0.0,0.0,0.0
191,False,placeholder,0.0,insufficient information,B,0.0,0.0,0.0,0,9,0,0,0.0,0.0,0.0
192,False,yes_no,1.0,No,Yes,0.5454545454545454,1.0,0.375,3,8,3,3,0.2878119647502899,0.7219387292861938,0.35
193,False,placeholder,0.0,insufficient information,B,0.0,0.0,0.0,0,10,0,0,0.0,0.0,0.0
194,False,placeholder,0.0,insufficient information,A,0.0,0.0,0.0,0,8,0,0,0.0,0.0,0.0
195,False,placeholder,0.0,insufficient information,4,0.0,0.0,0.0,0,9,0,0,0.0,0.0,0.0
196,False,placeholder,0.0,insufficient information,2,0.0,0.0,0.0,0,8,0,0,0.0,0.0,0.0
197,False,placeholder,0.0,insufficient information,A,0.0,0.0,0.0,0,9,0,0,0.0,0.0,0.0
198,False,placeholder,0.0,insufficient information,C,0.0,0.0,0.0,0,8,0,0,0.0,0.0,0.0
199,False,placeholder,0.0,insufficient information,C,0.0,0.0,0.0,0,9,0,0,0.0,0.0,0.0
200,False,placeholder,0.0,insufficient information,A,0.0,0.0,0.0,0,8,0,0,0.0,0.0,0.0
201,False,placeholder,0.0,insufficient information,2,0.0,0.0,0.0,0,8,0,0,0.0,0.0,0.0
202,False,placeholder,0.0,insufficient information,B,0.0,0.0,0.0,0,9,0,0,0.0,0.0,0.0
203,False,placeholder,0.0,insufficient information,C,0.0,0.0,0.0,0,8,0,0,0.0,0.0,0.0
204,True,yes_no,1.0,Yes,Yes,0.4,1.0,0.25,2,8,2,2,0.3664878010749817,0.7630566954612732,0.35
205,False,placeholder,0.0,insufficient information,1,0.0,0.0,0.0,0,9,0,0,0.0,0.0,0.0
206,False,placeholder,0.0,insufficient information,C,0.0,0.0,0.0,0,16,0,0,0.0,0.0,0.0
207,False,placeholder,0.0,insufficient information,B,0.0,0.0,0.0,0,8,0,0,0.0,0.0,0.0
208,False,placeholder,0.0,insufficient information,Red,0.0,0.0,0.0,0,8,0,0,0.0,0.0,0.0
209,False,placeholder,0.0,insufficient information,A,0.0,0.0,0.0,0,9,0,0,0.0,0.0,0.0
210,False,placeholder,0.0,insufficient information,A,0.0,0.0,0.0,0,8,0,0,0.0,0.0,0.0
211,False,placeholder,0.0,insufficient information,2,0.0,0.0,0.0,0,8,0,0,0.0,0.0,0.0
212,False,placeholder,0.0,insufficient information,1,0.0,0.0,0.0,0,8,0,0,0.0,0.0,0.0
213,False,placeholder,0.0,insufficient information,C,0.0,0.0,0.0,0,9,0,0,0.0,0.0,0.0
214,False,placeholder,0.0,insufficient information,3,0.0,0.0,0.0,0,8,0,0,0.0,0.0,0.0
215,False,placeholder,0.0,insufficient information,Red,0.0,0.0,0.0,0,8,0,0,0.0,0.0,0.0
216,False,placeholder,0.0,insufficient information,2,0.0,0.0,0.0,0,8,0,0,0.0,0.0,0.0
217,False,placeholder,0.0,insufficient information,C,0.0,0.0,0.0,0,8,0,0,0.0,0.0,0.0
218,False,placeholder,0.0,insufficient information,1,0.0,0.0,0.0,0,1,0,0,0.0,0.0,0.0
219,False,placeholder,0.0,insufficient information,B,0.0,0.0,0.0,0,8,0,0,0.0,0.0,0.0
220,False,placeholder,0.0,insufficient information,C,0.0,0.0,0.0,0,9,0,0,0.0,0.0,0.0
221,False,placeholder,0.0,insufficient information,C,0.0,0.0,0.0,0,8,0,0,0.0,0.0,0.0
222,False,placeholder,0.0,insufficient information,B,0.0,0.0,0.0,0,9,0,0,0.0,0.0,0.0
223,False,placeholder,0.0,insufficient information,0,0.0,0.0,0.0,0,9,0,0,0.0,0.0,0.0
224,False,placeholder,0.0,insufficient information,B,0.0,0.0,0.0,0,10,0,0,0.0,0.0,0.0
225,False,placeholder,0.0,insufficient information,B,0.0,0.0,0.0,0,9,0,0,0.0,0.0,0.0
226,False,placeholder,0.0,insufficient information,No,0.0,0.0,0.0,0,10,0,0,0.0,0.0,0.0
227,False,placeholder,0.0,insufficient information,Yes,0.0,0.0,0.0,0,8,0,0,0.0,0.0,0.0
228,False,placeholder,0.0,insufficient information,C,0.0,0.0,0.0,0,8,0,0,0.0,0.0,0.0
229,False,placeholder,0.0,insufficient information,Yes,0.0,0.0,0.0,0,8,0,0,0.0,0.0,0.0
230,False,placeholder,0.0,insufficient information,0,0.0,0.0,0.0,0,8,0,0,0.0,0.0,0.0
231,False,placeholder,0.0,insufficient information,B,0.0,0.0,0.0,0,8,0,0,0.0,0.0,0.0
232,False,placeholder,0.0,insufficient information,B,0.0,0.0,0.0,0,8,0,0,0.0,0.0,0.0
233,False,placeholder,0.0,insufficient information,Left,0.0,0.0,0.0,0,9,0,0,0.0,0.0,0.0
234,False,placeholder,0.0,insufficient information,B,0.0,0.0,0.0,0,9,0,0,0.0,0.0,0.0
235,False,placeholder,0.0,insufficient information,B,0.0,0.0,0.0,0,1,0,0,0.0,0.0,0.0
236,False,placeholder,0.0,insufficient information,B,0.0,0.0,0.0,0,9,0,0,0.0,0.0,0.0
237,False,placeholder,0.0,insufficient information,C,0.0,0.0,0.0,0,7,0,0,0.0,0.0,0.0
238,False,placeholder,0.0,insufficient information,B,0.0,0.0,0.0,0,8,0,0,0.0,0.0,0.0
239,False,placeholder,0.0,insufficient information,A,0.0,0.0,0.0,0,9,0,0,0.0,0.0,0.0
240,False,placeholder,0.0,insufficient information,Yes,0.0,0.0,0.0,0,9,0,0,0.0,0.0,0.0
241,False,placeholder,0.0,insufficient information,A,0.0,0.0,0.0,0,8,0,0,0.0,0.0,0.0
242,False,placeholder,0.0,insufficient information,B,0.0,0.0,0.0,0,8,0,0,0.0,0.0,0.0
243,False,placeholder,0.0,insufficient information,B,0.0,0.0,0.0,0,9,0,0,0.0,0.0,0.0
244,False,placeholder,0.0,insufficient information,2,0.0,0.0,0.0,0,9,0,0,0.0,0.0,0.0
245,False,placeholder,0.0,insufficient information,3,0.0,0.0,0.0,0,10,0,0,0.0,0.0,0.0
246,False,placeholder,0.0,insufficient information,A,0.0,0.0,0.0,0,8,0,0,0.0,0.0,0.0
247,False,placeholder,0.0,insufficient information,A,0.0,0.0,0.0,0,8,0,0,0.0,0.0,0.0
248,False,placeholder,0.0,insufficient information,2,0.0,0.0,0.0,0,9,0,0,0.0,0.0,0.0
249,False,placeholder,0.0,insufficient information,C,0.0,0.0,0.0,0,8,0,0,0.0,0.0,0.0
250,False,placeholder,0.0,insufficient information,B,0.0,0.0,0.0,0,8,0,0,0.0,0.0,0.0
251,False,placeholder,0.0,insufficient information,No,0.0,0.0,0.0,0,9,0,0,0.0,0.0,0.0
252,False,placeholder,0.0,insufficient information,A,0.0,0.0,0.0,0,8,0,0,0.0,0.0,0.0
253,True,yes_no,1.0,Yes,Yes,0.4,1.0,0.25,2,8,2,2,0.49945950508117676,0.7242469191551208,0.35
254,True,yes_no,1.0,Yes,Yes,0.4,1.0,0.25,2,8,2,2,0.5041127800941467,0.7781074047088623,0.35
255,False,placeholder,0.0,insufficient information,C,0.0,0.0,0.0,0,8,0,0,0.0,0.0,0.0
256,False,placeholder,0.0,insufficient information,A,0.0,0.0,0.0,0,8,0,0,0.0,0.0,0.0
257,False,placeholder,0.0,insufficient information,A,0.0,0.0,0.0,0,11,0,0,0.0,0.0,0.0
258,False,placeholder,0.0,insufficient information,B,0.0,0.0,0.0,0,8,0,0,0.0,0.0,0.0
259,False,placeholder,0.0,insufficient information,1,0.0,0.0,0.0,0,10,0,0,0.0,0.0,0.0
260,False,placeholder,0.0,insufficient information,B,0.0,0.0,0.0,0,8,0,0,0.0,0.0,0.0
261,False,placeholder,0.0,insufficient information,Yes,0.0,0.0,0.0,0,11,0,0,0.0,0.0,0.0
262,True,yes_no,1.0,No,No,0.5,1.0,0.3333333333333333,3,9,3,3,0.36673504114151,0.7542775869369507,0.35
263,False,placeholder,0.0,insufficient information,Green,0.0,0.0,0.0,0,9,0,0,0.0,0.0,0.0
264,False,placeholder,0.0,insufficient information,1,0.0,0.0,0.0,0,9,0,0,0.0,0.0,0.0
265,False,placeholder,0.0,insufficient information,A,0.0,0.0,0.0,0,8,0,0,0.0,0.0,0.0
266,False,placeholder,0.0,insufficient information,A,0.0,0.0,0.0,0,10,0,0,0.0,0.0,0.0
267,False,placeholder,0.0,insufficient information,0,0.0,0.0,0.0,0,8,0,0,0.0,0.0,0.0
268,False,placeholder,0.0,insufficient information,No,0.0,0.0,0.0,0,8,0,0,0.0,0.0,0.0
269,False,placeholder,0.0,insufficient information,A,0.0,0.0,0.0,0,8,0,0,0.0,0.0,0.0
270,True,yes_no,1.0,Yes,Yes,0.5454545454545454,1.0,0.375,3,8,3,3,0.48324355483055115,0.8573457598686218,0.35
271,False,placeholder,0.0,insufficient information,Red,0.0,0.0,0.0,0,9,0,0,0.0,0.0,0.0
272,False,placeholder,0.0,insufficient information,A,0.0,0.0,0.0,0,8,0,0,0.0,0.0,0.0
273,False,placeholder,0.0,insufficient information,A,0.0,0.0,0.0,0,6,0,0,0.0,0.0,0.0
274,False,placeholder,0.0,insufficient information,Green,0.0,0.0,0.0,0,9,0,0,0.0,0.0,0.0
275,False,placeholder,0.0,insufficient information,A,0.0,0.0,0.0,0,9,0,0,0.0,0.0,0.0
276,False,placeholder,0.0,insufficient information,C,0.0,0.0,0.0,0,8,0,0,0.0,0.0,0.0
277,False,placeholder,0.0,insufficient information,B,0.0,0.0,0.0,0,8,0,0,0.0,0.0,0.0
278,False,placeholder,0.0,insufficient information,C,0.0,0.0,0.0,0,8,0,0,0.0,0.0,0.0
279,False,placeholder,0.0,insufficient information,B,0.0,0.0,0.0,0,7,0,0,0.0,0.0,0.0
280,False,placeholder,0.0,insufficient information,B,0.0,0.0,0.0,0,8,0,0,0.0,0.0,0.0
281,False,placeholder,0.0,insufficient information,No,0.0,0.0,0.0,0,8,0,0,0.0,0.0,0.0
282,False,placeholder,0.0,insufficient information,B,0.0,0.0,0.0,0,8,0,0,0.0,0.0,0.0
283,False,placeholder,0.0,insufficient information,Red,0.0,0.0,0.0,0,8,0,0,0.0,0.0,0.0
284,False,placeholder,0.0,insufficient information,7,0.0,0.0,0.0,0,10,0,0,0.0,0.0,0.0
285,False,placeholder,0.0,insufficient information,Children,0.0,0.0,0.0,0,8,0,0,0.0,0.0,0.0
286,False,placeholder,0.0,insufficient information,A,0.0,0.0,0.0,0,9,0,0,0.0,0.0,0.0
287,False,placeholder,0.0,insufficient information,No,0.0,0.0,0.0,0,8,0,0,0.0,0.0,0.0
288,False,placeholder,0.0,insufficient information,3,0.0,0.0,0.0,0,9,0,0,0.0,0.0,0.0
289,False,placeholder,0.0,insufficient information,No,0.0,0.0,0.0,0,8,0,0,0.0,0.0,0.0
290,False,placeholder,0.0,insufficient information,A,0.0,0.0,0.0,0,8,0,0,0.0,0.0,0.0
291,False,placeholder,0.0,insufficient information,A,0.0,0.0,0.0,0,8,0,0,0.0,0.0,0.0
292,False,placeholder,0.0,insufficient information,4,0.0,0.0,0.0,0,8,0,0,0.0,0.0,0.0
293,False,placeholder,0.0,insufficient information,C,0.0,0.0,0.0,0,8,0,0,0.0,0.0,0.0
294,False,placeholder,0.0,insufficient information,B,0.0,0.0,0.0,0,9,0,0,0.0,0.0,0.0
295,False,placeholder,0.0,insufficient information,B,0.0,0.0,0.0,0,9,0,0,0.0,0.0,0.0
296,False,placeholder,0.0,insufficient information,A,0.0,0.0,0.0,0,8,0,0,0.0,0.0,0.0
297,False,placeholder,0.0,insufficient information,A,0.0,0.0,0.0,0,8,0,0,0.0,0.0,0.0
298,False,placeholder,0.0,insufficient information,A,0.0,0.0,0.0,0,9,0,0,0.0,0.0,0.0
299,False,placeholder,0.0,insufficient information,A,0.0,0.0,0.0,0,8,0,0,0.0,0.0,0.0
300,False,placeholder,0.0,insufficient information,0,0.0,0.0,0.0,0,10,0,0,0.0,0.0,0.0
301,False,yes_no,1.0,No,Yes,0.5454545454545454,1.0,0.375,3,8,3,3,0.4064657986164093,0.5854411125183105,0.35
302,False,placeholder,0.0,insufficient information,B,0.0,0.0,0.0,0,8,0,0,0.0,0.0,0.0
303,True,yes_no,1.0,Yes,Yes,0.5454545454545454,1.0,0.375,3,8,3,3,0.38283872604370117,0.5779208540916443,0.35
304,False,placeholder,0.0,insufficient information,A,0.0,0.0,0.0,0,8,0,0,0.0,0.0,0.0
305,False,placeholder,0.0,insufficient information,A,0.0,0.0,0.0,0,8,0,0,0.0,0.0,0.0
306,True,yes_no,1.0,No,No,0.33333333333333337,1.0,0.2,2,10,2,2,0.40166911482810974,0.624573290348053,0.35
307,False,placeholder,0.0,insufficient information,A,0.0,0.0,0.0,0,8,0,0,0.0,0.0,0.0
308,False,placeholder,0.0,insufficient information,No,0.0,0.0,0.0,0,8,0,0,0.0,0.0,0.0
309,False,placeholder,0.0,insufficient information,C,0.0,0.0,0.0,0,9,0,0,0.0,0.0,0.0
310,False,placeholder,0.0,insufficient information,A,0.0,0.0,0.0,0,8,0,0,0.0,0.0,0.0
311,False,placeholder,0.0,insufficient information,C,0.0,0.0,0.0,0,12,0,0,0.0,0.0,0.0
312,True,yes_no,1.0,No,No,0.5454545454545454,1.0,0.375,3,8,3,3,0.35896429419517517,0.6349013447761536,0.35
313,False,placeholder,0.0,insufficient information,B,0.0,0.0,0.0,0,8,0,0,0.0,0.0,0.0
314,False,placeholder,0.0,insufficient information,Yes,0.0,0.0,0.0,0,8,0,0,0.0,0.0,0.0
315,False,placeholder,0.0,insufficient information,Yes,0.0,0.0,0.0,0,8,0,0,0.0,0.0,0.0
316,False,placeholder,0.0,insufficient information,B,0.0,0.0,0.0,0,8,0,0,0.0,0.0,0.0
317,False,placeholder,0.0,insufficient information,Green,0.0,0.0,0.0,0,8,0,0,0.0,0.0,0.0
318,False,yes_no,1.0,green,No,0.5454545454545454,1.0,0.375,3,8,3,3,0.4453531503677368,0.7208080887794495,0.35
319,False,placeholder,0.0,insufficient information,B,0.0,0.0,0.0,0,9,0,0,0.0,0.0,0.0
320,False,placeholder,0.0,insufficient information,C,0.0,0.0,0.0,0,9,0,0,0.0,0.0,0.0
321,False,placeholder,0.0,insufficient information,2,0.0,0.0,0.0,0,8,0,0,0.0,0.0,0.0
322,False,placeholder,0.0,insufficient information,3,0.0,0.0,0.0,0,8,0,0,0.0,0.0,0.0
323,False,yes_no,1.0,No,Yes,0.5,1.0,0.3333333333333333,3,9,3,3,0.39275625348091125,0.5883007049560547,0.35
324,False,placeholder,0.0,insufficient information,B,0.0,0.0,0.0,0,9,0,0,0.0,0.0,0.0
325,False,placeholder,0.0,insufficient information,A,0.0,0.0,0.0,0,8,0,0,0.0,0.0,0.0
326,False,placeholder,0.0,insufficient information,C,0.0,0.0,0.0,0,8,0,0,0.0,0.0,0.0
327,False,placeholder,0.0,insufficient information,A,0.0,0.0,0.0,0,8,0,0,0.0,0.0,0.0
328,False,placeholder,0.0,insufficient information,5,0.0,0.0,0.0,0,8,0,0,0.0,0.0,0.0
329,False,placeholder,0.0,insufficient information,C,0.0,0.0,0.0,0,8,0,0,0.0,0.0,0.0
330,False,placeholder,0.0,insufficient information,A,0.0,0.0,0.0,0,9,0,0,0.0,0.0,0.0
331,False,placeholder,0.0,insufficient information,Right,0.0,0.0,0.0,0,8,0,0,0.0,0.0,0.0
332,False,placeholder,0.0,insufficient information,C,0.0,0.0,0.0,0,9,0,0,0.0,0.0,0.0
333,False,placeholder,0.0,insufficient information,Red,0.0,0.0,0.0,0,8,0,0,0.0,0.0,0.0
334,False,placeholder,0.0,insufficient information,3,0.0,0.0,0.0,0,8,0,0,0.0,0.0,0.0
335,False,placeholder,0.0,insufficient information,A,0.0,0.0,0.0,0,10,0,0,0.0,0.0,0.0
336,False,placeholder,0.0,insufficient information,2,0.0,0.0,0.0,0,8,0,0,0.0,0.0,0.0
337,False,placeholder,0.0,insufficient information,A,0.0,0.0,0.0,0,8,0,0,0.0,0.0,0.0
338,False,placeholder,0.0,insufficient information,Yes,0.0,0.0,0.0,0,8,0,0,0.0,0.0,0.0
339,False,placeholder,0.0,insufficient information,Keep,0.0,0.0,0.0,0,9,0,0,0.0,0.0,0.0
340,False,placeholder,0.0,insufficient information,C,0.0,0.0,0.0,0,8,0,0,0.0,0.0,0.0
341,False,placeholder,0.0,insufficient information,C,0.0,0.0,0.0,0,8,0,0,0.0,0.0,0.0
342,False,placeholder,0.0,insufficient information,B,0.0,0.0,0.0,0,8,0,0,0.0,0.0,0.0
343,False,placeholder,0.0,insufficient information,C,0.0,0.0,0.0,0,8,0,0,0.0,0.0,0.0
344,False,placeholder,0.0,insufficient information,2,0.0,0.0,0.0,0,9,0,0,0.0,0.0,0.0
345,False,placeholder,0.0,insufficient information,No,0.0,0.0,0.0,0,8,0,0,0.0,0.0,0.0
346,True,numeric_exact,1.0,35,35,0.3076923076923077,1.0,0.18181818181818182,2,11,2,2,0.401767760515213,0.7350055575370789,0.35
347,False,placeholder,0.0,insufficient information,B,0.0,0.0,0.0,0,9,0,0,0.0,0.0,0.0
348,True,yes_no,1.0,No,No,0.5,0.75,0.375,4,8,3,3,0.3659888505935669,0.5779792070388794,0.35
349,False,placeholder,0.0,insufficient information,2,0.0,0.0,0.0,0,9,0,0,0.0,0.0,0.0
350,False,placeholder,0.0,insufficient information,A,0.0,0.0,0.0,0,8,0,0,0.0,0.0,0.0
351,False,placeholder,0.0,insufficient information,Yes,0.0,0.0,0.0,0,8,0,0,0.0,0.0,0.0
352,True,yes_no,1.0,No,No,0.6666666666666666,1.0,0.5,4,8,4,4,0.31323426961898804,0.6640521883964539,0.35
353,False,yes_no,1.0,No,Yes,0.6666666666666666,0.5,1.0,2,1,1,1,0.4667591154575348,0.4843460023403168,0.35
354,False,placeholder,0.0,insufficient information,A,0.0,0.0,0.0,0,8,0,0,0.0,0.0,0.0
355,False,placeholder,0.0,insufficient information,2,0.0,0.0,0.0,0,8,0,0,0.0,0.0,0.0
356,False,placeholder,0.0,insufficient information,C,0.0,0.0,0.0,0,9,0,0,0.0,0.0,0.0
357,False,yes_no,1.0,Yes,No,0.4615384615384615,1.0,0.3,3,10,3,3,0.3932975232601166,0.6944494843482971,0.35
358,False,placeholder,0.0,insufficient information,Yes,0.0,0.0,0.0,0,8,0,0,0.0,0.0,0.0
359,False,placeholder,0.0,insufficient information,1,0.0,0.0,0.0,0,8,0,0,0.0,0.0,0.0
360,False,placeholder,0.0,insufficient information,Yes,0.0,0.0,0.0,0,8,0,0,0.0,0.0,0.0
361,False,placeholder,0.0,insufficient information,2,0.0,0.0,0.0,0,9,0,0,0.0,0.0,0.0
362,False,placeholder,0.0,insufficient information,C,0.0,0.0,0.0,0,8,0,0,0.0,0.0,0.0
363,False,placeholder,0.0,insufficient information,C,0.0,0.0,0.0,0,8,0,0,0.0,0.0,0.0
364,False,placeholder,0.0,insufficient information,Yes,0.0,0.0,0.0,0,8,0,0,0.0,0.0,0.0
365,False,placeholder,0.0,insufficient information,C,0.0,0.0,0.0,0,8,0,0,0.0,0.0,0.0
366,False,placeholder,0.0,insufficient information,C,0.0,0.0,0.0,0,9,0,0,0.0,0.0,0.0
367,False,placeholder,0.0,insufficient information,C,0.0,0.0,0.0,0,8,0,0,0.0,0.0,0.0
368,True,yes_no,1.0,No,No,0.4,1.0,0.25,2,8,2,2,0.4687020778656006,0.7958696484565735,0.35
369,False,placeholder,0.0,insufficient information,B,0.0,0.0,0.0,0,8,0,0,0.0,0.0,0.0
370,False,placeholder,0.0,insufficient information,A,0.0,0.0,0.0,0,10,0,0,0.0,0.0,0.0
371,False,placeholder,0.0,insufficient information,A,0.0,0.0,0.0,0,9,0,0,0.0,0.0,0.0
372,False,placeholder,0.0,insufficient information,B,0.0,0.0,0.0,0,8,0,0,0.0,0.0,0.0
373,False,placeholder,0.0,insufficient information,No,0.0,0.0,0.0,0,1,0,0,0.0,0.0,0.0
374,False,placeholder,0.0,insufficient information,Pedestrian,0.0,0.0,0.0,0,8,0,0,0.0,0.0,0.0
375,False,placeholder,0.0,insufficient information,Yes,0.0,0.0,0.0,0,9,0,0,0.0,0.0,0.0
376,False,placeholder,0.0,insufficient information,B,0.0,0.0,0.0,0,8,0,0,0.0,0.0,0.0
377,False,placeholder,0.0,insufficient information,A,0.0,0.0,0.0,0,8,0,0,0.0,0.0,0.0
378,False,placeholder,0.0,insufficient information,C,0.0,0.0,0.0,0,8,0,0,0.0,0.0,0.0
379,False,placeholder,0.0,insufficient information,C,0.0,0.0,0.0,0,8,0,0,0.0,0.0,0.0
380,False,placeholder,0.0,insufficient information,Yes,0.0,0.0,0.0,0,10,0,0,0.0,0.0,0.0
381,False,placeholder,0.0,insufficient information,B,0.0,0.0,0.0,0,8,0,0,0.0,0.0,0.0
382,False,placeholder,0.0,insufficient information,No,0.0,0.0,0.0,0,8,0,0,0.0,0.0,0.0
383,False,placeholder,0.0,insufficient information,A,0.0,0.0,0.0,0,9,0,0,0.0,0.0,0.0
384,True,yes_no,1.0,Yes,Yes,0.5,1.0,0.3333333333333333,3,9,3,3,0.3734786808490753,0.679093062877655,0.35
385,True,yes_no,1.0,No,No,0.4,1.0,0.25,2,8,2,2,0.402792751789093,0.5422607064247131,0.35
386,False,placeholder,0.0,insufficient information,1,0.0,0.0,0.0,0,8,0,0,0.0,0.0,0.0
387,True,yes_no,1.0,Yes,Yes,0.5454545454545454,1.0,0.375,3,8,3,3,0.4930836856365204,0.7988073825836182,0.35
388,False,placeholder,0.0,insufficient information,No,0.0,0.0,0.0,0,8,0,0,0.0,0.0,0.0
389,False,placeholder,0.0,insufficient information,C,0.0,0.0,0.0,0,8,0,0,0.0,0.0,0.0
390,False,placeholder,0.0,insufficient information,C,0.0,0.0,0.0,0,9,0,0,0.0,0.0,0.0
391,False,placeholder,0.0,insufficient information,B,0.0,0.0,0.0,0,9,0,0,0.0,0.0,0.0
392,False,placeholder,0.0,insufficient information,C,0.0,0.0,0.0,0,8,0,0,0.0,0.0,0.0
393,True,yes_no,1.0,Yes,Yes,0.4,1.0,0.25,2,8,2,2,0.37594473361968994,0.6898375749588013,0.35
394,False,placeholder,0.0,insufficient information,A,0.0,0.0,0.0,0,8,0,0,0.0,0.0,0.0
395,False,placeholder,0.0,insufficient information,A,0.0,0.0,0.0,0,8,0,0,0.0,0.0,0.0
396,False,placeholder,0.0,insufficient information,0,0.0,0.0,0.0,0,9,0,0,0.0,0.0,0.0
397,False,placeholder,0.0,insufficient information,A,0.0,0.0,0.0,0,9,0,0,0.0,0.0,0.0
398,False,placeholder,0.0,insufficient information,B,0.0,0.0,0.0,0,8,0,0,0.0,0.0,0.0
399,False,placeholder,0.0,insufficient information,1,0.0,0.0,0.0,0,9,0,0,0.0,0.0,0.0
400,False,placeholder,0.0,insufficient information,B,0.0,0.0,0.0,0,8,0,0,0.0,0.0,0.0
401,False,placeholder,0.0,insufficient information,A,0.0,0.0,0.0,0,8,0,0,0.0,0.0,0.0
402,False,placeholder,0.0,insufficient information,B,0.0,0.0,0.0,0,8,0,0,0.0,0.0,0.0
403,False,placeholder,0.0,insufficient information,C,0.0,0.0,0.0,0,8,0,0,0.0,0.0,0.0
404,False,placeholder,0.0,insufficient information,A,0.0,0.0,0.0,0,8,0,0,0.0,0.0,0.0
405,False,placeholder,0.0,insufficient information,B,0.0,0.0,0.0,0,8,0,0,0.0,0.0,0.0
406,True,yes_no,1.0,no,No,0.4,1.0,0.25,2,8,2,2,0.4641572833061218,0.7013532519340515,0.35
407,False,placeholder,0.0,insufficient information,3,0.0,0.0,0.0,0,9,0,0,0.0,0.0,0.0
408,False,placeholder,0.0,insufficient information,B,0.0,0.0,0.0,0,8,0,0,0.0,0.0,0.0
409,False,placeholder,0.0,insufficient information,B,0.0,0.0,0.0,0,9,0,0,0.0,0.0,0.0
410,False,placeholder,0.0,insufficient information,C,0.0,0.0,0.0,0,9,0,0,0.0,0.0,0.0
411,False,placeholder,0.0,insufficient information,B,0.0,0.0,0.0,0,9,0,0,0.0,0.0,0.0
412,False,placeholder,0.0,insufficient information,Green,0.0,0.0,0.0,0,8,0,0,0.0,0.0,0.0
413,False,placeholder,0.0,insufficient information,B,0.0,0.0,0.0,0,8,0,0,0.0,0.0,0.0
414,True,yes_no,1.0,Yes,Yes,0.4,1.0,0.25,2,8,2,2,0.5247650146484375,0.8574268817901611,0.35
415,False,placeholder,0.0,insufficient information,B,0.0,0.0,0.0,0,8,0,0,0.0,0.0,0.0
416,False,placeholder,0.0,insufficient information,8,0.0,0.0,0.0,0,9,0,0,0.0,0.0,0.0
417,False,placeholder,0.0,insufficient information,2,0.0,0.0,0.0,0,8,0,0,0.0,0.0,0.0
418,False,placeholder,0.0,insufficient information,No,0.0,0.0,0.0,0,8,0,0,0.0,0.0,0.0
419,False,placeholder,0.0,insufficient information,Green,0.0,0.0,0.0,0,8,0,0,0.0,0.0,0.0
420,False,placeholder,0.0,insufficient information,1,0.0,0.0,0.0,0,10,0,0,0.0,0.0,0.0
421,False,placeholder,0.0,insufficient information,Red,0.0,0.0,0.0,0,8,0,0,0.0,0.0,0.0
422,False,placeholder,0.0,insufficient information,B,0.0,0.0,0.0,0,9,0,0,0.0,0.0,0.0
423,True,yes_no,1.0,No,No,0.5454545454545454,1.0,0.375,3,8,3,3,0.42177465558052063,0.6494327187538147,0.35
424,False,placeholder,0.0,insufficient information,A,0.0,0.0,0.0,0,8,0,0,0.0,0.0,0.0
425,False,placeholder,0.0,insufficient information,C,0.0,0.0,0.0,0,8,0,0,0.0,0.0,0.0
426,False,placeholder,0.0,insufficient information,1,0.0,0.0,0.0,0,8,0,0,0.0,0.0,0.0
427,False,placeholder,0.0,insufficient information,A,0.0,0.0,0.0,0,10,0,0,0.0,0.0,0.0
428,False,placeholder,0.0,insufficient information,A,0.0,0.0,0.0,0,9,0,0,0.0,0.0,0.0
429,False,placeholder,0.0,insufficient information,B,0.0,0.0,0.0,0,8,0,0,0.0,0.0,0.0
430,True,yes_no,1.0,Yes,Yes,0.4,1.0,0.25,2,8,2,2,0.42716190218925476,0.6636881232261658,0.35
431,False,placeholder,0.0,insufficient information,C,0.0,0.0,0.0,0,9,0,0,0.0,0.0,0.0
432,False,placeholder,0.0,insufficient information,C,0.0,0.0,0.0,0,8,0,0,0.0,0.0,0.0
433,True,yes_no,1.0,Yes,Yes,0.6666666666666666,1.0,0.5,4,8,4,4,0.3285067081451416,0.6074063777923584,0.35
434,False,placeholder,0.0,insufficient information,B,0.0,0.0,0.0,0,9,0,0,0.0,0.0,0.0
435,False,placeholder,0.0,insufficient information,B,0.0,0.0,0.0,0,10,0,0,0.0,0.0,0.0
436,False,placeholder,0.0,insufficient information,A,0.0,0.0,0.0,0,10,0,0,0.0,0.0,0.0
437,False,placeholder,0.0,insufficient information,B,0.0,0.0,0.0,0,9,0,0,0.0,0.0,0.0
438,False,placeholder,0.0,insufficient information,A,0.0,0.0,0.0,0,10,0,0,0.0,0.0,0.0
439,True,yes_no,1.0,Yes,Yes,0.5454545454545454,1.0,0.375,3,8,3,3,0.4773266017436981,0.726725697517395,0.35
440,False,placeholder,0.0,insufficient information,0,0.0,0.0,0.0,0,10,0,0,0.0,0.0,0.0
441,False,placeholder,0.0,insufficient information,Yes,0.0,0.0,0.0,0,8,0,0,0.0,0.0,0.0
442,False,placeholder,0.0,insufficient information,C,0.0,0.0,0.0,0,8,0,0,0.0,0.0,0.0
443,False,numeric_mismatch,0.0,3,0,0.6153846153846153,1.0,0.4444444444444444,4,9,4,4,0.4092021584510803,0.7307161688804626,0.35
444,False,placeholder,0.0,insufficient information,Green,0.0,0.0,0.0,0,8,0,0,0.0,0.0,0.0
445,False,placeholder,0.0,insufficient information,2,0.0,0.0,0.0,0,9,0,0,0.0,0.0,0.0
446,False,placeholder,0.0,insufficient information,C,0.0,0.0,0.0,0,8,0,0,0.0,0.0,0.0
447,False,placeholder,0.0,insufficient information,C,0.0,0.0,0.0,0,10,0,0,0.0,0.0,0.0
448,False,placeholder,0.0,insufficient information,C,0.0,0.0,0.0,0,8,0,0,0.0,0.0,0.0
449,False,placeholder,0.0,insufficient information,A,0.0,0.0,0.0,0,9,0,0,0.0,0.0,0.0
450,False,placeholder,0.0,insufficient information,A,0.0,0.0,0.0,0,8,0,0,0.0,0.0,0.0
451,False,placeholder,0.0,insufficient information,A,0.0,0.0,0.0,0,8,0,0,0.0,0.0,0.0
452,False,placeholder,0.0,insufficient information,Green,0.0,0.0,0.0,0,8,0,0,0.0,0.0,0.0
453,False,placeholder,0.0,insufficient information,C,0.0,0.0,0.0,0,8,0,0,0.0,0.0,0.0
454,False,placeholder,0.0,insufficient information,0,0.0,0.0,0.0,0,10,0,0,0.0,0.0,0.0
455,True,yes_no,1.0,No,No,0.5454545454545454,1.0,0.375,3,8,3,3,0.4607561528682709,0.6121165156364441,0.35
456,False,placeholder,0.0,insufficient information,A,0.0,0.0,0.0,0,9,0,0,0.0,0.0,0.0
457,False,placeholder,0.0,insufficient information,Yes,0.0,0.0,0.0,0,9,0,0,0.0,0.0,0.0
458,False,placeholder,0.0,insufficient information,B,0.0,0.0,0.0,0,8,0,0,0.0,0.0,0.0
459,False,placeholder,0.0,insufficient information,Yes,0.0,0.0,0.0,0,8,0,0,0.0,0.0,0.0
460,False,placeholder,0.0,insufficient information,B,0.0,0.0,0.0,0,8,0,0,0.0,0.0,0.0
461,False,placeholder,0.0,insufficient information,Yes,0.0,0.0,0.0,0,8,0,0,0.0,0.0,0.0
462,False,placeholder,0.0,insufficient information,A,0.0,0.0,0.0,0,8,0,0,0.0,0.0,0.0
463,False,placeholder,0.0,insufficient information,A,0.0,0.0,0.0,0,8,0,0,0.0,0.0,0.0
464,True,yes_no,1.0,Yes,Yes,0.4,1.0,0.25,2,8,2,2,0.5203481912612915,0.7295582890510559,0.35
465,False,placeholder,0.0,insufficient information,C,0.0,0.0,0.0,0,8,0,0,0.0,0.0,0.0
466,False,placeholder,0.0,insufficient information,A,0.0,0.0,0.0,0,8,0,0,0.0,0.0,0.0
467,False,yes_no,1.0,5,No,0.5,1.0,0.3333333333333333,3,9,3,3,0.45266416668891907,0.6954478621482849,0.35
468,False,yes_no,1.0,Yes,No,0.36363636363636365,0.6666666666666666,0.25,3,8,2,2,0.3080572187900543,0.46421343088150024,0.35
469,False,placeholder,0.0,insufficient information,1,0.0,0.0,0.0,0,8,0,0,0.0,0.0,0.0
470,False,placeholder,0.0,insufficient information,A,0.0,0.0,0.0,0,8,0,0,0.0,0.0,0.0
471,False,placeholder,0.0,insufficient information,B,0.0,0.0,0.0,0,8,0,0,0.0,0.0,0.0
472,False,placeholder,0.0,insufficient information,Yes,0.0,0.0,0.0,0,10,0,0,0.0,0.0,0.0
473,False,placeholder,0.0,insufficient information,Downhill,0.0,0.0,0.0,0,10,0,0,0.0,0.0,0.0
474,False,placeholder,0.0,insufficient information,C,0.0,0.0,0.0,0,8,0,0,0.0,0.0,0.0
475,True,yes_no,1.0,No,No,0.30769230769230765,0.6666666666666666,0.2,3,10,2,2,0.29850849509239197,0.6465931534767151,0.35
476,False,placeholder,0.0,insufficient information,B,0.0,0.0,0.0,0,9,0,0,0.0,0.0,0.0
477,False,placeholder,0.0,insufficient information,3,0.0,0.0,0.0,0,7,0,0,0.0,0.0,0.0
478,False,placeholder,0.0,insufficient information,11,0.0,0.0,0.0,0,10,0,0,0.0,0.0,0.0
479,True,yes_no,1.0,No,No,0.5454545454545454,1.0,0.375,3,8,3,3,0.38810086250305176,0.7227569818496704,0.35
480,False,placeholder,0.0,insufficient information,C,0.0,0.0,0.0,0,8,0,0,0.0,0.0,0.0
481,True,yes_no,1.0,Yes,Yes,0.4,1.0,0.25,2,8,2,2,0.39555561542510986,0.6668961644172668,0.35
482,False,placeholder,0.0,insufficient information,Yellow,0.0,0.0,0.0,0,8,0,0,0.0,0.0,0.0
483,False,placeholder,0.0,insufficient information,B,0.0,0.0,0.0,0,9,0,0,0.0,0.0,0.0
484,False,placeholder,0.0,insufficient information,A,0.0,0.0,0.0,0,8,0,0,0.0,0.0,0.0
485,True,yes_no,1.0,Yes,Yes,0.4,1.0,0.25,2,8,2,2,0.4920894503593445,0.7871355414390564,0.35
486,False,placeholder,0.0,insufficient information,B,0.0,0.0,0.0,0,8,0,0,0.0,0.0,0.0
487,False,placeholder,0.0,insufficient information,C,0.0,0.0,0.0,0,8,0,0,0.0,0.0,0.0
488,False,placeholder,0.0,insufficient information,A,0.0,0.0,0.0,0,8,0,0,0.0,0.0,0.0
489,False,placeholder,0.0,insufficient information,Red,0.0,0.0,0.0,0,8,0,0,0.0,0.0,0.0
490,False,placeholder,0.0,insufficient information,A,0.0,0.0,0.0,0,8,0,0,0.0,0.0,0.0
491,False,placeholder,0.0,insufficient information,B,0.0,0.0,0.0,0,8,0,0,0.0,0.0,0.0
492,False,yes_no,1.0,Yes,No,0.4,1.0,0.25,2,8,2,2,0.5628541707992554,0.7369044423103333,0.35
493,False,placeholder,0.0,insufficient information,1,0.0,0.0,0.0,0,8,0,0,0.0,0.0,0.0
494,False,placeholder,0.0,insufficient information,C,0.0,0.0,0.0,0,8,0,0,0.0,0.0,0.0
495,False,placeholder,0.0,insufficient information,2,0.0,0.0,0.0,0,8,0,0,0.0,0.0,0.0
496,False,placeholder,0.0,insufficient information,B,0.0,0.0,0.0,0,8,0,0,0.0,0.0,0.0
497,False,placeholder,0.0,insufficient information,A,0.0,0.0,0.0,0,9,0,0,0.0,0.0,0.0
498,False,placeholder,0.0,insufficient information,B,0.0,0.0,0.0,0,9,0,0,0.0,0.0,0.0
499,False,placeholder,0.0,insufficient information,Yes,0.0,0.0,0.0,0,7,0,0,0.0,0.0,0.0
500,False,placeholder,0.0,insufficient information,Yes,0.0,0.0,0.0,0,8,0,0,0.0,0.0,0.0
501,False,placeholder,0.0,insufficient information,3,0.0,0.0,0.0,0,9,0,0,0.0,0.0,0.0
502,False,placeholder,0.0,insufficient information,C,0.0,0.0,0.0,0,8,0,0,0.0,0.0,0.0
503,False,placeholder,0.0,insufficient information,C,0.0,0.0,0.0,0,8,0,0,0.0,0.0,0.0
504,True,yes_no,1.0,No,No,0.4615384615384615,1.0,0.3,3,10,3,3,0.4080886244773865,0.8134345412254333,0.35
505,False,placeholder,0.0,insufficient information,No,0.0,0.0,0.0,0,8,0,0,0.0,0.0,0.0
506,False,placeholder,0.0,insufficient information,1,0.0,0.0,0.0,0,8,0,0,0.0,0.0,0.0
507,False,placeholder,0.0,insufficient information,C,0.0,0.0,0.0,0,8,0,0,0.0,0.0,0.0
508,True,yes_no,1.0,Yes,Yes,0.4,1.0,0.25,2,8,2,2,0.473479300737381,0.762501060962677,0.35
509,False,placeholder,0.0,insufficient information,A,0.0,0.0,0.0,0,8,0,0,0.0,0.0,0.0
510,False,placeholder,0.0,insufficient information,B,0.0,0.0,0.0,0,8,0,0,0.0,0.0,0.0
511,False,yes_no,1.0,No,Yes,0.46153846153846156,0.75,0.3333333333333333,4,9,3,3,0.3440186381340027,0.6900244355201721,0.35
512,False,placeholder,0.0,insufficient information,C,0.0,0.0,0.0,0,10,0,0,0.0,0.0,0.0
513,False,placeholder,0.0,insufficient information,B,0.0,0.0,0.0,0,8,0,0,0.0,0.0,0.0
514,True,yes_no,1.0,Yes,Yes,0.4,1.0,0.25,2,8,2,2,0.512108564376831,0.7469967007637024,0.35
515,False,placeholder,0.0,insufficient information,C,0.0,0.0,0.0,0,8,0,0,0.0,0.0,0.0
516,False,yes_no,1.0,Yes,No,0.5454545454545454,1.0,0.375,3,8,3,3,0.45449909567832947,0.8207046985626221,0.35
517,False,placeholder,0.0,insufficient information,A,0.0,0.0,0.0,0,9,0,0,0.0,0.0,0.0
518,False,placeholder,0.0,insufficient information,B,0.0,0.0,0.0,0,8,0,0,0.0,0.0,0.0
519,False,placeholder,0.0,insufficient information,A,0.0,0.0,0.0,0,8,0,0,0.0,0.0,0.0
520,False,placeholder,0.0,insufficient information,C,0.0,0.0,0.0,0,8,0,0,0.0,0.0,0.0
521,False,placeholder,0.0,insufficient information,A,0.0,0.0,0.0,0,8,0,0,0.0,0.0,0.0
522,False,placeholder,0.0,insufficient information,B,0.0,0.0,0.0,0,9,0,0,0.0,0.0,0.0
523,False,placeholder,0.0,insufficient information,B,0.0,0.0,0.0,0,8,0,0,0.0,0.0,0.0
524,True,yes_no,1.0,No,No,0.5,1.0,0.3333333333333333,3,9,3,3,0.3396337926387787,0.6605743169784546,0.35
525,False,placeholder,0.0,insufficient information,A,0.0,0.0,0.0,0,8,0,0,0.0,0.0,0.0
526,False,placeholder,0.0,insufficient information,A,0.0,0.0,0.0,0,8,0,0,0.0,0.0,0.0
527,False,placeholder,0.0,insufficient information,A,0.0,0.0,0.0,0,8,0,0,0.0,0.0,0.0
528,False,placeholder,0.0,insufficient information,B,0.0,0.0,0.0,0,8,0,0,0.0,0.0,0.0
529,False,placeholder,0.0,insufficient information,C,0.0,0.0,0.0,0,8,0,0,0.0,0.0,0.0
530,True,yes_no,1.0,No,No,0.4,1.0,0.25,2,8,2,2,0.46683502197265625,0.7527306079864502,0.35
531,True,yes_no,1.0,Yes,Yes,0.3636363636363636,1.0,0.2222222222222222,2,9,2,2,0.524133026599884,0.7212318181991577,0.35
532,False,placeholder,0.0,insufficient information,Green,0.0,0.0,0.0,0,8,0,0,0.0,0.0,0.0
533,False,placeholder,0.0,insufficient information,A,0.0,0.0,0.0,0,8,0,0,0.0,0.0,0.0
534,False,placeholder,0.0,insufficient information,C,0.0,0.0,0.0,0,8,0,0,0.0,0.0,0.0
535,False,placeholder,0.0,insufficient information,C,0.0,0.0,0.0,0,8,0,0,0.0,0.0,0.0
536,False,placeholder,0.0,insufficient information,B,0.0,0.0,0.0,0,9,0,0,0.0,0.0,0.0
537,False,placeholder,0.0,insufficient information,No,0.0,0.0,0.0,0,8,0,0,0.0,0.0,0.0
538,True,yes_no,1.0,No,No,0.7142857142857143,1.0,0.5555555555555556,5,9,5,5,0.4435071647167206,0.7850885987281799,0.35
539,False,placeholder,0.0,insufficient information,No,0.0,0.0,0.0,0,9,0,0,0.0,0.0,0.0
540,False,placeholder,0.0,insufficient information,2,0.0,0.0,0.0,0,9,0,0,0.0,0.0,0.0
541,True,yes_no,1.0,No,No,0.5,1.0,0.3333333333333333,3,9,3,3,0.39423343539237976,0.8507535457611084,0.35
542,False,placeholder,0.0,insufficient information,No,0.0,0.0,0.0,0,8,0,0,0.0,0.0,0.0
543,False,placeholder,0.0,insufficient information,C,0.0,0.0,0.0,0,8,0,0,0.0,0.0,0.0
544,False,placeholder,0.0,insufficient information,Green,0.0,0.0,0.0,0,8,0,0,0.0,0.0,0.0
545,False,placeholder,0.0,insufficient information,C,0.0,0.0,0.0,0,8,0,0,0.0,0.0,0.0
546,False,placeholder,0.0,insufficient information,B,0.0,0.0,0.0,0,9,0,0,0.0,0.0,0.0
547,False,placeholder,0.0,insufficient information,C,0.0,0.0,0.0,0,10,0,0,0.0,0.0,0.0
548,False,placeholder,0.0,insufficient information,C,0.0,0.0,0.0,0,8,0,0,0.0,0.0,0.0
549,False,placeholder,0.0,insufficient information,B,0.0,0.0,0.0,0,8,0,0,0.0,0.0,0.0
550,False,placeholder,0.0,insufficient information,C,0.0,0.0,0.0,0,8,0,0,0.0,0.0,0.0
551,False,placeholder,0.0,insufficient information,Green,0.0,0.0,0.0,0,8,0,0,0.0,0.0,0.0
552,False,placeholder,0.0,insufficient information,2,0.0,0.0,0.0,0,9,0,0,0.0,0.0,0.0
553,True,yes_no,1.0,Yes,Yes,0.36363636363636365,0.6666666666666666,0.25,3,8,2,2,0.39787423610687256,0.6296542882919312,0.35
554,False,placeholder,0.0,insufficient information,C,0.0,0.0,0.0,0,8,0,0,0.0,0.0,0.0
555,False,placeholder,0.0,insufficient information,B,0.0,0.0,0.0,0,8,0,0,0.0,0.0,0.0
556,False,placeholder,0.0,insufficient information,C,0.0,0.0,0.0,0,8,0,0,0.0,0.0,0.0
557,False,placeholder,0.0,insufficient information,B,0.0,0.0,0.0,0,8,0,0,0.0,0.0,0.0
558,False,placeholder,0.0,insufficient information,1,0.0,0.0,0.0,0,9,0,0,0.0,0.0,0.0
559,False,placeholder,0.0,insufficient information,Red,0.0,0.0,0.0,0,8,0,0,0.0,0.0,0.0
560,False,placeholder,0.0,insufficient information,C,0.0,0.0,0.0,0,8,0,0,0.0,0.0,0.0
561,False,placeholder,0.0,insufficient information,B,0.0,0.0,0.0,0,8,0,0,0.0,0.0,0.0
562,False,placeholder,0.0,insufficient information,1,0.0,0.0,0.0,0,8,0,0,0.0,0.0,0.0
563,False,placeholder,0.0,insufficient information,2,0.0,0.0,0.0,0,9,0,0,0.0,0.0,0.0
564,False,placeholder,0.0,insufficient information,C,0.0,0.0,0.0,0,8,0,0,0.0,0.0,0.0
565,False,placeholder,0.0,insufficient information,B,0.0,0.0,0.0,0,12,0,0,0.0,0.0,0.0
566,False,placeholder,0.0,insufficient information,Yes,0.0,0.0,0.0,0,8,0,0,0.0,0.0,0.0
567,False,placeholder,0.0,insufficient information,C,0.0,0.0,0.0,0,8,0,0,0.0,0.0,0.0
568,False,placeholder,0.0,insufficient information,B,0.0,0.0,0.0,0,8,0,0,0.0,0.0,0.0
569,False,placeholder,0.0,insufficient information,A,0.0,0.0,0.0,0,9,0,0,0.0,0.0,0.0
570,False,placeholder,0.0,insufficient information,B,0.0,0.0,0.0,0,8,0,0,0.0,0.0,0.0
571,False,placeholder,0.0,insufficient information,Red,0.0,0.0,0.0,0,8,0,0,0.0,0.0,0.0
572,False,placeholder,0.0,insufficient information,1,0.0,0.0,0.0,0,10,0,0,0.0,0.0,0.0
573,False,placeholder,0.0,insufficient information,C,0.0,0.0,0.0,0,8,0,0,0.0,0.0,0.0
574,False,placeholder,0.0,insufficient information,A,0.0,0.0,0.0,0,8,0,0,0.0,0.0,0.0
575,False,placeholder,0.0,insufficient information,A,0.0,0.0,0.0,0,8,0,0,0.0,0.0,0.0
576,False,placeholder,0.0,insufficient information,No,0.0,0.0,0.0,0,9,0,0,0.0,0.0,0.0
577,False,placeholder,0.0,insufficient information,C,0.0,0.0,0.0,0,8,0,0,0.0,0.0,0.0
578,False,placeholder,0.0,insufficient information,Yes,0.0,0.0,0.0,0,9,0,0,0.0,0.0,0.0
579,False,placeholder,0.0,insufficient information,1,0.0,0.0,0.0,0,8,0,0,0.0,0.0,0.0
580,False,placeholder,0.0,insufficient information,A,0.0,0.0,0.0,0,9,0,0,0.0,0.0,0.0
581,False,placeholder,0.0,insufficient information,B,0.0,0.0,0.0,0,8,0,0,0.0,0.0,0.0
582,False,placeholder,0.0,insufficient information,B,0.0,0.0,0.0,0,8,0,0,0.0,0.0,0.0
583,False,placeholder,0.0,insufficient information,A,0.0,0.0,0.0,0,9,0,0,0.0,0.0,0.0
584,False,placeholder,0.0,insufficient information,D,0.0,0.0,0.0,0,9,0,0,0.0,0.0,0.0
585,False,placeholder,0.0,insufficient information,0,0.0,0.0,0.0,0,9,0,0,0.0,0.0,0.0
586,False,placeholder,0.0,insufficient information,Yes,0.0,0.0,0.0,0,8,0,0,0.0,0.0,0.0
587,False,placeholder,0.0,insufficient information,C,0.0,0.0,0.0,0,8,0,0,0.0,0.0,0.0
588,False,placeholder,0.0,insufficient information,1,0.0,0.0,0.0,0,8,0,0,0.0,0.0,0.0
589,False,placeholder,0.0,insufficient information,No,0.0,0.0,0.0,0,8,0,0,0.0,0.0,0.0
590,False,placeholder,0.0,insufficient information,C,0.0,0.0,0.0,0,8,0,0,0.0,0.0,0.0
591,False,placeholder,0.0,insufficient information,C,0.0,0.0,0.0,0,8,0,0,0.0,0.0,0.0
592,False,placeholder,0.0,insufficient information,3,0.0,0.0,0.0,0,8,0,0,0.0,0.0,0.0
593,False,placeholder,0.0,insufficient information,C,0.0,0.0,0.0,0,8,0,0,0.0,0.0,0.0
594,False,placeholder,0.0,insufficient information,1,0.0,0.0,0.0,0,8,0,0,0.0,0.0,0.0
595,False,placeholder,0.0,insufficient information,1,0.0,0.0,0.0,0,8,0,0,0.0,0.0,0.0
596,False,placeholder,0.0,insufficient information,2,0.0,0.0,0.0,0,8,0,0,0.0,0.0,0.0
597,True,yes_no,1.0,No,No,0.4,1.0,0.25,2,8,2,2,0.37037330865859985,0.6566375494003296,0.35
598,False,placeholder,0.0,insufficient information,No,0.0,0.0,0.0,0,9,0,0,0.0,0.0,0.0
599,False,placeholder,0.0,insufficient information,A,0.0,0.0,0.0,0,9,0,0,0.0,0.0,0.0
600,False,placeholder,0.0,insufficient information,B,0.0,0.0,0.0,0,8,0,0,0.0,0.0,0.0
601,False,placeholder,0.0,insufficient information,C,0.0,0.0,0.0,0,9,0,0,0.0,0.0,0.0
602,False,placeholder,0.0,insufficient information,A,0.0,0.0,0.0,0,8,0,0,0.0,0.0,0.0
603,False,placeholder,0.0,insufficient information,A,0.0,0.0,0.0,0,9,0,0,0.0,0.0,0.0
604,False,placeholder,0.0,insufficient information,0,0.0,0.0,0.0,0,8,0,0,0.0,0.0,0.0
605,False,placeholder,0.0,insufficient information,2,0.0,0.0,0.0,0,8,0,0,0.0,0.0,0.0
606,False,placeholder,0.0,insufficient information,C,0.0,0.0,0.0,0,8,0,0,0.0,0.0,0.0
607,True,yes_no,1.0,Yes,Yes,0.5454545454545454,1.0,0.375,3,8,3,3,0.44000443816185,0.7480969429016113,0.35
608,True,yes_no,1.0,No,No,0.4444444444444445,1.0,0.2857142857142857,2,7,2,2,0.46710261702537537,0.7883455157279968,0.35
609,False,placeholder,0.0,insufficient information,A,0.0,0.0,0.0,0,8,0,0,0.0,0.0,0.0
610,False,placeholder,0.0,insufficient information,1,0.0,0.0,0.0,0,10,0,0,0.0,0.0,0.0
611,False,placeholder,0.0,insufficient information,Green,0.0,0.0,0.0,0,8,0,0,0.0,0.0,0.0
612,False,placeholder,0.0,insufficient information,A,0.0,0.0,0.0,0,8,0,0,0.0,0.0,0.0
613,True,yes_no,1.0,Yes,Yes,0.4,1.0,0.25,2,8,2,2,0.4971195459365845,0.8560866117477417,0.35
614,False,placeholder,0.0,insufficient information,B,0.0,0.0,0.0,0,10,0,0,0.0,0.0,0.0
615,True,yes_no,1.0,No,No,0.4,1.0,0.25,2,8,2,2,0.47238850593566895,0.8248060345649719,0.35
616,False,placeholder,0.0,insufficient information,D,0.0,0.0,0.0,0,9,0,0,0.0,0.0,0.0
617,False,placeholder,0.0,insufficient information,C,0.0,0.0,0.0,0,8,0,0,0.0,0.0,0.0
618,False,placeholder,0.0,insufficient information,No,0.0,0.0,0.0,0,8,0,0,0.0,0.0,0.0
619,False,placeholder,0.0,insufficient information,A,0.0,0.0,0.0,0,9,0,0,0.0,0.0,0.0
620,False,placeholder,0.0,insufficient information,C,0.0,0.0,0.0,0,8,0,0,0.0,0.0,0.0
621,False,placeholder,0.0,insufficient information,B,0.0,0.0,0.0,0,8,0,0,0.0,0.0,0.0
622,False,placeholder,0.0,insufficient information,A,0.0,0.0,0.0,0,8,0,0,0.0,0.0,0.0
623,False,placeholder,0.0,insufficient information,B,0.0,0.0,0.0,0,8,0,0,0.0,0.0,0.0
624,False,placeholder,0.0,insufficient information,A,0.0,0.0,0.0,0,10,0,0,0.0,0.0,0.0
625,False,placeholder,0.0,insufficient information,A,0.0,0.0,0.0,0,8,0,0,0.0,0.0,0.0
626,False,placeholder,0.0,insufficient information,A,0.0,0.0,0.0,0,10,0,0,0.0,0.0,0.0
627,False,placeholder,0.0,insufficient information,B,0.0,0.0,0.0,0,8,0,0,0.0,0.0,0.0
628,False,placeholder,0.0,insufficient information,2,0.0,0.0,0.0,0,8,0,0,0.0,0.0,0.0
629,False,placeholder,0.0,insufficient information,B,0.0,0.0,0.0,0,8,0,0,0.0,0.0,0.0
630,False,placeholder,0.0,insufficient information,A,0.0,0.0,0.0,0,8,0,0,0.0,0.0,0.0
631,False,placeholder,0.0,insufficient information,A,0.0,0.0,0.0,0,8,0,0,0.0,0.0,0.0
632,False,placeholder,0.0,insufficient information,No,0.0,0.0,0.0,0,8,0,0,0.0,0.0,0.0
633,True,yes_no,1.0,No,No,0.36363636363636365,0.6666666666666666,0.25,3,8,2,2,0.2791825234889984,0.6030777096748352,0.35
634,False,placeholder,0.0,insufficient information,C,0.0,0.0,0.0,0,8,0,0,0.0,0.0,0.0
635,False,placeholder,0.0,insufficient information,1,0.0,0.0,0.0,0,8,0,0,0.0,0.0,0.0
636,False,placeholder,0.0,insufficient information,A,0.0,0.0,0.0,0,8,0,0,0.0,0.0,0.0
637,False,placeholder,0.0,insufficient information,C,0.0,0.0,0.0,0,8,0,0,0.0,0.0,0.0
638,False,placeholder,0.0,insufficient information,Red,0.0,0.0,0.0,0,8,0,0,0.0,0.0,0.0
639,False,placeholder,0.0,insufficient information,1,0.0,0.0,0.0,0,8,0,0,0.0,0.0,0.0
640,False,placeholder,0.0,insufficient information,C,0.0,0.0,0.0,0,12,0,0,0.0,0.0,0.0
641,False,placeholder,0.0,insufficient information,B,0.0,0.0,0.0,0,8,0,0,0.0,0.0,0.0
642,False,placeholder,0.0,insufficient information,B,0.0,0.0,0.0,0,9,0,0,0.0,0.0,0.0
643,False,placeholder,0.0,insufficient information,6,0.0,0.0,0.0,0,9,0,0,0.0,0.0,0.0
644,False,placeholder,0.0,insufficient information,A,0.0,0.0,0.0,0,8,0,0,0.0,0.0,0.0
645,False,placeholder,0.0,insufficient information,A,0.0,0.0,0.0,0,8,0,0,0.0,0.0,0.0
646,False,placeholder,0.0,insufficient information,C,0.0,0.0,0.0,0,7,0,0,0.0,0.0,0.0
647,True,yes_no,1.0,No,No,0.5454545454545454,1.0,0.375,3,8,3,3,0.38829222321510315,0.781004786491394,0.35
648,False,placeholder,0.0,insufficient information,A,0.0,0.0,0.0,0,8,0,0,0.0,0.0,0.0
649,False,placeholder,0.0,insufficient information,C,0.0,0.0,0.0,0,9,0,0,0.0,0.0,0.0
650,False,yes_no,1.0,Yes,No,0.5454545454545454,1.0,0.375,3,8,3,3,0.40535950660705566,0.6041663885116577,0.35
651,False,placeholder,0.0,insufficient information,2,0.0,0.0,0.0,0,9,0,0,0.0,0.0,0.0
652,False,placeholder,0.0,insufficient information,B,0.0,0.0,0.0,0,8,0,0,0.0,0.0,0.0
653,False,yes_no,1.0,Yes,No,0.4,1.0,0.25,2,8,2,2,0.4049237370491028,0.6796990633010864,0.35
654,False,placeholder,0.0,insufficient information,A,0.0,0.0,0.0,0,8,0,0,0.0,0.0,0.0
655,False,placeholder,0.0,insufficient information,A,0.0,0.0,0.0,0,8,0,0,0.0,0.0,0.0
656,True,yes_no,1.0,Yes,Yes,0.4,1.0,0.25,2,8,2,2,0.622395396232605,0.866544246673584,0.35
657,False,placeholder,0.0,insufficient information,B,0.0,0.0,0.0,0,8,0,0,0.0,0.0,0.0
658,False,placeholder,0.0,insufficient information,B,0.0,0.0,0.0,0,8,0,0,0.0,0.0,0.0
659,False,placeholder,0.0,insufficient information,C,0.0,0.0,0.0,0,9,0,0,0.0,0.0,0.0
660,False,placeholder,0.0,insufficient information,Red,0.0,0.0,0.0,0,8,0,0,0.0,0.0,0.0
661,False,placeholder,0.0,insufficient information,2,0.0,0.0,0.0,0,9,0,0,0.0,0.0,0.0
662,False,placeholder,0.0,insufficient information,C,0.0,0.0,0.0,0,8,0,0,0.0,0.0,0.0
663,False,placeholder,0.0,insufficient information,A,0.0,0.0,0.0,0,8,0,0,0.0,0.0,0.0
664,True,yes_no,1.0,no,No,0.5454545454545454,1.0,0.375,3,8,3,3,0.4239085614681244,0.721351146697998,0.35
665,False,yes_no,1.0,No,Yes,0.5454545454545454,1.0,0.375,3,8,3,3,0.30055999755859375,0.7604988813400269,0.35
666,False,placeholder,0.0,insufficient information,Left,0.0,0.0,0.0,0,8,0,0,0.0,0.0,0.0
667,False,placeholder,0.0,insufficient information,Yes,0.0,0.0,0.0,0,8,0,0,0.0,0.0,0.0
668,False,placeholder,0.0,insufficient information,0,0.0,0.0,0.0,0,9,0,0,0.0,0.0,0.0
669,False,placeholder,0.0,insufficient information,2,0.0,0.0,0.0,0,8,0,0,0.0,0.0,0.0
670,False,placeholder,0.0,insufficient information,Yes,0.0,0.0,0.0,0,8,0,0,0.0,0.0,0.0
671,False,placeholder,0.0,insufficient information,B,0.0,0.0,0.0,0,8,0,0,0.0,0.0,0.0
672,False,placeholder,0.0,insufficient information,C,0.0,0.0,0.0,0,8,0,0,0.0,0.0,0.0
673,False,placeholder,0.0,insufficient information,B,0.0,0.0,0.0,0,8,0,0,0.0,0.0,0.0
674,False,placeholder,0.0,insufficient information,C,0.0,0.0,0.0,0,8,0,0,0.0,0.0,0.0
675,False,placeholder,0.0,insufficient information,A,0.0,0.0,0.0,0,9,0,0,0.0,0.0,0.0
676,False,placeholder,0.0,insufficient information,No,0.0,0.0,0.0,0,8,0,0,0.0,0.0,0.0
677,False,placeholder,0.0,insufficient information,B,0.0,0.0,0.0,0,9,0,0,0.0,0.0,0.0
678,False,placeholder,0.0,insufficient information,A,0.0,0.0,0.0,0,10,0,0,0.0,0.0,0.0
679,False,placeholder,0.0,insufficient information,6,0.0,0.0,0.0,0,10,0,0,0.0,0.0,0.0
680,False,placeholder,0.0,insufficient information,A,0.0,0.0,0.0,0,8,0,0,0.0,0.0,0.0
681,False,placeholder,0.0,insufficient information,A,0.0,0.0,0.0,0,11,0,0,0.0,0.0,0.0
682,False,placeholder,0.0,insufficient information,1,0.0,0.0,0.0,0,10,0,0,0.0,0.0,0.0
683,False,placeholder,0.0,insufficient information,B,0.0,0.0,0.0,0,9,0,0,0.0,0.0,0.0
684,False,placeholder,0.0,insufficient information,4,0.0,0.0,0.0,0,9,0,0,0.0,0.0,0.0
685,False,placeholder,0.0,insufficient information,C,0.0,0.0,0.0,0,8,0,0,0.0,0.0,0.0
686,False,placeholder,0.0,insufficient information,A,0.0,0.0,0.0,0,9,0,0,0.0,0.0,0.0
687,False,yes_no,1.0,Yes,No,0.5454545454545454,1.0,0.375,3,8,3,3,0.3574747145175934,0.6538559794425964,0.35
688,False,placeholder,0.0,insufficient information,A,0.0,0.0,0.0,0,8,0,0,0.0,0.0,0.0
689,False,placeholder,0.0,insufficient information,C,0.0,0.0,0.0,0,8,0,0,0.0,0.0,0.0
690,False,yes_no,1.0,Yes,No,0.5454545454545454,1.0,0.375,3,8,3,3,0.47291800379753113,0.7637408971786499,0.35
691,False,placeholder,0.0,insufficient information,C,0.0,0.0,0.0,0,9,0,0,0.0,0.0,0.0
692,False,placeholder,0.0,insufficient information,3,0.0,0.0,0.0,0,9,0,0,0.0,0.0,0.0
693,False,placeholder,0.0,insufficient information,C,0.0,0.0,0.0,0,8,0,0,0.0,0.0,0.0
694,False,placeholder,0.0,insufficient information,No,0.0,0.0,0.0,0,8,0,0,0.0,0.0,0.0
695,False,placeholder,0.0,insufficient information,A,0.0,0.0,0.0,0,8,0,0,0.0,0.0,0.0
696,False,placeholder,0.0,insufficient information,B,0.0,0.0,0.0,0,8,0,0,0.0,0.0,0.0
697,False,yes_no,1.0,blue,Yes,0.5,1.0,0.3333333333333333,3,9,3,3,0.4275760054588318,0.8305716514587402,0.35
698,False,placeholder,0.0,insufficient information,Left,0.0,0.0,0.0,0,8,0,0,0.0,0.0,0.0
699,False,placeholder,0.0,insufficient information,Red,0.0,0.0,0.0,0,8,0,0,0.0,0.0,0.0
700,False,placeholder,0.0,insufficient information,C,0.0,0.0,0.0,0,9,0,0,0.0,0.0,0.0
701,False,placeholder,0.0,insufficient information,3,0.0,0.0,0.0,0,9,0,0,0.0,0.0,0.0
702,False,placeholder,0.0,insufficient information,B,0.0,0.0,0.0,0,8,0,0,0.0,0.0,0.0
703,False,placeholder,0.0,insufficient information,C,0.0,0.0,0.0,0,10,0,0,0.0,0.0,0.0
704,True,yes_no,1.0,Yes,Yes,0.4,1.0,0.25,2,8,2,2,0.3173266053199768,0.8422393798828125,0.35
705,False,yes_no,1.0,Yes,No,0.5454545454545454,1.0,0.375,3,8,3,3,0.4244450330734253,0.7971477508544922,0.35
706,False,placeholder,0.0,insufficient information,1,0.0,0.0,0.0,0,8,0,0,0.0,0.0,0.0
707,False,placeholder,0.0,insufficient information,A,0.0,0.0,0.0,0,8,0,0,0.0,0.0,0.0
708,False,placeholder,0.0,insufficient information,Yes,0.0,0.0,0.0,0,8,0,0,0.0,0.0,0.0
709,False,placeholder,0.0,insufficient information,Red,0.0,0.0,0.0,0,8,0,0,0.0,0.0,0.0
710,False,placeholder,0.0,insufficient information,C,0.0,0.0,0.0,0,9,0,0,0.0,0.0,0.0
711,False,placeholder,0.0,insufficient information,B,0.0,0.0,0.0,0,9,0,0,0.0,0.0,0.0
712,False,placeholder,0.0,insufficient information,B,0.0,0.0,0.0,0,8,0,0,0.0,0.0,0.0
713,False,placeholder,0.0,insufficient information,B,0.0,0.0,0.0,0,8,0,0,0.0,0.0,0.0
714,True,yes_no,1.0,Yes,Yes,0.3636363636363636,1.0,0.2222222222222222,2,9,2,2,0.5141822099685669,0.7788279056549072,0.35
715,False,placeholder,0.0,insufficient information,B,0.0,0.0,0.0,0,8,0,0,0.0,0.0,0.0
716,False,placeholder,0.0,insufficient information,A,0.0,0.0,0.0,0,9,0,0,0.0,0.0,0.0
717,False,placeholder,0.0,insufficient information,B,0.0,0.0,0.0,0,9,0,0,0.0,0.0,0.0
718,False,placeholder,0.0,insufficient information,B,0.0,0.0,0.0,0,8,0,0,0.0,0.0,0.0
719,False,placeholder,0.0,insufficient information,3,0.0,0.0,0.0,0,8,0,0,0.0,0.0,0.0
720,False,placeholder,0.0,insufficient information,B,0.0,0.0,0.0,0,8,0,0,0.0,0.0,0.0
721,False,placeholder,0.0,insufficient information,Yes,0.0,0.0,0.0,0,8,0,0,0.0,0.0,0.0
722,False,placeholder,0.0,insufficient information,0,0.0,0.0,0.0,0,8,0,0,0.0,0.0,0.0
723,False,placeholder,0.0,insufficient information,C,0.0,0.0,0.0,0,8,0,0,0.0,0.0,0.0
724,False,placeholder,0.0,insufficient information,B,0.0,0.0,0.0,0,8,0,0,0.0,0.0,0.0
725,False,placeholder,0.0,insufficient information,No,0.0,0.0,0.0,0,8,0,0,0.0,0.0,0.0
726,False,placeholder,0.0,insufficient information,B,0.0,0.0,0.0,0,10,0,0,0.0,0.0,0.0
727,True,yes_no,1.0,Yes,Yes,0.5454545454545454,1.0,0.375,3,8,3,3,0.3730253279209137,0.6158004403114319,0.35
728,False,placeholder,0.0,insufficient information,A,0.0,0.0,0.0,0,9,0,0,0.0,0.0,0.0
729,False,placeholder,0.0,insufficient information,0,0.0,0.0,0.0,0,10,0,0,0.0,0.0,0.0
730,False,placeholder,0.0,insufficient information,A,0.0,0.0,0.0,0,8,0,0,0.0,0.0,0.0
731,False,placeholder,0.0,insufficient information,1,0.0,0.0,0.0,0,9,0,0,0.0,0.0,0.0
732,False,placeholder,0.0,insufficient information,C,0.0,0.0,0.0,0,8,0,0,0.0,0.0,0.0
733,False,placeholder,0.0,insufficient information,0,0.0,0.0,0.0,0,10,0,0,0.0,0.0,0.0
734,False,yes_no,1.0,Yes,No,0.5,1.0,0.3333333333333333,3,9,3,3,0.4399885833263397,0.6834263205528259,0.35
735,False,placeholder,0.0,insufficient information,A,0.0,0.0,0.0,0,11,0,0,0.0,0.0,0.0
736,False,placeholder,0.0,insufficient information,0,0.0,0.0,0.0,0,8,0,0,0.0,0.0,0.0
737,False,placeholder,0.0,insufficient information,C,0.0,0.0,0.0,0,12,0,0,0.0,0.0,0.0
738,False,placeholder,0.0,insufficient information,D,0.0,0.0,0.0,0,8,0,0,0.0,0.0,0.0
739,False,placeholder,0.0,insufficient information,B,0.0,0.0,0.0,0,8,0,0,0.0,0.0,0.0
740,True,yes_no,1.0,No,No,0.5,1.0,0.3333333333333333,3,9,3,3,0.3635106682777405,0.6828606128692627,0.35
741,False,placeholder,0.0,insufficient information,C,0.0,0.0,0.0,0,8,0,0,0.0,0.0,0.0
742,False,placeholder,0.0,insufficient information,A,0.0,0.0,0.0,0,8,0,0,0.0,0.0,0.0
743,False,yes_no,1.0,No,Yes,0.5,1.0,0.3333333333333333,3,9,3,3,0.3992024064064026,0.7660391330718994,0.35
744,True,yes_no,1.0,Yes,Yes,0.4,1.0,0.25,2,8,2,2,0.4915425777435303,0.7259038090705872,0.35
745,False,placeholder,0.0,insufficient information,1,0.0,0.0,0.0,0,8,0,0,0.0,0.0,0.0
746,False,placeholder,0.0,insufficient information,C,0.0,0.0,0.0,0,8,0,0,0.0,0.0,0.0
747,False,placeholder,0.0,insufficient information,Yes,0.0,0.0,0.0,0,8,0,0,0.0,0.0,0.0
748,False,yes_no,1.0,No,Yes,0.6153846153846153,1.0,0.4444444444444444,4,9,4,4,0.41233062744140625,0.7819806933403015,0.35
749,False,placeholder,0.0,insufficient information,3,0.0,0.0,0.0,0,8,0,0,0.0,0.0,0.0
750,False,placeholder,0.0,insufficient information,No,0.0,0.0,0.0,0,8,0,0,0.0,0.0,0.0
751,False,placeholder,0.0,insufficient information,Green,0.0,0.0,0.0,0,8,0,0,0.0,0.0,0.0
752,False,placeholder,0.0,insufficient information,C,0.0,0.0,0.0,0,8,0,0,0.0,0.0,0.0
753,False,placeholder,0.0,insufficient information,C,0.0,0.0,0.0,0,8,0,0,0.0,0.0,0.0
754,False,placeholder,0.0,insufficient information,A,0.0,0.0,0.0,0,9,0,0,0.0,0.0,0.0
755,False,placeholder,0.0,insufficient information,No,0.0,0.0,0.0,0,11,0,0,0.0,0.0,0.0
756,False,placeholder,0.0,insufficient information,A,0.0,0.0,0.0,0,9,0,0,0.0,0.0,0.0
757,False,placeholder,0.0,insufficient information,C,0.0,0.0,0.0,0,8,0,0,0.0,0.0,0.0
758,False,placeholder,0.0,insufficient information,No,0.0,0.0,0.0,0,10,0,0,0.0,0.0,0.0
759,False,placeholder,0.0,insufficient information,C,0.0,0.0,0.0,0,8,0,0,0.0,0.0,0.0
760,False,placeholder,0.0,insufficient information,B,0.0,0.0,0.0,0,8,0,0,0.0,0.0,0.0
761,False,placeholder,0.0,insufficient information,0,0.0,0.0,0.0,0,8,0,0,0.0,0.0,0.0
762,False,placeholder,0.0,insufficient information,2,0.0,0.0,0.0,0,8,0,0,0.0,0.0,0.0
763,False,placeholder,0.0,insufficient information,B,0.0,0.0,0.0,0,9,0,0,0.0,0.0,0.0
764,False,placeholder,0.0,insufficient information,A,0.0,0.0,0.0,0,8,0,0,0.0,0.0,0.0
765,True,numeric_exact,1.0,60,60,0.375,1.0,0.23076923076923078,3,13,3,3,0.34839120507240295,0.5942948460578918,0.35
766,True,choice,1.0,A,A,0.39999999999999997,0.75,0.2727272727272727,4,11,3,3,0.32343488931655884,0.6269057393074036,0.35
767,False,choice,1.0,E,C,0.42857142857142855,1.0,0.2727272727272727,3,11,3,3,0.6691338419914246,0.8257063627243042,0.35
768,False,numeric_mismatch,0.0,2,6,0.6153846153846153,1.0,0.4444444444444444,4,9,4,4,0.4097447991371155,0.7653691172599792,0.35
769,True,numeric_exact,1.0,61,61,0.4444444444444444,0.8,0.3076923076923077,5,13,4,4,0.29703426361083984,0.8346274495124817,0.35
770,False,choice,1.0,B,D,0.5,1.0,0.3333333333333333,6,18,6,6,0.48571914434432983,0.8399440050125122,0.35
771,False,numeric_mismatch,0.0,8,6,0.4,1.0,0.25,4,16,4,4,0.5247690081596375,0.816542387008667,0.35
772,False,numeric_mismatch,0.0,7,2,0.5555555555555556,1.0,0.38461538461538464,5,13,5,5,0.42916494607925415,0.795884370803833,0.35
773,False,choice,1.0,E,D,0.4444444444444444,0.8,0.3076923076923077,5,13,4,4,0.34304794669151306,0.6688414812088013,0.35
774,False,numeric_mismatch,0.0,16,10,0.47058823529411764,1.0,0.3076923076923077,4,13,4,4,0.5423699021339417,0.8041202425956726,0.35
775,True,numeric_rounded,0.85,6,7,0.47058823529411764,1.0,0.3076923076923077,4,13,4,4,0.5147727727890015,0.7320161461830139,0.35
776,True,numeric_exact,1.0,10,10,0.6,0.75,0.5,4,6,3,3,0.39497509598731995,0.8366959691047668,0.35
777,True,choice,1.0,E,E,0.5714285714285715,1.0,0.4,4,10,4,4,0.48893746733665466,0.8520962595939636,0.35
778,False,numeric_mismatch,0.0,6,13,0.47058823529411764,1.0,0.3076923076923077,4,13,4,4,0.47587937116622925,0.8659559488296509,0.35
779,False,exact,1.0,Tuesday,A,0.47058823529411764,1.0,0.3076923076923077,4,13,4,4,0.3842676281929016,0.8613757491111755,0.35
780,True,numeric_rounded,0.9,12,11,0.47058823529411764,1.0,0.3076923076923077,4,13,4,4,0.47792404890060425,0.7782129049301147,0.35
781,False,numeric_mismatch,0.0,9,21,0.8,1.0,0.6666666666666666,6,9,6,6,0.565421998500824,0.8939254283905029,0.35
782,False,numeric_mismatch,0.0,5,4,0.7272727272727273,1.0,0.5714285714285714,4,7,4,4,0.4787015914916992,0.8392682075500488,0.35
783,False,placeholder,0.0,insufficient information,D,0.0,0.0,0.0,0,15,0,0,0.0,0.0,0.0
784,False,exact,1.0,one,3,0.5,1.0,0.3333333333333333,4,12,4,4,0.5735741853713989,0.851664662361145,0.35
785,False,choice,1.0,B,E,0.25806451612903225,1.0,0.14814814814814814,4,27,4,4,0.31729263067245483,0.7230270504951477,0.35
786,False,exact,1.0,10:30,E,0.5714285714285715,1.0,0.4,4,10,4,4,0.5462335348129272,0.9303476214408875,0.35
787,False,numeric_mismatch,0.0,90,140,0.33333333333333337,1.0,0.2,3,15,3,3,0.383545458316803,0.9233903884887695,0.35
788,False,exact,0.3,2 h 15 min,B,0.42857142857142855,1.0,0.2727272727272727,3,11,3,3,0.42960041761398315,0.7992940545082092,0.35
789,False,numeric_mismatch,0.0,7,10,0.4615384615384615,1.0,0.3,3,10,3,3,0.5047976970672607,0.8087369203567505,0.35
790,False,choice,1.0,E,B,0.3636363636363636,1.0,0.2222222222222222,4,18,4,4,0.5562130808830261,0.8518697023391724,0.35
791,False,exact,0.3,"B) Δ, □, ⋄",A,0.4210526315789474,1.0,0.26666666666666666,4,15,4,4,0.4293971359729767,0.7705379128456116,0.35
792,False,numeric_mismatch,0.0,6,9,0.4,1.0,0.25,3,12,3,3,0.5881764888763428,0.8447288870811462,0.35
793,False,numeric_mismatch,0.0,16,10,0.5555555555555556,1.0,0.38461538461538464,5,13,5,5,0.6079423427581787,0.8530746102333069,0.35
794,False,exact,1.0,giraffe,2,0.4347826086956522,1.0,0.2777777777777778,5,18,5,5,0.4278911054134369,0.7315330505371094,0.35
795,True,choice,1.0,B,B,0.3157894736842105,1.0,0.1875,3,16,3,3,0.42014357447624207,0.8317554593086243,0.35
796,False,exact,1.0,one,3,0.5454545454545454,1.0,0.375,3,8,3,3,0.6297184228897095,0.83027583360672,0.35
797,False,choice,1.0,B,A,0.47058823529411764,1.0,0.3076923076923077,4,13,4,4,0.30679723620414734,0.6487173438072205,0.35
798,False,choice,1.0,B,E,0.3157894736842105,1.0,0.1875,3,16,3,3,0.4518543779850006,0.712534487247467,0.35
799,False,numeric_mismatch,0.0,Stick 4,3,0.2857142857142857,1.0,0.16666666666666666,4,24,4,4,0.610389769077301,0.8202956914901733,0.35
800,False,numeric_mismatch,0.0,30,40,0.6666666666666666,1.0,0.5,6,12,6,6,0.4592832326889038,0.8354141116142273,0.35
801,False,choice,1.0,A,D,0.6086956521739131,1.0,0.4375,7,16,7,7,0.4438050091266632,0.6961011290550232,0.35
802,True,numeric_rounded,0.9,86,95,0.5,1.0,0.3333333333333333,5,15,5,5,0.4046049416065216,0.8477236032485962,0.35
803,False,exact,1.0,Yellow,A,0.4166666666666667,1.0,0.2631578947368421,5,19,5,5,0.4570290446281433,0.8243746757507324,0.35
804,False,exact,1.0,None,D,0.42857142857142855,1.0,0.2727272727272727,3,11,3,3,0.4726758599281311,0.6999046206474304,0.35
805,False,numeric_mismatch,0.0,2,5,0.2666666666666667,1.0,0.15384615384615385,2,13,2,2,0.49348369240760803,0.7413246035575867,0.35
806,False,choice,1.0,B,E,0.3157894736842105,1.0,0.1875,3,16,3,3,0.3153177797794342,0.6928023099899292,0.35
807,False,numeric_mismatch,0.0,15,19,0.6153846153846153,1.0,0.4444444444444444,4,9,4,4,0.6518163681030273,0.8806405663490295,0.35
808,True,choice,1.0,B,B,0.4444444444444445,1.0,0.2857142857142857,4,14,4,4,0.5171500444412231,0.8515688180923462,0.35
809,False,choice,1.0,A,E,0.3,0.75,0.1875,4,16,3,3,0.28337669372558594,0.7238390445709229,0.35
810,True,choice,1.0,A,A,0.2608695652173913,0.75,0.15789473684210525,4,19,3,3,0.320169597864151,0.6702359914779663,0.35
811,True,numeric_exact,1.0,2,2,0.6153846153846153,1.0,0.4444444444444444,4,9,4,4,0.48830175399780273,0.9485758543014526,0.35
812,False,choice,1.0,C,B,0.38095238095238093,1.0,0.23529411764705882,4,17,4,4,0.43476372957229614,0.7301509380340576,0.35
813,False,numeric_mismatch,0.0,15,12,0.5882352941176471,1.0,0.4166666666666667,5,12,5,5,0.4729369580745697,0.8900721669197083,0.35
814,False,choice,1.0,B,A,0.2857142857142857,1.0,0.16666666666666666,3,18,3,3,0.48520970344543457,0.7724135518074036,0.35
815,True,numeric_exact,1.0,3,3,0.3529411764705882,0.75,0.23076923076923078,4,13,3,3,0.41618168354034424,0.8626963496208191,0.35
816,False,choice,1.0,A,C,0.4347826086956522,1.0,0.2777777777777778,5,18,5,5,0.4016151428222656,0.7859182357788086,0.35
817,False,choice,1.0,B,A,0.4,0.5714285714285714,0.3076923076923077,7,13,4,4,0.3074150085449219,0.7956814169883728,0.35
818,True,numeric_exact,1.0,3,3,0.38095238095238093,1.0,0.23529411764705882,4,17,4,4,0.43201079964637756,0.8316769599914551,0.35
819,False,exact,1.0,KNAO,A,0.375,1.0,0.23076923076923078,3,13,3,3,0.4421345293521881,0.6713120341300964,0.35
820,False,choice,1.0,C,D,0.6666666666666666,1.0,0.5,7,14,7,7,0.6065333485603333,0.8479264378547668,0.35
821,True,numeric_exact,1.0,10,10,0.9166666666666666,0.9166666666666666,0.9166666666666666,12,12,11,11,0.5733969211578369,0.8666476607322693,0.35
822,True,choice,1.0,E,E,0.5,1.0,0.3333333333333333,8,24,8,8,0.46703222393989563,0.7804743647575378,0.35
823,False,choice,1.0,A,C,0.4210526315789474,1.0,0.26666666666666666,4,15,4,4,0.48051413893699646,0.7400667667388916,0.35
824,False,choice,1.0,D,A,0.625,1.0,0.45454545454545453,5,11,5,5,0.4551636874675751,0.7254452109336853,0.35
825,False,exact,1.0,two,9,0.2222222222222222,1.0,0.125,2,16,2,2,0.3401740491390228,0.7483547925949097,0.35
826,True,numeric_exact,1.0,10,10,0.5,1.0,0.3333333333333333,4,12,4,4,0.42718806862831116,0.82414710521698,0.35
827,True,choice,1.0,E,E,0.47058823529411764,1.0,0.3076923076923077,4,13,4,4,0.3005375862121582,0.6426308155059814,0.35
828,False,numeric_mismatch,0.0,6,4,0.7368421052631579,1.0,0.5833333333333334,7,12,7,7,0.3873879611492157,0.6807897686958313,0.35
829,False,choice,1.0,B,C,0.5333333333333333,1.0,0.36363636363636365,4,11,4,4,0.4054977297782898,0.790154755115509,0.35
830,False,choice,1.0,C,D,0.32000000000000006,0.8,0.2,5,20,4,4,0.24392476677894592,0.6191028952598572,0.35
831,False,choice,1.0,B,E,0.5555555555555556,1.0,0.38461538461538464,5,13,5,5,0.3513619899749756,0.7074915766716003,0.35
832,False,numeric_mismatch,0.0,1,2,0.4,1.0,0.25,4,16,4,4,0.6277199983596802,0.8477193713188171,0.35
833,False,numeric_mismatch,0.0,11,9,0.6666666666666666,1.0,0.5,6,12,6,6,0.32005801796913147,0.7351092100143433,0.35
834,False,choice,1.0,D,A,0.4,1.0,0.25,4,16,4,4,0.46786630153656006,0.8186226487159729,0.35
835,False,exact,1.0,GDA,D,0.6399999999999999,1.0,0.47058823529411764,8,17,8,8,0.43213891983032227,0.8765682578086853,0.35
836,True,choice,1.0,D,D,0.47058823529411764,1.0,0.3076923076923077,4,13,4,4,0.34146541357040405,0.6098519563674927,0.35
837,False,numeric_mismatch,0.0,8,5,0.625,1.0,0.45454545454545453,5,11,5,5,0.7008684277534485,0.8062133193016052,0.35
838,True,exact,0.7,D) Beetle with 6 points,B,0.625,1.0,0.45454545454545453,5,11,5,5,0.46856489777565,0.8359032869338989,0.35
839,False,choice,1.0,B,D,0.4,1.0,0.25,4,16,4,4,0.356912761926651,0.7413904070854187,0.35
840,False,exact,1.0,four,3,0.2727272727272727,1.0,0.15789473684210525,3,19,3,3,0.43673837184906006,0.7416194677352905,0.35
841,True,choice,1.0,D,D,0.3636363636363636,1.0,0.2222222222222222,4,18,4,4,0.35907357931137085,0.6788865923881531,0.35
842,False,choice,1.0,B,E,0.38095238095238093,1.0,0.23529411764705882,4,17,4,4,0.4284517765045166,0.8413246870040894,0.35
843,False,choice,1.0,D,A,0.27272727272727276,0.75,0.16666666666666666,4,18,3,3,0.3549562692642212,0.7374804019927979,0.35
844,True,choice,1.0,B,B,0.3846153846153846,1.0,0.23809523809523808,5,21,5,5,0.465110182762146,0.8368569016456604,0.35
845,False,numeric_mismatch,0.0,6,5,0.4,1.0,0.25,3,12,3,3,0.40964096784591675,0.7225519418716431,0.35
846,False,numeric_mismatch,0.0,18,6,0.7142857142857143,1.0,0.5555555555555556,5,9,5,5,0.4464431405067444,0.8263271450996399,0.35
847,False,placeholder,0.0,insufficient information,B,0.0,0.0,0.0,0,16,0,0,0.0,0.0,0.0
848,False,exact,0.3,18 km,E,0.5,1.0,0.3333333333333333,4,12,4,4,0.4229789972305298,0.6038880944252014,0.35
849,False,choice,1.0,A,D,0.47058823529411764,1.0,0.3076923076923077,4,13,4,4,0.6570825576782227,0.8661637902259827,0.35
850,False,choice,1.0,E,C,0.5555555555555556,1.0,0.38461538461538464,5,13,5,5,0.47944122552871704,0.6716717481613159,0.35
851,False,exact,0.3,8 kg,B,0.5333333333333333,1.0,0.36363636363636365,4,11,4,4,0.4682934582233429,0.9680809378623962,0.35
852,True,numeric_exact,1.0,3,3,0.588235294117647,0.7142857142857143,0.5,7,10,5,5,0.32512718439102173,0.8402367830276489,0.35
853,False,numeric_mismatch,0.0,4,5,0.375,1.0,0.23076923076923078,3,13,3,3,0.6316630840301514,0.9053776860237122,0.35
854,False,exact,1.0,5-2-3-1-4,E,0.2608695652173913,0.75,0.15789473684210525,4,19,3,3,0.2666315734386444,0.6547195911407471,0.35
855,False,exact,0.3,6 m,E,0.3125,1.0,0.18518518518518517,5,27,5,5,0.3914397358894348,0.8161760568618774,0.35
856,False,numeric_mismatch,0.0,1,6,0.47058823529411764,1.0,0.3076923076923077,4,13,4,4,0.30581948161125183,0.786710798740387,0.35
857,False,choice,1.0,A,C,0.761904761904762,1.0,0.6153846153846154,8,13,8,8,0.4435761272907257,0.8516978025436401,0.35
858,False,placeholder,0.0,insufficient information,A,0.0,0.0,0.0,0,14,0,0,0.0,0.0,0.0
859,False,choice,1.0,D,A,0.47058823529411764,1.0,0.3076923076923077,4,13,4,4,0.364899218082428,0.7763426303863525,0.35
860,True,choice,1.0,B,B,0.5,0.8333333333333334,0.35714285714285715,6,14,5,5,0.4233378469944,0.7023530006408691,0.35
861,False,choice,1.0,B,D,0.5,1.0,0.3333333333333333,5,15,5,5,0.3311515152454376,0.7125444412231445,0.35
862,True,numeric_exact,1.0,4,4,0.631578947368421,1.0,0.46153846153846156,6,13,6,6,0.5295395255088806,0.9075576066970825,0.35
863,False,choice,1.0,A,C,0.3529411764705882,0.75,0.23076923076923078,4,13,3,3,0.24599353969097137,0.4518944025039673,0.35
864,True,choice,1.0,E,E,0.21052631578947364,0.4,0.14285714285714285,5,14,2,2,0.20313559472560883,0.40811365842819214,0.35
865,True,numeric_exact,1.0,2,2,0.0,0.0,0.0,7,12,0,0,0.064386285841465,0.22484025359153748,0.35
866,False,choice,1.0,D,A,0.631578947368421,1.0,0.46153846153846156,6,13,6,6,0.3115207552909851,0.8759573101997375,0.35
867,True,choice,1.0,C,C,0.5,1.0,0.3333333333333333,4,12,4,4,0.36689242720603943,0.6866629719734192,0.35
868,False,numeric_mismatch,0.0,10,2,0.47058823529411764,0.8,0.3333333333333333,5,12,4,4,0.3384333848953247,0.7365288138389587,0.35
869,True,choice,1.0,D,D,0.5882352941176471,1.0,0.4166666666666667,5,12,5,5,0.48316818475723267,0.6899120807647705,0.35
870,True,choice,1.0,E,E,0.33333333333333337,1.0,0.2,3,15,3,3,0.4280426800251007,0.6018491387367249,0.35
871,False,exact,0.3,On B,D,0.21052631578947364,0.4,0.14285714285714285,5,14,2,2,0.16302108764648438,0.3706386387348175,0.35
872,True,choice,1.0,A,A,0.6666666666666666,1.0,0.5,7,14,7,7,0.4123443365097046,0.6310604810714722,0.35
873,False,numeric_mismatch,0.0,2,30,0.6,1.0,0.42857142857142855,6,14,6,6,0.31547826528549194,0.8336557149887085,0.35
874,False,choice,1.0,A,B,0.4444444444444445,1.0,0.2857142857142857,4,14,4,4,0.47759363055229187,0.6992090940475464,0.35
875,True,numeric_exact,1.0,2,2,0.23529411764705882,0.6666666666666666,0.14285714285714285,3,14,2,2,0.2715260684490204,0.4489402770996094,0.35
876,False,choice,1.0,B,D,0.23529411764705882,0.5,0.15384615384615385,4,13,2,2,0.25298061966896057,0.39893195033073425,0.35
877,False,choice,1.0,C,E,0.5263157894736842,1.0,0.35714285714285715,5,14,5,5,0.3242475092411041,0.6134428381919861,0.35
878,False,numeric_mismatch,0.0,wagon number 12,8,0.5882352941176471,1.0,0.4166666666666667,5,12,5,5,0.44072678685188293,0.8529523015022278,0.35
879,False,numeric_mismatch,0.0,5,3,0.631578947368421,1.0,0.46153846153846156,6,13,6,6,0.3506768047809601,0.8082394003868103,0.35
880,False,numeric_mismatch,0.0,19,16,0.5555555555555556,1.0,0.38461538461538464,5,13,5,5,0.35897648334503174,0.7541632652282715,0.35
881,False,exact,0.3,Person E,C,0.1,0.14285714285714285,0.07692307692307693,7,13,1,1,0.17074817419052124,0.5111169815063477,0.35
882,False,numeric_mismatch,0.0,3,16,0.4705882352941177,0.6666666666666666,0.36363636363636365,6,11,4,4,0.204463392496109,0.7238861322402954,0.35
883,False,choice,1.0,D,E,0.11764705882352941,0.2,0.08333333333333333,5,12,1,1,0.22611230611801147,0.3953055739402771,0.35
884,False,numeric_mismatch,0.0,6,5,0.11764705882352941,0.3333333333333333,0.07142857142857142,3,14,1,1,0.21837970614433289,0.3722330331802368,0.35
885,False,choice,1.0,E,A,0.10526315789473685,0.14285714285714285,0.08333333333333333,7,12,1,1,0.22834686934947968,0.3835054039955139,0.35
886,True,choice,1.0,D,D,0.3333333333333333,0.75,0.21428571428571427,4,14,3,3,0.296602725982666,0.5363444089889526,0.35
887,False,choice,1.0,E,A,0.3333333333333333,0.75,0.21428571428571427,4,14,3,3,0.20484282076358795,0.5616955161094666,0.35
888,False,numeric_mismatch,0.0,1,6,0.42857142857142855,0.6,0.3333333333333333,5,9,3,3,0.18524028360843658,0.5158299803733826,0.35
889,False,choice,1.0,D,B,0.0,0.0,0.0,4,14,0,0,0.15926142036914825,0.3259044587612152,0.35
890,False,numeric_mismatch,0.0,2,12,0.5,1.0,0.3333333333333333,4,12,4,4,0.44005370140075684,0.686974823474884,0.35
891,True,choice,1.0,D,D,0.0,0.0,0.0,6,14,0,0,0.1487293839454651,0.3135181963443756,0.35
892,False,numeric_mismatch,0.0,3,8,0.4444444444444444,0.8,0.3076923076923077,5,13,4,4,0.2929997742176056,0.7154944539070129,0.35
893,False,exact,1.0,MASK,E,0.375,1.0,0.23076923076923078,3,13,3,3,0.2906767725944519,0.4265461266040802,0.35
894,False,choice,1.0,E,A,0.35294117647058826,1.0,0.21428571428571427,3,14,3,3,0.29933345317840576,0.5686715841293335,0.35
895,False,choice,1.0,D,B,0.0,0.0,0.0,5,14,0,0,0.0723947063088417,0.1629790961742401,0.35
896,False,choice,1.0,E,D,0.4444444444444445,1.0,0.2857142857142857,4,14,4,4,0.4098041355609894,0.6999123096466064,0.35
897,False,choice,1.0,D,A,0.0,0.0,0.0,9,14,0,0,0.13545604050159454,0.2665313482284546,0.35
898,False,choice,1.0,B,C,0.11111111111111112,0.25,0.07142857142857142,4,14,1,1,0.21460554003715515,0.36397865414619446,0.35
899,True,numeric_exact,1.0,3,3,0.5,1.0,0.3333333333333333,4,12,4,4,0.3859952986240387,0.8144086003303528,0.35
900,True,numeric_exact,1.0,shelf 3,3,0.6666666666666666,1.0,0.5,7,14,7,7,0.35467684268951416,0.7230560779571533,0.35
901,False,choice,1.0,D,B,0.625,1.0,0.45454545454545453,5,11,5,5,0.35257068276405334,0.5127260088920593,0.35
902,True,numeric_exact,1.0,2,2,0.5882352941176471,0.8333333333333334,0.45454545454545453,6,11,5,5,0.3594599664211273,0.7771505117416382,0.35
903,True,choice,1.0,E,E,0.11764705882352941,0.25,0.07692307692307693,4,13,1,1,0.2128603309392929,0.6154956817626953,0.35
904,False,exact,0.3,square B,D,0.125,0.3333333333333333,0.07692307692307693,3,13,1,1,0.2055993229150772,0.396833598613739,0.35
905,True,choice,1.0,B,B,0.21052631578947364,0.4,0.14285714285714285,5,14,2,2,0.24414043128490448,0.4321505129337311,0.35
906,False,choice,1.0,A,D,0.375,0.75,0.25,4,12,3,3,0.29827770590782166,0.667392909526825,0.35
907,True,exact,0.7,Basket 4,E,0.1,0.25,0.0625,4,16,1,1,0.21578283607959747,0.3718898892402649,0.35
908,False,numeric_mismatch,0.0,1,2,0.5454545454545454,1.0,0.375,3,8,3,3,0.38303253054618835,0.7307087779045105,0.35
909,False,choice,1.0,B,C,0.23529411764705882,0.4,0.16666666666666666,5,12,2,2,0.200887069106102,0.49063608050346375,0.35
910,False,numeric_mismatch,0.0,12345,34426,0.4,1.0,0.25,4,16,4,4,0.3439291715621948,0.7220491766929626,0.35
911,False,numeric_mismatch,0.0,10,12,0.42857142857142855,1.0,0.2727272727272727,3,11,3,3,0.3155862092971802,0.7505642175674438,0.35
912,False,choice,1.0,D,A,0.26666666666666666,0.6666666666666666,0.16666666666666666,3,12,2,2,0.27737733721733093,0.45986393094062805,0.35
913,False,numeric_mismatch,0.0,3,9,0.5263157894736842,1.0,0.35714285714285715,5,14,5,5,0.27183622121810913,0.7184497117996216,0.35
914,True,numeric_rounded,0.9,36,34,0.375,0.75,0.25,4,12,3,3,0.24874882400035858,0.7342646718025208,0.35
915,False,numeric_mismatch,0.0,3,8,0.4,0.6,0.3,5,10,3,3,0.2691471576690674,0.6802760362625122,0.35
916,True,choice,1.0,B,B,0.5263157894736842,1.0,0.35714285714285715,5,14,5,5,0.42674246430397034,0.6271703839302063,0.35
917,False,choice,1.0,D,A,0.0,0.0,0.0,4,12,0,0,0.13910645246505737,0.264739453792572,0.35
918,False,choice,1.0,B,A,0.25,0.6666666666666666,0.15384615384615385,3,13,2,2,0.2517087757587433,0.4429406523704529,0.35
919,False,choice,1.0,B,E,0.6,0.75,0.5,8,12,6,6,0.31356891989707947,0.7342988848686218,0.35
920,False,numeric_mismatch,0.0,6,13,0.5714285714285714,0.8,0.4444444444444444,5,9,4,4,0.26612362265586853,0.6677234768867493,0.35
921,True,choice,1.0,B,B,0.42857142857142855,1.0,0.2727272727272727,3,11,3,3,0.3437790870666504,0.6394345760345459,0.35
922,False,numeric_mismatch,0.0,20,11,0.6666666666666666,1.0,0.5,6,12,6,6,0.3540179431438446,0.7505989074707031,0.35
923,True,numeric_exact,1.0,3,3,0.0,0.0,0.0,4,14,0,0,0.16076460480690002,0.3127155601978302,0.35
924,True,exact,0.7,"A, B, C",A,0.4210526315789473,0.8,0.2857142857142857,5,14,4,4,0.3148013651371002,0.6373083591461182,0.35
925,False,choice,1.0,E,A,0.375,1.0,0.23076923076923078,3,13,3,3,0.2864844799041748,0.4670372009277344,0.35
926,False,choice,1.0,D,C,0.0,0.0,0.0,6,18,0,0,0.08447075635194778,0.2592962384223938,0.35
927,False,numeric_mismatch,0.0,6,2,0.5263157894736842,1.0,0.35714285714285715,5,14,5,5,0.4225170612335205,0.8234773278236389,0.35
928,False,exact,1.0,154,A,0.23529411764705882,0.4,0.16666666666666666,5,12,2,2,0.19659341871738434,0.6239820122718811,0.35
929,False,numeric_mismatch,0.0,30,60,0.5,1.0,0.3333333333333333,4,12,4,4,0.4131337106227875,0.782793402671814,0.35
930,False,placeholder,0.0,insufficient information,1,0.0,0.0,0.0,0,10,0,0,0.0,0.0,0.0
931,False,numeric_mismatch,0.0,100,248,0.5263157894736842,1.0,0.35714285714285715,5,14,5,5,0.3750876188278198,0.6569365859031677,0.35
932,False,placeholder,0.0,insufficient information,75,0.0,0.0,0.0,0,13,0,0,0.0,0.0,0.0
933,False,placeholder,0.0,insufficient information,A,0.0,0.0,0.0,0,11,0,0,0.0,0.0,0.0
934,False,placeholder,0.0,insufficient information,30,0.0,0.0,0.0,0,12,0,0,0.0,0.0,0.0
935,False,placeholder,0.0,insufficient information,C,0.0,0.0,0.0,0,12,0,0,0.0,0.0,0.0
936,False,placeholder,0.0,insufficient information,E,0.0,0.0,0.0,0,9,0,0,0.0,0.0,0.0
937,False,exact,1.0,2.5,E,0.5263157894736842,1.0,0.35714285714285715,5,14,5,5,0.3899572789669037,0.8743788003921509,0.35
938,False,placeholder,0.0,insufficient information,A,0.0,0.0,0.0,0,14,0,0,0.0,0.0,0.0
939,False,exact,0.3,f(x) = -g(x) + 2,C,0.4444444444444445,1.0,0.2857142857142857,4,14,4,4,0.4079102873802185,0.7862134575843811,0.35
940,False,numeric_mismatch,0.0,45,711,0.5882352941176471,1.0,0.4166666666666667,5,12,5,5,0.3256165385246277,0.6311624050140381,0.35
941,False,placeholder,0.0,insufficient information,D,0.0,0.0,0.0,0,11,0,0,0.0,0.0,0.0
942,False,numeric_mismatch,0.0,5,2,0.9565217391304348,1.0,0.9166666666666666,11,12,11,11,0.4922754764556885,0.8150013089179993,0.35
943,False,choice,1.0,C,A,0.5,1.0,0.3333333333333333,4,12,4,4,0.37174320220947266,0.7174652218818665,0.35
944,False,placeholder,0.0,insufficient information,C,0.0,0.0,0.0,0,14,0,0,0.0,0.0,0.0
945,False,placeholder,0.0,insufficient information,8,0.0,0.0,0.0,0,13,0,0,0.0,0.0,0.0
946,False,exact,1.0,12,D,0.4,0.4166666666666667,0.38461538461538464,12,13,5,5,0.21345524489879608,0.561424195766449,0.35
947,False,exact,1.0,100°,D,0.5555555555555556,1.0,0.38461538461538464,5,13,5,5,0.4501892626285553,0.7841960191726685,0.35
948,False,numeric_mismatch,0.0,1,16,0.6,1.0,0.42857142857142855,6,14,6,6,0.437227338552475,0.7171907424926758,0.35
949,True,numeric_exact,1.0,2,2,0.5882352941176471,1.0,0.4166666666666667,5,12,5,5,0.39586925506591797,0.7078155875205994,0.35
950,False,placeholder,0.0,insufficient information,D,0.0,0.0,0.0,0,15,0,0,0.0,0.0,0.0
951,False,exact,1.0,cos(2β),E,0.5714285714285715,1.0,0.4,6,15,6,6,0.4284002184867859,0.7892119884490967,0.35
952,False,placeholder,0.0,insufficient information,A,0.0,0.0,0.0,0,13,0,0,0.0,0.0,0.0
953,False,placeholder,0.0,insufficient information,A,0.0,0.0,0.0,0,14,0,0,0.0,0.0,0.0
954,False,numeric_mismatch,0.0,2,4,0.5555555555555556,1.0,0.38461538461538464,5,13,5,5,0.3002218008041382,0.6543790698051453,0.35
955,False,numeric_mismatch,0.0,300,400,0.375,1.0,0.23076923076923078,3,13,3,3,0.2853691279888153,0.8183916807174683,0.35
956,False,numeric_mismatch,0.0,13,10,0.5,1.0,0.3333333333333333,4,12,4,4,0.36365100741386414,0.8735070824623108,0.35
957,True,numeric_rounded,0.9,26,25,0.5263157894736842,0.8333333333333334,0.38461538461538464,6,13,5,5,0.34237775206565857,0.8162534832954407,0.35
958,False,exact,0.3,3 * 2^5,A,0.6666666666666666,0.7777777777777778,0.5833333333333334,9,12,7,7,0.34918129444122314,0.7448281049728394,0.35
959,False,numeric_mismatch,0.0,6,3,0.5,1.0,0.3333333333333333,4,12,4,4,0.3116908073425293,0.5398895144462585,0.35
960,False,placeholder,0.0,insufficient information,A,0.0,0.0,0.0,0,13,0,0,0.0,0.0,0.0
961,False,exact,1.0,6,A,0.1818181818181818,0.5,0.1111111111111111,4,18,2,2,0.288810670375824,0.6086417436599731,0.35
962,False,placeholder,0.0,insufficient information,C,0.0,0.0,0.0,0,13,0,0,0.0,0.0,0.0
963,False,exact,1.0,2:1,E,0.7368421052631579,1.0,0.5833333333333334,7,12,7,7,0.4305686354637146,0.7812178134918213,0.35
964,False,numeric_mismatch,0.0,10,13,0.28571428571428575,0.3333333333333333,0.25,9,12,3,3,0.24077215790748596,0.5623122453689575,0.35
965,False,placeholder,0.0,insufficient information,C,0.0,0.0,0.0,0,13,0,0,0.0,0.0,0.0
966,True,choice,1.0,D,D,0.47058823529411764,1.0,0.3076923076923077,4,13,4,4,0.3174227476119995,0.5855830907821655,0.35
967,False,placeholder,0.0,insufficient information,-2,0.0,0.0,0.0,0,12,0,0,0.0,0.0,0.0
968,False,numeric_mismatch,0.0,4,1,0.8695652173913043,0.9090909090909091,0.8333333333333334,11,12,10,10,0.3784700930118561,0.6988778710365295,0.35
969,False,numeric_mismatch,0.0,4,6,0.631578947368421,1.0,0.46153846153846156,6,13,6,6,0.4529130458831787,0.8882521390914917,0.35
970,False,placeholder,0.0,insufficient information,D,0.0,0.0,0.0,0,12,0,0,0.0,0.0,0.0
971,False,exact,1.0,100°,D,0.6666666666666666,1.0,0.5,6,12,6,6,0.43969589471817017,0.8294909000396729,0.35
972,False,numeric_mismatch,0.0,6,4,0.0,0.0,0.0,9,14,0,0,0.16780957579612732,0.34864121675491333,0.35
973,False,exact,1.0,√14,A,0.10526315789473685,0.25,0.06666666666666667,4,15,1,1,0.22143052518367767,0.6985301375389099,0.35
974,False,numeric_mismatch,0.0,8,20,0.5555555555555556,1.0,0.38461538461538464,5,13,5,5,0.286792516708374,0.7301165461540222,0.35
975,True,numeric_rounded,0.85,18,16,0.28571428571428575,0.5,0.2,4,10,2,2,0.25101152062416077,0.6783549785614014,0.35
976,False,numeric_mismatch,0.0,10,8,0.631578947368421,1.0,0.46153846153846156,6,13,6,6,0.36646920442581177,0.7294626235961914,0.35
977,False,exact,1.0,1/8,D,0.09523809523809522,0.16666666666666666,0.06666666666666667,6,15,1,1,0.2180142104625702,0.4959608316421509,0.35
978,False,numeric_mismatch,0.0,364,446,0.375,0.75,0.25,4,12,3,3,0.3181472718715668,0.6707615256309509,0.35
979,False,exact,1.0,1/4,E,0.23529411764705882,0.5,0.15384615384615385,4,13,2,2,0.29217401146888733,0.5011675357818604,0.35
980,False,numeric_mismatch,0.0,6,13,0.631578947368421,1.0,0.46153846153846156,6,13,6,6,0.34649720788002014,0.7552019357681274,0.35
981,True,exact,0.7,either A or D,D,0.4615384615384615,1.0,0.3,3,10,3,3,0.46502572298049927,0.7429285049438477,0.35
982,False,exact,0.3,$2 \sqrt{13}$,B,0.5263157894736842,1.0,0.35714285714285715,5,14,5,5,0.2950141727924347,0.49879398941993713,0.35
983,False,numeric_mismatch,0.0,5,9,0.5263157894736842,1.0,0.35714285714285715,5,14,5,5,0.3556519150733948,0.6443803906440735,0.35
984,False,exact,0.3,6 + π,A,0.4210526315789474,1.0,0.26666666666666666,4,15,4,4,0.3988615572452545,0.69364333152771,0.35
985,False,exact,0.3,B) $g(x)=f(x+2)$,A,0.33333333333333337,1.0,0.2,3,15,3,3,0.37125515937805176,0.6845380067825317,0.35
986,False,exact,1.0,II,D,0.4444444444444445,1.0,0.2857142857142857,4,14,4,4,0.4015011787414551,0.6894248127937317,0.35
987,False,exact,1.0,54,D,0.2105263157894737,0.2857142857142857,0.16666666666666666,7,12,2,2,0.16740016639232635,0.5634934902191162,0.35
988,False,exact,1.0,11,A,0.4210526315789474,1.0,0.26666666666666666,4,15,4,4,0.32155483961105347,0.7785794138908386,0.35
989,True,numeric_exact,1.0,3,3,0.5333333333333333,0.8,0.4,5,10,4,4,0.3622613847255707,0.8076094388961792,0.35
990,False,exact,1.0,120°,D,0.5882352941176471,1.0,0.4166666666666667,5,12,5,5,0.4191378653049469,0.8159205913543701,0.35
991,False,placeholder,0.0,insufficient information,A,0.0,0.0,0.0,0,15,0,0,0.0,0.0,0.0
992,False,exact,1.0,64π,C,0.8148148148148148,0.7857142857142857,0.8461538461538461,14,13,11,11,0.387856662273407,0.8306970000267029,0.35
993,False,placeholder,0.0,insufficient information,A,0.0,0.0,0.0,0,14,0,0,0.0,0.0,0.0
994,False,choice,1.0,C,A,0.5555555555555556,1.0,0.38461538461538464,5,13,5,5,0.36312705278396606,0.657329261302948,0.35
995,False,placeholder,0.0,insufficient information,C,0.0,0.0,0.0,0,13,0,0,0.0,0.0,0.0
996,False,numeric_mismatch,0.0,16,116,0.7272727272727273,1.0,0.5714285714285714,8,14,8,8,0.35898110270500183,0.8963179588317871,0.35
997,False,placeholder,0.0,insufficient information,B,0.0,0.0,0.0,0,12,0,0,0.0,0.0,0.0
998,False,numeric_mismatch,0.0,0,1,0.2857142857142857,0.2857142857142857,0.2857142857142857,7,7,2,2,0.27277871966362,0.715896725654602,0.35
999,False,exact,1.0,Carol,C,0.0,0.0,0.0,5,15,0,0,0.10878626257181168,0.2652375102043152,0.35
1000,False,choice,1.0,D,C,0.5555555555555556,1.0,0.38461538461538464,5,13,5,5,0.33067256212234497,0.6155314445495605,0.35
1001,True,numeric_exact,1.0,25,25,0.631578947368421,1.0,0.46153846153846156,6,13,6,6,0.39709293842315674,0.6799073219299316,0.35
1002,False,exact,1.0,12,E,0.6666666666666666,1.0,0.5,6,12,6,6,0.2910427451133728,0.6378606557846069,0.35
1003,False,numeric_mismatch,0.0,7,6,0.5714285714285715,1.0,0.4,4,10,4,4,0.4577435553073883,0.7661462426185608,0.35
1004,False,exact,0.3,π - α / 2,B,0.6,1.0,0.42857142857142855,6,14,6,6,0.40622320771217346,0.8888329863548279,0.35
1005,False,exact,0.3,"At least three of the areas X, Y, Z, and D",1,0.4444444444444445,1.0,0.2857142857142857,4,14,4,4,0.4194423258304596,0.7833659052848816,0.35
1006,False,exact,0.3,b < 0,E,0.5882352941176471,1.0,0.4166666666666667,5,12,5,5,0.44042763113975525,0.8840882182121277,0.35
1007,False,numeric_mismatch,0.0,16,19,0.5,0.6,0.42857142857142855,5,7,3,3,0.2253226637840271,0.5951637625694275,0.35
1008,False,choice,1.0,D,A,0.1,0.14285714285714285,0.07692307692307693,7,13,1,1,0.20331402122974396,0.3523799479007721,0.35
1009,True,numeric_rounded,0.9,12,13,0.5882352941176471,1.0,0.4166666666666667,5,12,5,5,0.32051876187324524,0.8136162757873535,0.35
1010,False,numeric_mismatch,0.0,6,5,0.631578947368421,0.8571428571428571,0.5,7,12,6,6,0.3046121299266815,0.6910514831542969,0.35
1011,True,exact,0.7,32 cm²,C,0.782608695652174,1.0,0.6428571428571429,9,14,9,9,0.3232572376728058,0.7565101385116577,0.35
1012,False,exact,1.0,36°,C,0.5882352941176471,1.0,0.4166666666666667,5,12,5,5,0.42679673433303833,0.7665619850158691,0.35
1013,False,exact,0.3,130 m²,C,0.11111111111111112,0.25,0.07142857142857142,4,14,1,1,0.16613686084747314,0.40735477209091187,0.35
1014,False,numeric_mismatch,0.0,3,4.8,0.6666666666666666,1.0,0.5,8,16,8,8,0.36588746309280396,0.7321144938468933,0.35
1015,False,placeholder,0.0,insufficient information,C,0.0,0.0,0.0,0,12,0,0,0.0,0.0,0.0
1016,False,exact,1.0,143,E,0.6363636363636364,0.875,0.5,8,14,7,7,0.28950628638267517,0.758571207523346,0.35
1017,False,exact,0.3,E) E_x ≠ E_y but Vol(E_x) = Vol(E_y),C,0.47058823529411764,1.0,0.3076923076923077,4,13,4,4,0.37749961018562317,0.7453969717025757,0.35
1018,False,exact,0.3,8 π,B,0.5,1.0,0.3333333333333333,5,15,5,5,0.32658758759498596,0.7406813502311707,0.35
1019,True,numeric_exact,1.0,5,5,0.5,1.0,0.3333333333333333,5,15,5,5,0.4141042232513428,0.7752919793128967,0.35
1020,False,choice,1.0,C,E,0.7272727272727273,1.0,0.5714285714285714,8,14,8,8,0.3990934491157532,0.7049573659896851,0.35
1021,False,exact,1.0,five,10,0.4,1.0,0.25,3,12,3,3,0.29328277707099915,0.6543495059013367,0.35
1022,False,choice,1.0,D,E,0.4210526315789473,0.8,0.2857142857142857,5,14,4,4,0.2943769097328186,0.6446607708930969,0.35
1023,False,choice,1.0,D,A,0.0,0.0,0.0,4,14,0,0,0.1653616726398468,0.31602999567985535,0.35
1024,False,numeric_mismatch,0.0,3,4,0.47058823529411764,1.0,0.3076923076923077,4,13,4,4,0.28071296215057373,0.6907219886779785,0.35
1025,False,placeholder,0.0,insufficient information,E,0.0,0.0,0.0,0,14,0,0,0.0,0.0,0.0
1026,False,choice,1.0,B,A,0.4444444444444444,0.8,0.3076923076923077,5,13,4,4,0.3621753454208374,0.6755106449127197,0.35
1027,False,numeric_mismatch,0.0,35,64,0.5263157894736842,1.0,0.35714285714285715,5,14,5,5,0.3572382926940918,0.6647172570228577,0.35
1028,False,exact,0.3,It is 4-times as big.,D,0.4,1.0,0.25,3,12,3,3,0.4097703993320465,0.9115155935287476,0.35
1029,True,numeric_exact,1.0,18,18,0.8181818181818181,1.0,0.6923076923076923,9,13,9,9,0.4331711232662201,0.8522588014602661,0.35
1030,True,numeric_exact,1.0,2,2,0.5714285714285714,0.8571428571428571,0.42857142857142855,7,14,6,6,0.3470357656478882,0.7218234539031982,0.35
1031,False,exact,1.0,2:1,D,0.5,1.0,0.3333333333333333,4,12,4,4,0.3681594431400299,0.7710526585578918,0.35
1032,False,numeric_mismatch,0.0,12,10,0.47619047619047616,1.0,0.3125,5,16,5,5,0.2952937185764313,0.7376086711883545,0.35
1033,True,exact,0.7,C) \(\frac{1}{\sqrt{2}}\),A,0.4210526315789474,1.0,0.26666666666666666,4,15,4,4,0.3056168258190155,0.6999653577804565,0.35
1034,False,placeholder,0.0,insufficient information,B,0.0,0.0,0.0,0,12,0,0,0.0,0.0,0.0
1035,False,choice,1.0,D,A,0.16666666666666666,0.2,0.14285714285714285,10,14,2,2,0.1616484671831131,0.39892318844795227,0.35
1036,False,numeric_mismatch,0.0,4,3,0.6,1.0,0.42857142857142855,6,14,6,6,0.38477015495300293,0.6068478226661682,0.35
1037,False,choice,1.0,B,E,0.4,0.6666666666666666,0.2857142857142857,6,14,4,4,0.2519654333591461,0.501846969127655,0.35
1038,False,placeholder,0.0,insufficient information,C,0.0,0.0,0.0,0,15,0,0,0.0,0.0,0.0
1039,True,numeric_exact,1.0,1,1,0.5555555555555556,1.0,0.38461538461538464,5,13,5,5,0.4054228663444519,0.7278546094894409,0.35
1040,False,exact,1.0,-16,E,0.0,0.0,0.0,7,15,0,0,0.11055993288755417,0.32280707359313965,0.35
1041,False,placeholder,0.0,insufficient information,A,0.0,0.0,0.0,0,13,0,0,0.0,0.0,0.0
1042,False,exact,0.3,either 2 or 5,A,0.5,1.0,0.3333333333333333,4,12,4,4,0.38083887100219727,0.8371415138244629,0.35
1043,False,choice,1.0,b,A,0.5882352941176471,1.0,0.4166666666666667,5,12,5,5,0.4013306796550751,0.8233649134635925,0.35
1044,False,numeric_mismatch,0.0,550,3025,0.47058823529411764,0.8,0.3333333333333333,5,12,4,4,0.31052306294441223,0.8381528854370117,0.35
1045,True,exact,0.7,B) \(\frac{3}{16}\),C,0.5263157894736842,1.0,0.35714285714285715,5,14,5,5,0.31381386518478394,0.6514777541160583,0.35
1046,False,choice,1.0,A,B,0.5714285714285715,1.0,0.4,4,10,4,4,0.3428362011909485,0.7601220011711121,0.35
1047,True,choice,1.0,A,A,0.4444444444444445,1.0,0.2857142857142857,4,14,4,4,0.31382474303245544,0.6501284241676331,0.35
1048,False,numeric_mismatch,0.0,8,3,0.6666666666666666,1.0,0.5,7,14,7,7,0.346792072057724,0.7875168323516846,0.35
1049,False,exact,1.0,4:3,E,0.21052631578947367,0.3333333333333333,0.15384615384615385,6,13,2,2,0.19053789973258972,0.42523127794265747,0.35
1050,False,exact,1.0,18°,E,0.6,0.8571428571428571,0.46153846153846156,7,13,6,6,0.3717508316040039,0.6906337738037109,0.35
1051,False,exact,1.0,220,D,0.4444444444444444,0.8,0.3076923076923077,5,13,4,4,0.25117477774620056,0.7065315842628479,0.35
1052,False,exact,1.0,4,B,0.6666666666666666,1.0,0.5,6,12,6,6,0.46732309460639954,0.8325483798980713,0.35
1053,False,exact,0.3,only 0,A,0.5263157894736842,1.0,0.35714285714285715,5,14,5,5,0.38850775361061096,0.870819091796875,0.35
1054,False,placeholder,0.0,insufficient information,C,0.0,0.0,0.0,0,13,0,0,0.0,0.0,0.0
1055,False,exact,0.3,At least three,22,0.46153846153846156,0.75,0.3333333333333333,4,9,3,3,0.23347942531108856,0.5885128974914551,0.35
1056,False,exact,0.3,125 cm²,B,0.75,0.9,0.6428571428571429,10,14,9,9,0.35239946842193604,0.7848168015480042,0.35
1057,True,exact,0.7,less than 10,A,0.5882352941176471,1.0,0.4166666666666667,5,12,5,5,0.26868829131126404,0.7984199523925781,0.35
1058,False,numeric_mismatch,0.0,5,16,0.42857142857142855,0.6,0.3333333333333333,5,9,3,3,0.2894873023033142,0.5975326299667358,0.35
1059,False,numeric_mismatch,0.0,5,3,0.5714285714285715,1.0,0.4,4,10,4,4,0.45650845766067505,0.7989385724067688,0.35
1060,False,choice,1.0,B,C,0.11764705882352941,0.2,0.08333333333333333,5,12,1,1,0.17218466103076935,0.38615989685058594,0.35
1061,False,exact,1.0,1/3,B,0.5555555555555556,1.0,0.38461538461538464,5,13,5,5,0.36048755049705505,0.6912661790847778,0.35
1062,False,exact,0.3,"B, C, E",A,0.631578947368421,0.8571428571428571,0.5,7,12,6,6,0.3187893033027649,0.6340391039848328,0.35
1063,False,exact,1.0,II,C,0.5555555555555556,1.0,0.38461538461538464,5,13,5,5,0.34981769323349,0.7708163857460022,0.35
1064,False,numeric_mismatch,0.0,10,6,0.47058823529411764,1.0,0.3076923076923077,4,13,4,4,0.3153834640979767,0.7145661115646362,0.35
1065,False,numeric_mismatch,0.0,12,8,0.5,1.0,0.3333333333333333,5,15,5,5,0.41739600896835327,0.9148527383804321,0.35
1066,True,exact,0.7,40 white and 41 black ones,E,0.5882352941176471,1.0,0.4166666666666667,5,12,5,5,0.30400630831718445,0.6734771132469177,0.35
1067,False,exact,0.3,2π - 3√3,E,0.761904761904762,1.0,0.6153846153846154,8,13,8,8,0.3614672124385834,0.7677457928657532,0.35
1068,False,exact,0.3,B) $rac{3}{4}$,D,0.7826086956521738,0.9,0.6923076923076923,10,13,9,9,0.4007225036621094,0.8355950713157654,0.35
1069,False,numeric_mismatch,0.0,25,56,0.5,0.8333333333333334,0.35714285714285715,6,14,5,5,0.25749900937080383,0.7857157588005066,0.35
1070,False,exact,1.0,Saturday,A,0.47058823529411764,0.8,0.3333333333333333,5,12,4,4,0.3108222186565399,0.6815819144248962,0.35
1071,False,exact,1.0,Terrasse,2,0.5714285714285714,0.5714285714285714,0.5714285714285714,7,7,4,4,0.2697286903858185,0.5769874453544617,0.35
1072,False,numeric_mismatch,0.0,6,10,0.5454545454545454,0.75,0.42857142857142855,4,7,3,3,0.38969460129737854,0.7576059103012085,0.35
1073,False,placeholder,0.0,insufficient information,A,0.0,0.0,0.0,0,13,0,0,0.0,0.0,0.0
1074,False,placeholder,0.0,insufficient information,B,0.0,0.0,0.0,0,12,0,0,0.0,0.0,0.0
1075,False,exact,0.3,V = 2/3 W,B,0.5882352941176471,1.0,0.4166666666666667,5,12,5,5,0.3815295994281769,0.9073560237884521,0.35
1076,False,choice,1.0,B,D,0.5263157894736842,1.0,0.35714285714285715,5,14,5,5,0.27028322219848633,0.7542707920074463,0.35
1077,False,placeholder,0.0,insufficient information,D,0.0,0.0,0.0,0,12,0,0,0.0,0.0,0.0
1078,False,numeric_mismatch,0.0,10,5,0.6666666666666666,1.0,0.5,6,12,6,6,0.40448909997940063,0.778443455696106,0.35
1079,False,placeholder,0.0,insufficient information,B,0.0,0.0,0.0,0,13,0,0,0.0,0.0,0.0
1080,False,placeholder,0.0,insufficient information,13,0.0,0.0,0.0,0,13,0,0,0.0,0.0,0.0
1081,False,exact,1.0,130°,E,0.5454545454545454,0.75,0.42857142857142855,8,14,6,6,0.27819499373435974,0.6407991647720337,0.35
1082,False,numeric_mismatch,0.0,3,2,0.6666666666666666,1.0,0.5,7,14,7,7,0.363687127828598,0.8461157083511353,0.35
1083,False,exact,0.3,1.8 m,E,0.5217391304347827,0.75,0.4,8,15,6,6,0.2744283080101013,0.736893892288208,0.35
1084,False,exact,1.0,1/4,A,0.09090909090909091,0.14285714285714285,0.06666666666666667,7,15,1,1,0.19357000291347504,0.37077760696411133,0.35
1085,False,exact,0.3,2 and 0,E,0.47058823529411764,0.8,0.3333333333333333,5,12,4,4,0.33710977435112,0.6612038016319275,0.35
1086,False,exact,0.3,1: 2,A,0.5333333333333333,0.8,0.4,5,10,4,4,0.2669294476509094,0.6744354367256165,0.35
1087,False,exact,0.3,4 and 5,E,0.35294117647058826,1.0,0.21428571428571427,3,14,3,3,0.4801692068576813,0.7918684482574463,0.35
1088,True,choice,1.0,E,E,0.47058823529411764,1.0,0.3076923076923077,4,13,4,4,0.28174763917922974,0.5034728050231934,0.35
1089,True,choice,1.0,D,D,0.375,1.0,0.23076923076923078,3,13,3,3,0.37120822072029114,0.5008463263511658,0.35
1090,False,exact,0.3,"4, 5 and 7",B,0.6363636363636365,0.7,0.5833333333333334,10,12,7,7,0.314830482006073,0.6423884034156799,0.35
1091,False,choice,1.0,B,C,0.28571428571428575,0.5,0.2,4,10,2,2,0.20037147402763367,0.5206785202026367,0.35
1092,False,exact,0.3,200 m³,E,0.33333333333333337,0.6,0.23076923076923078,5,13,3,3,0.26908060908317566,0.5300506353378296,0.35
1093,False,numeric_mismatch,0.0,12 cm,6,0.631578947368421,1.0,0.46153846153846156,6,13,6,6,0.3393722474575043,0.8281958699226379,0.35
1094,True,exact,0.7,\frac{1}{2} \left(a^2 + b^2\right),B,0.8235294117647058,1.0,0.7,7,10,7,7,0.3219766318798065,0.6396178007125854,0.35
1095,False,numeric_mismatch,0.0,15,20,0.625,1.0,0.45454545454545453,5,11,5,5,0.3367321491241455,0.7078357338905334,0.35
1096,False,placeholder,0.0,insufficient information,E,0.0,0.0,0.0,0,16,0,0,0.0,0.0,0.0
1097,False,exact,1.0,3π,D,0.631578947368421,0.8571428571428571,0.5,7,12,6,6,0.3305762708187103,0.7822171449661255,0.35
1098,False,numeric_mismatch,0.0,5,3,0.5882352941176471,1.0,0.4166666666666667,5,12,5,5,0.33951041102409363,0.8646124601364136,0.35
1099,False,exact,0.3,6 + π m,A,0.7058823529411764,1.0,0.5454545454545454,6,11,6,6,0.3173731565475464,0.7121572494506836,0.35
1100,False,exact,0.3,insufficient information,D,0.9166666666666666,0.9166666666666666,0.9166666666666666,12,12,11,11,0.42100468277931213,0.7257967591285706,0.35
1101,False,numeric_mismatch,0.0,1,21,0.631578947368421,0.8571428571428571,0.5,7,12,6,6,0.33378490805625916,0.7164885997772217,0.35
1102,False,placeholder,0.0,insufficient information,B,0.0,0.0,0.0,0,15,0,0,0.0,0.0,0.0
1103,False,numeric_mismatch,0.0,18,11.5,0.7368421052631579,1.0,0.5833333333333334,7,12,7,7,0.3051988482475281,0.6571686863899231,0.35
1104,False,numeric_mismatch,0.0,6,4040,0.47058823529411764,1.0,0.3076923076923077,4,13,4,4,0.4399019479751587,0.7695373296737671,0.35
1105,False,exact,1.0,70,B,0.5263157894736842,1.0,0.35714285714285715,5,14,5,5,0.37979260087013245,0.9308183789253235,0.35
1106,False,numeric_mismatch,0.0,81,13,0.4,1.0,0.25,3,12,3,3,0.32137537002563477,0.6963314414024353,0.35
1107,False,placeholder,0.0,insufficient information,C,0.0,0.0,0.0,0,14,0,0,0.0,0.0,0.0
1108,False,placeholder,0.0,insufficient information,A,0.0,0.0,0.0,0,12,0,0,0.0,0.0,0.0
1109,True,exact,0.7,a b + c d < 0,A,0.5555555555555556,1.0,0.38461538461538464,5,13,5,5,0.36902502179145813,0.746741533279419,0.35
1110,False,placeholder,0.0,insufficient information,A,0.0,0.0,0.0,0,13,0,0,0.0,0.0,0.0
1111,False,placeholder,0.0,insufficient information,B,0.0,0.0,0.0,0,14,0,0,0.0,0.0,0.0
1112,False,exact,0.3,50(5 - √5),D,0.4545454545454546,0.5555555555555556,0.38461538461538464,9,13,5,5,0.28915366530418396,0.5027791261672974,0.35
1113,False,placeholder,0.0,insufficient information,28,0.0,0.0,0.0,0,16,0,0,0.0,0.0,0.0
1114,False,placeholder,0.0,insufficient information,E,0.0,0.0,0.0,0,14,0,0,0.0,0.0,0.0
1115,False,choice,1.0,A,E,0.11111111111111112,0.25,0.07142857142857142,4,14,1,1,0.09269817918539047,0.5117712020874023,0.35
1116,False,exact,0.3,\frac{13 \pi}{16},E,0.8571428571428571,1.0,0.75,9,12,9,9,0.43195509910583496,0.7604091167449951,0.35
1117,False,choice,1.0,D,A,0.5,1.0,0.3333333333333333,4,12,4,4,0.39945435523986816,0.7536175847053528,0.35
1118,False,placeholder,0.0,insufficient information,D,0.0,0.0,0.0,0,9,0,0,0.0,0.0,0.0
1119,False,numeric_mismatch,0.0,67,34,0.5,1.0,0.3333333333333333,4,12,4,4,0.4015168845653534,0.7484079599380493,0.35
1120,True,numeric_exact,1.0,10,10,0.4444444444444445,1.0,0.2857142857142857,4,14,4,4,0.39275893568992615,0.6938401460647583,0.35
1121,False,placeholder,0.0,insufficient information,B,0.0,0.0,0.0,0,12,0,0,0.0,0.0,0.0
1122,True,choice,1.0,E,E,0.0,0.0,0.0,4,12,0,0,0.0964931920170784,0.2589152455329895,0.35
1123,False,numeric_mismatch,0.0,12,16,0.4444444444444445,1.0,0.2857142857142857,4,14,4,4,0.3045966327190399,0.7018835544586182,0.35
1124,True,numeric_rounded,0.85,7,8,0.35294117647058826,0.6,0.25,5,12,3,3,0.24718628823757172,0.5787951946258545,0.35
1125,False,choice,1.0,B,D,0.7000000000000001,1.0,0.5384615384615384,7,13,7,7,0.3537837862968445,0.8620203733444214,0.35
1126,False,numeric_mismatch,0.0,20,50,0.5454545454545454,1.0,0.375,6,16,6,6,0.3968832790851593,0.8667430281639099,0.35
1127,False,numeric_mismatch,0.0,455,19,0.4,0.8,0.26666666666666666,5,15,4,4,0.3039625585079193,0.8631528615951538,0.35
1128,False,numeric_mismatch,0.0,7,12,0.5,1.0,0.3333333333333333,4,12,4,4,0.529583215713501,0.8518508672714233,0.35
1129,True,exact,0.7,5 cm,C,0.5263157894736842,1.0,0.35714285714285715,5,14,5,5,0.4337897002696991,0.8270684480667114,0.35
1130,False,choice,1.0,D,E,0.4210526315789473,0.8,0.2857142857142857,5,14,4,4,0.24491839110851288,0.662678599357605,0.35
1131,False,placeholder,0.0,insufficient information,D,0.0,0.0,0.0,0,13,0,0,0.0,0.0,0.0
1132,False,exact,0.3,9 cm,E,0.7272727272727273,1.0,0.5714285714285714,8,14,8,8,0.3984098434448242,0.8034476637840271,0.35
1133,False,choice,1.0,B,D,0.5882352941176471,1.0,0.4166666666666667,5,12,5,5,0.4327172636985779,0.8256859183311462,0.35
1134,False,exact,0.3,0.006 m³,D,0.375,0.75,0.25,4,12,3,3,0.20172636210918427,0.6535517573356628,0.35
1135,False,numeric_mismatch,0.0,6,21,0.7368421052631579,1.0,0.5833333333333334,7,12,7,7,0.49748697876930237,0.8361456990242004,0.35
1136,True,numeric_exact,1.0,4,4,0.4444444444444445,1.0,0.2857142857142857,4,14,4,4,0.4246990978717804,0.6528717279434204,0.35
1137,False,placeholder,0.0,insufficient information,C,0.0,0.0,0.0,0,13,0,0,0.0,0.0,0.0
1138,False,placeholder,0.0,insufficient information,12,0.0,0.0,0.0,0,12,0,0,0.0,0.0,0.0
1139,False,choice,1.0,B,A,0.125,0.3333333333333333,0.07692307692307693,3,13,1,1,0.2020680159330368,0.40036672353744507,0.35
1140,False,numeric_mismatch,0.0,22,30,0.6666666666666666,1.0,0.5,6,12,6,6,0.5087316632270813,0.8172493577003479,0.35
1141,False,exact,1.0,3,B,0.5,1.0,0.3333333333333333,4,12,4,4,0.3155989348888397,0.6815215349197388,0.35
1142,False,exact,1.0,8,E,0.6666666666666666,1.0,0.5,7,14,7,7,0.4067460298538208,0.7835076451301575,0.35
1143,False,placeholder,0.0,insufficient information,C,0.0,0.0,0.0,0,12,0,0,0.0,0.0,0.0
1144,False,numeric_mismatch,0.0,30,16,0.45454545454545453,0.8333333333333334,0.3125,6,16,5,5,0.3150326609611511,0.7096158266067505,0.35
1145,False,placeholder,0.0,insufficient information,E,0.0,0.0,0.0,0,13,0,0,0.0,0.0,0.0
1146,False,numeric_mismatch,0.0,24,36,0.8421052631578948,1.0,0.7272727272727273,8,11,8,8,0.4868601858615875,0.960641086101532,0.35
1147,False,placeholder,0.0,insufficient information,12,0.0,0.0,0.0,0,12,0,0,0.0,0.0,0.0
1148,False,numeric_mismatch,0.0,21,28,0.5,0.8333333333333334,0.35714285714285715,6,14,5,5,0.30512484908103943,0.7493768930435181,0.35
1149,False,numeric_mismatch,0.0,There are 2 ways to insert the remaining numbers.,24,0.4444444444444445,1.0,0.2857142857142857,4,14,4,4,0.3659420609474182,0.840420663356781,0.35
1150,False,numeric_mismatch,0.0,38,70,0.5882352941176471,1.0,0.4166666666666667,5,12,5,5,0.45854073762893677,0.8264163136482239,0.35
1151,False,numeric_mismatch,0.0,5,11,0.5882352941176471,1.0,0.4166666666666667,5,12,5,5,0.34372541308403015,0.7338200211524963,0.35
1152,True,choice,1.0,D,D,0.375,1.0,0.23076923076923078,3,13,3,3,0.3185705542564392,0.45901745557785034,0.35
1153,False,numeric_mismatch,0.0,19,16,0.5555555555555556,1.0,0.38461538461538464,5,13,5,5,0.36523541808128357,0.8070480823516846,0.35
1154,False,exact,0.3,625 → 626 → 627,B,0.4444444444444445,1.0,0.2857142857142857,4,14,4,4,0.3616325557231903,0.7362792491912842,0.35
1155,False,choice,1.0,B,E,0.47058823529411764,1.0,0.3076923076923077,4,13,4,4,0.3578149378299713,0.5613846182823181,0.35
1156,False,placeholder,0.0,insufficient information,D,0.0,0.0,0.0,0,12,0,0,0.0,0.0,0.0
1157,False,exact,0.3,24 cm,A,0.5,1.0,0.3333333333333333,4,12,4,4,0.2615644931793213,0.8360376954078674,0.35
1158,True,numeric_rounded,0.85,10,9,0.6666666666666666,1.0,0.5,6,12,6,6,0.407429575920105,0.7682280540466309,0.35
1159,False,placeholder,0.0,insufficient information,A,0.0,0.0,0.0,0,14,0,0,0.0,0.0,0.0
1160,True,numeric_exact,1.0,160,160,0.4705882352941177,0.6666666666666666,0.36363636363636365,6,11,4,4,0.32109931111335754,0.7967103719711304,0.35
1161,False,numeric_mismatch,0.0,7,3,0.35294117647058826,1.0,0.21428571428571427,3,14,3,3,0.4327152669429779,0.7540799379348755,0.35
1162,False,numeric_mismatch,0.0,36,12,0.5,1.0,0.3333333333333333,4,12,4,4,0.3517329692840576,0.7736779451370239,0.35
1163,False,numeric_mismatch,0.0,70,110,0.5714285714285715,1.0,0.4,4,10,4,4,0.3074859380722046,0.7695195078849792,0.35
1164,False,numeric_mismatch,0.0,31.5,21,0.5454545454545454,1.0,0.375,3,8,3,3,0.4640141725540161,0.8382995128631592,0.35
1165,False,numeric_mismatch,0.0,6,18,0.6,1.0,0.42857142857142855,6,14,6,6,0.3291777968406677,0.8301260471343994,0.35
1166,False,exact,1.0,3a,E,0.4,1.0,0.25,3,12,3,3,0.3913184404373169,0.8524919152259827,0.35
1167,False,choice,1.0,E,A,0.23529411764705882,0.4,0.16666666666666666,5,12,2,2,0.2453456073999405,0.4559454321861267,0.35
1168,False,numeric_mismatch,0.0,6,4,0.7368421052631579,1.0,0.5833333333333334,7,12,7,7,0.36408698558807373,0.8890347480773926,0.35
1169,False,numeric_mismatch,0.0,3,6,0.4285714285714285,0.75,0.3,4,10,3,3,0.24884727597236633,0.48811307549476624,0.35
1170,False,exact,0.3,1 and 10,B,0.4444444444444445,1.0,0.2857142857142857,4,14,4,4,0.438219279050827,0.6951541900634766,0.35
1171,False,numeric_mismatch,0.0,6,3,0.4615384615384615,1.0,0.3,3,10,3,3,0.3156030476093292,0.7400391101837158,0.35
1172,False,choice,1.0,E,D,0.22222222222222224,0.5,0.14285714285714285,4,14,2,2,0.21442846953868866,0.490564227104187,0.35
1173,False,exact,1.0,5:40,B,0.47058823529411764,1.0,0.3076923076923077,4,13,4,4,0.39931052923202515,0.7561908960342407,0.35
1174,True,choice,1.0,E,E,0.47058823529411764,0.8,0.3333333333333333,5,12,4,4,0.254341185092926,0.6167823672294617,0.35
1175,True,numeric_rounded,0.85,56,64,0.4444444444444444,0.8,0.3076923076923077,5,13,4,4,0.30476510524749756,0.5699982643127441,0.35
1176,False,exact,1.0,Red,E,0.6666666666666666,1.0,0.5,7,14,7,7,0.34952253103256226,0.8641506433486938,0.35
1177,True,numeric_rounded,0.9,62,63,0.6666666666666666,1.0,0.5,6,12,6,6,0.392594575881958,0.786595344543457,0.35
1178,False,exact,0.3,L and M,E,0.5555555555555556,0.8333333333333334,0.4166666666666667,6,12,5,5,0.2945675849914551,0.8524170517921448,0.35
1179,True,numeric_exact,1.0,500,500,0.11764705882352941,0.25,0.07692307692307693,4,13,1,1,0.178151473402977,0.39968249201774597,0.35
1180,False,choice,1.0,E,A,0.4,1.0,0.25,3,12,3,3,0.35777634382247925,0.7136099338531494,0.35
1181,False,numeric_mismatch,0.0,3,1,0.5882352941176471,1.0,0.4166666666666667,5,12,5,5,0.3918856084346771,0.9060783982276917,0.35
1182,False,placeholder,0.0,insufficient information,60,0.0,0.0,0.0,0,10,0,0,0.0,0.0,0.0
1183,True,choice,1.0,B,B,0.47058823529411764,1.0,0.3076923076923077,4,13,4,4,0.3822018504142761,0.5823448300361633,0.35
1184,False,numeric_mismatch,0.0,2,1,0.5,1.0,0.3333333333333333,4,12,4,4,0.30593833327293396,0.7533965110778809,0.35
1185,False,numeric_mismatch,0.0,4,3,0.6666666666666666,1.0,0.5,6,12,6,6,0.41190242767333984,0.8004164695739746,0.35
1186,False,placeholder,0.0,insufficient information,D,0.0,0.0,0.0,0,12,0,0,0.0,0.0,0.0
1187,False,numeric_mismatch,0.0,4,24,0.5,0.8571428571428571,0.35294117647058826,7,17,6,6,0.2934730648994446,0.6936960816383362,0.35
1188,False,numeric_mismatch,0.0,4,3,0.4210526315789474,1.0,0.26666666666666666,4,15,4,4,0.3393133580684662,0.6640914678573608,0.35
1189,True,choice,1.0,E,E,0.4615384615384615,1.0,0.3,3,10,3,3,0.32765254378318787,0.6597684025764465,0.35
1190,True,choice,1.0,D,D,0.4,1.0,0.25,3,12,3,3,0.29053840041160583,0.5578286051750183,0.35
1191,False,numeric_mismatch,0.0,3,7,0.4,1.0,0.25,3,12,3,3,0.3308679759502411,0.6605553030967712,0.35
1192,False,choice,1.0,a,E,0.25,0.5,0.16666666666666666,4,12,2,2,0.18322670459747314,0.42937442660331726,0.35
1193,False,choice,1.0,B,E,0.4444444444444445,1.0,0.2857142857142857,4,14,4,4,0.2926236689090729,0.5414031744003296,0.35
1194,False,numeric_mismatch,0.0,60,90,0.5555555555555556,1.0,0.38461538461538464,5,13,5,5,0.32745039463043213,0.6100192666053772,0.35
1195,False,numeric_mismatch,0.0,2,2309415687,0.4,1.0,0.25,3,12,3,3,0.27671363949775696,0.5282334089279175,0.35
1196,False,choice,1.0,D,E,0.4444444444444445,1.0,0.2857142857142857,4,14,4,4,0.2705746293067932,0.6153971552848816,0.35
1197,False,numeric_mismatch,0.0,114,46,0.42857142857142855,1.0,0.2727272727272727,3,11,3,3,0.34590452909469604,0.7254996299743652,0.35
1198,False,choice,1.0,E,C,0.4,1.0,0.25,3,12,3,3,0.3228701651096344,0.6464484930038452,0.35
1199,False,numeric_mismatch,0.0,8,26,0.5882352941176471,1.0,0.4166666666666667,5,12,5,5,0.42255526781082153,0.7058315873146057,0.35
1200,False,numeric_mismatch,0.0,5,36,0.5882352941176471,1.0,0.4166666666666667,5,12,5,5,0.38667696714401245,0.845305860042572,0.35
1201,False,numeric_mismatch,0.0,6,4,0.4444444444444444,0.8,0.3076923076923077,5,13,4,4,0.2989714443683624,0.5452596545219421,0.35
1202,False,numeric_mismatch,0.0,30,20,0.5,1.0,0.3333333333333333,4,12,4,4,0.40367183089256287,0.8533592820167542,0.35
1203,False,exact,0.3,"1, 2 and 4",C,0.47058823529411764,0.8,0.3333333333333333,5,12,4,4,0.2646934390068054,0.7362096309661865,0.35
1204,False,choice,1.0,E,C,0.6153846153846153,0.5714285714285714,0.6666666666666666,7,6,4,4,0.3891848623752594,0.7479574084281921,0.35
1205,True,choice,1.0,B,B,0.4444444444444444,0.8,0.3076923076923077,5,13,4,4,0.27433857321739197,0.5605736970901489,0.35
1206,False,numeric_mismatch,0.0,0,5,0.22222222222222224,0.5,0.14285714285714285,4,14,2,2,0.096071757376194,0.4511837065219879,0.35
1207,False,numeric_mismatch,0.0,6,17,0.5882352941176471,1.0,0.4166666666666667,5,12,5,5,0.4218486547470093,0.8066273927688599,0.35
1208,False,numeric_mismatch,0.0,3,12,0.7368421052631579,1.0,0.5833333333333334,7,12,7,7,0.5388224720954895,0.854816734790802,0.35
1209,False,numeric_mismatch,0.0,40,65,0.375,1.0,0.23076923076923078,3,13,3,3,0.3840913474559784,0.7271032929420471,0.35
1210,False,choice,1.0,B,E,0.4444444444444445,1.0,0.2857142857142857,4,14,4,4,0.34918874502182007,0.7598370909690857,0.35
1211,True,numeric_exact,1.0,13,13,0.47058823529411764,1.0,0.3076923076923077,4,13,4,4,0.3167915344238281,0.7837886214256287,0.35
1212,False,numeric_mismatch,0.0,36,95,0.5454545454545454,1.0,0.375,3,8,3,3,0.31666770577430725,0.6149356961250305,0.35
1213,True,numeric_exact,1.0,8,8,0.4,1.0,0.25,3,12,3,3,0.3241410553455353,0.6091985702514648,0.35
1214,True,numeric_rounded,0.85,63,57,0.5,1.0,0.3333333333333333,4,12,4,4,0.34700465202331543,0.7580937147140503,0.35
1215,False,choice,1.0,D,E,0.5555555555555556,1.0,0.38461538461538464,5,13,5,5,0.3616340756416321,0.7445012331008911,0.35
1216,False,choice,1.0,B,D,0.5,1.0,0.3333333333333333,4,12,4,4,0.458212286233902,0.7768134474754333,0.35
1217,False,choice,1.0,A,D,0.5,1.0,0.3333333333333333,4,12,4,4,0.3139505386352539,0.6249080896377563,0.35
1218,False,placeholder,0.0,insufficient information,8,0.0,0.0,0.0,0,16,0,0,0.0,0.0,0.0
1219,False,numeric_mismatch,0.0,11,6,0.5,1.0,0.3333333333333333,4,12,4,4,0.35877862572669983,0.6452141404151917,0.35
1220,False,exact,0.3,14 m,D,0.6086956521739131,0.6363636363636364,0.5833333333333334,11,12,7,7,0.3556476831436157,0.8156048655509949,0.35
1221,True,exact,0.7,1 and 3,D,0.625,1.0,0.45454545454545453,5,11,5,5,0.31507667899131775,0.7318140864372253,0.35
1222,True,exact,0.7,In the circle and in the square but not in the triangle.,B,0.4,1.0,0.25,3,12,3,3,0.4003317058086395,0.8366606831550598,0.35
1223,False,numeric_mismatch,0.0,1,6,0.4827586206896552,0.4117647058823529,0.5833333333333334,17,12,7,7,0.31043681502342224,0.6049692034721375,0.35
1224,False,exact,0.3,40 dm,C,0.5555555555555556,1.0,0.38461538461538464,5,13,5,5,0.3348942995071411,0.8836644887924194,0.35
1225,True,numeric_rounded,0.85,35,40,0.5,1.0,0.3333333333333333,4,12,4,4,0.4497581422328949,0.836138904094696,0.35
1226,False,choice,1.0,D,E,0.1111111111111111,0.2,0.07692307692307693,5,13,1,1,0.17323356866836548,0.5901877880096436,0.35
1227,True,numeric_rounded,0.85,36,32,0.375,1.0,0.23076923076923078,3,13,3,3,0.30185893177986145,0.6446632146835327,0.35
1228,False,choice,1.0,A,E,0.47058823529411764,1.0,0.3076923076923077,4,13,4,4,0.42499250173568726,0.7815678119659424,0.35
1229,False,numeric_mismatch,0.0,10,6,0.5714285714285715,1.0,0.4,4,10,4,4,0.42564791440963745,0.8047584295272827,0.35
1230,False,placeholder,0.0,insufficient information,E,0.0,0.0,0.0,0,13,0,0,0.0,0.0,0.0
1231,False,choice,1.0,D,E,0.47058823529411764,1.0,0.3076923076923077,4,13,4,4,0.28078681230545044,0.8690714240074158,0.35
1232,False,choice,1.0,E,D,0.42857142857142855,0.42857142857142855,0.42857142857142855,7,7,3,3,0.37022829055786133,0.8289502859115601,0.35
1233,False,numeric_mismatch,0.0,3,2,0.4,1.0,0.25,3,12,3,3,0.4274652302265167,0.778387188911438,0.35
1234,True,choice,1.0,B,B,0.25,0.2857142857142857,0.2222222222222222,7,9,2,2,0.2020934671163559,0.44933953881263733,0.35
1235,True,numeric_exact,1.0,2,2,0.4,1.0,0.25,3,12,3,3,0.40756794810295105,0.8254953622817993,0.35
1236,False,numeric_mismatch,0.0,8,4,0.6666666666666666,1.0,0.5,6,12,6,6,0.39233019948005676,0.8658894300460815,0.35
1237,False,choice,1.0,B),C,0.6363636363636364,1.0,0.4666666666666667,7,15,7,7,0.3389151394367218,0.6400739550590515,0.35
1238,False,numeric_mismatch,0.0,36,20,0.4,1.0,0.25,3,12,3,3,0.2720121145248413,0.6351820230484009,0.35
1239,False,placeholder,0.0,insufficient information,C,0.0,0.0,0.0,0,12,0,0,0.0,0.0,0.0
1240,False,choice,1.0,E,B,0.4,1.0,0.25,3,12,3,3,0.32450634241104126,0.5975220203399658,0.35
1241,False,placeholder,0.0,insufficient information,B,0.0,0.0,0.0,0,10,0,0,0.0,0.0,0.0
1242,False,choice,1.0,B,C,0.375,1.0,0.23076923076923078,3,13,3,3,0.2537812292575836,0.48517143726348877,0.35
1243,False,choice,1.0,B,E,0.5,1.0,0.3333333333333333,4,12,4,4,0.4504566490650177,0.7183616757392883,0.35
1244,False,numeric_mismatch,0.0,16,37,0.47058823529411764,0.8,0.3333333333333333,5,12,4,4,0.29440391063690186,0.7192110419273376,0.35
1245,False,exact,0.3,1 time,C,0.4444444444444445,1.0,0.2857142857142857,4,14,4,4,0.3517366051673889,0.6823446154594421,0.35
1246,False,choice,1.0,B),C,0.47058823529411764,0.8,0.3333333333333333,5,12,4,4,0.3070937395095825,0.8475000858306885,0.35
1247,False,numeric_mismatch,0.0,6,12,0.5882352941176471,1.0,0.4166666666666667,5,12,5,5,0.4322103261947632,0.8313875198364258,0.35
1248,False,choice,1.0,A,D,0.3333333333333333,0.75,0.21428571428571427,4,14,3,3,0.25939759612083435,0.4879164695739746,0.35
1249,False,numeric_mismatch,0.0,30,56,0.35294117647058826,1.0,0.21428571428571427,3,14,3,3,0.33666864037513733,0.7301326990127563,0.35
1250,False,numeric_mismatch,0.0,10,16,0.5555555555555556,1.0,0.38461538461538464,5,13,5,5,0.37594282627105713,0.7416449785232544,0.35
1251,True,numeric_exact,1.0,61,61,0.5882352941176471,1.0,0.4166666666666667,5,12,5,5,0.4931577444076538,0.8712407350540161,0.35
1252,False,choice,1.0,B,D,0.5263157894736842,1.0,0.35714285714285715,5,14,5,5,0.46450504660606384,0.7922954559326172,0.35
1253,True,numeric_exact,1.0,6,6,0.5714285714285715,1.0,0.4,4,10,4,4,0.5672089457511902,0.8778049945831299,0.35
1254,False,choice,1.0,(D),C,0.5714285714285715,1.0,0.4,4,10,4,4,0.3696907162666321,0.694564700126648,0.35
1255,True,exact,0.7,Jake won. He had 20 points more.,E,0.4210526315789473,0.8,0.2857142857142857,5,14,4,4,0.2881223261356354,0.6114364266395569,0.35
1256,True,numeric_rounded,0.85,6,7,0.7368421052631579,1.0,0.5833333333333334,7,12,7,7,0.4392247498035431,0.7892415523529053,0.35
1257,True,numeric_exact,1.0,4,4,0.6153846153846154,0.8,0.5,5,8,4,4,0.4176371693611145,0.7906228303909302,0.35
1258,True,choice,1.0,(D),D,0.5882352941176471,1.0,0.4166666666666667,5,12,5,5,0.2884952425956726,0.7203444838523865,0.35
1259,False,numeric_mismatch,0.0,The smallest number of jumps he must make is 3.,8,0.4210526315789473,0.8,0.2857142857142857,5,14,4,4,0.24193339049816132,0.7943018078804016,0.35
1260,False,numeric_mismatch,0.0,12,4,0.5882352941176471,1.0,0.4166666666666667,5,12,5,5,0.34657296538352966,0.8753812909126282,0.35
1261,False,choice,1.0,D,E,0.3076923076923077,0.3076923076923077,0.3076923076923077,13,13,4,4,0.19598792493343353,0.7171265482902527,0.35
1262,False,numeric_mismatch,0.0,3,5,0.5,1.0,0.3333333333333333,4,12,4,4,0.6143336296081543,0.8292116522789001,0.35
1263,False,choice,1.0,E,D,0.5882352941176471,1.0,0.4166666666666667,5,12,5,5,0.36717334389686584,0.7409979104995728,0.35
1264,False,choice,1.0,B,D,0.10526315789473685,0.14285714285714285,0.08333333333333333,7,12,1,1,0.13063465058803558,0.44530460238456726,0.35
1265,False,choice,1.0,D,A,0.375,0.75,0.25,4,12,3,3,0.350055456161499,0.6644892692565918,0.35
1266,False,numeric_mismatch,0.0,18,7,0.631578947368421,0.8571428571428571,0.5,7,12,6,6,0.3492078185081482,0.7353427410125732,0.35
1267,False,choice,1.0,(A),B,0.375,0.75,0.25,4,12,3,3,0.2522214353084564,0.5819019079208374,0.35
1268,False,numeric_mismatch,0.0,7,10,0.4,1.0,0.25,3,12,3,3,0.32869529724121094,0.6867619156837463,0.35
1269,False,choice,1.0,D,B,0.5882352941176471,1.0,0.4166666666666667,5,12,5,5,0.3259935677051544,0.6365559101104736,0.35
1270,True,numeric_exact,1.0,16,16,0.375,1.0,0.23076923076923078,3,13,3,3,0.4438808560371399,0.7037542462348938,0.35
1271,False,numeric_mismatch,0.0,6,5,0.5,0.6666666666666666,0.4,6,10,4,4,0.2884742021560669,0.5182737112045288,0.35
1272,False,numeric_mismatch,0.0,27,67,0.631578947368421,1.0,0.46153846153846156,6,13,6,6,0.33406972885131836,0.9206960201263428,0.35
1273,True,numeric_exact,1.0,4,4,0.2222222222222222,0.6666666666666666,0.13333333333333333,3,15,2,2,0.23735417425632477,0.5366818904876709,0.35
1274,False,choice,1.0,B,D,0.5882352941176471,1.0,0.4166666666666667,5,12,5,5,0.3088896870613098,0.6486247181892395,0.35
1275,True,exact,0.7,"House 1, 4 and 5",A,0.5714285714285714,0.8,0.4444444444444444,5,9,4,4,0.3056803047657013,0.565224289894104,0.35
1276,False,choice,1.0,(B),A,0.6666666666666666,1.0,0.5,4,8,4,4,0.2683756947517395,0.5681496262550354,0.35
1277,False,choice,1.0,D,E,0.18181818181818185,0.2222222222222222,0.15384615384615385,9,13,2,2,0.20709243416786194,0.6245542168617249,0.35
1278,True,choice,1.0,B,B,0.125,0.3333333333333333,0.07692307692307693,3,13,1,1,0.27232226729393005,0.5491011142730713,0.35
1279,False,choice,1.0,B,C,0.375,0.75,0.25,4,12,3,3,0.3365870714187622,0.7055034041404724,0.35
1280,False,numeric_mismatch,0.0,64,8,0.5714285714285715,1.0,0.4,4,10,4,4,0.2888140082359314,0.6276095509529114,0.35
1281,False,exact,1.0,60,D,0.25,0.5,0.16666666666666666,4,12,2,2,0.18071801960468292,0.5146936774253845,0.35
1282,False,choice,1.0,(B),C,0.21052631578947364,0.4,0.14285714285714285,5,14,2,2,0.23869208991527557,0.47952738404273987,0.35
1283,False,numeric_mismatch,0.0,3,6,0.5,1.0,0.3333333333333333,4,12,4,4,0.3825697600841522,0.814666748046875,0.35
1284,False,numeric_mismatch,0.0,100,181,0.4,1.0,0.25,3,12,3,3,0.2888997793197632,0.5641930103302002,0.35
1285,False,exact,0.3,only be 3,C,0.5882352941176471,1.0,0.4166666666666667,5,12,5,5,0.33527666330337524,0.7319133877754211,0.35
1286,False,numeric_mismatch,0.0,7,3,0.5714285714285715,0.6666666666666666,0.5,9,12,6,6,0.29190894961357117,0.7061463594436646,0.35
1287,True,numeric_rounded,0.9,28,26,0.8181818181818182,0.9,0.75,10,12,9,9,0.43823400139808655,0.8604938983917236,0.35
1288,True,exact,0.7,Motorbike and Tram,A,0.375,0.75,0.25,4,12,3,3,0.20793135464191437,0.5937273502349854,0.35
1289,False,numeric_mismatch,0.0,3,5,0.5,1.0,0.3333333333333333,4,12,4,4,0.29292938113212585,0.581354022026062,0.35
1290,False,numeric_mismatch,0.0,8,21,0.5555555555555556,1.0,0.38461538461538464,5,13,5,5,0.35437166690826416,0.6545177698135376,0.35
1291,False,numeric_mismatch,0.0,5,8,0.4444444444444445,1.0,0.2857142857142857,4,14,4,4,0.37604644894599915,0.8467629551887512,0.35
1292,True,numeric_exact,1.0,15,15,0.23529411764705882,0.5,0.15384615384615385,4,13,2,2,0.15286538004875183,0.46307042241096497,0.35
1293,False,choice,1.0,E,A,0.47058823529411764,1.0,0.3076923076923077,4,13,4,4,0.45363202691078186,0.8441755175590515,0.35
1294,True,choice,1.0,B,B,0.25,0.6666666666666666,0.15384615384615385,3,13,2,2,0.23554667830467224,0.6924172043800354,0.35
1295,True,numeric_exact,1.0,6,6,0.11764705882352941,0.2,0.08333333333333333,5,12,1,1,0.17618288099765778,0.40734797716140747,0.35
1296,False,choice,1.0,B,A,0.36363636363636365,0.6666666666666666,0.25,3,8,2,2,0.25708577036857605,0.7989136576652527,0.35
1297,False,choice,1.0,(A),E,0.4444444444444445,1.0,0.2857142857142857,4,14,4,4,0.2843194603919983,0.5530133247375488,0.35
1298,False,numeric_mismatch,0.0,2,6,0.375,1.0,0.23076923076923078,3,13,3,3,0.5088140368461609,0.7341229319572449,0.35
1299,True,numeric_exact,1.0,6,6,0.5,1.0,0.3333333333333333,4,12,4,4,0.31333398818969727,0.7070327997207642,0.35
1300,False,numeric_mismatch,0.0,9,13,0.4761904761904762,0.625,0.38461538461538464,8,13,5,5,0.2847960293292999,0.8096083998680115,0.35
1301,False,choice,1.0,E,D,0.4285714285714285,0.75,0.3,4,10,3,3,0.18643565475940704,0.38967838883399963,0.35
1302,False,numeric_mismatch,0.0,10,6,0.5555555555555556,1.0,0.38461538461538464,5,13,5,5,0.344516783952713,0.6812231540679932,0.35
1303,False,numeric_mismatch,0.0,6,21,0.7368421052631579,1.0,0.5833333333333334,7,12,7,7,0.2876870930194855,0.8689269423484802,0.35
1304,False,numeric_mismatch,0.0,7,15,0.375,1.0,0.23076923076923078,3,13,3,3,0.436533659696579,0.6294443011283875,0.35
1305,False,numeric_mismatch,0.0,10,8,0.5,1.0,0.3333333333333333,4,12,4,4,0.3229363262653351,0.8244919776916504,0.35
1306,False,numeric_mismatch,0.0,3,9,0.5,0.8333333333333334,0.35714285714285715,6,14,5,5,0.3111555874347687,0.8044704794883728,0.35
1307,True,choice,1.0,A,A,0.33333333333333337,1.0,0.2,3,15,3,3,0.3058972656726837,0.6636539697647095,0.35
1308,False,choice,1.0,D,B,0.28571428571428575,0.6666666666666666,0.18181818181818182,3,11,2,2,0.3651224970817566,0.6207597255706787,0.35
1309,True,numeric_exact,1.0,3,3,0.5555555555555556,1.0,0.38461538461538464,5,13,5,5,0.3509058654308319,0.776449978351593,0.35
1310,False,numeric_mismatch,0.0,2,8,0.5,1.0,0.3333333333333333,4,12,4,4,0.34105125069618225,0.7031128406524658,0.35
1311,False,exact,1.0,Ernst,E,0.5882352941176471,1.0,0.4166666666666667,5,12,5,5,0.29958826303482056,0.530365526676178,0.35
1312,True,numeric_exact,1.0,24,24,0.5333333333333333,0.6666666666666666,0.4444444444444444,6,9,4,4,0.2867249846458435,0.6921197772026062,0.35
1313,False,choice,1.0,E,A,0.5,1.0,0.3333333333333333,4,12,4,4,0.4341472387313843,0.6806527972221375,0.35
1314,False,choice,1.0,(E),D,0.5,1.0,0.3333333333333333,4,12,4,4,0.3042665719985962,0.7740283012390137,0.35
1315,False,exact,1.0,triangle,A,0.3636363636363636,1.0,0.2222222222222222,2,9,2,2,0.37101924419403076,0.5557344555854797,0.35
1316,True,exact,0.7,There are more circles than triangles.,C,0.4210526315789474,1.0,0.26666666666666666,4,15,4,4,0.48774436116218567,0.746784508228302,0.35
1317,False,numeric_mismatch,0.0,2,4,0.47058823529411764,0.8,0.3333333333333333,5,12,4,4,0.2958553433418274,0.7903236746788025,0.35
1318,False,choice,1.0,E,B,0.4210526315789474,1.0,0.26666666666666666,4,15,4,4,0.30964091420173645,0.5076526999473572,0.35
1319,True,numeric_exact,1.0,3,3,0.7142857142857143,1.0,0.5555555555555556,5,9,5,5,0.6614102125167847,0.8495485782623291,0.35
1320,False,numeric_mismatch,0.0,3,4,0.5263157894736842,1.0,0.35714285714285715,5,14,5,5,0.39239487051963806,0.7304025888442993,0.35
1321,False,numeric_mismatch,0.0,3,5,0.5,1.0,0.3333333333333333,4,12,4,4,0.28643861413002014,0.8157899975776672,0.35
1322,False,choice,1.0,B,A,0.5,1.0,0.3333333333333333,4,12,4,4,0.3309178352355957,0.7324697375297546,0.35
1323,True,exact,0.7,between bowls R and S,B,0.47058823529411764,1.0,0.3076923076923077,4,13,4,4,0.3810340166091919,0.7561824321746826,0.35
1324,False,choice,1.0,A,E,0.5263157894736842,1.0,0.35714285714285715,5,14,5,5,0.45933085680007935,0.7592707872390747,0.35
1325,False,exact,1.0,David,B,0.42105263157894735,0.6666666666666666,0.3076923076923077,6,13,4,4,0.29646649956703186,0.9568389058113098,0.35
1326,False,choice,1.0,(B),D,0.13333333333333333,0.2,0.1,5,10,1,1,0.17744506895542145,0.37581008672714233,0.35
1327,False,numeric_mismatch,0.0,10,12,0.26666666666666666,0.6666666666666666,0.16666666666666666,3,12,2,2,0.24298521876335144,0.7051642537117004,0.35
1328,True,choice,1.0,(E),E,0.5,1.0,0.3333333333333333,4,12,4,4,0.3317013382911682,0.6242127418518066,0.35
1329,False,choice,1.0,(A),C,0.631578947368421,1.0,0.46153846153846156,6,13,6,6,0.27337244153022766,0.6334323287010193,0.35
1330,True,numeric_exact,1.0,3,3,0.5,1.0,0.3333333333333333,4,12,4,4,0.4056152403354645,0.707502543926239,0.35
1331,False,numeric_mismatch,0.0,0,16,0.23529411764705885,0.3333333333333333,0.18181818181818182,6,11,2,2,0.1960248351097107,0.39616674184799194,0.35
1332,False,choice,1.0,(E),A,0.6153846153846153,1.0,0.4444444444444444,4,9,4,4,0.37029004096984863,0.717815101146698,0.35
1333,False,choice,1.0,B,E,0.25,0.5,0.16666666666666666,4,12,2,2,0.2609088718891144,0.6979222893714905,0.35
1334,False,numeric_mismatch,0.0,7,15,0.3333333333333333,0.5,0.25,6,12,3,3,0.27612966299057007,0.5260092616081238,0.35
1335,False,choice,1.0,B,C,0.375,1.0,0.23076923076923078,3,13,3,3,0.3157581686973572,0.59348464012146,0.35
1336,True,choice,1.0,A,A,0.5,1.0,0.3333333333333333,4,12,4,4,0.26691070199012756,0.6143283247947693,0.35
1337,False,numeric_mismatch,0.0,19,9,0.16666666666666666,0.2,0.14285714285714285,5,7,1,1,0.20429080724716187,0.3855741024017334,0.35
1338,False,numeric_mismatch,0.0,7,5,0.4285714285714285,0.75,0.3,4,10,3,3,0.26522716879844666,0.5966871380805969,0.35
1339,False,choice,1.0,B,A,0.4210526315789474,1.0,0.26666666666666666,4,15,4,4,0.38743361830711365,0.7257326245307922,0.35
1340,False,numeric_mismatch,0.0,30,19,0.5714285714285714,0.8571428571428571,0.42857142857142855,7,14,6,6,0.3006831109523773,0.7559971809387207,0.35
1341,False,numeric_mismatch,0.0,3,2,0.4,1.0,0.25,4,16,4,4,0.3412542939186096,0.8223326206207275,0.35
1342,False,numeric_mismatch,0.0,6,5,0.5882352941176471,1.0,0.4166666666666667,5,12,5,5,0.3124012351036072,0.7164170742034912,0.35
1343,False,numeric_mismatch,0.0,3,6,0.5,1.0,0.3333333333333333,4,12,4,4,0.4205310046672821,0.8296849131584167,0.35
1344,True,numeric_exact,1.0,5,5,0.7272727272727273,1.0,0.5714285714285714,4,7,4,4,0.3803834915161133,0.728910505771637,0.35
1345,False,numeric_mismatch,0.0,8,6,0.47058823529411764,0.8,0.3333333333333333,5,12,4,4,0.3697531819343567,0.742806077003479,0.35
1346,False,choice,1.0,C,D,0.39999999999999997,0.75,0.2727272727272727,4,11,3,3,0.2958070635795593,0.6676139235496521,0.35
1347,False,choice,1.0,E,D,0.33333333333333337,1.0,0.2,3,15,3,3,0.37368690967559814,0.7315030097961426,0.35
1348,False,numeric_mismatch,0.0,6,5,0.5,1.0,0.3333333333333333,4,12,4,4,0.3528829514980316,0.7588521838188171,0.35
1349,True,numeric_exact,1.0,4,4,0.3529411764705882,0.75,0.23076923076923078,4,13,3,3,0.264011949300766,0.5732421875,0.35
1350,False,numeric_mismatch,0.0,12 Points,21,0.5,1.0,0.3333333333333333,4,12,4,4,0.2847275733947754,0.5965919494628906,0.35
1351,False,choice,1.0,D,A,0.5882352941176471,1.0,0.4166666666666667,5,12,5,5,0.4139719009399414,0.7956550121307373,0.35
1352,False,numeric_mismatch,0.0,3,6,0.4210526315789473,0.8,0.2857142857142857,5,14,4,4,0.28493162989616394,0.5673936009407043,0.35
1353,False,choice,1.0,B,E,0.4444444444444445,1.0,0.2857142857142857,4,14,4,4,0.2869487404823303,0.528289258480072,0.35
1354,False,exact,1.0,Tuesday,E,0.5882352941176471,1.0,0.4166666666666667,5,12,5,5,0.3452625274658203,0.6798818707466125,0.35
1355,False,numeric_mismatch,0.0,6,4,0.5263157894736842,1.0,0.35714285714285715,5,14,5,5,0.29275381565093994,0.7370569109916687,0.35
1356,False,exact,0.3,33 km,D,0.47058823529411764,1.0,0.3076923076923077,4,13,4,4,0.40420499444007874,0.7843593955039978,0.35
1357,False,numeric_mismatch,0.0,3,8,0.47058823529411764,1.0,0.3076923076923077,4,13,4,4,0.48684388399124146,0.8755363821983337,0.35
1358,False,numeric_mismatch,0.0,9,77,0.47058823529411764,1.0,0.3076923076923077,4,13,4,4,0.4632825255393982,0.762882649898529,0.35
1359,False,choice,1.0,E,D,0.5333333333333333,0.8,0.4,5,10,4,4,0.2587813138961792,0.6406811475753784,0.35
1360,False,choice,1.0,C,A,0.6153846153846153,1.0,0.4444444444444444,4,9,4,4,0.4146091639995575,0.7387438416481018,0.35
1361,False,exact,0.3,4 cm,B,0.5,1.0,0.3333333333333333,4,12,4,4,0.35302695631980896,0.6504927277565002,0.35
1362,False,choice,1.0,D,B,0.5,1.0,0.3333333333333333,4,12,4,4,0.4096771776676178,0.7733603715896606,0.35
1363,True,exact,0.7,the numbers 1 or 7,E,0.5555555555555556,1.0,0.38461538461538464,5,13,5,5,0.3209390938282013,0.7601395845413208,0.35
1364,False,placeholder,0.0,insufficient information,C,0.0,0.0,0.0,0,13,0,0,0.0,0.0,0.0
1365,False,numeric_mismatch,0.0,3,5,0.5454545454545454,1.0,0.375,3,8,3,3,0.34907421469688416,0.6869422793388367,0.35
1366,False,choice,1.0,(E),C,0.5,1.0,0.3333333333333333,4,12,4,4,0.38113054633140564,0.7150773406028748,0.35
1367,False,choice,1.0,A,D,0.47058823529411764,1.0,0.3076923076923077,4,13,4,4,0.24024829268455505,0.5345453023910522,0.35
1368,False,choice,1.0,B,A,0.13333333333333333,0.3333333333333333,0.08333333333333333,3,12,1,1,0.1990101933479309,0.35550475120544434,0.35
1369,False,choice,1.0,(E),B,0.22222222222222224,0.5,0.14285714285714285,4,14,2,2,0.2775786817073822,0.5229193568229675,0.35
1370,False,choice,1.0,C,D,0.5,1.0,0.3333333333333333,4,12,4,4,0.3414103090763092,0.7288889288902283,0.35
1371,False,numeric_mismatch,0.0,-6,5,0.11764705882352941,0.2,0.08333333333333333,5,12,1,1,0.1252671331167221,0.3967767357826233,0.35
1372,True,numeric_rounded,0.85,14,16,0.5,1.0,0.3333333333333333,4,12,4,4,0.48247233033180237,0.8329309225082397,0.35
1373,False,numeric_mismatch,0.0,5,3,0.8,1.0,0.6666666666666666,6,9,6,6,0.47155243158340454,0.7259017825126648,0.35
1374,False,exact,0.3,1600 g,D,0.5555555555555556,0.8333333333333334,0.4166666666666667,6,12,5,5,0.36154472827911377,0.7382392883300781,0.35
1375,False,exact,0.3,10 kg,E,0.5555555555555556,0.7142857142857143,0.45454545454545453,7,11,5,5,0.23927071690559387,0.6136496663093567,0.35
1376,False,exact,0.3,only 1,A,0.4444444444444445,1.0,0.2857142857142857,4,14,4,4,0.3487134575843811,0.8097164630889893,0.35
1377,False,exact,0.3,200 g,D,0.6666666666666666,1.0,0.5,5,10,5,5,0.4190449118614197,0.9390444159507751,0.35
1378,False,exact,0.3,11 Taler,D,0.5,1.0,0.3333333333333333,4,12,4,4,0.3089808523654938,0.6411850452423096,0.35
1379,False,numeric_mismatch,0.0,10,6,0.6153846153846153,0.6666666666666666,0.5714285714285714,6,7,4,4,0.3549938201904297,0.7216194868087769,0.35
1380,False,numeric_mismatch,0.0,64,44,0.6666666666666666,1.0,0.5,6,12,6,6,0.3360423445701599,0.7709012031555176,0.35
1381,False,choice,1.0,D,C,0.375,1.0,0.23076923076923078,3,13,3,3,0.2547950744628906,0.7384941577911377,0.35
1382,False,numeric_mismatch,0.0,5,3,0.4,1.0,0.25,3,12,3,3,0.49544063210487366,0.8015196323394775,0.35
1383,False,exact,0.3,77 m,E,0.47058823529411764,0.8,0.3333333333333333,5,12,4,4,0.30485865473747253,0.7368616461753845,0.35
1384,False,exact,1.0,2-3-4-5-1,A,0.46153846153846156,0.75,0.3333333333333333,4,9,3,3,0.21135352551937103,0.6018258929252625,0.35
1385,False,choice,1.0,B,C,0.45454545454545453,1.0,0.29411764705882354,5,17,5,5,0.3345024585723877,0.6582146286964417,0.35
1386,False,choice,1.0,E,C,0.46153846153846156,0.75,0.3333333333333333,4,9,3,3,0.25866854190826416,0.6701166033744812,0.35
1387,False,exact,1.0,17,E,0.375,1.0,0.23076923076923078,3,13,3,3,0.31405124068260193,0.5052579045295715,0.35
1388,False,exact,1.0,One,8,0.375,0.75,0.25,4,12,3,3,0.3519819676876068,0.6273581385612488,0.35
1389,False,choice,1.0,B,C,0.47058823529411764,1.0,0.3076923076923077,4,13,4,4,0.26577985286712646,0.5918682813644409,0.35
1390,False,numeric_mismatch,0.0,7,3,0.6,1.0,0.42857142857142855,6,14,6,6,0.38768354058265686,0.7548972368240356,0.35
1391,False,choice,1.0,E,B,0.22222222222222224,0.5,0.14285714285714285,4,14,2,2,0.20624835789203644,0.3942052721977234,0.35
1392,True,numeric_exact,1.0,6,6,0.4,0.5714285714285714,0.3076923076923077,7,13,4,4,0.22581413388252258,0.516562283039093,0.35
1393,True,numeric_exact,1.0,5,5,0.5882352941176471,1.0,0.4166666666666667,5,12,5,5,0.3613797426223755,0.8254669904708862,0.35
1394,False,numeric_mismatch,0.0,12,6.5,0.625,1.0,0.45454545454545453,5,11,5,5,0.3630118668079376,0.9069263339042664,0.35
1395,False,numeric_mismatch,0.0,3,1,0.5,1.0,0.3333333333333333,4,12,4,4,0.32982179522514343,0.7623031139373779,0.35
1396,False,choice,1.0,D,A,0.5333333333333333,0.6666666666666666,0.4444444444444444,6,9,4,4,0.28379547595977783,0.582553505897522,0.35
1397,False,numeric_mismatch,0.0,99,76,0.2222222222222222,0.4,0.15384615384615385,5,13,2,2,0.263053297996521,0.8791053295135498,0.35
1398,False,numeric_mismatch,0.0,9,12,0.375,1.0,0.23076923076923078,3,13,3,3,0.5720493793487549,0.9150958061218262,0.35
1399,True,choice,1.0,A,A,0.5882352941176471,1.0,0.4166666666666667,5,12,5,5,0.31468361616134644,0.571697473526001,0.35
1400,False,numeric_mismatch,0.0,9,18,0.5555555555555556,0.8333333333333334,0.4166666666666667,6,12,5,5,0.3519161343574524,0.6607521772384644,0.35
1401,False,numeric_mismatch,0.0,16,20,0.625,1.0,0.45454545454545453,5,11,5,5,0.3674967586994171,0.7959211468696594,0.35
1402,False,numeric_mismatch,0.0,6,12,0.8461538461538461,0.9166666666666666,0.7857142857142857,12,14,11,11,0.4606448709964752,0.8401047587394714,0.35
1403,True,numeric_rounded,0.85,20,18,0.4210526315789473,0.8,0.2857142857142857,5,14,4,4,0.42590826749801636,0.8788338303565979,0.35
1404,False,choice,1.0,E,C,0.5,1.0,0.3333333333333333,4,12,4,4,0.4249040186405182,0.7400875091552734,0.35
1405,False,numeric_mismatch,0.0,3,6,0.3333333333333333,0.75,0.21428571428571427,4,14,3,3,0.2357303947210312,0.6930586695671082,0.35
1406,False,numeric_mismatch,0.0,6,15,0.33333333333333337,0.6,0.23076923076923078,5,13,3,3,0.2487850785255432,0.562527060508728,0.35
1407,False,choice,1.0,(D),B,0.22222222222222224,0.5,0.14285714285714285,4,14,2,2,0.16707274317741394,0.6447671055793762,0.35
1408,False,choice,1.0,A,E,0.3529411764705882,0.75,0.23076923076923078,4,13,3,3,0.199724942445755,0.6617093682289124,0.35
1409,False,numeric_mismatch,0.0,30,48,0.375,0.75,0.25,4,12,3,3,0.260591596364975,0.7135482430458069,0.35
1410,False,numeric_mismatch,0.0,4 kg,5,0.7058823529411764,0.8571428571428571,0.6,7,10,6,6,0.3271908760070801,0.7373121380805969,0.35
1411,True,choice,1.0,A,A,0.7272727272727274,0.8888888888888888,0.6153846153846154,9,13,8,8,0.33610522747039795,0.8112350702285767,0.35
1412,False,choice,1.0,(B),E,0.5882352941176471,1.0,0.4166666666666667,5,12,5,5,0.38416779041290283,0.8431837558746338,0.35
1413,False,choice,1.0,(D),E,0.5882352941176471,1.0,0.4166666666666667,5,12,5,5,0.41084036231040955,0.8245313167572021,0.35
1414,False,choice,1.0,E,C,0.5555555555555556,0.8333333333333334,0.4166666666666667,6,12,5,5,0.3034822940826416,0.6520184874534607,0.35
1415,False,numeric_mismatch,0.0,36,20,0.47058823529411764,1.0,0.3076923076923077,4,13,4,4,0.34136152267456055,0.8157724738121033,0.35
1416,True,choice,1.0,(B),B,0.38095238095238093,1.0,0.23529411764705882,4,17,4,4,0.3849920630455017,0.7009803056716919,0.35
1417,False,numeric_mismatch,0.0,2,4,0.47619047619047616,1.0,0.3125,5,16,5,5,0.33962950110435486,0.6129544973373413,0.35
1418,False,choice,1.0,G,E,0.13793103448275862,0.125,0.15384615384615385,16,13,2,2,0.2205778807401657,0.6476969718933105,0.35
1419,False,numeric_mismatch,0.0,9,7,0.4,1.0,0.25,3,12,3,3,0.38472291827201843,0.5931252241134644,0.35
1420,False,numeric_mismatch,0.0,9,3,0.64,0.6666666666666666,0.6153846153846154,12,13,8,8,0.3709677755832672,0.947750985622406,0.35
1421,False,exact,0.3,2 and 3,E,0.6,0.8571428571428571,0.46153846153846156,7,13,6,6,0.36027321219444275,0.8963133096694946,0.35
1422,True,numeric_exact,1.0,6,6,0.47058823529411764,1.0,0.3076923076923077,4,13,4,4,0.34646666049957275,0.6159706711769104,0.35
1423,True,exact,0.7,2 squares,A,0.7368421052631579,1.0,0.5833333333333334,7,12,7,7,0.45567458868026733,0.8173069357872009,0.35
1424,False,placeholder,0.0,insufficient information,E,0.0,0.0,0.0,0,7,0,0,0.0,0.0,0.0
1425,False,choice,1.0,B,C,0.7142857142857143,1.0,0.5555555555555556,5,9,5,5,0.4631347358226776,0.871955931186676,0.35
1426,False,choice,1.0,E,B,0.35294117647058826,0.6,0.25,5,12,3,3,0.24403880536556244,0.7360005378723145,0.35
1427,False,numeric_mismatch,0.0,16,12,0.631578947368421,0.8571428571428571,0.5,7,12,6,6,0.30896225571632385,0.8830663561820984,0.35
1428,False,choice,1.0,(E),D,0.5,1.0,0.3333333333333333,4,12,4,4,0.32087239623069763,0.6984474658966064,0.35
1429,False,choice,1.0,D,C,0.26666666666666666,0.6666666666666666,0.16666666666666666,3,12,2,2,0.26844120025634766,0.4496951699256897,0.35
1430,False,exact,1.0,"2,1,5,3,4",B,0.3529411764705882,0.75,0.23076923076923078,4,13,3,3,0.3720380365848541,0.8543679714202881,0.35
1431,False,exact,0.3,6 and 10,C,0.5714285714285715,1.0,0.4,6,15,6,6,0.3162643313407898,0.7496707439422607,0.35
1432,False,numeric_mismatch,0.0,7,3,0.5,1.0,0.3333333333333333,4,12,4,4,0.3179422914981842,0.6124369502067566,0.35
1433,False,numeric_mismatch,0.0,12,32,0.5714285714285715,1.0,0.4,4,10,4,4,0.3675803542137146,0.8101617097854614,0.35
1434,False,exact,0.3,"14, 17, 20, 23",C,0.5,1.0,0.3333333333333333,5,15,5,5,0.27709513902664185,0.6134809851646423,0.35
1435,False,choice,1.0,D,A,0.47058823529411764,1.0,0.3076923076923077,4,13,4,4,0.3155903220176697,0.8566580414772034,0.35
1436,False,numeric_mismatch,0.0,6,3,0.625,1.0,0.45454545454545453,5,11,5,5,0.3535579442977905,0.700799822807312,0.35
1437,False,choice,1.0,D,A,0.26666666666666666,0.6666666666666666,0.16666666666666666,3,12,2,2,0.22915016114711761,0.6090078949928284,0.35
1438,False,exact,0.3,60 cm,E,0.5555555555555556,1.0,0.38461538461538464,5,13,5,5,0.31773215532302856,0.7186154127120972,0.35
1439,False,exact,0.3,B) 1 and 4,C,0.35294117647058826,0.6,0.25,5,12,3,3,0.28861910104751587,0.8387241959571838,0.35
1440,False,numeric_mismatch,0.0,4,3,0.4761904761904762,0.5555555555555556,0.4166666666666667,9,12,5,5,0.20366916060447693,0.5685198307037354,0.35
1441,False,numeric_mismatch,0.0,9,11,0.5,1.0,0.3333333333333333,4,12,4,4,0.28171899914741516,0.6935211420059204,0.35
1442,False,numeric_mismatch,0.0,66,12,0.375,0.75,0.25,4,12,3,3,0.310248464345932,0.7588018178939819,0.35
1443,False,choice,1.0,A,D,0.5714285714285715,1.0,0.4,4,10,4,4,0.46271833777427673,0.7464683055877686,0.35
1444,True,numeric_exact,1.0,5,5,0.47058823529411764,0.8,0.3333333333333333,5,12,4,4,0.27748164534568787,0.745827853679657,0.35
1445,False,exact,0.3,5 and 9,C,0.5263157894736842,0.625,0.45454545454545453,8,11,5,5,0.2361885905265808,0.714866578578949,0.35
1446,False,exact,0.3,B) 1 and 3,E,0.5,1.0,0.3333333333333333,4,12,4,4,0.2871735990047455,0.6363599896430969,0.35
1447,False,numeric_mismatch,0.0,6,8,0.3333333333333333,0.5,0.25,4,8,2,2,0.22108986973762512,0.46001917123794556,0.35
1448,False,choice,1.0,B,A,0.375,0.75,0.25,4,12,3,3,0.29020142555236816,0.7277110815048218,0.35
1449,False,numeric_mismatch,0.0,2,4,0.6666666666666667,0.6153846153846154,0.7272727272727273,13,11,8,8,0.34473174810409546,0.8477444648742676,0.35
1450,False,choice,1.0,B,E,0.4210526315789474,1.0,0.26666666666666666,4,15,4,4,0.3721647560596466,0.7016456723213196,0.35
1451,False,choice,1.0,A,E,0.5263157894736842,0.7142857142857143,0.4166666666666667,7,12,5,5,0.2576507031917572,0.7359683513641357,0.35
1452,False,exact,0.3,5 kg,A,0.631578947368421,1.0,0.46153846153846156,6,13,6,6,0.4328334629535675,0.8824148178100586,0.35
1453,True,exact,0.7,1 and 3,D,0.6363636363636364,0.875,0.5,8,14,7,7,0.3659780025482178,0.6739540100097656,0.35
1454,False,numeric_mismatch,0.0,6,4,0.631578947368421,1.0,0.46153846153846156,6,13,6,6,0.44266700744628906,0.7700176239013672,0.35
1455,True,numeric_exact,1.0,3,3,0.47058823529411764,0.8,0.3333333333333333,5,12,4,4,0.39742743968963623,0.7431148290634155,0.35
1456,False,numeric_mismatch,0.0,6,3,0.4,1.0,0.25,3,12,3,3,0.2677558958530426,0.6433013081550598,0.35
1457,False,exact,1.0,four,4,0.4210526315789473,0.8,0.2857142857142857,5,14,4,4,0.3085760772228241,0.5729866623878479,0.35
1458,False,choice,1.0,B,D,0.7368421052631579,1.0,0.5833333333333334,7,12,7,7,0.3649316430091858,0.7276725172996521,0.35
1459,True,choice,1.0,B,B,0.47058823529411764,1.0,0.3076923076923077,4,13,4,4,0.33413758873939514,0.5957494378089905,0.35
1460,False,choice,1.0,C,D,0.5555555555555556,0.8333333333333334,0.4166666666666667,6,12,5,5,0.28819334506988525,0.6307824850082397,0.35
1461,False,numeric_mismatch,0.0,2,4,0.5555555555555556,1.0,0.38461538461538464,5,13,5,5,0.4091876447200775,0.7798330783843994,0.35
1462,False,exact,1.0,RSR,B,0.4444444444444444,0.8,0.3076923076923077,5,13,4,4,0.24862080812454224,0.6665759086608887,0.35
1463,False,numeric_mismatch,0.0,6,4,0.375,1.0,0.23076923076923078,3,13,3,3,0.3893362283706665,0.6353569030761719,0.35
1464,False,choice,1.0,D,E,0.47058823529411764,1.0,0.3076923076923077,4,13,4,4,0.3753681778907776,0.6378597617149353,0.35
1465,False,numeric_mismatch,0.0,4,10,0.7272727272727272,0.8,0.6666666666666666,10,12,8,8,0.2950916886329651,0.9044643640518188,0.35
1466,False,placeholder,0.0,insufficient information,11,0.0,0.0,0.0,0,12,0,0,0.0,0.0,0.0
1467,False,numeric_mismatch,0.0,10,22,0.4444444444444445,1.0,0.2857142857142857,4,14,4,4,0.5206314325332642,0.8695530295372009,0.35
1468,False,numeric_mismatch,0.0,9,25,0.5882352941176471,1.0,0.4166666666666667,5,12,5,5,0.45489802956581116,0.8770760297775269,0.35
1469,False,numeric_mismatch,0.0,100,400,0.6,1.0,0.42857142857142855,6,14,6,6,0.44819018244743347,0.8248779773712158,0.35
1470,False,numeric_mismatch,0.0,12,4,0.5555555555555556,0.8333333333333334,0.4166666666666667,6,12,5,5,0.36767274141311646,0.8998638987541199,0.35
1471,False,exact,0.3,1 and 4,C,0.23529411764705882,0.6666666666666666,0.14285714285714285,3,14,2,2,0.31251177191734314,0.5365251302719116,0.35
1472,False,choice,1.0,E,B,0.2,0.5,0.125,4,16,2,2,0.18625351786613464,0.5295213460922241,0.35
1473,False,numeric_mismatch,0.0,200,10100,0.3333333333333333,0.75,0.21428571428571427,4,14,3,3,0.26827695965766907,0.5402250289916992,0.35
1474,False,numeric_mismatch,0.0,3,7,0.4,0.5,0.3333333333333333,8,12,4,4,0.253738671541214,0.5954739451408386,0.35
1475,False,placeholder,0.0,insufficient information,45,0.0,0.0,0.0,0,12,0,0,0.0,0.0,0.0
1476,True,numeric_exact,1.0,3,3,0.5882352941176471,1.0,0.4166666666666667,5,12,5,5,0.39886024594306946,0.8090806007385254,0.35
1477,False,choice,1.0,B,D,0.47058823529411764,0.8,0.3333333333333333,5,12,4,4,0.29333266615867615,0.7366809844970703,0.35
1478,False,exact,1.0,five,32,0.47058823529411764,1.0,0.3076923076923077,4,13,4,4,0.4563964605331421,0.8180626630783081,0.35
1479,False,numeric_mismatch,0.0,1,6,0.26666666666666666,0.6666666666666666,0.16666666666666666,3,12,2,2,0.23916329443454742,0.46855631470680237,0.35
1480,False,numeric_mismatch,0.0,1,2,0.47058823529411764,1.0,0.3076923076923077,4,13,4,4,0.365801066160202,0.6778078675270081,0.35
1481,True,choice,1.0,E,E,0.35294117647058826,0.6,0.25,5,12,3,3,0.24387803673744202,0.6341486573219299,0.35
1482,True,numeric_rounded,0.85,40,35,0.38095238095238093,0.5714285714285714,0.2857142857142857,7,14,4,4,0.22796514630317688,0.6458092331886292,0.35
1483,False,exact,1.0,5:3,A,0.375,0.75,0.25,4,12,3,3,0.28508836030960083,0.7274260520935059,0.35
1484,False,placeholder,0.0,insufficient information,128,0.0,0.0,0.0,0,14,0,0,0.0,0.0,0.0
1485,True,numeric_rounded,0.9,1795,1775,0.375,0.75,0.25,4,12,3,3,0.3209557831287384,0.6373347640037537,0.35
1486,False,exact,0.3,48 cm,D,0.47058823529411764,0.8,0.3333333333333333,5,12,4,4,0.33269160985946655,0.765559196472168,0.35
1487,False,numeric_mismatch,0.0,5,2,0.7199999999999999,0.75,0.6923076923076923,12,13,9,9,0.37369003891944885,0.6625620126724243,0.35
1488,False,placeholder,0.0,insufficient information,C,0.0,0.0,0.0,0,14,0,0,0.0,0.0,0.0
1489,True,numeric_exact,1.0,3,3,0.8,1.0,0.6666666666666666,4,6,4,4,0.45286592841148376,0.7578417658805847,0.35
1490,False,numeric_mismatch,0.0,42,82,0.26666666666666666,0.6666666666666666,0.16666666666666666,3,12,2,2,0.3022366166114807,0.5175856947898865,0.35
1491,False,numeric_mismatch,0.0,3,22.5,0.5263157894736842,1.0,0.35714285714285715,5,14,5,5,0.3219640851020813,0.6304094195365906,0.35
1492,False,numeric_mismatch,0.0,4,5,0.5263157894736842,1.0,0.35714285714285715,5,14,5,5,0.25381335616111755,0.7746699452400208,0.35
1493,False,numeric_mismatch,0.0,309,7685413092,0.375,0.75,0.25,4,12,3,3,0.22257715463638306,0.6023266315460205,0.35
1494,False,choice,1.0,D,E,0.7272727272727272,0.8,0.6666666666666666,10,12,8,8,0.35972243547439575,0.6303911209106445,0.35
1495,False,numeric_mismatch,0.0,1,8,0.5,1.0,0.3333333333333333,5,15,5,5,0.33990782499313354,0.6356794238090515,0.35
1496,False,numeric_mismatch,0.0,3 kg,2,0.5714285714285715,1.0,0.4,4,10,4,4,0.34100979566574097,0.8384768962860107,0.35
1497,False,numeric_mismatch,0.0,100,160,0.631578947368421,1.0,0.46153846153846156,6,13,6,6,0.3979547321796417,0.742631196975708,0.35
1498,False,exact,1.0,Hexagon,E,0.4444444444444445,1.0,0.2857142857142857,4,14,4,4,0.46249446272850037,0.7775967121124268,0.35
1499,False,exact,1.0,Purple,D,0.35294117647058826,1.0,0.21428571428571427,3,14,3,3,0.36240315437316895,0.7794026136398315,0.35
1500,False,placeholder,0.0,insufficient information,A,0.0,0.0,0.0,0,14,0,0,0.0,0.0,0.0
1501,False,exact,0.3,1 010 101 010,B,0.47058823529411764,1.0,0.3076923076923077,4,13,4,4,0.29087087512016296,0.6777087450027466,0.35
1502,True,exact,0.7,16 cm,C,0.6666666666666666,1.0,0.5,5,10,5,5,0.4047360122203827,0.8428983688354492,0.35
1503,False,choice,1.0,A,B,0.47058823529411764,1.0,0.3076923076923077,4,13,4,4,0.39741164445877075,0.7745212912559509,0.35
1504,False,numeric_mismatch,0.0,30,6,0.631578947368421,1.0,0.46153846153846156,6,13,6,6,0.35598331689834595,0.799928605556488,0.35
1505,False,numeric_mismatch,0.0,30,124,0.47058823529411764,1.0,0.3076923076923077,4,13,4,4,0.33273008465766907,0.6819955706596375,0.35
1506,False,choice,1.0,E,D,0.7368421052631579,1.0,0.5833333333333334,7,12,7,7,0.3545858860015869,0.6721672415733337,0.35
1507,False,numeric_mismatch,0.0,6,1,0.631578947368421,0.8571428571428571,0.5,7,12,6,6,0.3923323452472687,0.7675215601921082,0.35
1508,False,exact,1.0,B2,D,0.7368421052631579,1.0,0.5833333333333334,7,12,7,7,0.38157281279563904,0.8956229090690613,0.35
1509,False,exact,1.0,TPT,B,0.3157894736842105,0.6,0.21428571428571427,5,14,3,3,0.2184288650751114,0.47444218397140503,0.35
1510,True,choice,1.0,D,D,0.3157894736842105,1.0,0.1875,3,16,3,3,0.3382265269756317,0.7793655395507812,0.35
1511,False,placeholder,0.0,insufficient information,B,0.0,0.0,0.0,0,14,0,0,0.0,0.0,0.0
1512,False,placeholder,0.0,insufficient information,B,0.0,0.0,0.0,0,12,0,0,0.0,0.0,0.0
1513,True,exact,0.7,P_{1} and P_{2} have the same area,D,0.47058823529411764,1.0,0.3076923076923077,4,13,4,4,0.3684363067150116,0.674924910068512,0.35
1514,False,placeholder,0.0,insufficient information,B,0.0,0.0,0.0,0,12,0,0,0.0,0.0,0.0
1515,False,numeric_mismatch,0.0,30,50,0.7368421052631579,1.0,0.5833333333333334,7,12,7,7,0.4810912311077118,0.9269063472747803,0.35
1516,False,placeholder,0.0,insufficient information,D,0.0,0.0,0.0,0,15,0,0,0.0,0.0,0.0
1517,False,numeric_mismatch,0.0,2,1,0.6666666666666666,1.0,0.5,5,10,5,5,0.4462946057319641,0.8970380425453186,0.35
1518,False,placeholder,0.0,insufficient information,B,0.0,0.0,0.0,0,12,0,0,0.0,0.0,0.0
1519,False,numeric_mismatch,0.0,4,5,0.8181818181818181,1.0,0.6923076923076923,9,13,9,9,0.4241366684436798,0.6703172326087952,0.35
1520,False,numeric_mismatch,0.0,8,5,0.5,0.75,0.375,4,8,3,3,0.3729701042175293,0.8355041742324829,0.35
1521,False,numeric_mismatch,0.0,7,6,0.5,1.0,0.3333333333333333,4,12,4,4,0.4100376069545746,0.696946382522583,0.35
1522,False,exact,1.0,Three,C,0.6666666666666666,1.0,0.5,5,10,5,5,0.3736094534397125,0.6670138835906982,0.35
1523,False,numeric_mismatch,0.0,42,54,0.375,0.75,0.25,4,12,3,3,0.31728819012641907,0.4758562445640564,0.35
1524,False,numeric_mismatch,0.0,8,14,0.5555555555555556,1.0,0.38461538461538464,5,13,5,5,0.4349130094051361,0.7826308608055115,0.35
1525,False,choice,1.0,H,D,0.5882352941176471,1.0,0.4166666666666667,5,12,5,5,0.3937482237815857,0.8398147225379944,0.35
1526,False,exact,0.3,12 cm,B,0.8,1.0,0.6666666666666666,8,12,8,8,0.4108329713344574,0.7656537294387817,0.35
1527,False,placeholder,0.0,insufficient information,D,0.0,0.0,0.0,0,12,0,0,0.0,0.0,0.0
1528,True,numeric_exact,1.0,9,9,0.5555555555555556,1.0,0.38461538461538464,5,13,5,5,0.3481786251068115,0.8186393976211548,0.35
1529,False,choice,1.0,B,C,0.7777777777777777,0.875,0.7,8,10,7,7,0.34750616550445557,0.6367766857147217,0.35
1530,False,exact,0.3,Only at a corner square,D,0.4444444444444445,1.0,0.2857142857142857,4,14,4,4,0.31586864590644836,0.6787391304969788,0.35
1531,False,exact,0.3,8 km,C,0.6666666666666666,1.0,0.5,7,14,7,7,0.4414577782154083,0.8983895778656006,0.35
1532,False,numeric_mismatch,0.0,"1, 2, 3, 4",2143,0.5263157894736842,1.0,0.35714285714285715,5,14,5,5,0.2741330564022064,0.4741460978984833,0.35
1533,True,exact,0.7,It depends on the size of the screen,C,0.6666666666666666,1.0,0.5,7,14,7,7,0.39448684453964233,0.8778008222579956,0.35
1534,False,numeric_mismatch,0.0,3,8,0.42857142857142855,1.0,0.2727272727272727,3,11,3,3,0.40329501032829285,0.7760723829269409,0.35
1535,False,placeholder,0.0,insufficient information,C,0.0,0.0,0.0,0,11,0,0,0.0,0.0,0.0
1536,False,numeric_mismatch,0.0,17,14,0.5882352941176471,1.0,0.4166666666666667,5,12,5,5,0.5167126059532166,0.82966148853302,0.35
1537,False,exact,0.3,"III, IV and V",C,0.4,1.0,0.25,3,12,3,3,0.35899093747138977,0.5052424073219299,0.35
1538,False,numeric_mismatch,0.0,60,48,0.6,1.0,0.42857142857142855,6,14,6,6,0.34141772985458374,0.7083879113197327,0.35
1539,True,exact,0.7,8 cm,C,0.5555555555555556,1.0,0.38461538461538464,5,13,5,5,0.47105100750923157,0.8954579830169678,0.35
1540,True,numeric_rounded,0.9,63,65,0.5,1.0,0.3333333333333333,4,12,4,4,0.366223007440567,0.8438287377357483,0.35
1541,False,placeholder,0.0,insufficient information,C,0.0,0.0,0.0,0,13,0,0,0.0,0.0,0.0
1542,False,numeric_mismatch,0.0,11,3,0.0,0.0,0.0,14,11,0,0,0.22551247477531433,0.34887051582336426,0.35
1543,False,choice,1.0,B),C,0.5,1.0,0.3333333333333333,4,12,4,4,0.30918166041374207,0.6157217621803284,0.35
1544,False,numeric_mismatch,0.0,6,11,0.23529411764705882,0.4,0.16666666666666666,5,12,2,2,0.18217892944812775,0.5737960934638977,0.35
1545,False,numeric_mismatch,0.0,20,30,0.47058823529411764,0.8,0.3333333333333333,5,12,4,4,0.31560495495796204,0.7759845852851868,0.35
1546,True,numeric_exact,1.0,2,2,0.5882352941176471,1.0,0.4166666666666667,5,12,5,5,0.3235345184803009,0.7176603078842163,0.35
1547,False,exact,0.3,"2, 4, 6, 8",B,0.375,0.75,0.25,4,12,3,3,0.3055545389652252,0.4915526509284973,0.35
1548,False,numeric_mismatch,0.0,26,46,0.375,0.75,0.25,4,12,3,3,0.22922129929065704,0.5978155136108398,0.35
1549,True,choice,1.0,D,D,0.375,0.75,0.25,4,12,3,3,0.28022122383117676,0.6954247951507568,0.35
1550,False,choice,1.0,D,C,0.375,1.0,0.23076923076923078,3,13,3,3,0.39699676632881165,0.6113852262496948,0.35
1551,False,numeric_mismatch,0.0,28,24,0.7000000000000001,1.0,0.5384615384615384,7,13,7,7,0.344729483127594,0.6806342601776123,0.35
1552,False,exact,0.3,11 x 11,A,0.625,1.0,0.45454545454545453,5,11,5,5,0.3354104161262512,0.697826623916626,0.35
1553,False,numeric_mismatch,0.0,6,8,0.47058823529411764,1.0,0.3076923076923077,4,13,4,4,0.3343522846698761,0.6665104627609253,0.35
1554,False,placeholder,0.0,insufficient information,A,0.0,0.0,0.0,0,10,0,0,0.0,0.0,0.0
1555,False,exact,0.3,7 g,B,0.5882352941176471,1.0,0.4166666666666667,5,12,5,5,0.2705892324447632,0.6291738748550415,0.35
1556,False,numeric_mismatch,0.0,3,6,0.5,1.0,0.3333333333333333,4,12,4,4,0.4506154954433441,0.7630152702331543,0.35
1557,True,exact,0.7,A pentagon,A,0.625,1.0,0.45454545454545453,5,11,5,5,0.4651283919811249,0.8272610902786255,0.35
1558,False,choice,1.0,B,E,0.47058823529411764,0.8,0.3333333333333333,5,12,4,4,0.2924250662326813,0.6583313941955566,0.35
1559,False,numeric_mismatch,0.0,500,750,0.5882352941176471,1.0,0.4166666666666667,5,12,5,5,0.3489273190498352,0.7262345552444458,0.35
1560,False,choice,1.0,C),E,0.3333333333333333,0.75,0.21428571428571427,4,14,3,3,0.23488950729370117,0.46822217106819153,0.35
1561,False,numeric_mismatch,0.0,8,13,0.5263157894736842,1.0,0.35714285714285715,5,14,5,5,0.2804325520992279,0.5696156620979309,0.35
1562,False,numeric_mismatch,0.0,36,64,0.5,1.0,0.3333333333333333,4,12,4,4,0.3704345226287842,0.7596867084503174,0.35
1563,True,numeric_rounded,0.85,50,56,0.631578947368421,1.0,0.46153846153846156,6,13,6,6,0.4227675795555115,0.7983711957931519,0.35
1564,False,numeric_mismatch,0.0,2,4,0.5882352941176471,1.0,0.4166666666666667,5,12,5,5,0.36737528443336487,0.7881965041160583,0.35
1565,False,numeric_mismatch,0.0,4,20,0.33333333333333337,1.0,0.2,3,15,3,3,0.353513240814209,0.7263157367706299,0.35
1566,False,exact,0.3,52 cm²,D,0.4615384615384615,0.6,0.375,5,8,3,3,0.2808937430381775,0.7818312048912048,0.35
1567,False,choice,1.0,B,D,0.4,1.0,0.25,3,12,3,3,0.3506707549095154,0.6842979788780212,0.35
1568,False,exact,0.3,1.5 m,C,0.5,1.0,0.3333333333333333,4,12,4,4,0.3411053717136383,0.8135491013526917,0.35
1569,True,choice,1.0,C,C,0.4444444444444445,1.0,0.2857142857142857,4,14,4,4,0.44696325063705444,0.7627137303352356,0.35
1570,False,exact,0.3,20 kg,E,0.5,1.0,0.3333333333333333,4,12,4,4,0.4535423219203949,0.8731884956359863,0.35
1571,False,exact,0.3,"A) 1, 3, 4",D,0.375,1.0,0.23076923076923078,3,13,3,3,0.313413143157959,0.5299453735351562,0.35
1572,False,choice,1.0,C,B,0.6666666666666666,1.0,0.5,6,12,6,6,0.3964692950248718,0.8011588454246521,0.35
1573,False,exact,0.3,24 cm²,D,0.5263157894736842,1.0,0.35714285714285715,5,14,5,5,0.37772753834724426,0.8612266778945923,0.35
1574,False,choice,1.0,B,A,0.375,1.0,0.23076923076923078,3,13,3,3,0.43509164452552795,0.8533002138137817,0.35
1575,False,numeric_mismatch,0.0,7,4,0.631578947368421,0.8571428571428571,0.5,7,12,6,6,0.330242395401001,0.6305569410324097,0.35
1576,True,numeric_exact,1.0,3,3,0.5882352941176471,1.0,0.4166666666666667,5,12,5,5,0.29241082072257996,0.8022444844245911,0.35
1577,False,choice,1.0,B,C,0.5,1.0,0.3333333333333333,4,12,4,4,0.44822463393211365,0.7408413290977478,0.35
1578,False,placeholder,0.0,insufficient information,E,0.0,0.0,0.0,0,14,0,0,0.0,0.0,0.0
1579,False,choice,1.0,B,D,0.6666666666666666,1.0,0.5,6,12,6,6,0.4036504924297333,0.6120060682296753,0.35
1580,False,numeric_mismatch,0.0,31,6,0.23529411764705882,0.6666666666666666,0.14285714285714285,3,14,2,2,0.22366076707839966,0.41782936453819275,0.35
1581,True,numeric_rounded,0.85,6,7,0.6666666666666666,1.0,0.5,4,8,4,4,0.4680715799331665,0.7664158344268799,0.35
1582,False,exact,0.3,700 m,C,0.5,1.0,0.3333333333333333,4,12,4,4,0.24726013839244843,0.48049357533454895,0.35
1583,False,numeric_mismatch,0.0,1,4,0.47058823529411764,0.8,0.3333333333333333,5,12,4,4,0.27647069096565247,0.6630902290344238,0.35
1584,False,numeric_mismatch,0.0,10,4,0.25,0.5,0.16666666666666666,4,12,2,2,0.2248968631029129,0.4912432134151459,0.35
1585,False,numeric_mismatch,0.0,3,4,0.5714285714285714,0.75,0.46153846153846156,8,13,6,6,0.34503835439682007,0.6728005409240723,0.35
1586,False,choice,1.0,B,D,0.5882352941176471,1.0,0.4166666666666667,5,12,5,5,0.3430663049221039,0.8575800061225891,0.35
1587,False,choice,1.0,(B),C,0.5555555555555556,1.0,0.38461538461538464,5,13,5,5,0.3126820921897888,0.7398125529289246,0.35
1588,False,numeric_mismatch,0.0,14,30,0.5555555555555556,1.0,0.38461538461538464,5,13,5,5,0.47082674503326416,0.8040830492973328,0.35
1589,False,choice,1.0,(D),C,0.4,1.0,0.25,3,12,3,3,0.43785274028778076,0.7116767168045044,0.35
1590,True,numeric_exact,1.0,7,7,0.5263157894736842,1.0,0.35714285714285715,5,14,5,5,0.36895546317100525,0.6968683004379272,0.35
1591,False,numeric_mismatch,0.0,4,3,0.5217391304347826,1.0,0.35294117647058826,6,17,6,6,0.31586647033691406,0.6244866847991943,0.35
1592,False,numeric_mismatch,0.0,6,12,0.5882352941176471,1.0,0.4166666666666667,5,12,5,5,0.28882092237472534,0.5698054432868958,0.35
1593,False,numeric_mismatch,0.0,3,6,0.5263157894736842,1.0,0.35714285714285715,5,14,5,5,0.32162782549858093,0.7881885170936584,0.35
1594,True,choice,1.0,D,D,0.5,1.0,0.3333333333333333,4,12,4,4,0.3482699692249298,0.7316358089447021,0.35
1595,False,numeric_mismatch,0.0,9,0,0.47058823529411764,0.8,0.3333333333333333,5,12,4,4,0.20902933180332184,0.4664697051048279,0.35
1596,False,exact,0.3,60 cm,D,0.47058823529411764,1.0,0.3076923076923077,4,13,4,4,0.43397319316864014,0.7050854563713074,0.35
1597,False,numeric_mismatch,0.0,5,3,0.5,1.0,0.3333333333333333,4,12,4,4,0.3733697831630707,0.8242477774620056,0.35
1598,False,choice,1.0,(C),B,0.5454545454545454,0.6,0.5,5,6,3,3,0.1962449550628662,0.45669832825660706,0.35
1599,False,choice,1.0,A,B,0.4210526315789473,0.8,0.2857142857142857,5,14,4,4,0.3219834864139557,0.7058537602424622,0.35
1600,False,choice,1.0,C,B,0.47058823529411764,1.0,0.3076923076923077,4,13,4,4,0.28744131326675415,0.5249640345573425,0.35
1601,True,numeric_rounded,0.85,6,7,0.5,1.0,0.3333333333333333,4,12,4,4,0.4174698293209076,0.8173482418060303,0.35
1602,False,numeric_mismatch,0.0,15,29,0.7000000000000001,1.0,0.5384615384615384,7,13,7,7,0.44715142250061035,0.9356881976127625,0.35
1603,False,choice,1.0,A,B,0.7692307692307693,1.0,0.625,5,8,5,5,0.3614605963230133,0.6049128770828247,0.35
1604,False,choice,1.0,D,C,0.375,0.75,0.25,4,12,3,3,0.2995314598083496,0.8386148810386658,0.35
1605,False,numeric_mismatch,0.0,4,2,0.6153846153846153,1.0,0.4444444444444444,4,9,4,4,0.4236450791358948,0.6065157055854797,0.35
1606,False,placeholder,0.0,insufficient information,B,0.0,0.0,0.0,0,12,0,0,0.0,0.0,0.0
1607,False,exact,0.3,4 kg,D,0.4210526315789473,0.8,0.2857142857142857,5,14,4,4,0.22611849009990692,0.8057628273963928,0.35
1608,False,choice,1.0,C,E,0.3529411764705882,0.75,0.23076923076923078,4,13,3,3,0.2397322803735733,0.6320755481719971,0.35
1609,False,numeric_mismatch,0.0,8,10,0.5882352941176471,1.0,0.4166666666666667,5,12,5,5,0.5092957019805908,0.8320090770721436,0.35
1610,False,exact,0.3,8 cm,A,0.5882352941176471,1.0,0.4166666666666667,5,12,5,5,0.3716937005519867,0.7837101817131042,0.35
1611,False,numeric_mismatch,0.0,10,12,0.5263157894736842,1.0,0.35714285714285715,5,14,5,5,0.36101433634757996,0.7433401942253113,0.35
1612,True,exact,0.7,30 cm,C,0.4,1.0,0.25,3,12,3,3,0.35309332609176636,0.597572922706604,0.35
1613,True,exact,0.7,Each of the three colours is possible.,C,0.7368421052631579,1.0,0.5833333333333334,7,12,7,7,0.4329153299331665,0.8500543832778931,0.35
1614,False,numeric_mismatch,0.0,2,3,0.375,0.75,0.25,4,12,3,3,0.32877108454704285,0.6348999738693237,0.35
1615,False,exact,0.3,only 3 or 7,D,0.6,0.8571428571428571,0.46153846153846156,7,13,6,6,0.3339422643184662,0.7169514298439026,0.35
1616,False,numeric_mismatch,0.0,3,10,0.47058823529411764,1.0,0.3076923076923077,4,13,4,4,0.3610653877258301,0.8039484024047852,0.35
1617,False,numeric_mismatch,0.0,10,22,0.7368421052631579,1.0,0.5833333333333334,7,12,7,7,0.3740406930446625,0.7525902390480042,0.35
1618,False,choice,1.0,B,C,0.6666666666666666,1.0,0.5,6,12,6,6,0.4781029522418976,0.7227385640144348,0.35
1619,False,exact,0.3,"2 cm, 3 cm, 5 cm",A,0.5882352941176471,1.0,0.4166666666666667,5,12,5,5,0.31656697392463684,0.6878782510757446,0.35
1620,False,numeric_mismatch,0.0,1,4,0.47058823529411764,0.8,0.3333333333333333,5,12,4,4,0.2612801492214203,0.6974241137504578,0.35
1621,False,placeholder,0.0,insufficient information,E,0.0,0.0,0.0,0,12,0,0,0.0,0.0,0.0
1622,False,numeric_mismatch,0.0,1,2,0.5882352941176471,1.0,0.4166666666666667,5,12,5,5,0.3536282777786255,0.72578364610672,0.35
1623,True,numeric_exact,1.0,2,2,0.7000000000000001,1.0,0.5384615384615384,7,13,7,7,0.3926149308681488,0.854472815990448,0.35
1624,False,choice,1.0,E,B,0.5882352941176471,1.0,0.4166666666666667,5,12,5,5,0.3386993706226349,0.6683477759361267,0.35
1625,False,choice,1.0,B,A,0.5,1.0,0.3333333333333333,4,12,4,4,0.28175556659698486,0.5404688715934753,0.35
1626,False,choice,1.0,D,C,0.6666666666666666,0.7777777777777778,0.5833333333333334,9,12,7,7,0.28669747710227966,0.7823881506919861,0.35
1627,False,choice,1.0,(A),E,0.5882352941176471,1.0,0.4166666666666667,5,12,5,5,0.30841895937919617,0.6799197793006897,0.35
1628,False,numeric_mismatch,0.0,10,6,0.4444444444444445,1.0,0.2857142857142857,4,14,4,4,0.32404056191444397,0.6625024080276489,0.35
1629,True,exact,0.7,50 cm,C,0.5555555555555556,1.0,0.38461538461538464,5,13,5,5,0.4866027534008026,0.9273585081100464,0.35
1630,False,numeric_mismatch,0.0,1,9,0.4615384615384615,1.0,0.3,3,10,3,3,0.32150962948799133,0.5760038495063782,0.35
1631,False,numeric_mismatch,0.0,5,13,0.5555555555555556,0.8333333333333334,0.4166666666666667,6,12,5,5,0.28190040588378906,0.6371628642082214,0.35
1632,False,choice,1.0,A,E,0.5555555555555556,1.0,0.38461538461538464,5,13,5,5,0.32622525095939636,0.5641049146652222,0.35
1633,True,numeric_exact,1.0,2,2,0.47058823529411764,1.0,0.3076923076923077,4,13,4,4,0.41167542338371277,0.8498231172561646,0.35
1634,True,choice,1.0,(A),A,0.47058823529411764,0.8,0.3333333333333333,5,12,4,4,0.2872526943683624,0.8563184142112732,0.35
1635,False,placeholder,0.0,insufficient information,3,0.0,0.0,0.0,0,14,0,0,0.0,0.0,0.0
1636,True,exact,0.7,B) \(\frac{3}{8}\),B,0.42857142857142855,1.0,0.2727272727272727,3,11,3,3,0.37240248918533325,0.7015700340270996,0.35
1637,False,exact,0.3,60 cm,D,0.6666666666666666,1.0,0.5,6,12,6,6,0.43284672498703003,0.7753380537033081,0.35
1638,False,choice,1.0,E,D,0.42105263157894735,0.6666666666666666,0.3076923076923077,6,13,4,4,0.22028285264968872,0.5783557891845703,0.35
1639,False,placeholder,0.0,insufficient information,A,0.0,0.0,0.0,0,13,0,0,0.0,0.0,0.0
1640,False,choice,1.0,B,A,0.5263157894736842,0.8333333333333334,0.38461538461538464,6,13,5,5,0.3288762867450714,0.8414861559867859,0.35
1641,False,numeric_mismatch,0.0,1,6,0.47619047619047616,1.0,0.3125,5,16,5,5,0.2995845377445221,0.521594762802124,0.35
1642,False,numeric_mismatch,0.0,4,13,0.5,1.0,0.3333333333333333,4,12,4,4,0.2724144160747528,0.8382171392440796,0.35
1643,False,exact,0.3,"one triangle, one square",C,0.5882352941176471,1.0,0.4166666666666667,5,12,5,5,0.3222043812274933,0.7191586494445801,0.35
1644,False,numeric_mismatch,0.0,6,284,0.6666666666666666,1.0,0.5,6,12,6,6,0.46703067421913147,0.8484664559364319,0.35
1645,False,choice,1.0,B,E,0.5,1.0,0.3333333333333333,4,12,4,4,0.3453550338745117,0.7125748991966248,0.35
1646,False,numeric_mismatch,0.0,6,3,0.5882352941176471,1.0,0.4166666666666667,5,12,5,5,0.4210367798805237,0.7812309265136719,0.35
1647,False,choice,1.0,B,C,0.5882352941176471,1.0,0.4166666666666667,5,12,5,5,0.3009457588195801,0.6902459859848022,0.35
1648,True,numeric_exact,1.0,18 Points,18,0.5555555555555556,1.0,0.38461538461538464,5,13,5,5,0.272529661655426,0.5812663435935974,0.35
1649,True,choice,1.0,B,B,0.631578947368421,1.0,0.46153846153846156,6,13,6,6,0.2310023456811905,0.7254778146743774,0.35
1650,False,placeholder,0.0,insufficient information,E,0.0,0.0,0.0,0,12,0,0,0.0,0.0,0.0
1651,False,exact,1.0,Friday,D,0.5714285714285715,1.0,0.4,4,10,4,4,0.33582067489624023,0.6924278736114502,0.35
1652,True,exact,0.7,12 cm,C,0.6666666666666666,1.0,0.5,5,10,5,5,0.3852548599243164,0.8606467247009277,0.35
1653,False,numeric_mismatch,0.0,7,13,0.47058823529411764,0.8,0.3333333333333333,5,12,4,4,0.3413391411304474,0.6871313452720642,0.35
1654,False,numeric_mismatch,0.0,3,2,0.5,1.0,0.3333333333333333,4,12,4,4,0.3649198114871979,0.6842533946037292,0.35
1655,False,choice,1.0,C,E,0.5333333333333333,1.0,0.36363636363636365,4,11,4,4,0.33248403668403625,0.6692970395088196,0.35
1656,False,numeric_mismatch,0.0,3,5,0.5263157894736842,0.8333333333333334,0.38461538461538464,6,13,5,5,0.27092668414115906,0.678442656993866,0.35
1657,False,choice,1.0,B,E,0.5,1.0,0.3333333333333333,4,12,4,4,0.31478211283683777,0.6692243218421936,0.35
1658,False,numeric_mismatch,0.0,10,21,0.8,1.0,0.6666666666666666,8,12,8,8,0.4356968402862549,0.8882415890693665,0.35
1659,True,numeric_exact,1.0,0,0,0.4444444444444444,0.8,0.3076923076923077,5,13,4,4,0.2828178107738495,0.5647872686386108,0.35
1660,False,choice,1.0,B,A,0.4444444444444445,1.0,0.2857142857142857,4,14,4,4,0.2909223735332489,0.713575005531311,0.35
1661,False,choice,1.0,D,C,0.25,0.3333333333333333,0.2,6,10,2,2,0.23655076324939728,0.6024443507194519,0.35
1662,False,placeholder,0.0,insufficient information,D,0.0,0.0,0.0,0,13,0,0,0.0,0.0,0.0
1663,True,choice,1.0,B,B,0.23529411764705882,0.5,0.15384615384615385,4,13,2,2,0.2320256531238556,0.3862130343914032,0.35
1664,False,choice,1.0,E,D,0.5882352941176471,1.0,0.4166666666666667,5,12,5,5,0.3557438552379608,0.8014888167381287,0.35
1665,False,choice,1.0,B,C,0.25,0.6666666666666666,0.15384615384615385,3,13,2,2,0.2321910411119461,0.6035121083259583,0.35
1666,False,choice,1.0,C,E,0.4,1.0,0.25,3,12,3,3,0.3730951249599457,0.7095791101455688,0.35
1667,False,choice,1.0,E,D,0.3529411764705882,0.75,0.23076923076923078,4,13,3,3,0.2529451549053192,0.5581450462341309,0.35
1668,False,numeric_mismatch,0.0,4,8,0.5,1.0,0.3333333333333333,4,12,4,4,0.28679725527763367,0.5936139822006226,0.35
1669,False,numeric_mismatch,0.0,129,9,0.7058823529411764,1.0,0.5454545454545454,6,11,6,6,0.3888202905654907,0.7328329682350159,0.35
1670,False,choice,1.0,B,A,0.6,0.75,0.5,4,6,3,3,0.30251267552375793,0.9099645018577576,0.35
1671,False,choice,1.0,A,B,0.4,1.0,0.25,3,12,3,3,0.30270886421203613,0.7012234330177307,0.35
1672,False,placeholder,0.0,insufficient information,C,0.0,0.0,0.0,0,12,0,0,0.0,0.0,0.0
1673,True,numeric_rounded,0.85,8,9,0.47058823529411764,1.0,0.3076923076923077,4,13,4,4,0.4255404770374298,0.6432916522026062,0.35
1674,False,choice,1.0,E,D,0.7142857142857143,0.8333333333333334,0.625,6,8,5,5,0.3181820213794708,0.6916300058364868,0.35
1675,False,numeric_mismatch,0.0,30,41,0.5555555555555556,1.0,0.38461538461538464,5,13,5,5,0.2752387523651123,0.570190966129303,0.35
1676,False,exact,0.3,90 g,E,0.8695652173913043,0.9090909090909091,0.8333333333333334,11,12,10,10,0.36252716183662415,0.8404182195663452,0.35
1677,True,numeric_exact,1.0,2,2,0.42105263157894735,0.6666666666666666,0.3076923076923077,6,13,4,4,0.22572174668312073,0.5809394717216492,0.35
1678,False,choice,1.0,D,B,0.47058823529411764,0.8,0.3333333333333333,5,12,4,4,0.2750512659549713,0.6225048899650574,0.35
1679,False,numeric_mismatch,0.0,16,26,0.8571428571428571,1.0,0.75,9,12,9,9,0.38154152035713196,0.902619481086731,0.35
1680,False,choice,1.0,B,E,0.3333333333333333,0.75,0.21428571428571427,4,14,3,3,0.28844520449638367,0.5819413065910339,0.35
1681,False,exact,1.0,km,7,0.19047619047619047,0.2857142857142857,0.14285714285714285,7,14,2,2,0.2532167136669159,0.618283212184906,0.35
1682,True,choice,1.0,D,D,0.47058823529411764,1.0,0.3076923076923077,4,13,4,4,0.31562870740890503,0.5185512900352478,0.35
1683,False,exact,1.0,"1,55",C,0.5555555555555556,1.0,0.38461538461538464,5,13,5,5,0.36201998591423035,0.5850209593772888,0.35
1684,False,numeric_mismatch,0.0,3,6,0.5,1.0,0.3333333333333333,4,12,4,4,0.29788175225257874,0.5726460814476013,0.35
1685,False,numeric_mismatch,0.0,6,1.5,0.7000000000000001,1.0,0.5384615384615384,7,13,7,7,0.3231540024280548,0.7226319909095764,0.35
1686,True,numeric_rounded,0.9,19,21,0.5555555555555556,1.0,0.38461538461538464,5,13,5,5,0.37884220480918884,0.8945430517196655,0.35
1687,False,exact,0.3,3h 41m,D,0.3333333333333333,0.75,0.21428571428571427,4,14,3,3,0.2832154631614685,0.5525778532028198,0.35
1688,False,choice,1.0,E,A,0.4210526315789474,1.0,0.26666666666666666,4,15,4,4,0.3635960817337036,0.8378372192382812,0.35
1689,False,choice,1.0,D,A,0.375,0.75,0.25,4,12,3,3,0.2766514718532562,0.5589991807937622,0.35
1690,True,choice,1.0,B,B,0.2105263157894737,0.2857142857142857,0.16666666666666666,7,12,2,2,0.2525102496147156,0.6860193014144897,0.35
1691,False,choice,1.0,(B),E,0.8,0.7692307692307693,0.8333333333333334,13,12,10,10,0.3672254979610443,0.6866569519042969,0.35
1692,False,numeric_mismatch,0.0,22.5,32,0.6,1.0,0.42857142857142855,6,14,6,6,0.4018346667289734,0.89462810754776,0.35
1693,False,choice,1.0,(B),A,0.5555555555555556,1.0,0.38461538461538464,5,13,5,5,0.41142281889915466,0.8528554439544678,0.35
1694,False,numeric_mismatch,0.0,68,52,0.5882352941176471,1.0,0.4166666666666667,5,12,5,5,0.5242394208908081,0.9362319707870483,0.35
1695,False,numeric_mismatch,0.0,6,12,0.5555555555555556,0.8333333333333334,0.4166666666666667,6,12,5,5,0.37001311779022217,0.7507844567298889,0.35
1696,False,numeric_mismatch,0.0,3,4,0.47058823529411764,1.0,0.3076923076923077,4,13,4,4,0.4539691209793091,0.7832071781158447,0.35
1697,False,choice,1.0,(E),D,0.23529411764705882,0.5,0.15384615384615385,4,13,2,2,0.24443136155605316,0.3750203847885132,0.35
1698,True,exact,0.7,Mango and cherry,E,0.6666666666666666,1.0,0.5,6,12,6,6,0.4248694181442261,0.8616501092910767,0.35
1699,False,numeric_mismatch,0.0,18,4,0.7368421052631579,1.0,0.5833333333333334,7,12,7,7,0.3501244783401489,0.8192917704582214,0.35
1700,True,exact,0.7,"a=7, b=5, c=3",C,0.5555555555555556,1.0,0.38461538461538464,5,13,5,5,0.3763076066970825,0.648306131362915,0.35
1701,False,exact,1.0,South.,C,0.5555555555555556,1.0,0.38461538461538464,5,13,5,5,0.3205234110355377,0.6825557351112366,0.35
1702,False,choice,1.0,B,D,0.5,1.0,0.3333333333333333,4,12,4,4,0.30132362246513367,0.6468605995178223,0.35
1703,False,numeric_mismatch,0.0,2,1,0.30769230769230765,0.5,0.2222222222222222,4,9,2,2,0.21118956804275513,0.6632396578788757,0.35
1704,False,choice,1.0,C,E,0.5555555555555556,1.0,0.38461538461538464,5,13,5,5,0.32057449221611023,0.6722927093505859,0.35
1705,False,choice,1.0,E,D,0.6666666666666666,1.0,0.5,6,12,6,6,0.46252891421318054,0.8542965650558472,0.35
1706,False,numeric_mismatch,0.0,20 + 21,32,0.5,1.0,0.3333333333333333,4,12,4,4,0.25077584385871887,0.5169662833213806,0.35
1707,False,numeric_mismatch,0.0,31.5,69,0.375,0.75,0.25,4,12,3,3,0.2938419580459595,0.6779630184173584,0.35
1708,True,choice,1.0,B,B,0.5555555555555556,1.0,0.38461538461538464,5,13,5,5,0.34911078214645386,0.5514598488807678,0.35
1709,False,exact,0.3,only Q,E,0.5,1.0,0.3333333333333333,5,15,5,5,0.3411690890789032,0.6824518442153931,0.35
1710,False,choice,1.0,A,D,0.4,1.0,0.25,3,12,3,3,0.2895718514919281,0.678155779838562,0.35
1711,False,exact,0.3,20 km,B,0.4444444444444445,1.0,0.2857142857142857,4,14,4,4,0.38072437047958374,0.8228543996810913,0.35
1712,False,choice,1.0,E,D,0.46153846153846156,0.75,0.3333333333333333,4,9,3,3,0.2830455005168915,0.5457538962364197,0.35
1713,False,numeric_mismatch,0.0,1,4,0.47058823529411764,1.0,0.3076923076923077,4,13,4,4,0.40065956115722656,0.9246406555175781,0.35
1714,True,exact,0.7,8 cm,C,0.6153846153846153,1.0,0.4444444444444444,4,9,4,4,0.29750221967697144,0.6075812578201294,0.35
1715,False,choice,1.0,D,A,0.8235294117647058,1.0,0.7,7,10,7,7,0.31269949674606323,0.6673627495765686,0.35
1716,False,choice,1.0,D,E,0.6666666666666666,1.0,0.5,6,12,6,6,0.3131716549396515,0.8459964990615845,0.35
1717,True,choice,1.0,B,B,0.4210526315789474,1.0,0.26666666666666666,4,15,4,4,0.3002086579799652,0.7980968952178955,0.35
1718,False,numeric_mismatch,0.0,20,8,0.7586206896551724,0.6875,0.8461538461538461,16,13,11,11,0.3793949484825134,0.7080929279327393,0.35
1719,False,choice,1.0,D,A,0.5,1.0,0.3333333333333333,4,12,4,4,0.5503239035606384,0.7718343138694763,0.35
1720,False,numeric_mismatch,0.0,4,21,0.4444444444444445,1.0,0.2857142857142857,4,14,4,4,0.42375609278678894,0.7164929509162903,0.35
1721,False,choice,1.0,B,C,0.47058823529411764,0.8,0.3333333333333333,5,12,4,4,0.24003933370113373,0.6048120856285095,0.35
1722,False,numeric_mismatch,0.0,16,10,0.6,0.75,0.5,8,12,6,6,0.3030281960964203,0.8470601439476013,0.35
1723,False,choice,1.0,B,E,0.47058823529411764,0.8,0.3333333333333333,5,12,4,4,0.3500473201274872,0.852968156337738,0.35
1724,False,choice,1.0,D,E,0.5,1.0,0.3333333333333333,4,12,4,4,0.44522523880004883,0.782615602016449,0.35
1725,False,exact,0.3,1 and 4,E,0.3478260869565218,0.8,0.2222222222222222,5,18,4,4,0.4084464907646179,0.7443526387214661,0.35
1726,False,choice,1.0,E,B,0.4444444444444444,0.8,0.3076923076923077,5,13,4,4,0.2817506492137909,0.6535875201225281,0.35
1727,False,choice,1.0,B,D,0.35294117647058826,1.0,0.21428571428571427,3,14,3,3,0.3612229824066162,0.785504162311554,0.35
1728,False,numeric_mismatch,0.0,1,4,0.5555555555555556,1.0,0.38461538461538464,5,13,5,5,0.4045996069908142,0.8606600165367126,0.35
1729,False,exact,0.3,C) $rac{1}{6}$ turn,D,0.375,0.75,0.25,4,12,3,3,0.28834083676338196,0.7569378018379211,0.35
1730,True,exact,0.7,55 cm²,C,0.625,0.8333333333333334,0.5,6,10,5,5,0.30404117703437805,0.66075199842453,0.35
1731,False,choice,1.0,B,C,0.5000000000000001,0.8,0.36363636363636365,5,11,4,4,0.27369287610054016,0.956164538860321,0.35
1732,False,numeric_mismatch,0.0,4,60,0.631578947368421,1.0,0.46153846153846156,6,13,6,6,0.34015873074531555,0.7500607967376709,0.35
1733,False,exact,0.3,25 cm,D,0.8571428571428571,1.0,0.75,9,12,9,9,0.4318006932735443,0.8622089624404907,0.35
1734,False,choice,1.0,D,A,0.3157894736842105,0.6,0.21428571428571427,5,14,3,3,0.2305496484041214,0.7238824963569641,0.35
1735,False,numeric_mismatch,0.0,4,2,0.5555555555555556,1.0,0.38461538461538464,5,13,5,5,0.43840575218200684,0.719182014465332,0.35
1736,False,exact,0.3,24 cm,D,0.47058823529411764,1.0,0.3076923076923077,4,13,4,4,0.32541531324386597,0.6735848188400269,0.35
1737,False,choice,1.0,B,C,0.4,1.0,0.25,3,12,3,3,0.25945302844047546,0.583156168460846,0.35
1738,False,exact,0.3,All five numbers,5,0.5555555555555556,0.8333333333333334,0.4166666666666667,6,12,5,5,0.33321699500083923,0.7431972622871399,0.35
1739,False,numeric_mismatch,0.0,24,19,0.7692307692307692,0.7142857142857143,0.8333333333333334,7,6,5,5,0.3039071261882782,0.6620877385139465,0.35
1740,True,numeric_rounded,0.9,19,20,0.4444444444444445,1.0,0.2857142857142857,4,14,4,4,0.3576386868953705,0.7474331259727478,0.35
1741,False,numeric_mismatch,0.0,168,17,0.8799999999999999,0.8461538461538461,0.9166666666666666,13,12,11,11,0.4366072118282318,0.8034870028495789,0.35
1742,False,numeric_mismatch,0.0,15,711,0.4210526315789474,1.0,0.26666666666666666,4,15,4,4,0.5107132792472839,0.8303713798522949,0.35
1743,False,choice,1.0,C,A,0.37499999999999994,0.6,0.2727272727272727,5,11,3,3,0.28049442172050476,0.5005966424942017,0.35
1744,False,numeric_mismatch,0.0,4,12,0.8571428571428571,1.0,0.75,9,12,9,9,0.41532102227211,0.7881324291229248,0.35
1745,False,numeric_mismatch,0.0,2,5,0.8421052631578948,0.8888888888888888,0.8,9,10,8,8,0.3588179647922516,0.6733576655387878,0.35
1746,False,exact,0.3,"N, M, Q, P",D,0.3333333333333333,0.5,0.25,6,12,3,3,0.3138028681278229,0.8368816375732422,0.35
1747,False,exact,0.3,1 and 4,B,0.375,0.75,0.25,4,12,3,3,0.3249880373477936,0.6820533275604248,0.35
1748,True,exact,0.7,"4, 6 and 12",A,0.5333333333333333,1.0,0.36363636363636365,4,11,4,4,0.32268473505973816,0.5748175978660583,0.35
1749,False,choice,1.0,B,C,0.1111111111111111,0.2,0.07692307692307693,5,13,1,1,0.21753890812397003,0.440760999917984,0.35
1750,True,exact,0.7,400 cm,C,0.625,1.0,0.45454545454545453,5,11,5,5,0.4130791425704956,0.8378758430480957,0.35
1751,False,exact,1.0,15:15,D,0.5333333333333333,1.0,0.36363636363636365,4,11,4,4,0.46737346053123474,0.7518566250801086,0.35
1752,True,exact,0.7,2 and 8,A,0.5555555555555556,1.0,0.38461538461538464,5,13,5,5,0.34403687715530396,0.6283861994743347,0.35
1753,True,numeric_exact,1.0,6,6,0.7142857142857143,1.0,0.5555555555555556,5,9,5,5,0.3790084719657898,0.7622302770614624,0.35
1754,False,numeric_mismatch,0.0,0,17,0.4444444444444445,1.0,0.2857142857142857,4,14,4,4,0.3033575415611267,0.594492495059967,0.35
1755,False,numeric_mismatch,0.0,2,3,0.5,1.0,0.3333333333333333,4,12,4,4,0.36150026321411133,0.6109983921051025,0.35
1756,False,exact,1.0,Rabbit,E,0.7000000000000001,0.875,0.5833333333333334,8,12,7,7,0.36954355239868164,0.7685428857803345,0.35
1757,True,choice,1.0,D,D,0.5555555555555556,1.0,0.38461538461538464,5,13,5,5,0.38104552030563354,0.6295024156570435,0.35
1758,False,exact,0.3,29 and 28,E,0.5,1.0,0.3333333333333333,4,12,4,4,0.2887922525405884,0.7261178493499756,0.35
1759,False,exact,1.0,6,E,0.5263157894736842,1.0,0.35714285714285715,5,14,5,5,0.2750835120677948,0.7666367292404175,0.35
1760,False,exact,1.0,SRRR,B,0.5555555555555556,1.0,0.38461538461538464,5,13,5,5,0.2910902500152588,0.6977267265319824,0.35
1761,False,exact,1.0,↓,A,0.5263157894736842,0.7142857142857143,0.4166666666666667,7,12,5,5,0.22262270748615265,0.7764351963996887,0.35
1762,False,choice,1.0,E,C,0.5,1.0,0.3333333333333333,4,12,4,4,0.3477502763271332,0.7082724571228027,0.35
1763,False,numeric_mismatch,0.0,1,16,0.5263157894736842,1.0,0.35714285714285715,5,14,5,5,0.35472697019577026,0.8365241289138794,0.35
1764,False,placeholder,0.0,insufficient information,A,0.0,0.0,0.0,0,12,0,0,0.0,0.0,0.0
1765,False,exact,0.3,Insufficient information,36,0.5217391304347827,0.75,0.4,8,15,6,6,0.2846992611885071,0.6849941611289978,0.35
1766,False,placeholder,0.0,insufficient information,D,0.0,0.0,0.0,0,14,0,0,0.0,0.0,0.0
1767,True,choice,1.0,D,D,0.36363636363636365,0.6666666666666666,0.25,3,8,2,2,0.3070772588253021,0.8112583160400391,0.35
1768,False,exact,1.0,1/6,B,0.7200000000000001,0.9,0.6,10,15,9,9,0.31229665875434875,0.7256594896316528,0.35
1769,True,numeric_exact,1.0,2,2,0.7692307692307693,1.0,0.625,5,8,5,5,0.34776929020881653,0.7115796208381653,0.35
1770,False,exact,1.0,90°,B,0.6666666666666667,0.8333333333333334,0.5555555555555556,6,9,5,5,0.3487231433391571,0.6948243379592896,0.35
1771,False,numeric_mismatch,0.0,6,18,0.4444444444444445,1.0,0.2857142857142857,4,14,4,4,0.39694616198539734,0.8960233330726624,0.35
1772,False,placeholder,0.0,insufficient information,B,0.0,0.0,0.0,0,12,0,0,0.0,0.0,0.0
1773,False,placeholder,0.0,insufficient information,E,0.0,0.0,0.0,0,13,0,0,0.0,0.0,0.0
1774,False,numeric_mismatch,0.0,3,2,0.7000000000000001,1.0,0.5384615384615384,7,13,7,7,0.4968177378177643,0.8321123123168945,0.35
1775,True,exact,0.7,An equilateral triangle,A,0.375,1.0,0.23076923076923078,3,13,3,3,0.4223317801952362,0.7573709487915039,0.35
1776,False,placeholder,0.0,insufficient information,10,0.0,0.0,0.0,0,9,0,0,0.0,0.0,0.0
1777,False,numeric_mismatch,0.0,34,42,0.47058823529411764,0.8,0.3333333333333333,5,12,4,4,0.21799546480178833,0.8021185994148254,0.35
1778,False,placeholder,0.0,insufficient information,8,0.0,0.0,0.0,0,14,0,0,0.0,0.0,0.0
1779,True,numeric_exact,1.0,8,8,0.6,1.0,0.42857142857142855,6,14,6,6,0.3623150587081909,0.8676218390464783,0.35
1780,False,numeric_mismatch,0.0,3√2,4,0.5714285714285715,1.0,0.4,6,15,6,6,0.38947489857673645,0.8133739233016968,0.35
1781,False,exact,0.3,3 a(b-a)+a^2,E,0.3529411764705882,0.75,0.23076923076923078,4,13,3,3,0.2809012532234192,0.6639256477355957,0.35
1782,False,exact,0.3,2: 3,D,0.6086956521739131,1.0,0.4375,7,16,7,7,0.44524773955345154,0.8905948400497437,0.35
1783,True,numeric_exact,1.0,12,12,0.4444444444444444,0.6666666666666666,0.3333333333333333,6,12,4,4,0.267208993434906,0.7729195952415466,0.35
1784,False,placeholder,0.0,insufficient information,E,0.0,0.0,0.0,0,14,0,0,0.0,0.0,0.0
1785,False,exact,0.3,(10 ; 10),A,0.4,0.6666666666666666,0.2857142857142857,6,14,4,4,0.23738890886306763,0.5902233123779297,0.35
1786,False,exact,1.0,20%,D,0.5882352941176471,1.0,0.4166666666666667,5,12,5,5,0.34318387508392334,0.7351456880569458,0.35
1787,True,choice,1.0,E,E,0.47058823529411764,1.0,0.3076923076923077,4,13,4,4,0.28193363547325134,0.6221818923950195,0.35
1788,False,placeholder,0.0,insufficient information,B,0.0,0.0,0.0,0,12,0,0,0.0,0.0,0.0
1789,False,numeric_mismatch,0.0,32,18,0.47058823529411764,1.0,0.3076923076923077,4,13,4,4,0.46095383167266846,0.882997453212738,0.35
1790,False,placeholder,0.0,insufficient information,12,0.0,0.0,0.0,0,12,0,0,0.0,0.0,0.0
1791,False,numeric_mismatch,0.0,62,124,0.5,1.0,0.3333333333333333,4,12,4,4,0.3742707669734955,0.8086738586425781,0.35
1792,False,numeric_mismatch,0.0,1,4,0.375,1.0,0.23076923076923078,3,13,3,3,0.42350801825523376,0.7976829409599304,0.35
1793,False,exact,1.0,ANMAIKOLIRJ,E,0.6666666666666666,1.0,0.5,6,12,6,6,0.3967907130718231,0.7585384845733643,0.35
1794,False,numeric_mismatch,0.0,21,27,0.375,0.75,0.25,4,12,3,3,0.3507666289806366,0.6765685081481934,0.35
1795,False,numeric_mismatch,0.0,8,34,0.5,0.5714285714285714,0.4444444444444444,7,9,4,4,0.3568632900714874,0.6096163392066956,0.35
1796,False,numeric_mismatch,0.0,1,3,0.375,1.0,0.23076923076923078,3,13,3,3,0.33075031638145447,0.5874497890472412,0.35
1797,False,placeholder,0.0,insufficient information,D,0.0,0.0,0.0,0,15,0,0,0.0,0.0,0.0
1798,False,placeholder,0.0,insufficient information,D,0.0,0.0,0.0,0,15,0,0,0.0,0.0,0.0
1799,False,numeric_mismatch,0.0,24,42,0.5263157894736842,1.0,0.35714285714285715,5,14,5,5,0.30662915110588074,0.7741896510124207,0.35
1800,True,exact,0.7,W and Y,A,0.4615384615384615,0.6,0.375,5,8,3,3,0.3289429843425751,0.7120786905288696,0.35
1801,False,numeric_mismatch,0.0,4,2,0.4761904761904762,0.7142857142857143,0.35714285714285715,7,14,5,5,0.31724175810813904,0.7573406100273132,0.35
1802,True,exact,0.7,100 dm,D,0.5,1.0,0.3333333333333333,5,15,5,5,0.3419186770915985,0.7690065503120422,0.35
1803,False,numeric_mismatch,0.0,3,4,0.4,1.0,0.25,3,12,3,3,0.30636006593704224,0.6458079814910889,0.35
1804,False,numeric_mismatch,0.0,18,36,0.5,1.0,0.3333333333333333,5,15,5,5,0.44788864254951477,0.7311825752258301,0.35
1805,False,exact,1.0,56°,A,0.47058823529411764,1.0,0.3076923076923077,4,13,4,4,0.40984418988227844,0.7794505953788757,0.35
1806,True,numeric_exact,1.0,4,4,0.47058823529411764,1.0,0.3076923076923077,4,13,4,4,0.35509008169174194,0.6595784425735474,0.35
1807,False,placeholder,0.0,insufficient information,D,0.0,0.0,0.0,0,12,0,0,0.0,0.0,0.0
1808,False,exact,1.0,108°,C,0.47058823529411764,1.0,0.3076923076923077,4,13,4,4,0.3198758661746979,0.7969735264778137,0.35
1809,True,numeric_rounded,0.85,987,864,0.47058823529411764,0.8,0.3333333333333333,5,12,4,4,0.3497757911682129,0.6716042757034302,0.35
1810,True,numeric_rounded,0.9,18,20,0.6666666666666666,1.0,0.5,7,14,7,7,0.4844997823238373,0.9004128575325012,0.35
1811,True,exact,0.7,12 cm,C,0.5555555555555556,1.0,0.38461538461538464,5,13,5,5,0.4640173316001892,0.9515165090560913,0.35
1812,False,exact,1.0,1/100,D,0.631578947368421,0.8571428571428571,0.5,7,12,6,6,0.33359286189079285,0.850106418132782,0.35
1813,False,exact,1.0,54°,C,0.7272727272727273,1.0,0.5714285714285714,8,14,8,8,0.43347665667533875,0.8520354628562927,0.35
1814,False,exact,0.3,"I, III, IV and V",B,0.2857142857142857,1.0,0.16666666666666666,2,12,2,2,0.3514716327190399,0.5545929074287415,0.35
1815,False,numeric_mismatch,0.0,1,3,0.6,1.0,0.42857142857142855,6,14,6,6,0.42544445395469666,0.664650559425354,0.35
1816,False,placeholder,0.0,insufficient information,A,0.0,0.0,0.0,0,12,0,0,0.0,0.0,0.0
1817,True,numeric_rounded,0.9,18,17,0.5263157894736842,1.0,0.35714285714285715,5,14,5,5,0.36119598150253296,0.8359029293060303,0.35
1818,False,exact,0.3,either R or S,D,0.375,1.0,0.23076923076923078,3,13,3,3,0.47062933444976807,0.8006986975669861,0.35
1819,False,placeholder,0.0,insufficient information,E,0.0,0.0,0.0,0,13,0,0,0.0,0.0,0.0
1820,False,placeholder,0.0,insufficient information,92,0.0,0.0,0.0,0,12,0,0,0.0,0.0,0.0
1821,False,numeric_mismatch,0.0,4,6,0.5,0.8333333333333334,0.35714285714285715,6,14,5,5,0.30720657110214233,0.7592786550521851,0.35
1822,False,choice,1.0,b,A,0.47058823529411764,1.0,0.3076923076923077,4,13,4,4,0.35343506932258606,0.7076101303100586,0.35
1823,False,exact,1.0,4:1,D,0.631578947368421,1.0,0.46153846153846156,6,13,6,6,0.4184970259666443,0.9000950455665588,0.35
1824,True,numeric_exact,1.0,2,2,0.4,1.0,0.25,3,12,3,3,0.34812870621681213,0.5853848457336426,0.35
1825,False,placeholder,0.0,insufficient information,E,0.0,0.0,0.0,0,9,0,0,0.0,0.0,0.0
1826,False,exact,1.0,square,C,0.6956521739130436,1.0,0.5333333333333333,8,15,8,8,0.41043052077293396,0.8347609043121338,0.35
1827,True,numeric_exact,1.0,3,3,0.5882352941176471,1.0,0.4166666666666667,5,12,5,5,0.3793317675590515,0.7723995447158813,0.35
1828,False,exact,1.0,55°,B,0.5555555555555556,1.0,0.38461538461538464,5,13,5,5,0.4699530005455017,0.7579224705696106,0.35
1829,False,choice,1.0,D,B,0.22222222222222224,0.5,0.14285714285714285,4,14,2,2,0.22447870671749115,0.45258891582489014,0.35
1830,False,numeric_mismatch,0.0,16,6,0.631578947368421,1.0,0.46153846153846156,6,13,6,6,0.35428863763809204,0.7769227623939514,0.35
1831,False,numeric_mismatch,0.0,5,1,0.4,0.45454545454545453,0.35714285714285715,11,14,5,5,0.27155551314353943,0.5773981213569641,0.35
1832,False,placeholder,0.0,insufficient information,B,0.0,0.0,0.0,0,9,0,0,0.0,0.0,0.0
1833,True,numeric_exact,1.0,6,6,0.5,1.0,0.3333333333333333,4,12,4,4,0.4110402762889862,0.7431433200836182,0.35
1834,False,choice,1.0,E,D,0.3333333333333333,0.75,0.21428571428571427,4,14,3,3,0.3242277503013611,0.634192705154419,0.35
1835,False,numeric_mismatch,0.0,32,42,0.5,1.0,0.3333333333333333,4,12,4,4,0.46651366353034973,0.9152234792709351,0.35
1836,False,placeholder,0.0,insufficient information,A,0.0,0.0,0.0,0,12,0,0,0.0,0.0,0.0
1837,False,numeric_mismatch,0.0,1,3,0.4444444444444445,1.0,0.2857142857142857,4,14,4,4,0.4171413779258728,0.7597993016242981,0.35
1838,False,numeric_mismatch,0.0,4,13,0.47058823529411764,1.0,0.3076923076923077,4,13,4,4,0.3097028434276581,0.6320860385894775,0.35
1839,False,exact,1.0,blue,A,0.4761904761904762,0.5555555555555556,0.4166666666666667,9,12,5,5,0.30325350165367126,0.7547450065612793,0.35
1840,False,placeholder,0.0,insufficient information,D,0.0,0.0,0.0,0,12,0,0,0.0,0.0,0.0
1841,False,choice,1.0,E,A,0.5,1.0,0.3333333333333333,3,9,3,3,0.2852329909801483,0.6207512617111206,0.35
1842,False,choice,1.0,B,D,0.47058823529411764,1.0,0.3076923076923077,4,13,4,4,0.28513041138648987,0.717767059803009,0.35
1843,False,placeholder,0.0,insufficient information,D,0.0,0.0,0.0,0,10,0,0,0.0,0.0,0.0
1844,False,numeric_mismatch,0.0,13,37,0.631578947368421,1.0,0.46153846153846156,6,13,6,6,0.40843263268470764,0.7538356184959412,0.35
1845,False,numeric_mismatch,0.0,30,45,0.6666666666666666,1.0,0.5,6,12,6,6,0.36736953258514404,0.7709466814994812,0.35
1846,False,choice,1.0,O,E,0.5714285714285714,0.8571428571428571,0.42857142857142855,7,14,6,6,0.3660213351249695,0.6565835475921631,0.35
1847,False,exact,0.3,700 m,C,0.5555555555555556,1.0,0.38461538461538464,5,13,5,5,0.3499535322189331,0.7747834324836731,0.35
1848,False,numeric_mismatch,0.0,3,4,0.5333333333333333,1.0,0.36363636363636365,4,11,4,4,0.42399415373802185,0.7092579007148743,0.35
1849,False,exact,0.3,"B, C, E",D,0.4,1.0,0.25,3,12,3,3,0.4041007161140442,0.6591336131095886,0.35
1850,True,choice,1.0,D,D,0.11111111111111112,0.25,0.07142857142857142,4,14,1,1,0.17055605351924896,0.3588513135910034,0.35
1851,False,exact,0.3,18 m²,C,0.631578947368421,1.0,0.46153846153846156,6,13,6,6,0.33313891291618347,0.7635210752487183,0.35
1852,False,numeric_mismatch,0.0,160,60,0.761904761904762,0.8888888888888888,0.6666666666666666,9,12,8,8,0.37472084164619446,0.8484039902687073,0.35
1853,False,exact,1.0,42°,C,0.4615384615384615,0.6,0.375,5,8,3,3,0.22278475761413574,0.5644547939300537,0.35
1854,False,exact,0.3,1.2 cm,D,0.6,1.0,0.42857142857142855,6,14,6,6,0.47412362694740295,0.8370726108551025,0.35
1855,False,exact,0.3,1 and 7,B,0.5714285714285715,1.0,0.4,4,10,4,4,0.42890381813049316,0.7517530918121338,0.35
1856,False,exact,0.3,1: 5,D,0.7272727272727273,1.0,0.5714285714285714,8,14,8,8,0.294521301984787,0.7989639043807983,0.35
1857,False,exact,0.3,All answers are possible.,C,0.631578947368421,1.0,0.46153846153846156,6,13,6,6,0.3928450644016266,0.7055157423019409,0.35
1858,False,placeholder,0.0,insufficient information,C,0.0,0.0,0.0,0,14,0,0,0.0,0.0,0.0
1859,True,numeric_exact,1.0,6,6,0.6666666666666666,1.0,0.5,7,14,7,7,0.41186952590942383,0.717212975025177,0.35
1860,False,numeric_mismatch,0.0,3,4,0.5263157894736842,1.0,0.35714285714285715,5,14,5,5,0.36043933033943176,0.6627668738365173,0.35
1861,False,numeric_mismatch,0.0,10,8,0.47058823529411764,1.0,0.3076923076923077,4,13,4,4,0.37086570262908936,0.6090248823165894,0.35
1862,False,exact,0.3,Shape 1,C,0.5555555555555556,1.0,0.38461538461538464,5,13,5,5,0.29550477862358093,0.5388209223747253,0.35
1863,True,numeric_rounded,0.85,36,32,0.5555555555555556,1.0,0.38461538461538464,5,13,5,5,0.45444560050964355,0.7471246719360352,0.35
1864,False,choice,1.0,B,C,0.5,1.0,0.3333333333333333,4,12,4,4,0.28285354375839233,0.8076666593551636,0.35
1865,False,choice,1.0,D,A,0.4761904761904762,0.625,0.38461538461538464,8,13,5,5,0.2932835817337036,0.6543756723403931,0.35
1866,False,placeholder,0.0,insufficient information,B,0.0,0.0,0.0,0,12,0,0,0.0,0.0,0.0
1867,False,numeric_mismatch,0.0,9,5,0.5217391304347826,0.6666666666666666,0.42857142857142855,9,14,6,6,0.2809428572654724,0.7264899611473083,0.35
1868,False,numeric_mismatch,0.0,81,9,0.5882352941176471,1.0,0.4166666666666667,5,12,5,5,0.43510007858276367,0.8051773905754089,0.35
1869,False,numeric_mismatch,0.0,2,4,0.4615384615384615,1.0,0.3,3,10,3,3,0.3222285509109497,0.562998354434967,0.35
1870,True,numeric_exact,1.0,5,5,0.6,1.0,0.42857142857142855,6,14,6,6,0.3575010597705841,0.6964677572250366,0.35
1871,True,numeric_exact,1.0,6,6,0.6666666666666666,1.0,0.5,6,12,6,6,0.4129640758037567,0.8253164887428284,0.35
1872,False,numeric_mismatch,0.0,6,20,0.35294117647058826,0.6,0.25,5,12,3,3,0.3682310879230499,0.9165947437286377,0.35
1873,True,numeric_rounded,0.85,6,7,0.47058823529411764,0.8,0.3333333333333333,5,12,4,4,0.33131512999534607,0.683199942111969,0.35
1874,False,placeholder,0.0,insufficient information,B,0.0,0.0,0.0,0,13,0,0,0.0,0.0,0.0
1875,False,exact,0.3,16 cm²,E,0.5882352941176471,1.0,0.4166666666666667,5,12,5,5,0.42235034704208374,0.8233621716499329,0.35
1876,False,exact,1.0,4,E,0.5263157894736842,1.0,0.35714285714285715,5,14,5,5,0.29705244302749634,0.8496999144554138,0.35
1877,False,exact,1.0,36°,C,0.8571428571428571,1.0,0.75,9,12,9,9,0.4394296109676361,0.8846827745437622,0.35
1878,False,numeric_mismatch,0.0,15,27,0.5555555555555556,1.0,0.38461538461538464,5,13,5,5,0.3788066506385803,0.808262050151825,0.35
1879,False,numeric_mismatch,0.0,20,45,0.47058823529411764,1.0,0.3076923076923077,4,13,4,4,0.32084953784942627,0.5649059414863586,0.35
1880,True,choice,1.0,A,A,0.5333333333333333,1.0,0.36363636363636365,4,11,4,4,0.29125097393989563,0.8102351427078247,0.35
1881,True,numeric_rounded,0.9,15,16,0.5555555555555556,1.0,0.38461538461538464,5,13,5,5,0.2983713150024414,0.7143406271934509,0.35
1882,False,numeric_mismatch,0.0,2,5,0.4444444444444445,1.0,0.2857142857142857,4,14,4,4,0.458574116230011,0.9010204076766968,0.35
1883,False,choice,1.0,C,E,0.11764705882352941,0.3333333333333333,0.07142857142857142,3,14,1,1,0.21084138751029968,0.46911150217056274,0.35
1884,False,exact,0.3,"5, 6, 11",A,0.4,1.0,0.25,3,12,3,3,0.26073551177978516,0.6627563238143921,0.35
1885,False,exact,1.0,RS,C,0.5714285714285715,0.6666666666666666,0.5,6,8,4,4,0.27246689796447754,0.6796021461486816,0.35
1886,False,choice,1.0,D,C,0.3333333333333333,0.75,0.21428571428571427,4,14,3,3,0.35083526372909546,0.6708614826202393,0.35
1887,True,numeric_rounded,0.85,9,8,0.6666666666666667,0.7272727272727273,0.6153846153846154,11,13,8,8,0.3107808828353882,0.8606301546096802,0.35
1888,False,numeric_mismatch,0.0,0.5,1,0.5882352941176471,1.0,0.4166666666666667,5,12,5,5,0.35226309299468994,0.7753071188926697,0.35
1889,False,placeholder,0.0,insufficient information,E,0.0,0.0,0.0,0,14,0,0,0.0,0.0,0.0
1890,False,exact,0.3,only red,A,0.761904761904762,1.0,0.6153846153846154,8,13,8,8,0.39319097995758057,0.8452286720275879,0.35
1891,False,choice,1.0,c,D,0.5384615384615384,0.5,0.5833333333333334,14,12,7,7,0.3066803514957428,0.7231549620628357,0.35
1892,False,numeric_mismatch,0.0,-2,6,0.35294117647058826,0.6,0.25,5,12,3,3,0.27425915002822876,0.6887454390525818,0.35
1893,False,numeric_mismatch,0.0,5,4,0.6956521739130435,0.8888888888888888,0.5714285714285714,9,14,8,8,0.3370327651500702,0.7308481931686401,0.35
1894,False,placeholder,0.0,insufficient information,D,0.0,0.0,0.0,0,14,0,0,0.0,0.0,0.0
1895,False,choice,1.0,C,A,0.5,0.6,0.42857142857142855,5,7,3,3,0.36871230602264404,0.6997793912887573,0.35
1896,False,exact,1.0,180°,C,0.4,1.0,0.25,3,12,3,3,0.35488447546958923,0.7028291821479797,0.35
1897,False,choice,1.0,D,B,0.3636363636363636,1.0,0.2222222222222222,4,18,4,4,0.40106216073036194,0.7449665665626526,0.35
1898,False,placeholder,0.0,insufficient information,C,0.0,0.0,0.0,0,12,0,0,0.0,0.0,0.0
1899,True,numeric_exact,1.0,6,6,0.6956521739130436,1.0,0.5333333333333333,8,15,8,8,0.32042720913887024,0.7515031695365906,0.35
1900,False,exact,0.3,24 cm,E,0.5882352941176471,1.0,0.4166666666666667,5,12,5,5,0.4377405345439911,0.8308053612709045,0.35
1901,False,choice,1.0,C,A,0.5,1.0,0.3333333333333333,4,12,4,4,0.26044365763664246,0.6848467588424683,0.35
1902,False,placeholder,0.0,insufficient information,D,0.0,0.0,0.0,0,14,0,0,0.0,0.0,0.0
1903,False,numeric_mismatch,0.0,27,105,0.631578947368421,1.0,0.46153846153846156,6,13,6,6,0.42328161001205444,0.8991802334785461,0.35
1904,False,numeric_mismatch,0.0,24,9,0.6666666666666666,1.0,0.5,7,14,7,7,0.4012121558189392,0.9087731242179871,0.35
1905,False,numeric_mismatch,0.0,9,17,0.45454545454545453,0.625,0.35714285714285715,8,14,5,5,0.2778691053390503,0.844017744064331,0.35
1906,False,choice,1.0,B,A,0.625,1.0,0.45454545454545453,5,11,5,5,0.377198189496994,0.8222746849060059,0.35
1907,False,placeholder,0.0,insufficient information,118,0.0,0.0,0.0,0,16,0,0,0.0,0.0,0.0
1908,False,choice,1.0,E,A,0.3333333333333333,0.5,0.25,4,8,2,2,0.2962040901184082,0.7958458662033081,0.35
1909,False,exact,1.0,\frac{3}{5},A,0.5555555555555556,1.0,0.38461538461538464,5,13,5,5,0.33786389231681824,0.7973410487174988,0.35
1910,False,exact,0.3,12 m,E,0.5000000000000001,0.8,0.36363636363636365,5,11,4,4,0.29000434279441833,0.6468845009803772,0.35
1911,True,choice,1.0,D,D,0.2222222222222222,0.6666666666666666,0.13333333333333333,3,15,2,2,0.2319158911705017,0.5676946640014648,0.35
1912,False,exact,0.3,13 cm²,B,0.5,0.625,0.4166666666666667,8,12,5,5,0.3132536709308624,0.8304252624511719,0.35
1913,False,placeholder,0.0,insufficient information,D,0.0,0.0,0.0,0,14,0,0,0.0,0.0,0.0
1914,False,placeholder,0.0,insufficient information,D,0.0,0.0,0.0,0,13,0,0,0.0,0.0,0.0
1915,False,numeric_mismatch,0.0,18,63,0.6923076923076924,0.6428571428571429,0.75,14,12,9,9,0.364865779876709,0.8771325945854187,0.35
1916,False,exact,0.3,6.4 cm²,B,0.5882352941176471,1.0,0.4166666666666667,5,12,5,5,0.404340535402298,0.8134805560112,0.35
1917,False,numeric_mismatch,0.0,18,22,0.5882352941176471,1.0,0.4166666666666667,5,12,5,5,0.3255021274089813,0.7291619777679443,0.35
1918,False,numeric_mismatch,0.0,5,18,0.5882352941176471,1.0,0.4166666666666667,5,12,5,5,0.363556832075119,0.9023243188858032,0.35
1919,False,exact,1.0,24%,D,0.7142857142857143,1.0,0.5555555555555556,5,9,5,5,0.31555435061454773,0.800081729888916,0.35
1920,True,numeric_rounded,0.85,44,39,0.5,1.0,0.3333333333333333,4,12,4,4,0.4288320541381836,0.8327366709709167,0.35
1921,False,numeric_mismatch,0.0,3,10,0.7058823529411764,1.0,0.5454545454545454,6,11,6,6,0.3707582950592041,0.6932408213615417,0.35
1922,False,placeholder,0.0,insufficient information,D,0.0,0.0,0.0,0,15,0,0,0.0,0.0,0.0
1923,False,exact,1.0,ADAM,E,0.5,1.0,0.3333333333333333,4,12,4,4,0.39994096755981445,0.8094971179962158,0.35
1924,False,choice,1.0,D,C,0.25,0.5,0.16666666666666666,4,12,2,2,0.23125624656677246,0.6087081432342529,0.35
1925,True,numeric_exact,1.0,20,20,0.5,1.0,0.3333333333333333,4,12,4,4,0.43389591574668884,0.8209423422813416,0.35
1926,False,numeric_mismatch,0.0,2,4,0.5,1.0,0.3333333333333333,4,12,4,4,0.3057287931442261,0.7178084254264832,0.35
1927,True,exact,0.7,76 cm,C,0.5555555555555556,0.8333333333333334,0.4166666666666667,6,12,5,5,0.3391948342323303,0.8469506502151489,0.35
1928,False,exact,0.3,2 cm,D,0.5555555555555556,1.0,0.38461538461538464,5,13,5,5,0.39432492852211,0.7821667790412903,0.35
1929,False,exact,0.3,1 cm,D,0.8461538461538461,0.9166666666666666,0.7857142857142857,12,14,11,11,0.332699716091156,0.7299729585647583,0.35
1930,False,numeric_mismatch,0.0,11,6,0.4444444444444444,0.6666666666666666,0.3333333333333333,6,12,4,4,0.3049700856208801,0.6232939958572388,0.35
1931,False,placeholder,0.0,insufficient information,A,0.0,0.0,0.0,0,12,0,0,0.0,0.0,0.0
1932,False,placeholder,0.0,insufficient information,B,0.0,0.0,0.0,0,13,0,0,0.0,0.0,0.0
1933,False,numeric_mismatch,0.0,10,17,0.5882352941176471,1.0,0.4166666666666667,5,12,5,5,0.4391762614250183,0.8958229422569275,0.35
1934,True,exact,0.7,1820 cm³,C,0.2857142857142857,1.0,0.16666666666666666,2,12,2,2,0.2635878026485443,0.6449803113937378,0.35
1935,False,placeholder,0.0,insufficient information,7,0.0,0.0,0.0,0,12,0,0,0.0,0.0,0.0
1936,False,placeholder,0.0,insufficient information,B,0.0,0.0,0.0,0,12,0,0,0.0,0.0,0.0
1937,False,placeholder,0.0,insufficient information,D,0.0,0.0,0.0,0,12,0,0,0.0,0.0,0.0
1938,False,exact,0.3,9 cm²,B,0.5263157894736842,1.0,0.35714285714285715,5,14,5,5,0.35211077332496643,0.840673565864563,0.35
1939,False,placeholder,0.0,insufficient information,C,0.0,0.0,0.0,0,12,0,0,0.0,0.0,0.0
1940,False,numeric_mismatch,0.0,6,3,0.3333333333333333,0.5,0.25,6,12,3,3,0.28588616847991943,0.6480588912963867,0.35
1941,True,choice,1.0,E,E,0.23529411764705882,0.4,0.16666666666666666,5,12,2,2,0.2802196145057678,0.5709942579269409,0.35
1942,False,numeric_mismatch,0.0,8,20,0.47058823529411764,1.0,0.3076923076923077,4,13,4,4,0.43632224202156067,0.7913879156112671,0.35
1943,False,choice,1.0,E,D,0.26666666666666666,0.6666666666666666,0.16666666666666666,3,12,2,2,0.34922388195991516,0.610197126865387,0.35
1944,False,choice,1.0,E,D,0.2857142857142857,1.0,0.16666666666666666,2,12,2,2,0.4174727499485016,0.6741564869880676,0.35
1945,False,exact,1.0,4/9,D,0.6,1.0,0.42857142857142855,3,7,3,3,0.34746479988098145,0.6092775464057922,0.35
1946,True,exact,0.7,"4, 5, and 6",A,0.5833333333333334,0.5833333333333334,0.5833333333333334,12,12,7,7,0.28140461444854736,0.567775547504425,0.35
1947,False,exact,1.0,70°,B,0.6451612903225806,0.5555555555555556,0.7692307692307693,18,13,10,10,0.4439895451068878,0.8842124342918396,0.35
1948,False,choice,1.0,B,E,0.35294117647058826,0.6,0.25,5,12,3,3,0.3381448984146118,0.6478980779647827,0.35
1949,False,numeric_mismatch,0.0,3,5,0.5882352941176471,1.0,0.4166666666666667,5,12,5,5,0.4209992289543152,0.6226493716239929,0.35
1950,False,exact,0.3,14 cm²,B,0.5333333333333333,0.8,0.4,5,10,4,4,0.2708922326564789,0.7804953455924988,0.35
1951,False,numeric_mismatch,0.0,6,16,0.5263157894736842,1.0,0.35714285714285715,5,14,5,5,0.2547125220298767,0.7542551755905151,0.35
1952,False,numeric_mismatch,0.0,20,32,0.5,1.0,0.3333333333333333,4,12,4,4,0.3346787989139557,0.831322968006134,0.35
1953,False,numeric_mismatch,0.0,3,5,0.5263157894736842,1.0,0.35714285714285715,5,14,5,5,0.38559508323669434,0.7671830058097839,0.35
1954,True,choice,1.0,E,E,0.7142857142857143,1.0,0.5555555555555556,5,9,5,5,0.34264999628067017,0.6572822332382202,0.35
1955,True,exact,0.7,2 and 7,A,0.6153846153846153,0.6666666666666666,0.5714285714285714,6,7,4,4,0.3580724000930786,0.7272142171859741,0.35
1956,False,exact,0.3,B) \(\frac{5}{8}\),E,0.6666666666666666,1.0,0.5,6,12,6,6,0.33303603529930115,0.7357944250106812,0.35
1957,False,exact,1.0,5/9,B,0.5,1.0,0.3333333333333333,4,12,4,4,0.3504970967769623,0.6350498199462891,0.35
1958,False,numeric_mismatch,0.0,4,36,0.5555555555555556,1.0,0.38461538461538464,5,13,5,5,0.3280143141746521,0.781368613243103,0.35
1959,False,numeric_mismatch,0.0,3,4,0.47058823529411764,1.0,0.3076923076923077,4,13,4,4,0.3511165976524353,0.7665971517562866,0.35
1960,False,placeholder,0.0,insufficient information,E,0.0,0.0,0.0,0,12,0,0,0.0,0.0,0.0
1961,False,exact,0.3,41 km,D,0.5000000000000001,0.8,0.36363636363636365,5,11,4,4,0.25603169202804565,0.702678918838501,0.35
1962,False,choice,1.0,E,C,0.375,0.75,0.25,4,12,3,3,0.3318881690502167,0.5732460618019104,0.35
1963,False,numeric_mismatch,0.0,6√2,8.0,0.5882352941176471,1.0,0.4166666666666667,5,12,5,5,0.4522518217563629,0.9419876933097839,0.35
1964,False,numeric_mismatch,0.0,54,6,0.6363636363636364,1.0,0.4666666666666667,7,15,7,7,0.475009560585022,0.920610785484314,0.35
1965,False,placeholder,0.0,insufficient information,D,0.0,0.0,0.0,0,13,0,0,0.0,0.0,0.0
1966,False,numeric_mismatch,0.0,10,15,0.5,0.6666666666666666,0.4,6,10,4,4,0.2773762345314026,0.5906716585159302,0.35
1967,False,choice,1.0,D,A,0.125,0.3333333333333333,0.07692307692307693,3,13,1,1,0.18795862793922424,0.47572848200798035,0.35
1968,False,placeholder,0.0,insufficient information,B,0.0,0.0,0.0,0,14,0,0,0.0,0.0,0.0
1969,False,numeric_mismatch,0.0,18,34,0.4444444444444445,1.0,0.2857142857142857,4,14,4,4,0.38942772150039673,0.7661193013191223,0.35
1970,True,choice,1.0,A,A,0.4615384615384615,1.0,0.3,3,10,3,3,0.3039054572582245,0.6622053384780884,0.35
1971,False,exact,1.0,40%,E,0.5882352941176471,1.0,0.4166666666666667,5,12,5,5,0.3994467556476593,0.8062949180603027,0.35
1972,False,numeric_mismatch,0.0,5,-100,0.23529411764705882,0.5,0.15384615384615385,4,13,2,2,0.23969152569770813,0.6516141295433044,0.35
1973,False,choice,1.0,E,A,0.5263157894736842,1.0,0.35714285714285715,5,14,5,5,0.4851623475551605,0.9382458329200745,0.35
1974,False,choice,1.0,D,E,0.5,1.0,0.3333333333333333,4,12,4,4,0.44878634810447693,0.82192063331604,0.35
1975,False,choice,1.0,D,B,0.25,0.5,0.16666666666666666,4,12,2,2,0.24233992397785187,0.5055993795394897,0.35
1976,False,placeholder,0.0,insufficient information,4,0.0,0.0,0.0,0,10,0,0,0.0,0.0,0.0
1977,True,numeric_exact,1.0,2.5,2.5,0.5555555555555556,1.0,0.38461538461538464,5,13,5,5,0.4394379258155823,0.9643377661705017,0.35
1978,False,numeric_mismatch,0.0,4,20,0.47058823529411764,1.0,0.3076923076923077,4,13,4,4,0.36727920174598694,0.8716689348220825,0.35
1979,False,exact,1.0,2,C,0.6666666666666666,1.0,0.5,6,12,6,6,0.3277086019515991,0.815136730670929,0.35
1980,True,exact,0.7,5.5 cm,C,0.631578947368421,1.0,0.46153846153846156,6,13,6,6,0.28720369935035706,0.7672751545906067,0.35
1981,False,choice,1.0,D,E,0.631578947368421,1.0,0.46153846153846156,6,13,6,6,0.3023492693901062,0.8947181105613708,0.35
1982,False,choice,1.0,B,D,0.47058823529411764,1.0,0.3076923076923077,4,13,4,4,0.3796387314796448,0.7748822569847107,0.35
1983,True,numeric_rounded,0.9,9,10,0.4444444444444444,0.8,0.3076923076923077,5,13,4,4,0.25153109431266785,0.761057436466217,0.35
1984,False,numeric_mismatch,0.0,4,1,0.7368421052631579,1.0,0.5833333333333334,7,12,7,7,0.36748379468917847,0.8310883045196533,0.35
1985,False,numeric_mismatch,0.0,30,6,0.631578947368421,0.8571428571428571,0.5,7,12,6,6,0.3927253484725952,0.7990193963050842,0.35
1986,False,exact,0.3,"2, 3 and 5",E,0.5714285714285714,0.8571428571428571,0.42857142857142855,7,14,6,6,0.3553226888179779,0.7586188316345215,0.35
1987,True,numeric_exact,1.0,7,7,0.6666666666666666,1.0,0.5,6,12,6,6,0.3994268476963043,0.9119746088981628,0.35
1988,False,exact,1.0,85,C,0.4444444444444445,1.0,0.2857142857142857,4,14,4,4,0.3241577446460724,0.7377418875694275,0.35
1989,False,exact,0.3,4 × 6 × 12,C,0.5882352941176471,1.0,0.4166666666666667,5,12,5,5,0.3502347767353058,0.6755138039588928,0.35
1990,False,choice,1.0,D,A,0.5,1.0,0.3333333333333333,3,9,3,3,0.24960391223430634,0.7023298740386963,0.35
1991,False,numeric_mismatch,0.0,3,5,0.5882352941176471,1.0,0.4166666666666667,5,12,5,5,0.394110769033432,0.613511860370636,0.35
1992,True,exact,0.7,between 15 and 18,D,0.6,0.75,0.5,8,12,6,6,0.30075323581695557,0.6452861428260803,0.35
1993,False,choice,1.0,D,B,0.5555555555555556,1.0,0.38461538461538464,5,13,5,5,0.49729079008102417,0.7346778512001038,0.35
1994,False,numeric_mismatch,0.0,10,6,0.4210526315789474,1.0,0.26666666666666666,4,15,4,4,0.27423352003097534,0.7493985891342163,0.35
1995,False,numeric_mismatch,0.0,10,58,0.47619047619047616,1.0,0.3125,5,16,5,5,0.4165433943271637,0.7409844994544983,0.35
1996,False,exact,0.3,40 m²,E,0.5,1.0,0.3333333333333333,4,12,4,4,0.34165748953819275,0.9170109033584595,0.35
1997,False,exact,1.0,\frac{12}{7},D,0.3529411764705882,0.75,0.23076923076923078,4,13,3,3,0.2599436938762665,0.8211345076560974,0.35
1998,False,numeric_mismatch,0.0,36,54,0.6,1.0,0.42857142857142855,6,14,6,6,0.3493939936161041,0.8379417061805725,0.35
1999,False,numeric_mismatch,0.0,9,1,0.6666666666666666,1.0,0.5,6,12,6,6,0.3467767834663391,0.6632254123687744,0.35
2000,False,exact,1.0,25%,B,0.631578947368421,1.0,0.46153846153846156,6,13,6,6,0.5140821933746338,0.9140094518661499,0.35
2001,False,numeric_mismatch,0.0,105,17,0.375,1.0,0.23076923076923078,3,13,3,3,0.414846807718277,0.8204693794250488,0.35
2002,False,numeric_mismatch,0.0,13,6,0.6363636363636364,1.0,0.4666666666666667,7,15,7,7,0.392995148897171,0.8124111890792847,0.35
2003,False,choice,1.0,B,E,0.4,1.0,0.25,3,12,3,3,0.33995118737220764,0.5725475549697876,0.35
2004,False,choice,1.0,D,A,0.5882352941176471,1.0,0.4166666666666667,5,12,5,5,0.3258000612258911,0.575455904006958,0.35
2005,True,exact,0.7,5 and 12,A,0.4210526315789474,1.0,0.26666666666666666,4,15,4,4,0.28192320466041565,0.6432079076766968,0.35
2006,False,exact,1.0,2\vdots6\vdots6,C,0.5,1.0,0.3333333333333333,4,12,4,4,0.33159443736076355,0.720392644405365,0.35
2007,False,choice,1.0,B,D,0.5555555555555556,1.0,0.38461538461538464,5,13,5,5,0.3779850900173187,0.6434388756752014,0.35
2008,True,exact,0.7,A and B,B,0.5217391304347827,0.75,0.4,8,15,6,6,0.2522372901439667,0.500308096408844,0.35
2009,False,numeric_mismatch,0.0,21,12,0.5555555555555556,1.0,0.38461538461538464,5,13,5,5,0.35060805082321167,0.8489768505096436,0.35
2010,False,numeric_mismatch,0.0,3,10,0.5714285714285715,1.0,0.4,4,10,4,4,0.4107034206390381,0.8133190274238586,0.35
2011,True,numeric_rounded,0.85,6,7,0.6956521739130435,0.8888888888888888,0.5714285714285714,9,14,8,8,0.42190632224082947,0.8171024322509766,0.35
2012,False,numeric_mismatch,0.0,12,18,0.47058823529411764,0.8,0.3333333333333333,5,12,4,4,0.2886204123497009,0.8048740029335022,0.35
2013,False,numeric_mismatch,0.0,18,3,0.5263157894736842,1.0,0.35714285714285715,5,14,5,5,0.45466285943984985,0.9342544078826904,0.35
2014,False,numeric_mismatch,0.0,1,6,0.4444444444444445,1.0,0.2857142857142857,4,14,4,4,0.484784871339798,0.7672328948974609,0.35
2015,False,numeric_mismatch,0.0,20,40,0.6666666666666666,1.0,0.5,6,12,6,6,0.39378345012664795,0.8027046322822571,0.35
2016,False,numeric_mismatch,0.0,9,3,0.38095238095238093,1.0,0.23529411764705882,4,17,4,4,0.4142207205295563,0.7389541268348694,0.35
2017,False,placeholder,0.0,insufficient information,150,0.0,0.0,0.0,0,14,0,0,0.0,0.0,0.0
2018,False,exact,1.0,70°,D,0.6363636363636365,0.7,0.5833333333333334,10,12,7,7,0.33686399459838867,0.7422987222671509,0.35
2019,False,exact,1.0,15,C,0.4210526315789473,0.8,0.2857142857142857,5,14,4,4,0.34942522644996643,0.8419126868247986,0.35
2020,False,numeric_mismatch,0.0,12,16,0.7692307692307693,1.0,0.625,10,16,10,10,0.3728201389312744,0.7193061113357544,0.35
2021,False,numeric_mismatch,0.0,6,11,0.47058823529411764,1.0,0.3076923076923077,4,13,4,4,0.28663966059684753,0.7036833167076111,0.35
2022,False,numeric_mismatch,0.0,2,6,0.5263157894736842,1.0,0.35714285714285715,5,14,5,5,0.40008267760276794,0.6221243739128113,0.35
2023,False,exact,1.0,4/7,A,0.5,1.0,0.3333333333333333,5,15,5,5,0.450094997882843,0.9064814448356628,0.35
2024,False,numeric_mismatch,0.0,21,18,0.35294117647058826,1.0,0.21428571428571427,3,14,3,3,0.38121649622917175,0.7379729747772217,0.35
2025,False,exact,1.0,54°,C,0.5882352941176471,1.0,0.4166666666666667,5,12,5,5,0.3925090730190277,0.8980507254600525,0.35
2026,True,exact,0.7,All three strips have the same area,A,0.5,1.0,0.3333333333333333,4,12,4,4,0.4970560073852539,0.750687837600708,0.35
2027,False,placeholder,0.0,insufficient information,C,0.0,0.0,0.0,0,14,0,0,0.0,0.0,0.0
2028,False,numeric_mismatch,0.0,1,8,0.5882352941176471,1.0,0.4166666666666667,5,12,5,5,0.31219422817230225,0.6468114852905273,0.35
2029,False,choice,1.0,D,C,0.4,1.0,0.25,3,12,3,3,0.3078734874725342,0.8047798871994019,0.35
2030,False,numeric_mismatch,0.0,4,64,0.5,1.0,0.3333333333333333,4,12,4,4,0.3872170150279999,0.7067875266075134,0.35
2031,False,placeholder,0.0,insufficient information,A,0.0,0.0,0.0,0,13,0,0,0.0,0.0,0.0
2032,False,placeholder,0.0,insufficient information,C,0.0,0.0,0.0,0,12,0,0,0.0,0.0,0.0
2033,False,numeric_mismatch,0.0,9,18,0.5454545454545454,1.0,0.375,6,16,6,6,0.3825781047344208,0.8399502038955688,0.35
2034,False,numeric_mismatch,0.0,12,7.5,0.5882352941176471,1.0,0.4166666666666667,5,12,5,5,0.4029824435710907,0.7173323631286621,0.35
2035,False,numeric_mismatch,0.0,3,6,0.4347826086956522,1.0,0.2777777777777778,5,18,5,5,0.31861066818237305,0.7472224235534668,0.35
2036,False,exact,1.0,70°,D,0.3333333333333333,0.5,0.25,6,12,3,3,0.24468766152858734,0.669036865234375,0.35
2037,False,exact,0.3,$2003^2 - 2003 = 2002 	imes 2003,A,0.761904761904762,1.0,0.6153846153846154,8,13,8,8,0.40424245595932007,0.7955987453460693,0.35
2038,False,numeric_mismatch,0.0,3,5,0.631578947368421,1.0,0.46153846153846156,6,13,6,6,0.48315176367759705,0.8728196620941162,0.35
2039,False,exact,1.0,2,B,0.8461538461538461,0.9166666666666666,0.7857142857142857,12,14,11,11,0.40790295600891113,0.7988109588623047,0.35
2040,False,placeholder,0.0,insufficient information,C,0.0,0.0,0.0,0,12,0,0,0.0,0.0,0.0
2041,False,exact,1.0,5,B,0.7058823529411764,0.8571428571428571,0.6,7,10,6,6,0.4027014970779419,0.8157780766487122,0.35
2042,False,numeric_mismatch,0.0,1,4,0.631578947368421,0.8571428571428571,0.5,7,12,6,6,0.2837104797363281,0.6826849579811096,0.35
2043,False,choice,1.0,E,A,0.47058823529411764,0.8,0.3333333333333333,5,12,4,4,0.35566407442092896,0.8534508347511292,0.35
2044,False,numeric_mismatch,0.0,2,6,0.4210526315789474,1.0,0.26666666666666666,4,15,4,4,0.40141740441322327,0.7078099846839905,0.35
2045,False,numeric_mismatch,0.0,36,72,0.47058823529411764,1.0,0.3076923076923077,4,13,4,4,0.4786420166492462,0.9224667549133301,0.35
2046,False,exact,0.3,"5, 6, 8, 10",A,0.47058823529411764,0.8,0.3333333333333333,5,12,4,4,0.21573291718959808,0.7714369297027588,0.35
2047,False,placeholder,0.0,insufficient information,4,0.0,0.0,0.0,0,12,0,0,0.0,0.0,0.0
2048,False,placeholder,0.0,insufficient information,A,0.0,0.0,0.0,0,12,0,0,0.0,0.0,0.0
2049,False,placeholder,0.0,insufficient information,B,0.0,0.0,0.0,0,16,0,0,0.0,0.0,0.0
2050,False,placeholder,0.0,insufficient information,4,0.0,0.0,0.0,0,12,0,0,0.0,0.0,0.0
2051,False,numeric_mismatch,0.0,4,6,0.4210526315789474,1.0,0.26666666666666666,4,15,4,4,0.3069368898868561,0.6818447113037109,0.35
2052,False,exact,0.3,16 m,C,0.761904761904762,1.0,0.6153846153846154,8,13,8,8,0.3372763991355896,0.7671394348144531,0.35
2053,False,numeric_mismatch,0.0,12,2,0.6666666666666666,1.0,0.5,5,10,5,5,0.3086409568786621,0.690180778503418,0.35
2054,False,numeric_mismatch,0.0,384,768,0.4444444444444445,1.0,0.2857142857142857,4,14,4,4,0.48978525400161743,0.750335693359375,0.35
2055,False,exact,1.0,45°,B,0.6666666666666666,1.0,0.5,6,12,6,6,0.35430908203125,0.720522403717041,0.35
2056,False,exact,0.3,C) \(\frac{3}{5}\),E,0.5714285714285715,1.0,0.4,6,15,6,6,0.4617864787578583,0.8829891681671143,0.35
2057,False,placeholder,0.0,insufficient information,11,0.0,0.0,0.0,0,12,0,0,0.0,0.0,0.0
2058,True,numeric_exact,1.0,1,1,0.4444444444444444,0.8,0.3076923076923077,5,13,4,4,0.26565733551979065,0.8019607663154602,0.35
2059,False,numeric_mismatch,0.0,30,12,0.5555555555555556,1.0,0.38461538461538464,5,13,5,5,0.42776593565940857,0.8315303921699524,0.35
2060,False,placeholder,0.0,insufficient information,E,0.0,0.0,0.0,0,14,0,0,0.0,0.0,0.0
2061,False,placeholder,0.0,insufficient information,A,0.0,0.0,0.0,0,12,0,0,0.0,0.0,0.0
2062,False,numeric_mismatch,0.0,108,486,0.5263157894736842,1.0,0.35714285714285715,5,14,5,5,0.34832337498664856,0.780167281627655,0.35
2063,False,exact,0.3,10 π + 5 π √2,C,0.47058823529411764,1.0,0.3076923076923077,4,13,4,4,0.32367584109306335,0.8169130682945251,0.35
2064,False,exact,0.3,$S_2 + S_4 + S_6$,A,0.5,1.0,0.3333333333333333,4,12,4,4,0.33187344670295715,0.7648268342018127,0.35
2065,False,numeric_mismatch,0.0,8,4,0.47058823529411764,1.0,0.3076923076923077,4,13,4,4,0.341796875,0.6889026761054993,0.35
2066,False,exact,1.0,RGGR,A,0.6,1.0,0.42857142857142855,6,14,6,6,0.39422211050987244,0.6463833451271057,0.35
2067,False,numeric_mismatch,0.0,17,25,0.5263157894736842,1.0,0.35714285714285715,5,14,5,5,0.32483139634132385,0.5336613059043884,0.35
2068,False,placeholder,0.0,insufficient information,A,0.0,0.0,0.0,0,13,0,0,0.0,0.0,0.0
2069,False,numeric_mismatch,0.0,924,90,0.5217391304347826,0.6666666666666666,0.42857142857142855,9,14,6,6,0.28332847356796265,0.7724983096122742,0.35
2070,False,placeholder,0.0,insufficient information,B,0.0,0.0,0.0,0,14,0,0,0.0,0.0,0.0
2071,False,exact,0.3,E) $S=Q+3s$,A,0.4444444444444445,1.0,0.2857142857142857,4,14,4,4,0.4128516614437103,0.8294922709465027,0.35
2072,False,exact,0.3,2 - √2,D,0.6,1.0,0.42857142857142855,6,14,6,6,0.3871742784976959,0.8251240849494934,0.35
2073,False,placeholder,0.0,insufficient information,72,0.0,0.0,0.0,0,12,0,0,0.0,0.0,0.0
2074,False,choice,1.0,A,B,0.375,1.0,0.23076923076923078,3,13,3,3,0.31720075011253357,0.6460954546928406,0.35
2075,False,exact,0.3,√5 + √2,B,0.6666666666666667,0.875,0.5384615384615384,8,13,7,7,0.26804181933403015,0.6674715876579285,0.35
2076,False,numeric_mismatch,0.0,1,9,0.1818181818181818,0.2,0.16666666666666666,10,12,2,2,0.1525704264640808,0.617901086807251,0.35
2077,False,exact,0.3,9 cm,B,0.47058823529411764,0.8,0.3333333333333333,5,12,4,4,0.3210700750350952,0.672929048538208,0.35
2078,True,exact,0.7,C) $rac{1}{4}$,A,0.47058823529411764,0.8,0.3333333333333333,5,12,4,4,0.27244290709495544,0.7103751301765442,0.35
2079,False,choice,1.0,C,A,0.5882352941176471,1.0,0.4166666666666667,5,12,5,5,0.3635275661945343,0.7379371523857117,0.35
2080,False,exact,1.0,10°,A,0.5217391304347826,0.6,0.46153846153846156,10,13,6,6,0.30855220556259155,0.8247432708740234,0.35
2081,False,placeholder,0.0,insufficient information,D,0.0,0.0,0.0,0,13,0,0,0.0,0.0,0.0
2082,False,numeric_mismatch,0.0,10,6,0.5,0.8333333333333334,0.35714285714285715,6,14,5,5,0.3667306900024414,0.7297481894493103,0.35
2083,False,exact,1.0,4-pyramid,B,0.375,1.0,0.23076923076923078,3,13,3,3,0.4426538646221161,0.9610639810562134,0.35
2084,False,numeric_mismatch,0.0,32,10,0.47619047619047616,1.0,0.3125,5,16,5,5,0.334730327129364,0.8166695833206177,0.35
2085,False,exact,0.3,\sqrt{5} - \sqrt{2},E,0.64,0.6666666666666666,0.6153846153846154,12,13,8,8,0.2852817475795746,0.7418336868286133,0.35
2086,False,numeric_mismatch,0.0,2,3,0.4,1.0,0.25,3,12,3,3,0.3346446752548218,0.7862216234207153,0.35
2087,False,numeric_mismatch,0.0,6,17,0.4761904761904762,0.625,0.38461538461538464,8,13,5,5,0.2848818004131317,0.7654061317443848,0.35
2088,False,exact,0.3,80 - π,B,0.47058823529411764,1.0,0.3076923076923077,4,13,4,4,0.36020326614379883,0.6654490828514099,0.35
2089,False,exact,1.0,124°,B,0.6666666666666666,1.0,0.5,6,12,6,6,0.4225616753101349,0.7654547095298767,0.35
2090,False,choice,1.0,D,B,0.3529411764705882,0.75,0.23076923076923078,4,13,3,3,0.35613739490509033,0.7242711186408997,0.35
2091,False,exact,0.3,1 + √2,E,0.5714285714285715,1.0,0.4,6,15,6,6,0.3936488628387451,0.7151199579238892,0.35
2092,False,numeric_mismatch,0.0,4,6,0.5263157894736842,1.0,0.35714285714285715,5,14,5,5,0.3137201964855194,0.8094868063926697,0.35
2093,False,numeric_mismatch,0.0,10,14,0.38095238095238093,0.8,0.25,5,16,4,4,0.24405603110790253,0.7429080009460449,0.35
2094,False,placeholder,0.0,insufficient information,B,0.0,0.0,0.0,0,12,0,0,0.0,0.0,0.0
2095,True,exact,0.7,all figures are possible,E,0.608695652173913,0.875,0.4666666666666667,8,15,7,7,0.2908664047718048,0.7908973097801208,0.35
2096,False,placeholder,0.0,insufficient information,A,0.0,0.0,0.0,0,14,0,0,0.0,0.0,0.0
2097,False,exact,1.0,√2,A,0.6399999999999999,1.0,0.47058823529411764,8,17,8,8,0.3728597164154053,0.8828413486480713,0.35
2098,False,exact,1.0,50°,D,0.47058823529411764,0.8,0.3333333333333333,5,12,4,4,0.246415376663208,0.6325571537017822,0.35
2099,False,numeric_mismatch,0.0,6,2,0.375,0.75,0.25,4,12,3,3,0.2523614466190338,0.7311350107192993,0.35
2100,False,placeholder,0.0,insufficient information,C,0.0,0.0,0.0,0,13,0,0,0.0,0.0,0.0
2101,False,exact,1.0,Chris,D,0.5555555555555556,1.0,0.38461538461538464,5,13,5,5,0.2844923436641693,0.8730863928794861,0.35
2102,True,numeric_exact,1.0,3,3,0.5,1.0,0.3333333333333333,4,12,4,4,0.3664360046386719,0.8790791630744934,0.35
2103,False,placeholder,0.0,insufficient information,C,0.0,0.0,0.0,0,15,0,0,0.0,0.0,0.0
2104,False,placeholder,0.0,insufficient information,C,0.0,0.0,0.0,0,13,0,0,0.0,0.0,0.0
2105,False,numeric_mismatch,0.0,8,13,0.4210526315789474,1.0,0.26666666666666666,4,15,4,4,0.31668177247047424,0.5863403677940369,0.35
2106,True,numeric_rounded,0.9,120,114,0.6,1.0,0.42857142857142855,6,14,6,6,0.33175861835479736,0.9406137466430664,0.35
2107,False,placeholder,0.0,insufficient information,C,0.0,0.0,0.0,0,13,0,0,0.0,0.0,0.0
2108,False,numeric_mismatch,0.0,0,1,0.5263157894736842,0.8333333333333334,0.38461538461538464,6,13,5,5,0.31348469853401184,0.6578434705734253,0.35
2109,False,exact,0.3,only $X$,C,0.5,1.0,0.3333333333333333,4,12,4,4,0.3141416311264038,0.6704460382461548,0.35
2110,False,numeric_mismatch,0.0,18,12,0.6363636363636364,0.875,0.5,8,14,7,7,0.44969889521598816,0.8749265074729919,0.35
2111,False,numeric_mismatch,0.0,3,6,0.6666666666666666,1.0,0.5,7,14,7,7,0.3749796450138092,0.8012070655822754,0.35
2112,False,numeric_mismatch,0.0,30,45,0.47058823529411764,1.0,0.3076923076923077,4,13,4,4,0.38038456439971924,0.730605959892273,0.35
2113,False,numeric_mismatch,0.0,16,5,0.5882352941176471,1.0,0.4166666666666667,5,12,5,5,0.3831638693809509,0.7823517322540283,0.35
2114,False,numeric_mismatch,0.0,20,12,0.4210526315789474,1.0,0.26666666666666666,4,15,4,4,0.3171679675579071,0.7007217407226562,0.35
2115,False,numeric_mismatch,0.0,1,3,0.5263157894736842,1.0,0.35714285714285715,5,14,5,5,0.38828691840171814,0.7283246517181396,0.35
2116,False,placeholder,0.0,insufficient information,225,0.0,0.0,0.0,0,13,0,0,0.0,0.0,0.0
2117,True,choice,1.0,B,B,0.631578947368421,1.0,0.46153846153846156,6,13,6,6,0.43195244669914246,0.6949295997619629,0.35
2118,False,placeholder,0.0,insufficient information,C,0.0,0.0,0.0,0,12,0,0,0.0,0.0,0.0
2119,True,choice,1.0,E,E,0.5555555555555556,1.0,0.38461538461538464,5,13,5,5,0.3283281624317169,0.5673810839653015,0.35
2120,False,numeric_mismatch,0.0,9,6,0.6666666666666666,1.0,0.5,8,16,8,8,0.4230445921421051,0.9046211838722229,0.35
2121,True,choice,1.0,D,D,0.5,1.0,0.3333333333333333,4,12,4,4,0.42668628692626953,0.8770983815193176,0.35
2122,False,placeholder,0.0,insufficient information,C,0.0,0.0,0.0,0,13,0,0,0.0,0.0,0.0
2123,False,placeholder,0.0,insufficient information,C,0.0,0.0,0.0,0,13,0,0,0.0,0.0,0.0
2124,False,placeholder,0.0,insufficient information,B,0.0,0.0,0.0,0,14,0,0,0.0,0.0,0.0
2125,False,numeric_mismatch,0.0,2,4,0.7368421052631579,1.0,0.5833333333333334,7,12,7,7,0.40766334533691406,0.7563067674636841,0.35
2126,False,numeric_mismatch,0.0,12,8,0.5,1.0,0.3333333333333333,5,15,5,5,0.4127267599105835,0.795077383518219,0.35
2127,False,exact,0.3,27 cm²,D,0.4799999999999999,1.0,0.3157894736842105,6,19,6,6,0.3598007261753082,0.847244381904602,0.35
2128,False,exact,0.3,15 cm²,B,0.5,1.0,0.3333333333333333,4,12,4,4,0.38953089714050293,0.6506620049476624,0.35
2129,False,numeric_mismatch,0.0,15,5,0.4444444444444445,1.0,0.2857142857142857,4,14,4,4,0.35554829239845276,0.7745852470397949,0.35
2130,False,numeric_mismatch,0.0,3,4,0.47058823529411764,0.8,0.3333333333333333,5,12,4,4,0.2906639277935028,0.6130896210670471,0.35
2131,False,exact,0.3,$2.80 €$,C,0.5,1.0,0.3333333333333333,4,12,4,4,0.2953154742717743,0.5217061638832092,0.35
2132,False,exact,0.3,1 / 2,A,0.5,1.0,0.3333333333333333,4,12,4,4,0.37084487080574036,0.7981631755828857,0.35
2133,False,choice,1.0,D,E,0.4210526315789474,1.0,0.26666666666666666,4,15,4,4,0.37980180978775024,0.7199057936668396,0.35
2134,False,placeholder,0.0,insufficient information,D,0.0,0.0,0.0,0,13,0,0,0.0,0.0,0.0
2135,False,exact,1.0,20°,D,0.5714285714285715,1.0,0.4,6,15,6,6,0.4571112394332886,0.7930231690406799,0.35
2136,True,numeric_exact,1.0,4028 cm,4028,0.5714285714285714,0.8571428571428571,0.42857142857142855,7,14,6,6,0.31392380595207214,0.8246983885765076,0.35
2137,False,placeholder,0.0,insufficient information,80,0.0,0.0,0.0,0,14,0,0,0.0,0.0,0.0
2138,False,choice,1.0,B,D,0.64,0.7272727272727273,0.5714285714285714,11,14,8,8,0.29458537697792053,0.8191399574279785,0.35
2139,False,exact,1.0,AD,A,0.6666666666666666,1.0,0.5,6,12,6,6,0.30272233486175537,0.656796932220459,0.35
2140,False,numeric_mismatch,0.0,4,12,0.47058823529411764,1.0,0.3076923076923077,4,13,4,4,0.3132307231426239,0.6299206018447876,0.35
2141,False,exact,0.3,$a < b < c$,E,0.4615384615384615,0.6,0.375,5,8,3,3,0.2277817279100418,0.5901713371276855,0.35
2142,False,placeholder,0.0,insufficient information,A,0.0,0.0,0.0,0,13,0,0,0.0,0.0,0.0
2143,False,placeholder,0.0,insufficient information,C,0.0,0.0,0.0,0,15,0,0,0.0,0.0,0.0
2144,False,placeholder,0.0,insufficient information,C,0.0,0.0,0.0,0,15,0,0,0.0,0.0,0.0
2145,False,placeholder,0.0,insufficient information,D,0.0,0.0,0.0,0,8,0,0,0.0,0.0,0.0
2146,False,numeric_mismatch,0.0,35,23,0.5555555555555556,0.8333333333333334,0.4166666666666667,6,12,5,5,0.34013447165489197,0.6818919777870178,0.35
2147,False,numeric_mismatch,0.0,3,9,0.5,1.0,0.3333333333333333,4,12,4,4,0.3564819395542145,0.654567301273346,0.35
2148,False,numeric_mismatch,0.0,24,9,0.5882352941176471,1.0,0.4166666666666667,5,12,5,5,0.3293552100658417,0.7216997146606445,0.35
2149,False,exact,1.0,45°,B,0.6666666666666666,1.0,0.5,7,14,7,7,0.4549316167831421,0.8865864872932434,0.35
2150,False,placeholder,0.0,insufficient information,B,0.0,0.0,0.0,0,16,0,0,0.0,0.0,0.0
2151,False,placeholder,0.0,insufficient information,B,0.0,0.0,0.0,0,13,0,0,0.0,0.0,0.0
2152,False,placeholder,0.0,insufficient information,B,0.0,0.0,0.0,0,14,0,0,0.0,0.0,0.0
2153,True,exact,0.7,B) \(\frac{1}{2}\),B,0.4444444444444445,1.0,0.2857142857142857,4,14,4,4,0.37691736221313477,0.7936235070228577,0.35
2154,False,exact,0.3,2 + 2√2,C,0.6666666666666667,0.875,0.5384615384615384,8,13,7,7,0.3028457760810852,0.7446290850639343,0.35
2155,False,placeholder,0.0,insufficient information,25,0.0,0.0,0.0,0,15,0,0,0.0,0.0,0.0
2156,True,exact,0.7,a and b,D,0.26666666666666666,0.6666666666666666,0.16666666666666666,3,12,2,2,0.2426217645406723,0.6494441032409668,0.35
2157,False,numeric_mismatch,0.0,1,0,0.5,1.0,0.3333333333333333,5,15,5,5,0.2978321611881256,0.8457747101783752,0.35
2158,False,placeholder,0.0,insufficient information,D,0.0,0.0,0.0,0,14,0,0,0.0,0.0,0.0
2159,False,placeholder,0.0,insufficient information,A,0.0,0.0,0.0,0,13,0,0,0.0,0.0,0.0
2160,False,exact,1.0,88%,C,0.5263157894736842,0.7142857142857143,0.4166666666666667,7,12,5,5,0.29459792375564575,0.6512523889541626,0.35
2161,False,numeric_mismatch,0.0,0.2,4,0.5714285714285714,0.75,0.46153846153846156,8,13,6,6,0.2810713052749634,0.558826208114624,0.35
2162,False,placeholder,0.0,insufficient information,E,0.0,0.0,0.0,0,13,0,0,0.0,0.0,0.0
2163,False,numeric_mismatch,0.0,3,5,0.5454545454545454,1.0,0.375,6,16,6,6,0.3682253360748291,0.870151698589325,0.35
2164,False,exact,1.0,360°,B,0.5882352941176471,1.0,0.4166666666666667,5,12,5,5,0.35377922654151917,0.7864342927932739,0.35
2165,False,exact,0.3,1.25 m,C,0.5454545454545454,1.0,0.375,6,16,6,6,0.3087128698825836,0.8932811617851257,0.35
2166,False,numeric_mismatch,0.0,10,12,0.2857142857142857,0.6,0.1875,5,16,3,3,0.2988246977329254,0.6638390421867371,0.35
2167,False,choice,1.0,D,E,0.5,1.0,0.3333333333333333,4,12,4,4,0.3094041645526886,0.8425328135490417,0.35
2168,False,choice,1.0,D,E,0.35294117647058826,1.0,0.21428571428571427,3,14,3,3,0.3441329896450043,0.6396661996841431,0.35
2169,False,placeholder,0.0,insufficient information,E,0.0,0.0,0.0,0,13,0,0,0.0,0.0,0.0
2170,True,numeric_rounded,0.85,30,35,0.5714285714285715,1.0,0.4,6,15,6,6,0.36537501215934753,0.9129601120948792,0.35
2171,False,exact,1.0,1/3,D,0.6666666666666666,1.0,0.5,6,12,6,6,0.4261539876461029,0.8739890456199646,0.35
2172,False,placeholder,0.0,insufficient information,B,0.0,0.0,0.0,0,13,0,0,0.0,0.0,0.0
2173,True,numeric_exact,1.0,0,0,0.6086956521739131,0.7777777777777778,0.5,9,14,7,7,0.2834030091762543,0.7244715094566345,0.35
2174,False,exact,1.0,2020,D,0.5882352941176471,1.0,0.4166666666666667,5,12,5,5,0.3045925199985504,0.7346095442771912,0.35
2175,False,numeric_mismatch,0.0,6,14,0.6,1.0,0.42857142857142855,6,14,6,6,0.43245914578437805,0.7388091087341309,0.35
2176,False,exact,1.0,90%,B,0.6666666666666666,1.0,0.5,7,14,7,7,0.33760833740234375,0.8295143246650696,0.35
2177,False,placeholder,0.0,insufficient information,6,0.0,0.0,0.0,0,18,0,0,0.0,0.0,0.0
2178,False,numeric_mismatch,0.0,3,5,0.5,1.0,0.3333333333333333,4,12,4,4,0.4032365381717682,0.7678157091140747,0.35
2179,True,exact,0.7,130 cm,C,0.5,1.0,0.3333333333333333,4,12,4,4,0.36609402298927307,0.6224197149276733,0.35
2180,False,exact,0.3,X = Y = Z,A,0.47058823529411764,1.0,0.3076923076923077,4,13,4,4,0.4693884253501892,0.8370970487594604,0.35
2181,True,numeric_exact,1.0,15,15,0.2222222222222222,0.3333333333333333,0.16666666666666666,6,12,2,2,0.11615027487277985,0.38264185190200806,0.35
2182,False,numeric_mismatch,0.0,3,16,0.5263157894736842,1.0,0.35714285714285715,5,14,5,5,0.3411465883255005,0.7131063342094421,0.35
2183,False,placeholder,0.0,insufficient information,8,0.0,0.0,0.0,0,12,0,0,0.0,0.0,0.0
2184,False,numeric_mismatch,0.0,8,3,0.4,1.0,0.25,4,16,4,4,0.3875997066497803,0.6834924221038818,0.35
2185,True,numeric_exact,1.0,38,38,0.375,1.0,0.23076923076923078,3,13,3,3,0.38166841864585876,0.6671385169029236,0.35
2186,False,numeric_mismatch,0.0,1974,3025,0.5714285714285715,1.0,0.4,6,15,6,6,0.3541884422302246,0.7830862998962402,0.35
2187,False,choice,1.0,B,A,0.5263157894736842,1.0,0.35714285714285715,5,14,5,5,0.3701764941215515,0.7795787453651428,0.35
2188,False,exact,0.3,12√3 cm,D,0.8333333333333333,1.0,0.7142857142857143,10,14,10,10,0.4601225256919861,0.9066585898399353,0.35
2189,False,choice,1.0,B,E,0.47058823529411764,1.0,0.3076923076923077,4,13,4,4,0.3437129855155945,0.7375993728637695,0.35
2190,False,choice,1.0,E,B,0.5,1.0,0.3333333333333333,4,12,4,4,0.3031368553638458,0.7108630537986755,0.35
2191,False,exact,0.3,α + β = 45°,B,0.5263157894736842,1.0,0.35714285714285715,5,14,5,5,0.4182337820529938,0.8628475666046143,0.35
2192,False,choice,1.0,D,A,0.4,1.0,0.25,3,12,3,3,0.25166526436805725,0.5757381319999695,0.35
2193,False,exact,0.3,"2, 4, and 9",B,0.5882352941176471,1.0,0.4166666666666667,5,12,5,5,0.36935344338417053,0.6495376229286194,0.35
2194,False,exact,0.3,1: 4,E,0.6,0.8571428571428571,0.46153846153846156,7,13,6,6,0.39615580439567566,0.8819675445556641,0.35
2195,False,numeric_mismatch,0.0,4,2,0.631578947368421,1.0,0.46153846153846156,6,13,6,6,0.3476935029029846,0.6995985507965088,0.35
2196,False,placeholder,0.0,insufficient information,A,0.0,0.0,0.0,0,15,0,0,0.0,0.0,0.0
2197,False,numeric_mismatch,0.0,3,5,0.47058823529411764,1.0,0.3076923076923077,4,13,4,4,0.42400869727134705,0.8439191579818726,0.35
2198,False,exact,0.3,1 cm²,A,0.5555555555555556,1.0,0.38461538461538464,5,13,5,5,0.37343311309814453,0.754396378993988,0.35
2199,False,exact,0.3,"only at P, R, or S, not at Q or T",C,0.5263157894736842,1.0,0.35714285714285715,5,14,5,5,0.2830882966518402,0.634230375289917,0.35
2200,False,exact,1.0,seven,1,0.5,1.0,0.3333333333333333,4,12,4,4,0.29215526580810547,0.7552067041397095,0.35
2201,False,exact,1.0,BB,B,0.5555555555555556,1.0,0.38461538461538464,5,13,5,5,0.2883976399898529,0.6661204099655151,0.35
2202,False,exact,0.3,18 cm,E,0.5,1.0,0.3333333333333333,4,12,4,4,0.3994888365268707,0.7749782800674438,0.35
2203,False,placeholder,0.0,insufficient information,5.5,0.0,0.0,0.0,0,14,0,0,0.0,0.0,0.0
2204,True,numeric_exact,1.0,1:1,1,0.5555555555555556,1.0,0.38461538461538464,5,13,5,5,0.38872525095939636,0.8136494159698486,0.35
2205,False,exact,0.3,5 km,D,0.5555555555555556,1.0,0.38461538461538464,5,13,5,5,0.33817824721336365,0.8984457850456238,0.35
2206,False,numeric_mismatch,0.0,45,81,0.4799999999999999,1.0,0.3157894736842105,6,19,6,6,0.3195056617259979,0.8299049139022827,0.35
2207,True,exact,0.7,45 degrees,E,0.8,1.0,0.6666666666666666,8,12,8,8,0.4393455982208252,0.8080659508705139,0.35
2208,False,exact,1.0,4039,D,0.5263157894736842,1.0,0.35714285714285715,5,14,5,5,0.3543218672275543,0.6162441372871399,0.35
2209,False,placeholder,0.0,insufficient information,A,0.0,0.0,0.0,0,15,0,0,0.0,0.0,0.0
2210,False,exact,1.0,1/9,A,0.6,1.0,0.42857142857142855,6,14,6,6,0.45033055543899536,0.8514325022697449,0.35
2211,False,placeholder,0.0,insufficient information,E,0.0,0.0,0.0,0,14,0,0,0.0,0.0,0.0
2212,False,placeholder,0.0,insufficient information,120,0.0,0.0,0.0,0,14,0,0,0.0,0.0,0.0
2213,False,exact,0.3,16 m,C,0.6666666666666666,1.0,0.5,6,12,6,6,0.3434034287929535,0.8295471668243408,0.35
2214,False,numeric_mismatch,0.0,56,1536,0.5833333333333334,1.0,0.4117647058823529,7,17,7,7,0.37454479932785034,0.821459174156189,0.35
2215,True,choice,1.0,B,B,0.47058823529411764,1.0,0.3076923076923077,4,13,4,4,0.22016552090644836,0.6129593253135681,0.35
2216,False,exact,1.0,P=Q=R,B,0.631578947368421,1.0,0.46153846153846156,6,13,6,6,0.36630332469940186,0.7780472636222839,0.35
2217,False,placeholder,0.0,insufficient information,B,0.0,0.0,0.0,0,13,0,0,0.0,0.0,0.0
2218,False,placeholder,0.0,insufficient information,C,0.0,0.0,0.0,0,14,0,0,0.0,0.0,0.0
2219,False,placeholder,0.0,insufficient information,C,0.0,0.0,0.0,0,14,0,0,0.0,0.0,0.0
2220,True,choice,1.0,D,D,0.4210526315789474,1.0,0.26666666666666666,4,15,4,4,0.39349880814552307,0.8033387064933777,0.35
2221,False,numeric_mismatch,0.0,3,1,0.7000000000000001,1.0,0.5384615384615384,7,13,7,7,0.3909608721733093,0.7815644145011902,0.35
2222,False,exact,1.0,11°,A,0.5555555555555556,1.0,0.38461538461538464,5,13,5,5,0.30858492851257324,0.6912277936935425,0.35
2223,False,numeric_mismatch,0.0,3,6,0.4444444444444445,1.0,0.2857142857142857,4,14,4,4,0.39687106013298035,0.6471303701400757,0.35
2224,False,numeric_mismatch,0.0,52,16,0.42105263157894735,0.6666666666666666,0.3076923076923077,6,13,4,4,0.2731790542602539,0.5392333269119263,0.35
2225,False,exact,1.0,360°,C,0.5,0.8333333333333334,0.35714285714285715,6,14,5,5,0.2791137993335724,0.6384207010269165,0.35
2226,False,placeholder,0.0,insufficient information,4045,0.0,0.0,0.0,0,15,0,0,0.0,0.0,0.0
2227,False,placeholder,0.0,insufficient information,E,0.0,0.0,0.0,0,12,0,0,0.0,0.0,0.0
2228,False,numeric_mismatch,0.0,1,5,0.6363636363636364,0.875,0.5,8,14,7,7,0.3584987223148346,0.7316266894340515,0.35
2229,False,numeric_mismatch,0.0,17,9,0.5555555555555556,1.0,0.38461538461538464,5,13,5,5,0.5065504908561707,0.8494389653205872,0.35
2230,False,numeric_mismatch,0.0,2,3,0.4444444444444445,1.0,0.2857142857142857,4,14,4,4,0.304458349943161,0.4718244969844818,0.35
2231,False,numeric_mismatch,0.0,7,12,0.6,1.0,0.42857142857142855,6,14,6,6,0.4154936373233795,0.6698399782180786,0.35
2232,False,placeholder,0.0,insufficient information,B,0.0,0.0,0.0,0,14,0,0,0.0,0.0,0.0
2233,False,choice,1.0,D,C,0.5555555555555556,1.0,0.38461538461538464,5,13,5,5,0.21220533549785614,0.7122256755828857,0.35
2234,False,numeric_mismatch,0.0,38,6,0.6666666666666667,0.7272727272727273,0.6153846153846154,11,13,8,8,0.28084132075309753,0.630156934261322,0.35
2235,False,numeric_mismatch,0.0,33,17,0.5263157894736842,1.0,0.35714285714285715,5,14,5,5,0.4494147300720215,0.8175443410873413,0.35
2236,False,exact,1.0,2π,B,0.7000000000000001,1.0,0.5384615384615384,7,13,7,7,0.48149821162223816,0.852511465549469,0.35
2237,False,numeric_mismatch,0.0,1,5,0.5263157894736842,0.8333333333333334,0.38461538461538464,6,13,5,5,0.23020152747631073,0.5740031599998474,0.35
2238,False,placeholder,0.0,insufficient information,A,0.0,0.0,0.0,0,13,0,0,0.0,0.0,0.0
2239,True,numeric_exact,1.0,3,3,0.375,1.0,0.23076923076923078,3,13,3,3,0.32035472989082336,0.6838499903678894,0.35
2240,False,placeholder,0.0,insufficient information,E,0.0,0.0,0.0,0,14,0,0,0.0,0.0,0.0
2241,False,numeric_mismatch,0.0,120,20,0.11764705882352941,0.2,0.08333333333333333,5,12,1,1,0.14722689986228943,0.4818788766860962,0.35
2242,True,numeric_rounded,0.85,45,40,0.5555555555555556,1.0,0.38461538461538464,5,13,5,5,0.48053035140037537,0.7927875518798828,0.35
2243,False,exact,0.3,10 g,C,0.6086956521739131,1.0,0.4375,7,16,7,7,0.47152096033096313,0.783932089805603,0.35
2244,False,numeric_mismatch,0.0,35,17.5,0.5555555555555556,1.0,0.38461538461538464,5,13,5,5,0.4095573425292969,0.8188996911048889,0.35
2245,False,choice,1.0,D,A,0.3157894736842105,1.0,0.1875,3,16,3,3,0.28923270106315613,0.6929539442062378,0.35
2246,False,exact,1.0,2,C,0.5555555555555556,1.0,0.38461538461538464,5,13,5,5,0.3280421495437622,0.8392112255096436,0.35
2247,True,exact,0.7,2 and 7,A,0.31578947368421056,0.75,0.2,4,15,3,3,0.26760655641555786,0.7484371662139893,0.35
2248,True,choice,1.0,D,D,0.31578947368421056,0.75,0.2,4,15,3,3,0.34639376401901245,0.683721661567688,0.35
2249,False,placeholder,0.0,insufficient information,D,0.0,0.0,0.0,0,12,0,0,0.0,0.0,0.0
2250,False,exact,0.3,1080 cm²,D,0.631578947368421,1.0,0.46153846153846156,6,13,6,6,0.43907105922698975,0.8306511044502258,0.35
2251,False,exact,1.0,96,B,0.4444444444444445,1.0,0.2857142857142857,4,14,4,4,0.293087899684906,0.9339649081230164,0.35
2252,False,placeholder,0.0,insufficient information,B,0.0,0.0,0.0,0,15,0,0,0.0,0.0,0.0
2253,True,exact,0.7,B) \(\frac{1}{5}\),C,0.625,1.0,0.45454545454545453,5,11,5,5,0.41766348481178284,0.8367931842803955,0.35
2254,False,placeholder,0.0,insufficient information,D,0.0,0.0,0.0,0,14,0,0,0.0,0.0,0.0
2255,False,numeric_mismatch,0.0,6,4,0.5,1.0,0.3333333333333333,4,12,4,4,0.4330267608165741,0.6973236203193665,0.35
2256,False,numeric_mismatch,0.0,1,337,0.6363636363636364,1.0,0.4666666666666667,7,15,7,7,0.366784006357193,0.8605883717536926,0.35
2257,False,numeric_mismatch,0.0,165,500,0.5882352941176471,1.0,0.4166666666666667,5,12,5,5,0.4138477146625519,0.8029316067695618,0.35
2258,False,numeric_mismatch,0.0,There are 2 ways to place the remaining numbers.,24,0.4444444444444445,1.0,0.2857142857142857,4,14,4,4,0.3518162667751312,0.836449921131134,0.35
2259,False,numeric_mismatch,0.0,3,128,0.5,0.8333333333333334,0.35714285714285715,6,14,5,5,0.22635090351104736,0.6470381021499634,0.35
2260,False,numeric_mismatch,0.0,1,2,0.7368421052631579,1.0,0.5833333333333334,7,12,7,7,0.343269407749176,0.7082904577255249,0.35
2261,False,exact,1.0,16,B,0.4444444444444445,1.0,0.2857142857142857,4,14,4,4,0.32195764780044556,0.631995677947998,0.35
2262,False,choice,1.0,A,C,0.375,0.75,0.25,4,12,3,3,0.28771936893463135,0.7145209312438965,0.35
2263,False,numeric_mismatch,0.0,36,26,0.5,1.0,0.3333333333333333,4,12,4,4,0.39509034156799316,0.7081106901168823,0.35
2264,False,choice,1.0,D,C,0.47058823529411764,1.0,0.3076923076923077,4,13,4,4,0.325126588344574,0.7346068620681763,0.35
2265,False,numeric_mismatch,0.0,3,5,0.5263157894736842,1.0,0.35714285714285715,5,14,5,5,0.4500983655452728,0.8309983611106873,0.35
2266,False,exact,1.0,€10000,E,0.7368421052631579,1.0,0.5833333333333334,7,12,7,7,0.41393131017684937,0.9109045267105103,0.35
2267,True,choice,1.0,e,E,0.5882352941176471,1.0,0.4166666666666667,5,12,5,5,0.33553680777549744,0.7009783387184143,0.35
2268,False,choice,1.0,E,A,0.4444444444444445,1.0,0.2857142857142857,4,14,4,4,0.36754778027534485,0.6653240323066711,0.35
2269,False,numeric_mismatch,0.0,61,36,0.5,1.0,0.3333333333333333,4,12,4,4,0.44898924231529236,0.7728229761123657,0.35
2270,False,placeholder,0.0,insufficient information,D,0.0,0.0,0.0,0,12,0,0,0.0,0.0,0.0
2271,False,choice,1.0,E,A,0.35294117647058826,1.0,0.21428571428571427,3,14,3,3,0.25735023617744446,0.6345142722129822,0.35
2272,False,exact,1.0,1/4,B,0.7096774193548386,0.7333333333333333,0.6875,15,16,11,11,0.3034319579601288,0.8035652041435242,0.35
2273,False,numeric_mismatch,0.0,5,2,0.6666666666666665,0.8571428571428571,0.5454545454545454,7,11,6,6,0.3588769733905792,0.6075604557991028,0.35
2274,False,placeholder,0.0,insufficient information,B,0.0,0.0,0.0,0,12,0,0,0.0,0.0,0.0
2275,False,numeric_mismatch,0.0,1,18,0.5555555555555556,1.0,0.38461538461538464,5,13,5,5,0.4379903972148895,0.7248550057411194,0.35
2276,False,exact,1.0,15°,B,0.631578947368421,1.0,0.46153846153846156,6,13,6,6,0.41614654660224915,0.81793612241745,0.35
2277,False,numeric_mismatch,0.0,√800,42,0.2608695652173913,0.3333333333333333,0.21428571428571427,9,14,3,3,0.145008847117424,0.6338883638381958,0.35
2278,False,numeric_mismatch,0.0,3,2,0.6666666666666666,1.0,0.5,6,12,6,6,0.36408865451812744,0.6916492581367493,0.35
2279,True,exact,0.7,a right-angled triangle,A,0.6666666666666666,1.0,0.5,6,12,6,6,0.35052406787872314,0.7396571040153503,0.35
2280,False,placeholder,0.0,insufficient information,42,0.0,0.0,0.0,0,14,0,0,0.0,0.0,0.0
2281,False,placeholder,0.0,insufficient information,2,0.0,0.0,0.0,0,13,0,0,0.0,0.0,0.0
2282,True,exact,0.7,On Thursday at 5.19 am,A,0.7368421052631579,0.875,0.6363636363636364,8,11,7,7,0.36440593004226685,0.800267219543457,0.35
2283,True,numeric_exact,1.0,36,36,0.7368421052631579,1.0,0.5833333333333334,7,12,7,7,0.47129926085472107,0.8941549062728882,0.35
2284,False,placeholder,0.0,insufficient information,C,0.0,0.0,0.0,0,12,0,0,0.0,0.0,0.0
2285,False,exact,1.0,128,A,0.5,1.0,0.3333333333333333,4,12,4,4,0.34239301085472107,0.5636511445045471,0.35
2286,False,numeric_mismatch,0.0,4,16,0.5333333333333333,1.0,0.36363636363636365,4,11,4,4,0.451933890581131,0.8473828434944153,0.35
2287,False,exact,0.3,11 cm,D,0.5263157894736842,0.8333333333333334,0.38461538461538464,6,13,5,5,0.2749503254890442,0.7987627983093262,0.35
2288,False,exact,0.3,48 cm,D,0.5882352941176471,1.0,0.4166666666666667,5,12,5,5,0.3362995684146881,0.8010216951370239,0.35
2289,False,exact,0.3,$3a^2 + ab,E,0.5555555555555556,1.0,0.38461538461538464,5,13,5,5,0.36027970910072327,0.6784788966178894,0.35
2290,True,choice,1.0,E,E,0.6666666666666666,0.6666666666666666,0.6666666666666666,6,6,4,4,0.36704275012016296,0.6569957733154297,0.35
2291,False,placeholder,0.0,insufficient information,132,0.0,0.0,0.0,0,12,0,0,0.0,0.0,0.0
2292,False,placeholder,0.0,insufficient information,A,0.0,0.0,0.0,0,12,0,0,0.0,0.0,0.0
2293,False,placeholder,0.0,insufficient information,B,0.0,0.0,0.0,0,12,0,0,0.0,0.0,0.0
2294,False,exact,1.0,360°,E,0.5882352941176471,1.0,0.4166666666666667,5,12,5,5,0.4505963623523712,0.767845630645752,0.35
2295,True,exact,0.7,insufficient information,A,0.7368421052631579,1.0,0.5833333333333334,7,12,7,7,0.33340826630592346,0.7376267313957214,0.35
2296,False,placeholder,0.0,insufficient information,A,0.0,0.0,0.0,0,12,0,0,0.0,0.0,0.0
2297,False,choice,1.0,D,C,0.375,1.0,0.23076923076923078,3,13,3,3,0.472464382648468,0.8027423024177551,0.35
2298,False,placeholder,0.0,insufficient information,B,0.0,0.0,0.0,0,12,0,0,0.0,0.0,0.0
2299,True,exact,0.7,It's blue and round,E,0.631578947368421,0.8571428571428571,0.5,7,12,6,6,0.34012913703918457,0.8625275492668152,0.35
2300,False,placeholder,0.0,insufficient information,18,0.0,0.0,0.0,0,13,0,0,0.0,0.0,0.0
2301,False,numeric_mismatch,0.0,70,12,0.8000000000000002,0.8,0.8,10,10,8,8,0.3069918751716614,0.7379168272018433,0.35
2302,False,numeric_mismatch,0.0,180,124,0.7826086956521738,0.9,0.6923076923076923,10,13,9,9,0.3795289993286133,0.734553873538971,0.35
2303,False,numeric_mismatch,0.0,5,10,0.4210526315789474,1.0,0.26666666666666666,4,15,4,4,0.31548553705215454,0.7227826714515686,0.35
2304,False,exact,1.0,ANJAMKILIOR,E,0.6666666666666666,0.6666666666666666,0.6666666666666666,6,6,4,4,0.3501991033554077,0.7476580739021301,0.35
2305,False,exact,0.3,It will stop at T1.,E,0.6956521739130435,0.7272727272727273,0.6666666666666666,11,12,8,8,0.36230912804603577,0.8356332778930664,0.35
2306,False,numeric_mismatch,0.0,1,3,0.47058823529411764,1.0,0.3076923076923077,4,13,4,4,0.3788157105445862,0.6699118614196777,0.35
2307,False,numeric_mismatch,0.0,120,100,0.88,1.0,0.7857142857142857,11,14,11,11,0.43091097474098206,0.8644219040870667,0.35
2308,True,numeric_exact,1.0,96,96,0.5,1.0,0.3333333333333333,4,12,4,4,0.43074366450309753,0.8223490118980408,0.35
2309,False,numeric_mismatch,0.0,105,42,0.3529411764705882,0.75,0.23076923076923078,4,13,3,3,0.3389999568462372,0.7502043843269348,0.35
2310,False,placeholder,0.0,insufficient information,D,0.0,0.0,0.0,0,12,0,0,0.0,0.0,0.0
2311,True,exact,0.7,P and R,A,0.5263157894736842,1.0,0.35714285714285715,5,14,5,5,0.4151979684829712,0.7970098853111267,0.35
2312,True,numeric_exact,1.0,2,2,0.608695652173913,0.875,0.4666666666666667,8,15,7,7,0.3562159836292267,0.8945050239562988,0.35
2313,False,numeric_mismatch,0.0,8,14,0.5882352941176471,1.0,0.4166666666666667,5,12,5,5,0.32165369391441345,0.7861102223396301,0.35
2314,False,exact,1.0,20p,D,0.5555555555555556,1.0,0.38461538461538464,5,13,5,5,0.3405872881412506,0.7184035181999207,0.35
2315,False,exact,0.3,12 cm,B,0.631578947368421,1.0,0.46153846153846156,6,13,6,6,0.4308267831802368,0.8424447178840637,0.35
2316,False,numeric_mismatch,0.0,14,4,0.5263157894736842,0.7142857142857143,0.4166666666666667,7,12,5,5,0.31401267647743225,0.6079917550086975,0.35
2317,False,exact,1.0,54°,E,0.5555555555555556,1.0,0.38461538461538464,5,13,5,5,0.40510228276252747,0.7140361666679382,0.35
2318,False,numeric_mismatch,0.0,24,36,0.5263157894736842,1.0,0.35714285714285715,5,14,5,5,0.47399330139160156,0.9105902314186096,0.35
2319,False,placeholder,0.0,insufficient information,108,0.0,0.0,0.0,0,13,0,0,0.0,0.0,0.0
2320,True,numeric_rounded,0.85,987,864,0.782608695652174,1.0,0.6428571428571429,9,14,9,9,0.3561497926712036,0.8355984091758728,0.35
2321,True,numeric_rounded,0.9,21,20,0.5,1.0,0.3333333333333333,4,12,4,4,0.517559289932251,0.8268648386001587,0.35
2322,False,exact,0.3,18 cm,B,0.8421052631578948,0.8888888888888888,0.8,9,10,8,8,0.41242358088493347,0.8978211283683777,0.35
2323,False,placeholder,0.0,insufficient information,C,0.0,0.0,0.0,0,16,0,0,0.0,0.0,0.0
2324,True,exact,0.7,"P, R, and T",A,0.5000000000000001,0.8,0.36363636363636365,5,11,4,4,0.31430453062057495,0.7524673342704773,0.35
2325,False,numeric_mismatch,0.0,4,3,0.3157894736842105,1.0,0.1875,3,16,3,3,0.40476295351982117,0.767530620098114,0.35
2326,False,exact,0.3,(π + 2): 16,B,0.631578947368421,1.0,0.46153846153846156,6,13,6,6,0.4377295672893524,0.7687433958053589,0.35
2327,False,placeholder,0.0,insufficient information,17,0.0,0.0,0.0,0,15,0,0,0.0,0.0,0.0
2328,False,exact,0.3,"either $R$ or $S$, but no others",D,0.47058823529411764,0.8,0.3333333333333333,5,12,4,4,0.3655189573764801,0.6702344417572021,0.35
2329,False,placeholder,0.0,insufficient information,E,0.0,0.0,0.0,0,13,0,0,0.0,0.0,0.0
2330,True,numeric_rounded,0.85,81,92,0.5,1.0,0.3333333333333333,4,12,4,4,0.4151807129383087,0.8036794662475586,0.35
2331,False,numeric_mismatch,0.0,4,6,0.47058823529411764,1.0,0.3076923076923077,4,13,4,4,0.38421863317489624,0.7796754240989685,0.35
2332,False,choice,1.0,b,A,0.5,1.0,0.3333333333333333,4,12,4,4,0.3884192705154419,0.680582582950592,0.35
2333,False,placeholder,0.0,insufficient information,D,0.0,0.0,0.0,0,13,0,0,0.0,0.0,0.0
2334,False,placeholder,0.0,insufficient information,E,0.0,0.0,0.0,0,14,0,0,0.0,0.0,0.0
2335,False,placeholder,0.0,insufficient information,3,0.0,0.0,0.0,0,12,0,0,0.0,0.0,0.0
2336,False,numeric_mismatch,0.0,16,6,0.631578947368421,1.0,0.46153846153846156,6,13,6,6,0.3698980510234833,0.8881499767303467,0.35
2337,False,placeholder,0.0,insufficient information,B,0.0,0.0,0.0,0,12,0,0,0.0,0.0,0.0
2338,False,placeholder,0.0,insufficient information,D,0.0,0.0,0.0,0,11,0,0,0.0,0.0,0.0
2339,False,numeric_mismatch,0.0,4,1,0.75,0.9,0.6428571428571429,10,14,9,9,0.35459238290786743,0.8006030321121216,0.35
2340,False,placeholder,0.0,insufficient information,B,0.0,0.0,0.0,0,11,0,0,0.0,0.0,0.0
2341,False,numeric_mismatch,0.0,6,5,0.5882352941176471,1.0,0.4166666666666667,5,12,5,5,0.39065101742744446,0.8580874800682068,0.35
2342,False,numeric_mismatch,0.0,6,16,0.4,1.0,0.25,3,12,3,3,0.3331695795059204,0.8354406952857971,0.35
2343,False,placeholder,0.0,insufficient information,11,0.0,0.0,0.0,0,12,0,0,0.0,0.0,0.0
2344,False,numeric_mismatch,0.0,2,3,0.5,1.0,0.3333333333333333,4,12,4,4,0.4864867031574249,0.8340162634849548,0.35
2345,False,placeholder,0.0,insufficient information,D,0.0,0.0,0.0,0,12,0,0,0.0,0.0,0.0
2346,False,exact,1.0,yellow,A,0.6666666666666666,1.0,0.5,7,14,7,7,0.3633633553981781,0.8242254853248596,0.35
2347,False,placeholder,0.0,insufficient information,D,0.0,0.0,0.0,0,13,0,0,0.0,0.0,0.0
2348,False,choice,1.0,E,D,0.5333333333333333,1.0,0.36363636363636365,4,11,4,4,0.29318544268608093,0.6607086062431335,0.35
2349,False,placeholder,0.0,insufficient information,D,0.0,0.0,0.0,0,12,0,0,0.0,0.0,0.0
2350,False,numeric_mismatch,0.0,24,37,0.47058823529411764,1.0,0.3076923076923077,4,13,4,4,0.3882977366447449,0.7556343078613281,0.35
2351,False,exact,0.3,900 m,C,0.5263157894736842,1.0,0.35714285714285715,5,14,5,5,0.37212687730789185,0.7788881063461304,0.35
2352,False,numeric_mismatch,0.0,2,4,0.4,1.0,0.25,3,12,3,3,0.39659515023231506,0.8071898221969604,0.35
2353,False,choice,1.0,B,D,0.5263157894736842,1.0,0.35714285714285715,5,14,5,5,0.3861926794052124,0.6566203236579895,0.35
2354,False,exact,0.3,18 m²,C,0.7692307692307692,0.9090909090909091,0.6666666666666666,11,15,10,10,0.3076288402080536,0.7836480140686035,0.35
2355,False,numeric_mismatch,0.0,170,60,0.5882352941176471,1.0,0.4166666666666667,5,12,5,5,0.43777403235435486,0.7531702518463135,0.35
2356,False,numeric_mismatch,0.0,-71,51,0.22222222222222224,0.5,0.14285714285714285,4,14,2,2,0.2196054905653,0.3745293617248535,0.35
2357,False,exact,0.3,1.2 cm,D,0.6,1.0,0.42857142857142855,6,14,6,6,0.46073269844055176,0.8634209036827087,0.35
2358,False,exact,0.3,1 and 7,B,0.7692307692307693,1.0,0.625,5,8,5,5,0.36134520173072815,0.7080017328262329,0.35
2359,False,exact,1.0,1:2,D,0.761904761904762,1.0,0.6153846153846154,8,13,8,8,0.3320137560367584,0.8923067450523376,0.35
2360,False,placeholder,0.0,insufficient information,C,0.0,0.0,0.0,0,12,0,0,0.0,0.0,0.0
2361,False,numeric_mismatch,0.0,1,16,0.608695652173913,0.875,0.4666666666666667,8,15,7,7,0.3024209439754486,0.712945818901062,0.35
2362,False,numeric_mismatch,0.0,7,4,0.5263157894736842,1.0,0.35714285714285715,5,14,5,5,0.3945970833301544,0.6316643953323364,0.35
2363,False,numeric_mismatch,0.0,6,8,0.5882352941176471,1.0,0.4166666666666667,5,12,5,5,0.2841392457485199,0.6055221557617188,0.35
2364,False,exact,1.0,130°,E,0.5555555555555556,1.0,0.38461538461538464,5,13,5,5,0.3969883918762207,0.7529339790344238,0.35
2365,False,placeholder,0.0,insufficient information,A,0.0,0.0,0.0,0,13,0,0,0.0,0.0,0.0
2366,True,numeric_rounded,0.85,36,32,0.5,1.0,0.3333333333333333,5,15,5,5,0.439115434885025,0.8112034201622009,0.35
2367,False,choice,1.0,D,C,0.6666666666666666,1.0,0.5,5,10,5,5,0.3263085186481476,0.7825239896774292,0.35
2368,False,exact,0.3,84 cm²,B,0.47058823529411764,1.0,0.3076923076923077,4,13,4,4,0.3554703891277313,0.8002507090568542,0.35
2369,False,choice,1.0,B,C,0.375,0.75,0.25,4,12,3,3,0.25328442454338074,0.6028971672058105,0.35
2370,False,numeric_mismatch,0.0,24,9,0.47058823529411764,0.8,0.3333333333333333,5,12,4,4,0.36982789635658264,0.7819638252258301,0.35
2371,False,numeric_mismatch,0.0,8,5,0.5384615384615384,0.5,0.5833333333333334,14,12,7,7,0.31315749883651733,0.8282176852226257,0.35
2372,True,numeric_exact,1.0,5,5,0.5555555555555556,1.0,0.38461538461538464,5,13,5,5,0.404573917388916,0.7428195476531982,0.35
2373,False,placeholder,0.0,insufficient information,6,0.0,0.0,0.0,0,15,0,0,0.0,0.0,0.0
2374,True,numeric_exact,1.0,20,20,0.5,1.0,0.3333333333333333,4,12,4,4,0.5037223696708679,0.9017805457115173,0.35
2375,False,placeholder,0.0,insufficient information,B,0.0,0.0,0.0,0,13,0,0,0.0,0.0,0.0
2376,False,exact,1.0,10,E,0.47058823529411764,0.8,0.3333333333333333,5,12,4,4,0.23200862109661102,0.7714259624481201,0.35
2377,False,placeholder,0.0,insufficient information,32,0.0,0.0,0.0,0,12,0,0,0.0,0.0,0.0
2378,False,placeholder,0.0,insufficient information,C,0.0,0.0,0.0,0,13,0,0,0.0,0.0,0.0
2379,False,numeric_mismatch,0.0,17,27,0.7000000000000001,1.0,0.5384615384615384,7,13,7,7,0.438956081867218,0.8384894132614136,0.35
2380,False,numeric_mismatch,0.0,10,5,0.5882352941176471,1.0,0.4166666666666667,5,12,5,5,0.36137112975120544,0.800937294960022,0.35
2381,False,numeric_mismatch,0.0,15,45,0.6666666666666666,1.0,0.5,5,10,5,5,0.45854517817497253,0.8835991621017456,0.35
2382,False,choice,1.0,A,E,0.22222222222222224,0.5,0.14285714285714285,4,14,2,2,0.23275983333587646,0.5438569784164429,0.35
2383,False,placeholder,0.0,insufficient information,B,0.0,0.0,0.0,0,12,0,0,0.0,0.0,0.0
2384,True,exact,0.7,1 cm²,C,0.6666666666666666,1.0,0.5,7,14,7,7,0.36596107482910156,0.6735815405845642,0.35
2385,True,exact,0.7,None of A to D,E,0.4210526315789474,1.0,0.26666666666666666,4,15,4,4,0.3974542021751404,0.9171409010887146,0.35
2386,False,numeric_mismatch,0.0,2,8,0.5555555555555556,1.0,0.38461538461538464,5,13,5,5,0.40672767162323,0.907470703125,0.35
2387,False,exact,0.3,only red,A,0.6666666666666666,1.0,0.5,4,8,4,4,0.34844347834587097,0.743700385093689,0.35
2388,False,numeric_mismatch,0.0,-2,6,0.3333333333333333,0.75,0.21428571428571427,4,14,3,3,0.32148903608322144,0.6664378046989441,0.35
2389,False,placeholder,0.0,insufficient information,D,0.0,0.0,0.0,0,14,0,0,0.0,0.0,0.0
2390,False,numeric_mismatch,0.0,5,4,0.5263157894736842,1.0,0.35714285714285715,5,14,5,5,0.34049296379089355,0.6955565214157104,0.35
2391,False,exact,1.0,180°,C,0.5333333333333333,1.0,0.36363636363636365,4,11,4,4,0.5340502262115479,0.8629533052444458,0.35
2392,False,choice,1.0,D,B,0.4,1.0,0.25,3,12,3,3,0.4373972713947296,0.770501434803009,0.35
2393,False,numeric_mismatch,0.0,157,100,0.6363636363636364,0.875,0.5,8,14,7,7,0.3106059432029724,0.7144026756286621,0.35
2394,False,numeric_mismatch,0.0,2,6,0.823529411764706,0.875,0.7777777777777778,8,9,7,7,0.3490488827228546,0.7665002346038818,0.35
2395,False,placeholder,0.0,insufficient information,A,0.0,0.0,0.0,0,16,0,0,0.0,0.0,0.0
2396,False,exact,0.3,36 cm,D,0.5882352941176471,1.0,0.4166666666666667,5,12,5,5,0.28744804859161377,0.7693173885345459,0.35
2397,False,numeric_mismatch,0.0,35,105,0.761904761904762,1.0,0.6153846153846154,8,13,8,8,0.3919641673564911,0.8063402771949768,0.35
2398,False,placeholder,0.0,insufficient information,D,0.0,0.0,0.0,0,13,0,0,0.0,0.0,0.0
2399,False,numeric_mismatch,0.0,3,17,0.5454545454545454,1.0,0.375,6,16,6,6,0.4215816557407379,0.866487979888916,0.35
2400,False,choice,1.0,C,A,0.375,0.75,0.25,4,12,3,3,0.33213213086128235,0.6958289742469788,0.35
2401,False,numeric_mismatch,0.0,100,118,0.5714285714285715,1.0,0.4,6,15,6,6,0.4962276518344879,0.9254946112632751,0.35
2402,False,choice,1.0,B,A,0.4,1.0,0.25,3,12,3,3,0.3141365051269531,0.5603079795837402,0.35
2403,False,exact,0.3,12 m,E,0.5555555555555556,0.8333333333333334,0.4166666666666667,6,12,5,5,0.2926996350288391,0.6312384605407715,0.35
2404,False,placeholder,0.0,insufficient information,B,0.0,0.0,0.0,0,12,0,0,0.0,0.0,0.0
2405,False,placeholder,0.0,insufficient information,E,0.0,0.0,0.0,0,10,0,0,0.0,0.0,0.0
2406,True,numeric_rounded,0.9,57,63,0.6956521739130436,1.0,0.5333333333333333,8,15,8,8,0.4805094599723816,0.895043671131134,0.35
2407,False,placeholder,0.0,insufficient information,B,0.0,0.0,0.0,0,12,0,0,0.0,0.0,0.0
2408,False,numeric_mismatch,0.0,18,22,0.5882352941176471,1.0,0.4166666666666667,5,12,5,5,0.3454166650772095,0.7402840256690979,0.35
2409,False,numeric_mismatch,0.0,5,18,0.5555555555555556,1.0,0.38461538461538464,5,13,5,5,0.34506291151046753,0.8297727108001709,0.35
2410,False,numeric_mismatch,0.0,60%,32,0.5882352941176471,1.0,0.4166666666666667,5,12,5,5,0.3115905821323395,0.600708544254303,0.35
2411,False,numeric_mismatch,0.0,86,39,0.6666666666666666,1.0,0.5,6,12,6,6,0.5042639970779419,0.860306441783905,0.35
2412,False,numeric_mismatch,0.0,8,12,0.4,1.0,0.25,4,16,4,4,0.4232044219970703,0.7263901233673096,0.35
2413,False,exact,0.3,A) $rac{1}{6} S$,D,0.6363636363636364,0.7777777777777778,0.5384615384615384,9,13,7,7,0.33537355065345764,0.7166720032691956,0.35
2414,True,choice,1.0,B,B,0.761904761904762,1.0,0.6153846153846154,8,13,8,8,0.4273029565811157,0.7265177369117737,0.35
2415,True,exact,0.7,48 cm,C,0.5882352941176471,1.0,0.4166666666666667,5,12,5,5,0.3311525881290436,0.8698742389678955,0.35
2416,False,exact,0.3,3.5 cm,E,0.6666666666666666,1.0,0.5,7,14,7,7,0.41257181763648987,0.7979657053947449,0.35
2417,False,exact,0.3,1 cm,D,0.5882352941176471,1.0,0.4166666666666667,5,12,5,5,0.3942485451698303,0.6959047317504883,0.35
2418,False,numeric_mismatch,0.0,8,6,0.5,1.0,0.3333333333333333,4,12,4,4,0.40759849548339844,0.8040104508399963,0.35
2419,False,exact,1.0,16°,A,0.5,1.0,0.3333333333333333,4,12,4,4,0.3789924383163452,0.6923753619194031,0.35
2420,False,numeric_mismatch,0.0,14,17,0.5882352941176471,1.0,0.4166666666666667,5,12,5,5,0.4125310480594635,0.8347126841545105,0.35
2421,False,numeric_mismatch,0.0,1820,80,0.375,1.0,0.23076923076923078,3,13,3,3,0.21123206615447998,0.47295626997947693,0.35
2422,False,placeholder,0.0,insufficient information,B,0.0,0.0,0.0,0,15,0,0,0.0,0.0,0.0
2423,False,placeholder,0.0,insufficient information,D,0.0,0.0,0.0,0,12,0,0,0.0,0.0,0.0
2424,True,numeric_exact,1.0,3,3,0.6666666666666666,1.0,0.5,6,12,6,6,0.38316312432289124,0.7127874493598938,0.35
2425,False,numeric_mismatch,0.0,13,7,0.5,1.0,0.3333333333333333,4,12,4,4,0.31485870480537415,0.6851352453231812,0.35
2426,False,placeholder,0.0,insufficient information,A,0.0,0.0,0.0,0,14,0,0,0.0,0.0,0.0
2427,False,choice,1.0,B,D,0.6153846153846154,0.8,0.5,5,8,4,4,0.30772629380226135,0.4728405475616455,0.35
2428,True,exact,0.7,D) \(\frac{4}{9}\),D,0.5,1.0,0.3333333333333333,4,12,4,4,0.29900673031806946,0.6674359440803528,0.35
2429,True,exact,0.7,"4, 5 and 6",A,0.6153846153846154,0.8,0.5,5,8,4,4,0.28166258335113525,0.6417317390441895,0.35
2430,False,exact,1.0,70°,B,0.8695652173913043,0.9090909090909091,0.8333333333333334,11,12,10,10,0.46740299463272095,0.9016823172569275,0.35
2431,False,choice,1.0,B,E,0.6153846153846153,0.5714285714285714,0.6666666666666666,7,6,4,4,0.35817351937294006,0.6040990948677063,0.35
2432,False,numeric_mismatch,0.0,4,5,0.625,1.0,0.45454545454545453,5,11,5,5,0.38848280906677246,0.6373443007469177,0.35
2433,False,placeholder,0.0,insufficient information,B,0.0,0.0,0.0,0,9,0,0,0.0,0.0,0.0
2434,False,numeric_mismatch,0.0,6,5,0.38095238095238093,0.8,0.25,5,16,4,4,0.30138176679611206,0.7999283075332642,0.35
2435,True,numeric_rounded,0.9,29,32,0.5882352941176471,1.0,0.4166666666666667,5,12,5,5,0.35612547397613525,0.7573333382606506,0.35
2436,True,exact,0.7,2 and 7,A,0.43478260869565216,0.3333333333333333,0.625,15,8,5,5,0.3501424193382263,0.7102288603782654,0.35
2437,False,exact,0.3,B) $rac{5}{8}$,E,0.7368421052631579,1.0,0.5833333333333334,7,12,7,7,0.33571332693099976,0.7694357633590698,0.35
2438,False,placeholder,0.0,insufficient information,E,0.0,0.0,0.0,0,12,0,0,0.0,0.0,0.0
2439,False,numeric_mismatch,0.0,0,18,0.5555555555555556,1.0,0.38461538461538464,5,13,5,5,0.5558448433876038,0.8386242389678955,0.35
2440,True,numeric_exact,1.0,43,43,0.5882352941176471,1.0,0.4166666666666667,5,12,5,5,0.48001301288604736,0.8060974478721619,0.35
2441,False,exact,0.3,4 km,A,0.125,0.25,0.08333333333333333,4,12,1,1,0.17743675410747528,0.4998948574066162,0.35
2442,False,numeric_mismatch,0.0,14,24,0.33333333333333337,0.6,0.23076923076923078,5,13,3,3,0.23081281781196594,0.5690171718597412,0.35
2443,False,placeholder,0.0,insufficient information,A,0.0,0.0,0.0,0,13,0,0,0.0,0.0,0.0
2444,False,exact,0.3,"D) $3,1,2,4,5$",E,0.375,0.75,0.25,4,12,3,3,0.26613208651542664,0.58641517162323,0.35
2445,False,exact,1.0,135°,A,0.761904761904762,1.0,0.6153846153846154,8,13,8,8,0.42179378867149353,0.813032865524292,0.35
2446,False,numeric_mismatch,0.0,4,1,0.7692307692307693,1.0,0.625,10,16,10,10,0.35975542664527893,0.6707364916801453,0.35
2447,False,numeric_mismatch,0.0,35,96,0.6956521739130436,1.0,0.5333333333333333,8,15,8,8,0.4621877074241638,0.7589659094810486,0.35
2448,False,numeric_mismatch,0.0,2,3,0.6666666666666666,0.8,0.5714285714285714,5,7,4,4,0.30967825651168823,0.5439041256904602,0.35
2449,False,numeric_mismatch,0.0,41,-100,0.6666666666666666,0.8,0.5714285714285714,5,7,4,4,0.3386476933956146,0.7318984866142273,0.35
2450,False,numeric_mismatch,0.0,1037,13837,0.47058823529411764,0.8,0.3333333333333333,5,12,4,4,0.40486955642700195,0.7703147530555725,0.35
2451,False,placeholder,0.0,insufficient information,C,0.0,0.0,0.0,0,12,0,0,0.0,0.0,0.0
2452,False,numeric_mismatch,0.0,30,2.5,0.6666666666666666,1.0,0.5,6,12,6,6,0.48669105768203735,0.874808132648468,0.35
2453,False,numeric_mismatch,0.0,13,6,0.6086956521739131,0.5,0.7777777777777778,14,9,7,7,0.31416428089141846,0.86237633228302,0.35
2454,False,placeholder,0.0,insufficient information,C,0.0,0.0,0.0,0,13,0,0,0.0,0.0,0.0
2455,False,choice,1.0,E,D,0.5714285714285715,1.0,0.4,4,10,4,4,0.3430466651916504,0.5610059499740601,0.35
2456,True,numeric_exact,1.0,20,20,0.5882352941176471,1.0,0.4166666666666667,5,12,5,5,0.5324369668960571,0.7989107966423035,0.35
2457,False,placeholder,0.0,insufficient information,10,0.0,0.0,0.0,0,12,0,0,0.0,0.0,0.0
2458,False,exact,1.0,third,1,0.7368421052631579,1.0,0.5833333333333334,7,12,7,7,0.4261247217655182,0.7909066677093506,0.35
2459,False,placeholder,0.0,insufficient information,C,0.0,0.0,0.0,0,13,0,0,0.0,0.0,0.0
2460,False,choice,1.0,D,B,0.7142857142857143,1.0,0.5555555555555556,5,9,5,5,0.37403368949890137,0.7750208377838135,0.35
2461,False,numeric_mismatch,0.0,28,58,0.5333333333333333,1.0,0.36363636363636365,4,11,4,4,0.40248727798461914,0.7040800452232361,0.35
2462,False,placeholder,0.0,insufficient information,48,0.0,0.0,0.0,0,7,0,0,0.0,0.0,0.0
2463,False,numeric_mismatch,0.0,325,17,0.7272727272727273,1.0,0.5714285714285714,4,7,4,4,0.38382190465927124,0.7560229897499084,0.35
2464,False,exact,1.0,25%,B,0.5882352941176471,1.0,0.4166666666666667,5,12,5,5,0.43025344610214233,0.8346721529960632,0.35
2465,False,numeric_mismatch,0.0,2,1,0.26666666666666666,0.6666666666666666,0.16666666666666666,3,12,2,2,0.299804151058197,0.511755645275116,0.35
2466,False,exact,0.3,3: 2,D,0.4615384615384615,1.0,0.3,3,10,3,3,0.36346349120140076,0.8200164437294006,0.35
2467,False,numeric_mismatch,0.0,90,54,0.5217391304347827,0.75,0.4,8,15,6,6,0.31310006976127625,0.7952009439468384,0.35
2468,False,numeric_mismatch,0.0,10,6,0.47619047619047616,1.0,0.3125,5,16,5,5,0.4445607662200928,0.7913495898246765,0.35
2469,False,placeholder,0.0,insufficient information,36,0.0,0.0,0.0,0,14,0,0,0.0,0.0,0.0
2470,False,choice,1.0,B,A,0.47058823529411764,0.8,0.3333333333333333,5,12,4,4,0.2444738894701004,0.580720067024231,0.35
2471,False,numeric_mismatch,0.0,0,12,0.5454545454545455,0.6666666666666666,0.46153846153846156,9,13,6,6,0.31544914841651917,0.8258593678474426,0.35
2472,False,exact,0.3,5: 6: 9,C,0.4,1.0,0.25,3,12,3,3,0.28991928696632385,0.8674166202545166,0.35
2473,True,numeric_rounded,0.85,6,7,0.5882352941176471,1.0,0.4166666666666667,5,12,5,5,0.3670050799846649,0.5804702043533325,0.35
2474,False,numeric_mismatch,0.0,4,6,0.5,1.0,0.3333333333333333,4,12,4,4,0.4955821931362152,0.7940769791603088,0.35
2475,False,placeholder,0.0,insufficient information,D,0.0,0.0,0.0,0,10,0,0,0.0,0.0,0.0
2476,False,placeholder,0.0,insufficient information,40,0.0,0.0,0.0,0,12,0,0,0.0,0.0,0.0
2477,False,placeholder,0.0,insufficient information,150,0.0,0.0,0.0,0,12,0,0,0.0,0.0,0.0
2478,False,numeric_mismatch,0.0,360,16,0.47058823529411764,1.0,0.3076923076923077,4,13,4,4,0.4357370138168335,0.7040508985519409,0.35
2479,False,numeric_mismatch,0.0,3,11,0.5882352941176471,1.0,0.4166666666666667,5,12,5,5,0.43446552753448486,0.8672735691070557,0.35
2480,False,numeric_mismatch,0.0,12,6,0.5263157894736842,1.0,0.35714285714285715,5,14,5,5,0.3914245665073395,0.6753142476081848,0.35
2481,False,exact,0.3,54 cm,E,0.7142857142857143,1.0,0.5555555555555556,5,9,5,5,0.326336532831192,0.8021000623703003,0.35
2482,False,choice,1.0,B,C,0.631578947368421,0.5,0.8571428571428571,12,7,6,6,0.46355220675468445,0.6887528896331787,0.35
2483,False,numeric_mismatch,0.0,42,82,0.5,1.0,0.3333333333333333,4,12,4,4,0.4136714041233063,0.8543602228164673,0.35
2484,False,numeric_mismatch,0.0,30,70,0.47058823529411764,1.0,0.3076923076923077,4,13,4,4,0.3600573241710663,0.7750939726829529,0.35
2485,False,placeholder,0.0,insufficient information,B,0.0,0.0,0.0,0,10,0,0,0.0,0.0,0.0
2486,False,numeric_mismatch,0.0,1,6,0.8,1.0,0.6666666666666666,4,6,4,4,0.4128319323062897,0.7446680068969727,0.35
2487,False,exact,0.3,1: 3,D,0.6666666666666666,1.0,0.5,5,10,5,5,0.4858611822128296,0.7858097553253174,0.35
2488,False,placeholder,0.0,insufficient information,C,0.0,0.0,0.0,0,11,0,0,0.0,0.0,0.0
2489,False,numeric_mismatch,0.0,36,421,0.5333333333333333,1.0,0.36363636363636365,4,11,4,4,0.37977325916290283,0.836494505405426,0.35
2490,False,numeric_mismatch,0.0,27,540,0.5,1.0,0.3333333333333333,4,12,4,4,0.363605260848999,0.8849623203277588,0.35
2491,False,exact,0.3,4 litres,A,0.5263157894736842,0.7142857142857143,0.4166666666666667,7,12,5,5,0.34891101717948914,0.8832670450210571,0.35
2492,False,choice,1.0,A,C,0.6666666666666666,1.0,0.5,3,6,3,3,0.3113750219345093,0.5465662479400635,0.35
2493,False,exact,1.0,Hexagon,E,0.4,1.0,0.25,3,12,3,3,0.4347323775291443,0.7470923662185669,0.35
2494,False,exact,0.3,160 cm,D,0.631578947368421,1.0,0.46153846153846156,6,13,6,6,0.4146818518638611,0.7571523189544678,0.35
2495,False,exact,0.3,1 m²,C,0.6666666666666666,1.0,0.5,6,12,6,6,0.38765203952789307,0.6801145672798157,0.35
2496,False,placeholder,0.0,insufficient information,C,0.0,0.0,0.0,0,10,0,0,0.0,0.0,0.0
2497,False,numeric_mismatch,0.0,5,6,0.6666666666666666,1.0,0.5,6,12,6,6,0.3679209351539612,0.7455454468727112,0.35
2498,False,exact,0.3,200 cm^2,A,0.631578947368421,0.8571428571428571,0.5,7,12,6,6,0.40069034695625305,0.8595513105392456,0.35
2499,False,placeholder,0.0,insufficient information,D,0.0,0.0,0.0,0,12,0,0,0.0,0.0,0.0
2500,False,placeholder,0.0,insufficient information,16,0.0,0.0,0.0,0,10,0,0,0.0,0.0,0.0
2501,False,numeric_mismatch,0.0,7,4,0.7058823529411764,1.0,0.5454545454545454,6,11,6,6,0.45648694038391113,0.7845026254653931,0.35
2502,False,numeric_mismatch,0.0,6,4,0.47058823529411764,0.8,0.3333333333333333,5,12,4,4,0.23353682458400726,0.5308290123939514,0.35
2503,True,choice,1.0,D,D,0.5,1.0,0.3333333333333333,3,9,3,3,0.5082352161407471,0.7523815035820007,0.35
2504,False,exact,0.3,18 cm,A,0.5,1.0,0.3333333333333333,4,12,4,4,0.4288034439086914,0.966117799282074,0.35
2505,False,numeric_mismatch,0.0,4,5,0.5333333333333333,0.8,0.4,5,10,4,4,0.3652309775352478,0.7302122712135315,0.35
2506,False,placeholder,0.0,insufficient information,E,0.0,0.0,0.0,0,9,0,0,0.0,0.0,0.0
2507,False,exact,0.3,66 cm,D,0.6666666666666666,1.0,0.5,6,12,6,6,0.40809333324432373,0.8299421668052673,0.35
2508,False,exact,0.3,0 cm,B,0.5714285714285715,1.0,0.4,4,10,4,4,0.39872223138809204,0.7255240678787231,0.35
2509,False,placeholder,0.0,insufficient information,E,0.0,0.0,0.0,0,9,0,0,0.0,0.0,0.0
2510,False,placeholder,0.0,insufficient information,A,0.0,0.0,0.0,0,11,0,0,0.0,0.0,0.0
2511,False,numeric_mismatch,0.0,6,5,0.5,1.0,0.3333333333333333,4,12,4,4,0.4283561706542969,0.7918636798858643,0.35
2512,False,placeholder,0.0,insufficient information,E,0.0,0.0,0.0,0,12,0,0,0.0,0.0,0.0
2513,False,numeric_mismatch,0.0,3,2,0.5555555555555556,0.5,0.625,10,8,5,5,0.33185696601867676,0.6681926846504211,0.35
2514,False,choice,1.0,B,E,0.8571428571428571,1.0,0.75,9,12,9,9,0.428197979927063,0.6538359522819519,0.35
2515,False,exact,1.0,25°,A,0.7826086956521738,0.8181818181818182,0.75,11,12,9,9,0.4176923632621765,0.8461793661117554,0.35
2516,False,numeric_mismatch,0.0,5,3,0.7368421052631579,1.0,0.5833333333333334,7,12,7,7,0.3613559603691101,0.9157235622406006,0.35
2517,False,numeric_mismatch,0.0,4,9,0.5,1.0,0.3333333333333333,5,15,5,5,0.30370596051216125,0.6772206425666809,0.35
2518,False,choice,1.0,R,B,0.5,1.0,0.3333333333333333,4,12,4,4,0.43701091408729553,0.8104331493377686,0.35
2519,False,numeric_mismatch,0.0,16,20,0.47058823529411764,1.0,0.3076923076923077,4,13,4,4,0.4005774259567261,0.6886818408966064,0.35
2520,False,exact,1.0,5:4,B,0.8181818181818181,1.0,0.6923076923076923,9,13,9,9,0.4735589325428009,0.9672723412513733,0.35
2521,True,exact,0.7,It depends on the size of the screen.,C,0.5714285714285715,1.0,0.4,4,10,4,4,0.4020448625087738,0.8095510601997375,0.35
2522,False,placeholder,0.0,insufficient information,80,0.0,0.0,0.0,0,14,0,0,0.0,0.0,0.0
2523,False,exact,0.3,10 km,B,0.5882352941176471,1.0,0.4166666666666667,5,12,5,5,0.44416892528533936,0.7737990021705627,0.35
2524,False,numeric_mismatch,0.0,30,11,0.3157894736842105,0.42857142857142855,0.25,7,12,3,3,0.2868131995201111,0.7872490882873535,0.35
2525,False,placeholder,0.0,insufficient information,C,0.0,0.0,0.0,0,8,0,0,0.0,0.0,0.0
2526,False,exact,0.3,62 cm²,E,0.5,1.0,0.3333333333333333,3,9,3,3,0.41896915435791016,0.7618041038513184,0.35
2527,False,placeholder,0.0,insufficient information,B,0.0,0.0,0.0,0,12,0,0,0.0,0.0,0.0
2528,False,exact,0.3,No solution exists,5,0.4444444444444444,0.6666666666666666,0.3333333333333333,6,12,4,4,0.2440405637025833,0.4551747143268585,0.35
2529,False,placeholder,0.0,insufficient information,C,0.0,0.0,0.0,0,11,0,0,0.0,0.0,0.0
2530,False,exact,1.0,21°,A,0.7000000000000001,1.0,0.5384615384615384,7,13,7,7,0.40845322608947754,0.9045993685722351,0.35
2531,False,numeric_mismatch,0.0,53 + 47 - 48 = 52,23,0.4444444444444445,1.0,0.2857142857142857,4,14,4,4,0.2845058739185333,0.6220895648002625,0.35
2532,False,placeholder,0.0,insufficient information,C,0.0,0.0,0.0,0,12,0,0,0.0,0.0,0.0
2533,False,numeric_mismatch,0.0,160,20,0.5882352941176471,1.0,0.4166666666666667,5,12,5,5,0.4505985677242279,0.7132107615470886,0.35
2534,False,numeric_mismatch,0.0,42,21,0.5454545454545454,1.0,0.375,3,8,3,3,0.38570770621299744,0.7947769165039062,0.35
2535,False,exact,1.0,Yellow,A,0.5,1.0,0.3333333333333333,4,12,4,4,0.2791426479816437,0.6152562499046326,0.35
2536,False,numeric_mismatch,0.0,148,222,0.5714285714285715,1.0,0.4,4,10,4,4,0.4427081048488617,0.7636155486106873,0.35
2537,False,choice,1.0,B,D,0.5,1.0,0.3333333333333333,4,12,4,4,0.3614642322063446,0.7046715021133423,0.35
2538,False,placeholder,0.0,insufficient information,56,0.0,0.0,0.0,0,9,0,0,0.0,0.0,0.0
2539,False,numeric_mismatch,0.0,30,60,0.45454545454545453,1.0,0.29411764705882354,5,17,5,5,0.38288429379463196,0.8204441070556641,0.35
2540,False,numeric_mismatch,0.0,10,17,0.5882352941176471,1.0,0.4166666666666667,5,12,5,5,0.4080841839313507,0.7768678069114685,0.35
2541,False,numeric_mismatch,0.0,1,4,0.3529411764705882,0.75,0.23076923076923078,4,13,3,3,0.3334224820137024,0.7267196774482727,0.35
2542,False,exact,1.0,5:9,A,0.380952380952381,0.4444444444444444,0.3333333333333333,9,12,4,4,0.19574588537216187,0.6492357850074768,0.35
2543,False,numeric_mismatch,0.0,4,20,0.5,1.0,0.3333333333333333,4,12,4,4,0.4469432830810547,0.7825196981430054,0.35
2544,False,choice,1.0,R,B,0.375,0.75,0.25,4,12,3,3,0.3059448301792145,0.5408855080604553,0.35
2545,False,numeric_mismatch,0.0,6,3,0.7999999999999999,0.8571428571428571,0.75,7,8,6,6,0.39627963304519653,0.7110147476196289,0.35
2546,False,numeric_mismatch,0.0,5,20,0.7058823529411764,0.8571428571428571,0.6,7,10,6,6,0.4274902045726776,0.8309684991836548,0.35
2547,False,placeholder,0.0,insufficient information,E,0.0,0.0,0.0,0,12,0,0,0.0,0.0,0.0
2548,True,choice,1.0,C,C,0.47058823529411764,1.0,0.3076923076923077,4,13,4,4,0.4129142761230469,0.7636315822601318,0.35
2549,True,numeric_exact,1.0,30,30,0.6,0.8571428571428571,0.46153846153846156,7,13,6,6,0.3969641327857971,0.888568639755249,0.35
2550,False,exact,0.3,8 and 10,E,0.5882352941176471,1.0,0.4166666666666667,5,12,5,5,0.40068480372428894,0.72342848777771,0.35
2551,False,choice,1.0,B,D,0.5,1.0,0.3333333333333333,4,12,4,4,0.3592444956302643,0.7104183435440063,0.35
2552,False,numeric_mismatch,0.0,7,4,0.631578947368421,1.0,0.46153846153846156,6,13,6,6,0.36962172389030457,0.7274559736251831,0.35
2553,False,placeholder,0.0,insufficient information,D,0.0,0.0,0.0,0,8,0,0,0.0,0.0,0.0
2554,False,numeric_mismatch,0.0,13,4,0.35294117647058826,0.6,0.25,5,12,3,3,0.21379956603050232,0.571959912776947,0.35
2555,False,numeric_mismatch,0.0,1,4,0.39999999999999997,0.75,0.2727272727272727,4,11,3,3,0.2296248823404312,0.6824295520782471,0.35
2556,False,placeholder,0.0,insufficient information,9,0.0,0.0,0.0,0,13,0,0,0.0,0.0,0.0
2557,False,numeric_mismatch,0.0,10,4,0.5555555555555556,1.0,0.38461538461538464,5,13,5,5,0.3614584803581238,0.7879160046577454,0.35
2558,False,placeholder,0.0,insufficient information,4,0.0,0.0,0.0,0,5,0,0,0.0,0.0,0.0
2559,True,choice,1.0,E,E,0.3529411764705882,0.75,0.23076923076923078,4,13,3,3,0.22005091607570648,0.6482803225517273,0.35
2560,False,numeric_mismatch,0.0,2,30,0.6,1.0,0.42857142857142855,6,14,6,6,0.5521313548088074,0.8880921006202698,0.35
2561,True,numeric_rounded,0.85,6,7,0.6,1.0,0.42857142857142855,6,14,6,6,0.338138610124588,0.835561215877533,0.35
2562,False,placeholder,0.0,insufficient information,67,0.0,0.0,0.0,0,15,0,0,0.0,0.0,0.0
2563,False,numeric_mismatch,0.0,30,68,0.5555555555555556,1.0,0.38461538461538464,5,13,5,5,0.4107053875923157,0.6996375322341919,0.35
2564,False,exact,1.0,54°,C,0.7142857142857143,1.0,0.5555555555555556,5,9,5,5,0.4006690979003906,0.9443960189819336,0.35
2565,True,exact,0.7,Strip 3 has the largest area.,A,0.7777777777777778,1.0,0.6363636363636364,7,11,7,7,0.4402958154678345,0.6967695355415344,0.35
2566,False,placeholder,0.0,insufficient information,B,0.0,0.0,0.0,0,14,0,0,0.0,0.0,0.0
2567,False,choice,1.0,D,C,0.5555555555555556,1.0,0.38461538461538464,5,13,5,5,0.41568538546562195,0.8027323484420776,0.35
2568,False,numeric_mismatch,0.0,1,8,0.6666666666666666,1.0,0.5,4,8,4,4,0.3213818669319153,0.5874954462051392,0.35
2569,False,exact,0.3,4: 5,A,0.4210526315789473,0.8,0.2857142857142857,5,14,4,4,0.24638524651527405,0.7685818672180176,0.35
2570,True,exact,0.7,7.35 cm,C,0.5555555555555556,1.0,0.38461538461538464,5,13,5,5,0.3286108076572418,0.6840630173683167,0.35
2571,False,placeholder,0.0,insufficient information,D,0.0,0.0,0.0,0,8,0,0,0.0,0.0,0.0
2572,False,exact,1.0,2003^2,A,0.5333333333333333,0.8,0.4,5,10,4,4,0.39107632637023926,0.8321182727813721,0.35
2573,False,placeholder,0.0,insufficient information,D,0.0,0.0,0.0,0,12,0,0,0.0,0.0,0.0
2574,False,placeholder,0.0,insufficient information,42,0.0,0.0,0.0,0,12,0,0,0.0,0.0,0.0
2575,False,placeholder,0.0,insufficient information,C,0.0,0.0,0.0,0,12,0,0,0.0,0.0,0.0
2576,False,exact,1.0,20,B,0.631578947368421,0.8571428571428571,0.5,7,12,6,6,0.32316315174102783,0.7974817752838135,0.35
2577,False,numeric_mismatch,0.0,12,4,0.5555555555555556,0.8333333333333334,0.4166666666666667,6,12,5,5,0.3498450815677643,0.7423977255821228,0.35
2578,True,numeric_exact,1.0,3,3,0.26666666666666666,0.6666666666666666,0.16666666666666666,3,12,2,2,0.27972400188446045,0.5986238121986389,0.35
2579,False,placeholder,0.0,insufficient information,72,0.0,0.0,0.0,0,12,0,0,0.0,0.0,0.0
2580,False,placeholder,0.0,insufficient information,4,0.0,0.0,0.0,0,6,0,0,0.0,0.0,0.0
2581,False,numeric_mismatch,0.0,4,1,0.47058823529411764,1.0,0.3076923076923077,4,13,4,4,0.5320917963981628,0.7872582674026489,0.35
2582,False,exact,0.3,1: 4,B,0.6666666666666666,1.0,0.5,6,12,6,6,0.48846620321273804,0.8933033347129822,0.35
2583,False,numeric_mismatch,0.0,0,3,0.6153846153846153,1.0,0.4444444444444444,4,9,4,4,0.4940064251422882,0.8219115734100342,0.35
2584,False,placeholder,0.0,insufficient information,C,0.0,0.0,0.0,0,13,0,0,0.0,0.0,0.0
2585,True,numeric_rounded,0.9,38,42,0.4761904761904762,0.5555555555555556,0.4166666666666667,9,12,5,5,0.2715585231781006,0.6409310698509216,0.35
2586,False,placeholder,0.0,insufficient information,B,0.0,0.0,0.0,0,9,0,0,0.0,0.0,0.0
2587,False,exact,1.0,360°,E,0.4,1.0,0.25,3,12,3,3,0.2945246696472168,0.5946637392044067,0.35
2588,False,numeric_mismatch,0.0,4,6,0.5714285714285715,1.0,0.4,4,10,4,4,0.3716931939125061,0.7997555732727051,0.35
2589,False,numeric_mismatch,0.0,56,768,0.6666666666666666,1.0,0.5,6,12,6,6,0.4297052323818207,0.8671681880950928,0.35
2590,False,exact,1.0,1,D,0.6,0.5,0.75,12,8,6,6,0.36999306082725525,0.8260937929153442,0.35
2591,False,placeholder,0.0,insufficient information,11,0.0,0.0,0.0,0,10,0,0,0.0,0.0,0.0
2592,False,numeric_mismatch,0.0,2,7,0.6153846153846153,1.0,0.4444444444444444,4,9,4,4,0.4886894226074219,0.8506450057029724,0.35
2593,False,numeric_mismatch,0.0,6,9,0.47058823529411764,0.8,0.3333333333333333,5,12,4,4,0.24830679595470428,0.7128443121910095,0.35
2594,True,numeric_exact,1.0,12,12,0.47058823529411764,1.0,0.3076923076923077,4,13,4,4,0.5185708403587341,0.9533090591430664,0.35
2595,False,exact,1.0,½,A,0.4444444444444445,1.0,0.2857142857142857,4,14,4,4,0.31591370701789856,0.7009270787239075,0.35
2596,False,exact,0.3,10π + 10π√2,C,0.6956521739130435,0.8,0.6153846153846154,10,13,8,8,0.3175913989543915,0.8138228058815002,0.35
2597,False,numeric_mismatch,0.0,10,27,0.625,1.0,0.45454545454545453,5,11,5,5,0.40807610750198364,0.6542636156082153,0.35
2598,False,exact,0.3,"X=1, Y=1",A,0.7826086956521738,0.8181818181818182,0.75,11,12,9,9,0.406525582075119,0.8050870895385742,0.35
2599,False,numeric_mismatch,0.0,2007 - KAN - GA - ROO = 2007 - 999 - 999 - 999 = 0,110,0.4,1.0,0.25,3,12,3,3,0.4355238080024719,0.6703484058380127,0.35
2600,False,numeric_mismatch,0.0,13,25,0.5882352941176471,1.0,0.4166666666666667,5,12,5,5,0.35309532284736633,0.6458917856216431,0.35
2601,False,placeholder,0.0,insufficient information,A,0.0,0.0,0.0,0,12,0,0,0.0,0.0,0.0
2602,False,exact,0.3,6 + π,C,0.5555555555555556,1.0,0.38461538461538464,5,13,5,5,0.3732106685638428,0.7918384671211243,0.35
2603,False,exact,0.3,H = L - S,E,0.6956521739130436,1.0,0.5333333333333333,8,15,8,8,0.3642207384109497,0.7498125433921814,0.35
2604,False,exact,1.0,1,D,0.5555555555555556,1.0,0.38461538461538464,5,13,5,5,0.3740828037261963,0.7647371292114258,0.35
2605,False,choice,1.0,I,D,0.25,0.5,0.16666666666666666,4,12,2,2,0.24660122394561768,0.7551681399345398,0.35
2606,False,exact,1.0,√13,B,0.6666666666666666,0.8,0.5714285714285714,5,7,4,4,0.29765212535858154,0.6498994827270508,0.35
2607,False,exact,1.0,None,E,0.3333333333333333,0.5,0.25,6,12,3,3,0.2390252947807312,0.7627062797546387,0.35
2608,True,exact,0.7,B) \(\frac{1}{2}\),B,0.5882352941176471,1.0,0.4166666666666667,5,12,5,5,0.5382696390151978,0.920083224773407,0.35
2609,True,exact,0.7,H and I,A,0.5555555555555556,1.0,0.38461538461538464,5,13,5,5,0.35920479893684387,0.8383935689926147,0.35
2610,False,exact,1.0,10°,A,0.8421052631578948,1.0,0.7272727272727273,8,11,8,8,0.4385664761066437,0.8234227299690247,0.35
2611,False,placeholder,0.0,insufficient information,E,0.0,0.0,0.0,0,12,0,0,0.0,0.0,0.0
2612,False,numeric_mismatch,0.0,19,6,0.6666666666666666,1.0,0.5,6,12,6,6,0.3391770124435425,0.7948725819587708,0.35
2613,False,numeric_mismatch,0.0,7,4,0.6666666666666666,1.0,0.5,6,12,6,6,0.3773595988750458,0.7203588485717773,0.35
2614,False,numeric_mismatch,0.0,8,10,0.6666666666666666,1.0,0.5,6,12,6,6,0.37762799859046936,0.7669292688369751,0.35
2615,False,exact,0.3,2 - √2,E,0.5263157894736842,0.8333333333333334,0.38461538461538464,6,13,5,5,0.2906476557254791,0.7127549052238464,0.35
2616,False,placeholder,0.0,insufficient information,B,0.0,0.0,0.0,0,12,0,0,0.0,0.0,0.0
2617,False,placeholder,0.0,insufficient information,B,0.0,0.0,0.0,0,12,0,0,0.0,0.0,0.0
2618,False,exact,0.3,1 + √2,A,0.5555555555555556,1.0,0.38461538461538464,5,13,5,5,0.44729703664779663,0.8029749393463135,0.35
2619,False,placeholder,0.0,insufficient information,6,0.0,0.0,0.0,0,14,0,0,0.0,0.0,0.0
2620,False,numeric_mismatch,0.0,4,14,0.631578947368421,0.8571428571428571,0.5,7,12,6,6,0.3494900166988373,0.7477798461914062,0.35
2621,False,placeholder,0.0,insufficient information,64,0.0,0.0,0.0,0,12,0,0,0.0,0.0,0.0
2622,True,choice,1.0,D,D,0.5263157894736842,1.0,0.35714285714285715,5,14,5,5,0.30913859605789185,0.7630650401115417,0.35
2623,True,exact,0.7,all the shapes A-D can be made,E,0.8333333333333334,0.8333333333333334,0.8333333333333334,6,6,5,5,0.35303622484207153,0.5942028760910034,0.35
2624,False,exact,0.3,√6 - 1,A,0.6666666666666666,0.6666666666666666,0.6666666666666666,12,12,8,8,0.2962043583393097,0.7209047675132751,0.35
2625,False,exact,1.0,50°,D,0.7272727272727272,0.8,0.6666666666666666,10,12,8,8,0.3967934846878052,0.8204911351203918,0.35
2626,False,placeholder,0.0,insufficient information,C,0.0,0.0,0.0,0,12,0,0,0.0,0.0,0.0
2627,False,exact,1.0,Alicia,D,0.6153846153846153,0.6666666666666666,0.5714285714285714,6,7,4,4,0.2998413145542145,0.870502233505249,0.35
2628,False,placeholder,0.0,insufficient information,3,0.0,0.0,0.0,0,12,0,0,0.0,0.0,0.0
2629,False,numeric_mismatch,0.0,0.3,1.1,0.631578947368421,1.0,0.46153846153846156,6,13,6,6,0.3815954625606537,0.8367390036582947,0.35
2630,False,numeric_mismatch,0.0,√5,6,0.6086956521739131,1.0,0.4375,7,16,7,7,0.29770785570144653,0.7166184782981873,0.35
2631,False,placeholder,0.0,insufficient information,A,0.0,0.0,0.0,0,13,0,0,0.0,0.0,0.0
2632,False,placeholder,0.0,insufficient information,6,0.0,0.0,0.0,0,12,0,0,0.0,0.0,0.0
2633,False,numeric_mismatch,0.0,1024,116,0.6666666666666666,1.0,0.5,6,12,6,6,0.3485012650489807,0.897796630859375,0.35
2634,False,placeholder,0.0,insufficient information,1,0.0,0.0,0.0,0,12,0,0,0.0,0.0,0.0
2635,False,exact,0.3,"any of $T, U, V$ and $W$",C,0.4,0.5,0.3333333333333333,4,6,2,2,0.24933509528636932,0.5031250715255737,0.35
2636,False,placeholder,0.0,insufficient information,C,0.0,0.0,0.0,0,12,0,0,0.0,0.0,0.0
2637,False,placeholder,0.0,insufficient information,45,0.0,0.0,0.0,0,12,0,0,0.0,0.0,0.0
2638,False,numeric_mismatch,0.0,1,5,0.7499999999999999,1.0,0.6,6,10,6,6,0.38620173931121826,0.8146239519119263,0.35
2639,False,numeric_mismatch,0.0,16,12,0.4,1.0,0.25,3,12,3,3,0.35674282908439636,0.6327084898948669,0.35
2640,False,exact,1.0,David,A,0.6666666666666666,1.0,0.5,6,12,6,6,0.4319538474082947,0.8599993586540222,0.35
2641,False,placeholder,0.0,insufficient information,225,0.0,0.0,0.0,0,14,0,0,0.0,0.0,0.0
2642,False,placeholder,0.0,insufficient information,3,0.0,0.0,0.0,0,13,0,0,0.0,0.0,0.0
2643,False,choice,1.0,D,C,0.4285714285714285,0.75,0.3,4,10,3,3,0.34483927488327026,0.7504186630249023,0.35
2644,False,numeric_mismatch,0.0,8,12,0.631578947368421,1.0,0.46153846153846156,6,13,6,6,0.4587096571922302,0.877192497253418,0.35
2645,False,placeholder,0.0,insufficient information,B,0.0,0.0,0.0,0,13,0,0,0.0,0.0,0.0
2646,False,placeholder,0.0,insufficient information,B,0.0,0.0,0.0,0,12,0,0,0.0,0.0,0.0
2647,False,numeric_mismatch,0.0,3,4,0.4210526315789473,0.8,0.2857142857142857,5,14,4,4,0.41250523924827576,0.6559410691261292,0.35
2648,False,numeric_mismatch,0.0,32,47,0.6666666666666667,0.875,0.5384615384615384,8,13,7,7,0.2852790057659149,0.7504773139953613,0.35
2649,False,numeric_mismatch,0.0,10,16,0.8,1.0,0.6666666666666666,6,9,6,6,0.48240116238594055,0.7668666243553162,0.35
2650,False,numeric_mismatch,0.0,1,64,0.5555555555555556,0.8333333333333334,0.4166666666666667,6,12,5,5,0.2897675335407257,0.7917413115501404,0.35
2651,False,numeric_mismatch,0.0,3,4,0.6666666666666665,0.6,0.75,5,4,3,3,0.3088013827800751,0.5807654857635498,0.35
2652,True,choice,1.0,E,E,0.4,1.0,0.25,3,12,3,3,0.3884269595146179,0.6019601821899414,0.35
2653,False,placeholder,0.0,insufficient information,A,0.0,0.0,0.0,0,13,0,0,0.0,0.0,0.0
2654,False,exact,1.0,20°,D,0.9090909090909091,1.0,0.8333333333333334,10,12,10,10,0.4842328429222107,0.8498544692993164,0.35
2655,True,numeric_rounded,0.9,4038,4028,0.6666666666666666,1.0,0.5,6,12,6,6,0.41854873299598694,0.7546670436859131,0.35
2656,False,placeholder,0.0,insufficient information,80,0.0,0.0,0.0,0,12,0,0,0.0,0.0,0.0
2657,True,exact,0.7,it depends on the size of the rectangle,A,0.5,1.0,0.3333333333333333,4,12,4,4,0.31815579533576965,0.6978446841239929,0.35
2658,False,exact,1.0,PS,A,0.5263157894736842,1.0,0.35714285714285715,5,14,5,5,0.41304221749305725,0.6845575571060181,0.35
2659,False,numeric_mismatch,0.0,5,12,0.7142857142857143,1.0,0.5555555555555556,5,9,5,5,0.3567013740539551,0.7026182413101196,0.35
2660,False,numeric_mismatch,0.0,2,3,0.5882352941176471,1.0,0.4166666666666667,5,12,5,5,0.38589856028556824,0.7959198951721191,0.35
2661,False,placeholder,0.0,insufficient information,E,0.0,0.0,0.0,0,8,0,0,0.0,0.0,0.0
2662,False,numeric_mismatch,0.0,3.6,12.6,0.6666666666666666,1.0,0.5,5,10,5,5,0.282347708940506,0.6971484422683716,0.35
2663,False,numeric_mismatch,0.0,6,12,0.4,1.0,0.25,3,12,3,3,0.46279510855674744,0.8372987508773804,0.35
2664,False,numeric_mismatch,0.0,19,23,0.7000000000000001,1.0,0.5384615384615384,7,13,7,7,0.38469988107681274,0.7328024506568909,0.35
2665,False,numeric_mismatch,0.0,3,9,0.5555555555555556,1.0,0.38461538461538464,5,13,5,5,0.33610060811042786,0.7498603463172913,0.35
2666,False,numeric_mismatch,0.0,6,9,0.5,1.0,0.3333333333333333,4,12,4,4,0.5057836771011353,0.7718077898025513,0.35
2667,False,placeholder,0.0,insufficient information,B,0.0,0.0,0.0,0,11,0,0,0.0,0.0,0.0
2668,False,exact,1.0,125/8,B,0.6666666666666666,1.0,0.5,7,14,7,7,0.2915695011615753,0.714576244354248,0.35
2669,False,placeholder,0.0,insufficient information,B,0.0,0.0,0.0,0,11,0,0,0.0,0.0,0.0
2670,False,placeholder,0.0,insufficient information,A,0.0,0.0,0.0,0,13,0,0,0.0,0.0,0.0
2671,False,exact,1.0,\frac{2}{3},B,0.7142857142857143,1.0,0.5555555555555556,5,9,5,5,0.3502495586872101,0.7340048551559448,0.35
2672,False,placeholder,0.0,insufficient information,C,0.0,0.0,0.0,0,10,0,0,0.0,0.0,0.0
2673,False,numeric_mismatch,0.0,75,25,0.7826086956521738,0.9,0.6923076923076923,10,13,9,9,0.3020172715187073,0.8032967448234558,0.35
2674,True,exact,0.7,W and Y,A,0.47058823529411764,1.0,0.3076923076923077,4,13,4,4,0.4624505043029785,0.7890284061431885,0.35
2675,False,numeric_mismatch,0.0,3,0,0.4210526315789473,0.8,0.2857142857142857,5,14,4,4,0.3373758792877197,0.7196159362792969,0.35
2676,False,exact,1.0,4:3,D,0.4,1.0,0.25,3,12,3,3,0.3111804723739624,0.6965530514717102,0.35
2677,False,exact,1.0,2,A,0.6666666666666666,1.0,0.5,6,12,6,6,0.40645697712898254,0.9108811616897583,0.35
2678,False,placeholder,0.0,insufficient information,C,0.0,0.0,0.0,0,9,0,0,0.0,0.0,0.0
2679,False,numeric_mismatch,0.0,25,4,0.6428571428571429,0.5625,0.75,16,12,9,9,0.31139373779296875,0.6320551037788391,0.35
2680,False,exact,1.0,four,5,0.5,1.0,0.3333333333333333,5,15,5,5,0.4609399437904358,0.8061831593513489,0.35
2681,False,placeholder,0.0,insufficient information,B,0.0,0.0,0.0,0,10,0,0,0.0,0.0,0.0
2682,False,numeric_mismatch,0.0,4,12,0.5,1.0,0.3333333333333333,4,12,4,4,0.36242952942848206,0.721379280090332,0.35
2683,False,numeric_mismatch,0.0,2013,16,0.42857142857142855,0.6,0.3333333333333333,5,9,3,3,0.33572524785995483,0.7967811822891235,0.35
2684,True,choice,1.0,E,E,0.22222222222222224,0.5,0.14285714285714285,4,14,2,2,0.15291841328144073,0.6547775864601135,0.35
2685,False,placeholder,0.0,insufficient information,D,0.0,0.0,0.0,0,12,0,0,0.0,0.0,0.0
2686,True,numeric_rounded,0.85,30,35,0.7368421052631579,1.0,0.5833333333333334,7,12,7,7,0.3808518052101135,0.913083016872406,0.35
2687,False,placeholder,0.0,insufficient information,B,0.0,0.0,0.0,0,13,0,0,0.0,0.0,0.0
2688,True,numeric_exact,1.0,0,0,0.5882352941176471,1.0,0.4166666666666667,5,12,5,5,0.36714667081832886,0.6552190780639648,0.35
2689,False,numeric_mismatch,0.0,1,14,0.8,1.0,0.6666666666666666,8,12,8,8,0.47047004103660583,0.7040792107582092,0.35
2690,False,exact,1.0,50%,B,0.7368421052631579,0.875,0.6363636363636364,8,11,7,7,0.38974466919898987,0.8631625771522522,0.35
2691,False,numeric_mismatch,0.0,3,6,0.47619047619047616,1.0,0.3125,5,16,5,5,0.22594232857227325,0.5358681082725525,0.35
2692,False,exact,0.3,(90 - α°),A,0.28571428571428575,0.3333333333333333,0.25,9,12,3,3,0.12301219254732132,0.5563561320304871,0.35
2693,True,exact,0.7,140 cm,C,0.4444444444444445,1.0,0.2857142857142857,4,14,4,4,0.377449095249176,0.792475700378418,0.35
2694,True,exact,0.7,"X, Y, and Z are all the same",A,0.5,1.0,0.3333333333333333,4,12,4,4,0.5527889132499695,0.8610969185829163,0.35
2695,False,numeric_mismatch,0.0,10,15,0.3333333333333333,0.5,0.25,6,12,3,3,0.2684890031814575,0.7441082000732422,0.35
2696,False,numeric_mismatch,0.0,3,16,0.39999999999999997,0.75,0.2727272727272727,4,11,3,3,0.23572969436645508,0.6927973031997681,0.35
2697,True,numeric_exact,1.0,8,8,0.7058823529411764,0.8571428571428571,0.6,7,10,6,6,0.38677626848220825,0.8071165084838867,0.35
2698,True,numeric_exact,1.0,3,3,0.47058823529411764,1.0,0.3076923076923077,4,13,4,4,0.3733985126018524,0.8274732828140259,0.35
2699,False,numeric_mismatch,0.0,1806,3025,0.3333333333333333,0.75,0.21428571428571427,4,14,3,3,0.3088293671607971,0.7651129364967346,0.35
2700,True,numeric_exact,1.0,38,38,0.625,1.0,0.45454545454545453,5,11,5,5,0.4077692925930023,0.8377413153648376,0.35
2701,False,placeholder,0.0,insufficient information,D,0.0,0.0,0.0,0,14,0,0,0.0,0.0,0.0
2702,False,placeholder,0.0,insufficient information,B,0.0,0.0,0.0,0,6,0,0,0.0,0.0,0.0
2703,False,choice,1.0,E,A,0.5,1.0,0.3333333333333333,3,9,3,3,0.2689094841480255,0.6600816249847412,0.35
2704,False,exact,0.3,"0, 2, and 2",B,0.7142857142857143,1.0,0.5555555555555556,5,9,5,5,0.29875296354293823,0.6513516902923584,0.35
2705,False,exact,0.3,1: 4,E,0.5882352941176471,1.0,0.4166666666666667,5,12,5,5,0.32612019777297974,0.927211344242096,0.35
2706,False,placeholder,0.0,insufficient information,C,0.0,0.0,0.0,0,14,0,0,0.0,0.0,0.0
2707,False,choice,1.0,B,E,0.6666666666666666,1.0,0.5,6,12,6,6,0.43379440903663635,0.8000603318214417,0.35
2708,False,exact,1.0,1,A,0.7000000000000001,0.875,0.5833333333333334,8,12,7,7,0.35573068261146545,0.7681952714920044,0.35
2709,True,exact,0.7,all of the vertices are possible,C,0.631578947368421,0.8571428571428571,0.5,7,12,6,6,0.3362581133842468,0.7707229256629944,0.35
2710,False,exact,1.0,4S,A,0.6,1.0,0.42857142857142855,6,14,6,6,0.31555482745170593,0.7147364616394043,0.35
2711,True,numeric_rounded,0.85,16,18,0.5882352941176471,1.0,0.4166666666666667,5,12,5,5,0.3982089161872864,0.7908201813697815,0.35
2712,True,numeric_exact,1.0,158,158,0.47058823529411764,0.5,0.4444444444444444,8,9,4,4,0.3102950155735016,0.7521364092826843,0.35
2713,False,exact,0.3,4 km,A,0.7368421052631579,1.0,0.5833333333333334,7,12,7,7,0.37663161754608154,0.7998271584510803,0.35
2714,False,placeholder,0.0,insufficient information,3,0.0,0.0,0.0,0,12,0,0,0.0,0.0,0.0
2715,False,exact,1.0,35°,E,0.6250000000000001,0.7142857142857143,0.5555555555555556,7,9,5,5,0.2449352741241455,0.605873167514801,0.35
2716,False,placeholder,0.0,insufficient information,D,0.0,0.0,0.0,0,12,0,0,0.0,0.0,0.0
2717,False,placeholder,0.0,insufficient information,D,0.0,0.0,0.0,0,9,0,0,0.0,0.0,0.0
2718,False,numeric_mismatch,0.0,20,7,0.6,0.75,0.5,8,12,6,6,0.3296421468257904,0.6911452412605286,0.35
2719,False,exact,1.0,60°,B,0.6666666666666666,1.0,0.5,5,10,5,5,0.3739127814769745,0.6898770332336426,0.35
2720,False,placeholder,0.0,insufficient information,C,0.0,0.0,0.0,0,10,0,0,0.0,0.0,0.0
2721,False,placeholder,0.0,insufficient information,B,0.0,0.0,0.0,0,8,0,0,0.0,0.0,0.0
2722,False,placeholder,0.0,insufficient information,D,0.0,0.0,0.0,0,7,0,0,0.0,0.0,0.0
2723,False,numeric_mismatch,0.0,3,1,0.6,1.0,0.42857142857142855,6,14,6,6,0.35599273443222046,0.6629691123962402,0.35
2724,False,numeric_mismatch,0.0,113,9,0.5,1.0,0.3333333333333333,4,12,4,4,0.4572010338306427,0.7544975280761719,0.35
2725,False,placeholder,0.0,insufficient information,4045,0.0,0.0,0.0,0,12,0,0,0.0,0.0,0.0
2726,False,numeric_mismatch,0.0,1,5,0.5882352941176471,1.0,0.4166666666666667,5,12,5,5,0.37712714076042175,0.8346176147460938,0.35
2727,False,numeric_mismatch,0.0,60,16,0.5555555555555556,0.8333333333333334,0.4166666666666667,6,12,5,5,0.3030695915222168,0.565544605255127,0.35
2728,False,numeric_mismatch,0.0,33,18,0.8,1.0,0.6666666666666666,8,12,8,8,0.4405578672885895,0.8245320916175842,0.35
2729,False,exact,1.0,√3:1,E,0.4444444444444444,0.6666666666666666,0.3333333333333333,6,12,4,4,0.2077178657054901,0.7181955575942993,0.35
2730,False,numeric_mismatch,0.0,12,9,0.5,1.0,0.3333333333333333,4,12,4,4,0.46303820610046387,0.8316154479980469,0.35
2731,False,numeric_mismatch,0.0,5,3,0.7272727272727273,1.0,0.5714285714285714,4,7,4,4,0.4555377662181854,0.7010277509689331,0.35
2732,False,numeric_mismatch,0.0,7,12,0.6153846153846153,1.0,0.4444444444444444,4,9,4,4,0.47240862250328064,0.8012491464614868,0.35
2733,False,choice,1.0,D,E,0.125,0.3333333333333333,0.07692307692307693,3,13,1,1,0.17632882297039032,0.6671457886695862,0.35
2734,False,exact,1.0,Jenny,3,0.5263157894736842,0.7142857142857143,0.4166666666666667,7,12,5,5,0.30484405159950256,0.5910813212394714,0.35
2735,True,numeric_exact,1.0,18,18,0.5555555555555556,1.0,0.38461538461538464,5,13,5,5,0.4321504533290863,0.7643367648124695,0.35
2736,False,numeric_mismatch,0.0,2,5,0.4444444444444444,0.8,0.3076923076923077,5,13,4,4,0.2763308584690094,0.728025496006012,0.35
2737,False,placeholder,0.0,insufficient information,B,0.0,0.0,0.0,0,12,0,0,0.0,0.0,0.0
2738,False,exact,0.3,3: 4,E,0.5882352941176471,1.0,0.4166666666666667,5,12,5,5,0.3303733170032501,0.8617253303527832,0.35
2739,False,exact,1.0,1,E,0.7058823529411764,0.8571428571428571,0.6,7,10,6,6,0.3306241035461426,0.9281937479972839,0.35
2740,True,numeric_rounded,0.85,45,40,0.6666666666666666,1.0,0.5,7,14,7,7,0.46241453289985657,0.7720263004302979,0.35
2741,True,exact,0.7,"7 crosses, 8 triangles",E,0.6363636363636364,1.0,0.4666666666666667,7,15,7,7,0.4962129592895508,0.9074676036834717,0.35
2742,False,placeholder,0.0,insufficient information,20,0.0,0.0,0.0,0,12,0,0,0.0,0.0,0.0
2743,False,exact,0.3,2 - sqrt(2),B,0.625,1.0,0.45454545454545453,5,11,5,5,0.3580443561077118,0.7974522709846497,0.35
2744,False,placeholder,0.0,insufficient information,D,0.0,0.0,0.0,0,11,0,0,0.0,0.0,0.0
2745,False,choice,1.0,D,E,0.5555555555555556,1.0,0.38461538461538464,5,13,5,5,0.3672291338443756,0.680776059627533,0.35
2746,False,placeholder,0.0,insufficient information,B,0.0,0.0,0.0,0,10,0,0,0.0,0.0,0.0
2747,False,exact,1.0,1/4,C,0.36363636363636365,0.5,0.2857142857142857,4,7,2,2,0.2723582684993744,0.878129780292511,0.35
2748,False,exact,0.3,5: 3,D,0.6666666666666666,1.0,0.5,6,12,6,6,0.46170467138290405,0.9039642214775085,0.35
2749,False,numeric_mismatch,0.0,1,4,0.5882352941176471,1.0,0.4166666666666667,5,12,5,5,0.4427061676979065,0.9108414053916931,0.35
2750,False,placeholder,0.0,insufficient information,B,0.0,0.0,0.0,0,12,0,0,0.0,0.0,0.0
2751,False,placeholder,0.0,insufficient information,B,0.0,0.0,0.0,0,12,0,0,0.0,0.0,0.0
2752,False,numeric_mismatch,0.0,6,2,0.7058823529411764,0.8571428571428571,0.6,7,10,6,6,0.3755955696105957,0.8200036883354187,0.35
2753,False,choice,1.0,B,C,0.5,1.0,0.3333333333333333,4,12,4,4,0.24329178035259247,0.6329959630966187,0.35
2754,False,numeric_mismatch,0.0,6,84,0.4,1.0,0.25,4,16,4,4,0.26858437061309814,0.631920576095581,0.35
2755,False,exact,0.3,28 km,B,0.5,1.0,0.3333333333333333,4,12,4,4,0.4227898418903351,0.6739515662193298,0.35
2756,False,placeholder,0.0,insufficient information,A,0.0,0.0,0.0,0,15,0,0,0.0,0.0,0.0
2757,False,numeric_mismatch,0.0,6,11,0.5714285714285715,1.0,0.4,6,15,6,6,0.3269379734992981,0.6853785514831543,0.35
2758,False,numeric_mismatch,0.0,18,50,0.5,1.0,0.3333333333333333,5,15,5,5,0.40692317485809326,0.8316336870193481,0.35
2759,False,placeholder,0.0,insufficient information,156,0.0,0.0,0.0,0,17,0,0,0.0,0.0,0.0
2760,False,numeric_mismatch,0.0,8,52,0.6666666666666666,1.0,0.5,6,12,6,6,0.28220096230506897,0.8901087045669556,0.35
2761,True,numeric_rounded,0.9,17,16,0.5263157894736842,0.8333333333333334,0.38461538461538464,6,13,5,5,0.3129142224788666,0.7979810833930969,0.35
2762,False,numeric_mismatch,0.0,50,100,0.6363636363636364,0.7777777777777778,0.5384615384615384,9,13,7,7,0.3403209447860718,0.8138455748558044,0.35
2763,False,numeric_mismatch,0.0,100,121,0.5,1.0,0.3333333333333333,4,12,4,4,0.3434584140777588,0.6238078474998474,0.35
2764,False,numeric_mismatch,0.0,65,950,0.8421052631578948,1.0,0.7272727272727273,8,11,8,8,0.38371017575263977,0.7068006992340088,0.35
2765,False,numeric_mismatch,0.0,200,160,0.8333333333333333,1.0,0.7142857142857143,10,14,10,10,0.4035443961620331,0.7175959348678589,0.35
2766,False,numeric_mismatch,0.0,8,256,0.7692307692307693,1.0,0.625,10,16,10,10,0.40911865234375,0.8903046250343323,0.35
2767,False,numeric_mismatch,0.0,16,144,0.4210526315789474,1.0,0.26666666666666666,4,15,4,4,0.45721739530563354,0.8441588282585144,0.35
2768,False,numeric_mismatch,0.0,60,110,0.4210526315789474,1.0,0.26666666666666666,4,15,4,4,0.5418652892112732,0.9192036390304565,0.35
2769,False,numeric_mismatch,0.0,6,116,0.631578947368421,1.0,0.46153846153846156,6,13,6,6,0.41990798711776733,0.8286883234977722,0.35
2770,False,numeric_mismatch,0.0,30,132,0.5882352941176471,1.0,0.4166666666666667,5,12,5,5,0.41358527541160583,0.9055206179618835,0.35
2771,False,placeholder,0.0,insufficient information,216,0.0,0.0,0.0,0,12,0,0,0.0,0.0,0.0
2772,False,numeric_mismatch,0.0,250,625,0.5217391304347826,1.0,0.35294117647058826,6,17,6,6,0.3998088538646698,0.7760672569274902,0.35
2773,False,numeric_mismatch,0.0,3600,276,0.5714285714285715,1.0,0.4,6,15,6,6,0.4107562303543091,0.7923635244369507,0.35
2774,False,numeric_mismatch,0.0,45,13,0.7000000000000001,1.0,0.5384615384615384,7,13,7,7,0.33788883686065674,0.7071924209594727,0.35
2775,False,numeric_mismatch,0.0,6,4,0.631578947368421,1.0,0.46153846153846156,6,13,6,6,0.3620430529117584,0.8761178851127625,0.35
2776,False,placeholder,0.0,insufficient information,121,0.0,0.0,0.0,0,12,0,0,0.0,0.0,0.0
2777,False,numeric_mismatch,0.0,"1, 2, 3, 4, 5",829,0.6666666666666666,0.7777777777777778,0.5833333333333334,9,12,7,7,0.34642884135246277,0.9058376550674438,0.35
2778,False,numeric_mismatch,0.0,1000,603,0.6363636363636364,1.0,0.4666666666666667,7,15,7,7,0.4095340669155121,0.9246251583099365,0.35
2779,False,placeholder,0.0,insufficient information,150,0.0,0.0,0.0,0,16,0,0,0.0,0.0,0.0
2780,False,numeric_mismatch,0.0,64,128,0.7058823529411764,1.0,0.5454545454545454,6,11,6,6,0.45745280385017395,0.8582412004470825,0.35
2781,False,numeric_mismatch,0.0,195,130,0.625,1.0,0.45454545454545453,5,11,5,5,0.4722360074520111,0.8239432573318481,0.35
2782,False,placeholder,0.0,insufficient information,4,0.0,0.0,0.0,0,16,0,0,0.0,0.0,0.0
2783,False,placeholder,0.0,insufficient information,94,0.0,0.0,0.0,0,16,0,0,0.0,0.0,0.0
2784,False,numeric_mismatch,0.0,7,295,0.5,0.8333333333333334,0.35714285714285715,6,14,5,5,0.3023759722709656,0.7589930295944214,0.35
2785,False,numeric_mismatch,0.0,100,400,0.5882352941176471,1.0,0.4166666666666667,5,12,5,5,0.35327908396720886,0.8362846374511719,0.35
2786,False,numeric_mismatch,0.0,12,576,0.5714285714285715,1.0,0.4,6,15,6,6,0.4772467613220215,0.8689913749694824,0.35
2787,False,numeric_mismatch,0.0,1000,400,0.5882352941176471,1.0,0.4166666666666667,5,12,5,5,0.4862266182899475,0.7416698932647705,0.35
2788,False,numeric_mismatch,0.0,7,961,0.33333333333333337,1.0,0.2,3,15,3,3,0.33869680762290955,0.7819960117340088,0.35
2789,True,numeric_exact,1.0,3,3,0.46153846153846156,0.75,0.3333333333333333,4,9,3,3,0.26400482654571533,0.5017580389976501,0.35
2790,False,placeholder,0.0,insufficient information,103,0.0,0.0,0.0,0,15,0,0,0.0,0.0,0.0
2791,False,numeric_mismatch,0.0,2304,384,0.6666666666666666,1.0,0.5,6,12,6,6,0.4021610617637634,0.7128621339797974,0.35
2792,False,placeholder,0.0,insufficient information,104,0.0,0.0,0.0,0,14,0,0,0.0,0.0,0.0
2793,False,placeholder,0.0,insufficient information,269,0.0,0.0,0.0,0,10,0,0,0.0,0.0,0.0
2794,False,numeric_mismatch,0.0,360,120,0.7272727272727274,0.8888888888888888,0.6153846153846154,9,13,8,8,0.3013594150543213,0.8765506744384766,0.35
2795,False,numeric_mismatch,0.0,103,206,0.5263157894736842,1.0,0.35714285714285715,5,14,5,5,0.7229438424110413,0.9659165143966675,0.35
2796,False,numeric_mismatch,0.0,106,412,0.4444444444444444,0.8,0.3076923076923077,5,13,4,4,0.37635087966918945,0.900020956993103,0.35
2797,False,placeholder,0.0,insufficient information,173,0.0,0.0,0.0,0,12,0,0,0.0,0.0,0.0
2798,False,placeholder,0.0,insufficient information,841,0.0,0.0,0.0,0,14,0,0,0.0,0.0,0.0
2799,False,placeholder,0.0,insufficient information,26,0.0,0.0,0.0,0,14,0,0,0.0,0.0,0.0
2800,False,placeholder,0.0,insufficient information,288,0.0,0.0,0.0,0,14,0,0,0.0,0.0,0.0
2801,False,numeric_mismatch,0.0,36,130,0.4210526315789474,1.0,0.26666666666666666,4,15,4,4,0.33316224813461304,0.7164841294288635,0.35
2802,False,numeric_mismatch,0.0,30,175,0.7272727272727273,1.0,0.5714285714285714,8,14,8,8,0.3572339117527008,0.8467137813568115,0.35
2803,False,numeric_mismatch,0.0,62,144,0.625,1.0,0.45454545454545453,5,11,5,5,0.4252608120441437,0.7811402678489685,0.35
2804,False,numeric_mismatch,0.0,1985,32,0.4444444444444445,1.0,0.2857142857142857,4,14,4,4,0.34689876437187195,0.7516698241233826,0.35
2805,False,numeric_mismatch,0.0,168,315,0.5882352941176471,1.0,0.4166666666666667,5,12,5,5,0.42208993434906006,0.8885372877120972,0.35
2806,False,numeric_mismatch,0.0,144,864,0.7000000000000001,1.0,0.5384615384615384,7,13,7,7,0.3967030644416809,0.7537132501602173,0.35
2807,True,numeric_rounded,0.9,174,193,0.6666666666666666,1.0,0.5,7,14,7,7,0.3568492531776428,0.8407028913497925,0.35
2808,False,numeric_mismatch,0.0,8,33,0.761904761904762,1.0,0.6153846153846154,8,13,8,8,0.3271225392818451,0.7587631940841675,0.35
2809,False,placeholder,0.0,insufficient information,462,0.0,0.0,0.0,0,13,0,0,0.0,0.0,0.0
2810,False,numeric_mismatch,0.0,80,770,0.8,1.0,0.6666666666666666,8,12,8,8,0.3666532039642334,0.7980334758758545,0.35
2811,False,placeholder,0.0,insufficient information,142,0.0,0.0,0.0,0,10,0,0,0.0,0.0,0.0
2812,False,placeholder,0.0,insufficient information,441,0.0,0.0,0.0,0,10,0,0,0.0,0.0,0.0
2813,False,placeholder,0.0,insufficient information,160,0.0,0.0,0.0,0,16,0,0,0.0,0.0,0.0
2814,False,numeric_mismatch,0.0,324,137,0.6363636363636364,1.0,0.4666666666666667,7,15,7,7,0.3656458556652069,0.8137662410736084,0.35
2815,False,numeric_mismatch,0.0,72,108,0.631578947368421,1.0,0.46153846153846156,6,13,6,6,0.3744674623012543,0.7610019445419312,0.35
2816,False,placeholder,0.0,insufficient information,594,0.0,0.0,0.0,0,12,0,0,0.0,0.0,0.0
2817,False,numeric_mismatch,0.0,36,135,0.5882352941176471,1.0,0.4166666666666667,5,12,5,5,0.3660019040107727,0.7273324131965637,0.35
2818,False,numeric_mismatch,0.0,36,792,0.5882352941176471,1.0,0.4166666666666667,5,12,5,5,0.2778160870075226,0.5708070993423462,0.35
2819,False,numeric_mismatch,0.0,1994,118,0.4,0.6666666666666666,0.2857142857142857,6,14,4,4,0.265695720911026,0.747873067855835,0.35
2820,False,numeric_mismatch,0.0,3,71,0.5555555555555556,1.0,0.38461538461538464,5,13,5,5,0.35959893465042114,0.9164619445800781,0.35
2821,False,numeric_mismatch,0.0,19/8,255,0.5882352941176471,1.0,0.4166666666666667,5,12,5,5,0.3094536364078522,0.7112953662872314,0.35
2822,False,numeric_mismatch,0.0,29,616,0.5217391304347826,0.6666666666666666,0.42857142857142855,9,14,6,6,0.3385773301124573,0.877488374710083,0.35
2823,False,numeric_mismatch,0.0,38,200,0.631578947368421,0.8571428571428571,0.5,7,12,6,6,0.33244481682777405,0.7948906421661377,0.35
2824,False,placeholder,0.0,insufficient information,185,0.0,0.0,0.0,0,12,0,0,0.0,0.0,0.0
2825,False,numeric_mismatch,0.0,16,260,0.7692307692307693,1.0,0.625,5,8,5,5,0.32931095361709595,0.7595447301864624,0.35
2826,False,numeric_mismatch,0.0,17,154,0.6956521739130435,0.8,0.6153846153846154,10,13,8,8,0.2979050576686859,0.7409135103225708,0.35
2827,False,numeric_mismatch,0.0,405,148,0.8000000000000002,0.7058823529411765,0.9230769230769231,17,13,12,12,0.35308465361595154,0.8641194701194763,0.35
2828,False,numeric_mismatch,0.0,198,803,0.4444444444444445,1.0,0.2857142857142857,4,14,4,4,0.3423082232475281,0.6151014566421509,0.35
2829,False,numeric_mismatch,0.0,90,293,0.8,0.8333333333333334,0.7692307692307693,12,13,10,10,0.23894764482975006,0.7837018370628357,0.35
2830,False,placeholder,0.0,insufficient information,408,0.0,0.0,0.0,0,12,0,0,0.0,0.0,0.0
2831,False,placeholder,0.0,insufficient information,89,0.0,0.0,0.0,0,12,0,0,0.0,0.0,0.0
2832,False,numeric_mismatch,0.0,109,65,0.5263157894736842,0.7142857142857143,0.4166666666666667,7,12,5,5,0.26441502571105957,0.6748909950256348,0.35
2833,False,numeric_mismatch,0.0,36,860,0.5882352941176471,1.0,0.4166666666666667,5,12,5,5,0.3638271987438202,0.7614147067070007,0.35
2834,False,numeric_mismatch,0.0,50,578,0.6,1.0,0.42857142857142855,6,14,6,6,0.3269660472869873,0.75532066822052,0.35
2835,False,numeric_mismatch,0.0,64,640,0.6363636363636364,0.7777777777777778,0.5384615384615384,9,13,7,7,0.2847464978694916,0.6495661735534668,0.35
2836,False,numeric_mismatch,0.0,0,17,0.4444444444444445,1.0,0.2857142857142857,4,14,4,4,0.32466596364974976,0.557279646396637,0.35
2837,False,numeric_mismatch,0.0,30,871,0.6,1.0,0.42857142857142855,6,14,6,6,0.3026629090309143,0.9157658219337463,0.35
2838,False,numeric_mismatch,0.0,4,240,0.6956521739130436,1.0,0.5333333333333333,8,15,8,8,0.325534850358963,0.8538640737533569,0.35
2839,False,numeric_mismatch,0.0,17,32,0.631578947368421,1.0,0.46153846153846156,6,13,6,6,0.4232657849788666,0.7758973836898804,0.35
2840,False,placeholder,0.0,insufficient information,318,0.0,0.0,0.0,0,13,0,0,0.0,0.0,0.0
2841,False,numeric_mismatch,0.0,30,280,0.7826086956521738,0.8181818181818182,0.75,11,12,9,9,0.3850381374359131,0.8858931660652161,0.35
2842,False,numeric_mismatch,0.0,5,89,0.6666666666666667,0.8888888888888888,0.5333333333333333,9,15,8,8,0.22236336767673492,0.7998640537261963,0.35
2843,False,numeric_mismatch,0.0,375,750,0.5263157894736842,1.0,0.35714285714285715,5,14,5,5,0.3905390799045563,0.8577679395675659,0.35
2844,False,numeric_mismatch,0.0,6,429,0.7000000000000001,1.0,0.5384615384615384,7,13,7,7,0.35169175267219543,0.8115463852882385,0.35
2845,False,numeric_mismatch,0.0,18,113,0.5,1.0,0.3333333333333333,5,15,5,5,0.3522016704082489,0.8747553825378418,0.35
2846,False,numeric_mismatch,0.0,360,790,0.4444444444444445,1.0,0.2857142857142857,4,14,4,4,0.3745417296886444,0.7113623023033142,0.35
2847,False,placeholder,0.0,insufficient information,850,0.0,0.0,0.0,0,12,0,0,0.0,0.0,0.0
2848,False,numeric_mismatch,0.0,144,720,0.7272727272727273,1.0,0.5714285714285714,8,14,8,8,0.4135423004627228,0.8367267847061157,0.35
2849,False,placeholder,0.0,insufficient information,58,0.0,0.0,0.0,0,14,0,0,0.0,0.0,0.0
2850,False,numeric_mismatch,0.0,99,539,0.6,1.0,0.42857142857142855,6,14,6,6,0.270379900932312,0.8895837068557739,0.35
2851,False,placeholder,0.0,insufficient information,53,0.0,0.0,0.0,0,14,0,0,0.0,0.0,0.0
2852,False,numeric_mismatch,0.0,262144,384,0.6666666666666666,0.7777777777777778,0.5833333333333334,9,12,7,7,0.3568851053714752,0.8437408208847046,0.35
2853,False,placeholder,0.0,insufficient information,129,0.0,0.0,0.0,0,12,0,0,0.0,0.0,0.0
2854,False,numeric_mismatch,0.0,10,810,0.5263157894736842,1.0,0.35714285714285715,5,14,5,5,0.40063780546188354,0.7897948026657104,0.35
2855,False,numeric_mismatch,0.0,24,732,0.7368421052631579,1.0,0.5833333333333334,7,12,7,7,0.3211290240287781,0.7937732934951782,0.35
2856,False,placeholder,0.0,insufficient information,145,0.0,0.0,0.0,0,12,0,0,0.0,0.0,0.0
2857,False,numeric_mismatch,0.0,17,110,0.4210526315789474,1.0,0.26666666666666666,4,15,4,4,0.35631266236305237,0.7911346554756165,0.35
2858,False,placeholder,0.0,insufficient information,4,0.0,0.0,0.0,0,12,0,0,0.0,0.0,0.0
2859,False,numeric_mismatch,0.0,The area of the convex polygon whose vertices are the centroids of these 7 triangles is 100.,184,0.782608695652174,1.0,0.6428571428571429,9,14,9,9,0.34690168499946594,0.9143683314323425,0.35
2860,False,numeric_mismatch,0.0,\frac{6}{1},109,0.8148148148148148,0.7857142857142857,0.8461538461538461,14,13,11,11,0.3494989275932312,0.8566133975982666,0.35
2861,False,placeholder,0.0,insufficient information,336,0.0,0.0,0.0,0,14,0,0,0.0,0.0,0.0
2862,False,numeric_mismatch,0.0,79,335,0.5555555555555556,1.0,0.38461538461538464,5,13,5,5,0.3907274901866913,0.8101259469985962,0.35
2863,False,numeric_mismatch,0.0,\frac{13}{2},592,0.4444444444444445,1.0,0.2857142857142857,4,14,4,4,0.2867411971092224,0.7482472062110901,0.35
2864,False,placeholder,0.0,insufficient information,150,0.0,0.0,0.0,0,15,0,0,0.0,0.0,0.0
2865,False,numeric_mismatch,0.0,48,244,0.4444444444444445,1.0,0.2857142857142857,4,14,4,4,0.30585721135139465,0.8274063467979431,0.35
2866,False,numeric_mismatch,0.0,30,140,0.631578947368421,1.0,0.46153846153846156,6,13,6,6,0.3777134418487549,0.8274545073509216,0.35
2867,False,placeholder,0.0,insufficient information,125,0.0,0.0,0.0,0,13,0,0,0.0,0.0,0.0
2868,False,placeholder,0.0,insufficient information,608,0.0,0.0,0.0,0,14,0,0,0.0,0.0,0.0
2869,False,numeric_mismatch,0.0,\frac{9}{16},35,0.6,0.75,0.5,8,12,6,6,0.1985992193222046,0.7922413945198059,0.35
2870,False,numeric_mismatch,0.0,108,144,0.5,0.8333333333333334,0.35714285714285715,6,14,5,5,0.3249666392803192,0.7374798059463501,0.35
2871,False,numeric_mismatch,0.0,35,751,0.45454545454545453,0.8333333333333334,0.3125,6,16,5,5,0.30547860264778137,0.7158779501914978,0.35
2872,False,exact,1.0,three,1,0.6,1.0,0.42857142857142855,6,14,6,6,0.4496762752532959,0.8453530073165894,0.35
2873,False,exact,0.3,2 + \frac{4\sqrt{3}}{3},B,0.7142857142857142,0.7692307692307693,0.6666666666666666,13,15,10,10,0.3318259119987488,0.6711640357971191,0.35
2874,False,numeric_mismatch,0.0,100,20201,0.4444444444444444,0.8,0.3076923076923077,5,13,4,4,0.297675758600235,0.5892847776412964,0.35
2875,False,exact,0.3,15! / (5! * 4! * 3! * 2! * 1!),B,0.5,1.0,0.3333333333333333,5,15,5,5,0.38443946838378906,0.899855375289917,0.35
2876,False,exact,1.0,2√5,B,0.625,0.8333333333333334,0.5,6,10,5,5,0.25096285343170166,0.772250235080719,0.35
2877,False,numeric_mismatch,0.0,5,6,0.4,1.0,0.25,3,12,3,3,0.5660123229026794,0.874931812286377,0.35
2878,False,exact,1.0,404,C,0.625,1.0,0.45454545454545453,5,11,5,5,0.458840936422348,0.8186591267585754,0.35
2879,False,placeholder,0.0,insufficient information,C,0.0,0.0,0.0,0,12,0,0,0.0,0.0,0.0
2880,False,exact,1.0,54,D,0.6153846153846153,1.0,0.4444444444444444,4,9,4,4,0.29753434658050537,0.7123895883560181,0.35
2881,False,numeric_mismatch,0.0,22,46,0.6666666666666667,0.5555555555555556,0.8333333333333334,18,12,10,10,0.3254154920578003,0.7059348821640015,0.35
2882,False,placeholder,0.0,insufficient information,C,0.0,0.0,0.0,0,14,0,0,0.0,0.0,0.0
2883,False,exact,0.3,B = W,A,0.6153846153846153,1.0,0.4444444444444444,4,9,4,4,0.3954423666000366,0.8500086069107056,0.35
2884,False,numeric_mismatch,0.0,290.75,210,0.6666666666666667,0.8888888888888888,0.5333333333333333,9,15,8,8,0.36550670862197876,0.8183755278587341,0.35
2885,False,exact,1.0,6π,E,0.5555555555555556,1.0,0.38461538461538464,5,13,5,5,0.40092939138412476,0.7416474223136902,0.35
2886,False,numeric_mismatch,0.0,4,6,0.4615384615384615,1.0,0.3,3,10,3,3,0.4102497100830078,0.7401283979415894,0.35
2887,True,exact,0.7,\frac{\sqrt{3}}{4} - \frac{1}{12}\pi,C,0.6666666666666666,1.0,0.5,7,14,7,7,0.4778948426246643,0.819797694683075,0.35
2888,False,placeholder,0.0,insufficient information,20,0.0,0.0,0.0,0,14,0,0,0.0,0.0,0.0
2889,False,exact,1.0,"1,005,006",C,0.4615384615384615,0.6,0.375,5,8,3,3,0.30243998765945435,0.7101126313209534,0.35
2890,False,numeric_mismatch,0.0,$85,108,0.6956521739130435,0.8,0.6153846153846154,10,13,8,8,0.33814284205436707,0.7710748910903931,0.35
2891,False,placeholder,0.0,insufficient information,D,0.0,0.0,0.0,0,12,0,0,0.0,0.0,0.0
2892,False,exact,0.3,π - √3,E,0.6,1.0,0.42857142857142855,6,14,6,6,0.4825286865234375,0.7983435392379761,0.35
2893,False,exact,1.0,10,D,0.45454545454545453,0.8333333333333334,0.3125,6,16,5,5,0.2743336260318756,0.6736546158790588,0.35
2894,False,placeholder,0.0,insufficient information,D,0.0,0.0,0.0,0,14,0,0,0.0,0.0,0.0
2895,True,exact,0.7,C) \(\frac{2}{21}\),C,0.4210526315789473,0.8,0.2857142857142857,5,14,4,4,0.2885206937789917,0.671818733215332,0.35
2896,False,placeholder,0.0,insufficient information,4,0.0,0.0,0.0,0,12,0,0,0.0,0.0,0.0
2897,False,numeric_mismatch,0.0,8,19,0.4444444444444445,1.0,0.2857142857142857,4,14,4,4,0.2936631143093109,0.6042064428329468,0.35
2898,False,exact,1.0,240,C,0.631578947368421,0.8571428571428571,0.5,7,12,6,6,0.31976479291915894,0.7994367480278015,0.35
2899,False,exact,1.0,\frac{3}{2},D,0.4,0.6666666666666666,0.2857142857142857,6,14,4,4,0.24756579101085663,0.6061151623725891,0.35
2900,False,exact,1.0,\frac{\pi}{6},B,0.5714285714285714,0.8571428571428571,0.42857142857142855,7,14,6,6,0.30891644954681396,0.8570888638496399,0.35
2901,False,exact,0.3,5 - √5,D,0.5,1.0,0.3333333333333333,5,15,5,5,0.32303309440612793,0.8119455575942993,0.35
2902,False,placeholder,0.0,insufficient information,A,0.0,0.0,0.0,0,12,0,0,0.0,0.0,0.0
2903,False,exact,1.0,2,D,0.5555555555555556,1.0,0.38461538461538464,5,13,5,5,0.3776922821998596,0.712533175945282,0.35
2904,False,exact,0.3,B) \frac{9}{25},E,0.7142857142857142,0.7692307692307693,0.6666666666666666,13,15,10,10,0.34572839736938477,0.7528747916221619,0.35
2905,False,placeholder,0.0,insufficient information,D,0.0,0.0,0.0,0,14,0,0,0.0,0.0,0.0
2906,False,placeholder,0.0,insufficient information,B,0.0,0.0,0.0,0,15,0,0,0.0,0.0,0.0
2907,False,placeholder,0.0,insufficient information,36,0.0,0.0,0.0,0,14,0,0,0.0,0.0,0.0
2908,True,exact,0.7,B) \frac{2}{3}\pi,B,0.6363636363636365,0.7,0.5833333333333334,10,12,7,7,0.34441182017326355,0.8360785245895386,0.35
2909,False,numeric_mismatch,0.0,14,12,0.6666666666666667,0.875,0.5384615384615384,8,13,7,7,0.30286267399787903,0.862135112285614,0.35
2910,False,placeholder,0.0,insufficient information,D,0.0,0.0,0.0,0,13,0,0,0.0,0.0,0.0
2911,False,placeholder,0.0,insufficient information,C,0.0,0.0,0.0,0,18,0,0,0.0,0.0,0.0
2912,False,exact,0.3,80 - 20\pi,A,0.7368421052631579,1.0,0.5833333333333334,7,12,7,7,0.43669629096984863,0.8586848974227905,0.35
2913,False,placeholder,0.0,insufficient information,C,0.0,0.0,0.0,0,13,0,0,0.0,0.0,0.0
2914,False,numeric_mismatch,0.0,12,6,0.5714285714285715,0.6666666666666666,0.5,9,12,6,6,0.30194607377052307,0.7776145339012146,0.35
2915,False,placeholder,0.0,insufficient information,C,0.0,0.0,0.0,0,15,0,0,0.0,0.0,0.0
2916,False,numeric_mismatch,0.0,42,173,0.8571428571428571,1.0,0.75,9,12,9,9,0.5192219614982605,0.9721108675003052,0.35
2917,False,exact,1.0,15√2,D,0.761904761904762,0.8888888888888888,0.6666666666666666,9,12,8,8,0.3621940314769745,0.840216338634491,0.35
2918,True,exact,0.7,insufficient information,A,0.5185185185185186,0.5384615384615384,0.5,13,14,7,7,0.2555181384086609,0.6910643577575684,0.35
2919,False,exact,1.0,13,B,0.5714285714285714,0.8571428571428571,0.42857142857142855,7,14,6,6,0.306809663772583,0.7127053141593933,0.35
2920,False,placeholder,0.0,insufficient information,D,0.0,0.0,0.0,0,12,0,0,0.0,0.0,0.0
2921,False,exact,1.0,25π,B,0.7826086956521738,0.9,0.6923076923076923,10,13,9,9,0.3883945047855377,0.8468133807182312,0.35
2922,False,placeholder,0.0,insufficient information,C,0.0,0.0,0.0,0,12,0,0,0.0,0.0,0.0
2923,False,placeholder,0.0,insufficient information,A,0.0,0.0,0.0,0,15,0,0,0.0,0.0,0.0
2924,False,exact,1.0,17,D,0.4,1.0,0.25,3,12,3,3,0.38635048270225525,0.630252480506897,0.35
2925,False,exact,1.0,24*sqrt(3),B,0.56,0.6363636363636364,0.5,11,14,7,7,0.33098334074020386,0.7492071986198425,0.35
2926,False,numeric_mismatch,0.0,9,2.7,0.6666666666666666,1.0,0.5,6,12,6,6,0.41161951422691345,0.8614702224731445,0.35
2927,False,placeholder,0.0,insufficient information,A,0.0,0.0,0.0,0,15,0,0,0.0,0.0,0.0
2928,False,placeholder,0.0,insufficient information,C,0.0,0.0,0.0,0,13,0,0,0.0,0.0,0.0
2929,False,placeholder,0.0,insufficient information,A,0.0,0.0,0.0,0,15,0,0,0.0,0.0,0.0
2930,False,placeholder,0.0,insufficient information,B,0.0,0.0,0.0,0,13,0,0,0.0,0.0,0.0
2931,False,numeric_mismatch,0.0,15,13,0.4210526315789474,1.0,0.26666666666666666,4,15,4,4,0.360805869102478,0.7288494110107422,0.35
2932,False,placeholder,0.0,insufficient information,A,0.0,0.0,0.0,0,13,0,0,0.0,0.0,0.0
2933,False,numeric_mismatch,0.0,197,761,0.5555555555555556,1.0,0.38461538461538464,5,13,5,5,0.41913944482803345,0.7439102530479431,0.35
2934,False,placeholder,0.0,insufficient information,C,0.0,0.0,0.0,0,15,0,0,0.0,0.0,0.0
2935,False,placeholder,0.0,insufficient information,C,0.0,0.0,0.0,0,12,0,0,0.0,0.0,0.0
2936,True,numeric_rounded,0.85,60,52.5,0.7692307692307692,0.8333333333333334,0.7142857142857143,12,14,10,10,0.3136073052883148,0.7112901210784912,0.35
2937,False,placeholder,0.0,insufficient information,C,0.0,0.0,0.0,0,11,0,0,0.0,0.0,0.0
2938,False,exact,1.0,rac{3}{5},C,0.5,1.0,0.3333333333333333,5,15,5,5,0.30479490756988525,0.8596974015235901,0.35
2939,False,placeholder,0.0,insufficient information,B,0.0,0.0,0.0,0,14,0,0,0.0,0.0,0.0
2940,False,exact,0.3,5 + 5√5,B,0.5555555555555556,1.0,0.38461538461538464,5,13,5,5,0.2883166968822479,0.8176424503326416,0.35
2941,False,numeric_mismatch,0.0,120,100,0.7826086956521738,0.9,0.6923076923076923,10,13,9,9,0.4183235764503479,0.852644681930542,0.35
2942,False,placeholder,0.0,insufficient information,B,0.0,0.0,0.0,0,13,0,0,0.0,0.0,0.0
2943,False,exact,0.3,3 - π/2,C,0.5263157894736842,1.0,0.35714285714285715,5,14,5,5,0.46949970722198486,0.8512026071548462,0.35
2944,False,placeholder,0.0,insufficient information,D,0.0,0.0,0.0,0,14,0,0,0.0,0.0,0.0
2945,False,exact,0.3,2 - √2,A,0.5,1.0,0.3333333333333333,4,12,4,4,0.32035568356513977,0.7992717623710632,0.35
2946,False,numeric_mismatch,0.0,40°,130,0.7407407407407407,1.0,0.5882352941176471,10,17,10,10,0.39465609192848206,0.6682456135749817,0.35
2947,True,exact,0.7,The area of $	riangle ABC$ is $rac{1}{2}$.,B,0.5,0.8333333333333334,0.35714285714285715,6,14,5,5,0.35786136984825134,0.7518661022186279,0.35
2948,False,placeholder,0.0,insufficient information,E,0.0,0.0,0.0,0,14,0,0,0.0,0.0,0.0
2949,False,numeric_mismatch,0.0,100,200,0.631578947368421,1.0,0.46153846153846156,6,13,6,6,0.4317788779735565,0.8308988809585571,0.35
2950,False,exact,0.3,10π + 9,A,0.782608695652174,1.0,0.6428571428571429,9,14,9,9,0.41153600811958313,0.9114008545875549,0.35
2951,False,numeric_mismatch,0.0,6,2400,0.5555555555555556,0.8333333333333334,0.4166666666666667,6,12,5,5,0.3332107365131378,0.749758780002594,0.35
2952,True,numeric_exact,1.0,8,8,0.4210526315789474,1.0,0.26666666666666666,4,15,4,4,0.38765472173690796,0.7714055180549622,0.35
2953,False,placeholder,0.0,insufficient information,56,0.0,0.0,0.0,0,16,0,0,0.0,0.0,0.0
2954,False,numeric_mismatch,0.0,10,13.5,0.7857142857142856,0.8461538461538461,0.7333333333333333,13,15,11,11,0.3197143077850342,0.7120421528816223,0.35
2955,False,exact,0.3,insufficient information,1152,0.6956521739130436,1.0,0.5333333333333333,8,15,8,8,0.32055962085723877,0.8839708566665649,0.35
2956,False,exact,0.3,54√3 - 18π,C,0.8181818181818181,1.0,0.6923076923076923,9,13,9,9,0.44436460733413696,0.9523884057998657,0.35
2957,False,placeholder,0.0,insufficient information,C,0.0,0.0,0.0,0,13,0,0,0.0,0.0,0.0
2958,False,placeholder,0.0,insufficient information,E,0.0,0.0,0.0,0,12,0,0,0.0,0.0,0.0
2959,False,placeholder,0.0,insufficient information,A,0.0,0.0,0.0,0,12,0,0,0.0,0.0,0.0
2960,False,placeholder,0.0,insufficient information,C,0.0,0.0,0.0,0,12,0,0,0.0,0.0,0.0
2961,False,numeric_mismatch,0.0,16,26,0.5454545454545455,0.8571428571428571,0.4,7,15,6,6,0.33781132102012634,0.779621958732605,0.35
2962,False,placeholder,0.0,insufficient information,B,0.0,0.0,0.0,0,15,0,0,0.0,0.0,0.0
2963,False,placeholder,0.0,insufficient information,A,0.0,0.0,0.0,0,14,0,0,0.0,0.0,0.0
2964,True,exact,0.7,B) \(\frac{\sqrt{5}-1}{2}\),B,0.5,0.8333333333333334,0.35714285714285715,6,14,5,5,0.26717084646224976,0.8245934247970581,0.35
2965,False,placeholder,0.0,insufficient information,E,0.0,0.0,0.0,0,12,0,0,0.0,0.0,0.0
2966,False,numeric_mismatch,0.0,6,22,0.7368421052631579,1.0,0.5833333333333334,7,12,7,7,0.4278236925601959,0.7632120847702026,0.35
2967,True,exact,0.7,12 o'clock,C,0.5,1.0,0.3333333333333333,5,15,5,5,0.36150333285331726,0.7511484026908875,0.35
2968,False,placeholder,0.0,insufficient information,E,0.0,0.0,0.0,0,13,0,0,0.0,0.0,0.0
2969,False,placeholder,0.0,insufficient information,B,0.0,0.0,0.0,0,15,0,0,0.0,0.0,0.0
2970,False,exact,1.0,10,B,0.5217391304347826,0.5454545454545454,0.5,11,12,6,6,0.2818247973918915,0.7319031357765198,0.35
2971,False,placeholder,0.0,insufficient information,D,0.0,0.0,0.0,0,15,0,0,0.0,0.0,0.0
2972,False,numeric_mismatch,0.0,1,2,0.5555555555555556,1.0,0.38461538461538464,5,13,5,5,0.3497411012649536,0.8399057388305664,0.35
2973,False,placeholder,0.0,insufficient information,D,0.0,0.0,0.0,0,13,0,0,0.0,0.0,0.0
2974,False,exact,1.0,1.5,A,0.6666666666666666,1.0,0.5,7,14,7,7,0.32410573959350586,0.7758951187133789,0.35
2975,False,exact,0.3,B) \(\frac{\sqrt{2}}{13}\),D,0.631578947368421,1.0,0.46153846153846156,6,13,6,6,0.30317559838294983,0.7973326444625854,0.35
2976,False,numeric_mismatch,0.0,10,78,0.5,1.0,0.3333333333333333,5,15,5,5,0.4062609076499939,0.8292480707168579,0.35
2977,True,numeric_exact,1.0,12,12,0.6,0.75,0.5,8,12,6,6,0.28555604815483093,0.7345591187477112,0.35
2978,False,numeric_mismatch,0.0,33,24,0.6363636363636364,1.0,0.4666666666666667,7,15,7,7,0.3774748742580414,0.7933202385902405,0.35
2979,False,exact,1.0,1+1/2√2,D,0.6,0.8571428571428571,0.46153846153846156,7,13,6,6,0.33976665139198303,0.8758878111839294,0.35
2980,False,numeric_mismatch,0.0,16,69,0.6956521739130436,1.0,0.5333333333333333,8,15,8,8,0.390443354845047,0.8543809056282043,0.35
2981,False,placeholder,0.0,insufficient information,D,0.0,0.0,0.0,0,16,0,0,0.0,0.0,0.0
2982,False,numeric_mismatch,0.0,9,19,0.7000000000000001,1.0,0.5384615384615384,7,13,7,7,0.3750641644001007,0.888759195804596,0.35
2983,False,numeric_mismatch,0.0,30,12,0.47058823529411764,1.0,0.3076923076923077,4,13,4,4,0.26269087195396423,0.7101908922195435,0.35
2984,False,exact,1.0,1,E,0.5454545454545454,1.0,0.375,6,16,6,6,0.27568602561950684,0.820991575717926,0.35
2985,False,placeholder,0.0,insufficient information,A,0.0,0.0,0.0,0,15,0,0,0.0,0.0,0.0
2986,False,exact,0.3,"some rotation around a point of line $\ell$, some translation in the direction parallel to line $\ell$, the reflection across line $\ell$",2,0.7000000000000001,1.0,0.5384615384615384,7,13,7,7,0.396145761013031,0.7482553720474243,0.35
2987,False,exact,0.3,π(3√3 + 2),A,0.5333333333333333,0.8,0.4,5,10,4,4,0.2866933047771454,0.8567055463790894,0.35
2988,False,placeholder,0.0,insufficient information,B,0.0,0.0,0.0,0,13,0,0,0.0,0.0,0.0
2989,False,placeholder,0.0,insufficient information,17,0.0,0.0,0.0,0,14,0,0,0.0,0.0,0.0
2990,False,numeric_mismatch,0.0,144,96,0.631578947368421,1.0,0.46153846153846156,6,13,6,6,0.3734849989414215,0.8682886362075806,0.35
2991,False,numeric_mismatch,0.0,10,810,0.5454545454545454,1.0,0.375,6,16,6,6,0.3884385824203491,0.9028065800666809,0.35
2992,False,placeholder,0.0,insufficient information,C,0.0,0.0,0.0,0,14,0,0,0.0,0.0,0.0
2993,False,placeholder,0.0,insufficient information,D,0.0,0.0,0.0,0,14,0,0,0.0,0.0,0.0
2994,False,placeholder,0.0,insufficient information,B,0.0,0.0,0.0,0,17,0,0,0.0,0.0,0.0
2995,False,numeric_mismatch,0.0,40,170,0.6086956521739131,1.0,0.4375,7,16,7,7,0.3773627281188965,0.8176055550575256,0.35
2996,False,numeric_mismatch,0.0,12,84,0.6666666666666666,1.0,0.5,7,14,7,7,0.35816964507102966,0.8114448189735413,0.35
2997,True,numeric_exact,1.0,6,6,0.5454545454545454,1.0,0.375,6,16,6,6,0.35052070021629333,0.6644262075424194,0.35
2998,False,placeholder,0.0,insufficient information,B,0.0,0.0,0.0,0,16,0,0,0.0,0.0,0.0
2999,False,numeric_mismatch,0.0,25,117,0.5833333333333334,0.7,0.5,10,14,7,7,0.27855339646339417,0.799493134021759,0.35
3000,False,placeholder,0.0,insufficient information,147,0.0,0.0,0.0,0,13,0,0,0.0,0.0,0.0
3001,False,numeric_mismatch,0.0,7,67,0.5217391304347825,0.8571428571428571,0.375,7,16,6,6,0.3270764946937561,0.6327645182609558,0.35
3002,False,placeholder,0.0,insufficient information,E,0.0,0.0,0.0,0,14,0,0,0.0,0.0,0.0
3003,False,numeric_mismatch,0.0,43,367,0.6666666666666666,1.0,0.5,7,14,7,7,0.3913314640522003,0.686134397983551,0.35
3004,False,numeric_mismatch,0.0,30,23,0.36363636363636365,0.6666666666666666,0.25,6,16,4,4,0.26645752787590027,0.6936819553375244,0.35
3005,True,exact,0.7,1 + \frac{2}{3}\sqrt{3},A,0.28571428571428575,0.5,0.2,6,15,3,3,0.20486639440059662,0.7411540150642395,0.35
3006,False,numeric_mismatch,0.0,10,68,0.4347826086956522,1.0,0.2777777777777778,5,18,5,5,0.288658082485199,0.6817704439163208,0.35
3007,False,exact,1.0,"(6,3,2)",B,0.3,0.5,0.21428571428571427,6,14,3,3,0.2170223891735077,0.5012459754943848,0.35
3008,False,numeric_mismatch,0.0,120,540,0.5714285714285714,0.8571428571428571,0.42857142857142855,7,14,6,6,0.33364832401275635,0.8429065346717834,0.35
3009,False,placeholder,0.0,insufficient information,E,0.0,0.0,0.0,0,15,0,0,0.0,0.0,0.0
3010,False,exact,0.3,5 + 2√2,B,0.5,1.0,0.3333333333333333,4,12,4,4,0.403216153383255,0.6797985434532166,0.35
3011,False,numeric_mismatch,0.0,10!,8178,0.5714285714285715,1.0,0.4,6,15,6,6,0.3601638376712799,0.8573330044746399,0.35
3012,False,numeric_mismatch,0.0,10,337,0.5,1.0,0.3333333333333333,5,15,5,5,0.37096816301345825,0.8962782621383667,0.35
3013,False,placeholder,0.0,insufficient information,D,0.0,0.0,0.0,0,14,0,0,0.0,0.0,0.0
3014,False,placeholder,0.0,insufficient information,D,0.0,0.0,0.0,0,14,0,0,0.0,0.0,0.0
3015,False,numeric_mismatch,0.0,1,22,0.47619047619047616,1.0,0.3125,5,16,5,5,0.30263012647628784,0.6371864676475525,0.35
3016,False,exact,0.3,2 - √3,C,0.6666666666666666,1.0,0.5,7,14,7,7,0.3963444232940674,0.7618666887283325,0.35
3017,False,numeric_mismatch,0.0,8,72,0.5714285714285715,1.0,0.4,6,15,6,6,0.3142320513725281,0.6689943075180054,0.35
3018,False,exact,0.3,B) $rac{1}{12}$,D,0.5882352941176471,1.0,0.4166666666666667,5,12,5,5,0.3665233850479126,0.8352331519126892,0.35
3019,False,placeholder,0.0,insufficient information,C,0.0,0.0,0.0,0,13,0,0,0.0,0.0,0.0
3020,False,placeholder,0.0,insufficient information,B,0.0,0.0,0.0,0,12,0,0,0.0,0.0,0.0
3021,False,exact,0.3,58 1/2,B,0.7499999999999999,1.0,0.6,9,15,9,9,0.4165847897529602,0.8897583484649658,0.35
3022,True,exact,0.7,\frac{1}{7} \triangle ABC,C,0.5882352941176471,1.0,0.4166666666666667,5,12,5,5,0.28789806365966797,0.676878809928894,0.35
3023,False,placeholder,0.0,insufficient information,A,0.0,0.0,0.0,0,14,0,0,0.0,0.0,0.0
3024,False,placeholder,0.0,insufficient information,B,0.0,0.0,0.0,0,14,0,0,0.0,0.0,0.0
3025,False,placeholder,0.0,insufficient information,E,0.0,0.0,0.0,0,12,0,0,0.0,0.0,0.0
3026,False,exact,0.3,a - b,E,0.47058823529411764,1.0,0.3076923076923077,4,13,4,4,0.3931978940963745,0.7497894763946533,0.35
3027,False,exact,0.3,x = 2y,A,0.6,0.8571428571428571,0.46153846153846156,7,13,6,6,0.3303490877151489,0.7756026387214661,0.35
3028,False,placeholder,0.0,insufficient information,D,0.0,0.0,0.0,0,12,0,0,0.0,0.0,0.0
3029,False,placeholder,0.0,insufficient information,B,0.0,0.0,0.0,0,14,0,0,0.0,0.0,0.0
3030,False,placeholder,0.0,insufficient information,C,0.0,0.0,0.0,0,15,0,0,0.0,0.0,0.0
3031,False,placeholder,0.0,insufficient information,E,0.0,0.0,0.0,0,12,0,0,0.0,0.0,0.0
3032,False,exact,1.0,r√3,A,0.5714285714285715,1.0,0.4,6,15,6,6,0.38293516635894775,0.8047282695770264,0.35
3033,True,exact,0.7,greater than $BM + CM$,A,0.5882352941176471,1.0,0.4166666666666667,5,12,5,5,0.42672234773635864,0.8140698075294495,0.35
3034,False,exact,0.3,3: 1,C,0.7000000000000001,0.875,0.5833333333333334,8,12,7,7,0.35875725746154785,0.8380573987960815,0.35
3035,False,placeholder,0.0,insufficient information,E,0.0,0.0,0.0,0,13,0,0,0.0,0.0,0.0
3036,False,placeholder,0.0,insufficient information,E,0.0,0.0,0.0,0,13,0,0,0.0,0.0,0.0
3037,False,exact,1.0,AE,D,0.6363636363636364,1.0,0.4666666666666667,7,15,7,7,0.39613330364227295,0.7707139253616333,0.35
3038,False,exact,0.3,17 - 3a,C,0.380952380952381,0.5,0.3076923076923077,8,13,4,4,0.2290899157524109,0.6236842274665833,0.35
3039,False,choice,1.0,C,A,0.5263157894736842,1.0,0.35714285714285715,5,14,5,5,0.33664777874946594,0.7728134989738464,0.35
3040,False,placeholder,0.0,insufficient information,D,0.0,0.0,0.0,0,14,0,0,0.0,0.0,0.0
3041,False,placeholder,0.0,insufficient information,A,0.0,0.0,0.0,0,14,0,0,0.0,0.0,0.0
3042,False,numeric_mismatch,0.0,32,12,0.56,0.875,0.4117647058823529,8,17,7,7,0.30272236466407776,0.7510907649993896,0.35
3043,False,numeric_mismatch,0.0,20,16,0.5185185185185186,0.5,0.5384615384615384,14,13,7,7,0.2899825870990753,0.5978138446807861,0.35
3044,False,exact,1.0,4,D,0.5263157894736842,1.0,0.35714285714285715,5,14,5,5,0.29088741540908813,0.7473796606063843,0.35
3045,False,exact,1.0,5.59,E,0.8148148148148148,0.9166666666666666,0.7333333333333333,12,15,11,11,0.3211754858493805,0.7341338396072388,0.35
3046,False,exact,1.0,0,B,0.7826086956521738,0.9,0.6923076923076923,10,13,9,9,0.31974825263023376,0.7301211357116699,0.35
3047,True,exact,0.7,remains constant at 30°,E,0.6,1.0,0.42857142857142855,6,14,6,6,0.41319093108177185,0.8602167367935181,0.35
3048,True,exact,0.7,a + b + c,A,0.631578947368421,1.0,0.46153846153846156,6,13,6,6,0.3518194258213043,0.721074104309082,0.35
3049,False,placeholder,0.0,insufficient information,E,0.0,0.0,0.0,0,13,0,0,0.0,0.0,0.0
3050,False,exact,1.0,CD=BD=O'D,D,0.631578947368421,1.0,0.46153846153846156,6,13,6,6,0.4412107765674591,0.7620260119438171,0.35
3051,True,exact,0.7,y^2 = rac{x^3}{2a - x},A,0.5,1.0,0.3333333333333333,5,15,5,5,0.31106099486351013,0.7659358382225037,0.35
3052,False,exact,1.0,1:4,D,0.5882352941176471,1.0,0.4166666666666667,5,12,5,5,0.3306024670600891,0.9270656704902649,0.35
3053,False,exact,1.0,50,D,0.6956521739130435,0.8888888888888888,0.5714285714285714,9,14,8,8,0.3188655972480774,0.7796643376350403,0.35
3054,False,exact,1.0,1,D,0.6363636363636364,1.0,0.4666666666666667,7,15,7,7,0.27385225892066956,0.7860888838768005,0.35
3055,False,exact,1.0,15,B,0.6086956521739131,0.6363636363636364,0.5833333333333334,11,12,7,7,0.3290933072566986,0.8017633557319641,0.35
3056,False,placeholder,0.0,insufficient information,D,0.0,0.0,0.0,0,13,0,0,0.0,0.0,0.0
3057,False,exact,0.3,4b - \frac{1}{2}a,E,0.5,1.0,0.3333333333333333,4,12,4,4,0.3185490667819977,0.7834720015525818,0.35
3058,False,exact,1.0,62°,C,0.8421052631578948,1.0,0.7272727272727273,8,11,8,8,0.5043694972991943,0.8446949124336243,0.35
3059,False,placeholder,0.0,insufficient information,D,0.0,0.0,0.0,0,13,0,0,0.0,0.0,0.0
3060,False,exact,1.0,1:3,B,0.5882352941176471,1.0,0.4166666666666667,5,12,5,5,0.29406994581222534,0.8012492656707764,0.35
3061,False,placeholder,0.0,insufficient information,A,0.0,0.0,0.0,0,14,0,0,0.0,0.0,0.0
3062,False,exact,1.0,5:13,C,0.6956521739130435,0.8888888888888888,0.5714285714285714,9,14,8,8,0.31359025835990906,0.8275096416473389,0.35
3063,False,numeric_mismatch,0.0,6,4,0.47058823529411764,1.0,0.3076923076923077,4,13,4,4,0.3314502537250519,0.6061532497406006,0.35
3064,False,exact,1.0,√2,D,0.4,0.8,0.26666666666666666,5,15,4,4,0.2689037322998047,0.6766819953918457,0.35
3065,False,exact,1.0,2x+1,E,0.7586206896551725,1.0,0.6111111111111112,11,18,11,11,0.33968639373779297,0.8891832232475281,0.35
3066,False,placeholder,0.0,insufficient information,A,0.0,0.0,0.0,0,28,0,0,0.0,0.0,0.0
3067,False,exact,1.0,4√5,B,0.45161290322580644,1.0,0.2916666666666667,7,24,7,7,0.35978418588638306,0.8708440065383911,0.35
3068,False,exact,1.0,32π/3,D,0.6153846153846153,1.0,0.4444444444444444,8,18,8,8,0.3365708291530609,0.8238496780395508,0.35
3069,False,exact,1.0,IV,B,0.3846153846153846,1.0,0.23809523809523808,5,21,5,5,0.2974669933319092,0.5841580033302307,0.35
3070,False,placeholder,0.0,insufficient information,E,0.0,0.0,0.0,0,27,0,0,0.0,0.0,0.0
3071,False,exact,1.0,\frac{\sqrt{3}}{4},A,0.5,0.9,0.34615384615384615,10,26,9,9,0.3013165295124054,0.8029270172119141,0.35
3072,False,placeholder,0.0,insufficient information,B,0.0,0.0,0.0,0,20,0,0,0.0,0.0,0.0
3073,False,choice,1.0,k,C,0.35,1.0,0.21212121212121213,7,33,7,7,0.35321807861328125,0.8237015604972839,0.35
3074,False,exact,0.3,4 + 2√13,B,0.4166666666666667,1.0,0.2631578947368421,5,19,5,5,0.3881891667842865,0.9077840447425842,0.35
3075,True,exact,0.7,B) \(\frac{3}{4}\),C,0.4666666666666667,1.0,0.30434782608695654,7,23,7,7,0.3437177538871765,0.85300612449646,0.35
3076,False,exact,1.0,2,A,0.5263157894736842,1.0,0.35714285714285715,5,14,5,5,0.3190188407897949,0.9028790593147278,0.35
3077,False,exact,0.3,3 + √3,E,0.3571428571428571,1.0,0.21739130434782608,5,23,5,5,0.34170153737068176,0.8601298928260803,0.35
3078,False,exact,1.0,16,C,0.6857142857142856,1.0,0.5217391304347826,12,23,12,12,0.4579267203807831,0.9267974495887756,0.35
3079,True,exact,0.7,always equal to the length of an external common tangent,C,0.5882352941176471,1.0,0.4166666666666667,5,12,5,5,0.45906344056129456,0.9235193133354187,0.35
3080,False,exact,1.0,40°,C,0.5925925925925926,1.0,0.42105263157894735,8,19,8,8,0.41302168369293213,0.7193610072135925,0.35
3081,False,placeholder,0.0,insufficient information,B,0.0,0.0,0.0,0,28,0,0,0.0,0.0,0.0
3082,False,exact,0.3,36 + 9√3,D,0.5517241379310345,1.0,0.38095238095238093,8,21,8,8,0.4338320195674896,0.8621053099632263,0.35
3083,False,placeholder,0.0,insufficient information,A,0.0,0.0,0.0,0,12,0,0,0.0,0.0,0.0
3084,False,exact,1.0,one,3,0.47058823529411764,1.0,0.3076923076923077,4,13,4,4,0.5543798208236694,0.8546929955482483,0.35
3085,False,exact,1.0,1,C,0.25806451612903225,1.0,0.14814814814814814,4,27,4,4,0.3557661175727844,0.9059483408927917,0.35
3086,False,placeholder,0.0,insufficient information,B,0.0,0.0,0.0,0,19,0,0,0.0,0.0,0.0
3087,False,exact,1.0,60°,E,0.8421052631578947,0.9411764705882353,0.7619047619047619,17,21,16,16,0.39902952313423157,0.878025472164154,0.35
3088,False,placeholder,0.0,insufficient information,18,0.0,0.0,0.0,0,18,0,0,0.0,0.0,0.0
3089,False,numeric_mismatch,0.0,45,15,0.5925925925925926,0.8888888888888888,0.4444444444444444,9,18,8,8,0.3780531585216522,0.8132420778274536,0.35
3090,False,placeholder,0.0,insufficient information,B,0.0,0.0,0.0,0,21,0,0,0.0,0.0,0.0
3091,False,exact,0.3,II. and III. only,C,0.56,1.0,0.3888888888888889,7,18,7,7,0.38944342732429504,0.9065883159637451,0.35
3092,False,exact,1.0,\frac{1}{2},C,0.631578947368421,1.0,0.46153846153846156,6,13,6,6,0.41709503531455994,0.8166979551315308,0.35
3093,False,placeholder,0.0,insufficient information,D,0.0,0.0,0.0,0,20,0,0,0.0,0.0,0.0
3094,False,placeholder,0.0,insufficient information,B,0.0,0.0,0.0,0,26,0,0,0.0,0.0,0.0
3095,False,exact,1.0,150°,C,0.4347826086956522,1.0,0.2777777777777778,5,18,5,5,0.4334025979042053,0.7508547306060791,0.35
3096,False,placeholder,0.0,insufficient information,B,0.0,0.0,0.0,0,18,0,0,0.0,0.0,0.0
3097,False,placeholder,0.0,insufficient information,36,0.0,0.0,0.0,0,17,0,0,0.0,0.0,0.0
3098,True,exact,0.7,B) \(\frac{1}{4}\),A,0.3571428571428571,1.0,0.21739130434782608,5,23,5,5,0.33838358521461487,0.8736448884010315,0.35
3099,False,placeholder,0.0,insufficient information,B,0.0,0.0,0.0,0,18,0,0,0.0,0.0,0.0
3100,False,exact,1.0,6,C,0.631578947368421,1.0,0.46153846153846156,6,13,6,6,0.3836061358451843,0.8066157102584839,0.35
3101,False,exact,1.0,2,A,0.30303030303030304,1.0,0.17857142857142858,5,28,5,5,0.346083402633667,0.8157362341880798,0.35
3102,False,placeholder,0.0,insufficient information,C,0.0,0.0,0.0,0,13,0,0,0.0,0.0,0.0
3103,True,numeric_exact,1.0,30,30,0.5625,1.0,0.391304347826087,9,23,9,9,0.40503761172294617,0.9070353507995605,0.35
3104,False,exact,1.0,24,C,0.45000000000000007,1.0,0.2903225806451613,9,31,9,9,0.319331556558609,0.9108899831771851,0.35
3105,False,placeholder,0.0,insufficient information,D,0.0,0.0,0.0,0,27,0,0,0.0,0.0,0.0
3106,False,placeholder,0.0,insufficient information,E,0.0,0.0,0.0,0,15,0,0,0.0,0.0,0.0
3107,False,exact,1.0,9,A,0.33333333333333337,1.0,0.2,6,30,6,6,0.31423133611679077,0.7500128149986267,0.35
3108,False,exact,1.0,1/2,D,0.6206896551724138,1.0,0.45,9,20,9,9,0.3506150245666504,0.8137082457542419,0.35
3109,False,exact,1.0,1,D,0.2758620689655173,1.0,0.16,4,25,4,4,0.29929885268211365,0.6276246905326843,0.35
3110,False,numeric_mismatch,0.0,10,12,0.34782608695652173,1.0,0.21052631578947367,4,19,4,4,0.41268888115882874,0.8042982816696167,0.35
3111,False,exact,1.0,5,C,0.5,1.0,0.3333333333333333,9,27,9,9,0.4265819191932678,0.8465039134025574,0.35
3112,False,exact,1.0,30°,C,0.5217391304347826,1.0,0.35294117647058826,6,17,6,6,0.37405118346214294,0.8372929096221924,0.35
3113,False,exact,1.0,4,B,0.2962962962962963,0.8,0.18181818181818182,5,22,4,4,0.2889879643917084,0.7309320569038391,0.35
3114,False,exact,1.0,144,C,0.32,1.0,0.19047619047619047,4,21,4,4,0.4270131587982178,0.7360153794288635,0.35
3115,False,placeholder,0.0,insufficient information,B,0.0,0.0,0.0,0,21,0,0,0.0,0.0,0.0
3116,False,placeholder,0.0,insufficient information,E,0.0,0.0,0.0,0,17,0,0,0.0,0.0,0.0
3117,False,placeholder,0.0,insufficient information,D,0.0,0.0,0.0,0,15,0,0,0.0,0.0,0.0
3118,False,placeholder,0.0,insufficient information,B,0.0,0.0,0.0,0,20,0,0,0.0,0.0,0.0
3119,True,numeric_exact,1.0,6,6,0.45454545454545453,0.8333333333333334,0.3125,6,16,5,5,0.2816714644432068,0.7791128158569336,0.35
3120,False,numeric_mismatch,0.0,2.8,4.2,0.45454545454545453,1.0,0.29411764705882354,5,17,5,5,0.33503401279449463,0.7536414861679077,0.35
3121,False,exact,1.0,5,D,0.2666666666666667,1.0,0.15384615384615385,4,26,4,4,0.36563408374786377,0.7010399699211121,0.35
3122,False,exact,1.0,39,B,0.5,1.0,0.3333333333333333,6,18,6,6,0.3562963008880615,0.79820716381073,0.35
3123,False,exact,1.0,55°,D,0.6399999999999999,1.0,0.47058823529411764,8,17,8,8,0.4091659486293793,0.7529537677764893,0.35
3124,True,exact,0.7,32 inches,C,0.3076923076923077,1.0,0.18181818181818182,4,22,4,4,0.3576467037200928,0.6879647970199585,0.35
3125,True,numeric_rounded,0.9,6,6.5,0.6153846153846153,1.0,0.4444444444444444,8,18,8,8,0.3609999418258667,0.9311301112174988,0.35
3126,False,numeric_mismatch,0.0,6,9,0.33333333333333337,1.0,0.2,4,20,4,4,0.36680933833122253,0.7495720982551575,0.35
3127,False,placeholder,0.0,insufficient information,B,0.0,0.0,0.0,0,15,0,0,0.0,0.0,0.0
3128,False,exact,1.0,\cos^2\alpha,C,0.5,1.0,0.3333333333333333,7,21,7,7,0.37114080786705017,0.7389001846313477,0.35
3129,False,placeholder,0.0,insufficient information,C,0.0,0.0,0.0,0,21,0,0,0.0,0.0,0.0
3130,False,exact,1.0,7,E,0.4,1.0,0.25,5,20,5,5,0.42785635590553284,0.7956861853599548,0.35
3131,False,exact,0.3,$180 - y - z$,A,0.33333333333333337,1.0,0.2,4,20,4,4,0.4074011445045471,0.8701968789100647,0.35
3132,False,exact,0.3,between 10 and 11,C,0.3076923076923077,1.0,0.18181818181818182,4,22,4,4,0.3024037480354309,0.8182966113090515,0.35
3133,False,placeholder,0.0,insufficient information,B,0.0,0.0,0.0,0,22,0,0,0.0,0.0,0.0
3134,True,numeric_rounded,0.85,441,392,0.5714285714285715,1.0,0.4,8,20,8,8,0.46674805879592896,0.9837329387664795,0.35
3135,False,placeholder,0.0,insufficient information,E,0.0,0.0,0.0,0,21,0,0,0.0,0.0,0.0
3136,True,numeric_rounded,0.85,40,36,0.56,1.0,0.3888888888888889,7,18,7,7,0.46738705039024353,0.9583397507667542,0.35
3137,True,numeric_exact,1.0,13,13,0.3846153846153846,1.0,0.23809523809523808,5,21,5,5,0.40493160486221313,0.8037953972816467,0.35
3138,False,choice,1.0,E,C,0.34782608695652173,1.0,0.21052631578947367,4,19,4,4,0.468157559633255,0.802727997303009,0.35
3139,False,exact,1.0,1/36,C,0.4166666666666667,1.0,0.2631578947368421,5,19,5,5,0.3868325352668762,0.843883752822876,0.35
3140,False,exact,0.3,1 + 2√3,E,0.5,1.0,0.3333333333333333,8,24,8,8,0.3501194417476654,0.8892862796783447,0.35
3141,True,exact,0.7,"B) AB=5, CD=2",D,0.896551724137931,1.0,0.8125,13,16,13,13,0.40015798807144165,0.7682026624679565,0.35
3142,False,placeholder,0.0,insufficient information,81,0.0,0.0,0.0,0,20,0,0,0.0,0.0,0.0
3143,False,numeric_mismatch,0.0,9,4.0,0.4999999999999999,0.875,0.35,8,20,7,7,0.3130720257759094,0.8687838315963745,0.35
3144,False,numeric_mismatch,0.0,200,430,0.5263157894736842,1.0,0.35714285714285715,5,14,5,5,0.6185636520385742,0.8933176398277283,0.35
3145,False,placeholder,0.0,insufficient information,C,0.0,0.0,0.0,0,28,0,0,0.0,0.0,0.0
3146,False,exact,1.0,\frac{1}{2},B,0.4166666666666667,1.0,0.2631578947368421,5,19,5,5,0.33997103571891785,0.5831423401832581,0.35
3147,False,placeholder,0.0,insufficient information,E,0.0,0.0,0.0,0,11,0,0,0.0,0.0,0.0
3148,False,numeric_mismatch,0.0,10%,2,0.3846153846153846,1.0,0.23809523809523808,5,21,5,5,0.3071119487285614,0.860514223575592,0.35
3149,False,exact,1.0,"(45,36)",D,0.1791044776119403,1.0,0.09836065573770492,6,61,6,6,0.30128714442253113,0.871479332447052,0.35
3150,False,placeholder,0.0,insufficient information,2,0.0,0.0,0.0,0,21,0,0,0.0,0.0,0.0
3151,False,placeholder,0.0,insufficient information,A,0.0,0.0,0.0,0,18,0,0,0.0,0.0,0.0
3152,False,numeric_mismatch,0.0,5,4.2,0.6285714285714286,1.0,0.4583333333333333,11,24,11,11,0.33150050044059753,0.8351922631263733,0.35
3153,False,placeholder,0.0,insufficient information,A,0.0,0.0,0.0,0,20,0,0,0.0,0.0,0.0
3154,False,exact,1.0,291,E,0.37037037037037035,1.0,0.22727272727272727,5,22,5,5,0.34711897373199463,0.7897762656211853,0.35
3155,False,numeric_mismatch,0.0,68,128,0.5384615384615384,1.0,0.3684210526315789,7,19,7,7,0.39677003026008606,0.8741442561149597,0.35
3156,False,exact,1.0,2π,B,0.33333333333333337,1.0,0.2,5,25,5,5,0.3928825259208679,0.846848726272583,0.35
3157,False,placeholder,0.0,insufficient information,C,0.0,0.0,0.0,0,18,0,0,0.0,0.0,0.0
3158,False,placeholder,0.0,insufficient information,B,0.0,0.0,0.0,0,15,0,0,0.0,0.0,0.0
3159,False,numeric_mismatch,0.0,203,2601,0.6363636363636364,1.0,0.4666666666666667,7,15,7,7,0.5293806791305542,0.8410831093788147,0.35
3160,False,placeholder,0.0,insufficient information,E,0.0,0.0,0.0,0,18,0,0,0.0,0.0,0.0
3161,True,numeric_exact,1.0,18,18,0.4615384615384615,1.0,0.3,6,20,6,6,0.4160020053386688,0.897442638874054,0.35
3162,False,placeholder,0.0,insufficient information,36,0.0,0.0,0.0,0,26,0,0,0.0,0.0,0.0
3163,False,placeholder,0.0,insufficient information,B,0.0,0.0,0.0,0,26,0,0,0.0,0.0,0.0
3164,False,placeholder,0.0,insufficient information,D,0.0,0.0,0.0,0,16,0,0,0.0,0.0,0.0
3165,False,exact,1.0,10,B,0.5384615384615384,0.7,0.4375,10,16,7,7,0.2662041187286377,0.7773204445838928,0.35
3166,False,exact,1.0,2,A,0.4615384615384615,1.0,0.3,6,20,6,6,0.27713024616241455,0.7434628009796143,0.35
3167,False,numeric_mismatch,0.0,10,114,0.6,1.0,0.42857142857142855,9,21,9,9,0.5516002178192139,0.8768746256828308,0.35
3168,False,placeholder,0.0,insufficient information,B,0.0,0.0,0.0,0,12,0,0,0.0,0.0,0.0
3169,False,placeholder,0.0,insufficient information,E,0.0,0.0,0.0,0,24,0,0,0.0,0.0,0.0
3170,False,placeholder,0.0,insufficient information,12,0.0,0.0,0.0,0,17,0,0,0.0,0.0,0.0
3171,False,numeric_mismatch,0.0,35,15,0.4444444444444445,1.0,0.2857142857142857,4,14,4,4,0.442604124546051,0.8975368142127991,0.35
3172,True,numeric_rounded,0.85,200,175,0.4444444444444445,1.0,0.2857142857142857,6,21,6,6,0.4235127866268158,0.968851625919342,0.35
3173,False,numeric_mismatch,0.0,28,100,0.6956521739130436,1.0,0.5333333333333333,8,15,8,8,0.4275880753993988,0.9315686821937561,0.35
3174,False,exact,1.0,36°,B,0.5333333333333333,1.0,0.36363636363636365,8,22,8,8,0.42264851927757263,0.8353019952774048,0.35
3175,True,numeric_exact,1.0,9,9,0.6086956521739131,1.0,0.4375,7,16,7,7,0.37903642654418945,0.8645451068878174,0.35
3176,False,exact,1.0,1/3,E,0.7499999999999999,0.9230769230769231,0.631578947368421,13,19,12,12,0.3265364170074463,0.8195974826812744,0.35
3177,True,numeric_exact,1.0,5,5,0.32,1.0,0.19047619047619047,4,21,4,4,0.28498172760009766,0.7987234592437744,0.35
3178,False,exact,1.0,csc(1/2),A,0.6875000000000001,1.0,0.5238095238095238,11,21,11,11,0.41912102699279785,0.8981420397758484,0.35
3179,False,choice,1.0,E,C,0.5217391304347826,1.0,0.35294117647058826,6,17,6,6,0.3945034146308899,0.7072445750236511,0.35
3180,False,placeholder,0.0,insufficient information,C,0.0,0.0,0.0,0,17,0,0,0.0,0.0,0.0
3181,True,numeric_exact,1.0,16,16,0.4444444444444445,1.0,0.2857142857142857,4,14,4,4,0.41947412490844727,0.7431396842002869,0.35
3182,False,numeric_mismatch,0.0,1,4,0.5217391304347826,1.0,0.35294117647058826,6,17,6,6,0.440338134765625,0.9231109619140625,0.35
3183,False,exact,1.0,\frac{1}{4},C,0.5333333333333333,0.8,0.4,5,10,4,4,0.4054733216762543,0.8428493142127991,0.35
3184,False,placeholder,0.0,insufficient information,C,0.0,0.0,0.0,0,24,0,0,0.0,0.0,0.0
3185,False,placeholder,0.0,insufficient information,184,0.0,0.0,0.0,0,14,0,0,0.0,0.0,0.0
3186,False,numeric_mismatch,0.0,9,19,0.5833333333333334,1.0,0.4117647058823529,7,17,7,7,0.40119439363479614,0.8019177317619324,0.35
3187,False,exact,0.3,n^2 / m^2,B,0.5384615384615384,1.0,0.3684210526315789,7,19,7,7,0.43390634655952454,0.7775315046310425,0.35
3188,False,placeholder,0.0,insufficient information,150,0.0,0.0,0.0,0,23,0,0,0.0,0.0,0.0
3189,True,exact,0.7,\displaystyle \frac{3}{4},D,0.5925925925925926,1.0,0.42105263157894735,8,19,8,8,0.4670531749725342,0.8015378713607788,0.35
3190,False,exact,1.0,135°,D,0.5882352941176471,1.0,0.4166666666666667,10,24,10,10,0.379599392414093,0.845785915851593,0.35
3191,False,numeric_mismatch,0.0,24,44,0.47619047619047616,1.0,0.3125,5,16,5,5,0.44478240609169006,0.7379263639450073,0.35
3192,False,numeric_mismatch,0.0,35.2,80,0.2758620689655173,1.0,0.16,4,25,4,4,0.3976942300796509,0.9020276665687561,0.35
3193,True,exact,0.7,3 - \frac{\sqrt{3}}{2},C,0.7804878048780487,0.9411764705882353,0.6666666666666666,17,24,16,16,0.3252109885215759,0.7500672936439514,0.35
3194,False,numeric_mismatch,0.0,96,64,0.6956521739130436,1.0,0.5333333333333333,8,15,8,8,0.42402413487434387,0.9023432731628418,0.35
3195,False,placeholder,0.0,insufficient information,2.37,0.0,0.0,0.0,0,10,0,0,0.0,0.0,0.0
3196,False,placeholder,0.0,insufficient information,D,0.0,0.0,0.0,0,19,0,0,0.0,0.0,0.0
3197,False,placeholder,0.0,insufficient information,5,0.0,0.0,0.0,0,13,0,0,0.0,0.0,0.0
3198,False,choice,1.0,A,E,0.2857142857142857,1.0,0.16666666666666666,4,24,4,4,0.4022834002971649,0.7495083808898926,0.35
3199,False,exact,1.0,\frac{2}{3},D,0.3571428571428571,1.0,0.21739130434782608,5,23,5,5,0.2809559404850006,0.7081314921379089,0.35
3200,False,numeric_mismatch,0.0,36,49,0.6363636363636364,1.0,0.4666666666666667,7,15,7,7,0.49521300196647644,0.8548259139060974,0.35
3201,True,exact,0.7,\frac{a^2 + 2ab}{b^2 + 2ab},B,0.6666666666666666,1.0,0.5,6,12,6,6,0.45272403955459595,0.8830955028533936,0.35
3202,False,numeric_mismatch,0.0,162,1056,0.631578947368421,1.0,0.46153846153846156,6,13,6,6,0.4668506681919098,0.7802276015281677,0.35
3203,False,placeholder,0.0,insufficient information,11,0.0,0.0,0.0,0,24,0,0,0.0,0.0,0.0
3204,False,exact,0.3,\frac{1}{1 + \sin\theta},D,0.6875000000000001,1.0,0.5238095238095238,11,21,11,11,0.3730511963367462,0.7719933986663818,0.35
3205,False,placeholder,0.0,insufficient information,C,0.0,0.0,0.0,0,15,0,0,0.0,0.0,0.0
3206,False,placeholder,0.0,insufficient information,27,0.0,0.0,0.0,0,24,0,0,0.0,0.0,0.0
3207,False,numeric_mismatch,0.0,40320,1680,0.631578947368421,1.0,0.46153846153846156,6,13,6,6,0.43265533447265625,0.9032766222953796,0.35
3208,False,placeholder,0.0,insufficient information,C,0.0,0.0,0.0,0,26,0,0,0.0,0.0,0.0
3209,False,exact,0.3,C) $rac{5}{12}$,D,0.47619047619047616,1.0,0.3125,5,16,5,5,0.4091251492500305,0.8040326833724976,0.35
3210,False,placeholder,0.0,insufficient information,C,0.0,0.0,0.0,0,23,0,0,0.0,0.0,0.0
3211,False,placeholder,0.0,insufficient information,D,0.0,0.0,0.0,0,12,0,0,0.0,0.0,0.0
3212,False,numeric_mismatch,0.0,0,6,0.8125000000000001,1.0,0.6842105263157895,13,19,13,13,0.5014315247535706,0.8438434600830078,0.35
3213,False,placeholder,0.0,insufficient information,C,0.0,0.0,0.0,0,20,0,0,0.0,0.0,0.0
3214,False,choice,1.0,E,B,0.4210526315789474,1.0,0.26666666666666666,4,15,4,4,0.4192044138908386,0.6409623622894287,0.35
3215,False,exact,1.0,32,D,0.3846153846153846,1.0,0.23809523809523808,5,21,5,5,0.39238932728767395,0.8789047598838806,0.35
3216,False,placeholder,0.0,insufficient information,B,0.0,0.0,0.0,0,24,0,0,0.0,0.0,0.0
3217,False,numeric_mismatch,0.0,5,2,0.4210526315789474,1.0,0.26666666666666666,4,15,4,4,0.46387922763824463,0.843321681022644,0.35
3218,False,placeholder,0.0,insufficient information,B,0.0,0.0,0.0,0,17,0,0,0.0,0.0,0.0
3219,False,numeric_mismatch,0.0,17,7,0.5333333333333333,1.0,0.36363636363636365,8,22,8,8,0.3497343957424164,0.8209213018417358,0.35
3220,False,placeholder,0.0,insufficient information,B,0.0,0.0,0.0,0,18,0,0,0.0,0.0,0.0
3221,False,placeholder,0.0,insufficient information,4,0.0,0.0,0.0,0,18,0,0,0.0,0.0,0.0
3222,False,exact,0.3,5 - √5,D,0.7142857142857143,1.0,0.5555555555555556,5,9,5,5,0.37724143266677856,0.8473914861679077,0.35
3223,False,exact,0.3,B) \(\frac{\sqrt{3}}{2}\),D,0.35294117647058826,1.0,0.21428571428571427,6,28,6,6,0.33928048610687256,0.8893744945526123,0.35
3224,False,exact,0.3,Insufficient information,D,0.6470588235294118,1.0,0.4782608695652174,11,23,11,11,0.4421011805534363,0.8337327241897583,0.35
3225,False,placeholder,0.0,insufficient information,B,0.0,0.0,0.0,0,13,0,0,0.0,0.0,0.0
3226,False,placeholder,0.0,insufficient information,9,0.0,0.0,0.0,0,20,0,0,0.0,0.0,0.0
3227,True,exact,0.7,B) $rac{1}{9}$,A,0.25,0.14285714285714285,1.0,7,1,1,1,0.575528621673584,0.7275488972663879,0.35
3228,False,exact,1.0,14π,E,0.3636363636363636,1.0,0.2222222222222222,4,18,4,4,0.39826712012290955,0.7717443108558655,0.35
3229,False,exact,1.0,\frac{5}{3},B,0.42424242424242425,1.0,0.2692307692307692,7,26,7,7,0.3029668927192688,0.908456563949585,0.35
3230,True,exact,0.7,Insufficient information,E,0.6153846153846153,1.0,0.4444444444444444,8,18,8,8,0.3386406898498535,0.8884169459342957,0.35
3231,False,placeholder,0.0,insufficient information,127,0.0,0.0,0.0,0,13,0,0,0.0,0.0,0.0
3232,False,placeholder,0.0,insufficient information,50,0.0,0.0,0.0,0,16,0,0,0.0,0.0,0.0
3233,False,placeholder,0.0,insufficient information,D,0.0,0.0,0.0,0,19,0,0,0.0,0.0,0.0
3234,False,placeholder,0.0,insufficient information,225,0.0,0.0,0.0,0,22,0,0,0.0,0.0,0.0
3235,False,numeric_mismatch,0.0,1,10,0.8148148148148148,1.0,0.6875,11,16,11,11,0.39765939116477966,0.9202395677566528,0.35
3236,False,numeric_mismatch,0.0,26,22,0.5,1.0,0.3333333333333333,5,15,5,5,0.44617974758148193,0.867277204990387,0.35
3237,True,exact,0.7,"(C, A, D, E, B)",E,0.4444444444444445,1.0,0.2857142857142857,6,21,6,6,0.3230389654636383,0.9540219902992249,0.35
3238,False,placeholder,0.0,insufficient information,A,0.0,0.0,0.0,0,20,0,0,0.0,0.0,0.0
3239,False,placeholder,0.0,insufficient information,A,0.0,0.0,0.0,0,17,0,0,0.0,0.0,0.0
3240,False,placeholder,0.0,insufficient information,B,0.0,0.0,0.0,0,14,0,0,0.0,0.0,0.0
3241,False,exact,1.0,1,C,0.6486486486486487,1.0,0.48,12,25,12,12,0.33330729603767395,0.7989714741706848,0.35
3242,False,numeric_mismatch,0.0,3,16,0.42424242424242425,0.875,0.28,8,25,7,7,0.33827194571495056,0.6771228313446045,0.35
3243,False,placeholder,0.0,insufficient information,A,0.0,0.0,0.0,0,22,0,0,0.0,0.0,0.0
3244,False,placeholder,0.0,insufficient information,36,0.0,0.0,0.0,0,17,0,0,0.0,0.0,0.0
3245,False,exact,0.3,1 - √2/2,C,0.24390243902439027,1.0,0.1388888888888889,5,36,5,5,0.21075057983398438,0.7611123323440552,0.35
3246,False,placeholder,0.0,insufficient information,D,0.0,0.0,0.0,0,22,0,0,0.0,0.0,0.0
3247,False,placeholder,0.0,insufficient information,11,0.0,0.0,0.0,0,21,0,0,0.0,0.0,0.0
3248,False,exact,1.0,5:3,C,0.5517241379310345,1.0,0.38095238095238093,8,21,8,8,0.35425326228141785,0.8155546188354492,0.35
3249,False,exact,1.0,\frac{6}{5},D,0.761904761904762,0.8888888888888888,0.6666666666666666,9,12,8,8,0.3586837649345398,0.7592853903770447,0.35
3250,True,exact,0.7,B) \(\frac{6}{7}\),B,0.4166666666666667,1.0,0.2631578947368421,5,19,5,5,0.4672689735889435,0.7999545335769653,0.35
3251,False,exact,1.0,200,C,0.4,1.0,0.25,5,20,5,5,0.3643893003463745,0.86531662940979,0.35
3252,False,placeholder,0.0,insufficient information,552,0.0,0.0,0.0,0,32,0,0,0.0,0.0,0.0
3253,False,numeric_mismatch,0.0,10,4,0.25806451612903225,0.6666666666666666,0.16,6,25,4,4,0.21216440200805664,0.9019928574562073,0.35
3254,False,placeholder,0.0,insufficient information,D,0.0,0.0,0.0,0,26,0,0,0.0,0.0,0.0
3255,False,exact,0.3,13 + 4√2,C,0.33333333333333337,1.0,0.2,4,20,4,4,0.3804658055305481,0.5970451831817627,0.35
3256,False,numeric_mismatch,0.0,3,7,0.3636363636363636,1.0,0.2222222222222222,4,18,4,4,0.4396369159221649,0.7130363583564758,0.35
3257,False,exact,1.0,12,E,0.4,1.0,0.25,6,24,6,6,0.41705024242401123,0.8897583484649658,0.35
3258,False,placeholder,0.0,insufficient information,C,0.0,0.0,0.0,0,19,0,0,0.0,0.0,0.0
3259,False,exact,0.3,2 + \sqrt{2},B,0.42857142857142855,1.0,0.2727272727272727,6,22,6,6,0.36663395166397095,0.8723534345626831,0.35
3260,False,numeric_mismatch,0.0,100,81,0.4651162790697675,1.0,0.30303030303030304,10,33,10,10,0.26077163219451904,0.9002513885498047,0.35
3261,False,choice,1.0,C,B,0.25925925925925924,1.0,0.14893617021276595,7,47,7,7,0.3844960331916809,0.7679891586303711,0.35
3262,False,numeric_mismatch,0.0,10,44,0.2857142857142857,1.0,0.16666666666666666,5,30,5,5,0.3189218044281006,0.8889910578727722,0.35
3263,False,placeholder,0.0,insufficient information,147,0.0,0.0,0.0,0,20,0,0,0.0,0.0,0.0
3264,False,numeric_mismatch,0.0,16 + 2√3,-4,0.4,1.0,0.25,5,20,5,5,0.44046348333358765,0.8488125801086426,0.35
3265,True,exact,0.7,arccos(24 / √(100^2 + 24^2)),A,0.6896551724137931,0.9090909090909091,0.5555555555555556,11,18,10,10,0.3085823953151703,0.6169825196266174,0.35
3266,False,numeric_mismatch,0.0,0,5,0.4444444444444445,1.0,0.2857142857142857,6,21,6,6,0.41655364632606506,0.8686072826385498,0.35
3267,False,exact,0.3,6√(1 + π^2),E,0.6363636363636364,0.875,0.5,8,14,7,7,0.3603418171405792,0.8282576203346252,0.35
3268,False,numeric_mismatch,0.0,34,46,0.4347826086956522,1.0,0.2777777777777778,5,18,5,5,0.4527917206287384,0.8394027948379517,0.35
3269,True,exact,0.7,B) \(\frac{2}{3}\),C,0.4210526315789474,1.0,0.26666666666666666,4,15,4,4,0.4594425559043884,0.8183140754699707,0.35
3270,False,numeric_mismatch,0.0,19,36,0.47619047619047616,1.0,0.3125,5,16,5,5,0.4895462095737457,0.8414839506149292,0.35
3271,False,choice,1.0,Y,E,0.6666666666666666,1.0,0.5,7,14,7,7,0.4546060264110565,0.8131264448165894,0.35
3272,True,numeric_rounded,0.9,37,39,0.4615384615384615,1.0,0.3,6,20,6,6,0.34044092893600464,0.8164181113243103,0.35
3273,False,choice,1.0,P,A,0.4166666666666667,1.0,0.2631578947368421,5,19,5,5,0.4088214933872223,0.933907151222229,0.35
3274,False,numeric_mismatch,0.0,1,6,0.47619047619047616,1.0,0.3125,5,16,5,5,0.4781342148780823,0.8112448453903198,0.35
3275,False,exact,1.0,25%,D,0.5,1.0,0.3333333333333333,5,15,5,5,0.43818914890289307,0.8523020148277283,0.35
3276,False,exact,1.0,28,C,0.5263157894736842,1.0,0.35714285714285715,5,14,5,5,0.3704642355442047,0.7525784969329834,0.35
3277,False,numeric_mismatch,0.0,8,2.5,0.6923076923076924,1.0,0.5294117647058824,9,17,9,9,0.43030428886413574,0.930829644203186,0.35
3278,False,numeric_mismatch,0.0,2,6,0.32000000000000006,0.8,0.2,5,20,4,4,0.2988434433937073,0.8861463665962219,0.35
3279,True,exact,0.7,between 1 and 2,B,0.2666666666666667,1.0,0.15384615384615385,4,26,4,4,0.48992013931274414,0.8271639943122864,0.35
3280,False,exact,0.3,.088 m²,A,0.5,1.0,0.3333333333333333,3,9,3,3,0.42774540185928345,0.7944588661193848,0.35
3281,True,numeric_rounded,0.9,18,20,0.3448275862068966,1.0,0.20833333333333334,5,24,5,5,0.5081297755241394,0.8563991189002991,0.35
3282,False,placeholder,0.0,insufficient information,C,0.0,0.0,0.0,0,20,0,0,0.0,0.0,0.0
3283,False,placeholder,0.0,insufficient information,D,0.0,0.0,0.0,0,19,0,0,0.0,0.0,0.0
3284,False,exact,1.0,10.15,B,0.4210526315789474,1.0,0.26666666666666666,4,15,4,4,0.41562750935554504,0.7644525170326233,0.35
3285,False,numeric_mismatch,0.0,3,11 ,0.5333333333333333,1.0,0.36363636363636365,4,11,4,4,0.6162696480751038,0.8480349183082581,0.35
3286,False,placeholder,0.0,insufficient information,B,0.0,0.0,0.0,0,13,0,0,0.0,0.0,0.0
3287,False,numeric_mismatch,0.0,1,3,0.4444444444444445,1.0,0.2857142857142857,4,14,4,4,0.45042628049850464,0.7444576025009155,0.35
3288,True,numeric_exact,1.0,3,3,0.5333333333333333,1.0,0.36363636363636365,4,11,4,4,0.43785208463668823,0.8884576559066772,0.35
3289,False,exact,1.0,44,C,0.6,0.8571428571428571,0.46153846153846156,7,13,6,6,0.4370194375514984,0.9142084717750549,0.35
3290,False,numeric_mismatch,0.0,75,130,0.375,1.0,0.23076923076923078,3,13,3,3,0.34842678904533386,0.7212300300598145,0.35
3291,False,choice,1.0,D,E,0.4210526315789474,1.0,0.26666666666666666,4,15,4,4,0.5049903988838196,0.8897968530654907,0.35
3292,False,numeric_mismatch,0.0,10,12,0.39999999999999997,0.75,0.2727272727272727,4,11,3,3,0.3224828541278839,0.6995291709899902,0.35
3293,False,choice,1.0,A,B,0.3,1.0,0.17647058823529413,3,17,3,3,0.40876609086990356,0.636695146560669,0.35
3294,False,numeric_mismatch,0.0,48,64,0.6666666666666666,1.0,0.5,8,16,8,8,0.39420974254608154,0.7492051124572754,0.35
3295,False,numeric_mismatch,0.0,3.5,2.5,0.5882352941176471,0.8333333333333334,0.45454545454545453,6,11,5,5,0.36247387528419495,0.8422406315803528,0.35
3296,True,numeric_rounded,0.85,16,14,0.47619047619047616,1.0,0.3125,5,16,5,5,0.35044729709625244,0.7174122333526611,0.35
3297,False,numeric_mismatch,0.0,18,33,0.4666666666666667,1.0,0.30434782608695654,7,23,7,7,0.48118412494659424,0.9071568250656128,0.35
3298,False,exact,1.0,1,E,0.326530612244898,1.0,0.1951219512195122,8,41,8,8,0.33727237582206726,0.7973673343658447,0.35
3299,True,exact,0.7,B) \(\frac{3}{7}\),C,0.35714285714285715,0.8333333333333334,0.22727272727272727,6,22,5,5,0.3568705916404724,0.8161681890487671,0.35
3300,True,numeric_rounded,0.85,912,1047,0.5,1.0,0.3333333333333333,6,18,6,6,0.41647207736968994,0.763713002204895,0.35
3301,False,exact,1.0,\frac{3}{4},E,0.27272727272727276,0.75,0.16666666666666666,4,18,3,3,0.38558468222618103,0.6627047657966614,0.35
3302,False,choice,1.0,T,A,0.6896551724137931,1.0,0.5263157894736842,10,19,10,10,0.3486643433570862,0.7044127583503723,0.35
3303,False,numeric_mismatch,0.0,39,81,0.2727272727272727,1.0,0.15789473684210525,3,19,3,3,0.48612532019615173,0.9027624726295471,0.35
3304,False,exact,0.3,40 cm,E,0.4166666666666667,1.0,0.2631578947368421,5,19,5,5,0.298483282327652,0.6067291498184204,0.35
3305,False,numeric_mismatch,0.0,18,36,0.5263157894736842,1.0,0.35714285714285715,5,14,5,5,0.49048641324043274,0.8910205364227295,0.35
3306,False,exact,0.3,first (0-1),B,0.38095238095238093,0.8,0.25,5,16,4,4,0.3343643546104431,0.7014824748039246,0.35
3307,False,numeric_mismatch,0.0,6,3,0.3,1.0,0.17647058823529413,3,17,3,3,0.5447598099708557,0.8306499719619751,0.35
3308,False,numeric_mismatch,0.0,4,8,0.35294117647058826,1.0,0.21428571428571427,3,14,3,3,0.4677554666996002,0.6776605248451233,0.35
3309,False,exact,0.3,$3 	imes 4$,B,0.45454545454545453,1.0,0.29411764705882354,5,17,5,5,0.4271376132965088,0.8155733942985535,0.35
3310,False,numeric_mismatch,0.0,4,8,0.5806451612903226,1.0,0.4090909090909091,9,22,9,9,0.36903950572013855,0.921985924243927,0.35
3311,False,exact,0.3,1 more,C,0.5714285714285715,1.0,0.4,6,15,6,6,0.35180413722991943,0.7772438526153564,0.35
3312,False,numeric_mismatch,0.0,1,9,0.3448275862068966,1.0,0.20833333333333334,5,24,5,5,0.35998642444610596,0.6911093592643738,0.35
3313,False,exact,1.0,23\frac{1}{3}\%,C,0.23076923076923078,1.0,0.13043478260869565,3,23,3,3,0.4119853079319,0.9310828447341919,0.35
3314,False,numeric_mismatch,0.0,0,1,0.24000000000000002,1.0,0.13636363636363635,3,22,3,3,0.39775288105010986,0.6846506595611572,0.35
3315,False,placeholder,0.0,insufficient information,D,0.0,0.0,0.0,0,17,0,0,0.0,0.0,0.0
3316,True,exact,0.7,C) \(\frac{243}{1024}\),C,0.25,1.0,0.14285714285714285,3,21,3,3,0.4064991772174835,0.8295143842697144,0.35
3317,False,placeholder,0.0,insufficient information,E,0.0,0.0,0.0,0,13,0,0,0.0,0.0,0.0
3318,False,placeholder,0.0,insufficient information,1,0.0,0.0,0.0,0,16,0,0,0.0,0.0,0.0
3319,False,numeric_mismatch,0.0,240,160,0.5454545454545454,1.0,0.375,6,16,6,6,0.3999732732772827,0.8777962327003479,0.35
3320,False,numeric_mismatch,0.0,8,20,0.5,1.0,0.3333333333333333,5,15,5,5,0.48317041993141174,0.8909661769866943,0.35
3321,False,exact,1.0,24%,B,0.47619047619047616,1.0,0.3125,5,16,5,5,0.3630012571811676,0.7812510132789612,0.35
3322,False,choice,1.0,D,B,0.7586206896551725,1.0,0.6111111111111112,11,18,11,11,0.5426663160324097,0.8825963735580444,0.35
3323,False,numeric_mismatch,0.0,7,4,0.6666666666666666,1.0,0.5,6,12,6,6,0.43966639041900635,0.8841695785522461,0.35
3324,False,choice,1.0,E,D,0.33333333333333337,1.0,0.2,4,20,4,4,0.471179336309433,0.8350930213928223,0.35
3325,False,exact,1.0,Apr,B,0.47619047619047616,1.0,0.3125,5,16,5,5,0.33218392729759216,0.7150171995162964,0.35
3326,False,exact,1.0,17,C,0.4,1.0,0.25,5,20,5,5,0.418924480676651,0.8262643218040466,0.35
3327,False,numeric_mismatch,0.0,18,7.7,0.4347826086956522,1.0,0.2777777777777778,5,18,5,5,0.47487229108810425,0.8877877593040466,0.35
3328,False,choice,1.0,A,C,0.2857142857142857,0.75,0.17647058823529413,4,17,3,3,0.35828688740730286,0.7320597767829895,0.35
3329,False,exact,1.0,April,B,0.47619047619047616,1.0,0.3125,5,16,5,5,0.37111273407936096,0.9296892285346985,0.35
3330,True,numeric_rounded,0.85,60-70,70,0.3478260869565218,0.8,0.2222222222222222,5,18,4,4,0.41995227336883545,0.8494254350662231,0.35
3331,False,numeric_mismatch,0.0,60,36,0.4210526315789474,1.0,0.26666666666666666,4,15,4,4,0.4016759693622589,0.7721283435821533,0.35
3332,False,numeric_mismatch,0.0,675,500,0.47619047619047616,1.0,0.3125,5,16,5,5,0.40105709433555603,0.8147307634353638,0.35
3333,True,numeric_exact,1.0,320,320,0.5384615384615384,1.0,0.3684210526315789,7,19,7,7,0.3732074797153473,0.7462305426597595,0.35
3334,False,placeholder,0.0,insufficient information,B,0.0,0.0,0.0,0,14,0,0,0.0,0.0,0.0
3335,False,exact,1.0,50°,B,0.4,1.0,0.25,4,16,4,4,0.38810136914253235,0.6810653209686279,0.35
3336,True,exact,0.7,The shaded areas in all three are equal.,A,0.2285714285714286,1.0,0.12903225806451613,4,31,4,4,0.49334463477134705,0.7865385413169861,0.35
3337,False,choice,1.0,D,A,0.4,1.0,0.25,5,20,5,5,0.40366074442863464,0.6984202861785889,0.35
3338,True,choice,1.0,B,B,0.6,1.0,0.42857142857142855,6,14,6,6,0.3313854932785034,0.6810460090637207,0.35
3339,False,numeric_mismatch,0.0,36,64,0.761904761904762,1.0,0.6153846153846154,8,13,8,8,0.5609989762306213,0.9332987070083618,0.35
3340,False,exact,0.3,B) \(\frac{1}{4}\),D,0.5625,1.0,0.391304347826087,9,23,9,9,0.4297061860561371,0.8601487874984741,0.35
3341,True,numeric_exact,1.0,36,36,0.7000000000000001,1.0,0.5384615384615384,7,13,7,7,0.546220600605011,0.9515620470046997,0.35
3342,True,numeric_exact,1.0,32,32,0.6666666666666666,1.0,0.5,10,20,10,10,0.43677109479904175,0.8767746090888977,0.35
3343,False,choice,1.0,C,D,0.4166666666666667,1.0,0.2631578947368421,5,19,5,5,0.32908037304878235,0.7784161567687988,0.35
3344,False,placeholder,0.0,insufficient information,E,0.0,0.0,0.0,0,21,0,0,0.0,0.0,0.0
3345,False,placeholder,0.0,insufficient information,50,0.0,0.0,0.0,0,14,0,0,0.0,0.0,0.0
3346,False,numeric_mismatch,0.0,3,4,0.6363636363636364,1.0,0.4666666666666667,7,15,7,7,0.449005126953125,0.874767005443573,0.35
3347,False,numeric_mismatch,0.0,2,4,0.37037037037037035,1.0,0.22727272727272727,5,22,5,5,0.3858034610748291,0.7992123365402222,0.35
3348,False,numeric_mismatch,0.0,9,7.2,0.33333333333333337,1.0,0.2,4,20,4,4,0.36192017793655396,0.8230631351470947,0.35
3349,False,exact,1.0,P-Q,A,0.4444444444444445,1.0,0.2857142857142857,4,14,4,4,0.36556515097618103,0.715923547744751,0.35
3350,False,numeric_mismatch,0.0,35,29,0.3571428571428571,1.0,0.21739130434782608,5,23,5,5,0.38057905435562134,0.8161482214927673,0.35
3351,False,exact,1.0,"(2,0)",C,0.4666666666666667,1.0,0.30434782608695654,7,23,7,7,0.40931910276412964,0.887876033782959,0.35
3352,False,exact,1.0,32%,C,0.6363636363636364,0.7777777777777778,0.5384615384615384,9,13,7,7,0.34682202339172363,0.9379488229751587,0.35
3353,False,exact,1.0,1/2,B,0.4166666666666667,1.0,0.2631578947368421,5,19,5,5,0.30259037017822266,0.8526943922042847,0.35
3354,False,exact,1.0,115°,C,0.8275862068965517,1.0,0.7058823529411765,12,17,12,12,0.4934217929840088,0.8104987740516663,0.35
3355,True,exact,0.7,C) \(\frac{7}{12}\),C,0.45454545454545453,1.0,0.29411764705882354,5,17,5,5,0.3436756730079651,0.845658540725708,0.35
3356,False,exact,1.0,35°,D,0.5,1.0,0.3333333333333333,6,18,6,6,0.3869292438030243,0.7561761736869812,0.35
3357,True,exact,0.7,B) \(\frac{5}{9}\),B,0.45454545454545453,1.0,0.29411764705882354,5,17,5,5,0.5300090312957764,0.9286562204360962,0.35
3358,True,numeric_exact,1.0,16,16,0.6666666666666666,1.0,0.5,7,14,7,7,0.44939908385276794,0.7901039123535156,0.35
3359,False,exact,0.3,30 sq.cm,D,0.38095238095238093,1.0,0.23529411764705882,4,17,4,4,0.44500455260276794,0.7987647652626038,0.35
3360,False,exact,1.0,3:2,C,0.3846153846153846,1.0,0.23809523809523808,5,21,5,5,0.3847387731075287,0.8290213942527771,0.35
3361,False,numeric_mismatch,0.0,4,5,0.4,1.0,0.25,3,12,3,3,0.5289087295532227,0.8615790605545044,0.35
3362,False,numeric_mismatch,0.0,1,6,0.7058823529411764,0.8571428571428571,0.6,7,10,6,6,0.28370925784111023,0.6408455967903137,0.35
3363,True,exact,0.7,C) $rac{1}{8}$,C,0.5714285714285715,1.0,0.4,8,20,8,8,0.4622475504875183,0.8683538436889648,0.35
3364,True,choice,1.0,B,B,0.3157894736842105,1.0,0.1875,3,16,3,3,0.4612646996974945,0.7051159739494324,0.35
3365,False,numeric_mismatch,0.0,18,24,0.34782608695652173,1.0,0.21052631578947367,4,19,4,4,0.41507190465927124,0.7669000029563904,0.35
3366,False,placeholder,0.0,insufficient information,C,0.0,0.0,0.0,0,19,0,0,0.0,0.0,0.0
3367,False,numeric_mismatch,0.0,15,120,0.47619047619047616,1.0,0.3125,5,16,5,5,0.4445978105068207,0.7793878316879272,0.35
3368,False,numeric_mismatch,0.0,30,15,0.631578947368421,1.0,0.46153846153846156,6,13,6,6,0.412393182516098,0.8195206522941589,0.35
3369,False,choice,1.0,B,A,0.34782608695652173,1.0,0.21052631578947367,4,19,4,4,0.36054956912994385,0.7525124549865723,0.35
3370,True,numeric_rounded,0.9,1200,1150,0.4,1.0,0.25,4,16,4,4,0.429521381855011,0.8318444490432739,0.35
3371,False,numeric_mismatch,0.0,18,24,0.4166666666666667,1.0,0.2631578947368421,5,19,5,5,0.354754239320755,0.8175221681594849,0.35
3372,True,numeric_rounded,0.9,35,34,0.47619047619047616,1.0,0.3125,5,16,5,5,0.3928065598011017,0.8073686957359314,0.35
3373,True,choice,1.0,B,B,0.3636363636363636,1.0,0.2222222222222222,4,18,4,4,0.3959568440914154,0.7308700680732727,0.35
3374,False,numeric_mismatch,0.0,110°,30,0.5454545454545454,1.0,0.375,6,16,6,6,0.484495609998703,0.7127769589424133,0.35
3375,False,placeholder,0.0,insufficient information,C,0.0,0.0,0.0,0,20,0,0,0.0,0.0,0.0
3376,False,numeric_mismatch,0.0,38.7,6,0.4615384615384615,1.0,0.3,6,20,6,6,0.3089446425437927,0.7063559889793396,0.35
3377,True,choice,1.0,E,E,0.5263157894736842,1.0,0.35714285714285715,5,14,5,5,0.38527822494506836,0.7237257957458496,0.35
3378,False,placeholder,0.0,insufficient information,7,0.0,0.0,0.0,0,16,0,0,0.0,0.0,0.0
3379,True,numeric_rounded,0.9,39,41,0.5,1.0,0.3333333333333333,5,15,5,5,0.5302042365074158,0.8815799951553345,0.35
3380,False,numeric_mismatch,0.0,0,6,0.2608695652173913,1.0,0.15,3,20,3,3,0.4675977826118469,0.7524114847183228,0.35
3381,False,numeric_mismatch,0.0,35,353,0.3846153846153846,1.0,0.23809523809523808,5,21,5,5,0.3571995198726654,0.9182632565498352,0.35
3382,False,placeholder,0.0,insufficient information,C,0.0,0.0,0.0,0,20,0,0,0.0,0.0,0.0
3383,False,placeholder,0.0,insufficient information,15,0.0,0.0,0.0,0,13,0,0,0.0,0.0,0.0
3384,True,exact,0.7,The area of quadrilateral I is less than the area of quadrilateral II.,E,0.2758620689655173,1.0,0.16,4,25,4,4,0.39962124824523926,0.7856720685958862,0.35
3385,False,placeholder,0.0,insufficient information,C,0.0,0.0,0.0,0,14,0,0,0.0,0.0,0.0
3386,False,placeholder,0.0,insufficient information,17,0.0,0.0,0.0,0,16,0,0,0.0,0.0,0.0
3387,False,placeholder,0.0,insufficient information,D,0.0,0.0,0.0,0,20,0,0,0.0,0.0,0.0
3388,False,numeric_mismatch,0.0,36,27,0.4347826086956522,1.0,0.2777777777777778,5,18,5,5,0.4544384479522705,0.9287605881690979,0.35
3389,False,numeric_mismatch,0.0,9,21,0.34782608695652173,1.0,0.21052631578947367,4,19,4,4,0.2882829010486603,0.8161478042602539,0.35
3390,False,numeric_mismatch,0.0,24,39,0.38095238095238093,1.0,0.23529411764705882,4,17,4,4,0.3812418580055237,0.7525026798248291,0.35
3391,False,numeric_mismatch,0.0,16,189,0.8,1.0,0.6666666666666666,10,15,10,10,0.3785306215286255,0.8365640640258789,0.35
3392,False,numeric_mismatch,0.0,0,18,0.5714285714285715,1.0,0.4,6,15,6,6,0.3844307065010071,0.7212961912155151,0.35
3393,False,exact,0.3,B) \(\frac{1}{2}\),E,0.6923076923076924,1.0,0.5294117647058824,9,17,9,9,0.4363621771335602,0.9928361177444458,0.35
3394,False,choice,1.0,B,D,0.47619047619047616,1.0,0.3125,5,16,5,5,0.4407065808773041,0.8750607967376709,0.35
3395,False,numeric_mismatch,0.0,1,4,0.39999999999999997,0.8333333333333334,0.2631578947368421,6,19,5,5,0.37880998849868774,0.862881600856781,0.35
3396,False,numeric_mismatch,0.0,2,5,0.38095238095238093,1.0,0.23529411764705882,4,17,4,4,0.39143800735473633,0.6763504147529602,0.35
3397,True,choice,1.0,A,A,0.5,1.0,0.3333333333333333,5,15,5,5,0.3811092972755432,0.7773163914680481,0.35
3398,True,numeric_exact,1.0,20%,20,0.4,1.0,0.25,4,16,4,4,0.5108798146247864,0.9073084592819214,0.35
3399,False,numeric_mismatch,0.0,9,24,0.5714285714285715,1.0,0.4,4,10,4,4,0.4008275866508484,0.7734315991401672,0.35
3400,False,exact,0.3,$	extdollar 1.80,B,0.32,1.0,0.19047619047619047,4,21,4,4,0.3886323571205139,0.8842390179634094,0.35
3401,True,exact,0.7,$4 	ext{ cents}$,E,0.5,1.0,0.3333333333333333,6,18,6,6,0.43113499879837036,0.853754997253418,0.35
3402,True,numeric_exact,1.0,13,13,0.6363636363636364,1.0,0.4666666666666667,7,15,7,7,0.6142466068267822,0.9056689739227295,0.35
3403,False,choice,1.0,B,E,0.3571428571428571,1.0,0.21739130434782608,5,23,5,5,0.41716235876083374,0.7238270044326782,0.35
3404,False,placeholder,0.0,insufficient information,E,0.0,0.0,0.0,0,19,0,0,0.0,0.0,0.0
3405,False,exact,1.0,2,D,0.3076923076923077,1.0,0.18181818181818182,4,22,4,4,0.451223760843277,0.8651941418647766,0.35
3406,False,numeric_mismatch,0.0,32,26,0.7499999999999999,1.0,0.6,9,15,9,9,0.4377080202102661,0.8155065178871155,0.35
3407,False,exact,1.0,5/9,B,0.5,0.3333333333333333,1.0,3,1,1,1,0.4374190866947174,0.49969276785850525,0.35
3408,True,numeric_exact,1.0,30,30,0.5454545454545454,1.0,0.375,6,16,6,6,0.4621478021144867,0.8056395053863525,0.35
3409,False,exact,1.0,Trisha,A,0.6153846153846153,1.0,0.4444444444444444,8,18,8,8,0.45533084869384766,0.8575176000595093,0.35
3410,False,placeholder,0.0,insufficient information,40,0.0,0.0,0.0,0,18,0,0,0.0,0.0,0.0
3411,False,numeric_mismatch,0.0,12,24,0.88,1.0,0.7857142857142857,11,14,11,11,0.48209768533706665,0.8984253406524658,0.35
3412,True,numeric_exact,1.0,6,6,0.4444444444444445,1.0,0.2857142857142857,4,14,4,4,0.4484560191631317,0.8740733861923218,0.35
3413,False,numeric_mismatch,0.0,5,4,0.33333333333333337,1.0,0.2,4,20,4,4,0.4113062918186188,0.6760801672935486,0.35
3414,False,numeric_mismatch,0.0,10,6,0.33333333333333337,1.0,0.2,4,20,4,4,0.6120856404304504,0.8303936719894409,0.35
3415,False,numeric_mismatch,0.0,31,10,0.6206896551724138,1.0,0.45,9,20,9,9,0.3809365928173065,0.8949072957038879,0.35
3416,False,exact,0.3,all are equal,C,0.3636363636363636,1.0,0.2222222222222222,4,18,4,4,0.437841534614563,0.6880205869674683,0.35
3417,False,choice,1.0,E,A,0.4210526315789474,1.0,0.26666666666666666,4,15,4,4,0.4697727560997009,0.7427248358726501,0.35
3418,False,choice,1.0,E,B,0.47619047619047616,1.0,0.3125,5,16,5,5,0.41354209184646606,0.8820524215698242,0.35
3419,False,exact,1.0,\frac{25\sqrt{2}}{4},C,0.3636363636363636,1.0,0.2222222222222222,6,27,6,6,0.3619857132434845,0.9230992197990417,0.35
3420,False,exact,1.0,15,C,0.4166666666666667,1.0,0.2631578947368421,5,19,5,5,0.29859989881515503,0.5794445276260376,0.35
3421,False,numeric_mismatch,0.0,1,11,0.5263157894736842,1.0,0.35714285714285715,5,14,5,5,0.5478684902191162,0.920376718044281,0.35
3422,False,exact,1.0,5/4,D,0.6399999999999999,1.0,0.47058823529411764,8,17,8,8,0.4428836703300476,0.922753632068634,0.35
3423,False,choice,1.0,A,D,0.3636363636363636,1.0,0.2222222222222222,4,18,4,4,0.3533778488636017,0.8800700306892395,0.35
3424,False,numeric_mismatch,0.0,5,7.6,0.2857142857142857,1.0,0.16666666666666666,5,30,5,5,0.3830886781215668,0.7678309679031372,0.35
3425,False,placeholder,0.0,insufficient information,D,0.0,0.0,0.0,0,20,0,0,0.0,0.0,0.0
3426,False,numeric_mismatch,0.0,2,4,0.5263157894736842,1.0,0.35714285714285715,5,14,5,5,0.4279504120349884,0.7226567268371582,0.35
3427,False,placeholder,0.0,insufficient information,17,0.0,0.0,0.0,0,15,0,0,0.0,0.0,0.0
3428,True,numeric_rounded,0.85,10,9,0.5806451612903226,1.0,0.4090909090909091,9,22,9,9,0.3038657605648041,0.8706982731819153,0.35
3429,False,exact,1.0,Carla,E,0.4,1.0,0.25,5,20,5,5,0.32584166526794434,0.9166901707649231,0.35
3430,False,numeric_mismatch,0.0,139,180,0.5217391304347826,1.0,0.35294117647058826,6,17,6,6,0.4338873624801636,0.8062957525253296,0.35
3431,False,numeric_mismatch,0.0,10,18,0.5263157894736842,1.0,0.35714285714285715,5,14,5,5,0.4518161416053772,0.781252384185791,0.35
3432,False,placeholder,0.0,insufficient information,B,0.0,0.0,0.0,0,21,0,0,0.0,0.0,0.0
3433,False,exact,1.0,2,A,0.5882352941176471,1.0,0.4166666666666667,5,12,5,5,0.4777374267578125,0.9119106531143188,0.35
3434,False,placeholder,0.0,insufficient information,B,0.0,0.0,0.0,0,16,0,0,0.0,0.0,0.0
3435,True,numeric_exact,1.0,30,30,0.5882352941176471,1.0,0.4166666666666667,5,12,5,5,0.5927388072013855,0.8818880915641785,0.35
3436,True,numeric_exact,1.0,20,20,0.4166666666666667,1.0,0.2631578947368421,5,19,5,5,0.404100626707077,0.7494738698005676,0.35
3437,False,choice,1.0,E,A,0.4,0.8,0.26666666666666666,5,15,4,4,0.3446701765060425,0.9768418073654175,0.35
3438,False,exact,1.0,\frac{1}{2},B,0.5714285714285715,1.0,0.4,8,20,8,8,0.4325869083404541,0.8247706294059753,0.35
3439,False,numeric_mismatch,0.0,11,5.5,0.6666666666666666,1.0,0.5,6,12,6,6,0.44056060910224915,0.8748444318771362,0.35
3440,False,numeric_mismatch,0.0,8,26,0.45454545454545453,1.0,0.29411764705882354,5,17,5,5,0.4069426953792572,0.892806351184845,0.35
3441,False,numeric_mismatch,0.0,11,14,0.8275862068965517,0.9230769230769231,0.75,13,16,12,12,0.38967418670654297,0.8948925137519836,0.35
3442,False,exact,1.0,5/2,E,0.5555555555555556,1.0,0.38461538461538464,5,13,5,5,0.3467395305633545,0.7848423719406128,0.35
3443,True,numeric_exact,1.0,4.5,4.5,0.56,1.0,0.3888888888888889,7,18,7,7,0.37019258737564087,0.9518696069717407,0.35
3444,False,exact,1.0,III,D,0.38095238095238093,1.0,0.23529411764705882,4,17,4,4,0.5292410850524902,0.8054658770561218,0.35
3445,False,placeholder,0.0,insufficient information,A,0.0,0.0,0.0,0,16,0,0,0.0,0.0,0.0
3446,False,exact,1.0,1006,C,0.56,1.0,0.3888888888888889,7,18,7,7,0.4267968535423279,0.856154203414917,0.35
3447,False,choice,1.0,E,A,0.48,0.8571428571428571,0.3333333333333333,7,18,6,6,0.33440232276916504,0.8311745524406433,0.35
3448,False,exact,1.0,8,B,0.34782608695652173,1.0,0.21052631578947367,4,19,4,4,0.2891419529914856,0.5876059532165527,0.35
3449,True,exact,0.7,The probability that the score is odd is \(\frac{35}{72}\).,B,0.5714285714285715,1.0,0.4,8,20,8,8,0.29192909598350525,0.8087878823280334,0.35
3450,False,numeric_mismatch,0.0,4,5,0.47619047619047616,1.0,0.3125,5,16,5,5,0.5570532083511353,0.8932047486305237,0.35
3451,False,exact,1.0,3:8,D,0.34782608695652173,1.0,0.21052631578947367,4,19,4,4,0.48728281259536743,0.8067210912704468,0.35
3452,True,numeric_exact,1.0,$80,80,0.4210526315789474,1.0,0.26666666666666666,4,15,4,4,0.43493562936782837,0.9380483031272888,0.35
3453,False,numeric_mismatch,0.0,6,4,0.47619047619047616,1.0,0.3125,5,16,5,5,0.3682065010070801,0.7641598582267761,0.35
3454,False,exact,0.3,7 : 30,D,0.4,1.0,0.25,4,16,4,4,0.3794863522052765,0.8228898048400879,0.35
3455,False,exact,0.3,20π + 40,E,0.625,1.0,0.45454545454545453,10,22,10,10,0.4214731454849243,0.8513079285621643,0.35
3456,False,exact,0.3,C) \(\frac{4}{11}\),B,0.4799999999999999,1.0,0.3157894736842105,6,19,6,6,0.32498666644096375,0.9161192178726196,0.35
3457,False,exact,1.0,75,C,0.6923076923076924,1.0,0.5294117647058824,9,17,9,9,0.41049736738204956,0.7719786763191223,0.35
3458,False,placeholder,0.0,insufficient information,C,0.0,0.0,0.0,0,22,0,0,0.0,0.0,0.0
3459,False,exact,1.0,46,A,0.6666666666666666,1.0,0.5,6,12,6,6,0.36747995018959045,0.7669587731361389,0.35
3460,False,numeric_mismatch,0.0,15,6,0.5555555555555556,1.0,0.38461538461538464,5,13,5,5,0.4611780345439911,0.8038241863250732,0.35
3461,False,choice,1.0,E,B,0.5217391304347826,1.0,0.35294117647058826,6,17,6,6,0.40552613139152527,0.6020114421844482,0.35
3462,True,numeric_exact,1.0,4.5,4.5,0.5882352941176471,1.0,0.4166666666666667,5,12,5,5,0.39585357904434204,0.92801433801651,0.35
3463,True,numeric_rounded,0.85,20,23,0.5263157894736842,1.0,0.35714285714285715,5,14,5,5,0.5224306583404541,0.8455324172973633,0.35
3464,False,placeholder,0.0,insufficient information,D,0.0,0.0,0.0,0,15,0,0,0.0,0.0,0.0
3465,False,exact,1.0,4/9,D,0.7000000000000001,1.0,0.5384615384615384,7,13,7,7,0.3756755292415619,0.8695400357246399,0.35
3466,False,numeric_mismatch,0.0,49,64,0.38095238095238093,1.0,0.23529411764705882,4,17,4,4,0.47161972522735596,0.7775513529777527,0.35
3467,False,numeric_mismatch,0.0,4,8,0.375,1.0,0.23076923076923078,6,26,6,6,0.4137609004974365,0.9163936972618103,0.35
3468,False,exact,0.3,$rac{419}{51}$,E,0.2222222222222222,1.0,0.125,4,32,4,4,0.36882203817367554,0.7849054336547852,0.35
3469,True,numeric_rounded,0.85,80%,70,0.375,1.0,0.23076923076923078,3,13,3,3,0.39740392565727234,0.9159196615219116,0.35
3470,True,exact,0.7,D) \(\frac{2}{3}\),D,0.13333333333333333,0.07142857142857142,1.0,14,1,1,1,0.46667224168777466,0.6240275502204895,0.35
3471,False,placeholder,0.0,insufficient information,C,0.0,0.0,0.0,0,19,0,0,0.0,0.0,0.0
3472,False,placeholder,0.0,insufficient information,C,0.0,0.0,0.0,0,19,0,0,0.0,0.0,0.0
3473,True,exact,0.7,B) \frac{1}{2},B,0.6896551724137931,1.0,0.5263157894736842,10,19,10,10,0.4562436640262604,0.8812912702560425,0.35
3474,False,exact,1.0,36:17,D,0.5185185185185185,1.0,0.35,7,20,7,7,0.5557295680046082,0.8700776696205139,0.35
3475,False,exact,1.0,25,C,0.2857142857142857,1.0,0.16666666666666666,4,24,4,4,0.4832194149494171,0.87737637758255,0.35
3476,False,numeric_mismatch,0.0,50,5,0.47058823529411764,1.0,0.3076923076923077,4,13,4,4,0.4945061504840851,0.9011080861091614,0.35
3477,False,numeric_mismatch,0.0,30,6,0.3076923076923077,0.8,0.19047619047619047,5,21,4,4,0.35275304317474365,0.8827846646308899,0.35
3478,False,numeric_mismatch,0.0,60%,20,0.3448275862068966,1.0,0.20833333333333334,5,24,5,5,0.40364858508110046,0.8417580127716064,0.35
3479,False,numeric_mismatch,0.0,3,11,0.375,1.0,0.23076923076923078,3,13,3,3,0.3893586993217468,0.649358332157135,0.35
3480,False,numeric_mismatch,0.0,390,750,0.4,1.0,0.25,4,16,4,4,0.4094342589378357,0.867499828338623,0.35
3481,False,placeholder,0.0,insufficient information,A,0.0,0.0,0.0,0,16,0,0,0.0,0.0,0.0
3482,True,numeric_exact,1.0,5,5,0.631578947368421,1.0,0.46153846153846156,6,13,6,6,0.373725950717926,0.6422936320304871,0.35
3483,False,placeholder,0.0,insufficient information,A,0.0,0.0,0.0,0,17,0,0,0.0,0.0,0.0
3484,False,exact,1.0,2/5,C,0.6428571428571429,1.0,0.47368421052631576,9,19,9,9,0.4500119090080261,0.8949570059776306,0.35
3485,False,numeric_mismatch,0.0,100,4,0.2857142857142857,1.0,0.16666666666666666,3,18,3,3,0.33081722259521484,0.760432779788971,0.35
3486,False,numeric_mismatch,0.0,400,280,0.5,1.0,0.3333333333333333,5,15,5,5,0.4142559766769409,0.807921290397644,0.35
3487,False,numeric_mismatch,0.0,1920,3932,0.47619047619047616,1.0,0.3125,5,16,5,5,0.5815355181694031,0.8545451164245605,0.35
3488,False,numeric_mismatch,0.0,√305 / 2,7.5,0.4347826086956522,1.0,0.2777777777777778,5,18,5,5,0.5056131482124329,0.8507063984870911,0.35
3489,True,exact,0.7,B) \(\frac{7}{24}\),C,0.5714285714285715,1.0,0.4,10,25,10,10,0.35142529010772705,0.9758389592170715,0.35
3490,False,placeholder,0.0,insufficient information,A,0.0,0.0,0.0,0,21,0,0,0.0,0.0,0.0
3491,False,numeric_mismatch,0.0,70,140,0.56,1.0,0.3888888888888889,7,18,7,7,0.536523699760437,0.9136833548545837,0.35
3492,False,placeholder,0.0,insufficient information,13,0.0,0.0,0.0,0,16,0,0,0.0,0.0,0.0
3493,False,numeric_mismatch,0.0,30,90,0.5517241379310345,1.0,0.38095238095238093,8,21,8,8,0.3962553143501282,0.8679222464561462,0.35
3494,False,numeric_mismatch,0.0,15 - 3π,4.0,0.6399999999999999,1.0,0.47058823529411764,8,17,8,8,0.39997586607933044,0.8928548097610474,0.35
3495,True,exact,0.7,B) \(\frac{\pi}{10}\),B,0.23529411764705882,1.0,0.13333333333333333,4,30,4,4,0.39662355184555054,0.7592775821685791,0.35
3496,False,exact,1.0,\frac{15}{32},D,0.7407407407407407,1.0,0.5882352941176471,10,17,10,10,0.3831113576889038,0.8168002367019653,0.35
3497,False,numeric_mismatch,0.0,12,18,0.34782608695652173,1.0,0.21052631578947367,4,19,4,4,0.4370780885219574,0.7663050889968872,0.35
3498,False,numeric_mismatch,0.0,41,31,0.896551724137931,1.0,0.8125,13,16,13,13,0.46658217906951904,0.750253438949585,0.35
3499,True,exact,0.7,insufficient information,A,0.5217391304347826,1.0,0.35294117647058826,6,17,6,6,0.4043094515800476,0.9383586049079895,0.35
3500,False,exact,1.0,9,C,0.5384615384615384,1.0,0.3684210526315789,7,19,7,7,0.3691069185733795,0.8079497814178467,0.35
3501,False,placeholder,0.0,insufficient information,C,0.0,0.0,0.0,0,17,0,0,0.0,0.0,0.0
3502,True,numeric_exact,1.0,4,4,0.6,1.0,0.42857142857142855,6,14,6,6,0.3705484867095947,0.7811647057533264,0.35
3503,False,exact,1.0,2,C,0.4799999999999999,1.0,0.3157894736842105,6,19,6,6,0.31207045912742615,0.8550282716751099,0.35
3504,False,exact,1.0,10,B,0.5263157894736842,1.0,0.35714285714285715,5,14,5,5,0.37152352929115295,0.8665945529937744,0.35
3505,True,numeric_exact,1.0,120,120,0.47058823529411764,1.0,0.3076923076923077,4,13,4,4,0.49288222193717957,0.9091367125511169,0.35
3506,False,numeric_mismatch,0.0,2,24,0.47619047619047616,1.0,0.3125,5,16,5,5,0.4653676152229309,0.7729278206825256,0.35
3507,False,exact,1.0,3,D,0.5294117647058824,0.8181818181818182,0.391304347826087,11,23,9,9,0.36355191469192505,0.833271861076355,0.35
3508,False,numeric_mismatch,0.0,60,24,0.6428571428571429,1.0,0.47368421052631576,9,19,9,9,0.35969752073287964,0.7824321985244751,0.35
3509,False,placeholder,0.0,insufficient information,D,0.0,0.0,0.0,0,32,0,0,0.0,0.0,0.0
3510,False,exact,0.3,4√3 - 2π/3,B,0.23076923076923078,1.0,0.13043478260869565,3,23,3,3,0.3675404191017151,0.6081206202507019,0.35
3511,False,placeholder,0.0,insufficient information,13,0.0,0.0,0.0,0,20,0,0,0.0,0.0,0.0
3512,True,numeric_rounded,0.9,4.67,4.36,0.4347826086956522,1.0,0.2777777777777778,5,18,5,5,0.4874156415462494,0.9423321485519409,0.35
3513,False,exact,1.0,0.5,D,0.5384615384615384,1.0,0.3684210526315789,7,19,7,7,0.5347705483436584,0.9460639357566833,0.35
3514,False,numeric_mismatch,0.0,2,8,0.45454545454545453,1.0,0.29411764705882354,5,17,5,5,0.4489169716835022,0.7306153178215027,0.35
3515,False,placeholder,0.0,insufficient information,A,0.0,0.0,0.0,0,20,0,0,0.0,0.0,0.0
3516,False,numeric_mismatch,0.0,90,108,0.4666666666666667,1.0,0.30434782608695654,7,23,7,7,0.3777553141117096,0.804979681968689,0.35
3517,False,exact,1.0,\frac{5}{7},D,0.4799999999999999,1.0,0.3157894736842105,6,19,6,6,0.4808919429779053,0.9297351241111755,0.35
3518,False,exact,1.0,25/16,C,0.6666666666666665,0.8571428571428571,0.5454545454545454,14,22,12,12,0.30677011609077454,0.972714364528656,0.35
3519,False,numeric_mismatch,0.0,75,150,0.33333333333333337,1.0,0.2,5,25,5,5,0.5250682234764099,0.8500451445579529,0.35
3520,False,numeric_mismatch,0.0,192,120,0.45454545454545453,1.0,0.29411764705882354,5,17,5,5,0.33266961574554443,0.8847487568855286,0.35
3521,True,choice,1.0,B,B,0.5,1.0,0.3333333333333333,6,18,6,6,0.5004571676254272,0.8730658888816833,0.35
3522,True,exact,0.7,B) \(\frac{1}{4}\),C,0.45454545454545453,1.0,0.29411764705882354,5,17,5,5,0.37323129177093506,0.8819556832313538,0.35
3523,True,exact,0.7,The mean increases by 1 and the median does not change.,B,0.3571428571428571,1.0,0.21739130434782608,5,23,5,5,0.2685679793357849,0.6354627013206482,0.35
3524,False,exact,1.0,purple,A,0.4615384615384615,1.0,0.3,6,20,6,6,0.379448264837265,0.7922427654266357,0.35
3525,False,numeric_mismatch,0.0,120,30,0.6666666666666667,0.8666666666666667,0.5416666666666666,15,24,13,13,0.34650689363479614,0.9157739281654358,0.35
3526,True,numeric_exact,1.0,37,37,0.5882352941176471,1.0,0.4166666666666667,5,12,5,5,0.6401041150093079,0.8557469248771667,0.35
3527,False,numeric_mismatch,0.0,24,20,0.6086956521739131,1.0,0.4375,7,16,7,7,0.4713302552700043,0.9353581070899963,0.35
3528,False,numeric_mismatch,0.0,3,24,0.5454545454545454,1.0,0.375,6,16,6,6,0.49627113342285156,0.8325808644294739,0.35
3529,False,exact,1.0,"75{,}000",D,0.4444444444444445,1.0,0.2857142857142857,4,14,4,4,0.41486331820487976,0.9602984189987183,0.35
3530,False,numeric_mismatch,0.0,3,5,0.5,1.0,0.3333333333333333,7,21,7,7,0.4070902466773987,0.816867470741272,0.35
3531,True,numeric_rounded,0.9,256,240,0.3448275862068966,1.0,0.20833333333333334,5,24,5,5,0.3516441285610199,0.7101379632949829,0.35
3532,False,placeholder,0.0,insufficient information,28,0.0,0.0,0.0,0,28,0,0,0.0,0.0,0.0
3533,False,exact,1.0,74,E,0.4615384615384615,1.0,0.3,6,20,6,6,0.3379294276237488,0.562967836856842,0.35
3534,False,exact,1.0,\frac{9}{16},A,0.3846153846153846,1.0,0.23809523809523808,5,21,5,5,0.3804672956466675,0.7473960518836975,0.35
3535,True,numeric_rounded,0.9,674,651,0.5384615384615384,1.0,0.3684210526315789,7,19,7,7,0.41299208998680115,0.8891106247901917,0.35
3536,False,numeric_mismatch,0.0,2,10,0.47058823529411764,1.0,0.3076923076923077,4,13,4,4,0.4638943076133728,0.6385415196418762,0.35
3537,False,choice,1.0,B,E,0.47619047619047616,1.0,0.3125,5,16,5,5,0.4896177351474762,0.7368388772010803,0.35
3538,False,choice,1.0,D,E,0.4347826086956522,1.0,0.2777777777777778,5,18,5,5,0.41338205337524414,0.9135291576385498,0.35
3539,False,exact,1.0,1/8,B,0.5185185185185185,1.0,0.35,7,20,7,7,0.35776785016059875,0.9551429748535156,0.35
3540,False,numeric_mismatch,0.0,1 ounce,3,0.47058823529411764,1.0,0.3076923076923077,4,13,4,4,0.39788997173309326,0.8682787418365479,0.35
3541,False,numeric_mismatch,0.0,5,4,0.33333333333333337,1.0,0.2,5,25,5,5,0.5053688883781433,0.7785822153091431,0.35
3542,True,numeric_exact,1.0,8,8,0.2285714285714286,0.6666666666666666,0.13793103448275862,6,29,4,4,0.27873292565345764,0.7534132599830627,0.35
3543,False,numeric_mismatch,0.0,6,9,0.42424242424242425,1.0,0.2692307692307692,7,26,7,7,0.38497254252433777,0.881897509098053,0.35
3544,False,numeric_mismatch,0.0,9,84,0.2727272727272727,1.0,0.15789473684210525,3,19,3,3,0.3373199999332428,0.6246256828308105,0.35
3545,False,exact,0.3,Volume = Area of Base Triangle * Height,192,0.4666666666666667,1.0,0.30434782608695654,7,23,7,7,0.35246387124061584,0.9001591801643372,0.35
3546,False,choice,1.0,C,E,0.3157894736842105,1.0,0.1875,3,16,3,3,0.49568137526512146,0.921261191368103,0.35
3547,False,numeric_mismatch,0.0,2,3,0.4,1.0,0.25,5,20,5,5,0.4274846315383911,0.7653436660766602,0.35
3548,False,numeric_mismatch,0.0,6,9,0.6666666666666666,1.0,0.5,9,18,9,9,0.376765638589859,0.8718166947364807,0.35
3549,False,numeric_mismatch,0.0,3,1,0.45714285714285713,1.0,0.2962962962962963,8,27,8,8,0.4218578338623047,0.963885486125946,0.35
3550,True,numeric_rounded,0.85,9,8,0.5925925925925926,1.0,0.42105263157894735,8,19,8,8,0.4896174967288971,0.7907489538192749,0.35
3551,True,exact,0.7,B) \(\frac{11}{36}\),B,0.5,1.0,0.3333333333333333,7,21,7,7,0.4717784523963928,0.7628475427627563,0.35
3552,False,numeric_mismatch,0.0,9,48,0.5833333333333334,1.0,0.4117647058823529,7,17,7,7,0.37120190262794495,0.9203590750694275,0.35
3553,False,exact,0.3,"133 Ps, 134 Qs, 133 Rs",C,0.3846153846153846,1.0,0.23809523809523808,5,21,5,5,0.3409528136253357,0.6529683470726013,0.35
3554,False,numeric_mismatch,0.0,7,1,0.47619047619047616,1.0,0.3125,5,16,5,5,0.4653676152229309,0.744378387928009,0.35
3555,False,placeholder,0.0,insufficient information,C,0.0,0.0,0.0,0,18,0,0,0.0,0.0,0.0
3556,True,exact,0.7,B) \(\frac{1}{256}\),C,0.4799999999999999,1.0,0.3157894736842105,6,19,6,6,0.38858968019485474,0.8623353242874146,0.35
3557,False,numeric_mismatch,0.0,11,14.6,0.34782608695652173,1.0,0.21052631578947367,4,19,4,4,0.39258137345314026,0.6396944522857666,0.35
3558,False,placeholder,0.0,insufficient information,$4 \pi$,0.0,0.0,0.0,0,14,0,0,0.0,0.0,0.0
3559,False,numeric_mismatch,0.0,3,$5 \sqrt{3}$,0.42857142857142855,1.0,0.2727272727272727,6,22,6,6,0.3718111515045166,0.8123524188995361,0.35
3560,False,numeric_mismatch,0.0,\frac{m}{M} = \frac{1}{2},$\frac{\sqrt{6}}{6}$,0.4,1.0,0.25,5,20,5,5,0.3873683214187622,0.956623911857605,0.35
3561,True,numeric_exact,1.0,1,$\frac{1}{3}$,0.45454545454545453,0.625,0.35714285714285715,16,28,10,10,0.27017369866371155,0.7712140679359436,0.35
3562,False,numeric_mismatch,0.0,8,5,0.6111111111111112,0.55,0.6875,20,16,11,11,0.3980379104614258,0.8011859059333801,0.35
3563,False,numeric_mismatch,0.0,75,156,0.41379310344827586,1.0,0.2608695652173913,6,23,6,6,0.3601679503917694,0.7178992629051208,0.35
3564,False,numeric_mismatch,0.0,36,3031,0.4666666666666667,0.875,0.3181818181818182,8,22,7,7,0.17983317375183105,0.8176998496055603,0.35
3565,False,numeric_mismatch,0.0,\sqrt{3} - \frac{\pi}{3},10,0.4166666666666667,1.0,0.2631578947368421,5,19,5,5,0.4280771315097809,0.8905760049819946,0.35
3566,False,numeric_mismatch,0.0,3/8,19,0.4799999999999999,1.0,0.3157894736842105,6,19,6,6,0.3734416663646698,0.8911973834037781,0.35
3567,False,placeholder,0.0,insufficient information,14,0.0,0.0,0.0,0,20,0,0,0.0,0.0,0.0
3568,False,numeric_mismatch,0.0,30,$\frac{90}{23}^{\circ}$,0.5217391304347826,1.0,0.35294117647058826,6,17,6,6,0.37710368633270264,0.8462571501731873,0.35
3569,False,numeric_mismatch,0.0,10,$\sqrt{41}$,0.2857142857142857,0.16666666666666666,1.0,6,1,1,1,0.4342680871486664,0.49997854232788086,0.35
3570,False,numeric_mismatch,0.0,39,71,0.5454545454545454,1.0,0.375,6,16,6,6,0.4252643287181854,0.7018513679504395,0.35
3571,False,placeholder,0.0,insufficient information,$6 \sqrt{3}+4 \pi$,0.0,0.0,0.0,0,19,0,0,0.0,0.0,0.0
3572,False,numeric_mismatch,0.0,8,6,0.4210526315789474,1.0,0.26666666666666666,4,15,4,4,0.3845072388648987,0.9254664182662964,0.35
3573,False,numeric_mismatch,0.0,100,180,0.42857142857142855,1.0,0.2727272727272727,6,22,6,6,0.34213384985923767,0.8747897744178772,0.35
3574,False,numeric_mismatch,0.0,3,9,0.4615384615384615,1.0,0.3,6,20,6,6,0.4406832456588745,0.8889349102973938,0.35
3575,False,numeric_mismatch,0.0,3*sqrt(3),$6+4\sqrt{3}$,0.45454545454545453,1.0,0.29411764705882354,5,17,5,5,0.45465001463890076,0.8443150520324707,0.35
3576,False,numeric_mismatch,0.0,33,2550,0.3870967741935484,1.0,0.24,6,25,6,6,0.32662227749824524,0.7429384589195251,0.35
3577,False,numeric_mismatch,0.0,\sqrt{3},$2\sqrt{2}$,0.625,1.0,0.45454545454545453,10,22,10,10,0.3585664927959442,0.9382892847061157,0.35
3578,False,numeric_mismatch,0.0,√5,$3\sqrt{2}$,0.5,1.0,0.3333333333333333,6,18,6,6,0.40680602192878723,0.8469829559326172,0.35
3579,False,numeric_mismatch,0.0,10,$\frac{3 \sqrt{6}}{2}$,0.7058823529411764,1.0,0.5454545454545454,6,11,6,6,0.2870507836341858,0.6546614170074463,0.35
3580,False,numeric_mismatch,0.0,18,72,0.3636363636363636,1.0,0.2222222222222222,4,18,4,4,0.4317384958267212,0.9098236560821533,0.35
3581,False,numeric_mismatch,0.0,3,4,0.3,1.0,0.17647058823529413,3,17,3,3,0.4967508614063263,0.7984384894371033,0.35
3582,False,numeric_mismatch,0.0,6,5,0.5185185185185185,1.0,0.35,7,20,7,7,0.46806052327156067,0.8655990958213806,0.35
3583,False,numeric_mismatch,0.0,1,756,0.33333333333333337,1.0,0.2,4,20,4,4,0.2666535973548889,0.7285260558128357,0.35
3584,False,numeric_mismatch,0.0,30,65,0.7499999999999999,1.0,0.6,6,10,6,6,0.4026186764240265,0.7821763753890991,0.35
3585,False,numeric_mismatch,0.0,24,20,0.5161290322580645,1.0,0.34782608695652173,8,23,8,8,0.30184102058410645,0.7805804014205933,0.35
3586,False,numeric_mismatch,0.0,1,$\frac{3^{1008}-1}{3^{1009}}$,0.33333333333333337,0.8333333333333334,0.20833333333333334,6,24,5,5,0.14919310808181763,0.7476637363433838,0.35
3587,False,placeholder,0.0,insufficient information,170,0.0,0.0,0.0,0,16,0,0,0.0,0.0,0.0
3588,False,numeric_mismatch,0.0,6,336,0.45454545454545453,1.0,0.29411764705882354,5,17,5,5,0.3620511293411255,0.8351010084152222,0.35
3589,False,numeric_mismatch,0.0,343,$\frac{7^3}{2^{12} 13^2}$,0.5333333333333333,0.8888888888888888,0.38095238095238093,9,21,8,8,0.338102787733078,0.7897154688835144,0.35
3590,False,placeholder,0.0,insufficient information,$4-2 \sqrt{3}$,0.0,0.0,0.0,0,21,0,0,0.0,0.0,0.0
3591,False,placeholder,0.0,insufficient information,$\frac{1}{60}$,0.0,0.0,0.0,0,11,0,0,0.0,0.0,0.0
3592,False,placeholder,0.0,insufficient information,$\boxed{\frac{16}{7}}$,0.0,0.0,0.0,0,19,0,0,0.0,0.0,0.0
3593,False,placeholder,0.0,insufficient information,1290,0.0,0.0,0.0,0,19,0,0,0.0,0.0,0.0
3594,False,numeric_mismatch,0.0,1/9,rac{36}{13},0.8125000000000001,0.9285714285714286,0.7222222222222222,14,18,13,13,0.44199612736701965,0.8950775861740112,0.35
3595,False,numeric_mismatch,0.0,3,7,0.5384615384615384,1.0,0.3684210526315789,7,19,7,7,0.42684268951416016,0.9046218991279602,0.35
3596,False,numeric_mismatch,0.0,16,12,0.5454545454545454,1.0,0.375,6,16,6,6,0.3662574589252472,0.726146936416626,0.35
3597,False,numeric_mismatch,0.0,The ratio of the total area of all of the rhombuses to the total area of all of the squares is $\frac{1}{2}$.,$\boxed{\frac{121}{180}}$,0.4516129032258065,0.875,0.30434782608695654,8,23,7,7,0.3680395781993866,0.818006157875061,0.35
3598,False,numeric_mismatch,0.0,36,24.2,0.37037037037037035,1.0,0.22727272727272727,5,22,5,5,0.49389368295669556,0.8252807855606079,0.35
3599,False,placeholder,0.0,insufficient information,90,0.0,0.0,0.0,0,25,0,0,0.0,0.0,0.0
3600,True,numeric_exact,1.0,6,6,0.3448275862068966,1.0,0.20833333333333334,5,24,5,5,0.3236374258995056,0.9233318567276001,0.35
3601,False,numeric_mismatch,0.0,7,5,0.8,1.0,0.6666666666666666,12,18,12,12,0.41030198335647583,0.8417482376098633,0.35
3602,False,placeholder,0.0,insufficient information,4,0.0,0.0,0.0,0,23,0,0,0.0,0.0,0.0
3603,False,numeric_mismatch,0.0,0.5,$\frac{8}{25}$,0.4347826086956522,1.0,0.2777777777777778,5,18,5,5,0.3921808898448944,0.8636681437492371,0.35
3604,False,numeric_mismatch,0.0,78,2499,0.3870967741935484,1.0,0.24,6,25,6,6,0.22223439812660217,0.9199444651603699,0.35
3605,False,placeholder,0.0,insufficient information,39,0.0,0.0,0.0,0,24,0,0,0.0,0.0,0.0
3606,False,numeric_mismatch,0.0,"The ray of light will bounce 6 times before reaching any one of the corners A, B, C, D.",10,0.5,1.0,0.3333333333333333,6,18,6,6,0.3840522766113281,0.7719481587409973,0.35
3607,False,placeholder,0.0,insufficient information,100,0.0,0.0,0.0,0,23,0,0,0.0,0.0,0.0
3608,False,numeric_mismatch,0.0,√3,$\frac{1}{2}+\frac{\sqrt{3}}{3}$,0.5,1.0,0.3333333333333333,6,18,6,6,0.3688562512397766,0.912051260471344,0.35
3609,False,numeric_mismatch,0.0,12,8,0.5714285714285715,1.0,0.4,4,10,4,4,0.4563067853450775,0.8090541958808899,0.35
3610,True,numeric_rounded,0.85,6,7/3,0.45454545454545453,0.8333333333333334,0.3125,6,16,5,5,0.38307079672813416,0.8138991594314575,0.35
3611,False,numeric_mismatch,0.0,13,\frac{25}{7},0.5384615384615384,1.0,0.3684210526315789,7,19,7,7,0.33120450377464294,0.9001716375350952,0.35
3612,False,numeric_mismatch,0.0,8,54,0.5333333333333333,1.0,0.36363636363636365,4,11,4,4,0.4684608578681946,0.7980808019638062,0.35
3613,True,numeric_exact,1.0,1:2,1+\sqrt{3},0.3125,1.0,0.18518518518518517,5,27,5,5,0.349265992641449,0.7507978677749634,0.35
3614,False,numeric_mismatch,0.0,1,\frac{\sqrt{130}}{13},0.4615384615384615,1.0,0.3,6,20,6,6,0.37626275420188904,0.8140318393707275,0.35
3615,False,numeric_mismatch,0.0,2,1144,0.5,1.0,0.3333333333333333,7,21,7,7,0.2473728358745575,0.6588006615638733,0.35
3616,False,numeric_mismatch,0.0,13,79,0.4,1.0,0.25,5,20,5,5,0.4798518419265747,0.8627780675888062,0.35
3617,False,numeric_mismatch,0.0,60,84,0.5217391304347826,1.0,0.35294117647058826,6,17,6,6,0.4742461144924164,0.9263755083084106,0.35
3618,False,numeric_mismatch,0.0,1,9,0.37037037037037035,1.0,0.22727272727272727,5,22,5,5,0.2815633714199066,0.8613929152488708,0.35
3619,False,numeric_mismatch,0.0,105,525/2,0.40909090909090906,1.0,0.2571428571428571,9,35,9,9,0.46002206206321716,0.9212331175804138,0.35
3620,False,numeric_mismatch,0.0,3,28,0.3448275862068966,1.0,0.20833333333333334,5,24,5,5,0.30086538195610046,0.7969885468482971,0.35
3621,False,placeholder,0.0,insufficient information,100,0.0,0.0,0.0,0,9,0,0,0.0,0.0,0.0
3622,False,placeholder,0.0,insufficient information,4,0.0,0.0,0.0,0,17,0,0,0.0,0.0,0.0
3623,False,numeric_mismatch,0.0,3,60,0.4,0.25,1.0,4,1,1,1,0.4685170650482178,0.7727482914924622,0.35
3624,False,numeric_mismatch,0.0,25,200,0.6,1.0,0.42857142857142855,6,14,6,6,0.46281808614730835,0.8354026079177856,0.35
3625,False,numeric_mismatch,0.0,105,59,0.631578947368421,0.8571428571428571,0.5,7,12,6,6,0.33425000309944153,0.7614265084266663,0.35
3626,False,numeric_mismatch,0.0,19.2,15,0.4,1.0,0.25,4,16,4,4,0.42878487706184387,0.7390974760055542,0.35
3627,False,placeholder,0.0,insufficient information,14,0.0,0.0,0.0,0,20,0,0,0.0,0.0,0.0
3628,False,placeholder,0.0,insufficient information,$\frac{5 \sqrt{3}}{6}$,0.0,0.0,0.0,0,19,0,0,0.0,0.0,0.0
3629,True,numeric_exact,1.0,5,$5+\sqrt{19}$,0.5714285714285715,0.6666666666666666,0.5,9,12,6,6,0.3383091688156128,0.7666283249855042,0.35
3630,False,numeric_mismatch,0.0,\frac{\pi}{2} + \frac{\pi}{2} - d,$\pi-\tan ^{-1}\left(\frac{1}{d}\right)$,0.5263157894736842,0.625,0.45454545454545453,8,11,5,5,0.29100701212882996,0.815418004989624,0.35
3631,False,numeric_mismatch,0.0,8,$16 \sqrt{3}$,0.5,0.7142857142857143,0.38461538461538464,7,13,5,5,0.35927891731262207,0.8978409171104431,0.35
3632,True,numeric_rounded,0.85,12.5,14,0.47619047619047616,1.0,0.3125,5,16,5,5,0.3766072988510132,0.8753800392150879,0.35
3633,False,numeric_mismatch,0.0,10,372,0.45454545454545453,1.0,0.29411764705882354,5,17,5,5,0.23592765629291534,0.6876446008682251,0.35
3634,True,numeric_exact,1.0,2,$2(\sqrt{2}-1)$,0.45454545454545453,1.0,0.29411764705882354,5,17,5,5,0.38135406374931335,0.8094481229782104,0.35
3635,False,numeric_mismatch,0.0,1/9,$\frac{2}{21}$,0.6363636363636364,1.0,0.4666666666666667,7,15,7,7,0.40511301159858704,0.8428770899772644,0.35
3636,False,numeric_mismatch,0.0,70,323,0.4,1.0,0.25,5,20,5,5,0.3044307231903076,0.744334876537323,0.35
3637,False,placeholder,0.0,insufficient information,$\pi-2$,0.0,0.0,0.0,0,28,0,0,0.0,0.0,0.0
3638,False,numeric_mismatch,0.0,20,297,0.37037037037037035,0.8333333333333334,0.23809523809523808,6,21,5,5,0.31071197986602783,0.782863974571228,0.35
3639,False,numeric_mismatch,0.0,8,$\boxed{\frac{144}{49}}$,0.7272727272727274,0.8888888888888888,0.6153846153846154,9,13,8,8,0.3642255663871765,0.782173752784729,0.35
3640,False,numeric_mismatch,0.0,12.5,55/2,0.5217391304347826,1.0,0.35294117647058826,6,17,6,6,0.4419495761394501,0.8827313780784607,0.35
3641,False,numeric_mismatch,0.0,1/2,$\boxed{\frac{3}{4}}$,0.3846153846153846,1.0,0.23809523809523808,5,21,5,5,0.36378857493400574,0.8434404730796814,0.35
3642,False,numeric_mismatch,0.0,7,81,0.4166666666666667,1.0,0.2631578947368421,5,19,5,5,0.4007621109485626,0.7253705263137817,0.35
3643,False,numeric_mismatch,0.0,7,61,0.3181818181818182,1.0,0.1891891891891892,7,37,7,7,0.3507232666015625,0.8876586556434631,0.35
3644,False,numeric_mismatch,0.0,6,167,0.5454545454545454,1.0,0.375,6,16,6,6,0.3985397517681122,0.8434027433395386,0.35
3645,False,numeric_mismatch,0.0,8,18,0.3157894736842105,1.0,0.1875,3,16,3,3,0.45037642121315,0.8009001612663269,0.35
3646,False,numeric_mismatch,0.0,√5,2.5,0.34782608695652173,1.0,0.21052631578947367,4,19,4,4,0.3799758553504944,0.8658541440963745,0.35
3647,True,numeric_rounded,0.9,29,30,0.7499999999999999,1.0,0.6,9,15,9,9,0.4293251931667328,0.9409318566322327,0.35
3648,False,numeric_mismatch,0.0,90,36,0.8125000000000001,1.0,0.6842105263157895,13,19,13,13,0.39170435070991516,0.9562643766403198,0.35
3649,False,numeric_mismatch,0.0,2:5,\frac{4}{25},0.5882352941176471,1.0,0.4166666666666667,5,12,5,5,0.4945928156375885,0.9159260988235474,0.35
3650,True,numeric_exact,1.0,4.14,4.14,0.5714285714285715,1.0,0.4,8,20,8,8,0.4376205801963806,0.8624606728553772,0.35
3651,False,numeric_mismatch,0.0,10,8,0.6666666666666666,1.0,0.5,9,18,9,9,0.5154305100440979,0.9487963318824768,0.35
3652,False,numeric_mismatch,0.0,120,40,0.5714285714285714,0.8571428571428571,0.42857142857142855,7,14,6,6,0.336089164018631,0.7154175043106079,0.35
3653,False,numeric_mismatch,0.0,5,10,0.43750000000000006,1.0,0.28,7,25,7,7,0.3864212930202484,0.8696129322052002,0.35
3654,False,numeric_mismatch,0.0,\sqrt{89},5\sqrt{5},0.33333333333333337,1.0,0.2,5,25,5,5,0.3209535479545593,0.7141815423965454,0.35
3655,False,numeric_mismatch,0.0,5,\frac{9}{5},0.3846153846153846,1.0,0.23809523809523808,5,21,5,5,0.36296695470809937,0.9003920555114746,0.35
3656,True,numeric_rounded,0.9,48,50,0.6666666666666666,1.0,0.5,5,10,5,5,0.5032926797866821,0.8651871085166931,0.35
3657,False,numeric_mismatch,0.0,18,22,0.5925925925925926,1.0,0.42105263157894735,8,19,8,8,0.4478910267353058,0.8439152836799622,0.35
3658,False,placeholder,0.0,insufficient information,\frac{4}{5},0.0,0.0,0.0,0,12,0,0,0.0,0.0,0.0
3659,True,numeric_exact,1.0,70°,70,0.5833333333333334,0.875,0.4375,8,16,7,7,0.36661261320114136,0.9127532839775085,0.35
3660,False,numeric_mismatch,0.0,3,6,0.4,1.0,0.25,5,20,5,5,0.39020058512687683,0.8104473352432251,0.35
3661,False,placeholder,0.0,insufficient information,162,0.0,0.0,0.0,0,22,0,0,0.0,0.0,0.0
3662,False,placeholder,0.0,insufficient information,120,0.0,0.0,0.0,0,23,0,0,0.0,0.0,0.0
3663,False,placeholder,0.0,insufficient information,144,0.0,0.0,0.0,0,19,0,0,0.0,0.0,0.0
3664,True,numeric_exact,1.0,8,8,0.5454545454545454,1.0,0.375,6,16,6,6,0.37638619542121887,0.7776116132736206,0.35
3665,False,placeholder,0.0,insufficient information,24+4\pi,0.0,0.0,0.0,0,12,0,0,0.0,0.0,0.0
3666,False,placeholder,0.0,insufficient information,0,0.0,0.0,0.0,0,21,0,0,0.0,0.0,0.0
3667,True,numeric_exact,1.0,25π,25\pi,0.8000000000000002,0.8,0.8,10,10,8,8,0.445017546415329,0.9061973094940186,0.35
3668,False,numeric_mismatch,0.0,10,\frac{99}{20},0.4615384615384615,1.0,0.3,6,20,6,6,0.36090508103370667,0.7502357363700867,0.35
3669,True,numeric_exact,1.0,30,30,0.2666666666666667,1.0,0.15384615384615385,4,26,4,4,0.43079477548599243,0.8158636689186096,0.35
3670,False,numeric_mismatch,0.0,736,2040,0.64,0.8888888888888888,0.5,9,16,8,8,0.3983367085456848,0.9305539131164551,0.35
3671,False,numeric_mismatch,0.0,18.8,62.8,0.8,1.0,0.6666666666666666,8,12,8,8,0.46928688883781433,0.8930348753929138,0.35
3672,False,numeric_mismatch,0.0,160,80,0.4,1.0,0.25,4,16,4,4,0.3358203172683716,0.7877008318901062,0.35
3673,False,numeric_mismatch,0.0,-8,-2,0.6,1.0,0.42857142857142855,6,14,6,6,0.48140767216682434,0.8533574938774109,0.35
3674,False,numeric_mismatch,0.0,6,\frac{40}{9},0.4799999999999999,1.0,0.3157894736842105,6,19,6,6,0.3737417459487915,0.7248031497001648,0.35
3675,True,numeric_rounded,0.9,360,384,0.6451612903225806,1.0,0.47619047619047616,10,21,10,10,0.44561973214149475,0.8696591854095459,0.35
3676,True,numeric_exact,1.0,14,14,0.47058823529411764,1.0,0.3076923076923077,4,13,4,4,0.4511393904685974,0.8696194887161255,0.35
3677,False,placeholder,0.0,insufficient information,6,0.0,0.0,0.0,0,17,0,0,0.0,0.0,0.0
3678,False,placeholder,0.0,insufficient information,22,0.0,0.0,0.0,0,17,0,0,0.0,0.0,0.0
3679,False,numeric_mismatch,0.0,\frac{7}{25},-\frac{24}{25},0.5833333333333334,1.0,0.4117647058823529,7,17,7,7,0.3801630735397339,0.6474063396453857,0.35
3680,False,placeholder,0.0,insufficient information,6,0.0,0.0,0.0,0,23,0,0,0.0,0.0,0.0
3681,False,numeric_mismatch,0.0,14,21,0.5185185185185185,1.0,0.35,7,20,7,7,0.342551052570343,0.7104556560516357,0.35
3682,False,placeholder,0.0,insufficient information,72,0.0,0.0,0.0,0,12,0,0,0.0,0.0,0.0
3683,False,numeric_mismatch,0.0,1/3,\frac{69}{125},0.5,1.0,0.3333333333333333,6,18,6,6,0.442221999168396,0.7989227175712585,0.35
3684,False,numeric_mismatch,0.0,33,28,0.5263157894736842,1.0,0.35714285714285715,5,14,5,5,0.37599366903305054,0.8051143288612366,0.35
3685,False,numeric_mismatch,0.0,8,4+\sqrt{2},0.5,1.0,0.3333333333333333,6,18,6,6,0.4611766040325165,0.9759020805358887,0.35
3686,False,placeholder,0.0,insufficient information,144,0.0,0.0,0.0,0,18,0,0,0.0,0.0,0.0
3687,False,numeric_mismatch,0.0,6,9,0.6956521739130436,1.0,0.5333333333333333,8,15,8,8,0.33887779712677,0.7938549518585205,0.35
3688,True,numeric_exact,1.0,4,4\sqrt{2},0.6666666666666666,1.0,0.5,5,10,5,5,0.4639323055744171,0.9279770851135254,0.35
3689,False,placeholder,0.0,insufficient information,45^2,0.0,0.0,0.0,0,18,0,0,0.0,0.0,0.0
3690,True,numeric_exact,1.0,\frac{1}{4},\frac{1}{2},0.4444444444444445,1.0,0.2857142857142857,6,21,6,6,0.48853135108947754,0.8112982511520386,0.35
3691,True,numeric_exact,1.0,10,10,0.5714285714285715,1.0,0.4,6,15,6,6,0.3966999351978302,0.9694140553474426,0.35
3692,False,numeric_mismatch,0.0,32,24,0.5333333333333333,1.0,0.36363636363636365,4,11,4,4,0.440263569355011,0.757081925868988,0.35
3693,False,placeholder,0.0,insufficient information,525\pi,0.0,0.0,0.0,0,18,0,0,0.0,0.0,0.0
3694,False,numeric_mismatch,0.0,76,90,0.4347826086956522,1.0,0.2777777777777778,5,18,5,5,0.3115529716014862,0.6819378733634949,0.35
3695,False,numeric_mismatch,0.0,9,12,0.8750000000000001,1.0,0.7777777777777778,14,18,14,14,0.3703479468822479,0.8614462018013,0.35
3696,False,numeric_mismatch,0.0,60,75,0.4347826086956522,1.0,0.2777777777777778,5,18,5,5,0.5373352766036987,0.8439173102378845,0.35
3697,False,placeholder,0.0,insufficient information,18,0.0,0.0,0.0,0,18,0,0,0.0,0.0,0.0
3698,True,numeric_exact,1.0,15,15,0.7499999999999999,1.0,0.6,6,10,6,6,0.4271998703479767,0.7992347478866577,0.35
3699,False,numeric_mismatch,0.0,18,9,0.6363636363636364,1.0,0.4666666666666667,7,15,7,7,0.4485185146331787,0.8968815803527832,0.35
3700,False,placeholder,0.0,insufficient information,4,0.0,0.0,0.0,0,14,0,0,0.0,0.0,0.0
3701,True,numeric_exact,1.0,1:2,1:2,0.5384615384615384,1.0,0.3684210526315789,7,19,7,7,0.4456077516078949,0.9346022009849548,0.35
3702,False,numeric_mismatch,0.0,306,126,0.47058823529411764,1.0,0.3076923076923077,4,13,4,4,0.4975694417953491,0.7755396366119385,0.35
3703,False,placeholder,0.0,insufficient information,10,0.0,0.0,0.0,0,14,0,0,0.0,0.0,0.0
3704,False,placeholder,0.0,insufficient information,180,0.0,0.0,0.0,0,14,0,0,0.0,0.0,0.0
3705,False,placeholder,0.0,insufficient information,\frac{3}{8},0.0,0.0,0.0,0,14,0,0,0.0,0.0,0.0
3706,False,numeric_mismatch,0.0,2880π,27000-4500\pi,0.5555555555555556,1.0,0.38461538461538464,5,13,5,5,0.5636951327323914,0.9400013089179993,0.35
3707,False,placeholder,0.0,insufficient information,8\pi,0.0,0.0,0.0,0,17,0,0,0.0,0.0,0.0
3708,False,placeholder,0.0,insufficient information,2\sqrt{3},0.0,0.0,0.0,0,22,0,0,0.0,0.0,0.0
3709,False,placeholder,0.0,insufficient information,68,0.0,0.0,0.0,0,20,0,0,0.0,0.0,0.0
3710,True,numeric_exact,1.0,96,96\sqrt{3},0.6923076923076923,0.9,0.5625,10,16,9,9,0.40278929471969604,0.7942371368408203,0.35
3711,False,numeric_mismatch,0.0,138 degrees,69{degrees},0.6086956521739131,1.0,0.4375,7,16,7,7,0.5085572600364685,0.8937497735023499,0.35
3712,False,numeric_mismatch,0.0,360,72+72\sqrt{2},0.5,0.8571428571428571,0.35294117647058826,7,17,6,6,0.36249613761901855,0.8508727550506592,0.35
3713,False,placeholder,0.0,insufficient information,224,0.0,0.0,0.0,0,17,0,0,0.0,0.0,0.0
3714,False,numeric_mismatch,0.0,12,8,0.33333333333333337,1.0,0.2,5,25,5,5,0.41172492504119873,0.776399552822113,0.35
3715,True,numeric_exact,1.0,45 degrees,45,0.6,1.0,0.42857142857142855,6,14,6,6,0.513046145439148,0.833982527256012,0.35
3716,False,placeholder,0.0,insufficient information,52,0.0,0.0,0.0,0,17,0,0,0.0,0.0,0.0
3717,False,numeric_mismatch,0.0,1/4,\frac{3}{16},0.24000000000000002,1.0,0.13636363636363635,3,22,3,3,0.429578572511673,0.7160825729370117,0.35
3718,False,numeric_mismatch,0.0,4π,2\pi,0.6,1.0,0.42857142857142855,6,14,6,6,0.5169686079025269,0.7952658534049988,0.35
3719,False,numeric_mismatch,0.0,"(-3,4)","(3,-4)",0.5,1.0,0.3333333333333333,3,9,3,3,0.5262922048568726,0.8917593359947205,0.35
3720,False,numeric_mismatch,0.0,1/2,\frac{2}{5},0.6666666666666666,1.0,0.5,6,12,6,6,0.5862993001937866,0.8997927308082581,0.35
3721,False,numeric_mismatch,0.0,The equation of the circle passing through all three vertices is $x^2 + y^2 + 2x - 2y - 10 = 0$.,13,0.787878787878788,1.0,0.65,13,20,13,13,0.3893532454967499,0.8036978840827942,0.35
3722,False,placeholder,0.0,insufficient information,84,0.0,0.0,0.0,0,14,0,0,0.0,0.0,0.0
3723,False,numeric_mismatch,0.0,3.7,1.4,0.6153846153846153,1.0,0.4444444444444444,8,18,8,8,0.39882928133010864,0.8708561658859253,0.35
3724,False,numeric_mismatch,0.0,48,40,0.625,0.625,0.625,16,16,10,10,0.34670764207839966,0.7741502523422241,0.35
3725,False,numeric_mismatch,0.0,10,15,0.5714285714285715,1.0,0.4,6,15,6,6,0.3482230305671692,0.7132400870323181,0.35
3726,False,numeric_mismatch,0.0,104,144,0.5454545454545454,1.0,0.375,6,16,6,6,0.42564287781715393,0.8362264037132263,0.35
3727,False,placeholder,0.0,insufficient information,45,0.0,0.0,0.0,0,26,0,0,0.0,0.0,0.0
3728,True,numeric_exact,1.0,3,3,0.5,1.0,0.3333333333333333,4,12,4,4,0.4420664310455322,0.812239408493042,0.35
3729,False,numeric_mismatch,0.0,312π,96\pi+120,0.7499999999999999,1.0,0.6,9,15,9,9,0.4477842450141907,0.767772376537323,0.35
3730,False,placeholder,0.0,insufficient information,6\sqrt{2},0.0,0.0,0.0,0,14,0,0,0.0,0.0,0.0
3731,False,placeholder,0.0,insufficient information,72,0.0,0.0,0.0,0,12,0,0,0.0,0.0,0.0
3732,False,numeric_mismatch,0.0,5,\sqrt{34},0.6399999999999999,1.0,0.47058823529411764,8,17,8,8,0.34799620509147644,0.8894727826118469,0.35
3733,False,numeric_mismatch,0.0,1/2,\frac{5}{16},0.4347826086956522,1.0,0.2777777777777778,5,18,5,5,0.4191092550754547,0.8986345529556274,0.35
3734,False,numeric_mismatch,0.0,7n^2 + 16n + 9,24,0.5925925925925926,0.7272727272727273,0.5,11,16,8,8,0.3193339407444,0.8616235852241516,0.35
3735,False,placeholder,0.0,insufficient information,34,0.0,0.0,0.0,0,13,0,0,0.0,0.0,0.0
3736,False,numeric_mismatch,0.0,60,45,0.4444444444444445,1.0,0.2857142857142857,4,14,4,4,0.42739418148994446,0.8457702994346619,0.35
3737,False,numeric_mismatch,0.0,18,47,0.4166666666666667,1.0,0.2631578947368421,5,19,5,5,0.38198167085647583,0.724358856678009,0.35
3738,True,numeric_exact,1.0,1/4,\frac{1}{2},0.6086956521739131,1.0,0.4375,7,16,7,7,0.43076086044311523,0.8143812417984009,0.35
3739,False,numeric_mismatch,0.0,18,68,0.5217391304347826,1.0,0.35294117647058826,6,17,6,6,0.45610547065734863,0.9566776156425476,0.35
3740,False,numeric_mismatch,0.0,70,84,0.4615384615384615,1.0,0.3,6,20,6,6,0.45806261897087097,0.7471297979354858,0.35
3741,False,placeholder,0.0,insufficient information,\sqrt{22},0.0,0.0,0.0,0,12,0,0,0.0,0.0,0.0
3742,False,numeric_mismatch,0.0,6.25,\frac{25}{3},0.6206896551724138,1.0,0.45,9,20,9,9,0.4023544192314148,0.9041910767555237,0.35
3743,False,placeholder,0.0,insufficient information,39,0.0,0.0,0.0,0,16,0,0,0.0,0.0,0.0
3744,False,placeholder,0.0,insufficient information,\frac{3}{5},0.0,0.0,0.0,0,17,0,0,0.0,0.0,0.0
3745,False,numeric_mismatch,0.0,60,45,0.4347826086956522,1.0,0.2777777777777778,5,18,5,5,0.3837280571460724,0.8188568353652954,0.35
3746,False,numeric_mismatch,0.0,4√17,12,0.4166666666666667,1.0,0.2631578947368421,5,19,5,5,0.35848337411880493,0.741141140460968,0.35
3747,False,placeholder,0.0,insufficient information,\frac{\sqrt{21}}{5},0.0,0.0,0.0,0,15,0,0,0.0,0.0,0.0
3748,False,numeric_mismatch,0.0,16,45,0.5217391304347826,1.0,0.35294117647058826,6,17,6,6,0.42700472474098206,0.8624818325042725,0.35
3749,False,placeholder,0.0,insufficient information,55,0.0,0.0,0.0,0,12,0,0,0.0,0.0,0.0
3750,False,placeholder,0.0,insufficient information,3,0.0,0.0,0.0,0,11,0,0,0.0,0.0,0.0
3751,False,numeric_mismatch,0.0,8,22+12\sqrt{2},0.5217391304347826,1.0,0.35294117647058826,6,17,6,6,0.47896629571914673,0.7826479077339172,0.35
3752,True,numeric_exact,1.0,2√3,2\sqrt{3}-2,0.782608695652174,1.0,0.6428571428571429,9,14,9,9,0.3698752224445343,0.8264932632446289,0.35
3753,False,placeholder,0.0,insufficient information,\frac{360}7,0.0,0.0,0.0,0,14,0,0,0.0,0.0,0.0
3754,False,placeholder,0.0,insufficient information,24,0.0,0.0,0.0,0,13,0,0,0.0,0.0,0.0
3755,False,placeholder,0.0,insufficient information,7,0.0,0.0,0.0,0,17,0,0,0.0,0.0,0.0
3756,True,numeric_rounded,0.85,1004.8,900\pi,0.6956521739130436,1.0,0.5333333333333333,8,15,8,8,0.4740094542503357,0.8512604832649231,0.35
3757,False,placeholder,0.0,insufficient information,28,0.0,0.0,0.0,0,17,0,0,0.0,0.0,0.0
3758,False,numeric_mismatch,0.0,90,180,0.4,1.0,0.25,3,12,3,3,0.4483376145362854,0.6740899085998535,0.35
3759,False,numeric_mismatch,0.0,60,120,0.4210526315789474,1.0,0.26666666666666666,4,15,4,4,0.5307212471961975,0.8231569528579712,0.35
3760,False,numeric_mismatch,0.0,8,4\pi-2\sqrt{3},0.38095238095238093,1.0,0.23529411764705882,4,17,4,4,0.4683198630809784,0.8841106295585632,0.35
3761,False,placeholder,0.0,insufficient information,30,0.0,0.0,0.0,0,20,0,0,0.0,0.0,0.0
3762,False,numeric_mismatch,0.0,1:3,\frac{11}{7},0.5833333333333334,1.0,0.4117647058823529,7,17,7,7,0.4587754011154175,0.8565390706062317,0.35
3763,False,placeholder,0.0,insufficient information,90,0.0,0.0,0.0,0,17,0,0,0.0,0.0,0.0
3764,False,numeric_mismatch,0.0,32π,8\pi-16,0.5454545454545454,1.0,0.375,6,16,6,6,0.42210784554481506,0.8356854319572449,0.35
3765,True,exact,0.7,\( \pi (2 + 2)^2 - \pi (2)^2 = 16\pi - 4\pi = 12\pi \),\pi,0.4347826086956522,1.0,0.2777777777777778,5,18,5,5,0.42207303643226624,0.8682299852371216,0.35
3766,False,numeric_mismatch,0.0,3,4,0.33333333333333337,1.0,0.2,4,20,4,4,0.39488714933395386,0.7411479353904724,0.35
3767,False,numeric_mismatch,0.0,10.86,3\sqrt{3},0.4,1.0,0.25,5,20,5,5,0.4336715638637543,0.7910686135292053,0.35
3768,False,placeholder,0.0,insufficient information,256\pi,0.0,0.0,0.0,0,17,0,0,0.0,0.0,0.0
3769,True,numeric_rounded,0.85,1984,2304,0.5454545454545454,1.0,0.375,6,16,6,6,0.47630536556243896,0.8119400143623352,0.35
3770,False,placeholder,0.0,insufficient information,145,0.0,0.0,0.0,0,14,0,0,0.0,0.0,0.0
3771,False,placeholder,0.0,insufficient information,8\sqrt{3}{squareinches},0.0,0.0,0.0,0,14,0,0,0.0,0.0,0.0
3772,False,numeric_mismatch,0.0,7,\frac{3}{4}\pi{inches},0.4347826086956522,1.0,0.2777777777777778,5,18,5,5,0.3032066226005554,0.7513846158981323,0.35
3773,False,placeholder,0.0,insufficient information,48\pi,0.0,0.0,0.0,0,18,0,0,0.0,0.0,0.0
3774,False,numeric_mismatch,0.0,12,8,0.5925925925925926,1.0,0.42105263157894735,8,19,8,8,0.4044424295425415,0.8483942151069641,0.35
3775,False,numeric_mismatch,0.0,32,\frac{224\sqrt{3}}{3},0.43750000000000006,1.0,0.28,7,25,7,7,0.2915179431438446,0.8508017063140869,0.35
3776,False,numeric_mismatch,0.0,110,35,0.5714285714285715,1.0,0.4,8,20,8,8,0.5135577917098999,0.903266429901123,0.35
3777,False,placeholder,0.0,insufficient information,\frac{4}{3},0.0,0.0,0.0,0,13,0,0,0.0,0.0,0.0
3778,False,numeric_mismatch,0.0,36,11.5,0.25641025641025644,1.0,0.14705882352941177,5,34,5,5,0.2959491014480591,0.7220078110694885,0.35
3779,False,numeric_mismatch,0.0,25%,75,0.7878787878787878,0.9285714285714286,0.6842105263157895,14,19,13,13,0.3756851553916931,0.9451830983161926,0.35
3780,False,numeric_mismatch,0.0,3.9,1.3,0.4347826086956522,1.0,0.2777777777777778,5,18,5,5,0.398965060710907,0.8929761648178101,0.35
3781,False,numeric_mismatch,0.0,80 m,160,0.2926829268292683,1.0,0.17142857142857143,6,35,6,6,0.33613353967666626,0.8820748925209045,0.35
3782,True,numeric_rounded,0.9,76,81,0.8387096774193548,1.0,0.7222222222222222,13,18,13,13,0.44086581468582153,0.8532301783561707,0.35
3783,False,numeric_mismatch,0.0,20 degrees,90,0.33333333333333337,1.0,0.2,5,25,5,5,0.4546701908111572,0.8185229301452637,0.35
3784,True,numeric_exact,1.0,54,54,0.7000000000000001,1.0,0.5384615384615384,7,13,7,7,0.38055676221847534,0.9224835634231567,0.35
3785,True,numeric_rounded,0.85,6,7,0.5,1.0,0.3333333333333333,6,18,6,6,0.34828126430511475,0.7471877336502075,0.35
3786,False,placeholder,0.0,insufficient information,15,0.0,0.0,0.0,0,20,0,0,0.0,0.0,0.0
3787,True,numeric_exact,1.0,1:2,\frac{1}{3},0.5454545454545454,1.0,0.375,6,16,6,6,0.4442106783390045,0.8155409097671509,0.35
3788,True,numeric_rounded,0.85,18,\frac{21}{8},0.6,1.0,0.42857142857142855,9,21,9,9,0.3534238338470459,0.9071462154388428,0.35
3789,False,placeholder,0.0,insufficient information,\frac{40}{3},0.0,0.0,0.0,0,21,0,0,0.0,0.0,0.0
3790,False,placeholder,0.0,insufficient information,24,0.0,0.0,0.0,0,14,0,0,0.0,0.0,0.0
3791,False,placeholder,0.0,insufficient information,17700,0.0,0.0,0.0,0,15,0,0,0.0,0.0,0.0
3792,False,placeholder,0.0,insufficient information,\frac{3}{4},0.0,0.0,0.0,0,16,0,0,0.0,0.0,0.0
3793,True,numeric_exact,1.0,30,30,0.5454545454545454,1.0,0.375,6,16,6,6,0.4993717670440674,0.8456107974052429,0.35
3794,False,numeric_mismatch,0.0,12,18,0.4166666666666667,1.0,0.2631578947368421,5,19,5,5,0.3587644398212433,0.8898446559906006,0.35
3795,False,numeric_mismatch,0.0,20 degrees,70,0.4347826086956522,1.0,0.2777777777777778,5,18,5,5,0.3961483836174011,0.8251847624778748,0.35
3796,False,placeholder,0.0,insufficient information,50,0.0,0.0,0.0,0,12,0,0,0.0,0.0,0.0
3797,False,placeholder,0.0,insufficient information,54,0.0,0.0,0.0,0,13,0,0,0.0,0.0,0.0
3798,False,numeric_mismatch,0.0,110 degrees,70,0.47058823529411764,1.0,0.3076923076923077,4,13,4,4,0.5018672347068787,0.7718915343284607,0.35
3799,False,numeric_mismatch,0.0,80,140,0.6399999999999999,1.0,0.47058823529411764,8,17,8,8,0.4372420608997345,0.7544995546340942,0.35
3800,False,placeholder,0.0,insufficient information,8-2\pi,0.0,0.0,0.0,0,17,0,0,0.0,0.0,0.0
3801,False,placeholder,0.0,insufficient information,54,0.0,0.0,0.0,0,16,0,0,0.0,0.0,0.0
3802,True,numeric_rounded,0.85,1088π,1250\pi,0.4615384615384615,1.0,0.3,6,20,6,6,0.4209699332714081,0.8679172992706299,0.35
3803,False,placeholder,0.0,insufficient information,5,0.0,0.0,0.0,0,13,0,0,0.0,0.0,0.0
3804,False,numeric_mismatch,0.0,16,55,0.48484848484848486,1.0,0.32,8,25,8,8,0.40367409586906433,0.9517322778701782,0.35
3805,True,numeric_exact,1.0,how steady a parachute with a 1 m vent was at 200 km per hour,how steady a parachute with a 1 m vent was at 200 km per hour,0.42857142857142855,1.0,0.2727272727272727,3,11,3,3,0.3935658037662506,0.7509586811065674,0.35
3806,True,exact,1.0,New Hampshire,New Hampshire,0.5,1.0,0.3333333333333333,4,12,4,4,0.3653179407119751,0.6019278764724731,0.35
3807,True,exact,1.0,mushroom,mushroom,0.33333333333333337,1.0,0.2,3,15,3,3,0.5384950041770935,0.9464761018753052,0.35
3808,False,numeric_mismatch,0.0,2:2,4:0,0.39999999999999997,0.75,0.2727272727272727,4,11,3,3,0.31406667828559875,0.846480131149292,0.35
3809,False,exact,1.0,shiny,opaque,0.0,0.0,0.0,3,12,0,0,0.1419079601764679,0.3191549777984619,0.35
3810,False,numeric_mismatch,0.0,The magnitude of the magnetic force is smaller in Pair 1.,The magnitude of the magnetic force is smaller in Pair 2.,0.8,1.0,0.6666666666666666,4,6,4,4,0.6046480536460876,0.8169786334037781,0.35
3811,True,exact,1.0,Cheyenne,Cheyenne,0.36363636363636365,0.6666666666666666,0.25,3,8,2,2,0.39044323563575745,0.9254661798477173,0.35
3812,True,yes_no,1.0,false,false,0.625,1.0,0.45454545454545453,5,11,5,5,0.4894292652606964,0.8568662405014038,0.35
3813,True,exact,1.0,copepod,copepod,0.7142857142857143,1.0,0.5555555555555556,5,9,5,5,0.4741646647453308,0.8913326263427734,0.35
3814,True,numeric_exact,1.0,The magnetic force is stronger in Pair 1.,The magnetic force is stronger in Pair 1.,0.9090909090909091,1.0,0.8333333333333334,5,6,5,5,0.5965869426727295,0.8675866723060608,0.35
3815,True,exact,1.0,It has year-round rain. It also has soil that is poor in nutrients.,It has year-round rain. It also has soil that is poor in nutrients.,0.6153846153846153,1.0,0.4444444444444444,4,9,4,4,0.4456595778465271,0.7842292785644531,0.35
3816,True,exact,1.0,Dover,Dover,0.5454545454545454,1.0,0.375,3,8,3,3,0.41395628452301025,0.8171061873435974,0.35
3817,True,exact,1.0,Maine,Maine,0.7368421052631577,0.7,0.7777777777777778,10,9,7,7,0.4057704210281372,0.9587839245796204,0.35
3818,True,exact,1.0,Greta can trade her tomatoes for Allie's broccoli.,Greta can trade her tomatoes for Allie's broccoli.,0.7272727272727273,1.0,0.5714285714285714,4,7,4,4,0.4645746350288391,0.9438937306404114,0.35
3819,True,exact,1.0,Denver,Denver,0.6666666666666666,1.0,0.5,3,6,3,3,0.5557265281677246,0.8854811191558838,0.35
3820,True,exact,1.0,Asia,Asia,0.5,1.0,0.3333333333333333,3,9,3,3,0.46796730160713196,0.6990841031074524,0.35
3821,True,exact,1.0,Do cardinals visit feeders containing sunflower seeds more often than feeders containing flax seeds?,Do cardinals visit feeders containing sunflower seeds more often than feeders containing flax seeds?,0.4210526315789474,1.0,0.26666666666666666,4,15,4,4,0.28974372148513794,0.7282246351242065,0.35
3822,True,exact,1.0,brick,brick,0.4,1.0,0.25,3,12,3,3,0.3839603662490845,0.7826987504959106,0.35
3823,False,exact,0.3,American Robin,ostrich,0.5,1.0,0.3333333333333333,3,9,3,3,0.42287561297416687,0.7340129613876343,0.35
3824,True,exact,1.0,blue,blue,0.26666666666666666,0.6666666666666666,0.16666666666666666,3,12,2,2,0.22592473030090332,0.5732160210609436,0.35
3825,True,exact,1.0,the number of days until a seed germinated,the number of days until a seed germinated,0.5454545454545454,0.6,0.5,5,6,3,3,0.28430888056755066,0.9657469987869263,0.35
3826,True,exact,1.0,Jackson,Jackson,0.4615384615384615,1.0,0.3,3,10,3,3,0.3774934709072113,0.9272043704986572,0.35
3827,True,exact,1.0,stretchy,stretchy,0.4,1.0,0.25,3,12,3,3,0.3050386905670166,0.6096681356430054,0.35
3828,True,yes_no,1.0,yes,yes,0.47058823529411764,1.0,0.3076923076923077,4,13,4,4,0.4202876389026642,0.9226270914077759,0.35
3829,False,numeric_mismatch,0.0,2:2,4:0,0.5333333333333333,1.0,0.36363636363636365,4,11,4,4,0.3835417926311493,0.6663410067558289,0.35
3830,False,exact,0.3,if at least 20% of the park would be shaded by trees in each design,which design would have the greatest distance between the concert area and the road,0.3333333333333333,0.5,0.25,4,8,2,2,0.2571367621421814,0.6534786820411682,0.35
3831,True,exact,1.0,repel,repel,0.6,1.0,0.42857142857142855,3,7,3,3,0.5298897624015808,0.7809388041496277,0.35
3832,True,exact,1.0,Hartford,Hartford,0.36363636363636365,0.6666666666666666,0.25,3,8,2,2,0.41379961371421814,0.8620362281799316,0.35
3833,True,exact,1.0,the Indian Ocean,the Indian Ocean,0.2666666666666667,1.0,0.15384615384615385,2,13,2,2,0.5375789999961853,0.8770602345466614,0.35
3834,True,exact,1.0,It has many different types of organisms.,It has many different types of organisms.,0.5,1.0,0.3333333333333333,3,9,3,3,0.33323928713798523,0.6311923861503601,0.35
3835,True,exact,1.0,fragile,fragile,0.22222222222222224,0.5,0.14285714285714285,4,14,2,2,0.18827037513256073,0.520160973072052,0.35
3836,True,exact,1.0,bromine,bromine,0.4615384615384615,1.0,0.3,3,10,3,3,0.3932388126850128,0.8240301609039307,0.35
3837,True,exact,1.0,Pelecanus rufescens,Pelecanus rufescens,0.6666666666666666,0.8,0.5714285714285714,5,7,4,4,0.42655858397483826,0.8945640325546265,0.35
3838,True,exact,0.7,B) Bismarck,Bismarck,0.5,1.0,0.3333333333333333,3,9,3,3,0.4608372449874878,0.9435144662857056,0.35
3839,True,exact,1.0,Do cardinals visit feeders containing sunflower seeds more often than feeders containing flax seeds?,Do cardinals visit feeders containing sunflower seeds more often than feeders containing flax seeds?,0.6153846153846153,1.0,0.4444444444444444,4,9,4,4,0.3097513020038605,0.7290158271789551,0.35
3840,True,exact,1.0,Boston,Boston,0.42857142857142855,1.0,0.2727272727272727,3,11,3,3,0.4010750651359558,0.7904124855995178,0.35
3841,True,exact,1.0,short-tailed weasel,short-tailed weasel,0.5714285714285715,1.0,0.4,4,10,4,4,0.4245551526546478,0.8348435759544373,0.35
3842,True,exact,1.0,Ardea herodias,Ardea herodias,0.6666666666666666,1.0,0.5,4,8,4,4,0.5291537046432495,0.9809202551841736,0.35
3843,False,exact,0.3,Saint Vincent and the Grenadines,Saint Lucia,0.35294117647058826,1.0,0.21428571428571427,3,14,3,3,0.4892284870147705,0.900997519493103,0.35
3844,False,exact,1.0,repel,attract,0.5,1.0,0.3333333333333333,3,9,3,3,0.4831571877002716,0.7803252339363098,0.35
3845,True,yes_no,1.0,no,no,0.36363636363636365,0.2857142857142857,0.5,7,4,2,2,0.2044955939054489,0.44487476348876953,0.35
3846,False,exact,1.0,climate,weather,0.4,0.6666666666666666,0.2857142857142857,3,7,2,2,0.3466908931732178,0.5980809330940247,0.35
3847,True,exact,1.0,Nauru,Nauru,0.5714285714285715,1.0,0.4,4,10,4,4,0.4351586401462555,0.7667334079742432,0.35
3848,True,exact,0.7,pathos,pathos (emotion),0.2222222222222222,0.3333333333333333,0.16666666666666666,3,6,1,1,0.18673810362815857,0.5081713795661926,0.35
3849,True,exact,1.0,Surinam horned frog,Surinam horned frog,0.6,1.0,0.42857142857142855,3,7,3,3,0.35593119263648987,0.5277653336524963,0.35
3850,True,exact,1.0,Does linen fabric turn darker than cotton fabric when soaked in a mixture of black dye and water?,Does linen fabric turn darker than cotton fabric when soaked in a mixture of black dye and water?,0.4,1.0,0.25,3,12,3,3,0.4400973916053772,0.6821451187133789,0.35
3851,True,numeric_exact,1.0,The magnetic force is stronger in Pair 2.,The magnetic force is stronger in Pair 2.,0.47058823529411764,1.0,0.3076923076923077,4,13,4,4,0.6572304964065552,0.938459575176239,0.35
3852,True,exact,1.0,Olympia,Olympia,0.36363636363636365,0.6666666666666666,0.25,3,8,2,2,0.3586146831512451,0.8023870587348938,0.35
3853,True,exact,1.0,neither; their concentrations are the same,neither; their concentrations are the same,0.7499999999999999,1.0,0.6,3,5,3,3,0.5210930705070496,0.8341158628463745,0.35
3854,True,exact,1.0,Argema mittrei,Argema mittrei,0.4615384615384615,1.0,0.3,3,10,3,3,0.4288657605648041,0.9589333534240723,0.35
3855,True,exact,1.0,smooth,smooth,0.13333333333333333,0.25,0.09090909090909091,4,11,1,1,0.21276584267616272,0.5307765007019043,0.35
3856,True,exact,1.0,Asia,Asia,0.375,1.0,0.23076923076923078,3,13,3,3,0.47137969732284546,0.880908727645874,0.35
3857,True,exact,1.0,New Hampshire,New Hampshire,0.6666666666666666,1.0,0.5,8,16,8,8,0.32433760166168213,0.8889824151992798,0.35
3858,True,exact,1.0,The magnitude of the magnetic force is the same in both pairs.,The magnitude of the magnetic force is the same in both pairs.,0.5714285714285715,1.0,0.4,4,10,4,4,0.48493772745132446,0.7579970955848694,0.35
3859,True,exact,1.0,Eurasian spoonbill,Eurasian spoonbill,0.4615384615384615,1.0,0.3,3,10,3,3,0.4618445634841919,0.875690758228302,0.35
3860,True,exact,0.7,Sandstone,Sandstone forms from layers of sand.,0.6666666666666666,1.0,0.5,4,8,4,4,0.4681521952152252,0.9253085255622864,0.35
3861,True,exact,1.0,toward Coco,toward Coco,0.30769230769230765,0.6666666666666666,0.2,3,10,2,2,0.3607619106769562,0.9015010595321655,0.35
3862,True,exact,1.0,Honolulu,Honolulu,0.6,1.0,0.42857142857142855,3,7,3,3,0.4180585443973541,0.9171263575553894,0.35
3863,True,exact,1.0,Olympia,Olympia,0.5,1.0,0.3333333333333333,3,9,3,3,0.3631221354007721,0.9065487384796143,0.35
3864,True,numeric_exact,1.0,4/4,4/4,0.6666666666666666,1.0,0.5,5,10,5,5,0.38165584206581116,0.8269698023796082,0.35
3865,True,exact,1.0,Oklahoma City,Oklahoma City,0.42857142857142855,1.0,0.2727272727272727,3,11,3,3,0.47598519921302795,0.9037047624588013,0.35
3866,True,numeric_exact,1.0,Do ping pong balls travel farther when launched from a 30° angle compared to a 45° angle?,Do ping pong balls travel farther when launched from a 30° angle compared to a 45° angle?,0.5,1.0,0.3333333333333333,4,12,4,4,0.42691755294799805,0.7987715601921082,0.35
3867,True,exact,1.0,an elementary substance,an elementary substance,0.47058823529411764,1.0,0.3076923076923077,4,13,4,4,0.5011861324310303,0.8894757032394409,0.35
3868,True,exact,1.0,South Carolina,South Carolina,0.5454545454545454,1.0,0.375,3,8,3,3,0.4065288007259369,0.73755943775177,0.35
3869,True,exact,1.0,Topeka,Topeka,0.6,1.0,0.42857142857142855,3,7,3,3,0.4644966721534729,0.9001597166061401,0.35
3870,True,exact,1.0,Africa,Africa,0.4615384615384615,1.0,0.3,3,10,3,3,0.5420206189155579,0.8131501078605652,0.35
3871,True,exact,1.0,Does Linda's snowboard slide down a hill in less time when it has a layer of wax or when it does not have a layer of wax?,Does Linda's snowboard slide down a hill in less time when it has a layer of wax or when it does not have a layer of wax?,0.21052631578947367,0.6666666666666666,0.125,3,16,2,2,0.14888796210289001,0.6344573497772217,0.35
3872,True,exact,1.0,Carson City,Carson City,0.5454545454545454,1.0,0.375,3,8,3,3,0.5050926804542542,0.9456137418746948,0.35
3873,True,exact,1.0,Maryland,Maryland,0.42857142857142855,1.0,0.2727272727272727,3,11,3,3,0.4090877175331116,0.5580388903617859,0.35
3874,True,exact,1.0,Santa Fe,Santa Fe,0.5454545454545454,1.0,0.375,3,8,3,3,0.4208044111728668,0.9145020842552185,0.35
3875,True,exact,1.0,South America,South America,0.23529411764705882,1.0,0.13333333333333333,2,15,2,2,0.49993813037872314,0.833551824092865,0.35
3876,True,exact,1.0,repel,repel,0.6666666666666666,1.0,0.5,3,6,3,3,0.49609076976776123,0.8752405643463135,0.35
3877,True,exact,1.0,three-toed sloth,three-toed sloth,0.4615384615384615,0.6,0.375,5,8,3,3,0.37914735078811646,0.9718092083930969,0.35
3878,True,exact,1.0,parasitic,parasitic,0.47058823529411764,1.0,0.3076923076923077,4,13,4,4,0.48989593982696533,0.9545849561691284,0.35
3879,True,exact,1.0,Sacramento,Sacramento,0.5714285714285715,0.6666666666666666,0.5,3,4,2,2,0.36208799481391907,0.9302550554275513,0.35
3880,True,exact,1.0,sticky,sticky,0.42857142857142855,1.0,0.2727272727272727,3,11,3,3,0.3029061555862427,0.7100569009780884,0.35
3881,False,exact,0.3,sea cucumber,bat star,0.2666666666666667,1.0,0.15384615384615385,2,13,2,2,0.2960360646247864,0.5044718980789185,0.35
3882,True,exact,1.0,rock,rock,0.3157894736842105,1.0,0.1875,3,16,3,3,0.5414739847183228,0.8734352588653564,0.35
3883,True,exact,1.0,a compound,a compound,0.47058823529411764,1.0,0.3076923076923077,4,13,4,4,0.5198953747749329,0.8588070869445801,0.35
3884,True,exact,1.0,Providence,Providence,0.5454545454545454,1.0,0.375,3,8,3,3,0.44033145904541016,0.8872405886650085,0.35
3885,True,exact,1.0,Gavia immer,Gavia immer,0.2666666666666667,1.0,0.15384615384615385,2,13,2,2,0.37423175573349,0.8673244714736938,0.35
3886,True,exact,1.0,Oregon,Oregon,0.6666666666666667,0.8333333333333334,0.5555555555555556,6,9,5,5,0.38145288825035095,0.8191697597503662,0.35
3887,True,exact,1.0,yellow,yellow,0.4444444444444445,1.0,0.2857142857142857,4,14,4,4,0.29880231618881226,0.7211006879806519,0.35
3888,True,exact,1.0,It has many evergreen trees.,It has many evergreen trees.,0.4615384615384615,1.0,0.3,3,10,3,3,0.4231501817703247,0.671042263507843,0.35
3889,False,exact,0.3,brown lemming,mushroom,0.37499999999999994,0.6,0.2727272727272727,5,11,3,3,0.2886948883533478,0.6087974905967712,0.35
3890,True,exact,1.0,repel,repel,0.6666666666666666,1.0,0.5,4,8,4,4,0.4737953543663025,0.8004070520401001,0.35
3891,True,exact,1.0,New York,New York,0.42857142857142855,1.0,0.2727272727272727,3,11,3,3,0.4205206036567688,0.6377453804016113,0.35
3892,True,exact,1.0,barn swallow,barn swallow,0.42857142857142855,1.0,0.2727272727272727,3,11,3,3,0.49576684832572937,0.8049259781837463,0.35
3893,True,exact,1.0,sample A,sample A,0.5263157894736842,1.0,0.35714285714285715,5,14,5,5,0.4771471917629242,0.9718905687332153,0.35
3894,True,exact,1.0,Hartford,Hartford,0.5,1.0,0.3333333333333333,3,9,3,3,0.43638893961906433,0.9005774259567261,0.35
3895,True,exact,1.0,Columbus,Columbus,0.375,1.0,0.23076923076923078,3,13,3,3,0.44671541452407837,0.8087021112442017,0.35
3896,True,exact,1.0,rock,rock,0.5,1.0,0.3333333333333333,4,12,4,4,0.5665762424468994,0.9057950973510742,0.35
3897,True,exact,1.0,Some of the grass on the ground is burning.,Some of the grass on the ground is burning.,0.3076923076923077,1.0,0.18181818181818182,2,11,2,2,0.45265042781829834,0.9024075269699097,0.35
3898,False,exact,0.3,Naomi can trade her almonds for Austen's tomatoes.,Austen can trade his tomatoes for Naomi's broccoli.,0.7777777777777778,1.0,0.6363636363636364,7,11,7,7,0.4676172435283661,0.8019862771034241,0.35
3899,False,exact,1.0,repel,attract,0.5454545454545454,0.6,0.5,5,6,3,3,0.3942570090293884,0.7735691666603088,0.35
3900,False,exact,1.0,earthworm,mushroom,0.6,1.0,0.42857142857142855,3,7,3,3,0.4657023251056671,0.6622500419616699,0.35
3901,True,exact,1.0,Solution B,Solution B,0.4210526315789474,1.0,0.26666666666666666,4,15,4,4,0.46875959634780884,0.8431254625320435,0.35
3902,True,exact,1.0,Do steel nails take fewer days to rust in water compared to vinegar?,Do steel nails take fewer days to rust in water compared to vinegar?,0.31578947368421056,0.75,0.2,4,15,3,3,0.24977974593639374,0.8231419920921326,0.35
3903,True,exact,1.0,weather,weather,0.5,1.0,0.3333333333333333,4,12,4,4,0.33775293827056885,0.6457329392433167,0.35
3904,True,exact,1.0,Haiti,Haiti,0.6153846153846153,1.0,0.4444444444444444,4,9,4,4,0.484507292509079,0.8624578714370728,0.35
3905,True,exact,1.0,sample B,sample B,0.5714285714285715,1.0,0.4,4,10,4,4,0.49842366576194763,0.8306984305381775,0.35
3906,True,exact,1.0,neither; their concentrations are the same,neither; their concentrations are the same,0.5,1.0,0.3333333333333333,3,9,3,3,0.5406848788261414,0.8463183045387268,0.35
3907,True,exact,1.0,Pennsylvania,Pennsylvania,0.42857142857142855,1.0,0.2727272727272727,3,11,3,3,0.37885862588882446,0.7390536665916443,0.35
3908,True,exact,1.0,Honolulu,Honolulu,0.6666666666666666,1.0,0.5,3,6,3,3,0.3826618194580078,0.7698870301246643,0.35
3909,True,exact,1.0,It eats another living thing.,It eats another living thing.,0.4,1.0,0.25,3,12,3,3,0.5021882057189941,0.879595160484314,0.35
3910,True,exact,1.0,Frankfort,Frankfort,0.36363636363636365,0.6666666666666666,0.25,3,8,2,2,0.3920673429965973,0.8904955387115479,0.35
3911,True,yes_no,1.0,yes,yes,0.888888888888889,1.0,0.8,4,5,4,4,0.3730209469795227,0.9501272439956665,0.35
3912,True,exact,1.0,brown tree frog,brown tree frog,0.5333333333333333,1.0,0.36363636363636365,4,11,4,4,0.4398171603679657,0.7895081639289856,0.35
3913,True,exact,1.0,an elementary substance,an elementary substance,0.47058823529411764,1.0,0.3076923076923077,4,13,4,4,0.3867977261543274,0.8561815023422241,0.35
3914,False,exact,0.3,if the sample fabric would absorb one drop of water in less than one second,how long it would take the sample fabric to dry after it absorbed one drop of water,0.4615384615384615,1.0,0.3,3,10,3,3,0.37313371896743774,0.633525013923645,0.35
3915,True,exact,1.0,sample B,sample B,0.5882352941176471,1.0,0.4166666666666667,5,12,5,5,0.5459214448928833,0.9355402588844299,0.35
3916,True,exact,1.0,Boston,Boston,0.5454545454545454,1.0,0.375,3,8,3,3,0.4106694757938385,0.8666097521781921,0.35
3917,True,exact,1.0,Crocodylus moreletii,Crocodylus moreletii,0.5454545454545454,1.0,0.375,3,8,3,3,0.3948127329349518,0.6590026021003723,0.35
3918,True,exact,1.0,glass,glass,0.42857142857142855,1.0,0.2727272727272727,3,11,3,3,0.4863215982913971,0.8145585656166077,0.35
3919,False,exact,1.0,repel,attract,0.42857142857142855,1.0,0.2727272727272727,3,11,3,3,0.5528154373168945,0.823205292224884,0.35
3920,True,exact,1.0,Topeka,Topeka,0.4,1.0,0.25,3,12,3,3,0.4628160297870636,0.855994462966919,0.35
3921,True,exact,1.0,opaque,opaque,0.0,0.0,0.0,3,16,0,0,0.09155749529600143,0.29718369245529175,0.35
3922,True,exact,1.0,Turner can trade his tomatoes for Mona's broccoli.,Turner can trade his tomatoes for Mona's broccoli.,0.5882352941176471,1.0,0.4166666666666667,5,12,5,5,0.3956683278083801,0.8327281475067139,0.35
3923,True,exact,1.0,transparent,transparent,0.13333333333333336,0.5,0.07692307692307693,2,13,1,1,0.2169652283191681,0.5604730844497681,0.35
3924,True,exact,1.0,Australia,Australia,0.4,1.0,0.25,3,12,3,3,0.38893741369247437,0.7143087983131409,0.35
3925,True,exact,1.0,sample B,sample B,0.5714285714285715,1.0,0.4,4,10,4,4,0.46192294359207153,0.838097333908081,0.35
3926,False,exact,1.0,weather,climate,0.35294117647058826,1.0,0.21428571428571427,3,14,3,3,0.3825710713863373,0.6730014681816101,0.35
3927,True,exact,1.0,styrofoam,styrofoam,0.4285714285714285,0.75,0.3,4,10,3,3,0.3234093189239502,0.8170166611671448,0.35
3928,True,exact,1.0,Tallahassee,Tallahassee,0.42857142857142855,1.0,0.2727272727272727,3,11,3,3,0.3475596606731415,0.8870552778244019,0.35
3929,True,exact,1.0,Does linen fabric turn darker than cotton fabric when soaked in a mixture of black dye and water?,Does linen fabric turn darker than cotton fabric when soaked in a mixture of black dye and water?,0.5333333333333333,1.0,0.36363636363636365,4,11,4,4,0.4455653429031372,0.6995231509208679,0.35
3930,True,exact,1.0,Tuvalu,Tuvalu,0.4615384615384615,1.0,0.3,3,10,3,3,0.4601038694381714,0.7510705590248108,0.35
3931,True,exact,1.0,shiny,shiny,0.23529411764705882,0.5,0.15384615384615385,4,13,2,2,0.26068875193595886,0.7666377425193787,0.35
3932,True,exact,1.0,Maryland,Maryland,0.6,1.0,0.42857142857142855,3,7,3,3,0.32182741165161133,0.5079353451728821,0.35
3933,True,exact,1.0,Louisiana,Louisiana,0.6666666666666666,1.0,0.5,6,12,6,6,0.4148450791835785,0.7390326857566833,0.35
3934,True,exact,1.0,Cuba,Cuba,0.5,1.0,0.3333333333333333,3,9,3,3,0.41107532382011414,0.7633399367332458,0.35
3935,True,exact,1.0,July and August,July and August,0.42857142857142855,1.0,0.2727272727272727,3,11,3,3,0.5509288311004639,0.918192982673645,0.35
3936,True,exact,1.0,Rhode Island,Rhode Island,0.375,1.0,0.23076923076923078,3,13,3,3,0.3872389793395996,0.720671534538269,0.35
3937,True,exact,1.0,tiger,tiger,0.5555555555555556,1.0,0.38461538461538464,5,13,5,5,0.4339292347431183,0.776656448841095,0.35
3938,True,exact,1.0,a liquid,a liquid,0.42857142857142855,1.0,0.2727272727272727,3,11,3,3,0.46438121795654297,0.9202688336372375,0.35
3939,True,exact,1.0,Annapolis,Annapolis,0.5454545454545454,1.0,0.375,3,8,3,3,0.39887210726737976,0.8850108981132507,0.35
3940,False,exact,0.3,the Federated States of Micronesia,Palau,0.5,1.0,0.3333333333333333,3,9,3,3,0.46432915329933167,0.7529191374778748,0.35
3941,True,exact,1.0,Salt Lake City,Salt Lake City,0.4444444444444444,0.6666666666666666,0.3333333333333333,3,6,2,2,0.4698191285133362,0.9237543344497681,0.35
3942,True,exact,1.0,Trenton,Trenton,0.8571428571428571,1.0,0.75,3,4,3,3,0.4908103942871094,0.9339674711227417,0.35
3943,True,exact,1.0,water mold,water mold,0.4615384615384615,1.0,0.3,3,10,3,3,0.44556379318237305,0.8535840511322021,0.35
3944,True,exact,1.0,Castor fiber,Castor fiber,0.375,1.0,0.23076923076923078,3,13,3,3,0.43194764852523804,0.9645737409591675,0.35
3945,True,exact,1.0,Arctic hare,Arctic hare,0.5,1.0,0.3333333333333333,3,9,3,3,0.4868253767490387,0.8380853533744812,0.35
3946,True,exact,1.0,the Atlantic Ocean,the Atlantic Ocean,0.35294117647058826,1.0,0.21428571428571427,3,14,3,3,0.42181360721588135,0.8662919998168945,0.35
3947,False,exact,1.0,parasitic,commensal,0.4615384615384615,1.0,0.3,3,10,3,3,0.4431155323982239,0.8730430006980896,0.35
3948,True,exact,1.0,yellow,yellow,0.28571428571428575,0.3333333333333333,0.25,3,4,1,1,0.2556760013103485,0.7027432918548584,0.35
3949,False,exact,1.0,Georgia,Delaware,0.6153846153846153,0.6666666666666666,0.5714285714285714,6,7,4,4,0.3414348065853119,0.7168082594871521,0.35
3950,True,exact,1.0,Carcharodon carcharias,Carcharodon carcharias,0.5,1.0,0.3333333333333333,4,12,4,4,0.39019107818603516,0.8326758146286011,0.35
3951,True,exact,1.0,May,May,0.6666666666666666,1.0,0.5,5,10,5,5,0.4374309480190277,0.889943540096283,0.35
3952,True,exact,1.0,repel,repel,0.6666666666666666,1.0,0.5,3,6,3,3,0.4154784679412842,0.7520110607147217,0.35
3953,False,exact,0.3,the Atlantic Ocean,the Southern Ocean,0.42857142857142855,1.0,0.2727272727272727,3,11,3,3,0.5017242431640625,0.8165298700332642,0.35
3954,True,exact,1.0,Denver,Denver,0.5454545454545454,1.0,0.375,3,8,3,3,0.366278737783432,0.8705140948295593,0.35
3955,True,exact,1.0,New Zealand,New Zealand,0.7499999999999999,1.0,0.6,3,5,3,3,0.4155037999153137,0.7802823781967163,0.35
3956,True,exact,1.0,Missouri,Missouri,0.923076923076923,1.0,0.8571428571428571,6,7,6,6,0.38408035039901733,0.8013446927070618,0.35
3957,True,exact,1.0,Atlanta,Atlanta,0.5882352941176471,1.0,0.4166666666666667,5,12,5,5,0.3719668388366699,0.8514504432678223,0.35
3958,False,exact,0.3,sea cucumber,phytoplankton,0.5882352941176471,1.0,0.4166666666666667,5,12,5,5,0.41028517484664917,0.7758767008781433,0.35
3959,True,exact,1.0,Do more tomato seedlings grow when they are planted in soil with fertilizer compared to soil without fertilizer?,Do more tomato seedlings grow when they are planted in soil with fertilizer compared to soil without fertilizer?,0.4210526315789474,1.0,0.26666666666666666,4,15,4,4,0.3989199995994568,0.7475869059562683,0.35
3960,True,exact,1.0,Sacramento,Sacramento,0.42857142857142855,1.0,0.2727272727272727,3,11,3,3,0.4375438690185547,0.8735565543174744,0.35
3961,True,exact,1.0,South America,South America,0.5454545454545454,1.0,0.375,3,8,3,3,0.45555564761161804,0.8623186945915222,0.35
3962,False,exact,0.3,Do steel nails rust in fewer days when submerged in a large volume of liquid compared to a small volume?,Do steel nails take fewer days to rust in water compared to vinegar?,0.42857142857142855,1.0,0.2727272727272727,3,11,3,3,0.36746224761009216,0.9077981114387512,0.35
3963,False,yes_no,1.0,true,false,0.625,1.0,0.45454545454545453,5,11,5,5,0.44778722524642944,0.9460433721542358,0.35
3964,True,exact,1.0,Denver,Denver,0.6666666666666666,1.0,0.5,3,6,3,3,0.5379940867424011,0.8953089714050293,0.35
3965,True,numeric_exact,1.0,The magnitude of the magnetic force is greater in Pair 1.,The magnitude of the magnetic force is greater in Pair 1.,0.8333333333333333,1.0,0.7142857142857143,5,7,5,5,0.47678518295288086,0.8057718276977539,0.35
3966,False,numeric_mismatch,0.0,1:3,4:0,0.7499999999999999,1.0,0.6,6,10,6,6,0.40191203355789185,0.8323895335197449,0.35
3967,False,exact,0.3,penguin,great white shark,0.47058823529411764,1.0,0.3076923076923077,4,13,4,4,0.4393231272697449,0.6774082183837891,0.35
3968,True,exact,1.0,Clara can trade her tomatoes for Harry's broccoli.,Clara can trade her tomatoes for Harry's broccoli.,0.6153846153846153,1.0,0.4444444444444444,4,9,4,4,0.4429677128791809,0.9144488573074341,0.35
3969,False,exact,1.0,stretchy,sour,0.0,0.0,0.0,3,9,0,0,0.1840825080871582,0.3475762903690338,0.35
3970,True,exact,1.0,New York,New York,0.42857142857142855,1.0,0.2727272727272727,3,11,3,3,0.3813212215900421,0.6334386467933655,0.35
3971,True,exact,1.0,Virginia,Virginia,0.5,1.0,0.3333333333333333,3,9,3,3,0.37158724665641785,0.6669374704360962,0.35
3972,False,exact,0.3,if the blade guards would break in a crash,if adding the blade guards made the drone fly poorly,0.33333333333333337,1.0,0.2,3,15,3,3,0.49932408332824707,0.8185114860534668,0.35
3973,False,numeric_mismatch,0.0,The magnitude of the magnetic force is greater in Pair 1.,The magnitude of the magnetic force is greater in Pair 2.,0.5555555555555556,1.0,0.38461538461538464,5,13,5,5,0.6115757822990417,0.9058671593666077,0.35
3974,False,numeric_mismatch,0.0,The magnetic force is stronger in Pair 2.,The magnetic force is stronger in Pair 1.,0.5333333333333333,1.0,0.36363636363636365,4,11,4,4,0.6177545785903931,0.8254395723342896,0.35
3975,True,exact,1.0,black bear,black bear,0.6,1.0,0.42857142857142855,3,7,3,3,0.5050824880599976,0.8170784711837769,0.35
3976,False,exact,1.0,smooth,opaque,0.11764705882352941,0.25,0.07692307692307693,4,13,1,1,0.1469057947397232,0.45466452836990356,0.35
3977,True,numeric_exact,1.0,The magnitude of the magnetic force is smaller in Pair 2.,The magnitude of the magnetic force is smaller in Pair 2.,0.5,1.0,0.3333333333333333,4,12,4,4,0.639925479888916,0.8726523518562317,0.35
3978,True,exact,1.0,Reid can trade his tomatoes for Daniel's broccoli.,Reid can trade his tomatoes for Daniel's broccoli.,0.8333333333333334,0.8333333333333334,0.8333333333333334,6,6,5,5,0.40561798214912415,0.9306890368461609,0.35
3979,True,exact,1.0,fragile,fragile,0.20000000000000004,0.2,0.2,5,5,1,1,0.16848695278167725,0.4297468960285187,0.35
3980,False,exact,0.3,Can light bulbs stay lit longer when circuits include copper or when circuits include iron?,Do circuits that include iron produce dimmer light than circuits that include copper?,0.2222222222222222,0.6666666666666666,0.13333333333333333,3,15,2,2,0.36030837893486023,0.8449287414550781,0.35
3981,True,exact,1.0,sour,sour,0.4000000000000001,0.4,0.4,5,5,2,2,0.3042171001434326,0.7013363838195801,0.35
3982,True,exact,1.0,Does Wanda's snowboard slide down a hill in less time when it has a layer of wax or when it does not have a layer of wax?,Does Wanda's snowboard slide down a hill in less time when it has a layer of wax or when it does not have a layer of wax?,0.42857142857142855,1.0,0.2727272727272727,3,11,3,3,0.27104201912879944,0.8925600647926331,0.35
3983,True,exact,1.0,toward the sled dog team,toward the sled dog team,0.5454545454545454,1.0,0.375,3,8,3,3,0.4320666790008545,0.7919197678565979,0.35
3984,True,exact,1.0,Indiana,Indiana,0.5714285714285715,1.0,0.4,2,5,2,2,0.5606949925422668,0.8652049899101257,0.35
3985,True,exact,1.0,Judaism,Judaism,0.6666666666666666,1.0,0.5,5,10,5,5,0.3834455907344818,0.8705048561096191,0.35
3986,True,exact,1.0,South America,South America,0.4,1.0,0.25,2,8,2,2,0.5071768760681152,0.8096612691879272,0.35
3987,True,exact,0.7,A) African gray parrot,African gray parrot,0.6153846153846153,1.0,0.4444444444444444,4,9,4,4,0.46390432119369507,0.9185473322868347,0.35
3988,True,exact,1.0,Solution B,Solution B,0.5,1.0,0.3333333333333333,4,12,4,4,0.5687946677207947,0.9502687454223633,0.35
3989,True,exact,1.0,Maryland,Maryland,0.4615384615384615,1.0,0.3,3,10,3,3,0.38630035519599915,0.5918819904327393,0.35
3990,True,exact,1.0,Trenton,Trenton,0.5454545454545454,1.0,0.375,3,8,3,3,0.3869485557079315,0.8055611252784729,0.35
3991,True,exact,1.0,Santa Fe,Santa Fe,0.4615384615384615,1.0,0.3,3,10,3,3,0.38165342807769775,0.8996328115463257,0.35
3992,True,exact,1.0,"a long, thin body","a long, thin body",0.5333333333333333,1.0,0.36363636363636365,4,11,4,4,0.3377586603164673,0.655028760433197,0.35
3993,True,yes_no,1.0,yes,yes,0.4615384615384615,1.0,0.3,3,10,3,3,0.43186646699905396,0.8769204020500183,0.35
3994,True,exact,1.0,Castor fiber,Castor fiber,0.38095238095238093,1.0,0.23529411764705882,4,17,4,4,0.5404297709465027,0.9660549163818359,0.35
3995,True,exact,1.0,Bubo scandiacus,Bubo scandiacus,0.5714285714285715,1.0,0.4,4,10,4,4,0.5125772953033447,0.9780717492103577,0.35
3996,True,exact,1.0,transparent,transparent,0.33333333333333337,1.0,0.2,3,15,3,3,0.3780292570590973,0.7531851530075073,0.35
3997,True,exact,1.0,ethos (character),ethos (character),0.18181818181818182,0.3333333333333333,0.125,3,8,1,1,0.17884017527103424,0.38985902070999146,0.35
3998,False,exact,0.3,Maine,Rhode Island,0.4,1.0,0.25,3,12,3,3,0.3880171477794647,0.7581613659858704,0.35
3999,False,exact,0.3,sea otter,gray wolf,0.6666666666666666,1.0,0.5,3,6,3,3,0.36926352977752686,0.6798609495162964,0.35
4000,True,exact,1.0,New York,New York,0.4,1.0,0.25,3,12,3,3,0.38993483781814575,0.5979866981506348,0.35
4001,True,exact,1.0,repel,repel,0.33333333333333337,1.0,0.2,3,15,3,3,0.5916885733604431,0.8374312520027161,0.35
4002,True,exact,1.0,repel,repel,0.4615384615384615,1.0,0.3,3,10,3,3,0.4383968710899353,0.8752405643463135,0.35
4003,True,exact,1.0,scarlet macaw,scarlet macaw,0.625,1.0,0.45454545454545453,5,11,5,5,0.4242396652698517,0.858241617679596,0.35
4004,False,exact,0.3,if the blade guards would break in a crash,if adding the blade guards made the drone fly poorly,0.4,1.0,0.25,3,12,3,3,0.5388782620429993,0.8696635365486145,0.35
4005,True,exact,1.0,ozone,ozone,0.6153846153846153,1.0,0.4444444444444444,4,9,4,4,0.3887382447719574,0.8267719745635986,0.35
4006,True,exact,1.0,The strength of the magnetic force is the same in both pairs.,The strength of the magnetic force is the same in both pairs.,0.3157894736842105,1.0,0.1875,3,16,3,3,0.5405102372169495,0.9115310311317444,0.35
4007,False,numeric_mismatch,0.0,The magnetic force is weaker in Pair 2.,The magnetic force is weaker in Pair 1.,0.5263157894736842,1.0,0.35714285714285715,5,14,5,5,0.5203812122344971,0.8601271510124207,0.35
4008,True,exact,1.0,if a new batch of concrete was firm enough to use,if a new batch of concrete was firm enough to use,0.42857142857142855,1.0,0.2727272727272727,3,11,3,3,0.39918577671051025,0.7960571646690369,0.35
4009,True,exact,1.0,Both my state and national government officials have power over important issues.,Both my state and national government officials have power over important issues.,0.6666666666666666,1.0,0.5,4,8,4,4,0.5302145481109619,0.8963412642478943,0.35
4010,False,exact,0.3,Does the amount of water in a glass affect whether eggs sink or float in the water?,Are eggs more likely to float in fresh water or salty water?,0.375,1.0,0.23076923076923078,3,13,3,3,0.5206656455993652,0.8707479238510132,0.35
4011,True,exact,1.0,repel,repel,0.4,0.25,1.0,4,1,1,1,0.5373534560203552,0.5911964774131775,0.35
4012,True,exact,1.0,Jamaica,Jamaica,0.5714285714285715,1.0,0.4,4,10,4,4,0.4977487623691559,0.8741388916969299,0.35
4013,True,exact,1.0,New Hampshire,New Hampshire,0.4,1.0,0.25,3,12,3,3,0.32190293073654175,0.7069360017776489,0.35
4014,True,exact,1.0,the surroundings . . . each vial,the surroundings . . . each vial,0.5714285714285715,1.0,0.4,6,15,6,6,0.5045804977416992,0.8186458945274353,0.35
4015,True,exact,1.0,Harrisburg,Harrisburg,0.4,0.6666666666666666,0.2857142857142857,3,7,2,2,0.36728036403656006,0.8228163123130798,0.35
4016,False,exact,1.0,attract,repel,0.7692307692307693,1.0,0.625,5,8,5,5,0.41299280524253845,0.7256540060043335,0.35
4017,False,exact,0.3,Arianna can trade her tomatoes for Clarence's sandwich.,Arianna can trade her tomatoes for Clarence's broccoli.,0.7777777777777778,1.0,0.6363636363636364,7,11,7,7,0.43447309732437134,0.7664890289306641,0.35
4018,True,exact,1.0,a liquid,a liquid,0.5454545454545454,1.0,0.375,3,8,3,3,0.5274613499641418,0.8241245150566101,0.35
4019,True,exact,1.0,Albany,Albany,0.6153846153846153,1.0,0.4444444444444444,4,9,4,4,0.3801363706588745,0.915416955947876,0.35
4020,True,yes_no,1.0,no,no,0.36363636363636365,0.6666666666666666,0.25,3,8,2,2,0.3180042803287506,0.8503000140190125,0.35
4021,True,yes_no,1.0,false,false,0.625,1.0,0.45454545454545453,5,11,5,5,0.4132220149040222,0.8040539026260376,0.35
4022,False,exact,0.3,lichen katydid,opalescent nudibranch,0.7272727272727273,1.0,0.5714285714285714,4,7,4,4,0.3814353048801422,0.697810709476471,0.35
4023,True,exact,1.0,"November, December, and January","November, December, and January",0.5714285714285714,0.8571428571428571,0.42857142857142855,7,14,6,6,0.28507769107818604,0.5544466376304626,0.35
4024,True,exact,1.0,rock,rock,0.4,1.0,0.25,3,12,3,3,0.4697014391422272,0.8399645686149597,0.35
4025,True,exact,1.0,Columbus,Columbus,0.6,1.0,0.42857142857142855,3,7,3,3,0.4155384302139282,0.7579110860824585,0.35
4026,True,exact,1.0,painted stork,painted stork,0.5454545454545454,0.6,0.5,5,6,3,3,0.3723750412464142,0.9309055209159851,0.35
4027,False,numeric_mismatch,0.0,3/4,2/4,0.6,0.75,0.5,8,12,6,6,0.351001113653183,0.8356430530548096,0.35
4028,True,exact,1.0,Kansas,Kansas,0.625,0.8333333333333334,0.5,6,10,5,5,0.3757818341255188,0.8223738074302673,0.35
4029,False,exact,1.0,repel,attract,0.6666666666666666,1.0,0.5,3,6,3,3,0.4780951738357544,0.713053822517395,0.35
4030,True,exact,1.0,Saint Vincent and the Grenadines,Saint Vincent and the Grenadines,0.42857142857142855,1.0,0.2727272727272727,3,11,3,3,0.46426862478256226,0.8397903442382812,0.35
4031,True,numeric_exact,1.0,whether the new turbine could produce 10% more electricity,whether the new turbine could produce 10% more electricity,0.3529411764705882,0.75,0.23076923076923078,4,13,3,3,0.33353424072265625,0.8206990957260132,0.35
4032,True,exact,1.0,Papua New Guinea,Papua New Guinea,0.4,1.0,0.25,3,12,3,3,0.41964972019195557,0.7370222210884094,0.35
4033,True,exact,1.0,Salem,Salem,0.4,0.6666666666666666,0.2857142857142857,3,7,2,2,0.38792288303375244,0.92356276512146,0.35
4034,False,exact,0.3,away from the pliers,toward the pliers,0.6666666666666666,1.0,0.5,3,6,3,3,0.5606155395507812,0.7863454818725586,0.35
4035,True,exact,1.0,Richmond,Richmond,0.28571428571428575,0.6666666666666666,0.18181818181818182,3,11,2,2,0.2933979630470276,0.9110413789749146,0.35
4036,True,exact,1.0,Annapolis,Annapolis,0.4444444444444444,0.6666666666666666,0.3333333333333333,3,6,2,2,0.45262521505355835,0.7886645197868347,0.35
4037,True,exact,1.0,Jefferson City,Jefferson City,0.5714285714285715,0.6666666666666666,0.5,3,4,2,2,0.42358943819999695,0.9084023833274841,0.35
4038,True,exact,1.0,Can pennies hold more drops of pure water or water mixed with hand soap?,Can pennies hold more drops of pure water or water mixed with hand soap?,0.26666666666666666,0.6666666666666666,0.16666666666666666,3,12,2,2,0.3190281391143799,0.6010594367980957,0.35
4039,False,exact,0.3,the Atlantic Ocean,the Southern Ocean,0.5454545454545454,1.0,0.375,3,8,3,3,0.5812832117080688,0.8487217426300049,0.35
4040,True,exact,1.0,Scientists can study air masses to predict weather events.,Scientists can study air masses to predict weather events.,0.6,1.0,0.42857142857142855,3,7,3,3,0.42004168033599854,0.7446249723434448,0.35
4041,True,exact,1.0,attract,attract,0.7499999999999999,1.0,0.6,3,5,3,3,0.6594862341880798,0.9232326745986938,0.35
4042,False,exact,0.3,Solomon Islands,Fiji,0.5333333333333333,1.0,0.36363636363636365,4,11,4,4,0.43621107935905457,0.7674732208251953,0.35
4043,True,exact,1.0,Some of the houses have broken roofs and walls.,Some of the houses have broken roofs and walls.,0.6,1.0,0.42857142857142855,3,7,3,3,0.37403494119644165,0.6455191373825073,0.35
4044,True,yes_no,1.0,false,false,0.7368421052631577,0.7777777777777778,0.7,9,10,7,7,0.3878509998321533,0.6581976413726807,0.35
4045,True,exact,1.0,the containers that did not get worms,the containers that did not get worms,0.35294117647058826,1.0,0.21428571428571427,3,14,3,3,0.4642972946166992,0.8210495710372925,0.35
4046,True,exact,1.0,the cello,the cello,0.4444444444444444,0.6666666666666666,0.3333333333333333,3,6,2,2,0.28490233421325684,0.5729676485061646,0.35
4047,False,exact,1.0,flexible,smooth,0.0,0.0,0.0,4,12,0,0,0.13121753931045532,0.3197978734970093,0.35
4048,True,exact,1.0,Denver,Denver,0.7499999999999999,1.0,0.6,3,5,3,3,0.4846029579639435,0.8807909488677979,0.35
4049,False,exact,0.3,a gas,a solid,0.5454545454545454,1.0,0.375,3,8,3,3,0.47504785656929016,0.7567718625068665,0.35
4050,False,placeholder,0.0,insufficient information,false,0.0,0.0,0.0,0,7,0,0,0.0,0.0,0.0
4051,True,exact,1.0,Annapolis,Annapolis,0.5,0.75,0.375,4,8,3,3,0.4512367844581604,0.807061493396759,0.35
4052,True,exact,1.0,Australia,Australia,0.47058823529411764,1.0,0.3076923076923077,4,13,4,4,0.4961487948894501,0.8717251420021057,0.35
4053,False,exact,1.0,attract,repel,0.33333333333333337,0.2,1.0,5,1,1,1,0.5446690320968628,0.6242535710334778,0.35
4054,True,exact,1.0,sedimentary,sedimentary,0.4615384615384615,1.0,0.3,3,10,3,3,0.5092614889144897,0.7783100008964539,0.35
4055,False,exact,0.3,Saint Lucia,Jamaica,0.5333333333333333,1.0,0.36363636363636365,4,11,4,4,0.5568742752075195,0.834682047367096,0.35
4056,True,exact,1.0,whether the filter was clogged,whether the filter was clogged,0.3333333333333333,0.75,0.21428571428571427,4,14,3,3,0.2966289818286896,0.535622775554657,0.35
4057,False,exact,0.3,Kari can trade her almonds for Janet's tomatoes.,Janet can trade her tomatoes for Kari's broccoli.,0.7142857142857143,0.8333333333333334,0.625,6,8,5,5,0.39155009388923645,0.8525201082229614,0.35
4058,True,exact,1.0,lionfish,lionfish,0.6666666666666666,1.0,0.5,4,8,4,4,0.35556718707084656,0.663820743560791,0.35
4059,True,exact,1.0,colorful,colorful,0.36363636363636365,0.6666666666666666,0.25,3,8,2,2,0.2483224868774414,0.5303433537483215,0.35
4060,True,exact,1.0,bendable,bendable,0.22222222222222224,0.25,0.2,4,5,1,1,0.1863749921321869,0.4052569270133972,0.35
4061,False,exact,0.3,Can pennies hold more drops of water mixed with hand soap or water mixed with dish soap?,Can pennies hold more drops of pure water or water mixed with hand soap?,0.4285714285714285,0.75,0.3,4,10,3,3,0.3535633683204651,0.7151342630386353,0.35
4062,True,exact,1.0,Do the insides of white boxes get hotter than the insides of black boxes when the boxes are left in the sun?,Do the insides of white boxes get hotter than the insides of black boxes when the boxes are left in the sun?,0.5714285714285715,1.0,0.4,4,10,4,4,0.3809182941913605,0.7661240696907043,0.35
4063,False,numeric_mismatch,0.0,The magnitude of the magnetic force is greater in Pair 2.,The magnitude of the magnetic force is greater in Pair 1.,0.7142857142857143,1.0,0.5555555555555556,5,9,5,5,0.5167413353919983,0.8814502358436584,0.35
4064,True,exact,1.0,The strength of the magnetic force is the same in both pairs.,The strength of the magnetic force is the same in both pairs.,0.7692307692307693,1.0,0.625,5,8,5,5,0.5854546427726746,0.8753855228424072,0.35
4065,True,exact,1.0,Namaqua chameleon,Namaqua chameleon,0.5,1.0,0.3333333333333333,4,12,4,4,0.43536046147346497,0.8943643569946289,0.35
4066,False,exact,1.0,shiny,hard,0.3529411764705882,0.75,0.23076923076923078,4,13,3,3,0.22232085466384888,0.5977870225906372,0.35
4067,True,exact,1.0,Des Moines,Des Moines,0.4210526315789474,1.0,0.26666666666666666,4,15,4,4,0.2756160795688629,0.9184157848358154,0.35
4068,True,exact,1.0,weather,weather,0.36363636363636365,0.6666666666666666,0.25,3,8,2,2,0.36459699273109436,0.6581998467445374,0.35
4069,True,exact,1.0,Des Moines,Des Moines,0.75,0.75,0.75,4,4,3,3,0.376423180103302,0.8023514747619629,0.35
4070,True,exact,1.0,Africa,Africa,0.375,1.0,0.23076923076923078,3,13,3,3,0.60882568359375,0.8264545202255249,0.35
4071,True,exact,1.0,Virginia,Virginia,0.4615384615384615,1.0,0.3,3,10,3,3,0.35672271251678467,0.7601022124290466,0.35
4072,True,exact,1.0,Python reticulatus,Python reticulatus,0.47058823529411764,1.0,0.3076923076923077,4,13,4,4,0.6243964433670044,0.9082890152931213,0.35
4073,True,exact,1.0,the surroundings . . . each refrigerator,the surroundings . . . each refrigerator,0.5555555555555556,1.0,0.38461538461538464,5,13,5,5,0.5348938703536987,0.8293827772140503,0.35
4074,True,numeric_exact,1.0,The magnetic force is weaker in Pair 1.,The magnetic force is weaker in Pair 1.,0.4210526315789474,1.0,0.26666666666666666,4,15,4,4,0.6492196321487427,0.8929151296615601,0.35
4075,True,yes_no,1.0,yes,yes,0.8000000000000002,0.8,0.8,5,5,4,4,0.40828579664230347,0.9092175364494324,0.35
4076,True,exact,1.0,the amount of oxygen in the tanks,the amount of oxygen in the tanks,0.2105263157894737,0.5,0.13333333333333333,4,15,2,2,0.2724023461341858,0.8599473237991333,0.35
4077,True,exact,1.0,nitrogen,nitrogen,0.4444444444444445,1.0,0.2857142857142857,4,14,4,4,0.38725894689559937,0.8232315182685852,0.35
4078,False,exact,1.0,climate,weather,0.47058823529411764,1.0,0.3076923076923077,4,13,4,4,0.33687564730644226,0.7738852500915527,0.35
4079,True,exact,1.0,Solution A,Solution A,0.625,1.0,0.45454545454545453,5,11,5,5,0.5287832021713257,0.9232437014579773,0.35
4080,False,exact,0.3,The magnitude of the magnetic force is smaller in Pair 2.,The magnitude of the magnetic force is the same in both pairs.,0.7272727272727273,1.0,0.5714285714285714,4,7,4,4,0.5296693444252014,0.8457298278808594,0.35
4081,False,exact,0.3,the Dominican Republic,Trinidad and Tobago,0.5454545454545454,1.0,0.375,3,8,3,3,0.47187376022338867,0.7161093950271606,0.35
4082,True,exact,1.0,Brandon can trade his tomatoes for Derek's broccoli.,Brandon can trade his tomatoes for Derek's broccoli.,0.4210526315789474,1.0,0.26666666666666666,4,15,4,4,0.4915645718574524,0.7858818173408508,0.35
4083,False,exact,0.3,Maura can trade her almonds for Connor's tomatoes.,Connor can trade his tomatoes for Maura's broccoli.,0.7999999999999999,0.8571428571428571,0.75,7,8,6,6,0.40439096093177795,0.7602618336677551,0.35
4084,False,numeric_mismatch,0.0,The magnitude of the magnetic force is greater in Pair 1.,The magnitude of the magnetic force is greater in Pair 2.,0.6666666666666666,1.0,0.5,5,10,5,5,0.5760117173194885,0.8752637505531311,0.35
4085,True,exact,1.0,January and February,January and February,0.33333333333333337,1.0,0.2,3,15,3,3,0.38111022114753723,0.7494189143180847,0.35
4086,False,exact,0.3,Saint Vincent and the Grenadines,Saint Lucia,0.375,1.0,0.23076923076923078,3,13,3,3,0.380435585975647,0.7920498847961426,0.35
4087,False,exact,0.3,neither; their concentrations are the same,Solution B,0.5,1.0,0.3333333333333333,3,9,3,3,0.5397738218307495,0.8394286036491394,0.35
4088,True,exact,1.0,North Dakota,North Dakota,0.375,1.0,0.23076923076923078,3,13,3,3,0.4574073255062103,0.8199664950370789,0.35
4089,True,exact,1.0,"It has cold, wet winters. It also has soil that is rich in nutrients.","It has cold, wet winters. It also has soil that is rich in nutrients.",0.5714285714285714,0.8,0.4444444444444444,5,9,4,4,0.3381747007369995,0.6433823108673096,0.35
4090,False,exact,0.3,clownfish,helmeted iguana,0.35294117647058826,1.0,0.21428571428571427,3,14,3,3,0.3284139335155487,0.713559091091156,0.35
4091,True,exact,1.0,Falco novaeseelandiae,Falco novaeseelandiae,0.5454545454545454,0.75,0.42857142857142855,4,7,3,3,0.4537093937397003,0.8417614698410034,0.35
4092,True,exact,1.0,Los Angeles,Los Angeles,0.36363636363636365,0.6666666666666666,0.25,3,8,2,2,0.2963069975376129,0.5002579092979431,0.35
4093,True,exact,1.0,neither; the samples have the same temperature,neither; the samples have the same temperature,0.7142857142857143,1.0,0.5555555555555556,5,9,5,5,0.4789173901081085,0.8811320662498474,0.35
4094,True,exact,1.0,bat star,bat star,0.8,1.0,0.6666666666666666,4,6,4,4,0.3766994774341583,0.8522076606750488,0.35
4095,False,exact,1.0,methane,tetraphosphorus,0.4615384615384615,1.0,0.3,3,10,3,3,0.34196725487709045,0.8546770215034485,0.35
4096,True,exact,1.0,repel,repel,0.6666666666666665,0.75,0.6,4,5,3,3,0.4655934274196625,0.8053972125053406,0.35
4097,True,numeric_exact,1.0,-24°C,-24°C,0.4615384615384615,1.0,0.3,3,10,3,3,0.4483009874820709,0.8689972162246704,0.35
4098,False,exact,1.0,Nauru,Samoa,0.5,1.0,0.3333333333333333,3,9,3,3,0.4229682683944702,0.6899405717849731,0.35
4099,True,exact,1.0,Saint Paul,Saint Paul,0.5454545454545454,1.0,0.375,3,8,3,3,0.4411354064941406,0.9625608325004578,0.35
4100,True,exact,1.0,wood,wood,0.6666666666666666,1.0,0.5,2,4,2,2,0.6034893989562988,0.8788765072822571,0.35
4101,True,exact,1.0,Montgomery,Montgomery,0.4615384615384615,1.0,0.3,3,10,3,3,0.5159326195716858,0.8367021679878235,0.35
4102,True,exact,1.0,Effigia okeeffeae,Effigia okeeffeae,0.2,0.3333333333333333,0.14285714285714285,3,7,1,1,0.24956929683685303,0.6563424468040466,0.35
4103,False,exact,0.3,Do bananas develop more brown spots when they are kept at room temperature compared to in a cold refrigerator?,Do bananas develop more brown spots if they are kept in bags with holes compared to bags without holes?,0.375,1.0,0.23076923076923078,3,13,3,3,0.3054896593093872,0.6453904509544373,0.35
4104,False,numeric_mismatch,0.0,The magnitude of the magnetic force is smaller in Pair 2.,The magnitude of the magnetic force is smaller in Pair 1.,0.8,1.0,0.6666666666666666,6,9,6,6,0.46960222721099854,0.8720349073410034,0.35
4105,True,exact,1.0,ginkgo leaf,ginkgo leaf,0.5,1.0,0.3333333333333333,3,9,3,3,0.423034131526947,0.694291353225708,0.35
4106,True,exact,1.0,South Dakota,South Dakota,0.33333333333333337,1.0,0.2,2,10,2,2,0.45712780952453613,0.7966117262840271,0.35
4107,False,exact,0.3,collared lemming,Arctic fox,0.6666666666666666,1.0,0.5,4,8,4,4,0.3930521607398987,0.6509077548980713,0.35
4108,True,exact,1.0,Salt Lake City,Salt Lake City,0.4,0.6666666666666666,0.2857142857142857,3,7,2,2,0.3671526610851288,0.9264398813247681,0.35
4109,True,exact,1.0,Dominica,Dominica,0.4,1.0,0.25,3,12,3,3,0.5423385500907898,0.8572880029678345,0.35
4110,True,exact,1.0,Colorado,Colorado,0.7058823529411764,1.0,0.5454545454545454,6,11,6,6,0.41282200813293457,0.8207394480705261,0.35
4111,False,exact,0.3,to the right than to the left,to the left than to the right,0.375,1.0,0.23076923076923078,3,13,3,3,0.4291670322418213,0.7684915065765381,0.35
4112,True,numeric_exact,1.0,if the spacecraft was damaged when using a parachute with a 1 m vent going 200 km per hour,how steady a parachute with a 1 m vent was at 200 km per hour,0.4615384615384615,1.0,0.3,3,10,3,3,0.46102041006088257,0.8095759153366089,0.35
4113,True,exact,1.0,Spirobranchus giganteus,Spirobranchus giganteus,0.7142857142857143,0.8333333333333334,0.625,6,8,5,5,0.398639053106308,0.8796142935752869,0.35
4114,True,exact,1.0,Python molurus,Python molurus,0.6153846153846154,0.8,0.5,5,8,4,4,0.44165557622909546,0.9430213570594788,0.35
4115,True,exact,1.0,"It has long, cold winters and short, cool summers.","It has long, cold winters and short, cool summers.",0.47058823529411764,1.0,0.3076923076923077,4,13,4,4,0.3786165416240692,0.6737504601478577,0.35
4116,True,exact,1.0,Does Heather's snowboard slide down a hill in less time when it has a layer of wax or when it does not have a layer of wax?,Does Heather's snowboard slide down a hill in less time when it has a layer of wax or when it does not have a layer of wax?,0.28571428571428575,0.6666666666666666,0.18181818181818182,3,11,2,2,0.22469815611839294,0.7131487727165222,0.35
4117,True,exact,1.0,rough,rough,0.15384615384615383,0.3333333333333333,0.1,3,10,1,1,0.23061911761760712,0.6297363042831421,0.35
4118,True,exact,1.0,four legs,four legs,0.47058823529411764,1.0,0.3076923076923077,4,13,4,4,0.48862743377685547,0.9420943856239319,0.35
4119,True,exact,1.0,tortoise,tortoise,0.5,1.0,0.3333333333333333,3,9,3,3,0.4819905757904053,0.7038134932518005,0.35
4120,True,exact,1.0,igneous,igneous,0.5333333333333333,1.0,0.36363636363636365,4,11,4,4,0.4741964638233185,0.8355570435523987,0.35
4121,False,exact,0.3,South America,Africa,0.42857142857142855,1.0,0.2727272727272727,3,11,3,3,0.574222207069397,0.7602899670600891,0.35
4122,True,exact,1.0,common toad,common toad,0.5,1.0,0.3333333333333333,3,9,3,3,0.5016087889671326,0.7808744311332703,0.35
4123,True,exact,1.0,rough,rough,0.375,0.75,0.25,4,12,3,3,0.29412126541137695,0.6548117399215698,0.35
4124,False,exact,0.3,neither; their concentrations are the same,Solution A,0.8,1.0,0.6666666666666666,4,6,4,4,0.5195881724357605,0.8328261375427246,0.35
4125,False,exact,1.0,Kiribati,Tuvalu,0.33333333333333337,1.0,0.2,2,10,2,2,0.42367109656333923,0.6199076771736145,0.35
4126,True,exact,1.0,Columbus,Columbus,0.6666666666666666,1.0,0.5,3,6,3,3,0.44432100653648376,0.892235517501831,0.35
4127,False,exact,0.3,New Orleans,Houston,0.6153846153846153,1.0,0.4444444444444444,4,9,4,4,0.3282032310962677,0.5622944235801697,0.35
4128,True,exact,1.0,repel,repel,0.5714285714285715,1.0,0.4,4,10,4,4,0.5634129643440247,0.8869603276252747,0.35
4129,False,exact,1.0,repel,attract,0.3,1.0,0.17647058823529413,3,17,3,3,0.4986959993839264,0.7810975313186646,0.35
4130,True,exact,1.0,Raleigh,Raleigh,0.5454545454545454,1.0,0.375,3,8,3,3,0.5708310008049011,0.9448225498199463,0.35
4131,True,exact,1.0,More precipitation falls in April than in August.,More precipitation falls in April than in August.,0.5714285714285715,1.0,0.4,6,15,6,6,0.4055674970149994,0.7767974138259888,0.35
4132,False,exact,0.3,neither; their concentrations are the same,Solution A,0.47058823529411764,1.0,0.3076923076923077,4,13,4,4,0.5656688809394836,0.8838056325912476,0.35
4133,True,exact,1.0,July,July,0.5714285714285715,1.0,0.4,4,10,4,4,0.42724189162254333,0.7858442068099976,0.35
4134,False,exact,0.3,Do steel nails rust in fewer days when submerged in a large volume of liquid compared to a small volume?,Do steel nails take fewer days to rust in water compared to vinegar?,0.4444444444444445,1.0,0.2857142857142857,4,14,4,4,0.26926496624946594,0.7046549916267395,0.35
4135,True,exact,1.0,the Marshall Islands,the Marshall Islands,0.8,1.0,0.6666666666666666,4,6,4,4,0.46192002296447754,0.89971923828125,0.35
4136,False,exact,1.0,Louisiana,Maine,0.6666666666666666,1.0,0.5,6,12,6,6,0.397295206785202,0.7540391087532043,0.35
4137,True,exact,1.0,salty,salty,0.09523809523809523,0.2,0.0625,5,16,1,1,0.16967585682868958,0.49240756034851074,0.35
4138,True,exact,1.0,horned viper,horned viper,0.5,1.0,0.3333333333333333,4,12,4,4,0.48366108536720276,0.859386682510376,0.35
4139,True,exact,1.0,Vivian can trade her tomatoes for Jamal's broccoli.,Vivian can trade her tomatoes for Jamal's broccoli.,0.7142857142857143,1.0,0.5555555555555556,5,9,5,5,0.3972286283969879,0.8705090284347534,0.35
4140,True,exact,1.0,Europe,Europe,0.4,1.0,0.25,3,12,3,3,0.4768199324607849,0.8057514429092407,0.35
4141,True,exact,1.0,Carson City,Carson City,0.6,1.0,0.42857142857142855,3,7,3,3,0.5363554358482361,0.9190509915351868,0.35
4142,True,exact,1.0,Texas,Texas,0.631578947368421,1.0,0.46153846153846156,6,13,6,6,0.4547232985496521,0.7892507910728455,0.35
4143,True,exact,1.0,a solid,a solid,0.4615384615384615,1.0,0.3,3,10,3,3,0.43223926424980164,0.7679906487464905,0.35
4144,True,exact,1.0,Hyla cinerea,Hyla cinerea,0.6666666666666666,1.0,0.5,4,8,4,4,0.5141223669052124,0.981738269329071,0.35
4145,True,exact,1.0,spotted deer,spotted deer,0.5454545454545454,1.0,0.375,3,8,3,3,0.38308730721473694,0.8024008870124817,0.35
4146,True,exact,1.0,Janice can trade her tomatoes for Abdul's broccoli.,Janice can trade her tomatoes for Abdul's broccoli.,0.6153846153846153,1.0,0.4444444444444444,4,9,4,4,0.4353635013103485,0.8244232535362244,0.35
4147,False,exact,0.3,the Atlantic Ocean,the Southern Ocean,0.7499999999999999,1.0,0.6,3,5,3,3,0.4670698046684265,0.7239181399345398,0.35
4148,True,exact,1.0,echinoderm,echinoderm,0.6,0.75,0.5,4,6,3,3,0.35256728529930115,0.811492383480072,0.35
4149,False,exact,0.3,Do steel nails rust in fewer days when submerged in a large volume of liquid compared to a small volume?,Do steel nails take fewer days to rust in water compared to vinegar?,0.4,1.0,0.25,3,12,3,3,0.4373058080673218,0.8397039771080017,0.35
4150,False,exact,0.3,neither; the samples have the same temperature,sample B,0.42857142857142855,1.0,0.2727272727272727,3,11,3,3,0.4848114550113678,0.8380974531173706,0.35
4151,True,exact,1.0,smooth,smooth,0.2222222222222222,0.6666666666666666,0.13333333333333333,3,15,2,2,0.308697909116745,0.725714385509491,0.35
4152,True,numeric_exact,1.0,The magnitude of the magnetic force is greater in Pair 1.,The magnitude of the magnetic force is greater in Pair 1.,0.47058823529411764,1.0,0.3076923076923077,4,13,4,4,0.5906566381454468,0.908595621585846,0.35
4153,False,numeric_mismatch,0.0,The magnitude of the magnetic force is greater in Pair 1.,The magnitude of the magnetic force is greater in Pair 2.,0.9090909090909091,1.0,0.8333333333333334,5,6,5,5,0.653540849685669,0.896401047706604,0.35
4154,False,exact,0.3,the Pacific Ocean,the Southern Ocean,0.4,1.0,0.25,3,12,3,3,0.618536114692688,0.8196707963943481,0.35
4155,True,exact,1.0,fragile,fragile,0.125,0.3333333333333333,0.07692307692307693,3,13,1,1,0.19968172907829285,0.4292333126068115,0.35
4156,False,numeric_mismatch,0.0,1:3,3:1,0.6666666666666666,1.0,0.5,5,10,5,5,0.411873459815979,0.8434332013130188,0.35
4157,True,exact,1.0,Idaho,Idaho,0.4,1.0,0.25,2,8,2,2,0.5166507959365845,0.7729554772377014,0.35
4158,True,exact,1.0,Cyanocitta cristata,Cyanocitta cristata,0.5714285714285715,1.0,0.4,4,10,4,4,0.3536459505558014,0.835803210735321,0.35
4159,True,exact,1.0,Augusta,Augusta,0.6666666666666666,1.0,0.5,3,6,3,3,0.4564098119735718,0.9052546620368958,0.35
4160,True,exact,1.0,Strix varia,Strix varia,0.36363636363636365,0.6666666666666666,0.25,3,8,2,2,0.3886139392852783,0.8669666051864624,0.35
4161,True,exact,1.0,He smelled sulfur and saw pieces of molten rock shooting out of the water.,He smelled sulfur and saw pieces of molten rock shooting out of the water.,0.5,1.0,0.3333333333333333,3,9,3,3,0.3509170114994049,0.7078636884689331,0.35
4162,True,exact,1.0,Tallahassee,Tallahassee,0.5,1.0,0.3333333333333333,3,9,3,3,0.363142728805542,0.9326404929161072,0.35
4163,False,exact,0.3,Anita can trade her broccoli for Bill's oranges.,Bill can trade his tomatoes for Anita's broccoli.,0.7692307692307693,1.0,0.625,5,8,5,5,0.4223345220088959,0.806119441986084,0.35
4164,True,exact,1.0,fuzzy,fuzzy,0.30769230769230765,0.5,0.2222222222222222,4,9,2,2,0.32370802760124207,0.5629066824913025,0.35
4165,False,exact,0.3,Do steel nails rust in fewer days when submerged in a large volume of liquid compared to a small volume?,Do steel nails take fewer days to rust in water compared to vinegar?,0.4,1.0,0.25,3,12,3,3,0.3751356601715088,0.8631917238235474,0.35
4166,True,exact,1.0,Denver,Denver,0.4444444444444444,0.6666666666666666,0.3333333333333333,3,6,2,2,0.34574541449546814,0.828928530216217,0.35
4167,True,numeric_exact,1.0,The magnetic force is stronger in Pair 2.,The magnetic force is stronger in Pair 2.,0.6153846153846153,1.0,0.4444444444444444,4,9,4,4,0.6447215676307678,0.8682637214660645,0.35
4168,True,exact,1.0,He was from Florence.,He was from Florence.,0.5,1.0,0.3333333333333333,3,9,3,3,0.4684589207172394,0.8220564126968384,0.35
4169,True,exact,1.0,Solution B,Solution B,0.6666666666666666,1.0,0.5,3,6,3,3,0.5638231039047241,0.9923377633094788,0.35
4170,True,exact,1.0,if a new batch of concrete was firm enough to use,if a new batch of concrete was firm enough to use,0.36363636363636365,0.6666666666666666,0.25,3,8,2,2,0.31067320704460144,0.6023401618003845,0.35
4171,True,exact,1.0,Charleston,Charleston,0.4,1.0,0.25,3,12,3,3,0.400994211435318,0.9427357912063599,0.35
4172,False,exact,0.3,a liquid,a solid,0.5454545454545454,0.75,0.42857142857142855,4,7,3,3,0.3931644558906555,0.8205690979957581,0.35
4173,True,exact,1.0,the school,the school,0.5454545454545454,1.0,0.375,3,8,3,3,0.315416544675827,0.7560814023017883,0.35
4174,True,exact,1.0,Europe,Europe,0.5,1.0,0.3333333333333333,3,9,3,3,0.5398920774459839,0.8918163776397705,0.35
4175,True,exact,1.0,They were made of metal.,They were made of metal.,0.46153846153846156,0.75,0.3333333333333333,4,9,3,3,0.39301598072052,0.7994521856307983,0.35
4176,True,exact,1.0,Montpelier,Montpelier,0.4,0.25,1.0,4,1,1,1,0.37521496415138245,0.5374945402145386,0.35
4177,False,exact,0.3,The magnetic force is stronger in Pair 1.,The strength of the magnetic force is the same in both pairs.,0.5714285714285715,1.0,0.4,4,10,4,4,0.6267410516738892,0.815168559551239,0.35
4178,False,exact,0.3,toward the baseball bat,away from the baseball bat,0.4615384615384615,1.0,0.3,3,10,3,3,0.42257460951805115,0.6573818325996399,0.35
4179,False,exact,0.3,neither; their concentrations are the same,Solution A,0.7499999999999999,1.0,0.6,3,5,3,3,0.3715023398399353,0.7246800065040588,0.35
4180,False,exact,0.3,neither; their concentrations are the same,Solution B,0.5454545454545454,1.0,0.375,3,8,3,3,0.5415229201316833,0.8389297723770142,0.35
4181,False,exact,0.3,the amount of sunlight the roof would get throughout the year,which side of the roof got more sun over one day,0.4210526315789474,1.0,0.26666666666666666,4,15,4,4,0.4043559432029724,0.9365346431732178,0.35
4182,True,exact,1.0,The magnitude of the magnetic force is the same in both pairs.,The magnitude of the magnetic force is the same in both pairs.,0.5714285714285715,1.0,0.4,4,10,4,4,0.491044819355011,0.8191190361976624,0.35
4183,True,exact,1.0,the Atlantic Ocean,the Atlantic Ocean,0.42857142857142855,1.0,0.2727272727272727,3,11,3,3,0.5422929525375366,0.9078283905982971,0.35
4184,True,exact,1.0,It has fur.,It has fur.,0.5,1.0,0.3333333333333333,3,9,3,3,0.5314779281616211,0.8614887595176697,0.35
4185,True,exact,1.0,Kiara can trade her tomatoes for Fernando's broccoli.,Kiara can trade her tomatoes for Fernando's broccoli.,0.8000000000000002,0.8,0.8,5,5,4,4,0.38577502965927124,0.8419487476348877,0.35
4186,True,exact,0.7,B) Bismarck,Bismarck,0.36363636363636365,0.6666666666666666,0.25,3,8,2,2,0.2920277416706085,0.931631863117218,0.35
4187,False,exact,0.3,Louisiana,North Carolina,0.7058823529411764,1.0,0.5454545454545454,6,11,6,6,0.38833722472190857,0.8299944996833801,0.35
4188,False,exact,0.3,South America,Antarctica,0.5454545454545454,1.0,0.375,3,8,3,3,0.4276678264141083,0.7410024404525757,0.35
4189,True,exact,1.0,Juneau,Juneau,0.5454545454545454,1.0,0.375,3,8,3,3,0.33371439576148987,0.9623345732688904,0.35
4190,True,exact,1.0,black-headed heron,black-headed heron,0.6153846153846153,1.0,0.4444444444444444,4,9,4,4,0.46449342370033264,0.75472491979599,0.35
4191,True,numeric_exact,1.0,The magnitude of the magnetic force is greater in Pair 1.,The magnitude of the magnetic force is greater in Pair 1.,0.5454545454545454,1.0,0.375,3,8,3,3,0.5742266774177551,0.8298266530036926,0.35
4192,True,exact,1.0,Delaware,Delaware,0.375,1.0,0.23076923076923078,3,13,3,3,0.5009170770645142,0.8063653111457825,0.35
4193,True,exact,1.0,the sections of wall scrubbed with water only,the sections of wall scrubbed with water only,0.23529411764705882,0.5,0.15384615384615385,4,13,2,2,0.16363480687141418,0.45968568325042725,0.35
4194,True,exact,1.0,Georgia,Georgia,0.5714285714285715,1.0,0.4,4,10,4,4,0.36243385076522827,0.6280405521392822,0.35
4195,True,exact,1.0,It has land that is covered with water during most of the year. It also has soil that is rich in nutrients.,It has land that is covered with water during most of the year. It also has soil that is rich in nutrients.,0.6153846153846153,1.0,0.4444444444444444,4,9,4,4,0.49304643273353577,0.8110001683235168,0.35
4196,True,exact,1.0,red kangaroo,red kangaroo,0.5,1.0,0.3333333333333333,3,9,3,3,0.325744092464447,0.6456392407417297,0.35
4197,True,exact,1.0,Steller's sea eagle,Steller's sea eagle,0.39999999999999997,0.75,0.2727272727272727,4,11,3,3,0.3148966133594513,0.904842734336853,0.35
4198,True,exact,1.0,Saint Vincent and the Grenadines,Saint Vincent and the Grenadines,0.5,0.3333333333333333,1.0,3,1,1,1,0.5169402956962585,0.5452593564987183,0.35
4199,True,exact,1.0,shiny,shiny,0.25,0.6666666666666666,0.15384615384615385,3,13,2,2,0.21933665871620178,0.4490070939064026,0.35
4200,True,exact,1.0,toward the first train car,toward the first train car,0.6,1.0,0.42857142857142855,3,7,3,3,0.43570342659950256,0.6537511944770813,0.35
4201,False,exact,0.3,the fruit,the flowers,0.4285714285714285,0.75,0.3,4,10,3,3,0.3360949158668518,0.7893335819244385,0.35
4202,True,exact,1.0,nitrogen,nitrogen,0.8,1.0,0.6666666666666666,4,6,4,4,0.4574812948703766,0.872137188911438,0.35
4203,True,exact,1.0,South Dakota,South Dakota,0.6153846153846153,1.0,0.4444444444444444,4,9,4,4,0.4269845485687256,0.8165462017059326,0.35
4204,True,exact,1.0,Asia,Asia,0.2666666666666667,1.0,0.15384615384615385,2,13,2,2,0.4102127254009247,0.7553644180297852,0.35
4205,False,exact,0.3,Ken can trade his broccoli for Marvin's oranges.,Marvin can trade his tomatoes for Ken's broccoli.,0.47619047619047616,0.8333333333333334,0.3333333333333333,6,15,5,5,0.3060236871242523,0.9218741655349731,0.35
4206,True,exact,1.0,Do more tomato seedlings grow when they are planted in soil with fertilizer compared to soil without fertilizer?,Do more tomato seedlings grow when they are planted in soil with fertilizer compared to soil without fertilizer?,0.5714285714285715,1.0,0.4,4,10,4,4,0.4050869345664978,0.7079856991767883,0.35
4207,False,exact,0.3,Saint Vincent and the Grenadines,Antigua and Barbuda,0.7499999999999999,1.0,0.6,3,5,3,3,0.45348116755485535,0.7853290438652039,0.35
4208,True,exact,1.0,Boston,Boston,0.6,1.0,0.42857142857142855,3,7,3,3,0.38564828038215637,0.8666096925735474,0.35
4209,True,exact,1.0,Georgia,Georgia,0.6666666666666666,1.0,0.5,4,8,4,4,0.3544781506061554,0.6081275343894958,0.35
4210,True,exact,1.0,blue,blue,0.18181818181818182,0.25,0.14285714285714285,4,7,1,1,0.27649468183517456,0.716620147228241,0.35
4211,True,exact,1.0,North America,North America,0.6,1.0,0.42857142857142855,3,7,3,3,0.44816821813583374,0.7492910027503967,0.35
4212,False,exact,0.3,Colin can trade his tomatoes for Austin's water.,Austin can trade his tomatoes for Colin's broccoli.,0.4615384615384615,1.0,0.3,3,10,3,3,0.44921720027923584,0.7057158946990967,0.35
4213,True,exact,1.0,"December, January, February, and March","December, January, February, and March",0.5882352941176471,1.0,0.4166666666666667,5,12,5,5,0.5391390919685364,0.8207710385322571,0.35
4214,True,exact,1.0,nitrogen,nitrogen,0.6,1.0,0.42857142857142855,3,7,3,3,0.38620418310165405,0.8925854563713074,0.35
4215,True,exact,1.0,Strix nebulosa,Strix nebulosa,0.6,0.75,0.5,4,6,3,3,0.46721234917640686,0.9319120645523071,0.35
4216,True,exact,1.0,Can pennies hold more drops of pure water or water mixed with hand soap?,Can pennies hold more drops of pure water or water mixed with hand soap?,0.375,1.0,0.23076923076923078,3,13,3,3,0.37213370203971863,0.7218941450119019,0.35
4217,False,exact,1.0,opaque,sticky,0.15384615384615383,0.3333333333333333,0.1,3,10,1,1,0.16673561930656433,0.5432186126708984,0.35
4218,True,exact,1.0,Falco peregrinus,Falco peregrinus,0.5333333333333333,1.0,0.36363636363636365,4,11,4,4,0.5299107432365417,0.990207314491272,0.35
4219,False,exact,0.3,barren-ground caribou,parasitic jaeger,0.4615384615384615,1.0,0.3,3,10,3,3,0.44091832637786865,0.6426042318344116,0.35
4220,False,exact,1.0,attract,repel,0.625,1.0,0.45454545454545453,5,11,5,5,0.45539480447769165,0.734098494052887,0.35
4221,False,exact,0.3,sea slug,crown-of-thorns sea star,0.5333333333333333,1.0,0.36363636363636365,4,11,4,4,0.367296040058136,0.6475576758384705,0.35
4222,True,exact,1.0,lar gibbon,lar gibbon,0.5555555555555556,0.8333333333333334,0.4166666666666667,6,12,5,5,0.4111616611480713,0.798500657081604,0.35
4223,True,exact,1.0,sample B,sample B,0.6666666666666666,1.0,0.5,4,8,4,4,0.4885457754135132,0.8539304733276367,0.35
4224,True,exact,1.0,New Hampshire,New Hampshire,0.5454545454545454,1.0,0.375,3,8,3,3,0.37250450253486633,0.7041395902633667,0.35
4225,True,exact,1.0,May,May,0.6153846153846153,1.0,0.4444444444444444,4,9,4,4,0.37470757961273193,0.8057523965835571,0.35
4226,True,yes_no,1.0,true,true,0.7142857142857143,1.0,0.5555555555555556,5,9,5,5,0.46455320715904236,0.7507244348526001,0.35
4227,False,exact,0.3,neither; their concentrations are the same,Solution B,0.4615384615384615,1.0,0.3,3,10,3,3,0.5743446946144104,0.8540288209915161,0.35
4228,True,exact,1.0,Jonah can trade his tomatoes for Cassie's broccoli.,Jonah can trade his tomatoes for Cassie's broccoli.,0.7692307692307693,1.0,0.625,5,8,5,5,0.369459331035614,0.8189970254898071,0.35
4229,True,exact,1.0,homologous structure,homologous structure,0.6,0.75,0.5,4,6,3,3,0.2993774712085724,0.672126829624176,0.35
4230,True,exact,1.0,Pierre,Pierre,0.42857142857142855,1.0,0.2727272727272727,3,11,3,3,0.38257256150245667,0.8403567671775818,0.35
4231,True,exact,1.0,human,human,0.4,1.0,0.25,3,12,3,3,0.44972318410873413,0.6210347414016724,0.35
4232,True,exact,1.0,Nashville,Nashville,0.7499999999999999,1.0,0.6,3,5,3,3,0.5397173166275024,0.8431863188743591,0.35
4233,True,exact,1.0,Boise,Boise,0.42857142857142855,1.0,0.2727272727272727,3,11,3,3,0.4141392707824707,0.8499338030815125,0.35
4234,True,exact,0.7,pathos,pathos (emotion),0.13333333333333333,0.25,0.09090909090909091,4,11,1,1,0.19348321855068207,0.4540214538574219,0.35
4235,True,exact,1.0,East Asia,East Asia,0.4,1.0,0.25,3,12,3,3,0.4810394048690796,0.8944584131240845,0.35
4236,True,yes_no,1.0,no,no,0.5333333333333333,1.0,0.36363636363636365,4,11,4,4,0.5204816460609436,0.9495757818222046,0.35
4237,True,exact,1.0,flexible,flexible,0.4444444444444444,0.6666666666666666,0.3333333333333333,6,12,4,4,0.1728495955467224,0.5647925734519958,0.35
4238,True,exact,1.0,It has soil that is rich in nutrients. It also has other water ecosystems nearby.,It has soil that is rich in nutrients. It also has other water ecosystems nearby.,0.4,0.5,0.3333333333333333,4,6,2,2,0.3189355134963989,0.6758438944816589,0.35
4239,True,exact,1.0,the steel squares soaked in salt water,the steel squares soaked in salt water,0.33333333333333337,1.0,0.2,2,10,2,2,0.3281612992286682,0.6488462090492249,0.35
4240,False,exact,0.3,Solution A,Solution B,0.5454545454545454,1.0,0.375,3,8,3,3,0.5745875239372253,0.9331411719322205,0.35
4241,True,exact,1.0,aardvark,aardvark,0.5333333333333333,1.0,0.36363636363636365,4,11,4,4,0.4478178322315216,0.6864472031593323,0.35
4242,True,exact,1.0,South America,South America,0.5454545454545454,1.0,0.375,3,8,3,3,0.5418230295181274,0.884868323802948,0.35
4243,False,exact,0.3,orca,sea cucumber,0.5882352941176471,1.0,0.4166666666666667,5,12,5,5,0.42594942450523376,0.9003164768218994,0.35
4244,True,exact,1.0,translucent,translucent,0.4444444444444444,0.6666666666666666,0.3333333333333333,3,6,2,2,0.276499480009079,0.5837255716323853,0.35
4245,True,exact,1.0,Honolulu,Honolulu,0.6,1.0,0.42857142857142855,3,7,3,3,0.45408186316490173,0.7967162132263184,0.35
4246,True,exact,1.0,The strength of the magnetic force is the same in both pairs.,The strength of the magnetic force is the same in both pairs.,0.5263157894736842,1.0,0.35714285714285715,5,14,5,5,0.5622758865356445,0.8766327500343323,0.35
4247,True,exact,1.0,Papua New Guinea,Papua New Guinea,0.6153846153846153,1.0,0.4444444444444444,4,9,4,4,0.38688942790031433,0.8136994242668152,0.35
4248,True,exact,1.0,Idaho,Idaho,0.7272727272727273,1.0,0.5714285714285714,8,14,8,8,0.4510612487792969,0.8891292214393616,0.35
4249,True,exact,1.0,sample B,sample B,0.7142857142857143,1.0,0.5555555555555556,5,9,5,5,0.4830433428287506,0.832032322883606,0.35
4250,True,yes_no,1.0,true,true,0.47058823529411764,1.0,0.3076923076923077,4,13,4,4,0.37652212381362915,0.9225170612335205,0.35
4251,True,exact,1.0,Lansing,Lansing,0.5,0.6666666666666666,0.4,3,5,2,2,0.3275585472583771,0.9239060878753662,0.35
4252,True,exact,1.0,It has warm summers and warm winters. It also has soil that is poor in nutrients.,It has warm summers and warm winters. It also has soil that is poor in nutrients.,0.6666666666666666,1.0,0.5,4,8,4,4,0.3782830834388733,0.6889868974685669,0.35
4253,True,exact,1.0,New York,New York,0.4615384615384615,1.0,0.3,3,10,3,3,0.32311543822288513,0.6910779476165771,0.35
4254,False,numeric_mismatch,0.0,The magnitude of the magnetic force is smaller in Pair 2.,The magnitude of the magnetic force is smaller in Pair 1.,0.7142857142857143,1.0,0.5555555555555556,5,9,5,5,0.5726780295372009,0.8667893409729004,0.35
4255,True,exact,1.0,Connecticut,Connecticut,0.4,1.0,0.25,3,12,3,3,0.297773540019989,0.5959136486053467,0.35
4256,True,exact,1.0,Sumatran orangutan,Sumatran orangutan,0.5,0.75,0.375,4,8,3,3,0.381256103515625,0.9098994135856628,0.35
4257,True,exact,1.0,plated leaf chameleon,plated leaf chameleon,0.35294117647058826,1.0,0.21428571428571427,3,14,3,3,0.3870279788970947,0.7182948589324951,0.35
4258,True,exact,1.0,Hartford,Hartford,0.5,0.6666666666666666,0.4,3,5,2,2,0.28352564573287964,0.8914108872413635,0.35
4259,False,exact,0.3,Do radish plants grown under bright light have more leaves than radish plants grown under dim light?,Do radishes grown under bright light get bigger than radishes grown under dim light?,0.5,1.0,0.3333333333333333,4,12,4,4,0.39248132705688477,0.7117389440536499,0.35
4260,True,exact,1.0,South America,South America,0.35294117647058826,1.0,0.21428571428571427,3,14,3,3,0.5305206775665283,0.8954781293869019,0.35
4261,True,exact,1.0,It keeps them warm by trapping their body heat.,It keeps them warm by trapping their body heat.,0.5,1.0,0.3333333333333333,4,12,4,4,0.4226030111312866,0.809390127658844,0.35
4262,True,exact,1.0,Ambystoma opacum,Ambystoma opacum,0.5333333333333333,1.0,0.36363636363636365,4,11,4,4,0.3972695469856262,0.8314962387084961,0.35
4263,False,exact,0.3,crocodile egg,palm leaf,0.5,0.6,0.42857142857142855,5,7,3,3,0.3614632785320282,0.8421491384506226,0.35
4264,True,exact,1.0,poison dart frog,poison dart frog,0.3529411764705882,0.75,0.23076923076923078,4,13,3,3,0.3627910614013672,0.8499950766563416,0.35
4265,False,exact,0.3,Saint Kitts and Nevis,Antigua and Barbuda,0.42857142857142855,1.0,0.2727272727272727,3,11,3,3,0.38540905714035034,0.893970251083374,0.35
4266,True,exact,1.0,It has warm summers and warm winters.,It has warm summers and warm winters.,0.5,0.75,0.375,4,8,3,3,0.42933255434036255,0.8245440125465393,0.35
4267,False,numeric_mismatch,0.0,1/4,0/4,0.5454545454545454,1.0,0.375,6,16,6,6,0.41255834698677063,0.8953779935836792,0.35
4268,True,exact,1.0,Jaylen can trade his tomatoes for Porter's broccoli.,Jaylen can trade his tomatoes for Porter's broccoli.,0.625,0.625,0.625,8,8,5,5,0.3617740273475647,0.8466917872428894,0.35
4269,True,exact,1.0,rough,rough,0.18181818181818182,0.1,1.0,10,1,1,1,0.1932910978794098,0.42854130268096924,0.35
4270,True,exact,1.0,Nauru,Nauru,0.33333333333333337,1.0,0.2,3,15,3,3,0.30583328008651733,0.6559596061706543,0.35
4271,True,exact,1.0,common buzzard,common buzzard,0.4,0.25,1.0,4,1,1,1,0.4382548928260803,0.6377629637718201,0.35
4272,True,exact,1.0,Harrisburg,Harrisburg,0.4444444444444444,0.6666666666666666,0.3333333333333333,3,6,2,2,0.445328027009964,0.9649537801742554,0.35
4273,True,exact,1.0,the sandstone layer,the sandstone layer,0.39999999999999997,0.75,0.2727272727272727,4,11,3,3,0.3352971374988556,0.8920241594314575,0.35
4274,True,exact,1.0,New York,New York,0.6666666666666667,0.875,0.5384615384615384,8,13,7,7,0.38694608211517334,0.8476453423500061,0.35
4275,True,exact,1.0,Boston,Boston,0.6666666666666666,1.0,0.5,3,6,3,3,0.48393508791923523,0.9188815355300903,0.35
4276,False,exact,0.3,to the right than to the left,to the left than to the right,0.4347826086956522,1.0,0.2777777777777778,5,18,5,5,0.46875613927841187,0.799109697341919,0.35
4277,False,numeric_mismatch,0.0,The magnitude of the magnetic force is smaller in Pair 2.,The magnitude of the magnetic force is smaller in Pair 1.,0.7692307692307693,1.0,0.625,5,8,5,5,0.5757178068161011,0.8896421790122986,0.35
4278,False,exact,0.3,New Hampshire,Massachusetts,0.375,1.0,0.23076923076923078,3,13,3,3,0.42567557096481323,0.6183410882949829,0.35
4279,True,exact,1.0,sea urchin,sea urchin,0.5714285714285715,1.0,0.4,4,10,4,4,0.3492138683795929,0.9233566522598267,0.35
4280,True,exact,1.0,Nashville,Nashville,0.6,1.0,0.42857142857142855,3,7,3,3,0.5392315983772278,0.8941220641136169,0.35
4281,False,exact,0.3,Solomon Islands,Fiji,0.5714285714285715,1.0,0.4,4,10,4,4,0.45183658599853516,0.6539796590805054,0.35
4282,True,exact,1.0,Denver,Denver,0.6666666666666666,1.0,0.5,3,6,3,3,0.3968982398509979,0.9448526501655579,0.35
4283,False,exact,0.3,neither; their concentrations are the same,Solution A,0.4210526315789474,1.0,0.26666666666666666,4,15,4,4,0.47761183977127075,0.8582548499107361,0.35
4284,True,yes_no,1.0,true,true,0.6153846153846153,1.0,0.4444444444444444,4,9,4,4,0.433697909116745,0.8226702213287354,0.35
4285,True,exact,1.0,bearded dragon,bearded dragon,0.6666666666666666,1.0,0.5,4,8,4,4,0.42521488666534424,0.8418152928352356,0.35
4286,False,exact,0.3,Hanson can trade his tomatoes for Maya's oranges.,Maya can trade her tomatoes for Hanson's broccoli.,0.7000000000000001,1.0,0.5384615384615384,7,13,7,7,0.4615451395511627,0.7865860462188721,0.35
4287,False,exact,0.3,gray crowned crane,black howler,0.375,1.0,0.23076923076923078,3,13,3,3,0.3582548499107361,0.6867222785949707,0.35
4288,True,exact,1.0,Spirobranchus giganteus,Spirobranchus giganteus,0.8,1.0,0.6666666666666666,4,6,4,4,0.5850107669830322,0.9271818995475769,0.35
4289,True,exact,1.0,rock,rock,0.35294117647058826,1.0,0.21428571428571427,3,14,3,3,0.48968082666397095,0.8620260953903198,0.35
4290,True,exact,1.0,July,July,0.6666666666666666,1.0,0.5,5,10,5,5,0.42836302518844604,0.8149756193161011,0.35
4291,True,exact,1.0,New Hampshire,New Hampshire,0.875,0.875,0.875,8,8,7,7,0.33764615654945374,0.830531656742096,0.35
4292,True,exact,1.0,smooth,smooth,0.28571428571428575,0.6666666666666666,0.18181818181818182,3,11,2,2,0.3022262454032898,0.889899492263794,0.35
4293,False,exact,0.3,Saint Vincent and the Grenadines,Grenada,0.4615384615384615,1.0,0.3,3,10,3,3,0.39940130710601807,0.8632310628890991,0.35
4294,True,exact,1.0,"the sand dunes, the prairie sandreed, and the greater prairie chickens","the sand dunes, the prairie sandreed, and the greater prairie chickens",0.47058823529411764,1.0,0.3076923076923077,4,13,4,4,0.42751455307006836,0.838714599609375,0.35
4295,True,exact,1.0,the number of times the plots were burned each year,the number of times the plots were burned each year,0.33333333333333337,1.0,0.2,3,15,3,3,0.4233822226524353,0.7751710414886475,0.35
4296,True,exact,1.0,koalas,koalas,0.375,1.0,0.23076923076923078,3,13,3,3,0.4283665418624878,0.7221801280975342,0.35
4297,True,exact,1.0,snowy owl,snowy owl,0.6666666666666666,1.0,0.5,3,6,3,3,0.524344265460968,0.8390070199966431,0.35
4298,True,exact,1.0,Pierre,Pierre,0.5,0.3333333333333333,1.0,3,1,1,1,0.5903940200805664,0.67728590965271,0.35
4299,True,exact,1.0,a compound,a compound,0.8,1.0,0.6666666666666666,4,6,4,4,0.42682743072509766,0.9079849123954773,0.35
4300,True,exact,1.0,The magnitude of the magnetic force is the same in both pairs.,The magnitude of the magnetic force is the same in both pairs.,0.375,1.0,0.23076923076923078,3,13,3,3,0.5964078307151794,0.8472172617912292,0.35
4301,False,exact,0.3,whether different types of bacteria would need different nutrients to produce insulin,whether she added enough nutrients to help the bacteria produce 20% more insulin,0.4285714285714285,0.75,0.3,4,10,3,3,0.2755641043186188,0.668407142162323,0.35
4302,True,exact,1.0,Denver,Denver,0.3157894736842105,1.0,0.1875,3,16,3,3,0.45848873257637024,0.8353970050811768,0.35
4303,False,numeric_mismatch,0.0,The magnitude of the magnetic force is greater in Pair 1.,The magnitude of the magnetic force is greater in Pair 2.,0.5714285714285715,1.0,0.4,4,10,4,4,0.5909587740898132,0.8668242692947388,0.35
4304,True,exact,1.0,slippery,slippery,0.6153846153846153,1.0,0.4444444444444444,4,9,4,4,0.27875635027885437,0.5299768447875977,0.35
4305,False,exact,1.0,Vanuatu,Fiji,0.4,1.0,0.25,4,16,4,4,0.48780345916748047,0.7638471126556396,0.35
4306,False,exact,0.3,South America,Africa,0.5454545454545454,1.0,0.375,3,8,3,3,0.605484664440155,0.7114696502685547,0.35
4307,True,exact,1.0,Des Moines,Des Moines,0.30769230769230765,0.6666666666666666,0.2,3,10,2,2,0.4157072901725769,0.8899373412132263,0.35
4308,True,exact,1.0,clownfish,clownfish,0.6,1.0,0.42857142857142855,3,7,3,3,0.4310152530670166,0.6154564023017883,0.35
4309,True,exact,1.0,short-tailed weasel,short-tailed weasel,0.5714285714285715,1.0,0.4,4,10,4,4,0.4885988235473633,0.7293182015419006,0.35
4310,True,exact,1.0,Alabama,Alabama,0.4,1.0,0.25,2,8,2,2,0.45278123021125793,0.7953500151634216,0.35
4311,False,exact,1.0,sweet,bumpy,0.28571428571428575,0.6666666666666666,0.18181818181818182,3,11,2,2,0.1944422870874405,0.44894400238990784,0.35
4312,False,yes_no,1.0,yes,no,0.25,0.6666666666666666,0.15384615384615385,3,13,2,2,0.46909967064857483,0.8340528607368469,0.35
4313,True,exact,1.0,goldfish,goldfish,0.35294117647058826,1.0,0.21428571428571427,3,14,3,3,0.3628220558166504,0.9324461817741394,0.35
4314,True,exact,1.0,New Hampshire,New Hampshire,0.4,1.0,0.25,3,12,3,3,0.3377852439880371,0.7029494643211365,0.35
4315,False,exact,1.0,kangaroo,human,0.6666666666666666,1.0,0.5,3,6,3,3,0.38291463255882263,0.5303926467895508,0.35
4316,False,exact,0.3,the Dominican Republic,Trinidad and Tobago,0.6666666666666666,1.0,0.5,4,8,4,4,0.43167373538017273,0.6617285013198853,0.35
4317,True,exact,1.0,rough,rough,0.35294117647058826,1.0,0.21428571428571427,3,14,3,3,0.3356911242008209,0.7516574263572693,0.35
4318,True,exact,1.0,if adding the blade guards made the drone fly poorly,if adding the blade guards made the drone fly poorly,0.35294117647058826,1.0,0.21428571428571427,3,14,3,3,0.5151041746139526,0.8915302157402039,0.35
4319,True,exact,1.0,Cheyenne,Cheyenne,0.6,1.0,0.42857142857142855,3,7,3,3,0.36407846212387085,0.8876574635505676,0.35
4320,False,exact,0.3,whether different types of bacteria would need different nutrients to produce insulin,whether she added enough nutrients to help the bacteria produce 20% more insulin,0.125,0.25,0.08333333333333333,4,12,1,1,0.2370692491531372,0.7104301452636719,0.35
4321,True,exact,1.0,logos (reason),logos (reason),0.2,0.3333333333333333,0.14285714285714285,3,7,1,1,0.19608116149902344,0.470840185880661,0.35
4322,False,numeric_mismatch,0.0,1:3,0:4,0.5882352941176471,1.0,0.4166666666666667,5,12,5,5,0.37884530425071716,0.7343648672103882,0.35
4323,True,exact,1.0,Concord,Concord,0.4,0.6666666666666666,0.2857142857142857,3,7,2,2,0.4193105101585388,0.9521937966346741,0.35
4324,True,exact,1.0,soft,soft,0.5714285714285715,1.0,0.4,4,10,4,4,0.256022185087204,0.5676844120025635,0.35
4325,True,numeric_exact,1.0,The magnitude of the magnetic force is smaller in Pair 2.,The magnitude of the magnetic force is smaller in Pair 2.,0.7142857142857143,1.0,0.5555555555555556,5,9,5,5,0.5230721831321716,0.7921097278594971,0.35
4326,True,numeric_exact,1.0,whether the new turbine could produce 10% more electricity,whether the new turbine could produce 10% more electricity,0.4285714285714285,0.75,0.3,4,10,3,3,0.3311723470687866,0.8334833383560181,0.35
4327,False,exact,0.3,neither; their concentrations are the same,Solution A,0.5714285714285715,1.0,0.4,4,10,4,4,0.48186689615249634,0.7771614193916321,0.35
4328,True,exact,1.0,New Jersey,New Jersey,0.7499999999999999,1.0,0.6,3,5,3,3,0.5362282395362854,0.8612886071205139,0.35
4329,True,exact,1.0,wood,wood,0.42857142857142855,1.0,0.2727272727272727,3,11,3,3,0.4236678183078766,0.861240804195404,0.35
4330,True,exact,1.0,caribou,caribou,0.6153846153846153,1.0,0.4444444444444444,4,9,4,4,0.3636796474456787,0.7409875392913818,0.35
4331,False,exact,0.3,crocodile egg,fern,0.6666666666666666,1.0,0.5,4,8,4,4,0.4766783118247986,0.7489446997642517,0.35
4332,False,exact,0.3,away from her hand,toward her hand,0.4615384615384615,1.0,0.3,3,10,3,3,0.27937862277030945,0.5598828196525574,0.35
4333,False,exact,0.3,Do steel nails rust in fewer days when submerged in a large volume of liquid compared to a small volume?,Do steel nails take fewer days to rust in water compared to vinegar?,0.4444444444444445,1.0,0.2857142857142857,4,14,4,4,0.2987920939922333,0.8358814716339111,0.35
4334,True,exact,1.0,the Atlantic Ocean,the Atlantic Ocean,0.33333333333333337,1.0,0.2,3,15,3,3,0.5944916009902954,0.769901692867279,0.35
4335,True,exact,1.0,toward the center of Earth,toward the center of Earth,0.5,1.0,0.3333333333333333,3,9,3,3,0.4268645644187927,0.8488942980766296,0.35
4336,True,exact,1.0,golden frog,golden frog,0.3529411764705882,0.75,0.23076923076923078,4,13,3,3,0.36509227752685547,0.8542429208755493,0.35
4337,True,exact,1.0,soft,soft,0.18181818181818182,0.3333333333333333,0.125,3,8,1,1,0.17429618537425995,0.39773133397102356,0.35
4338,True,exact,1.0,blue,blue,0.26666666666666666,0.6666666666666666,0.16666666666666666,3,12,2,2,0.30255234241485596,0.8659983277320862,0.35
4339,False,exact,0.3,Saint Vincent and the Grenadines,Grenada,0.4615384615384615,1.0,0.3,3,10,3,3,0.4039062261581421,0.754321813583374,0.35
4340,True,exact,1.0,the Federated States of Micronesia,the Federated States of Micronesia,0.35294117647058826,1.0,0.21428571428571427,3,14,3,3,0.46990230679512024,0.8140091300010681,0.35
4341,True,exact,1.0,Monica can trade her tomatoes for Diana's broccoli.,Monica can trade her tomatoes for Diana's broccoli.,0.8,1.0,0.6666666666666666,4,6,4,4,0.46038198471069336,0.8046092391014099,0.35
4342,True,exact,1.0,bat ray,bat ray,0.6666666666666666,1.0,0.5,4,8,4,4,0.4476652145385742,0.9358699917793274,0.35
4343,True,exact,1.0,Diana can trade her tomatoes for Gabby's broccoli.,Diana can trade her tomatoes for Gabby's broccoli.,0.625,1.0,0.45454545454545453,5,11,5,5,0.43057000637054443,0.8236719369888306,0.35
4344,True,exact,1.0,which design would have the greatest distance between the concert area and the road,which design would have the greatest distance between the concert area and the road,0.39999999999999997,0.75,0.2727272727272727,4,11,3,3,0.27756014466285706,0.9129619598388672,0.35
4345,False,numeric_mismatch,0.0,The magnetic force is weaker in Pair 2.,The magnetic force is weaker in Pair 1.,0.6666666666666666,1.0,0.5,4,8,4,4,0.5792821645736694,0.8541713356971741,0.35
4346,True,exact,1.0,San Antonio,San Antonio,0.3157894736842105,1.0,0.1875,3,16,3,3,0.369723916053772,0.5795238614082336,0.35
4347,True,exact,1.0,rough,rough,0.35294117647058826,1.0,0.21428571428571427,3,14,3,3,0.3317071795463562,0.758845865726471,0.35
4348,True,exact,1.0,if a new batch of concrete was firm enough to use,if a new batch of concrete was firm enough to use,0.6666666666666666,1.0,0.5,4,8,4,4,0.4113464057445526,0.8322914838790894,0.35
4349,False,exact,0.3,how well the weather station would work when it was windy,if the weather station would work when the temperature was 50°C,0.35294117647058826,1.0,0.21428571428571427,3,14,3,3,0.3559771180152893,0.6893407106399536,0.35
4350,True,exact,1.0,Arctic fox,Arctic fox,0.4615384615384615,1.0,0.3,3,10,3,3,0.4700123965740204,0.7218639254570007,0.35
4351,False,exact,1.0,mimicry,camouflage,0.4444444444444444,0.6666666666666666,0.3333333333333333,3,6,2,2,0.24149101972579956,0.46766647696495056,0.35
4352,False,exact,1.0,Nauru,Samoa,0.33333333333333337,1.0,0.2,3,15,3,3,0.4022638201713562,0.6899406313896179,0.35
4353,False,exact,0.3,the surroundings . . . each pizza,each pizza . . . the surroundings,0.8,1.0,0.6666666666666666,6,9,6,6,0.4745545983314514,0.9056540131568909,0.35
4354,True,exact,1.0,iodine,iodine,0.6153846153846153,1.0,0.4444444444444444,4,9,4,4,0.5110777020454407,0.938175618648529,0.35
4355,True,exact,1.0,Charleston,Charleston,0.6,1.0,0.42857142857142855,3,7,3,3,0.3963262438774109,0.8383241891860962,0.35
4356,True,exact,1.0,Alouatta caraya,Alouatta caraya,0.6666666666666666,1.0,0.5,5,10,5,5,0.4170750677585602,0.8720096945762634,0.35
4357,True,exact,1.0,sweet,sweet,0.30769230769230765,0.6666666666666666,0.2,3,10,2,2,0.3141351342201233,0.7463626265525818,0.35
4358,True,exact,1.0,Trenton,Trenton,0.4,0.6666666666666666,0.2857142857142857,3,7,2,2,0.3915041983127594,0.8561721444129944,0.35
4359,True,exact,1.0,New Zealand,New Zealand,0.5,1.0,0.3333333333333333,3,9,3,3,0.5220420956611633,0.8357664942741394,0.35
4360,False,exact,0.3,Rhode Island,Massachusetts,0.375,1.0,0.23076923076923078,3,13,3,3,0.383161336183548,0.7716322541236877,0.35
4361,True,exact,1.0,precision,precision,0.6153846153846153,1.0,0.4444444444444444,4,9,4,4,0.3828980624675751,0.832889199256897,0.35
4362,True,exact,1.0,polar bear,polar bear,0.4,1.0,0.25,3,12,3,3,0.3784152865409851,0.6838989853858948,0.35
4363,True,exact,1.0,Saint Paul,Saint Paul,0.5,0.6666666666666666,0.4,3,5,2,2,0.41957467794418335,0.9409180283546448,0.35
4364,True,exact,1.0,Idaho,Idaho,0.7058823529411764,1.0,0.5454545454545454,6,11,6,6,0.39257240295410156,0.8851423859596252,0.35
4365,True,exact,1.0,fragile,fragile,0.5714285714285715,1.0,0.4,4,10,4,4,0.1982119083404541,0.6183516383171082,0.35
4366,True,yes_no,1.0,false,false,0.7058823529411764,1.0,0.5454545454545454,6,11,6,6,0.4358607232570648,0.8556051850318909,0.35
4367,False,exact,0.3,neither; the samples have the same temperature,sample B,0.6666666666666666,1.0,0.5,5,10,5,5,0.4732377231121063,0.7946596741676331,0.35
4368,True,exact,1.0,Concord,Concord,0.6666666666666666,1.0,0.5,3,6,3,3,0.45144712924957275,0.8946663737297058,0.35
4369,True,exact,1.0,Phoenix,Phoenix,0.5,1.0,0.3333333333333333,3,9,3,3,0.5404298901557922,0.846843421459198,0.35
4370,False,exact,0.3,Kiribati,the Marshall Islands,0.4615384615384615,1.0,0.3,3,10,3,3,0.3834220767021179,0.8845703601837158,0.35
4371,True,exact,1.0,Texas,Texas,0.5,1.0,0.3333333333333333,4,12,4,4,0.48760828375816345,0.87894207239151,0.35
4372,True,numeric_exact,1.0,The magnitude of the magnetic force is greater in Pair 1.,The magnitude of the magnetic force is greater in Pair 1.,0.7142857142857143,1.0,0.5555555555555556,5,9,5,5,0.5351293087005615,0.8994118571281433,0.35
4373,True,exact,1.0,Kevin can trade his tomatoes for Aaliyah's broccoli.,Kevin can trade his tomatoes for Aaliyah's broccoli.,0.5714285714285714,0.8,0.4444444444444444,5,9,4,4,0.37365514039993286,0.7377530932426453,0.35
4374,False,exact,0.3,if the sample fabric would absorb one drop of water in less than one second,how long it would take the sample fabric to dry after it absorbed one drop of water,0.42857142857142855,1.0,0.2727272727272727,3,11,3,3,0.3986930549144745,0.7890059947967529,0.35
4375,True,exact,1.0,Australia,Australia,0.5,1.0,0.3333333333333333,4,12,4,4,0.46167123317718506,0.7842176556587219,0.35
4376,True,exact,1.0,if a new batch of concrete was firm enough to use,if a new batch of concrete was firm enough to use,0.25,0.6666666666666666,0.15384615384615385,3,13,2,2,0.23722369968891144,0.5135077834129333,0.35
4377,True,exact,1.0,wombat,wombat,0.5333333333333333,1.0,0.36363636363636365,4,11,4,4,0.33843934535980225,0.48703956604003906,0.35
4378,False,exact,1.0,repel,attract,0.47058823529411764,1.0,0.3076923076923077,4,13,4,4,0.5886078476905823,0.8403196334838867,0.35
4379,True,exact,1.0,Dover,Dover,0.6,1.0,0.42857142857142855,3,7,3,3,0.2885258197784424,0.8923889398574829,0.35
4380,False,exact,0.3,neither; the samples have the same temperature,sample A,0.6666666666666666,1.0,0.5,4,8,4,4,0.4728548228740692,0.8177022337913513,0.35
4381,True,exact,1.0,dwarf crocodile,dwarf crocodile,0.46153846153846156,0.75,0.3333333333333333,4,9,3,3,0.36016637086868286,0.553726315498352,0.35
4382,True,exact,1.0,how long it would take the sample fabric to dry after it absorbed one drop of water,how long it would take the sample fabric to dry after it absorbed one drop of water,0.35294117647058826,1.0,0.21428571428571427,3,14,3,3,0.38578569889068604,0.7577695846557617,0.35
4383,True,exact,1.0,barn swallow,barn swallow,0.4444444444444445,1.0,0.2857142857142857,4,14,4,4,0.4855256676673889,0.7734591364860535,0.35
4384,True,exact,1.0,Strix aluco,Strix aluco,0.5454545454545454,1.0,0.375,3,8,3,3,0.5351679921150208,0.8957446813583374,0.35
4385,True,exact,1.0,Nashville,Nashville,0.6,1.0,0.42857142857142855,3,7,3,3,0.38881051540374756,0.8535386323928833,0.35
4386,True,numeric_exact,1.0,The magnitude of the magnetic force is smaller in Pair 2.,The magnitude of the magnetic force is smaller in Pair 2.,0.8333333333333333,1.0,0.7142857142857143,5,7,5,5,0.521098256111145,0.8186172842979431,0.35
4387,True,exact,1.0,Oklahoma City,Oklahoma City,0.6,1.0,0.42857142857142855,3,7,3,3,0.5128815770149231,0.8668313026428223,0.35
4388,True,exact,1.0,slippery,slippery,0.28571428571428575,0.6666666666666666,0.18181818181818182,3,11,2,2,0.2250213325023651,0.7412394881248474,0.35
4389,True,exact,1.0,collared lemming,collared lemming,0.5714285714285715,1.0,0.4,4,10,4,4,0.5643988847732544,0.9037356972694397,0.35
4390,False,exact,1.0,climate,weather,0.5454545454545454,0.75,0.42857142857142855,4,7,3,3,0.25418806076049805,0.607763409614563,0.35
4391,True,exact,1.0,Asian golden weaver,Asian golden weaver,0.39999999999999997,0.75,0.2727272727272727,4,11,3,3,0.3639771342277527,0.8376801609992981,0.35
4392,True,exact,1.0,Olympia,Olympia,0.5,1.0,0.3333333333333333,3,9,3,3,0.43462103605270386,0.8965904116630554,0.35
4393,True,yes_no,1.0,true,true,0.625,0.8333333333333334,0.5,6,10,5,5,0.411517471075058,0.9160828590393066,0.35
4394,True,exact,1.0,Missouri,Missouri,0.2666666666666667,1.0,0.15384615384615385,2,13,2,2,0.49321237206459045,0.8016530275344849,0.35
4395,False,exact,0.3,bear sedge,grizzly bear,0.6666666666666666,1.0,0.5,3,6,3,3,0.5250937938690186,0.8779187798500061,0.35
4396,True,exact,1.0,They have four legs.,They have four legs.,0.4615384615384615,1.0,0.3,3,10,3,3,0.39263537526130676,0.9187159538269043,0.35
4397,True,exact,1.0,wood,wood,0.5,1.0,0.3333333333333333,3,9,3,3,0.4577443599700928,0.8759124279022217,0.35
4398,False,exact,0.3,Saint Vincent and the Grenadines,The Bahamas,0.42857142857142855,1.0,0.2727272727272727,3,11,3,3,0.4770817458629608,0.7735907435417175,0.35
4399,False,exact,0.3,to the right than to the left,to the left than to the right,0.4615384615384615,1.0,0.3,3,10,3,3,0.35151350498199463,0.6272885203361511,0.35
4400,True,exact,1.0,Macropus agilis,Macropus agilis,0.5714285714285715,1.0,0.4,4,10,4,4,0.46085628867149353,0.9761145710945129,0.35
4401,True,exact,1.0,Solution B,Solution B,0.6666666666666666,1.0,0.5,4,8,4,4,0.646245539188385,0.8995165228843689,0.35
4402,True,exact,1.0,Olympia,Olympia,0.4615384615384615,1.0,0.3,3,10,3,3,0.41520074009895325,0.8022069334983826,0.35
4403,True,exact,1.0,July,July,0.5882352941176471,1.0,0.4166666666666667,5,12,5,5,0.38616201281547546,0.8399579524993896,0.35
4404,False,exact,0.3,Grenada,Trinidad and Tobago,0.5,1.0,0.3333333333333333,3,9,3,3,0.4344421923160553,0.6724427342414856,0.35
4405,True,exact,1.0,Hyla cinerea,Hyla cinerea,0.42857142857142855,1.0,0.2727272727272727,3,11,3,3,0.5018005967140198,0.9589188098907471,0.35
4406,True,exact,1.0,Utah,Utah,0.42857142857142855,1.0,0.2727272727272727,3,11,3,3,0.5387133955955505,0.8703998923301697,0.35
4407,False,exact,0.3,toucan,white stork,0.4615384615384615,1.0,0.3,3,10,3,3,0.3900282680988312,0.5655863881111145,0.35
4408,True,exact,1.0,Maine,Maine,0.6153846153846153,1.0,0.4444444444444444,4,9,4,4,0.4939412474632263,0.8838150501251221,0.35
4409,True,exact,1.0,the plants that were soaked in water and sprayed,the plants that were soaked in water and sprayed,0.4,1.0,0.25,3,12,3,3,0.4231160283088684,0.7805752754211426,0.35
4410,True,exact,1.0,whether the filter was clogged,whether the filter was clogged,0.26666666666666666,0.5,0.18181818181818182,4,11,2,2,0.2907528579235077,0.7491362690925598,0.35
4411,True,exact,1.0,North America,North America,0.42857142857142855,1.0,0.2727272727272727,3,11,3,3,0.41235774755477905,0.6804751753807068,0.35
4412,False,numeric_mismatch,0.0,1/4,2/4,0.5882352941176471,1.0,0.4166666666666667,5,12,5,5,0.3439261019229889,0.8304900527000427,0.35
4413,False,numeric_mismatch,0.0,1/4,2/4,0.5,0.8333333333333334,0.35714285714285715,6,14,5,5,0.2848072648048401,0.6023377776145935,0.35
4414,True,exact,1.0,if a new batch of concrete was firm enough to use,if a new batch of concrete was firm enough to use,0.39999999999999997,0.75,0.2727272727272727,4,11,3,3,0.3015015423297882,0.7462444305419922,0.35
4415,True,exact,1.0,The benches on the riverbank are partly underwater.,The benches on the riverbank are partly underwater.,0.5454545454545454,1.0,0.375,3,8,3,3,0.3903388977050781,0.82041335105896,0.35
4416,True,exact,1.0,Lepus californicus,Lepus californicus,0.4,1.0,0.25,3,12,3,3,0.5376713275909424,0.9617035388946533,0.35
4417,True,exact,1.0,Raleigh,Raleigh,0.5,1.0,0.3333333333333333,3,9,3,3,0.2868451774120331,0.9127438068389893,0.35
4418,False,yes_no,1.0,true,false,0.5454545454545454,1.0,0.375,3,8,3,3,0.5559795498847961,0.8879157304763794,0.35
4419,True,exact,1.0,plastic,plastic,0.4444444444444444,0.6666666666666666,0.3333333333333333,3,6,2,2,0.3089944124221802,0.696582019329071,0.35
4420,True,exact,1.0,wool,wool,0.5454545454545454,1.0,0.375,3,8,3,3,0.3957703113555908,0.7055546045303345,0.35
4421,False,exact,0.3,peregrine falcon,flamingo,0.3,1.0,0.17647058823529413,3,17,3,3,0.40489935874938965,0.6463005542755127,0.35
4422,True,exact,1.0,scratchy,scratchy,0.23529411764705882,0.5,0.15384615384615385,4,13,2,2,0.2760900855064392,0.6892750859260559,0.35
4423,False,exact,0.3,Emilia can trade her almonds for Naomi's tomatoes.,Naomi can trade her tomatoes for Emilia's broccoli.,0.8750000000000001,1.0,0.7777777777777778,7,9,7,7,0.4435324966907501,0.8214147686958313,0.35
4424,True,exact,1.0,yellow,yellow,0.375,1.0,0.23076923076923078,3,13,3,3,0.32486778497695923,0.7591636180877686,0.35
4425,True,exact,1.0,a gas,a gas,0.35294117647058826,1.0,0.21428571428571427,3,14,3,3,0.36001017689704895,0.83763188123703,0.35
4426,True,exact,1.0,Nevada,Nevada,0.4210526315789474,1.0,0.26666666666666666,4,15,4,4,0.4500168263912201,0.9746133685112,0.35
4427,False,exact,0.3,lace monitor,spectacled cobra,0.4,1.0,0.25,3,12,3,3,0.3913947343826294,0.670009970664978,0.35
4428,True,exact,1.0,Boise,Boise,0.5454545454545454,0.75,0.42857142857142855,4,7,3,3,0.3264227509498596,0.7292618751525879,0.35
4429,True,exact,1.0,Cheyenne,Cheyenne,0.5454545454545454,1.0,0.375,3,8,3,3,0.3785041570663452,0.9145766496658325,0.35
4430,True,exact,1.0,Montpelier,Montpelier,0.25,0.6666666666666666,0.15384615384615385,3,13,2,2,0.38542914390563965,0.9634577035903931,0.35
4431,True,numeric_exact,1.0,H2O2,H2O2,0.5,1.0,0.3333333333333333,3,9,3,3,0.4792311489582062,0.793668806552887,0.35
4432,True,numeric_exact,1.0,how steady a parachute with a 1 m vent was at 200 km per hour,how steady a parachute with a 1 m vent was at 200 km per hour,0.5333333333333333,1.0,0.36363636363636365,4,11,4,4,0.46629598736763,0.8144810199737549,0.35
4433,True,exact,1.0,Indianapolis,Indianapolis,0.5,0.3333333333333333,1.0,3,1,1,1,0.5008717179298401,0.6566815376281738,0.35
4434,True,exact,1.0,a higher elevation than,a higher elevation than,0.375,1.0,0.23076923076923078,3,13,3,3,0.5490331053733826,0.8445822596549988,0.35
4435,False,exact,0.3,Dave can trade his broccoli for Sarah's oranges.,Sarah can trade her tomatoes for Dave's broccoli.,0.39999999999999997,0.75,0.2727272727272727,4,11,3,3,0.27954065799713135,0.7319047451019287,0.35
4436,True,exact,1.0,It has year-round rain. It also has many different types of organisms.,It has year-round rain. It also has many different types of organisms.,0.4,1.0,0.25,3,12,3,3,0.3884843587875366,0.6399235129356384,0.35
4437,True,exact,1.0,Australia,Australia,0.4,1.0,0.25,3,12,3,3,0.48837149143218994,0.7240154147148132,0.35
4438,True,exact,1.0,Cheyenne,Cheyenne,0.4444444444444444,0.6666666666666666,0.3333333333333333,3,6,2,2,0.40661191940307617,0.8949850797653198,0.35
4439,True,exact,1.0,Annapolis,Annapolis,0.4,0.6666666666666666,0.2857142857142857,3,7,2,2,0.3701896369457245,0.8939752578735352,0.35
4440,True,exact,1.0,Salem,Salem,0.6,0.75,0.5,4,6,3,3,0.3036561906337738,0.925949215888977,0.35
4441,True,exact,1.0,New York,New York,0.375,1.0,0.23076923076923078,3,13,3,3,0.4332784414291382,0.6962316632270813,0.35
4442,True,exact,1.0,Tara can trade her tomatoes for Jeremiah's broccoli.,Tara can trade her tomatoes for Jeremiah's broccoli.,0.6153846153846154,0.8,0.5,5,8,4,4,0.4125959277153015,0.8578264117240906,0.35
4443,True,exact,1.0,Tallahassee,Tallahassee,0.6666666666666666,1.0,0.5,3,6,3,3,0.47891733050346375,0.8914777040481567,0.35
4444,False,exact,0.3,neither; the samples have the same temperature,sample A,0.6666666666666666,1.0,0.5,5,10,5,5,0.4724023938179016,0.8490002751350403,0.35
4445,True,exact,1.0,a compound,a compound,0.6153846153846153,1.0,0.4444444444444444,4,9,4,4,0.4472542405128479,0.8571720123291016,0.35
4446,True,exact,1.0,She wanted to travel to outer space.,She wanted to travel to outer space.,0.4,1.0,0.25,3,12,3,3,0.41586148738861084,0.8036827445030212,0.35
4447,True,exact,1.0,Does linen fabric turn darker than cotton fabric when soaked in a mixture of black dye and water?,Does linen fabric turn darker than cotton fabric when soaked in a mixture of black dye and water?,0.33333333333333337,1.0,0.2,3,15,3,3,0.40620118379592896,0.7072875499725342,0.35
4448,True,exact,1.0,a gas,a gas,0.26666666666666666,0.4,0.2,5,10,2,2,0.25977402925491333,0.8127069473266602,0.35
4449,True,exact,1.0,Eurasian lynx,Eurasian lynx,0.375,1.0,0.23076923076923078,3,13,3,3,0.49991515278816223,0.9373144507408142,0.35
4450,True,exact,1.0,weather,weather,0.4,1.0,0.25,3,12,3,3,0.3199782967567444,0.7382790446281433,0.35
4451,False,exact,1.0,weather,climate,0.26666666666666666,0.6666666666666666,0.16666666666666666,3,12,2,2,0.3509731590747833,0.8267827033996582,0.35
4452,True,exact,1.0,Australia,Australia,0.4,1.0,0.25,3,12,3,3,0.44355419278144836,0.7536284923553467,0.35
4453,True,exact,1.0,Lincoln,Lincoln,0.4615384615384615,1.0,0.3,3,10,3,3,0.4458489716053009,0.9128870368003845,0.35
4454,True,exact,1.0,shiny,shiny,0.4210526315789474,1.0,0.26666666666666666,4,15,4,4,0.3793336749076843,0.713352620601654,0.35
4455,True,exact,1.0,Columbia,Columbia,0.4,1.0,0.25,3,12,3,3,0.3720688819885254,0.9458723068237305,0.35
4456,True,exact,1.0,glass,glass,0.5,1.0,0.3333333333333333,3,9,3,3,0.457275927066803,0.7680450677871704,0.35
4457,True,exact,1.0,starry moray,starry moray,0.4444444444444444,0.6666666666666666,0.3333333333333333,3,6,2,2,0.34442490339279175,0.9224185943603516,0.35
4458,False,exact,0.3,Massachusetts,Rhode Island,0.5,1.0,0.3333333333333333,4,12,4,4,0.3506053388118744,0.6027567386627197,0.35
4459,False,exact,0.3,It has cool winters. It also has cool summers.,It has hot summers. It also has soil that is rich in nutrients.,0.6,1.0,0.42857142857142855,3,7,3,3,0.442962110042572,0.6809567213058472,0.35
4460,True,exact,1.0,Albany,Albany,0.2666666666666667,1.0,0.15384615384615385,2,13,2,2,0.4193529486656189,0.8275313377380371,0.35
4461,False,exact,1.0,Palau,Samoa,0.42857142857142855,1.0,0.2727272727272727,3,11,3,3,0.39618125557899475,0.6963004469871521,0.35
4462,True,exact,1.0,Des Moines,Des Moines,0.4,0.6666666666666666,0.2857142857142857,3,7,2,2,0.38859957456588745,0.8299593329429626,0.35
4463,True,numeric_exact,1.0,The magnitude of the magnetic force is smaller in Pair 2.,The magnitude of the magnetic force is smaller in Pair 2.,1.0,1.0,1.0,8,8,8,8,0.6894699931144714,0.8881372213363647,0.35
4464,True,exact,1.0,Oklahoma City,Oklahoma City,0.6666666666666666,1.0,0.5,3,6,3,3,0.5095508098602295,0.9211781620979309,0.35
4465,True,exact,1.0,Little Rock,Little Rock,0.4444444444444445,0.5,0.4,4,5,2,2,0.3181333839893341,0.9171871542930603,0.35
4466,False,numeric_mismatch,0.0,The magnetic force is weaker in Pair 2.,The magnetic force is weaker in Pair 1.,0.7000000000000001,1.0,0.5384615384615384,7,13,7,7,0.6144271492958069,0.9214828014373779,0.35
4467,True,exact,1.0,kelp bass,kelp bass,0.5263157894736842,1.0,0.35714285714285715,5,14,5,5,0.40322110056877136,0.9086148738861084,0.35
4468,True,exact,1.0,Denver,Denver,0.6666666666666666,1.0,0.5,3,6,3,3,0.4836066663265228,0.8967841863632202,0.35
4469,True,exact,1.0,shiny,shiny,0.13333333333333333,0.3333333333333333,0.08333333333333333,3,12,1,1,0.22442147135734558,0.47549349069595337,0.35
4470,True,exact,1.0,Cheyenne,Cheyenne,0.4615384615384615,1.0,0.3,3,10,3,3,0.3152714669704437,0.9321565628051758,0.35
4471,True,exact,1.0,sample A,sample A,0.5882352941176471,1.0,0.4166666666666667,5,12,5,5,0.4889850914478302,0.9097906947135925,0.35
4472,True,exact,1.0,the Babylonian Empire,the Babylonian Empire,0.8,1.0,0.6666666666666666,6,9,6,6,0.5153110027313232,0.875328004360199,0.35
4473,True,exact,1.0,Alligator sinensis,Alligator sinensis,0.5714285714285715,1.0,0.4,4,10,4,4,0.6461846232414246,0.9365007281303406,0.35
4474,False,exact,1.0,repel,attract,0.4615384615384615,1.0,0.3,3,10,3,3,0.5921062231063843,0.8809428811073303,0.35
4475,True,exact,1.0,piranha,piranha,0.35294117647058826,1.0,0.21428571428571427,3,14,3,3,0.4017372727394104,0.6845113039016724,0.35
4476,False,exact,1.0,repel,attract,0.6666666666666666,1.0,0.5,4,8,4,4,0.4145822525024414,0.6941974759101868,0.35
4477,True,exact,1.0,Haiti,Haiti,0.33333333333333337,1.0,0.2,3,15,3,3,0.5145096182823181,0.7675759792327881,0.35
4478,True,exact,1.0,Salt Lake City,Salt Lake City,0.6666666666666666,1.0,0.5,3,6,3,3,0.3350001871585846,0.885360836982727,0.35
4479,True,numeric_exact,1.0,CLCN1 gene . . . chloride channel protein,CLCN1 gene . . . chloride channel protein,0.4615384615384615,0.6,0.375,5,8,3,3,0.35493361949920654,0.8056156039237976,0.35
4480,True,numeric_exact,1.0,The magnetic force is stronger in Pair 1.,The magnetic force is stronger in Pair 1.,0.5,1.0,0.3333333333333333,4,12,4,4,0.6382253170013428,0.9233615398406982,0.35
4481,True,exact,1.0,oxygen,oxygen,0.6,1.0,0.42857142857142855,3,7,3,3,0.3653450012207031,0.743532121181488,0.35
4482,True,exact,1.0,Australia,Australia,0.4,1.0,0.25,3,12,3,3,0.441314697265625,0.7508193850517273,0.35
4483,False,exact,0.3,alligator,box turtle,0.4615384615384615,1.0,0.3,3,10,3,3,0.3285399079322815,0.5771223902702332,0.35
4484,False,exact,0.3,the Atlantic Ocean,the Pacific Ocean,0.35294117647058826,1.0,0.21428571428571427,3,14,3,3,0.507146954536438,0.7922610640525818,0.35
4485,False,exact,0.3,the surroundings . . . each cake,each cake . . . the surroundings,0.5714285714285715,1.0,0.4,4,10,4,4,0.5974874496459961,0.9131388664245605,0.35
4486,False,exact,0.3,Phoenix,Las Vegas,0.4444444444444444,0.6666666666666666,0.3333333333333333,6,12,4,4,0.30698972940444946,0.7621989846229553,0.35
4487,True,yes_no,1.0,false,false,0.5882352941176471,1.0,0.4166666666666667,5,12,5,5,0.5184230804443359,0.9155195951461792,0.35
4488,True,exact,0.7,pathos,pathos (emotion),0.28571428571428575,0.5,0.2,4,10,2,2,0.22389979660511017,0.5241809487342834,0.35
4489,False,exact,0.3,neither; the samples have the same temperature,sample B,0.5,1.0,0.3333333333333333,4,12,4,4,0.4992043972015381,0.897526204586029,0.35
4490,True,exact,1.0,silver maple,silver maple,0.3636363636363636,1.0,0.2222222222222222,2,9,2,2,0.44125548005104065,0.8323837518692017,0.35
4491,True,exact,1.0,push,push,0.4,1.0,0.25,3,12,3,3,0.46666255593299866,0.7533144950866699,0.35
4492,True,exact,1.0,Columbus,Columbus,0.6666666666666666,1.0,0.5,3,6,3,3,0.4691329002380371,0.8716037273406982,0.35
4493,True,exact,1.0,Terrell can trade his tomatoes for Allie's broccoli.,Terrell can trade his tomatoes for Allie's broccoli.,0.5263157894736842,1.0,0.35714285714285715,5,14,5,5,0.3600008487701416,0.860896110534668,0.35
4494,True,exact,1.0,European beaver,European beaver,0.39999999999999997,0.75,0.2727272727272727,4,11,3,3,0.45436131954193115,0.9348841905593872,0.35
4495,True,exact,1.0,Boston,Boston,0.6666666666666666,1.0,0.5,3,6,3,3,0.49297019839286804,0.9096522331237793,0.35
4496,True,exact,1.0,Pierre,Pierre,0.5454545454545454,1.0,0.375,3,8,3,3,0.39138007164001465,0.9381165504455566,0.35
4497,True,exact,1.0,Does linen fabric turn darker than cotton fabric when soaked in a mixture of black dye and water?,Does linen fabric turn darker than cotton fabric when soaked in a mixture of black dye and water?,0.3157894736842105,1.0,0.1875,3,16,3,3,0.4048537015914917,0.6375395059585571,0.35
4498,True,exact,1.0,painted stork,painted stork,0.6,1.0,0.42857142857142855,3,7,3,3,0.38276809453964233,0.8075605630874634,0.35
4499,True,exact,1.0,weather,weather,0.31578947368421056,0.75,0.2,4,15,3,3,0.30265742540359497,0.6502038836479187,0.35
4500,True,numeric_exact,1.0,The magnitude of the magnetic force is smaller in Pair 1.,The magnitude of the magnetic force is smaller in Pair 1.,0.6153846153846153,1.0,0.4444444444444444,4,9,4,4,0.5813328623771667,0.8822745084762573,0.35
4501,True,exact,1.0,Alligator mississippiensis,Alligator mississippiensis,0.35294117647058826,1.0,0.21428571428571427,3,14,3,3,0.5785088539123535,0.898224949836731,0.35
4502,True,exact,1.0,opaque,opaque,0.15384615384615383,0.3333333333333333,0.1,3,10,1,1,0.21614429354667664,0.5624736547470093,0.35
4503,True,exact,1.0,Helena,Helena,0.4,0.25,1.0,4,1,1,1,0.47508904337882996,0.5264025330543518,0.35
4504,False,exact,1.0,sticky,translucent,0.28571428571428575,0.5,0.2,4,10,2,2,0.19366632401943207,0.4055803418159485,0.35
4505,True,exact,1.0,Atlanta,Atlanta,0.6666666666666666,1.0,0.5,3,6,3,3,0.43880581855773926,0.835610032081604,0.35
4506,True,exact,1.0,plastic,plastic,0.5454545454545454,1.0,0.375,3,8,3,3,0.536696195602417,0.866614580154419,0.35
4507,True,exact,1.0,a compound,a compound,0.5333333333333333,1.0,0.36363636363636365,4,11,4,4,0.49444419145584106,0.8320323824882507,0.35
4508,True,exact,1.0,"Washington, D.C.","Washington, D.C.",0.5,1.0,0.3333333333333333,4,12,4,4,0.3567725121974945,0.7258667349815369,0.35
4509,True,exact,1.0,Castor canadensis,Castor canadensis,0.3333333333333333,0.5,0.25,4,8,2,2,0.42800483107566833,0.9165428280830383,0.35
4510,True,exact,1.0,sample A,sample A,0.6666666666666666,1.0,0.5,5,10,5,5,0.4667060375213623,0.8380974531173706,0.35
4511,True,exact,1.0,the surroundings . . . each refrigerator,the surroundings . . . each refrigerator,0.625,1.0,0.45454545454545453,5,11,5,5,0.45185402035713196,0.8646597862243652,0.35
4512,True,exact,1.0,tiger shark,tiger shark,0.6,1.0,0.42857142857142855,3,7,3,3,0.48986029624938965,0.6887312531471252,0.35
4513,True,numeric_exact,1.0,BF3,BF3,0.5,1.0,0.3333333333333333,3,9,3,3,0.44370242953300476,0.7973872423171997,0.35
4514,False,exact,0.3,the Douglas fir trees and the long-eared owls,the western red cedar trees,0.6153846153846154,0.8,0.5,5,8,4,4,0.3832457661628723,0.7740890979766846,0.35
4515,False,exact,0.3,Solomon Islands,the Marshall Islands,0.5714285714285715,1.0,0.4,4,10,4,4,0.43432673811912537,0.8869852423667908,0.35
4516,True,exact,1.0,West Virginia,West Virginia,0.8571428571428571,0.75,1.0,8,6,6,6,0.4627118408679962,0.81477290391922,0.35
4517,False,exact,0.3,He loved playing with blocks.,He was able to do math.,0.13333333333333333,0.3333333333333333,0.08333333333333333,3,12,1,1,0.1701928973197937,0.5035998225212097,0.35
4518,False,exact,0.3,Kathleen can trade her broccoli for Emmet's tomatoes.,Emmet can trade his tomatoes for Kathleen's broccoli.,0.42857142857142855,1.0,0.2727272727272727,3,11,3,3,0.45307058095932007,0.8810684084892273,0.35
4519,True,exact,1.0,roaring,roaring,0.4615384615384615,1.0,0.3,3,10,3,3,0.5462234020233154,0.8542801141738892,0.35
4520,True,exact,1.0,to the right than to the left,to the right than to the left,0.4210526315789474,1.0,0.26666666666666666,4,15,4,4,0.4598739743232727,0.8070298433303833,0.35
4521,True,exact,1.0,Europe,Europe,0.4,1.0,0.25,3,12,3,3,0.6257185935974121,0.8611834645271301,0.35
4522,False,exact,0.3,Can pennies hold more drops of water mixed with hand soap or water mixed with dish soap?,Can pennies hold more drops of pure water or water mixed with hand soap?,0.4285714285714285,0.75,0.3,4,10,3,3,0.3260645866394043,0.7205767631530762,0.35
4523,False,exact,0.3,New Hampshire,Delaware,0.6153846153846153,1.0,0.4444444444444444,4,9,4,4,0.36129844188690186,0.6410970687866211,0.35
4524,False,exact,1.0,repel,attract,0.4,0.25,1.0,4,1,1,1,0.5872955322265625,0.6568043231964111,0.35
4525,True,exact,1.0,It has soil that is rich in nutrients.,It has soil that is rich in nutrients.,0.4,1.0,0.25,3,12,3,3,0.47332271933555603,0.780046284198761,0.35
4526,True,numeric_exact,1.0,more than 150 years,more than 150 years,0.8,1.0,0.6666666666666666,4,6,4,4,0.3558821380138397,0.9123331308364868,0.35
4527,False,numeric_mismatch,0.0,The magnetic force is stronger in Pair 1.,The magnetic force is stronger in Pair 2.,0.8571428571428571,1.0,0.75,6,8,6,6,0.6085267663002014,0.8452050685882568,0.35
4528,True,exact,1.0,California gull,California gull,0.5714285714285715,1.0,0.4,4,10,4,4,0.4373936653137207,0.9495077729225159,0.35
4529,True,exact,1.0,New Mexico,New Mexico,0.8571428571428571,0.8571428571428571,0.8571428571428571,7,7,6,6,0.3569166362285614,0.94013512134552,0.35
4530,True,exact,1.0,flamingo,flamingo,0.42857142857142855,1.0,0.2727272727272727,3,11,3,3,0.4266485571861267,0.6620097160339355,0.35
4531,True,exact,1.0,sample A,sample A,0.5,1.0,0.3333333333333333,5,15,5,5,0.5017495155334473,0.9179263114929199,0.35
4532,True,exact,1.0,rough,rough,0.2,0.25,0.16666666666666666,4,6,1,1,0.20161204040050507,0.4517401158809662,0.35
4533,False,numeric_mismatch,0.0,The magnitude of the magnetic force is greater in Pair 1.,The magnitude of the magnetic force is greater in Pair 2.,0.8,1.0,0.6666666666666666,4,6,4,4,0.6307356953620911,0.9220032095909119,0.35
4534,True,exact,1.0,Pelecanus occidentalis,Pelecanus occidentalis,0.33333333333333337,1.0,0.2,3,15,3,3,0.4661390483379364,0.9668668508529663,0.35
4535,True,exact,1.0,bull shark,bull shark,0.5714285714285715,1.0,0.4,4,10,4,4,0.4166107177734375,0.8862373232841492,0.35
4536,True,numeric_exact,1.0,The magnitude of the magnetic force is greater in Pair 1.,The magnitude of the magnetic force is greater in Pair 1.,0.7692307692307693,1.0,0.625,5,8,5,5,0.5597900152206421,0.8819481730461121,0.35
4537,True,exact,1.0,how long it would take the sample fabric to dry after it absorbed one drop of water,how long it would take the sample fabric to dry after it absorbed one drop of water,0.5,1.0,0.3333333333333333,3,9,3,3,0.4265727996826172,0.728478193283081,0.35
4538,True,exact,1.0,Alligator sinensis,Alligator sinensis,0.5714285714285715,1.0,0.4,4,10,4,4,0.5094239711761475,0.8958743214607239,0.35
4539,False,exact,0.3,Can pennies hold more drops of water mixed with hand soap or water mixed with dish soap?,Can pennies hold more drops of pure water or water mixed with hand soap?,0.46153846153846156,0.75,0.3333333333333333,4,9,3,3,0.2979668974876404,0.6467838883399963,0.35
4540,True,exact,1.0,Phoenix,Phoenix,0.4615384615384615,1.0,0.3,3,10,3,3,0.48571813106536865,0.8937994241714478,0.35
4541,True,exact,1.0,Concord,Concord,0.42857142857142855,1.0,0.2727272727272727,3,11,3,3,0.2411884367465973,0.9213840961456299,0.35
4542,True,exact,1.0,Salem,Salem,0.35294117647058826,1.0,0.21428571428571427,3,14,3,3,0.4433521032333374,0.9391027092933655,0.35
4543,True,exact,1.0,Haiti,Haiti,0.6153846153846153,1.0,0.4444444444444444,4,9,4,4,0.4939720332622528,0.8109418749809265,0.35
4544,True,exact,1.0,barking tree frog,barking tree frog,0.7272727272727273,1.0,0.5714285714285714,4,7,4,4,0.39267489314079285,0.708837628364563,0.35
4545,True,exact,1.0,Massachusetts,Massachusetts,0.42857142857142855,1.0,0.2727272727272727,3,11,3,3,0.4084368050098419,0.6286719441413879,0.35
4546,True,exact,1.0,sedimentary,sedimentary,0.6666666666666666,1.0,0.5,4,8,4,4,0.4988362193107605,0.8714624643325806,0.35
4547,True,yes_no,1.0,yes,yes,0.33333333333333337,1.0,0.2,3,15,3,3,0.49065589904785156,0.8013379573822021,0.35
4548,True,exact,1.0,opaque,opaque,0.3333333333333333,0.75,0.21428571428571427,4,14,3,3,0.24911174178123474,0.5899131298065186,0.35
4549,True,exact,1.0,Cheyenne,Cheyenne,0.30769230769230765,0.6666666666666666,0.2,3,10,2,2,0.3727875351905823,0.9484480023384094,0.35
4550,True,exact,1.0,Solution A,Solution A,0.6153846153846153,1.0,0.4444444444444444,4,9,4,4,0.5714400410652161,0.9241671562194824,0.35
4551,True,exact,1.0,Leo can trade his tomatoes for Caden's broccoli.,Leo can trade his tomatoes for Caden's broccoli.,0.5714285714285714,0.8,0.4444444444444444,5,9,4,4,0.39054909348487854,0.7370579838752747,0.35
4552,True,exact,1.0,Erinaceus europaeus,Erinaceus europaeus,0.4,0.5,0.3333333333333333,4,6,2,2,0.4412432610988617,0.9616882801055908,0.35
4553,True,exact,1.0,Do steel nails take fewer days to rust in water compared to vinegar?,Do steel nails take fewer days to rust in water compared to vinegar?,0.47058823529411764,1.0,0.3076923076923077,4,13,4,4,0.3641577363014221,0.8319534063339233,0.35
4554,True,exact,0.7,logos,logos (reason),0.0,0.0,0.0,3,7,0,0,0.08695250749588013,0.1758023351430893,0.35
4555,True,exact,1.0,Pierre,Pierre,0.4444444444444444,0.6666666666666666,0.3333333333333333,3,6,2,2,0.3250022828578949,0.9598066806793213,0.35
4556,False,exact,0.3,Both were created by writer James Fenimore Cooper.,Both fought in the French and Indian War.,0.6,1.0,0.42857142857142855,3,7,3,3,0.2575995922088623,0.5845750570297241,0.35
4557,True,yes_no,1.0,false,false,0.4210526315789474,1.0,0.26666666666666666,4,15,4,4,0.40393683314323425,0.9122141003608704,0.35
4558,True,exact,1.0,Argema mittrei,Argema mittrei,0.4615384615384615,1.0,0.3,3,10,3,3,0.455922394990921,0.8745547533035278,0.35
4559,False,exact,0.3,to the right than to the left,to the left than to the right,0.375,1.0,0.23076923076923078,3,13,3,3,0.4291623830795288,0.6441734433174133,0.35
4560,True,exact,1.0,The Gulf of Mexico contains salt water.,The Gulf of Mexico contains salt water.,0.6666666666666666,1.0,0.5,5,10,5,5,0.43311846256256104,0.8132811188697815,0.35
4561,True,exact,1.0,Nebraska,Nebraska,0.6153846153846153,0.5714285714285714,0.6666666666666666,7,6,4,4,0.39819571375846863,0.7491514086723328,0.35
4562,True,exact,1.0,It has soil that is rich in nutrients.,It has soil that is rich in nutrients.,0.5454545454545454,1.0,0.375,3,8,3,3,0.4366455078125,0.7067492604255676,0.35
4563,True,exact,1.0,Montgomery,Montgomery,0.5,0.6666666666666666,0.4,3,5,2,2,0.405769020318985,0.8918735384941101,0.35
4564,True,exact,1.0,Oklahoma,Oklahoma,0.5714285714285715,1.0,0.4,4,10,4,4,0.3983112871646881,0.8950793147087097,0.35
4565,False,exact,0.3,It has soil that is poor in nutrients. It also has other water ecosystems nearby.,It has soil that is rich in nutrients. It also has other water ecosystems nearby.,0.5,1.0,0.3333333333333333,3,9,3,3,0.4666084051132202,0.8007577657699585,0.35
4566,True,exact,1.0,He makes a plan with Juliet to run away.,He makes a plan with Juliet to run away.,0.33333333333333337,0.2,1.0,5,1,1,1,0.5484573245048523,0.624381422996521,0.35
4567,True,exact,1.0,Cheyenne,Cheyenne,0.36363636363636365,0.6666666666666666,0.25,3,8,2,2,0.36015021800994873,0.8677229881286621,0.35
4568,False,exact,0.3,sunlight,stable temperatures,0.39999999999999997,0.75,0.2727272727272727,4,11,3,3,0.27767980098724365,0.699865996837616,0.35
4569,False,exact,0.3,neither; their concentrations are the same,Solution B,0.5,1.0,0.3333333333333333,2,6,2,2,0.5589014291763306,0.7933794856071472,0.35
4570,True,yes_no,1.0,false,false,0.625,1.0,0.45454545454545453,5,11,5,5,0.48730412125587463,0.8357778191566467,0.35
4571,False,exact,1.0,plastic,metal,0.5454545454545454,1.0,0.375,3,8,3,3,0.4246387481689453,0.8018024563789368,0.35
4572,True,exact,1.0,Mesozoic era,Mesozoic era,0.42857142857142855,1.0,0.2727272727272727,3,11,3,3,0.4588058292865753,0.7694023251533508,0.35
4573,False,exact,0.3,a mature fern,a heart-shaped plant,0.5555555555555556,1.0,0.38461538461538464,5,13,5,5,0.5411252975463867,0.9899282455444336,0.35
4574,True,exact,1.0,Kiribati,Kiribati,0.4,1.0,0.25,3,12,3,3,0.34232813119888306,0.7800951600074768,0.35
4575,True,exact,1.0,It has daily flooding and draining of seawater. It also has water that is rich in nutrients.,It has daily flooding and draining of seawater. It also has water that is rich in nutrients.,0.6666666666666665,0.75,0.6,4,5,3,3,0.4710632264614105,0.8655425906181335,0.35
4576,False,numeric_mismatch,0.0,The magnitude of the magnetic force is greater in Pair 1.,The magnitude of the magnetic force is greater in Pair 2.,0.7142857142857143,1.0,0.5555555555555556,5,9,5,5,0.5694733262062073,0.8987607359886169,0.35
4577,True,yes_no,1.0,no,no,0.6666666666666666,1.0,0.5,4,8,4,4,0.4306843876838684,0.8657091856002808,0.35
4578,True,exact,1.0,starry moray,starry moray,0.7058823529411765,0.75,0.6666666666666666,8,9,6,6,0.4460766613483429,0.8466668725013733,0.35
4579,True,exact,1.0,sample B,sample B,0.7142857142857143,1.0,0.5555555555555556,5,9,5,5,0.5299568176269531,0.8261846899986267,0.35
4580,True,exact,1.0,kelp bass,kelp bass,0.375,1.0,0.23076923076923078,3,13,3,3,0.5156909227371216,0.9022169709205627,0.35
4581,True,exact,1.0,Connecticut,Connecticut,0.4615384615384615,1.0,0.3,3,10,3,3,0.40224209427833557,0.710677444934845,0.35
4582,False,exact,0.3,A plant's fruit makes seeds.,A plant's flowers make seeds.,0.25,0.3333333333333333,0.2,6,10,2,2,0.31172218918800354,0.8552523851394653,0.35
4583,False,exact,0.3,brown lemming,bilberry,0.5714285714285714,0.75,0.46153846153846156,8,13,6,6,0.3520774841308594,0.7941843271255493,0.35
4584,True,exact,1.0,Pelecanus philippensis,Pelecanus philippensis,0.5333333333333333,1.0,0.36363636363636365,4,11,4,4,0.5448924899101257,0.9720078706741333,0.35
4585,False,exact,0.3,Victor can trade his almonds for Bryce's tomatoes.,Bryce can trade his tomatoes for Victor's broccoli.,0.625,1.0,0.45454545454545453,5,11,5,5,0.34006860852241516,0.7795067429542542,0.35
4586,True,exact,1.0,western Africa,western Africa,0.8333333333333334,0.8333333333333334,0.8333333333333334,6,6,5,5,0.35802847146987915,0.7455902695655823,0.35
4587,True,yes_no,1.0,yes,yes,0.8,1.0,0.6666666666666666,4,6,4,4,0.45744049549102783,0.9243418574333191,0.35
4588,True,exact,1.0,whether the filter was clogged,whether the filter was clogged,0.3529411764705882,0.75,0.23076923076923078,4,13,3,3,0.3492310643196106,0.6582642793655396,0.35
4589,True,exact,1.0,five arms,five arms,0.4,1.0,0.25,3,12,3,3,0.412423700094223,0.7240643501281738,0.35
4590,True,exact,1.0,Sadie can trade her tomatoes for Kira's broccoli.,Sadie can trade her tomatoes for Kira's broccoli.,0.4210526315789474,1.0,0.26666666666666666,4,15,4,4,0.3551570177078247,0.8970988392829895,0.35
4591,True,exact,1.0,red salamander,red salamander,0.6,1.0,0.42857142857142855,3,7,3,3,0.4888572692871094,0.6283667683601379,0.35
4592,True,exact,1.0,bouncy,bouncy,0.30769230769230765,0.6666666666666666,0.2,3,10,2,2,0.20532168447971344,0.5273469090461731,0.35
4593,True,exact,1.0,Cheyenne,Cheyenne,0.6666666666666666,1.0,0.5,3,6,3,3,0.3694309592247009,0.8930268287658691,0.35
4594,True,exact,1.0,wattled jacana,wattled jacana,0.4615384615384615,1.0,0.3,3,10,3,3,0.34797996282577515,0.8472925424575806,0.35
4595,True,exact,1.0,Madison,Madison,0.36363636363636365,0.6666666666666666,0.25,3,8,2,2,0.39858388900756836,0.8860583901405334,0.35
4596,False,exact,0.3,clown triggerfish,bat ray,0.5454545454545454,1.0,0.375,3,8,3,3,0.3878408968448639,0.6849778890609741,0.35
4597,False,exact,0.3,Edwin can trade his tomatoes for Brenda's almonds.,Edwin can trade his tomatoes for Brenda's broccoli.,0.8333333333333333,1.0,0.7142857142857143,5,7,5,5,0.43345123529434204,0.8214336037635803,0.35
4598,True,exact,1.0,Nevada,Nevada,0.5714285714285715,1.0,0.4,4,10,4,4,0.4156900942325592,0.828779399394989,0.35
4599,True,exact,1.0,if a new batch of concrete was firm enough to use,if a new batch of concrete was firm enough to use,0.5,1.0,0.3333333333333333,4,12,4,4,0.43738555908203125,0.8324124813079834,0.35
4600,True,exact,1.0,Caprimulgus europaeus,Caprimulgus europaeus,0.7142857142857143,1.0,0.5555555555555556,5,9,5,5,0.49107885360717773,0.9593393206596375,0.35
4601,True,exact,1.0,blue,blue,0.5333333333333333,1.0,0.36363636363636365,4,11,4,4,0.3161449730396271,0.8103200793266296,0.35
4602,True,exact,1.0,Justine can trade her tomatoes for Caleb's broccoli.,Justine can trade her tomatoes for Caleb's broccoli.,0.7692307692307693,1.0,0.625,5,8,5,5,0.40376919507980347,0.7683907747268677,0.35
4603,True,exact,1.0,Charleston,Charleston,0.5454545454545454,1.0,0.375,3,8,3,3,0.47417402267456055,0.9297646284103394,0.35
4604,True,exact,1.0,Denver,Denver,0.5,1.0,0.3333333333333333,3,9,3,3,0.5429904460906982,0.8445241451263428,0.35
4605,True,exact,1.0,Carson City,Carson City,0.42857142857142855,1.0,0.2727272727272727,3,11,3,3,0.4210973083972931,0.9246186017990112,0.35
4606,True,exact,1.0,Bubo scandiacus,Bubo scandiacus,0.5,1.0,0.3333333333333333,3,9,3,3,0.4411715269088745,0.9320228099822998,0.35
4607,True,exact,1.0,the Atlantic Ocean,the Atlantic Ocean,0.4,1.0,0.25,2,8,2,2,0.3101670742034912,0.8330497741699219,0.35
4608,True,exact,1.0,Do more bacteria grow in liquid with cinnamon than in liquid without cinnamon?,Do more bacteria grow in liquid with cinnamon than in liquid without cinnamon?,0.4,1.0,0.25,4,16,4,4,0.36883461475372314,0.8895313739776611,0.35
4609,True,exact,1.0,the Pacific Ocean,the Pacific Ocean,0.5333333333333333,1.0,0.36363636363636365,4,11,4,4,0.5598253607749939,0.8715250492095947,0.35
4610,True,exact,1.0,operant conditioning,operant conditioning,0.2105263157894737,0.5,0.13333333333333333,4,15,2,2,0.1940978616476059,0.6400572657585144,0.35
4611,True,exact,1.0,neither; the samples have the same temperature,neither; the samples have the same temperature,0.6666666666666666,1.0,0.5,5,10,5,5,0.4650075137615204,0.8729252219200134,0.35
4612,True,exact,0.7,pathos,pathos (emotion),0.18181818181818182,0.3333333333333333,0.125,3,8,1,1,0.17051510512828827,0.6310495138168335,0.35
4613,True,exact,1.0,Asia,Asia,0.375,1.0,0.23076923076923078,3,13,3,3,0.4313298761844635,0.8700269460678101,0.35
4614,True,exact,1.0,The magnitude of the magnetic force is the same in both pairs.,The magnitude of the magnetic force is the same in both pairs.,0.5333333333333333,1.0,0.36363636363636365,4,11,4,4,0.5430635213851929,0.8443931937217712,0.35
4615,True,exact,1.0,blue poison dart frog,blue poison dart frog,0.5333333333333333,1.0,0.36363636363636365,4,11,4,4,0.3806091547012329,0.8756693005561829,0.35
4616,False,exact,0.3,the surroundings . . . each battery,each battery . . . the surroundings,0.5882352941176471,1.0,0.4166666666666667,5,12,5,5,0.40269237756729126,0.7834805846214294,0.35
4617,True,exact,0.7,pathos,pathos (emotion),0.5,1.0,0.3333333333333333,3,9,3,3,0.20718272030353546,0.5513802170753479,0.35
4618,True,exact,1.0,scratchy,scratchy,0.6,1.0,0.42857142857142855,3,7,3,3,0.2946118116378784,0.6050004959106445,0.35
4619,False,exact,0.3,Tuvalu,Solomon Islands,0.6153846153846153,1.0,0.4444444444444444,4,9,4,4,0.453278124332428,0.8947871327400208,0.35
4620,True,exact,1.0,Jamaica,Jamaica,0.4,1.0,0.25,4,16,4,4,0.3916112184524536,0.6883002519607544,0.35
4621,True,exact,1.0,a solid,a solid,0.5454545454545454,1.0,0.375,3,8,3,3,0.33280736207962036,0.8520146012306213,0.35
4622,True,exact,1.0,the Federated States of Micronesia,the Federated States of Micronesia,0.4615384615384615,1.0,0.3,3,10,3,3,0.3240261673927307,0.7307959198951721,0.35
4623,True,yes_no,1.0,no,no,0.47058823529411764,1.0,0.3076923076923077,4,13,4,4,0.48226088285446167,0.8031497597694397,0.35
4624,True,exact,1.0,Pennsylvania,Pennsylvania,0.5,0.3333333333333333,1.0,3,1,1,1,0.41390952467918396,0.4947109520435333,0.35
4625,True,exact,1.0,a liquid,a liquid,0.4,1.0,0.25,3,12,3,3,0.4575834274291992,0.8106136918067932,0.35
4626,True,exact,1.0,Montgomery,Montgomery,0.6,1.0,0.42857142857142855,3,7,3,3,0.5319958925247192,0.9162868857383728,0.35
4627,True,exact,1.0,Sacramento,Sacramento,0.6,1.0,0.42857142857142855,3,7,3,3,0.398430734872818,0.9050693511962891,0.35
4628,True,exact,1.0,Mark can trade his tomatoes for Valeria's broccoli.,Mark can trade his tomatoes for Valeria's broccoli.,0.6153846153846154,0.8,0.5,5,8,4,4,0.3125443458557129,0.778096616268158,0.35
4629,True,exact,1.0,Harrisburg,Harrisburg,0.5,0.6666666666666666,0.4,3,5,2,2,0.40856218338012695,0.8597349524497986,0.35
4630,True,exact,1.0,Montpelier,Montpelier,0.6,1.0,0.42857142857142855,3,7,3,3,0.3411141335964203,0.8137998580932617,0.35
4631,True,exact,1.0,Bradypus variegatus,Bradypus variegatus,0.375,1.0,0.23076923076923078,3,13,3,3,0.33589139580726624,0.6905543804168701,0.35
4632,True,exact,1.0,Honolulu,Honolulu,0.5,1.0,0.3333333333333333,3,9,3,3,0.44654619693756104,0.8955893516540527,0.35
4633,True,exact,1.0,push,push,0.6,1.0,0.42857142857142855,3,7,3,3,0.44321274757385254,0.8433419466018677,0.35
4634,True,exact,1.0,hard,hard,0.0,0.0,0.0,3,14,0,0,0.13762643933296204,0.2835718095302582,0.35
4635,True,exact,1.0,sample A,sample A,0.7142857142857143,1.0,0.5555555555555556,5,9,5,5,0.4976223409175873,0.8557906150817871,0.35
4636,False,yes_no,1.0,yes,no,0.5,1.0,0.3333333333333333,3,9,3,3,0.5406200885772705,0.7929793000221252,0.35
4637,True,exact,1.0,Solution B,Solution B,0.6,1.0,0.42857142857142855,3,7,3,3,0.6282116770744324,0.9728039503097534,0.35
4638,False,exact,0.3,New Orleans,Miami,0.5454545454545454,1.0,0.375,3,8,3,3,0.4070863723754883,0.7314310669898987,0.35
4639,True,exact,1.0,Virginia,Virginia,0.6666666666666666,1.0,0.5,4,8,4,4,0.4249002933502197,0.6975805759429932,0.35
4640,True,exact,1.0,Gordon can trade his tomatoes for Ariel's broccoli.,Gordon can trade his tomatoes for Ariel's broccoli.,0.4210526315789474,1.0,0.26666666666666666,4,15,4,4,0.3775620758533478,0.9055132865905762,0.35
4641,True,yes_no,1.0,no,no,0.8,1.0,0.6666666666666666,4,6,4,4,0.4301269054412842,0.8702564835548401,0.35
4642,True,numeric_exact,1.0,The magnitude of the magnetic force is greater in Pair 2.,The magnitude of the magnetic force is greater in Pair 2.,0.5555555555555556,1.0,0.38461538461538464,5,13,5,5,0.5601781606674194,0.8324614763259888,0.35
4643,False,exact,0.3,The magnetic force is stronger in Pair 1.,The strength of the magnetic force is the same in both pairs.,0.4210526315789474,1.0,0.26666666666666666,4,15,4,4,0.529983401298523,0.8251329660415649,0.35
4644,True,exact,1.0,if adding the blade guards made the drone fly poorly,if adding the blade guards made the drone fly poorly,0.4,1.0,0.25,3,12,3,3,0.4785449206829071,0.8402197360992432,0.35
4645,True,exact,1.0,Africa,Africa,0.4615384615384615,1.0,0.3,3,10,3,3,0.5117068290710449,0.8324228525161743,0.35
4646,True,exact,1.0,Hartford,Hartford,0.5,0.3333333333333333,1.0,3,1,1,1,0.39410242438316345,0.49459904432296753,0.35
4647,True,exact,1.0,The cats helped keep the farmers' grain free of mice.,The cats helped keep the farmers' grain free of mice.,0.7272727272727273,1.0,0.5714285714285714,4,7,4,4,0.4797327220439911,0.7989858984947205,0.35
4648,True,exact,1.0,Jefferson City,Jefferson City,0.6666666666666666,1.0,0.5,3,6,3,3,0.4161803722381592,0.9199153184890747,0.35
4649,True,exact,1.0,rough,rough,0.3529411764705882,0.75,0.23076923076923078,4,13,3,3,0.2573452591896057,0.5979555249214172,0.35
4650,True,exact,1.0,translucent,translucent,0.4444444444444444,0.6666666666666666,0.3333333333333333,3,6,2,2,0.24211113154888153,0.48888280987739563,0.35
4651,False,exact,0.3,Can light bulbs stay lit longer when circuits include copper or when circuits include iron?,Do circuits that include iron produce dimmer light than circuits that include copper?,0.23529411764705882,0.5,0.15384615384615385,4,13,2,2,0.2690786123275757,0.6030135750770569,0.35
4652,True,exact,1.0,fins on its back,fins on its back,0.5454545454545454,1.0,0.375,3,8,3,3,0.6232612133026123,0.8513822555541992,0.35
4653,False,exact,1.0,wood,metal,0.4444444444444445,1.0,0.2857142857142857,2,7,2,2,0.41711434721946716,0.7349026203155518,0.35
4654,True,exact,1.0,an elementary substance,an elementary substance,0.5,0.75,0.375,4,8,3,3,0.4225863218307495,0.8685856461524963,0.35
4655,True,exact,1.0,They are both set after the Trojan War.,They are both set after the Trojan War.,0.375,1.0,0.23076923076923078,3,13,3,3,0.28145790100097656,0.7136314511299133,0.35
4656,True,exact,1.0,purple gallinule,purple gallinule,0.46153846153846156,0.75,0.3333333333333333,4,9,3,3,0.3237714469432831,0.7094373106956482,0.35
4657,True,exact,1.0,a V-shaped tail fin,a V-shaped tail fin,0.6,1.0,0.42857142857142855,3,7,3,3,0.4031403958797455,0.8314610719680786,0.35
4658,True,exact,1.0,sticky,sticky,0.0,0.0,0.0,4,12,0,0,0.11319714039564133,0.23945333063602448,0.35
4659,True,exact,1.0,About the same amount of precipitation falls each month between May and October.,About the same amount of precipitation falls each month between May and October.,0.7058823529411764,1.0,0.5454545454545454,6,11,6,6,0.4074312150478363,0.7051027417182922,0.35
4660,True,exact,1.0,attract,attract,0.46153846153846156,0.75,0.3333333333333333,4,9,3,3,0.4736858904361725,0.8696315884590149,0.35
4661,True,exact,1.0,northern jacana,northern jacana,0.5,0.75,0.375,4,8,3,3,0.394558846950531,0.9393889307975769,0.35
4662,True,exact,1.0,a tail,a tail,0.5,1.0,0.3333333333333333,3,9,3,3,0.6086392402648926,0.9018282294273376,0.35
4663,False,exact,0.3,Saint Vincent and the Grenadines,Saint Lucia,0.4615384615384615,1.0,0.3,3,10,3,3,0.4330752491950989,0.7844850420951843,0.35
4664,False,exact,0.3,It has soil that is rich in nutrients.,It has soil that is poor in nutrients.,0.36363636363636365,0.6666666666666666,0.25,3,8,2,2,0.28259649872779846,0.45123282074928284,0.35
4665,True,exact,1.0,"The wettest months of the year are June, July, and August.","The wettest months of the year are June, July, and August.",0.4444444444444445,1.0,0.2857142857142857,4,14,4,4,0.42951488494873047,0.8322312831878662,0.35
4666,True,exact,1.0,cotton,cotton,0.4615384615384615,1.0,0.3,3,10,3,3,0.38126882910728455,0.741107702255249,0.35
4667,True,exact,1.0,Honolulu,Honolulu,0.5,1.0,0.3333333333333333,3,9,3,3,0.5041216611862183,0.9091405868530273,0.35
4668,False,exact,0.3,neither; the samples have the same temperature,sample A,0.5,1.0,0.3333333333333333,4,12,4,4,0.45708170533180237,0.8717457056045532,0.35
4669,False,placeholder,0.0,insufficient information,false,0.0,0.0,0.0,0,9,0,0,0.0,0.0,0.0
4670,True,exact,1.0,Idaho,Idaho,0.7272727272727273,1.0,0.5714285714285714,8,14,8,8,0.3791505694389343,0.9008568525314331,0.35
4671,True,exact,1.0,hard,hard,0.25,0.5,0.16666666666666666,4,12,2,2,0.2552281320095062,0.654107391834259,0.35
4672,True,exact,1.0,Indianapolis,Indianapolis,0.3333333333333333,0.6666666666666666,0.2222222222222222,3,9,2,2,0.31551873683929443,0.8684993982315063,0.35
4673,True,exact,1.0,The riverbed is dry and cracked.,The riverbed is dry and cracked.,0.5,1.0,0.3333333333333333,3,9,3,3,0.3925303816795349,0.7420836091041565,0.35
4674,True,exact,1.0,sample A,sample A,0.625,1.0,0.45454545454545453,5,11,5,5,0.4838086664676666,0.892939031124115,0.35
4675,True,exact,1.0,It has year-round warm temperatures. It also has soil that is poor in nutrients.,It has year-round warm temperatures. It also has soil that is poor in nutrients.,0.6,0.75,0.5,4,6,3,3,0.3289419114589691,0.521689236164093,0.35
4676,False,exact,0.3,The magnitude of the magnetic force is the same in both pairs.,The magnitude of the magnetic force is greater in Pair 1.,0.6153846153846153,1.0,0.4444444444444444,4,9,4,4,0.5334778428077698,0.8243958353996277,0.35
4677,True,exact,1.0,"It has dry, thin soil. It also has a small amount of rain or snow.","It has dry, thin soil. It also has a small amount of rain or snow.",0.5333333333333333,1.0,0.36363636363636365,4,11,4,4,0.43633872270584106,0.8254823684692383,0.35
4678,True,exact,1.0,Pennsylvania,Pennsylvania,0.6666666666666666,1.0,0.5,3,6,3,3,0.45832952857017517,0.6771005392074585,0.35
4679,True,exact,1.0,sample B,sample B,0.5,1.0,0.3333333333333333,4,12,4,4,0.4978369176387787,0.9122628569602966,0.35
4680,True,exact,1.0,Little Rock,Little Rock,0.6,0.75,0.5,4,6,3,3,0.34006020426750183,0.9312688708305359,0.35
4681,True,exact,1.0,Missouri,Missouri,0.5384615384615384,0.7,0.4375,10,16,7,7,0.3302956223487854,0.720715343952179,0.35
4682,True,exact,1.0,Jasmine can trade her tomatoes for Bryan's broccoli.,Jasmine can trade her tomatoes for Bryan's broccoli.,0.6153846153846153,1.0,0.4444444444444444,4,9,4,4,0.42938852310180664,0.7935359477996826,0.35
4683,True,exact,1.0,African clawed frog,African clawed frog,0.47058823529411764,0.8,0.3333333333333333,5,12,4,4,0.35860416293144226,0.8519860506057739,0.35
4684,True,exact,1.0,Austin,Austin,0.375,1.0,0.23076923076923078,3,13,3,3,0.5839084982872009,0.9187572598457336,0.35
4685,True,exact,1.0,Eriocheir sinensis,Eriocheir sinensis,0.4,1.0,0.25,3,12,3,3,0.47483980655670166,0.9529728889465332,0.35
4686,True,exact,1.0,bilberry,bilberry,0.5454545454545454,0.75,0.42857142857142855,4,7,3,3,0.37658238410949707,0.7238007187843323,0.35
4687,False,exact,0.3,the surroundings . . . each aquarium,each aquarium . . . the surroundings,0.42857142857142855,1.0,0.2727272727272727,3,11,3,3,0.4893758296966553,0.8014073371887207,0.35
4688,True,exact,1.0,breakable,breakable,0.4,1.0,0.25,3,12,3,3,0.41106942296028137,0.6989937424659729,0.35
4689,False,exact,0.3,It has soil that is rich in nutrients.,It has soil that is poor in nutrients.,0.6,1.0,0.42857142857142855,3,7,3,3,0.38219311833381653,0.587289035320282,0.35
4690,True,exact,1.0,Florida,Florida,0.6666666666666666,1.0,0.5,5,10,5,5,0.38621920347213745,0.8644195199012756,0.35
4691,True,exact,1.0,Asia,Asia,0.42857142857142855,1.0,0.2727272727272727,3,11,3,3,0.5074602365493774,0.8297664523124695,0.35
4692,False,exact,1.0,repel,attract,0.5,1.0,0.3333333333333333,3,9,3,3,0.6041629910469055,0.8691955208778381,0.35
4693,True,exact,1.0,Jackson,Jackson,0.4615384615384615,1.0,0.3,3,10,3,3,0.3835062086582184,0.9300816059112549,0.35
4694,True,exact,1.0,The strength of the magnetic force is the same in both pairs.,The strength of the magnetic force is the same in both pairs.,0.5714285714285715,1.0,0.4,4,10,4,4,0.5041589140892029,0.7900673151016235,0.35
4695,True,exact,1.0,albatross,albatross,0.5454545454545454,1.0,0.375,3,8,3,3,0.46653708815574646,0.7904443144798279,0.35
4696,False,exact,0.3,The magnetic force is weaker in Pair 2.,The strength of the magnetic force is the same in both pairs.,0.5555555555555556,1.0,0.38461538461538464,5,13,5,5,0.5702797174453735,0.7573093771934509,0.35
4697,True,exact,1.0,fuzzy,fuzzy,0.47058823529411764,1.0,0.3076923076923077,4,13,4,4,0.2867288291454315,0.6882361769676208,0.35
4698,False,exact,0.3,neither; the samples have the same temperature,sample A,0.5,1.0,0.3333333333333333,4,12,4,4,0.47547826170921326,0.8348158597946167,0.35
4699,True,exact,1.0,Madison,Madison,0.3333333333333333,0.6666666666666666,0.2222222222222222,3,9,2,2,0.2626861333847046,0.867509126663208,0.35
4700,True,exact,1.0,Augusta,Augusta,0.4615384615384615,1.0,0.3,3,10,3,3,0.4160517156124115,0.9298326373100281,0.35
4701,True,numeric_exact,1.0,whether she added enough nutrients to help the bacteria produce 20% more insulin,whether she added enough nutrients to help the bacteria produce 20% more insulin,0.39999999999999997,0.75,0.2727272727272727,4,11,3,3,0.3939662277698517,0.8859463334083557,0.35
4702,True,exact,1.0,Dominica,Dominica,0.6666666666666666,1.0,0.5,3,6,3,3,0.46648338437080383,0.7207968831062317,0.35
4703,True,exact,1.0,salty,salty,0.3636363636363636,1.0,0.2222222222222222,4,18,4,4,0.2622000277042389,0.6538189053535461,0.35
4704,False,numeric_mismatch,0.0,The magnitude of the magnetic force is greater in Pair 1.,The magnitude of the magnetic force is greater in Pair 2.,0.5555555555555556,1.0,0.38461538461538464,5,13,5,5,0.5923848748207092,0.8701062202453613,0.35
4705,True,exact,1.0,Duncan can trade his tomatoes for Sam's broccoli.,Duncan can trade his tomatoes for Sam's broccoli.,0.625,1.0,0.45454545454545453,5,11,5,5,0.46467849612236023,0.8637409806251526,0.35
4706,True,exact,1.0,opalescent nudibranch,opalescent nudibranch,0.4,1.0,0.25,3,12,3,3,0.3362642526626587,0.7438818216323853,0.35
4707,True,exact,1.0,a compound,a compound,0.4,1.0,0.25,3,12,3,3,0.5356501340866089,0.8973556160926819,0.35
4708,True,exact,1.0,Falco sparverius,Falco sparverius,0.7272727272727273,1.0,0.5714285714285714,4,7,4,4,0.5860353112220764,0.959446370601654,0.35
4709,False,exact,0.3,Does the humidity level where tomato seeds are planted affect the number of tomato seedlings that grow?,Do more tomato seedlings grow when they are planted in soil with fertilizer compared to soil without fertilizer?,0.375,1.0,0.23076923076923078,3,13,3,3,0.34427013993263245,0.642055869102478,0.35
4710,True,numeric_exact,1.0,The magnetic force is stronger in Pair 2.,The magnetic force is stronger in Pair 2.,0.7272727272727273,1.0,0.5714285714285714,4,7,4,4,0.635777473449707,0.9388551712036133,0.35
4711,True,exact,1.0,barren-ground caribou,barren-ground caribou,0.4285714285714285,0.75,0.3,4,10,3,3,0.44555363059043884,0.8812015056610107,0.35
4712,True,exact,1.0,flexible,flexible,0.21052631578947367,0.6666666666666666,0.125,3,16,2,2,0.17581337690353394,0.5009013414382935,0.35
4713,True,exact,1.0,South America,South America,0.5454545454545454,1.0,0.375,3,8,3,3,0.4018276631832123,0.6965477466583252,0.35
4714,False,exact,0.3,South America,Antarctica,0.42857142857142855,1.0,0.2727272727272727,3,11,3,3,0.5602334141731262,0.8536750674247742,0.35
4715,False,exact,0.3,to the right than to the left,to the left than to the right,0.35294117647058826,1.0,0.21428571428571427,3,14,3,3,0.48416468501091003,0.8027905821800232,0.35
4716,True,exact,1.0,Macropus giganteus,Macropus giganteus,0.5,1.0,0.3333333333333333,3,9,3,3,0.5091473460197449,0.9047332406044006,0.35
4717,True,exact,1.0,if adding the blade guards made the drone fly poorly,if adding the blade guards made the drone fly poorly,0.4615384615384615,1.0,0.3,3,10,3,3,0.48134762048721313,0.7922634482383728,0.35
4718,False,exact,0.3,South America,Antarctica,0.6153846153846153,1.0,0.4444444444444444,4,9,4,4,0.532475471496582,0.7732219099998474,0.35
4719,True,exact,1.0,sharpnose-puffer,sharpnose-puffer,0.6666666666666666,1.0,0.5,3,6,3,3,0.32500964403152466,0.6574448943138123,0.35
4720,True,exact,1.0,New Jersey,New Jersey,0.4,1.0,0.25,4,16,4,4,0.3344653248786926,0.556279182434082,0.35
4721,False,exact,0.3,the Arctic Ocean,the Atlantic Ocean,0.6666666666666666,1.0,0.5,4,8,4,4,0.4505629539489746,0.6651028990745544,0.35
4722,True,exact,1.0,the Federated States of Micronesia,the Federated States of Micronesia,0.4615384615384615,1.0,0.3,3,10,3,3,0.44099175930023193,0.8166617155075073,0.35
4723,True,exact,1.0,pollen lands on a female cone,pollen lands on a female cone,0.6666666666666666,1.0,0.5,4,8,4,4,0.4180402457714081,0.9065233469009399,0.35
4724,True,exact,1.0,Caprimulgus macrurus,Caprimulgus macrurus,0.6666666666666666,1.0,0.5,4,8,4,4,0.48216181993484497,0.8742716312408447,0.35
4725,True,exact,1.0,Sacramento,Sacramento,0.6,1.0,0.42857142857142855,3,7,3,3,0.49801191687583923,0.899985134601593,0.35
4726,True,exact,0.7,A) A flavorant might be both found in nature and made in a chemical factory.,A flavorant might be both found in nature and made in a chemical factory.,0.6,0.75,0.5,4,6,3,3,0.33306601643562317,0.9072061777114868,0.35
4727,True,exact,1.0,Maryland,Maryland,0.5333333333333333,1.0,0.36363636363636365,4,11,4,4,0.3645229637622833,0.6502332091331482,0.35
4728,True,yes_no,1.0,false,false,0.7058823529411764,1.0,0.5454545454545454,6,11,6,6,0.5693989396095276,0.9420804977416992,0.35
4729,False,exact,0.3,Connecticut,Rhode Island,0.6666666666666665,0.75,0.6,4,5,3,3,0.40261760354042053,0.629311203956604,0.35
4730,True,exact,1.0,the Southern Ocean,the Southern Ocean,0.4615384615384615,1.0,0.3,3,10,3,3,0.5929828882217407,0.7868579030036926,0.35
4731,True,exact,1.0,flamboyant cuttlefish,flamboyant cuttlefish,0.6153846153846153,1.0,0.4444444444444444,4,9,4,4,0.3863430917263031,0.9048225283622742,0.35
4732,True,exact,1.0,It has bright sunlight. It also has shallow water.,It has bright sunlight. It also has shallow water.,0.8571428571428571,1.0,0.75,6,8,6,6,0.4634803235530853,0.7107075452804565,0.35
4733,False,exact,0.3,neither; the samples have the same temperature,sample A,0.4444444444444445,1.0,0.2857142857142857,4,14,4,4,0.4276989996433258,0.8948627710342407,0.35
4734,False,numeric_mismatch,0.0,2:2,0:4,0.5882352941176471,1.0,0.4166666666666667,5,12,5,5,0.4510810971260071,0.8006153702735901,0.35
4735,False,placeholder,0.0,insufficient information,true,0.0,0.0,0.0,0,13,0,0,0.0,0.0,0.0
4736,True,exact,1.0,an elementary substance,an elementary substance,0.5714285714285715,1.0,0.4,4,10,4,4,0.4317951202392578,0.930675745010376,0.35
4737,True,exact,1.0,Pierre,Pierre,0.6,1.0,0.42857142857142855,3,7,3,3,0.4326682388782501,0.903053879737854,0.35
4738,True,exact,1.0,plainfin midshipman,plainfin midshipman,0.5882352941176471,1.0,0.4166666666666667,5,12,5,5,0.3250732719898224,0.7000929117202759,0.35
4739,False,yes_no,1.0,true,false,0.3529411764705882,0.75,0.23076923076923078,4,13,3,3,0.45599105954170227,0.8775694966316223,0.35
4740,True,exact,1.0,Lincoln,Lincoln,0.35294117647058826,1.0,0.21428571428571427,3,14,3,3,0.46464070677757263,0.9563142657279968,0.35
4741,True,exact,1.0,Harrisburg,Harrisburg,0.4,1.0,0.25,3,12,3,3,0.4511467516422272,0.9171941876411438,0.35
4742,True,exact,1.0,Does linen fabric turn darker than cotton fabric when soaked in a mixture of black dye and water?,Does linen fabric turn darker than cotton fabric when soaked in a mixture of black dye and water?,0.5882352941176471,1.0,0.4166666666666667,5,12,5,5,0.4207989573478699,0.6864936947822571,0.35
4743,True,exact,1.0,The magnitude of the magnetic force is the same in both pairs.,The magnitude of the magnetic force is the same in both pairs.,0.4210526315789474,1.0,0.26666666666666666,4,15,4,4,0.5724747776985168,0.8369537591934204,0.35
4744,True,exact,1.0,Juneau,Juneau,0.375,1.0,0.23076923076923078,3,13,3,3,0.4110632538795471,0.9251543879508972,0.35
4745,True,exact,1.0,slippery,slippery,0.23529411764705882,0.5,0.15384615384615385,4,13,2,2,0.18164823949337006,0.46846696734428406,0.35
4746,False,exact,1.0,attract,repel,0.5454545454545454,1.0,0.375,3,8,3,3,0.42156028747558594,0.6672635078430176,0.35
4747,True,exact,1.0,bendable,bendable,0.4,0.5,0.3333333333333333,4,6,2,2,0.23642094433307648,0.8156632781028748,0.35
4748,True,yes_no,1.0,true,true,0.6666666666666666,1.0,0.5,5,10,5,5,0.5034086108207703,0.9248242378234863,0.35
4749,True,numeric_exact,1.0,The magnitude of the magnetic force is smaller in Pair 2.,The magnitude of the magnetic force is smaller in Pair 2.,0.7272727272727273,1.0,0.5714285714285714,4,7,4,4,0.6046026945114136,0.8497400283813477,0.35
4750,False,exact,1.0,denim,metal,0.25,0.3333333333333333,0.2,3,5,1,1,0.20989985764026642,0.540900468826294,0.35
4751,True,exact,1.0,January and February,January and February,0.42857142857142855,1.0,0.2727272727272727,3,11,3,3,0.39423397183418274,0.7559905648231506,0.35
4752,True,exact,1.0,Kevin can trade his tomatoes for Lily's broccoli.,Kevin can trade his tomatoes for Lily's broccoli.,0.6666666666666666,1.0,0.5,5,10,5,5,0.4281602203845978,0.9191725254058838,0.35
4753,False,exact,0.3,the surroundings . . . each battery,each battery . . . the surroundings,0.5714285714285715,1.0,0.4,4,10,4,4,0.47262540459632874,0.9500807523727417,0.35
4754,False,exact,0.3,glacier (ice),water in rivers and lakes,0.35294117647058826,1.0,0.21428571428571427,3,14,3,3,0.4245389699935913,0.8022907972335815,0.35
4755,False,yes_no,1.0,true,false,0.6,1.0,0.42857142857142855,3,7,3,3,0.617939829826355,0.9224472641944885,0.35
4756,False,numeric_mismatch,0.0,3:1,2:2,0.7058823529411764,1.0,0.5454545454545454,6,11,6,6,0.30344536900520325,0.7166802883148193,0.35
4757,True,exact,1.0,flying fox,flying fox,0.5454545454545454,1.0,0.375,3,8,3,3,0.5383403897285461,0.8479515910148621,0.35
4758,False,exact,0.3,the Atlantic Ocean,the Arctic Ocean,0.4,1.0,0.25,3,12,3,3,0.5846875905990601,0.8514262437820435,0.35
4759,True,exact,1.0,if a new batch of concrete was firm enough to use,if a new batch of concrete was firm enough to use,0.4,1.0,0.25,3,12,3,3,0.4396004378795624,0.8714182376861572,0.35
4760,True,yes_no,1.0,no,no,0.4000000000000001,0.4,0.4,5,5,2,2,0.3033701777458191,0.7941386699676514,0.35
4761,True,exact,1.0,the surroundings . . . each salmon,the surroundings . . . each salmon,0.47058823529411764,1.0,0.3076923076923077,4,13,4,4,0.4053117632865906,0.8984313011169434,0.35
4762,True,numeric_exact,1.0,2:2,2:2,0.4210526315789473,0.8,0.2857142857142857,5,14,4,4,0.31220412254333496,0.9004190564155579,0.35
4763,True,exact,1.0,Helena,Helena,0.5454545454545454,1.0,0.375,3,8,3,3,0.412479966878891,0.9165210127830505,0.35
4764,True,exact,1.0,Topeka,Topeka,0.6666666666666666,1.0,0.5,3,6,3,3,0.5255699753761292,0.8908984661102295,0.35
4765,True,exact,1.0,New Zealand,New Zealand,0.4,1.0,0.25,3,12,3,3,0.4390455484390259,0.8829711675643921,0.35
4766,False,exact,0.3,the Atlantic Ocean,the Arctic Ocean,0.375,1.0,0.23076923076923078,3,13,3,3,0.44643434882164,0.786858081817627,0.35
4767,True,numeric_exact,1.0,whether a parachute with a 1 m vent would swing too much at 400 km per hour,how steady a parachute with a 1 m vent was at 200 km per hour,0.375,1.0,0.23076923076923078,3,13,3,3,0.35635918378829956,0.6807283163070679,0.35
4768,True,exact,1.0,a gas,a gas,0.7272727272727273,1.0,0.5714285714285714,4,7,4,4,0.4078405201435089,0.8965299725532532,0.35
4769,True,exact,1.0,Jackson,Jackson,0.7499999999999999,1.0,0.6,3,5,3,3,0.43818655610084534,0.921994686126709,0.35
4770,True,exact,1.0,Does linen fabric turn darker than cotton fabric when soaked in a mixture of black dye and water?,Does linen fabric turn darker than cotton fabric when soaked in a mixture of black dye and water?,0.375,1.0,0.23076923076923078,3,13,3,3,0.4000445008277893,0.6936032176017761,0.35
4771,False,numeric_mismatch,0.0,The magnitude of the magnetic force is greater in Pair 1.,The magnitude of the magnetic force is greater in Pair 2.,0.7142857142857143,0.625,0.8333333333333334,8,6,5,5,0.4607655704021454,0.8938134908676147,0.35
4772,False,exact,0.3,neither; their concentrations are the same,Solution B,0.5714285714285715,1.0,0.4,4,10,4,4,0.5139929056167603,0.7745539546012878,0.35
4773,True,exact,1.0,New Hampshire,New Hampshire,0.4615384615384615,1.0,0.3,3,10,3,3,0.4048914909362793,0.8061116933822632,0.35
4774,True,exact,1.0,Europe,Europe,0.6666666666666666,1.0,0.5,3,6,3,3,0.5810497403144836,0.829927921295166,0.35
4775,True,exact,1.0,"It has long, cold winters. It also has many evergreen trees.","It has long, cold winters. It also has many evergreen trees.",0.42857142857142855,1.0,0.2727272727272727,3,11,3,3,0.338386207818985,0.6110146641731262,0.35
4776,False,numeric_mismatch,0.0,The magnitude of the magnetic force is greater in Pair 1.,The magnitude of the magnetic force is greater in Pair 2.,0.7692307692307693,1.0,0.625,5,8,5,5,0.5958038568496704,0.8525232076644897,0.35
4777,True,exact,1.0,Buteo jamaicensis,Buteo jamaicensis,0.35294117647058826,1.0,0.21428571428571427,3,14,3,3,0.3493693768978119,0.79307621717453,0.35
4778,True,exact,1.0,Asia,Asia,0.4,1.0,0.25,3,12,3,3,0.41118714213371277,0.7023126482963562,0.35
4779,True,exact,1.0,weather,weather,0.13333333333333333,0.3333333333333333,0.08333333333333333,3,12,1,1,0.2410319596529007,0.5695981383323669,0.35
4780,True,exact,1.0,Austin,Austin,0.5454545454545454,1.0,0.375,3,8,3,3,0.4098895490169525,0.9299720525741577,0.35
4781,True,exact,1.0,repel,repel,0.4,1.0,0.25,3,12,3,3,0.46263402700424194,0.760877251625061,0.35
4782,True,numeric_exact,1.0,The magnitude of the magnetic force is greater in Pair 1.,The magnitude of the magnetic force is greater in Pair 1.,0.9090909090909091,1.0,0.8333333333333334,5,6,5,5,0.5948217511177063,0.9240640997886658,0.35
4783,True,exact,1.0,stretchy,stretchy,0.2,0.3333333333333333,0.14285714285714285,3,7,1,1,0.15263506770133972,0.5296230316162109,0.35
4784,False,placeholder,0.0,insufficient information,false,0.0,0.0,0.0,0,14,0,0,0.0,0.0,0.0
4785,True,exact,1.0,They don't get very much rain.,They don't get very much rain.,0.375,0.75,0.25,4,12,3,3,0.4806976318359375,0.8142943382263184,0.35
4786,True,exact,1.0,North America,North America,0.4,1.0,0.25,3,12,3,3,0.490091472864151,0.7554892897605896,0.35
4787,True,exact,1.0,plastic,plastic,0.7499999999999999,1.0,0.6,3,5,3,3,0.40113693475723267,0.6432361006736755,0.35
4788,False,exact,0.3,Chroicocephalus ridibundus,Chroicocephalus scopulinus,0.6153846153846154,0.8,0.5,5,8,4,4,0.3124485909938812,0.7098409533500671,0.35
4789,True,exact,1.0,Providence,Providence,0.4444444444444444,0.6666666666666666,0.3333333333333333,3,6,2,2,0.3982194662094116,0.9151497483253479,0.35
4790,True,exact,1.0,Trenton,Trenton,0.5,1.0,0.3333333333333333,3,9,3,3,0.40478864312171936,0.8755056858062744,0.35
4791,False,yes_no,1.0,yes,no,0.30769230769230765,0.6666666666666666,0.2,3,10,2,2,0.3498583436012268,0.8012418150901794,0.35
4792,True,exact,1.0,a liquid,a liquid,0.6666666666666666,1.0,0.5,3,6,3,3,0.43973508477211,0.8665271997451782,0.35
4793,True,numeric_exact,1.0,if the spacecraft was damaged when using a parachute with a 1 m vent going 200 km per hour,how steady a parachute with a 1 m vent was at 200 km per hour,0.42857142857142855,1.0,0.2727272727272727,3,11,3,3,0.3543706238269806,0.7162811756134033,0.35
4794,True,exact,1.0,Tallahassee,Tallahassee,0.6,1.0,0.42857142857142855,3,7,3,3,0.5252562761306763,0.8526651263237,0.35
4795,True,exact,1.0,Springfield,Springfield,0.4615384615384615,1.0,0.3,3,10,3,3,0.4272928833961487,0.7900930643081665,0.35
4796,False,exact,0.3,New Jersey,Delaware,0.5714285714285715,1.0,0.4,4,10,4,4,0.31757479906082153,0.7127071022987366,0.35
4797,True,exact,1.0,New Hampshire,New Hampshire,0.4,1.0,0.25,3,12,3,3,0.37014150619506836,0.7320958971977234,0.35
4798,True,exact,1.0,smooth,smooth,0.5,0.75,0.375,4,8,3,3,0.2535657584667206,0.48408815264701843,0.35
4799,True,exact,1.0,Pennsylvania,Pennsylvania,0.42857142857142855,1.0,0.2727272727272727,3,11,3,3,0.4141536355018616,0.6518322229385376,0.35
4800,True,exact,1.0,Rosa can trade her tomatoes for Alexandra's broccoli.,Rosa can trade her tomatoes for Alexandra's broccoli.,0.5555555555555556,1.0,0.38461538461538464,5,13,5,5,0.4305340349674225,0.8509871363639832,0.35
4801,False,numeric_mismatch,0.0,2:2,4:0,0.6363636363636364,1.0,0.4666666666666667,7,15,7,7,0.372619092464447,0.8326703906059265,0.35
4802,True,exact,1.0,the surroundings . . . each refrigerator,the surroundings . . . each refrigerator,0.631578947368421,1.0,0.46153846153846156,6,13,6,6,0.5118451118469238,0.8292953968048096,0.35
4803,True,yes_no,1.0,true,true,0.3157894736842105,1.0,0.1875,3,16,3,3,0.4325019419193268,0.8603733777999878,0.35
4804,False,exact,0.3,neither; their concentrations are the same,Solution A,0.9090909090909091,1.0,0.8333333333333334,5,6,5,5,0.4651610553264618,0.8675642609596252,0.35
4805,False,numeric_mismatch,0.0,The magnitude of the magnetic force is smaller in Pair 1.,The magnitude of the magnetic force is smaller in Pair 2.,0.9090909090909091,1.0,0.8333333333333334,5,6,5,5,0.5439087748527527,0.8668338656425476,0.35
4806,True,exact,1.0,New York,New York,0.375,1.0,0.23076923076923078,3,13,3,3,0.27926939725875854,0.6431772112846375,0.35
4807,False,exact,0.3,The magnitude of the magnetic force is smaller in Pair 2.,The magnitude of the magnetic force is the same in both pairs.,0.8571428571428571,1.0,0.75,6,8,6,6,0.4912160336971283,0.8665571808815002,0.35
4808,True,exact,1.0,May,May,0.33333333333333337,0.2,1.0,5,1,1,1,0.49966397881507874,0.6711755394935608,0.35
4809,True,exact,1.0,Frankfort,Frankfort,0.3333333333333333,0.6666666666666666,0.2222222222222222,3,9,2,2,0.2862829267978668,0.892164945602417,0.35
4810,False,exact,0.3,The magnitude of the magnetic force is the same in both pairs.,The magnitude of the magnetic force is smaller in Pair 2.,0.5333333333333333,1.0,0.36363636363636365,4,11,4,4,0.6141982674598694,0.8658851981163025,0.35
4811,False,exact,0.3,the Dominican Republic,Trinidad and Tobago,0.5454545454545454,1.0,0.375,3,8,3,3,0.4530700743198395,0.7309094667434692,0.35
4812,True,exact,1.0,if a new batch of concrete was firm enough to use,if a new batch of concrete was firm enough to use,0.4285714285714285,0.75,0.3,4,10,3,3,0.3548521399497986,0.8183771967887878,0.35
4813,True,exact,1.0,Lincoln,Lincoln,0.5,1.0,0.3333333333333333,3,9,3,3,0.3834976851940155,0.8858142495155334,0.35
4814,True,exact,1.0,It has many different types of organisms.,It has many different types of organisms.,0.42857142857142855,1.0,0.2727272727272727,3,11,3,3,0.4007686674594879,0.7926592230796814,0.35
4815,True,exact,1.0,Asia,Asia,0.5,0.3333333333333333,1.0,3,1,1,1,0.4524535834789276,0.49267205595970154,0.35
4816,True,exact,1.0,Rhode Island,Rhode Island,0.888888888888889,1.0,0.8,8,10,8,8,0.4461425244808197,0.8869192600250244,0.35
4817,True,exact,1.0,rough,rough,0.5454545454545454,1.0,0.375,3,8,3,3,0.3358137607574463,0.7448328733444214,0.35
4818,False,exact,1.0,commensal,mutualistic,0.6,0.75,0.5,4,6,3,3,0.34922587871551514,0.8503835797309875,0.35
4819,True,exact,1.0,Georgia,Georgia,0.5,1.0,0.3333333333333333,3,9,3,3,0.4429715573787689,0.642819881439209,0.35
4820,True,exact,1.0,The magnitude of the magnetic force is the same in both pairs.,The magnitude of the magnetic force is the same in both pairs.,0.5,1.0,0.3333333333333333,4,12,4,4,0.5260339975357056,0.8376405835151672,0.35
4821,False,exact,0.3,The magnitude of the magnetic force is the same in both pairs.,The magnitude of the magnetic force is smaller in Pair 1.,0.75,0.75,0.75,4,4,3,3,0.4753587245941162,0.8787815570831299,0.35
4822,True,exact,1.0,impala,impala,0.4,1.0,0.25,3,12,3,3,0.42092615365982056,0.8248048424720764,0.35
4823,True,exact,1.0,Nancy can trade her tomatoes for Dominic's broccoli.,Nancy can trade her tomatoes for Dominic's broccoli.,0.5882352941176471,1.0,0.4166666666666667,5,12,5,5,0.3805309534072876,0.8352139592170715,0.35
4824,False,exact,0.3,Saint Lucia,Barbados,0.4615384615384615,1.0,0.3,3,10,3,3,0.4272708296775818,0.8475905656814575,0.35
4825,True,exact,1.0,wood,wood,0.5454545454545454,1.0,0.375,3,8,3,3,0.34622129797935486,0.7366684079170227,0.35
4826,True,exact,1.0,New Zealand,New Zealand,0.5454545454545454,1.0,0.375,3,8,3,3,0.4565295875072479,0.7952559590339661,0.35
4827,True,exact,1.0,tetraphosphorus,tetraphosphorus,0.4615384615384615,1.0,0.3,3,10,3,3,0.34510356187820435,0.863900363445282,0.35
4828,True,exact,1.0,Concord,Concord,0.6,1.0,0.42857142857142855,3,7,3,3,0.3436462879180908,0.9558868408203125,0.35
4829,False,exact,1.0,koala,human,0.42857142857142855,1.0,0.2727272727272727,3,11,3,3,0.3344951272010803,0.8092573881149292,0.35
4830,True,exact,1.0,a gas,a gas,0.36363636363636365,0.6666666666666666,0.25,3,8,2,2,0.24330554902553558,0.6409251093864441,0.35
4831,True,exact,1.0,bear sedge,bear sedge,0.4210526315789474,1.0,0.26666666666666666,4,15,4,4,0.47217968106269836,0.9144136309623718,0.35
4832,True,exact,1.0,Fiji,Fiji,0.6153846153846153,1.0,0.4444444444444444,4,9,4,4,0.40534940361976624,0.7931877374649048,0.35
4833,True,exact,1.0,Africa,Africa,0.33333333333333337,1.0,0.2,3,15,3,3,0.41582009196281433,0.723330020904541,0.35
4834,True,exact,1.0,Trenton,Trenton,0.5,0.6666666666666666,0.4,3,5,2,2,0.41041862964630127,0.813080370426178,0.35
4835,True,exact,1.0,Clara can trade her tomatoes for Hazel's broccoli.,Clara can trade her tomatoes for Hazel's broccoli.,0.6666666666666666,1.0,0.5,5,10,5,5,0.36367398500442505,0.7984021306037903,0.35
4836,True,exact,1.0,bull shark,bull shark,0.4615384615384615,1.0,0.3,3,10,3,3,0.4520668089389801,0.6687775254249573,0.35
4837,True,exact,1.0,Erik can trade his tomatoes for Lily's broccoli.,Erik can trade his tomatoes for Lily's broccoli.,0.7777777777777778,1.0,0.6363636363636364,7,11,7,7,0.4430854618549347,0.9022560715675354,0.35
4838,True,exact,1.0,January and February are the coldest months of the year.,January and February are the coldest months of the year.,0.5454545454545454,1.0,0.375,6,16,6,6,0.4877515733242035,0.792976975440979,0.35
4839,True,exact,1.0,It has many evergreen trees. It also has soil that is poor in nutrients.,It has many evergreen trees. It also has soil that is poor in nutrients.,0.5714285714285715,1.0,0.4,4,10,4,4,0.3322833180427551,0.5360556840896606,0.35
4840,True,exact,1.0,Montgomery,Montgomery,0.375,1.0,0.23076923076923078,3,13,3,3,0.343597412109375,0.8885628581047058,0.35
4841,True,exact,1.0,circulatory system,circulatory system,0.4,1.0,0.25,3,12,3,3,0.5296558737754822,0.8641042709350586,0.35
4842,True,exact,1.0,North Carolina,North Carolina,0.5,1.0,0.3333333333333333,3,9,3,3,0.3026699721813202,0.6576929688453674,0.35
4843,True,exact,1.0,Africa,Africa,0.42857142857142855,1.0,0.2727272727272727,3,11,3,3,0.4238637089729309,0.7785589098930359,0.35
4844,True,numeric_exact,1.0,The magnetic force is weaker in Pair 2.,The magnetic force is weaker in Pair 2.,0.5714285714285715,1.0,0.4,4,10,4,4,0.6170892715454102,0.9066159725189209,0.35
4845,True,exact,1.0,Bufo bufo,Bufo bufo,0.8,1.0,0.6666666666666666,6,9,6,6,0.5035744309425354,0.8912990093231201,0.35
4846,True,exact,1.0,orca,orca,0.5,1.0,0.3333333333333333,3,9,3,3,0.38403743505477905,0.8844097852706909,0.35
4847,False,exact,0.3,Joseph can trade his almonds for Ian's tomatoes.,Ian can trade his tomatoes for Joseph's broccoli.,0.7142857142857143,1.0,0.5555555555555556,5,9,5,5,0.3372352719306946,0.7636362910270691,0.35
4848,False,exact,0.3,the surroundings . . . each battery,each battery . . . the surroundings,0.8,1.0,0.6666666666666666,4,6,4,4,0.47030019760131836,0.7983963489532471,0.35
4849,True,exact,1.0,Eurasian lynx,Eurasian lynx,0.5,1.0,0.3333333333333333,3,9,3,3,0.4522244930267334,0.8638064861297607,0.35
4850,True,exact,1.0,weather,weather,0.1111111111111111,0.3333333333333333,0.06666666666666667,3,15,1,1,0.23721688985824585,0.7322112917900085,0.35
4851,True,yes_no,1.0,false,false,0.5333333333333333,1.0,0.36363636363636365,4,11,4,4,0.4720143973827362,0.7510859370231628,0.35
4852,True,exact,1.0,New Jersey,New Jersey,0.6,1.0,0.42857142857142855,3,7,3,3,0.4120987355709076,0.6207203269004822,0.35
4853,True,exact,1.0,Tristan can trade his tomatoes for Lorenzo's broccoli.,Tristan can trade his tomatoes for Lorenzo's broccoli.,0.5333333333333333,1.0,0.36363636363636365,4,11,4,4,0.4032924473285675,0.8986416459083557,0.35
4854,True,exact,1.0,the Dominican Republic,the Dominican Republic,0.5714285714285715,1.0,0.4,4,10,4,4,0.4630463719367981,0.71378093957901,0.35
4855,True,exact,1.0,Santa Fe,Santa Fe,0.6666666666666666,1.0,0.5,3,6,3,3,0.46459993720054626,0.8480782508850098,0.35
4856,True,exact,1.0,Baton Rouge,Baton Rouge,0.4444444444444444,0.6666666666666666,0.3333333333333333,3,6,2,2,0.3780473470687866,0.885037362575531,0.35
4857,False,exact,1.0,Arkansas,Ohio,0.8235294117647058,1.0,0.7,7,10,7,7,0.42233872413635254,0.9459176659584045,0.35
4858,True,exact,1.0,Europe,Europe,0.4615384615384615,1.0,0.3,3,10,3,3,0.5637422800064087,0.8576895594596863,0.35
4859,True,exact,1.0,Diodon nicthemerus,Diodon nicthemerus,0.4444444444444444,0.6666666666666666,0.3333333333333333,3,6,2,2,0.3855264186859131,0.6999619603157043,0.35
4860,False,exact,0.3,the Atlantic Ocean,the Southern Ocean,0.35294117647058826,1.0,0.21428571428571427,3,14,3,3,0.5376573204994202,0.7731027603149414,0.35
4861,False,numeric_mismatch,0.0,13 grams of water vapor per kilogram of air,24 grams of water vapor per kilogram of air,0.6153846153846153,1.0,0.4444444444444444,4,9,4,4,0.4203357696533203,0.8165706396102905,0.35
4862,True,exact,1.0,Australia,Australia,0.5714285714285715,1.0,0.4,4,10,4,4,0.3862132430076599,0.6919166445732117,0.35
4863,False,exact,0.3,the surroundings . . . each aquarium,each aquarium . . . the surroundings,0.42857142857142855,1.0,0.2727272727272727,3,11,3,3,0.4599699378013611,0.7702827453613281,0.35
4864,False,exact,0.3,Kylie can trade her almonds for Rosa's tomatoes.,Rosa can trade her tomatoes for Kylie's broccoli.,0.47619047619047616,1.0,0.3125,5,16,5,5,0.36667418479919434,0.7525697350502014,0.35
4865,True,exact,1.0,rough,rough,0.36363636363636365,0.6666666666666666,0.25,3,8,2,2,0.22681057453155518,0.49952244758605957,0.35
4866,True,exact,1.0,sour,sour,0.21052631578947364,0.4,0.14285714285714285,5,14,2,2,0.1659054011106491,0.42268458008766174,0.35
4867,True,exact,1.0,New Mexico,New Mexico,0.42857142857142855,1.0,0.2727272727272727,3,11,3,3,0.5231203436851501,0.8492896556854248,0.35
4868,False,numeric_mismatch,0.0,The magnitude of the magnetic force is greater in Pair 1.,The magnitude of the magnetic force is greater in Pair 2.,0.7692307692307693,1.0,0.625,5,8,5,5,0.5592951774597168,0.7867124080657959,0.35
4869,True,exact,1.0,the pruned tomato plants,the pruned tomato plants,0.3333333333333333,0.6666666666666666,0.2222222222222222,3,9,2,2,0.33680057525634766,0.8012334704399109,0.35
4870,True,exact,1.0,Iowa,Iowa,0.8,1.0,0.6666666666666666,6,9,6,6,0.41748496890068054,0.7559776902198792,0.35
4871,False,exact,0.3,The magnetic force is weaker in Pair 2.,The strength of the magnetic force is the same in both pairs.,0.5,1.0,0.3333333333333333,5,15,5,5,0.49661925435066223,0.8105948567390442,0.35
4872,True,exact,0.7,B) Bismarck,Bismarck,0.5454545454545454,1.0,0.375,3,8,3,3,0.3870677947998047,0.9401279091835022,0.35
4873,False,exact,0.3,The magnetic force is weaker in Pair 2.,The strength of the magnetic force is the same in both pairs.,0.6666666666666666,1.0,0.5,5,10,5,5,0.43701010942459106,0.7005473375320435,0.35
4874,False,exact,1.0,Kiribati,Tonga,0.6153846153846153,1.0,0.4444444444444444,4,9,4,4,0.3707440197467804,0.7363412976264954,0.35
4875,True,exact,1.0,Jackson,Jackson,0.7499999999999999,1.0,0.6,3,5,3,3,0.4188694655895233,0.8546395897865295,0.35
4876,True,yes_no,1.0,yes,yes,0.6666666666666666,1.0,0.5,4,8,4,4,0.45107585191726685,0.8717107176780701,0.35
4877,False,exact,0.3,toward the boy's thumb,away from the boy's thumb,0.42857142857142855,1.0,0.2727272727272727,3,11,3,3,0.42169222235679626,0.659287691116333,0.35
4878,False,exact,0.3,New Hampshire,Massachusetts,0.5,0.6666666666666666,0.4,3,5,2,2,0.28907859325408936,0.6408612728118896,0.35
4879,True,exact,1.0,mineral,mineral,0.33333333333333337,1.0,0.2,3,15,3,3,0.5205621719360352,0.9304907321929932,0.35
4880,False,numeric_mismatch,0.0,1:3,3:1,0.5555555555555556,1.0,0.38461538461538464,5,13,5,5,0.4770232141017914,0.8916890621185303,0.35
4881,True,exact,1.0,It has many evergreen trees.,It has many evergreen trees.,0.25,0.5,0.16666666666666666,4,12,2,2,0.22641903162002563,0.8059321045875549,0.35
4882,True,exact,1.0,weather,weather,0.5,1.0,0.3333333333333333,3,9,3,3,0.37125423550605774,0.6357014775276184,0.35
4883,True,exact,1.0,bromine,bromine,0.6,1.0,0.42857142857142855,3,7,3,3,0.39070460200309753,0.716178297996521,0.35
4884,True,exact,1.0,sample B,sample B,0.6666666666666666,1.0,0.5,5,10,5,5,0.4538497030735016,0.8718657493591309,0.35
4885,True,exact,1.0,Pierre,Pierre,0.5,0.6666666666666666,0.4,3,5,2,2,0.409358948469162,0.949280321598053,0.35
4886,True,exact,1.0,African sacred ibis,African sacred ibis,0.5,1.0,0.3333333333333333,3,9,3,3,0.390456885099411,0.8477552533149719,0.35
4887,True,exact,1.0,Solution B,Solution B,0.5454545454545454,1.0,0.375,3,8,3,3,0.5268077254295349,0.9193924069404602,0.35
4888,True,exact,1.0,Ardea purpurea,Ardea purpurea,0.5333333333333333,0.8,0.4,5,10,4,4,0.37421512603759766,0.8548418879508972,0.35
4889,True,exact,1.0,transparent,transparent,0.4210526315789474,1.0,0.26666666666666666,4,15,4,4,0.35887956619262695,0.7090453505516052,0.35
4890,True,exact,1.0,attract,attract,0.7272727272727273,1.0,0.5714285714285714,4,7,4,4,0.493425190448761,0.7561018466949463,0.35
4891,True,exact,1.0,a compound,a compound,0.6153846153846153,1.0,0.4444444444444444,4,9,4,4,0.5470573306083679,0.9606931805610657,0.35
4892,True,exact,1.0,sample A,sample A,0.6666666666666666,1.0,0.5,5,10,5,5,0.44155746698379517,0.8720538020133972,0.35
4893,False,exact,0.3,whether different types of bacteria would need different nutrients to produce insulin,whether she added enough nutrients to help the bacteria produce 20% more insulin,0.25,0.5,0.16666666666666666,4,12,2,2,0.2599776089191437,0.6892622113227844,0.35
4894,True,exact,1.0,Can pennies hold more drops of pure water or water mixed with hand soap?,Can pennies hold more drops of pure water or water mixed with hand soap?,0.5,1.0,0.3333333333333333,3,9,3,3,0.38998672366142273,0.7543932795524597,0.35
4895,True,exact,1.0,It has daily flooding and draining of seawater. It also has many different types of organisms.,It has daily flooding and draining of seawater. It also has many different types of organisms.,0.6666666666666666,1.0,0.5,4,8,4,4,0.37493520975112915,0.7811737656593323,0.35
4896,True,exact,1.0,Can pennies hold more drops of pure water or water mixed with hand soap?,Can pennies hold more drops of pure water or water mixed with hand soap?,0.375,1.0,0.23076923076923078,3,13,3,3,0.3314635157585144,0.6400479674339294,0.35
4897,True,exact,1.0,Nashville,Nashville,0.6666666666666666,1.0,0.5,3,6,3,3,0.4620957374572754,0.8831447958946228,0.35
4898,False,numeric_mismatch,0.0,The magnetic force is stronger in Pair 1.,The magnetic force is stronger in Pair 2.,0.7499999999999999,1.0,0.6,3,5,3,3,0.5128300189971924,0.850124716758728,0.35
4899,True,exact,1.0,a compound,a compound,0.5454545454545454,1.0,0.375,3,8,3,3,0.533667266368866,0.8185958862304688,0.35
4900,True,exact,1.0,mineral,mineral,0.28571428571428575,0.6666666666666666,0.18181818181818182,3,11,2,2,0.4535718858242035,0.8544295430183411,0.35
4901,True,yes_no,1.0,false,false,0.5714285714285715,1.0,0.4,4,10,4,4,0.5761121511459351,0.8354374170303345,0.35
4902,True,exact,1.0,Do more bacteria grow in liquid with cinnamon than in liquid without cinnamon?,Do more bacteria grow in liquid with cinnamon than in liquid without cinnamon?,0.33333333333333337,1.0,0.2,3,15,3,3,0.414172500371933,0.8695530295372009,0.35
4903,True,exact,1.0,Salt Lake City,Salt Lake City,0.4,0.6666666666666666,0.2857142857142857,3,7,2,2,0.37639909982681274,0.9277478456497192,0.35
4904,False,exact,0.3,Madagascar day gecko,Mozambique spitting cobra,0.6666666666666666,1.0,0.5,4,8,4,4,0.3898463249206543,0.635252058506012,0.35
4905,True,exact,1.0,Denver,Denver,0.4,1.0,0.25,3,12,3,3,0.27675339579582214,0.8969501256942749,0.35
4906,True,exact,1.0,shiny,shiny,0.25,0.5,0.16666666666666666,4,12,2,2,0.2418360710144043,0.6722177863121033,0.35
4907,False,exact,0.3,"Animals need food, but plants don't.",Chemical energy can be used for cell growth.,0.36363636363636365,0.5,0.2857142857142857,4,7,2,2,0.26195135712623596,0.7629045248031616,0.35
4908,False,exact,0.3,Does the amount of water in a glass affect whether eggs sink or float in the water?,Are eggs more likely to float in fresh water or salty water?,0.42857142857142855,1.0,0.2727272727272727,3,11,3,3,0.4522857367992401,0.8383764624595642,0.35
4909,True,exact,1.0,the fruit,the fruit,0.6153846153846153,1.0,0.4444444444444444,4,9,4,4,0.4939940273761749,0.7320794463157654,0.35
4910,True,exact,1.0,neither; their concentrations are the same,neither; their concentrations are the same,0.4444444444444445,1.0,0.2857142857142857,4,14,4,4,0.46564850211143494,0.8353049755096436,0.35
4911,True,exact,1.0,It has mostly small plants.,It has mostly small plants.,0.25,0.6666666666666666,0.15384615384615385,3,13,2,2,0.25359615683555603,0.47261902689933777,0.35
4912,True,exact,1.0,the Atlantic Ocean,the Atlantic Ocean,0.2666666666666667,1.0,0.15384615384615385,2,13,2,2,0.46620431542396545,0.8514062762260437,0.35
4913,True,exact,1.0,New York,New York,0.7999999999999999,0.75,0.8571428571428571,8,7,6,6,0.4088914692401886,0.7363865971565247,0.35
4914,False,numeric_mismatch,0.0,2:2,0:4,0.3529411764705882,0.75,0.23076923076923078,4,13,3,3,0.31793782114982605,0.9315991997718811,0.35
4915,True,exact,1.0,Caprimulgus europaeus,Caprimulgus europaeus,0.30769230769230765,0.6666666666666666,0.2,3,10,2,2,0.31419476866722107,0.7432053685188293,0.35
4916,True,exact,1.0,glass,glass,0.7272727272727273,1.0,0.5714285714285714,4,7,4,4,0.47826701402664185,0.810880184173584,0.35
4917,True,exact,1.0,Florida,Florida,0.761904761904762,1.0,0.6153846153846154,8,13,8,8,0.39103853702545166,0.9113156795501709,0.35
4918,True,exact,1.0,giraffe,giraffe,0.5,1.0,0.3333333333333333,3,9,3,3,0.446042001247406,0.9909195303916931,0.35
4919,True,exact,1.0,Salt Lake City,Salt Lake City,0.375,1.0,0.23076923076923078,3,13,3,3,0.36294281482696533,0.9484991431236267,0.35
4920,False,exact,0.3,the Atlantic Ocean,the Pacific Ocean,0.6666666666666666,1.0,0.5,4,8,4,4,0.5001122355461121,0.8678632378578186,0.35
4921,True,exact,1.0,transparent,transparent,0.6,1.0,0.42857142857142855,3,7,3,3,0.44934114813804626,0.9522569179534912,0.35
4922,True,exact,1.0,to the right than to the left,to the right than to the left,0.42857142857142855,1.0,0.2727272727272727,3,11,3,3,0.4028560221195221,0.5864707231521606,0.35
4923,False,exact,0.3,neither; their concentrations are the same,Solution B,0.5,1.0,0.3333333333333333,3,9,3,3,0.554175615310669,0.8696750402450562,0.35
4924,True,exact,1.0,Neil can trade his tomatoes for Darnell's broccoli.,Neil can trade his tomatoes for Darnell's broccoli.,0.5,1.0,0.3333333333333333,4,12,4,4,0.359110563993454,0.8447281718254089,0.35
4925,True,exact,1.0,Olympia,Olympia,0.4615384615384615,1.0,0.3,3,10,3,3,0.2837105393409729,0.9030191898345947,0.35
4926,True,exact,1.0,New Zealand,New Zealand,0.33333333333333337,1.0,0.2,3,15,3,3,0.46808916330337524,0.7928053140640259,0.35
4927,False,exact,1.0,attract,repel,0.4444444444444445,1.0,0.2857142857142857,4,14,4,4,0.5043877959251404,0.8366899490356445,0.35
4928,True,exact,1.0,Kentucky,Kentucky,0.75,0.8571428571428571,0.6666666666666666,7,9,6,6,0.3825361728668213,0.8490467667579651,0.35
4929,False,exact,0.3,Melissa can trade her almonds for Jennifer's tomatoes.,Jennifer can trade her tomatoes for Melissa's broccoli.,0.5,1.0,0.3333333333333333,5,15,5,5,0.5471888184547424,0.9018752574920654,0.35
4930,True,yes_no,1.0,yes,yes,0.5454545454545454,0.6,0.5,5,6,3,3,0.31532517075538635,0.7099246382713318,0.35
4931,True,exact,1.0,smooth,smooth,0.2,0.5,0.125,4,16,2,2,0.20091736316680908,0.5212898850440979,0.35
4932,True,exact,1.0,It has soil that is frozen year-round.,It has soil that is frozen year-round.,0.4285714285714285,0.75,0.3,4,10,3,3,0.30895060300827026,0.7559483647346497,0.35
4933,False,exact,0.3,"the grasses, the water, and the sand dunes",the grasses and the prairie sunflowers,0.6,0.75,0.5,4,6,3,3,0.23095440864562988,0.6265617609024048,0.35
4934,True,numeric_exact,1.0,The magnetic force is stronger in Pair 1.,The magnetic force is stronger in Pair 1.,0.5714285714285715,1.0,0.4,4,10,4,4,0.6179999113082886,0.8743465542793274,0.35
4935,True,exact,1.0,Solution A,Solution A,0.6,1.0,0.42857142857142855,3,7,3,3,0.5026976466178894,0.9732686877250671,0.35
4936,True,exact,1.0,Tallahassee,Tallahassee,0.6666666666666666,1.0,0.5,3,6,3,3,0.52154940366745,0.9118302464485168,0.35
4937,True,exact,1.0,bare-eared squirrel monkey,bare-eared squirrel monkey,0.42857142857142855,1.0,0.2727272727272727,3,11,3,3,0.4048207402229309,0.9084852933883667,0.35
4938,True,numeric_exact,1.0,The magnitude of the magnetic force is smaller in Pair 1.,The magnitude of the magnetic force is smaller in Pair 1.,0.7272727272727273,1.0,0.5714285714285714,4,7,4,4,0.5804511308670044,0.8883287310600281,0.35
4939,True,exact,1.0,the surroundings . . . each salmon,the surroundings . . . each salmon,0.4444444444444445,1.0,0.2857142857142857,4,14,4,4,0.5259540677070618,0.9139201045036316,0.35
4940,False,exact,0.3,Charlotte has a rainy season and a dry season.,Precipitation does not change much from month to month.,0.5882352941176471,1.0,0.4166666666666667,5,12,5,5,0.4386540949344635,0.8897876143455505,0.35
4941,True,exact,1.0,California,California,0.7058823529411765,0.75,0.6666666666666666,8,9,6,6,0.357612669467926,0.7798407077789307,0.35
4942,False,exact,0.3,Solomon Islands,the Marshall Islands,0.888888888888889,1.0,0.8,4,5,4,4,0.3928074836730957,0.6092191934585571,0.35
4943,False,yes_no,1.0,yes,no,0.4444444444444444,0.6666666666666666,0.3333333333333333,3,6,2,2,0.46568763256073,0.7829444408416748,0.35
4944,True,exact,1.0,sticky,sticky,0.0,0.0,0.0,4,14,0,0,0.07677488774061203,0.2903791666030884,0.35
4945,True,exact,1.0,Nashville,Nashville,0.7499999999999999,1.0,0.6,3,5,3,3,0.42534270882606506,0.8024494647979736,0.35
4946,True,exact,1.0,Jackson,Jackson,0.6,1.0,0.42857142857142855,3,7,3,3,0.5067487359046936,0.8771917223930359,0.35
4947,True,exact,1.0,Atlanta,Atlanta,0.5,1.0,0.3333333333333333,3,9,3,3,0.41085249185562134,0.8858125805854797,0.35
4948,True,exact,1.0,Augusta,Augusta,0.7499999999999999,1.0,0.6,3,5,3,3,0.37998637557029724,0.7899103760719299,0.35
4949,True,exact,1.0,salty,salty,0.5333333333333333,0.6666666666666666,0.4444444444444444,6,9,4,4,0.2740972340106964,0.6169843077659607,0.35
4950,True,exact,1.0,Indianapolis,Indianapolis,0.7499999999999999,1.0,0.6,3,5,3,3,0.3569405972957611,0.7526853084564209,0.35
4951,True,exact,1.0,rock,rock,0.4615384615384615,1.0,0.3,3,10,3,3,0.5206848382949829,0.7962369918823242,0.35
4952,True,exact,1.0,Charleston,Charleston,0.5714285714285715,0.6666666666666666,0.5,3,4,2,2,0.45728421211242676,0.9204483032226562,0.35
4953,True,exact,1.0,Lithobates catesbeianus,Lithobates catesbeianus,0.46153846153846156,0.75,0.3333333333333333,4,9,3,3,0.5022512078285217,0.9536997675895691,0.35
4954,True,exact,1.0,Nashville,Nashville,0.5454545454545454,1.0,0.375,3,8,3,3,0.39775514602661133,0.8611849546432495,0.35
4955,False,exact,1.0,weather,climate,0.125,0.3333333333333333,0.07692307692307693,3,13,1,1,0.2201257050037384,0.6025565266609192,0.35
4956,True,exact,1.0,Montgomery,Montgomery,0.6666666666666666,1.0,0.5,3,6,3,3,0.4412202835083008,0.909228503704071,0.35
4957,True,exact,1.0,the Pacific Ocean,the Pacific Ocean,0.4444444444444445,1.0,0.2857142857142857,4,14,4,4,0.4196108281612396,0.7959033250808716,0.35
4958,True,exact,1.0,Phoenix,Phoenix,0.6,1.0,0.42857142857142855,3,7,3,3,0.4013315737247467,0.853009045124054,0.35
4959,True,exact,1.0,North Carolina,North Carolina,0.6,1.0,0.42857142857142855,3,7,3,3,0.4115699231624603,0.6350429654121399,0.35
4960,False,numeric_mismatch,0.0,3/4,4/4,0.8571428571428572,0.8181818181818182,0.9,11,10,9,9,0.4879319667816162,0.8127989768981934,0.35
4961,True,exact,1.0,attract,attract,0.6153846153846153,1.0,0.4444444444444444,4,9,4,4,0.4769341051578522,0.7621620893478394,0.35
4962,False,exact,0.3,common toad,penguin,0.5333333333333333,1.0,0.36363636363636365,4,11,4,4,0.41185691952705383,0.7814868688583374,0.35
4963,True,exact,1.0,which side of the roof got more sun over one day,which side of the roof got more sun over one day,0.47058823529411764,1.0,0.3076923076923077,4,13,4,4,0.3377954065799713,0.6621240377426147,0.35
4964,False,exact,0.3,neither; their concentrations are the same,Solution B,0.8,1.0,0.6666666666666666,4,6,4,4,0.5333823561668396,0.8585265874862671,0.35
4965,False,exact,1.0,Connecticut,Delaware,0.7272727272727273,1.0,0.5714285714285714,4,7,4,4,0.41031304001808167,0.6286946535110474,0.35
4966,True,exact,1.0,lichen,lichen,0.4,0.6666666666666666,0.2857142857142857,3,7,2,2,0.26055893301963806,0.44289278984069824,0.35
4967,False,numeric_mismatch,0.0,3/4,2/4,0.5,1.0,0.3333333333333333,5,15,5,5,0.4015931487083435,0.7989306449890137,0.35
4968,True,exact,1.0,Boise,Boise,0.21052631578947367,0.6666666666666666,0.125,3,16,2,2,0.3169568181037903,0.8997151255607605,0.35
4969,True,exact,1.0,Concord,Concord,0.5454545454545454,1.0,0.375,3,8,3,3,0.3726308345794678,0.9384170770645142,0.35
4970,True,exact,1.0,Do radishes grown under bright light get bigger than radishes grown under dim light?,Do radishes grown under bright light get bigger than radishes grown under dim light?,0.4444444444444445,1.0,0.2857142857142857,4,14,4,4,0.3667132556438446,0.6946520209312439,0.35
4971,False,exact,0.3,Solution A,neither; their concentrations are the same,0.5,1.0,0.3333333333333333,3,9,3,3,0.5585871338844299,0.9535353183746338,0.35
4972,True,exact,1.0,June,June,0.6153846153846153,1.0,0.4444444444444444,4,9,4,4,0.4551534652709961,0.8922164440155029,0.35
4973,True,exact,1.0,Africa,Africa,0.6,1.0,0.42857142857142855,3,7,3,3,0.4674067199230194,0.7141904234886169,0.35
4974,True,yes_no,1.0,yes,yes,0.6153846153846153,0.5714285714285714,0.6666666666666666,7,6,4,4,0.35994312167167664,0.930049479007721,0.35
4975,True,exact,1.0,sample B,sample B,0.5882352941176471,1.0,0.4166666666666667,5,12,5,5,0.5135981440544128,0.8975262641906738,0.35
4976,True,exact,1.0,New Zealand,New Zealand,0.6,1.0,0.42857142857142855,3,7,3,3,0.4258301258087158,0.7358322143554688,0.35
4977,True,exact,1.0,Michigan,Michigan,0.3636363636363636,1.0,0.2222222222222222,2,9,2,2,0.523799479007721,0.8905642628669739,0.35
4978,True,yes_no,1.0,yes,yes,0.2,0.5,0.125,4,16,2,2,0.3037835955619812,0.8140463829040527,0.35
4979,False,numeric_mismatch,0.0,The magnitude of the magnetic force is greater in Pair 1.,The magnitude of the magnetic force is greater in Pair 2.,0.6666666666666666,1.0,0.5,4,8,4,4,0.529662549495697,0.8526756167411804,0.35
4980,False,yes_no,1.0,false,true,0.4,1.0,0.25,3,12,3,3,0.4736693799495697,0.7173754572868347,0.35
4981,True,exact,1.0,mutualistic,mutualistic,0.5,1.0,0.3333333333333333,4,12,4,4,0.4909495413303375,0.9274033904075623,0.35
4982,True,exact,1.0,Helena,Helena,0.47058823529411764,1.0,0.3076923076923077,4,13,4,4,0.35439491271972656,0.927605926990509,0.35
4983,True,exact,1.0,Sacramento,Sacramento,0.6,1.0,0.42857142857142855,3,7,3,3,0.48146939277648926,0.9171746373176575,0.35
4984,True,exact,1.0,Saint Lucia,Saint Lucia,0.5454545454545454,1.0,0.375,3,8,3,3,0.47168147563934326,0.842339038848877,0.35
4985,True,exact,1.0,rubber,rubber,0.5454545454545454,1.0,0.375,3,8,3,3,0.43286097049713135,0.8475666642189026,0.35
4986,True,exact,1.0,Genes affect traits.,Genes affect traits.,0.5714285714285715,1.0,0.4,4,10,4,4,0.45834311842918396,0.8649306297302246,0.35
4987,True,exact,1.0,Sacramento,Sacramento,0.5454545454545454,1.0,0.375,3,8,3,3,0.515614926815033,0.8452463746070862,0.35
4988,True,exact,1.0,long-beaked echidna,long-beaked echidna,0.42857142857142855,1.0,0.2727272727272727,3,11,3,3,0.40897536277770996,0.7858800292015076,0.35
4989,False,exact,1.0,repel,attract,0.6666666666666666,1.0,0.5,5,10,5,5,0.41767147183418274,0.8409725427627563,0.35
4990,False,numeric_mismatch,0.0,The magnitude of the magnetic force is smaller in Pair 2.,The magnitude of the magnetic force is smaller in Pair 1.,0.6666666666666666,0.5714285714285714,0.8,7,5,4,4,0.5211071372032166,0.8320727348327637,0.35
4991,True,exact,1.0,Annapolis,Annapolis,0.5,0.75,0.375,4,8,3,3,0.4413685202598572,0.9203873872756958,0.35
4992,True,exact,1.0,Atelopus zeteki,Atelopus zeteki,0.6666666666666665,0.75,0.6,4,5,3,3,0.4920211434364319,0.901944637298584,0.35
4993,False,exact,0.3,sea otter,water buffalo,0.42857142857142855,1.0,0.2727272727272727,3,11,3,3,0.3794648051261902,0.8141372799873352,0.35
4994,False,exact,0.3,the Dominican Republic,The Bahamas,0.3076923076923077,1.0,0.18181818181818182,2,11,2,2,0.47521770000457764,0.6863633990287781,0.35
4995,False,exact,0.3,the Southern Ocean,the Indian Ocean,0.6,1.0,0.42857142857142855,3,7,3,3,0.507064938545227,0.7572330832481384,0.35
4996,False,exact,0.3,Do steel nails rust in fewer days when submerged in a large volume of liquid compared to a small volume?,Do steel nails take fewer days to rust in water compared to vinegar?,0.35294117647058826,1.0,0.21428571428571427,3,14,3,3,0.2671547532081604,0.8536370992660522,0.35
4997,True,exact,1.0,California,California,0.631578947368421,1.0,0.46153846153846156,6,13,6,6,0.3649929165840149,0.7756041288375854,0.35
4998,False,numeric_mismatch,0.0,The magnitude of the magnetic force is greater in Pair 1.,The magnitude of the magnetic force is greater in Pair 2.,0.7999999999999999,0.8888888888888888,0.7272727272727273,9,11,8,8,0.5138440728187561,0.8622777462005615,0.35
4999,True,exact,1.0,"The wettest months of the year are June, July, and August.","The wettest months of the year are June, July, and August.",0.4,1.0,0.25,4,16,4,4,0.3862572908401489,0.8872977495193481,0.35
5000,False,exact,1.0,yellow,salty,0.15384615384615383,0.25,0.1111111111111111,4,9,1,1,0.24524620175361633,0.7537530660629272,0.35
5001,True,exact,1.0,Pennsylvania,Pennsylvania,0.4615384615384615,1.0,0.3,3,10,3,3,0.4788680374622345,0.8815619349479675,0.35
5002,False,exact,0.3,Saint Kitts and Nevis,Antigua and Barbuda,0.5,1.0,0.3333333333333333,3,9,3,3,0.4782552421092987,0.8399689793586731,0.35
5003,False,exact,0.3,Solution A,neither; their concentrations are the same,0.6,1.0,0.42857142857142855,3,7,3,3,0.5648711323738098,0.9823006987571716,0.35
5004,True,exact,1.0,tetraphosphorus,tetraphosphorus,0.6,1.0,0.42857142857142855,3,7,3,3,0.36916473507881165,0.6484395861625671,0.35
5005,False,exact,0.3,The magnitude of the magnetic force is smaller in Pair 1.,The magnitude of the magnetic force is the same in both pairs.,0.5555555555555556,1.0,0.38461538461538464,5,13,5,5,0.36820295453071594,0.7213483452796936,0.35
5006,True,exact,1.0,translucent,translucent,0.25,0.5,0.16666666666666666,4,12,2,2,0.17951910197734833,0.40757349133491516,0.35
5007,True,exact,1.0,"It has long, cold winters. It also has mostly small plants.","It has long, cold winters. It also has mostly small plants.",0.6666666666666666,1.0,0.5,4,8,4,4,0.34376323223114014,0.6343311667442322,0.35
5008,True,exact,1.0,Atlanta,Atlanta,0.4615384615384615,1.0,0.3,3,10,3,3,0.5126988291740417,0.8833149671554565,0.35
5009,True,exact,1.0,Felis margarita,Felis margarita,0.8333333333333334,0.8333333333333334,0.8333333333333334,6,6,5,5,0.5274132490158081,0.8868980407714844,0.35
5010,True,exact,1.0,Solution B,Solution B,0.5,1.0,0.3333333333333333,3,9,3,3,0.560609757900238,0.9297206401824951,0.35
5011,True,exact,1.0,toward the magnet,toward the magnet,0.8,1.0,0.6666666666666666,4,6,4,4,0.4458732604980469,0.7334938049316406,0.35
5012,False,exact,1.0,Georgia,Illinois,0.6153846153846153,0.5714285714285714,0.6666666666666666,7,6,4,4,0.3522094190120697,0.7259858250617981,0.35
5013,True,exact,1.0,Lamar can trade his tomatoes for Jackson's broccoli.,Lamar can trade his tomatoes for Jackson's broccoli.,0.7142857142857143,1.0,0.5555555555555556,5,9,5,5,0.43294939398765564,0.8548803925514221,0.35
5014,True,exact,1.0,San Francisco,San Francisco,0.4285714285714285,0.75,0.3,4,10,3,3,0.3510378897190094,0.8458176255226135,0.35
5015,True,exact,1.0,It has salty water. It also has many different types of organisms.,It has salty water. It also has many different types of organisms.,0.5,1.0,0.3333333333333333,4,12,4,4,0.4389519691467285,0.8086680769920349,0.35
5016,True,exact,1.0,colorful,colorful,0.23529411764705882,0.5,0.15384615384615385,4,13,2,2,0.26714757084846497,0.6082756519317627,0.35
5017,True,exact,1.0,push,push,0.4615384615384615,1.0,0.3,3,10,3,3,0.5686401128768921,0.8699990510940552,0.35
5018,False,exact,0.3,The magnitude of the magnetic force is the same in both pairs.,The magnitude of the magnetic force is greater in Pair 2.,0.6666666666666666,1.0,0.5,4,8,4,4,0.5524468421936035,0.8087146878242493,0.35
5019,True,exact,1.0,California,California,0.6,0.8571428571428571,0.46153846153846156,7,13,6,6,0.3062525987625122,0.7392045855522156,0.35
5020,True,exact,1.0,Ardea cinerea,Ardea cinerea,0.42857142857142855,1.0,0.2727272727272727,3,11,3,3,0.46042317152023315,0.9440443515777588,0.35
5021,False,numeric_mismatch,0.0,-1°C,-22°C,0.5,1.0,0.3333333333333333,3,9,3,3,0.39861389994621277,0.7851207852363586,0.35
5022,True,exact,1.0,the grocery store,the grocery store,0.25,0.6666666666666666,0.15384615384615385,3,13,2,2,0.3983444571495056,0.8420072793960571,0.35
5023,True,exact,1.0,a compound,a compound,0.5714285714285715,1.0,0.4,4,10,4,4,0.45366817712783813,0.8328559994697571,0.35
5024,True,exact,1.0,It has a small amount of rain.,It has a small amount of rain.,0.5714285714285715,1.0,0.4,4,10,4,4,0.4621564745903015,0.7763328552246094,0.35
5025,True,exact,1.0,a solid,a solid,0.6153846153846153,1.0,0.4444444444444444,4,9,4,4,0.43034180998802185,0.8557689785957336,0.35
5026,True,exact,1.0,Helena,Helena,0.5454545454545454,1.0,0.375,3,8,3,3,0.47447332739830017,0.933936357498169,0.35
5027,True,exact,1.0,Rhode Island,Rhode Island,0.6666666666666666,1.0,0.5,3,6,3,3,0.472519189119339,0.7635931372642517,0.35
5028,True,exact,1.0,Samir can trade his tomatoes for Derek's broccoli.,Samir can trade his tomatoes for Derek's broccoli.,0.4444444444444445,1.0,0.2857142857142857,4,14,4,4,0.4924534261226654,0.8114091753959656,0.35
5029,True,exact,1.0,Boise,Boise,0.3333333333333333,0.6666666666666666,0.2222222222222222,3,9,2,2,0.3814123570919037,0.8977027535438538,0.35
5030,True,exact,1.0,Montgomery,Montgomery,0.5454545454545454,1.0,0.375,3,8,3,3,0.5407279133796692,0.8700085878372192,0.35
5031,True,exact,1.0,eight legs,eight legs,0.375,1.0,0.23076923076923078,3,13,3,3,0.41802847385406494,0.6526690125465393,0.35
5032,True,exact,1.0,Pennsylvania,Pennsylvania,0.4615384615384615,1.0,0.3,3,10,3,3,0.3559427261352539,0.6859187483787537,0.35
5033,False,exact,1.0,weather,climate,0.25,0.6666666666666666,0.15384615384615385,3,13,2,2,0.19661781191825867,0.4630836844444275,0.35
5034,True,exact,1.0,Olympia,Olympia,0.5454545454545454,1.0,0.375,3,8,3,3,0.4425465762615204,0.9195296168327332,0.35
5035,True,exact,1.0,sample B,sample B,0.5882352941176471,1.0,0.4166666666666667,5,12,5,5,0.5144714713096619,0.8870604038238525,0.35
5036,True,exact,1.0,Lansing,Lansing,0.4615384615384615,1.0,0.3,3,10,3,3,0.44018644094467163,0.9225485324859619,0.35
5037,True,exact,1.0,Virginia,Virginia,0.6,1.0,0.42857142857142855,3,7,3,3,0.4008001983165741,0.6378288865089417,0.35
5038,True,exact,1.0,Columbus,Columbus,0.6666666666666666,1.0,0.5,3,6,3,3,0.4352043867111206,0.9044778347015381,0.35
5039,True,exact,1.0,Denver,Denver,0.4,1.0,0.25,3,12,3,3,0.43684378266334534,0.9104172587394714,0.35
5040,False,exact,0.3,the Northeast,the Northwest,0.375,1.0,0.23076923076923078,3,13,3,3,0.40224531292915344,0.6226570010185242,0.35
5041,True,exact,1.0,Little Rock,Little Rock,0.6,1.0,0.42857142857142855,3,7,3,3,0.4225781261920929,0.9504122734069824,0.35
5042,True,numeric_exact,1.0,The magnitude of the magnetic force is greater in Pair 1.,The magnitude of the magnetic force is greater in Pair 1.,0.5,1.0,0.3333333333333333,5,15,5,5,0.5468557476997375,0.8545932173728943,0.35
5043,False,exact,0.3,Zoe can trade her almonds for Jenny's tomatoes.,Jenny can trade her tomatoes for Zoe's broccoli.,0.625,1.0,0.45454545454545453,5,11,5,5,0.3501175045967102,0.8622733950614929,0.35
5044,False,exact,0.3,neither; their concentrations are the same,Solution B,0.6153846153846153,1.0,0.4444444444444444,4,9,4,4,0.519303560256958,0.8352754712104797,0.35
5045,True,exact,1.0,Bismarck,Bismarck,0.30769230769230765,0.6666666666666666,0.2,3,10,2,2,0.363108366727829,0.9209644198417664,0.35
5046,False,exact,0.3,Saint Lucia,Saint Kitts and Nevis,0.42857142857142855,1.0,0.2727272727272727,3,11,3,3,0.5070284605026245,0.8554473519325256,0.35
5047,True,exact,1.0,Pierre,Pierre,0.6666666666666666,1.0,0.5,3,6,3,3,0.37018367648124695,0.770788311958313,0.35
5048,True,exact,1.0,Oregon,Oregon,0.4615384615384615,1.0,0.3,3,10,3,3,0.422865092754364,0.8195098042488098,0.35
5049,True,exact,1.0,the Atlantic Ocean,the Atlantic Ocean,0.2857142857142857,1.0,0.16666666666666666,2,12,2,2,0.5273967385292053,0.8114109635353088,0.35
5050,True,exact,1.0,booming,booming,0.8,1.0,0.6666666666666666,4,6,4,4,0.47855833172798157,0.8770783543586731,0.35
5051,True,exact,1.0,South America,South America,0.4615384615384615,1.0,0.3,3,10,3,3,0.4791274666786194,0.7629858255386353,0.35
5052,True,exact,1.0,Europe,Europe,0.6,1.0,0.42857142857142855,3,7,3,3,0.5089226961135864,0.7859371304512024,0.35
5053,False,exact,0.3,brown lemmings,Arctic fox,0.5,1.0,0.3333333333333333,3,9,3,3,0.35912758111953735,0.5692556500434875,0.35
5054,True,yes_no,1.0,yes,yes,0.4,1.0,0.25,3,12,3,3,0.5586395859718323,0.833337128162384,0.35
5055,True,exact,1.0,clownfish,clownfish,0.7499999999999999,1.0,0.6,3,5,3,3,0.4015522301197052,0.6370947957038879,0.35
5056,False,numeric_mismatch,0.0,1/4,4/4,0.5000000000000001,0.8,0.36363636363636365,5,11,4,4,0.2909778356552124,0.7701547145843506,0.35
5057,True,exact,1.0,hawfinch,hawfinch,0.6666666666666666,1.0,0.5,3,6,3,3,0.48416200280189514,0.814885139465332,0.35
5058,False,exact,1.0,shiny,bumpy,0.3333333333333333,0.75,0.21428571428571427,4,14,3,3,0.23369058966636658,0.6042910218238831,0.35
5059,True,exact,1.0,Do more bacteria grow in liquid with cinnamon than in liquid without cinnamon?,Do more bacteria grow in liquid with cinnamon than in liquid without cinnamon?,0.4,1.0,0.25,3,12,3,3,0.4154707193374634,0.8825268149375916,0.35
5060,False,exact,0.3,Do radish plants grown under bright light have more leaves than radish plants grown under dim light?,Do radishes grown under bright light get bigger than radishes grown under dim light?,0.4,1.0,0.25,4,16,4,4,0.3783251643180847,0.7248311638832092,0.35
5061,True,numeric_exact,1.0,The magnitude of the magnetic force is greater in Pair 2.,The magnitude of the magnetic force is greater in Pair 2.,0.7368421052631579,1.0,0.5833333333333334,7,12,7,7,0.5766962766647339,0.8348981738090515,0.35
5062,False,numeric_mismatch,0.0,The magnitude of the magnetic force is smaller in Pair 2.,The magnitude of the magnetic force is smaller in Pair 1.,0.5714285714285715,1.0,0.4,4,10,4,4,0.6393135786056519,0.8599311113357544,0.35
5063,False,exact,0.3,when it is cold outside,when there is not much water,0.5333333333333333,1.0,0.36363636363636365,4,11,4,4,0.2624998390674591,0.7146876454353333,0.35
5064,True,exact,1.0,Salem,Salem,0.46153846153846156,0.75,0.3333333333333333,4,9,3,3,0.31958261132240295,0.8527129888534546,0.35
5065,True,exact,1.0,the Dominican Republic,the Dominican Republic,0.5714285714285715,1.0,0.4,4,10,4,4,0.4682728350162506,0.7873573899269104,0.35
5066,True,exact,1.0,piranha,piranha,0.4,1.0,0.25,3,12,3,3,0.4245492219924927,0.748561441898346,0.35
5067,True,exact,1.0,green violetear,green violetear,0.4444444444444445,1.0,0.2857142857142857,4,14,4,4,0.4931565225124359,0.8283189535140991,0.35
5068,True,exact,1.0,convergent,convergent,0.6666666666666666,0.8,0.5714285714285714,5,7,4,4,0.38645410537719727,0.8280449509620667,0.35
5069,True,exact,1.0,bare-eared squirrel monkey,bare-eared squirrel monkey,0.375,1.0,0.23076923076923078,3,13,3,3,0.45459142327308655,0.8237864375114441,0.35
5070,True,exact,1.0,Boise,Boise,0.5454545454545454,0.75,0.42857142857142855,4,7,3,3,0.4253244400024414,0.7849889397621155,0.35
5071,True,exact,1.0,Charleston,Charleston,0.6666666666666666,1.0,0.5,3,6,3,3,0.43045955896377563,0.9428237080574036,0.35
5072,False,exact,0.3,frog,red-spotted newt,0.4444444444444445,1.0,0.2857142857142857,4,14,4,4,0.3648824989795685,0.7567684054374695,0.35
5073,False,exact,0.3,Saint Vincent and the Grenadines,Grenada,0.4,1.0,0.25,3,12,3,3,0.3805477023124695,0.7603979110717773,0.35
5074,True,exact,1.0,Helena,Helena,0.5454545454545454,0.75,0.42857142857142855,4,7,3,3,0.3851003050804138,0.8862316012382507,0.35
5075,False,exact,0.3,Sidney can trade her broccoli for Arianna's oranges.,Arianna can trade her tomatoes for Sidney's broccoli.,0.6086956521739131,0.5,0.7777777777777778,14,9,7,7,0.294146865606308,0.852691650390625,0.35
5076,True,exact,1.0,It has year-round rain. It also has many different types of organisms.,It has year-round rain. It also has many different types of organisms.,0.375,0.75,0.25,4,12,3,3,0.3376266062259674,0.7614078521728516,0.35
5077,False,exact,0.3,Irma can trade her almonds for Dustin's tomatoes.,Dustin can trade his tomatoes for Irma's broccoli.,0.5882352941176471,0.45454545454545453,0.8333333333333334,11,6,5,5,0.37945035099983215,0.6852875351905823,0.35
5078,True,exact,1.0,the Thirteen Colonies,the Thirteen Colonies,0.42857142857142855,1.0,0.2727272727272727,3,11,3,3,0.5234156847000122,0.8350759744644165,0.35
5079,True,exact,1.0,Lynx canadensis,Lynx canadensis,0.42857142857142855,1.0,0.2727272727272727,3,11,3,3,0.5384873747825623,0.9308048486709595,0.35
5080,False,exact,1.0,Maine,Massachusetts,0.7499999999999999,1.0,0.6,3,5,3,3,0.3883441388607025,0.5813806056976318,0.35
5081,True,exact,1.0,Elise can trade her tomatoes for Nolan's broccoli.,Elise can trade her tomatoes for Nolan's broccoli.,0.7142857142857143,1.0,0.5555555555555556,5,9,5,5,0.4814309775829315,0.911927342414856,0.35
5082,True,exact,1.0,repel,repel,0.5333333333333333,1.0,0.36363636363636365,4,11,4,4,0.4038100242614746,0.7688546180725098,0.35
5083,True,exact,1.0,Nina can trade her tomatoes for Ivan's broccoli.,Nina can trade her tomatoes for Ivan's broccoli.,0.5714285714285715,1.0,0.4,4,10,4,4,0.49774065613746643,0.8668670654296875,0.35
5084,True,exact,1.0,colorful,colorful,0.2222222222222222,0.3333333333333333,0.16666666666666666,3,6,1,1,0.2441851794719696,0.44859349727630615,0.35
5085,True,exact,1.0,Olympia,Olympia,0.4,0.6666666666666666,0.2857142857142857,3,7,2,2,0.33280259370803833,0.8539836406707764,0.35
5086,True,exact,1.0,Maryland,Maryland,0.5714285714285715,1.0,0.4,4,10,4,4,0.33373141288757324,0.6763392090797424,0.35
5087,True,exact,1.0,It has daily flooding and draining of seawater. It also has many different types of organisms.,It has daily flooding and draining of seawater. It also has many different types of organisms.,0.4285714285714285,0.75,0.3,4,10,3,3,0.37779444456100464,0.9573512673377991,0.35
5088,True,exact,1.0,Does apple juice expand more or less than water when it freezes?,Does apple juice expand more or less than water when it freezes?,0.375,1.0,0.23076923076923078,3,13,3,3,0.44188225269317627,0.9238942861557007,0.35
5089,False,placeholder,0.0,insufficient information,true,0.0,0.0,0.0,0,9,0,0,0.0,0.0,0.0
5090,True,exact,1.0,Asia,Asia,0.5454545454545454,1.0,0.375,3,8,3,3,0.4991194009780884,0.8264009356498718,0.35
5091,False,exact,0.3,the Pacific Ocean,the Southern Ocean,0.5454545454545454,1.0,0.375,3,8,3,3,0.5299002528190613,0.8370411992073059,0.35
5092,True,exact,1.0,the surroundings . . . each bottle,the surroundings . . . each bottle,0.5714285714285715,1.0,0.4,4,10,4,4,0.4796106219291687,0.7847166657447815,0.35
5093,False,exact,0.3,eagle,painted stork,0.5714285714285715,1.0,0.4,4,10,4,4,0.46349477767944336,0.7164636850357056,0.35
5094,True,exact,1.0,Columbus,Columbus,0.5,1.0,0.3333333333333333,3,9,3,3,0.43628570437431335,0.9205749034881592,0.35
5095,True,exact,1.0,repel,repel,0.6,1.0,0.42857142857142855,6,14,6,6,0.38458722829818726,0.771510899066925,0.35
5096,False,exact,0.3,if the concrete from each batch took the same amount of time to dry,if a new batch of concrete was firm enough to use,0.5333333333333333,1.0,0.36363636363636365,4,11,4,4,0.37833672761917114,0.8297591805458069,0.35
5097,True,exact,1.0,salty,salty,0.0,0.0,0.0,3,9,0,0,0.1247631385922432,0.2887711226940155,0.35
5098,True,exact,1.0,Montpelier,Montpelier,0.6153846153846153,1.0,0.4444444444444444,4,9,4,4,0.29825425148010254,0.930167019367218,0.35
5099,True,exact,1.0,Australia,Australia,0.6,1.0,0.42857142857142855,3,7,3,3,0.48090440034866333,0.8540264964103699,0.35
5100,True,exact,1.0,barracuda,barracuda,0.47619047619047616,1.0,0.3125,5,16,5,5,0.43416157364845276,0.8057124018669128,0.35
5101,False,exact,0.3,glacier (ice),water in oceans,0.33333333333333337,1.0,0.2,3,15,3,3,0.47455939650535583,0.8265478610992432,0.35
5102,False,exact,1.0,attract,repel,0.631578947368421,1.0,0.46153846153846156,6,13,6,6,0.375307559967041,0.8306353688240051,0.35
5103,False,exact,0.3,black rockfish,bat star,0.5555555555555556,1.0,0.38461538461538464,5,13,5,5,0.43682894110679626,0.6614705920219421,0.35
5104,True,exact,1.0,repel,repel,0.4615384615384615,1.0,0.3,3,10,3,3,0.5572068095207214,0.8846571445465088,0.35
5105,True,exact,1.0,clownfish,clownfish,0.4615384615384615,1.0,0.3,3,10,3,3,0.41242894530296326,0.6978018283843994,0.35
5106,False,exact,0.3,Do radish plants grown under bright light have more leaves than radish plants grown under dim light?,Do radishes grown under bright light get bigger than radishes grown under dim light?,0.47058823529411764,1.0,0.3076923076923077,4,13,4,4,0.3900527358055115,0.7738043665885925,0.35
5107,True,exact,1.0,The Bahamas,The Bahamas,0.5714285714285715,1.0,0.4,4,10,4,4,0.49716243147850037,0.8538798093795776,0.35
5108,True,exact,1.0,neither; their concentrations are the same,neither; their concentrations are the same,0.4615384615384615,1.0,0.3,3,10,3,3,0.4884740114212036,0.7932787537574768,0.35
5109,True,exact,1.0,blue,blue,0.375,0.75,0.25,4,12,3,3,0.2225794792175293,0.4674670994281769,0.35
5110,True,exact,1.0,England claimed most of the Atlantic coast of North America.,England claimed most of the Atlantic coast of North America.,0.5,0.6666666666666666,0.4,6,10,4,4,0.3275691866874695,0.6919547319412231,0.35
5111,True,exact,1.0,Macropus agilis,Macropus agilis,0.6666666666666666,1.0,0.5,4,8,4,4,0.5101597905158997,0.9732835292816162,0.35
5112,True,exact,1.0,Kyle can trade his tomatoes for Tony's broccoli.,Kyle can trade his tomatoes for Tony's broccoli.,0.5882352941176471,1.0,0.4166666666666667,5,12,5,5,0.4621102213859558,0.8410241603851318,0.35
5113,True,exact,1.0,Sacramento,Sacramento,0.6666666666666666,1.0,0.5,3,6,3,3,0.48530134558677673,0.762395977973938,0.35
5114,False,exact,0.3,The magnitude of the magnetic force is the same in both pairs.,The magnitude of the magnetic force is smaller in Pair 1.,0.5714285714285715,1.0,0.4,4,10,4,4,0.5776110887527466,0.8986392021179199,0.35
5115,False,exact,0.3,black howler,barn owl,0.33333333333333337,1.0,0.2,3,15,3,3,0.4504910707473755,0.7416024208068848,0.35
5116,True,exact,1.0,Richmond,Richmond,0.5454545454545454,1.0,0.375,3,8,3,3,0.38095274567604065,0.9120539426803589,0.35
5117,True,exact,1.0,to the right than to the left,to the right than to the left,0.375,1.0,0.23076923076923078,3,13,3,3,0.44021791219711304,0.84477698802948,0.35
5118,True,exact,1.0,Solution B,Solution B,0.6153846153846153,1.0,0.4444444444444444,4,9,4,4,0.576491117477417,0.854118287563324,0.35
5119,True,exact,1.0,Boise,Boise,0.6666666666666666,1.0,0.5,3,6,3,3,0.45426690578460693,0.8621572256088257,0.35
5120,True,exact,1.0,Raleigh,Raleigh,0.6,1.0,0.42857142857142855,3,7,3,3,0.5689045786857605,0.7994688749313354,0.35
5121,True,exact,1.0,South America,South America,0.33333333333333337,1.0,0.2,2,10,2,2,0.48826590180397034,0.8254936933517456,0.35
5122,False,exact,0.3,fern,palm leaf,0.4,1.0,0.25,3,12,3,3,0.5402861833572388,0.8268569111824036,0.35
5123,True,exact,1.0,Massachusetts,Massachusetts,0.8000000000000002,0.8,0.8,5,5,4,4,0.42977097630500793,0.8251441121101379,0.35
5124,False,exact,1.0,climate,weather,0.25,0.6666666666666666,0.15384615384615385,3,13,2,2,0.3015178442001343,0.6266353130340576,0.35
5125,True,exact,1.0,common carp,common carp,0.4285714285714285,0.75,0.3,4,10,3,3,0.4065554141998291,0.8760143518447876,0.35
5126,True,exact,1.0,a liquid,a liquid,0.6,1.0,0.42857142857142855,3,7,3,3,0.4410278797149658,0.8616698980331421,0.35
5127,False,exact,0.3,Omaha,St. Louis,0.0,0.0,0.0,4,1,0,0,0.15562063455581665,0.21388597786426544,0.35
5128,True,exact,1.0,Do the insides of white boxes get hotter than the insides of black boxes when the boxes are left in the sun?,Do the insides of white boxes get hotter than the insides of black boxes when the boxes are left in the sun?,0.4,1.0,0.25,3,12,3,3,0.44162192940711975,0.9106954336166382,0.35
5129,True,exact,1.0,soft,soft,0.30769230769230765,0.6666666666666666,0.2,3,10,2,2,0.2852141559123993,0.673457145690918,0.35
5130,True,exact,1.0,Oklahoma City,Oklahoma City,0.6666666666666666,1.0,0.5,3,6,3,3,0.5607632398605347,0.8574942350387573,0.35
5131,True,exact,1.0,the Federated States of Micronesia,the Federated States of Micronesia,0.5454545454545454,1.0,0.375,3,8,3,3,0.43314647674560547,0.8023134469985962,0.35
5132,True,exact,1.0,koala,koala,0.42857142857142855,1.0,0.2727272727272727,3,11,3,3,0.3380472660064697,0.5197186470031738,0.35
5133,False,exact,0.3,logos (reason),ethos (character),0.2,0.3333333333333333,0.14285714285714285,3,7,1,1,0.2019890993833542,0.4444364905357361,0.35
5134,False,exact,0.3,the surroundings . . . each battery,each battery . . . the surroundings,0.625,1.0,0.45454545454545453,5,11,5,5,0.4348566234111786,0.782309889793396,0.35
5135,True,exact,1.0,a compound,a compound,0.5714285714285715,1.0,0.4,4,10,4,4,0.44128456711769104,0.8280388116836548,0.35
5136,True,exact,1.0,sticky,sticky,0.3,0.3333333333333333,0.2727272727272727,9,11,3,3,0.15075846016407013,0.4186176657676697,0.35
5137,False,yes_no,1.0,true,false,0.46153846153846156,0.75,0.3333333333333333,4,9,3,3,0.3981688618659973,0.8906826376914978,0.35
5138,True,exact,1.0,Springfield,Springfield,0.7499999999999999,1.0,0.6,3,5,3,3,0.5328154563903809,0.9454302191734314,0.35
5139,True,exact,1.0,sample A,sample A,0.5555555555555556,1.0,0.38461538461538464,5,13,5,5,0.47251805663108826,0.8824960589408875,0.35
5140,False,numeric_mismatch,0.0,4/4,0/4,0.5263157894736842,1.0,0.35714285714285715,5,14,5,5,0.2975293695926666,0.7028976678848267,0.35
5141,False,exact,1.0,attract,repel,0.5882352941176471,1.0,0.4166666666666667,5,12,5,5,0.5359076261520386,0.785880982875824,0.35
5142,True,exact,1.0,Does Justine's snowboard slide down a hill in less time when it has a layer of wax or when it does not have a layer of wax?,Does Justine's snowboard slide down a hill in less time when it has a layer of wax or when it does not have a layer of wax?,0.3333333333333333,0.75,0.21428571428571427,4,14,3,3,0.27773424983024597,0.8471587896347046,0.35
5143,True,exact,1.0,Salt Lake City,Salt Lake City,0.6,1.0,0.42857142857142855,3,7,3,3,0.5594346523284912,0.9512655138969421,0.35
5144,True,exact,1.0,Des Moines,Des Moines,0.5454545454545454,0.75,0.42857142857142855,4,7,3,3,0.36939242482185364,0.9503648281097412,0.35
5145,False,exact,0.3,Connecticut,New Jersey,0.4,1.0,0.25,3,12,3,3,0.4774891138076782,0.8465555906295776,0.35
5146,False,exact,0.3,February is wetter than March.,Precipitation does not change much from month to month in Atlanta.,0.8799999999999999,0.8461538461538461,0.9166666666666666,13,12,11,11,0.5034663081169128,0.820193886756897,0.35
5147,True,exact,1.0,Charleston,Charleston,0.4,1.0,0.25,3,12,3,3,0.3805474638938904,0.8817664980888367,0.35
5148,True,exact,1.0,weather,weather,0.3333333333333333,0.5,0.25,4,8,2,2,0.21272483468055725,0.4988449215888977,0.35
5149,False,exact,0.3,The magnitude of the magnetic force is the same in both pairs.,The magnitude of the magnetic force is greater in Pair 2.,0.7058823529411764,1.0,0.5454545454545454,6,11,6,6,0.5714495778083801,0.8237137794494629,0.35
5150,True,yes_no,1.0,true,true,0.7499999999999999,1.0,0.6,6,10,6,6,0.5171762108802795,0.9387841820716858,0.35
5151,True,exact,1.0,repel,repel,0.8,1.0,0.6666666666666666,4,6,4,4,0.5321786999702454,0.851689875125885,0.35
5152,False,exact,0.3,Carrie can trade her almonds for Rob's tomatoes.,Rob can trade his tomatoes for Carrie's broccoli.,0.4444444444444444,0.8,0.3076923076923077,5,13,4,4,0.2511773109436035,0.735744059085846,0.35
5153,True,numeric_exact,1.0,PCl5,PCl5,0.5714285714285715,1.0,0.4,4,10,4,4,0.41608038544654846,0.8268731236457825,0.35
5154,False,numeric_mismatch,0.0,14°C,30°C,0.5454545454545454,1.0,0.375,3,8,3,3,0.43195459246635437,0.8486737012863159,0.35
5155,True,exact,1.0,Juneau,Juneau,0.5,1.0,0.3333333333333333,3,9,3,3,0.4359823167324066,0.9033559560775757,0.35
5156,True,exact,1.0,Pierre,Pierre,0.33333333333333337,1.0,0.2,3,15,3,3,0.4647795855998993,0.9545532464981079,0.35
5157,True,exact,1.0,Boise,Boise,0.4,0.6666666666666666,0.2857142857142857,3,7,2,2,0.40822720527648926,0.8429113030433655,0.35
5158,True,exact,1.0,a gas,a gas,0.5454545454545454,1.0,0.375,3,8,3,3,0.4933258593082428,0.8185794949531555,0.35
5159,False,exact,0.3,Alligator,Hermann's tortoise,0.3529411764705882,0.75,0.23076923076923078,4,13,3,3,0.3632975220680237,0.7194909453392029,0.35
5160,True,exact,1.0,manta ray,manta ray,0.5714285714285715,1.0,0.4,4,10,4,4,0.4539321959018707,0.7606090307235718,0.35
5161,True,exact,1.0,shiny,shiny,0.25,0.6666666666666666,0.15384615384615385,3,13,2,2,0.31998640298843384,0.8083826303482056,0.35
5162,True,exact,1.0,Do cardinals visit feeders containing sunflower seeds more often than feeders containing flax seeds?,Do cardinals visit feeders containing sunflower seeds more often than feeders containing flax seeds?,0.6666666666666666,1.0,0.5,4,8,4,4,0.37563514709472656,0.6838260889053345,0.35
5163,True,yes_no,1.0,false,false,0.5333333333333333,1.0,0.36363636363636365,4,11,4,4,0.5233626365661621,0.826943576335907,0.35
5164,False,numeric_mismatch,0.0,2:2,0:4,0.625,0.8333333333333334,0.5,6,10,5,5,0.3829174041748047,0.7458052635192871,0.35
5165,True,exact,1.0,Do radishes grown under bright light get bigger than radishes grown under dim light?,Do radishes grown under bright light get bigger than radishes grown under dim light?,0.47058823529411764,1.0,0.3076923076923077,4,13,4,4,0.4153575599193573,0.7756830453872681,0.35
5166,False,numeric_mismatch,0.0,The magnitude of the magnetic force is smaller in Pair 2.,The magnitude of the magnetic force is smaller in Pair 1.,0.8571428571428571,0.8571428571428571,0.8571428571428571,7,7,6,6,0.5506797432899475,0.8707772493362427,0.35
5167,False,exact,1.0,Vanuatu,Fiji,0.5714285714285715,1.0,0.4,4,10,4,4,0.3802396059036255,0.6598271727561951,0.35
5168,True,exact,1.0,Cheyenne,Cheyenne,0.375,1.0,0.23076923076923078,3,13,3,3,0.37710341811180115,0.9400723576545715,0.35
5169,True,exact,1.0,New York City,New York City,0.6,0.75,0.5,4,6,3,3,0.3698233664035797,0.6813156604766846,0.35
5170,True,exact,1.0,Sally can trade her tomatoes for Chloe's broccoli.,Sally can trade her tomatoes for Chloe's broccoli.,0.625,1.0,0.45454545454545453,5,11,5,5,0.42956995964050293,0.8516330122947693,0.35
5171,True,exact,1.0,Carson City,Carson City,0.6666666666666666,1.0,0.5,3,6,3,3,0.570217490196228,0.9278529286384583,0.35
5172,False,exact,1.0,weather,climate,0.42857142857142855,1.0,0.2727272727272727,3,11,3,3,0.31293585896492004,0.5721261501312256,0.35
5173,True,exact,1.0,Ambystoma opacum,Ambystoma opacum,0.4,1.0,0.25,3,12,3,3,0.4952312707901001,0.9313833713531494,0.35
5174,False,exact,0.3,gray tree frog,red-spotted newt,0.39999999999999997,0.75,0.2727272727272727,4,11,3,3,0.42774057388305664,0.9042859077453613,0.35
5175,True,exact,1.0,attract,attract,0.6,1.0,0.42857142857142855,6,14,6,6,0.45799127221107483,0.8780034780502319,0.35
5176,False,exact,0.3,lizard,box turtle,0.5,1.0,0.3333333333333333,3,9,3,3,0.41526320576667786,0.6502391695976257,0.35
5177,True,exact,1.0,Concord,Concord,0.26666666666666666,0.6666666666666666,0.16666666666666666,3,12,2,2,0.31032320857048035,0.9559078812599182,0.35
5178,True,exact,1.0,shiny,shiny,0.25,0.3333333333333333,0.2,3,5,1,1,0.17242108285427094,0.3610454201698303,0.35
5179,True,numeric_exact,1.0,The magnetic force is stronger in Pair 1.,The magnetic force is stronger in Pair 1.,0.7692307692307693,1.0,0.625,5,8,5,5,0.5851038694381714,0.8762080669403076,0.35
5180,True,exact,1.0,Sacramento,Sacramento,0.4615384615384615,1.0,0.3,3,10,3,3,0.4795486032962799,0.8593783974647522,0.35
5181,False,exact,1.0,weather,climate,0.4444444444444444,0.6666666666666666,0.3333333333333333,3,6,2,2,0.29455068707466125,0.5962072014808655,0.35
5182,True,exact,1.0,Augusta,Augusta,0.6666666666666666,1.0,0.5,3,6,3,3,0.48072943091392517,0.9219339489936829,0.35
5183,True,exact,1.0,Des Moines,Des Moines,0.7499999999999999,1.0,0.6,3,5,3,3,0.487060010433197,0.8886497616767883,0.35
5184,True,exact,1.0,Indianapolis,Indianapolis,0.3333333333333333,0.6666666666666666,0.2222222222222222,3,9,2,2,0.38152214884757996,0.8221698999404907,0.35
5185,True,exact,1.0,mandarinfish,mandarinfish,0.5714285714285715,1.0,0.4,4,10,4,4,0.41697031259536743,0.7563231587409973,0.35
5186,True,exact,1.0,Lynx canadensis,Lynx canadensis,0.7142857142857143,1.0,0.5555555555555556,5,9,5,5,0.5774250030517578,0.9910563230514526,0.35
5187,False,exact,0.3,the grocery store,the library,0.39999999999999997,0.75,0.2727272727272727,4,11,3,3,0.35772445797920227,0.5922741293907166,0.35
5188,True,exact,1.0,It has land that is covered in water during most of the year. It also has other water ecosystems nearby.,It has land that is covered in water during most of the year. It also has other water ecosystems nearby.,0.6,1.0,0.42857142857142855,3,7,3,3,0.49503666162490845,0.8488385081291199,0.35
5189,False,exact,0.3,The magnetic force is stronger in Pair 1.,The strength of the magnetic force is the same in both pairs.,0.4444444444444445,1.0,0.2857142857142857,4,14,4,4,0.46723392605781555,0.7221838235855103,0.35
5190,True,exact,1.0,sedimentary,sedimentary,0.33333333333333337,1.0,0.2,3,15,3,3,0.5646591782569885,0.9259997010231018,0.35
5191,False,exact,0.3,to the right than to the left,to the left than to the right,0.375,1.0,0.23076923076923078,3,13,3,3,0.4765037000179291,0.8053501844406128,0.35
5192,False,exact,1.0,weather,climate,0.25,0.6666666666666666,0.15384615384615385,3,13,2,2,0.34854498505592346,0.6468434929847717,0.35
5193,True,exact,1.0,Springfield,Springfield,0.5454545454545454,1.0,0.375,3,8,3,3,0.40499210357666016,0.9254780411720276,0.35
5194,True,exact,1.0,brown-throated sloth,brown-throated sloth,0.5,1.0,0.3333333333333333,3,9,3,3,0.5163453221321106,0.9102502465248108,0.35
5195,False,exact,0.3,which design would have the least traffic noise in the concert area,which design would have the greatest distance between the concert area and the road,0.39999999999999997,0.75,0.2727272727272727,4,11,3,3,0.24999766051769257,0.5668189525604248,0.35
5196,True,exact,1.0,stretchy,stretchy,0.21052631578947367,0.6666666666666666,0.125,3,16,2,2,0.1785651445388794,0.46847108006477356,0.35
5197,True,exact,1.0,Heteropoda davidbowie,Heteropoda davidbowie,0.6666666666666665,0.75,0.6,4,5,3,3,0.2914676368236542,0.6703706979751587,0.35
5198,False,numeric_mismatch,0.0,2:2,4:0,0.4285714285714285,0.75,0.3,4,10,3,3,0.4462857246398926,0.9093363285064697,0.35
5199,False,exact,0.3,a mane on the back of its neck,four legs,0.42857142857142855,1.0,0.2727272727272727,3,11,3,3,0.45305848121643066,0.8473743796348572,0.35
5200,True,exact,1.0,cardboard,cardboard,0.6666666666666666,1.0,0.5,4,8,4,4,0.4582904279232025,0.8437751531600952,0.35
5201,True,exact,1.0,Arctic fox,Arctic fox,0.23529411764705882,0.6666666666666666,0.14285714285714285,3,14,2,2,0.36527061462402344,0.7283669114112854,0.35
5202,True,exact,1.0,New Jersey,New Jersey,0.42857142857142855,1.0,0.2727272727272727,3,11,3,3,0.4275270700454712,0.5604031085968018,0.35
5203,True,exact,1.0,smooth,smooth,0.13333333333333333,0.3333333333333333,0.08333333333333333,3,12,1,1,0.20799316465854645,0.4500134587287903,0.35
5204,True,numeric_exact,1.0,The magnitude of the magnetic force is greater in Pair 1.,The magnitude of the magnetic force is greater in Pair 1.,0.5714285714285715,1.0,0.4,4,10,4,4,0.5737614035606384,0.8383939862251282,0.35
5205,True,exact,1.0,Ardea purpurea,Ardea purpurea,0.5,1.0,0.3333333333333333,3,9,3,3,0.44145622849464417,0.9618341326713562,0.35
5206,True,exact,1.0,Rosa can trade her tomatoes for Isabella's broccoli.,Rosa can trade her tomatoes for Isabella's broccoli.,0.6666666666666666,0.8,0.5714285714285714,5,7,4,4,0.4766002595424652,0.9005938172340393,0.35
5207,True,exact,1.0,Honolulu,Honolulu,0.5,1.0,0.3333333333333333,3,9,3,3,0.4441656172275543,0.831505537033081,0.35
5208,False,exact,0.3,It's too hot there.,It's too far away.,0.5333333333333333,1.0,0.36363636363636365,4,11,4,4,0.37786123156547546,0.7111465334892273,0.35
5209,True,exact,1.0,whether the filter was clogged,whether the filter was clogged,0.30769230769230765,0.6666666666666666,0.2,3,10,2,2,0.3147425353527069,0.6262288689613342,0.35
5210,False,exact,0.3,the surroundings . . . each aquarium,each aquarium . . . the surroundings,0.35294117647058826,1.0,0.21428571428571427,3,14,3,3,0.5708819627761841,0.8765890598297119,0.35
5211,True,exact,1.0,concrete,concrete,0.5,1.0,0.3333333333333333,4,12,4,4,0.4348050057888031,0.900725781917572,0.35
5212,True,exact,1.0,Boise,Boise,0.4,0.6666666666666666,0.2857142857142857,3,7,2,2,0.3244612216949463,0.8592292070388794,0.35
5213,True,exact,1.0,Lonicera maackii,Lonicera maackii,0.6153846153846153,1.0,0.4444444444444444,4,9,4,4,0.5201073884963989,0.9630353450775146,0.35
5214,True,exact,1.0,push,push,0.4615384615384615,1.0,0.3,3,10,3,3,0.44119566679000854,0.783639669418335,0.35
5215,True,exact,1.0,Eurasian lynx,Eurasian lynx,0.7692307692307693,1.0,0.625,5,8,5,5,0.43936604261398315,0.9185093641281128,0.35
5216,False,numeric_mismatch,0.0,1/4,0/4,0.6666666666666666,1.0,0.5,5,10,5,5,0.3307865858078003,0.7382439970970154,0.35
5217,True,exact,1.0,European robin,European robin,0.35294117647058826,1.0,0.21428571428571427,3,14,3,3,0.5084864497184753,0.8887736201286316,0.35
5218,False,yes_no,1.0,true,false,0.7692307692307693,1.0,0.625,5,8,5,5,0.5451276898384094,0.9718959927558899,0.35
5219,True,exact,1.0,neither; their concentrations are the same,neither; their concentrations are the same,0.4615384615384615,1.0,0.3,3,10,3,3,0.5481270551681519,0.8830640316009521,0.35
5220,True,exact,1.0,lar gibbon,lar gibbon,0.45454545454545453,0.8333333333333334,0.3125,6,16,5,5,0.3604542315006256,0.8255794644355774,0.35
5221,False,exact,0.3,neither; their concentrations are the same,Solution A,0.42857142857142855,1.0,0.2727272727272727,3,11,3,3,0.44701793789863586,0.9225632548332214,0.35
5222,False,exact,1.0,Tuvalu,Fiji,0.6153846153846153,1.0,0.4444444444444444,4,9,4,4,0.391619473695755,0.6559857130050659,0.35
5223,False,placeholder,0.0,insufficient information,Sandeep can trade his tomatoes for Tracy's broccoli.,0.0,0.0,0.0,0,11,0,0,0.0,0.0,0.0
5224,True,exact,1.0,horned frog,horned frog,0.6666666666666666,1.0,0.5,4,8,4,4,0.45894157886505127,0.7375665307044983,0.35
5225,True,exact,1.0,emerald tree boa,emerald tree boa,0.625,1.0,0.45454545454545453,5,11,5,5,0.3728644549846649,0.8700042963027954,0.35
5226,True,exact,1.0,Ardea cocoi,Ardea cocoi,0.6,1.0,0.42857142857142855,3,7,3,3,0.5018777251243591,0.8976280689239502,0.35
5227,True,exact,1.0,if adding the blade guards made the drone fly poorly,if adding the blade guards made the drone fly poorly,0.33333333333333337,1.0,0.2,3,15,3,3,0.4477672874927521,0.8108634948730469,0.35
5228,False,exact,0.3,the surroundings . . . each pizza,each pizza . . . the surroundings,0.7692307692307693,1.0,0.625,5,8,5,5,0.4725637435913086,0.8084338307380676,0.35
5229,True,numeric_exact,1.0,The magnetic force is stronger in Pair 1.,The magnetic force is stronger in Pair 1.,0.7142857142857143,1.0,0.5555555555555556,5,9,5,5,0.6124448776245117,0.8942407369613647,0.35
5230,True,exact,1.0,Grenada,Grenada,0.6666666666666666,1.0,0.5,3,6,3,3,0.4243113100528717,0.6598948240280151,0.35
5231,True,exact,1.0,Saint Paul,Saint Paul,0.5,0.3333333333333333,1.0,3,1,1,1,0.5205020308494568,0.582745373249054,0.35
5232,True,exact,1.0,groundhog,groundhog,0.42857142857142855,1.0,0.2727272727272727,3,11,3,3,0.5886070728302002,0.8928883671760559,0.35
5233,True,exact,1.0,Do the insides of white boxes get hotter than the insides of black boxes when the boxes are left in the sun?,Do the insides of white boxes get hotter than the insides of black boxes when the boxes are left in the sun?,0.4,1.0,0.25,3,12,3,3,0.4665318727493286,0.8928760290145874,0.35
5234,True,exact,1.0,the change in weight for each plant,the change in weight for each plant,0.4,1.0,0.25,4,16,4,4,0.34466680884361267,0.8587545156478882,0.35
5235,True,exact,1.0,a compound,a compound,0.5,1.0,0.3333333333333333,4,12,4,4,0.5573551058769226,0.8858919143676758,0.35
5236,False,numeric_mismatch,0.0,3/4,2/4,0.375,0.75,0.25,4,12,3,3,0.3089914619922638,0.6981098055839539,0.35
5237,True,exact,1.0,Africa,Africa,0.42857142857142855,1.0,0.2727272727272727,3,11,3,3,0.5377472043037415,0.8176634311676025,0.35
5238,True,exact,1.0,a solid,a solid,0.4615384615384615,1.0,0.3,3,10,3,3,0.36710312962532043,0.6683661937713623,0.35
5239,True,exact,1.0,Nauru,Nauru,0.5714285714285715,1.0,0.4,4,10,4,4,0.48147398233413696,0.6849413514137268,0.35
5240,True,exact,1.0,convergent,convergent,0.5333333333333333,1.0,0.36363636363636365,4,11,4,4,0.42877331376075745,0.957014262676239,0.35
5241,True,exact,1.0,Montpelier,Montpelier,0.6,1.0,0.42857142857142855,3,7,3,3,0.43979930877685547,0.9056143760681152,0.35
5242,False,exact,0.3,eagle,brahminy kite,0.42857142857142855,1.0,0.2727272727272727,3,11,3,3,0.3709256649017334,0.7920517921447754,0.35
5243,True,exact,1.0,Connecticut,Connecticut,0.6,1.0,0.42857142857142855,3,7,3,3,0.469992458820343,0.701245903968811,0.35
5244,True,exact,1.0,North Dakota,North Dakota,0.9333333333333333,1.0,0.875,7,8,7,7,0.351691871881485,0.9147944450378418,0.35
5245,True,numeric_exact,1.0,The magnitude of the magnetic force is greater in Pair 2.,The magnitude of the magnetic force is greater in Pair 2.,0.8333333333333334,0.8333333333333334,0.8333333333333334,6,6,5,5,0.5688528418540955,0.8860614895820618,0.35
5246,False,exact,0.3,the Atlantic Ocean,the Arctic Ocean,0.42857142857142855,1.0,0.2727272727272727,3,11,3,3,0.5983953475952148,0.8166795969009399,0.35
5247,False,exact,0.3,Lucia can trade her broccoli for Ernesto's oranges.,Ernesto can trade his tomatoes for Lucia's broccoli.,0.5882352941176471,0.5555555555555556,0.625,9,8,5,5,0.2866521179676056,0.858359158039093,0.35
5248,True,exact,1.0,Carson City,Carson City,0.4615384615384615,1.0,0.3,3,10,3,3,0.40936392545700073,0.7926405668258667,0.35
5249,True,exact,1.0,a mature fern,a mature fern,0.5454545454545454,1.0,0.375,3,8,3,3,0.4832194745540619,0.8442414999008179,0.35
5250,True,exact,1.0,plainfin midshipman,plainfin midshipman,0.4444444444444445,1.0,0.2857142857142857,4,14,4,4,0.4061893820762634,0.9071598052978516,0.35
5251,True,exact,1.0,Denver,Denver,0.4615384615384615,1.0,0.3,3,10,3,3,0.48878300189971924,0.882405698299408,0.35
5252,True,exact,1.0,attract,attract,0.8,1.0,0.6666666666666666,4,6,4,4,0.45958325266838074,0.804446280002594,0.35
5253,True,exact,1.0,the Dominican Republic,the Dominican Republic,0.5333333333333333,1.0,0.36363636363636365,4,11,4,4,0.45964324474334717,0.8724755048751831,0.35
5254,True,exact,1.0,a solid,a solid,0.4615384615384615,1.0,0.3,3,10,3,3,0.4346402585506439,0.8307954668998718,0.35
5255,True,exact,1.0,North America,North America,0.4615384615384615,1.0,0.3,3,10,3,3,0.4613971710205078,0.7586202025413513,0.35
5256,True,exact,1.0,Nolan can trade his tomatoes for Dalton's broccoli.,Nolan can trade his tomatoes for Dalton's broccoli.,0.6666666666666666,1.0,0.5,5,10,5,5,0.4865436553955078,0.8586562275886536,0.35
5257,True,exact,1.0,Boise,Boise,0.6666666666666666,1.0,0.5,3,6,3,3,0.3960099220275879,0.7884156107902527,0.35
5258,False,exact,0.3,Saint Vincent and the Grenadines,Saint Lucia,0.4615384615384615,1.0,0.3,3,10,3,3,0.46352899074554443,0.7201772332191467,0.35
5259,True,exact,1.0,phytoplankton,phytoplankton,0.631578947368421,1.0,0.46153846153846156,6,13,6,6,0.5135012865066528,0.9100910425186157,0.35
5260,True,exact,1.0,a tail fin,a tail fin,0.4210526315789474,1.0,0.26666666666666666,4,15,4,4,0.4479694366455078,0.8351659178733826,0.35
5261,True,exact,1.0,bendable,bendable,0.4615384615384615,1.0,0.3,3,10,3,3,0.3387700915336609,0.7846050262451172,0.35
5262,True,numeric_exact,1.0,Do ping pong balls travel farther when launched from a 30° angle compared to a 45° angle?,Do ping pong balls travel farther when launched from a 30° angle compared to a 45° angle?,0.47058823529411764,1.0,0.3076923076923077,4,13,4,4,0.3306172788143158,0.7082997560501099,0.35
5263,True,numeric_exact,1.0,The magnetic force is stronger in Pair 1.,The magnetic force is stronger in Pair 1.,0.7142857142857143,1.0,0.5555555555555556,5,9,5,5,0.5981265902519226,0.8907926082611084,0.35
5264,True,exact,1.0,European river otter,European river otter,0.5,1.0,0.3333333333333333,3,9,3,3,0.5107281804084778,0.8347422480583191,0.35
5265,True,exact,1.0,bendable,bendable,0.30769230769230765,0.6666666666666666,0.2,3,10,2,2,0.23202818632125854,0.49596527218818665,0.35
5266,False,numeric_mismatch,0.0,The magnitude of the magnetic force is smaller in Pair 2.,The magnitude of the magnetic force is smaller in Pair 1.,0.8,1.0,0.6666666666666666,4,6,4,4,0.5765016674995422,0.8450935482978821,0.35
5267,True,exact,1.0,Harrisburg,Harrisburg,0.5,0.6666666666666666,0.4,3,5,2,2,0.3468441963195801,0.8991872668266296,0.35
5268,True,exact,1.0,It makes its own food.,It makes its own food.,0.4615384615384615,1.0,0.3,3,10,3,3,0.4874345064163208,0.8753954768180847,0.35
5269,True,exact,1.0,Richmond,Richmond,0.6,1.0,0.42857142857142855,3,7,3,3,0.3734821379184723,0.8900337815284729,0.35
5270,False,exact,0.3,sample A,sample B,0.7272727272727273,1.0,0.5714285714285714,4,7,4,4,0.46843329071998596,0.8289393186569214,0.35
5271,True,exact,1.0,Phoenix,Phoenix,0.6666666666666666,1.0,0.5,3,6,3,3,0.4407275915145874,0.8531140685081482,0.35
5272,True,exact,1.0,sample B,sample B,0.5263157894736842,1.0,0.35714285714285715,5,14,5,5,0.4504544734954834,0.8717485666275024,0.35
5273,False,exact,1.0,methane,oxygen,0.4615384615384615,1.0,0.3,3,10,3,3,0.3813827633857727,0.7709165811538696,0.35
5274,False,exact,0.3,stork,sea eagle,0.6153846153846153,1.0,0.4444444444444444,4,9,4,4,0.41987869143486023,0.6645414233207703,0.35
5275,False,exact,0.3,neither; the samples have the same temperature,sample A,0.5714285714285715,1.0,0.4,4,10,4,4,0.4553830027580261,0.8380973935127258,0.35
5276,True,exact,1.0,Tasmanian devil,Tasmanian devil,0.4,1.0,0.25,3,12,3,3,0.3387530744075775,0.8572273254394531,0.35
5277,True,exact,1.0,Clare can trade her tomatoes for Adele's broccoli.,Clare can trade her tomatoes for Adele's broccoli.,0.625,1.0,0.45454545454545453,5,11,5,5,0.33073705434799194,0.7716968655586243,0.35
5278,True,exact,1.0,Asia,Asia,0.6,1.0,0.42857142857142855,3,7,3,3,0.49092578887939453,0.824493944644928,0.35
5279,False,exact,0.3,New Hampshire,Massachusetts,0.16666666666666666,0.25,0.125,4,8,1,1,0.197404146194458,0.42171141505241394,0.35
5280,True,exact,1.0,Madison,Madison,0.6666666666666666,1.0,0.5,3,6,3,3,0.5858275890350342,0.8561464548110962,0.35
5281,False,exact,0.3,water rail,European beaver,0.25,0.6666666666666666,0.15384615384615385,3,13,2,2,0.39236682653427124,0.8625277280807495,0.35
5282,True,exact,1.0,Denver,Denver,0.5454545454545454,1.0,0.375,3,8,3,3,0.5206058621406555,0.7743645906448364,0.35
5283,True,exact,1.0,South America,South America,0.4444444444444445,1.0,0.2857142857142857,2,7,2,2,0.48513081669807434,0.7171792387962341,0.35
5284,True,exact,1.0,Africa,Africa,0.3157894736842105,1.0,0.1875,3,16,3,3,0.5182010531425476,0.8515090942382812,0.35
5285,True,exact,1.0,Annapolis,Annapolis,0.4,0.6666666666666666,0.2857142857142857,3,7,2,2,0.3718976378440857,0.8199700713157654,0.35
5286,True,exact,1.0,red-shanked douc,red-shanked douc,0.42857142857142855,1.0,0.2727272727272727,3,11,3,3,0.47238513827323914,0.8198493719100952,0.35
5287,False,numeric_mismatch,0.0,1/4,2/4,0.5555555555555556,1.0,0.38461538461538464,5,13,5,5,0.2784181237220764,0.6776811480522156,0.35
5288,True,exact,1.0,Solution A,Solution A,0.7272727272727273,1.0,0.5714285714285714,4,7,4,4,0.600892961025238,0.9981828331947327,0.35
5289,True,exact,1.0,Santa Fe,Santa Fe,0.4444444444444444,0.6666666666666666,0.3333333333333333,3,6,2,2,0.2700253129005432,0.9598140716552734,0.35
5290,True,exact,1.0,Africa,Africa,0.375,1.0,0.23076923076923078,3,13,3,3,0.5561866164207458,0.8284528851509094,0.35
5291,True,exact,1.0,Haiti,Haiti,0.6666666666666666,1.0,0.5,4,8,4,4,0.45641016960144043,0.7285256385803223,0.35
5292,True,exact,1.0,Pennsylvania,Pennsylvania,0.42857142857142855,1.0,0.2727272727272727,3,11,3,3,0.39112362265586853,0.6312863826751709,0.35
5293,True,exact,1.0,It has daily flooding and draining of seawater. It also has water that is rich in nutrients.,It has daily flooding and draining of seawater. It also has water that is rich in nutrients.,0.7692307692307693,1.0,0.625,5,8,5,5,0.39050284028053284,0.7469658255577087,0.35
5294,True,exact,1.0,Boise,Boise,0.6153846153846153,1.0,0.4444444444444444,4,9,4,4,0.5113532543182373,0.8869544863700867,0.35
5295,False,exact,1.0,turtle,nautilus,0.5714285714285715,1.0,0.4,4,10,4,4,0.4606049656867981,0.7485437393188477,0.35
5296,True,exact,1.0,weather,weather,0.42857142857142855,1.0,0.2727272727272727,3,11,3,3,0.3479844927787781,0.6301752924919128,0.35
5297,False,exact,1.0,Nauru,Samoa,0.5,1.0,0.3333333333333333,3,9,3,3,0.38005515933036804,0.6655328273773193,0.35
5298,False,exact,1.0,weather,climate,0.26666666666666666,0.6666666666666666,0.16666666666666666,3,12,2,2,0.27524611353874207,0.5144712328910828,0.35
5299,True,numeric_exact,1.0,how steady a parachute with a 1 m vent was at 200 km per hour,how steady a parachute with a 1 m vent was at 200 km per hour,0.42857142857142855,1.0,0.2727272727272727,3,11,3,3,0.48465433716773987,0.7724040746688843,0.35
5300,True,exact,1.0,It has land that is covered with water during most of the year. It also has other water ecosystems nearby.,It has land that is covered with water during most of the year. It also has other water ecosystems nearby.,0.42857142857142855,1.0,0.2727272727272727,3,11,3,3,0.4607401490211487,0.7146137952804565,0.35
5301,True,exact,1.0,great egret,great egret,0.5,1.0,0.3333333333333333,3,9,3,3,0.4878743588924408,0.8390839099884033,0.35
5302,True,exact,1.0,a gas,a gas,0.36363636363636365,0.5,0.2857142857142857,4,7,2,2,0.26682254672050476,0.7470496296882629,0.35
5303,True,exact,1.0,to talk to people,to talk to people,0.4615384615384615,1.0,0.3,3,10,3,3,0.512312114238739,0.7750168442726135,0.35
5304,False,yes_no,1.0,yes,no,0.6666666666666666,1.0,0.5,3,6,3,3,0.4514729082584381,0.8758245706558228,0.35
5305,True,exact,1.0,stretchy,stretchy,0.36363636363636365,0.6666666666666666,0.25,3,8,2,2,0.2503528296947479,0.46937695145606995,0.35
5306,False,exact,1.0,synthetic,metal,0.5454545454545454,1.0,0.375,3,8,3,3,0.2888551950454712,0.6911792755126953,0.35
5307,True,exact,1.0,Pennsylvania,Pennsylvania,0.7272727272727273,1.0,0.5714285714285714,8,14,8,8,0.3939051032066345,0.8618742823600769,0.35
5308,True,exact,1.0,Solomon Islands,Solomon Islands,0.4615384615384615,1.0,0.3,3,10,3,3,0.49724334478378296,0.8915071487426758,0.35
5309,True,exact,1.0,Solomon Islands,Solomon Islands,0.4,1.0,0.25,3,12,3,3,0.5100210309028625,0.8363298773765564,0.35
5310,True,numeric_exact,1.0,The magnitude of the magnetic force is smaller in Pair 2.,The magnitude of the magnetic force is smaller in Pair 2.,0.7692307692307692,0.7142857142857143,0.8333333333333334,7,6,5,5,0.5792747735977173,0.8799856305122375,0.35
5311,True,exact,1.0,the grocery store,the grocery store,0.3333333333333333,0.6666666666666666,0.2222222222222222,3,9,2,2,0.3012981712818146,0.6487273573875427,0.35
5312,True,exact,1.0,Boise,Boise,0.36363636363636365,0.5,0.2857142857142857,4,7,2,2,0.2526959180831909,0.8181806802749634,0.35
5313,True,exact,1.0,the Federated States of Micronesia,the Federated States of Micronesia,0.7272727272727273,1.0,0.5714285714285714,4,7,4,4,0.3580983579158783,0.7880521416664124,0.35
5314,True,exact,1.0,Honolulu,Honolulu,0.5,1.0,0.3333333333333333,3,9,3,3,0.43491771817207336,0.9544978737831116,0.35
5315,True,exact,1.0,sample A,sample A,0.7692307692307693,1.0,0.625,5,8,5,5,0.5048408508300781,0.90353924036026,0.35
5316,True,exact,1.0,a solid,a solid,0.5454545454545454,1.0,0.375,3,8,3,3,0.39295482635498047,0.7703873515129089,0.35
5317,False,exact,1.0,Tuvalu,Fiji,0.5,1.0,0.3333333333333333,5,15,5,5,0.3833254873752594,0.7219376564025879,0.35
5318,True,exact,1.0,Phoenix,Phoenix,0.5454545454545454,1.0,0.375,3,8,3,3,0.4526207447052002,0.9240373969078064,0.35
5319,True,exact,1.0,Topeka,Topeka,0.6666666666666666,1.0,0.5,3,6,3,3,0.46158111095428467,0.9002572894096375,0.35
5320,True,exact,1.0,the surroundings . . . each bottle,the surroundings . . . each bottle,0.4210526315789474,1.0,0.26666666666666666,4,15,4,4,0.43001240491867065,0.8229554891586304,0.35
5321,False,exact,0.3,Shivani can trade her tomatoes for Austin's almonds.,Shivani can trade her tomatoes for Austin's broccoli.,0.6666666666666665,0.8571428571428571,0.5454545454545454,7,11,6,6,0.32280758023262024,0.7726790308952332,0.35
5322,True,exact,1.0,sample B,sample B,0.7142857142857143,1.0,0.5555555555555556,5,9,5,5,0.5249375104904175,0.8763973712921143,0.35
5323,True,exact,1.0,sand martin,sand martin,0.5,1.0,0.3333333333333333,3,9,3,3,0.5736879706382751,0.9065703749656677,0.35
5324,True,exact,1.0,Asia,Asia,0.42857142857142855,1.0,0.2727272727272727,3,11,3,3,0.5126421451568604,0.7975786328315735,0.35
5325,True,exact,1.0,an elementary substance,an elementary substance,0.39999999999999997,0.75,0.2727272727272727,4,11,3,3,0.4436361491680145,0.8493059873580933,0.35
5326,True,exact,1.0,Indianapolis,Indianapolis,0.36363636363636365,0.6666666666666666,0.25,3,8,2,2,0.3733619153499603,0.8845762610435486,0.35
5327,True,exact,1.0,Richmond,Richmond,0.5,1.0,0.3333333333333333,3,9,3,3,0.42538297176361084,0.8358724117279053,0.35
5328,False,exact,0.3,Solution A,neither; their concentrations are the same,0.4,1.0,0.25,3,12,3,3,0.5528241395950317,0.9193733334541321,0.35
5329,True,numeric_exact,1.0,The magnitude of the magnetic force is smaller in Pair 2.,The magnitude of the magnetic force is smaller in Pair 2.,0.8,1.0,0.6666666666666666,4,6,4,4,0.5976545214653015,0.9048721194267273,0.35
5330,True,exact,1.0,Pennsylvania,Pennsylvania,0.4,1.0,0.25,3,12,3,3,0.36054089665412903,0.6704345345497131,0.35
5331,True,exact,1.0,blue,blue,0.23529411764705882,0.6666666666666666,0.14285714285714285,3,14,2,2,0.21964319050312042,0.4492358863353729,0.35
5332,True,exact,1.0,Kangaroos eat grass.,Kangaroos eat grass.,0.4,1.0,0.25,3,12,3,3,0.4452652335166931,0.8461812734603882,0.35
5333,True,exact,1.0,blue,blue,0.15384615384615383,0.25,0.1111111111111111,4,9,1,1,0.18225648999214172,0.7082870006561279,0.35
5334,True,exact,1.0,Columbia,Columbia,0.5454545454545454,1.0,0.375,3,8,3,3,0.3785640299320221,0.9262663125991821,0.35
5335,True,exact,1.0,Kansas,Kansas,0.4615384615384615,1.0,0.3,3,10,3,3,0.5549989342689514,0.89820396900177,0.35
5336,False,exact,0.3,Atlanta has a rainy season and a dry season.,Precipitation does not change much from month to month in Atlanta.,0.6666666666666666,1.0,0.5,5,10,5,5,0.5229252576828003,0.7704491019248962,0.35
5337,True,exact,1.0,The magnitude of the magnetic force is the same in both pairs.,The magnitude of the magnetic force is the same in both pairs.,0.375,1.0,0.23076923076923078,3,13,3,3,0.6141361594200134,0.8760724663734436,0.35
5338,False,exact,0.3,neither; their concentrations are the same,Solution A,0.6153846153846153,1.0,0.4444444444444444,4,9,4,4,0.5000302791595459,0.8314192891120911,0.35
5339,False,exact,0.3,Do steel nails rust in fewer days when submerged in a large volume of liquid compared to a small volume?,Do steel nails take fewer days to rust in water compared to vinegar?,0.5,1.0,0.3333333333333333,4,12,4,4,0.4062841832637787,0.7729644179344177,0.35
5340,True,exact,1.0,Springfield,Springfield,0.42857142857142855,1.0,0.2727272727272727,3,11,3,3,0.44341662526130676,0.945430338382721,0.35
5341,True,numeric_exact,1.0,1,1,0.4615384615384615,1.0,0.3,3,10,3,3,0.5166530013084412,0.8778212666511536,0.35
5342,True,exact,1.0,Sacramento,Sacramento,0.36363636363636365,0.6666666666666666,0.25,3,8,2,2,0.35566678643226624,0.8578696250915527,0.35
5343,True,exact,1.0,insect,insect,0.42857142857142855,1.0,0.2727272727272727,3,11,3,3,0.2677455544471741,0.7240152359008789,0.35
5344,True,exact,1.0,Saint Vincent and the Grenadines,Saint Vincent and the Grenadines,0.6666666666666666,1.0,0.5,3,6,3,3,0.43607890605926514,0.8724600076675415,0.35
5345,True,exact,1.0,Arizona,Arizona,0.8571428571428571,1.0,0.75,6,8,6,6,0.40580177307128906,0.9809738993644714,0.35
5346,True,exact,1.0,My city rules itself and is not part of a larger country.,My city rules itself and is not part of a larger country.,0.8571428571428571,1.0,0.75,6,8,6,6,0.4207475185394287,0.7023432850837708,0.35
5347,True,exact,1.0,a solid,a solid,0.42857142857142855,1.0,0.2727272727272727,3,11,3,3,0.39896106719970703,0.7811302542686462,0.35
5348,True,exact,1.0,Raleigh,Raleigh,0.5,1.0,0.3333333333333333,3,9,3,3,0.5013350248336792,0.8075693845748901,0.35
5349,True,exact,1.0,Cheyenne,Cheyenne,0.3333333333333333,0.6666666666666666,0.2222222222222222,3,9,2,2,0.3550258278846741,0.9373663663864136,0.35
5350,True,exact,1.0,push,push,0.6666666666666666,1.0,0.5,3,6,3,3,0.47447362542152405,0.840411365032196,0.35
5351,False,exact,0.3,Malik can trade his almonds for Krysta's tomatoes.,Krysta can trade her tomatoes for Malik's broccoli.,0.7142857142857143,1.0,0.5555555555555556,5,9,5,5,0.4352765381336212,0.8236073851585388,0.35
5352,True,exact,1.0,"It has long, cold winters. It also has a small amount of rain or snow.","It has long, cold winters. It also has a small amount of rain or snow.",0.5,0.6666666666666666,0.4,3,5,2,2,0.3841560184955597,0.7938065528869629,0.35
5353,True,exact,1.0,the Middle East,the Middle East,0.8,1.0,0.6666666666666666,4,6,4,4,0.5098800659179688,0.9381437301635742,0.35
5354,True,exact,1.0,Asia,Asia,0.4,1.0,0.25,3,12,3,3,0.4932418465614319,0.8162000179290771,0.35
5355,True,exact,1.0,Salem,Salem,0.36363636363636365,0.6666666666666666,0.25,3,8,2,2,0.3717195689678192,0.925177812576294,0.35
5356,False,exact,0.3,They can navigate through dense foliage.,They can communicate about specific problems.,0.6,0.75,0.5,4,6,3,3,0.4078139364719391,0.6923184394836426,0.35
5357,True,exact,1.0,Boston,Boston,0.888888888888889,1.0,0.8,4,5,4,4,0.5550310611724854,0.828390896320343,0.35
5358,True,exact,1.0,the Federated States of Micronesia,the Federated States of Micronesia,0.33333333333333337,1.0,0.2,3,15,3,3,0.5079670548439026,0.9816950559616089,0.35
5359,False,exact,1.0,Louisiana,Georgia,0.7777777777777777,0.7,0.875,10,8,7,7,0.3929820656776428,0.9775528907775879,0.35
5360,True,exact,1.0,soft,soft,0.28571428571428575,0.5,0.2,4,10,2,2,0.21814754605293274,0.45767974853515625,0.35
5361,True,exact,1.0,Strix aluco,Strix aluco,0.6666666666666666,1.0,0.5,5,10,5,5,0.4840129613876343,0.893515408039093,0.35
5362,False,exact,0.3,The magnetic force is weaker in Pair 2.,The strength of the magnetic force is the same in both pairs.,0.5714285714285715,1.0,0.4,6,15,6,6,0.5154240727424622,0.7908656001091003,0.35
5363,False,exact,0.3,insect,ginkgo leaf,0.5,1.0,0.3333333333333333,3,9,3,3,0.5004404783248901,0.8519496917724609,0.35
5364,True,exact,1.0,sharpnose-puffer,sharpnose-puffer,0.8571428571428571,0.75,1.0,4,3,3,3,0.5244472622871399,0.7344477772712708,0.35
5365,False,exact,0.3,The magnitude of the magnetic force is the same in both pairs.,The magnitude of the magnetic force is greater in Pair 2.,0.631578947368421,1.0,0.46153846153846156,6,13,6,6,0.49019211530685425,0.7924692034721375,0.35
5366,True,exact,1.0,It eats a producer.,It eats a producer.,0.15384615384615383,0.3333333333333333,0.1,3,10,1,1,0.32948797941207886,0.8827759623527527,0.35
5367,False,exact,0.3,The magnitude of the magnetic force is the same in both pairs.,The magnitude of the magnetic force is greater in Pair 1.,0.7499999999999999,1.0,0.6,3,5,3,3,0.5979121327400208,0.843940258026123,0.35
5368,False,numeric_mismatch,0.0,2/4,0/4,0.47058823529411764,0.8,0.3333333333333333,5,12,4,4,0.33678069710731506,0.7809736132621765,0.35
5369,True,exact,1.0,logos (reason),logos (reason),0.0,0.0,0.0,3,8,0,0,0.14544561505317688,0.2949429154396057,0.35
5370,True,yes_no,1.0,yes,yes,0.4615384615384615,1.0,0.3,3,10,3,3,0.40897253155708313,0.8020035028457642,0.35
5371,True,exact,1.0,Massachusetts,Massachusetts,0.5,1.0,0.3333333333333333,3,9,3,3,0.4006217420101166,0.5517833232879639,0.35
5372,True,exact,1.0,Providence,Providence,0.3333333333333333,0.6666666666666666,0.2222222222222222,3,9,2,2,0.43947988748550415,0.9290744066238403,0.35
5373,True,exact,1.0,the Atlantic Ocean,the Atlantic Ocean,0.2222222222222222,1.0,0.125,2,16,2,2,0.47413182258605957,0.7313957810401917,0.35
5374,False,yes_no,1.0,yes,no,0.4444444444444444,0.6666666666666666,0.3333333333333333,3,6,2,2,0.4277195930480957,0.8530292510986328,0.35
5375,True,exact,1.0,weather,weather,0.375,1.0,0.23076923076923078,3,13,3,3,0.3722112476825714,0.6772708296775818,0.35
5376,True,exact,1.0,"The train was stopped, and then it began to move forward and away from the station.","The train was stopped, and then it began to move forward and away from the station.",0.4,1.0,0.25,4,16,4,4,0.3113929033279419,0.7717849612236023,0.35
5377,False,exact,0.3,Rick can trade his tomatoes for Felix's sandwich.,Rick can trade his tomatoes for Felix's broccoli.,0.625,1.0,0.45454545454545453,5,11,5,5,0.3340267241001129,0.8199109435081482,0.35
5378,False,exact,0.3,New Hampshire,Massachusetts,0.5333333333333333,1.0,0.36363636363636365,4,11,4,4,0.3971911370754242,0.638309895992279,0.35
5379,True,exact,1.0,shoebill,shoebill,0.5,1.0,0.3333333333333333,4,12,4,4,0.5006974935531616,0.8419187068939209,0.35
5380,True,exact,1.0,Hermann's tortoise,Hermann's tortoise,0.5454545454545454,1.0,0.375,3,8,3,3,0.4147675931453705,0.6653146147727966,0.35
5381,True,exact,1.0,the Dominican Republic,the Dominican Republic,0.5333333333333333,1.0,0.36363636363636365,4,11,4,4,0.4166388213634491,0.7290309071540833,0.35
5382,True,exact,1.0,metal,metal,0.5454545454545454,1.0,0.375,3,8,3,3,0.3326166868209839,0.6869696974754333,0.35
5383,True,exact,1.0,Jefferson City,Jefferson City,0.4,1.0,0.25,3,12,3,3,0.3686361312866211,0.9190735220909119,0.35
5384,True,exact,1.0,Does Haley's snowboard slide down a hill in less time when it has a layer of wax or when it does not have a layer of wax?,Does Haley's snowboard slide down a hill in less time when it has a layer of wax or when it does not have a layer of wax?,0.3333333333333333,0.6666666666666666,0.2222222222222222,3,9,2,2,0.2279728502035141,0.7817058563232422,0.35
5385,False,exact,0.3,if the blade guards would break in a crash,if adding the blade guards made the drone fly poorly,0.4615384615384615,1.0,0.3,3,10,3,3,0.4577380418777466,0.7798065543174744,0.35
5386,True,exact,1.0,wool,wool,0.5,1.0,0.3333333333333333,2,6,2,2,0.40410158038139343,0.573421835899353,0.35
5387,True,exact,1.0,July,July,0.5,1.0,0.3333333333333333,5,15,5,5,0.3662641644477844,0.8986486196517944,0.35
5388,False,exact,0.3,sample A,sample B,0.625,1.0,0.45454545454545453,5,11,5,5,0.4595694839954376,0.8591498136520386,0.35
5389,True,exact,1.0,Pennsylvania,Pennsylvania,0.5454545454545454,1.0,0.375,3,8,3,3,0.34401437640190125,0.5957687497138977,0.35
5390,True,exact,1.0,before the war,before the war,0.47058823529411764,1.0,0.3076923076923077,4,13,4,4,0.43421444296836853,0.8363344073295593,0.35
5391,True,exact,1.0,Ardea alba,Ardea alba,0.46153846153846156,0.75,0.3333333333333333,4,9,3,3,0.46551138162612915,0.982883095741272,0.35
5392,True,exact,1.0,divergent,divergent,0.7142857142857143,1.0,0.5555555555555556,5,9,5,5,0.4332182705402374,0.8557795882225037,0.35
5393,True,numeric_exact,1.0,around 600 grams,around 600 grams,0.5,1.0,0.3333333333333333,4,12,4,4,0.41425156593322754,0.8449597954750061,0.35
5394,True,exact,1.0,short-tailed weasel,short-tailed weasel,0.6666666666666666,1.0,0.5,4,8,4,4,0.4520953297615051,0.9773473739624023,0.35
5395,True,numeric_exact,1.0,whether a parachute with a 1 m vent would swing too much at 400 km per hour,how steady a parachute with a 1 m vent was at 200 km per hour,0.33333333333333337,1.0,0.2,3,15,3,3,0.513193666934967,0.8215898275375366,0.35
5396,False,exact,1.0,hard,scratchy,0.0,0.0,0.0,3,1,0,0,0.16754265129566193,0.205251082777977,0.35
5397,True,yes_no,1.0,yes,yes,0.4,0.6666666666666666,0.2857142857142857,3,7,2,2,0.26495710015296936,0.5535807609558105,0.35
5398,False,numeric_mismatch,0.0,The magnitude of the magnetic force is smaller in Pair 1.,The magnitude of the magnetic force is smaller in Pair 2.,0.5,1.0,0.3333333333333333,4,12,4,4,0.5182712078094482,0.8559336066246033,0.35
5399,True,exact,1.0,May through September,May through September,0.5263157894736842,1.0,0.35714285714285715,5,14,5,5,0.41363176703453064,0.7933259606361389,0.35
5400,False,exact,0.3,neither; their concentrations are the same,Solution B,0.6,1.0,0.42857142857142855,3,7,3,3,0.566974937915802,0.8381081223487854,0.35
5401,True,exact,1.0,Nashville,Nashville,0.6,1.0,0.42857142857142855,3,7,3,3,0.4489072263240814,0.8828641176223755,0.35
5402,True,exact,1.0,the Atlantic Ocean,the Atlantic Ocean,0.4,1.0,0.25,2,8,2,2,0.5091769099235535,0.8101689219474792,0.35
5403,True,exact,1.0,Olympia,Olympia,0.4,0.6666666666666666,0.2857142857142857,3,7,2,2,0.37829333543777466,0.9143951535224915,0.35
5404,False,exact,1.0,fern,insect,0.4615384615384615,1.0,0.3,3,10,3,3,0.5240566730499268,0.8402590155601501,0.35
5405,True,exact,1.0,Virginia,Virginia,0.5454545454545454,1.0,0.375,3,8,3,3,0.3564404547214508,0.5731778740882874,0.35
5406,True,exact,1.0,lar gibbon,lar gibbon,0.6153846153846153,1.0,0.4444444444444444,4,9,4,4,0.43046051263809204,0.7836464047431946,0.35
5407,True,exact,1.0,Python reticulatus,Python reticulatus,0.5714285714285715,1.0,0.4,4,10,4,4,0.5154498815536499,0.8771368861198425,0.35
5408,True,exact,1.0,a gas,a gas,0.5454545454545454,1.0,0.375,3,8,3,3,0.41372430324554443,0.7961587309837341,0.35
5409,True,exact,1.0,smooth,smooth,0.4,1.0,0.25,3,12,3,3,0.27400845289230347,0.6231729984283447,0.35
5410,True,exact,1.0,neither; the samples have the same temperature,neither; the samples have the same temperature,0.5882352941176471,1.0,0.4166666666666667,5,12,5,5,0.43115171790122986,0.8751218914985657,0.35
5411,True,exact,1.0,bateleur,bateleur,0.6153846153846153,1.0,0.4444444444444444,4,9,4,4,0.4606037735939026,0.971672534942627,0.35
5412,False,exact,0.3,giraffe,black howler,0.5,1.0,0.3333333333333333,3,9,3,3,0.32390862703323364,0.5882683396339417,0.35
5413,True,exact,1.0,Europe,Europe,0.4615384615384615,1.0,0.3,3,10,3,3,0.549607515335083,0.8595131635665894,0.35
5414,False,exact,0.3,plainfin midshipman,sea cucumber,0.6666666666666666,1.0,0.5,5,10,5,5,0.40669262409210205,0.7480151653289795,0.35
5415,False,exact,1.0,Tuvalu,Tonga,0.5555555555555556,1.0,0.38461538461538464,5,13,5,5,0.49359264969825745,0.7841690182685852,0.35
5416,True,exact,1.0,Juneau,Juneau,0.375,1.0,0.23076923076923078,3,13,3,3,0.3614696264266968,0.9198998212814331,0.35
5417,True,exact,1.0,an elementary substance,an elementary substance,0.3157894736842105,1.0,0.1875,3,16,3,3,0.45654240250587463,0.7657814621925354,0.35
5418,True,exact,1.0,Oklahoma City,Oklahoma City,0.4615384615384615,1.0,0.3,3,10,3,3,0.45913419127464294,0.7735804319381714,0.35
5419,False,exact,0.3,neither; the samples have the same temperature,sample B,0.4444444444444445,1.0,0.2857142857142857,4,14,4,4,0.49252739548683167,0.8718656897544861,0.35
5420,True,exact,1.0,New Jersey,New Jersey,0.6,1.0,0.42857142857142855,3,7,3,3,0.4133911728858948,0.6724600791931152,0.35
5421,False,exact,0.3,feather,palm leaf,0.7272727272727272,0.8,0.6666666666666666,5,6,4,4,0.3724133372306824,0.7381739616394043,0.35
5422,True,exact,1.0,Indianapolis,Indianapolis,0.26666666666666666,0.6666666666666666,0.16666666666666666,3,12,2,2,0.3944527804851532,0.9439625144004822,0.35
5423,True,exact,1.0,Oklahoma City,Oklahoma City,0.5,1.0,0.3333333333333333,3,9,3,3,0.4901067614555359,0.8740469813346863,0.35
5424,True,exact,1.0,Washington,Washington,0.4,1.0,0.25,3,12,3,3,0.4285014569759369,0.7309579849243164,0.35
5425,False,exact,1.0,attract,repel,0.7272727272727273,1.0,0.5714285714285714,4,7,4,4,0.5494572520256042,0.841033935546875,0.35
5426,True,exact,1.0,Ardea alba,Ardea alba,0.5333333333333333,1.0,0.36363636363636365,4,11,4,4,0.47024357318878174,0.9694030284881592,0.35
5427,True,exact,1.0,Maryland,Maryland,0.5714285714285715,1.0,0.4,4,10,4,4,0.3610846996307373,0.564787745475769,0.35
5428,True,exact,1.0,Salem,Salem,0.4,0.6666666666666666,0.2857142857142857,3,7,2,2,0.3474627137184143,0.89256352186203,0.35
5429,False,exact,0.3,Darell can trade his broccoli for Joey's oranges.,Joey can trade his tomatoes for Darell's broccoli.,0.5333333333333333,1.0,0.36363636363636365,4,11,4,4,0.37221547961235046,0.8336613178253174,0.35
5430,True,exact,1.0,Texas,Texas,0.8,1.0,0.6666666666666666,6,9,6,6,0.38026636838912964,0.9567398428916931,0.35
5431,True,exact,1.0,male cells,male cells,0.625,1.0,0.45454545454545453,5,11,5,5,0.4565258026123047,0.8926360607147217,0.35
5432,True,exact,1.0,colorful,colorful,0.5,0.3333333333333333,1.0,3,1,1,1,0.3616698086261749,0.37321674823760986,0.35
5433,False,numeric_mismatch,0.0,The magnetic force is stronger in Pair 1.,The magnetic force is stronger in Pair 2.,0.5,1.0,0.3333333333333333,4,12,4,4,0.5990373492240906,0.8139384388923645,0.35
5434,True,numeric_exact,1.0,1/4,1/4,0.6666666666666666,1.0,0.5,5,10,5,5,0.3945579528808594,0.8024396300315857,0.35
5435,False,exact,1.0,fragile,hard,0.125,0.25,0.08333333333333333,4,12,1,1,0.14102353155612946,0.35615622997283936,0.35
5436,True,exact,1.0,demoiselle crane,demoiselle crane,0.6153846153846153,1.0,0.4444444444444444,4,9,4,4,0.4091758131980896,0.842537522315979,0.35
5437,True,exact,1.0,Virginia,Virginia,0.4,1.0,0.25,3,12,3,3,0.43324869871139526,0.6528093814849854,0.35
5438,True,exact,1.0,weather,weather,0.25,0.6666666666666666,0.15384615384615385,3,13,2,2,0.27069246768951416,0.5715084075927734,0.35
5439,False,exact,0.3,manta ray,salmon,0.5,1.0,0.3333333333333333,3,9,3,3,0.38816502690315247,0.6250576376914978,0.35
5440,True,exact,1.0,Augusta,Augusta,0.33333333333333337,1.0,0.2,3,15,3,3,0.43136656284332275,0.8511875867843628,0.35
5441,False,numeric_mismatch,0.0,1/4,4/4,0.5,1.0,0.3333333333333333,4,12,4,4,0.4302917420864105,0.8048219084739685,0.35
5442,True,exact,1.0,away from the stick,away from the stick,0.42857142857142855,1.0,0.2727272727272727,3,11,3,3,0.310893714427948,0.5608052015304565,0.35
5443,True,exact,1.0,Cyanocitta cristata,Cyanocitta cristata,0.6153846153846153,1.0,0.4444444444444444,4,9,4,4,0.5352067351341248,0.9717317223548889,0.35
5444,False,placeholder,0.0,insufficient information,Ling can trade her tomatoes for Maria's broccoli.,0.0,0.0,0.0,0,14,0,0,0.0,0.0,0.0
5445,False,numeric_mismatch,0.0,The magnitude of the magnetic force is greater in Pair 1.,The magnitude of the magnetic force is greater in Pair 2.,0.5,1.0,0.3333333333333333,4,12,4,4,0.6009572744369507,0.9099997878074646,0.35
5446,False,yes_no,1.0,no,yes,0.6666666666666666,1.0,0.5,4,8,4,4,0.38856399059295654,0.8031712770462036,0.35
5447,True,yes_no,1.0,no,no,0.5,1.0,0.3333333333333333,4,12,4,4,0.523963987827301,0.8441823124885559,0.35
5448,True,exact,1.0,the surroundings . . . each greenhouse,the surroundings . . . each greenhouse,0.6666666666666666,1.0,0.5,5,10,5,5,0.6489375233650208,0.8605632781982422,0.35
5449,False,exact,0.3,New Mexico,North Dakota,0.7368421052631579,0.875,0.6363636363636364,8,11,7,7,0.3922240436077118,0.8133968114852905,0.35
5450,True,exact,1.0,groundhog,groundhog,0.47058823529411764,1.0,0.3076923076923077,4,13,4,4,0.4230181574821472,0.8509165644645691,0.35
5451,True,exact,1.0,Santa Fe,Santa Fe,0.5454545454545454,1.0,0.375,3,8,3,3,0.3607608377933502,0.8115321397781372,0.35
5452,True,exact,1.0,Australia,Australia,0.4,1.0,0.25,3,12,3,3,0.4112898111343384,0.7103949189186096,0.35
5453,True,exact,1.0,Ohio,Ohio,0.5333333333333333,0.6666666666666666,0.4444444444444444,6,9,4,4,0.3738645315170288,0.8338289856910706,0.35
5454,True,exact,1.0,Nauru,Nauru,0.4615384615384615,1.0,0.3,3,10,3,3,0.46597543358802795,0.9259492754936218,0.35
5455,False,exact,0.3,how well the weather station would work when it was windy,if the weather station would work when the temperature was 50°C,0.4210526315789474,1.0,0.26666666666666666,4,15,4,4,0.4111856520175934,0.7878744602203369,0.35
5456,False,exact,1.0,climate,weather,0.4,0.6666666666666666,0.2857142857142857,3,7,2,2,0.2587834298610687,0.4877568781375885,0.35
5457,True,exact,1.0,New Hampshire,New Hampshire,0.7499999999999999,1.0,0.6,3,5,3,3,0.5108394622802734,0.84928959608078,0.35
5458,True,exact,1.0,Albany,Albany,0.5,1.0,0.3333333333333333,3,9,3,3,0.4113692045211792,0.9192906022071838,0.35
5459,False,exact,1.0,Vanuatu,Nauru,0.4210526315789474,1.0,0.26666666666666666,4,15,4,4,0.42963308095932007,0.7196384072303772,0.35
5460,True,exact,1.0,South America,South America,0.375,1.0,0.23076923076923078,3,13,3,3,0.49463576078414917,0.857951283454895,0.35
5461,True,numeric_exact,1.0,The magnitude of the magnetic force is smaller in Pair 1.,The magnitude of the magnetic force is smaller in Pair 1.,0.5333333333333333,1.0,0.36363636363636365,4,11,4,4,0.5859480500221252,0.8684026598930359,0.35
5462,True,exact,1.0,Raleigh,Raleigh,0.6666666666666666,1.0,0.5,3,6,3,3,0.45407184958457947,0.8860339522361755,0.35
5463,True,exact,1.0,attract,attract,0.6153846153846153,1.0,0.4444444444444444,4,9,4,4,0.5603013634681702,0.778153657913208,0.35
5464,False,exact,0.3,Kiribati,the Federated States of Micronesia,0.6153846153846153,1.0,0.4444444444444444,4,9,4,4,0.42707741260528564,0.6988241672515869,0.35
5465,True,exact,1.0,Python bivittatus,Python bivittatus,0.8333333333333333,1.0,0.7142857142857143,5,7,5,5,0.4659227728843689,0.9453942775726318,0.35
5466,False,yes_no,1.0,false,true,0.8,1.0,0.6666666666666666,4,6,4,4,0.5330564975738525,0.8372364640235901,0.35
5467,False,exact,0.3,The magnetic force is weaker in Pair 2.,The strength of the magnetic force is the same in both pairs.,0.5555555555555556,1.0,0.38461538461538464,5,13,5,5,0.5233733654022217,0.765080988407135,0.35
5468,True,exact,1.0,South Carolina,South Carolina,0.5454545454545454,1.0,0.375,3,8,3,3,0.3703216314315796,0.8501555919647217,0.35
5469,True,numeric_rounded,0.85,24 grams of water vapor per kilogram of air,21 grams of water vapor per kilogram of air,0.5,1.0,0.3333333333333333,4,12,4,4,0.47355422377586365,0.806635856628418,0.35
5470,True,numeric_exact,1.0,2:4,2:2,0.5,1.0,0.3333333333333333,4,12,4,4,0.4186778962612152,0.8208643198013306,0.35
5471,True,exact,1.0,Jefferson City,Jefferson City,0.6666666666666666,1.0,0.5,4,8,4,4,0.5285783410072327,0.8391711711883545,0.35
5472,False,exact,0.3,It has mostly small plants.,It has soil that is poor in nutrients.,0.18181818181818182,0.25,0.14285714285714285,4,7,1,1,0.2261723279953003,0.4360344707965851,0.35
5473,True,exact,1.0,green moray eel,green moray eel,0.4,0.6666666666666666,0.2857142857142857,3,7,2,2,0.3015132248401642,0.760398268699646,0.35
5474,True,exact,1.0,logos (reason),logos (reason),0.125,0.3333333333333333,0.07692307692307693,3,13,1,1,0.1604977548122406,0.38947954773902893,0.35
5475,True,exact,1.0,North Dakota,North Dakota,0.5714285714285715,1.0,0.4,4,10,4,4,0.45334815979003906,0.871242880821228,0.35
5476,True,exact,1.0,an elementary substance,an elementary substance,0.5714285714285715,1.0,0.4,4,10,4,4,0.38958749175071716,0.8723984956741333,0.35
5477,True,exact,1.0,They can fuse and form fertilized eggs.,They can fuse and form fertilized eggs.,0.5,1.0,0.3333333333333333,5,15,5,5,0.4480476975440979,0.9490808844566345,0.35
5478,False,exact,0.3,The magnetic force is stronger in Pair 1.,The strength of the magnetic force is the same in both pairs.,0.6666666666666666,1.0,0.5,4,8,4,4,0.46594756841659546,0.7861613035202026,0.35
5479,False,exact,1.0,Kiribati,Nauru,0.23529411764705882,1.0,0.13333333333333333,2,15,2,2,0.36093035340309143,0.6011518836021423,0.35
5480,True,numeric_exact,1.0,The magnitude of the magnetic force is greater in Pair 1.,The magnitude of the magnetic force is greater in Pair 1.,0.5714285714285715,1.0,0.4,4,10,4,4,0.5990460515022278,0.8713424205780029,0.35
5481,False,exact,0.3,western toad,barn owl,0.4,1.0,0.25,3,12,3,3,0.3628767728805542,0.5700651407241821,0.35
5482,True,exact,1.0,attract,attract,0.47058823529411764,1.0,0.3076923076923077,4,13,4,4,0.5301412343978882,0.9109863042831421,0.35
5483,True,exact,1.0,Honolulu,Honolulu,0.8571428571428571,1.0,0.75,3,4,3,3,0.48910775780677795,0.9156301021575928,0.35
5484,True,exact,1.0,Phoenix,Phoenix,0.5,1.0,0.3333333333333333,3,9,3,3,0.3212219476699829,0.9366973638534546,0.35
5485,True,exact,1.0,attract,attract,0.7272727272727273,1.0,0.5714285714285714,4,7,4,4,0.5053099989891052,0.8391039371490479,0.35
5486,True,exact,1.0,sample B,sample B,0.5882352941176471,1.0,0.4166666666666667,5,12,5,5,0.4777686297893524,0.9370322227478027,0.35
5487,True,exact,1.0,Columbus,Columbus,0.6,1.0,0.42857142857142855,3,7,3,3,0.4499204158782959,0.9380208253860474,0.35
5488,True,exact,1.0,Tallahassee,Tallahassee,0.6,1.0,0.42857142857142855,3,7,3,3,0.451555073261261,0.7974488735198975,0.35
5489,True,exact,1.0,an elementary substance,an elementary substance,0.3333333333333333,0.5,0.25,4,8,2,2,0.34103983640670776,0.811497688293457,0.35
5490,True,exact,1.0,the Babylonian Empire,the Babylonian Empire,0.5,1.0,0.3333333333333333,5,15,5,5,0.49873611330986023,0.8249393105506897,0.35
5491,True,exact,1.0,California gull,California gull,0.42857142857142855,1.0,0.2727272727272727,3,11,3,3,0.49195826053619385,0.8826740384101868,0.35
5492,True,exact,1.0,Asia,Asia,0.4,1.0,0.25,3,12,3,3,0.5217573642730713,0.7675878405570984,0.35
5493,True,numeric_exact,1.0,The magnitude of the magnetic force is greater in Pair 1.,The magnitude of the magnetic force is greater in Pair 1.,0.8,1.0,0.6666666666666666,6,9,6,6,0.5795645713806152,0.8611557483673096,0.35
5494,False,exact,1.0,attract,repel,0.42857142857142855,1.0,0.2727272727272727,3,11,3,3,0.5188550353050232,0.8035028576850891,0.35
5495,False,exact,0.3,penguin,white stork,0.6,1.0,0.42857142857142855,3,7,3,3,0.3675183951854706,0.6833804249763489,0.35
5496,False,exact,0.3,The magnetic force is stronger in Pair 1.,The strength of the magnetic force is the same in both pairs.,0.7272727272727273,1.0,0.5714285714285714,4,7,4,4,0.5198360681533813,0.8854612708091736,0.35
5497,True,exact,1.0,attract,attract,0.5714285714285715,1.0,0.4,4,10,4,4,0.4675552248954773,0.7679152488708496,0.35
5498,True,exact,1.0,seeds,seeds,0.4615384615384615,1.0,0.3,3,10,3,3,0.6005391478538513,0.9122457504272461,0.35
5499,True,exact,1.0,sticky,sticky,0.4285714285714285,0.75,0.3,4,10,3,3,0.24875223636627197,0.6365894079208374,0.35
5500,True,exact,1.0,Mandy can trade her tomatoes for Troy's broccoli.,Mandy can trade her tomatoes for Troy's broccoli.,0.4347826086956522,1.0,0.2777777777777778,5,18,5,5,0.3687450885772705,0.8451818823814392,0.35
5501,True,exact,1.0,It eats another living thing.,It eats another living thing.,0.42857142857142855,1.0,0.2727272727272727,3,11,3,3,0.4540891647338867,0.8693405389785767,0.35
5502,True,exact,1.0,"November, December, and January","November, December, and January",0.7058823529411764,1.0,0.5454545454545454,6,11,6,6,0.3972766101360321,0.6204051375389099,0.35
5503,True,exact,1.0,the uncovered side mirrors,the uncovered side mirrors,0.35294117647058826,1.0,0.21428571428571427,3,14,3,3,0.41427212953567505,0.7492340803146362,0.35
5504,False,numeric_mismatch,0.0,The magnitude of the magnetic force is smaller in Pair 2.,The magnitude of the magnetic force is smaller in Pair 1.,0.5333333333333333,1.0,0.36363636363636365,4,11,4,4,0.5676343441009521,0.9243886470794678,0.35
5505,True,exact,1.0,The magnitude of the magnetic force is the same in both pairs.,The magnitude of the magnetic force is the same in both pairs.,0.5217391304347826,1.0,0.35294117647058826,6,17,6,6,0.40110039710998535,0.8541726469993591,0.35
5506,True,exact,1.0,North America,North America,0.6666666666666666,1.0,0.5,3,6,3,3,0.43297383189201355,0.802791178226471,0.35
5507,True,exact,1.0,wood,wood,0.47058823529411764,1.0,0.3076923076923077,4,13,4,4,0.44849446415901184,0.7021543383598328,0.35
5508,True,exact,1.0,a solid,a solid,0.5,1.0,0.3333333333333333,4,12,4,4,0.3500191271305084,0.9177197217941284,0.35
5509,True,exact,1.0,"It has a small amount of rain. It also has dry, thin soil.","It has a small amount of rain. It also has dry, thin soil.",0.6153846153846153,1.0,0.4444444444444444,4,9,4,4,0.3426607847213745,0.6415386199951172,0.35
5510,True,exact,1.0,New York,New York,0.375,1.0,0.23076923076923078,3,13,3,3,0.3084641993045807,0.5893967151641846,0.35
5511,True,exact,1.0,mineral,mineral,0.4,1.0,0.25,3,12,3,3,0.44805750250816345,0.8533089756965637,0.35
5512,True,exact,1.0,fragile,fragile,0.28571428571428575,0.6666666666666666,0.18181818181818182,3,11,2,2,0.3612510859966278,0.7958006262779236,0.35
5513,True,exact,1.0,bumpy,bumpy,0.14285714285714288,0.3333333333333333,0.09090909090909091,3,11,1,1,0.22574572265148163,0.5853268504142761,0.35
5514,True,exact,1.0,Honolulu,Honolulu,0.6666666666666666,1.0,0.5,3,6,3,3,0.49877622723579407,0.8740881681442261,0.35
5515,True,exact,1.0,Wyoming,Wyoming,0.5,0.3333333333333333,1.0,3,1,1,1,0.46437540650367737,0.5443187952041626,0.35
5516,True,exact,1.0,Pedro can trade his tomatoes for Oliver's broccoli.,Pedro can trade his tomatoes for Oliver's broccoli.,0.625,1.0,0.45454545454545453,5,11,5,5,0.41006338596343994,0.9142142534255981,0.35
5517,True,exact,1.0,ptarmigan,ptarmigan,0.7272727272727273,1.0,0.5714285714285714,4,7,4,4,0.4297003448009491,0.9529494643211365,0.35
5518,True,exact,1.0,Boise,Boise,0.5,0.3333333333333333,1.0,3,1,1,1,0.42764440178871155,0.4701436460018158,0.35
5519,True,exact,1.0,Jefferson City,Jefferson City,0.4,0.6666666666666666,0.2857142857142857,3,7,2,2,0.31204643845558167,0.9044312834739685,0.35
5520,True,exact,1.0,Santa Fe,Santa Fe,0.6,1.0,0.42857142857142855,3,7,3,3,0.584876537322998,0.9864415526390076,0.35
5521,True,exact,1.0,groundhog,groundhog,0.4,0.25,1.0,4,1,1,1,0.4661758542060852,0.6443033814430237,0.35
5522,True,exact,1.0,Spanish shawl nudibranch,Spanish shawl nudibranch,0.5454545454545454,1.0,0.375,3,8,3,3,0.35100865364074707,0.8892755508422852,0.35
5523,True,exact,1.0,Harrisburg,Harrisburg,0.6,1.0,0.42857142857142855,3,7,3,3,0.40164095163345337,0.9340959191322327,0.35
5524,True,exact,1.0,South America,South America,0.33333333333333337,1.0,0.2,2,10,2,2,0.4269161820411682,0.6663029789924622,0.35
5525,True,exact,1.0,the distance the footballs traveled,the distance the footballs traveled,0.4615384615384615,1.0,0.3,3,10,3,3,0.4502326548099518,0.8203431367874146,0.35
5526,True,exact,1.0,It has a rainy season and a dry season. It also has soil that is poor in nutrients.,It has a rainy season and a dry season. It also has soil that is poor in nutrients.,0.4444444444444444,0.6666666666666666,0.3333333333333333,3,6,2,2,0.43616625666618347,0.8466633558273315,0.35
5527,True,numeric_exact,1.0,H2S,H2S,0.33333333333333337,1.0,0.2,3,15,3,3,0.4832400977611542,0.815545380115509,0.35
5528,True,exact,1.0,Jefferson City,Jefferson City,0.36363636363636365,0.6666666666666666,0.25,3,8,2,2,0.3242253065109253,0.8865336179733276,0.35
5529,True,exact,1.0,toward her hand,toward her hand,0.6666666666666666,1.0,0.5,3,6,3,3,0.39227548241615295,0.6111435294151306,0.35
5530,True,exact,1.0,Lansing,Lansing,0.4615384615384615,1.0,0.3,3,10,3,3,0.45665863156318665,0.9508503675460815,0.35
5531,True,exact,1.0,Falco peregrinus,Falco peregrinus,0.5,1.0,0.3333333333333333,3,9,3,3,0.4936836361885071,0.9485225081443787,0.35
5532,True,exact,1.0,an elementary substance,an elementary substance,0.5,1.0,0.3333333333333333,4,12,4,4,0.42918768525123596,0.7401117086410522,0.35
5533,False,exact,0.3,The magnitude of the magnetic force is the same in both pairs.,The magnitude of the magnetic force is greater in Pair 2.,0.4444444444444445,1.0,0.2857142857142857,4,14,4,4,0.5550881624221802,0.7252090573310852,0.35
5534,True,exact,1.0,Arkansas,Arkansas,0.4615384615384615,1.0,0.3,3,10,3,3,0.4782789945602417,0.8548001646995544,0.35
5535,True,exact,1.0,Aurelia aurita,Aurelia aurita,0.6666666666666666,0.6666666666666666,0.6666666666666666,6,6,4,4,0.3818415403366089,0.8542373180389404,0.35
5536,True,exact,1.0,Solution B,Solution B,0.7272727272727273,1.0,0.5714285714285714,4,7,4,4,0.5586591958999634,0.9108691215515137,0.35
5537,True,exact,1.0,Damara mole rat,Damara mole rat,0.8,1.0,0.6666666666666666,4,6,4,4,0.32116684317588806,0.6827231049537659,0.35
5538,True,exact,1.0,It has water at the bottom of the ocean. It also has no sunlight.,It has water at the bottom of the ocean. It also has no sunlight.,0.5,1.0,0.3333333333333333,4,12,4,4,0.40485879778862,0.7520135641098022,0.35
5539,True,exact,1.0,if a new batch of concrete was firm enough to use,if a new batch of concrete was firm enough to use,0.25,0.6666666666666666,0.15384615384615385,3,13,2,2,0.3124926686286926,0.6117022037506104,0.35
5540,False,exact,0.3,neither; their concentrations are the same,Solution B,0.6,1.0,0.42857142857142855,3,7,3,3,0.4784349203109741,0.7511851191520691,0.35
5541,True,exact,1.0,Ovis aries,Ovis aries,0.6666666666666666,1.0,0.5,4,8,4,4,0.48056280612945557,0.8981877565383911,0.35
5542,True,exact,1.0,attract,attract,0.8333333333333333,1.0,0.7142857142857143,5,7,5,5,0.5897624492645264,0.8527324199676514,0.35
5543,False,exact,0.3,The magnetic force is weaker in Pair 2.,The strength of the magnetic force is the same in both pairs.,0.8333333333333334,0.8333333333333334,0.8333333333333334,6,6,5,5,0.4564226567745209,0.7249825596809387,0.35
5544,True,exact,1.0,a long neck,a long neck,0.4444444444444444,0.6666666666666666,0.3333333333333333,3,6,2,2,0.31100189685821533,0.49463921785354614,0.35
5545,False,exact,1.0,mushroom,earthworm,0.375,1.0,0.23076923076923078,3,13,3,3,0.36334776878356934,0.5295400023460388,0.35
5546,True,exact,1.0,Madison,Madison,0.5,1.0,0.3333333333333333,3,9,3,3,0.34963566064834595,0.9148828983306885,0.35
5547,False,exact,0.3,the Atlantic Ocean,the Arctic Ocean,0.4,1.0,0.25,3,12,3,3,0.5851702690124512,0.8873150944709778,0.35
5548,True,exact,1.0,Iowa,Iowa,0.7999999999999999,0.8571428571428571,0.75,7,8,6,6,0.373950332403183,0.8464656472206116,0.35
5549,False,exact,1.0,penguin,platypus,0.47058823529411764,1.0,0.3076923076923077,4,13,4,4,0.4492965042591095,0.8611811995506287,0.35
5550,True,exact,1.0,Asia,Asia,0.375,0.75,0.25,4,12,3,3,0.282531201839447,0.5914068222045898,0.35
5551,False,numeric_mismatch,0.0,The magnetic force is weaker in Pair 2.,The magnetic force is weaker in Pair 1.,0.8235294117647058,1.0,0.7,7,10,7,7,0.601199209690094,0.9135761857032776,0.35
5552,False,exact,1.0,Arkansas,Kentucky,0.5333333333333333,1.0,0.36363636363636365,4,11,4,4,0.43062153458595276,0.8449647426605225,0.35
5553,True,exact,1.0,Columbus,Columbus,0.42857142857142855,1.0,0.2727272727272727,3,11,3,3,0.47157394886016846,0.9284713864326477,0.35
5554,True,exact,1.0,St. Louis,St. Louis,0.6153846153846153,1.0,0.4444444444444444,4,9,4,4,0.3306664526462555,0.7605217099189758,0.35
5555,True,exact,1.0,nine-banded armadillo,nine-banded armadillo,0.5454545454545454,1.0,0.375,3,8,3,3,0.3977642059326172,0.7485866546630859,0.35
5556,True,exact,1.0,a car,a car,0.4615384615384615,1.0,0.3,3,10,3,3,0.46349626779556274,0.7971956729888916,0.35
5557,True,exact,1.0,the yards with empty feeders,the yards with empty feeders,0.6666666666666666,1.0,0.5,5,10,5,5,0.3690025210380554,0.6540101170539856,0.35
5558,True,exact,1.0,Augusta,Augusta,0.5,1.0,0.3333333333333333,3,9,3,3,0.4579225182533264,0.9580788612365723,0.35
5559,True,numeric_exact,1.0,The magnitude of the magnetic force is greater in Pair 1.,The magnitude of the magnetic force is greater in Pair 1.,0.5555555555555556,1.0,0.38461538461538464,5,13,5,5,0.5716035962104797,0.8855649828910828,0.35
5560,True,exact,1.0,a solid,a solid,0.5,1.0,0.3333333333333333,4,12,4,4,0.4105815887451172,0.8384604454040527,0.35
5561,True,exact,1.0,Saint Kitts and Nevis,Saint Kitts and Nevis,0.375,1.0,0.23076923076923078,3,13,3,3,0.4143553078174591,0.8303893208503723,0.35
5562,True,exact,1.0,the surroundings . . . each vial,the surroundings . . . each vial,0.5555555555555556,1.0,0.38461538461538464,5,13,5,5,0.4453357458114624,0.6916301250457764,0.35
5563,True,exact,1.0,Annapolis,Annapolis,0.7499999999999999,1.0,0.6,3,5,3,3,0.45666632056236267,0.8924353122711182,0.35
5564,True,exact,1.0,yak,yak,0.4,1.0,0.25,3,12,3,3,0.3180791139602661,0.5688056945800781,0.35
5565,True,exact,1.0,Do steel nails take fewer days to rust in water compared to vinegar?,Do steel nails take fewer days to rust in water compared to vinegar?,0.33333333333333337,1.0,0.2,3,15,3,3,0.3696350157260895,0.900382936000824,0.35
5566,True,exact,1.0,They can grow into a heart-shaped plant.,They can grow into a heart-shaped plant.,0.33333333333333337,1.0,0.2,3,15,3,3,0.4855026304721832,0.9347364902496338,0.35
5567,False,numeric_mismatch,0.0,The magnitude of the magnetic force is smaller in Pair 2.,The magnitude of the magnetic force is smaller in Pair 1.,0.6666666666666666,1.0,0.5,5,10,5,5,0.5482960939407349,0.7575915455818176,0.35
5568,False,numeric_mismatch,0.0,1/4,0/4,0.7142857142857143,1.0,0.5555555555555556,5,9,5,5,0.4163885712623596,0.7687945365905762,0.35
5569,True,exact,1.0,Africa,Africa,0.6666666666666666,1.0,0.5,3,6,3,3,0.4360641539096832,0.8379579186439514,0.35
5570,True,exact,1.0,Africa,Africa,0.6666666666666666,1.0,0.5,3,6,3,3,0.502374529838562,0.7080540657043457,0.35
5571,True,exact,1.0,The strength of the magnetic force is the same in both pairs.,The strength of the magnetic force is the same in both pairs.,0.6153846153846153,1.0,0.4444444444444444,4,9,4,4,0.5471043586730957,0.819118857383728,0.35
5572,True,yes_no,1.0,true,true,0.4285714285714285,0.75,0.3,4,10,3,3,0.396609365940094,0.8202388286590576,0.35
5573,False,exact,0.3,It has shallow water. It also has organisms that crawl or stick to the ground.,It has water at the bottom of the ocean. It also has no sunlight.,0.5454545454545454,1.0,0.375,3,8,3,3,0.335048109292984,0.8285930156707764,0.35
5574,False,placeholder,0.0,insufficient information,true,0.0,0.0,0.0,0,7,0,0,0.0,0.0,0.0
5575,True,exact,1.0,Pennsylvania,Pennsylvania,0.6666666666666666,1.0,0.5,3,6,3,3,0.39820125699043274,0.6812697052955627,0.35
5576,True,exact,1.0,red-tailed hawk,red-tailed hawk,0.375,1.0,0.23076923076923078,3,13,3,3,0.3868309557437897,0.6776243448257446,0.35
5577,True,exact,1.0,salty,salty,0.3,0.6,0.2,5,15,3,3,0.23673248291015625,0.7441211938858032,0.35
5578,True,exact,1.0,Columbia,Columbia,0.7499999999999999,1.0,0.6,3,5,3,3,0.43130218982696533,0.962725043296814,0.35
5579,False,exact,1.0,Boston,Philadelphia,0.4,1.0,0.25,3,12,3,3,0.4229173958301544,0.7065016627311707,0.35
5580,False,exact,1.0,Delaware,Virginia,0.5454545454545454,1.0,0.375,3,8,3,3,0.3897380828857422,0.643500030040741,0.35
5581,False,exact,0.3,European green toad,great white shark,0.5,1.0,0.3333333333333333,4,12,4,4,0.47719666361808777,0.7063428163528442,0.35
5582,False,yes_no,1.0,false,true,0.7142857142857143,1.0,0.5555555555555556,5,9,5,5,0.4845917522907257,0.7789885401725769,0.35
5583,True,exact,1.0,It has daily flooding and draining of seawater. It also has water that is rich in nutrients.,It has daily flooding and draining of seawater. It also has water that is rich in nutrients.,0.5,1.0,0.3333333333333333,4,12,4,4,0.44911208748817444,0.8223671913146973,0.35
5584,True,exact,1.0,gerenuk,gerenuk,0.35294117647058826,1.0,0.21428571428571427,3,14,3,3,0.43423542380332947,0.8505282998085022,0.35
5585,True,exact,1.0,Bella can trade her tomatoes for Darnell's broccoli.,Bella can trade her tomatoes for Darnell's broccoli.,0.5714285714285715,1.0,0.4,4,10,4,4,0.43799200654029846,0.7359138131141663,0.35
5586,True,exact,1.0,Africa,Africa,0.5,1.0,0.3333333333333333,3,9,3,3,0.5313200354576111,0.8340030908584595,0.35
5587,True,exact,1.0,Indianapolis,Indianapolis,0.5,0.6666666666666666,0.4,3,5,2,2,0.40240994095802307,0.827799916267395,0.35
5588,True,exact,1.0,Africa,Africa,0.6666666666666666,1.0,0.5,3,6,3,3,0.5052200555801392,0.7602900266647339,0.35
5589,True,exact,1.0,transparent,transparent,0.42857142857142855,1.0,0.2727272727272727,3,11,3,3,0.40516790747642517,0.722377598285675,0.35
5590,True,exact,1.0,if a new batch of concrete was firm enough to use,if a new batch of concrete was firm enough to use,0.5882352941176471,1.0,0.4166666666666667,5,12,5,5,0.39187541604042053,0.7653717398643494,0.35
5591,True,exact,1.0,Rhode Island,Rhode Island,0.6153846153846153,1.0,0.4444444444444444,4,9,4,4,0.3875950872898102,0.6040209531784058,0.35
5592,True,exact,1.0,Cheyenne,Cheyenne,0.28571428571428575,0.6666666666666666,0.18181818181818182,3,11,2,2,0.4550994336605072,0.926738977432251,0.35
5593,True,exact,1.0,Australia,Australia,0.5714285714285715,1.0,0.4,4,10,4,4,0.4396967887878418,0.7136822938919067,0.35
5594,False,exact,0.3,whether different types of bacteria would need different nutrients to produce insulin,whether she added enough nutrients to help the bacteria produce 20% more insulin,0.28571428571428575,0.6666666666666666,0.18181818181818182,3,11,2,2,0.33484405279159546,0.7686254978179932,0.35
5595,True,exact,1.0,Juneau,Juneau,0.35294117647058826,1.0,0.21428571428571427,3,14,3,3,0.3578518331050873,0.9324607849121094,0.35
5596,False,exact,1.0,climate,weather,0.28571428571428575,0.6666666666666666,0.18181818181818182,3,11,2,2,0.30508264899253845,0.569593608379364,0.35
5597,False,exact,0.3,It has many evergreen trees. It also has soil that is rich in nutrients.,It has many evergreen trees. It also has soil that is poor in nutrients.,0.6,1.0,0.42857142857142855,3,7,3,3,0.27948373556137085,0.5747712254524231,0.35
5598,True,exact,1.0,The magnitude of the magnetic force is the same in both pairs.,The magnitude of the magnetic force is the same in both pairs.,0.6,1.0,0.42857142857142855,6,14,6,6,0.46891143918037415,0.7926710844039917,0.35
5599,True,exact,1.0,common guillemot,common guillemot,0.5,1.0,0.3333333333333333,3,9,3,3,0.43890148401260376,0.7431344985961914,0.35
5600,True,exact,1.0,bouncy,bouncy,0.4,0.6,0.3,5,10,3,3,0.22715988755226135,0.5830389261245728,0.35
5601,True,exact,1.0,the Declaration of Independence,the Declaration of Independence,0.30769230769230765,0.6666666666666666,0.2,3,10,2,2,0.2930378019809723,0.6192921996116638,0.35
5602,False,exact,0.3,neither; their concentrations are the same,Solution B,0.6666666666666666,1.0,0.5,4,8,4,4,0.5076843500137329,0.8043368458747864,0.35
5603,False,exact,0.3,It has a small amount of rain. It also has only a few types of organisms.,"It has dry, thin soil. It also has many different types of organisms.",0.7142857142857143,1.0,0.5555555555555556,5,9,5,5,0.4518856108188629,0.8542476296424866,0.35
5604,False,exact,0.3,Saint Lucia,Saint Kitts and Nevis,0.42857142857142855,1.0,0.2727272727272727,3,11,3,3,0.4132998585700989,0.7312220335006714,0.35
5605,False,numeric_mismatch,0.0,The magnitude of the magnetic force is smaller in Pair 2.,The magnitude of the magnetic force is smaller in Pair 1.,0.6666666666666666,1.0,0.5,4,8,4,4,0.6267377138137817,0.8771852254867554,0.35
5606,True,exact,1.0,Cheyenne,Cheyenne,0.4,0.6666666666666666,0.2857142857142857,3,7,2,2,0.3895663619041443,0.938784122467041,0.35
5607,False,yes_no,1.0,yes,no,0.42857142857142855,1.0,0.2727272727272727,3,11,3,3,0.5193039178848267,0.858268141746521,0.35
5608,True,exact,0.7,B) bald eagle,bald eagle,0.4615384615384615,1.0,0.3,3,10,3,3,0.3484729826450348,0.5996522307395935,0.35
5609,True,exact,1.0,Brendan can trade his tomatoes for Isaac's broccoli.,Brendan can trade his tomatoes for Isaac's broccoli.,0.4,0.5,0.3333333333333333,8,12,4,4,0.22430013120174408,0.7215995788574219,0.35
5610,True,yes_no,1.0,true,true,0.5,1.0,0.3333333333333333,4,12,4,4,0.4174785912036896,0.8799334764480591,0.35
5611,True,yes_no,1.0,yes,yes,0.888888888888889,1.0,0.8,4,5,4,4,0.4534016251564026,0.9135211110115051,0.35
5612,True,exact,1.0,Jackson,Jackson,0.36363636363636365,0.6666666666666666,0.25,3,8,2,2,0.3235553205013275,0.8912856578826904,0.35
5613,True,exact,1.0,whether the filter was clogged,whether the filter was clogged,0.30769230769230765,0.5,0.2222222222222222,4,9,2,2,0.32731446623802185,0.7597405910491943,0.35
5614,True,exact,1.0,wood,wood,0.4,1.0,0.25,3,12,3,3,0.40788671374320984,0.7502121329307556,0.35
5615,True,exact,1.0,Carson City,Carson City,0.6,1.0,0.42857142857142855,3,7,3,3,0.5420705080032349,0.9134916067123413,0.35
5616,False,exact,0.3,Do steel nails rust in fewer days when submerged in a large volume of liquid compared to a small volume?,Do steel nails take fewer days to rust in water compared to vinegar?,0.5,1.0,0.3333333333333333,4,12,4,4,0.3332158327102661,0.8550178408622742,0.35
5617,True,exact,1.0,Raleigh,Raleigh,0.6666666666666666,1.0,0.5,3,6,3,3,0.491447776556015,0.8781691193580627,0.35
5618,False,exact,0.3,the Atlantic Ocean,the Pacific Ocean,0.5454545454545454,1.0,0.375,3,8,3,3,0.4665638208389282,0.7361368536949158,0.35
5619,True,numeric_exact,1.0,The magnetic force is weaker in Pair 1.,The magnetic force is weaker in Pair 1.,0.625,1.0,0.45454545454545453,5,11,5,5,0.5908423066139221,0.8246199488639832,0.35
5620,True,exact,1.0,the Atlantic Ocean,the Atlantic Ocean,0.4615384615384615,1.0,0.3,3,10,3,3,0.47437942028045654,0.9102636575698853,0.35
5621,True,exact,1.0,mineral,mineral,0.35294117647058826,1.0,0.21428571428571427,3,14,3,3,0.5277242064476013,0.9571497440338135,0.35
5622,True,exact,1.0,Hartford,Hartford,0.5,0.3333333333333333,1.0,3,1,1,1,0.4645322859287262,0.6029502153396606,0.35
5623,True,exact,1.0,hard,hard,0.35294117647058826,1.0,0.21428571428571427,3,14,3,3,0.21593110263347626,0.553136944770813,0.35
5624,True,exact,1.0,Cuba,Cuba,0.6,1.0,0.42857142857142855,3,7,3,3,0.41663870215415955,0.7437747120857239,0.35
5625,True,exact,1.0,Africa,Africa,0.4210526315789474,1.0,0.26666666666666666,4,15,4,4,0.40481269359588623,0.7962771058082581,0.35
5626,True,exact,1.0,the fast-food restaurant,the fast-food restaurant,0.375,1.0,0.23076923076923078,3,13,3,3,0.3043455481529236,0.9109835028648376,0.35
5627,True,exact,1.0,Honolulu,Honolulu,0.6,1.0,0.42857142857142855,3,7,3,3,0.4677848815917969,0.8013828992843628,0.35
5628,True,exact,1.0,Des Moines,Des Moines,0.6666666666666666,1.0,0.5,3,6,3,3,0.40709900856018066,0.861291229724884,0.35
5629,False,exact,0.3,away from the tow truck,toward the tow truck,0.7499999999999999,1.0,0.6,3,5,3,3,0.40503472089767456,0.7060490846633911,0.35
5630,True,exact,1.0,the Indian Ocean,the Indian Ocean,0.2666666666666667,1.0,0.15384615384615385,2,13,2,2,0.4447600543498993,0.9230461120605469,0.35
5631,False,numeric_mismatch,0.0,1:3,0:4,0.26666666666666666,0.6666666666666666,0.16666666666666666,3,12,2,2,0.40338170528411865,0.811531662940979,0.35
5632,True,exact,1.0,a solid,a solid,0.4,1.0,0.25,3,12,3,3,0.4572302997112274,0.8421754837036133,0.35
5633,False,exact,0.3,neither; the samples have the same temperature,sample B,0.4444444444444445,1.0,0.2857142857142857,4,14,4,4,0.4731140732765198,0.8355408310890198,0.35
5634,True,exact,1.0,bouncy,bouncy,0.16666666666666666,0.3333333333333333,0.1111111111111111,3,9,1,1,0.17867013812065125,0.35202255845069885,0.35
5635,True,exact,1.0,shield mantis,shield mantis,0.5454545454545454,1.0,0.375,3,8,3,3,0.3666675388813019,0.5799273252487183,0.35
5636,True,exact,1.0,bare-eared squirrel monkey,bare-eared squirrel monkey,0.5454545454545454,1.0,0.375,3,8,3,3,0.4116443395614624,0.8176891803741455,0.35
5637,True,exact,1.0,Providence,Providence,0.5454545454545454,1.0,0.375,3,8,3,3,0.3155440390110016,0.9397614002227783,0.35
5638,True,exact,1.0,repel,repel,0.7272727272727273,1.0,0.5714285714285714,4,7,4,4,0.4759691655635834,0.8213009238243103,0.35
5639,False,exact,0.3,"It has long, cold winters. It also has soil that is rich in nutrients.","It has long, cold winters. It also has soil that is poor in nutrients.",0.4,0.6,0.3,5,10,3,3,0.2599917948246002,0.5617017149925232,0.35
5640,True,exact,1.0,Richmond,Richmond,0.36363636363636365,0.6666666666666666,0.25,3,8,2,2,0.3374048173427582,0.8664723634719849,0.35
5641,True,exact,1.0,Pennsylvania,Pennsylvania,0.4615384615384615,1.0,0.3,3,10,3,3,0.31271839141845703,0.6437735557556152,0.35
5642,True,exact,1.0,Topeka,Topeka,0.5454545454545454,1.0,0.375,3,8,3,3,0.4430851638317108,0.861986517906189,0.35
5643,False,exact,1.0,weather,climate,0.6666666666666666,1.0,0.5,3,6,3,3,0.336279034614563,0.6991484761238098,0.35
5644,True,exact,1.0,whether the filter was clogged,whether the filter was clogged,0.4,1.0,0.25,3,12,3,3,0.3042798340320587,0.5757483839988708,0.35
5645,False,yes_no,1.0,false,true,0.631578947368421,1.0,0.46153846153846156,6,13,6,6,0.45605820417404175,0.9158933758735657,0.35
5646,True,yes_no,1.0,no,no,0.5333333333333333,1.0,0.36363636363636365,4,11,4,4,0.4764884114265442,0.9011430740356445,0.35
5647,False,exact,0.3,how well the weather station would work when it was windy,if the weather station would work when the temperature was 50°C,0.4210526315789474,1.0,0.26666666666666666,4,15,4,4,0.3454493284225464,0.8111740350723267,0.35
5648,False,exact,1.0,mutualistic,parasitic,0.8,1.0,0.6666666666666666,4,6,4,4,0.4685083329677582,0.8374621868133545,0.35
5649,True,exact,1.0,Solution B,Solution B,0.8,1.0,0.6666666666666666,4,6,4,4,0.5360509753227234,0.9986556768417358,0.35
5650,True,exact,1.0,chirping,chirping,0.6666666666666666,1.0,0.5,4,8,4,4,0.4162101745605469,0.7520837783813477,0.35
5651,False,exact,0.3,European green lizard,horned viper,0.5333333333333333,1.0,0.36363636363636365,4,11,4,4,0.44588279724121094,0.6564027070999146,0.35
5652,True,exact,1.0,Richmond,Richmond,0.3333333333333333,0.6666666666666666,0.2222222222222222,3,9,2,2,0.34878504276275635,0.7422336339950562,0.35
5653,False,exact,0.3,the number of leaves,the number of earthworms,0.375,0.75,0.25,4,12,3,3,0.3306405544281006,0.8599830865859985,0.35
5654,False,exact,1.0,repel,attract,0.375,1.0,0.23076923076923078,3,13,3,3,0.45116889476776123,0.7530989050865173,0.35
5655,True,exact,1.0,seahorse,seahorse,0.47058823529411764,1.0,0.3076923076923077,4,13,4,4,0.4044008255004883,0.7379560470581055,0.35
5656,False,exact,0.3,Solution A,neither; their concentrations are the same,0.33333333333333337,1.0,0.2,3,15,3,3,0.4890894889831543,0.8440037965774536,0.35
5657,True,exact,1.0,Boston,Boston,0.7499999999999999,1.0,0.6,3,5,3,3,0.5224531888961792,0.8404785394668579,0.35
5658,True,numeric_exact,1.0,The magnitude of the magnetic force is greater in Pair 1.,The magnitude of the magnetic force is greater in Pair 1.,0.8333333333333333,1.0,0.7142857142857143,5,7,5,5,0.5458501577377319,0.8914728760719299,0.35
5659,False,exact,0.3,The magnetic force is stronger in Pair 2.,The strength of the magnetic force is the same in both pairs.,0.6666666666666666,1.0,0.5,4,8,4,4,0.5203949213027954,0.7580522298812866,0.35
5660,True,exact,1.0,Both my state and national government officials have power over important issues.,Both my state and national government officials have power over important issues.,0.47058823529411764,1.0,0.3076923076923077,4,13,4,4,0.538529098033905,0.8917232751846313,0.35
5661,False,exact,0.3,Massachusetts,Rhode Island,0.5,0.3333333333333333,1.0,3,1,1,1,0.4032466411590576,0.4342506527900696,0.35
5662,True,exact,1.0,Do more bacteria grow in liquid with cinnamon than in liquid without cinnamon?,Do more bacteria grow in liquid with cinnamon than in liquid without cinnamon?,0.42857142857142855,1.0,0.2727272727272727,3,11,3,3,0.37394753098487854,0.8683797717094421,0.35
5663,True,exact,1.0,great blue heron,great blue heron,0.375,0.75,0.25,4,12,3,3,0.34217914938926697,0.6803799867630005,0.35
5664,False,exact,0.3,Atlanta has a rainy season and a dry season.,Precipitation does not change much from month to month in Atlanta.,0.5714285714285715,0.5,0.6666666666666666,12,9,6,6,0.3567543029785156,0.7682913541793823,0.35
5665,False,exact,0.3,Do bananas develop more brown spots when they are kept at room temperature compared to in a cold refrigerator?,Do bananas develop more brown spots if they are kept in bags with holes compared to bags without holes?,0.375,1.0,0.23076923076923078,3,13,3,3,0.2901594042778015,0.6028371453285217,0.35
5666,True,exact,1.0,the shopping mall,the shopping mall,0.5555555555555556,0.7142857142857143,0.45454545454545453,7,11,5,5,0.3149260878562927,0.8568458557128906,0.35
5667,False,exact,1.0,Kiribati,Palau,0.6666666666666666,1.0,0.5,3,6,3,3,0.40272316336631775,0.6836615204811096,0.35
5668,True,exact,1.0,Columbus,Columbus,0.4,1.0,0.25,3,12,3,3,0.27155035734176636,0.8844185471534729,0.35
5669,True,exact,1.0,red-eyed tree frog,red-eyed tree frog,0.6666666666666666,1.0,0.5,4,8,4,4,0.36564701795578003,0.7700427174568176,0.35
5670,True,exact,1.0,whether the filter was clogged,whether the filter was clogged,0.4615384615384615,1.0,0.3,3,10,3,3,0.4481564462184906,0.8832024335861206,0.35
5671,True,exact,1.0,bumpy,bumpy,0.2105263157894737,0.5,0.13333333333333333,4,15,2,2,0.1843835413455963,0.47361117601394653,0.35
5672,False,exact,0.3,The magnetic force is stronger in Pair 1.,The strength of the magnetic force is the same in both pairs.,0.8235294117647058,1.0,0.7,7,10,7,7,0.43176814913749695,0.7477280497550964,0.35
5673,False,exact,1.0,transparent,fragile,0.125,0.25,0.08333333333333333,4,12,1,1,0.10887676477432251,0.4614260494709015,0.35
5674,True,exact,1.0,They jump onto bugs.,They jump onto bugs.,0.46153846153846156,0.75,0.3333333333333333,4,9,3,3,0.3482329249382019,0.7895377278327942,0.35
5675,True,numeric_exact,1.0,how steady a parachute with a 1 m vent was at 200 km per hour,how steady a parachute with a 1 m vent was at 200 km per hour,0.4210526315789474,1.0,0.26666666666666666,4,15,4,4,0.46027424931526184,0.8655028343200684,0.35
5676,True,exact,1.0,Arkansas,Arkansas,0.5333333333333333,0.5714285714285714,0.5,7,8,4,4,0.34130290150642395,0.740607500076294,0.35
5677,True,exact,1.0,It has a medium amount of rain.,It has a medium amount of rain.,0.5454545454545454,1.0,0.375,3,8,3,3,0.43538928031921387,0.6741650104522705,0.35
5678,True,exact,1.0,oxygen,oxygen,0.4444444444444445,1.0,0.2857142857142857,4,14,4,4,0.37139806151390076,0.7877607941627502,0.35
5679,True,exact,1.0,a compound,a compound,0.47058823529411764,1.0,0.3076923076923077,4,13,4,4,0.5202947854995728,0.8230201601982117,0.35
5680,True,exact,1.0,hard,hard,0.0,0.0,0.0,3,12,0,0,0.1716562956571579,0.3111865520477295,0.35
5681,True,exact,1.0,Africa,Africa,0.4615384615384615,1.0,0.3,3,10,3,3,0.5412241816520691,0.7204562425613403,0.35
5682,True,exact,1.0,mineral,mineral,0.4615384615384615,1.0,0.3,3,10,3,3,0.5029096007347107,0.8266438245773315,0.35
5683,False,exact,1.0,attract,repel,0.9090909090909091,1.0,0.8333333333333334,5,6,5,5,0.49076732993125916,0.8270940184593201,0.35
5684,False,exact,0.3,South America,Antarctica,0.6,1.0,0.42857142857142855,3,7,3,3,0.5096089839935303,0.7626228928565979,0.35
5685,True,numeric_exact,1.0,The magnetic force is weaker in Pair 2.,The magnetic force is weaker in Pair 2.,0.5714285714285715,1.0,0.4,4,10,4,4,0.607000470161438,0.8941563367843628,0.35
5686,True,exact,1.0,Virginia,Virginia,0.4,0.6666666666666666,0.2857142857142857,3,7,2,2,0.33390918374061584,0.7063049674034119,0.35
5687,True,numeric_exact,1.0,whether the new turbine could produce 10% more electricity,whether the new turbine could produce 10% more electricity,0.46153846153846156,0.75,0.3333333333333333,4,9,3,3,0.3204679787158966,0.6680904030799866,0.35
5688,True,exact,1.0,zebra,zebra,0.375,0.75,0.25,4,12,3,3,0.41214504837989807,0.8524163365364075,0.35
5689,False,exact,1.0,attract,repel,0.5,1.0,0.3333333333333333,5,15,5,5,0.341581791639328,0.7155150175094604,0.35
5690,True,exact,1.0,the surroundings . . . each vial,the surroundings . . . each vial,0.4,1.0,0.25,4,16,4,4,0.5748916864395142,0.7977482676506042,0.35
5691,True,exact,1.0,marine file snake,marine file snake,0.3157894736842105,1.0,0.1875,3,16,3,3,0.395247220993042,0.6269626021385193,0.35
5692,True,exact,1.0,repel,repel,0.35294117647058826,1.0,0.21428571428571427,3,14,3,3,0.5481963157653809,0.8328196406364441,0.35
5693,False,exact,1.0,attract,repel,0.6666666666666666,1.0,0.5,4,8,4,4,0.4658154845237732,0.8059186935424805,0.35
5694,False,exact,0.3,a pod of humpback whales,"the Antarctic krill, the emperor penguins, and the leopard seals",0.5,1.0,0.3333333333333333,3,9,3,3,0.37998640537261963,0.7819833755493164,0.35
5695,False,exact,1.0,flexible,smooth,0.0,0.0,0.0,4,13,0,0,0.15419937670230865,0.2939157485961914,0.35
5696,True,exact,1.0,toes,toes,0.6666666666666666,1.0,0.5,3,6,3,3,0.5227072238922119,0.8223900198936462,0.35
5697,True,exact,1.0,Olympia,Olympia,0.5,0.3333333333333333,1.0,3,1,1,1,0.5369493961334229,0.647343099117279,0.35
5698,True,exact,1.0,Barry can trade his tomatoes for Mona's broccoli.,Barry can trade his tomatoes for Mona's broccoli.,0.42857142857142855,0.6,0.3333333333333333,5,9,3,3,0.27612587809562683,0.8268041610717773,0.35
5699,True,exact,1.0,Augusta,Augusta,0.6,1.0,0.42857142857142855,3,7,3,3,0.382921040058136,0.919780969619751,0.35
5700,True,exact,1.0,whether the filter was clogged,whether the filter was clogged,0.3529411764705882,0.75,0.23076923076923078,4,13,3,3,0.4167814254760742,0.8100775480270386,0.35
5701,True,exact,1.0,Australia,Australia,0.33333333333333337,1.0,0.2,3,15,3,3,0.4478255808353424,0.7287186980247498,0.35
5702,False,exact,0.3,the Federated States of Micronesia,the Marshall Islands,0.5,1.0,0.3333333333333333,3,9,3,3,0.49174463748931885,0.7946279644966125,0.35
5703,True,exact,1.0,Helena,Helena,0.5,0.3333333333333333,1.0,3,1,1,1,0.3413427770137787,0.4196988344192505,0.35
5704,True,exact,1.0,It eats a primary consumer.,It eats a primary consumer.,0.4615384615384615,0.6,0.375,5,8,3,3,0.38375499844551086,0.8991945385932922,0.35
5705,True,exact,1.0,Salt Lake City,Salt Lake City,0.4,1.0,0.25,3,12,3,3,0.42749011516571045,0.8674553036689758,0.35
5706,True,exact,1.0,snowy owl,snowy owl,0.5333333333333333,1.0,0.36363636363636365,4,11,4,4,0.3455817401409149,0.5887193083763123,0.35
5707,True,exact,1.0,Juneau,Juneau,0.5454545454545454,0.75,0.42857142857142855,4,7,3,3,0.40543946623802185,0.9465304017066956,0.35
5708,True,exact,1.0,great white shark,great white shark,0.42857142857142855,1.0,0.2727272727272727,3,11,3,3,0.2465137094259262,0.672743558883667,0.35
5709,True,exact,1.0,Carson City,Carson City,0.6,1.0,0.42857142857142855,3,7,3,3,0.4626835286617279,0.9145568609237671,0.35
5710,True,exact,1.0,feather,feather,0.42857142857142855,1.0,0.2727272727272727,3,11,3,3,0.4704369902610779,0.8787770867347717,0.35
5711,False,exact,0.3,neither; their concentrations are the same,Solution A,0.8,1.0,0.6666666666666666,4,6,4,4,0.5198163390159607,0.8157170414924622,0.35
5712,True,exact,1.0,wood,wood,0.46153846153846156,0.75,0.3333333333333333,4,9,3,3,0.3553220331668854,0.7739520072937012,0.35
5713,True,exact,1.0,Eurasian lynx,Eurasian lynx,0.4,1.0,0.25,3,12,3,3,0.5008597373962402,0.9084742069244385,0.35
5714,False,numeric_mismatch,0.0,The magnetic force is stronger in Pair 1.,The magnetic force is stronger in Pair 2.,0.7692307692307693,1.0,0.625,5,8,5,5,0.5619431734085083,0.8443078994750977,0.35
5715,False,numeric_mismatch,0.0,2:2,3:1,0.7777777777777778,1.0,0.6363636363636364,7,11,7,7,0.452129602432251,0.9443584680557251,0.35
5716,True,exact,1.0,starry moray,starry moray,0.5454545454545454,1.0,0.375,3,8,3,3,0.4717237949371338,0.8704554438591003,0.35
5717,False,exact,0.3,It has many different types of trees.,It has soil that is rich in nutrients.,0.25,0.6666666666666666,0.15384615384615385,3,13,2,2,0.2721489667892456,0.4697819650173187,0.35
5718,True,exact,1.0,Minnesota,Minnesota,0.6363636363636364,0.875,0.5,8,14,7,7,0.41532596945762634,0.8614728450775146,0.35
5719,False,exact,1.0,fragile,stretchy,0.3333333333333333,0.75,0.21428571428571427,4,14,3,3,0.18303105235099792,0.5158104300498962,0.35
5720,True,yes_no,1.0,no,no,0.7272727272727272,0.8,0.6666666666666666,5,6,4,4,0.4529030919075012,0.9247155785560608,0.35
5721,True,exact,1.0,It has many different types of organisms.,It has many different types of organisms.,0.39999999999999997,0.75,0.2727272727272727,4,11,3,3,0.25125443935394287,0.6805038452148438,0.35
5722,True,exact,1.0,Carson City,Carson City,0.7499999999999999,1.0,0.6,3,5,3,3,0.5137187838554382,0.8901689052581787,0.35
5723,False,exact,0.3,Delaware,New Hampshire,0.6153846153846153,1.0,0.4444444444444444,4,9,4,4,0.3867650330066681,0.7918540239334106,0.35
5724,True,exact,1.0,Juneau,Juneau,0.5454545454545454,1.0,0.375,3,8,3,3,0.42901429533958435,0.891455352306366,0.35
5725,True,exact,1.0,Baton Rouge,Baton Rouge,0.4,0.6666666666666666,0.2857142857142857,3,7,2,2,0.39216408133506775,0.8975185751914978,0.35
5726,True,exact,1.0,sample B,sample B,0.4444444444444445,1.0,0.2857142857142857,4,14,4,4,0.49596309661865234,0.8984137177467346,0.35
5727,True,exact,1.0,Wyoming,Wyoming,0.5333333333333333,1.0,0.36363636363636365,4,11,4,4,0.4342283308506012,0.6946455836296082,0.35
5728,False,exact,0.3,bear sedge,earthworm,0.5333333333333333,1.0,0.36363636363636365,4,11,4,4,0.3909233808517456,0.7323044538497925,0.35
5729,True,exact,1.0,Carson City,Carson City,0.35294117647058826,1.0,0.21428571428571427,3,14,3,3,0.4373305141925812,0.8569738268852234,0.35
5730,False,numeric_mismatch,0.0,1/4,2/4,0.7368421052631579,1.0,0.5833333333333334,7,12,7,7,0.3537892699241638,0.8717524409294128,0.35
5731,True,exact,1.0,Massachusetts,Massachusetts,0.4,1.0,0.25,3,12,3,3,0.3862444758415222,0.6087180972099304,0.35
5732,True,exact,1.0,Hartford,Hartford,0.4,0.6666666666666666,0.2857142857142857,3,7,2,2,0.4014130234718323,0.8520821928977966,0.35
5733,True,exact,1.0,exoskeleton,exoskeleton,0.42857142857142855,1.0,0.2727272727272727,3,11,3,3,0.2780693769454956,0.8481343984603882,0.35
5734,True,exact,1.0,The magnitude of the magnetic force is the same in both pairs.,The magnitude of the magnetic force is the same in both pairs.,0.4210526315789474,1.0,0.26666666666666666,4,15,4,4,0.5192016959190369,0.8526725769042969,0.35
5735,False,exact,0.3,The magnetic force is weaker in Pair 1.,The strength of the magnetic force is the same in both pairs.,0.6666666666666666,1.0,0.5,7,14,7,7,0.5004845857620239,0.7986055612564087,0.35
5736,False,numeric_mismatch,0.0,The magnetic force is weaker in Pair 2.,The magnetic force is weaker in Pair 1.,0.5882352941176471,1.0,0.4166666666666667,5,12,5,5,0.45504429936408997,0.8018410801887512,0.35
5737,True,exact,1.0,Minnesota,Minnesota,0.823529411764706,0.875,0.7777777777777778,8,9,7,7,0.40004613995552063,0.93401038646698,0.35
5738,True,exact,1.0,red howler,red howler,0.4615384615384615,1.0,0.3,3,10,3,3,0.3730676472187042,0.6596164107322693,0.35
5739,True,exact,1.0,Olympia,Olympia,0.4615384615384615,1.0,0.3,3,10,3,3,0.29254183173179626,0.9193446636199951,0.35
5740,True,exact,1.0,chlorine,chlorine,0.7499999999999999,1.0,0.6,3,5,3,3,0.3959231376647949,0.7912718653678894,0.35
5741,True,exact,1.0,Madison,Madison,0.4615384615384615,1.0,0.3,3,10,3,3,0.3827890157699585,0.9209820628166199,0.35
5742,True,choice,1.0,A,A,0.5454545454545454,1.0,0.375,3,8,3,3,0.5203297138214111,0.8278989195823669,0.35
5743,True,exact,1.0,Tallahassee,Tallahassee,0.6666666666666666,1.0,0.5,3,6,3,3,0.4746478796005249,0.8691282272338867,0.35
5744,True,exact,1.0,the surroundings . . . each refrigerator,the surroundings . . . each refrigerator,0.47058823529411764,1.0,0.3076923076923077,4,13,4,4,0.5074838399887085,0.8963915705680847,0.35
5745,True,exact,1.0,Cybister sugillatus,Cybister sugillatus,0.5,0.8333333333333334,0.35714285714285715,6,14,5,5,0.300741583108902,0.790610134601593,0.35
5746,True,exact,1.0,Bryum moss plants are made up of tiny units called cells.,Bryum moss plants are made up of tiny units called cells.,0.47058823529411764,1.0,0.3076923076923077,4,13,4,4,0.37136757373809814,0.7174466252326965,0.35
5747,True,exact,1.0,New Jersey,New Jersey,0.5,1.0,0.3333333333333333,4,12,4,4,0.43666359782218933,0.5965024828910828,0.35
5748,False,exact,0.3,The magnitude of the magnetic force is the same in both pairs.,The magnitude of the magnetic force is smaller in Pair 1.,0.8750000000000001,1.0,0.7777777777777778,7,9,7,7,0.5387985706329346,0.8604902625083923,0.35
5749,True,exact,1.0,Montgomery,Montgomery,0.6,1.0,0.42857142857142855,3,7,3,3,0.5343260765075684,0.9325218200683594,0.35
5750,True,exact,1.0,stretchy,stretchy,0.35294117647058826,1.0,0.21428571428571427,3,14,3,3,0.2813413143157959,0.7437203526496887,0.35
5751,True,exact,1.0,soft,soft,0.14285714285714288,0.3333333333333333,0.09090909090909091,3,11,1,1,0.21064218878746033,0.47113049030303955,0.35
5752,False,numeric_mismatch,0.0,1/4,0/4,0.7368421052631579,1.0,0.5833333333333334,7,12,7,7,0.44878023862838745,0.8751620054244995,0.35
5753,True,exact,1.0,a solid,a solid,0.888888888888889,1.0,0.8,4,5,4,4,0.4344870448112488,0.690982460975647,0.35
5754,True,exact,1.0,sample B,sample B,0.5555555555555556,1.0,0.38461538461538464,5,13,5,5,0.45141372084617615,0.8948628306388855,0.35
5755,True,exact,1.0,Carson City,Carson City,0.5454545454545454,1.0,0.375,3,8,3,3,0.43308448791503906,0.9533166885375977,0.35
5756,True,exact,1.0,Pennsylvania,Pennsylvania,0.35294117647058826,1.0,0.21428571428571427,3,14,3,3,0.42742887139320374,0.6643210053443909,0.35
5757,False,exact,0.3,Can light bulbs stay lit longer when circuits include copper or when circuits include iron?,Do circuits that include iron produce dimmer light than circuits that include copper?,0.2222222222222222,0.6666666666666666,0.13333333333333333,3,15,2,2,0.3453059494495392,0.6889215111732483,0.35
5758,True,exact,1.0,a solid,a solid,0.5,1.0,0.3333333333333333,2,6,2,2,0.5646782517433167,0.845632791519165,0.35
5759,True,exact,1.0,Arkansas,Arkansas,0.8000000000000002,0.8,0.8,10,10,8,8,0.40754786133766174,0.9150195121765137,0.35
5760,True,exact,1.0,Phoenix,Phoenix,0.4615384615384615,1.0,0.3,3,10,3,3,0.3310099244117737,0.9219294786453247,0.35
5761,True,exact,1.0,a new plant,a new plant,0.47058823529411764,1.0,0.3076923076923077,4,13,4,4,0.4602312445640564,0.768358051776886,0.35
5762,False,exact,0.3,giraffe,sea otter,0.4615384615384615,1.0,0.3,3,10,3,3,0.3181837499141693,0.7861301898956299,0.35
5763,True,exact,1.0,bumpy,bumpy,0.39999999999999997,0.75,0.2727272727272727,4,11,3,3,0.26104339957237244,0.6377558708190918,0.35
5764,True,exact,1.0,stretchy,stretchy,0.0,0.0,0.0,4,9,0,0,0.1273769736289978,0.3145909309387207,0.35
5765,True,exact,1.0,It has land that is covered with water during most of the year. It also has soil that is rich in nutrients.,It has land that is covered with water during most of the year. It also has soil that is rich in nutrients.,0.6666666666666666,1.0,0.5,4,8,4,4,0.39951092004776,0.770959198474884,0.35
5766,True,exact,1.0,Africa,Africa,0.375,1.0,0.23076923076923078,3,13,3,3,0.533808708190918,0.7914279103279114,0.35
5767,True,exact,1.0,Helena,Helena,0.5714285714285715,1.0,0.4,4,10,4,4,0.3440852761268616,0.9125296473503113,0.35
5768,True,exact,1.0,attract,attract,0.33333333333333337,0.2,1.0,5,1,1,1,0.584112286567688,0.6764816045761108,0.35
5769,True,exact,1.0,Virginia,Virginia,0.2666666666666667,1.0,0.15384615384615385,2,13,2,2,0.4937721788883209,0.9347796440124512,0.35
5770,False,exact,0.3,the fruit,the flowers,0.36363636363636365,0.6666666666666666,0.25,3,8,2,2,0.37973618507385254,0.8920928835868835,0.35
5771,True,exact,1.0,red kangaroo,red kangaroo,0.13333333333333333,0.25,0.09090909090909091,4,11,1,1,0.17114776372909546,0.5351775884628296,0.35
5772,True,exact,1.0,which design would have the greatest distance between the concert area and the road,which design would have the greatest distance between the concert area and the road,0.30769230769230765,0.5,0.2222222222222222,4,9,2,2,0.20117317140102386,0.5509220361709595,0.35
5773,True,exact,1.0,It eats another living thing.,It eats another living thing.,0.2857142857142857,1.0,0.16666666666666666,2,12,2,2,0.5626949667930603,0.8012045621871948,0.35
5774,False,exact,0.3,Taricha torosa,Lissotriton vulgaris,0.5714285714285715,1.0,0.4,4,10,4,4,0.43763476610183716,0.7498117685317993,0.35
5775,False,numeric_mismatch,0.0,1:3,2:2,0.5333333333333333,0.8,0.4,5,10,4,4,0.4333166778087616,0.8973298072814941,0.35
5776,True,exact,1.0,Ethan can trade his tomatoes for Irma's broccoli.,Ethan can trade his tomatoes for Irma's broccoli.,0.7692307692307693,1.0,0.625,5,8,5,5,0.42150354385375977,0.8671640157699585,0.35
5777,True,exact,1.0,The magnitude of the magnetic force is the same in both pairs.,The magnitude of the magnetic force is the same in both pairs.,0.4615384615384615,1.0,0.3,3,10,3,3,0.4835008978843689,0.7635835409164429,0.35
5778,True,exact,1.0,Juneau,Juneau,0.4615384615384615,1.0,0.3,3,10,3,3,0.3910444378852844,0.9586209654808044,0.35
5779,True,exact,1.0,a compound,a compound,0.47058823529411764,1.0,0.3076923076923077,4,13,4,4,0.5140035152435303,0.9198715686798096,0.35
5780,True,exact,1.0,metamorphic,metamorphic,0.5454545454545454,1.0,0.375,3,8,3,3,0.5490012764930725,0.8691092133522034,0.35
5781,True,exact,1.0,Helena,Helena,0.5454545454545454,0.75,0.42857142857142855,4,7,3,3,0.4108681082725525,0.9165969491004944,0.35
5782,True,exact,1.0,common kingfisher,common kingfisher,0.5454545454545454,0.6,0.5,5,6,3,3,0.3214111924171448,0.7818025350570679,0.35
5783,False,exact,1.0,Australia,Antarctica,0.375,1.0,0.23076923076923078,3,13,3,3,0.4245345890522003,0.7302420735359192,0.35
5784,True,exact,1.0,Cyanocitta stelleri,Cyanocitta stelleri,0.5454545454545454,1.0,0.375,3,8,3,3,0.39163342118263245,0.7915770411491394,0.35
5785,True,exact,1.0,fragile,fragile,0.6,1.0,0.42857142857142855,3,7,3,3,0.2492753267288208,0.39820367097854614,0.35
5786,False,exact,0.3,neither; the samples have the same temperature,sample A,0.47058823529411764,1.0,0.3076923076923077,4,13,4,4,0.43444597721099854,0.897526204586029,0.35
5787,False,exact,1.0,leather,rubber,0.4444444444444444,0.6666666666666666,0.3333333333333333,3,6,2,2,0.3516991436481476,0.7208711504936218,0.35
5788,False,exact,0.3,the Dominican Republic,Haiti,0.47058823529411764,1.0,0.3076923076923077,4,13,4,4,0.44930586218833923,0.7847930192947388,0.35
5789,True,exact,1.0,Do the insides of white boxes get hotter than the insides of black boxes when the boxes are left in the sun?,Do the insides of white boxes get hotter than the insides of black boxes when the boxes are left in the sun?,0.47058823529411764,1.0,0.3076923076923077,4,13,4,4,0.40331965684890747,0.867974579334259,0.35
5790,True,exact,1.0,Sacramento,Sacramento,0.5,1.0,0.3333333333333333,3,9,3,3,0.5077686309814453,0.9314385652542114,0.35
5791,False,exact,0.3,neither; their concentrations are the same,Solution B,0.5,1.0,0.3333333333333333,4,12,4,4,0.5078943371772766,0.8599685430526733,0.35
5792,True,exact,1.0,January,January,0.5882352941176471,1.0,0.4166666666666667,5,12,5,5,0.3954102694988251,0.867901086807251,0.35
5793,True,exact,1.0,the Atlantic Ocean,the Atlantic Ocean,0.4615384615384615,1.0,0.3,3,10,3,3,0.4899328649044037,0.8135181665420532,0.35
5794,False,exact,0.3,The magnitude of the magnetic force is smaller in Pair 1.,The magnitude of the magnetic force is the same in both pairs.,0.9333333333333333,1.0,0.875,7,8,7,7,0.5177897214889526,0.8177821636199951,0.35
5795,False,exact,1.0,Wilmington,Dover,0.4615384615384615,1.0,0.3,3,10,3,3,0.35826292634010315,0.815089762210846,0.35
5796,True,exact,1.0,Do slugs eat more from tomato leaves or broccoli leaves?,Do slugs eat more from tomato leaves or broccoli leaves?,0.35294117647058826,1.0,0.21428571428571427,3,14,3,3,0.4246808588504791,0.8138517141342163,0.35
5797,True,exact,1.0,filtration,filtration,0.42857142857142855,1.0,0.2727272727272727,3,11,3,3,0.3559418320655823,0.8295157551765442,0.35
5798,False,exact,1.0,Delaware,Virginia,0.5,1.0,0.3333333333333333,3,9,3,3,0.3863677978515625,0.6560145616531372,0.35
5799,True,exact,1.0,Baton Rouge,Baton Rouge,0.5,0.6666666666666666,0.4,3,5,2,2,0.37632685899734497,0.9490191340446472,0.35
5800,True,exact,1.0,the number of bacteria in a drop of tea,the number of bacteria in a drop of tea,0.375,1.0,0.23076923076923078,3,13,3,3,0.48885437846183777,0.8151633143424988,0.35
5801,True,numeric_exact,1.0,KRT13 gene . . . keratin protein,KRT13 gene . . . keratin protein,0.33333333333333337,1.0,0.2,2,10,2,2,0.5637449026107788,0.856027364730835,0.35
5802,True,exact,1.0,Dominica,Dominica,0.33333333333333337,1.0,0.2,3,15,3,3,0.4342997968196869,0.8302084803581238,0.35
5803,True,exact,1.0,Carson City,Carson City,0.6,1.0,0.42857142857142855,3,7,3,3,0.4471568167209625,0.9316852688789368,0.35
5804,True,exact,1.0,Africa,Africa,0.6666666666666666,1.0,0.5,3,6,3,3,0.559908390045166,0.8430455327033997,0.35
5805,False,exact,1.0,ray,goldfish,0.7272727272727273,1.0,0.5714285714285714,4,7,4,4,0.3701725900173187,0.6517510414123535,0.35
5806,True,exact,1.0,New Jersey,New Jersey,0.42857142857142855,1.0,0.2727272727272727,3,11,3,3,0.45541873574256897,0.7868584990501404,0.35
5807,False,exact,0.3,Barbados,Antigua and Barbuda,0.42857142857142855,1.0,0.2727272727272727,3,11,3,3,0.38575151562690735,0.7898889780044556,0.35
5808,True,exact,1.0,Olympia,Olympia,0.4615384615384615,1.0,0.3,3,10,3,3,0.4698761999607086,0.8476807475090027,0.35
5809,True,exact,1.0,a gas,a gas,0.7142857142857143,1.0,0.5555555555555556,5,9,5,5,0.4476306140422821,0.8917122483253479,0.35
5810,False,exact,0.3,The magnitude of the magnetic force is the same in both pairs.,The magnitude of the magnetic force is greater in Pair 1.,0.7058823529411764,1.0,0.5454545454545454,6,11,6,6,0.5963048934936523,0.8699042797088623,0.35
5811,True,exact,1.0,Austin,Austin,0.5454545454545454,1.0,0.375,3,8,3,3,0.34783509373664856,0.8970016241073608,0.35
5812,False,exact,1.0,kangaroo,rabbit,0.4,1.0,0.25,3,12,3,3,0.4171328842639923,0.7966644763946533,0.35
5813,True,exact,1.0,weather,weather,0.5,1.0,0.3333333333333333,3,9,3,3,0.34016093611717224,0.5992426872253418,0.35
5814,True,exact,1.0,Ohio,Ohio,0.3636363636363636,1.0,0.2222222222222222,2,9,2,2,0.5104511976242065,0.8041242361068726,0.35
5815,True,exact,1.0,a liquid,a liquid,0.6,1.0,0.42857142857142855,3,7,3,3,0.43746957182884216,0.7538880109786987,0.35
5816,False,exact,0.3,Saint Lucia,Saint Kitts and Nevis,0.4615384615384615,1.0,0.3,3,10,3,3,0.423326700925827,0.7743687033653259,0.35
5817,True,exact,1.0,North America,North America,0.42857142857142855,1.0,0.2727272727272727,3,11,3,3,0.46302199363708496,0.8797009587287903,0.35
5818,True,exact,1.0,South America,South America,0.5714285714285715,1.0,0.4,2,5,2,2,0.5782449245452881,0.7642796039581299,0.35
5819,False,exact,1.0,Alabama,Illinois,0.7999999999999999,0.8888888888888888,0.7272727272727273,9,11,8,8,0.3765990436077118,0.963747501373291,0.35
5820,True,exact,1.0,Europe,Europe,0.4615384615384615,1.0,0.3,3,10,3,3,0.5522627234458923,0.8514551520347595,0.35
5821,True,exact,1.0,away from the bulldozer,away from the bulldozer,0.42857142857142855,1.0,0.2727272727272727,3,11,3,3,0.5597854852676392,0.8691629767417908,0.35
5822,True,exact,1.0,Open,Open,0.33333333333333337,1.0,0.2,2,10,2,2,0.36297011375427246,0.8112273216247559,0.35
5823,False,exact,1.0,Open,Closed,0.3636363636363636,1.0,0.2222222222222222,2,9,2,2,0.4384421706199646,0.689240574836731,0.35
5824,False,exact,1.0,Thin,Round,0.4,1.0,0.25,2,8,2,2,0.4065682888031006,0.7449950575828552,0.35
5825,True,exact,1.0,Thin,Thin,0.3636363636363636,1.0,0.2222222222222222,2,9,2,2,0.38065817952156067,0.6934071183204651,0.35
5826,True,exact,1.0,Left,Left,0.5454545454545454,1.0,0.375,3,8,3,3,0.47447285056114197,0.8425437211990356,0.35
5827,False,exact,1.0,Left,Right,0.6,1.0,0.42857142857142855,3,7,3,3,0.39584001898765564,0.7385360598564148,0.35
5828,True,exact,1.0,Towards the camera,Towards the camera,0.4615384615384615,1.0,0.3,3,10,3,3,0.32822149991989136,0.7951523065567017,0.35
5829,True,exact,1.0,Away from the camera,Away from the camera,0.42857142857142855,1.0,0.2727272727272727,3,11,3,3,0.32332026958465576,0.7608726620674133,0.35
5830,True,yes_no,1.0,Yes,Yes,0.5,1.0,0.3333333333333333,3,9,3,3,0.5125124454498291,0.8298622369766235,0.35
5831,True,yes_no,1.0,No,No,0.4615384615384615,1.0,0.3,3,10,3,3,0.4063708484172821,0.7590394616127014,0.35
5832,True,yes_no,1.0,Yes,Yes,0.6153846153846153,1.0,0.4444444444444444,4,9,4,4,0.37722766399383545,0.7194752097129822,0.35
5833,False,yes_no,1.0,Yes,No,0.5454545454545454,1.0,0.375,3,8,3,3,0.3261124789714813,0.6560326218605042,0.35
5834,True,exact,1.0,Single,Single,0.5714285714285715,1.0,0.4,4,10,4,4,0.3201366066932678,0.716820240020752,0.35
5835,True,exact,1.0,Multiple,Multiple,0.1818181818181818,0.5,0.1111111111111111,2,9,1,1,0.22125397622585297,0.41547954082489014,0.35
5836,True,yes_no,1.0,Yes,Yes,0.5454545454545454,1.0,0.375,3,8,3,3,0.3839535415172577,0.7093960046768188,0.35
5837,True,yes_no,1.0,No,No,0.6153846153846153,1.0,0.4444444444444444,4,9,4,4,0.38655826449394226,0.8209835886955261,0.35
5838,False,yes_no,1.0,No,Yes,0.4615384615384615,1.0,0.3,3,10,3,3,0.3234790563583374,0.6575802564620972,0.35
5839,True,yes_no,1.0,No,No,0.5,1.0,0.3333333333333333,3,9,3,3,0.3864509165287018,0.7319747805595398,0.35
5840,True,yes_no,1.0,Yes,Yes,0.3636363636363636,1.0,0.2222222222222222,2,9,2,2,0.5326678156852722,0.8101471066474915,0.35
5841,True,yes_no,1.0,No,No,0.5,1.0,0.3333333333333333,3,9,3,3,0.39305076003074646,0.8947536945343018,0.35
5842,False,yes_no,1.0,No,Yes,0.4,1.0,0.25,2,8,2,2,0.5133172869682312,0.7890212535858154,0.35
5843,True,yes_no,1.0,No,No,0.4444444444444445,1.0,0.2857142857142857,2,7,2,2,0.5140748620033264,0.8775345087051392,0.35
5844,False,exact,1.0,Side,Front,0.5,1.0,0.3333333333333333,3,9,3,3,0.36024680733680725,0.7876891493797302,0.35
5845,True,exact,1.0,Side,Side,0.5,1.0,0.3333333333333333,3,9,3,3,0.3532553017139435,0.8755154609680176,0.35
5846,True,exact,1.0,Black,Black,0.4,1.0,0.25,2,8,2,2,0.4276999533176422,0.7596608996391296,0.35
5847,True,exact,1.0,Red,Red,0.4444444444444445,1.0,0.2857142857142857,2,7,2,2,0.5262255072593689,0.8135846853256226,0.35
5848,True,yes_no,1.0,Yes,Yes,0.33333333333333337,1.0,0.2,2,10,2,2,0.4360000193119049,0.657090425491333,0.35
5849,True,yes_no,1.0,No,No,0.33333333333333337,1.0,0.2,2,10,2,2,0.36990803480148315,0.5880492329597473,0.35
5850,True,exact,1.0,Correct,Correct,0.46153846153846156,0.75,0.3333333333333333,4,9,3,3,0.30203378200531006,0.752744197845459,0.35
5851,True,exact,1.0,Incorrect,Incorrect,0.5454545454545454,1.0,0.375,3,8,3,3,0.3470586836338043,0.7313461303710938,0.35
5852,True,yes_no,1.0,Yes,Yes,0.33333333333333337,1.0,0.2,2,10,2,2,0.34155720472335815,0.582503080368042,0.35
5853,False,yes_no,1.0,Yes,No,0.5454545454545454,1.0,0.375,3,8,3,3,0.4198791980743408,0.6334081888198853,0.35
5854,False,yes_no,1.0,No,Yes,0.5,1.0,0.3333333333333333,3,9,3,3,0.40410009026527405,0.8480589985847473,0.35
5855,True,yes_no,1.0,No,No,0.5,1.0,0.3333333333333333,3,9,3,3,0.31569239497184753,0.7002488374710083,0.35
5856,False,yes_no,1.0,No,Yes,0.5454545454545454,1.0,0.375,3,8,3,3,0.23492710292339325,0.5717661380767822,0.35
5857,True,yes_no,1.0,No,No,0.42857142857142855,1.0,0.2727272727272727,3,11,3,3,0.34726259112358093,0.8479913473129272,0.35
5858,True,exact,1.0,Pink,Pink,0.6,1.0,0.42857142857142855,3,7,3,3,0.4486042559146881,0.8295981287956238,0.35
5859,True,exact,1.0,Violet,Violet,0.4,1.0,0.25,2,8,2,2,0.5243474245071411,0.8292933106422424,0.35
5860,True,yes_no,1.0,Yes,Yes,0.5454545454545454,1.0,0.375,3,8,3,3,0.4887358844280243,0.8060386776924133,0.35
5861,True,yes_no,1.0,No,No,0.5454545454545454,1.0,0.375,3,8,3,3,0.4183267652988434,0.7850918769836426,0.35
5862,True,yes_no,1.0,Yes,Yes,0.3636363636363636,1.0,0.2222222222222222,2,9,2,2,0.4200526475906372,0.7987112998962402,0.35
5863,False,yes_no,1.0,Yes,No,0.5454545454545454,1.0,0.375,3,8,3,3,0.37907686829566956,0.7097982168197632,0.35
5864,True,yes_no,1.0,Yes,Yes,0.5454545454545454,1.0,0.375,3,8,3,3,0.4464205801486969,0.7288393378257751,0.35
5865,True,yes_no,1.0,No,No,0.4,1.0,0.25,2,8,2,2,0.3619294762611389,0.6291807889938354,0.35
5866,False,yes_no,1.0,No,Yes,0.3333333333333333,0.6666666666666666,0.2222222222222222,3,9,2,2,0.32677197456359863,0.792302668094635,0.35
5867,True,yes_no,1.0,No,No,0.5454545454545454,1.0,0.375,3,8,3,3,0.34760868549346924,0.7465304732322693,0.35
5868,False,numeric_mismatch,0.0,6,5,0.5454545454545454,1.0,0.375,3,8,3,3,0.38407543301582336,0.6889803409576416,0.35
5869,True,numeric_exact,1.0,6,6,0.5454545454545454,1.0,0.375,3,8,3,3,0.3433476984500885,0.6269717812538147,0.35
5870,True,yes_no,1.0,Yes,Yes,0.5,1.0,0.3333333333333333,3,9,3,3,0.4733864963054657,0.7047640681266785,0.35
5871,True,yes_no,1.0,No,No,0.5333333333333333,1.0,0.36363636363636365,4,11,4,4,0.40446746349334717,0.8204523921012878,0.35
5872,True,yes_no,1.0,Yes,Yes,0.4444444444444445,1.0,0.2857142857142857,2,7,2,2,0.4527534544467926,0.7910363078117371,0.35
5873,True,yes_no,1.0,No,No,0.5454545454545454,1.0,0.375,3,8,3,3,0.4321247637271881,0.7229803800582886,0.35
5874,True,yes_no,1.0,Yes,Yes,0.5454545454545454,1.0,0.375,3,8,3,3,0.4374006688594818,0.8336011171340942,0.35
5875,False,yes_no,1.0,Yes,No,0.33333333333333337,1.0,0.2,2,10,2,2,0.42201876640319824,0.6251499056816101,0.35
5876,True,yes_no,1.0,Yes,Yes,0.5,0.75,0.375,4,8,3,3,0.37352001667022705,0.7281378507614136,0.35
5877,True,yes_no,1.0,No,No,0.5454545454545454,1.0,0.375,3,8,3,3,0.3873421251773834,0.7746688723564148,0.35
5878,False,yes_no,1.0,No,Yes,0.5454545454545454,1.0,0.375,3,8,3,3,0.42674684524536133,0.9030367732048035,0.35
5879,True,yes_no,1.0,No,No,0.5,1.0,0.3333333333333333,3,9,3,3,0.46890413761138916,0.9396045207977295,0.35
5880,True,yes_no,1.0,Yes,Yes,0.5,1.0,0.3333333333333333,3,9,3,3,0.3791821300983429,0.717419445514679,0.35
5881,False,yes_no,1.0,Yes,No,0.5,1.0,0.3333333333333333,3,9,3,3,0.41648995876312256,0.700312614440918,0.35
5882,True,yes_no,1.0,Yes,Yes,0.5454545454545454,1.0,0.375,3,8,3,3,0.44457462430000305,0.7196512222290039,0.35
5883,True,yes_no,1.0,No,No,0.5454545454545454,1.0,0.375,3,8,3,3,0.3399311602115631,0.5831218361854553,0.35
5884,True,exact,1.0,Correct,Correct,0.36363636363636365,0.6666666666666666,0.25,3,8,2,2,0.3628828525543213,0.7733932137489319,0.35
5885,False,exact,1.0,Correct,Incorrect,0.30769230769230765,0.6666666666666666,0.2,3,10,2,2,0.3185364305973053,0.7573822736740112,0.35
5886,False,exact,1.0,Incorrect,Correct,0.5454545454545454,1.0,0.375,3,8,3,3,0.38035741448402405,0.7079102396965027,0.35
5887,True,exact,1.0,Incorrect,Incorrect,0.5454545454545454,1.0,0.375,3,8,3,3,0.4291870892047882,0.7444440126419067,0.35
5888,True,yes_no,1.0,Yes,Yes,0.5,1.0,0.3333333333333333,2,6,2,2,0.34212997555732727,0.5318009257316589,0.35
5889,True,yes_no,1.0,No,No,0.4,1.0,0.25,2,8,2,2,0.41706669330596924,0.6820070743560791,0.35
5890,True,yes_no,1.0,Yes,Yes,0.6666666666666666,1.0,0.5,4,8,4,4,0.4882006049156189,0.8576856255531311,0.35
5891,True,yes_no,1.0,No,No,0.6153846153846153,1.0,0.4444444444444444,4,9,4,4,0.38994771242141724,0.7891753911972046,0.35
5892,False,exact,1.0,Unlocked,Locked,0.5,0.75,0.375,4,8,3,3,0.31987160444259644,0.622211754322052,0.35
5893,True,exact,1.0,Unlocked,Unlocked,0.5454545454545454,1.0,0.375,3,8,3,3,0.3945746421813965,0.6897143125534058,0.35
5894,True,yes_no,1.0,Yes,Yes,0.36363636363636365,0.6666666666666666,0.25,3,8,2,2,0.3274000883102417,0.5684036016464233,0.35
5895,True,yes_no,1.0,No,No,0.5,1.0,0.3333333333333333,3,9,3,3,0.33704257011413574,0.7345635890960693,0.35
5896,True,exact,1.0,Top,Top,0.42857142857142855,1.0,0.2727272727272727,3,11,3,3,0.3431282639503479,0.7380841970443726,0.35
5897,False,exact,1.0,Top,Side,0.4615384615384615,1.0,0.3,3,10,3,3,0.3672116696834564,0.5905392169952393,0.35
5898,True,yes_no,1.0,Yes,Yes,0.6,1.0,0.42857142857142855,3,7,3,3,0.5024343729019165,0.8570745587348938,0.35
5899,False,yes_no,1.0,Yes,No,0.5,1.0,0.3333333333333333,3,9,3,3,0.4801400899887085,0.7407906651496887,0.35
5900,False,exact,1.0,Forward,Upwards,0.5714285714285715,1.0,0.4,4,10,4,4,0.3954653739929199,0.8098291754722595,0.35
5901,False,exact,1.0,Upwards,Forward,0.33333333333333337,1.0,0.2,2,10,2,2,0.4423604905605316,0.6193282604217529,0.35
5902,True,yes_no,1.0,Yes,Yes,0.5,1.0,0.3333333333333333,3,9,3,3,0.5061020255088806,0.859358012676239,0.35
5903,False,yes_no,1.0,Yes,No,0.5,1.0,0.3333333333333333,3,9,3,3,0.44073066115379333,0.691594123840332,0.35
5904,False,yes_no,1.0,No,Yes,0.4,1.0,0.25,2,8,2,2,0.5370171666145325,0.7773239016532898,0.35
5905,True,yes_no,1.0,No,No,0.3636363636363636,1.0,0.2222222222222222,2,9,2,2,0.43578392267227173,0.688007652759552,0.35
5906,True,exact,1.0,Erect,Erect,0.4444444444444445,1.0,0.2857142857142857,2,7,2,2,0.44143810868263245,0.6565867066383362,0.35
5907,False,exact,1.0,Erect,Drooping,0.4,1.0,0.25,2,8,2,2,0.5042806267738342,0.6597502827644348,0.35
5908,True,yes_no,1.0,Yes,Yes,0.4,1.0,0.25,2,8,2,2,0.5288295745849609,0.7362909913063049,0.35
5909,True,yes_no,1.0,No,No,0.5454545454545454,1.0,0.375,3,8,3,3,0.3639819324016571,0.7302166819572449,0.35
5910,True,yes_no,1.0,Yes,Yes,0.5454545454545454,1.0,0.375,3,8,3,3,0.304821252822876,0.6980705261230469,0.35
5911,True,yes_no,1.0,No,No,0.5,1.0,0.3333333333333333,3,9,3,3,0.27465927600860596,0.5347418785095215,0.35
5912,True,yes_no,1.0,Yes,Yes,0.6666666666666666,1.0,0.5,4,8,4,4,0.3250603973865509,0.8946295976638794,0.35
5913,False,yes_no,1.0,Yes,No,0.3333333333333333,0.6666666666666666,0.2222222222222222,3,9,2,2,0.33221015334129333,0.757892906665802,0.35
5914,True,yes_no,1.0,Yes,Yes,0.4444444444444445,1.0,0.2857142857142857,2,7,2,2,0.44074058532714844,0.7120547294616699,0.35
5915,True,yes_no,1.0,No,No,0.4444444444444445,1.0,0.2857142857142857,2,7,2,2,0.4542014002799988,0.8143021464347839,0.35
5916,True,exact,1.0,Very dense,Very dense,0.4615384615384615,1.0,0.3,3,10,3,3,0.24543485045433044,0.5620220303535461,0.35
5917,False,exact,0.3,Very dense,Relatively sparse,0.5,1.0,0.3333333333333333,3,9,3,3,0.30018284916877747,0.5297825336456299,0.35
5918,True,yes_no,1.0,Yes,Yes,0.3636363636363636,1.0,0.2222222222222222,2,9,2,2,0.5115377306938171,0.7912818789482117,0.35
5919,False,yes_no,1.0,Yes,No,0.4,1.0,0.25,2,8,2,2,0.49200111627578735,0.7344011068344116,0.35
5920,True,exact,1.0,Long,Long,0.4,1.0,0.25,2,8,2,2,0.48298272490501404,0.7435346841812134,0.35
5921,False,exact,1.0,Long,Short,0.4444444444444445,1.0,0.2857142857142857,2,7,2,2,0.5179476737976074,0.7130271196365356,0.35
5922,False,exact,1.0,Set,Bump,0.3333333333333333,0.6666666666666666,0.2222222222222222,3,9,2,2,0.2704745829105377,0.42318299412727356,0.35
5923,True,exact,1.0,Set,Set,0.4,1.0,0.25,3,12,3,3,0.2435435652732849,0.5754449963569641,0.35
5924,True,exact,1.0,Up,Up,0.6,1.0,0.42857142857142855,3,7,3,3,0.5229983329772949,0.8421831727027893,0.35
5925,False,exact,1.0,Up,Down,0.5454545454545454,1.0,0.375,3,8,3,3,0.45813772082328796,0.7665608525276184,0.35
5926,True,exact,1.0,Eye level,Eye level,0.5454545454545454,1.0,0.375,3,8,3,3,0.3706302344799042,0.7078229188919067,0.35
5927,True,exact,1.0,Above,Above,0.5454545454545454,1.0,0.375,3,8,3,3,0.3562631905078888,0.7099607586860657,0.35
5928,False,yes_no,1.0,No,Yes,0.5,1.0,0.3333333333333333,3,9,3,3,0.4194974899291992,0.6965523958206177,0.35
5929,True,yes_no,1.0,No,No,0.5454545454545454,1.0,0.375,3,8,3,3,0.3668934106826782,0.7066799998283386,0.35
5930,True,exact,1.0,Upward,Upward,0.5454545454545454,1.0,0.375,3,8,3,3,0.45390787720680237,0.6953250169754028,0.35
5931,False,exact,1.0,Upward,Downward,0.6666666666666666,1.0,0.5,4,8,4,4,0.38953590393066406,0.7138588428497314,0.35
5932,False,exact,1.0,Outward,Inward,0.6,1.0,0.42857142857142855,3,7,3,3,0.46426376700401306,0.8090547919273376,0.35
5933,True,exact,1.0,Outward,Outward,0.6,1.0,0.42857142857142855,3,7,3,3,0.44886258244514465,0.7646576166152954,0.35
5934,True,yes_no,1.0,Yes,Yes,0.36363636363636365,0.6666666666666666,0.25,3,8,2,2,0.31379881501197815,0.6588976979255676,0.35
5935,True,yes_no,1.0,No,No,0.4615384615384615,1.0,0.3,3,10,3,3,0.3613724112510681,0.8524484038352966,0.35
5936,True,exact,1.0,Away from the camera,Away from the camera,0.5454545454545454,1.0,0.375,3,8,3,3,0.3251934349536896,0.678709089756012,0.35
5937,False,exact,0.3,Away from the camera,Facing the camera,0.3636363636363636,1.0,0.2222222222222222,2,9,2,2,0.3798154592514038,0.7068648934364319,0.35
5938,False,numeric_mismatch,0.0,2,1,0.5454545454545454,1.0,0.375,3,8,3,3,0.43385037779808044,0.7617624998092651,0.35
5939,True,numeric_exact,1.0,2,2,0.5454545454545454,1.0,0.375,3,8,3,3,0.5825672745704651,0.8704619407653809,0.35
5940,True,numeric_exact,1.0,1,1,0.5454545454545454,1.0,0.375,3,8,3,3,0.3442434072494507,0.6556339263916016,0.35
5941,True,numeric_exact,1.0,2,2,0.5454545454545454,1.0,0.375,3,8,3,3,0.3877996504306793,0.6320802569389343,0.35
5942,False,yes_no,1.0,No,Yes,0.4,1.0,0.25,2,8,2,2,0.426921010017395,0.6449187397956848,0.35
5943,True,yes_no,1.0,No,No,0.6,1.0,0.42857142857142855,3,7,3,3,0.39980489015579224,0.7404748201370239,0.35
5944,True,exact,1.0,Left,Left,0.4,1.0,0.25,2,8,2,2,0.44400548934936523,0.7090520858764648,0.35
5945,False,exact,1.0,Left,Right,0.4444444444444445,1.0,0.2857142857142857,2,7,2,2,0.38823172450065613,0.6629065871238708,0.35
5946,True,yes_no,1.0,Yes,Yes,0.5,1.0,0.3333333333333333,2,6,2,2,0.3449004888534546,0.6070278882980347,0.35
5947,True,yes_no,1.0,No,No,0.6153846153846153,1.0,0.4444444444444444,4,9,4,4,0.32817041873931885,0.6306663155555725,0.35
5948,True,exact,1.0,Protruding,Protruding,0.4,1.0,0.25,2,8,2,2,0.3871940076351166,0.8436146974563599,0.35
5949,False,exact,1.0,Protruding,Indented,0.4615384615384615,1.0,0.3,3,10,3,3,0.31622904539108276,0.6998822689056396,0.35
5950,False,exact,0.3,At an angle,Directly towards the camera,0.5,1.0,0.3333333333333333,3,9,3,3,0.2649499773979187,0.6732777953147888,0.35
5951,False,exact,0.3,Directly towards the camera,At an angle,0.3333333333333333,0.6666666666666666,0.2222222222222222,3,9,2,2,0.340313196182251,0.6862512826919556,0.35
5952,False,exact,1.0,Carpet,Floor,0.3636363636363636,1.0,0.2222222222222222,2,9,2,2,0.43441492319107056,0.6378339529037476,0.35
5953,True,exact,1.0,Carpet,Carpet,0.5,1.0,0.3333333333333333,3,9,3,3,0.4013322591781616,0.847749650478363,0.35
5954,True,exact,1.0,OK/SELECT,OK/SELECT,0.5454545454545454,1.0,0.375,3,8,3,3,0.4091808795928955,0.7352465391159058,0.35
5955,True,exact,1.0,OK,OK,0.6153846153846153,1.0,0.4444444444444444,4,9,4,4,0.3907492458820343,0.7473914623260498,0.35
5956,True,numeric_exact,1.0,1,1,0.4,1.0,0.25,2,8,2,2,0.3597401976585388,0.6577703952789307,0.35
5957,True,numeric_exact,1.0,2,2,0.5454545454545454,1.0,0.375,3,8,3,3,0.4446730613708496,0.7661958336830139,0.35
5958,True,exact,1.0,Coiled,Coiled,0.4615384615384615,1.0,0.3,3,10,3,3,0.3453455865383148,0.6507776379585266,0.35
5959,False,exact,0.3,Coiled,Head extended,0.36363636363636365,0.6666666666666666,0.25,3,8,2,2,0.26056423783302307,0.7044170498847961,0.35
5960,True,yes_no,1.0,Yes,Yes,0.5454545454545454,1.0,0.375,3,8,3,3,0.5061321258544922,0.8286885619163513,0.35
5961,True,yes_no,1.0,No,No,0.6,1.0,0.42857142857142855,3,7,3,3,0.3611855208873749,0.7275670766830444,0.35
5962,True,exact,1.0,Raised,Raised,0.4,1.0,0.25,2,8,2,2,0.5200053453445435,0.8118128776550293,0.35
5963,False,exact,1.0,Raised,Lowered,0.4,1.0,0.25,2,8,2,2,0.49665459990501404,0.7782288789749146,0.35
5964,True,exact,1.0,Upright,Upright,0.5454545454545454,1.0,0.375,3,8,3,3,0.33544230461120605,0.7250100374221802,0.35
5965,False,exact,0.3,Upright,Upside down,0.5454545454545454,1.0,0.375,3,8,3,3,0.33623573184013367,0.6113675832748413,0.35
5966,False,exact,0.3,Looking up from below,Looking down from above,0.5,1.0,0.3333333333333333,3,9,3,3,0.3694624602794647,0.6685017347335815,0.35
5967,False,exact,0.3,Looking down from above,Looking up from below,0.5333333333333333,1.0,0.36363636363636365,4,11,4,4,0.3383023142814636,0.7396931052207947,0.35
5968,True,exact,0.7,Not visible,Visible,0.33333333333333337,1.0,0.2,2,10,2,2,0.39231422543525696,0.5988439917564392,0.35
5969,True,exact,1.0,Not visible,Not visible,0.3333333333333333,0.6666666666666666,0.2222222222222222,3,9,2,2,0.35079044103622437,0.7801358699798584,0.35
5970,True,exact,1.0,Left,Left,0.5454545454545454,1.0,0.375,3,8,3,3,0.5375702381134033,0.9478210210800171,0.35
5971,False,exact,1.0,Left,Right,0.3636363636363636,1.0,0.2222222222222222,2,9,2,2,0.46931976079940796,0.7935797572135925,0.35
5972,False,exact,0.3,Side view,Back view,0.4285714285714285,0.75,0.3,4,10,3,3,0.2235783040523529,0.5236557126045227,0.35
5973,True,exact,1.0,Side view,Side view,0.46153846153846156,0.75,0.3333333333333333,4,9,3,3,0.30678272247314453,0.5438123941421509,0.35
5974,True,exact,1.0,One,One,0.5454545454545454,1.0,0.375,3,8,3,3,0.46906158328056335,0.7327776551246643,0.35
5975,True,exact,1.0,More than one,More than one,0.5,1.0,0.3333333333333333,3,9,3,3,0.5312433838844299,0.8008903861045837,0.35
5976,True,exact,1.0,Beside the bedside Table,Beside the bedside Table,0.3636363636363636,1.0,0.2222222222222222,2,9,2,2,0.49798858165740967,0.839219331741333,0.35
5977,False,exact,0.3,Beside the bedside Table,On the Windowsill,0.33333333333333337,1.0,0.2,2,10,2,2,0.47224530577659607,0.8424859046936035,0.35
5978,True,exact,1.0,Silver,Silver,0.36363636363636365,0.6666666666666666,0.25,3,8,2,2,0.3375653326511383,0.5949384570121765,0.35
5979,True,exact,1.0,Black,Black,0.5454545454545454,1.0,0.375,3,8,3,3,0.35793253779411316,0.6045309901237488,0.35
5980,False,exact,0.3,Both arms,One arm,0.4444444444444445,1.0,0.2857142857142857,2,7,2,2,0.42402854561805725,0.7896247506141663,0.35
5981,True,exact,1.0,Both arms,Both arms,0.5,1.0,0.3333333333333333,3,9,3,3,0.432606965303421,0.6276429891586304,0.35
5982,True,numeric_exact,1.0,12,12,0.5454545454545454,1.0,0.375,3,8,3,3,0.345273494720459,0.764214813709259,0.35
5983,False,numeric_mismatch,0.0,12,1,0.5,1.0,0.3333333333333333,3,9,3,3,0.4402962327003479,0.8401605486869812,0.35
5984,True,exact,1.0,In front of a large window,In front of a large window,0.42857142857142855,1.0,0.2727272727272727,3,11,3,3,0.4198324680328369,0.7646186947822571,0.35
5985,True,exact,1.0,In front of a wall between two windows,In front of a wall between two windows,0.6153846153846153,1.0,0.4444444444444444,4,9,4,4,0.4608851969242096,0.842768669128418,0.35
5986,True,exact,1.0,On a dish,On a dish,0.5454545454545454,1.0,0.375,3,8,3,3,0.4128265678882599,0.6679345369338989,0.35
5987,False,exact,0.3,On a dish,In bowls of yogurts,0.3636363636363636,1.0,0.2222222222222222,2,9,2,2,0.4551222622394562,0.7120925784111023,0.35
5988,False,exact,0.3,All are uncut,Some are cut open,0.7272727272727273,1.0,0.5714285714285714,4,7,4,4,0.43218350410461426,0.7163277268409729,0.35
5989,True,exact,1.0,All are uncut,All are uncut,0.5,1.0,0.3333333333333333,3,9,3,3,0.35002636909484863,0.618685781955719,0.35
5990,True,yes_no,1.0,Yes,Yes,0.3333333333333333,0.5,0.25,4,8,2,2,0.2594190835952759,0.5207337737083435,0.35
5991,True,yes_no,1.0,No,No,0.5,0.75,0.375,4,8,3,3,0.23834681510925293,0.8511932492256165,0.35
5992,True,yes_no,1.0,Yes,Yes,0.5454545454545454,1.0,0.375,3,8,3,3,0.3150844871997833,0.6136379837989807,0.35
5993,False,yes_no,1.0,Yes,No,0.4615384615384615,1.0,0.3,3,10,3,3,0.3045838475227356,0.7586001753807068,0.35
5994,False,exact,1.0,Raised,Flat,0.5714285714285715,1.0,0.4,4,10,4,4,0.33229830861091614,0.7106200456619263,0.35
5995,True,exact,1.0,Raised,Raised,0.5,1.0,0.3333333333333333,3,9,3,3,0.37931978702545166,0.670298159122467,0.35
5996,True,exact,1.0,Dark,Dark,0.5,1.0,0.3333333333333333,3,9,3,3,0.37042462825775146,0.7109901309013367,0.35
5997,False,exact,1.0,Dark,Light,0.5,1.0,0.3333333333333333,3,9,3,3,0.3967052102088928,0.6312872171401978,0.35
5998,True,exact,1.0,Facing the ocean,Facing the ocean,0.3333333333333333,0.6666666666666666,0.2222222222222222,3,9,2,2,0.21890370547771454,0.616408109664917,0.35
5999,False,exact,0.3,Facing the ocean,Turned sideways to the ocean,0.4615384615384615,1.0,0.3,3,10,3,3,0.28692978620529175,0.5530898571014404,0.35
6000,False,numeric_mismatch,0.0,2,1,0.5454545454545454,1.0,0.375,3,8,3,3,0.38147392868995667,0.7112637758255005,0.35
6001,True,numeric_exact,1.0,2,2,0.4444444444444445,1.0,0.2857142857142857,2,7,2,2,0.5015367269515991,0.7763522267341614,0.35
6002,True,exact,1.0,Blue,Blue,0.4615384615384615,1.0,0.3,3,10,3,3,0.43243682384490967,0.6629712581634521,0.35
6003,True,exact,1.0,White,White,0.5454545454545454,1.0,0.375,3,8,3,3,0.4612419605255127,0.7107601165771484,0.35
6004,False,exact,0.3,Leaning against,Holding hands,0.4615384615384615,1.0,0.3,3,10,3,3,0.4401923418045044,0.8480513095855713,0.35
6005,True,exact,1.0,Leaning against,Leaning against,0.4615384615384615,1.0,0.3,3,10,3,3,0.44058868288993835,0.8294962644577026,0.35
6006,True,yes_no,1.0,Yes,Yes,0.4,1.0,0.25,2,8,2,2,0.31098759174346924,0.5694575905799866,0.35
6007,False,yes_no,1.0,Yes,No,0.5,1.0,0.3333333333333333,3,9,3,3,0.4011784791946411,0.6590583920478821,0.35
6008,False,exact,0.3,Both arms,One arm,0.6,1.0,0.42857142857142855,3,7,3,3,0.37593770027160645,0.789173424243927,0.35
6009,True,exact,1.0,Both arms,Both arms,0.3636363636363636,1.0,0.2222222222222222,2,9,2,2,0.4411858916282654,0.705358624458313,0.35
6010,True,exact,1.0,Grass,Grass,0.5,1.0,0.3333333333333333,3,9,3,3,0.3411346971988678,0.7064819931983948,0.35
6011,True,exact,1.0,Gravel path,Gravel path,0.4615384615384615,1.0,0.3,3,10,3,3,0.313694566488266,0.644380509853363,0.35
6012,True,yes_no,1.0,Yes,Yes,0.5454545454545454,1.0,0.375,3,8,3,3,0.5258612632751465,0.8096300363540649,0.35
6013,True,yes_no,1.0,No,No,0.4285714285714285,0.75,0.3,4,10,3,3,0.38874828815460205,0.7631014585494995,0.35
6014,True,exact,1.0,Floor,Floor,0.5,1.0,0.3333333333333333,3,9,3,3,0.3382972776889801,0.7141208052635193,0.35
6015,True,exact,1.0,Soil,Soil,0.42857142857142855,1.0,0.2727272727272727,3,11,3,3,0.3979017734527588,0.7783363461494446,0.35
6016,True,yes_no,1.0,Yes,Yes,0.5454545454545454,1.0,0.375,3,8,3,3,0.4501747190952301,0.7092441916465759,0.35
6017,False,yes_no,1.0,Yes,No,0.5,1.0,0.3333333333333333,3,9,3,3,0.4124855697154999,0.7879102230072021,0.35
6018,True,yes_no,1.0,Yes,Yes,0.6,1.0,0.42857142857142855,3,7,3,3,0.3702477812767029,0.7560350298881531,0.35
6019,True,yes_no,1.0,No,No,0.5454545454545454,1.0,0.375,3,8,3,3,0.3496875464916229,0.8077179789543152,0.35
6020,True,exact,1.0,Quail eggs,Quail eggs,0.6666666666666666,1.0,0.5,4,8,4,4,0.4787210524082184,0.8270816802978516,0.35
6021,True,exact,1.0,Chicken eggs,Chicken eggs,0.6666666666666666,1.0,0.5,4,8,4,4,0.44672802090644836,0.6982623338699341,0.35
6022,True,exact,0.7,Happy Easter!,"""Happy Easter""",0.4,1.0,0.25,2,8,2,2,0.4031452536582947,0.8694159388542175,0.35
6023,True,exact,1.0,Happy Easter!,"""Happy Easter!""",0.4,1.0,0.25,2,8,2,2,0.359774649143219,0.7062720656394958,0.35
6024,True,yes_no,1.0,Yes,Yes,0.4615384615384615,1.0,0.3,3,10,3,3,0.48123103380203247,0.8214318156242371,0.35
6025,False,yes_no,1.0,Yes,No,0.4615384615384615,1.0,0.3,3,10,3,3,0.4411905109882355,0.7334976196289062,0.35
6026,True,yes_no,1.0,Yes,Yes,0.4615384615384615,1.0,0.3,3,10,3,3,0.42501190304756165,0.6880297660827637,0.35
6027,False,yes_no,1.0,Yes,No,0.4444444444444445,1.0,0.2857142857142857,2,7,2,2,0.4158294200897217,0.745601236820221,0.35
6028,True,exact,1.0,Red,Red,0.5454545454545454,1.0,0.375,3,8,3,3,0.5269221663475037,0.7979372143745422,0.35
6029,True,exact,1.0,Yellow,Yellow,0.4,1.0,0.25,2,8,2,2,0.561741828918457,0.8321868181228638,0.35
6030,True,yes_no,1.0,Yes,Yes,0.2,0.5,0.125,2,8,1,1,0.3758206367492676,0.7687139511108398,0.35
6031,True,yes_no,1.0,No,No,0.5,1.0,0.3333333333333333,3,9,3,3,0.47360995411872864,0.8446906805038452,0.35
6032,True,exact,1.0,Palm,Palm,0.4615384615384615,1.0,0.3,3,10,3,3,0.46428197622299194,0.8599728345870972,0.35
6033,True,exact,1.0,Fingers,Fingers,0.33333333333333337,1.0,0.2,2,10,2,2,0.44283026456832886,0.7558350563049316,0.35
6034,True,yes_no,1.0,Yes,Yes,0.4,1.0,0.25,2,8,2,2,0.35964056849479675,0.6648218035697937,0.35
6035,True,yes_no,1.0,No,No,0.6153846153846153,1.0,0.4444444444444444,4,9,4,4,0.40727996826171875,0.8248406052589417,0.35
6036,True,yes_no,1.0,Yes,Yes,0.5454545454545454,1.0,0.375,3,8,3,3,0.4435705840587616,0.7704802751541138,0.35
6037,False,yes_no,1.0,Yes,No,0.5454545454545454,1.0,0.375,3,8,3,3,0.42925524711608887,0.7427534461021423,0.35
6038,False,exact,0.3,Standing up,Flat,0.33333333333333337,1.0,0.2,2,10,2,2,0.37099212408065796,0.5645419955253601,0.35
6039,False,exact,0.3,Flat,Standing up,0.6,1.0,0.42857142857142855,3,7,3,3,0.392869234085083,0.5494163632392883,0.35
6040,True,exact,1.0,Towards,Towards,0.5,1.0,0.3333333333333333,3,9,3,3,0.3632848858833313,0.5890748500823975,0.35
6041,False,exact,0.3,Towards,Away from,0.4,1.0,0.25,3,12,3,3,0.34114083647727966,0.5695399045944214,0.35
6042,False,yes_no,1.0,No,Yes,0.5,1.0,0.3333333333333333,3,9,3,3,0.3539043068885803,0.6857302188873291,0.35
6043,True,yes_no,1.0,No,No,0.5454545454545454,1.0,0.375,3,8,3,3,0.39230337738990784,0.8257616758346558,0.35
6044,True,yes_no,1.0,Yes,Yes,0.5454545454545454,1.0,0.375,3,8,3,3,0.41210874915122986,0.8313929438591003,0.35
6045,True,yes_no,1.0,No,No,0.33333333333333337,1.0,0.2,2,10,2,2,0.42925533652305603,0.7529416680335999,0.35
6046,True,yes_no,1.0,Yes,Yes,0.4615384615384615,1.0,0.3,3,10,3,3,0.4846673309803009,0.7440873384475708,0.35
6047,True,yes_no,1.0,No,No,0.5333333333333333,0.8,0.4,5,10,4,4,0.3696877360343933,0.7662594318389893,0.35
6048,True,yes_no,1.0,Yes,Yes,0.4444444444444445,1.0,0.2857142857142857,2,7,2,2,0.43589600920677185,0.7914562821388245,0.35
6049,False,yes_no,1.0,Yes,No,0.3636363636363636,1.0,0.2222222222222222,2,9,2,2,0.2927084267139435,0.6491440534591675,0.35
6050,False,yes_no,1.0,No,Yes,0.4615384615384615,1.0,0.3,3,10,3,3,0.38060954213142395,0.6331326365470886,0.35
6051,True,yes_no,1.0,No,No,0.6,1.0,0.42857142857142855,3,7,3,3,0.4987621307373047,0.7551286816596985,0.35
6052,False,yes_no,1.0,No,Yes,0.5,1.0,0.3333333333333333,3,9,3,3,0.4733997583389282,0.7975801229476929,0.35
6053,False,yes_no,1.0,Yes,No,0.6666666666666666,1.0,0.5,3,6,3,3,0.44314098358154297,0.9218034744262695,0.35
6054,False,exact,0.3,Light blue,Dark blue,0.6666666666666666,1.0,0.5,3,6,3,3,0.4004538953304291,0.6457263827323914,0.35
6055,True,exact,1.0,Light blue,Light blue,0.5,1.0,0.3333333333333333,3,9,3,3,0.49058768153190613,0.7598631978034973,0.35
6056,True,exact,1.0,Front,Front,0.4615384615384615,1.0,0.3,3,10,3,3,0.22329357266426086,0.45640915632247925,0.35
6057,True,exact,1.0,Back,Back,0.5,1.0,0.3333333333333333,3,9,3,3,0.29580995440483093,0.560827374458313,0.35
6058,True,yes_no,1.0,Yes,Yes,0.5,1.0,0.3333333333333333,3,9,3,3,0.5369561314582825,0.7332413196563721,0.35
6059,False,yes_no,1.0,Yes,No,0.4,1.0,0.25,2,8,2,2,0.43214911222457886,0.7534517645835876,0.35
6060,True,exact,1.0,Side by side,Side by side,0.5454545454545454,1.0,0.375,3,8,3,3,0.5590081810951233,0.7799903750419617,0.35
6061,False,exact,0.3,Side by side,One on top of the other,0.5,1.0,0.3333333333333333,3,9,3,3,0.5274566411972046,0.816799521446228,0.35
6062,False,exact,0.3,From the side,Above,0.3333333333333333,0.6666666666666666,0.2222222222222222,3,9,2,2,0.21606189012527466,0.5984722375869751,0.35
6063,True,exact,1.0,From the side,From the side,0.42857142857142855,1.0,0.2727272727272727,3,11,3,3,0.4106970727443695,0.7762839198112488,0.35
6064,False,exact,1.0,Right,Left,0.5454545454545454,1.0,0.375,3,8,3,3,0.5259246230125427,0.8037115931510925,0.35
6065,False,exact,1.0,Left,Right,0.5454545454545454,1.0,0.375,3,8,3,3,0.388716459274292,0.7649426460266113,0.35
6066,True,exact,1.0,Standing,Standing,0.33333333333333337,1.0,0.2,2,10,2,2,0.2850095331668854,0.6883427500724792,0.35
6067,True,exact,1.0,Sitting,Sitting,0.33333333333333337,1.0,0.2,2,10,2,2,0.40678396821022034,0.6882224678993225,0.35
6068,True,yes_no,1.0,Yes,Yes,0.5454545454545454,1.0,0.375,3,8,3,3,0.5114700794219971,0.8452791571617126,0.35
6069,False,yes_no,1.0,Yes,No,0.4615384615384615,1.0,0.3,3,10,3,3,0.3671532869338989,0.6640552878379822,0.35
6070,True,exact,1.0,Strawberries,Strawberries,0.5,1.0,0.3333333333333333,3,9,3,3,0.5209717750549316,0.7535074949264526,0.35
6071,True,exact,1.0,Cream,Cream,0.5333333333333333,0.8,0.4,5,10,4,4,0.3750857412815094,0.7336010336875916,0.35
6072,True,exact,1.0,Mug,Mug,0.5454545454545454,1.0,0.375,3,8,3,3,0.3652803897857666,0.7504520416259766,0.35
6073,True,exact,1.0,Glass,Glass,0.5,1.0,0.3333333333333333,3,9,3,3,0.28378984332084656,0.6767531633377075,0.35
6074,False,exact,0.3,Snowman,Santa Claus,0.5,1.0,0.3333333333333333,3,9,3,3,0.2751378118991852,0.6465682983398438,0.35
6075,True,exact,1.0,Snowman,Snowman,0.4615384615384615,1.0,0.3,3,10,3,3,0.28248322010040283,0.5178893804550171,0.35
6076,True,yes_no,1.0,Yes,Yes,0.5,1.0,0.3333333333333333,3,9,3,3,0.4445003867149353,0.8230889439582825,0.35
6077,False,yes_no,1.0,Yes,No,0.4615384615384615,1.0,0.3,3,10,3,3,0.5633097290992737,0.745595395565033,0.35
6078,False,exact,0.3,All are outside,There is one inside,0.5454545454545454,1.0,0.375,3,8,3,3,0.436542272567749,0.8367472290992737,0.35
6079,True,exact,1.0,All are outside,All are outside,0.5714285714285715,1.0,0.4,4,10,4,4,0.3905635476112366,0.7655007839202881,0.35
6080,True,exact,1.0,Left,Left,0.5714285714285715,1.0,0.4,4,10,4,4,0.32930079102516174,0.7572599649429321,0.35
6081,True,exact,1.0,Right,Right,0.5,1.0,0.3333333333333333,3,9,3,3,0.41476619243621826,0.8117444515228271,0.35
6082,True,exact,1.0,Black,Black,0.5454545454545454,1.0,0.375,3,8,3,3,0.4795522689819336,0.7485617399215698,0.35
6083,True,exact,1.0,White,White,0.6666666666666666,1.0,0.5,4,8,4,4,0.41677188873291016,0.7945326566696167,0.35
6084,True,exact,1.0,Slice,Slice,0.5714285714285715,1.0,0.4,4,10,4,4,0.40450334548950195,0.6426476836204529,0.35
6085,True,exact,1.0,Whole,Whole,0.5,1.0,0.3333333333333333,3,9,3,3,0.29707902669906616,0.5709068775177002,0.35
6086,True,exact,1.0,Tied,Tied,0.33333333333333337,1.0,0.2,2,10,2,2,0.5357280373573303,0.7175124883651733,0.35
6087,True,exact,1.0,Untied,Untied,0.5,1.0,0.3333333333333333,3,9,3,3,0.3355223834514618,0.576459527015686,0.35
6088,True,exact,1.0,Facing forward,Facing forward,0.3333333333333333,0.6666666666666666,0.2222222222222222,3,9,2,2,0.28093287348747253,0.5837668776512146,0.35
6089,False,exact,0.3,Facing forward,In profile,0.6666666666666666,1.0,0.5,4,8,4,4,0.44067561626434326,0.7291250228881836,0.35
6090,True,exact,1.0,Empty,Empty,0.3636363636363636,1.0,0.2222222222222222,2,9,2,2,0.38602906465530396,0.6788020133972168,0.35
6091,False,exact,0.3,Empty,A painting hanging on it,0.3636363636363636,1.0,0.2222222222222222,2,9,2,2,0.3286780118942261,0.6173661947250366,0.35
6092,True,exact,1.0,Shirt,Shirt,0.5,1.0,0.3333333333333333,3,9,3,3,0.35297176241874695,0.6443300247192383,0.35
6093,True,exact,1.0,T-shirt,T-shirt,0.3333333333333333,0.6666666666666666,0.2222222222222222,3,9,2,2,0.2643827795982361,0.526451587677002,0.35
6094,True,exact,1.0,Pumpkin Lights,Pumpkin Lights,0.33333333333333337,1.0,0.2,2,10,2,2,0.4916437268257141,0.8266492486000061,0.35
6095,True,exact,1.0,Bats,Bats,0.3333333333333333,0.6666666666666666,0.2222222222222222,3,9,2,2,0.28807777166366577,0.6504872441291809,0.35
6096,True,exact,0.7,More than one,One,0.4615384615384615,1.0,0.3,3,10,3,3,0.34519535303115845,0.5857231020927429,0.35
6097,True,exact,1.0,More than one,More than one,0.33333333333333337,1.0,0.2,2,10,2,2,0.35776692628860474,0.692918062210083,0.35
6098,True,exact,1.0,SUGAR,SUGAR,0.4,1.0,0.25,2,8,2,2,0.40528106689453125,0.8207640051841736,0.35
6099,True,exact,1.0,UGA,UGA,0.4,1.0,0.25,2,8,2,2,0.32918277382850647,0.5652140974998474,0.35
6100,False,exact,1.0,Sitting,Standing,0.4615384615384615,1.0,0.3,3,10,3,3,0.28266432881355286,0.5219579339027405,0.35
6101,False,exact,1.0,Standing,Sitting,0.5,1.0,0.3333333333333333,3,9,3,3,0.26726990938186646,0.6911442875862122,0.35
6102,True,yes_no,1.0,Yes,Yes,0.4,1.0,0.25,2,8,2,2,0.4510379433631897,0.6909098029136658,0.35
6103,True,yes_no,1.0,No,No,0.5454545454545454,1.0,0.375,3,8,3,3,0.4561220705509186,0.7903894186019897,0.35
6104,True,exact,1.0,Salmon fillet,Salmon fillet,0.30769230769230765,0.6666666666666666,0.2,3,10,2,2,0.26544272899627686,0.5586436986923218,0.35
6105,False,exact,0.3,Salmon fillet,Salmon steak,0.36363636363636365,0.6666666666666666,0.25,3,8,2,2,0.24934612214565277,0.49963515996932983,0.35
6106,True,yes_no,1.0,Yes,Yes,0.4,1.0,0.25,2,8,2,2,0.5382894277572632,0.8180114030838013,0.35
6107,False,yes_no,1.0,Yes,No,0.5,1.0,0.3333333333333333,3,9,3,3,0.4516793489456177,0.8623813986778259,0.35
6108,True,exact,1.0,Placed on a surface,Placed on a surface,0.5,1.0,0.3333333333333333,3,9,3,3,0.375540554523468,0.6991164684295654,0.35
6109,True,exact,1.0,Held by hand,Held by hand,0.6,1.0,0.42857142857142855,3,7,3,3,0.4208434820175171,0.6989130973815918,0.35
6110,True,exact,1.0,Correct,Correct,0.6,0.75,0.5,4,6,3,3,0.4702194631099701,0.863105297088623,0.35
6111,False,exact,1.0,Correct,Incorrect,0.5,1.0,0.3333333333333333,3,9,3,3,0.6014931201934814,0.8175703287124634,0.35
6112,False,yes_no,1.0,No,Yes,0.6666666666666666,1.0,0.5,3,6,3,3,0.37128588557243347,0.5882543325424194,0.35
6113,False,yes_no,1.0,Yes,No,0.5454545454545454,1.0,0.375,3,8,3,3,0.3556215465068817,0.6570633053779602,0.35
6114,True,exact,1.0,Left,Left,0.5,1.0,0.3333333333333333,3,9,3,3,0.34979355335235596,0.6027570366859436,0.35
6115,True,exact,1.0,Right,Right,0.5,1.0,0.3333333333333333,3,9,3,3,0.33970391750335693,0.7188999652862549,0.35
6116,False,exact,1.0,Dark-colored,White,0.5454545454545454,1.0,0.375,3,8,3,3,0.47198498249053955,0.7694713473320007,0.35
6117,True,exact,1.0,Dark-colored,Dark-colored,0.3636363636363636,1.0,0.2222222222222222,2,9,2,2,0.5856403708457947,0.7829522490501404,0.35
6118,True,yes_no,1.0,Yes,Yes,0.4615384615384615,1.0,0.3,3,10,3,3,0.46612080931663513,0.8651485443115234,0.35
6119,True,yes_no,1.0,No,No,0.5454545454545454,1.0,0.375,3,8,3,3,0.3796432912349701,0.7916994690895081,0.35
6120,False,exact,0.3,Most of the background is dark and cloudy,Light shining through the clouds from the upper right corner,0.4615384615384615,1.0,0.3,3,10,3,3,0.4459228217601776,0.6939618587493896,0.35
6121,True,exact,1.0,Most of the background is dark and cloudy,Most of the background is dark and cloudy,0.33333333333333337,1.0,0.2,2,10,2,2,0.37992268800735474,0.7386583685874939,0.35
6122,False,numeric_mismatch,0.0,0.2%,-0.2622392273615901,0.5333333333333333,1.0,0.36363636363636365,4,11,4,4,0.33348071575164795,0.780906081199646,0.35
6123,True,yes_no,1.0,No,No,0.4,1.0,0.25,2,8,2,2,0.42915937304496765,0.7962715029716492,0.35
6124,True,yes_no,1.0,No,No,0.4615384615384615,1.0,0.3,3,10,3,3,0.4778590798377991,0.8238385319709778,0.35
6125,True,exact,0.7,At the bottom right corner of the graph.,bottom right,0.33333333333333337,1.0,0.2,2,10,2,2,0.3455861210823059,0.6929102540016174,0.35
6126,True,yes_no,1.0,No,No,0.5,1.0,0.3333333333333333,3,9,3,3,0.3396091163158417,0.6937808990478516,0.35
6127,True,yes_no,1.0,Yes,Yes,0.5,1.0,0.3333333333333333,2,6,2,2,0.33031728863716125,0.6526529788970947,0.35
6128,True,exact,0.7,Bottom right corner,bottom right,0.16666666666666669,0.5,0.1,2,10,1,1,0.33894819021224976,0.6805742383003235,0.35
6129,True,exact,1.0,Imports,Imports,0.42857142857142855,1.0,0.2727272727272727,3,11,3,3,0.380706250667572,0.7977803945541382,0.35
6130,True,numeric_rounded,0.9,10,10.592514038086009,0.5882352941176471,1.0,0.4166666666666667,5,12,5,5,0.30280742049217224,0.8408967852592468,0.35
6131,True,yes_no,1.0,No,No,0.7142857142857143,1.0,0.5555555555555556,5,9,5,5,0.2794756293296814,0.7245890498161316,0.35
6132,False,exact,1.0,Four,4,0.5,1.0,0.3333333333333333,2,6,2,2,0.3654595911502838,0.5160198211669922,0.35
6133,False,exact,1.0,Three,3,0.4,0.6666666666666666,0.2857142857142857,3,7,2,2,0.3133254051208496,0.7087827324867249,0.35
6134,True,exact,1.0,Year,Year,0.28571428571428575,0.5,0.2,2,5,1,1,0.2084214985370636,0.5438895225524902,0.35
6135,True,yes_no,1.0,No,No,0.5,1.0,0.3333333333333333,3,9,3,3,0.36043164134025574,0.6567600965499878,0.35
6136,True,numeric_exact,1.0,2007,2007,0.5333333333333333,1.0,0.36363636363636365,4,11,4,4,0.42908450961112976,0.7621326446533203,0.35
6137,False,numeric_mismatch,0.0,$3600000,35600000,0.27272727272727276,0.75,0.16666666666666666,4,18,3,3,0.2919052541255951,0.733999490737915,0.35
6138,True,exact,1.0,% of female youth population,% of female youth population,0.7499999999999999,1.0,0.6,3,5,3,3,0.5218803882598877,0.6737788319587708,0.35
6139,False,exact,1.0,vertically,vertical,0.2666666666666667,1.0,0.15384615384615385,2,13,2,2,0.32796886563301086,0.8439720869064331,0.35
6140,True,numeric_exact,1.0,0%,0,0.6,1.0,0.42857142857142855,3,7,3,3,0.3202781677246094,0.6663202047348022,0.35
6141,True,yes_no,1.0,No,No,0.5454545454545454,1.0,0.375,3,8,3,3,0.2788616120815277,0.7877376675605774,0.35
6142,True,yes_no,1.0,No,No,0.3636363636363636,1.0,0.2222222222222222,2,9,2,2,0.38207557797431946,0.7521741986274719,0.35
6143,True,exact,1.0,Nicaragua,Nicaragua,0.5,0.75,0.375,4,8,3,3,0.27545809745788574,0.5502859354019165,0.35
6144,True,exact,1.0,Total Vulnerable employment (% of total employment),Total Vulnerable employment (% of total employment),0.5714285714285715,1.0,0.4,2,5,2,2,0.45845064520835876,0.6081510186195374,0.35
6145,True,yes_no,1.0,No,No,0.5454545454545454,0.6,0.5,5,6,3,3,0.39930495619773865,0.857218325138092,0.35
6146,True,numeric_exact,1.0,20,20.0,0.4,1.0,0.25,2,8,2,2,0.41596853733062744,0.7172779440879822,0.35
6147,True,numeric_rounded,0.95,1.02,1.0142276575626943,0.42857142857142855,1.0,0.2727272727272727,3,11,3,3,0.33655276894569397,0.840304970741272,0.35
6148,True,exact,1.0,Argentina,Argentina,0.5454545454545454,1.0,0.375,6,16,6,6,0.32873401045799255,0.6845346093177795,0.35
6149,True,exact,1.0,Electricity production(% of total),Electricity production(% of total),0.4444444444444444,0.6666666666666666,0.3333333333333333,3,6,2,2,0.4337189197540283,0.7515640258789062,0.35
6150,True,numeric_exact,1.0,5,5.0,0.4444444444444445,1.0,0.2857142857142857,2,7,2,2,0.44671759009361267,0.7549192905426025,0.35
6151,True,exact,1.0,Long-term female unemployment in Finland,Long-term female unemployment in Finland,0.5,1.0,0.3333333333333333,2,6,2,2,0.3296918272972107,0.8662967681884766,0.35
6152,False,exact,1.0,Four,4,0.6666666666666666,1.0,0.5,3,6,3,3,0.2710169851779938,0.5673340559005737,0.35
6153,True,yes_no,1.0,Yes,Yes,0.47619047619047616,1.0,0.3125,5,16,5,5,0.4521147608757019,0.8124957084655762,0.35
6154,False,numeric_mismatch,0.0,15,-8,0.64,0.7272727272727273,0.5714285714285714,11,14,8,8,0.3119073808193207,0.8204507231712341,0.35
6155,True,numeric_exact,1.0,5,5,0.5454545454545454,1.0,0.375,3,8,3,3,0.3825516700744629,0.7232252359390259,0.35
6156,True,exact,0.7,At the bottom right corner.,bottom right,0.25,0.5,0.16666666666666666,2,6,1,1,0.37748536467552185,0.5542274117469788,0.35
6157,False,exact,1.0,Four,4,0.6,1.0,0.42857142857142855,3,7,3,3,0.29457539319992065,0.5898703336715698,0.35
6158,True,yes_no,1.0,No,No,0.5,1.0,0.3333333333333333,4,12,4,4,0.3400355875492096,0.819059431552887,0.35
6159,True,yes_no,1.0,No,No,0.4,1.0,0.25,2,8,2,2,0.32890960574150085,0.7108655571937561,0.35
6160,False,exact,1.0,Three,3,0.3636363636363636,1.0,0.2222222222222222,2,9,2,2,0.25495898723602295,0.521154522895813,0.35
6161,True,yes_no,1.0,No,No,0.4444444444444445,1.0,0.2857142857142857,2,7,2,2,0.41754963994026184,0.7791488766670227,0.35
6162,True,numeric_exact,1.0,20,20.0,0.4444444444444445,1.0,0.2857142857142857,2,7,2,2,0.5099199414253235,0.7172820568084717,0.35
6163,True,numeric_exact,1.0,6,6,0.6,1.0,0.42857142857142855,3,7,3,3,0.46441027522087097,0.9021059274673462,0.35
6164,True,yes_no,1.0,No,No,0.5,1.0,0.3333333333333333,3,9,3,3,0.30510497093200684,0.904585599899292,0.35
6165,True,numeric_rounded,0.95,-0.69,-0.697559978370667,0.5714285714285715,1.0,0.4,4,10,4,4,0.2964116632938385,0.6449226140975952,0.35
6166,True,exact,1.0,Revenue generated (as % of GDP),Revenue generated (as % of GDP),0.5714285714285715,1.0,0.4,2,5,2,2,0.47953128814697266,0.5949093103408813,0.35
6167,True,exact,1.0,Percentage of repeaters (males) in all grades of primary education,Percentage of repeaters (males) in all grades of primary education,0.25,0.5,0.16666666666666666,2,6,1,1,0.307432621717453,0.7289947271347046,0.35
6168,True,numeric_rounded,0.9,64000,64275.176,0.7142857142857143,1.0,0.5555555555555556,5,9,5,5,0.37255850434303284,0.8413809537887573,0.35
6169,True,yes_no,1.0,No,No,0.4615384615384615,1.0,0.3,3,10,3,3,0.3716832101345062,0.6591395735740662,0.35
6170,False,exact,1.0,Three,6,0.5,1.0,0.3333333333333333,3,9,3,3,0.4124712347984314,0.7941799163818359,0.35
6171,True,exact,1.0,Value added (% of GDP),Value added (% of GDP),0.4444444444444445,1.0,0.2857142857142857,2,7,2,2,0.4246174395084381,0.6534908413887024,0.35
6172,True,exact,1.0,Total Labor Force (in %),Total Labor Force (in %),0.5,1.0,0.3333333333333333,2,6,2,2,0.39573052525520325,0.5143285989761353,0.35
6173,False,exact,1.0,Two,2,0.5714285714285715,1.0,0.4,4,10,4,4,0.5144688487052917,0.8657386898994446,0.35
6174,False,exact,1.0,Four,4,0.5,1.0,0.3333333333333333,2,6,2,2,0.2931085526943207,0.6313386559486389,0.35
6175,True,exact,1.0,Liability (%) of GDP,Liability (% of GDP),0.4444444444444445,1.0,0.2857142857142857,2,7,2,2,0.3848589062690735,0.5890054106712341,0.35
6176,True,yes_no,1.0,Yes,Yes,0.5,1.0,0.3333333333333333,5,15,5,5,0.32491400837898254,0.696465790271759,0.35
6177,True,yes_no,1.0,No,No,0.47058823529411764,0.8,0.3333333333333333,5,12,4,4,0.440106600522995,0.8511778116226196,0.35
6178,True,numeric_exact,1.0,0,0,0.4,1.0,0.25,3,12,3,3,0.3646737337112427,0.7280202507972717,0.35
6179,True,yes_no,1.0,No,No,0.5,1.0,0.3333333333333333,3,9,3,3,0.39266014099121094,0.9418100118637085,0.35
6180,True,numeric_exact,1.0,Emissions (in thousand metric tons of CO2 equivalent),Emissions (in thousand metric tons of CO2 equivalent),0.4444444444444445,1.0,0.2857142857142857,2,7,2,2,0.5231665968894958,0.8142139315605164,0.35
6181,True,numeric_rounded,0.9,500,501,0.4285714285714285,0.75,0.3,4,10,3,3,0.31334349513053894,0.8885862231254578,0.35
6182,True,numeric_exact,1.0,2.5,2.5,0.5454545454545454,1.0,0.375,3,8,3,3,0.36079859733581543,0.7072457671165466,0.35
6183,True,yes_no,1.0,Yes,Yes,0.4444444444444445,1.0,0.2857142857142857,2,7,2,2,0.5425426363945007,0.7416676878929138,0.35
6184,True,numeric_exact,1.0,3,3,0.5714285714285715,1.0,0.4,2,5,2,2,0.2673083543777466,0.6717748641967773,0.35
6185,True,numeric_exact,1.0,1,1.0,0.42857142857142855,1.0,0.2727272727272727,3,11,3,3,0.3033059239387512,0.8249156475067139,0.35
6186,True,yes_no,1.0,Yes,Yes,0.5714285714285715,1.0,0.4,6,15,6,6,0.3764238953590393,0.787298321723938,0.35
6187,True,numeric_exact,1.0,4,4,0.7499999999999999,1.0,0.6,3,5,3,3,0.4185403287410736,0.6931694149971008,0.35
6188,False,numeric_mismatch,0.0,3000,2336.75,0.5454545454545454,1.0,0.375,3,8,3,3,0.4838450849056244,0.7839057445526123,0.35
6189,False,yes_no,1.0,Yes,No,0.5,0.75,0.375,4,8,3,3,0.32491588592529297,0.6941493153572083,0.35
6190,True,exact,1.0,Percentage of male labor force with tertiary education as their highest grade,Percentage of male labor force with tertiary education as their highest grade,0.5,1.0,0.3333333333333333,2,6,2,2,0.27320927381515503,0.7793285846710205,0.35
6191,False,numeric_mismatch,0.0,59.5,-59.99866249281175,0.39999999999999997,0.75,0.2727272727272727,4,11,3,3,0.32915204763412476,0.8145920038223267,0.35
6192,False,exact,1.0,Five,15,0.5454545454545454,0.75,0.42857142857142855,4,7,3,3,0.2664622664451599,0.7863799333572388,0.35
6193,True,numeric_exact,1.0,3,3,0.6666666666666666,1.0,0.5,4,8,4,4,0.37195539474487305,0.6966129541397095,0.35
6194,True,yes_no,1.0,Yes,Yes,0.5714285714285715,1.0,0.4,4,10,4,4,0.3770884871482849,0.8376564383506775,0.35
6195,False,numeric_mismatch,0.0,2,3,0.6666666666666666,1.0,0.5,6,12,6,6,0.30471810698509216,0.7668343782424927,0.35
6196,True,numeric_rounded,0.95,5.9,5.88799,0.6,1.0,0.42857142857142855,3,7,3,3,0.4234185814857483,0.8605648875236511,0.35
6197,True,exact,1.0,Net Official DA received by a country,Net Official DA received by a country,0.5,1.0,0.3333333333333333,2,6,2,2,0.39050528407096863,0.7554457187652588,0.35
6198,True,numeric_rounded,0.95,0,0.20000000000000284,0.6666666666666666,1.0,0.5,4,8,4,4,0.30138099193573,0.6634081602096558,0.35
6199,True,yes_no,1.0,No,No,0.42857142857142855,1.0,0.2727272727272727,3,11,3,3,0.34233397245407104,0.6491988897323608,0.35
6200,True,exact,1.0,Macao,Macao,0.625,1.0,0.45454545454545453,5,11,5,5,0.3316713273525238,0.8880170583724976,0.35
6201,True,numeric_rounded,0.9,1.6,1.654,0.42857142857142855,1.0,0.2727272727272727,3,11,3,3,0.3753225803375244,0.9451964497566223,0.35
6202,True,yes_no,1.0,No,No,0.5,1.0,0.3333333333333333,5,15,5,5,0.3779762387275696,0.7200685143470764,0.35
6203,True,exact,1.0,Insurance provided to residents by nonresident insurance enterprises outside Belgium,Insurance provided to residents by nonresident insurance enterprises outside Belgium,0.25,0.5,0.16666666666666666,2,6,1,1,0.28900277614593506,0.5896440148353577,0.35
6204,True,yes_no,1.0,No,No,0.33333333333333337,1.0,0.2,3,15,3,3,0.30000680685043335,0.7453323602676392,0.35
6205,True,yes_no,1.0,No,No,0.5454545454545454,1.0,0.375,3,8,3,3,0.39284732937812805,0.6813677549362183,0.35
6206,True,yes_no,1.0,No,No,0.3636363636363636,1.0,0.2222222222222222,2,9,2,2,0.35079002380371094,0.7007110118865967,0.35
6207,True,exact,1.0,St. Vincent and the Grenadines,St. Vincent and the Grenadines,0.4615384615384615,1.0,0.3,3,10,3,3,0.3094247579574585,0.8708112835884094,0.35
6208,True,numeric_exact,1.0,4,4,0.6,1.0,0.42857142857142855,3,7,3,3,0.4580105245113373,0.7722128033638,0.35
6209,False,yes_no,1.0,No,Yes,0.6,0.75,0.5,4,6,3,3,0.3827270567417145,0.7696790099143982,0.35
6210,False,yes_no,1.0,Yes,No,0.3809523809523809,0.6666666666666666,0.26666666666666666,6,15,4,4,0.253080278635025,0.9064207077026367,0.35
6211,False,exact,1.0,Four,4,0.6,1.0,0.42857142857142855,3,7,3,3,0.3146098852157593,0.6780929565429688,0.35
6212,True,yes_no,1.0,No,No,0.4615384615384615,1.0,0.3,3,10,3,3,0.43816712498664856,0.8561464548110962,0.35
6213,True,yes_no,1.0,Yes,Yes,0.4,0.6666666666666666,0.2857142857142857,3,7,2,2,0.4174446761608124,0.7983604669570923,0.35
6214,True,exact,1.0,Japan,Japan,0.7142857142857143,1.0,0.5555555555555556,5,9,5,5,0.3027918338775635,0.7115459442138672,0.35
6215,False,numeric_mismatch,0.0,1000000,9210000.0,0.42857142857142855,0.6,0.3333333333333333,5,9,3,3,0.25218164920806885,0.6784746646881104,0.35
6216,True,numeric_exact,1.0,20,20.0,0.4,1.0,0.25,2,8,2,2,0.46210354566574097,0.7172302603721619,0.35
6217,False,exact,1.0,Five,5,0.6,1.0,0.42857142857142855,3,7,3,3,0.3961450159549713,0.7252187132835388,0.35
6218,True,numeric_rounded,0.95,0.94,0.9840241663763087,0.625,1.0,0.45454545454545453,5,11,5,5,0.2823578417301178,0.6419816613197327,0.35
6219,True,exact,1.0,Portugal,Portugal,0.5714285714285714,0.8,0.4444444444444444,5,9,4,4,0.29180702567100525,0.8053094148635864,0.35
6220,True,numeric_rounded,0.9,3160,3168.288,0.6666666666666666,1.0,0.5,4,8,4,4,0.3811512887477875,0.7114331126213074,0.35
6221,True,yes_no,1.0,No,No,0.2,0.3333333333333333,0.14285714285714285,3,7,1,1,0.155747190117836,0.41779831051826477,0.35
6222,True,yes_no,1.0,No,No,0.3333333333333333,0.5,0.25,6,12,3,3,0.20175398886203766,0.6747358441352844,0.35
6223,True,numeric_rounded,0.9,180,186.4,0.4285714285714285,0.75,0.3,4,10,3,3,0.28848791122436523,0.6344598531723022,0.35
6224,False,exact,1.0,Four,4,0.5714285714285715,1.0,0.4,2,5,2,2,0.39631861448287964,0.8399333953857422,0.35
6225,False,numeric_mismatch,0.0,0,3,0.7272727272727273,1.0,0.5714285714285714,4,7,4,4,0.3618265986442566,0.7936744689941406,0.35
6226,True,exact,1.0,Year,Year,0.4444444444444445,1.0,0.2857142857142857,2,7,2,2,0.40602177381515503,0.6073911786079407,0.35
6227,False,yes_no,1.0,No,Yes,0.36363636363636365,0.5,0.2857142857142857,4,7,2,2,0.3006085753440857,0.8784254193305969,0.35
6228,True,exact,0.7,At the bottom right corner,bottom right,0.4444444444444445,1.0,0.2857142857142857,2,7,2,2,0.42380571365356445,0.7817152738571167,0.35
6229,False,exact,1.0,vertically,horizontal,0.5,1.0,0.3333333333333333,2,6,2,2,0.49144408106803894,0.9318015575408936,0.35
6230,True,yes_no,1.0,Yes,Yes,0.6666666666666666,1.0,0.5,3,6,3,3,0.576749324798584,0.8499904274940491,0.35
6231,True,yes_no,1.0,Yes,Yes,0.4,0.6666666666666666,0.2857142857142857,3,7,2,2,0.3784189224243164,0.6786683797836304,0.35
6232,True,numeric_exact,1.0,3,3,0.6,1.0,0.42857142857142855,3,7,3,3,0.3571842610836029,0.7796630859375,0.35
6233,False,numeric_mismatch,0.0,3,4,0.4,1.0,0.25,3,12,3,3,0.3595636785030365,0.7436671853065491,0.35
6234,True,numeric_rounded,0.9,38,37.899998664856,0.4,0.6666666666666666,0.2857142857142857,3,7,2,2,0.3059402108192444,0.8831051588058472,0.35
6235,True,yes_no,1.0,No,No,0.36363636363636365,0.6666666666666666,0.25,3,8,2,2,0.37368884682655334,0.7031950950622559,0.35
6236,True,yes_no,1.0,Yes,Yes,0.6666666666666666,1.0,0.5,4,8,4,4,0.34927985072135925,0.7711699604988098,0.35
6237,True,exact,1.0,Value added (in %),Value added (in %),0.6,1.0,0.42857142857142855,3,7,3,3,0.47773176431655884,0.706172525882721,0.35
6238,True,yes_no,1.0,Yes,Yes,0.625,1.0,0.45454545454545453,5,11,5,5,0.32853981852531433,0.7076144814491272,0.35
6239,False,numeric_mismatch,0.0,1000000,21130000.0,0.6,1.0,0.42857142857142855,3,7,3,3,0.32050642371177673,0.8170104026794434,0.35
6240,True,numeric_exact,1.0,0,0,0.4,1.0,0.25,3,12,3,3,0.2841901481151581,0.5403978824615479,0.35
6241,True,yes_no,1.0,Yes,Yes,0.5454545454545454,1.0,0.375,3,8,3,3,0.34119364619255066,0.8655120730400085,0.35
6242,True,yes_no,1.0,Yes,Yes,0.7692307692307692,0.8333333333333334,0.7142857142857143,6,7,5,5,0.32723644375801086,0.7159455418586731,0.35
6243,True,yes_no,1.0,No,No,0.4,1.0,0.25,3,12,3,3,0.3228922188282013,0.7186914682388306,0.35
6244,True,exact,1.0,Country,Country,0.4444444444444445,1.0,0.2857142857142857,2,7,2,2,0.4135805070400238,0.6066651344299316,0.35
6245,True,numeric_rounded,0.85,135,157.20000000000002,0.4615384615384615,1.0,0.3,3,10,3,3,0.498840868473053,0.7437924146652222,0.35
6246,True,yes_no,1.0,No,No,0.5454545454545454,1.0,0.375,3,8,3,3,0.48127809166908264,0.9343824982643127,0.35
6247,True,numeric_rounded,0.95,1.08,1.1057547091850328,0.26666666666666666,0.6666666666666666,0.16666666666666666,3,12,2,2,0.2710620164871216,0.6904036998748779,0.35
6248,True,numeric_exact,1.0,4,4,0.5454545454545454,1.0,0.375,3,8,3,3,0.3200768530368805,0.5620304942131042,0.35
6249,True,yes_no,1.0,Yes,Yes,0.4,1.0,0.25,2,8,2,2,0.43840813636779785,0.6836754679679871,0.35
6250,True,numeric_exact,1.0,100%,100,0.5,0.75,0.375,4,8,3,3,0.2753158509731293,0.7868446111679077,0.35
6251,False,numeric_mismatch,0.0,30,21.871731487926127,0.30769230769230765,0.6666666666666666,0.2,3,10,2,2,0.19072584807872772,0.6037498712539673,0.35
6252,True,numeric_exact,1.0,1960,1960,0.5454545454545454,1.0,0.375,3,8,3,3,0.3988116979598999,0.6896120309829712,0.35
6253,True,numeric_exact,1.0,0,0,0.47058823529411764,1.0,0.3076923076923077,4,13,4,4,0.2650045156478882,0.7837021350860596,0.35
6254,True,exact,0.7,The legend appears at the top right corner.,top right,0.22222222222222224,0.5,0.14285714285714285,2,7,1,1,0.3933548927307129,0.730940043926239,0.35
6255,True,yes_no,1.0,Yes,Yes,0.4615384615384615,1.0,0.3,3,10,3,3,0.3684138059616089,0.7912493944168091,0.35
6256,True,yes_no,1.0,No,No,0.5454545454545454,1.0,0.375,3,8,3,3,0.38970842957496643,0.868506908416748,0.35
6257,True,yes_no,1.0,No,No,0.4444444444444445,1.0,0.2857142857142857,2,7,2,2,0.41155433654785156,0.6902217864990234,0.35
6258,True,numeric_exact,1.0,2015,2015,0.5333333333333333,1.0,0.36363636363636365,4,11,4,4,0.41567355394363403,0.8716442584991455,0.35
6259,True,numeric_exact,1.0,20,20.0,0.4444444444444444,0.6666666666666666,0.3333333333333333,3,6,2,2,0.36157724261283875,0.8314077258110046,0.35
6260,False,numeric_mismatch,0.0,19,15.3187999725342,0.5454545454545454,1.0,0.375,3,8,3,3,0.33337345719337463,0.9107648134231567,0.35
6261,False,exact,1.0,vertically,horizontal,0.4,1.0,0.25,2,8,2,2,0.3952995538711548,0.7903428077697754,0.35
6262,True,numeric_rounded,0.95,1.28,1.293,0.6666666666666666,1.0,0.5,5,10,5,5,0.3608470857143402,0.8261240124702454,0.35
6263,True,yes_no,1.0,No,No,0.5454545454545454,0.6,0.5,5,6,3,3,0.398960679769516,0.7957647442817688,0.35
6264,True,numeric_rounded,0.9,2004,2001,0.7142857142857143,1.0,0.5555555555555556,5,9,5,5,0.38266363739967346,0.6399456262588501,0.35
6265,True,yes_no,1.0,No,No,0.6,1.0,0.42857142857142855,3,7,3,3,0.3503953516483307,0.7522841095924377,0.35
6266,True,numeric_rounded,0.9,430,430.701,0.4615384615384615,1.0,0.3,3,10,3,3,0.41413307189941406,0.7994499206542969,0.35
6267,True,numeric_rounded,0.9,1962,1961,0.4285714285714285,0.75,0.3,4,10,3,3,0.3254338204860687,0.7669676542282104,0.35
6268,True,yes_no,1.0,Yes,Yes,0.7142857142857143,1.0,0.5555555555555556,5,9,5,5,0.3649718463420868,0.738359272480011,0.35
6269,False,exact,1.0,Four,4,0.4,1.0,0.25,2,8,2,2,0.35245949029922485,0.734818696975708,0.35
6270,False,exact,0.3,Top right corner,center right,0.4444444444444445,1.0,0.2857142857142857,2,7,2,2,0.4135858714580536,0.7875105142593384,0.35
6271,True,numeric_exact,1.0,5000000000,5000000000.0,0.4,1.0,0.25,2,8,2,2,0.42071667313575745,0.6802347302436829,0.35
6272,True,exact,0.7,At the bottom right corner.,bottom right,0.2,0.5,0.125,2,8,1,1,0.3548147678375244,0.5933963060379028,0.35
6273,True,numeric_exact,1.0,3,3,0.5,1.0,0.3333333333333333,3,9,3,3,0.42433562874794006,0.8374733328819275,0.35
6274,True,numeric_rounded,0.9,76.6%,75.425,0.5,1.0,0.3333333333333333,5,15,5,5,0.3552354574203491,0.6937814354896545,0.35
6275,True,yes_no,1.0,Yes,Yes,0.375,1.0,0.23076923076923078,6,26,6,6,0.4675905406475067,0.8199582695960999,0.35
6276,True,yes_no,1.0,Yes,Yes,0.4615384615384615,1.0,0.3,3,10,3,3,0.3587438762187958,0.7592396140098572,0.35
6277,True,yes_no,1.0,No,No,0.47058823529411764,1.0,0.3076923076923077,4,13,4,4,0.3183201551437378,0.660113513469696,0.35
6278,True,yes_no,1.0,Yes,Yes,0.625,1.0,0.45454545454545453,5,11,5,5,0.3919725716114044,0.9600423574447632,0.35
6279,True,yes_no,1.0,No,No,0.6666666666666666,1.0,0.5,4,8,4,4,0.38604432344436646,0.6523364186286926,0.35
6280,True,numeric_rounded,0.9,69,69.12,0.7142857142857143,1.0,0.5555555555555556,5,9,5,5,0.32491618394851685,0.701256513595581,0.35
6281,True,exact,1.0,Ecuador,Ecuador,0.5454545454545454,1.0,0.375,3,8,3,3,0.36359524726867676,0.7290725111961365,0.35
6282,True,numeric_rounded,0.85,22.3,19.907421304194564,0.42857142857142855,1.0,0.2727272727272727,3,11,3,3,0.32399365305900574,0.7916109561920166,0.35
6283,True,numeric_exact,1.0,3,3,0.6666666666666666,1.0,0.5,2,4,2,2,0.31085988879203796,0.5217416286468506,0.35
6284,True,exact,0.7,Bottom right corner,bottom right,0.4444444444444445,1.0,0.2857142857142857,2,7,2,2,0.31847816705703735,0.5755159854888916,0.35
6285,True,exact,1.0,Attending school,Attending school,0.18181818181818182,0.3333333333333333,0.125,3,8,1,1,0.30946505069732666,0.617547333240509,0.35
6286,False,yes_no,1.0,Yes,No,0.625,1.0,0.45454545454545453,5,11,5,5,0.37255460023880005,0.7948520183563232,0.35
6287,True,yes_no,1.0,Yes,Yes,0.7692307692307693,1.0,0.625,5,8,5,5,0.32146888971328735,0.6828426718711853,0.35
6288,False,numeric_mismatch,0.0,3697800000,6162507000.0,0.4615384615384615,1.0,0.3,3,10,3,3,0.31559687852859497,0.7328211665153503,0.35
6289,True,numeric_rounded,0.95,0.81,0.8298102216644502,0.42857142857142855,1.0,0.2727272727272727,3,11,3,3,0.36095789074897766,0.7757605910301208,0.35
6290,True,yes_no,1.0,Yes,Yes,0.7777777777777778,1.0,0.6363636363636364,7,11,7,7,0.30344298481941223,0.829043447971344,0.35
6291,False,numeric_mismatch,0.0,30,37,0.5454545454545454,1.0,0.375,3,8,3,3,0.42315229773521423,0.770500659942627,0.35
6292,True,numeric_rounded,0.9,0.8%,0.8849951499301318,0.5454545454545454,1.0,0.375,3,8,3,3,0.3558907210826874,0.8236098289489746,0.35
6293,True,exact,1.0,Claims on central government,Claims on central government,0.28571428571428575,0.5,0.2,2,5,1,1,0.26838767528533936,0.5006830096244812,0.35
6294,True,yes_no,1.0,No,No,0.4615384615384615,1.0,0.3,3,10,3,3,0.3855035603046417,0.867259681224823,0.35
6295,True,numeric_exact,1.0,1,1,0.47058823529411764,0.8,0.3333333333333333,5,12,4,4,0.32953545451164246,0.8306387066841125,0.35
6296,False,numeric_mismatch,0.0,6000,87044.0,0.6153846153846153,1.0,0.4444444444444444,4,9,4,4,0.38021373748779297,0.8292466402053833,0.35
6297,True,numeric_exact,1.0,0,0,0.4,0.6666666666666666,0.2857142857142857,3,7,2,2,0.3563480079174042,0.7547875046730042,0.35
6298,True,numeric_exact,1.0,1,1.0,0.4444444444444445,1.0,0.2857142857142857,2,7,2,2,0.444671630859375,0.7739526033401489,0.35
6299,False,numeric_mismatch,0.0,2,3,0.6,0.75,0.5,4,6,3,3,0.32743653655052185,0.5861268639564514,0.35
6300,True,numeric_exact,1.0,1,1.0,0.6666666666666666,1.0,0.5,5,10,5,5,0.3560592234134674,0.6894327998161316,0.35
6301,True,yes_no,1.0,No,No,0.4,1.0,0.25,3,12,3,3,0.3758474588394165,0.8032662868499756,0.35
6302,False,exact,1.0,Five,5,0.4444444444444445,1.0,0.2857142857142857,2,7,2,2,0.2648593485355377,0.46630164980888367,0.35
6303,True,yes_no,1.0,No,No,0.6666666666666666,1.0,0.5,3,6,3,3,0.3638683259487152,0.857926607131958,0.35
6304,True,numeric_exact,1.0,20.8,20.8,0.5,0.75,0.375,4,8,3,3,0.2582659423351288,0.6536389589309692,0.35
6305,True,numeric_rounded,0.95,19.5,19.499999999999996,0.8,1.0,0.6666666666666666,6,9,6,6,0.32076767086982727,0.8500946164131165,0.35
6306,False,numeric_mismatch,0.0,11,17.0999984741211,0.6666666666666666,1.0,0.5,5,10,5,5,0.36266928911209106,0.6869122982025146,0.35
6307,True,yes_no,1.0,No,No,0.36363636363636365,0.6666666666666666,0.25,3,8,2,2,0.31586286425590515,0.767625629901886,0.35
6308,True,numeric_rounded,0.85,2%,1.8065727324738035,0.7142857142857143,1.0,0.5555555555555556,5,9,5,5,0.27509117126464844,0.7620751857757568,0.35
6309,True,yes_no,1.0,No,No,0.6666666666666666,1.0,0.5,3,6,3,3,0.4282074272632599,0.9268704056739807,0.35
6310,True,numeric_exact,1.0,2010,2010,0.5,1.0,0.3333333333333333,3,9,3,3,0.28724977374076843,0.580997884273529,0.35
6311,False,exact,1.0,Four,4,0.7499999999999999,1.0,0.6,3,5,3,3,0.37626901268959045,0.7206751704216003,0.35
6312,True,numeric_rounded,0.95,7.6,7.60417271157821,0.6153846153846153,1.0,0.4444444444444444,4,9,4,4,0.2846219539642334,0.7178295254707336,0.35
6313,False,yes_no,1.0,Yes,No,0.7142857142857143,1.0,0.5555555555555556,5,9,5,5,0.381468802690506,0.8880051374435425,0.35
6314,True,yes_no,1.0,No,No,0.36363636363636365,0.6666666666666666,0.25,3,8,2,2,0.3091258108615875,0.6676559448242188,0.35
6315,True,numeric_rounded,0.9,$830,813.4840080522958,0.5,1.0,0.3333333333333333,3,9,3,3,0.36790916323661804,0.7131032347679138,0.35
6316,True,numeric_exact,1.0,2,2,0.5454545454545454,1.0,0.375,3,8,3,3,0.4190117418766022,0.888545036315918,0.35
6317,False,numeric_mismatch,0.0,"$53,000,000",534900000.0,0.5263157894736842,1.0,0.35714285714285715,5,14,5,5,0.3280361592769623,0.9418314695358276,0.35
6318,True,yes_no,1.0,Yes,Yes,0.6666666666666666,1.0,0.5,5,10,5,5,0.3126527667045593,0.8048225045204163,0.35
6319,True,numeric_rounded,0.9,11,10.0837333057325,0.7272727272727273,1.0,0.5714285714285714,4,7,4,4,0.405802458524704,0.7893915772438049,0.35
6320,False,exact,1.0,Three,9,0.5,1.0,0.3333333333333333,3,9,3,3,0.3600894510746002,0.7474729418754578,0.35
6321,True,exact,1.0,Mali,Mali,0.6153846153846153,1.0,0.4444444444444444,4,9,4,4,0.40814271569252014,0.8942807912826538,0.35
6322,False,exact,1.0,Six,6,0.5454545454545454,1.0,0.375,3,8,3,3,0.36845144629478455,0.7514285445213318,0.35
6323,False,numeric_mismatch,0.0,$100 million,172529659.264682,0.4,1.0,0.25,3,12,3,3,0.39124640822410583,0.8394450545310974,0.35
6324,True,numeric_rounded,0.9,24,24.3914624187074,0.5454545454545454,1.0,0.375,3,8,3,3,0.30792322754859924,0.7893621325492859,0.35
6325,True,numeric_rounded,0.9,32,31.36525452136989,0.5,0.75,0.375,4,8,3,3,0.271232545375824,0.7543538808822632,0.35
6326,True,numeric_rounded,0.85,6,6.700000762939503,0.7692307692307693,1.0,0.625,5,8,5,5,0.36142510175704956,0.7087744474411011,0.35
6327,True,yes_no,1.0,No,No,0.6,1.0,0.42857142857142855,3,7,3,3,0.40934988856315613,0.7613750100135803,0.35
6328,True,exact,1.0,Years,Years,0.36363636363636365,0.6666666666666666,0.25,3,8,2,2,0.3813666105270386,0.6767279505729675,0.35
6329,True,numeric_rounded,0.95,35,34.98,0.5,1.0,0.3333333333333333,3,9,3,3,0.42715737223625183,0.8063919544219971,0.35
6330,True,yes_no,1.0,No,No,0.625,1.0,0.45454545454545453,5,11,5,5,0.42403674125671387,0.7190776467323303,0.35
6331,True,exact,1.0,Country,Country,0.28571428571428575,0.5,0.2,2,5,1,1,0.2508752942085266,0.6335723996162415,0.35
6332,False,numeric_mismatch,0.0,3,4,0.5,1.0,0.3333333333333333,3,9,3,3,0.36402785778045654,0.7234386205673218,0.35
6333,True,numeric_rounded,0.9,230,229.89999999999998,0.5714285714285714,0.8,0.4444444444444444,5,9,4,4,0.24101784825325012,0.7929768562316895,0.35
6334,True,numeric_rounded,0.9,1994,2000,0.5333333333333333,1.0,0.36363636363636365,4,11,4,4,0.24833287298679352,0.6442920565605164,0.35
6335,False,exact,1.0,Guyana,13.4700166935393,0.4615384615384615,1.0,0.3,3,10,3,3,0.41913488507270813,0.8264461159706116,0.35
6336,False,exact,1.0,Four,4,0.5,1.0,0.3333333333333333,2,6,2,2,0.39475998282432556,0.6492024660110474,0.35
6337,False,numeric_mismatch,0.0,3,4,0.3333333333333333,0.6666666666666666,0.2222222222222222,3,9,2,2,0.2993493974208832,0.6298041939735413,0.35
6338,False,numeric_mismatch,0.0,1000000,10000000.0,0.3636363636363636,1.0,0.2222222222222222,2,9,2,2,0.4108734726905823,0.7316678166389465,0.35
6339,False,numeric_mismatch,0.0,390,829.3336207176329,0.5,1.0,0.3333333333333333,3,9,3,3,0.25439390540122986,0.7028303742408752,0.35
6340,True,yes_no,1.0,No,No,0.42857142857142855,1.0,0.2727272727272727,3,11,3,3,0.2760336399078369,0.6609936952590942,0.35
6341,True,numeric_exact,1.0,2,2,0.6666666666666667,0.8333333333333334,0.5555555555555556,6,9,5,5,0.3471795320510864,0.746854841709137,0.35
6342,False,numeric_mismatch,0.0,30,1028.1999999999998,0.5454545454545454,1.0,0.375,3,8,3,3,0.341812402009964,0.6170042157173157,0.35
6343,True,yes_no,1.0,No,No,0.4285714285714285,0.75,0.3,4,10,3,3,0.3131658136844635,0.695793092250824,0.35
6344,True,numeric_rounded,0.95,0.998,1.0033841077513221,0.30769230769230765,0.6666666666666666,0.2,3,10,2,2,0.3739294707775116,0.8684506416320801,0.35
6345,False,exact,1.0,four,4,0.3636363636363636,1.0,0.2222222222222222,2,9,2,2,0.4349372684955597,0.7698923349380493,0.35
6346,True,numeric_rounded,0.9,63.75%,63.61415672302245,0.39999999999999997,0.75,0.2727272727272727,4,11,3,3,0.2731809914112091,0.735899031162262,0.35
6347,True,numeric_rounded,0.9,26000,24244.37,0.42857142857142855,1.0,0.2727272727272727,3,11,3,3,0.37348175048828125,0.7486802935600281,0.35
6348,False,numeric_mismatch,0.0,17,-17.174034326677592,0.5333333333333333,1.0,0.36363636363636365,4,11,4,4,0.3788613975048065,0.8954139947891235,0.35
6349,True,numeric_exact,1.0,8,8,0.6666666666666666,1.0,0.5,3,6,3,3,0.38095831871032715,0.6645234227180481,0.35
6350,False,yes_no,1.0,Yes,No,0.7368421052631579,1.0,0.5833333333333334,7,12,7,7,0.4161440134048462,0.8616907000541687,0.35
6351,True,yes_no,1.0,Yes,Yes,0.42857142857142855,1.0,0.2727272727272727,3,11,3,3,0.42952990531921387,0.7360208034515381,0.35
6352,False,numeric_mismatch,0.0,0,1,0.5,1.0,0.3333333333333333,3,9,3,3,0.41290563344955444,0.6700412034988403,0.35
6353,True,numeric_exact,1.0,% of children under 5, % of children under 5,0.5,1.0,0.3333333333333333,2,6,2,2,0.41084393858909607,0.6802964806556702,0.35
6354,True,numeric_rounded,0.9,13.0,13.376400000000004,0.5,1.0,0.3333333333333333,3,9,3,3,0.4326576888561249,0.7768285870552063,0.35
6355,False,exact,1.0,Four,4,0.5454545454545454,1.0,0.375,3,8,3,3,0.42199191451072693,0.7608709931373596,0.35
6356,True,yes_no,1.0,No,No,0.3333333333333333,0.6666666666666666,0.2222222222222222,3,9,2,2,0.38662582635879517,0.8948971629142761,0.35
6357,True,yes_no,1.0,Yes,Yes,0.5,1.0,0.3333333333333333,3,9,3,3,0.42946183681488037,0.822217583656311,0.35
6358,True,numeric_rounded,0.9,6.8%,6.894638814356201,0.6666666666666666,1.0,0.5,4,8,4,4,0.3204394578933716,0.7760596871376038,0.35
6359,False,exact,0.3,Top right corner,center right,0.16666666666666669,0.5,0.1,2,10,1,1,0.3422306180000305,0.7151022553443909,0.35
6360,True,yes_no,1.0,Yes,Yes,0.5263157894736842,1.0,0.35714285714285715,5,14,5,5,0.34719324111938477,0.8225933909416199,0.35
6361,False,exact,1.0,Six,6,0.36363636363636365,0.6666666666666666,0.25,3,8,2,2,0.28675249218940735,0.450070321559906,0.35
6362,False,numeric_mismatch,0.0,40,333.6829876792468,0.47058823529411764,0.8,0.3333333333333333,5,12,4,4,0.2770010530948639,0.6587985754013062,0.35
6363,True,exact,1.0,Years,Years,0.4,1.0,0.25,2,8,2,2,0.5037422180175781,0.600827693939209,0.35
6364,False,yes_no,1.0,Yes,No,0.5714285714285715,1.0,0.4,4,10,4,4,0.2969556450843811,0.6558448672294617,0.35
6365,True,numeric_exact,1.0,2,2,0.4615384615384615,1.0,0.3,3,10,3,3,0.372246116399765,0.8139252066612244,0.35
6366,True,numeric_rounded,0.95,7.8,7.7999997138976696,0.6,1.0,0.42857142857142855,3,7,3,3,0.40820640325546265,0.8041263818740845,0.35
6367,True,yes_no,1.0,Yes,Yes,0.5714285714285714,0.8,0.4444444444444444,5,9,4,4,0.4001821279525757,0.8967589139938354,0.35
6368,True,yes_no,1.0,Yes,Yes,0.4615384615384615,1.0,0.3,3,10,3,3,0.4027702212333679,0.7348853945732117,0.35
6369,False,exact,1.0,Four,4,0.4444444444444445,1.0,0.2857142857142857,2,7,2,2,0.33761152625083923,0.8088369369506836,0.35
6370,False,numeric_mismatch,0.0,4096378000,40944981886,0.6153846153846153,1.0,0.4444444444444444,4,9,4,4,0.4535568654537201,0.8807995915412903,0.35
6371,True,numeric_exact,1.0,2010,2010,0.6666666666666666,1.0,0.5,4,8,4,4,0.4209672212600708,0.762834370136261,0.35
