sample_idx,accuracy_correct,match_type,confidence,predicted_answer,ground_truth_answer,match_f1,precision,recall,num_predicted_steps,num_reference_steps,num_matched_predictions,num_matched_references,avg_similarity,max_similarity,threshold_used
0,False,placeholder,0.0,insufficient information,C,0.0,0.0,0.0,0,9,0,0,0.0,0.0,0.0
1,False,placeholder,0.0,insufficient information,Yes,0.0,0.0,0.0,0,9,0,0,0.0,0.0,0.0
2,False,placeholder,0.0,insufficient information,B,0.0,0.0,0.0,0,8,0,0,0.0,0.0,0.0
3,False,placeholder,0.0,insufficient information,Green,0.0,0.0,0.0,0,6,0,0,0.0,0.0,0.0
4,False,placeholder,0.0,insufficient information,C,0.0,0.0,0.0,0,8,0,0,0.0,0.0,0.0
5,False,placeholder,0.0,insufficient information,Bus,0.0,0.0,0.0,0,7,0,0,0.0,0.0,0.0
6,False,placeholder,0.0,insufficient information,A,0.0,0.0,0.0,0,6,0,0,0.0,0.0,0.0
7,False,placeholder,0.0,insufficient information,2,0.0,0.0,0.0,0,8,0,0,0.0,0.0,0.0
8,False,placeholder,0.0,insufficient information,A,0.0,0.0,0.0,0,5,0,0,0.0,0.0,0.0
9,False,placeholder,0.0,insufficient information,B,0.0,0.0,0.0,0,5,0,0,0.0,0.0,0.0
10,False,placeholder,0.0,insufficient information,3,0.0,0.0,0.0,0,6,0,0,0.0,0.0,0.0
11,False,placeholder,0.0,insufficient information,A,0.0,0.0,0.0,0,6,0,0,0.0,0.0,0.0
12,False,placeholder,0.0,insufficient information,A,0.0,0.0,0.0,0,6,0,0,0.0,0.0,0.0
13,False,placeholder,0.0,insufficient information,C,0.0,0.0,0.0,0,7,0,0,0.0,0.0,0.0
14,True,yes_no,1.0,Yes,Yes,0.6666666666666666,1.0,0.5,3,6,3,3,0.44770464301109314,0.7595731019973755,0.35
15,False,placeholder,0.0,insufficient information,B,0.0,0.0,0.0,0,6,0,0,0.0,0.0,0.0
16,False,placeholder,0.0,insufficient information,A,0.0,0.0,0.0,0,5,0,0,0.0,0.0,0.0
17,False,placeholder,0.0,insufficient information,0,0.0,0.0,0.0,0,6,0,0,0.0,0.0,0.0
18,False,placeholder,0.0,insufficient information,B,0.0,0.0,0.0,0,5,0,0,0.0,0.0,0.0
19,False,placeholder,0.0,insufficient information,C,0.0,0.0,0.0,0,6,0,0,0.0,0.0,0.0
20,True,choice,1.0,A,A,0.7499999999999999,1.0,0.6,3,5,3,3,0.35768216848373413,0.8736077547073364,0.35
21,False,yes_no,1.0,No,Yes,0.6666666666666666,1.0,0.5,3,6,3,3,0.44027072191238403,0.799382746219635,0.35
22,False,placeholder,0.0,insufficient information,0,0.0,0.0,0.0,0,8,0,0,0.0,0.0,0.0
23,False,placeholder,0.0,insufficient information,C,0.0,0.0,0.0,0,6,0,0,0.0,0.0,0.0
24,False,placeholder,0.0,insufficient information,A,0.0,0.0,0.0,0,8,0,0,0.0,0.0,0.0
25,False,yes_no,1.0,Yes,No,0.6153846153846153,0.5714285714285714,0.6666666666666666,7,6,4,4,0.30748093128204346,0.5730816125869751,0.35
26,False,placeholder,0.0,insufficient information,A,0.0,0.0,0.0,0,6,0,0,0.0,0.0,0.0
27,False,placeholder,0.0,insufficient information,A,0.0,0.0,0.0,0,7,0,0,0.0,0.0,0.0
28,False,placeholder,0.0,insufficient information,B,0.0,0.0,0.0,0,5,0,0,0.0,0.0,0.0
29,False,placeholder,0.0,insufficient information,B,0.0,0.0,0.0,0,9,0,0,0.0,0.0,0.0
30,True,yes_no,1.0,Yes,Yes,0.6666666666666666,1.0,0.5,3,6,3,3,0.4089607298374176,0.8093299269676208,0.35
31,False,placeholder,0.0,insufficient information,B,0.0,0.0,0.0,0,4,0,0,0.0,0.0,0.0
32,False,placeholder,0.0,insufficient information,A,0.0,0.0,0.0,0,5,0,0,0.0,0.0,0.0
33,False,placeholder,0.0,insufficient information,C,0.0,0.0,0.0,0,5,0,0,0.0,0.0,0.0
34,False,placeholder,0.0,insufficient information,C,0.0,0.0,0.0,0,6,0,0,0.0,0.0,0.0
35,False,placeholder,0.0,insufficient information,C,0.0,0.0,0.0,0,5,0,0,0.0,0.0,0.0
36,False,placeholder,0.0,insufficient information,3,0.0,0.0,0.0,0,7,0,0,0.0,0.0,0.0
37,False,placeholder,0.0,insufficient information,C,0.0,0.0,0.0,0,7,0,0,0.0,0.0,0.0
38,True,numeric_exact,1.0,0,0,0.7499999999999999,1.0,0.6,3,5,3,3,0.39740732312202454,0.8545377850532532,0.35
39,False,placeholder,0.0,insufficient information,2,0.0,0.0,0.0,0,7,0,0,0.0,0.0,0.0
40,True,yes_no,1.0,no,No,0.5,1.0,0.3333333333333333,2,6,2,2,0.4869433343410492,0.870711088180542,0.35
41,False,placeholder,0.0,insufficient information,B,0.0,0.0,0.0,0,7,0,0,0.0,0.0,0.0
42,False,placeholder,0.0,insufficient information,B,0.0,0.0,0.0,0,7,0,0,0.0,0.0,0.0
43,False,placeholder,0.0,insufficient information,C,0.0,0.0,0.0,0,7,0,0,0.0,0.0,0.0
44,False,placeholder,0.0,insufficient information,3,0.0,0.0,0.0,0,6,0,0,0.0,0.0,0.0
45,True,yes_no,1.0,no,No,0.4444444444444445,1.0,0.2857142857142857,2,7,2,2,0.4574829936027527,0.7807546854019165,0.35
46,False,placeholder,0.0,insufficient information,C,0.0,0.0,0.0,0,7,0,0,0.0,0.0,0.0
47,False,placeholder,0.0,insufficient information,B,0.0,0.0,0.0,0,6,0,0,0.0,0.0,0.0
48,False,placeholder,0.0,insufficient information,0,0.0,0.0,0.0,0,7,0,0,0.0,0.0,0.0
49,False,placeholder,0.0,insufficient information,A,0.0,0.0,0.0,0,8,0,0,0.0,0.0,0.0
50,False,placeholder,0.0,insufficient information,B,0.0,0.0,0.0,0,5,0,0,0.0,0.0,0.0
51,False,placeholder,0.0,insufficient information,Right,0.0,0.0,0.0,0,5,0,0,0.0,0.0,0.0
52,False,placeholder,0.0,insufficient information,3,0.0,0.0,0.0,0,5,0,0,0.0,0.0,0.0
53,True,yes_no,1.0,Yes,Yes,0.5,1.0,0.3333333333333333,2,6,2,2,0.47510290145874023,0.7275024056434631,0.35
54,False,placeholder,0.0,insufficient information,No,0.0,0.0,0.0,0,8,0,0,0.0,0.0,0.0
55,False,yes_no,1.0,Yes,No,0.5454545454545454,1.0,0.375,3,8,3,3,0.42359399795532227,0.6916897296905518,0.35
56,True,yes_no,1.0,no,No,0.5454545454545454,1.0,0.375,3,8,3,3,0.3606455624103546,0.7266528606414795,0.35
57,False,placeholder,0.0,insufficient information,Green,0.0,0.0,0.0,0,8,0,0,0.0,0.0,0.0
58,False,placeholder,0.0,insufficient information,No,0.0,0.0,0.0,0,8,0,0,0.0,0.0,0.0
59,True,yes_no,1.0,Yes,Yes,0.5454545454545454,1.0,0.375,3,8,3,3,0.4540499150753021,0.7300431132316589,0.35
60,True,yes_no,1.0,Yes,Yes,0.6666666666666666,1.0,0.5,4,8,4,4,0.4384658634662628,0.751562237739563,0.35
61,False,placeholder,0.0,insufficient information,C,0.0,0.0,0.0,0,8,0,0,0.0,0.0,0.0
62,True,yes_no,1.0,Yes,Yes,0.5454545454545454,1.0,0.375,3,8,3,3,0.42786097526550293,0.6815916299819946,0.35
63,False,placeholder,0.0,insufficient information,C,0.0,0.0,0.0,0,8,0,0,0.0,0.0,0.0
64,False,placeholder,0.0,insufficient information,C,0.0,0.0,0.0,0,1,0,0,0.0,0.0,0.0
65,False,placeholder,0.0,insufficient information,Yellow,0.0,0.0,0.0,0,8,0,0,0.0,0.0,0.0
66,False,placeholder,0.0,insufficient information,B,0.0,0.0,0.0,0,8,0,0,0.0,0.0,0.0
67,False,placeholder,0.0,insufficient information,B,0.0,0.0,0.0,0,8,0,0,0.0,0.0,0.0
68,False,placeholder,0.0,insufficient information,A,0.0,0.0,0.0,0,8,0,0,0.0,0.0,0.0
69,False,placeholder,0.0,insufficient information,A,0.0,0.0,0.0,0,8,0,0,0.0,0.0,0.0
70,False,placeholder,0.0,insufficient information,A,0.0,0.0,0.0,0,8,0,0,0.0,0.0,0.0
71,False,yes_no,1.0,Yes,No,0.6153846153846154,0.8,0.5,5,8,4,4,0.36097246408462524,0.7028874158859253,0.35
72,False,placeholder,0.0,insufficient information,A,0.0,0.0,0.0,0,8,0,0,0.0,0.0,0.0
73,False,placeholder,0.0,insufficient information,B,0.0,0.0,0.0,0,8,0,0,0.0,0.0,0.0
74,False,placeholder,0.0,insufficient information,B,0.0,0.0,0.0,0,6,0,0,0.0,0.0,0.0
75,False,placeholder,0.0,insufficient information,A,0.0,0.0,0.0,0,8,0,0,0.0,0.0,0.0
76,False,placeholder,0.0,insufficient information,5,0.0,0.0,0.0,0,9,0,0,0.0,0.0,0.0
77,False,placeholder,0.0,insufficient information,B,0.0,0.0,0.0,0,9,0,0,0.0,0.0,0.0
78,False,placeholder,0.0,insufficient information,2,0.0,0.0,0.0,0,8,0,0,0.0,0.0,0.0
79,False,placeholder,0.0,insufficient information,0,0.0,0.0,0.0,0,9,0,0,0.0,0.0,0.0
80,False,placeholder,0.0,insufficient information,Yes,0.0,0.0,0.0,0,8,0,0,0.0,0.0,0.0
81,False,placeholder,0.0,insufficient information,C,0.0,0.0,0.0,0,9,0,0,0.0,0.0,0.0
82,False,placeholder,0.0,insufficient information,B,0.0,0.0,0.0,0,8,0,0,0.0,0.0,0.0
83,False,placeholder,0.0,insufficient information,B,0.0,0.0,0.0,0,8,0,0,0.0,0.0,0.0
84,False,placeholder,0.0,insufficient information,C,0.0,0.0,0.0,0,9,0,0,0.0,0.0,0.0
85,False,placeholder,0.0,insufficient information,1,0.0,0.0,0.0,0,9,0,0,0.0,0.0,0.0
86,False,placeholder,0.0,insufficient information,2,0.0,0.0,0.0,0,8,0,0,0.0,0.0,0.0
87,False,placeholder,0.0,insufficient information,1,0.0,0.0,0.0,0,8,0,0,0.0,0.0,0.0
88,False,yes_no,1.0,No,Yes,0.5454545454545454,1.0,0.375,3,8,3,3,0.35218706727027893,0.762649655342102,0.35
89,False,placeholder,0.0,insufficient information,Yes,0.0,0.0,0.0,0,8,0,0,0.0,0.0,0.0
90,True,choice,1.0,B,B,0.36363636363636365,0.6666666666666666,0.25,3,8,2,2,0.36924171447753906,0.8092871308326721,0.35
91,False,placeholder,0.0,insufficient information,A,0.0,0.0,0.0,0,8,0,0,0.0,0.0,0.0
92,False,placeholder,0.0,insufficient information,A,0.0,0.0,0.0,0,8,0,0,0.0,0.0,0.0
93,False,placeholder,0.0,insufficient information,C,0.0,0.0,0.0,0,8,0,0,0.0,0.0,0.0
94,False,placeholder,0.0,insufficient information,A,0.0,0.0,0.0,0,8,0,0,0.0,0.0,0.0
95,False,placeholder,0.0,insufficient information,2,0.0,0.0,0.0,0,7,0,0,0.0,0.0,0.0
96,False,placeholder,0.0,insufficient information,B,0.0,0.0,0.0,0,8,0,0,0.0,0.0,0.0
97,True,exact,0.7,"Yes, we are allowed to make a right.",A,0.5454545454545454,1.0,0.375,3,8,3,3,0.41960573196411133,0.6533861756324768,0.35
98,True,yes_no,1.0,No,No,0.4,1.0,0.25,2,8,2,2,0.34504830837249756,0.6612215042114258,0.35
99,False,placeholder,0.0,insufficient information,Green,0.0,0.0,0.0,0,8,0,0,0.0,0.0,0.0
100,False,placeholder,0.0,insufficient information,Red,0.0,0.0,0.0,0,8,0,0,0.0,0.0,0.0
101,True,yes_no,1.0,no,No,0.6666666666666666,1.0,0.5,4,8,4,4,0.35410773754119873,0.7412989735603333,0.35
102,False,placeholder,0.0,insufficient information,C,0.0,0.0,0.0,0,8,0,0,0.0,0.0,0.0
103,False,placeholder,0.0,insufficient information,Red,0.0,0.0,0.0,0,8,0,0,0.0,0.0,0.0
104,False,placeholder,0.0,insufficient information,No,0.0,0.0,0.0,0,8,0,0,0.0,0.0,0.0
105,False,placeholder,0.0,insufficient information,C,0.0,0.0,0.0,0,8,0,0,0.0,0.0,0.0
106,False,choice,1.0,B,C,0.5454545454545454,1.0,0.375,3,8,3,3,0.5261320471763611,0.8485750555992126,0.35
107,False,placeholder,0.0,insufficient information,A,0.0,0.0,0.0,0,9,0,0,0.0,0.0,0.0
108,True,yes_no,1.0,Yes,Yes,0.5,1.0,0.3333333333333333,3,9,3,3,0.42800602316856384,0.594623863697052,0.35
109,False,placeholder,0.0,insufficient information,C,0.0,0.0,0.0,0,8,0,0,0.0,0.0,0.0
110,False,placeholder,0.0,insufficient information,B,0.0,0.0,0.0,0,8,0,0,0.0,0.0,0.0
111,False,placeholder,0.0,insufficient information,C,0.0,0.0,0.0,0,8,0,0,0.0,0.0,0.0
112,False,placeholder,0.0,insufficient information,A,0.0,0.0,0.0,0,8,0,0,0.0,0.0,0.0
113,True,choice,1.0,B,B,0.36363636363636365,0.6666666666666666,0.25,3,8,2,2,0.4026297628879547,0.767465353012085,0.35
114,False,placeholder,0.0,insufficient information,C,0.0,0.0,0.0,0,8,0,0,0.0,0.0,0.0
115,False,placeholder,0.0,insufficient information,B,0.0,0.0,0.0,0,7,0,0,0.0,0.0,0.0
116,False,placeholder,0.0,insufficient information,No,0.0,0.0,0.0,0,8,0,0,0.0,0.0,0.0
117,False,placeholder,0.0,insufficient information,A,0.0,0.0,0.0,0,8,0,0,0.0,0.0,0.0
118,False,placeholder,0.0,insufficient information,A,0.0,0.0,0.0,0,9,0,0,0.0,0.0,0.0
119,False,placeholder,0.0,insufficient information,1,0.0,0.0,0.0,0,9,0,0,0.0,0.0,0.0
120,False,placeholder,0.0,insufficient information,B,0.0,0.0,0.0,0,8,0,0,0.0,0.0,0.0
121,False,placeholder,0.0,insufficient information,Yes,0.0,0.0,0.0,0,8,0,0,0.0,0.0,0.0
122,False,placeholder,0.0,insufficient information,2,0.0,0.0,0.0,0,8,0,0,0.0,0.0,0.0
123,True,yes_no,1.0,no,No,0.4,1.0,0.25,2,8,2,2,0.42026716470718384,0.6668742895126343,0.35
124,False,placeholder,0.0,insufficient information,0,0.0,0.0,0.0,0,10,0,0,0.0,0.0,0.0
125,False,placeholder,0.0,insufficient information,2,0.0,0.0,0.0,0,8,0,0,0.0,0.0,0.0
126,False,placeholder,0.0,insufficient information,2,0.0,0.0,0.0,0,8,0,0,0.0,0.0,0.0
127,False,numeric_mismatch,0.0,25,35,0.4,1.0,0.25,2,8,2,2,0.2969669997692108,0.7307693362236023,0.35
128,True,yes_no,1.0,no,No,0.6153846153846153,1.0,0.4444444444444444,4,9,4,4,0.43389204144477844,0.6831559538841248,0.35
129,True,yes_no,1.0,Yes,Yes,0.4,1.0,0.25,2,8,2,2,0.38041433691978455,0.5584593415260315,0.35
130,True,yes_no,1.0,Yes,Yes,0.5454545454545454,1.0,0.375,3,8,3,3,0.42975449562072754,0.7172648906707764,0.35
131,False,placeholder,0.0,insufficient information,C,0.0,0.0,0.0,0,8,0,0,0.0,0.0,0.0
132,False,placeholder,0.0,insufficient information,B,0.0,0.0,0.0,0,8,0,0,0.0,0.0,0.0
133,False,placeholder,0.0,insufficient information,C,0.0,0.0,0.0,0,16,0,0,0.0,0.0,0.0
134,False,placeholder,0.0,insufficient information,B,0.0,0.0,0.0,0,8,0,0,0.0,0.0,0.0
135,False,placeholder,0.0,insufficient information,A,0.0,0.0,0.0,0,8,0,0,0.0,0.0,0.0
136,False,placeholder,0.0,insufficient information,A,0.0,0.0,0.0,0,9,0,0,0.0,0.0,0.0
137,True,yes_no,1.0,Yes,Yes,0.5454545454545454,1.0,0.375,3,8,3,3,0.44001254439353943,0.6467101573944092,0.35
138,False,placeholder,0.0,insufficient information,C,0.0,0.0,0.0,0,9,0,0,0.0,0.0,0.0
139,True,numeric_exact,1.0,2,2,0.5454545454545454,1.0,0.375,3,8,3,3,0.471108078956604,0.626365602016449,0.35
140,False,placeholder,0.0,insufficient information,C,0.0,0.0,0.0,0,8,0,0,0.0,0.0,0.0
141,False,placeholder,0.0,insufficient information,A,0.0,0.0,0.0,0,9,0,0,0.0,0.0,0.0
142,False,placeholder,0.0,insufficient information,C,0.0,0.0,0.0,0,8,0,0,0.0,0.0,0.0
143,False,yes_no,1.0,Yes,No,0.46153846153846156,0.75,0.3333333333333333,4,9,3,3,0.334130197763443,0.5884763598442078,0.35
144,False,placeholder,0.0,insufficient information,C,0.0,0.0,0.0,0,9,0,0,0.0,0.0,0.0
145,False,placeholder,0.0,insufficient information,B,0.0,0.0,0.0,0,8,0,0,0.0,0.0,0.0
146,False,placeholder,0.0,insufficient information,C,0.0,0.0,0.0,0,9,0,0,0.0,0.0,0.0
147,False,placeholder,0.0,insufficient information,B,0.0,0.0,0.0,0,8,0,0,0.0,0.0,0.0
148,False,placeholder,0.0,insufficient information,C,0.0,0.0,0.0,0,8,0,0,0.0,0.0,0.0
149,False,placeholder,0.0,insufficient information,A,0.0,0.0,0.0,0,8,0,0,0.0,0.0,0.0
150,False,placeholder,0.0,insufficient information,C,0.0,0.0,0.0,0,8,0,0,0.0,0.0,0.0
151,False,placeholder,0.0,insufficient information,A,0.0,0.0,0.0,0,8,0,0,0.0,0.0,0.0
152,False,placeholder,0.0,insufficient information,A,0.0,0.0,0.0,0,8,0,0,0.0,0.0,0.0
153,False,placeholder,0.0,insufficient information,C,0.0,0.0,0.0,0,8,0,0,0.0,0.0,0.0
154,True,choice,1.0,A,A,0.5454545454545454,1.0,0.375,3,8,3,3,0.49331608414649963,0.817969799041748,0.35
155,False,placeholder,0.0,insufficient information,C,0.0,0.0,0.0,0,8,0,0,0.0,0.0,0.0
156,False,placeholder,0.0,insufficient information,No,0.0,0.0,0.0,0,8,0,0,0.0,0.0,0.0
157,False,placeholder,0.0,insufficient information,A,0.0,0.0,0.0,0,10,0,0,0.0,0.0,0.0
158,False,placeholder,0.0,insufficient information,A,0.0,0.0,0.0,0,8,0,0,0.0,0.0,0.0
159,False,placeholder,0.0,insufficient information,B,0.0,0.0,0.0,0,9,0,0,0.0,0.0,0.0
160,False,placeholder,0.0,insufficient information,Yes,0.0,0.0,0.0,0,9,0,0,0.0,0.0,0.0
161,False,placeholder,0.0,insufficient information,A,0.0,0.0,0.0,0,9,0,0,0.0,0.0,0.0
162,False,placeholder,0.0,insufficient information,2,0.0,0.0,0.0,0,8,0,0,0.0,0.0,0.0
163,False,placeholder,0.0,insufficient information,C,0.0,0.0,0.0,0,11,0,0,0.0,0.0,0.0
164,False,placeholder,0.0,insufficient information,B,0.0,0.0,0.0,0,1,0,0,0.0,0.0,0.0
165,False,placeholder,0.0,insufficient information,A,0.0,0.0,0.0,0,8,0,0,0.0,0.0,0.0
166,False,placeholder,0.0,insufficient information,A,0.0,0.0,0.0,0,8,0,0,0.0,0.0,0.0
167,False,placeholder,0.0,insufficient information,Blue,0.0,0.0,0.0,0,10,0,0,0.0,0.0,0.0
168,False,placeholder,0.0,insufficient information,A,0.0,0.0,0.0,0,9,0,0,0.0,0.0,0.0
169,False,placeholder,0.0,insufficient information,B,0.0,0.0,0.0,0,8,0,0,0.0,0.0,0.0
170,True,yes_no,1.0,Yes,Yes,0.5454545454545454,1.0,0.375,3,8,3,3,0.46082255244255066,0.7090514302253723,0.35
171,False,placeholder,0.0,insufficient information,B,0.0,0.0,0.0,0,6,0,0,0.0,0.0,0.0
172,False,placeholder,0.0,insufficient information,B,0.0,0.0,0.0,0,9,0,0,0.0,0.0,0.0
173,False,placeholder,0.0,insufficient information,0,0.0,0.0,0.0,0,8,0,0,0.0,0.0,0.0
174,False,placeholder,0.0,insufficient information,1,0.0,0.0,0.0,0,9,0,0,0.0,0.0,0.0
175,False,placeholder,0.0,insufficient information,C,0.0,0.0,0.0,0,9,0,0,0.0,0.0,0.0
176,False,placeholder,0.0,insufficient information,3,0.0,0.0,0.0,0,8,0,0,0.0,0.0,0.0
177,False,placeholder,0.0,insufficient information,B,0.0,0.0,0.0,0,8,0,0,0.0,0.0,0.0
178,False,placeholder,0.0,insufficient information,A,0.0,0.0,0.0,0,8,0,0,0.0,0.0,0.0
179,False,placeholder,0.0,insufficient information,A,0.0,0.0,0.0,0,10,0,0,0.0,0.0,0.0
180,False,placeholder,0.0,insufficient information,A,0.0,0.0,0.0,0,8,0,0,0.0,0.0,0.0
181,False,placeholder,0.0,insufficient information,B,0.0,0.0,0.0,0,8,0,0,0.0,0.0,0.0
182,False,placeholder,0.0,insufficient information,A,0.0,0.0,0.0,0,8,0,0,0.0,0.0,0.0
183,False,placeholder,0.0,insufficient information,Yes,0.0,0.0,0.0,0,10,0,0,0.0,0.0,0.0
184,True,yes_no,1.0,Yes,Yes,0.5454545454545454,1.0,0.375,3,8,3,3,0.4724150598049164,0.7072218656539917,0.35
185,False,placeholder,0.0,insufficient information,C,0.0,0.0,0.0,0,9,0,0,0.0,0.0,0.0
186,False,placeholder,0.0,insufficient information,1,0.0,0.0,0.0,0,8,0,0,0.0,0.0,0.0
187,False,placeholder,0.0,insufficient information,B,0.0,0.0,0.0,0,9,0,0,0.0,0.0,0.0
188,True,yes_no,1.0,Yes,Yes,0.7692307692307693,1.0,0.625,5,8,5,5,0.44087037444114685,0.7254412174224854,0.35
189,False,placeholder,0.0,insufficient information,1,0.0,0.0,0.0,0,9,0,0,0.0,0.0,0.0
190,True,choice,1.0,A,A,0.5454545454545454,1.0,0.375,3,8,3,3,0.4745889902114868,0.8038367629051208,0.35
191,False,placeholder,0.0,insufficient information,B,0.0,0.0,0.0,0,9,0,0,0.0,0.0,0.0
192,True,yes_no,1.0,Yes,Yes,0.5454545454545454,1.0,0.375,3,8,3,3,0.3044276833534241,0.5973076224327087,0.35
193,False,placeholder,0.0,insufficient information,B,0.0,0.0,0.0,0,10,0,0,0.0,0.0,0.0
194,False,placeholder,0.0,insufficient information,A,0.0,0.0,0.0,0,8,0,0,0.0,0.0,0.0
195,False,placeholder,0.0,insufficient information,4,0.0,0.0,0.0,0,9,0,0,0.0,0.0,0.0
196,False,placeholder,0.0,insufficient information,2,0.0,0.0,0.0,0,8,0,0,0.0,0.0,0.0
197,False,placeholder,0.0,insufficient information,A,0.0,0.0,0.0,0,9,0,0,0.0,0.0,0.0
198,False,placeholder,0.0,insufficient information,C,0.0,0.0,0.0,0,8,0,0,0.0,0.0,0.0
199,False,placeholder,0.0,insufficient information,C,0.0,0.0,0.0,0,9,0,0,0.0,0.0,0.0
200,False,placeholder,0.0,insufficient information,A,0.0,0.0,0.0,0,8,0,0,0.0,0.0,0.0
201,False,placeholder,0.0,insufficient information,2,0.0,0.0,0.0,0,8,0,0,0.0,0.0,0.0
202,False,placeholder,0.0,insufficient information,B,0.0,0.0,0.0,0,9,0,0,0.0,0.0,0.0
203,False,choice,1.0,A,C,0.5454545454545454,1.0,0.375,3,8,3,3,0.4135935306549072,0.8276276588439941,0.35
204,True,yes_no,1.0,Yes,Yes,0.4,1.0,0.25,2,8,2,2,0.3468899726867676,0.7630566954612732,0.35
205,False,numeric_mismatch,0.0,2,1,0.5,1.0,0.3333333333333333,3,9,3,3,0.48663240671157837,0.8618355989456177,0.35
206,False,placeholder,0.0,insufficient information,C,0.0,0.0,0.0,0,16,0,0,0.0,0.0,0.0
207,False,placeholder,0.0,insufficient information,B,0.0,0.0,0.0,0,8,0,0,0.0,0.0,0.0
208,False,placeholder,0.0,insufficient information,Red,0.0,0.0,0.0,0,8,0,0,0.0,0.0,0.0
209,False,placeholder,0.0,insufficient information,A,0.0,0.0,0.0,0,9,0,0,0.0,0.0,0.0
210,False,placeholder,0.0,insufficient information,A,0.0,0.0,0.0,0,8,0,0,0.0,0.0,0.0
211,False,placeholder,0.0,insufficient information,2,0.0,0.0,0.0,0,8,0,0,0.0,0.0,0.0
212,False,placeholder,0.0,insufficient information,1,0.0,0.0,0.0,0,8,0,0,0.0,0.0,0.0
213,False,placeholder,0.0,insufficient information,C,0.0,0.0,0.0,0,9,0,0,0.0,0.0,0.0
214,False,placeholder,0.0,insufficient information,3,0.0,0.0,0.0,0,8,0,0,0.0,0.0,0.0
215,False,placeholder,0.0,insufficient information,Red,0.0,0.0,0.0,0,8,0,0,0.0,0.0,0.0
216,False,placeholder,0.0,insufficient information,2,0.0,0.0,0.0,0,8,0,0,0.0,0.0,0.0
217,False,placeholder,0.0,insufficient information,C,0.0,0.0,0.0,0,8,0,0,0.0,0.0,0.0
218,False,placeholder,0.0,insufficient information,1,0.0,0.0,0.0,0,1,0,0,0.0,0.0,0.0
219,False,placeholder,0.0,insufficient information,B,0.0,0.0,0.0,0,8,0,0,0.0,0.0,0.0
220,False,placeholder,0.0,insufficient information,C,0.0,0.0,0.0,0,9,0,0,0.0,0.0,0.0
221,False,placeholder,0.0,insufficient information,C,0.0,0.0,0.0,0,8,0,0,0.0,0.0,0.0
222,False,placeholder,0.0,insufficient information,B,0.0,0.0,0.0,0,9,0,0,0.0,0.0,0.0
223,False,placeholder,0.0,insufficient information,0,0.0,0.0,0.0,0,9,0,0,0.0,0.0,0.0
224,False,placeholder,0.0,insufficient information,B,0.0,0.0,0.0,0,10,0,0,0.0,0.0,0.0
225,False,placeholder,0.0,insufficient information,B,0.0,0.0,0.0,0,9,0,0,0.0,0.0,0.0
226,False,yes_no,1.0,Yes,No,0.5333333333333333,0.8,0.4,5,10,4,4,0.3039337396621704,0.8134069442749023,0.35
227,False,placeholder,0.0,insufficient information,Yes,0.0,0.0,0.0,0,8,0,0,0.0,0.0,0.0
228,False,placeholder,0.0,insufficient information,C,0.0,0.0,0.0,0,8,0,0,0.0,0.0,0.0
229,False,placeholder,0.0,insufficient information,Yes,0.0,0.0,0.0,0,8,0,0,0.0,0.0,0.0
230,False,placeholder,0.0,insufficient information,0,0.0,0.0,0.0,0,8,0,0,0.0,0.0,0.0
231,False,placeholder,0.0,insufficient information,B,0.0,0.0,0.0,0,8,0,0,0.0,0.0,0.0
232,False,placeholder,0.0,insufficient information,B,0.0,0.0,0.0,0,8,0,0,0.0,0.0,0.0
233,False,placeholder,0.0,insufficient information,Left,0.0,0.0,0.0,0,9,0,0,0.0,0.0,0.0
234,False,placeholder,0.0,insufficient information,B,0.0,0.0,0.0,0,9,0,0,0.0,0.0,0.0
235,False,placeholder,0.0,insufficient information,B,0.0,0.0,0.0,0,1,0,0,0.0,0.0,0.0
236,False,placeholder,0.0,insufficient information,B,0.0,0.0,0.0,0,9,0,0,0.0,0.0,0.0
237,False,placeholder,0.0,insufficient information,C,0.0,0.0,0.0,0,7,0,0,0.0,0.0,0.0
238,False,placeholder,0.0,insufficient information,B,0.0,0.0,0.0,0,8,0,0,0.0,0.0,0.0
239,False,placeholder,0.0,insufficient information,A,0.0,0.0,0.0,0,9,0,0,0.0,0.0,0.0
240,True,yes_no,1.0,Yes,Yes,0.3636363636363636,1.0,0.2222222222222222,2,9,2,2,0.499381959438324,0.7659811973571777,0.35
241,False,placeholder,0.0,insufficient information,A,0.0,0.0,0.0,0,8,0,0,0.0,0.0,0.0
242,False,placeholder,0.0,insufficient information,B,0.0,0.0,0.0,0,8,0,0,0.0,0.0,0.0
243,False,placeholder,0.0,insufficient information,B,0.0,0.0,0.0,0,9,0,0,0.0,0.0,0.0
244,False,placeholder,0.0,insufficient information,2,0.0,0.0,0.0,0,9,0,0,0.0,0.0,0.0
245,False,placeholder,0.0,insufficient information,3,0.0,0.0,0.0,0,10,0,0,0.0,0.0,0.0
246,False,placeholder,0.0,insufficient information,A,0.0,0.0,0.0,0,8,0,0,0.0,0.0,0.0
247,False,placeholder,0.0,insufficient information,A,0.0,0.0,0.0,0,8,0,0,0.0,0.0,0.0
248,False,placeholder,0.0,insufficient information,2,0.0,0.0,0.0,0,9,0,0,0.0,0.0,0.0
249,False,placeholder,0.0,insufficient information,C,0.0,0.0,0.0,0,8,0,0,0.0,0.0,0.0
250,False,placeholder,0.0,insufficient information,B,0.0,0.0,0.0,0,8,0,0,0.0,0.0,0.0
251,False,placeholder,0.0,insufficient information,No,0.0,0.0,0.0,0,9,0,0,0.0,0.0,0.0
252,False,placeholder,0.0,insufficient information,A,0.0,0.0,0.0,0,8,0,0,0.0,0.0,0.0
253,True,yes_no,1.0,Yes,Yes,0.4,1.0,0.25,2,8,2,2,0.49527454376220703,0.7456673383712769,0.35
254,True,yes_no,1.0,Yes,Yes,0.5454545454545454,1.0,0.375,3,8,3,3,0.47386255860328674,0.774864912033081,0.35
255,False,placeholder,0.0,insufficient information,C,0.0,0.0,0.0,0,8,0,0,0.0,0.0,0.0
256,False,placeholder,0.0,insufficient information,A,0.0,0.0,0.0,0,8,0,0,0.0,0.0,0.0
257,False,placeholder,0.0,insufficient information,A,0.0,0.0,0.0,0,11,0,0,0.0,0.0,0.0
258,False,placeholder,0.0,insufficient information,B,0.0,0.0,0.0,0,8,0,0,0.0,0.0,0.0
259,False,placeholder,0.0,insufficient information,1,0.0,0.0,0.0,0,10,0,0,0.0,0.0,0.0
260,False,placeholder,0.0,insufficient information,B,0.0,0.0,0.0,0,8,0,0,0.0,0.0,0.0
261,False,placeholder,0.0,insufficient information,Yes,0.0,0.0,0.0,0,11,0,0,0.0,0.0,0.0
262,True,yes_no,1.0,No,No,0.5,1.0,0.3333333333333333,3,9,3,3,0.35181090235710144,0.7898609638214111,0.35
263,False,placeholder,0.0,insufficient information,Green,0.0,0.0,0.0,0,9,0,0,0.0,0.0,0.0
264,False,numeric_mismatch,0.0,2,1,0.1818181818181818,0.5,0.1111111111111111,2,9,1,1,0.27875375747680664,0.7550385594367981,0.35
265,False,placeholder,0.0,insufficient information,A,0.0,0.0,0.0,0,8,0,0,0.0,0.0,0.0
266,False,placeholder,0.0,insufficient information,A,0.0,0.0,0.0,0,10,0,0,0.0,0.0,0.0
267,False,placeholder,0.0,insufficient information,0,0.0,0.0,0.0,0,8,0,0,0.0,0.0,0.0
268,False,placeholder,0.0,insufficient information,No,0.0,0.0,0.0,0,8,0,0,0.0,0.0,0.0
269,False,placeholder,0.0,insufficient information,A,0.0,0.0,0.0,0,8,0,0,0.0,0.0,0.0
270,True,yes_no,1.0,Yes,Yes,0.36363636363636365,0.6666666666666666,0.25,3,8,2,2,0.40779802203178406,0.8166313767433167,0.35
271,False,placeholder,0.0,insufficient information,Red,0.0,0.0,0.0,0,9,0,0,0.0,0.0,0.0
272,False,placeholder,0.0,insufficient information,A,0.0,0.0,0.0,0,8,0,0,0.0,0.0,0.0
273,False,placeholder,0.0,insufficient information,A,0.0,0.0,0.0,0,6,0,0,0.0,0.0,0.0
274,False,placeholder,0.0,insufficient information,Green,0.0,0.0,0.0,0,9,0,0,0.0,0.0,0.0
275,False,placeholder,0.0,insufficient information,A,0.0,0.0,0.0,0,9,0,0,0.0,0.0,0.0
276,False,placeholder,0.0,insufficient information,C,0.0,0.0,0.0,0,8,0,0,0.0,0.0,0.0
277,False,placeholder,0.0,insufficient information,B,0.0,0.0,0.0,0,8,0,0,0.0,0.0,0.0
278,False,placeholder,0.0,insufficient information,C,0.0,0.0,0.0,0,8,0,0,0.0,0.0,0.0
279,False,placeholder,0.0,insufficient information,B,0.0,0.0,0.0,0,7,0,0,0.0,0.0,0.0
280,False,placeholder,0.0,insufficient information,B,0.0,0.0,0.0,0,8,0,0,0.0,0.0,0.0
281,False,placeholder,0.0,insufficient information,No,0.0,0.0,0.0,0,8,0,0,0.0,0.0,0.0
282,False,placeholder,0.0,insufficient information,B,0.0,0.0,0.0,0,8,0,0,0.0,0.0,0.0
283,False,placeholder,0.0,insufficient information,Red,0.0,0.0,0.0,0,8,0,0,0.0,0.0,0.0
284,False,placeholder,0.0,insufficient information,7,0.0,0.0,0.0,0,10,0,0,0.0,0.0,0.0
285,False,placeholder,0.0,insufficient information,Children,0.0,0.0,0.0,0,8,0,0,0.0,0.0,0.0
286,False,placeholder,0.0,insufficient information,A,0.0,0.0,0.0,0,9,0,0,0.0,0.0,0.0
287,True,yes_no,1.0,No,No,0.5454545454545454,1.0,0.375,3,8,3,3,0.4044359624385834,0.6959673762321472,0.35
288,False,placeholder,0.0,insufficient information,3,0.0,0.0,0.0,0,9,0,0,0.0,0.0,0.0
289,False,placeholder,0.0,insufficient information,No,0.0,0.0,0.0,0,8,0,0,0.0,0.0,0.0
290,False,placeholder,0.0,insufficient information,A,0.0,0.0,0.0,0,8,0,0,0.0,0.0,0.0
291,False,placeholder,0.0,insufficient information,A,0.0,0.0,0.0,0,8,0,0,0.0,0.0,0.0
292,False,placeholder,0.0,insufficient information,4,0.0,0.0,0.0,0,8,0,0,0.0,0.0,0.0
293,False,placeholder,0.0,insufficient information,C,0.0,0.0,0.0,0,8,0,0,0.0,0.0,0.0
294,False,placeholder,0.0,insufficient information,B,0.0,0.0,0.0,0,9,0,0,0.0,0.0,0.0
295,False,placeholder,0.0,insufficient information,B,0.0,0.0,0.0,0,9,0,0,0.0,0.0,0.0
296,False,placeholder,0.0,insufficient information,A,0.0,0.0,0.0,0,8,0,0,0.0,0.0,0.0
297,False,placeholder,0.0,insufficient information,A,0.0,0.0,0.0,0,8,0,0,0.0,0.0,0.0
298,False,placeholder,0.0,insufficient information,A,0.0,0.0,0.0,0,9,0,0,0.0,0.0,0.0
299,False,placeholder,0.0,insufficient information,A,0.0,0.0,0.0,0,8,0,0,0.0,0.0,0.0
300,False,placeholder,0.0,insufficient information,0,0.0,0.0,0.0,0,10,0,0,0.0,0.0,0.0
301,False,yes_no,1.0,no,Yes,0.4,1.0,0.25,2,8,2,2,0.35961097478866577,0.4961150288581848,0.35
302,False,placeholder,0.0,insufficient information,B,0.0,0.0,0.0,0,8,0,0,0.0,0.0,0.0
303,True,yes_no,1.0,Yes,Yes,0.6153846153846154,0.8,0.5,5,8,4,4,0.34392595291137695,0.6775726079940796,0.35
304,False,placeholder,0.0,insufficient information,A,0.0,0.0,0.0,0,8,0,0,0.0,0.0,0.0
305,False,placeholder,0.0,insufficient information,A,0.0,0.0,0.0,0,8,0,0,0.0,0.0,0.0
306,True,yes_no,1.0,No,No,0.4615384615384615,1.0,0.3,3,10,3,3,0.43217360973358154,0.6395265460014343,0.35
307,False,placeholder,0.0,insufficient information,A,0.0,0.0,0.0,0,8,0,0,0.0,0.0,0.0
308,False,placeholder,0.0,insufficient information,No,0.0,0.0,0.0,0,8,0,0,0.0,0.0,0.0
309,False,placeholder,0.0,insufficient information,C,0.0,0.0,0.0,0,9,0,0,0.0,0.0,0.0
310,False,placeholder,0.0,insufficient information,A,0.0,0.0,0.0,0,8,0,0,0.0,0.0,0.0
311,False,placeholder,0.0,insufficient information,C,0.0,0.0,0.0,0,12,0,0,0.0,0.0,0.0
312,False,yes_no,1.0,Yes,No,0.4,1.0,0.25,2,8,2,2,0.26949092745780945,0.5147022604942322,0.35
313,False,placeholder,0.0,insufficient information,B,0.0,0.0,0.0,0,8,0,0,0.0,0.0,0.0
314,True,yes_no,1.0,Yes,Yes,0.4,1.0,0.25,2,8,2,2,0.38596564531326294,0.7003349661827087,0.35
315,False,placeholder,0.0,insufficient information,Yes,0.0,0.0,0.0,0,8,0,0,0.0,0.0,0.0
316,False,placeholder,0.0,insufficient information,B,0.0,0.0,0.0,0,8,0,0,0.0,0.0,0.0
317,False,placeholder,0.0,insufficient information,Green,0.0,0.0,0.0,0,8,0,0,0.0,0.0,0.0
318,False,yes_no,1.0,Yes,No,0.4,1.0,0.25,2,8,2,2,0.4500218331813812,0.69990074634552,0.35
319,False,placeholder,0.0,insufficient information,B,0.0,0.0,0.0,0,9,0,0,0.0,0.0,0.0
320,False,placeholder,0.0,insufficient information,C,0.0,0.0,0.0,0,9,0,0,0.0,0.0,0.0
321,False,placeholder,0.0,insufficient information,2,0.0,0.0,0.0,0,8,0,0,0.0,0.0,0.0
322,False,placeholder,0.0,insufficient information,3,0.0,0.0,0.0,0,8,0,0,0.0,0.0,0.0
323,False,yes_no,1.0,No,Yes,0.3333333333333333,0.6666666666666666,0.2222222222222222,3,9,2,2,0.33443528413772583,0.5961276888847351,0.35
324,False,placeholder,0.0,insufficient information,B,0.0,0.0,0.0,0,9,0,0,0.0,0.0,0.0
325,False,placeholder,0.0,insufficient information,A,0.0,0.0,0.0,0,8,0,0,0.0,0.0,0.0
326,False,placeholder,0.0,insufficient information,C,0.0,0.0,0.0,0,8,0,0,0.0,0.0,0.0
327,True,choice,1.0,A,A,0.5454545454545454,1.0,0.375,3,8,3,3,0.5545027256011963,0.8585670590400696,0.35
328,False,placeholder,0.0,insufficient information,5,0.0,0.0,0.0,0,8,0,0,0.0,0.0,0.0
329,False,placeholder,0.0,insufficient information,C,0.0,0.0,0.0,0,8,0,0,0.0,0.0,0.0
330,False,placeholder,0.0,insufficient information,A,0.0,0.0,0.0,0,9,0,0,0.0,0.0,0.0
331,False,placeholder,0.0,insufficient information,Right,0.0,0.0,0.0,0,8,0,0,0.0,0.0,0.0
332,False,placeholder,0.0,insufficient information,C,0.0,0.0,0.0,0,9,0,0,0.0,0.0,0.0
333,False,placeholder,0.0,insufficient information,Red,0.0,0.0,0.0,0,8,0,0,0.0,0.0,0.0
334,False,placeholder,0.0,insufficient information,3,0.0,0.0,0.0,0,8,0,0,0.0,0.0,0.0
335,False,placeholder,0.0,insufficient information,A,0.0,0.0,0.0,0,10,0,0,0.0,0.0,0.0
336,False,placeholder,0.0,insufficient information,2,0.0,0.0,0.0,0,8,0,0,0.0,0.0,0.0
337,False,placeholder,0.0,insufficient information,A,0.0,0.0,0.0,0,8,0,0,0.0,0.0,0.0
338,False,placeholder,0.0,insufficient information,Yes,0.0,0.0,0.0,0,8,0,0,0.0,0.0,0.0
339,False,placeholder,0.0,insufficient information,Keep,0.0,0.0,0.0,0,9,0,0,0.0,0.0,0.0
340,False,placeholder,0.0,insufficient information,C,0.0,0.0,0.0,0,8,0,0,0.0,0.0,0.0
341,False,placeholder,0.0,insufficient information,C,0.0,0.0,0.0,0,8,0,0,0.0,0.0,0.0
342,False,placeholder,0.0,insufficient information,B,0.0,0.0,0.0,0,8,0,0,0.0,0.0,0.0
343,False,placeholder,0.0,insufficient information,C,0.0,0.0,0.0,0,8,0,0,0.0,0.0,0.0
344,False,placeholder,0.0,insufficient information,2,0.0,0.0,0.0,0,9,0,0,0.0,0.0,0.0
345,False,placeholder,0.0,insufficient information,No,0.0,0.0,0.0,0,8,0,0,0.0,0.0,0.0
346,False,numeric_mismatch,0.0,25,35,0.3076923076923077,1.0,0.18181818181818182,2,11,2,2,0.42477571964263916,0.8106595277786255,0.35
347,False,placeholder,0.0,insufficient information,B,0.0,0.0,0.0,0,9,0,0,0.0,0.0,0.0
348,True,yes_no,1.0,No,No,0.4,1.0,0.25,2,8,2,2,0.34474343061447144,0.552898645401001,0.35
349,True,numeric_exact,1.0,2,2,0.5,1.0,0.3333333333333333,3,9,3,3,0.3421233594417572,0.8272022604942322,0.35
350,False,placeholder,0.0,insufficient information,A,0.0,0.0,0.0,0,8,0,0,0.0,0.0,0.0
351,True,yes_no,1.0,Yes,Yes,0.36363636363636365,0.6666666666666666,0.25,3,8,2,2,0.3746922016143799,0.7609428763389587,0.35
352,True,yes_no,1.0,no,No,0.6153846153846154,0.8,0.5,5,8,4,4,0.28387686610221863,0.5546159744262695,0.35
353,True,yes_no,1.0,Yes,Yes,0.5,0.3333333333333333,1.0,3,1,1,1,0.4298363924026489,0.4604469835758209,0.35
354,False,placeholder,0.0,insufficient information,A,0.0,0.0,0.0,0,8,0,0,0.0,0.0,0.0
355,False,placeholder,0.0,insufficient information,2,0.0,0.0,0.0,0,8,0,0,0.0,0.0,0.0
356,False,placeholder,0.0,insufficient information,C,0.0,0.0,0.0,0,9,0,0,0.0,0.0,0.0
357,True,yes_no,1.0,No,No,0.4615384615384615,1.0,0.3,3,10,3,3,0.3747488260269165,0.6716675758361816,0.35
358,False,placeholder,0.0,insufficient information,Yes,0.0,0.0,0.0,0,8,0,0,0.0,0.0,0.0
359,False,numeric_mismatch,0.0,2,1,0.5454545454545454,1.0,0.375,3,8,3,3,0.44544923305511475,0.7175838947296143,0.35
360,True,yes_no,1.0,Yes,Yes,0.5454545454545454,1.0,0.375,3,8,3,3,0.5321508646011353,0.7759816646575928,0.35
361,False,placeholder,0.0,insufficient information,2,0.0,0.0,0.0,0,9,0,0,0.0,0.0,0.0
362,False,placeholder,0.0,insufficient information,C,0.0,0.0,0.0,0,8,0,0,0.0,0.0,0.0
363,False,placeholder,0.0,insufficient information,C,0.0,0.0,0.0,0,8,0,0,0.0,0.0,0.0
364,False,yes_no,1.0,No,Yes,0.4,1.0,0.25,2,8,2,2,0.3165416121482849,0.5310719013214111,0.35
365,False,placeholder,0.0,insufficient information,C,0.0,0.0,0.0,0,8,0,0,0.0,0.0,0.0
366,False,placeholder,0.0,insufficient information,C,0.0,0.0,0.0,0,9,0,0,0.0,0.0,0.0
367,False,placeholder,0.0,insufficient information,C,0.0,0.0,0.0,0,8,0,0,0.0,0.0,0.0
368,True,yes_no,1.0,no,No,0.4,1.0,0.25,2,8,2,2,0.4322574734687805,0.7662348747253418,0.35
369,False,placeholder,0.0,insufficient information,B,0.0,0.0,0.0,0,8,0,0,0.0,0.0,0.0
370,False,placeholder,0.0,insufficient information,A,0.0,0.0,0.0,0,10,0,0,0.0,0.0,0.0
371,False,placeholder,0.0,insufficient information,A,0.0,0.0,0.0,0,9,0,0,0.0,0.0,0.0
372,False,placeholder,0.0,insufficient information,B,0.0,0.0,0.0,0,8,0,0,0.0,0.0,0.0
373,False,yes_no,1.0,red,No,0.5,0.3333333333333333,1.0,3,1,1,1,0.5674624443054199,0.5890769958496094,0.35
374,False,placeholder,0.0,insufficient information,Pedestrian,0.0,0.0,0.0,0,8,0,0,0.0,0.0,0.0
375,True,yes_no,1.0,Yes,Yes,0.5,1.0,0.3333333333333333,3,9,3,3,0.3981069028377533,0.8684493899345398,0.35
376,False,placeholder,0.0,insufficient information,B,0.0,0.0,0.0,0,8,0,0,0.0,0.0,0.0
377,False,placeholder,0.0,insufficient information,A,0.0,0.0,0.0,0,8,0,0,0.0,0.0,0.0
378,False,placeholder,0.0,insufficient information,C,0.0,0.0,0.0,0,8,0,0,0.0,0.0,0.0
379,False,placeholder,0.0,insufficient information,C,0.0,0.0,0.0,0,8,0,0,0.0,0.0,0.0
380,False,placeholder,0.0,insufficient information,Yes,0.0,0.0,0.0,0,10,0,0,0.0,0.0,0.0
381,False,placeholder,0.0,insufficient information,B,0.0,0.0,0.0,0,8,0,0,0.0,0.0,0.0
382,False,placeholder,0.0,insufficient information,No,0.0,0.0,0.0,0,8,0,0,0.0,0.0,0.0
383,False,placeholder,0.0,insufficient information,A,0.0,0.0,0.0,0,9,0,0,0.0,0.0,0.0
384,True,yes_no,1.0,Yes,Yes,0.3636363636363636,1.0,0.2222222222222222,2,9,2,2,0.42327994108200073,0.8078176975250244,0.35
385,False,yes_no,1.0,Yes,No,0.5454545454545454,1.0,0.375,3,8,3,3,0.3677395284175873,0.6265533566474915,0.35
386,False,placeholder,0.0,insufficient information,1,0.0,0.0,0.0,0,8,0,0,0.0,0.0,0.0
387,True,yes_no,1.0,Yes,Yes,0.5454545454545454,1.0,0.375,3,8,3,3,0.4173344075679779,0.7045249938964844,0.35
388,False,yes_no,1.0,Yes,No,0.5454545454545454,1.0,0.375,3,8,3,3,0.39258280396461487,0.717748761177063,0.35
389,False,placeholder,0.0,insufficient information,C,0.0,0.0,0.0,0,8,0,0,0.0,0.0,0.0
390,False,placeholder,0.0,insufficient information,C,0.0,0.0,0.0,0,9,0,0,0.0,0.0,0.0
391,False,placeholder,0.0,insufficient information,B,0.0,0.0,0.0,0,9,0,0,0.0,0.0,0.0
392,False,placeholder,0.0,insufficient information,C,0.0,0.0,0.0,0,8,0,0,0.0,0.0,0.0
393,True,yes_no,1.0,Yes,Yes,0.5454545454545454,1.0,0.375,3,8,3,3,0.33812689781188965,0.6651270985603333,0.35
394,False,placeholder,0.0,insufficient information,A,0.0,0.0,0.0,0,8,0,0,0.0,0.0,0.0
395,False,placeholder,0.0,insufficient information,A,0.0,0.0,0.0,0,8,0,0,0.0,0.0,0.0
396,False,placeholder,0.0,insufficient information,0,0.0,0.0,0.0,0,9,0,0,0.0,0.0,0.0
397,False,placeholder,0.0,insufficient information,A,0.0,0.0,0.0,0,9,0,0,0.0,0.0,0.0
398,False,placeholder,0.0,insufficient information,B,0.0,0.0,0.0,0,8,0,0,0.0,0.0,0.0
399,False,placeholder,0.0,insufficient information,1,0.0,0.0,0.0,0,9,0,0,0.0,0.0,0.0
400,False,placeholder,0.0,insufficient information,B,0.0,0.0,0.0,0,8,0,0,0.0,0.0,0.0
401,False,placeholder,0.0,insufficient information,A,0.0,0.0,0.0,0,8,0,0,0.0,0.0,0.0
402,False,placeholder,0.0,insufficient information,B,0.0,0.0,0.0,0,8,0,0,0.0,0.0,0.0
403,False,placeholder,0.0,insufficient information,C,0.0,0.0,0.0,0,8,0,0,0.0,0.0,0.0
404,True,choice,1.0,A,A,0.5454545454545454,1.0,0.375,3,8,3,3,0.4801062047481537,0.8823179602622986,0.35
405,False,placeholder,0.0,insufficient information,B,0.0,0.0,0.0,0,8,0,0,0.0,0.0,0.0
406,True,yes_no,1.0,no,No,0.4,1.0,0.25,2,8,2,2,0.3731628358364105,0.6938033699989319,0.35
407,False,placeholder,0.0,insufficient information,3,0.0,0.0,0.0,0,9,0,0,0.0,0.0,0.0
408,False,placeholder,0.0,insufficient information,B,0.0,0.0,0.0,0,8,0,0,0.0,0.0,0.0
409,False,placeholder,0.0,insufficient information,B,0.0,0.0,0.0,0,9,0,0,0.0,0.0,0.0
410,False,placeholder,0.0,insufficient information,C,0.0,0.0,0.0,0,9,0,0,0.0,0.0,0.0
411,False,placeholder,0.0,insufficient information,B,0.0,0.0,0.0,0,9,0,0,0.0,0.0,0.0
412,False,placeholder,0.0,insufficient information,Green,0.0,0.0,0.0,0,8,0,0,0.0,0.0,0.0
413,False,placeholder,0.0,insufficient information,B,0.0,0.0,0.0,0,8,0,0,0.0,0.0,0.0
414,True,yes_no,1.0,Yes,Yes,0.4,1.0,0.25,2,8,2,2,0.5423563718795776,0.8669219613075256,0.35
415,False,choice,1.0,A,B,0.5454545454545454,1.0,0.375,3,8,3,3,0.6606836318969727,0.8016229867935181,0.35
416,False,placeholder,0.0,insufficient information,8,0.0,0.0,0.0,0,9,0,0,0.0,0.0,0.0
417,False,placeholder,0.0,insufficient information,2,0.0,0.0,0.0,0,8,0,0,0.0,0.0,0.0
418,False,placeholder,0.0,insufficient information,No,0.0,0.0,0.0,0,8,0,0,0.0,0.0,0.0
419,False,placeholder,0.0,insufficient information,Green,0.0,0.0,0.0,0,8,0,0,0.0,0.0,0.0
420,False,placeholder,0.0,insufficient information,1,0.0,0.0,0.0,0,10,0,0,0.0,0.0,0.0
421,False,placeholder,0.0,insufficient information,Red,0.0,0.0,0.0,0,8,0,0,0.0,0.0,0.0
422,False,placeholder,0.0,insufficient information,B,0.0,0.0,0.0,0,9,0,0,0.0,0.0,0.0
423,True,yes_no,1.0,No,No,0.5454545454545454,1.0,0.375,3,8,3,3,0.4278963804244995,0.6768964529037476,0.35
424,False,placeholder,0.0,insufficient information,A,0.0,0.0,0.0,0,8,0,0,0.0,0.0,0.0
425,False,placeholder,0.0,insufficient information,C,0.0,0.0,0.0,0,8,0,0,0.0,0.0,0.0
426,False,placeholder,0.0,insufficient information,1,0.0,0.0,0.0,0,8,0,0,0.0,0.0,0.0
427,False,placeholder,0.0,insufficient information,A,0.0,0.0,0.0,0,10,0,0,0.0,0.0,0.0
428,False,placeholder,0.0,insufficient information,A,0.0,0.0,0.0,0,9,0,0,0.0,0.0,0.0
429,False,placeholder,0.0,insufficient information,B,0.0,0.0,0.0,0,8,0,0,0.0,0.0,0.0
430,False,yes_no,1.0,no,Yes,0.4,1.0,0.25,2,8,2,2,0.40442392230033875,0.6312797665596008,0.35
431,False,placeholder,0.0,insufficient information,C,0.0,0.0,0.0,0,9,0,0,0.0,0.0,0.0
432,False,placeholder,0.0,insufficient information,C,0.0,0.0,0.0,0,8,0,0,0.0,0.0,0.0
433,False,yes_no,1.0,No,Yes,0.36363636363636365,0.6666666666666666,0.25,3,8,2,2,0.26408758759498596,0.513407289981842,0.35
434,False,placeholder,0.0,insufficient information,B,0.0,0.0,0.0,0,9,0,0,0.0,0.0,0.0
435,False,placeholder,0.0,insufficient information,B,0.0,0.0,0.0,0,10,0,0,0.0,0.0,0.0
436,False,placeholder,0.0,insufficient information,A,0.0,0.0,0.0,0,10,0,0,0.0,0.0,0.0
437,False,placeholder,0.0,insufficient information,B,0.0,0.0,0.0,0,9,0,0,0.0,0.0,0.0
438,False,placeholder,0.0,insufficient information,A,0.0,0.0,0.0,0,10,0,0,0.0,0.0,0.0
439,False,yes_no,1.0,No,Yes,0.5454545454545454,1.0,0.375,3,8,3,3,0.36808571219444275,0.6029045581817627,0.35
440,False,placeholder,0.0,insufficient information,0,0.0,0.0,0.0,0,10,0,0,0.0,0.0,0.0
441,False,placeholder,0.0,insufficient information,Yes,0.0,0.0,0.0,0,8,0,0,0.0,0.0,0.0
442,False,placeholder,0.0,insufficient information,C,0.0,0.0,0.0,0,8,0,0,0.0,0.0,0.0
443,False,numeric_mismatch,0.0,3,0,0.5,1.0,0.3333333333333333,3,9,3,3,0.41420745849609375,0.6611658930778503,0.35
444,False,placeholder,0.0,insufficient information,Green,0.0,0.0,0.0,0,8,0,0,0.0,0.0,0.0
445,False,placeholder,0.0,insufficient information,2,0.0,0.0,0.0,0,9,0,0,0.0,0.0,0.0
446,False,placeholder,0.0,insufficient information,C,0.0,0.0,0.0,0,8,0,0,0.0,0.0,0.0
447,False,placeholder,0.0,insufficient information,C,0.0,0.0,0.0,0,10,0,0,0.0,0.0,0.0
448,False,placeholder,0.0,insufficient information,C,0.0,0.0,0.0,0,8,0,0,0.0,0.0,0.0
449,False,placeholder,0.0,insufficient information,A,0.0,0.0,0.0,0,9,0,0,0.0,0.0,0.0
450,False,placeholder,0.0,insufficient information,A,0.0,0.0,0.0,0,8,0,0,0.0,0.0,0.0
451,False,placeholder,0.0,insufficient information,A,0.0,0.0,0.0,0,8,0,0,0.0,0.0,0.0
452,False,placeholder,0.0,insufficient information,Green,0.0,0.0,0.0,0,8,0,0,0.0,0.0,0.0
453,False,placeholder,0.0,insufficient information,C,0.0,0.0,0.0,0,8,0,0,0.0,0.0,0.0
454,False,placeholder,0.0,insufficient information,0,0.0,0.0,0.0,0,10,0,0,0.0,0.0,0.0
455,False,yes_no,1.0,insufficient information,No,0.4,1.0,0.25,2,8,2,2,0.45995479822158813,0.67873615026474,0.35
456,False,placeholder,0.0,insufficient information,A,0.0,0.0,0.0,0,9,0,0,0.0,0.0,0.0
457,False,placeholder,0.0,insufficient information,Yes,0.0,0.0,0.0,0,9,0,0,0.0,0.0,0.0
458,False,placeholder,0.0,insufficient information,B,0.0,0.0,0.0,0,8,0,0,0.0,0.0,0.0
459,False,placeholder,0.0,insufficient information,Yes,0.0,0.0,0.0,0,8,0,0,0.0,0.0,0.0
460,False,placeholder,0.0,insufficient information,B,0.0,0.0,0.0,0,8,0,0,0.0,0.0,0.0
461,False,placeholder,0.0,insufficient information,Yes,0.0,0.0,0.0,0,8,0,0,0.0,0.0,0.0
462,False,placeholder,0.0,insufficient information,A,0.0,0.0,0.0,0,8,0,0,0.0,0.0,0.0
463,False,placeholder,0.0,insufficient information,A,0.0,0.0,0.0,0,8,0,0,0.0,0.0,0.0
464,True,yes_no,1.0,Yes,Yes,0.4,1.0,0.25,2,8,2,2,0.5065377950668335,0.7430117130279541,0.35
465,False,placeholder,0.0,insufficient information,C,0.0,0.0,0.0,0,8,0,0,0.0,0.0,0.0
466,False,placeholder,0.0,insufficient information,A,0.0,0.0,0.0,0,8,0,0,0.0,0.0,0.0
467,False,yes_no,1.0,5,No,0.5,1.0,0.3333333333333333,3,9,3,3,0.4481770098209381,0.7057140469551086,0.35
468,True,yes_no,1.0,No,No,0.5454545454545454,1.0,0.375,3,8,3,3,0.32006362080574036,0.7516758441925049,0.35
469,False,placeholder,0.0,insufficient information,1,0.0,0.0,0.0,0,8,0,0,0.0,0.0,0.0
470,False,placeholder,0.0,insufficient information,A,0.0,0.0,0.0,0,8,0,0,0.0,0.0,0.0
471,False,placeholder,0.0,insufficient information,B,0.0,0.0,0.0,0,8,0,0,0.0,0.0,0.0
472,False,placeholder,0.0,insufficient information,Yes,0.0,0.0,0.0,0,10,0,0,0.0,0.0,0.0
473,False,placeholder,0.0,insufficient information,Downhill,0.0,0.0,0.0,0,10,0,0,0.0,0.0,0.0
474,False,placeholder,0.0,insufficient information,C,0.0,0.0,0.0,0,8,0,0,0.0,0.0,0.0
475,True,yes_no,1.0,No,No,0.4615384615384615,1.0,0.3,3,10,3,3,0.43808069825172424,0.7970873117446899,0.35
476,False,placeholder,0.0,insufficient information,B,0.0,0.0,0.0,0,9,0,0,0.0,0.0,0.0
477,False,placeholder,0.0,insufficient information,3,0.0,0.0,0.0,0,7,0,0,0.0,0.0,0.0
478,False,placeholder,0.0,insufficient information,11,0.0,0.0,0.0,0,10,0,0,0.0,0.0,0.0
479,True,yes_no,1.0,no,No,0.7692307692307693,1.0,0.625,5,8,5,5,0.3639121651649475,0.7437188029289246,0.35
480,True,choice,1.0,C,C,0.36363636363636365,0.6666666666666666,0.25,3,8,2,2,0.39542055130004883,0.725166380405426,0.35
481,False,placeholder,0.0,insufficient information,Yes,0.0,0.0,0.0,0,8,0,0,0.0,0.0,0.0
482,False,placeholder,0.0,insufficient information,Yellow,0.0,0.0,0.0,0,8,0,0,0.0,0.0,0.0
483,False,placeholder,0.0,insufficient information,B,0.0,0.0,0.0,0,9,0,0,0.0,0.0,0.0
484,False,placeholder,0.0,insufficient information,A,0.0,0.0,0.0,0,8,0,0,0.0,0.0,0.0
485,True,yes_no,1.0,Yes,Yes,0.5454545454545454,1.0,0.375,3,8,3,3,0.43413910269737244,0.7493555545806885,0.35
486,False,placeholder,0.0,insufficient information,B,0.0,0.0,0.0,0,8,0,0,0.0,0.0,0.0
487,False,placeholder,0.0,insufficient information,C,0.0,0.0,0.0,0,8,0,0,0.0,0.0,0.0
488,False,placeholder,0.0,insufficient information,A,0.0,0.0,0.0,0,8,0,0,0.0,0.0,0.0
489,False,placeholder,0.0,insufficient information,Red,0.0,0.0,0.0,0,8,0,0,0.0,0.0,0.0
490,False,placeholder,0.0,insufficient information,A,0.0,0.0,0.0,0,8,0,0,0.0,0.0,0.0
491,False,placeholder,0.0,insufficient information,B,0.0,0.0,0.0,0,8,0,0,0.0,0.0,0.0
492,False,yes_no,1.0,Yes,No,0.4,1.0,0.25,2,8,2,2,0.4944901764392853,0.7059855461120605,0.35
493,False,placeholder,0.0,insufficient information,1,0.0,0.0,0.0,0,8,0,0,0.0,0.0,0.0
494,False,placeholder,0.0,insufficient information,C,0.0,0.0,0.0,0,8,0,0,0.0,0.0,0.0
495,False,placeholder,0.0,insufficient information,2,0.0,0.0,0.0,0,8,0,0,0.0,0.0,0.0
496,False,placeholder,0.0,insufficient information,B,0.0,0.0,0.0,0,8,0,0,0.0,0.0,0.0
497,False,placeholder,0.0,insufficient information,A,0.0,0.0,0.0,0,9,0,0,0.0,0.0,0.0
498,False,placeholder,0.0,insufficient information,B,0.0,0.0,0.0,0,9,0,0,0.0,0.0,0.0
499,True,yes_no,1.0,Yes,Yes,0.6,1.0,0.42857142857142855,3,7,3,3,0.3629792630672455,0.6834540367126465,0.35
500,False,placeholder,0.0,insufficient information,Yes,0.0,0.0,0.0,0,8,0,0,0.0,0.0,0.0
501,False,placeholder,0.0,insufficient information,3,0.0,0.0,0.0,0,9,0,0,0.0,0.0,0.0
502,False,placeholder,0.0,insufficient information,C,0.0,0.0,0.0,0,8,0,0,0.0,0.0,0.0
503,False,placeholder,0.0,insufficient information,C,0.0,0.0,0.0,0,8,0,0,0.0,0.0,0.0
504,False,yes_no,1.0,Yes,No,0.4615384615384615,1.0,0.3,3,10,3,3,0.40600818395614624,0.7111451029777527,0.35
505,False,placeholder,0.0,insufficient information,No,0.0,0.0,0.0,0,8,0,0,0.0,0.0,0.0
506,False,numeric_mismatch,0.0,2,1,0.5454545454545454,1.0,0.375,3,8,3,3,0.3671428859233856,0.5571558475494385,0.35
507,False,placeholder,0.0,insufficient information,C,0.0,0.0,0.0,0,8,0,0,0.0,0.0,0.0
508,True,yes_no,1.0,Yes,Yes,0.4,1.0,0.25,2,8,2,2,0.44505900144577026,0.7224262952804565,0.35
509,False,placeholder,0.0,insufficient information,A,0.0,0.0,0.0,0,8,0,0,0.0,0.0,0.0
510,False,placeholder,0.0,insufficient information,B,0.0,0.0,0.0,0,8,0,0,0.0,0.0,0.0
511,True,yes_no,1.0,Yes,Yes,0.3636363636363636,1.0,0.2222222222222222,2,9,2,2,0.4924432933330536,0.7223353385925293,0.35
512,False,placeholder,0.0,insufficient information,C,0.0,0.0,0.0,0,10,0,0,0.0,0.0,0.0
513,False,placeholder,0.0,insufficient information,B,0.0,0.0,0.0,0,8,0,0,0.0,0.0,0.0
514,True,yes_no,1.0,Yes,Yes,0.5454545454545454,1.0,0.375,3,8,3,3,0.48856914043426514,0.7469965815544128,0.35
515,False,placeholder,0.0,insufficient information,C,0.0,0.0,0.0,0,8,0,0,0.0,0.0,0.0
516,False,yes_no,1.0,Yes,No,0.5454545454545454,1.0,0.375,3,8,3,3,0.4323469400405884,0.7953991889953613,0.35
517,False,placeholder,0.0,insufficient information,A,0.0,0.0,0.0,0,9,0,0,0.0,0.0,0.0
518,False,placeholder,0.0,insufficient information,B,0.0,0.0,0.0,0,8,0,0,0.0,0.0,0.0
519,False,placeholder,0.0,insufficient information,A,0.0,0.0,0.0,0,8,0,0,0.0,0.0,0.0
520,False,placeholder,0.0,insufficient information,C,0.0,0.0,0.0,0,8,0,0,0.0,0.0,0.0
521,False,placeholder,0.0,insufficient information,A,0.0,0.0,0.0,0,8,0,0,0.0,0.0,0.0
522,False,placeholder,0.0,insufficient information,B,0.0,0.0,0.0,0,9,0,0,0.0,0.0,0.0
523,False,placeholder,0.0,insufficient information,B,0.0,0.0,0.0,0,8,0,0,0.0,0.0,0.0
524,True,yes_no,1.0,No,No,0.5,1.0,0.3333333333333333,3,9,3,3,0.4149988889694214,0.8273376226425171,0.35
525,False,placeholder,0.0,insufficient information,A,0.0,0.0,0.0,0,8,0,0,0.0,0.0,0.0
526,False,placeholder,0.0,insufficient information,A,0.0,0.0,0.0,0,8,0,0,0.0,0.0,0.0
527,False,placeholder,0.0,insufficient information,A,0.0,0.0,0.0,0,8,0,0,0.0,0.0,0.0
528,False,placeholder,0.0,insufficient information,B,0.0,0.0,0.0,0,8,0,0,0.0,0.0,0.0
529,False,placeholder,0.0,insufficient information,C,0.0,0.0,0.0,0,8,0,0,0.0,0.0,0.0
530,True,yes_no,1.0,no,No,0.4,1.0,0.25,2,8,2,2,0.41841334104537964,0.6774023175239563,0.35
531,True,yes_no,1.0,Yes,Yes,0.5,1.0,0.3333333333333333,3,9,3,3,0.5049896836280823,0.7454586625099182,0.35
532,True,exact,1.0,green,Green,0.6666666666666666,1.0,0.5,4,8,4,4,0.45587003231048584,0.7323005795478821,0.35
533,False,placeholder,0.0,insufficient information,A,0.0,0.0,0.0,0,8,0,0,0.0,0.0,0.0
534,False,placeholder,0.0,insufficient information,C,0.0,0.0,0.0,0,8,0,0,0.0,0.0,0.0
535,False,placeholder,0.0,insufficient information,C,0.0,0.0,0.0,0,8,0,0,0.0,0.0,0.0
536,False,placeholder,0.0,insufficient information,B,0.0,0.0,0.0,0,9,0,0,0.0,0.0,0.0
537,False,yes_no,1.0,Yes,No,0.5454545454545454,1.0,0.375,3,8,3,3,0.4246985912322998,0.7493031024932861,0.35
538,False,yes_no,1.0,Yes,No,0.5,1.0,0.3333333333333333,3,9,3,3,0.4857143759727478,0.83617103099823,0.35
539,False,placeholder,0.0,insufficient information,No,0.0,0.0,0.0,0,9,0,0,0.0,0.0,0.0
540,False,placeholder,0.0,insufficient information,2,0.0,0.0,0.0,0,9,0,0,0.0,0.0,0.0
541,True,yes_no,1.0,no,No,0.5,1.0,0.3333333333333333,3,9,3,3,0.37028640508651733,0.6702042818069458,0.35
542,False,yes_no,1.0,Yes,No,0.4,1.0,0.25,2,8,2,2,0.42809009552001953,0.5878410339355469,0.35
543,False,placeholder,0.0,insufficient information,C,0.0,0.0,0.0,0,8,0,0,0.0,0.0,0.0
544,False,placeholder,0.0,insufficient information,Green,0.0,0.0,0.0,0,8,0,0,0.0,0.0,0.0
545,False,placeholder,0.0,insufficient information,C,0.0,0.0,0.0,0,8,0,0,0.0,0.0,0.0
546,False,placeholder,0.0,insufficient information,B,0.0,0.0,0.0,0,9,0,0,0.0,0.0,0.0
547,False,placeholder,0.0,insufficient information,C,0.0,0.0,0.0,0,10,0,0,0.0,0.0,0.0
548,False,placeholder,0.0,insufficient information,C,0.0,0.0,0.0,0,8,0,0,0.0,0.0,0.0
549,False,placeholder,0.0,insufficient information,B,0.0,0.0,0.0,0,8,0,0,0.0,0.0,0.0
550,False,placeholder,0.0,insufficient information,C,0.0,0.0,0.0,0,8,0,0,0.0,0.0,0.0
551,False,placeholder,0.0,insufficient information,Green,0.0,0.0,0.0,0,8,0,0,0.0,0.0,0.0
552,False,placeholder,0.0,insufficient information,2,0.0,0.0,0.0,0,9,0,0,0.0,0.0,0.0
553,True,yes_no,1.0,Yes,Yes,0.36363636363636365,0.6666666666666666,0.25,3,8,2,2,0.4071519374847412,0.7200459837913513,0.35
554,False,placeholder,0.0,insufficient information,C,0.0,0.0,0.0,0,8,0,0,0.0,0.0,0.0
555,False,placeholder,0.0,insufficient information,B,0.0,0.0,0.0,0,8,0,0,0.0,0.0,0.0
556,False,placeholder,0.0,insufficient information,C,0.0,0.0,0.0,0,8,0,0,0.0,0.0,0.0
557,False,placeholder,0.0,insufficient information,B,0.0,0.0,0.0,0,8,0,0,0.0,0.0,0.0
558,False,placeholder,0.0,insufficient information,1,0.0,0.0,0.0,0,9,0,0,0.0,0.0,0.0
559,False,placeholder,0.0,insufficient information,Red,0.0,0.0,0.0,0,8,0,0,0.0,0.0,0.0
560,False,placeholder,0.0,insufficient information,C,0.0,0.0,0.0,0,8,0,0,0.0,0.0,0.0
561,False,placeholder,0.0,insufficient information,B,0.0,0.0,0.0,0,8,0,0,0.0,0.0,0.0
562,False,placeholder,0.0,insufficient information,1,0.0,0.0,0.0,0,8,0,0,0.0,0.0,0.0
563,False,placeholder,0.0,insufficient information,2,0.0,0.0,0.0,0,9,0,0,0.0,0.0,0.0
564,False,placeholder,0.0,insufficient information,C,0.0,0.0,0.0,0,8,0,0,0.0,0.0,0.0
565,False,placeholder,0.0,insufficient information,B,0.0,0.0,0.0,0,12,0,0,0.0,0.0,0.0
566,True,yes_no,1.0,Yes,Yes,0.5454545454545454,1.0,0.375,3,8,3,3,0.4726419448852539,0.7841030359268188,0.35
567,False,placeholder,0.0,insufficient information,C,0.0,0.0,0.0,0,8,0,0,0.0,0.0,0.0
568,False,placeholder,0.0,insufficient information,B,0.0,0.0,0.0,0,8,0,0,0.0,0.0,0.0
569,False,placeholder,0.0,insufficient information,A,0.0,0.0,0.0,0,9,0,0,0.0,0.0,0.0
570,False,placeholder,0.0,insufficient information,B,0.0,0.0,0.0,0,8,0,0,0.0,0.0,0.0
571,False,placeholder,0.0,insufficient information,Red,0.0,0.0,0.0,0,8,0,0,0.0,0.0,0.0
572,False,placeholder,0.0,insufficient information,1,0.0,0.0,0.0,0,10,0,0,0.0,0.0,0.0
573,False,placeholder,0.0,insufficient information,C,0.0,0.0,0.0,0,8,0,0,0.0,0.0,0.0
574,False,placeholder,0.0,insufficient information,A,0.0,0.0,0.0,0,8,0,0,0.0,0.0,0.0
575,False,placeholder,0.0,insufficient information,A,0.0,0.0,0.0,0,8,0,0,0.0,0.0,0.0
576,False,yes_no,1.0,Yes,No,0.3636363636363636,1.0,0.2222222222222222,2,9,2,2,0.294650137424469,0.7181728482246399,0.35
577,False,placeholder,0.0,insufficient information,C,0.0,0.0,0.0,0,8,0,0,0.0,0.0,0.0
578,True,yes_no,1.0,Yes,Yes,0.5,1.0,0.3333333333333333,3,9,3,3,0.5309140682220459,0.8195294737815857,0.35
579,False,placeholder,0.0,insufficient information,1,0.0,0.0,0.0,0,8,0,0,0.0,0.0,0.0
580,False,placeholder,0.0,insufficient information,A,0.0,0.0,0.0,0,9,0,0,0.0,0.0,0.0
581,False,placeholder,0.0,insufficient information,B,0.0,0.0,0.0,0,8,0,0,0.0,0.0,0.0
582,False,placeholder,0.0,insufficient information,B,0.0,0.0,0.0,0,8,0,0,0.0,0.0,0.0
583,False,placeholder,0.0,insufficient information,A,0.0,0.0,0.0,0,9,0,0,0.0,0.0,0.0
584,False,placeholder,0.0,insufficient information,D,0.0,0.0,0.0,0,9,0,0,0.0,0.0,0.0
585,False,placeholder,0.0,insufficient information,0,0.0,0.0,0.0,0,9,0,0,0.0,0.0,0.0
586,False,placeholder,0.0,insufficient information,Yes,0.0,0.0,0.0,0,8,0,0,0.0,0.0,0.0
587,False,placeholder,0.0,insufficient information,C,0.0,0.0,0.0,0,8,0,0,0.0,0.0,0.0
588,False,placeholder,0.0,insufficient information,1,0.0,0.0,0.0,0,8,0,0,0.0,0.0,0.0
589,False,placeholder,0.0,insufficient information,No,0.0,0.0,0.0,0,8,0,0,0.0,0.0,0.0
590,False,placeholder,0.0,insufficient information,C,0.0,0.0,0.0,0,8,0,0,0.0,0.0,0.0
591,False,placeholder,0.0,insufficient information,C,0.0,0.0,0.0,0,8,0,0,0.0,0.0,0.0
592,False,placeholder,0.0,insufficient information,3,0.0,0.0,0.0,0,8,0,0,0.0,0.0,0.0
593,False,placeholder,0.0,insufficient information,C,0.0,0.0,0.0,0,8,0,0,0.0,0.0,0.0
594,False,placeholder,0.0,insufficient information,1,0.0,0.0,0.0,0,8,0,0,0.0,0.0,0.0
595,False,placeholder,0.0,insufficient information,1,0.0,0.0,0.0,0,8,0,0,0.0,0.0,0.0
596,False,placeholder,0.0,insufficient information,2,0.0,0.0,0.0,0,8,0,0,0.0,0.0,0.0
597,True,yes_no,1.0,no,No,0.4,1.0,0.25,2,8,2,2,0.3510400354862213,0.6702677011489868,0.35
598,False,placeholder,0.0,insufficient information,No,0.0,0.0,0.0,0,9,0,0,0.0,0.0,0.0
599,False,placeholder,0.0,insufficient information,A,0.0,0.0,0.0,0,9,0,0,0.0,0.0,0.0
600,False,placeholder,0.0,insufficient information,B,0.0,0.0,0.0,0,8,0,0,0.0,0.0,0.0
601,False,placeholder,0.0,insufficient information,C,0.0,0.0,0.0,0,9,0,0,0.0,0.0,0.0
602,False,placeholder,0.0,insufficient information,A,0.0,0.0,0.0,0,8,0,0,0.0,0.0,0.0
603,False,placeholder,0.0,insufficient information,A,0.0,0.0,0.0,0,9,0,0,0.0,0.0,0.0
604,False,placeholder,0.0,insufficient information,0,0.0,0.0,0.0,0,8,0,0,0.0,0.0,0.0
605,False,placeholder,0.0,insufficient information,2,0.0,0.0,0.0,0,8,0,0,0.0,0.0,0.0
606,False,placeholder,0.0,insufficient information,C,0.0,0.0,0.0,0,8,0,0,0.0,0.0,0.0
607,True,yes_no,1.0,Yes,Yes,0.5454545454545454,1.0,0.375,3,8,3,3,0.43817397952079773,0.7885870337486267,0.35
608,True,yes_no,1.0,no,No,0.6,1.0,0.42857142857142855,3,7,3,3,0.43995431065559387,0.8390477895736694,0.35
609,False,placeholder,0.0,insufficient information,A,0.0,0.0,0.0,0,8,0,0,0.0,0.0,0.0
610,False,placeholder,0.0,insufficient information,1,0.0,0.0,0.0,0,10,0,0,0.0,0.0,0.0
611,False,placeholder,0.0,insufficient information,Green,0.0,0.0,0.0,0,8,0,0,0.0,0.0,0.0
612,False,placeholder,0.0,insufficient information,A,0.0,0.0,0.0,0,8,0,0,0.0,0.0,0.0
613,True,yes_no,1.0,Yes,Yes,0.4,1.0,0.25,2,8,2,2,0.4769834280014038,0.8371273875236511,0.35
614,False,placeholder,0.0,insufficient information,B,0.0,0.0,0.0,0,10,0,0,0.0,0.0,0.0
615,False,yes_no,1.0,insufficient information,No,0.5454545454545454,1.0,0.375,3,8,3,3,0.4077637493610382,0.7310603260993958,0.35
616,False,placeholder,0.0,insufficient information,D,0.0,0.0,0.0,0,9,0,0,0.0,0.0,0.0
617,False,placeholder,0.0,insufficient information,C,0.0,0.0,0.0,0,8,0,0,0.0,0.0,0.0
618,False,placeholder,0.0,insufficient information,No,0.0,0.0,0.0,0,8,0,0,0.0,0.0,0.0
619,False,placeholder,0.0,insufficient information,A,0.0,0.0,0.0,0,9,0,0,0.0,0.0,0.0
620,False,placeholder,0.0,insufficient information,C,0.0,0.0,0.0,0,8,0,0,0.0,0.0,0.0
621,False,placeholder,0.0,insufficient information,B,0.0,0.0,0.0,0,8,0,0,0.0,0.0,0.0
622,False,placeholder,0.0,insufficient information,A,0.0,0.0,0.0,0,8,0,0,0.0,0.0,0.0
623,False,placeholder,0.0,insufficient information,B,0.0,0.0,0.0,0,8,0,0,0.0,0.0,0.0
624,False,exact,1.0,Yes,A,0.4285714285714285,0.75,0.3,4,10,3,3,0.3428102135658264,0.708367645740509,0.35
625,False,placeholder,0.0,insufficient information,A,0.0,0.0,0.0,0,8,0,0,0.0,0.0,0.0
626,False,placeholder,0.0,insufficient information,A,0.0,0.0,0.0,0,10,0,0,0.0,0.0,0.0
627,False,placeholder,0.0,insufficient information,B,0.0,0.0,0.0,0,8,0,0,0.0,0.0,0.0
628,False,placeholder,0.0,insufficient information,2,0.0,0.0,0.0,0,8,0,0,0.0,0.0,0.0
629,False,placeholder,0.0,insufficient information,B,0.0,0.0,0.0,0,8,0,0,0.0,0.0,0.0
630,False,placeholder,0.0,insufficient information,A,0.0,0.0,0.0,0,8,0,0,0.0,0.0,0.0
631,False,placeholder,0.0,insufficient information,A,0.0,0.0,0.0,0,8,0,0,0.0,0.0,0.0
632,False,placeholder,0.0,insufficient information,No,0.0,0.0,0.0,0,8,0,0,0.0,0.0,0.0
633,False,placeholder,0.0,insufficient information,No,0.0,0.0,0.0,0,8,0,0,0.0,0.0,0.0
634,False,placeholder,0.0,insufficient information,C,0.0,0.0,0.0,0,8,0,0,0.0,0.0,0.0
635,False,placeholder,0.0,insufficient information,1,0.0,0.0,0.0,0,8,0,0,0.0,0.0,0.0
636,False,placeholder,0.0,insufficient information,A,0.0,0.0,0.0,0,8,0,0,0.0,0.0,0.0
637,False,placeholder,0.0,insufficient information,C,0.0,0.0,0.0,0,8,0,0,0.0,0.0,0.0
638,False,placeholder,0.0,insufficient information,Red,0.0,0.0,0.0,0,8,0,0,0.0,0.0,0.0
639,False,placeholder,0.0,insufficient information,1,0.0,0.0,0.0,0,8,0,0,0.0,0.0,0.0
640,False,placeholder,0.0,insufficient information,C,0.0,0.0,0.0,0,12,0,0,0.0,0.0,0.0
641,False,placeholder,0.0,insufficient information,B,0.0,0.0,0.0,0,8,0,0,0.0,0.0,0.0
642,True,choice,1.0,B,B,0.5,1.0,0.3333333333333333,3,9,3,3,0.42878252267837524,0.6884546875953674,0.35
643,False,placeholder,0.0,insufficient information,6,0.0,0.0,0.0,0,9,0,0,0.0,0.0,0.0
644,False,placeholder,0.0,insufficient information,A,0.0,0.0,0.0,0,8,0,0,0.0,0.0,0.0
645,False,placeholder,0.0,insufficient information,A,0.0,0.0,0.0,0,8,0,0,0.0,0.0,0.0
646,False,placeholder,0.0,insufficient information,C,0.0,0.0,0.0,0,7,0,0,0.0,0.0,0.0
647,True,yes_no,1.0,No,No,0.5454545454545454,1.0,0.375,3,8,3,3,0.38941946625709534,0.8437039852142334,0.35
648,False,placeholder,0.0,insufficient information,A,0.0,0.0,0.0,0,8,0,0,0.0,0.0,0.0
649,True,choice,1.0,C,C,0.5,1.0,0.3333333333333333,3,9,3,3,0.5430107712745667,0.9754823446273804,0.35
650,False,yes_no,1.0,insufficient information,No,0.6666666666666666,1.0,0.5,4,8,4,4,0.32122090458869934,0.6843912601470947,0.35
651,False,placeholder,0.0,insufficient information,2,0.0,0.0,0.0,0,9,0,0,0.0,0.0,0.0
652,False,placeholder,0.0,insufficient information,B,0.0,0.0,0.0,0,8,0,0,0.0,0.0,0.0
653,True,yes_no,1.0,no,No,0.6666666666666666,1.0,0.5,4,8,4,4,0.3518705368041992,0.7093411087989807,0.35
654,False,placeholder,0.0,insufficient information,A,0.0,0.0,0.0,0,8,0,0,0.0,0.0,0.0
655,False,placeholder,0.0,insufficient information,A,0.0,0.0,0.0,0,8,0,0,0.0,0.0,0.0
656,True,yes_no,1.0,Yes,Yes,0.5454545454545454,1.0,0.375,3,8,3,3,0.5951956510543823,0.8295212388038635,0.35
657,False,placeholder,0.0,insufficient information,B,0.0,0.0,0.0,0,8,0,0,0.0,0.0,0.0
658,False,placeholder,0.0,insufficient information,B,0.0,0.0,0.0,0,8,0,0,0.0,0.0,0.0
659,False,placeholder,0.0,insufficient information,C,0.0,0.0,0.0,0,9,0,0,0.0,0.0,0.0
660,False,placeholder,0.0,insufficient information,Red,0.0,0.0,0.0,0,8,0,0,0.0,0.0,0.0
661,False,placeholder,0.0,insufficient information,2,0.0,0.0,0.0,0,9,0,0,0.0,0.0,0.0
662,False,placeholder,0.0,insufficient information,C,0.0,0.0,0.0,0,8,0,0,0.0,0.0,0.0
663,False,placeholder,0.0,insufficient information,A,0.0,0.0,0.0,0,8,0,0,0.0,0.0,0.0
664,False,yes_no,1.0,Yes,No,0.36363636363636365,0.6666666666666666,0.25,3,8,2,2,0.3754401206970215,0.8033331036567688,0.35
665,False,yes_no,1.0,no,Yes,0.4,1.0,0.25,2,8,2,2,0.2057652473449707,0.7378315329551697,0.35
666,False,placeholder,0.0,insufficient information,Left,0.0,0.0,0.0,0,8,0,0,0.0,0.0,0.0
667,False,placeholder,0.0,insufficient information,Yes,0.0,0.0,0.0,0,8,0,0,0.0,0.0,0.0
668,False,placeholder,0.0,insufficient information,0,0.0,0.0,0.0,0,9,0,0,0.0,0.0,0.0
669,True,numeric_exact,1.0,2,2,0.5454545454545454,1.0,0.375,3,8,3,3,0.3718791902065277,0.6827431917190552,0.35
670,False,placeholder,0.0,insufficient information,Yes,0.0,0.0,0.0,0,8,0,0,0.0,0.0,0.0
671,False,placeholder,0.0,insufficient information,B,0.0,0.0,0.0,0,8,0,0,0.0,0.0,0.0
672,False,placeholder,0.0,insufficient information,C,0.0,0.0,0.0,0,8,0,0,0.0,0.0,0.0
673,False,placeholder,0.0,insufficient information,B,0.0,0.0,0.0,0,8,0,0,0.0,0.0,0.0
674,False,placeholder,0.0,insufficient information,C,0.0,0.0,0.0,0,8,0,0,0.0,0.0,0.0
675,False,placeholder,0.0,insufficient information,A,0.0,0.0,0.0,0,9,0,0,0.0,0.0,0.0
676,False,placeholder,0.0,insufficient information,No,0.0,0.0,0.0,0,8,0,0,0.0,0.0,0.0
677,False,placeholder,0.0,insufficient information,B,0.0,0.0,0.0,0,9,0,0,0.0,0.0,0.0
678,False,placeholder,0.0,insufficient information,A,0.0,0.0,0.0,0,10,0,0,0.0,0.0,0.0
679,False,placeholder,0.0,insufficient information,6,0.0,0.0,0.0,0,10,0,0,0.0,0.0,0.0
680,True,choice,1.0,A,A,0.6666666666666666,1.0,0.5,4,8,4,4,0.4554421305656433,0.8100593090057373,0.35
681,False,placeholder,0.0,insufficient information,A,0.0,0.0,0.0,0,11,0,0,0.0,0.0,0.0
682,False,placeholder,0.0,insufficient information,1,0.0,0.0,0.0,0,10,0,0,0.0,0.0,0.0
683,False,placeholder,0.0,insufficient information,B,0.0,0.0,0.0,0,9,0,0,0.0,0.0,0.0
684,False,placeholder,0.0,insufficient information,4,0.0,0.0,0.0,0,9,0,0,0.0,0.0,0.0
685,False,placeholder,0.0,insufficient information,C,0.0,0.0,0.0,0,8,0,0,0.0,0.0,0.0
686,False,exact,1.0,Yes.,A,0.5,1.0,0.3333333333333333,3,9,3,3,0.40923207998275757,0.7289962768554688,0.35
687,True,yes_no,1.0,no,No,0.5454545454545454,1.0,0.375,3,8,3,3,0.26986777782440186,0.47553589940071106,0.35
688,False,placeholder,0.0,insufficient information,A,0.0,0.0,0.0,0,8,0,0,0.0,0.0,0.0
689,False,placeholder,0.0,insufficient information,C,0.0,0.0,0.0,0,8,0,0,0.0,0.0,0.0
690,False,placeholder,0.0,insufficient information,No,0.0,0.0,0.0,0,8,0,0,0.0,0.0,0.0
691,False,choice,1.0,B,C,0.5,1.0,0.3333333333333333,3,9,3,3,0.5434982776641846,0.6471430063247681,0.35
692,False,placeholder,0.0,insufficient information,3,0.0,0.0,0.0,0,9,0,0,0.0,0.0,0.0
693,False,placeholder,0.0,insufficient information,C,0.0,0.0,0.0,0,8,0,0,0.0,0.0,0.0
694,False,placeholder,0.0,insufficient information,No,0.0,0.0,0.0,0,8,0,0,0.0,0.0,0.0
695,False,placeholder,0.0,insufficient information,A,0.0,0.0,0.0,0,8,0,0,0.0,0.0,0.0
696,False,placeholder,0.0,insufficient information,B,0.0,0.0,0.0,0,8,0,0,0.0,0.0,0.0
697,False,yes_no,1.0,blue,Yes,0.5,1.0,0.3333333333333333,3,9,3,3,0.4269382059574127,0.7882405519485474,0.35
698,False,placeholder,0.0,insufficient information,Left,0.0,0.0,0.0,0,8,0,0,0.0,0.0,0.0
699,False,placeholder,0.0,insufficient information,Red,0.0,0.0,0.0,0,8,0,0,0.0,0.0,0.0
700,False,placeholder,0.0,insufficient information,C,0.0,0.0,0.0,0,9,0,0,0.0,0.0,0.0
701,False,placeholder,0.0,insufficient information,3,0.0,0.0,0.0,0,9,0,0,0.0,0.0,0.0
702,False,placeholder,0.0,insufficient information,B,0.0,0.0,0.0,0,8,0,0,0.0,0.0,0.0
703,False,placeholder,0.0,insufficient information,C,0.0,0.0,0.0,0,10,0,0,0.0,0.0,0.0
704,False,placeholder,0.0,insufficient information,Yes,0.0,0.0,0.0,0,8,0,0,0.0,0.0,0.0
705,False,yes_no,1.0,Yes,No,0.5454545454545454,1.0,0.375,3,8,3,3,0.456157922744751,0.7391402721405029,0.35
706,False,numeric_mismatch,0.0,2,1,0.6666666666666666,1.0,0.5,4,8,4,4,0.40735214948654175,0.8356191515922546,0.35
707,False,placeholder,0.0,insufficient information,A,0.0,0.0,0.0,0,8,0,0,0.0,0.0,0.0
708,False,placeholder,0.0,insufficient information,Yes,0.0,0.0,0.0,0,8,0,0,0.0,0.0,0.0
709,False,placeholder,0.0,insufficient information,Red,0.0,0.0,0.0,0,8,0,0,0.0,0.0,0.0
710,False,placeholder,0.0,insufficient information,C,0.0,0.0,0.0,0,9,0,0,0.0,0.0,0.0
711,False,placeholder,0.0,insufficient information,B,0.0,0.0,0.0,0,9,0,0,0.0,0.0,0.0
712,False,placeholder,0.0,insufficient information,B,0.0,0.0,0.0,0,8,0,0,0.0,0.0,0.0
713,False,placeholder,0.0,insufficient information,B,0.0,0.0,0.0,0,8,0,0,0.0,0.0,0.0
714,True,yes_no,1.0,Yes,Yes,0.5,1.0,0.3333333333333333,3,9,3,3,0.40754446387290955,0.8433645963668823,0.35
715,False,placeholder,0.0,insufficient information,B,0.0,0.0,0.0,0,8,0,0,0.0,0.0,0.0
716,False,placeholder,0.0,insufficient information,A,0.0,0.0,0.0,0,9,0,0,0.0,0.0,0.0
717,False,placeholder,0.0,insufficient information,B,0.0,0.0,0.0,0,9,0,0,0.0,0.0,0.0
718,False,placeholder,0.0,insufficient information,B,0.0,0.0,0.0,0,8,0,0,0.0,0.0,0.0
719,False,placeholder,0.0,insufficient information,3,0.0,0.0,0.0,0,8,0,0,0.0,0.0,0.0
720,True,choice,1.0,B,B,0.5454545454545454,1.0,0.375,3,8,3,3,0.4834167957305908,0.8044303059577942,0.35
721,True,yes_no,1.0,Yes,Yes,0.36363636363636365,0.6666666666666666,0.25,3,8,2,2,0.37808743119239807,0.8460841774940491,0.35
722,False,placeholder,0.0,insufficient information,0,0.0,0.0,0.0,0,8,0,0,0.0,0.0,0.0
723,False,placeholder,0.0,insufficient information,C,0.0,0.0,0.0,0,8,0,0,0.0,0.0,0.0
724,False,placeholder,0.0,insufficient information,B,0.0,0.0,0.0,0,8,0,0,0.0,0.0,0.0
725,False,placeholder,0.0,insufficient information,No,0.0,0.0,0.0,0,8,0,0,0.0,0.0,0.0
726,False,placeholder,0.0,insufficient information,B,0.0,0.0,0.0,0,10,0,0,0.0,0.0,0.0
727,True,yes_no,1.0,Yes,Yes,0.4,1.0,0.25,2,8,2,2,0.4082255959510803,0.5773265957832336,0.35
728,False,placeholder,0.0,insufficient information,A,0.0,0.0,0.0,0,9,0,0,0.0,0.0,0.0
729,False,numeric_mismatch,0.0,1,0,0.4615384615384615,1.0,0.3,3,10,3,3,0.42543113231658936,0.7472665309906006,0.35
730,False,placeholder,0.0,insufficient information,A,0.0,0.0,0.0,0,8,0,0,0.0,0.0,0.0
731,False,placeholder,0.0,insufficient information,1,0.0,0.0,0.0,0,9,0,0,0.0,0.0,0.0
732,False,placeholder,0.0,insufficient information,C,0.0,0.0,0.0,0,8,0,0,0.0,0.0,0.0
733,False,placeholder,0.0,insufficient information,0,0.0,0.0,0.0,0,10,0,0,0.0,0.0,0.0
734,False,yes_no,1.0,Yes,No,0.5,1.0,0.3333333333333333,3,9,3,3,0.40282684564590454,0.6140294075012207,0.35
735,False,placeholder,0.0,insufficient information,A,0.0,0.0,0.0,0,11,0,0,0.0,0.0,0.0
736,False,placeholder,0.0,insufficient information,0,0.0,0.0,0.0,0,8,0,0,0.0,0.0,0.0
737,False,placeholder,0.0,insufficient information,C,0.0,0.0,0.0,0,12,0,0,0.0,0.0,0.0
738,False,placeholder,0.0,insufficient information,D,0.0,0.0,0.0,0,8,0,0,0.0,0.0,0.0
739,False,placeholder,0.0,insufficient information,B,0.0,0.0,0.0,0,8,0,0,0.0,0.0,0.0
740,True,yes_no,1.0,No,No,0.5,1.0,0.3333333333333333,3,9,3,3,0.36127302050590515,0.6420201063156128,0.35
741,False,placeholder,0.0,insufficient information,C,0.0,0.0,0.0,0,8,0,0,0.0,0.0,0.0
742,False,placeholder,0.0,insufficient information,A,0.0,0.0,0.0,0,8,0,0,0.0,0.0,0.0
743,False,yes_no,1.0,No,Yes,0.3636363636363636,1.0,0.2222222222222222,2,9,2,2,0.40408846735954285,0.8820894956588745,0.35
744,True,yes_no,1.0,Yes,Yes,0.4,1.0,0.25,2,8,2,2,0.4727664589881897,0.7259038090705872,0.35
745,True,numeric_exact,1.0,1,1,0.5454545454545454,1.0,0.375,3,8,3,3,0.47622910141944885,0.7050454020500183,0.35
746,False,placeholder,0.0,insufficient information,C,0.0,0.0,0.0,0,8,0,0,0.0,0.0,0.0
747,False,placeholder,0.0,insufficient information,Yes,0.0,0.0,0.0,0,8,0,0,0.0,0.0,0.0
748,False,yes_no,1.0,No,Yes,0.3636363636363636,1.0,0.2222222222222222,2,9,2,2,0.44668495655059814,0.8893073797225952,0.35
749,False,placeholder,0.0,insufficient information,3,0.0,0.0,0.0,0,8,0,0,0.0,0.0,0.0
750,False,placeholder,0.0,insufficient information,No,0.0,0.0,0.0,0,8,0,0,0.0,0.0,0.0
751,False,placeholder,0.0,insufficient information,Green,0.0,0.0,0.0,0,8,0,0,0.0,0.0,0.0
752,False,placeholder,0.0,insufficient information,C,0.0,0.0,0.0,0,8,0,0,0.0,0.0,0.0
753,False,placeholder,0.0,insufficient information,C,0.0,0.0,0.0,0,8,0,0,0.0,0.0,0.0
754,False,placeholder,0.0,insufficient information,A,0.0,0.0,0.0,0,9,0,0,0.0,0.0,0.0
755,False,placeholder,0.0,insufficient information,No,0.0,0.0,0.0,0,11,0,0,0.0,0.0,0.0
756,False,placeholder,0.0,insufficient information,A,0.0,0.0,0.0,0,9,0,0,0.0,0.0,0.0
757,False,placeholder,0.0,insufficient information,C,0.0,0.0,0.0,0,8,0,0,0.0,0.0,0.0
758,False,placeholder,0.0,insufficient information,No,0.0,0.0,0.0,0,10,0,0,0.0,0.0,0.0
759,False,placeholder,0.0,insufficient information,C,0.0,0.0,0.0,0,8,0,0,0.0,0.0,0.0
760,False,placeholder,0.0,insufficient information,B,0.0,0.0,0.0,0,8,0,0,0.0,0.0,0.0
761,False,placeholder,0.0,insufficient information,0,0.0,0.0,0.0,0,8,0,0,0.0,0.0,0.0
762,False,placeholder,0.0,insufficient information,2,0.0,0.0,0.0,0,8,0,0,0.0,0.0,0.0
763,False,placeholder,0.0,insufficient information,B,0.0,0.0,0.0,0,9,0,0,0.0,0.0,0.0
764,False,placeholder,0.0,insufficient information,A,0.0,0.0,0.0,0,8,0,0,0.0,0.0,0.0
765,True,numeric_exact,1.0,60,60,0.47058823529411764,1.0,0.3076923076923077,4,13,4,4,0.3610406517982483,0.5909152030944824,0.35
766,True,choice,1.0,A,A,0.5333333333333333,1.0,0.36363636363636365,4,11,4,4,0.41895410418510437,0.7762185335159302,0.35
767,False,choice,1.0,E,C,0.42857142857142855,1.0,0.2727272727272727,3,11,3,3,0.6360526084899902,0.8030648231506348,0.35
768,False,numeric_mismatch,0.0,3,6,0.5,1.0,0.3333333333333333,3,9,3,3,0.4021074175834656,0.7010088562965393,0.35
769,True,numeric_exact,1.0,61,61,0.3529411764705882,0.75,0.23076923076923078,4,13,3,3,0.2788160443305969,0.6667392253875732,0.35
770,True,choice,1.0,D,D,0.4347826086956522,1.0,0.2777777777777778,5,18,5,5,0.45218831300735474,0.8285343050956726,0.35
771,False,numeric_mismatch,0.0,3,6,0.2222222222222222,1.0,0.125,2,16,2,2,0.5450554490089417,0.7746819257736206,0.35
772,False,numeric_mismatch,0.0,10,2,0.5555555555555556,1.0,0.38461538461538464,5,13,5,5,0.40734997391700745,0.7118707895278931,0.35
773,False,choice,1.0,B,D,0.33333333333333337,0.6,0.23076923076923078,5,13,3,3,0.3348488211631775,0.8237303495407104,0.35
774,False,numeric_mismatch,0.0,16,10,0.375,1.0,0.23076923076923078,3,13,3,3,0.5406261682510376,0.9148714542388916,0.35
775,True,numeric_rounded,0.85,6,7,0.47058823529411764,1.0,0.3076923076923077,4,13,4,4,0.5006692409515381,0.7480227947235107,0.35
776,False,numeric_mismatch,0.0,56,10,0.6153846153846153,0.5714285714285714,0.6666666666666666,7,6,4,4,0.3618362545967102,0.80934739112854,0.35
777,True,choice,1.0,E,E,0.4615384615384615,1.0,0.3,3,10,3,3,0.5509264469146729,0.8130013346672058,0.35
778,False,numeric_mismatch,0.0,20,13,0.5555555555555556,1.0,0.38461538461538464,5,13,5,5,0.43818899989128113,0.8384009003639221,0.35
779,True,exact,0.7,D) Tuesday,A,0.47058823529411764,1.0,0.3076923076923077,4,13,4,4,0.354913592338562,0.6533302068710327,0.35
780,False,numeric_mismatch,0.0,6,11,0.375,1.0,0.23076923076923078,3,13,3,3,0.4965062141418457,0.7607341408729553,0.35
781,True,numeric_exact,1.0,21,21,0.3636363636363636,1.0,0.2222222222222222,2,9,2,2,0.6708999276161194,0.842491626739502,0.35
782,False,numeric_mismatch,0.0,2,4,0.7272727272727273,1.0,0.5714285714285714,4,7,4,4,0.45119985938072205,0.8641937375068665,0.35
783,True,exact,0.7,D) 2 · 4 · 3,D,0.5,1.0,0.3333333333333333,5,15,5,5,0.33146965503692627,0.8640074133872986,0.35
784,False,numeric_mismatch,0.0,7,3,0.5,1.0,0.3333333333333333,4,12,4,4,0.5983895063400269,0.867063045501709,0.35
785,False,choice,1.0,B,E,0.25806451612903225,1.0,0.14814814814814814,4,27,4,4,0.31519991159439087,0.8069902062416077,0.35
786,False,exact,0.3,D) 22:10,E,0.9,0.9,0.9,10,10,9,9,0.5379305481910706,0.9720291495323181,0.35
787,False,numeric_mismatch,0.0,90,140,0.33333333333333337,1.0,0.2,3,15,3,3,0.35787954926490784,0.9155024886131287,0.35
788,True,exact,0.7,B) 2 h 15 min,B,0.42857142857142855,1.0,0.2727272727272727,3,11,3,3,0.5153470635414124,0.871251106262207,0.35
789,False,numeric_mismatch,0.0,7,10,0.4615384615384615,1.0,0.3,3,10,3,3,0.5626167058944702,0.9014685153961182,0.35
790,False,choice,1.0,E,B,0.3636363636363636,1.0,0.2222222222222222,4,18,4,4,0.5647048950195312,0.836412250995636,0.35
791,False,exact,0.3,"B) Δ, •, □",A,0.33333333333333337,1.0,0.2,3,15,3,3,0.3963809013366699,0.7821298837661743,0.35
792,False,numeric_mismatch,0.0,2,9,0.5882352941176471,1.0,0.4166666666666667,5,12,5,5,0.5902946591377258,0.8808279633522034,0.35
793,False,numeric_mismatch,0.0,6,10,0.7000000000000001,1.0,0.5384615384615384,7,13,7,7,0.5615154504776001,0.9138127565383911,0.35
794,False,exact,0.3,The monkey will be in the middle.,2,0.3636363636363636,1.0,0.2222222222222222,4,18,4,4,0.43919315934181213,0.7106318473815918,0.35
795,True,choice,1.0,B,B,0.3157894736842105,1.0,0.1875,3,16,3,3,0.530108630657196,0.8208695650100708,0.35
796,False,exact,1.0,three,3,0.5454545454545454,1.0,0.375,3,8,3,3,0.6166996955871582,0.9134738445281982,0.35
797,False,choice,1.0,B,A,0.3529411764705882,0.75,0.23076923076923078,4,13,3,3,0.27975332736968994,0.6294357776641846,0.35
798,False,choice,1.0,C,E,0.4,1.0,0.25,4,16,4,4,0.3975706696510315,0.6284050345420837,0.35
799,False,numeric_mismatch,0.0,Stick 4,3,0.2857142857142857,1.0,0.16666666666666666,4,24,4,4,0.5867747664451599,0.8393176198005676,0.35
800,False,exact,0.3,Insufficient information,40,0.5555555555555556,0.8333333333333334,0.4166666666666667,6,12,5,5,0.45866119861602783,0.9169319272041321,0.35
801,False,choice,1.0,E,D,0.5454545454545454,1.0,0.375,6,16,6,6,0.5257629752159119,0.7358492612838745,0.35
802,True,numeric_rounded,0.9,86,95,0.33333333333333337,1.0,0.2,3,15,3,3,0.4335961937904358,0.7573882937431335,0.35
803,False,exact,1.0,red,A,0.5384615384615384,1.0,0.3684210526315789,7,19,7,7,0.508921205997467,1.000000238418579,0.35
804,True,choice,1.0,D,D,0.625,1.0,0.45454545454545453,5,11,5,5,0.542032778263092,0.8880175352096558,0.35
805,False,numeric_mismatch,0.0,4,5,0.375,1.0,0.23076923076923078,3,13,3,3,0.45670202374458313,0.6686322093009949,0.35
806,False,choice,1.0,B,E,0.3157894736842105,1.0,0.1875,3,16,3,3,0.4119880199432373,0.7643868923187256,0.35
807,True,numeric_rounded,0.9,20,19,0.5,1.0,0.3333333333333333,3,9,3,3,0.48773446679115295,0.6691595911979675,0.35
808,True,choice,1.0,B,B,0.35294117647058826,1.0,0.21428571428571427,3,14,3,3,0.533532440662384,0.8394801616668701,0.35
809,False,choice,1.0,B,E,0.3157894736842105,1.0,0.1875,3,16,3,3,0.2741994857788086,0.7428281307220459,0.35
810,True,exact,0.7,A) A,A,0.3333333333333333,0.8,0.21052631578947367,5,19,4,4,0.2951929271221161,0.6198751330375671,0.35
811,False,numeric_mismatch,0.0,3,2,0.5,1.0,0.3333333333333333,3,9,3,3,0.5944293737411499,0.8248432278633118,0.35
812,False,choice,1.0,C,B,0.38095238095238093,1.0,0.23529411764705882,4,17,4,4,0.424035906791687,0.7146818041801453,0.35
813,False,numeric_mismatch,0.0,4,12,0.6666666666666666,1.0,0.5,6,12,6,6,0.4837858974933624,0.8405761122703552,0.35
814,False,choice,1.0,C,A,0.2857142857142857,1.0,0.16666666666666666,3,18,3,3,0.5347895622253418,0.7565569877624512,0.35
815,True,numeric_exact,1.0,3,3,0.375,1.0,0.23076923076923078,3,13,3,3,0.37086930871009827,0.7949864268302917,0.35
816,False,exact,0.3,D) D,C,0.4347826086956522,1.0,0.2777777777777778,5,18,5,5,0.37501487135887146,0.7305329442024231,0.35
817,False,choice,1.0,D,A,0.3529411764705882,0.75,0.23076923076923078,4,13,3,3,0.3439193069934845,0.6764199733734131,0.35
818,True,numeric_exact,1.0,3,3,0.45454545454545453,1.0,0.29411764705882354,5,17,5,5,0.435050368309021,0.81825852394104,0.35
819,False,exact,1.0,KNAO,A,0.375,1.0,0.23076923076923078,3,13,3,3,0.3385883867740631,0.7710171937942505,0.35
820,False,choice,1.0,E,D,0.6,1.0,0.42857142857142855,6,14,6,6,0.4751800298690796,0.7332800626754761,0.35
821,True,numeric_exact,1.0,10,10,0.5,1.0,0.3333333333333333,4,12,4,4,0.5352498888969421,0.8643865585327148,0.35
822,False,choice,1.0,C,E,0.2857142857142857,1.0,0.16666666666666666,4,24,4,4,0.42877182364463806,0.7308751344680786,0.35
823,False,choice,1.0,A,C,0.5,1.0,0.3333333333333333,5,15,5,5,0.4705248475074768,0.7068042755126953,0.35
824,False,choice,1.0,D,A,0.5333333333333333,1.0,0.36363636363636365,4,11,4,4,0.4711954891681671,0.77362459897995,0.35
825,False,exact,1.0,two,9,0.2222222222222222,1.0,0.125,2,16,2,2,0.3290628492832184,0.7662855386734009,0.35
826,False,numeric_mismatch,0.0,8,10,0.5,1.0,0.3333333333333333,4,12,4,4,0.4079122543334961,0.8066493272781372,0.35
827,True,choice,1.0,E,E,0.25,0.6666666666666666,0.15384615384615385,3,13,2,2,0.27973291277885437,0.5917624831199646,0.35
828,False,numeric_mismatch,0.0,6,4,0.5882352941176471,1.0,0.4166666666666667,5,12,5,5,0.41058096289634705,0.6967058181762695,0.35
829,False,choice,1.0,D,C,0.42857142857142855,1.0,0.2727272727272727,3,11,3,3,0.3284955322742462,0.6762038469314575,0.35
830,True,choice,1.0,D,D,0.24,0.6,0.15,5,20,3,3,0.2659851908683777,0.6587942242622375,0.35
831,False,choice,1.0,C,E,0.375,1.0,0.23076923076923078,3,13,3,3,0.3553520739078522,0.8238963484764099,0.35
832,False,numeric_mismatch,0.0,1,2,0.4,1.0,0.25,4,16,4,4,0.5886763334274292,0.855472981929779,0.35
833,True,numeric_rounded,0.85,10,9,0.4,1.0,0.25,3,12,3,3,0.28906187415122986,0.6811268329620361,0.35
834,False,choice,1.0,B,A,0.3157894736842105,1.0,0.1875,3,16,3,3,0.4298134744167328,0.7834059596061707,0.35
835,False,exact,1.0,GDA,D,0.38095238095238093,1.0,0.23529411764705882,4,17,4,4,0.3773345947265625,0.7767837047576904,0.35
836,False,choice,1.0,B,D,0.47058823529411764,1.0,0.3076923076923077,4,13,4,4,0.34459447860717773,0.6098518967628479,0.35
837,False,numeric_mismatch,0.0,3,5,0.39999999999999997,0.75,0.2727272727272727,4,11,3,3,0.5835874676704407,0.8318130970001221,0.35
838,True,exact,0.7,B) Beetle with 7 points,B,0.5333333333333333,1.0,0.36363636363636365,4,11,4,4,0.5384964346885681,0.8801378011703491,0.35
839,True,exact,0.7,D) D,D,0.4,1.0,0.25,4,16,4,4,0.3857784867286682,0.8502814173698425,0.35
840,False,numeric_mismatch,0.0,5,3,0.34782608695652173,1.0,0.21052631578947367,4,19,4,4,0.34598276019096375,0.6723538637161255,0.35
841,True,choice,1.0,D,D,0.3636363636363636,1.0,0.2222222222222222,4,18,4,4,0.36918169260025024,0.6041944026947021,0.35
842,False,choice,1.0,B,E,0.3,1.0,0.17647058823529413,3,17,3,3,0.5152366161346436,0.8539313673973083,0.35
843,False,choice,1.0,D,A,0.4166666666666667,0.8333333333333334,0.2777777777777778,6,18,5,5,0.33027204871177673,0.808400571346283,0.35
844,False,choice,1.0,D,B,0.3846153846153846,1.0,0.23809523809523808,5,21,5,5,0.5383899211883545,0.8550230860710144,0.35
845,False,numeric_mismatch,0.0,8,5,0.4,1.0,0.25,3,12,3,3,0.4416738450527191,0.7570608258247375,0.35
846,False,numeric_mismatch,0.0,36,6,0.7142857142857143,1.0,0.5555555555555556,5,9,5,5,0.44304224848747253,0.6970981359481812,0.35
847,False,exact,0.3,21 cm,B,0.6086956521739131,1.0,0.4375,7,16,7,7,0.36276981234550476,0.828227698802948,0.35
848,True,exact,0.7,E) 18 km,E,0.4,1.0,0.25,3,12,3,3,0.4793785810470581,0.7008079290390015,0.35
849,True,choice,1.0,D,D,0.375,1.0,0.23076923076923078,3,13,3,3,0.5061760544776917,0.784407377243042,0.35
850,False,choice,1.0,B,C,0.47058823529411764,1.0,0.3076923076923077,4,13,4,4,0.48807117342948914,0.8063247799873352,0.35
851,True,exact,0.7,B) 8 kg,B,0.625,1.0,0.45454545454545453,5,11,5,5,0.4402957856655121,0.8839696645736694,0.35
852,False,numeric_mismatch,0.0,6,3,0.625,0.8333333333333334,0.5,6,10,5,5,0.3122047483921051,0.8505415916442871,0.35
853,False,numeric_mismatch,0.0,3,5,0.47058823529411764,1.0,0.3076923076923077,4,13,4,4,0.605263352394104,0.8148171305656433,0.35
854,False,exact,0.3,B) 5-2-3-4-1,E,0.34782608695652173,1.0,0.21052631578947367,4,19,4,4,0.2590593695640564,0.6411008238792419,0.35
855,False,exact,0.3,C) 10 m,E,0.19999999999999998,1.0,0.1111111111111111,3,27,3,3,0.4155447781085968,0.6752891540527344,0.35
856,False,numeric_mismatch,0.0,4,6,0.5555555555555556,1.0,0.38461538461538464,5,13,5,5,0.3788102865219116,0.7766188383102417,0.35
857,False,choice,1.0,B,C,0.47058823529411764,1.0,0.3076923076923077,4,13,4,4,0.4242103695869446,0.8026003837585449,0.35
858,False,exact,0.3,11 m,A,0.782608695652174,1.0,0.6428571428571429,9,14,9,9,0.524517834186554,0.8870272636413574,0.35
859,False,choice,1.0,D,A,0.375,1.0,0.23076923076923078,3,13,3,3,0.40124598145484924,0.8314837217330933,0.35
860,True,choice,1.0,B,B,0.6,1.0,0.42857142857142855,6,14,6,6,0.4058871567249298,0.6760566234588623,0.35
861,False,choice,1.0,B,D,0.2222222222222222,0.6666666666666666,0.13333333333333333,3,15,2,2,0.3599109351634979,0.6245733499526978,0.35
862,False,numeric_mismatch,0.0,10,4,0.5555555555555556,1.0,0.38461538461538464,5,13,5,5,0.5055863261222839,0.8016431331634521,0.35
863,False,choice,1.0,B,C,0.125,0.3333333333333333,0.07692307692307693,3,13,1,1,0.22299575805664062,0.3673572838306427,0.35
864,False,choice,1.0,D,E,0.1,0.16666666666666666,0.07142857142857142,6,14,1,1,0.13055063784122467,0.5468487739562988,0.35
865,False,numeric_mismatch,0.0,3,2,0.7000000000000001,0.875,0.5833333333333334,8,12,7,7,0.2710561454296112,0.7829833626747131,0.35
866,False,choice,1.0,D,A,0.375,1.0,0.23076923076923078,3,13,3,3,0.3516830801963806,0.9503879547119141,0.35
867,False,choice,1.0,E,C,0.4,1.0,0.25,3,12,3,3,0.3810669779777527,0.6744243502616882,0.35
868,False,numeric_mismatch,0.0,14,2,0.5,1.0,0.3333333333333333,4,12,4,4,0.46372485160827637,0.7237973809242249,0.35
869,True,choice,1.0,D,D,0.4,1.0,0.25,3,12,3,3,0.4141196012496948,0.7387225031852722,0.35
870,False,choice,1.0,C,E,0.4,0.8,0.26666666666666666,5,15,4,4,0.3169902563095093,0.6073204874992371,0.35
871,False,exact,0.3,On A,D,0.0,0.0,0.0,5,14,0,0,0.1363513320684433,0.3131047785282135,0.35
872,True,choice,1.0,A,A,0.6,1.0,0.42857142857142855,6,14,6,6,0.40076854825019836,0.6087102890014648,0.35
873,False,numeric_mismatch,0.0,6,30,0.6086956521739131,0.7777777777777778,0.5,9,14,7,7,0.312348872423172,0.8333215117454529,0.35
874,False,choice,1.0,A,B,0.4444444444444445,1.0,0.2857142857142857,4,14,4,4,0.4883778989315033,0.7061008810997009,0.35
875,False,numeric_mismatch,0.0,6,2,0.3333333333333333,0.75,0.21428571428571427,4,14,3,3,0.2933695316314697,0.8453391194343567,0.35
876,True,choice,1.0,D,D,0.25,0.6666666666666666,0.15384615384615385,3,13,2,2,0.2783506214618683,0.5468059778213501,0.35
877,False,choice,1.0,C,E,0.4444444444444445,1.0,0.2857142857142857,4,14,4,4,0.31689873337745667,0.6374601125717163,0.35
878,False,numeric_mismatch,0.0,The wagon numbered 11 is side by side with the wagon numbered 12.,8,0.6666666666666666,1.0,0.5,6,12,6,6,0.40929579734802246,0.8717436194419861,0.35
879,False,numeric_mismatch,0.0,6,3,0.47058823529411764,1.0,0.3076923076923077,4,13,4,4,0.33687999844551086,0.7820080518722534,0.35
880,False,numeric_mismatch,0.0,13,16,0.631578947368421,1.0,0.46153846153846156,6,13,6,6,0.41552168130874634,0.9164273142814636,0.35
881,False,exact,0.3,Person A,C,0.10526315789473684,0.16666666666666666,0.07692307692307693,6,13,1,1,0.23703129589557648,0.5147009491920471,0.35
882,False,numeric_mismatch,0.0,3,16,0.39999999999999997,0.75,0.2727272727272727,4,11,3,3,0.23600664734840393,0.5757835507392883,0.35
883,False,choice,1.0,A,E,0.4444444444444444,0.6666666666666666,0.3333333333333333,6,12,4,4,0.3518688976764679,0.578549861907959,0.35
884,False,numeric_mismatch,0.0,4,5,0.0,0.0,0.0,4,14,0,0,0.1501857340335846,0.2722510099411011,0.35
885,False,choice,1.0,D,A,0.0,0.0,0.0,3,12,0,0,0.13411083817481995,0.3466290235519409,0.35
886,False,choice,1.0,B,D,0.35294117647058826,1.0,0.21428571428571427,3,14,3,3,0.2998952567577362,0.5210503935813904,0.35
887,False,choice,1.0,E,A,0.11764705882352941,0.3333333333333333,0.07142857142857142,3,14,1,1,0.1859569549560547,0.567457377910614,0.35
888,False,numeric_mismatch,0.0,2,6,0.46153846153846156,0.75,0.3333333333333333,4,9,3,3,0.18351437151432037,0.48140403628349304,0.35
889,False,choice,1.0,C,B,0.0,0.0,0.0,3,14,0,0,0.12268620729446411,0.3013823628425598,0.35
890,False,numeric_mismatch,0.0,2,12,0.4,1.0,0.25,3,12,3,3,0.4218006432056427,0.6351013779640198,0.35
891,False,exact,0.3,C) C,D,0.0,0.0,0.0,5,14,0,0,0.10479266941547394,0.2051892876625061,0.35
892,False,numeric_mismatch,0.0,3,8,0.47058823529411764,1.0,0.3076923076923077,4,13,4,4,0.308456152677536,0.778843879699707,0.35
893,False,exact,0.3,B) MASK,E,0.3529411764705882,0.75,0.23076923076923078,4,13,3,3,0.25877249240875244,0.47417962551116943,0.35
894,False,choice,1.0,E,A,0.5263157894736842,1.0,0.35714285714285715,5,14,5,5,0.3144146502017975,0.5341238975524902,0.35
895,False,choice,1.0,C,B,0.0,0.0,0.0,5,14,0,0,0.07682965695858002,0.19773206114768982,0.35
896,False,choice,1.0,E,D,0.5263157894736842,1.0,0.35714285714285715,5,14,5,5,0.37038949131965637,0.5950105786323547,0.35
897,False,choice,1.0,E,A,0.0,0.0,0.0,6,14,0,0,0.13096904754638672,0.2270614355802536,0.35
898,False,choice,1.0,D,C,0.0,0.0,0.0,3,14,0,0,0.22222602367401123,0.30896198749542236,0.35
899,False,numeric_mismatch,0.0,9,3,0.5,1.0,0.3333333333333333,4,12,4,4,0.346377968788147,0.7226322889328003,0.35
900,True,numeric_exact,1.0,shelf 3,3,0.4444444444444445,1.0,0.2857142857142857,4,14,4,4,0.40081194043159485,0.759933590888977,0.35
901,False,choice,1.0,D,B,0.42857142857142855,1.0,0.2727272727272727,3,11,3,3,0.3428409993648529,0.6798319816589355,0.35
902,True,numeric_exact,1.0,2,2,0.42857142857142855,1.0,0.2727272727272727,3,11,3,3,0.35666462779045105,0.8228612542152405,0.35
903,True,choice,1.0,E,E,0.3529411764705882,0.75,0.23076923076923078,4,13,3,3,0.2247614711523056,0.43545588850975037,0.35
904,False,exact,0.3,square C,D,0.0,0.0,0.0,4,13,0,0,0.21961461007595062,0.32999348640441895,0.35
905,False,choice,1.0,D,B,0.22222222222222224,0.5,0.14285714285714285,4,14,2,2,0.22852598130702972,0.5565148591995239,0.35
906,False,choice,1.0,A,D,0.26666666666666666,0.6666666666666666,0.16666666666666666,3,12,2,2,0.2908898591995239,0.6351452469825745,0.35
907,True,exact,0.7,B) Basket 2,E,0.24000000000000005,0.3333333333333333,0.1875,9,16,3,3,0.23448435962200165,0.5085870027542114,0.35
908,True,numeric_exact,1.0,2,2,0.6666666666666666,1.0,0.5,4,8,4,4,0.4020679295063019,0.6205638647079468,0.35
909,False,choice,1.0,B,C,0.11764705882352941,0.2,0.08333333333333333,5,12,1,1,0.16814906895160675,0.3527565896511078,0.35
910,False,numeric_mismatch,0.0,25352,34426,0.47619047619047616,1.0,0.3125,5,16,5,5,0.37492185831069946,0.732649028301239,0.35
911,False,numeric_mismatch,0.0,10,12,0.7058823529411764,1.0,0.5454545454545454,6,11,6,6,0.3437877595424652,0.840021014213562,0.35
912,False,choice,1.0,D,A,0.375,0.75,0.25,4,12,3,3,0.2630210816860199,0.4478859603404999,0.35
913,False,numeric_mismatch,0.0,6,9,0.4444444444444445,1.0,0.2857142857142857,4,14,4,4,0.22874318063259125,0.698847234249115,0.35
914,True,numeric_rounded,0.85,The biggest result Dino can get by visiting each room exactly once is 30.,34,0.3,0.375,0.25,8,12,3,3,0.21736545860767365,0.5815725922584534,0.35
915,False,numeric_mismatch,0.0,5,8,0.4615384615384615,1.0,0.3,3,10,3,3,0.2734476327896118,0.6569119095802307,0.35
916,True,choice,1.0,B,B,0.3333333333333333,0.75,0.21428571428571427,4,14,3,3,0.3517102599143982,0.6271703839302063,0.35
917,False,choice,1.0,D,A,0.0,0.0,0.0,3,12,0,0,0.12494439631700516,0.30005568265914917,0.35
918,False,choice,1.0,B,A,0.33333333333333337,0.6,0.23076923076923078,5,13,3,3,0.24329352378845215,0.4426218569278717,0.35
919,False,choice,1.0,B,E,0.5,1.0,0.3333333333333333,4,12,4,4,0.2828778326511383,0.7570059299468994,0.35
920,False,numeric_mismatch,0.0,6 Punkte,13,0.5,1.0,0.3333333333333333,3,9,3,3,0.2853950262069702,0.6701419353485107,0.35
921,False,choice,1.0,D,B,0.42857142857142855,1.0,0.2727272727272727,3,11,3,3,0.3112306594848633,0.7120693325996399,0.35
922,True,numeric_exact,1.0,11,11,0.5882352941176471,1.0,0.4166666666666667,5,12,5,5,0.31251591444015503,0.6848064064979553,0.35
923,False,numeric_mismatch,0.0,6,3,0.0,0.0,0.0,4,14,0,0,0.16120967268943787,0.3068452477455139,0.35
924,False,choice,1.0,B,A,0.4,0.6666666666666666,0.2857142857142857,6,14,4,4,0.315914511680603,0.4789741337299347,0.35
925,False,choice,1.0,E,A,0.47058823529411764,1.0,0.3076923076923077,4,13,4,4,0.31274133920669556,0.5122640132904053,0.35
926,False,choice,1.0,A,C,0.0,0.0,0.0,7,18,0,0,0.059276971966028214,0.28725576400756836,0.35
927,False,numeric_mismatch,0.0,4,2,0.4444444444444445,1.0,0.2857142857142857,4,14,4,4,0.39973047375679016,0.8199772834777832,0.35
928,False,exact,0.3,E) 60,A,0.5263157894736842,0.7142857142857143,0.4166666666666667,7,12,5,5,0.23074118793010712,0.6700446009635925,0.35
929,False,numeric_mismatch,0.0,30,60,0.6666666666666666,1.0,0.5,6,12,6,6,0.394098699092865,0.8426629900932312,0.35
930,False,numeric_mismatch,0.0,3,1,0.625,0.8333333333333334,0.5,6,10,5,5,0.3753454387187958,0.7185018062591553,0.35
931,False,numeric_mismatch,0.0,304,248,0.5263157894736842,1.0,0.35714285714285715,5,14,5,5,0.3580192029476166,0.7918900847434998,0.35
932,False,numeric_mismatch,0.0,30,75,0.631578947368421,1.0,0.46153846153846156,6,13,6,6,0.362762987613678,0.7724938988685608,0.35
933,False,exact,0.3,$s^2 + 1 - 2s$,A,0.7058823529411764,1.0,0.5454545454545454,6,11,6,6,0.43372905254364014,0.8076789975166321,0.35
934,False,numeric_mismatch,0.0,45,30,0.6666666666666666,1.0,0.5,6,12,6,6,0.3486778438091278,0.7021288871765137,0.35
935,False,placeholder,0.0,insufficient information,C,0.0,0.0,0.0,0,12,0,0,0.0,0.0,0.0
936,False,exact,0.3,B) \(\frac{4+5\sqrt{3}}{5}\),E,0.5,1.0,0.3333333333333333,3,9,3,3,0.4673300087451935,0.6979790925979614,0.35
937,False,exact,0.3,D) 3,E,0.6363636363636364,0.875,0.5,8,14,7,7,0.3434543013572693,0.7773022651672363,0.35
938,False,exact,0.3,"C) $5,6,7,12$",A,0.4210526315789473,0.8,0.2857142857142857,5,14,4,4,0.2722860276699066,0.8194611668586731,0.35
939,False,exact,0.3,f(x) = -g(x) + 2,C,0.5454545454545454,0.75,0.42857142857142855,8,14,6,6,0.31619158387184143,0.7314730882644653,0.35
940,True,numeric_rounded,0.85,The number of triangles that can be drawn is 816.,711,0.375,0.75,0.25,4,12,3,3,0.24199534952640533,0.6507381200790405,0.35
941,False,exact,0.3,C) √3,D,0.6956521739130435,0.6666666666666666,0.7272727272727273,12,11,8,8,0.3208775520324707,0.7709483504295349,0.35
942,False,numeric_mismatch,0.0,3,2,0.761904761904762,0.8888888888888888,0.6666666666666666,9,12,8,8,0.46743208169937134,0.8422635793685913,0.35
943,False,choice,1.0,C,A,0.4,1.0,0.25,3,12,3,3,0.4069250822067261,0.6821325421333313,0.35
944,False,placeholder,0.0,insufficient information,C,0.0,0.0,0.0,0,14,0,0,0.0,0.0,0.0
945,False,placeholder,0.0,insufficient information,8,0.0,0.0,0.0,0,13,0,0,0.0,0.0,0.0
946,False,exact,0.3,B) 16,D,0.5263157894736842,0.8333333333333334,0.38461538461538464,6,13,5,5,0.24782633781433105,0.7667862772941589,0.35
947,False,exact,1.0,110°,D,0.5555555555555556,1.0,0.38461538461538464,5,13,5,5,0.5240926146507263,0.8331531286239624,0.35
948,False,numeric_mismatch,0.0,3,16,0.782608695652174,1.0,0.6428571428571429,9,14,9,9,0.4378666579723358,0.7533928751945496,0.35
949,False,numeric_mismatch,0.0,4,2,0.5882352941176471,1.0,0.4166666666666667,5,12,5,5,0.4274958074092865,0.8054277300834656,0.35
950,True,exact,0.7,D) 2 √5 cm,D,0.9285714285714286,1.0,0.8666666666666667,13,15,13,13,0.3412638306617737,0.9023927450180054,0.35
951,True,exact,0.7,B) \(\frac{1}{\cos (2 \beta)}\),E,0.4210526315789474,1.0,0.26666666666666666,4,15,4,4,0.41833680868148804,0.7001597285270691,0.35
952,False,exact,0.3,B) 4 √5,A,0.8181818181818181,1.0,0.6923076923076923,9,13,9,9,0.39408159255981445,0.8403720259666443,0.35
953,False,exact,0.3,E) 9:1,A,0.5263157894736842,1.0,0.35714285714285715,5,14,5,5,0.39034292101860046,0.8703426122665405,0.35
954,False,numeric_mismatch,0.0,8,4,0.4444444444444444,0.8,0.3076923076923077,5,13,4,4,0.26918816566467285,0.5962350964546204,0.35
955,True,numeric_exact,1.0,400,400,0.47058823529411764,1.0,0.3076923076923077,4,13,4,4,0.2954603433609009,0.7367765307426453,0.35
956,False,numeric_mismatch,0.0,√130,10,0.5,1.0,0.3333333333333333,4,12,4,4,0.427397757768631,0.762905478477478,0.35
957,False,numeric_mismatch,0.0,60,25,0.375,1.0,0.23076923076923078,3,13,3,3,0.3357405662536621,0.7241679430007935,0.35
958,False,exact,0.3,D) $2 \cdot 3^{5}$,A,0.5882352941176471,1.0,0.4166666666666667,5,12,5,5,0.3342532813549042,0.815543532371521,0.35
959,False,numeric_mismatch,0.0,2,3,0.375,0.75,0.25,4,12,3,3,0.3411947786808014,0.7839905023574829,0.35
960,True,exact,0.7,D) \(\frac{2-\sqrt{3}}{4}\),A,0.380952380952381,0.5,0.3076923076923077,8,13,4,4,0.2241641730070114,0.515624463558197,0.35
961,False,exact,0.3,D) 6,A,0.2857142857142857,1.0,0.16666666666666666,3,18,3,3,0.2871848940849304,0.5556339025497437,0.35
962,False,choice,1.0,B,C,0.11764705882352941,0.25,0.07692307692307693,4,13,1,1,0.173198863863945,0.3899289071559906,0.35
963,False,exact,1.0,2:1,E,0.5,1.0,0.3333333333333333,4,12,4,4,0.35490548610687256,0.7413419485092163,0.35
964,False,numeric_mismatch,0.0,5,13,0.2222222222222222,0.3333333333333333,0.16666666666666666,6,12,2,2,0.16328035295009613,0.4701395630836487,0.35
965,False,exact,0.3,B) 1.5π,C,0.7000000000000001,1.0,0.5384615384615384,7,13,7,7,0.3744702637195587,0.7669915556907654,0.35
966,False,placeholder,0.0,insufficient information,D,0.0,0.0,0.0,0,13,0,0,0.0,0.0,0.0
967,False,numeric_mismatch,0.0,b = 1,-2,0.5,0.625,0.4166666666666667,8,12,5,5,0.20889103412628174,0.5773285031318665,0.35
968,True,numeric_exact,1.0,1,1,0.5,1.0,0.3333333333333333,4,12,4,4,0.4442502558231354,0.8403071761131287,0.35
969,True,numeric_exact,1.0,6,6,0.7000000000000001,1.0,0.5384615384615384,7,13,7,7,0.5139796733856201,0.8817221522331238,0.35
970,False,exact,1.0,\(\frac{1}{2}\),D,0.8333333333333334,0.8333333333333334,0.8333333333333334,12,12,10,10,0.39829596877098083,0.7805336117744446,0.35
971,False,exact,0.3,C) 104°,D,0.8695652173913043,0.9090909090909091,0.8333333333333334,11,12,10,10,0.4029613137245178,0.8327553272247314,0.35
972,False,numeric_mismatch,0.0,d = 5,4,0.0,0.0,0.0,5,14,0,0,0.10715518146753311,0.28128886222839355,0.35
973,False,exact,0.3,C) √13,A,0.0,0.0,0.0,2,15,0,0,0.10029011219739914,0.19748127460479736,0.35
974,False,numeric_mismatch,0.0,8,20,0.4444444444444444,0.8,0.3076923076923077,5,13,4,4,0.2305160015821457,0.49242928624153137,0.35
975,True,numeric_exact,1.0,16,16,0.15384615384615383,0.3333333333333333,0.1,3,10,1,1,0.28959646821022034,0.7349812984466553,0.35
976,False,numeric_mismatch,0.0,10,8,0.47058823529411764,1.0,0.3076923076923077,4,13,4,4,0.39064884185791016,0.7460333108901978,0.35
977,False,exact,0.3,B) \(\frac{1}{16}\),D,0.1,0.2,0.06666666666666667,5,15,1,1,0.17156541347503662,0.4653107523918152,0.35
978,True,numeric_rounded,0.9,488,446,0.4,1.0,0.25,3,12,3,3,0.5081450939178467,0.7623588442802429,0.35
979,False,exact,0.3,C) \(\frac{\sqrt{2}}{4}\),E,0.3529411764705882,0.75,0.23076923076923078,4,13,3,3,0.2978012263774872,0.5899957418441772,0.35
980,False,numeric_mismatch,0.0,The area of the hexagon PQRSTU is 6 times the area of triangle ABC.,13,0.631578947368421,1.0,0.46153846153846156,6,13,6,6,0.31219717860221863,0.6436663269996643,0.35
981,True,exact,0.7,either C or D,D,0.4615384615384615,1.0,0.3,3,10,3,3,0.41054612398147583,0.7179088592529297,0.35
982,False,placeholder,0.0,insufficient information,B,0.0,0.0,0.0,0,14,0,0,0.0,0.0,0.0
983,False,numeric_mismatch,0.0,3,9,0.5263157894736842,1.0,0.35714285714285715,5,14,5,5,0.3904435336589813,0.6157371401786804,0.35
984,False,exact,0.3,B) 3 + 2π,A,0.4210526315789474,1.0,0.26666666666666666,4,15,4,4,0.40593239665031433,0.758851170539856,0.35
985,False,exact,0.3,D) $g(-x)=-f(-x-2)$,A,0.33333333333333337,1.0,0.2,3,15,3,3,0.35470306873321533,0.7045252323150635,0.35
986,False,exact,1.0,II,D,0.35294117647058826,1.0,0.21428571428571427,3,14,3,3,0.36697477102279663,0.5902745127677917,0.35
987,True,exact,0.7,D) 55,D,0.25,0.5,0.16666666666666666,4,12,2,2,0.1736658662557602,0.5184756517410278,0.35
988,False,exact,1.0,11,A,0.4210526315789474,1.0,0.26666666666666666,4,15,4,4,0.3302811086177826,0.7435224652290344,0.35
989,True,numeric_exact,1.0,3,3,0.33333333333333337,1.0,0.2,2,10,2,2,0.3621741235256195,0.6965107321739197,0.35
990,False,exact,1.0,105°,D,0.7692307692307692,0.7142857142857143,0.8333333333333334,14,12,10,10,0.4120595455169678,0.8023304343223572,0.35
991,False,exact,0.3,4 * (3 - 2√2) * π,A,0.6363636363636364,1.0,0.4666666666666667,7,15,7,7,0.4011451303958893,0.8533539772033691,0.35
992,False,exact,0.3,B) 63π,C,0.5555555555555556,1.0,0.38461538461538464,5,13,5,5,0.3782083988189697,0.8008320927619934,0.35
993,False,exact,0.3,12 cm²,A,0.11111111111111112,0.25,0.07142857142857142,4,14,1,1,0.2154844105243683,0.36411798000335693,0.35
994,False,choice,1.0,C),A,0.5555555555555556,1.0,0.38461538461538464,5,13,5,5,0.3096993565559387,0.6175025701522827,0.35
995,False,exact,1.0,140°,C,0.27272727272727276,0.3333333333333333,0.23076923076923078,9,13,3,3,0.25659674406051636,0.4083433747291565,0.35
996,False,numeric_mismatch,0.0,There are 3 different barcodes.,116,0.5263157894736842,1.0,0.35714285714285715,5,14,5,5,0.33459940552711487,0.9295690655708313,0.35
997,False,placeholder,0.0,insufficient information,B,0.0,0.0,0.0,0,12,0,0,0.0,0.0,0.0
998,False,numeric_mismatch,0.0,3,1,0.7272727272727273,1.0,0.5714285714285714,4,7,4,4,0.33964410424232483,0.8791173696517944,0.35
999,False,exact,1.0,David,C,0.0,0.0,0.0,5,15,0,0,0.1677534580230713,0.291008323431015,0.35
1000,False,choice,1.0,D,C,0.375,1.0,0.23076923076923078,3,13,3,3,0.30430540442466736,0.5755504369735718,0.35
1001,False,numeric_mismatch,0.0,Area = 1/2 * (PS + RS) * ST,25,0.631578947368421,1.0,0.46153846153846156,6,13,6,6,0.3535993993282318,0.6751806139945984,0.35
1002,True,exact,0.7,E) None of these numbers is possible.,E,0.5263157894736842,0.7142857142857143,0.4166666666666667,7,12,5,5,0.2865464687347412,0.8452335596084595,0.35
1003,False,numeric_mismatch,0.0,8,6,0.5714285714285715,1.0,0.4,4,10,4,4,0.2951805591583252,0.639468789100647,0.35
1004,True,exact,0.7,B) π - α / 2,B,0.4444444444444445,1.0,0.2857142857142857,4,14,4,4,0.3697073757648468,0.6933078169822693,0.35
1005,False,numeric_mismatch,0.0,At least 3,1,0.4444444444444445,1.0,0.2857142857142857,4,14,4,4,0.36273860931396484,0.8536096215248108,0.35
1006,False,exact,0.3,C) a + b + c < 0,E,0.5882352941176471,1.0,0.4166666666666667,5,12,5,5,0.48600831627845764,0.9113874435424805,0.35
1007,False,numeric_mismatch,0.0,6,19,0.42857142857142855,0.42857142857142855,0.42857142857142855,7,7,3,3,0.2198980152606964,0.48049497604370117,0.35
1008,False,choice,1.0,D,A,0.0,0.0,0.0,6,13,0,0,0.18243665993213654,0.2773212492465973,0.35
1009,False,numeric_mismatch,0.0,16,13,0.4,1.0,0.25,3,12,3,3,0.3210293650627136,0.8231385946273804,0.35
1010,False,numeric_mismatch,0.0,6,5,0.6666666666666666,0.7777777777777778,0.5833333333333334,9,12,7,7,0.3485659062862396,0.7583276033401489,0.35
1011,True,exact,0.7,C) 32 cm²,C,0.8,0.9090909090909091,0.7142857142857143,11,14,10,10,0.3706316649913788,0.8191407918930054,0.35
1012,True,exact,0.7,C) 36°,C,0.5882352941176471,1.0,0.4166666666666667,5,12,5,5,0.43636274337768555,0.8859020471572876,0.35
1013,False,exact,0.3,114 m²,C,0.09090909090909091,0.125,0.07142857142857142,8,14,1,1,0.18804104626178741,0.3853660225868225,0.35
1014,False,numeric_mismatch,0.0,3,4.8,0.5454545454545454,1.0,0.375,6,16,6,6,0.3960897922515869,0.8365004062652588,0.35
1015,False,exact,0.3,B) 2√3,C,0.4,1.0,0.25,3,12,3,3,0.3174598813056946,0.8583928942680359,0.35
1016,False,exact,0.3,D) 143,E,0.35294117647058826,1.0,0.21428571428571427,3,14,3,3,0.3261660635471344,0.7717233896255493,0.35
1017,False,exact,0.3,D) E_x ≠ E_y and Vol(E_x) < Vol(E_y),C,0.5555555555555556,1.0,0.38461538461538464,5,13,5,5,0.39425212144851685,0.8076757192611694,0.35
1018,True,exact,0.7,B) \frac{28}{3} \pi,B,0.6363636363636364,1.0,0.4666666666666667,7,15,7,7,0.36816975474357605,0.7483969926834106,0.35
1019,True,numeric_exact,1.0,5,5,0.5714285714285715,1.0,0.4,6,15,6,6,0.4242387115955353,0.77241051197052,0.35
1020,False,choice,1.0,C,E,0.5714285714285714,0.8571428571428571,0.42857142857142855,7,14,6,6,0.3777434825897217,0.7085715532302856,0.35
1021,False,numeric_mismatch,0.0,5,10,0.5,1.0,0.3333333333333333,4,12,4,4,0.3060550391674042,0.7972425222396851,0.35
1022,False,choice,1.0,B,E,0.4444444444444445,1.0,0.2857142857142857,4,14,4,4,0.3333451747894287,0.5485098361968994,0.35
1023,False,choice,1.0,D,A,0.0,0.0,0.0,5,14,0,0,0.12730185687541962,0.3069651424884796,0.35
1024,False,numeric_mismatch,0.0,3,4,0.47058823529411764,1.0,0.3076923076923077,4,13,4,4,0.3002859950065613,0.5859857201576233,0.35
1025,False,exact,0.3,B) 89°,E,0.5263157894736842,1.0,0.35714285714285715,5,14,5,5,0.2754727602005005,0.6208876371383667,0.35
1026,False,choice,1.0,D,A,0.5555555555555556,1.0,0.38461538461538464,5,13,5,5,0.3790102005004883,0.6755107045173645,0.35
1027,False,numeric_mismatch,0.0,15,64,0.6956521739130435,0.8888888888888888,0.5714285714285714,9,14,8,8,0.32592660188674927,0.707115888595581,0.35
1028,False,exact,0.3,It is 2-times as big.,D,0.47058823529411764,0.8,0.3333333333333333,5,12,4,4,0.34664472937583923,0.8396360278129578,0.35
1029,True,numeric_exact,1.0,18,18,0.5555555555555556,1.0,0.38461538461538464,5,13,5,5,0.4636091887950897,0.8574883937835693,0.35
1030,False,numeric_mismatch,0.0,3,2,0.23529411764705882,0.6666666666666666,0.14285714285714285,3,14,2,2,0.2832835912704468,0.6561055779457092,0.35
1031,True,exact,0.7,D) √2:1,D,0.5882352941176471,1.0,0.4166666666666667,5,12,5,5,0.3463565707206726,0.7806337475776672,0.35
1032,False,numeric_mismatch,0.0,12,10,0.47619047619047616,1.0,0.3125,5,16,5,5,0.3055165708065033,0.6621944308280945,0.35
1033,True,exact,0.7,D) \(\frac{1}{\sqrt{5}}\),A,0.4210526315789474,1.0,0.26666666666666666,4,15,4,4,0.2978569269180298,0.6385953426361084,0.35
1034,True,exact,0.7,B) 1080°,B,0.5882352941176471,1.0,0.4166666666666667,5,12,5,5,0.3947426378726959,0.8267490267753601,0.35
1035,False,choice,1.0,D,A,0.0,0.0,0.0,6,14,0,0,0.12445742636919022,0.2850115895271301,0.35
1036,False,numeric_mismatch,0.0,4,3,0.35294117647058826,1.0,0.21428571428571427,3,14,3,3,0.35631006956100464,0.6683580279350281,0.35
1037,False,choice,1.0,B,E,0.5,0.8333333333333334,0.35714285714285715,6,14,5,5,0.29239457845687866,0.41488486528396606,0.35
1038,False,exact,0.3,D) $X^{2}+Y^{2}=Z^{2}$,C,0.4210526315789474,1.0,0.26666666666666666,4,15,4,4,0.31630194187164307,0.8031432628631592,0.35
1039,False,numeric_mismatch,0.0,2,1,0.47058823529411764,1.0,0.3076923076923077,4,13,4,4,0.34868937730789185,0.6875365376472473,0.35
1040,False,exact,1.0,-8,E,0.1739130434782609,0.25,0.13333333333333333,8,15,2,2,0.14701832830905914,0.4486571252346039,0.35
1041,False,exact,1.0,6,A,0.631578947368421,1.0,0.46153846153846156,6,13,6,6,0.361761212348938,0.9266926646232605,0.35
1042,False,exact,0.3,"either 2, 3 or 5",A,0.5,1.0,0.3333333333333333,4,12,4,4,0.3688453733921051,0.8002817034721375,0.35
1043,False,choice,1.0,b,A,0.5,1.0,0.3333333333333333,4,12,4,4,0.3995060622692108,0.6966272592544556,0.35
1044,False,numeric_mismatch,0.0,550,3025,0.5555555555555556,0.8333333333333334,0.4166666666666667,6,12,5,5,0.343689888715744,0.7986301779747009,0.35
1045,True,exact,0.7,B) \(\frac{3}{16}\),C,0.6,1.0,0.42857142857142855,6,14,6,6,0.3332737982273102,0.7138978242874146,0.35
1046,True,choice,1.0,B,B,0.5714285714285715,1.0,0.4,4,10,4,4,0.32106465101242065,0.7118338942527771,0.35
1047,False,choice,1.0,B,A,0.22222222222222224,0.5,0.14285714285714285,4,14,2,2,0.25996536016464233,0.562339186668396,0.35
1048,False,numeric_mismatch,0.0,6,3,0.3333333333333333,0.75,0.21428571428571427,4,14,3,3,0.28004202246665955,0.6286468505859375,0.35
1049,True,exact,0.7,E) 8:5,E,0.10526315789473684,0.16666666666666666,0.07692307692307693,6,13,1,1,0.19315491616725922,0.3504345417022705,0.35
1050,False,exact,0.3,D) 15°,E,0.7692307692307693,0.7692307692307693,0.7692307692307693,13,13,10,10,0.34987354278564453,0.7625148296356201,0.35
1051,False,exact,0.3,insufficient information,D,0.761904761904762,1.0,0.6153846153846154,8,13,8,8,0.34217074513435364,0.6656679511070251,0.35
1052,False,exact,0.3,C) 3,B,0.5882352941176471,1.0,0.4166666666666667,5,12,5,5,0.3981996178627014,0.8205302357673645,0.35
1053,False,exact,0.3,either 0 or 1 or 2,A,0.4444444444444445,1.0,0.2857142857142857,4,14,4,4,0.41366979479789734,0.9710589647293091,0.35
1054,False,placeholder,0.0,insufficient information,C,0.0,0.0,0.0,0,13,0,0,0.0,0.0,0.0
1055,False,placeholder,0.0,insufficient information,22,0.0,0.0,0.0,0,9,0,0,0.0,0.0,0.0
1056,False,exact,0.3,insufficient information,B,0.6666666666666666,0.8,0.5714285714285714,10,14,8,8,0.3399202525615692,0.7908082604408264,0.35
1057,False,exact,1.0,12,A,0.5555555555555556,0.8333333333333334,0.4166666666666667,6,12,5,5,0.3275949954986572,0.8122299313545227,0.35
1058,False,numeric_mismatch,0.0,4037,16,0.42857142857142855,0.6,0.3333333333333333,5,9,3,3,0.31831783056259155,0.6333457231521606,0.35
1059,False,numeric_mismatch,0.0,1,3,0.6666666666666666,1.0,0.5,5,10,5,5,0.48320162296295166,0.8566514253616333,0.35
1060,False,choice,1.0,B,C,0.375,0.75,0.25,4,12,3,3,0.1951783299446106,0.4419371485710144,0.35
1061,True,exact,0.7,B) \(\frac{1}{3}\),B,0.5555555555555556,1.0,0.38461538461538464,5,13,5,5,0.3609747588634491,0.7277346253395081,0.35
1062,False,choice,1.0,E,A,0.5882352941176471,1.0,0.4166666666666667,5,12,5,5,0.3625028729438782,0.7855770587921143,0.35
1063,True,exact,0.7,C) III,C,0.761904761904762,1.0,0.6153846153846154,8,13,8,8,0.42567765712738037,0.8411253094673157,0.35
1064,True,numeric_exact,1.0,The area of triangle ABC is 6 square units.,6,0.5555555555555556,1.0,0.38461538461538464,5,13,5,5,0.3269478380680084,0.7180315256118774,0.35
1065,False,numeric_mismatch,0.0,12,8,0.4210526315789474,1.0,0.26666666666666666,4,15,4,4,0.43590688705444336,0.9134706854820251,0.35
1066,True,exact,0.7,40 white and 41 black ones,E,0.5882352941176471,1.0,0.4166666666666667,5,12,5,5,0.3128741681575775,0.6734771132469177,0.35
1067,False,exact,1.0,π,E,0.761904761904762,1.0,0.6153846153846154,8,13,8,8,0.3667556345462799,0.8731903433799744,0.35
1068,False,placeholder,0.0,insufficient information,D,0.0,0.0,0.0,0,13,0,0,0.0,0.0,0.0
1069,False,numeric_mismatch,0.0,428 / 9,56,0.41666666666666663,0.5,0.35714285714285715,10,14,5,5,0.22400598227977753,0.8136204481124878,0.35
1070,False,exact,1.0,Thursday,A,0.4,1.0,0.25,3,12,3,3,0.4171818494796753,0.7239420413970947,0.35
1071,False,numeric_mismatch,0.0,Room 5,2,0.15384615384615383,0.16666666666666666,0.14285714285714285,6,7,1,1,0.20722316205501556,0.5092083215713501,0.35
1072,False,numeric_mismatch,0.0,6,10,0.6,1.0,0.42857142857142855,3,7,3,3,0.43508467078208923,0.8648427128791809,0.35
1073,False,exact,1.0,135°,A,0.47058823529411764,1.0,0.3076923076923077,4,13,4,4,0.519518256187439,0.9500164985656738,0.35
1074,True,exact,0.7,A) $ABC$,B,0.5,1.0,0.3333333333333333,4,12,4,4,0.3756515085697174,0.7547072172164917,0.35
1075,True,exact,0.7,B) V=\frac{3}{2} W,B,0.8571428571428571,1.0,0.75,9,12,9,9,0.40098318457603455,0.8476420044898987,0.35
1076,False,choice,1.0,B,D,0.6,1.0,0.42857142857142855,6,14,6,6,0.3420141637325287,0.6790666580200195,0.35
1077,True,exact,0.7,D) \(\frac{1}{6}\),D,0.761904761904762,0.8888888888888888,0.6666666666666666,9,12,8,8,0.3631308078765869,0.8941088318824768,0.35
1078,False,numeric_mismatch,0.0,10,5,0.5,1.0,0.3333333333333333,4,12,4,4,0.36439189314842224,0.7330830097198486,0.35
1079,False,choice,1.0,D,B,0.5555555555555556,1.0,0.38461538461538464,5,13,5,5,0.33751392364501953,0.7292722463607788,0.35
1080,False,numeric_mismatch,0.0,60,13,0.7000000000000001,1.0,0.5384615384615384,7,13,7,7,0.26774945855140686,0.6557937860488892,0.35
1081,False,exact,0.3,C) 130°,E,0.5263157894736842,1.0,0.35714285714285715,5,14,5,5,0.24105791747570038,0.6095062494277954,0.35
1082,False,numeric_mismatch,0.0,3,2,0.4444444444444445,1.0,0.2857142857142857,4,14,4,4,0.3319573700428009,0.6388068199157715,0.35
1083,False,exact,0.3,1.8 m,E,0.4,0.8,0.26666666666666666,5,15,4,4,0.25780096650123596,0.7421536445617676,0.35
1084,True,exact,0.7,B) \(\frac{1}{3}\),A,0.1,0.2,0.06666666666666667,5,15,1,1,0.21928603947162628,0.4336354434490204,0.35
1085,False,exact,0.3,A) 2 and 0,E,0.5882352941176471,1.0,0.4166666666666667,5,12,5,5,0.37899190187454224,0.757839024066925,0.35
1086,False,exact,0.3,B) 2:3,A,0.4285714285714285,0.75,0.3,4,10,3,3,0.2721957564353943,0.8502489924430847,0.35
1087,False,exact,0.3,6 and 6,E,0.35294117647058826,1.0,0.21428571428571427,3,14,3,3,0.41480427980422974,0.6189364790916443,0.35
1088,False,choice,1.0,C,E,0.631578947368421,1.0,0.46153846153846156,6,13,6,6,0.36456918716430664,0.685112476348877,0.35
1089,True,choice,1.0,D,D,0.3529411764705882,0.75,0.23076923076923078,4,13,3,3,0.29145610332489014,0.5104894042015076,0.35
1090,False,exact,0.3,"A) 1,4 and 7",B,0.375,0.75,0.25,4,12,3,3,0.24536538124084473,0.7788202166557312,0.35
1091,False,choice,1.0,B,C,0.13333333333333333,0.2,0.1,5,10,1,1,0.08469007164239883,0.3841579556465149,0.35
1092,True,exact,0.7,E) 240 m³,E,0.7000000000000001,1.0,0.5384615384615384,7,13,7,7,0.33380964398384094,0.6209412217140198,0.35
1093,False,numeric_mismatch,0.0,24,6,0.5555555555555556,1.0,0.38461538461538464,5,13,5,5,0.3658486604690552,0.842796802520752,0.35
1094,False,placeholder,0.0,insufficient information,B,0.0,0.0,0.0,0,10,0,0,0.0,0.0,0.0
1095,False,numeric_mismatch,0.0,10,20,0.625,1.0,0.45454545454545453,5,11,5,5,0.3107668459415436,0.6073354482650757,0.35
1096,False,placeholder,0.0,insufficient information,E,0.0,0.0,0.0,0,16,0,0,0.0,0.0,0.0
1097,False,exact,1.0,4π,D,0.6,0.75,0.5,8,12,6,6,0.29986146092414856,0.7824856638908386,0.35
1098,False,numeric_mismatch,0.0,4,3,0.5,1.0,0.3333333333333333,4,12,4,4,0.3316439986228943,0.6979548335075378,0.35
1099,False,exact,0.3,C) 6+π m,A,0.6666666666666665,0.8571428571428571,0.5454545454545454,7,11,6,6,0.2926732003688812,0.7843449711799622,0.35
1100,False,exact,0.3,B) 11%,D,0.5,1.0,0.3333333333333333,4,12,4,4,0.44609400629997253,0.8682423830032349,0.35
1101,True,numeric_rounded,0.85,24,21,0.6666666666666666,1.0,0.5,6,12,6,6,0.3654320240020752,0.8602626919746399,0.35
1102,True,exact,0.7,B) 11 cm,B,0.5,1.0,0.3333333333333333,5,15,5,5,0.43638965487480164,0.9400414824485779,0.35
1103,False,numeric_mismatch,0.0,18,11.5,0.6666666666666666,1.0,0.5,6,12,6,6,0.27694955468177795,0.7660750150680542,0.35
1104,False,numeric_mismatch,0.0,6,4040,0.47058823529411764,1.0,0.3076923076923077,4,13,4,4,0.45709559321403503,0.8159210681915283,0.35
1105,False,exact,0.3,D) 105,B,0.6,1.0,0.42857142857142855,6,14,6,6,0.34829774498939514,0.9377890229225159,0.35
1106,False,numeric_mismatch,0.0,25,13,0.47058823529411764,0.8,0.3333333333333333,5,12,4,4,0.3183952867984772,0.6064117550849915,0.35
1107,True,exact,0.7,insufficient information,C,0.8333333333333333,1.0,0.7142857142857143,10,14,10,10,0.402915894985199,0.9393835663795471,0.35
1108,False,exact,0.3,B) 18 cm²,A,0.7368421052631579,1.0,0.5833333333333334,7,12,7,7,0.45446163415908813,0.8646985292434692,0.35
1109,True,exact,0.7,B) a + b + c + d < 0,A,0.5555555555555556,1.0,0.38461538461538464,5,13,5,5,0.35808488726615906,0.7528538703918457,0.35
1110,False,exact,0.3,C) 1: 3: 9,A,0.375,1.0,0.23076923076923078,3,13,3,3,0.39846667647361755,0.6553396582603455,0.35
1111,True,exact,0.7,B) 30√5 m,B,0.7200000000000001,0.8181818181818182,0.6428571428571429,11,14,9,9,0.3674356937408447,0.8026452660560608,0.35
1112,False,exact,1.0,50(5+√5),D,0.18181818181818185,0.2222222222222222,0.15384615384615385,9,13,2,2,0.2671484351158142,0.5379576683044434,0.35
1113,False,placeholder,0.0,insufficient information,28,0.0,0.0,0.0,0,16,0,0,0.0,0.0,0.0
1114,False,choice,1.0,C,E,0.4444444444444445,1.0,0.2857142857142857,4,14,4,4,0.2986903786659241,0.7362152934074402,0.35
1115,False,choice,1.0,A,E,0.09523809523809523,0.14285714285714285,0.07142857142857142,7,14,1,1,0.1710340529680252,0.5069308280944824,0.35
1116,False,exact,0.3,B) \(\frac{13 \pi}{16}\),E,0.6666666666666666,1.0,0.5,6,12,6,6,0.4244421720504761,0.7909998297691345,0.35
1117,False,choice,1.0,D,A,0.26666666666666666,0.6666666666666666,0.16666666666666666,3,12,2,2,0.31848785281181335,0.8423289060592651,0.35
1118,False,exact,0.3,C) y = ax + b,D,0.46153846153846156,0.75,0.3333333333333333,4,9,3,3,0.33724522590637207,0.6446072459220886,0.35
1119,False,numeric_mismatch,0.0,67,34,0.4,1.0,0.25,3,12,3,3,0.39201846718788147,0.7691061496734619,0.35
1120,False,numeric_mismatch,0.0,6,10,0.4444444444444445,1.0,0.2857142857142857,4,14,4,4,0.4166264533996582,0.7508358955383301,0.35
1121,True,exact,0.7,B) \(\frac{1}{4}\),B,0.5,1.0,0.3333333333333333,4,12,4,4,0.32830610871315,0.6616396903991699,0.35
1122,False,choice,1.0,B,E,0.0,0.0,0.0,3,12,0,0,0.10316109657287598,0.24918672442436218,0.35
1123,False,numeric_mismatch,0.0,20,16,0.5263157894736842,1.0,0.35714285714285715,5,14,5,5,0.35377374291419983,0.7668664455413818,0.35
1124,False,numeric_mismatch,0.0,6,8,0.4,1.0,0.25,3,12,3,3,0.2640587389469147,0.6252619624137878,0.35
1125,False,choice,1.0,B,D,0.25,0.6666666666666666,0.15384615384615385,3,13,2,2,0.3216915726661682,0.7230376601219177,0.35
1126,False,numeric_mismatch,0.0,16,50,0.47619047619047616,1.0,0.3125,5,16,5,5,0.38482534885406494,0.8667430281639099,0.35
1127,False,numeric_mismatch,0.0,455,19,0.5,1.0,0.3333333333333333,5,15,5,5,0.2733335494995117,0.7565634250640869,0.35
1128,False,numeric_mismatch,0.0,7,12,0.4,1.0,0.25,3,12,3,3,0.5145449638366699,0.8451167941093445,0.35
1129,True,exact,0.7,B) 4.5 cm,C,0.6,1.0,0.42857142857142855,6,14,6,6,0.4864793121814728,0.8823991417884827,0.35
1130,False,choice,1.0,D,E,0.4444444444444445,1.0,0.2857142857142857,4,14,4,4,0.21920323371887207,0.6534732580184937,0.35
1131,False,exact,0.3,B) \(\frac{3 \pi}{2}\),D,0.5555555555555556,1.0,0.38461538461538464,5,13,5,5,0.37876665592193604,0.7626599073410034,0.35
1132,False,exact,0.3,15 cm,E,0.88,1.0,0.7857142857142857,11,14,11,11,0.4108717739582062,0.8122932314872742,0.35
1133,False,choice,1.0,B,D,0.5,1.0,0.3333333333333333,4,12,4,4,0.40989378094673157,0.7626610398292542,0.35
1134,False,exact,0.3,C) 0.086 m³,D,0.380952380952381,0.4444444444444444,0.3333333333333333,9,12,4,4,0.187063530087471,0.5989986658096313,0.35
1135,False,numeric_mismatch,0.0,6,21,0.6666666666666666,1.0,0.5,6,12,6,6,0.49745872616767883,0.9152628183364868,0.35
1136,True,numeric_exact,1.0,4,4,0.4444444444444445,1.0,0.2857142857142857,4,14,4,4,0.35105952620506287,0.6379626393318176,0.35
1137,False,placeholder,0.0,insufficient information,C,0.0,0.0,0.0,0,13,0,0,0.0,0.0,0.0
1138,False,numeric_mismatch,0.0,8,12,0.631578947368421,0.8571428571428571,0.5,7,12,6,6,0.2850814461708069,0.780970573425293,0.35
1139,False,choice,1.0,C,A,0.23529411764705882,0.5,0.15384615384615385,4,13,2,2,0.21151471138000488,0.49642646312713623,0.35
1140,False,numeric_mismatch,0.0,The perimeter of the big rectangle is 36 units.,30,0.6666666666666666,1.0,0.5,6,12,6,6,0.48891007900238037,0.754716694355011,0.35
1141,False,exact,1.0,3,B,0.4,1.0,0.25,3,12,3,3,0.307339072227478,0.6551375389099121,0.35
1142,False,exact,0.3,D) 6,E,0.5,0.8333333333333334,0.35714285714285715,6,14,5,5,0.40169379115104675,0.7812679409980774,0.35
1143,False,choice,1.0,B,C,0.5,1.0,0.3333333333333333,4,12,4,4,0.26035985350608826,0.4897271990776062,0.35
1144,False,numeric_mismatch,0.0,30,16,0.4,1.0,0.25,4,16,4,4,0.3181827664375305,0.7476791739463806,0.35
1145,False,exact,0.3,55 cm,E,0.5555555555555556,1.0,0.38461538461538464,5,13,5,5,0.3422788977622986,0.853385329246521,0.35
1146,False,numeric_mismatch,0.0,24,36,0.5333333333333333,1.0,0.36363636363636365,4,11,4,4,0.32209479808807373,0.7010732293128967,0.35
1147,False,numeric_mismatch,0.0,10,12,0.0,0.0,0.0,3,12,0,0,0.10838079452514648,0.30437031388282776,0.35
1148,False,numeric_mismatch,0.0,The area colored in black is 21.,28,0.5263157894736842,1.0,0.35714285714285715,5,14,5,5,0.29006537795066833,0.7433043122291565,0.35
1149,False,numeric_mismatch,0.0,There are 2 ways to insert the remaining numbers.,24,0.35294117647058826,1.0,0.21428571428571427,3,14,3,3,0.368356853723526,0.8357596397399902,0.35
1150,False,numeric_mismatch,0.0,38,70,0.5,1.0,0.3333333333333333,4,12,4,4,0.43685758113861084,0.7578787207603455,0.35
1151,False,exact,0.3,Sum of the two remaining side lengths,11,0.6666666666666666,1.0,0.5,6,12,6,6,0.36904987692832947,0.8095411062240601,0.35
1152,True,choice,1.0,D,D,0.33333333333333337,0.6,0.23076923076923078,5,13,3,3,0.2995935082435608,0.4266301989555359,0.35
1153,False,numeric_mismatch,0.0,11.5,16,0.5555555555555556,1.0,0.38461538461538464,5,13,5,5,0.36619681119918823,0.7770729660987854,0.35
1154,False,exact,0.3,D) 625 → 626 ↑ 627,B,0.35294117647058826,1.0,0.21428571428571427,3,14,3,3,0.3068710267543793,0.7239685654640198,0.35
1155,True,choice,1.0,E,E,0.4444444444444444,0.8,0.3076923076923077,5,13,4,4,0.3240649998188019,0.5470932126045227,0.35
1156,False,exact,0.3,C) (x-1)^{3},D,0.23529411764705882,0.4,0.16666666666666666,5,12,2,2,0.20410558581352234,0.7073265314102173,0.35
1157,False,exact,0.3,C) 24 cm,A,0.5,0.625,0.4166666666666667,8,12,5,5,0.2524884045124054,0.8062335848808289,0.35
1158,False,numeric_mismatch,0.0,42,9,0.5263157894736842,0.7142857142857143,0.4166666666666667,7,12,5,5,0.2969256341457367,0.6177685856819153,0.35
1159,False,placeholder,0.0,insufficient information,A,0.0,0.0,0.0,0,14,0,0,0.0,0.0,0.0
1160,False,numeric_mismatch,0.0,80,160,0.5333333333333333,1.0,0.36363636363636365,4,11,4,4,0.33631446957588196,0.8457227349281311,0.35
1161,False,numeric_mismatch,0.0,5,3,0.4444444444444445,1.0,0.2857142857142857,4,14,4,4,0.42743608355522156,0.8670863509178162,0.35
1162,False,numeric_mismatch,0.0,72,12,0.5,1.0,0.3333333333333333,4,12,4,4,0.3789331018924713,0.6679331064224243,0.35
1163,False,numeric_mismatch,0.0,40,110,0.6666666666666666,1.0,0.5,5,10,5,5,0.31153449416160583,0.7303223013877869,0.35
1164,False,numeric_mismatch,0.0,31.5,21,0.5454545454545454,1.0,0.375,3,8,3,3,0.39034318923950195,0.826381266117096,0.35
1165,False,numeric_mismatch,0.0,10,18,0.4444444444444445,1.0,0.2857142857142857,4,14,4,4,0.35516834259033203,0.7573471665382385,0.35
1166,False,exact,1.0,3a,E,0.5882352941176471,1.0,0.4166666666666667,5,12,5,5,0.3803117871284485,0.8273639678955078,0.35
1167,False,choice,1.0,B,A,0.25,0.5,0.16666666666666666,4,12,2,2,0.258638471364975,0.40399497747421265,0.35
1168,False,numeric_mismatch,0.0,2,4,0.7857142857142857,0.6875,0.9166666666666666,16,12,11,11,0.3837386667728424,0.9068522453308105,0.35
1169,False,numeric_mismatch,0.0,3 km,6,0.5714285714285715,1.0,0.4,4,10,4,4,0.22448980808258057,0.4723171293735504,0.35
1170,True,exact,0.7,B) 1 and 10,B,0.35294117647058826,1.0,0.21428571428571427,3,14,3,3,0.39770594239234924,0.811960756778717,0.35
1171,False,numeric_mismatch,0.0,6,3,0.5714285714285715,1.0,0.4,4,10,4,4,0.28015226125717163,0.744816243648529,0.35
1172,False,choice,1.0,E,D,0.22222222222222224,0.5,0.14285714285714285,4,14,2,2,0.20876465737819672,0.5155489444732666,0.35
1173,True,exact,0.7,B) 5:05,B,0.375,1.0,0.23076923076923078,3,13,3,3,0.33202993869781494,0.5871409773826599,0.35
1174,True,choice,1.0,E,E,0.26666666666666666,0.6666666666666666,0.16666666666666666,3,12,2,2,0.25473466515541077,0.5328465700149536,0.35
1175,False,numeric_mismatch,0.0,40,64,0.5555555555555556,1.0,0.38461538461538464,5,13,5,5,0.28391680121421814,0.5049135684967041,0.35
1176,False,exact,1.0,Yellow,E,0.6666666666666666,1.0,0.5,7,14,7,7,0.3791811168193817,0.8720517158508301,0.35
1177,False,numeric_mismatch,0.0,8,63,0.5,1.0,0.3333333333333333,4,12,4,4,0.40516671538352966,0.8304398059844971,0.35
1178,False,exact,0.3,A) L and M,E,0.47058823529411764,0.8,0.3333333333333333,5,12,4,4,0.25702884793281555,0.7360941171646118,0.35
1179,False,numeric_mismatch,0.0,600,500,0.23529411764705882,0.5,0.15384615384615385,4,13,2,2,0.1722569614648819,0.40390169620513916,0.35
1180,False,choice,1.0,E,A,0.47058823529411764,0.8,0.3333333333333333,5,12,4,4,0.36039501428604126,0.7731184363365173,0.35
1181,False,numeric_mismatch,0.0,4,1,0.26666666666666666,0.6666666666666666,0.16666666666666666,3,12,2,2,0.25401172041893005,0.8743244409561157,0.35
1182,False,numeric_mismatch,0.0,34,60,0.6666666666666665,0.75,0.6,8,10,6,6,0.309912770986557,0.6428816318511963,0.35
1183,False,choice,1.0,E,B,0.47058823529411764,1.0,0.3076923076923077,4,13,4,4,0.36383551359176636,0.6426646113395691,0.35
1184,False,placeholder,0.0,insufficient information,1,0.0,0.0,0.0,0,12,0,0,0.0,0.0,0.0
1185,False,numeric_mismatch,0.0,2,3,0.5,1.0,0.3333333333333333,4,12,4,4,0.36865290999412537,0.7172302603721619,0.35
1186,True,exact,0.7,D) The one 322 cm wide and weighing 4298 kg,D,0.6666666666666666,1.0,0.5,6,12,6,6,0.38269731402397156,0.6911943554878235,0.35
1187,False,numeric_mismatch,0.0,8,24,0.3,1.0,0.17647058823529413,3,17,3,3,0.27339568734169006,0.5872623324394226,0.35
1188,False,numeric_mismatch,0.0,5,3,0.5217391304347827,0.75,0.4,8,15,6,6,0.28575313091278076,0.7512137293815613,0.35
1189,True,choice,1.0,E,E,0.5714285714285715,1.0,0.4,4,10,4,4,0.31245240569114685,0.5760411024093628,0.35
1190,True,choice,1.0,D,D,0.2857142857142857,1.0,0.16666666666666666,2,12,2,2,0.24228130280971527,0.4369014799594879,0.35
1191,False,numeric_mismatch,0.0,3,7,0.375,0.75,0.25,4,12,3,3,0.27564314007759094,0.6189371347427368,0.35
1192,False,choice,1.0,a,E,0.375,0.75,0.25,4,12,3,3,0.23839567601680756,0.4533577263355255,0.35
1193,True,choice,1.0,E,E,0.35294117647058826,1.0,0.21428571428571427,3,14,3,3,0.3072066605091095,0.4921746253967285,0.35
1194,False,numeric_mismatch,0.0,10,90,0.3529411764705882,0.75,0.23076923076923078,4,13,3,3,0.27582716941833496,0.5859535932540894,0.35
1195,False,numeric_mismatch,0.0,2,2309415687,0.4,1.0,0.25,3,12,3,3,0.30141496658325195,0.583716630935669,0.35
1196,False,choice,1.0,D,E,0.4444444444444445,1.0,0.2857142857142857,4,14,4,4,0.25481799244880676,0.7136601805686951,0.35
1197,False,numeric_mismatch,0.0,38,46,0.5333333333333333,1.0,0.36363636363636365,4,11,4,4,0.34470894932746887,0.7512023448944092,0.35
1198,False,choice,1.0,D,C,0.35294117647058826,0.6,0.25,5,12,3,3,0.3050607144832611,0.5338080525398254,0.35
1199,False,numeric_mismatch,0.0,8,26,0.5,1.0,0.3333333333333333,4,12,4,4,0.3831745684146881,0.7078210711479187,0.35
1200,True,numeric_exact,1.0,36,36,0.4,1.0,0.25,3,12,3,3,0.39906954765319824,0.848738431930542,0.35
1201,False,numeric_mismatch,0.0,12,4,0.7272727272727274,0.8888888888888888,0.6153846153846154,9,13,8,8,0.3412536084651947,0.6668328642845154,0.35
1202,False,numeric_mismatch,0.0,30 grams,20,0.47058823529411764,0.8,0.3333333333333333,5,12,4,4,0.3207942545413971,0.7897319793701172,0.35
1203,False,exact,0.3,"A) 1, 2 and 4",C,0.375,0.75,0.25,4,12,3,3,0.2555699646472931,0.551767110824585,0.35
1204,False,choice,1.0,E,C,0.6666666666666666,0.6666666666666666,0.6666666666666666,6,6,4,4,0.3905663788318634,0.7775798439979553,0.35
1205,False,choice,1.0,C,B,0.3529411764705882,0.75,0.23076923076923078,4,13,3,3,0.2348450869321823,0.502752959728241,0.35
1206,False,numeric_mismatch,0.0,8,5,0.22222222222222224,0.5,0.14285714285714285,4,14,2,2,0.10494953393936157,0.4159586429595947,0.35
1207,True,numeric_rounded,0.85,19,17,0.7000000000000001,0.875,0.5833333333333334,8,12,7,7,0.4317358434200287,0.8635271191596985,0.35
1208,True,numeric_exact,1.0,12,12,0.5882352941176471,1.0,0.4166666666666667,5,12,5,5,0.5439651012420654,0.8063892722129822,0.35
1209,False,numeric_mismatch,0.0,40,65,0.25,0.6666666666666666,0.15384615384615385,3,13,2,2,0.2786567509174347,0.5962474346160889,0.35
1210,False,choice,1.0,A,E,0.4444444444444445,1.0,0.2857142857142857,4,14,4,4,0.3619846701622009,0.739227831363678,0.35
1211,True,numeric_exact,1.0,13,13,0.375,1.0,0.23076923076923078,3,13,3,3,0.39079123735427856,0.9439725875854492,0.35
1212,True,numeric_rounded,0.9,100,95,0.5,0.75,0.375,4,8,3,3,0.2868081331253052,0.5977779626846313,0.35
1213,False,numeric_mismatch,0.0,5,8,0.5,1.0,0.3333333333333333,4,12,4,4,0.3845810890197754,0.8145328164100647,0.35
1214,True,numeric_rounded,0.85,63,57,0.4,1.0,0.25,3,12,3,3,0.3577476739883423,0.705545961856842,0.35
1215,False,choice,1.0,D,E,0.5555555555555556,1.0,0.38461538461538464,5,13,5,5,0.4072374701499939,0.6308146119117737,0.35
1216,False,choice,1.0,E,D,0.8,1.0,0.6666666666666666,8,12,8,8,0.46266722679138184,0.7850050926208496,0.35
1217,False,exact,0.3,E All of them are shown equally often,D,0.375,0.75,0.25,4,12,3,3,0.27423232793807983,0.49960973858833313,0.35
1218,True,numeric_exact,1.0,8,8,0.7142857142857143,0.8333333333333334,0.625,12,16,10,10,0.3267860412597656,0.7431362867355347,0.35
1219,False,numeric_mismatch,0.0,3,6,0.375,0.75,0.25,4,12,3,3,0.3244340121746063,0.731689453125,0.35
1220,False,exact,0.3,insufficient information,D,0.7000000000000001,0.875,0.5833333333333334,8,12,7,7,0.38776493072509766,0.9178398251533508,0.35
1221,True,exact,0.7,D) 3 and 5,D,0.7058823529411764,1.0,0.5454545454545454,6,11,6,6,0.3349047899246216,0.6720245480537415,0.35
1222,True,exact,0.7,B) In the circle and in the square but not in the triangle.,B,0.4,1.0,0.25,3,12,3,3,0.3717070519924164,0.8285770416259766,0.35
1223,False,numeric_mismatch,0.0,7,6,0.5882352941176471,1.0,0.4166666666666667,5,12,5,5,0.32206472754478455,0.628486156463623,0.35
1224,False,exact,0.3,48 dm,C,0.631578947368421,1.0,0.46153846153846156,6,13,6,6,0.36712202429771423,0.9310512542724609,0.35
1225,False,numeric_mismatch,0.0,12,40,0.35294117647058826,0.6,0.25,5,12,3,3,0.21923960745334625,0.7466722726821899,0.35
1226,False,choice,1.0,C,E,0.125,0.3333333333333333,0.07692307692307693,3,13,1,1,0.16719689965248108,0.4106827676296234,0.35
1227,False,numeric_mismatch,0.0,16,32,0.375,1.0,0.23076923076923078,3,13,3,3,0.3581613600254059,0.7239199876785278,0.35
1228,False,choice,1.0,C,E,0.6,0.8571428571428571,0.46153846153846156,7,13,6,6,0.4313269257545471,0.7601979374885559,0.35
1229,False,numeric_mismatch,0.0,10,6,0.4615384615384615,1.0,0.3,3,10,3,3,0.33455753326416016,0.7902502417564392,0.35
1230,False,choice,1.0,B,E,0.47058823529411764,1.0,0.3076923076923077,4,13,4,4,0.3786261975765228,0.5950644612312317,0.35
1231,False,choice,1.0,D),E,0.47058823529411764,1.0,0.3076923076923077,4,13,4,4,0.2631787061691284,0.733608067035675,0.35
1232,True,choice,1.0,D),D,0.4,0.6666666666666666,0.2857142857142857,3,7,2,2,0.2874380350112915,0.8180686831474304,0.35
1233,False,numeric_mismatch,0.0,3,2,0.5,1.0,0.3333333333333333,4,12,4,4,0.4331834614276886,0.7628664374351501,0.35
1234,False,choice,1.0,A,B,0.375,0.42857142857142855,0.3333333333333333,7,9,3,3,0.2591802775859833,0.47363853454589844,0.35
1235,False,numeric_mismatch,0.0,4,2,0.5882352941176471,1.0,0.4166666666666667,5,12,5,5,0.3771320581436157,0.753906786441803,0.35
1236,False,numeric_mismatch,0.0,8,4,0.6666666666666666,1.0,0.5,6,12,6,6,0.4852595329284668,0.8555102944374084,0.35
1237,False,choice,1.0,B),C,0.4210526315789474,1.0,0.26666666666666666,4,15,4,4,0.2987363636493683,0.5804254412651062,0.35
1238,True,numeric_exact,1.0,20,20,0.5882352941176471,1.0,0.4166666666666667,5,12,5,5,0.31234100461006165,0.716579258441925,0.35
1239,True,choice,1.0,C),C,0.35294117647058826,0.6,0.25,5,12,3,3,0.22580575942993164,0.5581594705581665,0.35
1240,False,choice,1.0,E),B,0.26666666666666666,0.6666666666666666,0.16666666666666666,3,12,2,2,0.2605457305908203,0.5059776306152344,0.35
1241,True,choice,1.0,B,B,0.625,0.8333333333333334,0.5,6,10,5,5,0.25024834275245667,0.5953981876373291,0.35
1242,False,choice,1.0,B,C,0.33333333333333337,0.6,0.23076923076923078,5,13,3,3,0.2716887593269348,0.46120375394821167,0.35
1243,False,choice,1.0,B,E,0.5,1.0,0.3333333333333333,4,12,4,4,0.38924452662467957,0.6701613068580627,0.35
1244,False,numeric_mismatch,0.0,25,37,0.2222222222222222,0.3333333333333333,0.16666666666666666,6,12,2,2,0.22335392236709595,0.40196701884269714,0.35
1245,True,exact,0.7,C) 3 times,C,0.35294117647058826,1.0,0.21428571428571427,3,14,3,3,0.2914436161518097,0.7257246375083923,0.35
1246,True,choice,1.0,C),C,0.4,1.0,0.25,3,12,3,3,0.3131296932697296,0.6936579942703247,0.35
1247,False,numeric_mismatch,0.0,6,12,0.5,1.0,0.3333333333333333,4,12,4,4,0.4483102262020111,0.8017528057098389,0.35
1248,False,choice,1.0,A),D,0.38095238095238093,0.5714285714285714,0.2857142857142857,7,14,4,4,0.26077592372894287,0.48033058643341064,0.35
1249,False,numeric_mismatch,0.0,30,56,0.5263157894736842,1.0,0.35714285714285715,5,14,5,5,0.3397650718688965,0.7237157225608826,0.35
1250,False,numeric_mismatch,0.0,21,16,0.631578947368421,1.0,0.46153846153846156,6,13,6,6,0.4068099558353424,0.8333715796470642,0.35
1251,True,numeric_exact,1.0,61,61,0.5882352941176471,1.0,0.4166666666666667,5,12,5,5,0.4937872886657715,0.8774449229240417,0.35
1252,True,exact,0.7,"A, B, D, E",D,0.6,1.0,0.42857142857142855,6,14,6,6,0.44779571890830994,0.8617409467697144,0.35
1253,True,numeric_exact,1.0,6,6,0.7499999999999999,1.0,0.6,6,10,6,6,0.54499351978302,0.8806835412979126,0.35
1254,False,choice,1.0,(D),C,0.5714285714285715,1.0,0.4,4,10,4,4,0.3708628714084625,0.6029568910598755,0.35
1255,True,exact,0.7,Jake won. He had 4 points more.,E,0.5263157894736842,1.0,0.35714285714285715,5,14,5,5,0.2612382471561432,0.6871956586837769,0.35
1256,True,numeric_rounded,0.85,6,7,0.4,1.0,0.25,3,12,3,3,0.4562512934207916,0.7833044528961182,0.35
1257,False,exact,1.0,one,4,0.6666666666666666,1.0,0.5,4,8,4,4,0.4016887843608856,0.770863950252533,0.35
1258,True,choice,1.0,(D),D,0.5882352941176471,1.0,0.4166666666666667,5,12,5,5,0.3026551902294159,0.6734443306922913,0.35
1259,True,numeric_rounded,0.85,7,8,0.4,0.6666666666666666,0.2857142857142857,6,14,4,4,0.2717267870903015,0.7802835702896118,0.35
1260,False,numeric_mismatch,0.0,6,4,0.5,1.0,0.3333333333333333,4,12,4,4,0.38920092582702637,0.8621395230293274,0.35
1261,False,choice,1.0,D,E,0.3,0.42857142857142855,0.23076923076923078,7,13,3,3,0.1874457597732544,0.7001943588256836,0.35
1262,False,numeric_mismatch,0.0,4,5,0.375,0.75,0.25,4,12,3,3,0.5244912505149841,0.8984509706497192,0.35
1263,False,choice,1.0,E,D,0.4,1.0,0.25,3,12,3,3,0.32859504222869873,0.811320424079895,0.35
1264,False,choice,1.0,B,D,0.23529411764705882,0.4,0.16666666666666666,5,12,2,2,0.15161453187465668,0.5684266686439514,0.35
1265,False,choice,1.0,D,A,0.5882352941176471,1.0,0.4166666666666667,5,12,5,5,0.360493004322052,0.662880003452301,0.35
1266,False,numeric_mismatch,0.0,1,7,0.5,1.0,0.3333333333333333,4,12,4,4,0.3305683135986328,0.6514886617660522,0.35
1267,False,choice,1.0,D),B,0.4,1.0,0.25,3,12,3,3,0.2619324326515198,0.7300082445144653,0.35
1268,False,numeric_mismatch,0.0,6,10,0.375,0.75,0.25,4,12,3,3,0.27671024203300476,0.5984182357788086,0.35
1269,False,choice,1.0,E,B,0.26666666666666666,0.6666666666666666,0.16666666666666666,3,12,2,2,0.32662200927734375,0.640966534614563,0.35
1270,True,numeric_exact,1.0,16,16,0.47058823529411764,1.0,0.3076923076923077,4,13,4,4,0.4485785663127899,0.7086801528930664,0.35
1271,False,numeric_mismatch,0.0,6,5,0.30769230769230765,0.6666666666666666,0.2,3,10,2,2,0.32371628284454346,0.7244325876235962,0.35
1272,False,numeric_mismatch,0.0,18,67,0.7000000000000001,1.0,0.5384615384615384,7,13,7,7,0.4069502651691437,0.9302473068237305,0.35
1273,False,numeric_mismatch,0.0,9,4,0.2105263157894737,0.5,0.13333333333333333,4,15,2,2,0.21630345284938812,0.5780907273292542,0.35
1274,False,choice,1.0,B,D,0.5882352941176471,1.0,0.4166666666666667,5,12,5,5,0.33429986238479614,0.6075308918952942,0.35
1275,True,exact,0.7,B) House 3 and 4,A,0.5714285714285714,0.8,0.4444444444444444,5,9,4,4,0.32040655612945557,0.5862612724304199,0.35
1276,False,choice,1.0,(C),A,0.6666666666666666,1.0,0.5,4,8,4,4,0.27412116527557373,0.702929675579071,0.35
1277,True,choice,1.0,E,E,0.25,0.6666666666666666,0.15384615384615385,3,13,2,2,0.21405823528766632,0.6666696071624756,0.35
1278,True,choice,1.0,B,B,0.25,0.6666666666666666,0.15384615384615385,3,13,2,2,0.27408599853515625,0.5901124477386475,0.35
1279,False,choice,1.0,B,C,0.47058823529411764,0.8,0.3333333333333333,5,12,4,4,0.3472861349582672,0.6679288148880005,0.35
1280,False,numeric_mismatch,0.0,4,8,0.5333333333333333,0.8,0.4,5,10,4,4,0.2912648022174835,0.7833380699157715,0.35
1281,False,exact,0.3,E) 100,D,0.3333333333333333,0.5,0.25,6,12,3,3,0.18233081698417664,0.475445419549942,0.35
1282,False,choice,1.0,B),C,0.11111111111111112,0.25,0.07142857142857142,4,14,1,1,0.20220915973186493,0.3781525194644928,0.35
1283,False,numeric_mismatch,0.0,2,6,0.5882352941176471,1.0,0.4166666666666667,5,12,5,5,0.4227750599384308,0.8221337795257568,0.35
1284,False,numeric_mismatch,0.0,100,181,0.11764705882352941,0.2,0.08333333333333333,5,12,1,1,0.22400853037834167,0.5933168530464172,0.35
1285,False,exact,0.3,B) ... be 3 or 4.,C,0.5,1.0,0.3333333333333333,4,12,4,4,0.30422264337539673,0.7390928864479065,0.35
1286,False,numeric_mismatch,0.0,6,3,0.47058823529411764,0.8,0.3333333333333333,5,12,4,4,0.2634717524051666,0.7810065746307373,0.35
1287,True,numeric_rounded,0.9,25,26,0.5,1.0,0.3333333333333333,4,12,4,4,0.48024773597717285,0.8966297507286072,0.35
1288,True,exact,0.7,D) Motorbike and Tram,A,0.47058823529411764,0.8,0.3333333333333333,5,12,4,4,0.21505571901798248,0.5936992168426514,0.35
1289,False,numeric_mismatch,0.0,3,5,0.5,1.0,0.3333333333333333,4,12,4,4,0.3302994966506958,0.6418282389640808,0.35
1290,False,numeric_mismatch,0.0,12,21,0.5555555555555556,1.0,0.38461538461538464,5,13,5,5,0.3762425184249878,0.7324671149253845,0.35
1291,False,numeric_mismatch,0.0,5,8,0.35294117647058826,1.0,0.21428571428571427,3,14,3,3,0.41856884956359863,0.855306088924408,0.35
1292,False,numeric_mismatch,0.0,10,15,0.11764705882352941,0.25,0.07692307692307693,4,13,1,1,0.1394161581993103,0.43431994318962097,0.35
1293,True,choice,1.0,A,A,0.47058823529411764,1.0,0.3076923076923077,4,13,4,4,0.44070494174957275,0.8665539622306824,0.35
1294,True,choice,1.0,B,B,0.47058823529411764,1.0,0.3076923076923077,4,13,4,4,0.24334630370140076,0.8055734634399414,0.35
1295,False,numeric_mismatch,0.0,3,6,0.25,0.5,0.16666666666666666,4,12,2,2,0.21605657041072845,0.6581347584724426,0.35
1296,False,choice,1.0,B,A,0.5,0.75,0.375,4,8,3,3,0.29371947050094604,0.8415011763572693,0.35
1297,False,choice,1.0,B),E,0.25,1.0,0.14285714285714285,2,14,2,2,0.30929622054100037,0.605507493019104,0.35
1298,True,numeric_exact,1.0,6,6,0.2666666666666667,1.0,0.15384615384615385,2,13,2,2,0.560859203338623,0.7354447245597839,0.35
1299,False,numeric_mismatch,0.0,5,6,0.5,1.0,0.3333333333333333,4,12,4,4,0.359052449464798,0.7897651791572571,0.35
1300,False,numeric_mismatch,0.0,17,13,0.5,0.7142857142857143,0.38461538461538464,7,13,5,5,0.27800726890563965,0.8015626668930054,0.35
1301,True,choice,1.0,D,D,0.26666666666666666,0.4,0.2,5,10,2,2,0.19136090576648712,0.46769005060195923,0.35
1302,False,numeric_mismatch,0.0,10,6,0.5555555555555556,1.0,0.38461538461538464,5,13,5,5,0.32570767402648926,0.7727087140083313,0.35
1303,False,numeric_mismatch,0.0,87,21,0.5882352941176471,1.0,0.4166666666666667,5,12,5,5,0.33069369196891785,0.8689267635345459,0.35
1304,False,numeric_mismatch,0.0,8,15,0.47058823529411764,1.0,0.3076923076923077,4,13,4,4,0.407636821269989,0.6378557682037354,0.35
1305,False,numeric_mismatch,0.0,12,8,0.5,1.0,0.3333333333333333,4,12,4,4,0.3739888668060303,0.8019622564315796,0.35
1306,False,numeric_mismatch,0.0,7,9,0.6086956521739131,0.7777777777777778,0.5,9,14,7,7,0.3201815187931061,0.8239149451255798,0.35
1307,False,choice,1.0,B,A,0.31578947368421056,0.75,0.2,4,15,3,3,0.24758146703243256,0.5783432722091675,0.35
1308,False,choice,1.0,E,B,0.3076923076923077,1.0,0.18181818181818182,2,11,2,2,0.3961378037929535,0.7881068587303162,0.35
1309,False,numeric_mismatch,0.0,8,3,0.47058823529411764,1.0,0.3076923076923077,4,13,4,4,0.34681078791618347,0.6930204033851624,0.35
1310,False,numeric_mismatch,0.0,2,8,0.5,1.0,0.3333333333333333,4,12,4,4,0.3863140046596527,0.7875300049781799,0.35
1311,False,exact,0.3,D) Doris,E,0.3333333333333333,0.5,0.25,6,12,3,3,0.21474909782409668,0.6637683510780334,0.35
1312,False,numeric_mismatch,0.0,28,24,0.5,1.0,0.3333333333333333,3,9,3,3,0.25872504711151123,0.6338868737220764,0.35
1313,False,choice,1.0,D,A,0.5,1.0,0.3333333333333333,4,12,4,4,0.36233946681022644,0.6885266900062561,0.35
1314,False,choice,1.0,B),D,0.35294117647058826,0.6,0.25,5,12,3,3,0.280318945646286,0.8116631507873535,0.35
1315,False,exact,1.0,triangle,A,0.3636363636363636,1.0,0.2222222222222222,2,9,2,2,0.3547591269016266,0.627993643283844,0.35
1316,True,exact,0.7,There are equally many circles as squares.,C,0.33333333333333337,1.0,0.2,3,15,3,3,0.39486414194107056,0.8331326842308044,0.35
1317,False,numeric_mismatch,0.0,3,4,0.5,1.0,0.3333333333333333,4,12,4,4,0.28485697507858276,0.7583281397819519,0.35
1318,True,choice,1.0,B,B,0.4210526315789474,1.0,0.26666666666666666,4,15,4,4,0.40176230669021606,0.6368436217308044,0.35
1319,False,numeric_mismatch,0.0,4,3,0.7142857142857143,1.0,0.5555555555555556,5,9,5,5,0.65370112657547,0.8591853380203247,0.35
1320,False,numeric_mismatch,0.0,5,4,0.4444444444444445,1.0,0.2857142857142857,4,14,4,4,0.35690975189208984,0.68408203125,0.35
1321,False,numeric_mismatch,0.0,8,5,0.5,1.0,0.3333333333333333,4,12,4,4,0.28987157344818115,0.792405903339386,0.35
1322,False,choice,1.0,D,A,0.375,0.75,0.25,4,12,3,3,0.35308322310447693,0.7518718242645264,0.35
1323,True,exact,0.7,D) between bowls S and T,B,0.375,1.0,0.23076923076923078,3,13,3,3,0.3783968985080719,0.7045940160751343,0.35
1324,True,choice,1.0,E,E,0.5263157894736842,1.0,0.35714285714285715,5,14,5,5,0.43275341391563416,0.8609457015991211,0.35
1325,False,exact,0.3,C) Christa,B,0.5555555555555556,1.0,0.38461538461538464,5,13,5,5,0.28839513659477234,0.6301609873771667,0.35
1326,True,choice,1.0,(D),D,0.28571428571428575,0.5,0.2,4,10,2,2,0.22404932975769043,0.4286826252937317,0.35
1327,False,numeric_mismatch,0.0,6,12,0.26666666666666666,0.6666666666666666,0.16666666666666666,3,12,2,2,0.2515154480934143,0.7135395407676697,0.35
1328,True,exact,0.7,E) (E),E,0.375,0.75,0.25,4,12,3,3,0.31332531571388245,0.7267451882362366,0.35
1329,False,exact,0.3,All footprints are the same in both images.,C,0.4444444444444444,0.8,0.3076923076923077,5,13,4,4,0.27820467948913574,0.6273865699768066,0.35
1330,True,numeric_exact,1.0,3,3,0.5,1.0,0.3333333333333333,4,12,4,4,0.35815906524658203,0.6346070170402527,0.35
1331,True,numeric_exact,1.0,16,16,0.0,0.0,0.0,6,11,0,0,0.179118812084198,0.3457638621330261,0.35
1332,False,choice,1.0,E,A,0.6153846153846153,1.0,0.4444444444444444,4,9,4,4,0.35323989391326904,0.7394363880157471,0.35
1333,False,choice,1.0,B,E,0.375,0.75,0.25,4,12,3,3,0.2598341703414917,0.6764184832572937,0.35
1334,False,numeric_mismatch,0.0,21,15,0.5882352941176471,1.0,0.4166666666666667,5,12,5,5,0.371486634016037,0.6284282803535461,0.35
1335,False,choice,1.0,B,C,0.5263157894736842,0.8333333333333334,0.38461538461538464,6,13,5,5,0.2917128801345825,0.632647693157196,0.35
1336,False,choice,1.0,C,A,0.4,1.0,0.25,3,12,3,3,0.315165638923645,0.6572727560997009,0.35
1337,True,numeric_rounded,0.85,10,9,0.30769230769230765,0.3333333333333333,0.2857142857142857,6,7,2,2,0.24474850296974182,0.7127423882484436,0.35
1338,False,numeric_mismatch,0.0,7,5,0.4285714285714285,0.75,0.3,4,10,3,3,0.304401695728302,0.6262576580047607,0.35
1339,False,choice,1.0,D,A,0.6363636363636364,1.0,0.4666666666666667,7,15,7,7,0.3771274983882904,0.8240962028503418,0.35
1340,False,numeric_mismatch,0.0,Eric gets 10 marbles.,19,0.5263157894736842,1.0,0.35714285714285715,5,14,5,5,0.307878702878952,0.7340095043182373,0.35
1341,False,numeric_mismatch,0.0,1,2,0.4,1.0,0.25,4,16,4,4,0.4222339689731598,0.8200791478157043,0.35
1342,False,numeric_mismatch,0.0,6,5,0.4,1.0,0.25,3,12,3,3,0.38152679800987244,0.8695659637451172,0.35
1343,False,numeric_mismatch,0.0,3,6,0.5,1.0,0.3333333333333333,4,12,4,4,0.4176193177700043,0.7643824219703674,0.35
1344,True,numeric_exact,1.0,5,5,0.6,1.0,0.42857142857142855,3,7,3,3,0.3720810115337372,0.7154567837715149,0.35
1345,False,numeric_mismatch,0.0,8,6,0.5,1.0,0.3333333333333333,4,12,4,4,0.37171247601509094,0.674362063407898,0.35
1346,False,choice,1.0,C,D,0.5333333333333333,1.0,0.36363636363636365,4,11,4,4,0.27257096767425537,0.6934899687767029,0.35
1347,False,choice,1.0,E,D,0.33333333333333337,1.0,0.2,3,15,3,3,0.3660942018032074,0.6435105204582214,0.35
1348,False,numeric_mismatch,0.0,6,5,0.4,1.0,0.25,3,12,3,3,0.358280211687088,0.6786614656448364,0.35
1349,False,numeric_mismatch,0.0,5,4,0.3529411764705882,0.75,0.23076923076923078,4,13,3,3,0.24495895206928253,0.6912438273429871,0.35
1350,True,numeric_rounded,0.85,18,21,0.5,1.0,0.3333333333333333,4,12,4,4,0.33958426117897034,0.6978577375411987,0.35
1351,False,choice,1.0,B,A,0.5,1.0,0.3333333333333333,4,12,4,4,0.3735481798648834,0.8356916904449463,0.35
1352,False,numeric_mismatch,0.0,2,6,0.3333333333333333,0.75,0.21428571428571427,4,14,3,3,0.25754567980766296,0.4732832610607147,0.35
1353,False,choice,1.0,D,E,0.5263157894736842,1.0,0.35714285714285715,5,14,5,5,0.2958538830280304,0.5593563318252563,0.35
1354,False,exact,0.3,A) Monday,E,0.5,1.0,0.3333333333333333,4,12,4,4,0.36458539962768555,0.7017508745193481,0.35
1355,True,numeric_exact,1.0,4,4,0.88,1.0,0.7857142857142857,11,14,11,11,0.3273412585258484,0.8139739036560059,0.35
1356,False,exact,0.3,B) 23 km,D,0.47058823529411764,1.0,0.3076923076923077,4,13,4,4,0.3780856430530548,0.8884685635566711,0.35
1357,False,numeric_mismatch,0.0,4,8,0.5555555555555556,1.0,0.38461538461538464,5,13,5,5,0.4764130413532257,0.8496663570404053,0.35
1358,False,numeric_mismatch,0.0,3,77,0.47058823529411764,1.0,0.3076923076923077,4,13,4,4,0.5153234601020813,0.8098824620246887,0.35
1359,False,choice,1.0,B,D,0.6666666666666666,1.0,0.5,5,10,5,5,0.3407129645347595,0.6565267443656921,0.35
1360,False,choice,1.0,C,A,0.5,1.0,0.3333333333333333,3,9,3,3,0.38085001707077026,0.6894223093986511,0.35
1361,False,exact,0.3,4 cm,B,0.4,1.0,0.25,3,12,3,3,0.33143147826194763,0.6993308663368225,0.35
1362,False,choice,1.0,D,B,0.4,1.0,0.25,3,12,3,3,0.501976490020752,0.8550652861595154,0.35
1363,True,exact,0.7,D) the number 4,E,0.5555555555555556,1.0,0.38461538461538464,5,13,5,5,0.3276984989643097,0.7237018346786499,0.35
1364,False,choice,1.0,D,C,0.3529411764705882,0.75,0.23076923076923078,4,13,3,3,0.24734234809875488,0.6053169369697571,0.35
1365,False,numeric_mismatch,0.0,3,5,0.5454545454545454,1.0,0.375,3,8,3,3,0.39690637588500977,0.6402260065078735,0.35
1366,False,choice,1.0,D,C,0.5,1.0,0.3333333333333333,4,12,4,4,0.34720587730407715,0.6555100083351135,0.35
1367,False,choice,1.0,C,D,0.47058823529411764,1.0,0.3076923076923077,4,13,4,4,0.2592496871948242,0.6286810040473938,0.35
1368,False,choice,1.0,B,A,0.26666666666666666,0.6666666666666666,0.16666666666666666,3,12,2,2,0.20249412953853607,0.4100739061832428,0.35
1369,False,choice,1.0,E,B,0.3333333333333333,0.75,0.21428571428571427,4,14,3,3,0.30587124824523926,0.5233528017997742,0.35
1370,False,choice,1.0,B,D,0.5,1.0,0.3333333333333333,4,12,4,4,0.33474215865135193,0.6582637429237366,0.35
1371,False,numeric_mismatch,0.0,6,5,0.0,0.0,0.0,3,12,0,0,0.14122267067432404,0.32945138216018677,0.35
1372,False,numeric_mismatch,0.0,19,16,0.7368421052631579,1.0,0.5833333333333334,7,12,7,7,0.38233712315559387,0.8854436278343201,0.35
1373,False,numeric_mismatch,0.0,1,3,0.6153846153846153,1.0,0.4444444444444444,4,9,4,4,0.425559401512146,0.7289162278175354,0.35
1374,False,exact,0.3,1600 g,D,0.6666666666666666,1.0,0.5,6,12,6,6,0.3868693709373474,0.7133281826972961,0.35
1375,False,exact,0.3,D) 10 kg,E,0.37499999999999994,0.6,0.2727272727272727,5,11,3,3,0.2383093386888504,0.5139599442481995,0.35
1376,False,exact,0.3,only 9,A,0.5263157894736842,1.0,0.35714285714285715,5,14,5,5,0.3736020028591156,0.7736758589744568,0.35
1377,False,exact,0.3,E) 300 g,D,0.625,0.8333333333333334,0.5,6,10,5,5,0.4092460572719574,0.9528555274009705,0.35
1378,True,exact,0.7,D) 11 Taler,D,0.26666666666666666,0.6666666666666666,0.16666666666666666,3,12,2,2,0.24401351809501648,0.7834025621414185,0.35
1379,False,numeric_mismatch,0.0,1,6,0.6,1.0,0.42857142857142855,3,7,3,3,0.4552021920681,0.7064844369888306,0.35
1380,False,numeric_mismatch,0.0,66,44,0.6956521739130435,0.7272727272727273,0.6666666666666666,11,12,8,8,0.37722092866897583,0.7873343229293823,0.35
1381,True,choice,1.0,C,C,0.47058823529411764,1.0,0.3076923076923077,4,13,4,4,0.29120934009552,0.7286084890365601,0.35
1382,False,numeric_mismatch,0.0,5,3,0.5,1.0,0.3333333333333333,4,12,4,4,0.46441105008125305,0.7864517569541931,0.35
1383,False,exact,0.3,B) 77 m,E,0.5,0.5,0.5,12,12,6,6,0.23706065118312836,0.7363636493682861,0.35
1384,False,exact,0.3,B) 2-3-4-5-1,A,0.5,1.0,0.3333333333333333,3,9,3,3,0.24357567727565765,0.5836455225944519,0.35
1385,False,choice,1.0,B,C,0.38095238095238093,1.0,0.23529411764705882,4,17,4,4,0.2507394850254059,0.6427462100982666,0.35
1386,False,choice,1.0,B,C,0.5714285714285714,0.8,0.4444444444444444,5,9,4,4,0.2022615671157837,0.4724853038787842,0.35
1387,False,exact,0.3,D) 20,E,0.2666666666666667,1.0,0.15384615384615385,2,13,2,2,0.3457452356815338,0.5858744382858276,0.35
1388,False,numeric_mismatch,0.0,3,8,0.4,1.0,0.25,3,12,3,3,0.35158485174179077,0.6189894676208496,0.35
1389,False,choice,1.0,B,C,0.33333333333333337,0.6,0.23076923076923078,5,13,3,3,0.24437882006168365,0.5488195419311523,0.35
1390,False,numeric_mismatch,0.0,7,3,0.4444444444444445,1.0,0.2857142857142857,4,14,4,4,0.39306068420410156,0.6544447541236877,0.35
1391,True,choice,1.0,B,B,0.11764705882352941,0.3333333333333333,0.07142857142857142,3,14,1,1,0.2094370722770691,0.4735006093978882,0.35
1392,False,numeric_mismatch,0.0,18,6,0.5714285714285714,0.75,0.46153846153846156,8,13,6,6,0.24399922788143158,0.6337409019470215,0.35
1393,True,numeric_exact,1.0,5,5,0.5882352941176471,1.0,0.4166666666666667,5,12,5,5,0.349069207906723,0.7124372720718384,0.35
1394,False,numeric_mismatch,0.0,8,6.5,0.5333333333333333,1.0,0.36363636363636365,4,11,4,4,0.37971031665802,0.9181044697761536,0.35
1395,False,numeric_mismatch,0.0,4,1,0.5,1.0,0.3333333333333333,4,12,4,4,0.32368841767311096,0.8355348706245422,0.35
1396,False,choice,1.0,D,A,0.7142857142857143,1.0,0.5555555555555556,5,9,5,5,0.29083752632141113,0.645746648311615,0.35
1397,False,numeric_mismatch,0.0,24,76,0.42105263157894735,0.6666666666666666,0.3076923076923077,6,13,4,4,0.28004151582717896,0.8382888436317444,0.35
1398,False,numeric_mismatch,0.0,9,12,0.375,1.0,0.23076923076923078,3,13,3,3,0.5637038946151733,0.9393220543861389,0.35
1399,False,choice,1.0,D,A,0.47058823529411764,0.8,0.3333333333333333,5,12,4,4,0.32608872652053833,0.6499682664871216,0.35
1400,False,numeric_mismatch,0.0,12,18,0.47058823529411764,0.8,0.3333333333333333,5,12,4,4,0.35587742924690247,0.7239141464233398,0.35
1401,False,numeric_mismatch,0.0,16,20,0.625,1.0,0.45454545454545453,5,11,5,5,0.3712821304798126,0.7147244811058044,0.35
1402,False,numeric_mismatch,0.0,3,12,0.5263157894736842,1.0,0.35714285714285715,5,14,5,5,0.4084436893463135,0.8463753461837769,0.35
1403,False,numeric_mismatch,0.0,198,18,0.4444444444444445,1.0,0.2857142857142857,4,14,4,4,0.5050085783004761,0.7711160182952881,0.35
1404,False,choice,1.0,E,C,0.5882352941176471,1.0,0.4166666666666667,5,12,5,5,0.4403957724571228,0.7299094200134277,0.35
1405,False,numeric_mismatch,0.0,2,6,0.25,1.0,0.14285714285714285,2,14,2,2,0.2331634759902954,0.5789599418640137,0.35
1406,False,numeric_mismatch,0.0,6,15,0.375,1.0,0.23076923076923078,3,13,3,3,0.2245735228061676,0.6082271337509155,0.35
1407,True,choice,1.0,B),B,0.3333333333333333,0.75,0.21428571428571427,4,14,3,3,0.2246313840150833,0.6345368027687073,0.35
1408,False,choice,1.0,C,E,0.375,1.0,0.23076923076923078,3,13,3,3,0.2042185515165329,0.6654137969017029,0.35
1409,False,numeric_mismatch,0.0,30,48,0.375,0.75,0.25,4,12,3,3,0.2275983840227127,0.7127113938331604,0.35
1410,False,numeric_mismatch,0.0,7 kg,5,0.625,0.8333333333333334,0.5,6,10,5,5,0.32520195841789246,0.8138975501060486,0.35
1411,False,choice,1.0,B,A,0.5555555555555556,1.0,0.38461538461538464,5,13,5,5,0.3525068461894989,0.7419978976249695,0.35
1412,False,choice,1.0,(A),E,0.5,1.0,0.3333333333333333,4,12,4,4,0.4025324285030365,0.7178743481636047,0.35
1413,False,choice,1.0,C),E,0.4,1.0,0.25,3,12,3,3,0.37584516406059265,0.7567880153656006,0.35
1414,True,choice,1.0,C,C,0.5,1.0,0.3333333333333333,4,12,4,4,0.2969017028808594,0.6990483999252319,0.35
1415,False,numeric_mismatch,0.0,32,20,0.3529411764705882,0.75,0.23076923076923078,4,13,3,3,0.2902570068836212,0.6502362489700317,0.35
1416,True,choice,1.0,B),B,0.38095238095238093,1.0,0.23529411764705882,4,17,4,4,0.3589300513267517,0.6946557760238647,0.35
1417,True,numeric_exact,1.0,Square 4,4,0.4,1.0,0.25,4,16,4,4,0.3814453184604645,0.7351675033569336,0.35
1418,False,choice,1.0,D,E,0.11764705882352941,0.25,0.07692307692307693,4,13,1,1,0.15087345242500305,0.5223531126976013,0.35
1419,False,numeric_mismatch,0.0,3,7,0.5,1.0,0.3333333333333333,4,12,4,4,0.39149460196495056,0.6498722434043884,0.35
1420,False,numeric_mismatch,0.0,18,3,0.631578947368421,1.0,0.46153846153846156,6,13,6,6,0.4167022705078125,0.9477510452270508,0.35
1421,False,exact,0.3,B) 2 and 3,E,0.5555555555555556,1.0,0.38461538461538464,5,13,5,5,0.34950360655784607,0.810373067855835,0.35
1422,True,numeric_exact,1.0,6,6,0.4444444444444444,0.8,0.3076923076923077,5,13,4,4,0.339138001203537,0.6433663964271545,0.35
1423,True,exact,0.7,D) 1 triangle,A,0.5,1.0,0.3333333333333333,4,12,4,4,0.40534353256225586,0.7579330205917358,0.35
1424,False,exact,0.3,D) \rightarrow \rightarrow \downarrow \downarrow \downarrow \downarrow,E,0.5454545454545454,0.75,0.42857142857142855,4,7,3,3,0.24466069042682648,0.5724686980247498,0.35
1425,False,choice,1.0,B,C,0.6153846153846153,1.0,0.4444444444444444,4,9,4,4,0.4514814019203186,0.817199170589447,0.35
1426,False,choice,1.0,E,B,0.5,1.0,0.3333333333333333,4,12,4,4,0.26434752345085144,0.6413549184799194,0.35
1427,False,numeric_mismatch,0.0,16,12,0.6086956521739131,0.6363636363636364,0.5833333333333334,11,12,7,7,0.2723340392112732,0.9153386354446411,0.35
1428,False,choice,1.0,C),D,0.5,1.0,0.3333333333333333,4,12,4,4,0.2678852081298828,0.6596799492835999,0.35
1429,False,choice,1.0,B,C,0.4,1.0,0.25,3,12,3,3,0.32425519824028015,0.4570717513561249,0.35
1430,True,exact,0.7,"B) 2,1,3,5,4",B,0.375,1.0,0.23076923076923078,3,13,3,3,0.43292325735092163,0.8582761883735657,0.35
1431,False,exact,0.3,D) 6 and 8,C,0.4545454545454545,0.7142857142857143,0.3333333333333333,7,15,5,5,0.2745891511440277,0.7651431560516357,0.35
1432,False,numeric_mismatch,0.0,7,3,0.47058823529411764,0.8,0.3333333333333333,5,12,4,4,0.25987350940704346,0.6426154375076294,0.35
1433,False,numeric_mismatch,0.0,20,32,0.5714285714285715,1.0,0.4,4,10,4,4,0.36822396516799927,0.8211391568183899,0.35
1434,False,exact,0.3,"B) 14, 16, 21, 23",C,0.6206896551724138,0.6428571428571429,0.6,14,15,9,9,0.3112139403820038,0.619318962097168,0.35
1435,True,choice,1.0,A,A,0.631578947368421,1.0,0.46153846153846156,6,13,6,6,0.37393632531166077,0.8817889094352722,0.35
1436,False,numeric_mismatch,0.0,6,3,0.42857142857142855,1.0,0.2727272727272727,3,11,3,3,0.3485279977321625,0.7188341617584229,0.35
1437,False,choice,1.0,E,A,0.23529411764705882,0.4,0.16666666666666666,5,12,2,2,0.19806163012981415,0.7204843759536743,0.35
1438,False,exact,0.3,B) 60 cm,E,0.47058823529411764,1.0,0.3076923076923077,4,13,4,4,0.3592322766780853,0.7781195640563965,0.35
1439,True,exact,0.7,C) 1 and 5,C,0.35294117647058826,0.6,0.25,5,12,3,3,0.19443379342556,0.7285992503166199,0.35
1440,True,numeric_exact,1.0,3,3,0.3333333333333333,0.5,0.25,6,12,3,3,0.16820475459098816,0.5715156197547913,0.35
1441,False,numeric_mismatch,0.0,9,11,0.375,0.75,0.25,4,12,3,3,0.27938875555992126,0.7364761829376221,0.35
1442,False,numeric_mismatch,0.0,92,12,0.4,1.0,0.25,3,12,3,3,0.2649937868118286,0.6884207129478455,0.35
1443,True,choice,1.0,D,D,0.5714285714285715,1.0,0.4,4,10,4,4,0.49653443694114685,0.8457602262496948,0.35
1444,False,numeric_mismatch,0.0,10,5,0.375,0.75,0.25,4,12,3,3,0.25882017612457275,0.681668758392334,0.35
1445,True,exact,0.7,C) 5 and 9,C,0.42857142857142855,1.0,0.2727272727272727,3,11,3,3,0.2877148985862732,0.6999208927154541,0.35
1446,False,exact,0.3,B) 1 and 3,E,0.4,1.0,0.25,3,12,3,3,0.2918926775455475,0.5407311916351318,0.35
1447,False,numeric_mismatch,0.0,3,8,0.23529411764705882,0.2222222222222222,0.25,9,8,2,2,0.17804935574531555,0.4954613447189331,0.35
1448,True,choice,1.0,A,A,0.4,1.0,0.25,3,12,3,3,0.34782978892326355,0.6696563959121704,0.35
1449,False,numeric_mismatch,0.0,6,4,0.625,1.0,0.45454545454545453,5,11,5,5,0.4556373655796051,0.6904473304748535,0.35
1450,False,choice,1.0,B,E,0.4210526315789474,1.0,0.26666666666666666,4,15,4,4,0.4033706784248352,0.6286600828170776,0.35
1451,False,choice,1.0,D,E,0.375,0.75,0.25,4,12,3,3,0.22703684866428375,0.6148906350135803,0.35
1452,False,exact,0.3,1 kg,A,0.5555555555555556,1.0,0.38461538461538464,5,13,5,5,0.4466760754585266,0.7567351460456848,0.35
1453,True,exact,0.7,B) 1 and 3,D,0.5263157894736842,1.0,0.35714285714285715,5,14,5,5,0.3367055654525757,0.6556599736213684,0.35
1454,False,numeric_mismatch,0.0,3,4,0.375,1.0,0.23076923076923078,3,13,3,3,0.4849165976047516,0.8921819925308228,0.35
1455,True,numeric_exact,1.0,3,3,0.5,1.0,0.3333333333333333,4,12,4,4,0.46879395842552185,0.8282628655433655,0.35
1456,False,numeric_mismatch,0.0,2,3,0.5,1.0,0.3333333333333333,4,12,4,4,0.3480374813079834,0.6927614212036133,0.35
1457,False,numeric_mismatch,0.0,"Patterns 2, 4, and 6",4,0.6363636363636364,0.875,0.5,8,14,7,7,0.3366694450378418,0.5902175903320312,0.35
1458,False,placeholder,0.0,insufficient information,D,0.0,0.0,0.0,0,12,0,0,0.0,0.0,0.0
1459,True,choice,1.0,B,B,0.375,1.0,0.23076923076923078,3,13,3,3,0.3423967957496643,0.6188461780548096,0.35
1460,False,choice,1.0,C,D,0.47058823529411764,0.8,0.3333333333333333,5,12,4,4,0.25111666321754456,0.6425641179084778,0.35
1461,False,numeric_mismatch,0.0,10,4,0.631578947368421,1.0,0.46153846153846156,6,13,6,6,0.4028615355491638,0.826082170009613,0.35
1462,True,exact,0.7,B) RSR,B,0.47058823529411764,1.0,0.3076923076923077,4,13,4,4,0.34680798649787903,0.8128263354301453,0.35
1463,False,numeric_mismatch,0.0,6,4,0.5555555555555556,1.0,0.38461538461538464,5,13,5,5,0.4052516520023346,0.8584375381469727,0.35
1464,False,choice,1.0,D,E,0.47058823529411764,1.0,0.3076923076923077,4,13,4,4,0.3796437978744507,0.7181993722915649,0.35
1465,True,numeric_rounded,0.9,X = 9,10,0.4,1.0,0.25,3,12,3,3,0.32708701491355896,0.845154881477356,0.35
1466,False,numeric_mismatch,0.0,9,11,0.5,1.0,0.3333333333333333,4,12,4,4,0.49761828780174255,0.6948192119598389,0.35
1467,False,numeric_mismatch,0.0,18,22,0.5263157894736842,1.0,0.35714285714285715,5,14,5,5,0.4108011722564697,0.8695530891418457,0.35
1468,False,numeric_mismatch,0.0,9,25,0.5,1.0,0.3333333333333333,4,12,4,4,0.4535162150859833,0.7596564292907715,0.35
1469,False,numeric_mismatch,0.0,1600,400,0.6666666666666666,1.0,0.5,7,14,7,7,0.44294819235801697,0.8092173933982849,0.35
1470,False,numeric_mismatch,0.0,1,4,0.375,0.75,0.25,4,12,3,3,0.28481990098953247,0.7392033934593201,0.35
1471,False,exact,0.3,D) 1 and 4,C,0.4444444444444445,1.0,0.2857142857142857,4,14,4,4,0.30400386452674866,0.5419566035270691,0.35
1472,False,choice,1.0,E,B,0.375,0.375,0.375,16,16,6,6,0.22581255435943604,0.5018312335014343,0.35
1473,False,numeric_mismatch,0.0,100√2,10100,0.5,0.8333333333333334,0.35714285714285715,6,14,5,5,0.2686237692832947,0.6549265384674072,0.35
1474,False,placeholder,0.0,insufficient information,7,0.0,0.0,0.0,0,12,0,0,0.0,0.0,0.0
1475,False,numeric_mismatch,0.0,75,45,0.5,1.0,0.3333333333333333,4,12,4,4,0.3951994478702545,0.7327492237091064,0.35
1476,True,numeric_exact,1.0,3,3,0.8181818181818182,0.9,0.75,10,12,9,9,0.4112071692943573,0.7239035964012146,0.35
1477,False,choice,1.0,B,D,0.5,1.0,0.3333333333333333,4,12,4,4,0.31723955273628235,0.6041797399520874,0.35
1478,False,numeric_mismatch,0.0,5,32,0.375,1.0,0.23076923076923078,3,13,3,3,0.3849664628505707,0.840997040271759,0.35
1479,False,numeric_mismatch,0.0,3,6,0.26666666666666666,0.6666666666666666,0.16666666666666666,3,12,2,2,0.25010719895362854,0.47915390133857727,0.35
1480,True,numeric_exact,1.0,2,2,0.631578947368421,1.0,0.46153846153846156,6,13,6,6,0.40635058283805847,0.6803678870201111,0.35
1481,False,choice,1.0,B,E,0.5,1.0,0.3333333333333333,4,12,4,4,0.3086112439632416,0.5893952250480652,0.35
1482,False,numeric_mismatch,0.0,90,35,0.1,0.16666666666666666,0.07142857142857142,6,14,1,1,0.17083017528057098,0.5294783711433411,0.35
1483,True,exact,0.7,C) \(\frac{1}{6}\),A,0.5,1.0,0.3333333333333333,4,12,4,4,0.32130613923072815,0.696528434753418,0.35
1484,False,numeric_mismatch,0.0,1,128,0.3157894736842105,0.6,0.21428571428571427,5,14,3,3,0.2363959103822708,0.48319265246391296,0.35
1485,True,numeric_exact,1.0,1775,1775,0.5882352941176471,1.0,0.4166666666666667,5,12,5,5,0.4360620379447937,0.7632998824119568,0.35
1486,False,exact,0.3,B) 48 cm,D,0.5,1.0,0.3333333333333333,4,12,4,4,0.31303396821022034,0.7336190342903137,0.35
1487,False,numeric_mismatch,0.0,5,2,0.5833333333333334,0.6363636363636364,0.5384615384615384,11,13,7,7,0.3390711843967438,0.6476453542709351,0.35
1488,False,exact,0.3,B) 6 m²,C,0.6,1.0,0.42857142857142855,6,14,6,6,0.4207649827003479,0.8544067740440369,0.35
1489,True,numeric_exact,1.0,3,3,0.6666666666666666,1.0,0.5,3,6,3,3,0.4266371428966522,0.7568220496177673,0.35
1490,False,numeric_mismatch,0.0,21,82,0.5,1.0,0.3333333333333333,4,12,4,4,0.35275259613990784,0.7238523960113525,0.35
1491,False,numeric_mismatch,0.0,3,22.5,0.4444444444444445,1.0,0.2857142857142857,4,14,4,4,0.3024327754974365,0.6481506824493408,0.35
1492,False,numeric_mismatch,0.0,8,5,0.4210526315789473,0.8,0.2857142857142857,5,14,4,4,0.2527552545070648,0.7622811198234558,0.35
1493,False,numeric_mismatch,0.0,309,7685413092,0.4,1.0,0.25,3,12,3,3,0.24652644991874695,0.6118828058242798,0.35
1494,False,choice,1.0,A,E,0.4,1.0,0.25,3,12,3,3,0.3800140619277954,0.6523999571800232,0.35
1495,False,numeric_mismatch,0.0,There is only one way to get a number 2006 while following the arrows on the figure.,8,0.36363636363636365,0.5714285714285714,0.26666666666666666,7,15,4,4,0.22357876598834991,0.6452888250350952,0.35
1496,False,numeric_mismatch,0.0,1,2,0.7499999999999999,1.0,0.6,6,10,6,6,0.3735523521900177,0.8237165212631226,0.35
1497,False,numeric_mismatch,0.0,10π + 40 + 120,160,0.761904761904762,1.0,0.6153846153846154,8,13,8,8,0.4049086272716522,0.7490437626838684,0.35
1498,True,exact,0.7,Six corner star,E,0.5263157894736842,1.0,0.35714285714285715,5,14,5,5,0.4568958282470703,0.7797688245773315,0.35
1499,False,exact,1.0,Purple,D,0.4444444444444445,1.0,0.2857142857142857,4,14,4,4,0.34288927912712097,0.815861701965332,0.35
1500,True,exact,0.7,C) \(\frac{1}{8} \text{ m}^2\),A,0.5263157894736842,1.0,0.35714285714285715,5,14,5,5,0.2973220944404602,0.8457168340682983,0.35
1501,False,exact,0.3,E) 1 000 000 000,B,0.23529411764705882,0.5,0.15384615384615385,4,13,2,2,0.25602301955223083,0.5744786262512207,0.35
1502,True,exact,0.7,B) 16 cm,C,0.625,0.8333333333333334,0.5,6,10,5,5,0.33644992113113403,0.8198199272155762,0.35
1503,False,choice,1.0,A,B,0.5714285714285714,0.75,0.46153846153846156,8,13,6,6,0.3189619481563568,0.7223752737045288,0.35
1504,True,numeric_exact,1.0,6,6,0.375,1.0,0.23076923076923078,3,13,3,3,0.3571302592754364,0.6345230937004089,0.35
1505,False,numeric_mismatch,0.0,30,124,0.375,1.0,0.23076923076923078,3,13,3,3,0.3246558904647827,0.7034369707107544,0.35
1506,True,exact,0.7,D) E,D,0.5,1.0,0.3333333333333333,4,12,4,4,0.28155621886253357,0.5351167917251587,0.35
1507,False,numeric_mismatch,0.0,2,1,0.631578947368421,0.8571428571428571,0.5,7,12,6,6,0.37963709235191345,0.7807614207267761,0.35
1508,True,exact,0.7,D) D1,D,0.3225806451612903,0.2,0.8333333333333334,50,12,10,10,0.2964301109313965,0.8462162613868713,0.35
1509,False,exact,0.3,C) TPT,B,0.4210526315789473,0.8,0.2857142857142857,5,14,4,4,0.2444818764925003,0.6636066436767578,0.35
1510,True,choice,1.0,D,D,0.3157894736842105,1.0,0.1875,3,16,3,3,0.3411281108856201,0.6775552034378052,0.35
1511,True,exact,0.7,B) 13.5 cm,B,0.4444444444444445,1.0,0.2857142857142857,4,14,4,4,0.3714445233345032,0.8099663257598877,0.35
1512,False,exact,0.3,insufficient information,B,0.5,1.0,0.3333333333333333,4,12,4,4,0.4643632471561432,0.773508608341217,0.35
1513,True,exact,0.7,E) $P_{1}$ and $P_{2}$ have the same area,D,0.4444444444444444,0.8,0.3076923076923077,5,13,4,4,0.3795516788959503,0.7477256059646606,0.35
1514,False,exact,0.3,C) 96 cm,B,0.5,1.0,0.3333333333333333,4,12,4,4,0.44089093804359436,0.7725507616996765,0.35
1515,True,numeric_exact,1.0,50,50,0.7368421052631579,1.0,0.5833333333333334,7,12,7,7,0.4484947621822357,0.8508611917495728,0.35
1516,False,exact,0.3,9 cm,D,0.33333333333333337,1.0,0.2,3,15,3,3,0.37994474172592163,0.6476471424102783,0.35
1517,False,numeric_mismatch,0.0,2,1,0.5714285714285715,1.0,0.4,4,10,4,4,0.3729230761528015,0.8840107321739197,0.35
1518,False,exact,0.3,More than 25 %,B,0.5263157894736842,0.7142857142857143,0.4166666666666667,7,12,5,5,0.22268278896808624,0.6098206639289856,0.35
1519,False,numeric_mismatch,0.0,3,5,0.47058823529411764,1.0,0.3076923076923077,4,13,4,4,0.405598521232605,0.7665886282920837,0.35
1520,False,numeric_mismatch,0.0,8,5,0.6153846153846154,0.8,0.5,5,8,4,4,0.3734738230705261,0.7043161988258362,0.35
1521,False,numeric_mismatch,0.0,0,6,0.5555555555555556,0.8333333333333334,0.4166666666666667,6,12,5,5,0.38351476192474365,0.837917149066925,0.35
1522,False,exact,1.0,Three,C,0.4285714285714285,0.75,0.3,4,10,3,3,0.315229594707489,0.8342660069465637,0.35
1523,False,numeric_mismatch,0.0,42,54,0.4,1.0,0.25,3,12,3,3,0.28263670206069946,0.451027512550354,0.35
1524,True,numeric_rounded,0.85,16,14,0.47058823529411764,1.0,0.3076923076923077,4,13,4,4,0.38145557045936584,0.7247297763824463,0.35
1525,False,choice,1.0,M,D,0.5,1.0,0.3333333333333333,4,12,4,4,0.36026498675346375,0.8939946889877319,0.35
1526,False,placeholder,0.0,insufficient information,B,0.0,0.0,0.0,0,12,0,0,0.0,0.0,0.0
1527,False,exact,1.0,\(\frac{2}{9}\),D,0.7368421052631579,1.0,0.5833333333333334,7,12,7,7,0.3811193108558655,0.8583884835243225,0.35
1528,True,numeric_exact,1.0,9,9,0.3157894736842105,0.5,0.23076923076923078,6,13,3,3,0.2674274742603302,0.5283534526824951,0.35
1529,False,choice,1.0,B,C,0.5714285714285715,1.0,0.4,4,10,4,4,0.3134090304374695,0.7008748650550842,0.35
1530,False,exact,0.3,B) Only at a corner square,D,0.6,1.0,0.42857142857142855,6,14,6,6,0.3399174213409424,0.7010747790336609,0.35
1531,False,exact,0.3,9 km,C,0.4444444444444445,1.0,0.2857142857142857,4,14,4,4,0.5412903428077698,0.940459668636322,0.35
1532,False,numeric_mismatch,0.0,"1, 2, 3, 4",2143,0.4444444444444445,1.0,0.2857142857142857,4,14,4,4,0.2985413372516632,0.4723743796348572,0.35
1533,True,exact,0.7,B) \(\frac{1}{5}\),C,0.6,1.0,0.42857142857142855,6,14,6,6,0.37521061301231384,0.771530270576477,0.35
1534,False,numeric_mismatch,0.0,4,8,0.5333333333333333,1.0,0.36363636363636365,4,11,4,4,0.38070738315582275,0.7716789245605469,0.35
1535,True,exact,0.7,400 cm,C,0.39999999999999997,0.75,0.2727272727272727,4,11,3,3,0.2642971873283386,0.7135500311851501,0.35
1536,False,numeric_mismatch,0.0,34,14,0.5882352941176471,1.0,0.4166666666666667,5,12,5,5,0.5175382494926453,0.8997294902801514,0.35
1537,False,exact,0.3,"A) I, III, IV and V",C,0.375,0.75,0.25,4,12,3,3,0.3141169250011444,0.5517902970314026,0.35
1538,False,numeric_mismatch,0.0,Area of the quadrilateral is 60 square units.,48,0.5263157894736842,1.0,0.35714285714285715,5,14,5,5,0.3271642327308655,0.7817646861076355,0.35
1539,True,exact,0.7,C) 6 cm,C,0.5263157894736842,0.8333333333333334,0.38461538461538464,6,13,5,5,0.38949960470199585,0.739899218082428,0.35
1540,True,numeric_exact,1.0,65,65,0.5,1.0,0.3333333333333333,4,12,4,4,0.42535945773124695,0.8242771029472351,0.35
1541,True,exact,0.7,56 cm²,C,0.6,0.8571428571428571,0.46153846153846156,7,13,6,6,0.3325003385543823,0.8157637119293213,0.35
1542,False,numeric_mismatch,0.0,11,3,0.380952380952381,0.4,0.36363636363636365,10,11,4,4,0.2638476490974426,0.5194788575172424,0.35
1543,True,choice,1.0,C),C,0.5,1.0,0.3333333333333333,4,12,4,4,0.34494927525520325,0.7074819803237915,0.35
1544,True,numeric_rounded,0.9,12,11,0.35294117647058826,0.6,0.25,5,12,3,3,0.221502885222435,0.6935871839523315,0.35
1545,False,numeric_mismatch,0.0,21,30,0.5882352941176471,1.0,0.4166666666666667,5,12,5,5,0.2927006483078003,0.6664979457855225,0.35
1546,False,numeric_mismatch,0.0,4,2,0.375,0.75,0.25,4,12,3,3,0.3163571059703827,0.7499279975891113,0.35
1547,False,exact,0.3,"A) $1,3,5,7$",B,0.5882352941176471,1.0,0.4166666666666667,5,12,5,5,0.2884262800216675,0.6711587905883789,0.35
1548,False,numeric_mismatch,0.0,23,46,0.35294117647058826,0.6,0.25,5,12,3,3,0.21240590512752533,0.6121566295623779,0.35
1549,False,choice,1.0,E,D,0.375,0.75,0.25,4,12,3,3,0.2537803649902344,0.7649118304252625,0.35
1550,False,choice,1.0,D),C,0.375,1.0,0.23076923076923078,3,13,3,3,0.29530754685401917,0.5303700566291809,0.35
1551,False,numeric_mismatch,0.0,48,24,0.47058823529411764,1.0,0.3076923076923077,4,13,4,4,0.34269535541534424,0.6952396035194397,0.35
1552,False,placeholder,0.0,insufficient information,A,0.0,0.0,0.0,0,11,0,0,0.0,0.0,0.0
1553,False,numeric_mismatch,0.0,34,8,0.5263157894736842,0.8333333333333334,0.38461538461538464,6,13,5,5,0.34875044226646423,0.7869760990142822,0.35
1554,False,placeholder,0.0,insufficient information,A,0.0,0.0,0.0,0,10,0,0,0.0,0.0,0.0
1555,False,exact,0.3,D) 16 g,B,0.4761904761904762,0.5555555555555556,0.4166666666666667,9,12,5,5,0.24158507585525513,0.6651105284690857,0.35
1556,False,numeric_mismatch,0.0,3,6,0.4,1.0,0.25,3,12,3,3,0.44965028762817383,0.7461350560188293,0.35
1557,True,exact,0.7,D) An equilateral triangle,A,0.625,1.0,0.45454545454545453,5,11,5,5,0.4941518008708954,0.8048099279403687,0.35
1558,False,choice,1.0,C),E,0.375,0.75,0.25,4,12,3,3,0.3098318874835968,0.6712831854820251,0.35
1559,False,numeric_mismatch,0.0,400,750,0.4,1.0,0.25,3,12,3,3,0.40023961663246155,0.6633815765380859,0.35
1560,False,choice,1.0,C),E,0.22222222222222224,0.5,0.14285714285714285,4,14,2,2,0.21887966990470886,0.4771387577056885,0.35
1561,False,numeric_mismatch,0.0,16,13,0.35294117647058826,1.0,0.21428571428571427,3,14,3,3,0.23684170842170715,0.5566319227218628,0.35
1562,False,numeric_mismatch,0.0,16,64,0.5,1.0,0.3333333333333333,4,12,4,4,0.4377847909927368,0.7537136673927307,0.35
1563,False,numeric_mismatch,0.0,21,56,0.7000000000000001,1.0,0.5384615384615384,7,13,7,7,0.40415528416633606,0.8132608532905579,0.35
1564,True,numeric_exact,1.0,4,4,0.25,0.5,0.16666666666666666,4,12,2,2,0.20620112121105194,0.49076467752456665,0.35
1565,False,numeric_mismatch,0.0,2,20,0.4210526315789474,1.0,0.26666666666666666,4,15,4,4,0.36640119552612305,0.7072836756706238,0.35
1566,False,exact,0.3,52 cm²,D,0.5,0.75,0.375,4,8,3,3,0.30046290159225464,0.7940726280212402,0.35
1567,False,choice,1.0,B),D,0.5882352941176471,1.0,0.4166666666666667,5,12,5,5,0.3472841680049896,0.6917073726654053,0.35
1568,True,exact,0.7,C) 1.5 m,C,0.5882352941176471,1.0,0.4166666666666667,5,12,5,5,0.33466988801956177,0.7781792283058167,0.35
1569,True,choice,1.0,C,C,0.4444444444444445,1.0,0.2857142857142857,4,14,4,4,0.3368667960166931,0.666404664516449,0.35
1570,False,exact,0.3,60 kg,E,0.7000000000000001,0.875,0.5833333333333334,8,12,7,7,0.43122637271881104,0.8482130169868469,0.35
1571,False,exact,0.3,"B) 1, 3, 6",D,0.25,0.6666666666666666,0.15384615384615385,3,13,2,2,0.24640247225761414,0.4372859299182892,0.35
1572,True,choice,1.0,B,B,0.6666666666666666,1.0,0.5,6,12,6,6,0.4193767309188843,0.9164014458656311,0.35
1573,False,exact,0.3,C) 24 cm²,D,0.4444444444444445,1.0,0.2857142857142857,4,14,4,4,0.35121816396713257,0.8337620496749878,0.35
1574,False,choice,1.0,B,A,0.3529411764705882,0.75,0.23076923076923078,4,13,3,3,0.40074747800827026,0.8365168571472168,0.35
1575,False,numeric_mismatch,0.0,3,4,0.5,1.0,0.3333333333333333,4,12,4,4,0.28276658058166504,0.6277545690536499,0.35
1576,True,numeric_exact,1.0,3,3,0.3333333333333333,0.5,0.25,6,12,3,3,0.2518436014652252,0.6522940397262573,0.35
1577,True,choice,1.0,C,C,0.5,1.0,0.3333333333333333,4,12,4,4,0.41398176550865173,0.7380273342132568,0.35
1578,False,exact,0.3,5 cm,E,0.6363636363636364,0.875,0.5,8,14,7,7,0.318196564912796,0.6393507719039917,0.35
1579,True,choice,1.0,D,D,0.26666666666666666,0.6666666666666666,0.16666666666666666,3,12,2,2,0.3038336932659149,0.5973420143127441,0.35
1580,False,numeric_mismatch,0.0,33,6,0.22222222222222224,0.5,0.14285714285714285,4,14,2,2,0.2253631204366684,0.44228553771972656,0.35
1581,False,numeric_mismatch,0.0,48,7,0.9333333333333333,1.0,0.875,7,8,7,7,0.44353988766670227,0.6852750182151794,0.35
1582,False,exact,0.3,B) 400 m,C,0.4,1.0,0.25,3,12,3,3,0.2998849153518677,0.5166961550712585,0.35
1583,False,numeric_mismatch,0.0,2,4,0.5,1.0,0.3333333333333333,4,12,4,4,0.2739622890949249,0.8059101104736328,0.35
1584,False,numeric_mismatch,0.0,2,4,0.11764705882352941,0.2,0.08333333333333333,5,12,1,1,0.22708354890346527,0.47066235542297363,0.35
1585,False,numeric_mismatch,0.0,3,4,0.47058823529411764,1.0,0.3076923076923077,4,13,4,4,0.27139824628829956,0.7520211935043335,0.35
1586,True,choice,1.0,D,D,0.5,1.0,0.3333333333333333,4,12,4,4,0.33411940932273865,0.7916880249977112,0.35
1587,False,choice,1.0,D,C,0.3,0.42857142857142855,0.23076923076923078,7,13,3,3,0.2522900402545929,0.6808797717094421,0.35
1588,False,numeric_mismatch,0.0,6,30,0.47058823529411764,1.0,0.3076923076923077,4,13,4,4,0.5185156464576721,0.9221397638320923,0.35
1589,False,choice,1.0,E,C,0.5882352941176471,1.0,0.4166666666666667,5,12,5,5,0.38626813888549805,0.6929579973220825,0.35
1590,False,numeric_mismatch,0.0,10,7,0.5263157894736842,1.0,0.35714285714285715,5,14,5,5,0.3353467881679535,0.6170298457145691,0.35
1591,True,numeric_exact,1.0,3,3,0.38095238095238093,1.0,0.23529411764705882,4,17,4,4,0.30017632246017456,0.7655351161956787,0.35
1592,False,numeric_mismatch,0.0,6,12,0.5882352941176471,1.0,0.4166666666666667,5,12,5,5,0.32798802852630615,0.5463590025901794,0.35
1593,False,numeric_mismatch,0.0,3,6,0.5263157894736842,1.0,0.35714285714285715,5,14,5,5,0.25223228335380554,0.7410792112350464,0.35
1594,False,choice,1.0,C,D,0.5,1.0,0.3333333333333333,4,12,4,4,0.40636730194091797,0.720015287399292,0.35
1595,False,numeric_mismatch,0.0,301,0,0.23529411764705882,0.4,0.16666666666666666,5,12,2,2,0.16850604116916656,0.4478091597557068,0.35
1596,False,exact,0.3,C) 48 cm,D,0.5555555555555556,1.0,0.38461538461538464,5,13,5,5,0.46773383021354675,0.872593879699707,0.35
1597,False,numeric_mismatch,0.0,4,3,0.5,1.0,0.3333333333333333,4,12,4,4,0.37722644209861755,0.7094517350196838,0.35
1598,False,choice,1.0,C),B,0.4444444444444444,0.6666666666666666,0.3333333333333333,3,6,2,2,0.20067772269248962,0.41594764590263367,0.35
1599,False,choice,1.0,E,B,0.4444444444444445,1.0,0.2857142857142857,4,14,4,4,0.354535847902298,0.6759302020072937,0.35
1600,True,choice,1.0,B,B,0.631578947368421,1.0,0.46153846153846156,6,13,6,6,0.3055126368999481,0.49094170331954956,0.35
1601,True,numeric_rounded,0.85,6,7,0.5882352941176471,1.0,0.4166666666666667,5,12,5,5,0.41700708866119385,0.8497970700263977,0.35
1602,False,numeric_mismatch,0.0,18,29,0.5555555555555556,1.0,0.38461538461538464,5,13,5,5,0.40818896889686584,0.9567154049873352,0.35
1603,False,choice,1.0,D,B,0.8571428571428571,1.0,0.75,6,8,6,6,0.3506656587123871,0.6965806484222412,0.35
1604,False,choice,1.0,B,C,0.5882352941176471,1.0,0.4166666666666667,5,12,5,5,0.2730065882205963,0.7045921087265015,0.35
1605,False,numeric_mismatch,0.0,3,2,0.5,1.0,0.3333333333333333,3,9,3,3,0.3726215660572052,0.5948454737663269,0.35
1606,True,exact,0.7,B) 18 cm,B,0.4444444444444444,0.6666666666666666,0.3333333333333333,6,12,4,4,0.2766517698764801,0.7320569157600403,0.35
1607,False,exact,0.3,E) 6 kg,D,0.35294117647058826,1.0,0.21428571428571427,3,14,3,3,0.21518300473690033,0.7904134392738342,0.35
1608,False,choice,1.0,C,E,0.47058823529411764,1.0,0.3076923076923077,4,13,4,4,0.310094952583313,0.6687055826187134,0.35
1609,False,placeholder,0.0,insufficient information,10,0.0,0.0,0.0,0,12,0,0,0.0,0.0,0.0
1610,True,exact,0.7,insufficient information,A,0.7368421052631579,1.0,0.5833333333333334,7,12,7,7,0.377709299325943,0.7515206336975098,0.35
1611,False,numeric_mismatch,0.0,10,12,0.4444444444444445,1.0,0.2857142857142857,4,14,4,4,0.3667588531970978,0.7804136276245117,0.35
1612,True,exact,0.7,C) 20 cm,C,0.5,1.0,0.3333333333333333,4,12,4,4,0.4249812662601471,0.7541444897651672,0.35
1613,False,exact,0.3,B) only green,C,0.6666666666666666,1.0,0.5,6,12,6,6,0.46474382281303406,0.7505903840065002,0.35
1614,False,numeric_mismatch,0.0,1,3,0.4,1.0,0.25,3,12,3,3,0.34210532903671265,0.5851699709892273,0.35
1615,True,exact,0.7,D) only 3 or 7,D,0.608695652173913,0.7,0.5384615384615384,10,13,7,7,0.30956825613975525,0.7235357761383057,0.35
1616,False,numeric_mismatch,0.0,6,10,0.3,0.42857142857142855,0.23076923076923078,7,13,3,3,0.2528507709503174,0.77397620677948,0.35
1617,False,numeric_mismatch,0.0,30,22,0.4,1.0,0.25,3,12,3,3,0.38871052861213684,0.6856979727745056,0.35
1618,False,choice,1.0,A,C,0.7368421052631579,1.0,0.5833333333333334,7,12,7,7,0.3865692913532257,0.709176778793335,0.35
1619,False,placeholder,0.0,insufficient information,A,0.0,0.0,0.0,0,12,0,0,0.0,0.0,0.0
1620,False,numeric_mismatch,0.0,3,4,0.5,1.0,0.3333333333333333,4,12,4,4,0.2511533498764038,0.6101450324058533,0.35
1621,False,exact,0.3,B) 20 cm^2,E,0.6666666666666666,1.0,0.5,6,12,6,6,0.5293713212013245,0.8195722103118896,0.35
1622,False,numeric_mismatch,0.0,1,2,0.5882352941176471,1.0,0.4166666666666667,5,12,5,5,0.33068421483039856,0.7435030341148376,0.35
1623,True,numeric_exact,1.0,2,2,0.5555555555555556,1.0,0.38461538461538464,5,13,5,5,0.3462696373462677,0.8200435042381287,0.35
1624,False,exact,0.3,C) C,B,0.4,1.0,0.25,3,12,3,3,0.26537495851516724,0.5100720524787903,0.35
1625,False,choice,1.0,B,A,0.4,1.0,0.25,3,12,3,3,0.3122791051864624,0.6334502100944519,0.35
1626,False,exact,0.3,D) D,C,0.5,1.0,0.3333333333333333,4,12,4,4,0.2775322198867798,0.7940769791603088,0.35
1627,False,choice,1.0,B),E,0.5882352941176471,1.0,0.4166666666666667,5,12,5,5,0.3221629858016968,0.7074558138847351,0.35
1628,True,numeric_exact,1.0,6,6,0.4,0.6666666666666666,0.2857142857142857,6,14,4,4,0.27421364188194275,0.6908689141273499,0.35
1629,True,exact,0.7,45 cm,C,0.47058823529411764,1.0,0.3076923076923077,4,13,4,4,0.47617170214653015,0.8975540995597839,0.35
1630,False,numeric_mismatch,0.0,3,9,0.5714285714285715,1.0,0.4,4,10,4,4,0.3556613028049469,0.6865090131759644,0.35
1631,False,numeric_mismatch,0.0,0,13,0.45454545454545453,0.5,0.4166666666666667,10,12,5,5,0.3098008334636688,0.7173163890838623,0.35
1632,False,choice,1.0,C,E,0.375,1.0,0.23076923076923078,3,13,3,3,0.31786349415779114,0.6491825580596924,0.35
1633,False,numeric_mismatch,0.0,6,2,0.2666666666666667,1.0,0.15384615384615385,2,13,2,2,0.41411903500556946,0.5960453748703003,0.35
1634,False,choice,1.0,D,A,0.5,1.0,0.3333333333333333,4,12,4,4,0.3623974621295929,0.9272294044494629,0.35
1635,True,numeric_exact,1.0,3,3,0.6,1.0,0.42857142857142855,6,14,6,6,0.3450738191604614,0.787223219871521,0.35
1636,False,exact,0.3,C) \(\frac{3}{4}\),B,0.42857142857142855,1.0,0.2727272727272727,3,11,3,3,0.39300408959388733,0.7616173624992371,0.35
1637,True,exact,0.7,D) 100 cm,D,0.6666666666666666,1.0,0.5,6,12,6,6,0.42796972393989563,0.7877412438392639,0.35
1638,False,choice,1.0,E,D,0.21052631578947367,0.3333333333333333,0.15384615384615385,6,13,2,2,0.15196667611598969,0.5617337226867676,0.35
1639,False,exact,0.3,51 cm²,A,0.5555555555555556,1.0,0.38461538461538464,5,13,5,5,0.4410827159881592,0.7956112027168274,0.35
1640,False,choice,1.0,E,A,0.47058823529411764,1.0,0.3076923076923077,4,13,4,4,0.29582059383392334,0.8002136945724487,0.35
1641,False,numeric_mismatch,0.0,10,6,0.5454545454545454,1.0,0.375,6,16,6,6,0.27724966406822205,0.578187882900238,0.35
1642,False,numeric_mismatch,0.0,4,13,0.4,1.0,0.25,3,12,3,3,0.25070440769195557,0.6546096801757812,0.35
1643,True,exact,0.7,"C) one triangle, one square",C,0.5,1.0,0.3333333333333333,4,12,4,4,0.3236680030822754,0.7362953424453735,0.35
1644,False,numeric_mismatch,0.0,"1, 8, 4",284,0.5,1.0,0.3333333333333333,4,12,4,4,0.3754047453403473,0.6568820476531982,0.35
1645,False,choice,1.0,D,E,0.375,0.75,0.25,4,12,3,3,0.3013151288032532,0.6458607316017151,0.35
1646,False,numeric_mismatch,0.0,0,3,0.5,1.0,0.3333333333333333,4,12,4,4,0.446001797914505,0.7417402863502502,0.35
1647,False,choice,1.0,B,C,0.4,1.0,0.25,3,12,3,3,0.34730279445648193,0.7674269080162048,0.35
1648,True,numeric_exact,1.0,18,18,0.47058823529411764,1.0,0.3076923076923077,4,13,4,4,0.2682397961616516,0.6822611093521118,0.35
1649,True,choice,1.0,B,B,0.4761904761904762,0.625,0.38461538461538464,8,13,5,5,0.22702312469482422,0.7633407711982727,0.35
1650,True,exact,0.7,E) 72 cm,E,0.5,1.0,0.3333333333333333,4,12,4,4,0.4533440172672272,0.949753999710083,0.35
1651,True,exact,0.7,B) Wednesday,D,0.5714285714285715,1.0,0.4,4,10,4,4,0.31829315423965454,0.6175913214683533,0.35
1652,True,exact,0.7,B) 10 cm,C,0.6666666666666666,1.0,0.5,5,10,5,5,0.41776320338249207,0.8240636587142944,0.35
1653,False,numeric_mismatch,0.0,2,13,0.5,1.0,0.3333333333333333,4,12,4,4,0.40134409070014954,0.8956311345100403,0.35
1654,False,numeric_mismatch,0.0,3,2,0.5,1.0,0.3333333333333333,4,12,4,4,0.34545668959617615,0.7074533700942993,0.35
1655,False,choice,1.0,D,E,0.625,1.0,0.45454545454545453,5,11,5,5,0.34630969166755676,0.6644492149353027,0.35
1656,False,numeric_mismatch,0.0,4,5,0.25,0.6666666666666666,0.15384615384615385,3,13,2,2,0.22999919950962067,0.6432052254676819,0.35
1657,False,choice,1.0,B,E,0.26666666666666666,0.6666666666666666,0.16666666666666666,3,12,2,2,0.23307204246520996,0.5828099250793457,0.35
1658,False,numeric_mismatch,0.0,10,21,0.7368421052631579,1.0,0.5833333333333334,7,12,7,7,0.3488483428955078,0.722503662109375,0.35
1659,True,numeric_exact,1.0,0,0,0.33333333333333337,0.6,0.23076923076923078,5,13,3,3,0.24456782639026642,0.5120586156845093,0.35
1660,False,choice,1.0,B,A,0.5263157894736842,1.0,0.35714285714285715,5,14,5,5,0.3607803285121918,0.7500608563423157,0.35
1661,False,choice,1.0,D,C,0.5263157894736842,0.5555555555555556,0.5,9,10,5,5,0.28337419033050537,0.685627818107605,0.35
1662,False,exact,0.3,B) 168 cm,D,0.375,1.0,0.23076923076923078,3,13,3,3,0.2889707386493683,0.7232329249382019,0.35
1663,True,choice,1.0,B,B,0.11764705882352941,0.25,0.07692307692307693,4,13,1,1,0.23449280858039856,0.36464640498161316,0.35
1664,False,choice,1.0,E,D,0.4,1.0,0.25,3,12,3,3,0.2796175479888916,0.6919633150100708,0.35
1665,True,choice,1.0,C,C,0.47058823529411764,1.0,0.3076923076923077,4,13,4,4,0.22664324939250946,0.5262845754623413,0.35
1666,False,choice,1.0,C,E,0.375,0.75,0.25,4,12,3,3,0.30054596066474915,0.6463140249252319,0.35
1667,False,exact,1.0,Triangle,D,0.2222222222222222,0.4,0.15384615384615385,5,13,2,2,0.23282653093338013,0.5936040878295898,0.35
1668,False,numeric_mismatch,0.0,4,8,0.4,1.0,0.25,3,12,3,3,0.2658771276473999,0.5697954893112183,0.35
1669,False,numeric_mismatch,0.0,43,9,0.625,1.0,0.45454545454545453,5,11,5,5,0.39761820435523987,0.6846286654472351,0.35
1670,False,choice,1.0,D,A,0.6666666666666666,0.6666666666666666,0.6666666666666666,6,6,4,4,0.3776737451553345,0.9019507765769958,0.35
1671,False,choice,1.0,A,B,0.6666666666666666,1.0,0.5,6,12,6,6,0.33892887830734253,0.6050694584846497,0.35
1672,True,exact,0.7,B) 10 cm,C,0.5,1.0,0.3333333333333333,4,12,4,4,0.2901441156864166,0.823773205280304,0.35
1673,False,numeric_mismatch,0.0,4,9,0.375,1.0,0.23076923076923078,3,13,3,3,0.4191431999206543,0.6460718512535095,0.35
1674,True,choice,1.0,D,D,0.5454545454545454,1.0,0.375,3,8,3,3,0.34240639209747314,0.6680102944374084,0.35
1675,False,numeric_mismatch,0.0,21,41,0.761904761904762,1.0,0.6153846153846154,8,13,8,8,0.2764299511909485,0.5943078994750977,0.35
1676,False,exact,0.3,96 g,E,0.9090909090909091,1.0,0.8333333333333334,10,12,10,10,0.40552547574043274,0.8519474267959595,0.35
1677,False,numeric_mismatch,0.0,1,2,0.3157894736842105,0.5,0.23076923076923078,6,13,3,3,0.25675931572914124,0.43024203181266785,0.35
1678,True,choice,1.0,B,B,0.4,0.5,0.3333333333333333,8,12,4,4,0.26775622367858887,0.4894743263721466,0.35
1679,False,numeric_mismatch,0.0,20,26,0.8,1.0,0.6666666666666666,8,12,8,8,0.36140957474708557,0.9083460569381714,0.35
1680,False,choice,1.0,A,E,0.4444444444444445,1.0,0.2857142857142857,4,14,4,4,0.3143381178379059,0.5773968696594238,0.35
1681,False,numeric_mismatch,0.0,5,7,0.3333333333333333,0.75,0.21428571428571427,4,14,3,3,0.27106615900993347,0.41699615120887756,0.35
1682,False,choice,1.0,B,D,0.47058823529411764,1.0,0.3076923076923077,4,13,4,4,0.26519161462783813,0.6710324287414551,0.35
1683,False,exact,0.3,"D) 1,55",C,0.4444444444444444,0.8,0.3076923076923077,5,13,4,4,0.3788711130619049,0.6316521167755127,0.35
1684,True,numeric_exact,1.0,6,6,0.8,1.0,0.6666666666666666,8,12,8,8,0.3434104919433594,0.7674352526664734,0.35
1685,False,numeric_mismatch,0.0,4.5,1.5,0.47058823529411764,1.0,0.3076923076923077,4,13,4,4,0.30327528715133667,0.9341253638267517,0.35
1686,True,numeric_rounded,0.9,19,21,0.5555555555555556,1.0,0.38461538461538464,5,13,5,5,0.3224363327026367,0.8685083389282227,0.35
1687,False,exact,0.3,B) 2h 59m,D,0.3,0.5,0.21428571428571427,6,14,3,3,0.2045924812555313,0.42687663435935974,0.35
1688,False,choice,1.0,E,A,0.31578947368421056,0.75,0.2,4,15,3,3,0.2845558822154999,0.8304691314697266,0.35
1689,False,choice,1.0,E,A,0.26666666666666666,0.6666666666666666,0.16666666666666666,3,12,2,2,0.3042415976524353,0.6949704885482788,0.35
1690,True,choice,1.0,B,B,0.26666666666666666,0.6666666666666666,0.16666666666666666,3,12,2,2,0.23759542405605316,0.43869003653526306,0.35
1691,False,exact,0.3,B) (B),E,0.4,1.0,0.25,3,12,3,3,0.4760853052139282,0.799350917339325,0.35
1692,False,numeric_mismatch,0.0,22.5,32,0.6,1.0,0.42857142857142855,6,14,6,6,0.35696712136268616,0.7568625807762146,0.35
1693,False,exact,0.3,B) (B),A,0.631578947368421,1.0,0.46153846153846156,6,13,6,6,0.40184974670410156,0.8664080500602722,0.35
1694,False,numeric_mismatch,0.0,0,52,0.6666666666666666,1.0,0.5,6,12,6,6,0.5229349732398987,0.918286144733429,0.35
1695,False,numeric_mismatch,0.0,15,12,0.7368421052631579,1.0,0.5833333333333334,7,12,7,7,0.36160555481910706,0.7700393199920654,0.35
1696,False,numeric_mismatch,0.0,3,4,0.47058823529411764,1.0,0.3076923076923077,4,13,4,4,0.4206694960594177,0.6632556915283203,0.35
1697,False,choice,1.0,B),D,0.380952380952381,0.5,0.3076923076923077,8,13,4,4,0.25258713960647583,0.5022910237312317,0.35
1698,True,exact,0.7,D) Mango and wafer.,E,0.5882352941176471,1.0,0.4166666666666667,5,12,5,5,0.42127272486686707,0.6471894979476929,0.35
1699,False,numeric_mismatch,0.0,9,4,0.5882352941176471,1.0,0.4166666666666667,5,12,5,5,0.32953184843063354,0.7870298027992249,0.35
1700,True,exact,0.7,"C) a=7, b=5, c=3",C,0.375,1.0,0.23076923076923078,3,13,3,3,0.33256372809410095,0.5689242482185364,0.35
1701,False,exact,1.0,North.,C,0.631578947368421,1.0,0.46153846153846156,6,13,6,6,0.3106573224067688,0.6397416591644287,0.35
1702,False,choice,1.0,E,D,0.5,1.0,0.3333333333333333,4,12,4,4,0.2962988615036011,0.6279991865158081,0.35
1703,False,numeric_mismatch,0.0,3,1,0.16666666666666666,0.3333333333333333,0.1111111111111111,3,9,1,1,0.21453960239887238,0.6332119107246399,0.35
1704,False,choice,1.0,D,E,0.25,0.6666666666666666,0.15384615384615385,3,13,2,2,0.2572883069515228,0.7130156755447388,0.35
1705,True,exact,0.7,D) G,D,0.5882352941176471,1.0,0.4166666666666667,5,12,5,5,0.4268753230571747,0.8489394187927246,0.35
1706,False,numeric_mismatch,0.0,2021,32,0.25,0.5,0.16666666666666666,4,12,2,2,0.21975399553775787,0.5966858267784119,0.35
1707,False,numeric_mismatch,0.0,30,69,0.47058823529411764,0.8,0.3333333333333333,5,12,4,4,0.2804996371269226,0.6062126755714417,0.35
1708,True,choice,1.0,B,B,0.47058823529411764,1.0,0.3076923076923077,4,13,4,4,0.30101290345191956,0.7770581841468811,0.35
1709,False,exact,0.3,only Q,E,0.5,1.0,0.3333333333333333,5,15,5,5,0.3158758282661438,0.7762718796730042,0.35
1710,False,choice,1.0,B,D,0.4,1.0,0.25,3,12,3,3,0.32245171070098877,0.7068061828613281,0.35
1711,False,exact,0.3,20 km,B,0.4444444444444445,1.0,0.2857142857142857,4,14,4,4,0.3824567496776581,0.6740471124649048,0.35
1712,False,choice,1.0,B,D,0.6250000000000001,0.7142857142857143,0.5555555555555556,7,9,5,5,0.3128755986690521,0.5352323651313782,0.35
1713,False,numeric_mismatch,0.0,1,4,0.375,1.0,0.23076923076923078,3,13,3,3,0.4634299576282501,0.9016642570495605,0.35
1714,True,exact,0.7,8.5 cm,C,0.47058823529411764,0.5,0.4444444444444444,8,9,4,4,0.27620041370391846,0.6008852124214172,0.35
1715,False,choice,1.0,C,A,0.588235294117647,0.7142857142857143,0.5,7,10,5,5,0.30858901143074036,0.7530457377433777,0.35
1716,False,choice,1.0,D,E,0.5,1.0,0.3333333333333333,4,12,4,4,0.36440038681030273,0.7205898761749268,0.35
1717,True,choice,1.0,B,B,0.33333333333333337,1.0,0.2,3,15,3,3,0.34928515553474426,0.7008688449859619,0.35
1718,False,numeric_mismatch,0.0,The largest number of pancakes Maurice can make using this recipe is 100.,8,0.8333333333333333,0.9090909090909091,0.7692307692307693,11,13,10,10,0.4191776514053345,0.7294822931289673,0.35
1719,False,choice,1.0,D,A,0.4,1.0,0.25,3,12,3,3,0.5135880708694458,0.8813554048538208,0.35
1720,False,numeric_mismatch,0.0,3,21,0.35294117647058826,1.0,0.21428571428571427,3,14,3,3,0.3766568899154663,0.6399554014205933,0.35
1721,False,choice,1.0,B,C,0.47058823529411764,0.8,0.3333333333333333,5,12,4,4,0.2464875876903534,0.6011465787887573,0.35
1722,False,numeric_mismatch,0.0,2.38,10,0.7000000000000001,0.875,0.5833333333333334,8,12,7,7,0.31388941407203674,0.7714257836341858,0.35
1723,False,choice,1.0,C,E,0.5882352941176471,1.0,0.4166666666666667,5,12,5,5,0.3214164674282074,0.7061877250671387,0.35
1724,False,choice,1.0,D,E,0.5,1.0,0.3333333333333333,4,12,4,4,0.454514741897583,0.8402591347694397,0.35
1725,False,exact,0.3,"B) 2, 3 and 5",E,0.2857142857142857,1.0,0.16666666666666666,3,18,3,3,0.4556919038295746,0.7268171906471252,0.35
1726,False,choice,1.0,D,B,0.375,1.0,0.23076923076923078,3,13,3,3,0.26820600032806396,0.5288972854614258,0.35
1727,False,choice,1.0,B,D,0.4444444444444445,1.0,0.2857142857142857,4,14,4,4,0.3816988170146942,0.6980984807014465,0.35
1728,False,numeric_mismatch,0.0,3,4,0.47058823529411764,1.0,0.3076923076923077,4,13,4,4,0.3383406400680542,0.7791178226470947,0.35
1729,False,exact,0.3,C) \(\frac{1}{6}\) turn,D,0.4444444444444444,0.6666666666666666,0.3333333333333333,6,12,4,4,0.2925250828266144,0.7033199071884155,0.35
1730,True,exact,0.7,50 cm²,C,0.6666666666666666,1.0,0.5,5,10,5,5,0.36118027567863464,0.652901828289032,0.35
1731,False,choice,1.0,E,C,0.6666666666666665,0.8571428571428571,0.5454545454545454,7,11,6,6,0.3089293837547302,0.9301022887229919,0.35
1732,False,numeric_mismatch,0.0,18,60,0.7000000000000001,1.0,0.5384615384615384,7,13,7,7,0.4473479092121124,0.8444827198982239,0.35
1733,False,placeholder,0.0,insufficient information,D,0.0,0.0,0.0,0,12,0,0,0.0,0.0,0.0
1734,False,choice,1.0,D,A,0.4444444444444445,1.0,0.2857142857142857,4,14,4,4,0.29094892740249634,0.7150887250900269,0.35
1735,False,numeric_mismatch,0.0,4,2,0.375,1.0,0.23076923076923078,3,13,3,3,0.43312421441078186,0.7790812849998474,0.35
1736,False,exact,0.3,C) 28 cm,D,0.375,1.0,0.23076923076923078,3,13,3,3,0.4020642638206482,0.7347666621208191,0.35
1737,False,choice,1.0,B,C,0.4,1.0,0.25,3,12,3,3,0.2726803719997406,0.6015880703926086,0.35
1738,False,exact,0.3,All five numbers,5,0.5,1.0,0.3333333333333333,4,12,4,4,0.36959388852119446,0.8156513571739197,0.35
1739,True,numeric_rounded,0.85,21,19,0.6,0.75,0.5,4,6,3,3,0.35621896386146545,0.586688756942749,0.35
1740,False,numeric_mismatch,0.0,36,20,0.35294117647058826,1.0,0.21428571428571427,3,14,3,3,0.33046048879623413,0.6839300394058228,0.35
1741,True,numeric_exact,1.0,17,17,0.8695652173913043,0.9090909090909091,0.8333333333333334,11,12,10,10,0.40573710203170776,0.8992933034896851,0.35
1742,False,numeric_mismatch,0.0,6,711,0.4210526315789474,1.0,0.26666666666666666,4,15,4,4,0.49609124660491943,0.828312337398529,0.35
1743,True,choice,1.0,A,A,0.5454545454545454,0.5454545454545454,0.5454545454545454,11,11,6,6,0.270659863948822,0.582248866558075,0.35
1744,False,numeric_mismatch,0.0,4.5,12,0.9090909090909091,1.0,0.8333333333333334,10,12,10,10,0.4296029210090637,0.8086488842964172,0.35
1745,True,numeric_exact,1.0,5,5,0.5714285714285715,1.0,0.4,4,10,4,4,0.4148620665073395,0.7671182155609131,0.35
1746,True,exact,0.7,"D) N, M, Q, P",D,0.4,1.0,0.25,3,12,3,3,0.34511446952819824,0.8006160855293274,0.35
1747,True,exact,0.7,B) 1 and 3,B,0.5,1.0,0.3333333333333333,4,12,4,4,0.35089346766471863,0.7534989714622498,0.35
1748,True,exact,0.7,"B) 1, 5 and 10",A,0.42857142857142855,1.0,0.2727272727272727,3,11,3,3,0.33613529801368713,0.5712636709213257,0.35
1749,True,choice,1.0,C,C,0.2857142857142857,0.375,0.23076923076923078,8,13,3,3,0.22999484837055206,0.5375929474830627,0.35
1750,True,exact,0.7,B) 400 cm,C,0.6060606060606061,0.45454545454545453,0.9090909090909091,22,11,10,10,0.3605263829231262,0.8413025736808777,0.35
1751,False,exact,0.3,insufficient information,D,0.7058823529411764,1.0,0.5454545454545454,6,11,6,6,0.4145466685295105,0.7399095296859741,0.35
1752,True,exact,0.7,B) 2 and 8,A,0.3529411764705882,0.75,0.23076923076923078,4,13,3,3,0.26917919516563416,0.6528164744377136,0.35
1753,True,numeric_exact,1.0,6,6,0.5,1.0,0.3333333333333333,3,9,3,3,0.28191086649894714,0.612534761428833,0.35
1754,False,numeric_mismatch,0.0,4,17,0.7272727272727273,1.0,0.5714285714285714,8,14,8,8,0.3246815502643585,0.7471833229064941,0.35
1755,True,numeric_exact,1.0,3,3,0.4,1.0,0.25,3,12,3,3,0.34447965025901794,0.6611655950546265,0.35
1756,False,exact,0.3,C) Kangaroo,E,0.7368421052631579,1.0,0.5833333333333334,7,12,7,7,0.4197865128517151,0.8610043525695801,0.35
1757,True,choice,1.0,D,D,0.3529411764705882,0.75,0.23076923076923078,4,13,3,3,0.34137848019599915,0.5581708550453186,0.35
1758,False,exact,0.3,A) 29 and 28,E,0.6363636363636365,0.7,0.5833333333333334,10,12,7,7,0.3302478790283203,0.7036294937133789,0.35
1759,False,exact,0.3,D) 9,E,0.5263157894736842,1.0,0.35714285714285715,5,14,5,5,0.30116140842437744,0.7258204817771912,0.35
1760,False,exact,1.0,SRRR,B,0.47058823529411764,1.0,0.3076923076923077,4,13,4,4,0.32511022686958313,0.7140103578567505,0.35
1761,True,exact,0.7,C) \rightarrow,A,0.5882352941176471,1.0,0.4166666666666667,5,12,5,5,0.21206587553024292,0.6831768155097961,0.35
1762,False,choice,1.0,E,C,0.4,1.0,0.25,3,12,3,3,0.3445075452327728,0.6456204056739807,0.35
1763,False,numeric_mismatch,0.0,1,16,0.35294117647058826,1.0,0.21428571428571427,3,14,3,3,0.38214224576950073,0.7640390396118164,0.35
1764,False,choice,1.0,C,A,0.4,1.0,0.25,3,12,3,3,0.3824462592601776,0.759745717048645,0.35
1765,False,numeric_mismatch,0.0,60,36,0.33333333333333337,1.0,0.2,3,15,3,3,0.2862580716609955,0.5763705372810364,0.35
1766,True,exact,0.7,D) 9(π-2),D,0.6666666666666666,1.0,0.5,7,14,7,7,0.3506614863872528,0.7533139586448669,0.35
1767,False,choice,1.0,E,D,0.5,0.75,0.375,4,8,3,3,0.30802592635154724,0.7174414396286011,0.35
1768,True,exact,0.7,B) \(\frac{1}{4}\),B,0.5,1.0,0.3333333333333333,5,15,5,5,0.38847360014915466,0.7380986213684082,0.35
1769,False,numeric_mismatch,0.0,3,2,0.6153846153846154,0.8,0.5,5,8,4,4,0.3356946110725403,0.7419564723968506,0.35
1770,False,exact,0.3,E) 90°,B,0.46153846153846156,0.75,0.3333333333333333,4,9,3,3,0.32889866828918457,0.6917217969894409,0.35
1771,False,numeric_mismatch,0.0,4,18,0.35294117647058826,1.0,0.21428571428571427,3,14,3,3,0.41184478998184204,0.8360776305198669,0.35
1772,False,placeholder,0.0,insufficient information,B,0.0,0.0,0.0,0,12,0,0,0.0,0.0,0.0
1773,False,exact,0.3,B) 120°,E,0.47058823529411764,1.0,0.3076923076923077,4,13,4,4,0.4222893714904785,0.7404881119728088,0.35
1774,False,numeric_mismatch,0.0,1,2,0.7000000000000001,1.0,0.5384615384615384,7,13,7,7,0.46168848872184753,0.8153872489929199,0.35
1775,True,exact,0.7,C) A right triangle,A,0.375,1.0,0.23076923076923078,3,13,3,3,0.35342758893966675,0.6429287195205688,0.35
1776,True,numeric_exact,1.0,10,10,0.6153846153846153,1.0,0.4444444444444444,4,9,4,4,0.32192566990852356,0.6043672561645508,0.35
1777,True,numeric_rounded,0.85,37,42,0.3846153846153846,0.35714285714285715,0.4166666666666667,14,12,5,5,0.2555795907974243,0.837364912033081,0.35
1778,False,numeric_mismatch,0.0,4 - π,8,0.7272727272727273,1.0,0.5714285714285714,8,14,8,8,0.3814184069633484,0.8953381180763245,0.35
1779,True,numeric_exact,1.0,8,8,0.88,1.0,0.7857142857142857,11,14,11,11,0.35773903131484985,0.8602162003517151,0.35
1780,True,numeric_exact,1.0,4,4,0.7857142857142856,0.8461538461538461,0.7333333333333333,13,15,11,11,0.36513784527778625,0.9270431995391846,0.35
1781,False,exact,0.3,B) $3 a(a+b)-a^{2}$,E,0.47058823529411764,1.0,0.3076923076923077,4,13,4,4,0.2754230201244354,0.6926211714744568,0.35
1782,False,exact,0.3,B) 1: 4,D,0.47619047619047616,1.0,0.3125,5,16,5,5,0.437736451625824,0.7918848395347595,0.35
1783,False,numeric_mismatch,0.0,20,12,0.47058823529411764,0.8,0.3333333333333333,5,12,4,4,0.3095773756504059,0.6929640769958496,0.35
1784,False,placeholder,0.0,insufficient information,E,0.0,0.0,0.0,0,14,0,0,0.0,0.0,0.0
1785,False,exact,0.3,C) (10 ; 11),A,0.4,0.6666666666666666,0.2857142857142857,6,14,4,4,0.29620957374572754,0.6625459790229797,0.35
1786,False,exact,0.3,B) 20%,D,0.6666666666666666,1.0,0.5,6,12,6,6,0.33053159713745117,0.788873016834259,0.35
1787,False,choice,1.0,D,E,0.375,1.0,0.23076923076923078,3,13,3,3,0.2781563103199005,0.6235224604606628,0.35
1788,False,exact,0.3,58 cm²,B,0.5882352941176471,1.0,0.4166666666666667,5,12,5,5,0.45727986097335815,0.7615640163421631,0.35
1789,False,numeric_mismatch,0.0,8√7,18,0.47058823529411764,1.0,0.3076923076923077,4,13,4,4,0.44640782475471497,0.8155418634414673,0.35
1790,False,numeric_mismatch,0.0,10,12,0.5882352941176471,1.0,0.4166666666666667,5,12,5,5,0.3295859694480896,0.6623557806015015,0.35
1791,False,numeric_mismatch,0.0,6,124,0.4,1.0,0.25,3,12,3,3,0.3760110139846802,0.7608304619789124,0.35
1792,False,numeric_mismatch,0.0,3,4,0.375,1.0,0.23076923076923078,3,13,3,3,0.35624387860298157,0.6732388734817505,0.35
1793,False,exact,0.3,C) JANAMKILIRO,E,0.5,1.0,0.3333333333333333,4,12,4,4,0.3575775623321533,0.6689195036888123,0.35
1794,False,numeric_mismatch,0.0,21,27,0.5,1.0,0.3333333333333333,4,12,4,4,0.31002429127693176,0.7048476934432983,0.35
1795,False,numeric_mismatch,0.0,25,34,0.6153846153846153,1.0,0.4444444444444444,4,9,4,4,0.3740161657333374,0.5473630428314209,0.35
1796,False,numeric_mismatch,0.0,6,3,0.3529411764705882,0.75,0.23076923076923078,4,13,3,3,0.2575090527534485,0.5075203776359558,0.35
1797,False,exact,0.3,insufficient information,D,0.6666666666666667,0.8888888888888888,0.5333333333333333,9,15,8,8,0.3436759114265442,0.8052864670753479,0.35
1798,True,exact,0.7,D) 40°,D,0.5,1.0,0.3333333333333333,5,15,5,5,0.4540781080722809,0.7815948724746704,0.35
1799,True,numeric_rounded,0.85,36,42,0.35294117647058826,1.0,0.21428571428571427,3,14,3,3,0.29181501269340515,0.6798457503318787,0.35
1800,True,exact,0.7,W and Y,A,0.5714285714285715,0.6666666666666666,0.5,6,8,4,4,0.298593133687973,0.6995640397071838,0.35
1801,False,numeric_mismatch,0.0,4,2,0.5263157894736842,1.0,0.35714285714285715,5,14,5,5,0.29746076464653015,0.801098108291626,0.35
1802,True,exact,0.7,100 dm,D,0.6923076923076923,0.8181818181818182,0.6,11,15,9,9,0.335723876953125,0.7357353568077087,0.35
1803,False,numeric_mismatch,0.0,6,4,0.25,0.5,0.16666666666666666,4,12,2,2,0.2191145271062851,0.634536623954773,0.35
1804,True,numeric_exact,1.0,36,36,0.5,1.0,0.3333333333333333,5,15,5,5,0.4817022681236267,0.8170585036277771,0.35
1805,False,exact,1.0,58,A,0.47058823529411764,1.0,0.3076923076923077,4,13,4,4,0.404439240694046,0.7525162696838379,0.35
1806,False,numeric_mismatch,0.0,2,4,0.375,1.0,0.23076923076923078,3,13,3,3,0.38513806462287903,0.5890443921089172,0.35
1807,False,exact,0.3,54 cm²,D,0.7368421052631579,1.0,0.5833333333333334,7,12,7,7,0.35270267724990845,0.7251983284950256,0.35
1808,False,placeholder,0.0,insufficient information,C,0.0,0.0,0.0,0,13,0,0,0.0,0.0,0.0
1809,True,numeric_rounded,0.85,987,864,0.47058823529411764,0.8,0.3333333333333333,5,12,4,4,0.33045434951782227,0.6956101655960083,0.35
1810,False,numeric_mismatch,0.0,24,20,0.5263157894736842,1.0,0.35714285714285715,5,14,5,5,0.4564935266971588,0.8481689095497131,0.35
1811,True,exact,0.7,C) 18 cm,C,0.761904761904762,1.0,0.6153846153846154,8,13,8,8,0.45574820041656494,0.9422793388366699,0.35
1812,False,exact,0.3,B) \(\frac{1}{300}\),D,0.47058823529411764,0.8,0.3333333333333333,5,12,4,4,0.30438145995140076,0.8187295794487,0.35
1813,True,exact,0.7,C) 54°,C,0.7272727272727273,1.0,0.5714285714285714,8,14,8,8,0.4315381348133087,0.7922948598861694,0.35
1814,False,exact,0.3,"A) I, III, IV and V",B,0.5,1.0,0.3333333333333333,4,12,4,4,0.3073600232601166,0.6073242425918579,0.35
1815,False,numeric_mismatch,0.0,1,3,0.35294117647058826,1.0,0.21428571428571427,3,14,3,3,0.4813385605812073,0.7977677583694458,0.35
1816,True,exact,0.7,A) \(\frac{1}{4}\),A,0.5,1.0,0.3333333333333333,4,12,4,4,0.2730286121368408,0.5562187433242798,0.35
1817,True,numeric_rounded,0.85,15,17,0.4444444444444445,1.0,0.2857142857142857,4,14,4,4,0.3871437609195709,0.7775084972381592,0.35
1818,False,exact,0.3,either R or S,D,0.375,1.0,0.23076923076923078,3,13,3,3,0.422271192073822,0.6671455502510071,0.35
1819,False,exact,0.3,C) 50°,E,0.7000000000000001,1.0,0.5384615384615384,7,13,7,7,0.40347179770469666,0.7637801170349121,0.35
1820,False,numeric_mismatch,0.0,65,92,0.5882352941176471,1.0,0.4166666666666667,5,12,5,5,0.4206264615058899,0.6875143647193909,0.35
1821,False,numeric_mismatch,0.0,4,6,0.4210526315789473,0.8,0.2857142857142857,5,14,4,4,0.3271562159061432,0.7057324647903442,0.35
1822,False,choice,1.0,d,A,0.375,1.0,0.23076923076923078,3,13,3,3,0.40071675181388855,0.7777740955352783,0.35
1823,False,exact,0.3,B) 4:3,D,0.631578947368421,1.0,0.46153846153846156,6,13,6,6,0.41729339957237244,0.9101481437683105,0.35
1824,False,numeric_mismatch,0.0,4,2,0.4,1.0,0.25,3,12,3,3,0.3278535306453705,0.4994421899318695,0.35
1825,False,exact,0.3,B) 3a + 8b,E,0.46153846153846156,0.75,0.3333333333333333,4,9,3,3,0.25719940662384033,0.5442695021629333,0.35
1826,False,exact,1.0,square,C,0.5714285714285715,1.0,0.4,6,15,6,6,0.3945677876472473,0.8013525009155273,0.35
1827,False,numeric_mismatch,0.0,2,3,0.6666666666666666,1.0,0.5,6,12,6,6,0.38007086515426636,0.7801401615142822,0.35
1828,True,exact,0.7,B) 55°,B,0.375,1.0,0.23076923076923078,3,13,3,3,0.4006900191307068,0.617304801940918,0.35
1829,False,choice,1.0,E,B,0.3333333333333333,0.75,0.21428571428571427,4,14,3,3,0.24873174726963043,0.5012051463127136,0.35
1830,False,numeric_mismatch,0.0,2,6,0.5555555555555556,1.0,0.38461538461538464,5,13,5,5,0.3845122754573822,0.8058053851127625,0.35
1831,False,numeric_mismatch,0.0,√30,1,0.45454545454545453,0.625,0.35714285714285715,8,14,5,5,0.2811519503593445,0.6741928458213806,0.35
1832,True,exact,0.7,B) \(\frac{1}{4}\),B,0.6153846153846153,1.0,0.4444444444444444,4,9,4,4,0.332014262676239,0.6417468786239624,0.35
1833,True,numeric_exact,1.0,6,6,0.5,1.0,0.3333333333333333,4,12,4,4,0.3323248028755188,0.7009416222572327,0.35
1834,True,choice,1.0,D,D,0.4210526315789473,0.8,0.2857142857142857,5,14,4,4,0.3100176453590393,0.7231000661849976,0.35
1835,True,numeric_rounded,0.85,48,42,0.5882352941176471,1.0,0.4166666666666667,5,12,5,5,0.44868025183677673,0.9152235388755798,0.35
1836,False,exact,0.3,B) 18 cm²,A,0.7368421052631579,1.0,0.5833333333333334,7,12,7,7,0.44797220826148987,0.7063769698143005,0.35
1837,False,numeric_mismatch,0.0,2,3,0.5263157894736842,1.0,0.35714285714285715,5,14,5,5,0.43677040934562683,0.7384434342384338,0.35
1838,False,numeric_mismatch,0.0,16,13,0.375,1.0,0.23076923076923078,3,13,3,3,0.3228432536125183,0.5522307753562927,0.35
1839,False,exact,1.0,blue,A,0.4444444444444444,0.6666666666666666,0.3333333333333333,6,12,4,4,0.321920782327652,0.723770260810852,0.35
1840,True,exact,0.7,D) 144 cm²,D,0.7000000000000001,0.875,0.5833333333333334,8,12,7,7,0.38467463850975037,0.7203855514526367,0.35
1841,False,choice,1.0,C),A,0.46153846153846156,0.75,0.3333333333333333,4,9,3,3,0.20715926587581635,0.6206483244895935,0.35
1842,False,choice,1.0,B),D,0.25,0.6666666666666666,0.15384615384615385,3,13,2,2,0.2905483841896057,0.7424380779266357,0.35
1843,False,exact,0.3,11 cm²,D,0.6666666666666666,1.0,0.5,5,10,5,5,0.39307349920272827,0.8730575442314148,0.35
1844,False,numeric_mismatch,0.0,x = 13,37,0.5555555555555556,1.0,0.38461538461538464,5,13,5,5,0.3965304493904114,0.694115936756134,0.35
1845,False,numeric_mismatch,0.0,30,45,0.5,1.0,0.3333333333333333,4,12,4,4,0.3793959617614746,0.7831181883811951,0.35
1846,True,choice,1.0,E,E,0.4444444444444445,1.0,0.2857142857142857,4,14,4,4,0.35671529173851013,0.7454490065574646,0.35
1847,False,exact,0.3,B) 800 m,C,0.5555555555555556,1.0,0.38461538461538464,5,13,5,5,0.34468308091163635,0.7075993418693542,0.35
1848,False,numeric_mismatch,0.0,1,4,0.5333333333333333,1.0,0.36363636363636365,4,11,4,4,0.4387455880641937,0.6872706413269043,0.35
1849,False,choice,1.0,B,D,0.5,1.0,0.3333333333333333,4,12,4,4,0.38009822368621826,0.7066256999969482,0.35
1850,True,choice,1.0,D,D,0.0,0.0,0.0,4,14,0,0,0.1723547726869583,0.3371778130531311,0.35
1851,False,exact,0.3,E) 18 m²,C,0.8000000000000002,0.7058823529411765,0.9230769230769231,17,13,12,12,0.31188878417015076,0.8600927591323853,0.35
1852,False,numeric_mismatch,0.0,400,60,0.5882352941176471,1.0,0.4166666666666667,5,12,5,5,0.42500051856040955,0.844814121723175,0.35
1853,False,exact,0.3,B) 42°,C,0.4615384615384615,0.6,0.375,5,8,3,3,0.20003333687782288,0.5741182565689087,0.35
1854,False,exact,0.3,B) 1.2 cm,D,0.5263157894736842,1.0,0.35714285714285715,5,14,5,5,0.4694027900695801,0.8407955169677734,0.35
1855,False,exact,0.3,A) 1 and 7,B,0.6666666666666666,1.0,0.5,5,10,5,5,0.41969117522239685,0.7154443860054016,0.35
1856,False,exact,0.3,B) 1: 5,D,0.5263157894736842,1.0,0.35714285714285715,5,14,5,5,0.288429856300354,0.7993436455726624,0.35
1857,False,exact,0.3,All answers are possible.,C,0.8181818181818181,1.0,0.6923076923076923,9,13,9,9,0.3715892732143402,0.6954450011253357,0.35
1858,True,exact,0.7,11 cm,C,0.7272727272727273,1.0,0.5714285714285714,8,14,8,8,0.4656045734882355,0.9526251554489136,0.35
1859,False,numeric_mismatch,0.0,3,6,0.5263157894736842,1.0,0.35714285714285715,5,14,5,5,0.40404757857322693,0.6521585583686829,0.35
1860,False,numeric_mismatch,0.0,16,4,0.6,1.0,0.42857142857142855,6,14,6,6,0.35724565386772156,0.7527625560760498,0.35
1861,True,numeric_rounded,0.85,7,8,0.47058823529411764,1.0,0.3076923076923077,4,13,4,4,0.3934798240661621,0.638194739818573,0.35
1862,False,exact,0.3,Shape 3,C,0.631578947368421,1.0,0.46153846153846156,6,13,6,6,0.2640163004398346,0.7371714115142822,0.35
1863,False,numeric_mismatch,0.0,44,32,0.5555555555555556,1.0,0.38461538461538464,5,13,5,5,0.48804885149002075,0.7651211023330688,0.35
1864,True,choice,1.0,C,C,0.2,0.16666666666666666,0.25,18,12,3,3,0.2563404142856598,0.7612767815589905,0.35
1865,False,choice,1.0,D,A,0.375,1.0,0.23076923076923078,3,13,3,3,0.2574145197868347,0.7202593684196472,0.35
1866,False,exact,0.3,84 cm²,B,0.26666666666666666,0.6666666666666666,0.16666666666666666,3,12,2,2,0.21520304679870605,0.6520786285400391,0.35
1867,False,numeric_mismatch,0.0,10,5,0.5714285714285714,0.8571428571428571,0.42857142857142855,7,14,6,6,0.3277800381183624,0.7111660838127136,0.35
1868,False,numeric_mismatch,0.0,24,9,0.5882352941176471,1.0,0.4166666666666667,5,12,5,5,0.3795301616191864,0.677703857421875,0.35
1869,False,numeric_mismatch,0.0,3,4,0.4285714285714285,0.75,0.3,4,10,3,3,0.29388976097106934,0.5468248724937439,0.35
1870,True,numeric_exact,1.0,5,5,0.6,1.0,0.42857142857142855,6,14,6,6,0.30708128213882446,0.7057139277458191,0.35
1871,True,numeric_exact,1.0,6,6,0.5882352941176471,1.0,0.4166666666666667,5,12,5,5,0.42561018466949463,0.8557297587394714,0.35
1872,True,numeric_exact,1.0,20,20,0.5,1.0,0.3333333333333333,4,12,4,4,0.42623135447502136,0.8627461791038513,0.35
1873,False,numeric_mismatch,0.0,5,7,0.375,0.75,0.25,4,12,3,3,0.3122565448284149,0.6846207976341248,0.35
1874,False,exact,0.3,D) \(\frac{39}{8} \text{ cm}^2\),B,0.47058823529411764,1.0,0.3076923076923077,4,13,4,4,0.3067925274372101,0.8443830013275146,0.35
1875,True,exact,0.7,None of the provided options match the calculated area.,E,0.5882352941176471,1.0,0.4166666666666667,5,12,5,5,0.4608170688152313,0.8965001702308655,0.35
1876,True,exact,0.7,That will never happen,E,0.5384615384615384,0.5833333333333334,0.5,12,14,7,7,0.3232707381248474,0.8541295528411865,0.35
1877,True,exact,0.7,C) 60°,C,0.8,0.7692307692307693,0.8333333333333334,13,12,10,10,0.38274580240249634,0.8534935116767883,0.35
1878,False,numeric_mismatch,0.0,13,27,0.7272727272727274,0.8888888888888888,0.6153846153846154,9,13,8,8,0.3587838113307953,0.800529956817627,0.35
1879,True,numeric_rounded,0.85,50,45,0.4444444444444444,0.8,0.3076923076923077,5,13,4,4,0.2798722982406616,0.4936639368534088,0.35
1880,False,choice,1.0,B,A,0.625,1.0,0.45454545454545453,5,11,5,5,0.31419017910957336,0.832379162311554,0.35
1881,True,numeric_exact,1.0,16,16,0.4444444444444444,0.8,0.3076923076923077,5,13,4,4,0.2520409822463989,0.6029731631278992,0.35
1882,False,numeric_mismatch,0.0,3,5,0.5263157894736842,1.0,0.35714285714285715,5,14,5,5,0.4280882477760315,0.9445386528968811,0.35
1883,True,choice,1.0,E,E,0.3333333333333333,0.75,0.21428571428571427,4,14,3,3,0.2575656473636627,0.6211673617362976,0.35
1884,False,exact,0.3,"C) 5, 6, 10",A,0.35294117647058826,0.6,0.25,5,12,3,3,0.19593697786331177,0.5878704190254211,0.35
1885,False,exact,0.3,D) QR,C,0.5,0.75,0.375,4,8,3,3,0.2694415748119354,0.676964282989502,0.35
1886,False,choice,1.0,E,C,0.4444444444444445,1.0,0.2857142857142857,4,14,4,4,0.3211022913455963,0.7903298735618591,0.35
1887,False,numeric_mismatch,0.0,The area of the square is 16.,8,0.5263157894736842,0.8333333333333334,0.38461538461538464,6,13,5,5,0.34255197644233704,0.8509002923965454,0.35
1888,False,numeric_mismatch,0.0,0.5,1,0.5,1.0,0.3333333333333333,4,12,4,4,0.4168224632740021,0.7775252461433411,0.35
1889,True,exact,0.7,None of the numbers from (A) to (D),E,0.6,1.0,0.42857142857142855,6,14,6,6,0.31116417050361633,0.9331450462341309,0.35
1890,False,exact,0.3,either red or blue,A,0.631578947368421,1.0,0.46153846153846156,6,13,6,6,0.4575271010398865,0.7146462202072144,0.35
1891,False,choice,1.0,e,D,0.5882352941176471,1.0,0.4166666666666667,5,12,5,5,0.28253617882728577,0.7416961789131165,0.35
1892,False,numeric_mismatch,0.0,-6,6,0.7368421052631579,1.0,0.5833333333333334,7,12,7,7,0.38739514350891113,0.6387673616409302,0.35
1893,False,numeric_mismatch,0.0,9,4,0.6666666666666666,1.0,0.5,7,14,7,7,0.38161659240722656,0.9006209373474121,0.35
1894,True,exact,0.7,D) 30°,D,0.6086956521739131,0.7777777777777778,0.5,9,14,7,7,0.28685882687568665,0.8115494847297668,0.35
1895,False,choice,1.0,E,A,0.6,1.0,0.42857142857142855,3,7,3,3,0.3228585124015808,0.6560525298118591,0.35
1896,False,exact,0.3,B) 180°,C,0.5882352941176471,1.0,0.4166666666666667,5,12,5,5,0.37069520354270935,0.7302030920982361,0.35
1897,True,choice,1.0,B,B,0.3636363636363636,1.0,0.2222222222222222,4,18,4,4,0.34418728947639465,0.6803205609321594,0.35
1898,True,exact,0.7,100 cm²,C,0.6666666666666666,1.0,0.5,6,12,6,6,0.27127739787101746,0.6416882276535034,0.35
1899,True,numeric_exact,1.0,6,6,0.5454545454545455,0.8571428571428571,0.4,7,15,6,6,0.27725616097450256,0.7254266738891602,0.35
1900,False,exact,0.3,B) 20 cm,E,0.7368421052631579,1.0,0.5833333333333334,7,12,7,7,0.448051393032074,0.8803855776786804,0.35
1901,False,choice,1.0,B,A,0.5,1.0,0.3333333333333333,4,12,4,4,0.2712368667125702,0.624981701374054,0.35
1902,False,exact,0.3,54 cm,D,0.5263157894736842,1.0,0.35714285714285715,5,14,5,5,0.28487104177474976,0.6599293947219849,0.35
1903,False,numeric_mismatch,0.0,27,105,0.631578947368421,1.0,0.46153846153846156,6,13,6,6,0.40540146827697754,0.8800115585327148,0.35
1904,False,numeric_mismatch,0.0,12,9,0.6666666666666666,1.0,0.5,7,14,7,7,0.37638068199157715,0.9120168089866638,0.35
1905,False,numeric_mismatch,0.0,37,17,0.5263157894736842,1.0,0.35714285714285715,5,14,5,5,0.25473523139953613,0.8223217725753784,0.35
1906,False,exact,0.3,B) B,A,0.5333333333333333,1.0,0.36363636363636365,4,11,4,4,0.37006399035453796,0.8054280877113342,0.35
1907,False,numeric_mismatch,0.0,81,118,0.5454545454545454,1.0,0.375,6,16,6,6,0.34527912735939026,0.7636193633079529,0.35
1908,False,choice,1.0,E,A,0.18181818181818182,0.3333333333333333,0.125,3,8,1,1,0.26688408851623535,0.5879111886024475,0.35
1909,True,exact,0.7,E) \(\frac{2}{5}\),A,0.5555555555555556,1.0,0.38461538461538464,5,13,5,5,0.33520084619522095,0.7820502519607544,0.35
1910,False,exact,0.3,B) 16 m,E,0.39999999999999997,0.75,0.2727272727272727,4,11,3,3,0.24697858095169067,0.6530170440673828,0.35
1911,False,choice,1.0,B,D,0.33333333333333337,1.0,0.2,3,15,3,3,0.3406035006046295,0.6989777684211731,0.35
1912,False,exact,0.3,9 cm²,B,0.5,1.0,0.3333333333333333,4,12,4,4,0.3478916585445404,0.8419190645217896,0.35
1913,False,placeholder,0.0,insufficient information,D,0.0,0.0,0.0,0,14,0,0,0.0,0.0,0.0
1914,False,exact,0.3,B) 30 cm,D,0.5555555555555556,1.0,0.38461538461538464,5,13,5,5,0.38095417618751526,0.7831801772117615,0.35
1915,False,placeholder,0.0,insufficient information,63,0.0,0.0,0.0,0,12,0,0,0.0,0.0,0.0
1916,False,exact,0.3,C) 6.4 cm²,B,0.5,1.0,0.3333333333333333,4,12,4,4,0.4449957311153412,0.8468533754348755,0.35
1917,False,numeric_mismatch,0.0,The sum of all nine numbers is 18.,22,0.5,1.0,0.3333333333333333,4,12,4,4,0.3133486807346344,0.8017024993896484,0.35
1918,False,exact,0.3,The number of swaps depends on the initial arrangement.,18,0.5,1.0,0.3333333333333333,4,12,4,4,0.3602478504180908,0.8528128266334534,0.35
1919,False,exact,0.3,B) 24%,D,0.5,1.0,0.3333333333333333,3,9,3,3,0.3813970983028412,0.6093634366989136,0.35
1920,False,exact,0.3,insufficient information,39,0.6666666666666666,1.0,0.5,6,12,6,6,0.40280628204345703,0.726212203502655,0.35
1921,False,numeric_mismatch,0.0,3,10,0.7058823529411764,1.0,0.5454545454545454,6,11,6,6,0.3981795608997345,0.792021632194519,0.35
1922,False,exact,0.3,B) \(\frac{1}{8}\),D,0.5714285714285715,1.0,0.4,6,15,6,6,0.3388552665710449,0.822053849697113,0.35
1923,False,exact,0.3,C) BOOT,E,0.6666666666666666,1.0,0.5,6,12,6,6,0.43491658568382263,0.8043633103370667,0.35
1924,False,choice,1.0,B,C,0.375,0.75,0.25,4,12,3,3,0.227378249168396,0.5013009309768677,0.35
1925,True,numeric_exact,1.0,20,20,0.5,1.0,0.3333333333333333,4,12,4,4,0.4407780170440674,0.8579935431480408,0.35
1926,False,numeric_mismatch,0.0,2,4,0.5,1.0,0.3333333333333333,4,12,4,4,0.3125716745853424,0.7005243897438049,0.35
1927,True,exact,0.7,C) 76 cm,C,0.47058823529411764,0.8,0.3333333333333333,5,12,4,4,0.3215540647506714,0.8101365566253662,0.35
1928,True,exact,0.7,D) 4 cm,D,0.5555555555555556,1.0,0.38461538461538464,5,13,5,5,0.4286953806877136,0.7875264286994934,0.35
1929,False,exact,0.3,C) 1.5 cm,D,0.8461538461538461,0.9166666666666666,0.7857142857142857,12,14,11,11,0.4015297591686249,0.7885785698890686,0.35
1930,False,numeric_mismatch,0.0,7,6,0.26666666666666666,0.6666666666666666,0.16666666666666666,3,12,2,2,0.29252129793167114,0.673524022102356,0.35
1931,False,exact,1.0,12°,A,0.375,0.75,0.25,4,12,3,3,0.3277777135372162,0.6965914368629456,0.35
1932,True,exact,0.7,B) 20 cm²,B,0.375,1.0,0.23076923076923078,3,13,3,3,0.4291619658470154,0.7210079431533813,0.35
1933,True,numeric_rounded,0.9,18,17,0.8571428571428571,1.0,0.75,9,12,9,9,0.4534611403942108,0.8923769593238831,0.35
1934,True,exact,0.7,B) 70 cm³,C,0.5,1.0,0.3333333333333333,4,12,4,4,0.24476826190948486,0.6265543103218079,0.35
1935,False,numeric_mismatch,0.0,13,7,0.25,0.5,0.16666666666666666,4,12,2,2,0.18988575041294098,0.6385745406150818,0.35
1936,False,exact,0.3,25 m,B,0.7000000000000001,0.875,0.5833333333333334,8,12,7,7,0.33720090985298157,0.7347095608711243,0.35
1937,False,exact,0.3,B) 12 cm x 8 cm,D,0.7368421052631579,1.0,0.5833333333333334,7,12,7,7,0.3420785069465637,0.8309727311134338,0.35
1938,False,exact,0.3,12 cm²,B,0.5,0.8333333333333334,0.35714285714285715,6,14,5,5,0.3739560842514038,0.7586013078689575,0.35
1939,False,placeholder,0.0,insufficient information,C,0.0,0.0,0.0,0,12,0,0,0.0,0.0,0.0
1940,False,numeric_mismatch,0.0,6,3,0.5,1.0,0.3333333333333333,4,12,4,4,0.3296654522418976,0.7416731715202332,0.35
1941,False,choice,1.0,C,E,0.4444444444444444,0.6666666666666666,0.3333333333333333,6,12,4,4,0.2971607744693756,0.5963354706764221,0.35
1942,True,numeric_exact,1.0,20,20,0.375,1.0,0.23076923076923078,3,13,3,3,0.4499033987522125,0.7481213212013245,0.35
1943,False,choice,1.0,E,D,0.375,0.75,0.25,4,12,3,3,0.31763944029808044,0.6924326419830322,0.35
1944,False,choice,1.0,E,D,0.5,1.0,0.3333333333333333,4,12,4,4,0.39653730392456055,0.6423828601837158,0.35
1945,True,exact,0.7,D) \(\frac{4}{9}\),D,0.7272727272727273,1.0,0.5714285714285714,4,7,4,4,0.37025389075279236,0.7160184979438782,0.35
1946,True,exact,0.7,"B) 4,5 and 7",A,0.3333333333333333,0.5,0.25,6,12,3,3,0.19354483485221863,0.8712916374206543,0.35
1947,False,exact,0.3,D) 70°,B,0.8695652173913044,1.0,0.7692307692307693,10,13,10,10,0.491699755191803,0.9206389784812927,0.35
1948,True,choice,1.0,E,E,0.5,1.0,0.3333333333333333,4,12,4,4,0.3054618835449219,0.5231564044952393,0.35
1949,False,numeric_mismatch,0.0,4,5,0.5882352941176471,1.0,0.4166666666666667,5,12,5,5,0.44505614042282104,0.6662853956222534,0.35
1950,True,exact,0.7,B) 12 cm²,B,0.48,0.4,0.6,15,10,6,6,0.2636537551879883,0.7389252185821533,0.35
1951,False,numeric_mismatch,0.0,6,16,0.3333333333333333,0.75,0.21428571428571427,4,14,3,3,0.2482287585735321,0.6939674615859985,0.35
1952,False,numeric_mismatch,0.0,13,32,0.375,0.75,0.25,4,12,3,3,0.2944144010543823,0.8159977197647095,0.35
1953,False,numeric_mismatch,0.0,1,5,0.7272727272727273,1.0,0.5714285714285714,8,14,8,8,0.39257827401161194,0.759549081325531,0.35
1954,False,choice,1.0,D,E,0.30769230769230765,0.5,0.2222222222222222,4,9,2,2,0.23632952570915222,0.7080972790718079,0.35
1955,True,exact,0.7,C) 2 and 7,A,0.5454545454545454,0.75,0.42857142857142855,4,7,3,3,0.3297104239463806,0.7039809226989746,0.35
1956,False,exact,0.3,B) \(\frac{5}{8}\),E,0.5882352941176471,1.0,0.4166666666666667,5,12,5,5,0.3169681429862976,0.676456868648529,0.35
1957,False,exact,0.3,D) \(\frac{5}{8}\),B,0.4,1.0,0.25,3,12,3,3,0.3533472716808319,0.6663469672203064,0.35
1958,False,numeric_mismatch,0.0,5,36,0.5555555555555556,1.0,0.38461538461538464,5,13,5,5,0.3750160336494446,0.7701093554496765,0.35
1959,False,numeric_mismatch,0.0,2,4,0.7272727272727274,0.8888888888888888,0.6153846153846154,9,13,8,8,0.3550886809825897,0.7129393219947815,0.35
1960,False,exact,0.3,a) a=d,E,0.5,1.0,0.3333333333333333,4,12,4,4,0.42634645104408264,0.6482688784599304,0.35
1961,True,exact,0.7,D) 41 km,D,0.6,0.6666666666666666,0.5454545454545454,9,11,6,6,0.21155862510204315,0.6391406059265137,0.35
1962,False,choice,1.0,E,C,0.375,0.75,0.25,4,12,3,3,0.28458479046821594,0.4620358645915985,0.35
1963,False,numeric_mismatch,0.0,6,8.0,0.6666666666666666,1.0,0.5,6,12,6,6,0.42423394322395325,0.8961858749389648,0.35
1964,False,numeric_mismatch,0.0,27,6,0.4210526315789474,1.0,0.26666666666666666,4,15,4,4,0.45561376214027405,0.8807084560394287,0.35
1965,False,exact,0.3,insufficient information,D,0.7826086956521738,0.9,0.6923076923076923,10,13,9,9,0.44765642285346985,0.9260150790214539,0.35
1966,False,numeric_mismatch,0.0,10,15,0.5333333333333333,0.8,0.4,5,10,4,4,0.29666537046432495,0.5983715653419495,0.35
1967,False,choice,1.0,D,A,0.11764705882352941,0.25,0.07692307692307693,4,13,1,1,0.18243585526943207,0.5173466205596924,0.35
1968,False,placeholder,0.0,insufficient information,B,0.0,0.0,0.0,0,14,0,0,0.0,0.0,0.0
1969,False,numeric_mismatch,0.0,12,34,0.4444444444444445,1.0,0.2857142857142857,4,14,4,4,0.3608272671699524,0.6930487155914307,0.35
1970,False,exact,0.3,C) Leo,A,0.4000000000000001,0.4,0.4,10,10,4,4,0.3128545880317688,0.6285287141799927,0.35
1971,False,exact,1.0,45%,E,0.47058823529411764,0.8,0.3333333333333333,5,12,4,4,0.33612021803855896,0.6652188301086426,0.35
1972,False,numeric_mismatch,0.0,2102,-100,0.25,0.6666666666666666,0.15384615384615385,3,13,2,2,0.22146405279636383,0.5548235177993774,0.35
1973,False,choice,1.0,E,A,0.6,1.0,0.42857142857142855,6,14,6,6,0.455168217420578,0.8361933827400208,0.35
1974,False,choice,1.0,C,E,0.5,1.0,0.3333333333333333,4,12,4,4,0.40298986434936523,0.794208288192749,0.35
1975,False,choice,1.0,E,B,0.26666666666666666,0.6666666666666666,0.16666666666666666,3,12,2,2,0.2396642416715622,0.4804677367210388,0.35
1976,False,numeric_mismatch,0.0,8,4,0.6666666666666666,1.0,0.5,5,10,5,5,0.4399850070476532,0.8594648838043213,0.35
1977,True,numeric_rounded,0.9,2.4,2.5,0.7000000000000001,1.0,0.5384615384615384,7,13,7,7,0.4183623790740967,0.9511650204658508,0.35
1978,False,numeric_mismatch,0.0,10,20,0.375,1.0,0.23076923076923078,3,13,3,3,0.34667184948921204,0.8722648620605469,0.35
1979,False,exact,0.3,4 m,C,0.5882352941176471,1.0,0.4166666666666667,5,12,5,5,0.316640168428421,0.8215636610984802,0.35
1980,True,exact,0.7,4 cm,C,0.6666666666666667,0.5882352941176471,0.7692307692307693,17,13,10,10,0.2919684648513794,0.7271825075149536,0.35
1981,True,choice,1.0,E,E,0.5555555555555556,1.0,0.38461538461538464,5,13,5,5,0.27229082584381104,0.8804333806037903,0.35
1982,False,choice,1.0,B,D,0.47058823529411764,1.0,0.3076923076923077,4,13,4,4,0.4341903030872345,0.7141103744506836,0.35
1983,False,numeric_mismatch,0.0,12,10,0.47058823529411764,1.0,0.3076923076923077,4,13,4,4,0.2677355110645294,0.7616357803344727,0.35
1984,False,numeric_mismatch,0.0,3,1,0.5882352941176471,1.0,0.4166666666666667,5,12,5,5,0.358094185590744,0.7466423511505127,0.35
1985,False,numeric_mismatch,0.0,30,6,0.5,1.0,0.3333333333333333,4,12,4,4,0.37647223472595215,0.7652266025543213,0.35
1986,False,exact,0.3,"B) 1, 2 and 3",E,0.4444444444444445,1.0,0.2857142857142857,4,14,4,4,0.3135678172111511,0.7526374459266663,0.35
1987,True,numeric_exact,1.0,7,7,0.5,1.0,0.3333333333333333,4,12,4,4,0.40917253494262695,0.913038432598114,0.35
1988,False,exact,1.0,84,C,0.25,1.0,0.14285714285714285,2,14,2,2,0.35295847058296204,0.7181201577186584,0.35
1989,True,exact,0.7,C) 4 × 8 × 12,C,0.5,1.0,0.3333333333333333,4,12,4,4,0.3886098563671112,0.8211231827735901,0.35
1990,False,choice,1.0,D,A,0.46153846153846156,0.75,0.3333333333333333,4,9,3,3,0.23266904056072235,0.7600908279418945,0.35
1991,False,numeric_mismatch,0.0,3,5,0.5882352941176471,1.0,0.4166666666666667,5,12,5,5,0.3521813154220581,0.6374800801277161,0.35
1992,True,exact,0.7,between 15 and 18,D,0.5,0.5,0.5,12,12,6,6,0.2883428633213043,0.5361260175704956,0.35
1993,False,exact,0.3,D) D,B,0.5555555555555556,1.0,0.38461538461538464,5,13,5,5,0.5213235020637512,0.7795889377593994,0.35
1994,False,numeric_mismatch,0.0,10,6,0.4210526315789474,1.0,0.26666666666666666,4,15,4,4,0.29970380663871765,0.9091341495513916,0.35
1995,False,numeric_mismatch,0.0,28,58,0.3157894736842105,1.0,0.1875,3,16,3,3,0.4790097177028656,0.8608678579330444,0.35
1996,False,exact,0.3,40 m²,E,0.5555555555555556,0.8333333333333334,0.4166666666666667,6,12,5,5,0.319332480430603,0.8134531378746033,0.35
1997,False,exact,0.3,B) \(\frac{4}{3}\),D,0.4444444444444444,0.8,0.3076923076923077,5,13,4,4,0.2422531694173813,0.6571938395500183,0.35
1998,False,numeric_mismatch,0.0,138,54,0.8333333333333333,1.0,0.7142857142857143,10,14,10,10,0.3612675368785858,0.8349912762641907,0.35
1999,False,numeric_mismatch,0.0,4,1,0.4,1.0,0.25,3,12,3,3,0.2580167353153229,0.508323609828949,0.35
2000,True,exact,0.7,B) 25%,B,0.5555555555555556,1.0,0.38461538461538464,5,13,5,5,0.5544583797454834,0.9081339240074158,0.35
2001,False,numeric_mismatch,0.0,105,17,0.375,1.0,0.23076923076923078,3,13,3,3,0.36150622367858887,0.8423265814781189,0.35
2002,False,numeric_mismatch,0.0,16,6,0.5,1.0,0.3333333333333333,5,15,5,5,0.378846675157547,0.6378812789916992,0.35
2003,False,choice,1.0,B,E,0.375,0.75,0.25,4,12,3,3,0.28534236550331116,0.5376945734024048,0.35
2004,False,choice,1.0,D,A,0.6,0.75,0.5,8,12,6,6,0.2915706932544708,0.7087884545326233,0.35
2005,True,exact,0.7,A) 4 and 12,A,0.33333333333333337,1.0,0.2,3,15,3,3,0.38404497504234314,0.6512467861175537,0.35
2006,False,exact,0.3,B) $2\vdots6\vdots6$,C,0.4,1.0,0.25,3,12,3,3,0.2936025857925415,0.6381291747093201,0.35
2007,False,choice,1.0,E,D,0.7000000000000001,1.0,0.5384615384615384,7,13,7,7,0.3787669837474823,0.6401864290237427,0.35
2008,False,exact,0.3,C) A and D,B,0.31578947368421056,0.75,0.2,4,15,3,3,0.20617185533046722,0.6027528643608093,0.35
2009,False,numeric_mismatch,0.0,5,12,0.5,0.7142857142857143,0.38461538461538464,7,13,5,5,0.28688833117485046,0.8342801332473755,0.35
2010,True,numeric_exact,1.0,10,10,0.4285714285714285,0.75,0.3,4,10,3,3,0.322117418050766,0.6675302982330322,0.35
2011,False,numeric_mismatch,0.0,5,7,0.6666666666666666,1.0,0.5,7,14,7,7,0.45643752813339233,0.7606185674667358,0.35
2012,True,numeric_rounded,0.85,16,18,0.5263157894736842,0.7142857142857143,0.4166666666666667,7,12,5,5,0.260757714509964,0.7033031582832336,0.35
2013,False,numeric_mismatch,0.0,18,3,0.4444444444444445,1.0,0.2857142857142857,4,14,4,4,0.45865535736083984,0.9518607258796692,0.35
2014,False,numeric_mismatch,0.0,1,6,0.4444444444444445,1.0,0.2857142857142857,4,14,4,4,0.4590016007423401,0.7249178886413574,0.35
2015,True,numeric_exact,1.0,40,40,0.5882352941176471,1.0,0.4166666666666667,5,12,5,5,0.33041661977767944,0.7710751891136169,0.35
2016,False,numeric_mismatch,0.0,8,3,0.5217391304347826,1.0,0.35294117647058826,6,17,6,6,0.4296744763851166,0.7771310806274414,0.35
2017,True,numeric_exact,1.0,150,150,0.5263157894736842,1.0,0.35714285714285715,5,14,5,5,0.49981069564819336,0.736305832862854,0.35
2018,False,exact,0.3,B) 60°,D,0.6956521739130435,0.7272727272727273,0.6666666666666666,11,12,8,8,0.33579596877098083,0.7727531790733337,0.35
2019,True,exact,0.7,E) \(\frac{40}{3}\),C,0.4444444444444445,1.0,0.2857142857142857,4,14,4,4,0.3335544168949127,0.6181417107582092,0.35
2020,False,numeric_mismatch,0.0,60,16,0.43478260869565216,0.7142857142857143,0.3125,7,16,5,5,0.307187557220459,0.6318212747573853,0.35
2021,False,numeric_mismatch,0.0,2,11,0.5555555555555556,1.0,0.38461538461538464,5,13,5,5,0.3278188705444336,0.7486726641654968,0.35
2022,True,numeric_exact,1.0,6,6,0.6,1.0,0.42857142857142855,6,14,6,6,0.4154841899871826,0.733181893825531,0.35
2023,True,exact,0.7,D) \(\frac{3}{4}\),A,0.5714285714285715,1.0,0.4,6,15,6,6,0.4040316641330719,0.9124647974967957,0.35
2024,False,numeric_mismatch,0.0,23,18,0.5263157894736842,1.0,0.35714285714285715,5,14,5,5,0.38890209794044495,0.9695352911949158,0.35
2025,True,exact,0.7,C) 54°,C,0.5,1.0,0.3333333333333333,4,12,4,4,0.39503148198127747,0.8573644161224365,0.35
2026,False,exact,0.3,D) Strip 3,A,0.5882352941176471,1.0,0.4166666666666667,5,12,5,5,0.3900960385799408,0.7458289861679077,0.35
2027,False,placeholder,0.0,insufficient information,C,0.0,0.0,0.0,0,14,0,0,0.0,0.0,0.0
2028,False,numeric_mismatch,0.0,1,8,0.5,1.0,0.3333333333333333,4,12,4,4,0.2923155725002289,0.5507732629776001,0.35
2029,False,choice,1.0,D,C,0.4,1.0,0.25,3,12,3,3,0.2622339725494385,0.7201156616210938,0.35
2030,False,numeric_mismatch,0.0,6,64,0.5,1.0,0.3333333333333333,4,12,4,4,0.4024251401424408,0.6535041928291321,0.35
2031,True,exact,0.7,A) √2 - 1,A,0.375,1.0,0.23076923076923078,3,13,3,3,0.370782732963562,0.6786158680915833,0.35
2032,False,placeholder,0.0,insufficient information,C,0.0,0.0,0.0,0,12,0,0,0.0,0.0,0.0
2033,True,numeric_exact,1.0,18,18,0.3157894736842105,1.0,0.1875,3,16,3,3,0.4543212354183197,0.8369019031524658,0.35
2034,False,numeric_mismatch,0.0,12,7.5,0.5,1.0,0.3333333333333333,4,12,4,4,0.4059789180755615,0.7027226090431213,0.35
2035,False,numeric_mismatch,0.0,3,6,0.2857142857142857,1.0,0.16666666666666666,3,18,3,3,0.40773072838783264,0.674624502658844,0.35
2036,False,exact,0.3,C) 55°,D,0.4210526315789474,0.5714285714285714,0.3333333333333333,7,12,4,4,0.26197296380996704,0.6804986000061035,0.35
2037,False,exact,1.0,2001^2,A,0.5555555555555556,1.0,0.38461538461538464,5,13,5,5,0.4406024217605591,0.8448529839515686,0.35
2038,False,numeric_mismatch,0.0,3,5,0.631578947368421,1.0,0.46153846153846156,6,13,6,6,0.46329033374786377,0.9148675799369812,0.35
2039,False,exact,0.3,D) √3,B,0.5263157894736842,1.0,0.35714285714285715,5,14,5,5,0.3859984278678894,0.730006754398346,0.35
2040,True,exact,0.7,B) 2 cm,C,0.8,0.7692307692307693,0.8333333333333334,13,12,10,10,0.5214961171150208,0.8855017423629761,0.35
2041,False,exact,1.0,5,B,0.6666666666666666,1.0,0.5,5,10,5,5,0.34811264276504517,0.901785671710968,0.35
2042,False,numeric_mismatch,0.0,24,4,0.5,1.0,0.3333333333333333,4,12,4,4,0.33601799607276917,0.643258273601532,0.35
2043,False,choice,1.0,E,A,0.47058823529411764,0.8,0.3333333333333333,5,12,4,4,0.36784976720809937,0.8565329313278198,0.35
2044,False,numeric_mismatch,0.0,2,6,0.33333333333333337,1.0,0.2,3,15,3,3,0.4153851866722107,0.8871893286705017,0.35
2045,False,numeric_mismatch,0.0,9,72,0.5555555555555556,1.0,0.38461538461538464,5,13,5,5,0.4960460960865021,0.9299031496047974,0.35
2046,False,exact,0.3,"B) $3,5,6,7$",A,0.7000000000000001,0.875,0.5833333333333334,8,12,7,7,0.3337836265563965,0.7485649585723877,0.35
2047,False,placeholder,0.0,insufficient information,4,0.0,0.0,0.0,0,12,0,0,0.0,0.0,0.0
2048,True,exact,0.7,Insufficient information,A,0.8571428571428571,1.0,0.75,9,12,9,9,0.4243948459625244,0.7699012160301208,0.35
2049,True,exact,0.7,B) 20 m,B,0.7857142857142857,0.9166666666666666,0.6875,12,16,11,11,0.3671671450138092,0.8287410736083984,0.35
2050,False,numeric_mismatch,0.0,12,4,0.4,1.0,0.25,3,12,3,3,0.3538110852241516,0.6333187818527222,0.35
2051,False,numeric_mismatch,0.0,4,6,0.4,0.8,0.26666666666666666,5,15,4,4,0.30221447348594666,0.7074680924415588,0.35
2052,False,exact,0.3,12 m,C,0.47058823529411764,1.0,0.3076923076923077,4,13,4,4,0.33275359869003296,0.5977154970169067,0.35
2053,False,numeric_mismatch,0.0,12,2,0.625,0.8333333333333334,0.5,6,10,5,5,0.2937769591808319,0.7094317674636841,0.35
2054,False,numeric_mismatch,0.0,64,768,0.4444444444444445,1.0,0.2857142857142857,4,14,4,4,0.4940984547138214,0.7123819589614868,0.35
2055,True,exact,0.7,B) 45°,B,0.5,1.0,0.3333333333333333,4,12,4,4,0.3532460033893585,0.7526142001152039,0.35
2056,False,exact,0.3,C) \(\frac{3}{5}\),E,0.4210526315789474,1.0,0.26666666666666666,4,15,4,4,0.4302593171596527,0.8765856623649597,0.35
2057,False,numeric_mismatch,0.0,x = 2πr - 13,11,0.7368421052631579,1.0,0.5833333333333334,7,12,7,7,0.4304778277873993,0.8705407381057739,0.35
2058,False,numeric_mismatch,0.0,0,1,0.11764705882352941,0.25,0.07692307692307693,4,13,1,1,0.21089060604572296,0.5699886083602905,0.35
2059,True,numeric_exact,1.0,12,12,0.47058823529411764,1.0,0.3076923076923077,4,13,4,4,0.45135149359703064,0.687393307685852,0.35
2060,False,exact,1.0,5,E,0.782608695652174,1.0,0.6428571428571429,9,14,9,9,0.3919017016887665,0.858078122138977,0.35
2061,True,exact,0.7,B) \(\frac{\sqrt{2}}{2}\),A,0.2702702702702703,0.2,0.4166666666666667,25,12,5,5,0.22881241142749786,0.8070843815803528,0.35
2062,False,numeric_mismatch,0.0,192,486,0.4444444444444445,1.0,0.2857142857142857,4,14,4,4,0.3971268832683563,0.7359388470649719,0.35
2063,True,exact,0.7,C) 10 π + 5 π √2,C,0.375,1.0,0.23076923076923078,3,13,3,3,0.3335338234901428,0.6393998265266418,0.35
2064,False,exact,0.3,B) $S_{1}+S_{3}+S_{5}+S_{7}$,A,0.5,1.0,0.3333333333333333,4,12,4,4,0.2774807810783386,0.7239352464675903,0.35
2065,False,numeric_mismatch,0.0,9,4,0.7000000000000001,1.0,0.5384615384615384,7,13,7,7,0.3075453042984009,0.7213728427886963,0.35
2066,False,exact,0.3,C) GRRG,A,0.4444444444444445,1.0,0.2857142857142857,4,14,4,4,0.3420664370059967,0.7346988320350647,0.35
2067,True,numeric_rounded,0.9,27,25,0.35294117647058826,1.0,0.21428571428571427,3,14,3,3,0.3401443064212799,0.5400106310844421,0.35
2068,False,placeholder,0.0,insufficient information,A,0.0,0.0,0.0,0,13,0,0,0.0,0.0,0.0
2069,False,numeric_mismatch,0.0,8,90,0.35294117647058826,1.0,0.21428571428571427,3,14,3,3,0.2696339190006256,0.5657574534416199,0.35
2070,True,exact,0.7,B) 6 + π,B,0.6,1.0,0.42857142857142855,6,14,6,6,0.3792806565761566,0.927381157875061,0.35
2071,False,exact,0.3,Q = √(S · s),A,0.4444444444444445,1.0,0.2857142857142857,4,14,4,4,0.34675148129463196,0.7067853808403015,0.35
2072,False,exact,0.3,B) \(\frac{1}{\sqrt{2}}\),D,0.6666666666666666,1.0,0.5,7,14,7,7,0.3616868555545807,0.7824094891548157,0.35
2073,False,numeric_mismatch,0.0,10.8,72,0.5,1.0,0.3333333333333333,4,12,4,4,0.3627413809299469,0.836000919342041,0.35
2074,False,choice,1.0,A,B,0.375,1.0,0.23076923076923078,3,13,3,3,0.2567722797393799,0.6893001198768616,0.35
2075,True,exact,0.7,B) √13,B,0.5555555555555556,1.0,0.38461538461538464,5,13,5,5,0.3069830536842346,0.7372009754180908,0.35
2076,False,numeric_mismatch,0.0,5,9,0.23529411764705882,0.4,0.16666666666666666,5,12,2,2,0.15718014538288116,0.49828895926475525,0.35
2077,False,placeholder,0.0,insufficient information,B,0.0,0.0,0.0,0,12,0,0,0.0,0.0,0.0
2078,True,exact,0.7,B) \(\frac{1}{3}\),A,0.4,1.0,0.25,3,12,3,3,0.30395185947418213,0.7119066715240479,0.35
2079,True,exact,0.7,C) C and E,A,0.5,1.0,0.3333333333333333,4,12,4,4,0.3291783034801483,0.7039052844047546,0.35
2080,False,exact,0.3,B) 10°,A,0.5263157894736842,0.8333333333333334,0.38461538461538464,6,13,5,5,0.3004049062728882,0.793015718460083,0.35
2081,False,exact,0.3,B) \(\frac{5 \pi}{3}\),D,0.6,0.8571428571428571,0.46153846153846156,7,13,6,6,0.25201573967933655,0.6392074227333069,0.35
2082,False,numeric_mismatch,0.0,10,6,0.4444444444444445,1.0,0.2857142857142857,4,14,4,4,0.3445127010345459,0.7562159299850464,0.35
2083,False,exact,0.3,C) 5-pyramid,B,0.47058823529411764,1.0,0.3076923076923077,4,13,4,4,0.41542869806289673,0.7447470426559448,0.35
2084,False,numeric_mismatch,0.0,8,10,0.5454545454545454,1.0,0.375,6,16,6,6,0.36108729243278503,0.8578044176101685,0.35
2085,False,exact,0.3,C) \(\sqrt{5}-\sqrt{2}\),E,0.5555555555555556,1.0,0.38461538461538464,5,13,5,5,0.3055192530155182,0.5953684449195862,0.35
2086,False,numeric_mismatch,0.0,2,3,0.4,1.0,0.25,3,12,3,3,0.3773084282875061,0.7160195112228394,0.35
2087,False,numeric_mismatch,0.0,11,17,0.47058823529411764,1.0,0.3076923076923077,4,13,4,4,0.33869850635528564,0.7911369800567627,0.35
2088,False,exact,0.3,C) 40 - 4π,B,0.761904761904762,1.0,0.6153846153846154,8,13,8,8,0.3963530659675598,0.8230993747711182,0.35
2089,True,exact,0.7,B) 124°,B,0.5882352941176471,1.0,0.4166666666666667,5,12,5,5,0.4017797112464905,0.7362768650054932,0.35
2090,True,choice,1.0,B),B,0.47058823529411764,1.0,0.3076923076923077,4,13,4,4,0.39222925901412964,0.7385500073432922,0.35
2091,False,exact,0.3,B) √5,E,0.4210526315789474,1.0,0.26666666666666666,4,15,4,4,0.39754849672317505,0.695040225982666,0.35
2092,False,numeric_mismatch,0.0,3,6,0.6,1.0,0.42857142857142855,6,14,6,6,0.3691308796405792,0.6940363049507141,0.35
2093,True,numeric_rounded,0.85,16,14,0.2857142857142857,0.6,0.1875,5,16,3,3,0.2140882909297943,0.7192385792732239,0.35
2094,False,exact,0.3,C) 40 cm²,B,0.7333333333333334,0.6111111111111112,0.9166666666666666,18,12,11,11,0.34410205483436584,0.8971532583236694,0.35
2095,True,exact,0.7,E) all figures are possible,E,0.5217391304347827,0.75,0.4,8,15,6,6,0.2806906998157501,0.7359256148338318,0.35
2096,False,placeholder,0.0,insufficient information,A,0.0,0.0,0.0,0,14,0,0,0.0,0.0,0.0
2097,False,exact,0.3,D) √5 - 1,A,0.38095238095238093,1.0,0.23529411764705882,4,17,4,4,0.35267186164855957,0.8815063238143921,0.35
2098,True,exact,0.7,D) 40°,D,0.47058823529411764,0.8,0.3333333333333333,5,12,4,4,0.24100546538829803,0.5855951905250549,0.35
2099,False,numeric_mismatch,0.0,3,2,0.47058823529411764,0.8,0.3333333333333333,5,12,4,4,0.18150480091571808,0.6000798344612122,0.35
2100,False,exact,0.3,B) 4π,C,0.5263157894736842,0.8333333333333334,0.38461538461538464,6,13,5,5,0.3533461093902588,0.7255738973617554,0.35
2101,False,exact,1.0,Chris,D,0.47058823529411764,1.0,0.3076923076923077,4,13,4,4,0.2737312912940979,0.7333495020866394,0.35
2102,True,numeric_exact,1.0,3,3,0.5882352941176471,1.0,0.4166666666666667,5,12,5,5,0.3145923912525177,0.8446491360664368,0.35
2103,False,exact,0.3,0.8 m,C,0.6956521739130436,1.0,0.5333333333333333,8,15,8,8,0.48174628615379333,0.8181535601615906,0.35
2104,False,exact,1.0,46%,C,0.6363636363636364,0.7777777777777778,0.5384615384615384,9,13,7,7,0.2960534691810608,0.7049408555030823,0.35
2105,False,numeric_mismatch,0.0,16,13,0.4545454545454545,0.7142857142857143,0.3333333333333333,7,15,5,5,0.24773959815502167,0.6341871619224548,0.35
2106,False,numeric_mismatch,0.0,6,114,0.5263157894736842,1.0,0.35714285714285715,5,14,5,5,0.27916219830513,0.9362446069717407,0.35
2107,True,exact,0.7,C) 26 cm²,C,0.2666666666666667,1.0,0.15384615384615385,2,13,2,2,0.4947020411491394,0.7614717483520508,0.35
2108,False,numeric_mismatch,0.0,3,1,0.47058823529411764,1.0,0.3076923076923077,4,13,4,4,0.33180034160614014,0.802417516708374,0.35
2109,True,exact,0.7,C) X and T,C,0.5263157894736842,0.7142857142857143,0.4166666666666667,7,12,5,5,0.24311533570289612,0.6673133373260498,0.35
2110,False,numeric_mismatch,0.0,6,12,0.4444444444444445,1.0,0.2857142857142857,4,14,4,4,0.4695490300655365,0.803191602230072,0.35
2111,False,numeric_mismatch,0.0,4,6,0.4444444444444445,1.0,0.2857142857142857,4,14,4,4,0.31158748269081116,0.617316722869873,0.35
2112,False,numeric_mismatch,0.0,15*sqrt(3),45,0.47058823529411764,1.0,0.3076923076923077,4,13,4,4,0.3605138063430786,0.6334237456321716,0.35
2113,False,numeric_mismatch,0.0,6,5,0.4,1.0,0.25,3,12,3,3,0.32773736119270325,0.6643935441970825,0.35
2114,False,numeric_mismatch,0.0,40,12,0.4210526315789474,1.0,0.26666666666666666,4,15,4,4,0.2975269854068756,0.7111573219299316,0.35
2115,False,numeric_mismatch,0.0,9,3,0.5263157894736842,1.0,0.35714285714285715,5,14,5,5,0.3294792175292969,0.7177371978759766,0.35
2116,False,numeric_mismatch,0.0,600,225,0.7272727272727274,0.8888888888888888,0.6153846153846154,9,13,8,8,0.3710382580757141,0.8917121291160583,0.35
2117,True,choice,1.0,B,B,0.5555555555555556,1.0,0.38461538461538464,5,13,5,5,0.4230049252510071,0.761989951133728,0.35
2118,True,exact,0.7,B) \(\frac{\sqrt{3} \pi}{12} r^{2}\),C,0.5882352941176471,1.0,0.4166666666666667,5,12,5,5,0.40744149684906006,0.8236488103866577,0.35
2119,True,exact,0.7,E) All shapes have the same area.,E,0.33333333333333337,0.6,0.23076923076923078,5,13,3,3,0.29852035641670227,0.607966423034668,0.35
2120,False,numeric_mismatch,0.0,18,6,0.4,1.0,0.25,4,16,4,4,0.3645375967025757,0.8425924777984619,0.35
2121,False,choice,1.0,A,D,0.5,1.0,0.3333333333333333,4,12,4,4,0.4408046007156372,0.8636534214019775,0.35
2122,True,exact,0.7,(4 + 2√3) cm,C,0.5555555555555556,1.0,0.38461538461538464,5,13,5,5,0.4228953719139099,0.8379226922988892,0.35
2123,False,exact,1.0,6,C,0.6666666666666667,0.875,0.5384615384615384,8,13,7,7,0.31656602025032043,0.7410032153129578,0.35
2124,True,exact,0.7,B) 10 / 3,B,0.6,1.0,0.42857142857142855,6,14,6,6,0.36972782015800476,0.7714647054672241,0.35
2125,False,numeric_mismatch,0.0,6,4,0.5882352941176471,1.0,0.4166666666666667,5,12,5,5,0.38221922516822815,0.6899797916412354,0.35
2126,False,numeric_mismatch,0.0,2,8,0.6363636363636364,1.0,0.4666666666666667,7,15,7,7,0.38549771904945374,0.8277549147605896,0.35
2127,False,exact,0.3,insufficient information,D,0.5714285714285714,0.8888888888888888,0.42105263157894735,9,19,8,8,0.348919540643692,0.9425996541976929,0.35
2128,False,exact,0.3,18 cm²,B,0.5882352941176471,1.0,0.4166666666666667,5,12,5,5,0.36848682165145874,0.7442907094955444,0.35
2129,False,numeric_mismatch,0.0,15,5,0.4444444444444445,1.0,0.2857142857142857,4,14,4,4,0.37509068846702576,0.667235255241394,0.35
2130,False,numeric_mismatch,0.0,2,4,0.5,1.0,0.3333333333333333,4,12,4,4,0.34928098320961,0.766110360622406,0.35
2131,False,exact,0.3,$2.80 €$,C,0.5714285714285715,0.6666666666666666,0.5,9,12,6,6,0.281581848859787,0.6851406097412109,0.35
2132,False,exact,0.3,C) 1 / 4,A,0.4,1.0,0.25,3,12,3,3,0.2997977137565613,0.5661042332649231,0.35
2133,True,choice,1.0,E,E,0.4210526315789474,1.0,0.26666666666666666,4,15,4,4,0.3017658591270447,0.6459510922431946,0.35
2134,True,choice,1.0,D,D,0.375,1.0,0.23076923076923078,3,13,3,3,0.43462470173835754,0.7266296744346619,0.35
2135,True,exact,0.7,D) 35°,D,0.8,1.0,0.6666666666666666,10,15,10,10,0.4502141773700714,0.8630111813545227,0.35
2136,True,numeric_exact,1.0,4028 cm,4028,0.5263157894736842,1.0,0.35714285714285715,5,14,5,5,0.3113650679588318,0.8439577221870422,0.35
2137,False,numeric_mismatch,0.0,30,80,0.5263157894736842,1.0,0.35714285714285715,5,14,5,5,0.37979939579963684,0.9048061370849609,0.35
2138,True,exact,0.7,It depends on the position of the rectangle and its side lengths.,D,0.23529411764705882,0.6666666666666666,0.14285714285714285,3,14,2,2,0.2206713855266571,0.6672139763832092,0.35
2139,False,exact,1.0,AD,A,0.5882352941176471,1.0,0.4166666666666667,5,12,5,5,0.2949428856372833,0.5909343957901001,0.35
2140,False,numeric_mismatch,0.0,3,12,0.47058823529411764,1.0,0.3076923076923077,4,13,4,4,0.30660679936408997,0.6426700949668884,0.35
2141,False,exact,0.3,a < b < c,E,0.5,0.75,0.375,4,8,3,3,0.26204898953437805,0.6086795926094055,0.35
2142,False,exact,0.3,16 cm²,A,0.375,1.0,0.23076923076923078,3,13,3,3,0.44343301653862,0.8945988416671753,0.35
2143,False,exact,0.3,4.2 m,C,0.6956521739130436,1.0,0.5333333333333333,8,15,8,8,0.3187471330165863,0.8612350821495056,0.35
2144,True,exact,0.7,C) 120 x 90,C,0.5714285714285715,1.0,0.4,6,15,6,6,0.3008241057395935,0.8304643034934998,0.35
2145,False,placeholder,0.0,insufficient information,D,0.0,0.0,0.0,0,8,0,0,0.0,0.0,0.0
2146,False,numeric_mismatch,0.0,7,23,0.6666666666666666,1.0,0.5,6,12,6,6,0.36524391174316406,0.7351554036140442,0.35
2147,False,numeric_mismatch,0.0,6,9,0.47058823529411764,0.8,0.3333333333333333,5,12,4,4,0.31476131081581116,0.6228022575378418,0.35
2148,False,numeric_mismatch,0.0,17,9,0.5882352941176471,1.0,0.4166666666666667,5,12,5,5,0.3985026180744171,0.7112740278244019,0.35
2149,True,exact,0.7,B) 45°,B,0.4444444444444445,1.0,0.2857142857142857,4,14,4,4,0.4635503590106964,0.8875855803489685,0.35
2150,True,exact,0.7,B) \frac{125}{8},B,0.6666666666666666,0.8181818181818182,0.5625,11,16,9,9,0.31840750575065613,0.8955332040786743,0.35
2151,False,exact,0.3,E) \(\frac{\pi a^2}{4}\),B,0.4444444444444444,0.8,0.3076923076923077,5,13,4,4,0.279240220785141,0.7536778450012207,0.35
2152,False,choice,1.0,D,B,0.4444444444444445,1.0,0.2857142857142857,4,14,4,4,0.30455562472343445,0.7083436250686646,0.35
2153,False,exact,0.3,D) \(\frac{2}{3}\),B,0.4444444444444445,1.0,0.2857142857142857,4,14,4,4,0.37770575284957886,0.8772318363189697,0.35
2154,False,exact,0.3,B) \(\sqrt{10} + \sqrt{2}\),C,0.47058823529411764,1.0,0.3076923076923077,4,13,4,4,0.252073734998703,0.6537268757820129,0.35
2155,False,numeric_mismatch,0.0,40,25,0.33333333333333337,1.0,0.2,3,15,3,3,0.34460267424583435,0.7278193831443787,0.35
2156,True,exact,0.7,C) $b$ and $c$,D,0.4,1.0,0.25,3,12,3,3,0.25810685753822327,0.677642822265625,0.35
2157,False,numeric_mismatch,0.0,3,0,0.4210526315789474,1.0,0.26666666666666666,4,15,4,4,0.2766958475112915,0.6309280395507812,0.35
2158,False,exact,1.0,4:1,D,0.35294117647058826,1.0,0.21428571428571427,3,14,3,3,0.3856547176837921,0.756432056427002,0.35
2159,False,exact,0.3,√(2 + 1),A,0.8333333333333333,0.9090909090909091,0.7692307692307693,11,13,10,10,0.39387747645378113,0.8941329717636108,0.35
2160,True,exact,0.7,It cannot be calculated.,C,0.631578947368421,0.8571428571428571,0.5,7,12,6,6,0.26042869687080383,0.732459545135498,0.35
2161,False,numeric_mismatch,0.0,25,4,0.4444444444444444,0.8,0.3076923076923077,5,13,4,4,0.2597582936286926,0.5508680939674377,0.35
2162,True,exact,0.7,B) In the left picture the band is 4 cm shorter.,E,0.8,0.8333333333333334,0.7692307692307693,12,13,10,10,0.3070056736469269,0.6473833322525024,0.35
2163,False,numeric_mismatch,0.0,3,5,0.45454545454545453,0.8333333333333334,0.3125,6,16,5,5,0.38156047463417053,0.853992760181427,0.35
2164,False,exact,0.3,D) 360°,B,0.6666666666666666,1.0,0.5,6,12,6,6,0.4073958992958069,0.8522149324417114,0.35
2165,False,exact,0.3,0.75 m,C,0.5217391304347825,0.8571428571428571,0.375,7,16,6,6,0.31277990341186523,0.9071078896522522,0.35
2166,True,numeric_rounded,0.9,13,12,0.47619047619047616,1.0,0.3125,5,16,5,5,0.3174877166748047,0.7034217119216919,0.35
2167,False,choice,1.0,C,E,0.47058823529411764,0.8,0.3333333333333333,5,12,4,4,0.3409727215766907,0.7764976620674133,0.35
2168,False,choice,1.0,B,E,0.4444444444444445,1.0,0.2857142857142857,4,14,4,4,0.3373416066169739,0.7619808316230774,0.35
2169,False,choice,1.0,B,E,0.5555555555555556,1.0,0.38461538461538464,5,13,5,5,0.35696595907211304,0.6534223556518555,0.35
2170,True,numeric_rounded,0.9,37.5,35,0.5,1.0,0.3333333333333333,5,15,5,5,0.4523758888244629,0.8600912690162659,0.35
2171,False,exact,0.3,B) \(\frac{2}{5}\),D,0.6666666666666666,1.0,0.5,6,12,6,6,0.42021939158439636,0.8294889330863953,0.35
2172,False,exact,0.3,27 cm,B,0.4444444444444444,0.8,0.3076923076923077,5,13,4,4,0.2969258427619934,0.6135194897651672,0.35
2173,False,numeric_mismatch,0.0,1,0,0.4210526315789473,0.8,0.2857142857142857,5,14,4,4,0.2663535177707672,0.6523263454437256,0.35
2174,False,exact,0.3,C) √(2020² - 4),D,0.4,1.0,0.25,3,12,3,3,0.29394328594207764,0.6230267882347107,0.35
2175,False,numeric_mismatch,0.0,6,14,0.5263157894736842,1.0,0.35714285714285715,5,14,5,5,0.3897474706172943,0.8875815868377686,0.35
2176,False,exact,1.0,90%,B,0.4444444444444445,1.0,0.2857142857142857,4,14,4,4,0.3349253237247467,0.8284598588943481,0.35
2177,False,placeholder,0.0,insufficient information,6,0.0,0.0,0.0,0,18,0,0,0.0,0.0,0.0
2178,True,numeric_exact,1.0,5,5,0.375,0.75,0.25,4,12,3,3,0.372396320104599,0.8758048415184021,0.35
2179,True,exact,0.7,C) 130 cm,C,0.631578947368421,0.8571428571428571,0.5,7,12,6,6,0.3587346374988556,0.6977723240852356,0.35
2180,False,exact,0.3,X = Y = Z,A,0.47058823529411764,1.0,0.3076923076923077,4,13,4,4,0.43825000524520874,0.8641700744628906,0.35
2181,True,numeric_rounded,0.85,13,15,0.11764705882352941,0.2,0.08333333333333333,5,12,1,1,0.10087211430072784,0.45264124870300293,0.35
2182,False,numeric_mismatch,0.0,There are 3 different ways to get from A to B.,16,0.4444444444444445,1.0,0.2857142857142857,4,14,4,4,0.3039212226867676,0.5963310599327087,0.35
2183,False,numeric_mismatch,0.0,4π,8,0.7368421052631579,1.0,0.5833333333333334,7,12,7,7,0.5068402290344238,0.8804733157157898,0.35
2184,False,numeric_mismatch,0.0,8,3,0.3157894736842105,1.0,0.1875,3,16,3,3,0.37687113881111145,0.6297618746757507,0.35
2185,True,numeric_exact,1.0,38,38,0.47058823529411764,1.0,0.3076923076923077,4,13,4,4,0.3493034541606903,0.6274734139442444,0.35
2186,False,numeric_mismatch,0.0,45,3025,0.5714285714285715,1.0,0.4,6,15,6,6,0.3452460467815399,0.6223036050796509,0.35
2187,False,choice,1.0,D,A,0.4210526315789473,0.8,0.2857142857142857,5,14,4,4,0.3386697769165039,0.732940673828125,0.35
2188,False,placeholder,0.0,insufficient information,D,0.0,0.0,0.0,0,14,0,0,0.0,0.0,0.0
2189,False,choice,1.0,D,E,0.5263157894736842,0.8333333333333334,0.38461538461538464,6,13,5,5,0.3380606174468994,0.7070137858390808,0.35
2190,True,choice,1.0,B,B,0.4,1.0,0.25,3,12,3,3,0.29896172881126404,0.688552975654602,0.35
2191,False,exact,0.3,E) α + β = 45°,B,0.4444444444444445,1.0,0.2857142857142857,4,14,4,4,0.3981282711029053,0.7295957207679749,0.35
2192,False,choice,1.0,D,A,0.4,1.0,0.25,3,12,3,3,0.23509788513183594,0.5727927684783936,0.35
2193,True,exact,0.7,"B) 1,2 and 9",B,0.5555555555555556,0.8333333333333334,0.4166666666666667,6,12,5,5,0.282412052154541,0.7157573699951172,0.35
2194,False,exact,0.3,D) 3:10,E,0.47058823529411764,1.0,0.3076923076923077,4,13,4,4,0.40872013568878174,0.8253518342971802,0.35
2195,True,numeric_exact,1.0,2,2,0.47058823529411764,1.0,0.3076923076923077,4,13,4,4,0.32911932468414307,0.5721219182014465,0.35
2196,True,exact,0.7,B) \(\frac{5 \pi R}{3}\),A,0.4210526315789474,1.0,0.26666666666666666,4,15,4,4,0.3885083496570587,0.699905514717102,0.35
2197,False,numeric_mismatch,0.0,4,5,0.5555555555555556,1.0,0.38461538461538464,5,13,5,5,0.4221341013908386,0.78086918592453,0.35
2198,True,exact,0.7,D) \(\frac{4}{3} \mathrm{~cm}^{2}\),A,0.5555555555555556,1.0,0.38461538461538464,5,13,5,5,0.3759613633155823,0.8456674814224243,0.35
2199,False,exact,0.3,At all of the points,C,0.4,0.6666666666666666,0.2857142857142857,6,14,4,4,0.29873645305633545,0.6269000172615051,0.35
2200,False,numeric_mismatch,0.0,6,1,0.4,1.0,0.25,3,12,3,3,0.2898980677127838,0.7559512257575989,0.35
2201,False,exact,1.0,BB,B,0.380952380952381,0.5,0.3076923076923077,8,13,4,4,0.2417660504579544,0.7000573873519897,0.35
2202,False,exact,0.3,18 cm,E,0.4,1.0,0.25,3,12,3,3,0.3647558391094208,0.7099718451499939,0.35
2203,True,numeric_rounded,0.9,6,5.5,0.4444444444444445,1.0,0.2857142857142857,4,14,4,4,0.32827839255332947,0.8064168691635132,0.35
2204,True,numeric_exact,1.0,1,1,0.631578947368421,1.0,0.46153846153846156,6,13,6,6,0.37979283928871155,0.8613097071647644,0.35
2205,False,exact,0.3,B) 2 km,D,0.47058823529411764,1.0,0.3076923076923077,4,13,4,4,0.3229200541973114,0.8968281745910645,0.35
2206,False,numeric_mismatch,0.0,36,81,0.2727272727272727,1.0,0.15789473684210525,3,19,3,3,0.32367241382598877,0.6700102090835571,0.35
2207,False,exact,1.0,135°,E,0.5882352941176471,1.0,0.4166666666666667,5,12,5,5,0.3921939730644226,0.7475352883338928,0.35
2208,False,exact,1.0,4039,D,0.4444444444444445,1.0,0.2857142857142857,4,14,4,4,0.3250744342803955,0.6945018172264099,0.35
2209,False,exact,0.3,20 cm,A,0.6363636363636364,1.0,0.4666666666666667,7,15,7,7,0.33232682943344116,0.7349565625190735,0.35
2210,True,exact,0.7,B) \(\frac{2}{9}\),A,0.782608695652174,1.0,0.6428571428571429,9,14,9,9,0.4188983142375946,0.8473542332649231,0.35
2211,False,exact,0.3,B) 36 cm²,E,0.4444444444444445,1.0,0.2857142857142857,4,14,4,4,0.3511001169681549,0.6690931916236877,0.35
2212,False,numeric_mismatch,0.0,60,120,0.4444444444444445,1.0,0.2857142857142857,4,14,4,4,0.3370933532714844,0.8629570007324219,0.35
2213,False,exact,0.3,16 m,C,0.5,1.0,0.3333333333333333,4,12,4,4,0.27507448196411133,0.7964051961898804,0.35
2214,False,numeric_mismatch,0.0,36,1536,0.38095238095238093,1.0,0.23529411764705882,4,17,4,4,0.35287874937057495,0.6341491937637329,0.35
2215,False,choice,1.0,C,B,0.380952380952381,0.5,0.3076923076923077,8,13,4,4,0.2644624412059784,0.6001914143562317,0.35
2216,False,exact,0.3,E) P = Q = R,B,0.47058823529411764,1.0,0.3076923076923077,4,13,4,4,0.35911452770233154,0.7597149014472961,0.35
2217,True,exact,0.7,B) 5 cm,B,0.7500000000000001,0.8181818181818182,0.6923076923076923,11,13,9,9,0.37029823660850525,0.741648256778717,0.35
2218,True,exact,0.7,30 cm²,C,0.6,1.0,0.42857142857142855,6,14,6,6,0.4276372790336609,0.9114772081375122,0.35
2219,True,exact,0.7,E) 24 cm,C,0.6363636363636364,0.875,0.5,8,14,7,7,0.3505764603614807,0.7507704496383667,0.35
2220,True,choice,1.0,D,D,0.5,1.0,0.3333333333333333,5,15,5,5,0.342246949672699,0.7118775248527527,0.35
2221,True,numeric_exact,1.0,1,1,0.5555555555555556,1.0,0.38461538461538464,5,13,5,5,0.41796359419822693,0.8309375047683716,0.35
2222,False,exact,0.3,B) 11°,A,0.5555555555555556,1.0,0.38461538461538464,5,13,5,5,0.2964334785938263,0.7524614930152893,0.35
2223,False,numeric_mismatch,0.0,3,6,0.5263157894736842,1.0,0.35714285714285715,5,14,5,5,0.320137619972229,0.5885010957717896,0.35
2224,False,numeric_mismatch,0.0,68,16,0.47058823529411764,1.0,0.3076923076923077,4,13,4,4,0.3072046935558319,0.5067977905273438,0.35
2225,True,exact,0.7,insufficient information,C,0.5263157894736842,1.0,0.35714285714285715,5,14,5,5,0.29154470562934875,0.6828943490982056,0.35
2226,False,placeholder,0.0,insufficient information,4045,0.0,0.0,0.0,0,15,0,0,0.0,0.0,0.0
2227,True,exact,0.7,E) \(\frac{\sqrt{3}}{3}\),E,0.35294117647058826,0.6,0.25,5,12,3,3,0.247673898935318,0.6503962278366089,0.35
2228,False,numeric_mismatch,0.0,1,5,0.6,1.0,0.42857142857142855,6,14,6,6,0.3634815812110901,0.7546411156654358,0.35
2229,False,numeric_mismatch,0.0,27,9,0.47058823529411764,1.0,0.3076923076923077,4,13,4,4,0.41600120067596436,0.8557842373847961,0.35
2230,False,numeric_mismatch,0.0,2,3,0.4444444444444445,1.0,0.2857142857142857,4,14,4,4,0.32714134454727173,0.6704090237617493,0.35
2231,False,numeric_mismatch,0.0,7,12,0.4444444444444445,1.0,0.2857142857142857,4,14,4,4,0.4194571077823639,0.7340050339698792,0.35
2232,True,exact,0.7,B) \(\frac{1}{4}\),B,0.4444444444444445,1.0,0.2857142857142857,4,14,4,4,0.4502427279949188,0.8311602473258972,0.35
2233,False,choice,1.0,D,C,0.3529411764705882,0.75,0.23076923076923078,4,13,3,3,0.15473666787147522,0.6573408246040344,0.35
2234,False,numeric_mismatch,0.0,16,6,0.33333333333333337,0.36363636363636365,0.3076923076923077,11,13,4,4,0.21691589057445526,0.6149906516075134,0.35
2235,False,numeric_mismatch,0.0,33,17,0.5263157894736842,1.0,0.35714285714285715,5,14,5,5,0.4721413850784302,0.7740408778190613,0.35
2236,True,exact,0.7,B) 2π,B,0.761904761904762,1.0,0.6153846153846154,8,13,8,8,0.41359269618988037,0.7366644144058228,0.35
2237,False,numeric_mismatch,0.0,There are 2 different ways for Maja to go from X to Y.,5,0.4444444444444444,0.8,0.3076923076923077,5,13,4,4,0.2598594129085541,0.6707750558853149,0.35
2238,True,exact,0.7,E) \(\frac{9}{8}\),A,0.33333333333333337,0.6,0.23076923076923078,5,13,3,3,0.25594401359558105,0.6847067475318909,0.35
2239,True,numeric_exact,1.0,3,3,0.47058823529411764,1.0,0.3076923076923077,4,13,4,4,0.37174808979034424,0.8336713314056396,0.35
2240,False,exact,0.3,A) \(\frac{1}{2}\),E,0.4444444444444445,1.0,0.2857142857142857,4,14,4,4,0.35191020369529724,0.7384966015815735,0.35
2241,False,numeric_mismatch,0.0,1024,20,0.125,0.25,0.08333333333333333,4,12,1,1,0.18087315559387207,0.5105017423629761,0.35
2242,True,numeric_rounded,0.85,45,40,0.7000000000000001,1.0,0.5384615384615384,7,13,7,7,0.47018229961395264,0.8568682670593262,0.35
2243,False,exact,0.3,E) 10 g,C,0.5454545454545454,1.0,0.375,6,16,6,6,0.5145184993743896,0.8289778232574463,0.35
2244,False,numeric_mismatch,0.0,35,17.5,0.631578947368421,1.0,0.46153846153846156,6,13,6,6,0.3918900191783905,0.6646029949188232,0.35
2245,False,choice,1.0,B,A,0.3157894736842105,1.0,0.1875,3,16,3,3,0.23943054676055908,0.6537840962409973,0.35
2246,False,exact,0.3,B) 2,C,0.5555555555555556,1.0,0.38461538461538464,5,13,5,5,0.3260688781738281,0.7957473397254944,0.35
2247,True,exact,0.7,E) 2 and 7,A,0.33333333333333337,1.0,0.2,3,15,3,3,0.3574724793434143,0.7440208792686462,0.35
2248,True,choice,1.0,D,D,0.5,1.0,0.3333333333333333,5,15,5,5,0.3563808798789978,0.6874709129333496,0.35
2249,False,placeholder,0.0,insufficient information,D,0.0,0.0,0.0,0,12,0,0,0.0,0.0,0.0
2250,False,exact,0.3,insufficient information,D,0.7000000000000001,1.0,0.5384615384615384,7,13,7,7,0.4329563081264496,0.7191178202629089,0.35
2251,True,exact,0.7,B) 96,B,0.4444444444444445,1.0,0.2857142857142857,4,14,4,4,0.2868685722351074,0.9083347320556641,0.35
2252,True,exact,0.7,B) \(\frac{55}{4} \text{ cm}^2\),B,0.5,1.0,0.3333333333333333,5,15,5,5,0.39833444356918335,0.7636474370956421,0.35
2253,True,exact,0.7,C) \(\frac{1}{4}\),C,0.42857142857142855,1.0,0.2727272727272727,3,11,3,3,0.47376593947410583,0.8527064323425293,0.35
2254,False,exact,0.3,B) \(\frac{3}{2}\),D,0.6,1.0,0.42857142857142855,6,14,6,6,0.43538326025009155,0.8860670328140259,0.35
2255,False,numeric_mismatch,0.0,6,4,0.4,1.0,0.25,3,12,3,3,0.3798080086708069,0.6782997846603394,0.35
2256,False,numeric_mismatch,0.0,7,337,0.33333333333333337,1.0,0.2,3,15,3,3,0.400275856256485,0.7869165539741516,0.35
2257,False,numeric_mismatch,0.0,187.5,500,0.4,1.0,0.25,3,12,3,3,0.39763107895851135,0.6303261518478394,0.35
2258,False,numeric_mismatch,0.0,There are 2 ways to place the remaining numbers.,24,0.23529411764705882,0.6666666666666666,0.14285714285714285,3,14,2,2,0.28750547766685486,0.6051498651504517,0.35
2259,False,exact,0.3,There are multiple ways to read the word BANANA in the table.,128,0.4210526315789473,0.8,0.2857142857142857,5,14,4,4,0.29476284980773926,0.6623213291168213,0.35
2260,False,numeric_mismatch,0.0,6,2,0.6666666666666666,1.0,0.5,6,12,6,6,0.3288509249687195,0.7671799659729004,0.35
2261,False,placeholder,0.0,insufficient information,B,0.0,0.0,0.0,0,14,0,0,0.0,0.0,0.0
2262,True,choice,1.0,C,C,0.4210526315789474,0.5714285714285714,0.3333333333333333,7,12,4,4,0.29237836599349976,0.6269990801811218,0.35
2263,False,numeric_mismatch,0.0,60,26,0.2857142857142857,1.0,0.16666666666666666,2,12,2,2,0.4126165807247162,0.7216916084289551,0.35
2264,False,choice,1.0,D,C,0.375,1.0,0.23076923076923078,3,13,3,3,0.3193715512752533,0.7142939567565918,0.35
2265,False,exact,0.3,insufficient information,5,0.4444444444444445,1.0,0.2857142857142857,4,14,4,4,0.4055647552013397,0.8501992225646973,0.35
2266,False,exact,1.0,"€10,000",E,0.5,1.0,0.3333333333333333,4,12,4,4,0.3898104131221771,0.8218492865562439,0.35
2267,False,choice,1.0,c,E,0.5,1.0,0.3333333333333333,4,12,4,4,0.29355955123901367,0.7172569632530212,0.35
2268,False,choice,1.0,E,A,0.35294117647058826,1.0,0.21428571428571427,3,14,3,3,0.3566789925098419,0.7976933717727661,0.35
2269,False,numeric_mismatch,0.0,29,36,0.5,1.0,0.3333333333333333,4,12,4,4,0.47681835293769836,0.7526861429214478,0.35
2270,True,exact,0.7,D) 9(π - 2),D,0.6666666666666666,0.7777777777777778,0.5833333333333334,9,12,7,7,0.3126039505004883,0.8091935515403748,0.35
2271,False,choice,1.0,C,A,0.35294117647058826,1.0,0.21428571428571427,3,14,3,3,0.2713421881198883,0.6035853028297424,0.35
2272,True,exact,0.7,B) \(\frac{1}{4}\),B,0.6086956521739131,1.0,0.4375,7,16,7,7,0.3267022967338562,0.7656170725822449,0.35
2273,False,numeric_mismatch,0.0,4,2,0.7777777777777778,1.0,0.6363636363636364,7,11,7,7,0.3948516845703125,0.6993147730827332,0.35
2274,True,exact,0.7,B) 45°,B,0.5,1.0,0.3333333333333333,4,12,4,4,0.40898022055625916,0.7785706520080566,0.35
2275,False,numeric_mismatch,0.0,6,18,0.5555555555555556,1.0,0.38461538461538464,5,13,5,5,0.38869038224220276,0.9202277064323425,0.35
2276,True,exact,0.7,B) 15°,B,0.5555555555555556,1.0,0.38461538461538464,5,13,5,5,0.3899628818035126,0.8023079633712769,0.35
2277,False,numeric_mismatch,0.0,89,42,0.11111111111111112,0.25,0.07142857142857142,4,14,1,1,0.11360061168670654,0.35129421949386597,0.35
2278,False,numeric_mismatch,0.0,4,2,0.6666666666666666,1.0,0.5,6,12,6,6,0.3903844356536865,0.8348990678787231,0.35
2279,True,exact,0.7,C) a right-angled triangle,A,0.4,1.0,0.25,3,12,3,3,0.37872862815856934,0.8317868709564209,0.35
2280,False,numeric_mismatch,0.0,0,42,0.8,0.9090909090909091,0.7142857142857143,11,14,10,10,0.36587750911712646,0.851062536239624,0.35
2281,True,numeric_exact,1.0,π - 2,2,0.6,0.8571428571428571,0.46153846153846156,7,13,6,6,0.34962043166160583,0.7561254501342773,0.35
2282,True,exact,0.7,On Friday at 11.11 am,A,0.7058823529411764,1.0,0.5454545454545454,6,11,6,6,0.4449576139450073,0.8157698512077332,0.35
2283,True,numeric_exact,1.0,36,36,0.8571428571428571,1.0,0.75,9,12,9,9,0.46099725365638733,0.9325411915779114,0.35
2284,True,exact,0.7,C) 4.0 cm,C,0.75,0.75,0.75,12,12,9,9,0.33091962337493896,0.8395946025848389,0.35
2285,False,exact,0.3,C) 81,A,0.375,0.75,0.25,4,12,3,3,0.21411938965320587,0.461469829082489,0.35
2286,False,numeric_mismatch,0.0,4,16,0.5333333333333333,1.0,0.36363636363636365,4,11,4,4,0.43752777576446533,0.8165770769119263,0.35
2287,False,exact,0.3,B) 11 cm,D,0.5555555555555556,1.0,0.38461538461538464,5,13,5,5,0.3075755834579468,0.7925670742988586,0.35
2288,False,exact,0.3,B) 48 cm,D,0.5882352941176471,1.0,0.4166666666666667,5,12,5,5,0.32895082235336304,0.775733470916748,0.35
2289,False,exact,0.3,A) $3 a b+a^{2}$,E,0.47058823529411764,1.0,0.3076923076923077,4,13,4,4,0.3176732659339905,0.6614130735397339,0.35
2290,False,choice,1.0,A,E,0.6666666666666666,0.6666666666666666,0.6666666666666666,6,6,4,4,0.3794724643230438,0.5962547659873962,0.35
2291,False,numeric_mismatch,0.0,x = 36 degrees,132,0.5882352941176471,1.0,0.4166666666666667,5,12,5,5,0.4383556544780731,0.6731458902359009,0.35
2292,False,placeholder,0.0,insufficient information,A,0.0,0.0,0.0,0,12,0,0,0.0,0.0,0.0
2293,True,exact,0.7,B) 12 cm²,B,0.5,1.0,0.3333333333333333,4,12,4,4,0.31029462814331055,0.6786009669303894,0.35
2294,False,exact,0.3,C) 360°,E,0.7368421052631579,1.0,0.5833333333333334,7,12,7,7,0.44486260414123535,0.858473539352417,0.35
2295,False,exact,0.3,"C) (10,11)",A,0.6666666666666666,0.7777777777777778,0.5833333333333334,9,12,7,7,0.27755218744277954,0.6952539086341858,0.35
2296,True,exact,0.7,E) √(a² + b²),A,0.5,1.0,0.3333333333333333,4,12,4,4,0.3750932216644287,0.8219094276428223,0.35
2297,False,choice,1.0,D,C,0.47058823529411764,1.0,0.3076923076923077,4,13,4,4,0.4684562683105469,0.7692134976387024,0.35
2298,False,exact,0.3,60 cm²,B,0.4,1.0,0.25,3,12,3,3,0.3696722388267517,0.6505526900291443,0.35
2299,True,exact,0.7,It's blue and round,E,0.5882352941176471,1.0,0.4166666666666667,5,12,5,5,0.38591668009757996,0.7946998476982117,0.35
2300,False,numeric_mismatch,0.0,32,18,0.47058823529411764,1.0,0.3076923076923077,4,13,4,4,0.4352000951766968,0.6657010316848755,0.35
2301,False,numeric_mismatch,0.0,"The number of shortest paths from P to Q, avoiding the obstacles, is 10.",12,0.5714285714285715,1.0,0.4,4,10,4,4,0.39981409907341003,0.7564585208892822,0.35
2302,False,placeholder,0.0,insufficient information,124,0.0,0.0,0.0,0,13,0,0,0.0,0.0,0.0
2303,False,numeric_mismatch,0.0,5,10,0.4210526315789474,1.0,0.26666666666666666,4,15,4,4,0.31700918078422546,0.8264314532279968,0.35
2304,True,exact,0.7,E) ANMAIKOLIRJ,E,0.5454545454545454,0.6,0.5,5,6,3,3,0.19574616849422455,0.6824929714202881,0.35
2305,False,exact,0.3,B) It will stop at P1.,E,0.7368421052631579,1.0,0.5833333333333334,7,12,7,7,0.3877887725830078,0.6584863066673279,0.35
2306,True,numeric_exact,1.0,3,3,0.375,1.0,0.23076923076923078,3,13,3,3,0.3330819010734558,0.6698089241981506,0.35
2307,True,numeric_rounded,0.9,90,100,0.5263157894736842,1.0,0.35714285714285715,5,14,5,5,0.44725319743156433,0.7752112746238708,0.35
2308,True,numeric_exact,1.0,96,96,0.5882352941176471,1.0,0.4166666666666667,5,12,5,5,0.47244787216186523,0.8962653279304504,0.35
2309,False,numeric_mismatch,0.0,30,42,0.375,1.0,0.23076923076923078,3,13,3,3,0.35426923632621765,0.7000680565834045,0.35
2310,False,placeholder,0.0,insufficient information,D,0.0,0.0,0.0,0,12,0,0,0.0,0.0,0.0
2311,True,exact,0.7,B) Q and S,A,0.5263157894736842,1.0,0.35714285714285715,5,14,5,5,0.3491460382938385,0.6631987690925598,0.35
2312,False,numeric_mismatch,0.0,4,2,0.4210526315789474,1.0,0.26666666666666666,4,15,4,4,0.45672932267189026,0.908440887928009,0.35
2313,False,numeric_mismatch,0.0,8,14,0.5,1.0,0.3333333333333333,4,12,4,4,0.31280413269996643,0.6919096112251282,0.35
2314,False,placeholder,0.0,insufficient information,D,0.0,0.0,0.0,0,13,0,0,0.0,0.0,0.0
2315,False,exact,0.3,D) 32 cm,B,0.5555555555555556,1.0,0.38461538461538464,5,13,5,5,0.43423569202423096,0.9152477979660034,0.35
2316,False,numeric_mismatch,0.0,9,4,0.5,1.0,0.3333333333333333,4,12,4,4,0.34246158599853516,0.6931057572364807,0.35
2317,False,exact,0.3,C) 54°,E,0.47058823529411764,1.0,0.3076923076923077,4,13,4,4,0.3253069519996643,0.6548224091529846,0.35
2318,False,numeric_mismatch,0.0,24,36,0.6,1.0,0.42857142857142855,6,14,6,6,0.48521891236305237,0.9263601899147034,0.35
2319,False,numeric_mismatch,0.0,36,108,0.5555555555555556,1.0,0.38461538461538464,5,13,5,5,0.3852629065513611,0.7880894541740417,0.35
2320,True,numeric_rounded,0.85,956,864,0.6363636363636364,0.875,0.5,8,14,7,7,0.3294849395751953,0.6974076628684998,0.35
2321,True,numeric_rounded,0.9,21,20,0.5,1.0,0.3333333333333333,4,12,4,4,0.48584505915641785,0.8493121862411499,0.35
2322,True,exact,0.7,B) 18 cm,B,0.7368421052631577,0.7777777777777778,0.7,9,10,7,7,0.4141758382320404,0.8767404556274414,0.35
2323,False,exact,0.3,B) 42°,C,0.3157894736842105,1.0,0.1875,3,16,3,3,0.3780668079853058,0.6030080318450928,0.35
2324,True,exact,0.7,"C) P, R, S and T",A,0.5882352941176471,0.8333333333333334,0.45454545454545453,6,11,5,5,0.3360820710659027,0.7910803556442261,0.35
2325,False,numeric_mismatch,0.0,1,3,0.3157894736842105,1.0,0.1875,3,16,3,3,0.39903149008750916,0.7334938645362854,0.35
2326,False,exact,0.3,E) π: 4,B,0.5555555555555556,1.0,0.38461538461538464,5,13,5,5,0.4135870933532715,0.751029372215271,0.35
2327,True,numeric_rounded,0.9,16,17,0.4,0.8,0.26666666666666666,5,15,4,4,0.32286104559898376,0.6824139952659607,0.35
2328,False,exact,0.3,"either R or S, but no others",D,0.5882352941176471,1.0,0.4166666666666667,5,12,5,5,0.3765641450881958,0.6611416339874268,0.35
2329,False,exact,0.3,B) 45°,E,0.7000000000000001,1.0,0.5384615384615384,7,13,7,7,0.3787250220775604,0.887132465839386,0.35
2330,False,numeric_mismatch,0.0,40,92,0.4,1.0,0.25,3,12,3,3,0.42271509766578674,0.7284491062164307,0.35
2331,False,numeric_mismatch,0.0,4,6,0.7000000000000001,1.0,0.5384615384615384,7,13,7,7,0.38997122645378113,0.8188773393630981,0.35
2332,False,exact,0.3,B) b,A,0.5882352941176471,1.0,0.4166666666666667,5,12,5,5,0.41044726967811584,0.8045390844345093,0.35
2333,False,placeholder,0.0,insufficient information,D,0.0,0.0,0.0,0,13,0,0,0.0,0.0,0.0
2334,False,exact,0.3,B) 3a + 8b,E,0.35294117647058826,1.0,0.21428571428571427,3,14,3,3,0.33579057455062866,0.6107556223869324,0.35
2335,True,numeric_exact,1.0,3,3,0.5,1.0,0.3333333333333333,4,12,4,4,0.4148481786251068,0.7041950225830078,0.35
2336,False,numeric_mismatch,0.0,2,6,0.631578947368421,1.0,0.46153846153846156,6,13,6,6,0.3608326017856598,0.8916399478912354,0.35
2337,True,exact,0.7,B) 55°,B,0.4,1.0,0.25,3,12,3,3,0.48675358295440674,0.7289578914642334,0.35
2338,False,choice,1.0,E,D,0.5333333333333333,1.0,0.36363636363636365,4,11,4,4,0.353078156709671,0.715950608253479,0.35
2339,False,numeric_mismatch,0.0,4,1,0.4444444444444445,1.0,0.2857142857142857,4,14,4,4,0.3601520359516144,0.6791413426399231,0.35
2340,True,exact,0.7,B) \(\frac{1}{4}\),B,0.7368421052631579,0.875,0.6363636363636364,8,11,7,7,0.37174293398857117,0.8505201935768127,0.35
2341,False,numeric_mismatch,0.0,6,5,0.47058823529411764,0.8,0.3333333333333333,5,12,4,4,0.3376012444496155,0.9138941764831543,0.35
2342,False,numeric_mismatch,0.0,6,16,0.4,1.0,0.25,3,12,3,3,0.3370864987373352,0.762675940990448,0.35
2343,False,numeric_mismatch,0.0,18,11,0.4,1.0,0.25,3,12,3,3,0.34923604130744934,0.6787207722663879,0.35
2344,True,numeric_exact,1.0,3,3,0.5,1.0,0.3333333333333333,4,12,4,4,0.3861677646636963,0.8455837965011597,0.35
2345,True,exact,0.7,D) 12 cm²,D,0.8695652173913043,0.9090909090909091,0.8333333333333334,11,12,10,10,0.4731561541557312,0.8553832173347473,0.35
2346,False,exact,0.3,impossible to determine,A,0.5263157894736842,1.0,0.35714285714285715,5,14,5,5,0.4176098108291626,0.8159475326538086,0.35
2347,False,exact,0.3,insufficient information,D,0.9230769230769231,0.9230769230769231,0.9230769230769231,13,13,12,12,0.34405404329299927,0.8385382890701294,0.35
2348,True,choice,1.0,D,D,0.5333333333333333,1.0,0.36363636363636365,4,11,4,4,0.3233727216720581,0.6265741586685181,0.35
2349,False,exact,0.3,11 cm²,D,0.5,1.0,0.3333333333333333,4,12,4,4,0.3446753919124603,0.6892902255058289,0.35
2350,False,numeric_mismatch,0.0,13,37,0.47058823529411764,1.0,0.3076923076923077,4,13,4,4,0.35760658979415894,0.7017687559127808,0.35
2351,False,exact,0.3,B) 800 m,C,0.5263157894736842,1.0,0.35714285714285715,5,14,5,5,0.3085871636867523,0.7845906019210815,0.35
2352,True,numeric_exact,1.0,4,4,0.4,1.0,0.25,3,12,3,3,0.3329746723175049,0.6229599118232727,0.35
2353,False,choice,1.0,B,D,0.35294117647058826,1.0,0.21428571428571427,3,14,3,3,0.33786892890930176,0.7214381098747253,0.35
2354,True,exact,0.7,C) 10 m²,C,0.7586206896551724,0.7857142857142857,0.7333333333333333,14,15,11,11,0.312038779258728,0.7842825055122375,0.35
2355,False,numeric_mismatch,0.0,100,60,0.5882352941176471,1.0,0.4166666666666667,5,12,5,5,0.47981855273246765,0.7749968767166138,0.35
2356,False,numeric_mismatch,0.0,22°,51,0.21052631578947364,0.4,0.14285714285714285,5,14,2,2,0.19419418275356293,0.38688796758651733,0.35
2357,True,exact,0.7,D) 1.5 cm,D,0.782608695652174,1.0,0.6428571428571429,9,14,9,9,0.46408137679100037,0.9582330584526062,0.35
2358,False,exact,0.3,A) 1 and 7,B,0.7142857142857143,0.8333333333333334,0.625,6,8,5,5,0.36968469619750977,0.8342718482017517,0.35
2359,True,exact,0.7,D) 3:16,D,0.7000000000000001,1.0,0.5384615384615384,7,13,7,7,0.33137047290802,0.8802896738052368,0.35
2360,True,exact,0.7,11 cm,C,0.5882352941176471,1.0,0.4166666666666667,5,12,5,5,0.4965382516384125,0.8686758875846863,0.35
2361,False,numeric_mismatch,0.0,1,16,0.47619047619047616,0.8333333333333334,0.3333333333333333,6,15,5,5,0.3778928220272064,0.8025951385498047,0.35
2362,False,numeric_mismatch,0.0,13,4,0.4444444444444445,1.0,0.2857142857142857,4,14,4,4,0.4058985710144043,0.7322214841842651,0.35
2363,True,numeric_exact,1.0,There are 8 possible positions for the $3 	imes 1$ ship.,8,0.4,1.0,0.25,3,12,3,3,0.3043915927410126,0.6534671187400818,0.35
2364,False,exact,0.3,B) 105°,E,0.375,1.0,0.23076923076923078,3,13,3,3,0.3349032998085022,0.5877627730369568,0.35
2365,False,choice,1.0,Q,A,0.375,1.0,0.23076923076923078,3,13,3,3,0.2957512140274048,0.8405864834785461,0.35
2366,True,numeric_rounded,0.9,30,32,0.6363636363636364,1.0,0.4666666666666667,7,15,7,7,0.5386514663696289,0.8867394328117371,0.35
2367,False,choice,1.0,D,C,0.5714285714285715,1.0,0.4,4,10,4,4,0.3002172112464905,0.7148723006248474,0.35
2368,True,exact,0.7,B) 84 cm²,B,0.375,1.0,0.23076923076923078,3,13,3,3,0.3100782334804535,0.6023452877998352,0.35
2369,False,choice,1.0,B,C,0.47058823529411764,0.8,0.3333333333333333,5,12,4,4,0.27474039793014526,0.5764232873916626,0.35
2370,False,numeric_mismatch,0.0,1,9,0.5,1.0,0.3333333333333333,4,12,4,4,0.44773364067077637,0.8098664879798889,0.35
2371,False,numeric_mismatch,0.0,11,5,0.7000000000000001,0.875,0.5833333333333334,8,12,7,7,0.3265478312969208,0.8120828866958618,0.35
2372,True,numeric_exact,1.0,5,5,0.47058823529411764,1.0,0.3076923076923077,4,13,4,4,0.36095157265663147,0.7974599003791809,0.35
2373,False,numeric_mismatch,0.0,16,6,0.4210526315789474,1.0,0.26666666666666666,4,15,4,4,0.33774805068969727,0.6420031785964966,0.35
2374,True,numeric_exact,1.0,20,20,0.6666666666666666,1.0,0.5,6,12,6,6,0.44131696224212646,0.9052854180335999,0.35
2375,False,exact,0.3,C) \(\frac{35}{8} \text{ cm}^2\),B,0.8181818181818181,1.0,0.6923076923076923,9,13,9,9,0.43584561347961426,0.7885043025016785,0.35
2376,True,exact,0.7,It will never happen,E,0.3846153846153846,0.35714285714285715,0.4166666666666667,14,12,5,5,0.302003413438797,0.8299556970596313,0.35
2377,False,numeric_mismatch,0.0,115.2,32,0.5,1.0,0.3333333333333333,4,12,4,4,0.4228939116001129,0.9172089695930481,0.35
2378,False,placeholder,0.0,insufficient information,C,0.0,0.0,0.0,0,13,0,0,0.0,0.0,0.0
2379,False,numeric_mismatch,0.0,15,27,0.9600000000000001,1.0,0.9230769230769231,12,13,12,12,0.42948296666145325,0.9258706569671631,0.35
2380,False,numeric_mismatch,0.0,10,5,0.5882352941176471,1.0,0.4166666666666667,5,12,5,5,0.3659134805202484,0.8685765266418457,0.35
2381,True,numeric_rounded,0.85,50,45,0.5714285714285715,1.0,0.4,4,10,4,4,0.44102221727371216,0.8064239025115967,0.35
2382,True,exact,0.7,insufficient information,E,0.5454545454545454,0.75,0.42857142857142855,8,14,6,6,0.2764120101928711,0.619144082069397,0.35
2383,True,exact,0.7,B) 40 cm,B,0.5882352941176471,1.0,0.4166666666666667,5,12,5,5,0.42730042338371277,0.8024865984916687,0.35
2384,True,exact,0.7,B) \(\frac{7}{8} \mathrm{~cm}^{2}\),C,0.4444444444444445,1.0,0.2857142857142857,4,14,4,4,0.3769676387310028,0.8038570284843445,0.35
2385,False,exact,0.3,B) 39,E,0.6363636363636364,1.0,0.4666666666666667,7,15,7,7,0.39963454008102417,0.919275164604187,0.35
2386,False,numeric_mismatch,0.0,4/3,8,0.7272727272727274,0.8888888888888888,0.6153846153846154,9,13,8,8,0.39498522877693176,0.8437669277191162,0.35
2387,False,exact,0.3,either blue or red,A,0.5454545454545454,1.0,0.375,3,8,3,3,0.36112701892852783,0.7629364728927612,0.35
2388,False,numeric_mismatch,0.0,-2,6,0.4444444444444445,1.0,0.2857142857142857,4,14,4,4,0.3807641565799713,0.6607328653335571,0.35
2389,False,exact,0.3,C) c,D,0.6666666666666666,1.0,0.5,7,14,7,7,0.42610859870910645,0.7357503771781921,0.35
2390,False,numeric_mismatch,0.0,7,4,0.6666666666666666,1.0,0.5,7,14,7,7,0.29901787638664246,0.7195661664009094,0.35
2391,False,exact,0.3,B) 180°,C,0.5333333333333333,1.0,0.36363636363636365,4,11,4,4,0.506422221660614,0.8061212301254272,0.35
2392,False,choice,1.0,C,B,0.375,0.75,0.25,4,12,3,3,0.34752127528190613,0.7091274261474609,0.35
2393,False,numeric_mismatch,0.0,121.46,100,0.6363636363636364,0.875,0.5,8,14,7,7,0.31537866592407227,0.740117609500885,0.35
2394,True,numeric_exact,1.0,6,6,0.5714285714285714,0.8,0.4444444444444444,5,9,4,4,0.35486823320388794,0.891599714756012,0.35
2395,False,exact,0.3,60 cm,A,0.5454545454545454,1.0,0.375,6,16,6,6,0.45684197545051575,0.9296539425849915,0.35
2396,False,exact,0.3,54 cm,D,0.5882352941176471,1.0,0.4166666666666667,5,12,5,5,0.2854466140270233,0.7704735994338989,0.35
2397,False,numeric_mismatch,0.0,37,105,0.5555555555555556,1.0,0.38461538461538464,5,13,5,5,0.4090597927570343,0.8078287839889526,0.35
2398,False,exact,0.3,12 cm,D,0.631578947368421,1.0,0.46153846153846156,6,13,6,6,0.35715967416763306,0.9524790048599243,0.35
2399,False,numeric_mismatch,0.0,34,17,0.4,1.0,0.25,4,16,4,4,0.37528789043426514,0.8173917531967163,0.35
2400,True,exact,0.7,A) A,A,0.25,0.5,0.16666666666666666,4,12,2,2,0.24546189606189728,0.6225028038024902,0.35
2401,False,numeric_mismatch,0.0,68,118,0.5,1.0,0.3333333333333333,5,15,5,5,0.4654907286167145,0.8219018578529358,0.35
2402,False,choice,1.0,D,A,0.4,1.0,0.25,3,12,3,3,0.3442649245262146,0.6283266544342041,0.35
2403,False,exact,0.3,B) 16 m,E,0.4,1.0,0.25,3,12,3,3,0.2885301113128662,0.6575365662574768,0.35
2404,False,exact,0.3,13 cm²,B,0.47058823529411764,0.8,0.3333333333333333,5,12,4,4,0.2643817365169525,0.7553675174713135,0.35
2405,False,exact,1.0,\(\frac{5}{12}\),E,0.6666666666666666,0.6363636363636364,0.7,11,10,7,7,0.3086726665496826,0.8118171095848083,0.35
2406,False,numeric_mismatch,0.0,18,63,0.5714285714285715,1.0,0.4,6,15,6,6,0.44355490803718567,0.9023308753967285,0.35
2407,False,exact,0.3,6.4 cm²,B,0.7368421052631579,1.0,0.5833333333333334,7,12,7,7,0.41799572110176086,0.8459621667861938,0.35
2408,False,numeric_mismatch,0.0,15,22,0.3157894736842105,0.42857142857142855,0.25,7,12,3,3,0.2804681658744812,0.7403586506843567,0.35
2409,False,numeric_mismatch,0.0,5,18,0.5555555555555556,1.0,0.38461538461538464,5,13,5,5,0.33329981565475464,0.81228107213974,0.35
2410,False,numeric_mismatch,0.0,50%,32,0.5,1.0,0.3333333333333333,4,12,4,4,0.2945975065231323,0.6275955438613892,0.35
2411,False,numeric_mismatch,0.0,98,39,0.631578947368421,0.8571428571428571,0.5,7,12,6,6,0.3966730237007141,0.8130699396133423,0.35
2412,False,numeric_mismatch,0.0,8,12,0.47619047619047616,1.0,0.3125,5,16,5,5,0.43184414505958557,0.7477749586105347,0.35
2413,False,exact,0.3,B) \(\frac{1}{8} S\),D,0.761904761904762,1.0,0.6153846153846154,8,13,8,8,0.36262595653533936,0.8361944556236267,0.35
2414,False,choice,1.0,C,B,0.25,0.6666666666666666,0.15384615384615385,3,13,2,2,0.33834731578826904,0.5789676308631897,0.35
2415,True,exact,0.7,C) 76 cm,C,0.5882352941176471,1.0,0.4166666666666667,5,12,5,5,0.29421672224998474,0.615166187286377,0.35
2416,False,exact,0.3,B) 2.5 cm,E,0.4444444444444445,1.0,0.2857142857142857,4,14,4,4,0.3725128173828125,0.6566263437271118,0.35
2417,False,exact,0.3,C) 1.5 cm,D,0.761904761904762,0.8888888888888888,0.6666666666666666,9,12,8,8,0.35809898376464844,0.733350932598114,0.35
2418,False,numeric_mismatch,0.0,7,6,0.5,1.0,0.3333333333333333,4,12,4,4,0.39210638403892517,0.7852217555046082,0.35
2419,False,exact,1.0,17°,A,0.5882352941176471,1.0,0.4166666666666667,5,12,5,5,0.3354977071285248,0.6409682035446167,0.35
2420,False,numeric_mismatch,0.0,219,17,0.9565217391304348,1.0,0.9166666666666666,11,12,11,11,0.3747917413711548,0.8296327590942383,0.35
2421,False,numeric_mismatch,0.0,Volume = 1820 cm³,80,0.25,0.6666666666666666,0.15384615384615385,3,13,2,2,0.1892351657152176,0.45387765765190125,0.35
2422,False,exact,0.3,25 m,B,0.6363636363636364,1.0,0.4666666666666667,7,15,7,7,0.40174993872642517,0.8888495564460754,0.35
2423,False,exact,0.3,insufficient information,D,0.7692307692307692,0.7142857142857143,0.8333333333333334,14,12,10,10,0.36401042342185974,0.8370068669319153,0.35
2424,True,numeric_exact,1.0,3,3,0.5,1.0,0.3333333333333333,4,12,4,4,0.40405309200286865,0.8483033180236816,0.35
2425,False,numeric_mismatch,0.0,13,7,0.4,1.0,0.25,3,12,3,3,0.31911489367485046,0.6185342073440552,0.35
2426,False,exact,1.0,40°,A,0.6666666666666666,1.0,0.5,7,14,7,7,0.33939802646636963,0.7541285157203674,0.35
2427,False,choice,1.0,A,D,0.42857142857142855,0.5,0.375,6,8,3,3,0.2618695795536041,0.47651925683021545,0.35
2428,True,exact,0.7,D) \(\frac{4}{9}\),D,0.5,1.0,0.3333333333333333,4,12,4,4,0.30302178859710693,0.6752392053604126,0.35
2429,True,exact,0.7,"D) 4, 5 and 6",A,0.6153846153846154,0.8,0.5,5,8,4,4,0.3445498049259186,0.8874727487564087,0.35
2430,False,exact,0.3,C) 65°,B,0.5882352941176471,1.0,0.4166666666666667,5,12,5,5,0.49442875385284424,0.8988790512084961,0.35
2431,True,choice,1.0,E,E,0.5714285714285715,0.5,0.6666666666666666,8,6,4,4,0.3287847936153412,0.5846149921417236,0.35
2432,False,numeric_mismatch,0.0,4,5,0.625,1.0,0.45454545454545453,5,11,5,5,0.38378337025642395,0.725629985332489,0.35
2433,False,exact,0.3,C) 14 cm²,B,0.5,1.0,0.3333333333333333,3,9,3,3,0.3961813747882843,0.8342313766479492,0.35
2434,False,numeric_mismatch,0.0,3,5,0.7692307692307693,1.0,0.625,10,16,10,10,0.3787076473236084,0.7811264991760254,0.35
2435,False,numeric_mismatch,0.0,39,32,0.5,1.0,0.3333333333333333,4,12,4,4,0.36553502082824707,0.7771468162536621,0.35
2436,True,exact,0.7,C) 2 and 7,A,0.5333333333333333,0.5714285714285714,0.5,7,8,4,4,0.32403019070625305,0.6442800760269165,0.35
2437,False,exact,0.3,B) \(\frac{5}{8}\),E,0.5,1.0,0.3333333333333333,4,12,4,4,0.325205534696579,0.7277072072029114,0.35
2438,False,exact,0.3,B) \(\frac{3}{8}\),E,0.5882352941176471,1.0,0.4166666666666667,5,12,5,5,0.38615310192108154,0.8980759382247925,0.35
2439,False,numeric_mismatch,0.0,6,18,0.5555555555555556,1.0,0.38461538461538464,5,13,5,5,0.5758582353591919,0.8430913090705872,0.35
2440,False,numeric_mismatch,0.0,29,43,0.6666666666666666,1.0,0.5,6,12,6,6,0.4776548743247986,0.8243908286094666,0.35
2441,False,exact,0.3,B) 3 km,A,0.25,0.5,0.16666666666666666,4,12,2,2,0.1682136207818985,0.4536078870296478,0.35
2442,False,numeric_mismatch,0.0,32,24,0.3636363636363637,0.4444444444444444,0.3076923076923077,9,13,4,4,0.20536105334758759,0.645283579826355,0.35
2443,False,exact,0.3,B) 4 cm²,A,0.5555555555555556,1.0,0.38461538461538464,5,13,5,5,0.3897474408149719,0.885858952999115,0.35
2444,True,exact,0.7,"E) 3, 4, 2, 1, 5",E,0.7368421052631579,1.0,0.5833333333333334,7,12,7,7,0.451068252325058,0.7817316651344299,0.35
2445,False,exact,0.3,B) 120°,A,0.5555555555555556,1.0,0.38461538461538464,5,13,5,5,0.40224581956863403,0.7357689738273621,0.35
2446,False,numeric_mismatch,0.0,3,1,0.7692307692307693,1.0,0.625,10,16,10,10,0.3425905704498291,0.658776581287384,0.35
2447,False,placeholder,0.0,insufficient information,96,0.0,0.0,0.0,0,15,0,0,0.0,0.0,0.0
2448,False,numeric_mismatch,0.0,9,3,0.6250000000000001,0.5555555555555556,0.7142857142857143,9,7,5,5,0.3222601115703583,0.6030857563018799,0.35
2449,False,numeric_mismatch,0.0,2019,-100,0.4,0.6666666666666666,0.2857142857142857,3,7,2,2,0.2556605935096741,0.5381408333778381,0.35
2450,False,numeric_mismatch,0.0,1111(D+C) + 11(A+B),13837,0.5882352941176471,1.0,0.4166666666666667,5,12,5,5,0.3657735586166382,0.589788019657135,0.35
2451,True,exact,0.7,D) \(\frac{11}{2} \mathrm{~cm}^{2}\),C,0.5882352941176471,1.0,0.4166666666666667,5,12,5,5,0.5495875477790833,0.8349307179450989,0.35
2452,False,numeric_mismatch,0.0,15,2.5,0.5555555555555556,0.8333333333333334,0.4166666666666667,6,12,5,5,0.4092594087123871,0.8985415101051331,0.35
2453,False,numeric_mismatch,0.0,5,6,0.9411764705882353,1.0,0.8888888888888888,8,9,8,8,0.3426324427127838,0.7863168120384216,0.35
2454,False,exact,0.3,B) 2 km,C,0.6363636363636364,0.7777777777777778,0.5384615384615384,9,13,7,7,0.33262330293655396,0.722215473651886,0.35
2455,False,exact,0.3,B) B,D,0.5714285714285715,1.0,0.4,4,10,4,4,0.38099557161331177,0.6326643824577332,0.35
2456,False,numeric_mismatch,0.0,72,20,0.5882352941176471,1.0,0.4166666666666667,5,12,5,5,0.5362504720687866,0.791290819644928,0.35
2457,False,numeric_mismatch,0.0,14,10,0.375,0.75,0.25,4,12,3,3,0.24879609048366547,0.7902205586433411,0.35
2458,False,exact,0.3,insufficient information,1,0.7368421052631579,1.0,0.5833333333333334,7,12,7,7,0.5089813470840454,0.8162808418273926,0.35
2459,False,exact,0.3,B) 83,C,0.631578947368421,1.0,0.46153846153846156,6,13,6,6,0.29113462567329407,0.6685869693756104,0.35
2460,False,exact,0.3,D) D,B,0.5714285714285714,0.8,0.4444444444444444,5,9,4,4,0.3571010231971741,0.714378833770752,0.35
2461,True,numeric_rounded,0.9,56,58,0.5333333333333333,1.0,0.36363636363636365,4,11,4,4,0.425802618265152,0.829558253288269,0.35
2462,False,numeric_mismatch,0.0,16,48,0.7272727272727273,1.0,0.5714285714285714,4,7,4,4,0.4309176504611969,0.820165753364563,0.35
2463,False,numeric_mismatch,0.0,Sum of the numbers in the three circles at the bottom is 270.,17,0.6666666666666666,0.8,0.5714285714285714,5,7,4,4,0.34989967942237854,0.7759254574775696,0.35
2464,False,exact,1.0,25%,B,0.5,1.0,0.3333333333333333,4,12,4,4,0.4249012768268585,0.8107989430427551,0.35
2465,False,numeric_mismatch,0.0,9,1,0.6666666666666666,1.0,0.5,6,12,6,6,0.363937646150589,0.6466885805130005,0.35
2466,False,exact,0.3,A) 3: 2,D,0.4285714285714285,0.75,0.3,4,10,3,3,0.30177727341651917,0.7006329894065857,0.35
2467,False,numeric_mismatch,0.0,135,54,0.33333333333333337,1.0,0.2,3,15,3,3,0.3616766631603241,0.7634761333465576,0.35
2468,False,numeric_mismatch,0.0,10,6,0.4,1.0,0.25,4,16,4,4,0.45759427547454834,0.7419432401657104,0.35
2469,False,placeholder,0.0,insufficient information,36,0.0,0.0,0.0,0,14,0,0,0.0,0.0,0.0
2470,False,choice,1.0,D,A,0.5,0.625,0.4166666666666667,8,12,5,5,0.2285650223493576,0.7016387581825256,0.35
2471,False,numeric_mismatch,0.0,4,12,0.47058823529411764,1.0,0.3076923076923077,4,13,4,4,0.44130977988243103,0.820023775100708,0.35
2472,False,exact,0.3,E) $5: 8: 9$,C,0.5,1.0,0.3333333333333333,4,12,4,4,0.2910083532333374,0.8130862712860107,0.35
2473,False,numeric_mismatch,0.0,5,7,0.6666666666666666,0.7777777777777778,0.5833333333333334,9,12,7,7,0.3519361913204193,0.5644326210021973,0.35
2474,True,numeric_exact,1.0,6,6,0.5,1.0,0.3333333333333333,4,12,4,4,0.4768562316894531,0.8053797483444214,0.35
2475,False,exact,0.3,C) 65°,D,0.6666666666666666,1.0,0.5,5,10,5,5,0.4557541310787201,0.8452527523040771,0.35
2476,False,numeric_mismatch,0.0,30,40,0.6666666666666666,1.0,0.5,6,12,6,6,0.3357132375240326,0.8039019107818604,0.35
2477,False,numeric_mismatch,0.0,75,150,0.7368421052631579,1.0,0.5833333333333334,7,12,7,7,0.5268641710281372,0.9081546664237976,0.35
2478,False,numeric_mismatch,0.0,24,16,0.6,0.8571428571428571,0.46153846153846156,7,13,6,6,0.3886762261390686,0.6796595454216003,0.35
2479,False,numeric_mismatch,0.0,3,11,0.5,1.0,0.3333333333333333,4,12,4,4,0.39835262298583984,0.77730792760849,0.35
2480,False,numeric_mismatch,0.0,17,6,0.4444444444444445,1.0,0.2857142857142857,4,14,4,4,0.3954769968986511,0.783029317855835,0.35
2481,False,exact,0.3,54 cm,E,0.6153846153846153,1.0,0.4444444444444444,4,9,4,4,0.33058708906173706,0.8108187317848206,0.35
2482,False,choice,1.0,B,C,0.4,0.6666666666666666,0.2857142857142857,3,7,2,2,0.4315294027328491,0.7291417121887207,0.35
2483,False,numeric_mismatch,0.0,55,82,0.5555555555555556,0.8333333333333334,0.4166666666666667,6,12,5,5,0.35129478573799133,0.8304703235626221,0.35
2484,False,numeric_mismatch,0.0,36,70,0.25,0.6666666666666666,0.15384615384615385,3,13,2,2,0.31705641746520996,0.7169632911682129,0.35
2485,True,exact,0.7,B) 90 cm²,B,0.28571428571428575,0.5,0.2,4,10,2,2,0.22151093184947968,0.6837770342826843,0.35
2486,False,numeric_mismatch,0.0,4,6,0.6,0.75,0.5,4,6,3,3,0.3570474684238434,0.7157096266746521,0.35
2487,False,exact,0.3,C) 2: 5,D,0.5714285714285715,1.0,0.4,4,10,4,4,0.4720168709754944,0.7509434819221497,0.35
2488,False,placeholder,0.0,insufficient information,C,0.0,0.0,0.0,0,11,0,0,0.0,0.0,0.0
2489,False,numeric_mismatch,0.0,60,421,0.39999999999999997,0.75,0.2727272727272727,4,11,3,3,0.3031661808490753,0.7937497496604919,0.35
2490,False,numeric_mismatch,0.0,V = 81,540,0.6666666666666666,1.0,0.5,6,12,6,6,0.38556399941444397,0.8033193349838257,0.35
2491,False,exact,0.3,B) 8 litres,A,0.5263157894736842,0.7142857142857143,0.4166666666666667,7,12,5,5,0.3559018671512604,0.8584664463996887,0.35
2492,False,choice,1.0,A,C,0.6666666666666667,0.5555555555555556,0.8333333333333334,9,6,5,5,0.3667911887168884,0.8071002960205078,0.35
2493,True,exact,0.7,Six-pointed star,E,0.5882352941176471,1.0,0.4166666666666667,5,12,5,5,0.4052930772304535,0.8033270239830017,0.35
2494,False,exact,0.3,B) 80 cm,D,0.761904761904762,1.0,0.6153846153846154,8,13,8,8,0.39592796564102173,0.7581169605255127,0.35
2495,False,placeholder,0.0,insufficient information,C,0.0,0.0,0.0,0,12,0,0,0.0,0.0,0.0
2496,True,exact,0.7,C) 20 cm,C,0.7499999999999999,1.0,0.6,6,10,6,6,0.39091843366622925,0.7938488125801086,0.35
2497,True,numeric_exact,1.0,6,6,0.47058823529411764,0.8,0.3333333333333333,5,12,4,4,0.3544468283653259,0.6835744976997375,0.35
2498,False,exact,0.3,B) 200 cm²,A,0.5882352941176471,1.0,0.4166666666666667,5,12,5,5,0.39969488978385925,0.8211683630943298,0.35
2499,True,exact,0.7,D) 45 cm²,D,0.35294117647058826,0.6,0.25,5,12,3,3,0.24163073301315308,0.7643792033195496,0.35
2500,False,numeric_mismatch,0.0,The value of $a + b + c$ is less than 10.,16,0.5714285714285715,1.0,0.4,4,10,4,4,0.2941665053367615,0.6580022573471069,0.35
2501,False,numeric_mismatch,0.0,7,4,0.7058823529411764,1.0,0.5454545454545454,6,11,6,6,0.46280571818351746,0.7925521731376648,0.35
2502,False,numeric_mismatch,0.0,6,4,0.5882352941176471,1.0,0.4166666666666667,5,12,5,5,0.21259720623493195,0.5484623908996582,0.35
2503,True,choice,1.0,D,D,0.5,1.0,0.3333333333333333,3,9,3,3,0.4709806740283966,0.7181118726730347,0.35
2504,True,exact,0.7,It depends upon the sizes of the rectangles,A,0.5,1.0,0.3333333333333333,4,12,4,4,0.43777230381965637,0.9358543753623962,0.35
2505,False,numeric_mismatch,0.0,3,5,0.5714285714285715,1.0,0.4,4,10,4,4,0.33282533288002014,0.7907452583312988,0.35
2506,True,exact,0.7,B) $60 	ext{ cm}^2$,E,0.7142857142857143,1.0,0.5555555555555556,5,9,5,5,0.3775871992111206,0.7111029028892517,0.35
2507,False,exact,0.3,66 cm,D,0.5882352941176471,1.0,0.4166666666666667,5,12,5,5,0.4125017821788788,0.7475276589393616,0.35
2508,False,exact,0.3,50 cm,B,0.7499999999999999,1.0,0.6,6,10,6,6,0.3786669969558716,0.8778453469276428,0.35
2509,False,exact,0.3,B) 8.5 cm,E,0.6153846153846153,1.0,0.4444444444444444,4,9,4,4,0.3852069079875946,0.7345890998840332,0.35
2510,False,placeholder,0.0,insufficient information,A,0.0,0.0,0.0,0,11,0,0,0.0,0.0,0.0
2511,False,numeric_mismatch,0.0,4,5,0.5882352941176471,1.0,0.4166666666666667,5,12,5,5,0.4555397033691406,0.7813670039176941,0.35
2512,False,exact,0.3,C) 6b - 3a,E,0.6666666666666666,1.0,0.5,6,12,6,6,0.47998079657554626,0.7767265439033508,0.35
2513,False,numeric_mismatch,0.0,3,2,0.5,0.75,0.375,4,8,3,3,0.28118473291397095,0.5813820362091064,0.35
2514,False,choice,1.0,B,E,0.375,0.75,0.25,4,12,3,3,0.2893304228782654,0.6981801390647888,0.35
2515,False,placeholder,0.0,insufficient information,A,0.0,0.0,0.0,0,12,0,0,0.0,0.0,0.0
2516,False,numeric_mismatch,0.0,2,3,0.5,1.0,0.3333333333333333,4,12,4,4,0.42271140217781067,0.9059392809867859,0.35
2517,False,numeric_mismatch,0.0,6,9,0.6956521739130436,1.0,0.5333333333333333,8,15,8,8,0.38493144512176514,0.8784889578819275,0.35
2518,False,choice,1.0,R,B,0.4,1.0,0.25,3,12,3,3,0.40204766392707825,0.8046312928199768,0.35
2519,False,numeric_mismatch,0.0,16,20,0.5555555555555556,1.0,0.38461538461538464,5,13,5,5,0.3844904899597168,0.8080419301986694,0.35
2520,True,exact,0.7,B) 3: 2,B,0.47058823529411764,1.0,0.3076923076923077,4,13,4,4,0.5044596195220947,0.8318188786506653,0.35
2521,True,exact,0.7,B) \(\frac{1}{5}\),C,0.4615384615384615,1.0,0.3,3,10,3,3,0.40292301774024963,0.7969992160797119,0.35
2522,False,numeric_mismatch,0.0,38,80,0.4444444444444445,1.0,0.2857142857142857,4,14,4,4,0.43669643998146057,0.6854831576347351,0.35
2523,False,exact,0.3,D) 7 km,B,0.631578947368421,0.8571428571428571,0.5,7,12,6,6,0.41726815700531006,0.7897766828536987,0.35
2524,False,numeric_mismatch,0.0,9,11,0.5217391304347826,0.5454545454545454,0.5,11,12,6,6,0.2634088695049286,0.82021564245224,0.35
2525,True,exact,0.7,400 cm,C,0.5,0.75,0.375,4,8,3,3,0.3232182264328003,0.6339061260223389,0.35
2526,False,placeholder,0.0,insufficient information,E,0.0,0.0,0.0,0,9,0,0,0.0,0.0,0.0
2527,True,exact,0.7,B) 48 cm²,B,0.5882352941176471,1.0,0.4166666666666667,5,12,5,5,0.42483440041542053,0.6982412338256836,0.35
2528,True,numeric_exact,1.0,5,5,0.4,1.0,0.25,3,12,3,3,0.270329087972641,0.4888613522052765,0.35
2529,True,exact,0.7,B) 5 cm,C,0.7777777777777778,1.0,0.6363636363636364,7,11,7,7,0.44542935490608215,0.7840908169746399,0.35
2530,False,exact,0.3,D) 27°,A,0.5555555555555556,1.0,0.38461538461538464,5,13,5,5,0.37862151861190796,0.6795898675918579,0.35
2531,False,numeric_mismatch,0.0,10,23,0.6,1.0,0.42857142857142855,6,14,6,6,0.3831915259361267,0.6017335653305054,0.35
2532,False,placeholder,0.0,insufficient information,C,0.0,0.0,0.0,0,12,0,0,0.0,0.0,0.0
2533,False,numeric_mismatch,0.0,10,20,0.5882352941176471,1.0,0.4166666666666667,5,12,5,5,0.41090628504753113,0.9100611209869385,0.35
2534,False,numeric_mismatch,0.0,42,21,0.6153846153846154,0.8,0.5,5,8,4,4,0.37214335799217224,0.8112909197807312,0.35
2535,False,exact,1.0,Yellow,A,0.375,0.75,0.25,4,12,3,3,0.2889820635318756,0.5591925978660583,0.35
2536,False,numeric_mismatch,0.0,296,222,0.6666666666666666,1.0,0.5,5,10,5,5,0.4256861209869385,0.7733582854270935,0.35
2537,False,choice,1.0,B,D,0.5882352941176471,1.0,0.4166666666666667,5,12,5,5,0.32042455673217773,0.7652559876441956,0.35
2538,False,numeric_mismatch,0.0,1680,56,0.75,0.8571428571428571,0.6666666666666666,7,9,6,6,0.37531787157058716,0.779116153717041,0.35
2539,False,numeric_mismatch,0.0,30,60,0.38095238095238093,1.0,0.23529411764705882,4,17,4,4,0.3858954906463623,0.9571484327316284,0.35
2540,False,numeric_mismatch,0.0,4,17,0.5,1.0,0.3333333333333333,4,12,4,4,0.3512464761734009,0.8972510099411011,0.35
2541,False,numeric_mismatch,0.0,1,4,0.9166666666666666,1.0,0.8461538461538461,11,13,11,11,0.4166134297847748,0.6921928524971008,0.35
2542,False,exact,1.0,1:1,A,0.5,1.0,0.3333333333333333,4,12,4,4,0.23773038387298584,0.8890363574028015,0.35
2543,False,numeric_mismatch,0.0,4,20,0.5882352941176471,1.0,0.4166666666666667,5,12,5,5,0.40561962127685547,0.7052710056304932,0.35
2544,False,choice,1.0,S,B,0.5882352941176471,1.0,0.4166666666666667,5,12,5,5,0.36622175574302673,0.6021776795387268,0.35
2545,False,numeric_mismatch,0.0,4,3,0.875,0.875,0.875,8,8,7,7,0.4697040617465973,0.7191036939620972,0.35
2546,False,numeric_mismatch,0.0,5,20,0.5714285714285715,1.0,0.4,4,10,4,4,0.46986740827560425,0.7738285064697266,0.35
2547,False,placeholder,0.0,insufficient information,E,0.0,0.0,0.0,0,12,0,0,0.0,0.0,0.0
2548,False,choice,1.0,D,C,0.375,1.0,0.23076923076923078,3,13,3,3,0.35224825143814087,0.9259642362594604,0.35
2549,True,numeric_exact,1.0,30,30,0.47058823529411764,1.0,0.3076923076923077,4,13,4,4,0.36878693103790283,0.7611222267150879,0.35
2550,True,exact,0.7,All pairs except E are valid.,E,0.7000000000000001,0.875,0.5833333333333334,8,12,7,7,0.3839247226715088,0.6483453512191772,0.35
2551,False,choice,1.0,B,D,0.5,1.0,0.3333333333333333,4,12,4,4,0.33833637833595276,0.687508225440979,0.35
2552,False,numeric_mismatch,0.0,3,4,0.5555555555555556,1.0,0.38461538461538464,5,13,5,5,0.4004269242286682,0.7252910137176514,0.35
2553,False,exact,0.3,B) 14 cm²,D,0.7142857142857143,0.8333333333333334,0.625,6,8,5,5,0.39743009209632874,0.8137511014938354,0.35
2554,False,numeric_mismatch,0.0,8,4,0.4444444444444444,0.6666666666666666,0.3333333333333333,6,12,4,4,0.21370895206928253,0.7478923797607422,0.35
2555,False,numeric_mismatch,0.0,2,4,0.37499999999999994,0.6,0.2727272727272727,5,11,3,3,0.2529540956020355,0.7368663549423218,0.35
2556,False,numeric_mismatch,0.0,6,9,0.375,1.0,0.23076923076923078,3,13,3,3,0.45012199878692627,0.7903767824172974,0.35
2557,False,numeric_mismatch,0.0,10,4,0.375,1.0,0.23076923076923078,3,13,3,3,0.34827837347984314,0.742073118686676,0.35
2558,False,numeric_mismatch,0.0,3,4,0.4444444444444445,0.5,0.4,4,5,2,2,0.25781822204589844,0.6517695784568787,0.35
2559,False,choice,1.0,D,E,0.47058823529411764,1.0,0.3076923076923077,4,13,4,4,0.2945958375930786,0.5248547196388245,0.35
2560,False,numeric_mismatch,0.0,13,30,0.4444444444444445,1.0,0.2857142857142857,4,14,4,4,0.557231605052948,0.8906914591789246,0.35
2561,True,numeric_exact,1.0,7,7,0.5263157894736842,1.0,0.35714285714285715,5,14,5,5,0.3963845372200012,0.8214272260665894,0.35
2562,False,placeholder,0.0,insufficient information,67,0.0,0.0,0.0,0,15,0,0,0.0,0.0,0.0
2563,False,numeric_mismatch,0.0,20,68,0.5555555555555556,1.0,0.38461538461538464,5,13,5,5,0.38821184635162354,0.7755606770515442,0.35
2564,True,exact,0.7,C) 54°,C,0.6153846153846153,1.0,0.4444444444444444,4,9,4,4,0.3642241060733795,0.8329938650131226,0.35
2565,False,placeholder,0.0,insufficient information,A,0.0,0.0,0.0,0,11,0,0,0.0,0.0,0.0
2566,False,placeholder,0.0,insufficient information,B,0.0,0.0,0.0,0,14,0,0,0.0,0.0,0.0
2567,False,choice,1.0,D,C,0.47058823529411764,1.0,0.3076923076923077,4,13,4,4,0.3853033781051636,0.6743530035018921,0.35
2568,False,numeric_mismatch,0.0,X represents the digit 1.,8,0.5,0.75,0.375,4,8,3,3,0.3083699345588684,0.5290219187736511,0.35
2569,False,exact,0.3,B) 7:3,A,0.5263157894736842,1.0,0.35714285714285715,5,14,5,5,0.24111728370189667,0.7146937251091003,0.35
2570,True,exact,0.7,B) 7.35 cm,C,0.4444444444444444,0.8,0.3076923076923077,5,13,4,4,0.27519094944000244,0.7165310382843018,0.35
2571,False,exact,0.3,C) 55°,D,0.36363636363636365,0.6666666666666666,0.25,3,8,2,2,0.25288936495780945,0.5411301851272583,0.35
2572,False,exact,0.3,C) 2003^2,A,0.6666666666666666,1.0,0.5,5,10,5,5,0.40561729669570923,0.7494904398918152,0.35
2573,False,exact,0.3,B) 3:1,D,0.5,1.0,0.3333333333333333,4,12,4,4,0.4968912601470947,0.8697774410247803,0.35
2574,False,numeric_mismatch,0.0,6,42,0.8181818181818182,0.9,0.75,10,12,9,9,0.37927672266960144,0.846768856048584,0.35
2575,True,exact,0.7,A) 1 cm,C,0.761904761904762,0.8888888888888888,0.6666666666666666,9,12,8,8,0.4441233277320862,0.8864170908927917,0.35
2576,False,exact,0.3,D) 30,B,0.5555555555555556,0.8333333333333334,0.4166666666666667,6,12,5,5,0.33205482363700867,0.8031622767448425,0.35
2577,False,numeric_mismatch,0.0,0,4,0.7368421052631579,1.0,0.5833333333333334,7,12,7,7,0.3361068367958069,0.5502923130989075,0.35
2578,False,numeric_mismatch,0.0,4,3,0.5882352941176471,1.0,0.4166666666666667,5,12,5,5,0.31840822100639343,0.6458551287651062,0.35
2579,False,numeric_mismatch,0.0,9,72,0.5882352941176471,1.0,0.4166666666666667,5,12,5,5,0.45428961515426636,0.8621492385864258,0.35
2580,False,placeholder,0.0,insufficient information,4,0.0,0.0,0.0,0,6,0,0,0.0,0.0,0.0
2581,False,numeric_mismatch,0.0,4,1,0.5555555555555556,1.0,0.38461538461538464,5,13,5,5,0.5524239540100098,0.8052175045013428,0.35
2582,True,exact,0.7,B) 2: 3,B,0.5882352941176471,1.0,0.4166666666666667,5,12,5,5,0.44908279180526733,0.8413407802581787,0.35
2583,True,numeric_exact,1.0,3,3,0.5,1.0,0.3333333333333333,3,9,3,3,0.4647829234600067,0.7670372128486633,0.35
2584,True,exact,0.7,C) 51 seconds,C,0.7826086956521738,0.9,0.6923076923076923,10,13,9,9,0.33798539638519287,0.8161237239837646,0.35
2585,True,numeric_rounded,0.85,36,42,0.5,1.0,0.3333333333333333,4,12,4,4,0.28736287355422974,0.5657246708869934,0.35
2586,False,exact,0.3,2π + 2 cm²,B,0.6153846153846153,1.0,0.4444444444444444,4,9,4,4,0.4098694622516632,0.6072263121604919,0.35
2587,True,exact,0.7,E) 720°,E,0.631578947368421,0.8571428571428571,0.5,7,12,6,6,0.2719564437866211,0.5823565125465393,0.35
2588,False,numeric_mismatch,0.0,4,6,0.5714285714285715,1.0,0.4,4,10,4,4,0.3555324375629425,0.775343656539917,0.35
2589,False,numeric_mismatch,0.0,64,768,0.5,1.0,0.3333333333333333,4,12,4,4,0.4535842835903168,0.6827358603477478,0.35
2590,False,exact,0.3,C) \(\frac{3}{5}\),D,0.5333333333333333,0.5714285714285714,0.5,7,8,4,4,0.3137832283973694,0.7876038551330566,0.35
2591,False,numeric_mismatch,0.0,18,11,0.7499999999999999,1.0,0.6,6,10,6,6,0.45776131749153137,0.7942943572998047,0.35
2592,False,numeric_mismatch,0.0,5,7,0.6153846153846153,1.0,0.4444444444444444,4,9,4,4,0.46538299322128296,0.7843166589736938,0.35
2593,False,numeric_mismatch,0.0,6,9,0.47058823529411764,0.8,0.3333333333333333,5,12,4,4,0.2832646071910858,0.6758589744567871,0.35
2594,False,numeric_mismatch,0.0,30,12,0.5555555555555556,1.0,0.38461538461538464,5,13,5,5,0.4588339030742645,0.9706002473831177,0.35
2595,True,exact,0.7,A) √2 - 1,A,0.4444444444444445,1.0,0.2857142857142857,4,14,4,4,0.36549443006515503,0.6907405257225037,0.35
2596,False,exact,0.3,10π + 10π√2,C,0.7142857142857142,0.6666666666666666,0.7692307692307693,15,13,10,10,0.32976198196411133,0.7435308694839478,0.35
2597,True,numeric_rounded,0.85,30,27,0.42857142857142855,1.0,0.2727272727272727,3,11,3,3,0.4717114567756653,0.7352443337440491,0.35
2598,False,exact,0.3,"D) X=1, Y=1",A,0.5882352941176471,1.0,0.4166666666666667,5,12,5,5,0.40722623467445374,0.8147258758544922,0.35
2599,False,numeric_mismatch,0.0,2007 - 999 = 1008,110,0.26666666666666666,0.6666666666666666,0.16666666666666666,3,12,2,2,0.31865110993385315,0.7081690430641174,0.35
2600,False,numeric_mismatch,0.0,36,25,0.5,1.0,0.3333333333333333,4,12,4,4,0.3781847655773163,0.747194766998291,0.35
2601,False,placeholder,0.0,insufficient information,A,0.0,0.0,0.0,0,12,0,0,0.0,0.0,0.0
2602,False,exact,0.3,B) 12+π,C,0.631578947368421,1.0,0.46153846153846156,6,13,6,6,0.3688434064388275,0.7789883017539978,0.35
2603,False,exact,0.3,H = L - 3S,E,0.5,1.0,0.3333333333333333,5,15,5,5,0.36442336440086365,0.7619926929473877,0.35
2604,False,exact,0.3,B) \(\frac{1}{\sqrt{2}}\),D,0.5555555555555556,1.0,0.38461538461538464,5,13,5,5,0.35307371616363525,0.737851619720459,0.35
2605,False,choice,1.0,I,D,0.25,0.5,0.16666666666666666,4,12,2,2,0.23608918488025665,0.6108449101448059,0.35
2606,True,exact,0.7,B) √13,B,0.4444444444444445,1.0,0.2857142857142857,2,7,2,2,0.24201960861682892,0.40743595361709595,0.35
2607,False,exact,0.3,B) 1 and 5,E,0.3,0.375,0.25,8,12,3,3,0.27156031131744385,0.6810463070869446,0.35
2608,True,exact,0.7,B) \(\frac{1}{2}\),B,0.5882352941176471,1.0,0.4166666666666667,5,12,5,5,0.5355959534645081,0.8864192962646484,0.35
2609,True,exact,0.7,C) H and I,A,0.4444444444444444,0.8,0.3076923076923077,5,13,4,4,0.3233157694339752,0.8318788409233093,0.35
2610,False,exact,0.3,B) 10°,A,0.7058823529411764,1.0,0.5454545454545454,6,11,6,6,0.4233226180076599,0.8235674500465393,0.35
2611,False,placeholder,0.0,insufficient information,E,0.0,0.0,0.0,0,12,0,0,0.0,0.0,0.0
2612,False,placeholder,0.0,insufficient information,6,0.0,0.0,0.0,0,12,0,0,0.0,0.0,0.0
2613,False,numeric_mismatch,0.0,7,4,0.5882352941176471,1.0,0.4166666666666667,5,12,5,5,0.4425792694091797,0.8100418448448181,0.35
2614,False,numeric_mismatch,0.0,16,10,0.5,1.0,0.3333333333333333,4,12,4,4,0.40474191308021545,0.6961566805839539,0.35
2615,False,exact,0.3,C) \(\sqrt{5}-\sqrt{2}\),E,0.631578947368421,1.0,0.46153846153846156,6,13,6,6,0.3104539215564728,0.697065532207489,0.35
2616,False,exact,0.3,80 - π,B,0.5882352941176471,1.0,0.4166666666666667,5,12,5,5,0.4368409216403961,0.8601643443107605,0.35
2617,True,exact,0.7,B) 124°,B,0.7368421052631579,1.0,0.5833333333333334,7,12,7,7,0.41138729453086853,0.8029021620750427,0.35
2618,False,exact,0.3,B) √5,A,0.631578947368421,1.0,0.46153846153846156,6,13,6,6,0.4093850255012512,0.7533465027809143,0.35
2619,False,numeric_mismatch,0.0,8,6,0.4444444444444445,1.0,0.2857142857142857,4,14,4,4,0.33926722407341003,0.7926869988441467,0.35
2620,False,numeric_mismatch,0.0,8,14,0.6,0.75,0.5,8,12,6,6,0.35016605257987976,0.6573249101638794,0.35
2621,False,numeric_mismatch,0.0,20,64,0.7368421052631579,1.0,0.5833333333333334,7,12,7,7,0.47827693819999695,0.8205482363700867,0.35
2622,False,choice,1.0,E,D,0.5,0.8333333333333334,0.35714285714285715,6,14,5,5,0.3369583487510681,0.7458163499832153,0.35
2623,True,exact,0.7,E) all the shapes A-D can be made,E,0.6,0.75,0.5,4,6,3,3,0.3421042263507843,0.6343585252761841,0.35
2624,False,exact,0.3,D) √5 - 1,A,0.5882352941176471,1.0,0.4166666666666667,5,12,5,5,0.3641194999217987,0.8383139967918396,0.35
2625,False,exact,0.3,C) 30°,D,0.5,1.0,0.3333333333333333,4,12,4,4,0.3881034851074219,0.8316908478736877,0.35
2626,False,exact,0.3,B) 4 π,C,0.7368421052631579,1.0,0.5833333333333334,7,12,7,7,0.446956992149353,0.8442358374595642,0.35
2627,False,exact,0.3,B) Bea,D,0.5454545454545454,0.75,0.42857142857142855,4,7,3,3,0.28735312819480896,0.6530245542526245,0.35
2628,False,numeric_mismatch,0.0,1.5,3,0.5,1.0,0.3333333333333333,4,12,4,4,0.522121787071228,0.8885014057159424,0.35
2629,False,numeric_mismatch,0.0,0.26,1.1,0.6666666666666667,0.875,0.5384615384615384,8,13,7,7,0.4103929102420807,0.8535496592521667,0.35
2630,True,numeric_exact,1.0,6,6,0.5454545454545454,1.0,0.375,6,16,6,6,0.2999817728996277,0.7356464266777039,0.35
2631,False,exact,0.3,4π(3 - 2√2),A,0.631578947368421,1.0,0.46153846153846156,6,13,6,6,0.39900848269462585,0.7607699036598206,0.35
2632,False,numeric_mismatch,0.0,2,6,0.5,1.0,0.3333333333333333,4,12,4,4,0.39031562209129333,0.90518718957901,0.35
2633,False,numeric_mismatch,0.0,6,116,0.5,1.0,0.3333333333333333,4,12,4,4,0.3241175711154938,0.8584585785865784,0.35
2634,False,numeric_mismatch,0.0,3,1,0.375,0.75,0.25,4,12,3,3,0.19965708255767822,0.52358078956604,0.35
2635,False,exact,0.3,"any of T, U, V and W",C,0.5454545454545454,0.6,0.5,5,6,3,3,0.23747152090072632,0.7654949426651001,0.35
2636,False,exact,0.3,6(1 + √2),C,0.5882352941176471,1.0,0.4166666666666667,5,12,5,5,0.434524267911911,0.8009247183799744,0.35
2637,False,numeric_mismatch,0.0,15sqrt(3),45,0.6666666666666666,1.0,0.5,6,12,6,6,0.40834876894950867,0.8695069551467896,0.35
2638,False,numeric_mismatch,0.0,1,5,0.5555555555555556,0.625,0.5,8,10,5,5,0.3536006808280945,0.8030067682266235,0.35
2639,False,numeric_mismatch,0.0,10,12,0.5,1.0,0.3333333333333333,4,12,4,4,0.2895444929599762,0.8519257307052612,0.35
2640,False,exact,1.0,David,A,0.6666666666666666,1.0,0.5,6,12,6,6,0.3842150866985321,0.8574036359786987,0.35
2641,False,placeholder,0.0,insufficient information,225,0.0,0.0,0.0,0,14,0,0,0.0,0.0,0.0
2642,False,numeric_mismatch,0.0,9,3,0.47058823529411764,1.0,0.3076923076923077,4,13,4,4,0.3389189541339874,0.6300948262214661,0.35
2643,False,choice,1.0,D,C,0.4285714285714285,0.75,0.3,4,10,3,3,0.30098241567611694,0.745604932308197,0.35
2644,False,numeric_mismatch,0.0,8,12,0.47058823529411764,1.0,0.3076923076923077,4,13,4,4,0.44856148958206177,0.8300860524177551,0.35
2645,False,placeholder,0.0,insufficient information,B,0.0,0.0,0.0,0,13,0,0,0.0,0.0,0.0
2646,False,exact,1.0,4,B,0.7368421052631579,1.0,0.5833333333333334,7,12,7,7,0.3830292522907257,0.8410413265228271,0.35
2647,False,numeric_mismatch,0.0,2,4,0.3333333333333333,0.75,0.21428571428571427,4,14,3,3,0.4355594515800476,0.7660510540008545,0.35
2648,True,numeric_rounded,0.9,48,47,0.6,0.8571428571428571,0.46153846153846156,7,13,6,6,0.29140836000442505,0.8400764465332031,0.35
2649,True,numeric_exact,1.0,16,16,0.6153846153846153,1.0,0.4444444444444444,4,9,4,4,0.42472541332244873,0.681700587272644,0.35
2650,False,numeric_mismatch,0.0,2048,64,0.5882352941176471,1.0,0.4166666666666667,5,12,5,5,0.3378884196281433,0.7737267017364502,0.35
2651,False,numeric_mismatch,0.0,0,4,0.6666666666666665,0.6,0.75,5,4,3,3,0.34467002749443054,0.5845760703086853,0.35
2652,False,choice,1.0,C,E,0.5882352941176471,1.0,0.4166666666666667,5,12,5,5,0.3807644844055176,0.7035971283912659,0.35
2653,False,choice,1.0,D,A,0.47058823529411764,1.0,0.3076923076923077,4,13,4,4,0.3337193727493286,0.7966726422309875,0.35
2654,True,exact,0.7,D) 35°,D,0.6666666666666666,1.0,0.5,6,12,6,6,0.44432348012924194,0.8092454075813293,0.35
2655,True,numeric_rounded,0.9,4038 cm,4028,0.761904761904762,0.8888888888888888,0.6666666666666666,9,12,8,8,0.3920680582523346,0.7500459551811218,0.35
2656,False,numeric_mismatch,0.0,30,80,0.4,1.0,0.25,3,12,3,3,0.4718679189682007,0.7462746500968933,0.35
2657,False,choice,1.0,D,A,0.4,1.0,0.25,3,12,3,3,0.26752978563308716,0.6112762093544006,0.35
2658,False,exact,0.3,E) RS,A,0.8,0.9090909090909091,0.7142857142857143,11,14,10,10,0.39804568886756897,0.8681915402412415,0.35
2659,False,numeric_mismatch,0.0,8,12,0.6153846153846153,1.0,0.4444444444444444,4,9,4,4,0.2872422933578491,0.701756477355957,0.35
2660,False,numeric_mismatch,0.0,m = 12,3,0.5,1.0,0.3333333333333333,4,12,4,4,0.34130987524986267,0.7891272306442261,0.35
2661,False,exact,1.0,r<s<t,E,0.5,0.75,0.375,4,8,3,3,0.2482186257839203,0.5802741050720215,0.35
2662,False,numeric_mismatch,0.0,4.2,12.6,0.6666666666666665,0.75,0.6,8,10,6,6,0.32236796617507935,0.8149061799049377,0.35
2663,False,numeric_mismatch,0.0,24,12,0.4,1.0,0.25,3,12,3,3,0.46059736609458923,0.8731520771980286,0.35
2664,False,numeric_mismatch,0.0,39,23,0.631578947368421,1.0,0.46153846153846156,6,13,6,6,0.3901984691619873,0.8159580826759338,0.35
2665,False,numeric_mismatch,0.0,3,9,0.47058823529411764,1.0,0.3076923076923077,4,13,4,4,0.3354421854019165,0.7463908791542053,0.35
2666,False,numeric_mismatch,0.0,27,9,0.6666666666666666,1.0,0.5,6,12,6,6,0.47659629583358765,0.8101195096969604,0.35
2667,True,exact,0.7,B) 45°,B,0.625,1.0,0.45454545454545453,5,11,5,5,0.4454294443130493,0.8410965800285339,0.35
2668,True,exact,0.7,B) \(\frac{125}{8}\),B,0.5263157894736842,1.0,0.35714285714285715,5,14,5,5,0.32767340540885925,0.643272876739502,0.35
2669,False,placeholder,0.0,insufficient information,B,0.0,0.0,0.0,0,11,0,0,0.0,0.0,0.0
2670,False,choice,1.0,B,A,0.375,1.0,0.23076923076923078,3,13,3,3,0.40312448143959045,0.8579806685447693,0.35
2671,False,exact,0.3,D) \(\frac{2}{3}\),B,0.6153846153846153,1.0,0.4444444444444444,4,9,4,4,0.39944344758987427,0.7334116697311401,0.35
2672,False,exact,0.3,B) \(\sqrt{10} + \sqrt{2}\),C,0.4285714285714285,0.75,0.3,4,10,3,3,0.2788928151130676,0.6187942624092102,0.35
2673,False,numeric_mismatch,0.0,40,25,0.47058823529411764,1.0,0.3076923076923077,4,13,4,4,0.34218931198120117,0.6575740575790405,0.35
2674,True,exact,0.7,W and Z,A,0.375,1.0,0.23076923076923078,3,13,3,3,0.528222918510437,0.9671926498413086,0.35
2675,False,numeric_mismatch,0.0,3,0,0.35294117647058826,1.0,0.21428571428571427,3,14,3,3,0.3191426694393158,0.7009508609771729,0.35
2676,False,exact,0.3,E) 4:3,D,0.5,1.0,0.3333333333333333,4,12,4,4,0.35551413893699646,0.7169479727745056,0.35
2677,False,exact,0.3,√2 - 1,A,0.8181818181818182,0.9,0.75,10,12,9,9,0.37398937344551086,0.863892138004303,0.35
2678,True,exact,0.7,C) 88%,C,0.6153846153846153,1.0,0.4444444444444444,4,9,4,4,0.2835941016674042,0.5202039480209351,0.35
2679,False,numeric_mismatch,0.0,10,4,0.6666666666666666,1.0,0.5,6,12,6,6,0.3686356544494629,0.7312904000282288,0.35
2680,False,numeric_mismatch,0.0,2,5,0.5,1.0,0.3333333333333333,5,15,5,5,0.5328038334846497,0.7996166348457336,0.35
2681,False,exact,0.3,D) 360°,B,0.6666666666666666,1.0,0.5,5,10,5,5,0.4854247570037842,0.8166032433509827,0.35
2682,False,numeric_mismatch,0.0,6,12,0.6666666666666666,1.0,0.5,6,12,6,6,0.3901056945323944,0.8361197710037231,0.35
2683,False,numeric_mismatch,0.0,2016,16,0.5,0.5714285714285714,0.4444444444444444,7,9,4,4,0.3477489650249481,0.8334018588066101,0.35
2684,False,choice,1.0,D,E,0.11111111111111112,0.25,0.07142857142857142,4,14,1,1,0.13072501122951508,0.6591314673423767,0.35
2685,False,choice,1.0,B,D,0.631578947368421,0.8571428571428571,0.5,7,12,6,6,0.3564823269844055,0.894948422908783,0.35
2686,False,numeric_mismatch,0.0,20,35,0.761904761904762,0.8888888888888888,0.6666666666666666,9,12,8,8,0.35796016454696655,0.9193412065505981,0.35
2687,True,exact,0.7,B) 28 cm,B,0.761904761904762,1.0,0.6153846153846154,8,13,8,8,0.3552657961845398,0.8899036049842834,0.35
2688,False,numeric_mismatch,0.0,6,0,0.6666666666666666,1.0,0.5,6,12,6,6,0.33545228838920593,0.5898523926734924,0.35
2689,False,numeric_mismatch,0.0,3,14,0.7368421052631579,1.0,0.5833333333333334,7,12,7,7,0.4507819712162018,0.822712779045105,0.35
2690,False,exact,1.0,90%,B,0.5333333333333333,1.0,0.36363636363636365,4,11,4,4,0.4176425039768219,0.7470390200614929,0.35
2691,False,numeric_mismatch,0.0,3,6,0.5217391304347825,0.8571428571428571,0.375,7,16,6,6,0.302935391664505,0.7566579580307007,0.35
2692,False,placeholder,0.0,insufficient information,A,0.0,0.0,0.0,0,12,0,0,0.0,0.0,0.0
2693,True,exact,0.7,150 cm,C,0.6666666666666666,1.0,0.5,7,14,7,7,0.4437994360923767,0.8457658886909485,0.35
2694,True,exact,0.7,"B) Y and Z are equal, but X is different",A,0.5882352941176471,1.0,0.4166666666666667,5,12,5,5,0.483149915933609,0.7318059206008911,0.35
2695,False,numeric_mismatch,0.0,18,15,0.25,0.5,0.16666666666666666,4,12,2,2,0.24761919677257538,0.5731441974639893,0.35
2696,False,numeric_mismatch,0.0,6,16,0.625,1.0,0.45454545454545453,5,11,5,5,0.2494940459728241,0.6654261350631714,0.35
2697,False,numeric_mismatch,0.0,4π,8,0.7499999999999999,1.0,0.6,6,10,6,6,0.41307052969932556,0.7949366569519043,0.35
2698,False,numeric_mismatch,0.0,6,3,0.7000000000000001,1.0,0.5384615384615384,7,13,7,7,0.3533099293708801,0.7409829497337341,0.35
2699,False,numeric_mismatch,0.0,1008,3025,0.4444444444444445,1.0,0.2857142857142857,4,14,4,4,0.38281315565109253,0.9468426704406738,0.35
2700,True,numeric_exact,1.0,38,38,0.5333333333333333,1.0,0.36363636363636365,4,11,4,4,0.4189513921737671,0.6950539350509644,0.35
2701,True,exact,0.7,D) $2 \sqrt{3}$,D,0.35294117647058826,1.0,0.21428571428571427,3,14,3,3,0.3497842252254486,0.6631997227668762,0.35
2702,False,exact,0.3,E) α + β = 45,B,0.4444444444444444,0.6666666666666666,0.3333333333333333,3,6,2,2,0.35906773805618286,0.5664745569229126,0.35
2703,False,choice,1.0,E,A,0.5,1.0,0.3333333333333333,3,9,3,3,0.2895057499408722,0.7300046682357788,0.35
2704,True,exact,0.7,"B) 1, 2 and 9",B,0.5333333333333333,0.6666666666666666,0.4444444444444444,6,9,4,4,0.24439717829227448,0.5868765115737915,0.35
2705,False,exact,0.3,A) 1: 3,E,0.5882352941176471,1.0,0.4166666666666667,5,12,5,5,0.29054638743400574,0.8936071395874023,0.35
2706,True,exact,0.7,B) \(\frac{5 \pi R}{3}\),C,0.4444444444444445,1.0,0.2857142857142857,4,14,4,4,0.4281957149505615,0.7434635758399963,0.35
2707,False,choice,1.0,B,E,0.5882352941176471,1.0,0.4166666666666667,5,12,5,5,0.38162025809288025,0.7527130842208862,0.35
2708,False,placeholder,0.0,insufficient information,A,0.0,0.0,0.0,0,12,0,0,0.0,0.0,0.0
2709,True,exact,0.7,all of the vertices are possible,C,0.5882352941176471,1.0,0.4166666666666667,5,12,5,5,0.35007965564727783,0.7585122585296631,0.35
2710,False,exact,0.3,B) $2S$,A,0.3333333333333333,0.75,0.21428571428571427,4,14,3,3,0.2608667314052582,0.6522176861763,0.35
2711,False,numeric_mismatch,0.0,36,18,0.5882352941176471,1.0,0.4166666666666667,5,12,5,5,0.38529548048973083,0.7684098482131958,0.35
2712,True,numeric_exact,1.0,158,158,0.6153846153846153,1.0,0.4444444444444444,4,9,4,4,0.4025043547153473,0.7031466364860535,0.35
2713,False,exact,0.3,4 km,A,0.5882352941176471,1.0,0.4166666666666667,5,12,5,5,0.33335497975349426,0.7030190229415894,0.35
2714,False,numeric_mismatch,0.0,1,3,0.6666666666666666,1.0,0.5,6,12,6,6,0.40694287419319153,0.8812393546104431,0.35
2715,False,exact,0.3,C) 35°,E,0.5,0.45454545454545453,0.5555555555555556,11,9,5,5,0.26511669158935547,0.7115744352340698,0.35
2716,False,exact,0.3,3 cm,D,0.7000000000000001,0.875,0.5833333333333334,8,12,7,7,0.3578643798828125,0.918095588684082,0.35
2717,False,exact,0.3,B) 13.5 cm²,D,0.46153846153846156,0.75,0.3333333333333333,4,9,3,3,0.31966325640678406,0.7010724544525146,0.35
2718,True,numeric_exact,1.0,7,7,0.5,1.0,0.3333333333333333,4,12,4,4,0.33077386021614075,0.7458600997924805,0.35
2719,True,exact,0.7,B) 72°,B,0.5714285714285715,1.0,0.4,4,10,4,4,0.37160152196884155,0.6586351990699768,0.35
2720,True,exact,0.7,E) 24 cm,C,0.7499999999999999,1.0,0.6,6,10,6,6,0.47360482811927795,0.8104130029678345,0.35
2721,False,exact,0.3,insufficient information,B,0.7058823529411765,0.6666666666666666,0.75,9,8,6,6,0.3679903745651245,0.7596483826637268,0.35
2722,False,exact,0.3,C) 900°,D,0.5714285714285714,0.5714285714285714,0.5714285714285714,7,7,4,4,0.4167826175689697,0.7770096659660339,0.35
2723,False,numeric_mismatch,0.0,3,1,0.5263157894736842,1.0,0.35714285714285715,5,14,5,5,0.3740505874156952,0.6964012384414673,0.35
2724,False,numeric_mismatch,0.0,x = 81°,9,0.5,1.0,0.3333333333333333,4,12,4,4,0.4321318566799164,0.8471951484680176,0.35
2725,False,numeric_mismatch,0.0,T = 1,4045,0.5,1.0,0.3333333333333333,4,12,4,4,0.35924386978149414,0.8009892106056213,0.35
2726,False,numeric_mismatch,0.0,16,5,0.6666666666666666,1.0,0.5,6,12,6,6,0.39949220418930054,0.7933392524719238,0.35
2727,False,numeric_mismatch,0.0,60,16,0.4444444444444444,0.6666666666666666,0.3333333333333333,6,12,4,4,0.27346956729888916,0.7020036578178406,0.35
2728,True,numeric_rounded,0.85,16,18,0.5882352941176471,1.0,0.4166666666666667,5,12,5,5,0.4415436089038849,0.7624163627624512,0.35
2729,True,exact,0.7,E) √3:1,E,0.47058823529411764,0.8,0.3333333333333333,5,12,4,4,0.23180364072322845,0.6071488857269287,0.35
2730,True,numeric_rounded,0.85,10,9,0.5,1.0,0.3333333333333333,4,12,4,4,0.43978428840637207,0.7939028739929199,0.35
2731,True,numeric_exact,1.0,3,3,0.7272727272727273,1.0,0.5714285714285714,4,7,4,4,0.4178750216960907,0.6836711764335632,0.35
2732,False,numeric_mismatch,0.0,3,12,0.6153846153846153,1.0,0.4444444444444444,4,9,4,4,0.370866984128952,0.6348758339881897,0.35
2733,True,choice,1.0,E,E,0.2222222222222222,0.4,0.15384615384615385,5,13,2,2,0.18017339706420898,0.6907045245170593,0.35
2734,False,numeric_mismatch,0.0,9,3,0.47058823529411764,0.8,0.3333333333333333,5,12,4,4,0.2600988745689392,0.46399474143981934,0.35
2735,False,numeric_mismatch,0.0,22,18,0.631578947368421,1.0,0.46153846153846156,6,13,6,6,0.47001320123672485,0.8199095726013184,0.35
2736,False,numeric_mismatch,0.0,5040,5,0.631578947368421,1.0,0.46153846153846156,6,13,6,6,0.33580079674720764,0.7992772459983826,0.35
2737,True,exact,0.7,B) 2π cm²,B,0.4,1.0,0.25,3,12,3,3,0.3890145719051361,0.7632758617401123,0.35
2738,False,exact,0.3,B) 3: 4,E,0.5,1.0,0.3333333333333333,4,12,4,4,0.31773337721824646,0.809407114982605,0.35
2739,False,exact,0.3,A) \(\frac{1}{2}\),E,0.6666666666666666,1.0,0.5,5,10,5,5,0.3355189263820648,0.8705852031707764,0.35
2740,False,numeric_mismatch,0.0,60,40,0.5263157894736842,1.0,0.35714285714285715,5,14,5,5,0.4695684015750885,0.9067251086235046,0.35
2741,True,exact,0.7,none of these are possible,E,0.608695652173913,0.875,0.4666666666666667,8,15,7,7,0.40764230489730835,0.7944555878639221,0.35
2742,False,numeric_mismatch,0.0,36,20,0.5,1.0,0.3333333333333333,4,12,4,4,0.4048432409763336,0.8198258280754089,0.35
2743,True,exact,0.7,B) √2,B,0.625,1.0,0.45454545454545453,5,11,5,5,0.3496336042881012,0.7934674024581909,0.35
2744,False,placeholder,0.0,insufficient information,D,0.0,0.0,0.0,0,11,0,0,0.0,0.0,0.0
2745,False,choice,1.0,D,E,0.3529411764705882,0.75,0.23076923076923078,4,13,3,3,0.27861931920051575,0.6804370284080505,0.35
2746,True,exact,0.7,B) \(\frac{55}{4}\),B,0.4285714285714285,0.75,0.3,4,10,3,3,0.3331923484802246,0.7107996344566345,0.35
2747,True,exact,0.7,D) \(\frac{1}{3}\),C,0.4,0.6666666666666666,0.2857142857142857,3,7,2,2,0.24987657368183136,0.8499259948730469,0.35
2748,False,exact,1.0,5:3,D,0.5882352941176471,1.0,0.4166666666666667,5,12,5,5,0.47675850987434387,0.8468124270439148,0.35
2749,False,numeric_mismatch,0.0,2,4,0.761904761904762,0.8888888888888888,0.6666666666666666,9,12,8,8,0.4172557294368744,0.9162169694900513,0.35
2750,False,exact,0.3,(500 - 25π) cm²,B,0.5882352941176471,1.0,0.4166666666666667,5,12,5,5,0.37440505623817444,0.6935725808143616,0.35
2751,False,placeholder,0.0,insufficient information,B,0.0,0.0,0.0,0,12,0,0,0.0,0.0,0.0
2752,False,numeric_mismatch,0.0,6,2,0.625,0.8333333333333334,0.5,6,10,5,5,0.33897510170936584,0.7163045406341553,0.35
2753,False,choice,1.0,B,C,0.35294117647058826,0.6,0.25,5,12,3,3,0.21249255537986755,0.6789923310279846,0.35
2754,False,numeric_mismatch,0.0,8,84,0.4,1.0,0.25,4,16,4,4,0.30807793140411377,0.8154630661010742,0.35
2755,False,exact,0.3,28 km,B,0.5,1.0,0.3333333333333333,4,12,4,4,0.46357882022857666,0.778016984462738,0.35
2756,False,exact,0.3,B) 6 × 6 × 6,A,0.5714285714285715,1.0,0.4,6,15,6,6,0.36084678769111633,0.8383036851882935,0.35
2757,False,numeric_mismatch,0.0,6,11,0.4210526315789474,1.0,0.26666666666666666,4,15,4,4,0.342883437871933,0.680402398109436,0.35
2758,False,placeholder,0.0,insufficient information,50,0.0,0.0,0.0,0,15,0,0,0.0,0.0,0.0
2759,False,numeric_mismatch,0.0,36,156,0.45454545454545453,1.0,0.29411764705882354,5,17,5,5,0.3190712332725525,0.815139651298523,0.35
2760,False,numeric_mismatch,0.0,32,52,0.5882352941176471,1.0,0.4166666666666667,5,12,5,5,0.2876894176006317,0.5565565824508667,0.35
2761,True,numeric_rounded,0.9,17,16,0.5555555555555556,1.0,0.38461538461538464,5,13,5,5,0.3103705942630768,0.7588737607002258,0.35
2762,True,numeric_exact,1.0,100,100,0.47058823529411764,1.0,0.3076923076923077,4,13,4,4,0.4628242254257202,0.8349695801734924,0.35
2763,False,numeric_mismatch,0.0,100,121,0.375,0.75,0.25,4,12,3,3,0.3280230462551117,0.6334934234619141,0.35
2764,False,numeric_mismatch,0.0,100,950,0.5333333333333333,1.0,0.36363636363636365,4,11,4,4,0.3705850839614868,0.5809499621391296,0.35
2765,True,numeric_exact,1.0,160,160,0.7272727272727273,1.0,0.5714285714285714,8,14,8,8,0.40314778685569763,0.8391574621200562,0.35
2766,False,numeric_mismatch,0.0,64,256,0.5454545454545454,1.0,0.375,6,16,6,6,0.39958763122558594,0.8234267830848694,0.35
2767,False,numeric_mismatch,0.0,6,144,0.4210526315789474,1.0,0.26666666666666666,4,15,4,4,0.4943235218524933,0.935181736946106,0.35
2768,False,numeric_mismatch,0.0,K = 18,110,0.5714285714285715,1.0,0.4,6,15,6,6,0.5207958817481995,0.814873993396759,0.35
2769,False,numeric_mismatch,0.0,6,116,0.5555555555555556,1.0,0.38461538461538464,5,13,5,5,0.3846966326236725,0.8414629101753235,0.35
2770,False,numeric_mismatch,0.0,30,132,0.4,1.0,0.25,3,12,3,3,0.3375750482082367,0.7222281694412231,0.35
2771,False,numeric_mismatch,0.0,108,216,0.8,1.0,0.6666666666666666,8,12,8,8,0.42404818534851074,0.8218716382980347,0.35
2772,False,numeric_mismatch,0.0,75,625,0.3,1.0,0.17647058823529413,3,17,3,3,0.40086230635643005,0.7880589962005615,0.35
2773,False,numeric_mismatch,0.0,3600,276,0.6363636363636364,1.0,0.4666666666666667,7,15,7,7,0.4026234447956085,0.8616744875907898,0.35
2774,False,numeric_mismatch,0.0,10,13,0.5555555555555556,1.0,0.38461538461538464,5,13,5,5,0.36966103315353394,0.8138490915298462,0.35
2775,True,numeric_exact,1.0,4,4,0.5,0.7142857142857143,0.38461538461538464,7,13,5,5,0.308391273021698,0.901534914970398,0.35
2776,False,numeric_mismatch,0.0,8,121,0.5882352941176471,1.0,0.4166666666666667,5,12,5,5,0.3417285978794098,0.7552477717399597,0.35
2777,False,numeric_mismatch,0.0,"The solution is 1, 2, 3, 4, 5.",829,0.5,1.0,0.3333333333333333,4,12,4,4,0.306019127368927,0.5521316528320312,0.35
2778,True,numeric_rounded,0.9,600,603,0.8148148148148148,0.9166666666666666,0.7333333333333333,12,15,11,11,0.39155155420303345,0.8503552675247192,0.35
2779,False,numeric_mismatch,0.0,30,150,0.4,1.0,0.25,4,16,4,4,0.308928906917572,0.6505994200706482,0.35
2780,False,numeric_mismatch,0.0,B = 32,128,0.5333333333333333,1.0,0.36363636363636365,4,11,4,4,0.46821555495262146,0.8390136361122131,0.35
2781,False,numeric_mismatch,0.0,260,130,0.7058823529411764,1.0,0.5454545454545454,6,11,6,6,0.45644089579582214,0.828427255153656,0.35
2782,False,numeric_mismatch,0.0,6,4,0.4,1.0,0.25,4,16,4,4,0.39973998069763184,0.7761808037757874,0.35
2783,True,numeric_rounded,0.9,86,94,0.3157894736842105,1.0,0.1875,3,16,3,3,0.44962796568870544,0.6658864617347717,0.35
2784,False,numeric_mismatch,0.0,7,295,0.3333333333333333,0.75,0.21428571428571427,4,14,3,3,0.3094249367713928,0.5172945857048035,0.35
2785,False,numeric_mismatch,0.0,200,400,0.4,1.0,0.25,3,12,3,3,0.35474520921707153,0.7815294861793518,0.35
2786,False,numeric_mismatch,0.0,4,576,0.5,1.0,0.3333333333333333,5,15,5,5,0.4050842523574829,0.8318858742713928,0.35
2787,False,numeric_mismatch,0.0,1000√2,400,0.5882352941176471,1.0,0.4166666666666667,5,12,5,5,0.4701918661594391,0.7630159854888916,0.35
2788,False,numeric_mismatch,0.0,3,961,0.4210526315789474,1.0,0.26666666666666666,4,15,4,4,0.275458961725235,0.5152886509895325,0.35
2789,True,numeric_exact,1.0,3,3,0.46153846153846156,0.75,0.3333333333333333,4,9,3,3,0.22272099554538727,0.5035229921340942,0.35
2790,True,numeric_rounded,0.9,105,103,0.4210526315789474,1.0,0.26666666666666666,4,15,4,4,0.28488847613334656,0.6781795620918274,0.35
2791,False,numeric_mismatch,0.0,64,384,0.7368421052631579,1.0,0.5833333333333334,7,12,7,7,0.41614681482315063,0.7562733888626099,0.35
2792,True,numeric_rounded,0.9,105,104,0.4210526315789473,0.8,0.2857142857142857,5,14,4,4,0.2674630284309387,0.7720692753791809,0.35
2793,False,numeric_mismatch,0.0,7(30) + 5(2) + 3(2) = 210 + 10 + 6 = 226,269,0.6666666666666666,1.0,0.5,5,10,5,5,0.36683037877082825,0.84529709815979,0.35
2794,False,numeric_mismatch,0.0,360 * (1/5) = 72,120,0.5555555555555556,1.0,0.38461538461538464,5,13,5,5,0.37319520115852356,0.9023422598838806,0.35
2795,False,numeric_mismatch,0.0,103,206,0.35294117647058826,1.0,0.21428571428571427,3,14,3,3,0.48330560326576233,0.740469753742218,0.35
2796,False,numeric_mismatch,0.0,306,412,0.6,0.8571428571428571,0.46153846153846156,7,13,6,6,0.33986935019493103,0.8647373914718628,0.35
2797,False,numeric_mismatch,0.0,5/64,173,0.6666666666666666,1.0,0.5,6,12,6,6,0.3237873613834381,0.8784502744674683,0.35
2798,False,numeric_mismatch,0.0,9,841,0.3333333333333333,0.75,0.21428571428571427,4,14,3,3,0.2878006398677826,0.5216047763824463,0.35
2799,True,numeric_rounded,0.85,29,26,0.5263157894736842,1.0,0.35714285714285715,5,14,5,5,0.34035611152648926,0.8502809405326843,0.35
2800,False,placeholder,0.0,insufficient information,288,0.0,0.0,0.0,0,14,0,0,0.0,0.0,0.0
2801,False,numeric_mismatch,0.0,36,130,0.5,1.0,0.3333333333333333,5,15,5,5,0.2917841970920563,0.6152963638305664,0.35
2802,False,numeric_mismatch,0.0,30,175,0.7272727272727273,1.0,0.5714285714285714,8,14,8,8,0.3278472423553467,0.7938234806060791,0.35
2803,False,numeric_mismatch,0.0,100,144,0.7058823529411764,1.0,0.5454545454545454,6,11,6,6,0.42898815870285034,0.8397624492645264,0.35
2804,False,numeric_mismatch,0.0,√1985,32,0.6666666666666666,1.0,0.5,7,14,7,7,0.34612923860549927,0.7773823142051697,0.35
2805,False,numeric_mismatch,0.0,168,315,0.4,1.0,0.25,3,12,3,3,0.45870155096054077,0.7949576377868652,0.35
2806,False,numeric_mismatch,0.0,144,864,0.375,1.0,0.23076923076923078,3,13,3,3,0.43356743454933167,0.7505028247833252,0.35
2807,True,numeric_rounded,0.9,174,193,0.6,1.0,0.42857142857142855,6,14,6,6,0.3373486399650574,0.7990483045578003,0.35
2808,False,numeric_mismatch,0.0,3.6,33,0.4444444444444444,0.8,0.3076923076923077,5,13,4,4,0.3052787184715271,0.7480507493019104,0.35
2809,False,numeric_mismatch,0.0,89,462,0.7000000000000001,1.0,0.5384615384615384,7,13,7,7,0.3846260607242584,0.8530338406562805,0.35
2810,False,numeric_mismatch,0.0,994,770,0.8,0.7692307692307693,0.8333333333333334,13,12,10,10,0.3957042098045349,0.766036331653595,0.35
2811,False,numeric_mismatch,0.0,103,142,0.4615384615384615,1.0,0.3,3,10,3,3,0.33016014099121094,0.6096855401992798,0.35
2812,False,numeric_mismatch,0.0,43,441,0.5714285714285715,1.0,0.4,4,10,4,4,0.3539689779281616,0.7464783787727356,0.35
2813,False,numeric_mismatch,0.0,40,160,0.5454545454545454,1.0,0.375,6,16,6,6,0.31255730986595154,0.7334606051445007,0.35
2814,False,numeric_mismatch,0.0,100,137,0.4,0.8,0.26666666666666666,5,15,4,4,0.3003140389919281,0.6297951936721802,0.35
2815,False,exact,0.3,The area of $\triangle ABC$ can be calculated by summing the areas of the smaller triangles formed by the cevians.,108,0.6,0.8571428571428571,0.46153846153846156,7,13,6,6,0.35682204365730286,0.6054940223693848,0.35
2816,False,numeric_mismatch,0.0,60,594,0.8571428571428571,1.0,0.75,9,12,9,9,0.36794397234916687,0.788597822189331,0.35
2817,False,placeholder,0.0,insufficient information,135,0.0,0.0,0.0,0,12,0,0,0.0,0.0,0.0
2818,False,numeric_mismatch,0.0,36,792,0.4,1.0,0.25,3,12,3,3,0.2607837915420532,0.5852015614509583,0.35
2819,False,numeric_mismatch,0.0,1994,118,0.4444444444444445,1.0,0.2857142857142857,4,14,4,4,0.2222956269979477,0.6027221083641052,0.35
2820,False,numeric_mismatch,0.0,3,71,0.5555555555555556,1.0,0.38461538461538464,5,13,5,5,0.3607875406742096,0.8761778473854065,0.35
2821,False,numeric_mismatch,0.0,19/6,255,0.6666666666666666,1.0,0.5,6,12,6,6,0.3033381998538971,0.6804025173187256,0.35
2822,False,numeric_mismatch,0.0,19,616,0.5263157894736842,1.0,0.35714285714285715,5,14,5,5,0.3252944052219391,0.7881863117218018,0.35
2823,False,numeric_mismatch,0.0,-95,200,0.5,1.0,0.3333333333333333,4,12,4,4,0.2622269093990326,0.5258411169052124,0.35
2824,False,numeric_mismatch,0.0,60,185,0.6666666666666666,1.0,0.5,6,12,6,6,0.2918151617050171,0.6740273833274841,0.35
2825,False,numeric_mismatch,0.0,60,260,0.7692307692307693,1.0,0.625,5,8,5,5,0.3634875416755676,0.7764750123023987,0.35
2826,False,numeric_mismatch,0.0,17,154,0.5555555555555556,1.0,0.38461538461538464,5,13,5,5,0.3319655656814575,0.675215482711792,0.35
2827,False,numeric_mismatch,0.0,63,148,0.5555555555555556,1.0,0.38461538461538464,5,13,5,5,0.3805103600025177,0.7229904532432556,0.35
2828,False,numeric_mismatch,0.0,6,803,0.782608695652174,1.0,0.6428571428571429,9,14,9,9,0.2929559350013733,0.8387402892112732,0.35
2829,False,numeric_mismatch,0.0,85,293,0.5555555555555556,1.0,0.38461538461538464,5,13,5,5,0.27154698967933655,0.7080074548721313,0.35
2830,False,numeric_mismatch,0.0,11/5,408,0.5,1.0,0.3333333333333333,4,12,4,4,0.3894670903682709,0.7079049348831177,0.35
2831,False,numeric_mismatch,0.0,1,89,0.5,1.0,0.3333333333333333,4,12,4,4,0.33674487471580505,0.6681471467018127,0.35
2832,False,numeric_mismatch,0.0,10,65,0.761904761904762,0.8888888888888888,0.6666666666666666,9,12,8,8,0.25605982542037964,0.8238880038261414,0.35
2833,False,numeric_mismatch,0.0,6,860,0.6363636363636365,0.7,0.5833333333333334,10,12,7,7,0.3707844316959381,0.7071205973625183,0.35
2834,False,numeric_mismatch,0.0,109,578,0.4444444444444445,1.0,0.2857142857142857,4,14,4,4,0.302124947309494,0.676839292049408,0.35
2835,False,numeric_mismatch,0.0,64,640,0.375,1.0,0.23076923076923078,3,13,3,3,0.3270738124847412,0.7018834352493286,0.35
2836,False,numeric_mismatch,0.0,1,17,0.4444444444444445,1.0,0.2857142857142857,4,14,4,4,0.3173423111438751,0.6274750232696533,0.35
2837,True,numeric_rounded,0.85,m + n = 1000,871,0.6,1.0,0.42857142857142855,6,14,6,6,0.2616492807865143,0.7023164629936218,0.35
2838,False,numeric_mismatch,0.0,16,240,0.33333333333333337,1.0,0.2,3,15,3,3,0.32207611203193665,0.6820744872093201,0.35
2839,False,numeric_mismatch,0.0,16,32,0.47058823529411764,1.0,0.3076923076923077,4,13,4,4,0.47235363721847534,0.8571580648422241,0.35
2840,False,numeric_mismatch,0.0,The height h of the table can be expressed as h = (2 * Area of triangle ABC) / base BC.,318,0.5,0.7142857142857143,0.38461538461538464,7,13,5,5,0.2644447982311249,0.7178345918655396,0.35
2841,False,numeric_mismatch,0.0,210,280,0.5,1.0,0.3333333333333333,4,12,4,4,0.3881767690181732,0.7528362274169922,0.35
2842,False,numeric_mismatch,0.0,13,89,0.5,1.0,0.3333333333333333,5,15,5,5,0.26572486758232117,0.6207033395767212,0.35
2843,False,numeric_mismatch,0.0,Volume = (1/3) * Area of Base * Height,750,0.5263157894736842,1.0,0.35714285714285715,5,14,5,5,0.37884068489074707,0.8434536457061768,0.35
2844,False,numeric_mismatch,0.0,6,429,0.5555555555555556,1.0,0.38461538461538464,5,13,5,5,0.30647438764572144,0.7009179592132568,0.35
2845,False,numeric_mismatch,0.0,9√3,113,0.6666666666666667,0.8888888888888888,0.5333333333333333,9,15,8,8,0.3656284213066101,0.867332935333252,0.35
2846,False,numeric_mismatch,0.0,360,790,0.5263157894736842,1.0,0.35714285714285715,5,14,5,5,0.3615647852420807,0.7459771633148193,0.35
2847,False,numeric_mismatch,0.0,1008,850,0.5882352941176471,1.0,0.4166666666666667,5,12,5,5,0.36153507232666016,0.8019163012504578,0.35
2848,False,placeholder,0.0,insufficient information,720,0.0,0.0,0.0,0,14,0,0,0.0,0.0,0.0
2849,False,numeric_mismatch,0.0,36°,58,0.4444444444444445,1.0,0.2857142857142857,4,14,4,4,0.3793211579322815,0.7440593242645264,0.35
2850,False,numeric_mismatch,0.0,198,539,0.5,0.8333333333333334,0.35714285714285715,6,14,5,5,0.30302202701568604,0.8736037015914917,0.35
2851,False,numeric_mismatch,0.0,132 + 0 + 1,53,0.6086956521739131,0.7777777777777778,0.5,9,14,7,7,0.2706979215145111,0.8408520221710205,0.35
2852,False,placeholder,0.0,insufficient information,384,0.0,0.0,0.0,0,12,0,0,0.0,0.0,0.0
2853,False,numeric_mismatch,0.0,8,129,0.5263157894736842,0.7142857142857143,0.4166666666666667,7,12,5,5,0.3465823531150818,0.8125047087669373,0.35
2854,False,numeric_mismatch,0.0,5,810,0.4444444444444445,1.0,0.2857142857142857,4,14,4,4,0.40225082635879517,0.7369686961174011,0.35
2855,False,numeric_mismatch,0.0,36,732,0.4,1.0,0.25,3,12,3,3,0.35148927569389343,0.9107230305671692,0.35
2856,False,numeric_mismatch,0.0,10,145,0.4,1.0,0.25,3,12,3,3,0.3365788757801056,0.8130952715873718,0.35
2857,False,numeric_mismatch,0.0,The distance from the center of $C_0$ to $B$ is $\frac{11}{60}$.,110,0.4,0.8,0.26666666666666666,5,15,4,4,0.2568351626396179,0.7750874161720276,0.35
2858,False,placeholder,0.0,insufficient information,4,0.0,0.0,0.0,0,12,0,0,0.0,0.0,0.0
2859,False,numeric_mismatch,0.0,The area of the convex polygon whose vertices are the centroids of these 7 triangles is 196.,184,0.6666666666666666,1.0,0.5,7,14,7,7,0.34493178129196167,0.7809637784957886,0.35
2860,False,numeric_mismatch,0.0,10,109,0.375,1.0,0.23076923076923078,3,13,3,3,0.33927398920059204,0.8243730664253235,0.35
2861,True,numeric_rounded,0.9,360,336,0.5263157894736842,1.0,0.35714285714285715,5,14,5,5,0.3430063724517822,0.6135525703430176,0.35
2862,False,numeric_mismatch,0.0,79,335,0.5555555555555556,1.0,0.38461538461538464,5,13,5,5,0.3735368251800537,0.8722187876701355,0.35
2863,False,numeric_mismatch,0.0,60,592,0.4444444444444445,1.0,0.2857142857142857,4,14,4,4,0.26639747619628906,0.7274799942970276,0.35
2864,False,numeric_mismatch,0.0,72,150,0.5714285714285715,1.0,0.4,6,15,6,6,0.3407942056655884,0.7540063858032227,0.35
2865,False,numeric_mismatch,0.0,49,244,0.4210526315789473,0.8,0.2857142857142857,5,14,4,4,0.32701703906059265,0.8141531944274902,0.35
2866,False,numeric_mismatch,0.0,The area of the hexagon is 108.,140,0.5263157894736842,0.8333333333333334,0.38461538461538464,6,13,5,5,0.316333532333374,0.815669596195221,0.35
2867,False,placeholder,0.0,insufficient information,125,0.0,0.0,0.0,0,13,0,0,0.0,0.0,0.0
2868,False,placeholder,0.0,insufficient information,608,0.0,0.0,0.0,0,14,0,0,0.0,0.0,0.0
2869,False,numeric_mismatch,0.0,1/3,35,0.5882352941176471,1.0,0.4166666666666667,5,12,5,5,0.30034878849983215,0.9920529127120972,0.35
2870,False,numeric_mismatch,0.0,64,144,0.4,0.6666666666666666,0.2857142857142857,6,14,4,4,0.2971607446670532,0.8278505802154541,0.35
2871,False,placeholder,0.0,insufficient information,751,0.0,0.0,0.0,0,16,0,0,0.0,0.0,0.0
2872,False,exact,0.3,a. the length of the segment MN,1,0.6666666666666666,1.0,0.5,7,14,7,7,0.49925997853279114,0.9278748631477356,0.35
2873,True,exact,0.7,B) $2 + \frac{4\sqrt{3}}{3}$,B,0.6363636363636364,1.0,0.4666666666666667,7,15,7,7,0.3160693645477295,0.6547613739967346,0.35
2874,False,numeric_mismatch,0.0,400,20201,0.47058823529411764,1.0,0.3076923076923077,4,13,4,4,0.3043842017650604,0.6653386354446411,0.35
2875,False,exact,0.3,D) \(\frac{15!}{5!\cdot4!\cdot3!\cdot2!\cdot1!}\),B,0.33333333333333337,1.0,0.2,3,15,3,3,0.41436484456062317,0.7874343991279602,0.35
2876,True,exact,0.7,B) \(\frac{5\sqrt{5}}{3}\),B,0.30769230769230765,0.6666666666666666,0.2,3,10,2,2,0.2557312548160553,0.6773402094841003,0.35
2877,False,numeric_mismatch,0.0,8,6,0.5,1.0,0.3333333333333333,4,12,4,4,0.4935433566570282,0.9294195771217346,0.35
2878,False,placeholder,0.0,insufficient information,C,0.0,0.0,0.0,0,11,0,0,0.0,0.0,0.0
2879,False,choice,1.0,D,C,0.5882352941176471,1.0,0.4166666666666667,5,12,5,5,0.46100810170173645,0.8875198364257812,0.35
2880,False,exact,1.0,54,D,0.5,1.0,0.3333333333333333,3,9,3,3,0.23946955800056458,0.5759435296058655,0.35
2881,False,numeric_mismatch,0.0,36,46,0.5882352941176471,1.0,0.4166666666666667,5,12,5,5,0.3101660907268524,0.6751571297645569,0.35
2882,False,exact,0.3,B) 1.5π,C,0.7272727272727273,1.0,0.5714285714285714,8,14,8,8,0.45662227272987366,0.8576781749725342,0.35
2883,False,exact,0.3,B) W = R,A,0.7142857142857143,1.0,0.5555555555555556,5,9,5,5,0.43680599331855774,0.8491933345794678,0.35
2884,False,numeric_mismatch,0.0,Area of trapezoid $ABCD$ is 405,210,0.5714285714285715,1.0,0.4,6,15,6,6,0.37203657627105713,0.8951540589332581,0.35
2885,False,exact,0.3,C) 6π,E,0.7272727272727274,0.8888888888888888,0.6153846153846154,9,13,8,8,0.39165958762168884,0.828666627407074,0.35
2886,True,numeric_exact,1.0,6,6,0.4285714285714285,0.75,0.3,4,10,3,3,0.3279193341732025,0.7623371481895447,0.35
2887,False,placeholder,0.0,insufficient information,C,0.0,0.0,0.0,0,14,0,0,0.0,0.0,0.0
2888,False,numeric_mismatch,0.0,5,20,0.6,1.0,0.42857142857142855,6,14,6,6,0.2636825144290924,0.9268685579299927,0.35
2889,False,exact,1.0,"1,004,004",C,0.5,0.5,0.5,8,8,4,4,0.273898720741272,0.8392484784126282,0.35
2890,False,numeric_mismatch,0.0,$28,108,0.47058823529411764,1.0,0.3076923076923077,4,13,4,4,0.34146660566329956,0.7108076810836792,0.35
2891,False,exact,0.3,E) 22,D,0.7368421052631579,1.0,0.5833333333333334,7,12,7,7,0.31246504187583923,0.7965091466903687,0.35
2892,False,exact,0.3,π - √3,E,0.6,1.0,0.42857142857142855,6,14,6,6,0.5231722593307495,0.895149290561676,0.35
2893,False,exact,0.3,B) \(\frac{21}{2}\),D,0.4,1.0,0.25,4,16,4,4,0.29966074228286743,0.6591745018959045,0.35
2894,False,placeholder,0.0,insufficient information,D,0.0,0.0,0.0,0,14,0,0,0.0,0.0,0.0
2895,True,exact,0.7,C) \(\frac{2}{21}\),C,0.4444444444444445,1.0,0.2857142857142857,4,14,4,4,0.30384641885757446,0.6978495717048645,0.35
2896,False,placeholder,0.0,insufficient information,4,0.0,0.0,0.0,0,12,0,0,0.0,0.0,0.0
2897,False,numeric_mismatch,0.0,8,19,0.25,1.0,0.14285714285714285,2,14,2,2,0.30195775628089905,0.6628206372261047,0.35
2898,False,placeholder,0.0,insufficient information,C,0.0,0.0,0.0,0,12,0,0,0.0,0.0,0.0
2899,False,placeholder,0.0,insufficient information,D,0.0,0.0,0.0,0,14,0,0,0.0,0.0,0.0
2900,False,exact,0.3,C) \frac{\pi}{6},B,0.8,0.9090909090909091,0.7142857142857143,11,14,10,10,0.32492679357528687,0.7290947437286377,0.35
2901,False,exact,0.3,B) √5,D,0.4210526315789474,1.0,0.26666666666666666,4,15,4,4,0.3737143874168396,0.8020122051239014,0.35
2902,False,exact,0.3,B) πb²,A,0.4,1.0,0.25,3,12,3,3,0.30588299036026,0.688203752040863,0.35
2903,True,exact,0.7,D) \(\frac{3 + 2\sqrt{3}}{3}\),D,0.7272727272727274,0.8888888888888888,0.6153846153846154,9,13,8,8,0.3613721430301666,0.8155799508094788,0.35
2904,False,exact,0.3,B) \(\frac{9}{25}\),E,0.33333333333333337,1.0,0.2,3,15,3,3,0.3449302315711975,0.6912605166435242,0.35
2905,False,exact,0.3,C) \(\frac{3}{10}\),D,0.56,0.6363636363636364,0.5,11,14,7,7,0.2895739674568176,0.7322614789009094,0.35
2906,False,exact,0.3,D) \(\frac{8}{3}\pi - 3\sqrt{2}\),B,0.5,1.0,0.3333333333333333,5,15,5,5,0.3982776701450348,0.8289647698402405,0.35
2907,False,numeric_mismatch,0.0,25,36,0.4210526315789473,0.8,0.2857142857142857,5,14,4,4,0.2967798113822937,0.7364994287490845,0.35
2908,False,exact,0.3,D) \(\frac{2}{3}\pi+\frac{\sqrt{3}}{3}\),B,0.4,1.0,0.25,3,12,3,3,0.35423240065574646,0.8537188172340393,0.35
2909,False,numeric_mismatch,0.0,6,12,0.47058823529411764,1.0,0.3076923076923077,4,13,4,4,0.2882395386695862,0.7159392237663269,0.35
2910,False,exact,0.3,B) √2,D,0.631578947368421,1.0,0.46153846153846156,6,13,6,6,0.3576785624027252,0.7573869228363037,0.35
2911,True,exact,0.7,B) \(\frac{1}{4}\),C,0.4166666666666667,0.8333333333333334,0.2777777777777778,6,18,5,5,0.3195917308330536,0.8071845769882202,0.35
2912,False,exact,0.3,80 - 10π,A,0.5,1.0,0.3333333333333333,4,12,4,4,0.3703499734401703,0.8949984312057495,0.35
2913,True,exact,0.7,B) \(\frac{3}{4}\),C,0.5263157894736842,0.8333333333333334,0.38461538461538464,6,13,5,5,0.30407407879829407,0.7681950330734253,0.35
2914,False,placeholder,0.0,insufficient information,6,0.0,0.0,0.0,0,12,0,0,0.0,0.0,0.0
2915,False,exact,0.3,"E) II, by 10π",C,0.5,0.6666666666666666,0.4,9,15,6,6,0.30192530155181885,0.7913549542427063,0.35
2916,False,numeric_mismatch,0.0,48,173,0.5882352941176471,1.0,0.4166666666666667,5,12,5,5,0.4939853250980377,0.984510600566864,0.35
2917,False,exact,0.3,C) \(\frac{64}{3}\),D,0.7000000000000001,0.875,0.5833333333333334,8,12,7,7,0.2890430688858032,0.8501493334770203,0.35
2918,False,placeholder,0.0,insufficient information,A,0.0,0.0,0.0,0,14,0,0,0.0,0.0,0.0
2919,True,exact,0.7,B) \(\frac{44}{3}\),B,0.35294117647058826,1.0,0.21428571428571427,3,14,3,3,0.2785845398902893,0.613935649394989,0.35
2920,False,placeholder,0.0,insufficient information,D,0.0,0.0,0.0,0,12,0,0,0.0,0.0,0.0
2921,False,placeholder,0.0,insufficient information,B,0.0,0.0,0.0,0,13,0,0,0.0,0.0,0.0
2922,False,placeholder,0.0,insufficient information,C,0.0,0.0,0.0,0,12,0,0,0.0,0.0,0.0
2923,True,exact,0.7,D) \(\frac{\pi}{6} + \frac{\sqrt{3} - 1}{2}\),A,0.4210526315789474,1.0,0.26666666666666666,4,15,4,4,0.336333304643631,0.8638705015182495,0.35
2924,False,exact,0.3,B) 17,D,0.5882352941176471,1.0,0.4166666666666667,5,12,5,5,0.4084109663963318,0.866361141204834,0.35
2925,False,exact,1.0,24√3,B,0.6086956521739131,0.7777777777777778,0.5,9,14,7,7,0.3136645555496216,0.7332163453102112,0.35
2926,False,numeric_mismatch,0.0,9.48,2.7,0.7826086956521738,0.8181818181818182,0.75,11,12,9,9,0.357063353061676,0.8662481904029846,0.35
2927,True,exact,0.7,B) \(\frac{5}{4}\),A,0.47619047619047616,0.8333333333333334,0.3333333333333333,6,15,5,5,0.3110429048538208,0.6980662941932678,0.35
2928,True,exact,0.7,C) \(\frac{3\sqrt{7} - \sqrt{3}}{2}\),C,0.7272727272727274,0.8888888888888888,0.6153846153846154,9,13,8,8,0.25673410296440125,0.8922098875045776,0.35
2929,True,exact,0.7,B) \(\frac{\pi}{6}\),A,0.5714285714285715,1.0,0.4,6,15,6,6,0.47488436102867126,0.7979394197463989,0.35
2930,True,exact,0.7,B) 7√3,B,0.631578947368421,1.0,0.46153846153846156,6,13,6,6,0.336384117603302,0.909035325050354,0.35
2931,False,numeric_mismatch,0.0,15,13,0.5,1.0,0.3333333333333333,5,15,5,5,0.39950889348983765,0.7498953938484192,0.35
2932,False,placeholder,0.0,insufficient information,A,0.0,0.0,0.0,0,13,0,0,0.0,0.0,0.0
2933,True,numeric_rounded,0.85,680,761,0.3529411764705882,0.75,0.23076923076923078,4,13,3,3,0.3171682059764862,0.6430215239524841,0.35
2934,False,placeholder,0.0,insufficient information,C,0.0,0.0,0.0,0,15,0,0,0.0,0.0,0.0
2935,True,exact,0.7,B) \(\frac{1}{6}\),C,0.6666666666666666,1.0,0.5,6,12,6,6,0.38818883895874023,0.8318597674369812,0.35
2936,False,numeric_mismatch,0.0,90,52.5,0.75,0.9,0.6428571428571429,10,14,9,9,0.32394838333129883,0.7853549122810364,0.35
2937,False,placeholder,0.0,insufficient information,C,0.0,0.0,0.0,0,11,0,0,0.0,0.0,0.0
2938,True,exact,0.7,Insufficient information,C,0.6428571428571429,0.6923076923076923,0.6,13,15,9,9,0.3068901002407074,0.8770897388458252,0.35
2939,True,exact,0.7,B) \(\frac{\sqrt{5} - 1}{2}\),B,0.4444444444444445,1.0,0.2857142857142857,4,14,4,4,0.3830067813396454,0.7833468317985535,0.35
2940,False,exact,0.3,D) 5 + 16√5/5,B,0.6666666666666667,0.7272727272727273,0.6153846153846154,11,13,8,8,0.2888296842575073,0.7911579608917236,0.35
2941,False,numeric_mismatch,0.0,180,100,0.7000000000000001,1.0,0.5384615384615384,7,13,7,7,0.41245195269584656,0.9329601526260376,0.35
2942,False,placeholder,0.0,insufficient information,B,0.0,0.0,0.0,0,13,0,0,0.0,0.0,0.0
2943,True,exact,0.7,B) \(\frac{\pi}{2}\),C,0.4444444444444445,1.0,0.2857142857142857,4,14,4,4,0.4241120517253876,0.6514420509338379,0.35
2944,False,exact,0.3,C) \(\frac{9}{4}\),D,0.5,0.8333333333333334,0.35714285714285715,6,14,5,5,0.34456580877304077,0.8364638686180115,0.35
2945,True,exact,0.7,C) \(\frac{2 - \sqrt{2}}{2}\),A,0.5,1.0,0.3333333333333333,4,12,4,4,0.2925374209880829,0.7821515798568726,0.35
2946,False,placeholder,0.0,insufficient information,130,0.0,0.0,0.0,0,17,0,0,0.0,0.0,0.0
2947,False,exact,0.3,C) \(\frac{2}{9}\),B,0.4444444444444445,1.0,0.2857142857142857,4,14,4,4,0.35667991638183594,0.7098990082740784,0.35
2948,False,placeholder,0.0,insufficient information,E,0.0,0.0,0.0,0,14,0,0,0.0,0.0,0.0
2949,False,placeholder,0.0,insufficient information,200,0.0,0.0,0.0,0,13,0,0,0.0,0.0,0.0
2950,False,exact,0.3,C) 12π + √3,A,0.7272727272727273,1.0,0.5714285714285714,8,14,8,8,0.43454858660697937,0.9197286367416382,0.35
2951,False,numeric_mismatch,0.0,10,2400,0.47058823529411764,0.8,0.3333333333333333,5,12,4,4,0.33406203985214233,0.8194082379341125,0.35
2952,True,numeric_exact,1.0,8,8,0.5,1.0,0.3333333333333333,5,15,5,5,0.3716183602809906,0.7610521912574768,0.35
2953,True,numeric_exact,1.0,56,56,0.4,1.0,0.25,4,16,4,4,0.35070663690567017,0.9128757119178772,0.35
2954,False,numeric_mismatch,0.0,10,13.5,0.4210526315789474,1.0,0.26666666666666666,4,15,4,4,0.35366684198379517,0.6914204955101013,0.35
2955,False,numeric_mismatch,0.0,1,1152,0.4210526315789474,1.0,0.26666666666666666,4,15,4,4,0.28712502121925354,0.6694604754447937,0.35
2956,False,placeholder,0.0,insufficient information,C,0.0,0.0,0.0,0,13,0,0,0.0,0.0,0.0
2957,True,exact,0.7,D) \(\frac{6+3\sqrt{3}}2\),C,0.375,1.0,0.23076923076923078,3,13,3,3,0.38789573311805725,0.7229743003845215,0.35
2958,False,exact,0.3,D) \(\frac{\sqrt{3}}{12}\),E,0.5,1.0,0.3333333333333333,4,12,4,4,0.2496860772371292,0.5915209054946899,0.35
2959,True,exact,0.7,C) \(\frac{2\sqrt{33}}{3}\),A,0.375,0.75,0.25,4,12,3,3,0.28330883383750916,0.7300745844841003,0.35
2960,False,exact,1.0,1:2,C,0.631578947368421,0.8571428571428571,0.5,7,12,6,6,0.34696871042251587,0.8343168497085571,0.35
2961,False,numeric_mismatch,0.0,16,26,0.5,1.0,0.3333333333333333,5,15,5,5,0.3505970239639282,0.9024837017059326,0.35
2962,True,exact,0.7,B) 3√3,B,0.5714285714285715,1.0,0.4,6,15,6,6,0.4407675862312317,0.7700240612030029,0.35
2963,True,exact,0.7,C) \(\frac{3\sqrt{3}}{16}\),A,0.5263157894736842,1.0,0.35714285714285715,5,14,5,5,0.3285970985889435,0.6102566123008728,0.35
2964,True,exact,0.7,B) \(\frac{\sqrt{5}-1}{2}\),B,0.5161290322580646,0.47058823529411764,0.5714285714285714,17,14,8,8,0.21451623737812042,0.8566668629646301,0.35
2965,False,exact,0.3,B) \(\frac{1+\sqrt{5}}{2}\),E,0.3636363636363636,0.4,0.3333333333333333,10,12,4,4,0.21785692870616913,0.7866383790969849,0.35
2966,True,numeric_rounded,0.85,25,22,0.5,1.0,0.3333333333333333,4,12,4,4,0.42437198758125305,0.7730578184127808,0.35
2967,True,exact,0.7,2 o'clock,C,0.4210526315789474,1.0,0.26666666666666666,4,15,4,4,0.3384796977043152,0.758694589138031,0.35
2968,False,placeholder,0.0,insufficient information,E,0.0,0.0,0.0,0,13,0,0,0.0,0.0,0.0
2969,True,exact,0.7,B) \(\frac{9\pi}{8}\),B,0.4210526315789474,1.0,0.26666666666666666,4,15,4,4,0.3194689452648163,0.48562172055244446,0.35
2970,False,exact,0.3,A) \(\frac{75}{12}\),B,0.5,1.0,0.3333333333333333,4,12,4,4,0.3207716643810272,0.6990516781806946,0.35
2971,False,placeholder,0.0,insufficient information,D,0.0,0.0,0.0,0,15,0,0,0.0,0.0,0.0
2972,False,placeholder,0.0,insufficient information,2,0.0,0.0,0.0,0,13,0,0,0.0,0.0,0.0
2973,False,placeholder,0.0,insufficient information,D,0.0,0.0,0.0,0,13,0,0,0.0,0.0,0.0
2974,False,exact,0.3,B) 1.5,A,0.4444444444444445,1.0,0.2857142857142857,4,14,4,4,0.45251184701919556,0.7822195291519165,0.35
2975,True,exact,0.7,D) \(\frac{10}{91}\),D,0.2666666666666667,1.0,0.15384615384615385,2,13,2,2,0.33039793372154236,0.6602744460105896,0.35
2976,False,numeric_mismatch,0.0,18,78,0.5,1.0,0.3333333333333333,5,15,5,5,0.38567647337913513,0.6931909322738647,0.35
2977,False,numeric_mismatch,0.0,10,12,0.4,1.0,0.25,3,12,3,3,0.31674331426620483,0.8136450052261353,0.35
2978,False,numeric_mismatch,0.0,33,24,0.5714285714285715,1.0,0.4,6,15,6,6,0.36958014965057373,0.8836601972579956,0.35
2979,True,exact,0.7,D) \(\frac{15}{8}\),D,0.5555555555555556,1.0,0.38461538461538464,5,13,5,5,0.3592469096183777,0.8465262055397034,0.35
2980,False,numeric_mismatch,0.0,13,69,0.5714285714285715,1.0,0.4,6,15,6,6,0.3858874440193176,0.8210341930389404,0.35
2981,False,exact,0.3,B) \(\frac{26}{27}\),D,0.6086956521739131,1.0,0.4375,7,16,7,7,0.3366115689277649,0.8636935353279114,0.35
2982,True,numeric_rounded,0.9,18,19,0.761904761904762,1.0,0.6153846153846154,8,13,8,8,0.40800586342811584,0.7948529720306396,0.35
2983,False,numeric_mismatch,0.0,3,12,0.5555555555555556,1.0,0.38461538461538464,5,13,5,5,0.3108178973197937,0.830764889717102,0.35
2984,False,exact,0.3,B) \(\frac{4}{3}\),E,0.47619047619047616,1.0,0.3125,5,16,5,5,0.289262056350708,0.8352324962615967,0.35
2985,False,placeholder,0.0,insufficient information,A,0.0,0.0,0.0,0,15,0,0,0.0,0.0,0.0
2986,False,placeholder,0.0,insufficient information,2,0.0,0.0,0.0,0,13,0,0,0.0,0.0,0.0
2987,False,exact,0.3,C) π(3√3 + 2),A,0.4615384615384615,1.0,0.3,3,10,3,3,0.27351319789886475,0.5666448473930359,0.35
2988,True,exact,0.7,B) 12 - 4√3,B,0.47058823529411764,1.0,0.3076923076923077,4,13,4,4,0.43490469455718994,0.7748925089836121,0.35
2989,False,placeholder,0.0,insufficient information,17,0.0,0.0,0.0,0,14,0,0,0.0,0.0,0.0
2990,False,numeric_mismatch,0.0,Area of triangle AMC = 144,96,0.47058823529411764,1.0,0.3076923076923077,4,13,4,4,0.38683396577835083,0.8281746506690979,0.35
2991,False,numeric_mismatch,0.0,5,810,0.47619047619047616,1.0,0.3125,5,16,5,5,0.3871424198150635,0.9560341238975525,0.35
2992,False,placeholder,0.0,insufficient information,C,0.0,0.0,0.0,0,14,0,0,0.0,0.0,0.0
2993,False,placeholder,0.0,insufficient information,D,0.0,0.0,0.0,0,14,0,0,0.0,0.0,0.0
2994,False,exact,0.3,8 - 4√2,B,0.5833333333333334,1.0,0.4117647058823529,7,17,7,7,0.3182528018951416,0.7311640977859497,0.35
2995,False,numeric_mismatch,0.0,50,170,0.6086956521739131,1.0,0.4375,7,16,7,7,0.3682122230529785,0.7260790467262268,0.35
2996,False,numeric_mismatch,0.0,24,84,0.5263157894736842,1.0,0.35714285714285715,5,14,5,5,0.36740589141845703,0.8158931136131287,0.35
2997,False,numeric_mismatch,0.0,8,6,0.4,1.0,0.25,4,16,4,4,0.313898503780365,0.5744112133979797,0.35
2998,False,exact,1.0,21\frac{3}{4},B,0.5454545454545454,1.0,0.375,6,16,6,6,0.30333900451660156,0.6236552000045776,0.35
2999,False,numeric_mismatch,0.0,25,117,0.5263157894736842,1.0,0.35714285714285715,5,14,5,5,0.30358752608299255,0.7970525622367859,0.35
3000,False,numeric_mismatch,0.0,72 + 18 + 3,147,0.6363636363636364,0.7777777777777778,0.5384615384615384,9,13,7,7,0.2985164523124695,0.7384057641029358,0.35
3001,False,numeric_mismatch,0.0,10,67,0.4,1.0,0.25,4,16,4,4,0.31947919726371765,0.6017951369285583,0.35
3002,False,exact,0.3,B) 47:43,E,0.35294117647058826,1.0,0.21428571428571427,3,14,3,3,0.37050583958625793,0.7486771941184998,0.35
3003,False,numeric_mismatch,0.0,17,367,0.4444444444444445,1.0,0.2857142857142857,4,14,4,4,0.3654855191707611,0.894854724407196,0.35
3004,False,numeric_mismatch,0.0,30,23,0.3,0.75,0.1875,4,16,3,3,0.2602042257785797,0.7645100951194763,0.35
3005,True,exact,0.7,C) \(\frac{13}{6}\),A,0.6153846153846153,0.7272727272727273,0.5333333333333333,11,15,8,8,0.267428457736969,0.731530487537384,0.35
3006,False,placeholder,0.0,insufficient information,68,0.0,0.0,0.0,0,18,0,0,0.0,0.0,0.0
3007,True,exact,0.7,"B) (6,2,1)",B,0.35294117647058826,1.0,0.21428571428571427,3,14,3,3,0.2590661644935608,0.7943836450576782,0.35
3008,False,numeric_mismatch,0.0,120,540,0.21052631578947364,0.4,0.14285714285714285,5,14,2,2,0.19510164856910706,0.6958686113357544,0.35
3009,False,placeholder,0.0,insufficient information,E,0.0,0.0,0.0,0,15,0,0,0.0,0.0,0.0
3010,False,exact,0.3,insufficient information,B,0.7692307692307692,0.7142857142857143,0.8333333333333334,14,12,10,10,0.35277071595191956,0.6981011033058167,0.35
3011,False,numeric_mismatch,0.0,1,8178,0.5714285714285715,1.0,0.4,6,15,6,6,0.3505170941352844,0.6861230731010437,0.35
3012,False,numeric_mismatch,0.0,10,337,0.4210526315789474,1.0,0.26666666666666666,4,15,4,4,0.32437384128570557,0.774471640586853,0.35
3013,False,placeholder,0.0,insufficient information,D,0.0,0.0,0.0,0,14,0,0,0.0,0.0,0.0
3014,False,exact,1.0,15\frac{3}{8},D,0.4444444444444445,1.0,0.2857142857142857,4,14,4,4,0.39753416180610657,0.7849507927894592,0.35
3015,False,numeric_mismatch,0.0,1,22,0.5454545454545454,1.0,0.375,6,16,6,6,0.41857805848121643,0.8771777153015137,0.35
3016,False,exact,0.3,E) √2 - 1,C,0.4444444444444445,1.0,0.2857142857142857,4,14,4,4,0.4481474459171295,0.8757755160331726,0.35
3017,False,numeric_mismatch,0.0,60,72,0.47619047619047616,0.8333333333333334,0.3333333333333333,6,15,5,5,0.375747948884964,0.7394719123840332,0.35
3018,True,exact,0.7,D) $rac{3}{28}$,D,0.5,1.0,0.3333333333333333,4,12,4,4,0.3578813374042511,0.7408871054649353,0.35
3019,False,placeholder,0.0,insufficient information,C,0.0,0.0,0.0,0,13,0,0,0.0,0.0,0.0
3020,False,placeholder,0.0,insufficient information,B,0.0,0.0,0.0,0,12,0,0,0.0,0.0,0.0
3021,False,exact,0.3,insufficient information,B,0.7586206896551724,0.7857142857142857,0.7333333333333333,14,15,11,11,0.38570451736450195,0.8236510753631592,0.35
3022,True,exact,0.7,B) \(\frac{1}{9}\triangle ABC\),C,0.5,1.0,0.3333333333333333,4,12,4,4,0.2910842001438141,0.628973662853241,0.35
3023,False,exact,0.3,E) √(h² + d²) - h,A,0.4210526315789473,0.8,0.2857142857142857,5,14,4,4,0.2683517038822174,0.680121660232544,0.35
3024,True,exact,0.7,B) \(\angle m = \frac{1}{2}(\angle p + \angle q)\),B,0.4444444444444445,1.0,0.2857142857142857,4,14,4,4,0.39719653129577637,0.7820152640342712,0.35
3025,True,exact,0.7,insufficient information,E,0.6363636363636365,0.7,0.5833333333333334,10,12,7,7,0.26296287775039673,0.5611281394958496,0.35
3026,False,placeholder,0.0,insufficient information,E,0.0,0.0,0.0,0,13,0,0,0.0,0.0,0.0
3027,False,placeholder,0.0,insufficient information,A,0.0,0.0,0.0,0,13,0,0,0.0,0.0,0.0
3028,True,exact,0.7,D) 15°,D,0.625,0.5,0.8333333333333334,20,12,10,10,0.3453875184059143,0.8022549748420715,0.35
3029,False,placeholder,0.0,insufficient information,B,0.0,0.0,0.0,0,14,0,0,0.0,0.0,0.0
3030,True,exact,0.7,C) $y = \frac{144 - 7x}{12}$,C,0.5833333333333334,0.7777777777777778,0.4666666666666667,9,15,7,7,0.24685801565647125,0.8045215606689453,0.35
3031,False,placeholder,0.0,insufficient information,E,0.0,0.0,0.0,0,12,0,0,0.0,0.0,0.0
3032,False,exact,1.0,r√2,A,0.5714285714285715,1.0,0.4,6,15,6,6,0.3742844760417938,0.7463691830635071,0.35
3033,True,exact,0.7,A) equal to BM + CM,A,0.5882352941176471,1.0,0.4166666666666667,5,12,5,5,0.4180205166339874,0.7549514770507812,0.35
3034,False,exact,0.3,B) 3: 2,C,0.5,1.0,0.3333333333333333,4,12,4,4,0.363734632730484,0.825921356678009,0.35
3035,True,exact,0.7,E) 2 : 1,E,0.5555555555555556,1.0,0.38461538461538464,5,13,5,5,0.3645765781402588,0.6912665963172913,0.35
3036,False,exact,0.3,B) y + z = a + b,E,0.631578947368421,1.0,0.46153846153846156,6,13,6,6,0.44932878017425537,0.7176589369773865,0.35
3037,False,exact,0.3,B) AE,D,0.5,1.0,0.3333333333333333,5,15,5,5,0.3858218193054199,0.8246423602104187,0.35
3038,False,exact,0.3,B) 17a - 51,C,0.33333333333333337,0.6,0.23076923076923078,5,13,3,3,0.23169101774692535,0.5876202583312988,0.35
3039,False,placeholder,0.0,insufficient information,A,0.0,0.0,0.0,0,14,0,0,0.0,0.0,0.0
3040,False,placeholder,0.0,insufficient information,D,0.0,0.0,0.0,0,14,0,0,0.0,0.0,0.0
3041,False,exact,0.3,E) FMC,A,0.5263157894736842,1.0,0.35714285714285715,5,14,5,5,0.4139861762523651,0.8748475909233093,0.35
3042,False,numeric_mismatch,0.0,36,12,0.6666666666666667,0.9,0.5294117647058824,10,17,9,9,0.3333247900009155,0.816703200340271,0.35
3043,False,numeric_mismatch,0.0,20,16,0.47058823529411764,1.0,0.3076923076923077,4,13,4,4,0.3253719210624695,0.7538844347000122,0.35
3044,False,exact,1.0,3,D,0.6,1.0,0.42857142857142855,6,14,6,6,0.341050922870636,0.6996023058891296,0.35
3045,False,exact,1.0,6,E,0.33333333333333337,1.0,0.2,3,15,3,3,0.3176532983779907,0.7017304301261902,0.35
3046,True,exact,0.7,B) 3√2,B,0.375,1.0,0.23076923076923078,3,13,3,3,0.3002402186393738,0.6012271642684937,0.35
3047,True,exact,0.7,D) remains constant at 30°,E,0.6,1.0,0.42857142857142855,6,14,6,6,0.404350608587265,0.8466503620147705,0.35
3048,True,exact,0.7,E) a+b+c,A,0.5555555555555556,1.0,0.38461538461538464,5,13,5,5,0.375906378030777,0.7210740447044373,0.35
3049,False,exact,0.3,D) 180(n-2),E,0.5555555555555556,1.0,0.38461538461538464,5,13,5,5,0.417927086353302,0.8283399343490601,0.35
3050,True,exact,0.7,A) $CD=BD=O'D$,D,0.5555555555555556,1.0,0.38461538461538464,5,13,5,5,0.41987934708595276,0.8300184607505798,0.35
3051,True,exact,0.7,A) $y^2 = rac{x^3}{2a - x}$,A,0.5,1.0,0.3333333333333333,5,15,5,5,0.2443663775920868,0.7215664982795715,0.35
3052,False,exact,0.3,B) 1:3,D,0.5,1.0,0.3333333333333333,4,12,4,4,0.32670530676841736,0.9421043395996094,0.35
3053,False,exact,1.0,50,D,0.5263157894736842,1.0,0.35714285714285715,5,14,5,5,0.3590429127216339,0.7950307726860046,0.35
3054,False,exact,1.0,0,D,0.5454545454545455,0.8571428571428571,0.4,7,15,6,6,0.26280009746551514,0.7289650440216064,0.35
3055,False,exact,1.0,15,B,0.6666666666666666,1.0,0.5,6,12,6,6,0.3305305242538452,0.731666624546051,0.35
3056,False,choice,1.0,B,D,0.47058823529411764,1.0,0.3076923076923077,4,13,4,4,0.33878934383392334,0.7830301523208618,0.35
3057,True,exact,0.7,insufficient information,E,0.7272727272727272,0.8,0.6666666666666666,10,12,8,8,0.3012939989566803,0.8223183155059814,0.35
3058,False,exact,0.3,B) 62°,C,0.5333333333333333,1.0,0.36363636363636365,4,11,4,4,0.42745092511177063,0.8120056390762329,0.35
3059,False,exact,0.3,B) \(\frac{n^2-n}{4n-2}\),D,0.5555555555555556,1.0,0.38461538461538464,5,13,5,5,0.34353911876678467,0.7602168321609497,0.35
3060,True,exact,0.7,B) 1:3,B,0.5,1.0,0.3333333333333333,4,12,4,4,0.3281199634075165,0.7917729616165161,0.35
3061,False,exact,1.0,√11,A,0.7272727272727273,1.0,0.5714285714285714,8,14,8,8,0.3940887451171875,0.8540668487548828,0.35
3062,False,exact,0.3,D) 1:4,C,0.5714285714285714,0.8571428571428571,0.42857142857142855,7,14,6,6,0.31542783975601196,0.7925752401351929,0.35
3063,False,numeric_mismatch,0.0,n = 3,4,0.5555555555555556,1.0,0.38461538461538464,5,13,5,5,0.3085947632789612,0.6175981760025024,0.35
3064,False,exact,0.3,B) \(\sqrt{1.25}\),D,0.31578947368421056,0.75,0.2,4,15,3,3,0.22106195986270905,0.6449171900749207,0.35
3065,False,exact,0.3,B) 3x+1,E,0.3636363636363636,1.0,0.2222222222222222,4,18,4,4,0.3710826337337494,0.820174515247345,0.35
3066,False,exact,0.3,C) 3 sec θ csc θ,A,0.25,1.0,0.14285714285714285,4,28,4,4,0.2624967098236084,0.7543783187866211,0.35
3067,True,exact,0.7,B) √65,B,0.3870967741935483,0.8571428571428571,0.25,7,24,6,6,0.3336312770843506,0.8725807070732117,0.35
3068,False,exact,0.3,B) 32π/3,D,0.6153846153846153,1.0,0.4444444444444444,8,18,8,8,0.3844183683395386,0.8679293394088745,0.35
3069,False,exact,1.0,IV,B,0.16666666666666666,0.6666666666666666,0.09523809523809523,3,21,2,2,0.23858197033405304,0.6638439893722534,0.35
3070,False,exact,0.3,D) I and II only,E,0.3125,1.0,0.18518518518518517,5,27,5,5,0.3709520101547241,0.7057489156723022,0.35
3071,False,exact,0.3,B) 1 - √3/3,A,0.42424242424242425,1.0,0.2692307692307692,7,26,7,7,0.3598554730415344,0.8977692127227783,0.35
3072,True,exact,0.7,B) 6,B,0.33333333333333337,1.0,0.2,4,20,4,4,0.35918864607810974,0.6802756190299988,0.35
3073,True,exact,0.7,C) \(\frac{9k}{8}\),C,0.2631578947368421,1.0,0.15151515151515152,5,33,5,5,0.38842344284057617,0.7200973629951477,0.35
3074,True,exact,0.7,B) $2\sqrt{31}$,B,0.8484848484848484,1.0,0.7368421052631579,14,19,14,14,0.3757271468639374,0.9370766282081604,0.35
3075,True,exact,0.7,C) \(\frac{2}{3}\),C,0.29629629629629634,1.0,0.17391304347826086,4,23,4,4,0.33510997891426086,0.699603796005249,0.35
3076,True,exact,0.7,B) \(\frac{4}{3}\),A,0.35294117647058826,1.0,0.21428571428571427,3,14,3,3,0.3056650757789612,0.7864488363265991,0.35
3077,True,exact,0.7,E) √22,E,0.29629629629629634,1.0,0.17391304347826086,4,23,4,4,0.34385350346565247,0.6860681772232056,0.35
3078,False,exact,1.0,16,C,0.4666666666666667,1.0,0.30434782608695654,7,23,7,7,0.4200119078159332,0.8928064107894897,0.35
3079,True,exact,0.7,C) always equal to the length of an external common tangent,C,0.5882352941176471,1.0,0.4166666666666667,5,12,5,5,0.44555988907814026,0.8995407819747925,0.35
3080,False,placeholder,0.0,insufficient information,C,0.0,0.0,0.0,0,19,0,0,0.0,0.0,0.0
3081,False,exact,0.3,C) 20°,B,0.19354838709677416,1.0,0.10714285714285714,3,28,3,3,0.3809387683868408,0.7387610673904419,0.35
3082,False,exact,0.3,C) 36+9√3,D,0.4444444444444445,1.0,0.2857142857142857,6,21,6,6,0.41599175333976746,0.8083252310752869,0.35
3083,False,placeholder,0.0,insufficient information,A,0.0,0.0,0.0,0,12,0,0,0.0,0.0,0.0
3084,False,exact,1.0,three,3,0.375,1.0,0.23076923076923078,3,13,3,3,0.5179253220558167,0.7869250178337097,0.35
3085,True,exact,0.7,C) \(\frac{\sqrt{3}}{2}\),C,0.25806451612903225,1.0,0.14814814814814814,4,27,4,4,0.36644116044044495,0.9046693444252014,0.35
3086,False,exact,1.0,4.8,B,0.4166666666666667,1.0,0.2631578947368421,5,19,5,5,0.3622138500213623,0.7258784770965576,0.35
3087,False,placeholder,0.0,insufficient information,E,0.0,0.0,0.0,0,21,0,0,0.0,0.0,0.0
3088,True,numeric_exact,1.0,18,18,0.3636363636363636,1.0,0.2222222222222222,4,18,4,4,0.47907230257987976,0.9034633040428162,0.35
3089,False,numeric_mismatch,0.0,90,15,0.5,1.0,0.3333333333333333,6,18,6,6,0.4875294864177704,0.7760917544364929,0.35
3090,True,exact,0.7,B) 15°,B,0.6875000000000001,1.0,0.5238095238095238,11,21,11,11,0.360962450504303,0.8754769563674927,0.35
3091,True,exact,0.7,C) I. and II. only,C,0.4347826086956522,1.0,0.2777777777777778,5,18,5,5,0.4046049416065216,0.9285423159599304,0.35
3092,True,exact,0.7,B) \(\frac{3}{4}\),C,0.47058823529411764,1.0,0.3076923076923077,4,13,4,4,0.3687950670719147,0.8487456440925598,0.35
3093,False,placeholder,0.0,insufficient information,D,0.0,0.0,0.0,0,20,0,0,0.0,0.0,0.0
3094,True,exact,0.7,B) \(\frac{\sqrt{3}}{8}\),B,0.3125,0.8333333333333334,0.19230769230769232,6,26,5,5,0.31865131855010986,0.8187769651412964,0.35
3095,False,exact,0.3,E) 150°,C,0.5,1.0,0.3333333333333333,6,18,6,6,0.4330118000507355,0.7990639805793762,0.35
3096,False,placeholder,0.0,insufficient information,B,0.0,0.0,0.0,0,18,0,0,0.0,0.0,0.0
3097,False,numeric_mismatch,0.0,60,36,0.45454545454545453,1.0,0.29411764705882354,5,17,5,5,0.44690799713134766,0.8829325437545776,0.35
3098,True,exact,0.7,B) \(\frac{1}{4}\),A,0.3571428571428571,1.0,0.21739130434782608,5,23,5,5,0.40478140115737915,0.7719757556915283,0.35
3099,False,exact,0.3,D) \(\frac{5}{2} - \frac{1}{2} \sin \left(\frac{1}{2} \theta\right)\),B,0.4347826086956522,1.0,0.2777777777777778,5,18,5,5,0.36233875155448914,0.9366962313652039,0.35
3100,False,exact,1.0,6,C,0.631578947368421,1.0,0.46153846153846156,6,13,6,6,0.3478544056415558,0.7909905910491943,0.35
3101,True,exact,0.7,E) \text{not uniquely determined by the given information},A,0.30303030303030304,1.0,0.17857142857142858,5,28,5,5,0.3946983218193054,0.7894306778907776,0.35
3102,False,placeholder,0.0,insufficient information,C,0.0,0.0,0.0,0,13,0,0,0.0,0.0,0.0
3103,False,numeric_mismatch,0.0,36,30,0.41379310344827586,1.0,0.2608695652173913,6,23,6,6,0.35971134901046753,0.7689899802207947,0.35
3104,False,exact,0.3,B) 15√2,C,0.27777777777777773,1.0,0.16129032258064516,5,31,5,5,0.3748840093612671,0.9297853112220764,0.35
3105,False,placeholder,0.0,insufficient information,D,0.0,0.0,0.0,0,27,0,0,0.0,0.0,0.0
3106,False,exact,0.3,B) \(\frac{3}{2}s\sqrt{2}\),E,0.33333333333333337,1.0,0.2,3,15,3,3,0.3685409426689148,0.6904866099357605,0.35
3107,False,exact,0.3,D) 10,A,0.23529411764705882,1.0,0.13333333333333333,4,30,4,4,0.308764785528183,0.8140538334846497,0.35
3108,True,exact,0.7,D) \(\frac{21}{32}\),D,0.33333333333333337,1.0,0.2,4,20,4,4,0.3036970794200897,0.8341339826583862,0.35
3109,False,exact,0.3,C) \(\frac{3}{2}\),D,0.21428571428571425,1.0,0.12,3,25,3,3,0.3089107871055603,0.6004945039749146,0.35
3110,True,numeric_rounded,0.9,13,12,0.34782608695652173,1.0,0.21052631578947367,4,19,4,4,0.3978622257709503,0.9655397534370422,0.35
3111,False,exact,0.3,B) 5,C,0.3125,1.0,0.18518518518518517,5,27,5,5,0.3940519690513611,0.8609250783920288,0.35
3112,False,placeholder,0.0,insufficient information,C,0.0,0.0,0.0,0,17,0,0,0.0,0.0,0.0
3113,False,exact,0.3,C) \(\frac{20}{3}\),B,0.3076923076923077,1.0,0.18181818181818182,4,22,4,4,0.33569204807281494,0.8534746766090393,0.35
3114,True,exact,0.7,C) 150,C,0.4444444444444445,1.0,0.2857142857142857,6,21,6,6,0.38537266850471497,0.8306378126144409,0.35
3115,False,placeholder,0.0,insufficient information,B,0.0,0.0,0.0,0,21,0,0,0.0,0.0,0.0
3116,False,placeholder,0.0,insufficient information,E,0.0,0.0,0.0,0,17,0,0,0.0,0.0,0.0
3117,False,exact,0.3,E) \(\frac{24}{5}\),D,0.4210526315789474,1.0,0.26666666666666666,4,15,4,4,0.403068482875824,0.7868430018424988,0.35
3118,False,exact,1.0,first,B,0.4,1.0,0.25,5,20,5,5,0.32849258184432983,0.8701801300048828,0.35
3119,True,numeric_exact,1.0,6,6,0.3157894736842105,1.0,0.1875,3,16,3,3,0.34942975640296936,0.6790505647659302,0.35
3120,False,numeric_mismatch,0.0,1,4.2,0.6666666666666667,0.9,0.5294117647058824,10,17,9,9,0.3536824882030487,0.8279406428337097,0.35
3121,False,placeholder,0.0,insufficient information,D,0.0,0.0,0.0,0,26,0,0,0.0,0.0,0.0
3122,False,placeholder,0.0,insufficient information,B,0.0,0.0,0.0,0,18,0,0,0.0,0.0,0.0
3123,False,exact,0.3,C) 50°,D,0.38095238095238093,1.0,0.23529411764705882,4,17,4,4,0.3993209898471832,0.7311387658119202,0.35
3124,True,exact,0.7,32 inches,C,0.5333333333333333,1.0,0.36363636363636365,8,22,8,8,0.39813631772994995,0.8406169414520264,0.35
3125,True,numeric_rounded,0.9,6,6.5,0.4347826086956522,1.0,0.2777777777777778,5,18,5,5,0.4017927944660187,0.8851460814476013,0.35
3126,False,numeric_mismatch,0.0,21,9,0.5517241379310346,0.8888888888888888,0.4,9,20,8,8,0.3485909700393677,0.7896550893783569,0.35
3127,True,exact,0.7,B) \(\tan \theta = 2\theta\),B,0.4210526315789474,1.0,0.26666666666666666,4,15,4,4,0.29726096987724304,0.7841970920562744,0.35
3128,True,exact,0.7,C) \(\cos^2\alpha\),C,0.5,1.0,0.3333333333333333,7,21,7,7,0.38855209946632385,0.7175239324569702,0.35
3129,False,placeholder,0.0,insufficient information,C,0.0,0.0,0.0,0,21,0,0,0.0,0.0,0.0
3130,False,exact,1.0,7,E,0.33333333333333337,1.0,0.2,4,20,4,4,0.4287111759185791,0.8100003600120544,0.35
3131,False,exact,0.3,E) 180-w+y+z,A,0.2608695652173913,1.0,0.15,3,20,3,3,0.45106714963912964,0.7981029152870178,0.35
3132,True,exact,0.7,C) between 15 and 16,C,0.5806451612903226,1.0,0.4090909090909091,9,22,9,9,0.34692803025245667,0.8766029477119446,0.35
3133,False,exact,0.3,C) \(\frac{\sqrt{10}}{5}\),B,0.4827586206896552,1.0,0.3181818181818182,7,22,7,7,0.2628113925457001,0.7448136210441589,0.35
3134,False,numeric_mismatch,0.0,105,392,0.33333333333333337,1.0,0.2,4,20,4,4,0.4973904490470886,0.9019268155097961,0.35
3135,False,placeholder,0.0,insufficient information,E,0.0,0.0,0.0,0,21,0,0,0.0,0.0,0.0
3136,True,numeric_rounded,0.85,40,36,0.5,1.0,0.3333333333333333,6,18,6,6,0.4607403576374054,0.9583397507667542,0.35
3137,True,numeric_exact,1.0,13,13,0.5,1.0,0.3333333333333333,7,21,7,7,0.3701198399066925,0.841124415397644,0.35
3138,False,choice,1.0,E,C,0.34782608695652173,1.0,0.21052631578947367,4,19,4,4,0.45565736293792725,0.8253606557846069,0.35
3139,True,exact,0.7,B) \(\frac{1}{6}\),C,0.4799999999999999,1.0,0.3157894736842105,6,19,6,6,0.34054985642433167,0.930915355682373,0.35
3140,False,exact,0.3,D) \(\frac{8+4\sqrt{3}}{3}\),E,0.45161290322580644,1.0,0.2916666666666667,7,24,7,7,0.3177236318588257,0.8878446817398071,0.35
3141,False,placeholder,0.0,insufficient information,D,0.0,0.0,0.0,0,16,0,0,0.0,0.0,0.0
3142,False,numeric_mismatch,0.0,36,81,0.6666666666666667,0.8461538461538461,0.55,13,20,11,11,0.37737566232681274,0.8399412631988525,0.35
3143,False,numeric_mismatch,0.0,3,4.0,0.2608695652173913,1.0,0.15,3,20,3,3,0.40533408522605896,0.892035722732544,0.35
3144,False,numeric_mismatch,0.0,22,430,0.6,1.0,0.42857142857142855,6,14,6,6,0.5727827548980713,0.8929320573806763,0.35
3145,False,placeholder,0.0,insufficient information,C,0.0,0.0,0.0,0,28,0,0,0.0,0.0,0.0
3146,False,exact,0.3,E) \(\frac{1}{(1 - \cos \alpha)^2}\),B,0.4799999999999999,1.0,0.3157894736842105,6,19,6,6,0.3274633586406708,0.617118239402771,0.35
3147,False,exact,1.0,4:3,E,0.37499999999999994,0.6,0.2727272727272727,5,11,3,3,0.2344231754541397,0.6441608667373657,0.35
3148,False,numeric_mismatch,0.0,20%,2,0.3846153846153846,1.0,0.23809523809523808,5,21,5,5,0.2583383023738861,0.7438719272613525,0.35
3149,False,exact,1.0,"(36,45)",D,0.28169014084507044,1.0,0.16393442622950818,10,61,10,10,0.28583329916000366,0.8470509648323059,0.35
3150,False,numeric_mismatch,0.0,8,2,0.5333333333333333,0.8888888888888888,0.38095238095238093,9,21,8,8,0.33129259943962097,0.9442999958992004,0.35
3151,False,placeholder,0.0,insufficient information,A,0.0,0.0,0.0,0,18,0,0,0.0,0.0,0.0
3152,False,numeric_mismatch,0.0,8,4.2,0.2857142857142857,1.0,0.16666666666666666,4,24,4,4,0.34396597743034363,0.840079665184021,0.35
3153,False,exact,0.3,B) 5,A,0.33333333333333337,1.0,0.2,4,20,4,4,0.28383079171180725,0.829165518283844,0.35
3154,False,exact,1.0,291,E,0.37037037037037035,1.0,0.22727272727272727,5,22,5,5,0.3251103460788727,0.7430986166000366,0.35
3155,False,numeric_mismatch,0.0,18,128,0.4166666666666667,1.0,0.2631578947368421,5,19,5,5,0.388731986284256,0.9161110520362854,0.35
3156,False,exact,0.3,E) 4π,B,0.6486486486486487,1.0,0.48,12,25,12,12,0.3679341673851013,0.8227810859680176,0.35
3157,True,exact,0.7,C) \(\frac{7}{15}\),C,0.4347826086956522,1.0,0.2777777777777778,5,18,5,5,0.3532394468784332,0.7776140570640564,0.35
3158,True,exact,0.7,B) \(\frac{7}{20}\sqrt{21}\),B,0.4210526315789474,1.0,0.26666666666666666,4,15,4,4,0.4205370843410492,0.8473195433616638,0.35
3159,False,numeric_mismatch,0.0,103,2601,0.7499999999999999,1.0,0.6,9,15,9,9,0.44325020909309387,0.8399758338928223,0.35
3160,False,placeholder,0.0,insufficient information,E,0.0,0.0,0.0,0,18,0,0,0.0,0.0,0.0
3161,True,numeric_exact,1.0,18,18,0.33333333333333337,1.0,0.2,4,20,4,4,0.3675882816314697,0.8667158484458923,0.35
3162,False,placeholder,0.0,insufficient information,36,0.0,0.0,0.0,0,26,0,0,0.0,0.0,0.0
3163,False,placeholder,0.0,insufficient information,B,0.0,0.0,0.0,0,26,0,0,0.0,0.0,0.0
3164,False,placeholder,0.0,insufficient information,D,0.0,0.0,0.0,0,16,0,0,0.0,0.0,0.0
3165,True,exact,0.7,B) 7√3,B,0.43478260869565216,0.7142857142857143,0.3125,7,16,5,5,0.25462502241134644,0.7047466039657593,0.35
3166,False,exact,1.0,4,A,0.4285714285714285,0.75,0.3,8,20,6,6,0.2718389332294464,0.7787741422653198,0.35
3167,False,numeric_mismatch,0.0,1,114,0.32,1.0,0.19047619047619047,4,21,4,4,0.5629826784133911,0.8142623901367188,0.35
3168,True,exact,0.7,B) cos 6° sin 12° csc 18°,B,0.6666666666666666,1.0,0.5,6,12,6,6,0.3447869122028351,0.8002586960792542,0.35
3169,True,exact,0.7,exactly 15 such triangles,E,0.3448275862068966,1.0,0.20833333333333334,5,24,5,5,0.27871769666671753,0.7423592805862427,0.35
3170,False,numeric_mismatch,0.0,24,12,0.45454545454545453,1.0,0.29411764705882354,5,17,5,5,0.42580464482307434,0.7449016571044922,0.35
3171,False,numeric_mismatch,0.0,35,15,0.4444444444444445,1.0,0.2857142857142857,4,14,4,4,0.47675246000289917,0.7329950332641602,0.35
3172,False,numeric_mismatch,0.0,100,175,0.32,1.0,0.19047619047619047,4,21,4,4,0.39356961846351624,0.7902954816818237,0.35
3173,False,numeric_mismatch,0.0,196,100,0.4210526315789474,1.0,0.26666666666666666,4,15,4,4,0.4585287272930145,0.9373276233673096,0.35
3174,False,placeholder,0.0,insufficient information,B,0.0,0.0,0.0,0,22,0,0,0.0,0.0,0.0
3175,True,numeric_rounded,0.85,10,9,0.4,1.0,0.25,4,16,4,4,0.40449392795562744,0.7867969870567322,0.35
3176,False,exact,0.3,B) \(\frac{1}{3}\),E,0.4166666666666667,1.0,0.2631578947368421,5,19,5,5,0.316860556602478,0.7977273464202881,0.35
3177,False,placeholder,0.0,insufficient information,5,0.0,0.0,0.0,0,21,0,0,0.0,0.0,0.0
3178,True,exact,0.7,D) \csc{\frac{1}{2}},A,0.4444444444444445,1.0,0.2857142857142857,6,21,6,6,0.4735455811023712,0.8832759857177734,0.35
3179,False,exact,0.3,B) B,C,0.38095238095238093,1.0,0.23529411764705882,4,17,4,4,0.4780060350894928,0.7586314082145691,0.35
3180,False,placeholder,0.0,insufficient information,C,0.0,0.0,0.0,0,17,0,0,0.0,0.0,0.0
3181,False,numeric_mismatch,0.0,6,16,0.4444444444444445,1.0,0.2857142857142857,4,14,4,4,0.502886950969696,0.8398597240447998,0.35
3182,False,numeric_mismatch,0.0,2,4,0.6923076923076924,1.0,0.5294117647058824,9,17,9,9,0.4367840886116028,0.9773910045623779,0.35
3183,False,placeholder,0.0,insufficient information,C,0.0,0.0,0.0,0,10,0,0,0.0,0.0,0.0
3184,False,placeholder,0.0,insufficient information,C,0.0,0.0,0.0,0,24,0,0,0.0,0.0,0.0
3185,False,numeric_mismatch,0.0,8,184,0.6666666666666666,1.0,0.5,7,14,7,7,0.4436631500720978,0.7535961866378784,0.35
3186,True,numeric_rounded,0.9,18,19,0.45454545454545453,1.0,0.29411764705882354,5,17,5,5,0.45862749218940735,0.7999097108840942,0.35
3187,False,exact,0.3,C) n/m,B,0.5384615384615384,1.0,0.3684210526315789,7,19,7,7,0.4598284959793091,0.8942221403121948,0.35
3188,False,numeric_mismatch,0.0,The area of the rectangle $ABCD$ is approximately 72 square units.,150,0.3571428571428571,1.0,0.21739130434782608,5,23,5,5,0.3174935281276703,0.852590799331665,0.35
3189,False,exact,0.3,B) \(\frac{\sqrt{3}}{3}\),D,0.4166666666666667,1.0,0.2631578947368421,5,19,5,5,0.4538240134716034,0.7962353825569153,0.35
3190,True,exact,0.7,not uniquely determined,D,0.5714285714285715,0.9090909090909091,0.4166666666666667,11,24,10,10,0.3343697786331177,0.8461474180221558,0.35
3191,False,numeric_mismatch,0.0,24,44,0.4,1.0,0.25,4,16,4,4,0.4488344192504883,0.7764785289764404,0.35
3192,False,numeric_mismatch,0.0,35,80,0.2758620689655173,1.0,0.16,4,25,4,4,0.38886651396751404,0.8942475318908691,0.35
3193,True,exact,0.7,B) $3 - \frac{\sqrt{3}}{2}$,C,0.3448275862068966,1.0,0.20833333333333334,5,24,5,5,0.36755579710006714,0.8510843515396118,0.35
3194,True,numeric_rounded,0.9,60,64,0.5714285714285715,1.0,0.4,6,15,6,6,0.45173215866088867,0.8949487209320068,0.35
3195,False,numeric_mismatch,0.0,0.5,2.37,0.8235294117647058,1.0,0.7,7,10,7,7,0.42680343985557556,0.7191261649131775,0.35
3196,False,exact,0.3,B) 2/3,D,0.4799999999999999,1.0,0.3157894736842105,6,19,6,6,0.3453366756439209,0.9221460223197937,0.35
3197,False,placeholder,0.0,insufficient information,5,0.0,0.0,0.0,0,13,0,0,0.0,0.0,0.0
3198,True,choice,1.0,E,E,0.2857142857142857,1.0,0.16666666666666666,4,24,4,4,0.3869026005268097,0.6184396147727966,0.35
3199,False,exact,0.3,B) \(\frac{2}{3}\),D,0.3571428571428571,1.0,0.21739130434782608,5,23,5,5,0.27299174666404724,0.7168125510215759,0.35
3200,False,numeric_mismatch,0.0,196,49,0.6363636363636364,1.0,0.4666666666666667,7,15,7,7,0.5003402829170227,0.8518621325492859,0.35
3201,True,exact,0.7,E) \(\frac{a^2 + 2ab}{b^2 + 2ab}\),B,0.5,1.0,0.3333333333333333,4,12,4,4,0.43086686730384827,0.8772871494293213,0.35
3202,False,numeric_mismatch,0.0,270,1056,0.631578947368421,1.0,0.46153846153846156,6,13,6,6,0.4679413437843323,0.735284686088562,0.35
3203,False,placeholder,0.0,insufficient information,11,0.0,0.0,0.0,0,24,0,0,0.0,0.0,0.0
3204,True,exact,0.7,D) \(\frac{1}{1 + \sin\theta}\),D,0.32,1.0,0.19047619047619047,4,21,4,4,0.4307139813899994,0.7804558873176575,0.35
3205,True,exact,0.7,D) The sum of the coefficients of P,C,0.4210526315789474,1.0,0.26666666666666666,4,15,4,4,0.28693094849586487,0.761314868927002,0.35
3206,False,exact,0.3,insufficient information,27,0.43750000000000006,0.875,0.2916666666666667,8,24,7,7,0.4133966863155365,0.8062070608139038,0.35
3207,False,numeric_mismatch,0.0,3,1680,0.5555555555555556,1.0,0.38461538461538464,5,13,5,5,0.4494505226612091,0.8236598372459412,0.35
3208,True,exact,0.7,C) \(\frac{5}{16}\),C,0.375,1.0,0.23076923076923078,6,26,6,6,0.3159402310848236,0.8220582604408264,0.35
3209,False,exact,0.3,C) \(\frac{5}{12}\),D,0.5454545454545454,1.0,0.375,6,16,6,6,0.40018510818481445,0.7975025773048401,0.35
3210,True,exact,0.7,B) \(\frac{35}{12}\),C,0.5161290322580645,1.0,0.34782608695652173,8,23,8,8,0.34094908833503723,0.9759231805801392,0.35
3211,False,placeholder,0.0,insufficient information,D,0.0,0.0,0.0,0,12,0,0,0.0,0.0,0.0
3212,False,numeric_mismatch,0.0,3,6,0.3333333333333333,0.8,0.21052631578947367,5,19,4,4,0.4352945387363434,0.8476663827896118,0.35
3213,True,exact,0.7,C) \(\frac{3 - \sqrt{3}}{3}\),C,0.6206896551724138,1.0,0.45,9,20,9,9,0.38087159395217896,0.7981269955635071,0.35
3214,False,placeholder,0.0,insufficient information,B,0.0,0.0,0.0,0,15,0,0,0.0,0.0,0.0
3215,False,placeholder,0.0,insufficient information,D,0.0,0.0,0.0,0,21,0,0,0.0,0.0,0.0
3216,True,exact,0.7,B) \(\frac{16}{5}\),B,0.2222222222222222,1.0,0.125,3,24,3,3,0.28905433416366577,0.5338119864463806,0.35
3217,False,numeric_mismatch,0.0,3,2,0.5,1.0,0.3333333333333333,5,15,5,5,0.42111578583717346,0.8710640072822571,0.35
3218,False,exact,1.0,-2,B,0.45454545454545453,1.0,0.29411764705882354,5,17,5,5,0.3400336802005768,0.7793372869491577,0.35
3219,False,numeric_mismatch,0.0,12,7,0.42857142857142855,1.0,0.2727272727272727,6,22,6,6,0.3194173276424408,0.837315022945404,0.35
3220,True,exact,0.7,B) -1 < mb < 0,B,0.3636363636363636,1.0,0.2222222222222222,4,18,4,4,0.4189370274543762,0.7150933146476746,0.35
3221,False,numeric_mismatch,0.0,3,4,0.6153846153846153,1.0,0.4444444444444444,8,18,8,8,0.42534807324409485,0.793671190738678,0.35
3222,False,exact,0.3,B) √5,D,0.5,1.0,0.3333333333333333,3,9,3,3,0.3689829111099243,0.8736185431480408,0.35
3223,False,exact,0.3,A) \(\frac{2}{3}\),D,0.4444444444444445,1.0,0.2857142857142857,8,28,8,8,0.35872188210487366,0.909590482711792,0.35
3224,False,exact,0.3,C) \(\frac{205}{12}\),D,0.29629629629629634,1.0,0.17391304347826086,4,23,4,4,0.34549063444137573,0.5531066060066223,0.35
3225,False,placeholder,0.0,insufficient information,B,0.0,0.0,0.0,0,13,0,0,0.0,0.0,0.0
3226,False,numeric_mismatch,0.0,\sqrt{3} - 1,9,0.5185185185185185,1.0,0.35,7,20,7,7,0.39000266790390015,0.7638178467750549,0.35
3227,True,exact,0.7,B) \(\frac{1}{9}\),A,0.2857142857142857,0.16666666666666666,1.0,6,1,1,1,0.5896856188774109,0.7490582466125488,0.35
3228,False,exact,0.3,B) \(\frac{25\pi}{2}\),E,0.4347826086956522,1.0,0.2777777777777778,5,18,5,5,0.38678547739982605,0.721076488494873,0.35
3229,False,exact,0.3,C) \(\frac{3}{5}\),B,0.6666666666666666,1.0,0.5,13,26,13,13,0.3481215834617615,0.8597808480262756,0.35
3230,False,exact,0.3,B) \(\frac{909}{119}\),E,0.7428571428571428,0.7647058823529411,0.7222222222222222,17,18,13,13,0.28609389066696167,0.8597558736801147,0.35
3231,False,numeric_mismatch,0.0,30,127,0.47058823529411764,1.0,0.3076923076923077,4,13,4,4,0.36285632848739624,0.7563573718070984,0.35
3232,True,numeric_exact,1.0,50,50,0.4,1.0,0.25,4,16,4,4,0.3509504199028015,0.842172384262085,0.35
3233,False,exact,0.3,"B) [500,600]",D,0.5384615384615384,1.0,0.3684210526315789,7,19,7,7,0.34196266531944275,0.8638019561767578,0.35
3234,False,numeric_mismatch,0.0,10,225,0.24000000000000002,1.0,0.13636363636363635,3,22,3,3,0.31328725814819336,0.6023880839347839,0.35
3235,False,numeric_mismatch,0.0,3,10,0.4,1.0,0.25,4,16,4,4,0.42320993542671204,0.8697716593742371,0.35
3236,False,numeric_mismatch,0.0,26,22,0.6956521739130436,1.0,0.5333333333333333,8,15,8,8,0.4491721987724304,0.8469663262367249,0.35
3237,True,exact,0.7,"C) (C, D, E, A, B)",E,0.32,1.0,0.19047619047619047,4,21,4,4,0.37398409843444824,0.7646886706352234,0.35
3238,True,exact,0.7,B) \(\frac{7\sqrt{6}}{16}\),A,0.4,1.0,0.25,5,20,5,5,0.3155929446220398,0.8074620366096497,0.35
3239,False,exact,0.3,D) $20\sqrt{2}+13\sqrt{3}$,A,0.45454545454545453,1.0,0.29411764705882354,5,17,5,5,0.4269263446331024,0.7242897152900696,0.35
3240,True,exact,0.7,B) \(\frac{625}{144}\),B,0.4444444444444445,1.0,0.2857142857142857,4,14,4,4,0.24882136285305023,0.8053390383720398,0.35
3241,True,exact,0.7,B) \(\frac{3}{2}\),C,0.2758620689655173,1.0,0.16,4,25,4,4,0.41857969760894775,0.80374675989151,0.35
3242,False,numeric_mismatch,0.0,3,16,0.33333333333333337,1.0,0.2,5,25,5,5,0.33597996830940247,0.707898736000061,0.35
3243,False,exact,0.3,B) 3 + 2√5,A,0.37037037037037035,1.0,0.22727272727272727,5,22,5,5,0.4465275704860687,0.9447948932647705,0.35
3244,True,numeric_exact,1.0,36,36,0.5833333333333334,1.0,0.4117647058823529,7,17,7,7,0.4590628445148468,0.9565878510475159,0.35
3245,True,exact,0.7,B) \(\frac{1}{4}\),C,0.32558139534883723,1.0,0.19444444444444445,7,36,7,7,0.222299724817276,0.7954712510108948,0.35
3246,False,placeholder,0.0,insufficient information,D,0.0,0.0,0.0,0,22,0,0,0.0,0.0,0.0
3247,False,placeholder,0.0,insufficient information,11,0.0,0.0,0.0,0,21,0,0,0.0,0.0,0.0
3248,False,exact,0.3,B) 5:3,C,0.17391304347826084,1.0,0.09523809523809523,2,21,2,2,0.36931225657463074,0.7631568908691406,0.35
3249,True,exact,0.7,D) \(\frac{8}{15}\sqrt{5}\),D,0.7368421052631579,1.0,0.5833333333333334,7,12,7,7,0.36870142817497253,0.7667009234428406,0.35
3250,True,exact,0.7,B) \(\frac{6}{7}\),B,0.2727272727272727,1.0,0.15789473684210525,3,19,3,3,0.5486568212509155,0.7984736561775208,0.35
3251,False,exact,1.0,200,C,0.33333333333333337,1.0,0.2,4,20,4,4,0.3425428867340088,0.7183810472488403,0.35
3252,False,numeric_mismatch,0.0,48,552,0.43902439024390244,1.0,0.28125,9,32,9,9,0.2813003659248352,0.8000901937484741,0.35
3253,False,numeric_mismatch,0.0,1008,4,0.21428571428571425,1.0,0.12,3,25,3,3,0.32151246070861816,0.7534223198890686,0.35
3254,False,placeholder,0.0,insufficient information,D,0.0,0.0,0.0,0,26,0,0,0.0,0.0,0.0
3255,False,exact,0.3,13 + 4√2,C,0.33333333333333337,1.0,0.2,4,20,4,4,0.34586480259895325,0.6946733593940735,0.35
3256,True,numeric_rounded,0.85,6,7,0.2857142857142857,1.0,0.16666666666666666,3,18,3,3,0.45638507604599,0.7544946670532227,0.35
3257,False,exact,0.3,C) 12,E,0.45161290322580644,1.0,0.2916666666666667,7,24,7,7,0.4450194835662842,0.9231858849525452,0.35
3258,False,placeholder,0.0,insufficient information,C,0.0,0.0,0.0,0,19,0,0,0.0,0.0,0.0
3259,False,placeholder,0.0,insufficient information,B,0.0,0.0,0.0,0,22,0,0,0.0,0.0,0.0
3260,False,numeric_mismatch,0.0,37,81,0.35,1.0,0.21212121212121213,7,33,7,7,0.30032777786254883,0.871700644493103,0.35
3261,False,choice,1.0,C,B,0.1568627450980392,1.0,0.0851063829787234,4,47,4,4,0.374240517616272,0.8091701865196228,0.35
3262,False,numeric_mismatch,0.0,10,44,0.23529411764705882,1.0,0.13333333333333333,4,30,4,4,0.2825511395931244,0.814001739025116,0.35
3263,False,numeric_mismatch,0.0,105,147,0.33333333333333337,1.0,0.2,4,20,4,4,0.38563308119773865,0.9121080040931702,0.35
3264,False,numeric_mismatch,0.0,13,-4,0.5185185185185185,1.0,0.35,7,20,7,7,0.4595951735973358,0.9357737898826599,0.35
3265,True,exact,0.7,insufficient information,A,0.48,0.8571428571428571,0.3333333333333333,7,18,6,6,0.2753142714500427,0.647465169429779,0.35
3266,False,numeric_mismatch,0.0,7,5,0.25,1.0,0.14285714285714285,3,21,3,3,0.45110729336738586,0.8824372291564941,0.35
3267,False,placeholder,0.0,insufficient information,E,0.0,0.0,0.0,0,14,0,0,0.0,0.0,0.0
3268,False,numeric_mismatch,0.0,60,46,0.3636363636363636,1.0,0.2222222222222222,4,18,4,4,0.35489562153816223,0.6156418323516846,0.35
3269,True,exact,0.7,D) \(\frac{4}{5}\),C,0.4210526315789474,1.0,0.26666666666666666,4,15,4,4,0.4540504217147827,0.7509434819221497,0.35
3270,True,numeric_rounded,0.9,37,36,0.4,1.0,0.25,4,16,4,4,0.5302760601043701,0.884227454662323,0.35
3271,False,choice,1.0,Z,E,0.35294117647058826,1.0,0.21428571428571427,3,14,3,3,0.4483201205730438,0.7404066324234009,0.35
3272,True,numeric_rounded,0.85,35,39,0.33333333333333337,1.0,0.2,4,20,4,4,0.3202522397041321,0.706279993057251,0.35
3273,False,exact,0.3,B) 4,A,0.2727272727272727,1.0,0.15789473684210525,3,19,3,3,0.39393147826194763,0.6822388768196106,0.35
3274,False,numeric_mismatch,0.0,4,6,0.47619047619047616,1.0,0.3125,5,16,5,5,0.4880114197731018,0.7201703786849976,0.35
3275,False,exact,0.3,C) 33 1/3%,D,0.33333333333333337,1.0,0.2,3,15,3,3,0.4546299874782562,0.8321459293365479,0.35
3276,True,exact,0.7,C) 28,C,0.88,1.0,0.7857142857142857,11,14,11,11,0.39940059185028076,0.7661483883857727,0.35
3277,False,numeric_mismatch,0.0,4.0,2.5,0.45454545454545453,1.0,0.29411764705882354,5,17,5,5,0.39236557483673096,0.7725865840911865,0.35
3278,False,numeric_mismatch,0.0,4,6,0.24999999999999997,0.75,0.15,4,20,3,3,0.29403626918792725,0.609589159488678,0.35
3279,True,exact,0.7,C) between 1 and 3/2,B,0.2666666666666667,1.0,0.15384615384615385,4,26,4,4,0.4669516980648041,0.8116418123245239,0.35
3280,False,exact,0.3,.088 m²,A,0.6153846153846153,1.0,0.4444444444444444,4,9,4,4,0.4300594627857208,0.908547043800354,0.35
3281,False,numeric_mismatch,0.0,54,20,0.3448275862068966,1.0,0.20833333333333334,5,24,5,5,0.5313864946365356,0.8663367629051208,0.35
3282,True,exact,0.7,D) \(\frac{2}{9}\),C,0.2608695652173913,1.0,0.15,3,20,3,3,0.4225383996963501,0.7182958722114563,0.35
3283,True,exact,0.7,E) 8 and 9,D,0.5925925925925926,1.0,0.42105263157894735,8,19,8,8,0.4268263876438141,0.9588291645050049,0.35
3284,True,exact,0.7,B) 10.15,B,0.4210526315789474,1.0,0.26666666666666666,4,15,4,4,0.42207056283950806,0.8355017900466919,0.35
3285,False,numeric_mismatch,0.0,3,11 ,0.15384615384615385,0.5,0.09090909090909091,2,11,1,1,0.4233740568161011,0.7885621190071106,0.35
3286,False,exact,0.3,insufficient information,B,0.8181818181818181,1.0,0.6923076923076923,9,13,9,9,0.4144681394100189,0.893939733505249,0.35
3287,False,numeric_mismatch,0.0,1,3,0.4444444444444445,1.0,0.2857142857142857,4,14,4,4,0.44885215163230896,0.7444576025009155,0.35
3288,False,numeric_mismatch,0.0,4,3,0.625,1.0,0.45454545454545453,5,11,5,5,0.5086061954498291,0.9188565015792847,0.35
3289,False,exact,0.3,E) unable to be determined from the information given,C,0.5555555555555556,1.0,0.38461538461538464,5,13,5,5,0.47254276275634766,0.9038214087486267,0.35
3290,True,numeric_rounded,0.9,125,130,0.375,1.0,0.23076923076923078,3,13,3,3,0.5407532453536987,0.8035692572593689,0.35
3291,False,choice,1.0,B,E,0.33333333333333337,1.0,0.2,3,15,3,3,0.5038629174232483,0.8915464282035828,0.35
3292,False,numeric_mismatch,0.0,6.67,12,0.5333333333333333,1.0,0.36363636363636365,4,11,4,4,0.39392712712287903,0.8148004412651062,0.35
3293,False,choice,1.0,C,B,0.3,1.0,0.17647058823529413,3,17,3,3,0.43610304594039917,0.6519770622253418,0.35
3294,False,numeric_mismatch,0.0,48,64,0.3157894736842105,1.0,0.1875,3,16,3,3,0.43502211570739746,0.7249746322631836,0.35
3295,False,numeric_mismatch,0.0,Approximately $6.5 million,2.5,0.5333333333333333,1.0,0.36363636363636365,4,11,4,4,0.4159199595451355,0.7985604405403137,0.35
3296,False,numeric_mismatch,0.0,18,14,0.47619047619047616,1.0,0.3125,5,16,5,5,0.33321842551231384,0.7551652193069458,0.35
3297,False,numeric_mismatch,0.0,20,33,0.4666666666666667,1.0,0.30434782608695654,7,23,7,7,0.46760159730911255,0.7633116245269775,0.35
3298,False,exact,0.3,B) \(\frac{2}{3}\),E,0.2553191489361702,1.0,0.14634146341463414,6,41,6,6,0.3779090940952301,0.7808456420898438,0.35
3299,True,exact,0.7,E) \frac{5}{7},C,0.7058823529411764,1.0,0.5454545454545454,12,22,12,12,0.4627041220664978,0.9743635058403015,0.35
3300,False,numeric_mismatch,0.0,456 + 789 = 1245,1047,0.4347826086956522,1.0,0.2777777777777778,5,18,5,5,0.4284713864326477,0.8766075968742371,0.35
3301,False,exact,0.3,C) \(\frac{5}{12}\),E,0.2857142857142857,1.0,0.16666666666666666,3,18,3,3,0.4592248499393463,0.8035222887992859,0.35
3302,False,choice,1.0,Q,A,0.5384615384615384,1.0,0.3684210526315789,7,19,7,7,0.359534353017807,0.7982576489448547,0.35
3303,False,numeric_mismatch,0.0,60,81,0.34782608695652173,1.0,0.21052631578947367,4,19,4,4,0.44024091958999634,0.902093768119812,0.35
3304,False,placeholder,0.0,insufficient information,E,0.0,0.0,0.0,0,19,0,0,0.0,0.0,0.0
3305,False,numeric_mismatch,0.0,16,36,0.6666666666666666,1.0,0.5,7,14,7,7,0.4809131622314453,0.9418724775314331,0.35
3306,True,exact,0.7,B) second (1-2),B,0.4,1.0,0.25,4,16,4,4,0.30182433128356934,0.6991543173789978,0.35
3307,False,numeric_mismatch,0.0,4,3,0.38095238095238093,1.0,0.23529411764705882,4,17,4,4,0.5013717412948608,0.8093569278717041,0.35
3308,False,numeric_mismatch,0.0,6,8,0.35294117647058826,1.0,0.21428571428571427,3,14,3,3,0.3437962830066681,0.5509588718414307,0.35
3309,True,exact,0.7,B) $3 	imes 5$,B,0.45454545454545453,1.0,0.29411764705882354,5,17,5,5,0.3665095269680023,0.7857893109321594,0.35
3310,True,numeric_exact,1.0,8,8,0.42857142857142855,1.0,0.2727272727272727,6,22,6,6,0.29868221282958984,0.7133474349975586,0.35
3311,False,exact,0.3,1 less,C,0.6956521739130436,1.0,0.5333333333333333,8,15,8,8,0.33691561222076416,0.7326149344444275,0.35
3312,False,numeric_mismatch,0.0,1,9,0.2857142857142857,1.0,0.16666666666666666,4,24,4,4,0.3833024501800537,0.8001010417938232,0.35
3313,True,exact,0.7,B) 23\frac{1}{3}%,C,0.23076923076923078,1.0,0.13043478260869565,3,23,3,3,0.4416511654853821,0.8667193055152893,0.35
3314,False,numeric_mismatch,0.0,9,1,0.37037037037037035,1.0,0.22727272727272727,5,22,5,5,0.43651068210601807,0.7838088274002075,0.35
3315,True,exact,0.7,D) \(\frac{7}{9}\),D,0.38095238095238093,1.0,0.23529411764705882,4,17,4,4,0.3888435363769531,0.7557333111763,0.35
3316,True,exact,0.7,C) \(\frac{243}{1024}\),C,0.25,1.0,0.14285714285714285,3,21,3,3,0.3978268802165985,0.8536153435707092,0.35
3317,False,exact,0.3,B) 2,E,0.47058823529411764,1.0,0.3076923076923077,4,13,4,4,0.37280401587486267,0.9074647426605225,0.35
3318,False,numeric_mismatch,0.0,7,1,0.4,1.0,0.25,4,16,4,4,0.3740995228290558,0.758159339427948,0.35
3319,False,numeric_mismatch,0.0,less than 240,160,0.6666666666666666,1.0,0.5,8,16,8,8,0.37247177958488464,0.846372127532959,0.35
3320,False,numeric_mismatch,0.0,32,20,0.5714285714285715,1.0,0.4,6,15,6,6,0.4911278486251831,0.8476417064666748,0.35
3321,True,exact,0.7,B) 24%,B,0.3157894736842105,1.0,0.1875,3,16,3,3,0.4281003773212433,0.8030768632888794,0.35
3322,False,choice,1.0,A,B,0.6666666666666666,1.0,0.5,9,18,9,9,0.5416929125785828,0.8454005718231201,0.35
3323,False,numeric_mismatch,0.0,7,4,0.4,1.0,0.25,3,12,3,3,0.46734797954559326,0.7622101902961731,0.35
3324,False,choice,1.0,B,D,0.2608695652173913,1.0,0.15,3,20,3,3,0.3964858949184418,0.8281028270721436,0.35
3325,False,exact,0.3,D) Apr,B,0.38095238095238093,0.8,0.25,5,16,4,4,0.30405354499816895,0.6777121424674988,0.35
3326,True,exact,0.7,C) 18,C,0.2608695652173913,1.0,0.15,3,20,3,3,0.5394822359085083,0.8898202776908875,0.35
3327,False,placeholder,0.0,insufficient information,7.7,0.0,0.0,0.0,0,18,0,0,0.0,0.0,0.0
3328,False,choice,1.0,B,C,0.5217391304347826,1.0,0.35294117647058826,6,17,6,6,0.5177021026611328,0.7669019103050232,0.35
3329,True,exact,0.7,B) March,B,0.2,0.5,0.125,4,16,2,2,0.19217054545879364,0.6714152693748474,0.35
3330,True,numeric_exact,1.0,70-75,70,0.4166666666666667,0.8333333333333334,0.2777777777777778,6,18,5,5,0.35828936100006104,0.7078020572662354,0.35
3331,False,numeric_mismatch,0.0,30,36,0.5714285714285715,1.0,0.4,6,15,6,6,0.45484459400177,0.940521776676178,0.35
3332,False,numeric_mismatch,0.0,675,500,0.47619047619047616,1.0,0.3125,5,16,5,5,0.4024537205696106,0.8255600929260254,0.35
3333,False,numeric_mismatch,0.0,640,320,0.34782608695652173,1.0,0.21052631578947367,4,19,4,4,0.3743160367012024,0.8169345259666443,0.35
3334,False,choice,1.0,D,B,0.35294117647058826,1.0,0.21428571428571427,3,14,3,3,0.4520234167575836,0.7946876883506775,0.35
3335,False,exact,0.3,D) 70°,B,0.5833333333333334,0.875,0.4375,8,16,7,7,0.33423715829849243,0.5522914528846741,0.35
3336,True,exact,0.7,The shaded areas in all three are equal.,A,0.2285714285714286,1.0,0.12903225806451613,4,31,4,4,0.3955599367618561,0.719754159450531,0.35
3337,False,choice,1.0,D,A,0.33333333333333337,1.0,0.2,4,20,4,4,0.326294481754303,0.6098267436027527,0.35
3338,True,choice,1.0,B,B,0.7272727272727273,1.0,0.5714285714285714,8,14,8,8,0.4572887420654297,0.7928687334060669,0.35
3339,False,numeric_mismatch,0.0,8,64,0.5555555555555556,1.0,0.38461538461538464,5,13,5,5,0.5839064717292786,0.9301168918609619,0.35
3340,True,exact,0.7,D) \(\frac{5}{12}\),D,0.22222222222222218,0.75,0.13043478260869565,4,23,3,3,0.29988202452659607,0.6732277274131775,0.35
3341,False,numeric_mismatch,0.0,48,36,0.47058823529411764,1.0,0.3076923076923077,4,13,4,4,0.534880518913269,0.8307324647903442,0.35
3342,False,numeric_mismatch,0.0,24,32,0.4615384615384615,1.0,0.3,6,20,6,6,0.4284490644931793,0.8598445057868958,0.35
3343,False,exact,0.3,B) B,D,0.34782608695652173,1.0,0.21052631578947367,4,19,4,4,0.2890704870223999,0.725377082824707,0.35
3344,False,placeholder,0.0,insufficient information,E,0.0,0.0,0.0,0,21,0,0,0.0,0.0,0.0
3345,True,numeric_exact,1.0,50,50,0.6,1.0,0.42857142857142855,6,14,6,6,0.5519452095031738,0.9846364855766296,0.35
3346,False,numeric_mismatch,0.0,3,4,0.2222222222222222,0.6666666666666666,0.13333333333333333,3,15,2,2,0.26096656918525696,0.6065194010734558,0.35
3347,False,numeric_mismatch,0.0,1,4,0.3076923076923077,1.0,0.18181818181818182,4,22,4,4,0.41445663571357727,0.8473973870277405,0.35
3348,False,placeholder,0.0,insufficient information,7.2,0.0,0.0,0.0,0,20,0,0,0.0,0.0,0.0
3349,True,exact,0.7,A) $P-Q$,A,0.5263157894736842,1.0,0.35714285714285715,5,14,5,5,0.4025743305683136,0.7300161123275757,0.35
3350,False,numeric_mismatch,0.0,48,29,0.23076923076923078,1.0,0.13043478260869565,3,23,3,3,0.41017553210258484,0.8288814425468445,0.35
3351,False,exact,0.3,"B) (-4,0)",C,0.41379310344827586,1.0,0.2608695652173913,6,23,6,6,0.4006859064102173,0.8652764558792114,0.35
3352,False,exact,1.0,31%,C,0.5555555555555556,1.0,0.38461538461538464,5,13,5,5,0.36288589239120483,0.7358848452568054,0.35
3353,True,exact,0.7,B) 1/2,B,0.2727272727272727,1.0,0.15789473684210525,3,19,3,3,0.30217477679252625,0.7214123606681824,0.35
3354,True,exact,0.7,insufficient information,C,0.7407407407407407,1.0,0.5882352941176471,10,17,10,10,0.47199445962905884,0.8091267943382263,0.35
3355,True,exact,0.7,B) \(\frac{1}{2}\),C,0.5833333333333334,1.0,0.4117647058823529,7,17,7,7,0.37268465757369995,0.7628214359283447,0.35
3356,True,exact,0.7,D) 35°,D,0.3846153846153846,0.625,0.2777777777777778,8,18,5,5,0.29111841320991516,0.6423082947731018,0.35
3357,True,exact,0.7,B) \(\frac{5}{9}\),B,0.38095238095238093,1.0,0.23529411764705882,4,17,4,4,0.5276404619216919,0.8762206435203552,0.35
3358,False,numeric_mismatch,0.0,12,16,0.6666666666666666,1.0,0.5,7,14,7,7,0.4431339204311371,0.7551190853118896,0.35
3359,False,exact,0.3,C) 30 sq.cm,D,0.8749999999999999,0.9333333333333333,0.8235294117647058,15,17,14,14,0.43261459469795227,0.8513619303703308,0.35
3360,False,exact,0.3,D) 9:4,C,0.6249999999999999,0.9090909090909091,0.47619047619047616,11,21,10,10,0.34281712770462036,0.8211512565612793,0.35
3361,True,numeric_exact,1.0,5,5,0.4,1.0,0.25,3,12,3,3,0.5136823654174805,0.7797040939331055,0.35
3362,False,numeric_mismatch,0.0,4,6,0.4615384615384615,1.0,0.3,3,10,3,3,0.3408151865005493,0.6238141655921936,0.35
3363,True,exact,0.7,C) \(\frac{1}{8}\),C,0.4,1.0,0.25,5,20,5,5,0.5095127820968628,0.8978922963142395,0.35
3364,False,choice,1.0,E,B,0.3157894736842105,1.0,0.1875,3,16,3,3,0.39116036891937256,0.7211426496505737,0.35
3365,False,numeric_mismatch,0.0,12,24,0.4799999999999999,1.0,0.3157894736842105,6,19,6,6,0.39187249541282654,0.9163196682929993,0.35
3366,True,exact,0.7,D) \(\frac{9}{16}\),C,0.2727272727272727,1.0,0.15789473684210525,3,19,3,3,0.40162524580955505,0.7302905321121216,0.35
3367,False,numeric_mismatch,0.0,10,120,0.4,1.0,0.25,4,16,4,4,0.4945181608200073,0.8341461420059204,0.35
3368,False,numeric_mismatch,0.0,30,15,0.47058823529411764,1.0,0.3076923076923077,4,13,4,4,0.3877336084842682,0.8391458988189697,0.35
3369,False,exact,0.3,B) G,A,0.2727272727272727,1.0,0.15789473684210525,3,19,3,3,0.3647376596927643,0.7021622061729431,0.35
3370,False,numeric_mismatch,0.0,1700,1150,0.4,1.0,0.25,4,16,4,4,0.4458552300930023,0.8514004945755005,0.35
3371,False,numeric_mismatch,0.0,18,24,0.34782608695652173,1.0,0.21052631578947367,4,19,4,4,0.35728493332862854,0.7409354448318481,0.35
3372,True,numeric_rounded,0.9,36,34,0.4,1.0,0.25,4,16,4,4,0.44278496503829956,0.8347006440162659,0.35
3373,False,choice,1.0,D,B,0.3636363636363636,1.0,0.2222222222222222,4,18,4,4,0.3414963483810425,0.8838192224502563,0.35
3374,False,numeric_mismatch,0.0,130°,30,0.3157894736842105,1.0,0.1875,3,16,3,3,0.4877442419528961,0.6984307765960693,0.35
3375,True,exact,0.7,C) √13,C,0.5185185185185185,1.0,0.35,7,20,7,7,0.4344457983970642,0.910459041595459,0.35
3376,False,numeric_mismatch,0.0,36,6,0.4,1.0,0.25,5,20,5,5,0.32195237278938293,0.7419847846031189,0.35
3377,False,choice,1.0,A,E,0.4444444444444445,1.0,0.2857142857142857,4,14,4,4,0.40962761640548706,0.7277745604515076,0.35
3378,False,numeric_mismatch,0.0,9,7,0.4,1.0,0.25,4,16,4,4,0.4747668504714966,0.8051365613937378,0.35
3379,True,numeric_rounded,0.9,37,41,0.5,1.0,0.3333333333333333,5,15,5,5,0.47246336936950684,0.8330347537994385,0.35
3380,False,numeric_mismatch,0.0,0,6,0.33333333333333337,1.0,0.2,4,20,4,4,0.36355048418045044,0.751015305519104,0.35
3381,True,numeric_rounded,0.9,350,353,0.3846153846153846,1.0,0.23809523809523808,5,21,5,5,0.3387301564216614,0.8897035121917725,0.35
3382,False,placeholder,0.0,insufficient information,C,0.0,0.0,0.0,0,20,0,0,0.0,0.0,0.0
3383,False,numeric_mismatch,0.0,18,15,0.761904761904762,1.0,0.6153846153846154,8,13,8,8,0.3898763656616211,0.9231942892074585,0.35
3384,True,exact,0.7,"The quadrilaterals have the same area, but the perimeter of I is less than the perimeter of II.",E,0.33333333333333337,1.0,0.2,5,25,5,5,0.4228813648223877,0.7864511013031006,0.35
3385,False,exact,0.3,B) 10 + 5π,C,0.35294117647058826,1.0,0.21428571428571427,3,14,3,3,0.38830655813217163,0.6548212766647339,0.35
3386,False,numeric_mismatch,0.0,25%,17,0.47619047619047616,1.0,0.3125,5,16,5,5,0.41051140427589417,0.9019556045532227,0.35
3387,False,placeholder,0.0,insufficient information,D,0.0,0.0,0.0,0,20,0,0,0.0,0.0,0.0
3388,False,numeric_mismatch,0.0,36,27,0.27272727272727276,0.75,0.16666666666666666,4,18,3,3,0.39911243319511414,0.7986454367637634,0.35
3389,False,numeric_mismatch,0.0,6,21,0.2727272727272727,1.0,0.15789473684210525,3,19,3,3,0.32724717259407043,0.7989668846130371,0.35
3390,False,numeric_mismatch,0.0,4,39,0.3,1.0,0.17647058823529413,3,17,3,3,0.30907297134399414,0.6147100925445557,0.35
3391,False,numeric_mismatch,0.0,50,189,0.6956521739130436,1.0,0.5333333333333333,8,15,8,8,0.41203126311302185,0.8368643522262573,0.35
3392,True,numeric_rounded,0.85,16,18,0.8,1.0,0.6666666666666666,10,15,10,10,0.3377353250980377,0.6612308621406555,0.35
3393,False,exact,0.3,B) \frac{1}{2},E,0.6923076923076924,1.0,0.5294117647058824,9,17,9,9,0.43631359934806824,0.963391900062561,0.35
3394,False,choice,1.0,B,D,0.47619047619047616,1.0,0.3125,5,16,5,5,0.43710675835609436,0.8473586440086365,0.35
3395,False,numeric_mismatch,0.0,3,4,0.4166666666666667,1.0,0.2631578947368421,5,19,5,5,0.42162349820137024,0.9183138012886047,0.35
3396,False,numeric_mismatch,0.0,6,5,0.4347826086956522,0.8333333333333334,0.29411764705882354,6,17,5,5,0.5159491896629333,0.8711345791816711,0.35
3397,True,choice,1.0,A,A,0.7499999999999999,1.0,0.6,9,15,9,9,0.408468097448349,0.7537498474121094,0.35
3398,True,numeric_exact,1.0,20%,20,0.4,1.0,0.25,4,16,4,4,0.5283238887786865,0.899936318397522,0.35
3399,False,numeric_mismatch,0.0,15,24,0.6666666666666666,1.0,0.5,5,10,5,5,0.42268574237823486,0.8905900716781616,0.35
3400,False,exact,0.3,$\textdollar 1.80$,B,0.3846153846153846,1.0,0.23809523809523808,5,21,5,5,0.27539581060409546,0.8332169055938721,0.35
3401,True,exact,0.7,C) $4.5 	ext{ cents}$,E,0.2857142857142857,1.0,0.16666666666666666,3,18,3,3,0.4885813891887665,0.7904236316680908,0.35
3402,False,numeric_mismatch,0.0,33,13,0.6363636363636364,1.0,0.4666666666666667,7,15,7,7,0.5807189345359802,0.8311570286750793,0.35
3403,True,choice,1.0,E,E,0.23076923076923078,1.0,0.13043478260869565,3,23,3,3,0.3173179626464844,0.6212430000305176,0.35
3404,False,exact,0.3,D) X + W = 1/2(Y + Z),E,0.34782608695652173,1.0,0.21052631578947367,4,19,4,4,0.39101147651672363,0.8796526789665222,0.35
3405,False,exact,0.3,B) 2,D,0.37037037037037035,1.0,0.22727272727272727,5,22,5,5,0.4385564625263214,0.9060778617858887,0.35
3406,True,numeric_rounded,0.9,24,26,0.7499999999999999,1.0,0.6,9,15,9,9,0.4823729991912842,0.8712326288223267,0.35
3407,False,exact,0.3,D) \(\frac{5}{9}\),B,0.33333333333333337,0.2,1.0,5,1,1,1,0.453216552734375,0.66237872838974,0.35
3408,False,numeric_mismatch,0.0,45.5,30,0.47619047619047616,1.0,0.3125,5,16,5,5,0.4861046373844147,0.7544754147529602,0.35
3409,True,exact,0.7,D) Trisha,A,0.56,1.0,0.3888888888888889,7,18,7,7,0.4971107244491577,1.000000238418579,0.35
3410,True,numeric_exact,1.0,40,40,0.7142857142857143,1.0,0.5555555555555556,10,18,10,10,0.4147845506668091,0.8997564315795898,0.35
3411,False,numeric_mismatch,0.0,16,24,0.8387096774193549,0.7647058823529411,0.9285714285714286,17,14,13,13,0.47384676337242126,0.8993740677833557,0.35
3412,False,numeric_mismatch,0.0,4,6,0.3333333333333333,0.75,0.21428571428571427,4,14,3,3,0.4636075496673584,0.8958609700202942,0.35
3413,False,numeric_mismatch,0.0,3,4,0.2608695652173913,1.0,0.15,3,20,3,3,0.4740019142627716,0.7033711075782776,0.35
3414,False,numeric_mismatch,0.0,10,6,0.4,1.0,0.25,5,20,5,5,0.5477153062820435,0.8164976239204407,0.35
3415,False,numeric_mismatch,0.0,BC = 13 cm,10,0.2608695652173913,1.0,0.15,3,20,3,3,0.3718375265598297,0.8566547632217407,0.35
3416,False,exact,0.3,D) both A and B,C,0.2857142857142857,1.0,0.16666666666666666,3,18,3,3,0.44328075647354126,0.8217063546180725,0.35
3417,False,choice,1.0,B),A,0.4210526315789474,1.0,0.26666666666666666,4,15,4,4,0.43459826707839966,0.774665892124176,0.35
3418,True,exact,0.7,B) <image3>,B,0.4,1.0,0.25,4,16,4,4,0.4396647810935974,0.8231124877929688,0.35
3419,True,exact,0.7,B) \(\frac{21}{4}\),C,0.25806451612903225,1.0,0.14814814814814814,4,27,4,4,0.2994154393672943,0.9308575987815857,0.35
3420,False,exact,0.3,B) 18 1/2,C,0.2727272727272727,1.0,0.15789473684210525,3,19,3,3,0.3353898823261261,0.722489058971405,0.35
3421,False,numeric_mismatch,0.0,1,11,0.6,1.0,0.42857142857142855,6,14,6,6,0.5634855628013611,0.8909028768539429,0.35
3422,False,exact,0.3,E) \(\frac{3}{4}\),D,0.2857142857142857,0.75,0.17647058823529413,4,17,3,3,0.3231489658355713,0.6590341329574585,0.35
3423,False,exact,0.3,A) <image2>,D,0.5,1.0,0.3333333333333333,6,18,6,6,0.368447870016098,0.7591634392738342,0.35
3424,False,numeric_mismatch,0.0,5,7.6,0.18181818181818182,1.0,0.1,3,30,3,3,0.42943310737609863,0.6133853793144226,0.35
3425,False,placeholder,0.0,insufficient information,D,0.0,0.0,0.0,0,20,0,0,0.0,0.0,0.0
3426,False,numeric_mismatch,0.0,3,4,0.4444444444444445,1.0,0.2857142857142857,4,14,4,4,0.486158162355423,0.7400330901145935,0.35
3427,False,placeholder,0.0,insufficient information,17,0.0,0.0,0.0,0,15,0,0,0.0,0.0,0.0
3428,False,numeric_mismatch,0.0,13,9,0.3076923076923077,1.0,0.18181818181818182,4,22,4,4,0.3072934150695801,0.8784633874893188,0.35
3429,True,exact,0.7,E) Evelyn,E,0.3846153846153846,0.8333333333333334,0.25,6,20,5,5,0.24933889508247375,0.7844889760017395,0.35
3430,False,numeric_mismatch,0.0,109,180,0.45454545454545453,1.0,0.29411764705882354,5,17,5,5,0.42796120047569275,0.8703597187995911,0.35
3431,False,numeric_mismatch,0.0,5,18,0.4444444444444445,1.0,0.2857142857142857,4,14,4,4,0.4701789319515228,0.7708447575569153,0.35
3432,False,placeholder,0.0,insufficient information,B,0.0,0.0,0.0,0,21,0,0,0.0,0.0,0.0
3433,True,exact,0.7,A) \(\frac{2}{\sqrt{\pi}}\),A,0.7368421052631579,1.0,0.5833333333333334,7,12,7,7,0.5458701848983765,0.9447969794273376,0.35
3434,False,placeholder,0.0,insufficient information,B,0.0,0.0,0.0,0,16,0,0,0.0,0.0,0.0
3435,False,numeric_mismatch,0.0,15,30,0.4,1.0,0.25,3,12,3,3,0.5950029492378235,0.8441981077194214,0.35
3436,True,numeric_exact,1.0,20,20,0.34782608695652173,1.0,0.21052631578947367,4,19,4,4,0.4013593792915344,0.7877397537231445,0.35
3437,True,exact,0.7,E) <image5>,A,0.4,0.8,0.26666666666666666,5,15,4,4,0.3136821985244751,0.7684056758880615,0.35
3438,False,exact,0.3,C) \(\frac{1}{2}\),B,0.33333333333333337,1.0,0.2,4,20,4,4,0.3587363064289093,0.726527750492096,0.35
3439,False,exact,0.3,BD = CD,5.5,0.5,1.0,0.3333333333333333,4,12,4,4,0.41986584663391113,0.8863137364387512,0.35
3440,False,numeric_mismatch,0.0,6,26,0.38095238095238093,1.0,0.23529411764705882,4,17,4,4,0.37958696484565735,0.859343409538269,0.35
3441,False,numeric_mismatch,0.0,47,14,0.47619047619047616,1.0,0.3125,5,16,5,5,0.3935054838657379,0.8118804693222046,0.35
3442,True,exact,0.7,E) \(\frac{5}{2}\),E,0.5555555555555556,1.0,0.38461538461538464,5,13,5,5,0.3388354480266571,0.8612294793128967,0.35
3443,False,numeric_mismatch,0.0,9,4.5,0.4347826086956522,1.0,0.2777777777777778,5,18,5,5,0.40093570947647095,0.9292728304862976,0.35
3444,False,exact,0.3,C) III,D,0.6923076923076924,1.0,0.5294117647058824,9,17,9,9,0.5131750106811523,0.9116414189338684,0.35
3445,False,exact,1.0,1:1,A,0.47619047619047616,1.0,0.3125,5,16,5,5,0.5150768160820007,0.9016475081443787,0.35
3446,True,exact,0.7,C) 504,C,0.7142857142857143,1.0,0.5555555555555556,10,18,10,10,0.36330193281173706,0.9051097631454468,0.35
3447,True,exact,0.7,E) <image5>,A,0.3636363636363636,1.0,0.2222222222222222,4,18,4,4,0.29708418250083923,0.7841113805770874,0.35
3448,False,exact,0.3,C) 8,B,0.39999999999999997,0.8333333333333334,0.2631578947368421,6,19,5,5,0.31644925475120544,0.7800196409225464,0.35
3449,True,exact,0.7,B) \(\frac{35}{72}\),B,0.7096774193548387,1.0,0.55,11,20,11,11,0.29819947481155396,1.0000001192092896,0.35
3450,False,numeric_mismatch,0.0,15,5,0.6086956521739131,1.0,0.4375,7,16,7,7,0.5553713440895081,0.8909979462623596,0.35
3451,False,exact,0.3,B) 3:8,D,0.34782608695652173,1.0,0.21052631578947367,4,19,4,4,0.4804035425186157,0.8097532391548157,0.35
3452,True,numeric_rounded,0.9,$75,80,0.5,1.0,0.3333333333333333,5,15,5,5,0.43102458119392395,0.905328094959259,0.35
3453,True,numeric_exact,1.0,4,4,0.6666666666666666,1.0,0.5,8,16,8,8,0.49954143166542053,0.8083849549293518,0.35
3454,False,exact,0.3,insufficient information,D,0.8148148148148148,1.0,0.6875,11,16,11,11,0.389029324054718,0.8797064423561096,0.35
3455,False,placeholder,0.0,insufficient information,E,0.0,0.0,0.0,0,22,0,0,0.0,0.0,0.0
3456,False,exact,0.3,C) \(\frac{4}{11}\),B,0.2727272727272727,1.0,0.15789473684210525,3,19,3,3,0.34060242772102356,0.9145542979240417,0.35
3457,False,exact,0.3,B) 75,C,0.5217391304347826,1.0,0.35294117647058826,6,17,6,6,0.4302866756916046,0.866507351398468,0.35
3458,True,exact,0.7,C) \(\frac{5}{18}\),C,0.37037037037037035,1.0,0.22727272727272727,5,22,5,5,0.40150579810142517,0.8161167502403259,0.35
3459,False,exact,1.0,44,A,0.6666666666666666,1.0,0.5,6,12,6,6,0.3620207905769348,0.905652642250061,0.35
3460,True,numeric_exact,1.0,6,6,0.47058823529411764,1.0,0.3076923076923077,4,13,4,4,0.5223407745361328,0.814086377620697,0.35
3461,True,choice,1.0,B,B,0.45454545454545453,1.0,0.29411764705882354,5,17,5,5,0.4269261062145233,0.6686962246894836,0.35
3462,True,numeric_exact,1.0,4.5,4.5,0.6666666666666666,1.0,0.5,6,12,6,6,0.35221460461616516,0.8941195011138916,0.35
3463,False,numeric_mismatch,0.0,8,23,0.5263157894736842,1.0,0.35714285714285715,5,14,5,5,0.5053184628486633,0.8486650586128235,0.35
3464,True,exact,0.7,D) \(\frac{9}{16}\),D,0.4210526315789474,1.0,0.26666666666666666,4,15,4,4,0.43448182940483093,0.8011714816093445,0.35
3465,True,exact,0.7,D) \(\frac{7}{9}\),D,0.47058823529411764,1.0,0.3076923076923077,4,13,4,4,0.3032413721084595,0.8103141188621521,0.35
3466,False,numeric_mismatch,0.0,125,64,0.45454545454545453,1.0,0.29411764705882354,5,17,5,5,0.4648706912994385,0.8526287078857422,0.35
3467,False,numeric_mismatch,0.0,6,8,0.32258064516129037,1.0,0.19230769230769232,5,26,5,5,0.38133639097213745,0.8621386289596558,0.35
3468,False,exact,0.3,C) \(\frac{419}{51}\),E,0.3157894736842105,1.0,0.1875,6,32,6,6,0.31476911902427673,0.6929305195808411,0.35
3469,True,numeric_rounded,0.85,60%,70,0.375,1.0,0.23076923076923078,3,13,3,3,0.41306886076927185,0.8235697150230408,0.35
3470,False,exact,0.3,C) \(\frac{3}{5}\),D,0.2857142857142857,0.16666666666666666,1.0,6,1,1,1,0.534043550491333,0.5821837186813354,0.35
3471,True,exact,0.7,C) 6:π,C,0.4799999999999999,1.0,0.3157894736842105,6,19,6,6,0.4792199730873108,0.9653960466384888,0.35
3472,False,exact,0.3,B) 49 π,C,0.5384615384615384,1.0,0.3684210526315789,7,19,7,7,0.36063340306282043,0.919133722782135,0.35
3473,True,exact,0.7,B) \(\frac{1}{2}\),B,0.5925925925925926,1.0,0.42105263157894735,8,19,8,8,0.434416264295578,0.8513554334640503,0.35
3474,True,exact,0.7,D) 32:17,D,0.4615384615384615,1.0,0.3,6,20,6,6,0.5425582528114319,0.8639145493507385,0.35
3475,True,exact,0.7,C) 25,C,0.2857142857142857,1.0,0.16666666666666666,4,24,4,4,0.43132564425468445,0.8631628751754761,0.35
3476,False,numeric_mismatch,0.0,4,5,0.8181818181818181,1.0,0.6923076923076923,9,13,9,9,0.4525376558303833,0.9052672982215881,0.35
3477,False,numeric_mismatch,0.0,30,6,0.16666666666666666,0.6666666666666666,0.09523809523809523,3,21,2,2,0.4146793484687805,0.8305642008781433,0.35
3478,False,numeric_mismatch,0.0,25%,20,0.3448275862068966,1.0,0.20833333333333334,5,24,5,5,0.41905105113983154,0.9330670237541199,0.35
3479,False,numeric_mismatch,0.0,3,11,0.2666666666666667,1.0,0.15384615384615385,2,13,2,2,0.4317014515399933,0.6121076345443726,0.35
3480,False,numeric_mismatch,0.0,Area = 1/2 * (15 + 20) * 12 = 1/2 * 35 * 12 = 210,750,0.47619047619047616,1.0,0.3125,5,16,5,5,0.4256439805030823,0.933134138584137,0.35
3481,True,exact,0.7,C) \(\frac{3}{2}\),A,0.7142857142857143,0.8333333333333334,0.625,12,16,10,10,0.38371217250823975,0.9116297364234924,0.35
3482,False,numeric_mismatch,0.0,X = 1 + 2 + 3 + 4 + 1 + 2 + 6 = 19,5,0.47058823529411764,1.0,0.3076923076923077,4,13,4,4,0.3785698115825653,0.6696205139160156,0.35
3483,False,placeholder,0.0,insufficient information,A,0.0,0.0,0.0,0,17,0,0,0.0,0.0,0.0
3484,True,exact,0.7,B) \(\frac{2}{5}\),C,0.4166666666666667,1.0,0.2631578947368421,5,19,5,5,0.45705416798591614,0.9601839780807495,0.35
3485,False,numeric_mismatch,0.0,12,4,0.2857142857142857,1.0,0.16666666666666666,3,18,3,3,0.40038955211639404,0.7377363443374634,0.35
3486,False,numeric_mismatch,0.0,The fort contains 60 blocks.,280,0.5714285714285715,1.0,0.4,6,15,6,6,0.3790152668952942,0.7832846641540527,0.35
3487,False,numeric_mismatch,0.0,408,3932,0.45454545454545453,0.8333333333333334,0.3125,6,16,5,5,0.5031883120536804,0.822567343711853,0.35
3488,False,numeric_mismatch,0.0,9.39,7.5,0.8333333333333334,0.8333333333333334,0.8333333333333334,18,18,15,15,0.43641069531440735,0.9124056100845337,0.35
3489,True,exact,0.7,A) \(\frac{1}{4}\),C,0.21428571428571425,1.0,0.12,3,25,3,3,0.3552507162094116,0.8635452389717102,0.35
3490,False,exact,1.0,240π,A,0.5517241379310345,1.0,0.38095238095238093,8,21,8,8,0.4055807590484619,0.9845338463783264,0.35
3491,True,numeric_rounded,0.9,145,140,0.5,1.0,0.3333333333333333,6,18,6,6,0.525285005569458,0.9196374416351318,0.35
3492,False,numeric_mismatch,0.0,9,13,0.3157894736842105,1.0,0.1875,3,16,3,3,0.40607449412345886,0.669641375541687,0.35
3493,False,numeric_mismatch,0.0,180,90,0.32,1.0,0.19047619047619047,4,21,4,4,0.3498641848564148,0.7498278021812439,0.35
3494,False,exact,0.3,insufficient information,4.0,0.6399999999999999,1.0,0.47058823529411764,8,17,8,8,0.41357919573783875,0.7865208387374878,0.35
3495,True,exact,0.7,B) \(\frac{\pi}{10}\),B,0.37837837837837834,1.0,0.23333333333333334,7,30,7,7,0.42921939492225647,0.975089967250824,0.35
3496,False,exact,0.3,C) \(\frac{13}{32}\),D,0.45454545454545453,1.0,0.29411764705882354,5,17,5,5,0.41014453768730164,0.7603375911712646,0.35
3497,False,numeric_mismatch,0.0,12,18,0.2727272727272727,1.0,0.15789473684210525,3,19,3,3,0.4837195873260498,0.788663923740387,0.35
3498,False,numeric_mismatch,0.0,-7,31,0.5454545454545454,1.0,0.375,6,16,6,6,0.3921619951725006,0.7516418099403381,0.35
3499,True,exact,0.7,B) \frac{1}{5},A,0.48,0.75,0.35294117647058826,8,17,6,6,0.363625168800354,0.9278212785720825,0.35
3500,True,exact,0.7,C) 12,C,0.4166666666666667,1.0,0.2631578947368421,5,19,5,5,0.4121994376182556,0.8909841179847717,0.35
3501,False,exact,1.0,9,C,0.45454545454545453,1.0,0.29411764705882354,5,17,5,5,0.4677841067314148,0.8882169127464294,0.35
3502,False,numeric_mismatch,0.0,6,4,0.5263157894736842,1.0,0.35714285714285715,5,14,5,5,0.33667007088661194,0.9295049905776978,0.35
3503,False,exact,0.3,B) 2 1/2,C,0.4166666666666667,1.0,0.2631578947368421,5,19,5,5,0.3210677206516266,0.821816623210907,0.35
3504,False,placeholder,0.0,insufficient information,B,0.0,0.0,0.0,0,14,0,0,0.0,0.0,0.0
3505,False,numeric_mismatch,0.0,144,120,0.375,1.0,0.23076923076923078,3,13,3,3,0.4674762785434723,0.8849440813064575,0.35
3506,False,numeric_mismatch,0.0,6,24,0.3,0.75,0.1875,4,16,3,3,0.36969107389450073,0.7927963137626648,0.35
3507,True,exact,0.7,D) \(\frac{12}{5}\),D,0.3571428571428571,1.0,0.21739130434782608,5,23,5,5,0.4346451163291931,0.8866856098175049,0.35
3508,False,numeric_mismatch,0.0,The area of quadrilateral ABCD is 63.,24,0.6428571428571429,1.0,0.47368421052631576,9,19,9,9,0.3703150153160095,0.791836678981781,0.35
3509,False,exact,0.3,E) \(\frac{60}{13}\),D,0.4,1.0,0.25,8,32,8,8,0.44660913944244385,0.888087272644043,0.35
3510,True,exact,0.7,B) 4√3 - 4π/3,B,0.3571428571428571,1.0,0.21739130434782608,5,23,5,5,0.3176781237125397,0.8480070233345032,0.35
3511,True,numeric_rounded,0.9,12,13,0.2608695652173913,1.0,0.15,3,20,3,3,0.4375915825366974,0.7982137203216553,0.35
3512,True,numeric_rounded,0.9,4.67,4.36,0.4347826086956522,1.0,0.2777777777777778,5,18,5,5,0.42552435398101807,0.8764474987983704,0.35
3513,False,exact,0.3,C) \(\frac{1}{2}\),D,0.5925925925925926,1.0,0.42105263157894735,8,19,8,8,0.523820698261261,0.9657557010650635,0.35
3514,True,numeric_exact,1.0,8,8,0.45454545454545453,1.0,0.29411764705882354,5,17,5,5,0.5131379961967468,0.8170860409736633,0.35
3515,True,exact,0.7,C) \(\frac{5}{9}\),A,0.4,1.0,0.25,5,20,5,5,0.36533287167549133,0.8590573072433472,0.35
3516,False,numeric_mismatch,0.0,90,108,0.3571428571428571,1.0,0.21739130434782608,5,23,5,5,0.3911837339401245,0.7848544120788574,0.35
3517,True,exact,0.7,D) \(\frac{5}{7}\),D,0.2727272727272727,1.0,0.15789473684210525,3,19,3,3,0.4061232805252075,0.9265223741531372,0.35
3518,True,exact,0.7,D) \(\frac{25}{16}\),C,0.37037037037037035,1.0,0.22727272727272727,5,22,5,5,0.30594801902770996,0.8404803276062012,0.35
3519,False,numeric_mismatch,0.0,75,150,0.33333333333333337,1.0,0.2,5,25,5,5,0.5254461765289307,0.7803632616996765,0.35
3520,False,numeric_mismatch,0.0,144,120,0.6923076923076924,1.0,0.5294117647058824,9,17,9,9,0.43705859780311584,0.9812495112419128,0.35
3521,True,choice,1.0,B,B,0.4347826086956522,1.0,0.2777777777777778,5,18,5,5,0.47949105501174927,0.7883545160293579,0.35
3522,True,exact,0.7,B) \(\frac{1}{4}\),C,0.3,1.0,0.17647058823529413,3,17,3,3,0.37804120779037476,0.7386434674263,0.35
3523,True,exact,0.7,The mean increases by 1 and the median does not change.,B,0.5625,1.0,0.391304347826087,9,23,9,9,0.3269374966621399,0.8837400674819946,0.35
3524,False,exact,1.0,brown,A,0.33333333333333337,1.0,0.2,4,20,4,4,0.3475436866283417,0.7922452092170715,0.35
3525,False,numeric_mismatch,0.0,18,30,0.33333333333333337,0.8333333333333334,0.20833333333333334,6,24,5,5,0.3034884035587311,0.8124922513961792,0.35
3526,False,numeric_mismatch,0.0,31,37,0.5882352941176471,1.0,0.4166666666666667,5,12,5,5,0.7055070400238037,0.8913875818252563,0.35
3527,False,numeric_mismatch,0.0,32,20,0.72,1.0,0.5625,9,16,9,9,0.45045503973960876,0.8594468235969543,0.35
3528,True,numeric_exact,1.0,24,24,0.5454545454545454,1.0,0.375,6,16,6,6,0.5418148636817932,0.8922659754753113,0.35
3529,False,exact,0.3,"E) 105{,}000",D,0.4444444444444445,1.0,0.2857142857142857,4,14,4,4,0.39021655917167664,0.9327653646469116,0.35
3530,False,numeric_mismatch,0.0,3,5,0.32,1.0,0.19047619047619047,4,21,4,4,0.37850090861320496,0.8611024022102356,0.35
3531,False,placeholder,0.0,insufficient information,240,0.0,0.0,0.0,0,24,0,0,0.0,0.0,0.0
3532,False,numeric_mismatch,0.0,1,28,0.25,1.0,0.14285714285714285,4,28,4,4,0.30386239290237427,0.866420567035675,0.35
3533,False,placeholder,0.0,insufficient information,E,0.0,0.0,0.0,0,20,0,0,0.0,0.0,0.0
3534,False,placeholder,0.0,insufficient information,A,0.0,0.0,0.0,0,21,0,0,0.0,0.0,0.0
3535,False,numeric_mismatch,0.0,1681,651,0.7333333333333334,1.0,0.5789473684210527,11,19,11,11,0.3732202351093292,0.800311267375946,0.35
3536,False,numeric_mismatch,0.0,8,10,0.5555555555555556,1.0,0.38461538461538464,5,13,5,5,0.42907649278640747,0.7296700477600098,0.35
3537,False,choice,1.0,B,E,0.3157894736842105,1.0,0.1875,3,16,3,3,0.3615604341030121,0.6913293600082397,0.35
3538,False,choice,1.0,D,E,0.3636363636363636,1.0,0.2222222222222222,4,18,4,4,0.40446746349334717,0.9885804057121277,0.35
3539,True,exact,0.7,B) \(\frac{1}{8}\),B,0.4,1.0,0.25,5,20,5,5,0.3036627471446991,0.7955932021141052,0.35
3540,False,numeric_mismatch,0.0,1 ounce,3,0.375,1.0,0.23076923076923078,3,13,3,3,0.38099023699760437,0.6417712569236755,0.35
3541,False,numeric_mismatch,0.0,10,4,0.33333333333333337,1.0,0.2,5,25,5,5,0.5003254413604736,0.8465332388877869,0.35
3542,True,numeric_exact,1.0,8,8,0.2424242424242424,1.0,0.13793103448275862,4,29,4,4,0.3007090985774994,0.7978993058204651,0.35
3543,True,numeric_exact,1.0,9,9,0.7843137254901961,0.8,0.7692307692307693,25,26,20,20,0.3690139055252075,0.8968926668167114,0.35
3544,False,numeric_mismatch,0.0,There are 8 configurations where three triangles and three circles are placed in a line.,84,0.34782608695652173,1.0,0.21052631578947367,4,19,4,4,0.3236789405345917,0.5452191829681396,0.35
3545,False,numeric_mismatch,0.0,Volume = 160,192,0.4666666666666667,1.0,0.30434782608695654,7,23,7,7,0.32322514057159424,0.7404918074607849,0.35
3546,False,choice,1.0,A,E,0.4,1.0,0.25,4,16,4,4,0.4267925024032593,0.7924158573150635,0.35
3547,False,numeric_mismatch,0.0,2,3,0.33333333333333337,1.0,0.2,4,20,4,4,0.41265028715133667,0.7316061854362488,0.35
3548,False,numeric_mismatch,0.0,2302,9,0.2857142857142857,1.0,0.16666666666666666,3,18,3,3,0.35565799474716187,0.7309014797210693,0.35
3549,False,numeric_mismatch,0.0,3,1,0.3125,1.0,0.18518518518518517,5,27,5,5,0.30949118733406067,0.6143755912780762,0.35
3550,True,numeric_exact,1.0,8,8,0.2727272727272727,1.0,0.15789473684210525,3,19,3,3,0.48766887187957764,0.8108661770820618,0.35
3551,True,exact,0.7,B) \(\frac{11}{36}\),B,0.3846153846153846,1.0,0.23809523809523808,5,21,5,5,0.4558278024196625,0.7912127375602722,0.35
3552,False,numeric_mismatch,0.0,The race is 18 miles long.,48,0.45454545454545453,1.0,0.29411764705882354,5,17,5,5,0.38674694299697876,0.9144042134284973,0.35
3553,False,exact,0.3,"B) 133 Ps, 133 Qs, 134 Rs",C,0.32,1.0,0.19047619047619047,4,21,4,4,0.33447134494781494,0.7283503413200378,0.35
3554,False,numeric_mismatch,0.0,6,1,0.4,1.0,0.25,4,16,4,4,0.4206558167934418,0.7766259908676147,0.35
3555,False,exact,1.0,4:9,C,0.3636363636363636,1.0,0.2222222222222222,4,18,4,4,0.4457915127277374,0.9185186624526978,0.35
3556,True,exact,0.7,B) \(\frac{1}{256}\),C,0.5384615384615384,1.0,0.3684210526315789,7,19,7,7,0.3890242874622345,0.8822352290153503,0.35
3557,False,numeric_mismatch,0.0,5,14.6,0.4799999999999999,1.0,0.3157894736842105,6,19,6,6,0.38016122579574585,0.7951475381851196,0.35
3558,False,numeric_mismatch,0.0,6π,$4 \pi$,0.782608695652174,1.0,0.6428571428571429,9,14,9,9,0.49227777123451233,0.8004752993583679,0.35
3559,False,numeric_mismatch,0.0,The area of the polygon AEKS is 1/4 of the area of the larger equilateral triangle.,$5 \sqrt{3}$,0.37037037037037035,1.0,0.22727272727272727,5,22,5,5,0.32230180501937866,0.7149767279624939,0.35
3560,False,numeric_mismatch,0.0,The ratio \(\frac{m}{M}\) is \(\frac{1}{3}\).,$\frac{\sqrt{6}}{6}$,0.24999999999999997,0.75,0.15,4,20,3,3,0.2625928819179535,0.6144668459892273,0.35
3561,True,numeric_exact,1.0,1,$\frac{1}{3}$,0.35294117647058826,1.0,0.21428571428571427,6,28,6,6,0.30669811367988586,0.7654260993003845,0.35
3562,False,numeric_mismatch,0.0,18,5,0.72,1.0,0.5625,9,16,9,9,0.35649237036705017,0.7845178842544556,0.35
3563,False,numeric_mismatch,0.0,75,156,0.29629629629629634,1.0,0.17391304347826086,4,23,4,4,0.3111800253391266,0.7253533601760864,0.35
3564,False,numeric_mismatch,0.0,3678,3031,0.35714285714285715,0.8333333333333334,0.22727272727272727,6,22,5,5,0.1896238774061203,0.6182853579521179,0.35
3565,False,numeric_mismatch,0.0,7,10,0.4166666666666667,1.0,0.2631578947368421,5,19,5,5,0.4309927821159363,0.9378358125686646,0.35
3566,False,numeric_mismatch,0.0,3/8,19,0.4799999999999999,1.0,0.3157894736842105,6,19,6,6,0.3617290258407593,0.907869279384613,0.35
3567,False,placeholder,0.0,insufficient information,14,0.0,0.0,0.0,0,20,0,0,0.0,0.0,0.0
3568,False,numeric_mismatch,0.0,60,$\frac{90}{23}^{\circ}$,0.6666666666666667,0.9,0.5294117647058824,10,17,9,9,0.3995209336280823,0.9146015048027039,0.35
3569,False,numeric_mismatch,0.0,The minimum distance an ant has to walk along the surface of the modified cube to get from A to B is 10 units.,$\sqrt{41}$,0.4,0.25,1.0,4,1,1,1,0.5506497025489807,0.6349770426750183,0.35
3570,True,numeric_rounded,0.85,79,71,0.4,1.0,0.25,4,16,4,4,0.34810757637023926,0.7819831371307373,0.35
3571,False,placeholder,0.0,insufficient information,$6 \sqrt{3}+4 \pi$,0.0,0.0,0.0,0,19,0,0,0.0,0.0,0.0
3572,False,numeric_mismatch,0.0,8,6,0.33333333333333337,1.0,0.2,3,15,3,3,0.39595866203308105,0.9360746741294861,0.35
3573,False,numeric_mismatch,0.0,400,180,0.37037037037037035,1.0,0.22727272727272727,5,22,5,5,0.3555757403373718,0.898481011390686,0.35
3574,False,numeric_mismatch,0.0,3,9,0.5185185185185185,1.0,0.35,7,20,7,7,0.4579388201236725,0.8570834398269653,0.35
3575,False,placeholder,0.0,insufficient information,$6+4\sqrt{3}$,0.0,0.0,0.0,0,17,0,0,0.0,0.0,0.0
3576,False,numeric_mismatch,0.0,The maximum number of L-triominoes that can be placed in the grid is 10000.,2550,0.2758620689655173,1.0,0.16,4,25,4,4,0.4250398874282837,0.7757419943809509,0.35
3577,False,numeric_mismatch,0.0,The length of $AC$ is $\sqrt{3}$.,$2\sqrt{2}$,0.37037037037037035,1.0,0.22727272727272727,5,22,5,5,0.3129761219024658,0.7536881566047668,0.35
3578,True,numeric_exact,1.0,3,$3\sqrt{2}$,0.3636363636363636,1.0,0.2222222222222222,4,18,4,4,0.4409625828266144,0.7931389212608337,0.35
3579,False,numeric_mismatch,0.0,12√3,$\frac{3 \sqrt{6}}{2}$,0.8,0.7142857142857143,0.9090909090909091,14,11,10,10,0.36863797903060913,0.7981570959091187,0.35
3580,False,numeric_mismatch,0.0,10,72,0.3636363636363636,1.0,0.2222222222222222,4,18,4,4,0.4331955313682556,0.7606984376907349,0.35
3581,False,numeric_mismatch,0.0,3,4,0.38095238095238093,1.0,0.23529411764705882,4,17,4,4,0.5120460987091064,0.7996364235877991,0.35
3582,False,numeric_mismatch,0.0,13,5,0.24999999999999997,0.75,0.15,4,20,3,3,0.2921127676963806,0.5790376663208008,0.35
3583,False,numeric_mismatch,0.0,1,756,0.33333333333333337,1.0,0.2,4,20,4,4,0.2617092728614807,0.6668640971183777,0.35
3584,False,numeric_mismatch,0.0,The minimum weight among all paths in the graph that visit each vertex precisely once is 36.,65,0.5714285714285715,1.0,0.4,4,10,4,4,0.38718146085739136,0.7719587087631226,0.35
3585,False,numeric_mismatch,0.0,24,20,0.41379310344827586,1.0,0.2608695652173913,6,23,6,6,0.3461516499519348,0.7589109539985657,0.35
3586,False,numeric_mismatch,0.0,The probability that Ryan is still on a black square after 2017 seconds is 1/3.,$\frac{3^{1008}-1}{3^{1009}}$,0.2857142857142857,1.0,0.16666666666666666,4,24,4,4,0.21811722218990326,0.799233078956604,0.35
3587,False,numeric_mismatch,0.0,130°,170,0.47619047619047616,1.0,0.3125,5,16,5,5,0.4328201413154602,0.6837610006332397,0.35
3588,False,numeric_mismatch,0.0,6,336,0.45454545454545453,1.0,0.29411764705882354,5,17,5,5,0.35308071970939636,0.8245510458946228,0.35
3589,False,numeric_mismatch,0.0,1,$\frac{7^3}{2^{12} 13^2}$,0.5517241379310345,1.0,0.38095238095238093,8,21,8,8,0.3537353575229645,0.9036197066307068,0.35
3590,False,numeric_mismatch,0.0,0,$4-2 \sqrt{3}$,0.4444444444444445,1.0,0.2857142857142857,6,21,6,6,0.45994532108306885,0.8764238953590393,0.35
3591,True,numeric_exact,1.0,1,$\frac{1}{60}$,0.5333333333333333,1.0,0.36363636363636365,4,11,4,4,0.4186154305934906,0.8779085278511047,0.35
3592,False,numeric_mismatch,0.0,√(10/7),$\boxed{\frac{16}{7}}$,0.6428571428571429,1.0,0.47368421052631576,9,19,9,9,0.4130602478981018,0.8940461874008179,0.35
3593,False,numeric_mismatch,0.0,894,1290,0.2727272727272727,1.0,0.15789473684210525,3,19,3,3,0.5844689607620239,0.8391879796981812,0.35
3594,False,numeric_mismatch,0.0,The ratio of the area of the region inside O but outside the smaller circles to the total area of the smaller circles is 1/13.,rac{36}{13},0.6153846153846153,1.0,0.4444444444444444,8,18,8,8,0.4689822793006897,0.9014400839805603,0.35
3595,False,numeric_mismatch,0.0,3,7,0.4166666666666667,1.0,0.2631578947368421,5,19,5,5,0.42603635787963867,0.8815006017684937,0.35
3596,False,numeric_mismatch,0.0,48,12,0.72,1.0,0.5625,9,16,9,9,0.39915731549263,0.7980838418006897,0.35
3597,False,exact,0.3,The ratio of the total area of all rhombuses to the total area of all squares is constant and does not depend on T.,$\boxed{\frac{121}{180}}$,0.3448275862068966,0.8333333333333334,0.21739130434782608,6,23,5,5,0.3650425374507904,0.8627647757530212,0.35
3598,True,numeric_rounded,0.9,26,24.2,0.3076923076923077,1.0,0.18181818181818182,4,22,4,4,0.4609474241733551,0.8713304996490479,0.35
3599,False,numeric_mismatch,0.0,3,90,0.33333333333333337,1.0,0.2,5,25,5,5,0.2844737470149994,0.7155365347862244,0.35
3600,False,numeric_mismatch,0.0,5,6,0.33333333333333337,0.8333333333333334,0.20833333333333334,6,24,5,5,0.33440443873405457,0.779685914516449,0.35
3601,False,numeric_mismatch,0.0,6,5,0.56,1.0,0.3888888888888889,7,18,7,7,0.4075452983379364,0.7887564301490784,0.35
3602,False,numeric_mismatch,0.0,\(\frac{\ell}{b} = 3\),4,0.3571428571428571,1.0,0.21739130434782608,5,23,5,5,0.28890669345855713,0.8284419775009155,0.35
3603,False,numeric_mismatch,0.0,The proportion of the area of $S$ that is contained within $R$ is $\frac{1}{2}$.,$\frac{8}{25}$,0.2857142857142857,1.0,0.16666666666666666,3,18,3,3,0.36718234419822693,0.6132545471191406,0.35
3604,False,numeric_mismatch,0.0,The sum of all elements of $S$ is 1687.,2499,0.33333333333333337,1.0,0.2,5,25,5,5,0.19949965178966522,0.8797817230224609,0.35
3605,False,numeric_mismatch,0.0,10,39,0.4,1.0,0.25,6,24,6,6,0.3550702631473541,0.8608548045158386,0.35
3606,False,numeric_mismatch,0.0,8,10,0.4347826086956522,1.0,0.2777777777777778,5,18,5,5,0.39940962195396423,0.7545539736747742,0.35
3607,False,numeric_mismatch,0.0,35,100,0.3571428571428571,1.0,0.21739130434782608,5,23,5,5,0.42362040281295776,0.8408468961715698,0.35
3608,False,numeric_mismatch,0.0,The area of triangle $ABC$ is $\frac{9\sqrt{3}}{4}$.,$\frac{1}{2}+\frac{\sqrt{3}}{3}$,0.56,1.0,0.3888888888888889,7,18,7,7,0.3681451678276062,0.9645872712135315,0.35
3609,False,numeric_mismatch,0.0,16,8,0.5333333333333333,0.8,0.4,5,10,4,4,0.4355980157852173,0.8882148861885071,0.35
3610,False,numeric_mismatch,0.0,1,7/3,0.47619047619047616,1.0,0.3125,5,16,5,5,0.3927004635334015,0.7638247013092041,0.35
3611,False,numeric_mismatch,0.0,13,\frac{25}{7},0.4799999999999999,1.0,0.3157894736842105,6,19,6,6,0.35588526725769043,0.7185125946998596,0.35
3612,False,numeric_mismatch,0.0,1,54,0.625,1.0,0.45454545454545453,5,11,5,5,0.6078211665153503,0.8741235136985779,0.35
3613,False,numeric_mismatch,0.0,The ratio of \(\overline{AB}\) to \(\overline{GH}\) is 2:1.,1+\sqrt{3},0.25806451612903225,1.0,0.14814814814814814,4,27,4,4,0.3552885353565216,0.66532301902771,0.35
3614,False,numeric_mismatch,0.0,cos(∠CEG) = cos(90° - ∠DAH) = cos(30°) = √3/2,\frac{\sqrt{130}}{13},0.4,1.0,0.25,5,20,5,5,0.30191469192504883,0.7136642336845398,0.35
3615,False,numeric_mismatch,0.0,3,1144,0.2962962962962963,0.6666666666666666,0.19047619047619047,6,21,4,4,0.1861744225025177,0.8287712335586548,0.35
3616,False,numeric_mismatch,0.0,37,79,0.4,1.0,0.25,5,20,5,5,0.4802401065826416,0.8554863929748535,0.35
3617,False,numeric_mismatch,0.0,60,84,0.45454545454545453,1.0,0.29411764705882354,5,17,5,5,0.470352441072464,0.7737228274345398,0.35
3618,False,numeric_mismatch,0.0,4,9,0.37037037037037035,1.0,0.22727272727272727,5,22,5,5,0.2875309884548187,0.863917350769043,0.35
3619,False,numeric_mismatch,0.0,Area = 126,525/2,0.20512820512820512,1.0,0.11428571428571428,4,35,4,4,0.44684410095214844,0.8377866744995117,0.35
3620,False,numeric_mismatch,0.0,3,28,0.2222222222222222,1.0,0.125,3,24,3,3,0.2792609930038452,0.7112657427787781,0.35
3621,False,placeholder,0.0,insufficient information,100,0.0,0.0,0.0,0,9,0,0,0.0,0.0,0.0
3622,False,numeric_mismatch,0.0,There are 2^2014 possible values of P.,4,0.5,0.8571428571428571,0.35294117647058826,7,17,6,6,0.3218240737915039,0.7997803688049316,0.35
3623,True,numeric_rounded,0.9,54,60,0.33333333333333337,0.2,1.0,5,1,1,1,0.4766557812690735,0.4910443127155304,0.35
3624,False,numeric_mismatch,0.0,25,200,0.5263157894736842,1.0,0.35714285714285715,5,14,5,5,0.43157318234443665,0.747960090637207,0.35
3625,False,numeric_mismatch,0.0,119,59,0.5882352941176471,1.0,0.4166666666666667,5,12,5,5,0.30368879437446594,0.6214261651039124,0.35
3626,False,numeric_mismatch,0.0,19.2,15,0.4,1.0,0.25,4,16,4,4,0.413021981716156,0.7277861833572388,0.35
3627,False,placeholder,0.0,insufficient information,14,0.0,0.0,0.0,0,20,0,0,0.0,0.0,0.0
3628,False,numeric_mismatch,0.0,Area = (12 * 1^2) / (4 * tan(π/12)) ≈ 10.83,$\frac{5 \sqrt{3}}{6}$,0.4799999999999999,1.0,0.3157894736842105,6,19,6,6,0.3768395185470581,0.7664079666137695,0.35
3629,False,numeric_mismatch,0.0,7,$5+\sqrt{19}$,0.4,1.0,0.25,3,12,3,3,0.31765297055244446,0.7869670987129211,0.35
3630,False,placeholder,0.0,insufficient information,$\pi-\tan ^{-1}\left(\frac{1}{d}\right)$,0.0,0.0,0.0,0,11,0,0,0.0,0.0,0.0
3631,False,numeric_mismatch,0.0,36,$16 \sqrt{3}$,0.47058823529411764,1.0,0.3076923076923077,4,13,4,4,0.4564863443374634,0.8684860467910767,0.35
3632,False,numeric_mismatch,0.0,20,14,0.3157894736842105,1.0,0.1875,3,16,3,3,0.4147038459777832,0.7576949596405029,0.35
3633,False,numeric_mismatch,0.0,10,372,0.45454545454545453,1.0,0.29411764705882354,5,17,5,5,0.2723003029823303,0.6077137589454651,0.35
3634,True,numeric_exact,1.0,2,$2(\sqrt{2}-1)$,0.5217391304347826,1.0,0.35294117647058826,6,17,6,6,0.4180945158004761,0.7967458367347717,0.35
3635,False,numeric_mismatch,0.0,1/9,$\frac{2}{21}$,0.4210526315789474,1.0,0.26666666666666666,4,15,4,4,0.4477587342262268,0.8742911219596863,0.35
3636,False,numeric_mismatch,0.0,28,323,0.2608695652173913,1.0,0.15,3,20,3,3,0.3158129155635834,0.7102444767951965,0.35
3637,False,numeric_mismatch,0.0,The area of the portion of the circle that lies outside the triangle is 18 - 9π.,$\pi-2$,0.30303030303030304,1.0,0.17857142857142858,5,28,5,5,0.3381458818912506,0.7125730514526367,0.35
3638,False,numeric_mismatch,0.0,30,297,0.3846153846153846,1.0,0.23809523809523808,5,21,5,5,0.40894103050231934,0.7352935075759888,0.35
3639,False,numeric_mismatch,0.0,10,$\boxed{\frac{144}{49}}$,0.47058823529411764,1.0,0.3076923076923077,4,13,4,4,0.40994489192962646,0.8494923710823059,0.35
3640,False,numeric_mismatch,0.0,17.5,55/2,0.5217391304347826,1.0,0.35294117647058826,6,17,6,6,0.43942904472351074,0.9228180050849915,0.35
3641,False,numeric_mismatch,0.0,The probability is 1/4.,$\boxed{\frac{3}{4}}$,0.32,1.0,0.19047619047619047,4,21,4,4,0.34815704822540283,0.7180847525596619,0.35
3642,False,numeric_mismatch,0.0,7,81,0.4166666666666667,1.0,0.2631578947368421,5,19,5,5,0.3952188491821289,0.7873297333717346,0.35
3643,False,numeric_mismatch,0.0,7,61,0.1951219512195122,1.0,0.10810810810810811,4,37,4,4,0.30480581521987915,0.734415590763092,0.35
3644,False,numeric_mismatch,0.0,"There are multiple paths Sam can take to achieve the sum of 20, considering the adjacency rule and the numbers on the grid.",167,0.6086956521739131,1.0,0.4375,7,16,7,7,0.3709731698036194,0.9085565209388733,0.35
3645,False,numeric_mismatch,0.0,8,18,0.3157894736842105,1.0,0.1875,3,16,3,3,0.4939778745174408,0.9198412895202637,0.35
3646,True,numeric_rounded,0.95,√2,2.5,0.4166666666666667,1.0,0.2631578947368421,5,19,5,5,0.4353273808956146,0.8805752992630005,0.35
3647,False,numeric_mismatch,0.0,The total area covered by the union of the four rectangles is 65.,30,0.5714285714285715,1.0,0.4,6,15,6,6,0.42859187722206116,0.8394771814346313,0.35
3648,True,numeric_exact,1.0,x = 36 degrees,36,0.5925925925925926,1.0,0.42105263157894735,8,19,8,8,0.40863490104675293,0.8956515192985535,0.35
3649,False,numeric_mismatch,0.0,16/100,\frac{4}{25},0.5882352941176471,1.0,0.4166666666666667,5,12,5,5,0.5461608171463013,0.9888549447059631,0.35
3650,False,numeric_mismatch,0.0,7.07,4.14,0.4615384615384615,1.0,0.3,6,20,6,6,0.46606332063674927,0.9072665572166443,0.35
3651,False,numeric_mismatch,0.0,12,8,0.56,1.0,0.3888888888888889,7,18,7,7,0.5012284517288208,0.8095296025276184,0.35
3652,False,numeric_mismatch,0.0,30,40,0.5263157894736842,1.0,0.35714285714285715,5,14,5,5,0.3996598422527313,0.7110615372657776,0.35
3653,False,numeric_mismatch,0.0,5,10,0.33333333333333337,1.0,0.2,5,25,5,5,0.36948907375335693,0.7917289733886719,0.35
3654,False,numeric_mismatch,0.0,17,5\sqrt{5},0.14814814814814814,1.0,0.08,2,25,2,2,0.3658355474472046,0.7066072821617126,0.35
3655,False,numeric_mismatch,0.0,3,\frac{9}{5},0.32,1.0,0.19047619047619047,4,21,4,4,0.38003796339035034,0.9066081643104553,0.35
3656,False,numeric_mismatch,0.0,The perimeter of the second triangle is 68.,50,0.5714285714285715,1.0,0.4,4,10,4,4,0.4785446226596832,0.6577187776565552,0.35
3657,False,numeric_mismatch,0.0,18,22,0.34782608695652173,1.0,0.21052631578947367,4,19,4,4,0.47638776898384094,0.8272275328636169,0.35
3658,False,numeric_mismatch,0.0,0.6,\frac{4}{5},0.5,1.0,0.3333333333333333,4,12,4,4,0.40142306685447693,0.7677037119865417,0.35
3659,True,numeric_rounded,0.85,80,70,0.4,1.0,0.25,4,16,4,4,0.383659303188324,0.7914057374000549,0.35
3660,False,numeric_mismatch,0.0,10,6,0.4,1.0,0.25,5,20,5,5,0.4348546266555786,0.8096949458122253,0.35
3661,False,numeric_mismatch,0.0,Area of trapezoid WXYZ = 108,162,0.37037037037037035,1.0,0.22727272727272727,5,22,5,5,0.36059343814849854,0.8076834678649902,0.35
3662,False,numeric_mismatch,0.0,100,120,0.85,1.0,0.7391304347826086,17,23,17,17,0.45680686831474304,0.9621328115463257,0.35
3663,False,numeric_mismatch,0.0,Area = 120,144,0.34782608695652173,1.0,0.21052631578947367,4,19,4,4,0.4436190128326416,0.9049476385116577,0.35
3664,True,numeric_exact,1.0,8,8,0.6666666666666666,1.0,0.5,8,16,8,8,0.4087980389595032,0.8060076832771301,0.35
3665,False,numeric_mismatch,0.0,4π + 24,24+4\pi,0.7368421052631579,1.0,0.5833333333333334,7,12,7,7,0.48509547114372253,0.8737163543701172,0.35
3666,False,numeric_mismatch,0.0,10,0,0.25,1.0,0.14285714285714285,3,21,3,3,0.3687031865119934,0.6610699892044067,0.35
3667,False,exact,0.3,Area = π * r²,25\pi,0.5714285714285715,1.0,0.4,4,10,4,4,0.5239797830581665,0.9454727172851562,0.35
3668,False,numeric_mismatch,0.0,6,\frac{99}{20},0.4,1.0,0.25,5,20,5,5,0.3538246154785156,0.7255708575248718,0.35
3669,True,numeric_exact,1.0,30 degrees,30,0.2666666666666667,1.0,0.15384615384615385,4,26,4,4,0.3735741972923279,0.6302794218063354,0.35
3670,False,exact,0.3,"The area of quadrilateral KSEM can be calculated using the formula for the area of a trapezoid, which involves the lengths of its bases and height.",2040,0.47619047619047616,1.0,0.3125,5,16,5,5,0.42010244727134705,0.8555393815040588,0.35
3671,False,numeric_mismatch,0.0,18.8,62.8,0.5882352941176471,1.0,0.4166666666666667,5,12,5,5,0.4384492337703705,0.8131054639816284,0.35
3672,False,numeric_mismatch,0.0,120,80,0.6086956521739131,1.0,0.4375,7,16,7,7,0.4227162003517151,0.8325719833374023,0.35
3673,True,numeric_exact,1.0,-2,-2,0.5263157894736842,1.0,0.35714285714285715,5,14,5,5,0.4645622670650482,0.8214350938796997,0.35
3674,False,numeric_mismatch,0.0,16,\frac{40}{9},0.34782608695652173,1.0,0.21052631578947367,4,19,4,4,0.4375270903110504,0.6552213430404663,0.35
3675,False,numeric_mismatch,0.0,300,384,0.32,1.0,0.19047619047619047,4,21,4,4,0.4498531222343445,0.7043439149856567,0.35
3676,True,numeric_exact,1.0,14,14,0.631578947368421,1.0,0.46153846153846156,6,13,6,6,0.44413790106773376,0.937268078327179,0.35
3677,False,numeric_mismatch,0.0,1 + 5 = 6,6,0.7142857142857143,0.9090909090909091,0.5882352941176471,11,17,10,10,0.44299668073654175,0.9290431141853333,0.35
3678,False,placeholder,0.0,insufficient information,22,0.0,0.0,0.0,0,17,0,0,0.0,0.0,0.0
3679,True,numeric_exact,1.0,\frac{24}{25},-\frac{24}{25},0.38095238095238093,1.0,0.23529411764705882,4,17,4,4,0.36986398696899414,0.6832733154296875,0.35
3680,False,numeric_mismatch,0.0,10,6,0.4666666666666667,1.0,0.30434782608695654,7,23,7,7,0.341288685798645,0.8815928101539612,0.35
3681,True,numeric_rounded,0.85,18,21,0.33333333333333337,1.0,0.2,4,20,4,4,0.34394359588623047,0.7290023565292358,0.35
3682,False,numeric_mismatch,0.0,36,72,0.5714285714285715,0.6666666666666666,0.5,9,12,6,6,0.34237247705459595,0.7809004783630371,0.35
3683,False,numeric_mismatch,0.0,0,\frac{69}{125},0.56,1.0,0.3888888888888889,7,18,7,7,0.5108380317687988,0.8441511988639832,0.35
3684,False,numeric_mismatch,0.0,62,28,0.4444444444444445,1.0,0.2857142857142857,4,14,4,4,0.3860374093055725,0.8290600776672363,0.35
3685,True,numeric_exact,1.0,4 + 4√2,4+\sqrt{2},0.5,1.0,0.3333333333333333,6,18,6,6,0.4311218559741974,0.78275066614151,0.35
3686,False,numeric_mismatch,0.0,108,144,0.4347826086956522,1.0,0.2777777777777778,5,18,5,5,0.3889904022216797,0.8476420044898987,0.35
3687,False,numeric_mismatch,0.0,6,9,0.4,0.8,0.26666666666666666,5,15,4,4,0.3070618510246277,0.7988212704658508,0.35
3688,False,numeric_mismatch,0.0,The area of the shaded region is 2 square units.,4\sqrt{2},0.7499999999999999,1.0,0.6,6,10,6,6,0.49207639694213867,0.8420261144638062,0.35
3689,False,numeric_mismatch,0.0,60,45^2,0.4347826086956522,1.0,0.2777777777777778,5,18,5,5,0.39691585302352905,0.8095653653144836,0.35
3690,False,numeric_mismatch,0.0,0.5,\frac{1}{2},0.32,1.0,0.19047619047619047,4,21,4,4,0.4556814730167389,0.768380880355835,0.35
3691,True,numeric_exact,1.0,10,10,0.4210526315789474,1.0,0.26666666666666666,4,15,4,4,0.39787304401397705,0.9327824115753174,0.35
3692,False,numeric_mismatch,0.0,32,24,0.5333333333333333,1.0,0.36363636363636365,4,11,4,4,0.43456029891967773,0.7969537973403931,0.35
3693,True,numeric_rounded,0.9,518.75π,525\pi,0.6666666666666666,1.0,0.5,9,18,9,9,0.4543742537498474,0.8837953209877014,0.35
3694,False,numeric_mismatch,0.0,76,90,0.2857142857142857,1.0,0.16666666666666666,3,18,3,3,0.33619481325149536,0.7235459685325623,0.35
3695,False,numeric_mismatch,0.0,16,12,0.3636363636363636,1.0,0.2222222222222222,4,18,4,4,0.40499556064605713,0.8566353917121887,0.35
3696,False,numeric_mismatch,0.0,35,75,0.7142857142857143,1.0,0.5555555555555556,10,18,10,10,0.5410033464431763,0.850341260433197,0.35
3697,False,numeric_mismatch,0.0,36,18,0.5,1.0,0.3333333333333333,6,18,6,6,0.3847281038761139,0.9107203483581543,0.35
3698,False,numeric_mismatch,0.0,30,15,0.6666666666666666,1.0,0.5,5,10,5,5,0.3734086751937866,0.7986539602279663,0.35
3699,False,numeric_mismatch,0.0,3,9,0.5,1.0,0.3333333333333333,5,15,5,5,0.4348885715007782,0.863493800163269,0.35
3700,False,numeric_mismatch,0.0,8,4,0.6,1.0,0.42857142857142855,6,14,6,6,0.4652650058269501,0.8556248545646667,0.35
3701,False,placeholder,0.0,insufficient information,1:2,0.0,0.0,0.0,0,19,0,0,0.0,0.0,0.0
3702,False,numeric_mismatch,0.0,54,126,0.47058823529411764,1.0,0.3076923076923077,4,13,4,4,0.5298723578453064,0.8910311460494995,0.35
3703,True,numeric_exact,1.0,10,10,0.5,0.8333333333333334,0.35714285714285715,6,14,5,5,0.3029995560646057,0.7711035013198853,0.35
3704,False,placeholder,0.0,insufficient information,180,0.0,0.0,0.0,0,14,0,0,0.0,0.0,0.0
3705,False,numeric_mismatch,0.0,8/9,\frac{3}{8},0.782608695652174,1.0,0.6428571428571429,9,14,9,9,0.48552605509757996,0.900650680065155,0.35
3706,False,numeric_mismatch,0.0,11292.5 cubic cm,27000-4500\pi,0.9600000000000001,1.0,0.9230769230769231,12,13,12,12,0.5247347354888916,0.9897084832191467,0.35
3707,False,numeric_mismatch,0.0,15π,8\pi,0.6923076923076924,1.0,0.5294117647058824,9,17,9,9,0.4271323084831238,0.8004160523414612,0.35
3708,False,numeric_mismatch,0.0,3,2\sqrt{3},0.37037037037037035,1.0,0.22727272727272727,5,22,5,5,0.39163824915885925,0.6658546328544617,0.35
3709,True,numeric_rounded,0.9,64,68,0.4,1.0,0.25,5,20,5,5,0.49028775095939636,0.9149443507194519,0.35
3710,False,numeric_mismatch,0.0,36,96\sqrt{3},0.47619047619047616,1.0,0.3125,5,16,5,5,0.4561077952384949,0.8564583659172058,0.35
3711,False,numeric_mismatch,0.0,48 degrees,69{degrees},0.47619047619047616,1.0,0.3125,5,16,5,5,0.5170145034790039,0.8759016394615173,0.35
3712,False,numeric_mismatch,0.0,Area = (1/2) * (BC + DE) * height,72+72\sqrt{2},0.6923076923076924,1.0,0.5294117647058824,9,17,9,9,0.42995119094848633,0.8384557962417603,0.35
3713,True,numeric_exact,1.0,224,224,0.45454545454545453,1.0,0.29411764705882354,5,17,5,5,0.41725045442581177,0.9218625426292419,0.35
3714,False,numeric_mismatch,0.0,12,8,0.33333333333333337,1.0,0.2,5,25,5,5,0.3889755606651306,0.687604546546936,0.35
3715,False,placeholder,0.0,insufficient information,45,0.0,0.0,0.0,0,14,0,0,0.0,0.0,0.0
3716,False,numeric_mismatch,0.0,30 cm,52,0.5833333333333334,1.0,0.4117647058823529,7,17,7,7,0.47499629855155945,0.9231113195419312,0.35
3717,True,numeric_exact,1.0,3/4,\frac{3}{16},0.24000000000000002,1.0,0.13636363636363635,3,22,3,3,0.3786659240722656,0.7002784013748169,0.35
3718,False,placeholder,0.0,insufficient information,2\pi,0.0,0.0,0.0,0,14,0,0,0.0,0.0,0.0
3719,True,numeric_exact,1.0,"(3, -4)","(3,-4)",0.5,1.0,0.3333333333333333,3,9,3,3,0.5230949521064758,0.9170833826065063,0.35
3720,False,numeric_mismatch,0.0,1/2,\frac{2}{5},0.7368421052631579,1.0,0.5833333333333334,7,12,7,7,0.587504506111145,0.9878718256950378,0.35
3721,False,numeric_mismatch,0.0,The equation of the circle passing through all three vertices is x^2 + y^2 - 2x - 6y + 10 = 0.,13,0.2608695652173913,1.0,0.15,3,20,3,3,0.42394691705703735,0.7179762125015259,0.35
3722,True,numeric_rounded,0.85,72,84,0.6,1.0,0.42857142857142855,6,14,6,6,0.35211360454559326,0.7467094659805298,0.35
3723,False,numeric_mismatch,0.0,3.7,1.4,0.56,1.0,0.3888888888888889,7,18,7,7,0.3987526297569275,0.8784319162368774,0.35
3724,True,numeric_rounded,0.9,36,40,0.47619047619047616,1.0,0.3125,5,16,5,5,0.4062221050262451,0.7537195682525635,0.35
3725,False,numeric_mismatch,0.0,3,15,0.6363636363636364,1.0,0.4666666666666667,7,15,7,7,0.3538380265235901,0.7084954380989075,0.35
3726,True,numeric_exact,1.0,144,144,0.5833333333333334,0.875,0.4375,8,16,7,7,0.34457331895828247,0.7216373682022095,0.35
3727,False,placeholder,0.0,insufficient information,45,0.0,0.0,0.0,0,26,0,0,0.0,0.0,0.0
3728,True,numeric_exact,1.0,3,3,0.4,1.0,0.25,3,12,3,3,0.46698296070098877,0.7178649306297302,0.35
3729,False,numeric_mismatch,0.0,Total Surface Area = 2πr² + πrh,96\pi+120,0.5,1.0,0.3333333333333333,5,15,5,5,0.42511171102523804,0.7749252319335938,0.35
3730,False,placeholder,0.0,insufficient information,6\sqrt{2},0.0,0.0,0.0,0,14,0,0,0.0,0.0,0.0
3731,False,placeholder,0.0,insufficient information,72,0.0,0.0,0.0,0,12,0,0,0.0,0.0,0.0
3732,False,numeric_mismatch,0.0,5,\sqrt{34},0.6666666666666667,0.9,0.5294117647058824,10,17,9,9,0.3632417321205139,0.7686857581138611,0.35
3733,False,numeric_mismatch,0.0,1/2,\frac{5}{16},0.3636363636363636,1.0,0.2222222222222222,4,18,4,4,0.3912423849105835,0.898248553276062,0.35
3734,False,numeric_mismatch,0.0,4n + 4,24,0.6666666666666666,1.0,0.5,8,16,8,8,0.37107351422309875,0.8048335909843445,0.35
3735,True,numeric_exact,1.0,$34,34,0.631578947368421,1.0,0.46153846153846156,6,13,6,6,0.3458763360977173,0.8658055663108826,0.35
3736,False,numeric_mismatch,0.0,30,45,0.5263157894736842,1.0,0.35714285714285715,5,14,5,5,0.4153953790664673,0.8808086514472961,0.35
3737,False,numeric_mismatch,0.0,18,47,0.3333333333333333,0.8,0.21052631578947367,5,19,4,4,0.3264997601509094,0.7070127129554749,0.35
3738,True,numeric_exact,1.0,The ratio of the area of triangle ACE to the area of rectangle ABDE is 1:4.,\frac{1}{2},0.6086956521739131,1.0,0.4375,7,16,7,7,0.49082040786743164,0.9381261467933655,0.35
3739,False,numeric_mismatch,0.0,112,68,0.45454545454545453,1.0,0.29411764705882354,5,17,5,5,0.4681549668312073,0.8903917670249939,0.35
3740,False,numeric_mismatch,0.0,60,84,0.2608695652173913,1.0,0.15,3,20,3,3,0.45891788601875305,0.780281662940979,0.35
3741,False,numeric_mismatch,0.0,BD = √(13² - 2²) = √(169 - 4) = √165,\sqrt{22},0.4,1.0,0.25,3,12,3,3,0.500778079032898,0.7667492628097534,0.35
3742,True,numeric_exact,1.0,25,\frac{25}{3},0.4615384615384615,1.0,0.3,6,20,6,6,0.4040139615535736,0.8168044090270996,0.35
3743,False,numeric_mismatch,0.0,102,39,0.4,1.0,0.25,4,16,4,4,0.4208734631538391,0.844276487827301,0.35
3744,False,numeric_mismatch,0.0,0.6,\frac{3}{5},0.3,1.0,0.17647058823529413,3,17,3,3,0.43022364377975464,0.7453357577323914,0.35
3745,True,numeric_exact,1.0,45 degrees,45,0.56,1.0,0.3888888888888889,7,18,7,7,0.3971342444419861,0.783836841583252,0.35
3746,False,numeric_mismatch,0.0,16√2 + 4,12,0.4166666666666667,1.0,0.2631578947368421,5,19,5,5,0.3913743197917938,0.7734672427177429,0.35
3747,False,numeric_mismatch,0.0,2/5,\frac{\sqrt{21}}{5},0.5714285714285715,1.0,0.4,6,15,6,6,0.4712226092815399,0.8598585724830627,0.35
3748,False,numeric_mismatch,0.0,16,45,0.5217391304347826,1.0,0.35294117647058826,6,17,6,6,0.40065798163414,0.8090275526046753,0.35
3749,False,numeric_mismatch,0.0,140,55,0.5,1.0,0.3333333333333333,4,12,4,4,0.397977352142334,0.8279454708099365,0.35
3750,False,placeholder,0.0,insufficient information,3,0.0,0.0,0.0,0,11,0,0,0.0,0.0,0.0
3751,False,numeric_mismatch,0.0,8,22+12\sqrt{2},0.5217391304347826,1.0,0.35294117647058826,6,17,6,6,0.48409759998321533,0.7911116480827332,0.35
3752,False,numeric_mismatch,0.0,x = √(10),2\sqrt{3}-2,0.4444444444444445,1.0,0.2857142857142857,4,14,4,4,0.36926528811454773,0.7812805771827698,0.35
3753,False,numeric_mismatch,0.0,180,\frac{360}7,0.6666666666666666,1.0,0.5,7,14,7,7,0.4877361059188843,0.9220602512359619,0.35
3754,False,placeholder,0.0,insufficient information,24,0.0,0.0,0.0,0,13,0,0,0.0,0.0,0.0
3755,False,numeric_mismatch,0.0,13,7,0.5217391304347826,1.0,0.35294117647058826,6,17,6,6,0.36994460225105286,0.7670792937278748,0.35
3756,False,numeric_mismatch,0.0,The area of the shaded region is 1088π.,900\pi,0.4210526315789474,1.0,0.26666666666666666,4,15,4,4,0.5277088284492493,0.8149889707565308,0.35
3757,False,exact,0.3,Area of quadrilateral AEIF,28,0.6399999999999999,1.0,0.47058823529411764,8,17,8,8,0.43830162286758423,0.9377456307411194,0.35
3758,False,numeric_mismatch,0.0,90,180,0.5,1.0,0.3333333333333333,4,12,4,4,0.4373133182525635,0.7146974205970764,0.35
3759,False,numeric_mismatch,0.0,80,120,0.4210526315789474,1.0,0.26666666666666666,4,15,4,4,0.596572995185852,0.8418377637863159,0.35
3760,False,numeric_mismatch,0.0,10,4\pi-2\sqrt{3},0.5217391304347826,1.0,0.35294117647058826,6,17,6,6,0.44627952575683594,0.8265727162361145,0.35
3761,True,numeric_rounded,0.9,27,30,0.33333333333333337,1.0,0.2,4,20,4,4,0.40335386991500854,0.6840274930000305,0.35
3762,False,numeric_mismatch,0.0,The ratio of the shaded area to the unshaded area in the semi-circle with diameter AD is 1:7.,\frac{11}{7},0.6399999999999999,1.0,0.47058823529411764,8,17,8,8,0.4365982115268707,0.8492063879966736,0.35
3763,True,numeric_exact,1.0,90,90,0.5217391304347826,1.0,0.35294117647058826,6,17,6,6,0.39030736684799194,0.7962273359298706,0.35
3764,False,numeric_mismatch,0.0,64π - 64,8\pi-16,0.6666666666666666,1.0,0.5,8,16,8,8,0.4968130588531494,0.865331768989563,0.35
3765,False,exact,1.0,30π,\pi,0.3636363636363636,1.0,0.2222222222222222,4,18,4,4,0.4411073923110962,0.8090932965278625,0.35
3766,False,numeric_mismatch,0.0,5,4,0.33333333333333337,1.0,0.2,4,20,4,4,0.4148164689540863,0.7511538863182068,0.35
3767,False,numeric_mismatch,0.0,6*sqrt(3),3\sqrt{3},0.4,1.0,0.25,5,20,5,5,0.4414154291152954,0.8017809987068176,0.35
3768,False,placeholder,0.0,insufficient information,256\pi,0.0,0.0,0.0,0,17,0,0,0.0,0.0,0.0
3769,False,numeric_mismatch,0.0,Area of the quadrilateral XYZW is 1920 square units.,2304,0.6666666666666666,1.0,0.5,8,16,8,8,0.44059979915618896,0.8359616994857788,0.35
3770,False,numeric_mismatch,0.0,37,145,0.35294117647058826,1.0,0.21428571428571427,3,14,3,3,0.42361676692962646,0.7885257601737976,0.35
3771,True,numeric_exact,1.0,8√3,8\sqrt{3}{squareinches},0.7272727272727273,1.0,0.5714285714285714,8,14,8,8,0.4220410883426666,0.7963594198226929,0.35
3772,False,numeric_mismatch,0.0,7,\frac{3}{4}\pi{inches},0.7272727272727272,0.8,0.6666666666666666,15,18,12,12,0.2883702516555786,0.9700756669044495,0.35
3773,False,placeholder,0.0,insufficient information,48\pi,0.0,0.0,0.0,0,18,0,0,0.0,0.0,0.0
3774,False,numeric_mismatch,0.0,24,8,0.34782608695652173,1.0,0.21052631578947367,4,19,4,4,0.37479692697525024,0.7887040376663208,0.35
3775,False,numeric_mismatch,0.0,384,\frac{224\sqrt{3}}{3},0.21428571428571425,1.0,0.12,3,25,3,3,0.28115642070770264,0.6598603129386902,0.35
3776,True,numeric_exact,1.0,35,35,0.4,1.0,0.25,5,20,5,5,0.4237309694290161,0.8132033348083496,0.35
3777,True,numeric_exact,1.0,4/3,\frac{4}{3},0.5555555555555556,1.0,0.38461538461538464,5,13,5,5,0.5067763924598694,0.9756561517715454,0.35
3778,False,numeric_mismatch,0.0,36,11.5,0.38095238095238093,1.0,0.23529411764705882,8,34,8,8,0.35798677802085876,0.7602425217628479,0.35
3779,False,numeric_mismatch,0.0,60%,75,0.4799999999999999,1.0,0.3157894736842105,6,19,6,6,0.3282915949821472,0.8383108973503113,0.35
3780,False,numeric_mismatch,0.0,3.9,1.3,0.5,1.0,0.3333333333333333,6,18,6,6,0.385592520236969,0.8756181597709656,0.35
3781,False,numeric_mismatch,0.0,70 meters,160,0.33333333333333337,1.0,0.2,7,35,7,7,0.33028632402420044,0.8788307309150696,0.35
3782,False,numeric_mismatch,0.0,100,81,0.56,1.0,0.3888888888888889,7,18,7,7,0.4539051949977875,0.8661644458770752,0.35
3783,False,numeric_mismatch,0.0,60,90,0.5294117647058824,1.0,0.36,9,25,9,9,0.4509836733341217,0.9055932760238647,0.35
3784,False,numeric_mismatch,0.0,36,54,0.5555555555555556,1.0,0.38461538461538464,5,13,5,5,0.3639035224914551,0.8880912065505981,0.35
3785,False,numeric_mismatch,0.0,k = 4,7,0.3636363636363636,1.0,0.2222222222222222,4,18,4,4,0.35765019059181213,0.6548895239830017,0.35
3786,False,placeholder,0.0,insufficient information,15,0.0,0.0,0.0,0,20,0,0,0.0,0.0,0.0
3787,True,numeric_exact,1.0,1:2,\frac{1}{3},0.47619047619047616,1.0,0.3125,5,16,5,5,0.44044846296310425,0.778258740901947,0.35
3788,False,numeric_mismatch,0.0,Area of triangle OBC is 9,\frac{21}{8},0.3846153846153846,1.0,0.23809523809523808,5,21,5,5,0.44067952036857605,0.8902683258056641,0.35
3789,False,numeric_mismatch,0.0,60,\frac{40}{3},0.4444444444444445,1.0,0.2857142857142857,6,21,6,6,0.39835935831069946,0.7753852009773254,0.35
3790,True,numeric_exact,1.0,24,24,0.5263157894736842,1.0,0.35714285714285715,5,14,5,5,0.36124569177627563,0.8207451105117798,0.35
3791,False,numeric_mismatch,0.0,"79,000",17700,0.5714285714285715,1.0,0.4,6,15,6,6,0.3991519510746002,0.8717679977416992,0.35
3792,False,numeric_mismatch,0.0,4/5,\frac{3}{4},0.47619047619047616,1.0,0.3125,5,16,5,5,0.4302215576171875,0.7539128065109253,0.35
3793,True,numeric_exact,1.0,30,30,0.47619047619047616,1.0,0.3125,5,16,5,5,0.47556209564208984,0.8660401701927185,0.35
3794,False,placeholder,0.0,insufficient information,18,0.0,0.0,0.0,0,19,0,0,0.0,0.0,0.0
3795,True,numeric_exact,1.0,70 degrees,70,0.2857142857142857,1.0,0.16666666666666666,3,18,3,3,0.4753436744213104,0.837333083152771,0.35
3796,False,numeric_mismatch,0.0,87,50,0.7692307692307692,0.7142857142857143,0.8333333333333334,14,12,10,10,0.3836841583251953,0.9447246789932251,0.35
3797,False,placeholder,0.0,insufficient information,54,0.0,0.0,0.0,0,13,0,0,0.0,0.0,0.0
3798,False,numeric_mismatch,0.0,35 degrees,70,0.7000000000000001,1.0,0.5384615384615384,7,13,7,7,0.4831486940383911,0.8185033798217773,0.35
3799,False,numeric_mismatch,0.0,100,140,0.6399999999999999,1.0,0.47058823529411764,8,17,8,8,0.4195939302444458,0.7729485630989075,0.35
3800,False,exact,1.0,π,8-2\pi,0.45454545454545453,1.0,0.29411764705882354,5,17,5,5,0.5143898725509644,0.8214461207389832,0.35
3801,False,numeric_mismatch,0.0,96,54,0.4,1.0,0.25,4,16,4,4,0.46044570207595825,0.752356231212616,0.35
3802,False,numeric_mismatch,0.0,1024π,1250\pi,0.4,1.0,0.25,5,20,5,5,0.43722429871559143,0.8707501888275146,0.35
3803,True,numeric_exact,1.0,5,5,0.5555555555555556,1.0,0.38461538461538464,5,13,5,5,0.43111029267311096,0.8920525312423706,0.35
3804,False,numeric_mismatch,0.0,16,55,0.48484848484848486,1.0,0.32,8,25,8,8,0.42179274559020996,0.9445558786392212,0.35
3805,True,numeric_exact,1.0,B) how steady a parachute with a 1 m vent was at 200 km per hour,how steady a parachute with a 1 m vent was at 200 km per hour,0.5333333333333333,1.0,0.36363636363636365,4,11,4,4,0.36742493510246277,0.6590468287467957,0.35
3806,True,exact,0.7,B) New Hampshire,New Hampshire,0.4,1.0,0.25,3,12,3,3,0.3427833318710327,0.7136862874031067,0.35
3807,True,exact,1.0,mushroom,mushroom,0.4210526315789474,1.0,0.26666666666666666,4,15,4,4,0.5132588148117065,0.8865441083908081,0.35
3808,True,numeric_exact,1.0,B) 4:0,4:0,0.5000000000000001,0.8,0.36363636363636365,5,11,4,4,0.3542454242706299,0.8289333581924438,0.35
3809,False,exact,0.3,insufficient information,opaque,0.23529411764705882,0.4,0.16666666666666666,5,12,2,2,0.23212234675884247,0.531223714351654,0.35
3810,True,numeric_exact,1.0,C) The magnitude of the magnetic force is smaller in Pair 2.,The magnitude of the magnetic force is smaller in Pair 2.,0.8,1.0,0.6666666666666666,4,6,4,4,0.5582752823829651,0.8481365442276001,0.35
3811,True,exact,0.7,D) Cheyenne,Cheyenne,0.36363636363636365,0.6666666666666666,0.25,3,8,2,2,0.3639455735683441,0.7548367977142334,0.35
3812,True,yes_no,1.0,false,false,0.5333333333333333,1.0,0.36363636363636365,4,11,4,4,0.5114514827728271,0.8692840933799744,0.35
3813,True,exact,0.7,A) copepod,copepod,0.8,1.0,0.6666666666666666,6,9,6,6,0.43351587653160095,0.8722519874572754,0.35
3814,True,numeric_exact,1.0,B) The magnetic force is stronger in Pair 1.,The magnetic force is stronger in Pair 1.,0.8,1.0,0.6666666666666666,4,6,4,4,0.4962475001811981,0.863812267780304,0.35
3815,True,exact,1.0,It has year-round rain. It also has soil that is poor in nutrients.,It has year-round rain. It also has soil that is poor in nutrients.,0.7142857142857143,1.0,0.5555555555555556,5,9,5,5,0.42933031916618347,0.8594453930854797,0.35
3816,True,exact,0.7,C) Dover,Dover,0.6666666666666666,1.0,0.5,4,8,4,4,0.4128178358078003,0.8079895377159119,0.35
3817,True,exact,1.0,Maine,Maine,0.6153846153846153,1.0,0.4444444444444444,4,9,4,4,0.4267829656600952,0.7569506764411926,0.35
3818,True,exact,0.7,D) Greta can trade her tomatoes for Allie's broccoli.,Greta can trade her tomatoes for Allie's broccoli.,0.6666666666666666,0.8,0.5714285714285714,5,7,4,4,0.42535656690597534,0.8023934960365295,0.35
3819,True,exact,0.7,D) Denver,Denver,0.6666666666666666,1.0,0.5,3,6,3,3,0.5386128425598145,0.9363422393798828,0.35
3820,True,exact,0.7,D) Asia,Asia,0.5,1.0,0.3333333333333333,3,9,3,3,0.4791490435600281,0.7327850461006165,0.35
3821,False,exact,0.3,Do cardinals eat more seeds per visit from feeders containing sunflower seeds compared to feeders containing flax seeds?,Do cardinals visit feeders containing sunflower seeds more often than feeders containing flax seeds?,0.4210526315789474,1.0,0.26666666666666666,4,15,4,4,0.3220618963241577,0.7289246320724487,0.35
3822,True,exact,1.0,brick,brick,0.5882352941176471,1.0,0.4166666666666667,5,12,5,5,0.3617250323295593,0.7470588088035583,0.35
3823,True,exact,0.7,B) ostrich,ostrich,0.6153846153846153,1.0,0.4444444444444444,4,9,4,4,0.36711132526397705,0.7216364145278931,0.35
3824,True,exact,1.0,blue,blue,0.375,0.75,0.25,4,12,3,3,0.27355074882507324,0.7002609968185425,0.35
3825,True,exact,1.0,the number of days until a seed germinated,the number of days until a seed germinated,0.4444444444444444,0.6666666666666666,0.3333333333333333,3,6,2,2,0.37051472067832947,0.8979336023330688,0.35
3826,True,exact,0.7,B) Jackson,Jackson,0.4615384615384615,1.0,0.3,3,10,3,3,0.3421054184436798,0.9272043704986572,0.35
3827,True,exact,1.0,stretchy,stretchy,0.4,1.0,0.25,3,12,3,3,0.2483343482017517,0.755720853805542,0.35
3828,True,yes_no,1.0,yes,yes,0.47058823529411764,1.0,0.3076923076923077,4,13,4,4,0.4485028386116028,0.91724693775177,0.35
3829,False,numeric_mismatch,0.0,A) 3:1,4:0,0.39999999999999997,0.75,0.2727272727272727,4,11,3,3,0.3502565920352936,0.6868976354598999,0.35
3830,True,exact,1.0,which design would have the greatest distance between the concert area and the road,which design would have the greatest distance between the concert area and the road,0.5,0.75,0.375,4,8,3,3,0.3085471987724304,0.8802022933959961,0.35
3831,False,exact,1.0,attract,repel,0.6,1.0,0.42857142857142855,3,7,3,3,0.49730274081230164,0.7931733727455139,0.35
3832,True,exact,0.7,A) Hartford,Hartford,0.5,0.75,0.375,4,8,3,3,0.4381190836429596,0.8644313216209412,0.35
3833,False,exact,0.3,D) the Southern Ocean,the Indian Ocean,0.47058823529411764,1.0,0.3076923076923077,4,13,4,4,0.5097923874855042,0.8054460287094116,0.35
3834,True,exact,0.7,B) It has many different types of organisms.,It has many different types of organisms.,0.5,1.0,0.3333333333333333,3,9,3,3,0.35146084427833557,0.6495712995529175,0.35
3835,True,exact,1.0,fragile,fragile,0.3333333333333333,0.75,0.21428571428571427,4,14,3,3,0.2641448378562927,0.7428861260414124,0.35
3836,True,exact,0.7,C) bromine,bromine,0.4615384615384615,1.0,0.3,3,10,3,3,0.4006340205669403,0.8282206654548645,0.35
3837,True,exact,0.7,C) Pelecanus rufescens,Pelecanus rufescens,0.5,0.6,0.42857142857142855,5,7,3,3,0.3163676857948303,0.7149152755737305,0.35
3838,True,exact,0.7,B) Bismarck,Bismarck,0.5,1.0,0.3333333333333333,3,9,3,3,0.4640886187553406,0.8119550943374634,0.35
3839,True,exact,1.0,Do cardinals visit feeders containing sunflower seeds more often than feeders containing flax seeds?,Do cardinals visit feeders containing sunflower seeds more often than feeders containing flax seeds?,0.6153846153846153,1.0,0.4444444444444444,4,9,4,4,0.33711788058280945,0.760614812374115,0.35
3840,True,exact,0.7,C) Boston,Boston,0.42857142857142855,1.0,0.2727272727272727,3,11,3,3,0.3142898976802826,0.8203040957450867,0.35
3841,True,exact,1.0,short-tailed weasel,short-tailed weasel,0.5333333333333333,0.8,0.4,5,10,4,4,0.39549702405929565,0.8153538107872009,0.35
3842,True,exact,1.0,Ardea herodias,Ardea herodias,0.8571428571428571,1.0,0.75,6,8,6,6,0.46890583634376526,0.9778308272361755,0.35
3843,False,exact,0.3,D) Saint Vincent and the Grenadines,Saint Lucia,0.35294117647058826,1.0,0.21428571428571427,3,14,3,3,0.5084758996963501,0.9720233678817749,0.35
3844,True,exact,0.7,B) attract,attract,0.5,1.0,0.3333333333333333,3,9,3,3,0.5139081478118896,0.8037060499191284,0.35
3845,True,yes_no,1.0,no,no,0.4444444444444445,0.4,0.5,5,4,2,2,0.26163941621780396,0.5893498063087463,0.35
3846,False,exact,1.0,climate,weather,0.2,0.3333333333333333,0.14285714285714285,3,7,1,1,0.21728862822055817,0.5022597908973694,0.35
3847,True,exact,0.7,D) Nauru,Nauru,0.4,0.6,0.3,5,10,3,3,0.31414714455604553,0.7259851098060608,0.35
3848,True,exact,0.7,B) pathos (emotion),pathos (emotion),0.4444444444444444,0.6666666666666666,0.3333333333333333,3,6,2,2,0.16564050316810608,0.6560308933258057,0.35
3849,True,exact,0.7,B) Surinam horned frog,Surinam horned frog,0.6,1.0,0.42857142857142855,3,7,3,3,0.49876341223716736,0.8391315340995789,0.35
3850,False,exact,0.3,Does fabric turn darker when soaked in a mixture of black dye and water for 15 minutes compared to 30 minutes?,Does linen fabric turn darker than cotton fabric when soaked in a mixture of black dye and water?,0.5,1.0,0.3333333333333333,4,12,4,4,0.4635460674762726,0.7001219987869263,0.35
3851,False,numeric_mismatch,0.0,The magnetic force is stronger in Pair 1.,The magnetic force is stronger in Pair 2.,0.375,1.0,0.23076923076923078,3,13,3,3,0.6800675988197327,0.9479248523712158,0.35
3852,True,exact,0.7,A) Olympia,Olympia,0.6153846153846154,0.8,0.5,5,8,4,4,0.3516065776348114,0.9025515913963318,0.35
3853,False,exact,0.3,Solution A,neither; their concentrations are the same,0.7499999999999999,1.0,0.6,3,5,3,3,0.518962562084198,0.9022250175476074,0.35
3854,True,exact,0.7,B) Argema mittrei,Argema mittrei,0.4615384615384615,1.0,0.3,3,10,3,3,0.432301789522171,0.958969235420227,0.35
3855,True,exact,1.0,smooth,smooth,0.13333333333333333,0.25,0.09090909090909091,4,11,1,1,0.22456203401088715,0.4467726945877075,0.35
3856,True,exact,1.0,Asia,Asia,0.47058823529411764,1.0,0.3076923076923077,4,13,4,4,0.4987844228744507,0.8636301755905151,0.35
3857,True,exact,0.7,D) New Hampshire,New Hampshire,0.4,1.0,0.25,4,16,4,4,0.4035935401916504,0.9070513248443604,0.35
3858,True,exact,0.7,C) The magnitude of the magnetic force is the same in both pairs.,The magnitude of the magnetic force is the same in both pairs.,0.5714285714285715,1.0,0.4,4,10,4,4,0.5091485977172852,0.8379933834075928,0.35
3859,True,exact,0.7,B) Eurasian spoonbill,Eurasian spoonbill,0.4615384615384615,1.0,0.3,3,10,3,3,0.5732191801071167,0.887246310710907,0.35
3860,True,exact,1.0,Sandstone forms from layers of sand.,Sandstone forms from layers of sand.,0.6666666666666666,1.0,0.5,4,8,4,4,0.48094841837882996,0.905160129070282,0.35
3861,False,exact,0.3,away from Coco,toward Coco,0.4285714285714285,0.75,0.3,4,10,3,3,0.33759596943855286,0.8220110535621643,0.35
3862,True,exact,0.7,C) Honolulu,Honolulu,0.5454545454545454,0.75,0.42857142857142855,4,7,3,3,0.35700926184654236,0.916370153427124,0.35
3863,True,exact,0.7,C) Olympia,Olympia,0.6153846153846153,1.0,0.4444444444444444,4,9,4,4,0.34505999088287354,0.6735910773277283,0.35
3864,False,numeric_mismatch,0.0,A) 0/4,4/4,0.4615384615384615,1.0,0.3,3,10,3,3,0.3881932199001312,0.7291622161865234,0.35
3865,True,exact,0.7,B) Oklahoma City,Oklahoma City,0.42857142857142855,1.0,0.2727272727272727,3,11,3,3,0.4944782853126526,0.909960925579071,0.35
3866,True,numeric_exact,1.0,Do ping pong balls travel farther when launched from a 30° angle compared to a 45° angle?,Do ping pong balls travel farther when launched from a 30° angle compared to a 45° angle?,0.631578947368421,0.8571428571428571,0.5,7,12,6,6,0.36656081676483154,0.8331268429756165,0.35
3867,True,exact,1.0,an elementary substance,an elementary substance,0.47058823529411764,1.0,0.3076923076923077,4,13,4,4,0.514235258102417,0.9283605813980103,0.35
3868,True,exact,0.7,B) South Carolina,South Carolina,0.5454545454545454,1.0,0.375,3,8,3,3,0.44532284140586853,0.8428913950920105,0.35
3869,True,exact,0.7,C) Topeka,Topeka,0.6,1.0,0.42857142857142855,3,7,3,3,0.438783198595047,0.882195770740509,0.35
3870,True,exact,1.0,Africa,Africa,0.4615384615384615,1.0,0.3,3,10,3,3,0.5320420265197754,0.7890469431877136,0.35
3871,True,exact,1.0,Does Linda's snowboard slide down a hill in less time when it has a layer of wax or when it does not have a layer of wax?,Does Linda's snowboard slide down a hill in less time when it has a layer of wax or when it does not have a layer of wax?,0.1,0.25,0.0625,4,16,1,1,0.04386214539408684,0.47277769446372986,0.35
3872,True,exact,0.7,C) Carson City,Carson City,0.5454545454545454,1.0,0.375,3,8,3,3,0.47865036129951477,0.928978443145752,0.35
3873,True,exact,0.7,B) Maryland,Maryland,0.42857142857142855,1.0,0.2727272727272727,3,11,3,3,0.4988327622413635,0.8345543742179871,0.35
3874,True,exact,0.7,B) Santa Fe,Santa Fe,0.5,0.75,0.375,4,8,3,3,0.3520393669605255,0.8869547247886658,0.35
3875,True,exact,0.7,C) South America,South America,0.23529411764705882,1.0,0.13333333333333333,2,15,2,2,0.45710819959640503,0.7072823643684387,0.35
3876,False,exact,1.0,attract,repel,0.6666666666666666,1.0,0.5,3,6,3,3,0.4647068977355957,0.8617518544197083,0.35
3877,True,exact,1.0,three-toed sloth,three-toed sloth,0.5,0.75,0.375,4,8,3,3,0.4432014226913452,0.9700590968132019,0.35
3878,True,exact,1.0,parasitic,parasitic,0.5555555555555556,1.0,0.38461538461538464,5,13,5,5,0.39922162890434265,0.8418051600456238,0.35
3879,True,exact,0.7,B) Sacramento,Sacramento,0.5714285714285715,0.6666666666666666,0.5,3,4,2,2,0.2695583403110504,0.795146107673645,0.35
3880,True,exact,1.0,sticky,sticky,0.37499999999999994,0.6,0.2727272727272727,5,11,3,3,0.2772162854671478,0.660847544670105,0.35
3881,True,exact,0.7,B) bat star,bat star,0.375,1.0,0.23076923076923078,3,13,3,3,0.48258155584335327,0.7910201549530029,0.35
3882,True,exact,1.0,rock,rock,0.3157894736842105,1.0,0.1875,3,16,3,3,0.5331397652626038,0.8153092265129089,0.35
3883,True,exact,1.0,a compound,a compound,0.47058823529411764,1.0,0.3076923076923077,4,13,4,4,0.458273708820343,0.898658275604248,0.35
3884,True,exact,0.7,C) Providence,Providence,0.36363636363636365,0.6666666666666666,0.25,3,8,2,2,0.42827311158180237,0.8654872179031372,0.35
3885,True,exact,1.0,Gavia immer,Gavia immer,0.2666666666666667,1.0,0.15384615384615385,2,13,2,2,0.3835695683956146,0.8544568419456482,0.35
3886,True,exact,0.7,D) Oregon,Oregon,0.5,1.0,0.3333333333333333,3,9,3,3,0.4621131420135498,0.8257178068161011,0.35
3887,True,exact,1.0,yellow,yellow,0.5263157894736842,1.0,0.35714285714285715,5,14,5,5,0.2899013161659241,0.7211006879806519,0.35
3888,True,exact,1.0,It has many evergreen trees.,It has many evergreen trees.,0.28571428571428575,0.5,0.2,4,10,2,2,0.17494425177574158,0.5576329231262207,0.35
3889,True,exact,0.7,A) mushroom,mushroom,0.5333333333333333,1.0,0.36363636363636365,4,11,4,4,0.5056086778640747,0.8232709765434265,0.35
3890,False,exact,1.0,attract,repel,0.5454545454545454,1.0,0.375,3,8,3,3,0.3746697008609772,0.6353325247764587,0.35
3891,True,exact,0.7,C) New York,New York,0.42857142857142855,1.0,0.2727272727272727,3,11,3,3,0.3088030517101288,0.5267857313156128,0.35
3892,True,exact,0.7,A) barn swallow,barn swallow,0.5333333333333333,1.0,0.36363636363636365,4,11,4,4,0.44507506489753723,0.8507809638977051,0.35
3893,True,exact,0.7,B) sample A,sample A,0.4444444444444445,1.0,0.2857142857142857,4,14,4,4,0.48470401763916016,0.8355488181114197,0.35
3894,True,exact,0.7,D) Hartford,Hartford,0.6153846153846153,1.0,0.4444444444444444,4,9,4,4,0.451382040977478,0.9039930105209351,0.35
3895,True,exact,0.7,D) Columbus,Columbus,0.375,1.0,0.23076923076923078,3,13,3,3,0.3959667682647705,0.6989545822143555,0.35
3896,True,exact,1.0,rock,rock,0.4,1.0,0.25,3,12,3,3,0.566057026386261,0.8596806526184082,0.35
3897,True,exact,0.7,B) Some of the grass on the ground is burning.,Some of the grass on the ground is burning.,0.42857142857142855,1.0,0.2727272727272727,3,11,3,3,0.5317631959915161,0.9336890578269958,0.35
3898,True,exact,0.7,B) Austen can trade his tomatoes for Naomi's broccoli.,Austen can trade his tomatoes for Naomi's broccoli.,0.5333333333333333,1.0,0.36363636363636365,4,11,4,4,0.2965114116668701,0.6165145635604858,0.35
3899,True,exact,1.0,attract,attract,0.8,1.0,0.6666666666666666,4,6,4,4,0.41792032122612,0.8366829752922058,0.35
3900,False,exact,0.3,collared lemming,mushroom,0.30769230769230765,0.3333333333333333,0.2857142857142857,6,7,2,2,0.26252275705337524,0.4829935133457184,0.35
3901,True,exact,0.7,B) Solution B,Solution B,0.33333333333333337,1.0,0.2,3,15,3,3,0.5082660913467407,0.9238018989562988,0.35
3902,True,exact,1.0,Do steel nails take fewer days to rust in water compared to vinegar?,Do steel nails take fewer days to rust in water compared to vinegar?,0.4210526315789474,1.0,0.26666666666666666,4,15,4,4,0.3816300332546234,0.8461129665374756,0.35
3903,True,exact,1.0,weather,weather,0.4,1.0,0.25,3,12,3,3,0.3443855345249176,0.7285860776901245,0.35
3904,False,exact,0.3,D) the Dominican Republic,Haiti,0.5,1.0,0.3333333333333333,3,9,3,3,0.48184335231781006,0.7140844464302063,0.35
3905,True,exact,0.7,B) sample B,sample B,0.6666666666666666,1.0,0.5,5,10,5,5,0.49209630489349365,0.9268009066581726,0.35
3906,True,exact,1.0,neither; their concentrations are the same,neither; their concentrations are the same,0.6153846153846153,1.0,0.4444444444444444,4,9,4,4,0.528911828994751,0.9936290979385376,0.35
3907,True,exact,0.7,A) Pennsylvania,Pennsylvania,0.42857142857142855,1.0,0.2727272727272727,3,11,3,3,0.4547097086906433,0.786111056804657,0.35
3908,True,exact,0.7,C) Honolulu,Honolulu,0.6,0.75,0.5,4,6,3,3,0.3363189995288849,0.7318103313446045,0.35
3909,True,exact,1.0,It eats another living thing.,It eats another living thing.,0.2857142857142857,1.0,0.16666666666666666,2,12,2,2,0.5557149052619934,0.9349314570426941,0.35
3910,True,exact,0.7,B) Frankfort,Frankfort,0.36363636363636365,0.6666666666666666,0.25,3,8,2,2,0.3757689893245697,0.7318775057792664,0.35
3911,True,yes_no,1.0,yes,yes,0.888888888888889,1.0,0.8,4,5,4,4,0.3816511631011963,0.8219364285469055,0.35
3912,True,exact,0.7,A) brown tree frog,brown tree frog,0.625,1.0,0.45454545454545453,5,11,5,5,0.4200035035610199,0.7448408603668213,0.35
3913,True,exact,1.0,an elementary substance,an elementary substance,0.47058823529411764,1.0,0.3076923076923077,4,13,4,4,0.3945234715938568,0.8587589263916016,0.35
3914,True,exact,0.7,C) how long it would take the sample fabric to dry after it absorbed one drop of water,how long it would take the sample fabric to dry after it absorbed one drop of water,0.6666666666666666,1.0,0.5,5,10,5,5,0.33279818296432495,0.6195377707481384,0.35
3915,True,exact,0.7,B) sample B,sample B,0.5882352941176471,1.0,0.4166666666666667,5,12,5,5,0.5100245475769043,0.8575489521026611,0.35
3916,True,exact,0.7,B) Boston,Boston,0.36363636363636365,0.6666666666666666,0.25,3,8,2,2,0.3444558084011078,0.7664067149162292,0.35
3917,False,exact,0.3,Crocodile moreletii,Crocodylus moreletii,0.6666666666666666,1.0,0.5,4,8,4,4,0.39710694551467896,0.8051491975784302,0.35
3918,True,exact,1.0,glass,glass,0.5333333333333333,1.0,0.36363636363636365,4,11,4,4,0.39770326018333435,0.8746958374977112,0.35
3919,True,exact,0.7,B) attract,attract,0.42857142857142855,1.0,0.2727272727272727,3,11,3,3,0.5113101601600647,0.8171991109848022,0.35
3920,True,exact,0.7,D) Topeka,Topeka,0.4,1.0,0.25,3,12,3,3,0.4411012828350067,0.8755298852920532,0.35
3921,True,exact,1.0,opaque,opaque,0.19047619047619047,0.4,0.125,5,16,2,2,0.1952347457408905,0.7007480263710022,0.35
3922,True,exact,1.0,Turner can trade his tomatoes for Mona's broccoli.,Turner can trade his tomatoes for Mona's broccoli.,0.5882352941176471,1.0,0.4166666666666667,5,12,5,5,0.3948637843132019,0.867210865020752,0.35
3923,True,exact,1.0,transparent,transparent,0.3529411764705882,0.75,0.23076923076923078,4,13,3,3,0.21254876255989075,0.4918789267539978,0.35
3924,True,exact,1.0,Australia,Australia,0.5,1.0,0.3333333333333333,4,12,4,4,0.4132351875305176,0.7774345278739929,0.35
3925,True,exact,1.0,sample B,sample B,0.5714285714285715,1.0,0.4,4,10,4,4,0.45335713028907776,0.8716708421707153,0.35
3926,False,exact,1.0,weather,climate,0.35294117647058826,1.0,0.21428571428571427,3,14,3,3,0.38551539182662964,0.7193959355354309,0.35
3927,True,exact,1.0,styrofoam,styrofoam,0.5714285714285715,1.0,0.4,4,10,4,4,0.35493960976600647,0.7223052382469177,0.35
3928,True,exact,0.7,D) Tallahassee,Tallahassee,0.42857142857142855,1.0,0.2727272727272727,3,11,3,3,0.3488278388977051,0.9044427871704102,0.35
3929,True,exact,1.0,Does linen fabric turn darker than cotton fabric when soaked in a mixture of black dye and water?,Does linen fabric turn darker than cotton fabric when soaked in a mixture of black dye and water?,0.5333333333333333,1.0,0.36363636363636365,4,11,4,4,0.37801265716552734,0.7015973925590515,0.35
3930,True,exact,0.7,C) Tuvalu,Tuvalu,0.4615384615384615,1.0,0.3,3,10,3,3,0.44858789443969727,0.9720235466957092,0.35
3931,True,exact,1.0,shiny,shiny,0.47058823529411764,1.0,0.3076923076923077,4,13,4,4,0.3178389370441437,0.7313531041145325,0.35
3932,True,exact,0.7,A) Maryland,Maryland,0.6,1.0,0.42857142857142855,3,7,3,3,0.3172559440135956,0.6185638904571533,0.35
3933,True,exact,0.7,B) Louisiana,Louisiana,0.5,1.0,0.3333333333333333,4,12,4,4,0.4129096567630768,0.7273643016815186,0.35
3934,True,exact,0.7,B) Cuba,Cuba,0.5,1.0,0.3333333333333333,3,9,3,3,0.44082415103912354,0.7121635675430298,0.35
3935,True,exact,0.7,B) July and August,July and August,0.42857142857142855,1.0,0.2727272727272727,3,11,3,3,0.5478500723838806,0.9744493961334229,0.35
3936,False,exact,0.3,D) New Jersey,Rhode Island,0.375,1.0,0.23076923076923078,3,13,3,3,0.5227941870689392,0.760453462600708,0.35
3937,True,exact,0.7,A) tiger,tiger,0.5555555555555556,1.0,0.38461538461538464,5,13,5,5,0.472491592168808,0.9105827808380127,0.35
3938,True,exact,1.0,a liquid,a liquid,0.42857142857142855,1.0,0.2727272727272727,3,11,3,3,0.38986489176750183,0.6808361411094666,0.35
3939,True,exact,0.7,C) Annapolis,Annapolis,0.5454545454545454,1.0,0.375,3,8,3,3,0.382056325674057,0.7753522396087646,0.35
3940,False,exact,0.3,C) the Federated States of Micronesia,Palau,0.6153846153846153,1.0,0.4444444444444444,4,9,4,4,0.4164107143878937,0.8484776020050049,0.35
3941,True,exact,0.7,C) Salt Lake City,Salt Lake City,0.6666666666666666,1.0,0.5,3,6,3,3,0.5182741284370422,0.8311538100242615,0.35
3942,True,exact,0.7,D) Trenton,Trenton,0.75,0.75,0.75,4,4,3,3,0.43798163533210754,0.8856318593025208,0.35
3943,True,exact,1.0,water mold,water mold,0.4615384615384615,1.0,0.3,3,10,3,3,0.46969568729400635,0.9205493330955505,0.35
3944,True,exact,0.7,B) Castor fiber,Castor fiber,0.47058823529411764,1.0,0.3076923076923077,4,13,4,4,0.47550156712532043,0.9189098477363586,0.35
3945,True,exact,1.0,Arctic hare,Arctic hare,0.5714285714285714,0.8,0.4444444444444444,5,9,4,4,0.42810899019241333,0.8592769503593445,0.35
3946,True,exact,0.7,B) the Atlantic Ocean,the Atlantic Ocean,0.35294117647058826,1.0,0.21428571428571427,3,14,3,3,0.4025484323501587,0.6375580430030823,0.35
3947,False,exact,1.0,mutualistic,commensal,0.8235294117647058,1.0,0.7,7,10,7,7,0.41093143820762634,0.943567156791687,0.35
3948,True,exact,1.0,yellow,yellow,0.25,0.25,0.25,4,4,1,1,0.23761038482189178,0.6245448589324951,0.35
3949,True,exact,0.7,B) Delaware,Delaware,0.7272727272727273,1.0,0.5714285714285714,4,7,4,4,0.3885681629180908,0.7945094704627991,0.35
3950,True,exact,0.7,C) Carcharodon carcharias,Carcharodon carcharias,0.4,1.0,0.25,3,12,3,3,0.4576649069786072,0.9541367292404175,0.35
3951,True,exact,1.0,May,May,0.5714285714285715,1.0,0.4,4,10,4,4,0.44833678007125854,0.74038165807724,0.35
3952,False,exact,1.0,attract,repel,0.4,0.5,0.3333333333333333,4,6,2,2,0.3346027135848999,0.719845175743103,0.35
3953,True,exact,1.0,the Southern Ocean,the Southern Ocean,0.3076923076923077,1.0,0.18181818181818182,2,11,2,2,0.5051615238189697,0.7495335936546326,0.35
3954,True,exact,0.7,B) Denver,Denver,0.5454545454545454,1.0,0.375,3,8,3,3,0.3711761236190796,0.8740323781967163,0.35
3955,True,exact,0.7,C) New Zealand,New Zealand,0.7499999999999999,1.0,0.6,3,5,3,3,0.39635688066482544,0.6575247049331665,0.35
3956,True,exact,1.0,Missouri,Missouri,0.7272727272727273,1.0,0.5714285714285714,4,7,4,4,0.3789210021495819,0.7174115777015686,0.35
3957,True,exact,0.7,B) Atlanta,Atlanta,0.4,1.0,0.25,3,12,3,3,0.4703320264816284,0.6764599084854126,0.35
3958,False,exact,0.3,sea cucumber,phytoplankton,0.4,1.0,0.25,3,12,3,3,0.368195503950119,0.8251050710678101,0.35
3959,True,exact,1.0,Do more tomato seedlings grow when they are planted in soil with fertilizer compared to soil without fertilizer?,Do more tomato seedlings grow when they are planted in soil with fertilizer compared to soil without fertilizer?,0.33333333333333337,1.0,0.2,3,15,3,3,0.4051237404346466,0.8276973366737366,0.35
3960,True,exact,0.7,A) Sacramento,Sacramento,0.42857142857142855,1.0,0.2727272727272727,3,11,3,3,0.39420774579048157,0.8211421370506287,0.35
3961,True,exact,0.7,C) South America,South America,0.4,1.0,0.25,2,8,2,2,0.4277980923652649,0.6542873382568359,0.35
3962,True,exact,1.0,Do steel nails take fewer days to rust in water compared to vinegar?,Do steel nails take fewer days to rust in water compared to vinegar?,0.625,1.0,0.45454545454545453,5,11,5,5,0.4104710519313812,0.8749437928199768,0.35
3963,False,yes_no,1.0,true,false,0.625,1.0,0.45454545454545453,5,11,5,5,0.3924940228462219,0.8705727458000183,0.35
3964,True,exact,0.7,A) Denver,Denver,0.6666666666666666,1.0,0.5,3,6,3,3,0.539300262928009,0.8766916394233704,0.35
3965,False,numeric_mismatch,0.0,The magnitude of the magnetic force is greater in Pair 2.,The magnitude of the magnetic force is greater in Pair 1.,0.6,1.0,0.42857142857142855,3,7,3,3,0.5270829200744629,0.8432540893554688,0.35
3966,False,numeric_mismatch,0.0,E) 3:1,4:0,0.7499999999999999,1.0,0.6,6,10,6,6,0.41609832644462585,0.8841823935508728,0.35
3967,False,exact,0.3,D) penguin,great white shark,0.5555555555555556,1.0,0.38461538461538464,5,13,5,5,0.4488641321659088,0.7761499881744385,0.35
3968,True,exact,0.7,D) Clara can trade her tomatoes for Harry's broccoli.,Clara can trade her tomatoes for Harry's broccoli.,0.6153846153846153,1.0,0.4444444444444444,4,9,4,4,0.4665643274784088,0.9694515466690063,0.35
3969,True,exact,1.0,sour,sour,0.30769230769230765,0.5,0.2222222222222222,4,9,2,2,0.23812362551689148,0.44104480743408203,0.35
3970,True,exact,0.7,C) New York,New York,0.42857142857142855,1.0,0.2727272727272727,3,11,3,3,0.3845840096473694,0.6707934141159058,0.35
3971,True,exact,0.7,B) Virginia,Virginia,0.5,1.0,0.3333333333333333,3,9,3,3,0.373372346162796,0.7146598100662231,0.35
3972,True,exact,1.0,if adding the blade guards made the drone fly poorly,if adding the blade guards made the drone fly poorly,0.5,1.0,0.3333333333333333,5,15,5,5,0.3747749924659729,0.8766196966171265,0.35
3973,True,numeric_exact,1.0,The magnitude of the magnetic force is greater in Pair 2.,The magnitude of the magnetic force is greater in Pair 2.,0.5555555555555556,1.0,0.38461538461538464,5,13,5,5,0.5338298678398132,0.9102776050567627,0.35
3974,True,numeric_exact,1.0,C) The magnetic force is stronger in Pair 1.,The magnetic force is stronger in Pair 1.,0.625,1.0,0.45454545454545453,5,11,5,5,0.6044397354125977,0.9027166962623596,0.35
3975,True,exact,1.0,black bear,black bear,0.75,0.6666666666666666,0.8571428571428571,9,7,6,6,0.3560969829559326,0.6913820505142212,0.35
3976,True,exact,1.0,opaque,opaque,0.11764705882352941,0.25,0.07692307692307693,4,13,1,1,0.1579899936914444,0.4359968304634094,0.35
3977,True,numeric_exact,1.0,B) The magnitude of the magnetic force is smaller in Pair 2.,The magnitude of the magnetic force is smaller in Pair 2.,0.4,1.0,0.25,3,12,3,3,0.6629102826118469,0.8946747779846191,0.35
3978,True,exact,0.7,C) Reid can trade his tomatoes for Daniel's broccoli.,Reid can trade his tomatoes for Daniel's broccoli.,0.7272727272727272,0.8,0.6666666666666666,5,6,4,4,0.47543343901634216,0.9354687929153442,0.35
3979,True,exact,1.0,fragile,fragile,0.5,0.6666666666666666,0.4,3,5,2,2,0.27424731850624084,0.7069031596183777,0.35
3980,False,exact,0.3,Can light bulbs stay lit longer when circuits include copper or when circuits include iron?,Do circuits that include iron produce dimmer light than circuits that include copper?,0.4210526315789474,1.0,0.26666666666666666,4,15,4,4,0.33845317363739014,0.7077418565750122,0.35
3981,True,exact,1.0,sour,sour,0.6,0.6,0.6,5,5,3,3,0.3094356060028076,0.74332195520401,0.35
3982,True,exact,1.0,Does Wanda's snowboard slide down a hill in less time when it has a layer of wax or when it does not have a layer of wax?,Does Wanda's snowboard slide down a hill in less time when it has a layer of wax or when it does not have a layer of wax?,0.37499999999999994,0.6,0.2727272727272727,5,11,3,3,0.17036430537700653,0.8762161135673523,0.35
3983,True,exact,1.0,toward the sled dog team,toward the sled dog team,0.5454545454545454,1.0,0.375,3,8,3,3,0.41456732153892517,0.7255232930183411,0.35
3984,True,exact,0.7,D) Indiana,Indiana,0.5714285714285715,1.0,0.4,2,5,2,2,0.49294304847717285,0.7343275547027588,0.35
3985,True,exact,0.7,B) Judaism,Judaism,0.4615384615384615,1.0,0.3,3,10,3,3,0.48216551542282104,0.9362484812736511,0.35
3986,True,exact,0.7,D) South America,South America,0.5454545454545454,1.0,0.375,3,8,3,3,0.5114108920097351,0.8953096270561218,0.35
3987,True,exact,0.7,A) African gray parrot,African gray parrot,0.5,1.0,0.3333333333333333,3,9,3,3,0.46019577980041504,0.8291608691215515,0.35
3988,True,exact,1.0,Solution B,Solution B,0.5,1.0,0.3333333333333333,4,12,4,4,0.6051788926124573,0.9502687454223633,0.35
3989,True,exact,0.7,A) Maryland,Maryland,0.4615384615384615,1.0,0.3,3,10,3,3,0.442024290561676,0.8736297488212585,0.35
3990,True,exact,0.7,D) Trenton,Trenton,0.6666666666666666,1.0,0.5,4,8,4,4,0.3501586318016052,0.7849209904670715,0.35
3991,True,exact,0.7,B) Santa Fe,Santa Fe,0.4285714285714285,0.75,0.3,4,10,3,3,0.30162739753723145,0.7496506571769714,0.35
3992,True,exact,0.7,"C) a long, thin body","a long, thin body",0.5333333333333333,1.0,0.36363636363636365,4,11,4,4,0.27986299991607666,0.5691114664077759,0.35
3993,True,yes_no,1.0,yes,yes,0.4615384615384615,1.0,0.3,3,10,3,3,0.5837367177009583,0.9063048362731934,0.35
3994,True,exact,0.7,A) Castor fiber,Castor fiber,0.45454545454545453,1.0,0.29411764705882354,5,17,5,5,0.4601467251777649,0.8225178122520447,0.35
3995,True,exact,0.7,A) Bubo scandiacus,Bubo scandiacus,0.4615384615384615,1.0,0.3,3,10,3,3,0.6591987013816833,0.9637686014175415,0.35
3996,True,exact,1.0,transparent,transparent,0.4210526315789474,1.0,0.26666666666666666,4,15,4,4,0.3011646270751953,0.6580665707588196,0.35
3997,False,exact,0.3,A) pathos (emotion),ethos (character),0.0,0.0,0.0,4,8,0,0,0.17228007316589355,0.3350554406642914,0.35
3998,True,exact,0.7,B) Rhode Island,Rhode Island,0.4,1.0,0.25,3,12,3,3,0.5145739912986755,0.7846551537513733,0.35
3999,True,exact,1.0,gray wolf,gray wolf,0.4444444444444444,0.6666666666666666,0.3333333333333333,3,6,2,2,0.2873671054840088,0.5290985107421875,0.35
4000,True,exact,0.7,B) New York,New York,0.4,1.0,0.25,3,12,3,3,0.32819053530693054,0.6369782090187073,0.35
4001,False,exact,0.3,B) attract,repel,0.4210526315789474,1.0,0.26666666666666666,4,15,4,4,0.5745299458503723,0.8710117936134338,0.35
4002,False,exact,1.0,attract,repel,0.4615384615384615,1.0,0.3,3,10,3,3,0.42872899770736694,0.7969794273376465,0.35
4003,True,exact,0.7,B) scarlet macaw,scarlet macaw,0.7058823529411764,1.0,0.5454545454545454,6,11,6,6,0.469589501619339,0.9881048798561096,0.35
4004,False,exact,0.3,B) if the blade guards would break in a crash,if adding the blade guards made the drone fly poorly,0.6666666666666666,1.0,0.5,6,12,6,6,0.36172792315483093,0.8984580039978027,0.35
4005,False,exact,0.3,B) hydrazine,ozone,0.6153846153846153,1.0,0.4444444444444444,4,9,4,4,0.3780685365200043,0.7277405858039856,0.35
4006,True,exact,0.7,C) The strength of the magnetic force is the same in both pairs.,The strength of the magnetic force is the same in both pairs.,0.4,1.0,0.25,4,16,4,4,0.5413147807121277,0.9274295568466187,0.35
4007,False,numeric_mismatch,0.0,The magnetic force is weaker in Pair 2.,The magnetic force is weaker in Pair 1.,0.4444444444444445,1.0,0.2857142857142857,4,14,4,4,0.46629229187965393,0.8601271510124207,0.35
4008,True,exact,1.0,if a new batch of concrete was firm enough to use,if a new batch of concrete was firm enough to use,0.42857142857142855,1.0,0.2727272727272727,3,11,3,3,0.4598441421985626,0.7828784584999084,0.35
4009,True,exact,0.7,C) Both my state and national government officials have power over important issues.,Both my state and national government officials have power over important issues.,0.6666666666666666,1.0,0.5,4,8,4,4,0.5148541927337646,0.8439327478408813,0.35
4010,False,exact,0.3,Does the amount of water in a glass affect whether eggs sink or float in the water?,Are eggs more likely to float in fresh water or salty water?,0.47058823529411764,1.0,0.3076923076923077,4,13,4,4,0.45986491441726685,0.8242787718772888,0.35
4011,False,exact,1.0,attract,repel,0.4,0.25,1.0,4,1,1,1,0.517940104007721,0.558826208114624,0.35
4012,True,exact,0.7,A) Jamaica,Jamaica,0.4615384615384615,1.0,0.3,3,10,3,3,0.4883421063423157,0.7969164252281189,0.35
4013,True,exact,0.7,C) New Hampshire,New Hampshire,0.4,1.0,0.25,3,12,3,3,0.4140971899032593,0.6910866498947144,0.35
4014,True,exact,1.0,the surroundings . . . each vial,the surroundings . . . each vial,0.5,1.0,0.3333333333333333,5,15,5,5,0.5191320776939392,0.7612411975860596,0.35
4015,True,exact,0.7,B) Harrisburg,Harrisburg,0.5454545454545454,0.75,0.42857142857142855,4,7,3,3,0.4128105342388153,0.78273606300354,0.35
4016,False,exact,1.0,attract,repel,0.5454545454545454,1.0,0.375,3,8,3,3,0.40482115745544434,0.7256806492805481,0.35
4017,True,exact,0.7,B) Arianna can trade her tomatoes for Clarence's broccoli.,Arianna can trade her tomatoes for Clarence's broccoli.,0.39999999999999997,0.75,0.2727272727272727,4,11,3,3,0.33105579018592834,0.7927568554878235,0.35
4018,True,exact,1.0,a liquid,a liquid,0.5454545454545454,1.0,0.375,3,8,3,3,0.41276469826698303,0.6150782108306885,0.35
4019,True,exact,0.7,D) Albany,Albany,0.46153846153846156,0.75,0.3333333333333333,4,9,3,3,0.3386847972869873,0.898838222026825,0.35
4020,True,yes_no,1.0,no,no,0.6666666666666666,1.0,0.5,4,8,4,4,0.3359247148036957,0.8214850425720215,0.35
4021,True,yes_no,1.0,false,false,0.5333333333333333,1.0,0.36363636363636365,4,11,4,4,0.4657258093357086,0.8421589732170105,0.35
4022,True,exact,1.0,opalescent nudibranch,opalescent nudibranch,0.7272727272727273,1.0,0.5714285714285714,4,7,4,4,0.34597891569137573,0.7270346879959106,0.35
4023,True,exact,1.0,"November, December, and January","November, December, and January",0.35294117647058826,1.0,0.21428571428571427,3,14,3,3,0.3092542588710785,0.810849130153656,0.35
4024,True,exact,1.0,rock,rock,0.4,1.0,0.25,3,12,3,3,0.4437515139579773,0.7876670360565186,0.35
4025,True,exact,0.7,B) Columbus,Columbus,0.6,1.0,0.42857142857142855,3,7,3,3,0.40020155906677246,0.8323305249214172,0.35
4026,True,exact,0.7,B) painted stork,painted stork,0.6,0.75,0.5,4,6,3,3,0.3665408194065094,0.7554882168769836,0.35
4027,False,numeric_mismatch,0.0,D) 1/4,2/4,0.4,1.0,0.25,3,12,3,3,0.34120768308639526,0.6951755881309509,0.35
4028,True,exact,1.0,Kansas,Kansas,0.5714285714285715,1.0,0.4,4,10,4,4,0.42082661390304565,0.65852290391922,0.35
4029,False,exact,0.3,B) repel,attract,0.6666666666666666,1.0,0.5,3,6,3,3,0.48546579480171204,0.8422427177429199,0.35
4030,True,exact,0.7,A) Saint Vincent and the Grenadines,Saint Vincent and the Grenadines,0.42857142857142855,1.0,0.2727272727272727,3,11,3,3,0.4439431428909302,0.8227752447128296,0.35
4031,True,numeric_exact,1.0,whether the new turbine could produce 10% more electricity,whether the new turbine could produce 10% more electricity,0.375,1.0,0.23076923076923078,3,13,3,3,0.3958432376384735,0.6168238520622253,0.35
4032,True,exact,0.7,B) Papua New Guinea,Papua New Guinea,0.4,1.0,0.25,3,12,3,3,0.4141429662704468,0.7465018630027771,0.35
4033,True,exact,0.7,A) Salem,Salem,0.4,0.6666666666666666,0.2857142857142857,3,7,2,2,0.38170138001441956,0.7478073835372925,0.35
4034,True,exact,1.0,toward the pliers,toward the pliers,0.6666666666666666,1.0,0.5,3,6,3,3,0.5577530860900879,0.8619076609611511,0.35
4035,True,exact,0.7,D) Richmond,Richmond,0.39999999999999997,0.75,0.2727272727272727,4,11,3,3,0.31040504574775696,0.9110413789749146,0.35
4036,True,exact,0.7,C) Annapolis,Annapolis,0.4444444444444444,0.6666666666666666,0.3333333333333333,3,6,2,2,0.4289712905883789,0.752225399017334,0.35
4037,True,exact,0.7,C) Jefferson City,Jefferson City,0.75,0.75,0.75,4,4,3,3,0.4484575390815735,0.9215590953826904,0.35
4038,True,exact,1.0,Can pennies hold more drops of pure water or water mixed with hand soap?,Can pennies hold more drops of pure water or water mixed with hand soap?,0.5882352941176471,1.0,0.4166666666666667,5,12,5,5,0.36635926365852356,0.8601289987564087,0.35
4039,True,exact,0.7,B) the Southern Ocean,the Southern Ocean,0.4,1.0,0.25,2,8,2,2,0.567986011505127,0.767872154712677,0.35
4040,True,exact,1.0,Scientists can study air masses to predict weather events.,Scientists can study air masses to predict weather events.,0.6666666666666666,0.8,0.5714285714285714,5,7,4,4,0.38730284571647644,0.7589974403381348,0.35
4041,True,exact,1.0,attract,attract,0.7499999999999999,1.0,0.6,3,5,3,3,0.6077287793159485,0.8097326755523682,0.35
4042,False,exact,0.3,A) Solomon Islands,Fiji,0.42857142857142855,1.0,0.2727272727272727,3,11,3,3,0.3786497712135315,0.8213589787483215,0.35
4043,True,exact,1.0,Some of the houses have broken roofs and walls.,Some of the houses have broken roofs and walls.,0.6,1.0,0.42857142857142855,3,7,3,3,0.437171995639801,0.729557991027832,0.35
4044,True,yes_no,1.0,false,false,0.5333333333333333,0.8,0.4,5,10,4,4,0.45260921120643616,0.8354253172874451,0.35
4045,True,exact,1.0,the containers that did not get worms,the containers that did not get worms,0.25,1.0,0.14285714285714285,2,14,2,2,0.480268657207489,0.7761785984039307,0.35
4046,True,exact,0.7,B) the cello,the cello,0.4444444444444444,0.6666666666666666,0.3333333333333333,3,6,2,2,0.33247923851013184,0.6613070964813232,0.35
4047,False,exact,1.0,flexible,smooth,0.125,0.25,0.08333333333333333,4,12,1,1,0.1447911113500595,0.4099199175834656,0.35
4048,True,exact,0.7,B) Denver,Denver,0.7499999999999999,1.0,0.6,3,5,3,3,0.48380881547927856,0.8794996738433838,0.35
4049,False,exact,0.3,a gas,a solid,0.5454545454545454,1.0,0.375,3,8,3,3,0.4390172064304352,0.6966503262519836,0.35
4050,False,yes_no,1.0,true,false,0.7272727272727273,1.0,0.5714285714285714,4,7,4,4,0.41123372316360474,0.6906436085700989,0.35
4051,True,exact,0.7,D) Annapolis,Annapolis,0.36363636363636365,0.6666666666666666,0.25,3,8,2,2,0.3942563831806183,0.75870281457901,0.35
4052,True,exact,1.0,Australia,Australia,0.47058823529411764,1.0,0.3076923076923077,4,13,4,4,0.4950529634952545,0.8481309413909912,0.35
4053,False,exact,1.0,attract,repel,0.5,0.3333333333333333,1.0,3,1,1,1,0.45484957098960876,0.5517796277999878,0.35
4054,True,exact,0.7,A) sedimentary,sedimentary,0.4615384615384615,1.0,0.3,3,10,3,3,0.5589272975921631,0.78110271692276,0.35
4055,True,exact,0.7,B) Jamaica,Jamaica,0.42857142857142855,1.0,0.2727272727272727,3,11,3,3,0.538664698600769,0.8579684495925903,0.35
4056,True,exact,1.0,whether the filter was clogged,whether the filter was clogged,0.35294117647058826,1.0,0.21428571428571427,3,14,3,3,0.335598886013031,0.5993393659591675,0.35
4057,True,exact,0.7,D) Janet can trade her tomatoes for Kari's broccoli.,Janet can trade her tomatoes for Kari's broccoli.,0.7692307692307693,1.0,0.625,5,8,5,5,0.40633493661880493,0.8652764558792114,0.35
4058,True,exact,1.0,lionfish,lionfish,0.7692307692307693,1.0,0.625,5,8,5,5,0.38165760040283203,0.6620092988014221,0.35
4059,True,exact,1.0,colorful,colorful,0.5,0.75,0.375,4,8,3,3,0.284333199262619,0.5827020406723022,0.35
4060,True,exact,1.0,bendable,bendable,0.4444444444444445,0.5,0.4,4,5,2,2,0.30136215686798096,0.7785374522209167,0.35
4061,True,exact,1.0,Can pennies hold more drops of pure water or water mixed with hand soap?,Can pennies hold more drops of pure water or water mixed with hand soap?,0.6666666666666666,1.0,0.5,5,10,5,5,0.4036668837070465,0.8831133246421814,0.35
4062,True,exact,1.0,Do the insides of white boxes get hotter than the insides of black boxes when the boxes are left in the sun?,Do the insides of white boxes get hotter than the insides of black boxes when the boxes are left in the sun?,0.6666666666666666,1.0,0.5,5,10,5,5,0.4057879149913788,0.740001380443573,0.35
4063,False,numeric_mismatch,0.0,The magnitude of the magnetic force is greater in Pair 2.,The magnitude of the magnetic force is greater in Pair 1.,0.5,1.0,0.3333333333333333,3,9,3,3,0.5996291637420654,0.9253787994384766,0.35
4064,False,exact,0.3,The magnetic force is stronger in Pair 2.,The strength of the magnetic force is the same in both pairs.,0.6666666666666666,1.0,0.5,4,8,4,4,0.5650823712348938,0.834325909614563,0.35
4065,True,exact,1.0,Namaqua chameleon,Namaqua chameleon,0.5,1.0,0.3333333333333333,4,12,4,4,0.41004303097724915,0.7722532153129578,0.35
4066,False,exact,1.0,shiny,hard,0.25,0.6666666666666666,0.15384615384615385,3,13,2,2,0.20190565288066864,0.6117989420890808,0.35
4067,True,exact,0.7,B) Des Moines,Des Moines,0.4210526315789474,1.0,0.26666666666666666,4,15,4,4,0.2682858109474182,0.8765819668769836,0.35
4068,True,exact,1.0,weather,weather,0.5454545454545454,1.0,0.375,3,8,3,3,0.27851346135139465,0.5845106244087219,0.35
4069,True,exact,0.7,D) Des Moines,Des Moines,0.5,0.5,0.5,4,4,2,2,0.3608235716819763,0.8331307768821716,0.35
4070,True,exact,1.0,Africa,Africa,0.2666666666666667,1.0,0.15384615384615385,2,13,2,2,0.5989887714385986,0.8458412885665894,0.35
4071,True,exact,0.7,C) Virginia,Virginia,0.4615384615384615,1.0,0.3,3,10,3,3,0.4887741506099701,0.9027742147445679,0.35
4072,True,exact,1.0,Python reticulatus,Python reticulatus,0.47058823529411764,1.0,0.3076923076923077,4,13,4,4,0.6118870973587036,0.9004354476928711,0.35
4073,True,exact,1.0,the surroundings . . . each refrigerator,the surroundings . . . each refrigerator,0.631578947368421,1.0,0.46153846153846156,6,13,6,6,0.523429274559021,0.9083423018455505,0.35
4074,False,numeric_mismatch,0.0,The magnetic force is weaker in Pair 2.,The magnetic force is weaker in Pair 1.,0.4210526315789474,1.0,0.26666666666666666,4,15,4,4,0.6764612793922424,0.8768343925476074,0.35
4075,True,yes_no,1.0,yes,yes,0.6666666666666665,0.75,0.6,4,5,3,3,0.436082124710083,0.9023447036743164,0.35
4076,True,exact,1.0,the amount of oxygen in the tanks,the amount of oxygen in the tanks,0.5,1.0,0.3333333333333333,5,15,5,5,0.4182928800582886,0.8062503337860107,0.35
4077,True,exact,0.7,C) nitrogen,nitrogen,0.25,1.0,0.14285714285714285,2,14,2,2,0.3408644497394562,0.7060123682022095,0.35
4078,False,exact,1.0,climate,weather,0.375,1.0,0.23076923076923078,3,13,3,3,0.28082823753356934,0.5025250315666199,0.35
4079,True,exact,0.7,B) Solution A,Solution A,0.42857142857142855,1.0,0.2727272727272727,3,11,3,3,0.5799338817596436,0.9232438206672668,0.35
4080,True,exact,0.7,C) The magnitude of the magnetic force is the same in both pairs.,The magnitude of the magnetic force is the same in both pairs.,0.8333333333333333,1.0,0.7142857142857143,5,7,5,5,0.451576292514801,0.7800384759902954,0.35
4081,False,exact,0.3,B) Grenada,Trinidad and Tobago,0.5454545454545454,1.0,0.375,3,8,3,3,0.3692854344844818,0.5997796654701233,0.35
4082,True,exact,1.0,Brandon can trade his tomatoes for Derek's broccoli.,Brandon can trade his tomatoes for Derek's broccoli.,0.5,1.0,0.3333333333333333,5,15,5,5,0.4730798304080963,0.7965344190597534,0.35
4083,True,exact,0.7,C) Connor can trade his tomatoes for Maura's broccoli.,Connor can trade his tomatoes for Maura's broccoli.,0.7692307692307693,1.0,0.625,5,8,5,5,0.38994699716567993,0.8815298080444336,0.35
4084,False,numeric_mismatch,0.0,C) The magnitude of the magnetic force is greater in Pair 1.,The magnitude of the magnetic force is greater in Pair 2.,0.5714285714285715,1.0,0.4,4,10,4,4,0.5436259508132935,0.8823306560516357,0.35
4085,True,exact,0.7,A) January and February,January and February,0.4210526315789474,1.0,0.26666666666666666,4,15,4,4,0.3612934947013855,0.9148415327072144,0.35
4086,False,exact,0.3,D) Saint Vincent and the Grenadines,Saint Lucia,0.47058823529411764,1.0,0.3076923076923077,4,13,4,4,0.38443395495414734,0.7804060578346252,0.35
4087,True,exact,1.0,Solution B,Solution B,0.5,1.0,0.3333333333333333,3,9,3,3,0.6150884032249451,0.9815917611122131,0.35
4088,True,exact,0.7,B) North Dakota,North Dakota,0.375,1.0,0.23076923076923078,3,13,3,3,0.42784902453422546,0.7850169539451599,0.35
4089,True,exact,1.0,"It has cold, wet winters. It also has soil that is rich in nutrients.","It has cold, wet winters. It also has soil that is rich in nutrients.",0.7142857142857143,1.0,0.5555555555555556,5,9,5,5,0.3285558223724365,0.662636935710907,0.35
4090,True,exact,0.7,B) helmeted iguana,helmeted iguana,0.4444444444444445,1.0,0.2857142857142857,4,14,4,4,0.36900806427001953,0.7787511944770813,0.35
4091,True,exact,0.7,A) Falco novaeseelandiae,Falco novaeseelandiae,0.5454545454545454,0.75,0.42857142857142855,4,7,3,3,0.46235767006874084,0.8440513014793396,0.35
4092,True,exact,0.7,B) Los Angeles,Los Angeles,0.4,1.0,0.25,2,8,2,2,0.413119912147522,0.6747432947158813,0.35
4093,True,exact,1.0,neither; the samples have the same temperature,neither; the samples have the same temperature,0.6153846153846153,1.0,0.4444444444444444,4,9,4,4,0.4732128381729126,0.888152539730072,0.35
4094,True,exact,0.7,D) bat star,bat star,0.6666666666666666,1.0,0.5,3,6,3,3,0.43322083353996277,0.8177857995033264,0.35
4095,False,exact,1.0,methane,tetraphosphorus,0.6666666666666666,1.0,0.5,5,10,5,5,0.3345920443534851,0.8821032643318176,0.35
4096,False,exact,1.0,attract,repel,0.6666666666666665,0.75,0.6,4,5,3,3,0.3957039415836334,0.6694173216819763,0.35
4097,True,numeric_exact,1.0,-24°C,-24°C,0.5714285714285715,1.0,0.4,4,10,4,4,0.4073103964328766,0.9004685878753662,0.35
4098,False,exact,0.3,B) Nauru,Samoa,0.5,1.0,0.3333333333333333,3,9,3,3,0.4446239471435547,0.965762734413147,0.35
4099,True,exact,0.7,B) Saint Paul,Saint Paul,0.5454545454545454,1.0,0.375,3,8,3,3,0.4135812819004059,0.9439208507537842,0.35
4100,True,exact,1.0,wood,wood,0.8571428571428571,1.0,0.75,3,4,3,3,0.5195185542106628,0.8683655858039856,0.35
4101,True,exact,0.7,A) Montgomery,Montgomery,0.6666666666666666,1.0,0.5,5,10,5,5,0.4835093319416046,0.8625147938728333,0.35
4102,True,exact,0.7,A) Effigia okeeffeae,Effigia okeeffeae,0.4,0.6666666666666666,0.2857142857142857,3,7,2,2,0.2884252965450287,0.745148241519928,0.35
4103,False,exact,0.3,Do bananas develop more brown spots when they are kept at room temperature compared to in a cold refrigerator?,Do bananas develop more brown spots if they are kept in bags with holes compared to bags without holes?,0.5555555555555556,1.0,0.38461538461538464,5,13,5,5,0.33132028579711914,0.7286728620529175,0.35
4104,False,exact,0.3,B) The magnitude of the magnetic force is the same in both pairs.,The magnitude of the magnetic force is smaller in Pair 1.,0.8750000000000001,1.0,0.7777777777777778,7,9,7,7,0.5386466979980469,0.8774486184120178,0.35
4105,True,exact,1.0,ginkgo leaf,ginkgo leaf,0.6153846153846153,1.0,0.4444444444444444,4,9,4,4,0.5317509770393372,0.9299669861793518,0.35
4106,True,exact,1.0,South Dakota,South Dakota,0.4615384615384615,1.0,0.3,3,10,3,3,0.39024481177330017,0.7228983044624329,0.35
4107,True,exact,1.0,Arctic fox,Arctic fox,0.7692307692307693,1.0,0.625,5,8,5,5,0.45910724997520447,0.8965986371040344,0.35
4108,True,exact,0.7,A) Salt Lake City,Salt Lake City,0.6,1.0,0.42857142857142855,3,7,3,3,0.4431878626346588,0.9450505971908569,0.35
4109,True,exact,1.0,Dominica,Dominica,0.5,1.0,0.3333333333333333,4,12,4,4,0.42211616039276123,0.9151424169540405,0.35
4110,False,exact,0.3,D) Pennsylvania,Colorado,0.42857142857142855,1.0,0.2727272727272727,3,11,3,3,0.42938748002052307,0.6763628125190735,0.35
4111,True,exact,1.0,to the left than to the right,to the left than to the right,0.375,1.0,0.23076923076923078,3,13,3,3,0.5092904567718506,0.7677205801010132,0.35
4112,True,numeric_exact,1.0,B) if the spacecraft was damaged when using a parachute with a 1 m vent going 200 km per hour,how steady a parachute with a 1 m vent was at 200 km per hour,0.5714285714285715,1.0,0.4,4,10,4,4,0.44560232758522034,0.8241888880729675,0.35
4113,True,exact,0.7,B) Spirobranchus giganteus,Spirobranchus giganteus,0.4615384615384615,0.6,0.375,5,8,3,3,0.3539700210094452,0.8890580534934998,0.35
4114,True,exact,1.0,Python molurus,Python molurus,0.6666666666666666,1.0,0.5,4,8,4,4,0.44759780168533325,0.8761569857597351,0.35
4115,True,exact,0.7,"C) It has long, cold winters and short, cool summers.","It has long, cold winters and short, cool summers.",0.47058823529411764,1.0,0.3076923076923077,4,13,4,4,0.33838412165641785,0.7885294556617737,0.35
4116,True,exact,1.0,Does Heather's snowboard slide down a hill in less time when it has a layer of wax or when it does not have a layer of wax?,Does Heather's snowboard slide down a hill in less time when it has a layer of wax or when it does not have a layer of wax?,0.42857142857142855,1.0,0.2727272727272727,3,11,3,3,0.3065624535083771,0.6382561326026917,0.35
4117,True,exact,1.0,rough,rough,0.4615384615384615,1.0,0.3,3,10,3,3,0.23665621876716614,0.6410936713218689,0.35
4118,True,exact,1.0,four legs,four legs,0.375,1.0,0.23076923076923078,3,13,3,3,0.3844115734100342,0.9011554718017578,0.35
4119,True,exact,0.7,B) tortoise,tortoise,0.6153846153846153,1.0,0.4444444444444444,4,9,4,4,0.4824444353580475,0.7240447402000427,0.35
4120,True,exact,0.7,A) igneous,igneous,0.5333333333333333,1.0,0.36363636363636365,4,11,4,4,0.5169271230697632,0.8652911186218262,0.35
4121,True,exact,1.0,Africa,Africa,0.42857142857142855,1.0,0.2727272727272727,3,11,3,3,0.5078247785568237,0.8074780702590942,0.35
4122,True,exact,1.0,common toad,common toad,0.5,1.0,0.3333333333333333,3,9,3,3,0.4968937635421753,0.773970901966095,0.35
4123,True,exact,1.0,rough,rough,0.5,1.0,0.3333333333333333,4,12,4,4,0.3350044786930084,0.7320422530174255,0.35
4124,True,exact,0.7,B) Solution A,Solution A,0.6666666666666666,1.0,0.5,3,6,3,3,0.5700743198394775,0.9999999403953552,0.35
4125,True,exact,0.7,B) Tuvalu,Tuvalu,0.4615384615384615,1.0,0.3,3,10,3,3,0.40964826941490173,0.7097325921058655,0.35
4126,True,exact,0.7,B) Columbus,Columbus,0.6666666666666666,1.0,0.5,3,6,3,3,0.42929360270500183,0.8865715265274048,0.35
4127,False,exact,0.3,D) New Orleans,Houston,0.6153846153846153,1.0,0.4444444444444444,4,9,4,4,0.39779362082481384,0.9402114748954773,0.35
4128,False,exact,1.0,attract,repel,0.4615384615384615,1.0,0.3,3,10,3,3,0.554114580154419,0.8571944832801819,0.35
4129,True,exact,0.7,B) attract,attract,0.3,1.0,0.17647058823529413,3,17,3,3,0.4617685377597809,0.8426545262336731,0.35
4130,True,exact,0.7,C) Raleigh,Raleigh,0.36363636363636365,0.6666666666666666,0.25,3,8,2,2,0.42977669835090637,0.8331224918365479,0.35
4131,True,exact,0.7,B) More precipitation falls in April than in August.,More precipitation falls in April than in August.,0.5,1.0,0.3333333333333333,5,15,5,5,0.3920982778072357,0.8706076741218567,0.35
4132,True,exact,0.7,B) Solution A,Solution A,0.375,1.0,0.23076923076923078,3,13,3,3,0.6316127181053162,0.9856175780296326,0.35
4133,True,exact,1.0,July,July,0.5714285714285715,1.0,0.4,4,10,4,4,0.4088382124900818,0.7846262454986572,0.35
4134,False,exact,0.3,Do steel nails rust in fewer days when submerged in a large volume of liquid compared to a small volume?,Do steel nails take fewer days to rust in water compared to vinegar?,0.4444444444444445,1.0,0.2857142857142857,4,14,4,4,0.36313050985336304,0.8297624588012695,0.35
4135,True,exact,0.7,C) the Marshall Islands,the Marshall Islands,0.6,0.75,0.5,4,6,3,3,0.38340330123901367,0.8036456108093262,0.35
4136,False,exact,0.3,A) Louisiana,Maine,0.4,1.0,0.25,3,12,3,3,0.4597172141075134,0.714892566204071,0.35
4137,True,exact,0.7,B) salty,salty,0.2857142857142857,0.6,0.1875,5,16,3,3,0.2455018013715744,0.825053870677948,0.35
4138,True,exact,1.0,horned viper,horned viper,0.5,1.0,0.3333333333333333,4,12,4,4,0.5147323608398438,0.8978962898254395,0.35
4139,True,exact,1.0,Vivian can trade her tomatoes for Jamal's broccoli.,Vivian can trade her tomatoes for Jamal's broccoli.,0.6666666666666667,0.8333333333333334,0.5555555555555556,6,9,5,5,0.42674291133880615,0.9114691019058228,0.35
4140,True,exact,1.0,Europe,Europe,0.4,1.0,0.25,3,12,3,3,0.45818382501602173,0.8543941974639893,0.35
4141,True,exact,0.7,D) Carson City,Carson City,0.6,1.0,0.42857142857142855,3,7,3,3,0.4275488257408142,0.8433122038841248,0.35
4142,True,exact,1.0,Texas,Texas,0.47058823529411764,1.0,0.3076923076923077,4,13,4,4,0.44995009899139404,0.9024813175201416,0.35
4143,True,exact,1.0,a solid,a solid,0.4615384615384615,1.0,0.3,3,10,3,3,0.44860872626304626,0.805536687374115,0.35
4144,True,exact,0.7,A) Hyla cinerea,Hyla cinerea,0.6666666666666666,1.0,0.5,4,8,4,4,0.4654865860939026,0.9587200284004211,0.35
4145,True,exact,0.7,A) spotted deer,spotted deer,0.6666666666666666,1.0,0.5,4,8,4,4,0.43586909770965576,0.8390335440635681,0.35
4146,True,exact,0.7,C) Janice can trade her tomatoes for Abdul's broccoli.,Janice can trade her tomatoes for Abdul's broccoli.,0.7142857142857143,1.0,0.5555555555555556,5,9,5,5,0.42957615852355957,0.8196487426757812,0.35
4147,True,exact,0.7,C) the Southern Ocean,the Southern Ocean,0.6666666666666665,0.75,0.6,4,5,3,3,0.3981768488883972,0.7358819246292114,0.35
4148,True,exact,0.7,A) echinoderm,echinoderm,0.8,1.0,0.6666666666666666,4,6,4,4,0.41647934913635254,0.7163918018341064,0.35
4149,True,exact,1.0,Do steel nails take fewer days to rust in water compared to vinegar?,Do steel nails take fewer days to rust in water compared to vinegar?,0.5,1.0,0.3333333333333333,4,12,4,4,0.3982839584350586,0.7460330724716187,0.35
4150,True,exact,0.7,A) sample B,sample B,0.5333333333333333,1.0,0.36363636363636365,4,11,4,4,0.4738801121711731,0.9470316767692566,0.35
4151,True,exact,1.0,smooth,smooth,0.10526315789473685,0.25,0.06666666666666667,4,15,1,1,0.20703819394111633,0.7468263506889343,0.35
4152,False,numeric_mismatch,0.0,B) The magnitude of the magnetic force is greater in Pair 2.,The magnitude of the magnetic force is greater in Pair 1.,0.47058823529411764,1.0,0.3076923076923077,4,13,4,4,0.5701121091842651,0.9124047756195068,0.35
4153,False,numeric_mismatch,0.0,The magnitude of the magnetic force is greater in Pair 1.,The magnitude of the magnetic force is greater in Pair 2.,0.6666666666666666,1.0,0.5,3,6,3,3,0.6199055910110474,0.9038068056106567,0.35
4154,True,exact,0.7,D) the Southern Ocean,the Southern Ocean,0.2857142857142857,1.0,0.16666666666666666,2,12,2,2,0.6018893718719482,0.7593069672584534,0.35
4155,True,exact,1.0,fragile,fragile,0.33333333333333337,0.6,0.23076923076923078,5,13,3,3,0.2773081958293915,0.7746871709823608,0.35
4156,True,numeric_exact,1.0,D) 3:1,3:1,0.5714285714285715,1.0,0.4,4,10,4,4,0.4129766523838043,0.8411291837692261,0.35
4157,True,exact,0.7,A) Idaho,Idaho,0.5454545454545454,1.0,0.375,3,8,3,3,0.4318059980869293,0.7757099270820618,0.35
4158,True,exact,0.7,A) Cyanocitta cristata,Cyanocitta cristata,0.4615384615384615,1.0,0.3,3,10,3,3,0.5174152255058289,0.9715647101402283,0.35
4159,True,exact,0.7,C) Augusta,Augusta,0.6666666666666666,1.0,0.5,3,6,3,3,0.4464467763900757,0.7846875786781311,0.35
4160,True,exact,0.7,C) Strix varia,Strix varia,0.5,0.75,0.375,4,8,3,3,0.37444669008255005,0.8648796677589417,0.35
4161,True,exact,0.7,C) He smelled sulfur and saw pieces of molten rock shooting out of the water.,He smelled sulfur and saw pieces of molten rock shooting out of the water.,0.6153846153846153,1.0,0.4444444444444444,4,9,4,4,0.3174249529838562,0.7045455574989319,0.35
4162,True,exact,0.7,B) Tallahassee,Tallahassee,0.3333333333333333,0.6666666666666666,0.2222222222222222,3,9,2,2,0.2901931405067444,0.7139574885368347,0.35
4163,True,exact,0.7,C) Bill can trade his tomatoes for Anita's broccoli.,Bill can trade his tomatoes for Anita's broccoli.,0.7142857142857143,0.8333333333333334,0.625,6,8,5,5,0.46149957180023193,0.8884825110435486,0.35
4164,True,exact,1.0,fuzzy,fuzzy,0.6153846153846153,1.0,0.4444444444444444,4,9,4,4,0.36603355407714844,0.7286508083343506,0.35
4165,True,exact,1.0,Do steel nails take fewer days to rust in water compared to vinegar?,Do steel nails take fewer days to rust in water compared to vinegar?,0.5882352941176471,1.0,0.4166666666666667,5,12,5,5,0.4081984758377075,0.9036731123924255,0.35
4166,True,exact,0.7,B) Denver,Denver,0.4444444444444444,0.6666666666666666,0.3333333333333333,3,6,2,2,0.34864750504493713,0.8434620499610901,0.35
4167,False,numeric_mismatch,0.0,The magnetic force is stronger in Pair 1.,The magnetic force is stronger in Pair 2.,0.5,1.0,0.3333333333333333,3,9,3,3,0.6713308691978455,0.8914716243743896,0.35
4168,True,exact,1.0,He was from Florence.,He was from Florence.,0.8,1.0,0.6666666666666666,6,9,6,6,0.43126893043518066,0.7600657939910889,0.35
4169,True,exact,0.7,B) Solution B,Solution B,0.6666666666666666,1.0,0.5,3,6,3,3,0.5921034216880798,0.9958069920539856,0.35
4170,True,exact,1.0,if a new batch of concrete was firm enough to use,if a new batch of concrete was firm enough to use,0.5,0.75,0.375,4,8,3,3,0.38755714893341064,0.7107231616973877,0.35
4171,True,exact,0.7,A) Charleston,Charleston,0.4,1.0,0.25,3,12,3,3,0.3623843193054199,0.9708260893821716,0.35
4172,False,exact,0.3,a liquid,a solid,0.7272727272727273,1.0,0.5714285714285714,4,7,4,4,0.33511611819267273,0.8318358063697815,0.35
4173,True,exact,1.0,the school,the school,0.36363636363636365,0.6666666666666666,0.25,3,8,2,2,0.30326855182647705,0.7073429226875305,0.35
4174,True,exact,1.0,Europe,Europe,0.3636363636363636,1.0,0.2222222222222222,2,9,2,2,0.6007818579673767,0.8863637447357178,0.35
4175,True,exact,0.7,C) They were made of metal.,They were made of metal.,0.6153846153846153,1.0,0.4444444444444444,4,9,4,4,0.3816004991531372,0.7488311529159546,0.35
4176,True,exact,0.7,B) Montpelier,Montpelier,0.4,0.25,1.0,4,1,1,1,0.3439244329929352,0.5374945402145386,0.35
4177,True,exact,0.7,B) The strength of the magnetic force is the same in both pairs.,The strength of the magnetic force is the same in both pairs.,0.5714285714285715,1.0,0.4,4,10,4,4,0.6602043509483337,0.9127819538116455,0.35
4178,False,exact,0.3,toward the baseball bat,away from the baseball bat,0.5714285714285715,1.0,0.4,4,10,4,4,0.4933062493801117,0.7566723227500916,0.35
4179,True,exact,1.0,Solution A,Solution A,0.7499999999999999,1.0,0.6,3,5,3,3,0.5298539400100708,0.9318742752075195,0.35
4180,False,exact,0.3,Solution A,Solution B,0.5454545454545454,1.0,0.375,3,8,3,3,0.5771185159683228,0.9733415842056274,0.35
4181,True,exact,0.7,C) which side of the roof got more sun over one day,which side of the roof got more sun over one day,0.6956521739130436,1.0,0.5333333333333333,8,15,8,8,0.31908321380615234,0.9348155856132507,0.35
4182,True,exact,1.0,The magnitude of the magnetic force is the same in both pairs.,The magnitude of the magnetic force is the same in both pairs.,0.5714285714285715,1.0,0.4,4,10,4,4,0.44297146797180176,0.8047776222229004,0.35
4183,True,exact,1.0,the Atlantic Ocean,the Atlantic Ocean,0.5333333333333333,1.0,0.36363636363636365,4,11,4,4,0.5556247234344482,0.876763105392456,0.35
4184,True,exact,1.0,It has fur.,It has fur.,0.5,1.0,0.3333333333333333,3,9,3,3,0.43573513627052307,0.9999997019767761,0.35
4185,True,exact,0.7,C) Kiara can trade her tomatoes for Fernando's broccoli.,Kiara can trade her tomatoes for Fernando's broccoli.,0.6666666666666665,0.75,0.6,4,5,3,3,0.4530983865261078,0.8641477823257446,0.35
4186,True,exact,0.7,B) Bismarck,Bismarck,0.5,0.75,0.375,4,8,3,3,0.32584553956985474,0.9290297627449036,0.35
4187,True,exact,0.7,C) North Carolina,North Carolina,0.39999999999999997,0.75,0.2727272727272727,4,11,3,3,0.36598360538482666,0.7427493929862976,0.35
4188,True,exact,0.7,D) Antarctica,Antarctica,0.5454545454545454,1.0,0.375,3,8,3,3,0.5568727850914001,0.909001886844635,0.35
4189,True,exact,0.7,B) Juneau,Juneau,0.6666666666666666,1.0,0.5,4,8,4,4,0.3373030126094818,0.9647890329360962,0.35
4190,True,exact,0.7,B) black-headed heron,black-headed heron,0.6153846153846153,1.0,0.4444444444444444,4,9,4,4,0.38252320885658264,0.6552164554595947,0.35
4191,False,numeric_mismatch,0.0,The magnitude of the magnetic force is greater in Pair 2.,The magnitude of the magnetic force is greater in Pair 1.,0.6666666666666666,1.0,0.5,4,8,4,4,0.567423403263092,0.8955920934677124,0.35
4192,True,exact,0.7,D) Delaware,Delaware,0.47058823529411764,1.0,0.3076923076923077,4,13,4,4,0.4522639513015747,0.7422714233398438,0.35
4193,False,exact,0.3,the sections of wall scrubbed with water and baking soda,the sections of wall scrubbed with water only,0.3529411764705882,0.75,0.23076923076923078,4,13,3,3,0.1863720417022705,0.6202788352966309,0.35
4194,True,exact,0.7,A) Georgia,Georgia,0.7777777777777777,0.875,0.7,8,10,7,7,0.3142796456813812,0.7292258143424988,0.35
4195,True,exact,1.0,It has land that is covered with water during most of the year. It also has soil that is rich in nutrients.,It has land that is covered with water during most of the year. It also has soil that is rich in nutrients.,0.7142857142857143,1.0,0.5555555555555556,5,9,5,5,0.4594877064228058,0.6904935240745544,0.35
4196,True,exact,0.7,D. red kangaroo,red kangaroo,0.42857142857142855,0.6,0.3333333333333333,5,9,3,3,0.3170359432697296,0.6713916063308716,0.35
4197,True,exact,1.0,Steller's sea eagle,Steller's sea eagle,0.42857142857142855,1.0,0.2727272727272727,3,11,3,3,0.48359861969947815,0.9620909690856934,0.35
4198,True,exact,0.7,A) Saint Vincent and the Grenadines,Saint Vincent and the Grenadines,0.5,0.3333333333333333,1.0,3,1,1,1,0.5347974896430969,0.5452593564987183,0.35
4199,True,exact,1.0,shiny,shiny,0.11764705882352941,0.25,0.07692307692307693,4,13,1,1,0.21210423111915588,0.5370576977729797,0.35
4200,True,exact,1.0,toward the first train car,toward the first train car,0.6,1.0,0.42857142857142855,3,7,3,3,0.5332347750663757,0.8838592171669006,0.35
4201,True,exact,1.0,the flowers,the flowers,0.4285714285714285,0.75,0.3,4,10,3,3,0.3762674033641815,0.7841310501098633,0.35
4202,True,exact,0.7,B) nitrogen,nitrogen,0.8,1.0,0.6666666666666666,4,6,4,4,0.44282281398773193,0.8527088761329651,0.35
4203,True,exact,1.0,South Dakota,South Dakota,0.6153846153846153,1.0,0.4444444444444444,4,9,4,4,0.40669623017311096,0.7503463625907898,0.35
4204,True,exact,0.7,C) Asia,Asia,0.375,1.0,0.23076923076923078,3,13,3,3,0.40155282616615295,0.5897052884101868,0.35
4205,False,exact,0.3,C) Ken can trade his almonds for Marvin's tomatoes.,Marvin can trade his tomatoes for Ken's broccoli.,0.608695652173913,0.875,0.4666666666666667,8,15,7,7,0.4330877363681793,0.8637741208076477,0.35
4206,True,exact,1.0,Do more tomato seedlings grow when they are planted in soil with fertilizer compared to soil without fertilizer?,Do more tomato seedlings grow when they are planted in soil with fertilizer compared to soil without fertilizer?,0.5714285714285715,1.0,0.4,4,10,4,4,0.3254557251930237,0.6325962543487549,0.35
4207,False,exact,0.3,A) Saint Kitts and Nevis,Antigua and Barbuda,0.7499999999999999,1.0,0.6,3,5,3,3,0.3895585238933563,0.7436431050300598,0.35
4208,True,exact,0.7,B) Boston,Boston,0.4,0.6666666666666666,0.2857142857142857,3,7,2,2,0.3191140592098236,0.7664067149162292,0.35
4209,True,exact,0.7,D) Georgia,Georgia,0.5454545454545454,1.0,0.375,3,8,3,3,0.5072184205055237,0.877741813659668,0.35
4210,True,exact,1.0,blue,blue,0.36363636363636365,0.5,0.2857142857142857,4,7,2,2,0.26939257979393005,0.6935674548149109,0.35
4211,True,exact,0.7,B) North America,North America,0.6,1.0,0.42857142857142855,3,7,3,3,0.39130598306655884,0.6088207364082336,0.35
4212,True,exact,0.7,D) Austin can trade his tomatoes for Colin's broccoli.,Austin can trade his tomatoes for Colin's broccoli.,0.6666666666666666,1.0,0.5,5,10,5,5,0.4955308437347412,0.8775737881660461,0.35
4213,True,exact,0.7,"B) December, January, February, and March","December, January, February, and March",0.4,1.0,0.25,3,12,3,3,0.5517127513885498,0.7948827743530273,0.35
4214,True,exact,0.7,B) nitrogen,nitrogen,0.7272727272727273,1.0,0.5714285714285714,4,7,4,4,0.4033567011356354,0.838234543800354,0.35
4215,True,exact,0.7,A) Strix nebulosa,Strix nebulosa,0.8,1.0,0.6666666666666666,4,6,4,4,0.4816811978816986,0.8188305497169495,0.35
4216,True,exact,1.0,Can pennies hold more drops of pure water or water mixed with hand soap?,Can pennies hold more drops of pure water or water mixed with hand soap?,0.5555555555555556,1.0,0.38461538461538464,5,13,5,5,0.43946659564971924,0.8286181688308716,0.35
4217,True,exact,1.0,sticky,sticky,0.4,0.6,0.3,5,10,3,3,0.2739882469177246,0.6564866900444031,0.35
4218,True,exact,0.7,C) Falco peregrinus,Falco peregrinus,0.5333333333333333,1.0,0.36363636363636365,4,11,4,4,0.5432080626487732,0.9927423000335693,0.35
4219,False,exact,0.3,C) lichen,parasitic jaeger,0.6666666666666666,1.0,0.5,5,10,5,5,0.5522968173027039,0.8409303426742554,0.35
4220,False,exact,1.0,attract,repel,0.42857142857142855,1.0,0.2727272727272727,3,11,3,3,0.3893577754497528,0.6360878348350525,0.35
4221,True,exact,1.0,crown-of-thorns sea star,crown-of-thorns sea star,0.5333333333333333,1.0,0.36363636363636365,4,11,4,4,0.34772780537605286,0.8071504831314087,0.35
4222,True,exact,0.7,B) lar gibbon,lar gibbon,0.5,1.0,0.3333333333333333,4,12,4,4,0.4349258840084076,0.8278377056121826,0.35
4223,True,exact,0.7,A) sample B,sample B,0.7692307692307693,1.0,0.625,5,8,5,5,0.5016045570373535,0.8853015899658203,0.35
4224,True,exact,0.7,B) New Hampshire,New Hampshire,0.5454545454545454,1.0,0.375,3,8,3,3,0.597819983959198,0.7738540768623352,0.35
4225,True,exact,1.0,May,May,0.6153846153846153,1.0,0.4444444444444444,4,9,4,4,0.43380728363990784,0.8388321995735168,0.35
4226,True,yes_no,1.0,true,true,0.6153846153846153,1.0,0.4444444444444444,4,9,4,4,0.4731850028038025,0.9253677129745483,0.35
4227,False,exact,0.3,B) neither; their concentrations are the same,Solution B,0.4615384615384615,1.0,0.3,3,10,3,3,0.5842263698577881,0.8976597189903259,0.35
4228,True,exact,0.7,D) Jonah can trade his tomatoes for Cassie's broccoli.,Jonah can trade his tomatoes for Cassie's broccoli.,0.6666666666666666,1.0,0.5,4,8,4,4,0.40053385496139526,0.8474132418632507,0.35
4229,True,exact,1.0,homologous structure,homologous structure,0.9090909090909091,1.0,0.8333333333333334,5,6,5,5,0.30329686403274536,0.6788409352302551,0.35
4230,True,exact,0.7,C) Pierre,Pierre,0.42857142857142855,1.0,0.2727272727272727,3,11,3,3,0.3491973280906677,0.7551844716072083,0.35
4231,True,exact,0.7,B) human,human,0.26666666666666666,0.6666666666666666,0.16666666666666666,3,12,2,2,0.3319404125213623,0.7290392518043518,0.35
4232,True,exact,0.7,C) Nashville,Nashville,0.7499999999999999,1.0,0.6,3,5,3,3,0.41746458411216736,0.7852739691734314,0.35
4233,True,exact,0.7,B) Boise,Boise,0.42857142857142855,1.0,0.2727272727272727,3,11,3,3,0.4691658616065979,0.8680867552757263,0.35
4234,True,exact,0.7,C) pathos (emotion),pathos (emotion),0.14285714285714288,0.3333333333333333,0.09090909090909091,3,11,1,1,0.20968711376190186,0.439561665058136,0.35
4235,True,exact,1.0,East Asia,East Asia,0.4,1.0,0.25,3,12,3,3,0.39917293190956116,0.7926927208900452,0.35
4236,False,yes_no,1.0,yes,no,0.42857142857142855,1.0,0.2727272727272727,3,11,3,3,0.503753662109375,0.8640279173851013,0.35
4237,True,exact,1.0,flexible,flexible,0.375,0.75,0.25,4,12,3,3,0.21985487639904022,0.675316333770752,0.35
4238,False,exact,0.3,It has soil that is poor in nutrients. It also has other water ecosystems nearby.,It has soil that is rich in nutrients. It also has other water ecosystems nearby.,0.8,1.0,0.6666666666666666,4,6,4,4,0.3743795156478882,0.644789457321167,0.35
4239,True,exact,1.0,the steel squares soaked in salt water,the steel squares soaked in salt water,0.33333333333333337,1.0,0.2,2,10,2,2,0.39781782031059265,0.6097450256347656,0.35
4240,True,exact,0.7,B) Solution B,Solution B,0.5454545454545454,1.0,0.375,3,8,3,3,0.5919176936149597,1.000000238418579,0.35
4241,True,exact,1.0,aardvark,aardvark,0.7058823529411764,1.0,0.5454545454545454,6,11,6,6,0.5032896995544434,0.888584315776825,0.35
4242,True,exact,0.7,B) South America,South America,0.4,1.0,0.25,2,8,2,2,0.45414164662361145,0.6945701241493225,0.35
4243,False,exact,0.3,orca,sea cucumber,0.5882352941176471,1.0,0.4166666666666667,5,12,5,5,0.46938028931617737,0.8909775614738464,0.35
4244,True,exact,1.0,translucent,translucent,0.5,0.5,0.5,6,6,3,3,0.32525184750556946,0.746759295463562,0.35
4245,True,exact,0.7,B) Honolulu,Honolulu,0.5454545454545454,0.75,0.42857142857142855,4,7,3,3,0.4065389335155487,0.8471081256866455,0.35
4246,False,exact,0.3,C) The magnetic force is stronger in Pair 2.,The strength of the magnetic force is the same in both pairs.,0.4444444444444445,1.0,0.2857142857142857,4,14,4,4,0.5235894918441772,0.7659149765968323,0.35
4247,True,exact,0.7,D) Papua New Guinea,Papua New Guinea,0.46153846153846156,0.75,0.3333333333333333,4,9,3,3,0.3639985918998718,0.8504351377487183,0.35
4248,True,exact,0.7,C) Idaho,Idaho,0.4444444444444445,1.0,0.2857142857142857,4,14,4,4,0.46831655502319336,0.774273693561554,0.35
4249,True,exact,1.0,sample B,sample B,0.7142857142857143,1.0,0.5555555555555556,5,9,5,5,0.4580865502357483,0.8462886810302734,0.35
4250,True,yes_no,1.0,true,true,0.47058823529411764,1.0,0.3076923076923077,4,13,4,4,0.44169649481773376,0.9825483560562134,0.35
4251,True,exact,0.7,D) Lansing,Lansing,0.5,0.6666666666666666,0.4,3,5,2,2,0.3361707925796509,0.8850141167640686,0.35
4252,False,exact,0.3,"It has a rainy season and a dry season. It also has long, cold winters.",It has warm summers and warm winters. It also has soil that is poor in nutrients.,0.42857142857142855,0.5,0.375,6,8,3,3,0.32484790682792664,0.6302819848060608,0.35
4253,True,exact,0.7,B) New York,New York,0.4285714285714285,0.75,0.3,4,10,3,3,0.34531354904174805,0.7538920044898987,0.35
4254,False,exact,0.3,The magnitude of the magnetic force is the same in both pairs.,The magnitude of the magnetic force is smaller in Pair 1.,0.6153846153846153,1.0,0.4444444444444444,4,9,4,4,0.5006954669952393,0.79085773229599,0.35
4255,True,exact,0.7,B) Connecticut,Connecticut,0.4,1.0,0.25,3,12,3,3,0.439535528421402,0.8144372701644897,0.35
4256,True,exact,1.0,Sumatran orangutan,Sumatran orangutan,0.5,0.75,0.375,4,8,3,3,0.35973846912384033,0.7461071014404297,0.35
4257,True,exact,0.7,A) plated leaf chameleon,plated leaf chameleon,0.4444444444444445,1.0,0.2857142857142857,4,14,4,4,0.427297979593277,0.7435868978500366,0.35
4258,True,exact,0.7,D) Hartford,Hartford,0.4444444444444445,0.5,0.4,4,5,2,2,0.29194384813308716,0.8866441249847412,0.35
4259,True,exact,1.0,Do radishes grown under bright light get bigger than radishes grown under dim light?,Do radishes grown under bright light get bigger than radishes grown under dim light?,0.5882352941176471,1.0,0.4166666666666667,5,12,5,5,0.2764590382575989,0.6342399716377258,0.35
4260,True,exact,0.7,C) South America,South America,0.35294117647058826,1.0,0.21428571428571427,3,14,3,3,0.5579620003700256,0.8965485692024231,0.35
4261,True,exact,1.0,It keeps them warm by trapping their body heat.,It keeps them warm by trapping their body heat.,0.5,1.0,0.3333333333333333,4,12,4,4,0.3633476793766022,0.7602657675743103,0.35
4262,True,exact,0.7,C) Ambystoma opacum,Ambystoma opacum,0.5333333333333333,1.0,0.36363636363636365,4,11,4,4,0.4270968735218048,0.85013747215271,0.35
4263,True,exact,0.7,B) palm leaf,palm leaf,0.6,1.0,0.42857142857142855,3,7,3,3,0.43571266531944275,0.9137072563171387,0.35
4264,True,exact,0.7,A) poison dart frog,poison dart frog,0.47058823529411764,1.0,0.3076923076923077,4,13,4,4,0.42466652393341064,0.8508239984512329,0.35
4265,False,exact,0.3,A) Saint Kitts and Nevis,Antigua and Barbuda,0.42857142857142855,1.0,0.2727272727272727,3,11,3,3,0.35832837224006653,0.8039724826812744,0.35
4266,True,exact,1.0,It has warm summers and warm winters.,It has warm summers and warm winters.,0.6666666666666666,1.0,0.5,4,8,4,4,0.4711460769176483,0.7892814874649048,0.35
4267,False,numeric_mismatch,0.0,B) 1/4,0/4,0.4,1.0,0.25,4,16,4,4,0.4628567099571228,0.8284802436828613,0.35
4268,False,exact,0.3,B) Porter can trade his almonds for Jaylen's tomatoes.,Jaylen can trade his tomatoes for Porter's broccoli.,0.6666666666666666,1.0,0.5,4,8,4,4,0.4552179276943207,0.881846010684967,0.35
4269,True,exact,1.0,rough,rough,0.5,0.3333333333333333,1.0,3,1,1,1,0.3540262281894684,0.41166993975639343,0.35
4270,True,exact,0.7,A) Nauru,Nauru,0.4,0.8,0.26666666666666666,5,15,4,4,0.20134936273097992,0.5886952877044678,0.35
4271,True,exact,0.7,B) common buzzard,common buzzard,0.4,0.25,1.0,4,1,1,1,0.535330593585968,0.7160024046897888,0.35
4272,True,exact,0.7,A) Harrisburg,Harrisburg,0.4444444444444444,0.6666666666666666,0.3333333333333333,3,6,2,2,0.4003670811653137,0.70698082447052,0.35
4273,True,exact,1.0,the sandstone layer,the sandstone layer,0.5333333333333333,1.0,0.36363636363636365,4,11,4,4,0.4690812826156616,0.9010152220726013,0.35
4274,True,exact,0.7,B) New York,New York,0.25,0.6666666666666666,0.15384615384615385,3,13,2,2,0.30435502529144287,0.714574933052063,0.35
4275,True,exact,0.7,D) Boston,Boston,0.7272727272727272,0.8,0.6666666666666666,5,6,4,4,0.4323863387107849,0.8604077696800232,0.35
4276,False,exact,0.3,to the right than to the left,to the left than to the right,0.2857142857142857,1.0,0.16666666666666666,3,18,3,3,0.5160513520240784,0.7969516515731812,0.35
4277,False,numeric_mismatch,0.0,B) The magnitude of the magnetic force is smaller in Pair 2.,The magnitude of the magnetic force is smaller in Pair 1.,0.5454545454545454,1.0,0.375,3,8,3,3,0.5090382099151611,0.8512362241744995,0.35
4278,False,exact,0.3,C) New Hampshire,Massachusetts,0.375,1.0,0.23076923076923078,3,13,3,3,0.47112366557121277,0.7701641917228699,0.35
4279,False,exact,0.3,D) black rockfish,sea urchin,0.4615384615384615,1.0,0.3,3,10,3,3,0.41954758763313293,0.9060968160629272,0.35
4280,True,exact,0.7,C) Nashville,Nashville,0.6,1.0,0.42857142857142855,3,7,3,3,0.4259505569934845,0.8302963376045227,0.35
4281,False,exact,0.3,A) Solomon Islands,Fiji,0.4615384615384615,1.0,0.3,3,10,3,3,0.4111347496509552,0.7540061473846436,0.35
4282,True,exact,0.7,A) Denver,Denver,0.6666666666666666,1.0,0.5,3,6,3,3,0.3940821886062622,0.9120126366615295,0.35
4283,True,exact,0.7,B) Solution A,Solution A,0.33333333333333337,1.0,0.2,3,15,3,3,0.5078808069229126,0.8784880042076111,0.35
4284,False,yes_no,1.0,false,true,0.7142857142857143,1.0,0.5555555555555556,5,9,5,5,0.498627245426178,0.8268647789955139,0.35
4285,True,exact,1.0,bearded dragon,bearded dragon,0.6666666666666666,1.0,0.5,4,8,4,4,0.3959354758262634,0.8289154171943665,0.35
4286,False,exact,0.3,C) Hanson can trade his broccoli for Maya's oranges.,Maya can trade her tomatoes for Hanson's broccoli.,0.5555555555555556,1.0,0.38461538461538464,5,13,5,5,0.47889620065689087,0.931306004524231,0.35
4287,True,exact,0.7,B) black howler,black howler,0.4444444444444444,0.8,0.3076923076923077,5,13,4,4,0.34641969203948975,0.7228317260742188,0.35
4288,True,exact,0.7,B) Spirobranchus giganteus,Spirobranchus giganteus,0.8,1.0,0.6666666666666666,4,6,4,4,0.4708746373653412,0.8187622427940369,0.35
4289,True,exact,1.0,rock,rock,0.35294117647058826,1.0,0.21428571428571427,3,14,3,3,0.5693665742874146,0.8915638327598572,0.35
4290,True,exact,1.0,July,July,0.4615384615384615,1.0,0.3,3,10,3,3,0.4918149411678314,0.8209035396575928,0.35
4291,True,exact,0.7,B) New Hampshire,New Hampshire,0.6666666666666666,1.0,0.5,4,8,4,4,0.3774397075176239,0.8613722324371338,0.35
4292,True,exact,1.0,smooth,smooth,0.39999999999999997,0.75,0.2727272727272727,4,11,3,3,0.23891271650791168,0.4930014908313751,0.35
4293,False,exact,0.3,A) Saint Vincent and the Grenadines,Grenada,0.4615384615384615,1.0,0.3,3,10,3,3,0.4026661813259125,0.9720233678817749,0.35
4294,True,exact,1.0,"the sand dunes, the prairie sandreed, and the greater prairie chickens","the sand dunes, the prairie sandreed, and the greater prairie chickens",0.47058823529411764,1.0,0.3076923076923077,4,13,4,4,0.4399067163467407,0.7707680463790894,0.35
4295,True,exact,1.0,the number of times the plots were burned each year,the number of times the plots were burned each year,0.33333333333333337,1.0,0.2,3,15,3,3,0.41810017824172974,0.8215406537055969,0.35
4296,True,exact,0.7,A) koalas,koalas,0.47058823529411764,1.0,0.3076923076923077,4,13,4,4,0.43467023968696594,0.7863415479660034,0.35
4297,True,exact,1.0,snowy owl,snowy owl,0.8,1.0,0.6666666666666666,4,6,4,4,0.4883510172367096,0.8199936747550964,0.35
4298,True,exact,0.7,A) Pierre,Pierre,0.5,0.3333333333333333,1.0,3,1,1,1,0.523040235042572,0.5599173307418823,0.35
4299,True,exact,1.0,a compound,a compound,0.6,0.75,0.5,4,6,3,3,0.4195916950702667,0.9079849123954773,0.35
4300,True,exact,1.0,The magnitude of the magnetic force is the same in both pairs.,The magnitude of the magnetic force is the same in both pairs.,0.47058823529411764,1.0,0.3076923076923077,4,13,4,4,0.5665132999420166,0.812920331954956,0.35
4301,True,numeric_exact,1.0,whether she added enough nutrients to help the bacteria produce 20% more insulin,whether she added enough nutrients to help the bacteria produce 20% more insulin,0.4285714285714285,0.75,0.3,4,10,3,3,0.4294184744358063,0.8463834524154663,0.35
4302,True,exact,0.7,B) Denver,Denver,0.3157894736842105,1.0,0.1875,3,16,3,3,0.4430435597896576,0.8523910641670227,0.35
4303,True,numeric_exact,1.0,B) The magnitude of the magnetic force is greater in Pair 2.,The magnitude of the magnetic force is greater in Pair 2.,0.5714285714285715,1.0,0.4,4,10,4,4,0.43258246779441833,0.7410005927085876,0.35
4304,True,exact,1.0,slippery,slippery,0.5714285714285714,0.8,0.4444444444444444,5,9,4,4,0.2872730493545532,0.5299769639968872,0.35
4305,False,exact,0.3,B) Tuvalu,Fiji,0.3157894736842105,1.0,0.1875,3,16,3,3,0.4378909170627594,0.7704147100448608,0.35
4306,True,exact,1.0,Africa,Africa,0.6666666666666666,1.0,0.5,4,8,4,4,0.589118480682373,0.8445383310317993,0.35
4307,True,exact,0.7,B) Des Moines,Des Moines,0.30769230769230765,0.6666666666666666,0.2,3,10,2,2,0.39751309156417847,0.745556652545929,0.35
4308,True,exact,0.7,A) clownfish,clownfish,0.7272727272727273,1.0,0.5714285714285714,4,7,4,4,0.4407481551170349,0.7608839273452759,0.35
4309,False,exact,0.3,mushroom,short-tailed weasel,0.5714285714285715,1.0,0.4,4,10,4,4,0.5108155608177185,0.8199812769889832,0.35
4310,True,exact,1.0,Alabama,Alabama,0.5454545454545454,1.0,0.375,3,8,3,3,0.3655143678188324,0.6074770092964172,0.35
4311,True,exact,1.0,bumpy,bumpy,0.28571428571428575,0.6666666666666666,0.18181818181818182,3,11,2,2,0.17884327471256256,0.45081546902656555,0.35
4312,False,yes_no,1.0,yes,no,0.375,1.0,0.23076923076923078,3,13,3,3,0.5615842938423157,0.80837482213974,0.35
4313,True,exact,1.0,goldfish,goldfish,0.35294117647058826,1.0,0.21428571428571427,3,14,3,3,0.38290396332740784,0.9324461221694946,0.35
4314,True,exact,0.7,C) New Hampshire,New Hampshire,0.4,1.0,0.25,3,12,3,3,0.37366485595703125,0.770459771156311,0.35
4315,True,exact,0.7,B) human,human,0.6666666666666666,1.0,0.5,3,6,3,3,0.4318176209926605,0.671328067779541,0.35
4316,True,exact,0.7,A) Trinidad and Tobago,Trinidad and Tobago,0.5454545454545454,1.0,0.375,3,8,3,3,0.49534153938293457,0.9720235466957092,0.35
4317,True,exact,1.0,rough,rough,0.35294117647058826,1.0,0.21428571428571427,3,14,3,3,0.276846319437027,0.6576273441314697,0.35
4318,False,exact,0.3,if the blade guards would break in a crash,if adding the blade guards made the drone fly poorly,0.35294117647058826,1.0,0.21428571428571427,3,14,3,3,0.5415162444114685,0.8164668083190918,0.35
4319,True,exact,0.7,A) Cheyenne,Cheyenne,0.6,1.0,0.42857142857142855,3,7,3,3,0.3367777466773987,0.7625228762626648,0.35
4320,True,numeric_exact,1.0,whether she added enough nutrients to help the bacteria produce 20% more insulin,whether she added enough nutrients to help the bacteria produce 20% more insulin,0.375,0.75,0.25,4,12,3,3,0.40233126282691956,0.7974414825439453,0.35
4321,True,exact,0.7,C) logos (reason),logos (reason),0.5,0.6,0.42857142857142855,5,7,3,3,0.21086744964122772,0.6466615796089172,0.35
4322,False,numeric_mismatch,0.0,A) 3:1,0:4,0.4,1.0,0.25,3,12,3,3,0.40247824788093567,0.6340792179107666,0.35
4323,True,exact,0.7,D) Concord,Concord,0.5454545454545454,0.75,0.42857142857142855,4,7,3,3,0.45647957921028137,0.9534114003181458,0.35
4324,True,exact,1.0,soft,soft,0.5714285714285715,1.0,0.4,4,10,4,4,0.27017414569854736,0.5250428915023804,0.35
4325,False,exact,0.3,B) The magnitude of the magnetic force is the same in both pairs.,The magnitude of the magnetic force is smaller in Pair 2.,0.75,0.8571428571428571,0.6666666666666666,7,9,6,6,0.4982169568538666,0.8295770287513733,0.35
4326,True,numeric_exact,1.0,whether the new turbine could produce 10% more electricity,whether the new turbine could produce 10% more electricity,0.5714285714285715,1.0,0.4,4,10,4,4,0.3811124563217163,0.8446913361549377,0.35
4327,True,exact,0.7,B) Solution A,Solution A,0.4615384615384615,1.0,0.3,3,10,3,3,0.575571596622467,0.8457123041152954,0.35
4328,True,exact,0.7,D) New Jersey,New Jersey,0.7499999999999999,1.0,0.6,3,5,3,3,0.5050520896911621,0.7635915279388428,0.35
4329,True,exact,1.0,wood,wood,0.42857142857142855,1.0,0.2727272727272727,3,11,3,3,0.48929810523986816,0.8326085209846497,0.35
4330,True,exact,0.7,A) caribou,caribou,0.7142857142857143,1.0,0.5555555555555556,5,9,5,5,0.48912420868873596,0.9427806735038757,0.35
4331,True,exact,0.7,B) fern,fern,0.6666666666666666,1.0,0.5,4,8,4,4,0.44908660650253296,0.7204465270042419,0.35
4332,True,exact,1.0,toward her hand,toward her hand,0.30769230769230765,0.6666666666666666,0.2,3,10,2,2,0.2210577428340912,0.45668262243270874,0.35
4333,True,exact,1.0,Do steel nails take fewer days to rust in water compared to vinegar?,Do steel nails take fewer days to rust in water compared to vinegar?,0.4444444444444445,1.0,0.2857142857142857,4,14,4,4,0.2879217565059662,0.8510861396789551,0.35
4334,True,exact,0.7,B) the Atlantic Ocean,the Atlantic Ocean,0.33333333333333337,1.0,0.2,3,15,3,3,0.5073058009147644,0.8630580902099609,0.35
4335,True,exact,0.7,A) toward the center of Earth,toward the center of Earth,0.5,1.0,0.3333333333333333,3,9,3,3,0.387161523103714,0.8606142401695251,0.35
4336,True,exact,0.7,A) golden frog,golden frog,0.631578947368421,1.0,0.46153846153846156,6,13,6,6,0.411519318819046,0.839715301990509,0.35
4337,True,exact,1.0,soft,soft,0.2,0.5,0.125,2,8,1,1,0.3077031075954437,0.6786240339279175,0.35
4338,True,exact,1.0,blue,blue,0.13333333333333333,0.3333333333333333,0.08333333333333333,3,12,1,1,0.2605211138725281,0.9185948967933655,0.35
4339,False,exact,0.3,D) Saint Vincent and the Grenadines,Grenada,0.4615384615384615,1.0,0.3,3,10,3,3,0.38295385241508484,0.7340418100357056,0.35
4340,False,exact,0.3,D) Palau,the Federated States of Micronesia,0.4444444444444445,1.0,0.2857142857142857,4,14,4,4,0.3977304995059967,0.7063695788383484,0.35
4341,True,exact,0.7,D) Monica can trade her tomatoes for Diana's broccoli.,Monica can trade her tomatoes for Diana's broccoli.,0.8333333333333334,0.8333333333333334,0.8333333333333334,6,6,5,5,0.4379100501537323,0.8154996633529663,0.35
4342,True,exact,0.7,A) bat ray,bat ray,0.8571428571428571,1.0,0.75,6,8,6,6,0.4303531348705292,0.8809150457382202,0.35
4343,True,exact,0.7,C) Diana can trade her tomatoes for Gabby's broccoli.,Diana can trade her tomatoes for Gabby's broccoli.,0.7058823529411764,1.0,0.5454545454545454,6,11,6,6,0.400226891040802,0.8007326126098633,0.35
4344,True,exact,1.0,which design would have the greatest distance between the concert area and the road,which design would have the greatest distance between the concert area and the road,0.625,1.0,0.45454545454545453,5,11,5,5,0.3678228259086609,0.9638153910636902,0.35
4345,False,numeric_mismatch,0.0,B) The magnetic force is weaker in Pair 2.,The magnetic force is weaker in Pair 1.,0.7692307692307693,1.0,0.625,5,8,5,5,0.6079546809196472,0.9418330788612366,0.35
4346,True,exact,0.7,A) San Antonio,San Antonio,0.3157894736842105,1.0,0.1875,3,16,3,3,0.35589051246643066,0.5911905765533447,0.35
4347,True,exact,1.0,rough,rough,0.35294117647058826,1.0,0.21428571428571427,3,14,3,3,0.2781505882740021,0.7251672744750977,0.35
4348,True,exact,1.0,if a new batch of concrete was firm enough to use,if a new batch of concrete was firm enough to use,0.5454545454545454,1.0,0.375,3,8,3,3,0.463937908411026,0.7241244316101074,0.35
4349,False,exact,0.3,how well the weather station would work when it was windy,if the weather station would work when the temperature was 50°C,0.4444444444444445,1.0,0.2857142857142857,4,14,4,4,0.3330581486225128,0.6482492089271545,0.35
4350,True,exact,1.0,Arctic fox,Arctic fox,0.6666666666666666,1.0,0.5,5,10,5,5,0.47933709621429443,0.8644911646842957,0.35
4351,False,exact,1.0,mimicry,camouflage,0.4,0.5,0.3333333333333333,4,6,2,2,0.301379531621933,0.5767101645469666,0.35
4352,False,exact,0.3,B) Nauru,Samoa,0.33333333333333337,1.0,0.2,3,15,3,3,0.46930211782455444,0.9657626152038574,0.35
4353,False,exact,0.3,the surroundings . . . each pizza,each pizza . . . the surroundings,0.7142857142857143,1.0,0.5555555555555556,5,9,5,5,0.4169502556324005,0.7628141045570374,0.35
4354,True,exact,1.0,iodine,iodine,0.8888888888888888,0.8888888888888888,0.8888888888888888,9,9,8,8,0.4051039516925812,0.8072618842124939,0.35
4355,True,exact,0.7,B) Charleston,Charleston,0.4,0.6666666666666666,0.2857142857142857,3,7,2,2,0.3673195242881775,0.624563992023468,0.35
4356,True,exact,0.7,B) Alouatta caraya,Alouatta caraya,0.5333333333333333,0.8,0.4,5,10,4,4,0.4117636978626251,0.8612744808197021,0.35
4357,True,exact,1.0,sweet,sweet,0.14285714285714288,0.25,0.1,4,10,1,1,0.23740077018737793,0.7144541144371033,0.35
4358,True,exact,0.7,B) Trenton,Trenton,0.4,0.6666666666666666,0.2857142857142857,3,7,2,2,0.3660885691642761,0.8592873811721802,0.35
4359,True,exact,0.7,D) New Zealand,New Zealand,0.5,1.0,0.3333333333333333,3,9,3,3,0.5467463731765747,0.9720235466957092,0.35
4360,True,exact,0.7,A) Massachusetts,Massachusetts,0.375,1.0,0.23076923076923078,3,13,3,3,0.4756850302219391,0.7872499227523804,0.35
4361,False,exact,1.0,accuracy,precision,0.6153846153846153,1.0,0.4444444444444444,4,9,4,4,0.3651072680950165,0.7116425633430481,0.35
4362,True,exact,1.0,polar bear,polar bear,0.4,1.0,0.25,3,12,3,3,0.49577564001083374,0.8483951091766357,0.35
4363,True,exact,0.7,A) Saint Paul,Saint Paul,0.7499999999999999,1.0,0.6,3,5,3,3,0.4174254238605499,0.9201809167861938,0.35
4364,False,exact,1.0,Virginia,Idaho,0.42857142857142855,1.0,0.2727272727272727,3,11,3,3,0.4144040644168854,0.8251904845237732,0.35
4365,True,exact,1.0,fragile,fragile,0.14285714285714288,0.25,0.1,4,10,1,1,0.21934232115745544,0.5313011407852173,0.35
4366,True,yes_no,1.0,false,false,0.42857142857142855,1.0,0.2727272727272727,3,11,3,3,0.4273877739906311,0.744212806224823,0.35
4367,True,exact,0.7,A) sample B,sample B,0.7499999999999999,1.0,0.6,6,10,6,6,0.45535704493522644,0.922974705696106,0.35
4368,True,exact,0.7,D) Concord,Concord,0.6,0.75,0.5,4,6,3,3,0.4489220678806305,0.8417918682098389,0.35
4369,True,exact,0.7,A) Phoenix,Phoenix,0.5,1.0,0.3333333333333333,3,9,3,3,0.4819508194923401,0.8351945281028748,0.35
4370,True,exact,0.7,D) the Marshall Islands,the Marshall Islands,0.5714285714285715,1.0,0.4,4,10,4,4,0.360373318195343,0.599134087562561,0.35
4371,True,exact,0.7,D) Texas,Texas,0.4,1.0,0.25,3,12,3,3,0.512493371963501,0.8536926507949829,0.35
4372,False,numeric_mismatch,0.0,B) The magnitude of the magnetic force is greater in Pair 2.,The magnitude of the magnetic force is greater in Pair 1.,0.5,1.0,0.3333333333333333,3,9,3,3,0.49717503786087036,0.8682976365089417,0.35
4373,True,exact,1.0,Kevin can trade his tomatoes for Aaliyah's broccoli.,Kevin can trade his tomatoes for Aaliyah's broccoli.,0.7142857142857143,1.0,0.5555555555555556,5,9,5,5,0.37526580691337585,0.8448529243469238,0.35
4374,False,exact,0.3,if the sample fabric would absorb one drop of water in less than one second,how long it would take the sample fabric to dry after it absorbed one drop of water,0.5333333333333333,1.0,0.36363636363636365,4,11,4,4,0.42717865109443665,0.7624945640563965,0.35
4375,True,exact,0.7,C) Australia,Australia,0.5,1.0,0.3333333333333333,4,12,4,4,0.4472292959690094,0.7368404865264893,0.35
4376,True,exact,1.0,if a new batch of concrete was firm enough to use,if a new batch of concrete was firm enough to use,0.47058823529411764,1.0,0.3076923076923077,4,13,4,4,0.3975456953048706,0.8679111003875732,0.35
4377,True,exact,0.7,A) wombat,wombat,0.5333333333333333,1.0,0.36363636363636365,4,11,4,4,0.40248677134513855,0.8524223566055298,0.35
4378,True,exact,1.0,attract,attract,0.47058823529411764,1.0,0.3076923076923077,4,13,4,4,0.5673350691795349,0.9116580486297607,0.35
4379,True,exact,0.7,B) Dover,Dover,0.6,1.0,0.42857142857142855,3,7,3,3,0.28848516941070557,0.8038066625595093,0.35
4380,True,exact,0.7,A) sample A,sample A,0.7142857142857143,0.8333333333333334,0.625,6,8,5,5,0.4498024880886078,0.8935182094573975,0.35
4381,True,exact,0.7,A) dwarf crocodile,dwarf crocodile,0.7142857142857143,1.0,0.5555555555555556,5,9,5,5,0.4270237386226654,0.6718927621841431,0.35
4382,True,exact,1.0,how long it would take the sample fabric to dry after it absorbed one drop of water,how long it would take the sample fabric to dry after it absorbed one drop of water,0.5263157894736842,1.0,0.35714285714285715,5,14,5,5,0.36208608746528625,0.7850456237792969,0.35
4383,True,exact,0.7,B) barn swallow,barn swallow,0.35294117647058826,1.0,0.21428571428571427,3,14,3,3,0.5149321556091309,0.956744372844696,0.35
4384,True,exact,0.7,B) Strix aluco,Strix aluco,0.6666666666666666,1.0,0.5,4,8,4,4,0.520749568939209,0.8906347155570984,0.35
4385,True,exact,0.7,B) Nashville,Nashville,0.6,1.0,0.42857142857142855,3,7,3,3,0.3541264235973358,0.7880342602729797,0.35
4386,False,exact,0.3,B) The magnitude of the magnetic force is the same in both pairs.,The magnitude of the magnetic force is smaller in Pair 2.,0.8333333333333333,1.0,0.7142857142857143,5,7,5,5,0.46240511536598206,0.8204189538955688,0.35
4387,True,exact,0.7,B) Oklahoma City,Oklahoma City,0.6,1.0,0.42857142857142855,3,7,3,3,0.521203875541687,0.8736783266067505,0.35
4388,True,exact,1.0,slippery,slippery,0.39999999999999997,0.75,0.2727272727272727,4,11,3,3,0.2849540412425995,0.9052304029464722,0.35
4389,True,exact,1.0,collared lemming,collared lemming,0.6666666666666666,1.0,0.5,5,10,5,5,0.5484329462051392,0.9345704913139343,0.35
4390,True,exact,1.0,weather,weather,0.5,0.6,0.42857142857142855,5,7,3,3,0.2301194667816162,0.5899789929389954,0.35
4391,True,exact,0.7,B) Asian golden weaver,Asian golden weaver,0.42857142857142855,1.0,0.2727272727272727,3,11,3,3,0.3977622091770172,0.7795389294624329,0.35
4392,False,exact,0.3,insufficient information,Olympia,0.46153846153846156,0.75,0.3333333333333333,4,9,3,3,0.3229886293411255,0.7563306093215942,0.35
4393,False,yes_no,1.0,false,true,0.7499999999999999,1.0,0.6,6,10,6,6,0.4573178291320801,0.8137133717536926,0.35
4394,True,exact,0.7,A) Missouri,Missouri,0.375,1.0,0.23076923076923078,3,13,3,3,0.4413699507713318,0.76295006275177,0.35
4395,False,exact,0.3,bear sedge,grizzly bear,0.9090909090909091,1.0,0.8333333333333334,5,6,5,5,0.5269438028335571,0.8521695137023926,0.35
4396,True,exact,1.0,They have four legs.,They have four legs.,0.4285714285714285,0.75,0.3,4,10,3,3,0.3872438073158264,0.9296675324440002,0.35
4397,True,exact,1.0,wood,wood,0.5714285714285714,0.8,0.4444444444444444,5,9,4,4,0.43826937675476074,0.9383149147033691,0.35
4398,False,exact,0.3,A) Saint Vincent and the Grenadines,The Bahamas,0.5333333333333333,1.0,0.36363636363636365,4,11,4,4,0.4807502031326294,0.8371890187263489,0.35
4399,False,exact,0.3,to the right than to the left,to the left than to the right,0.4615384615384615,1.0,0.3,3,10,3,3,0.46292656660079956,0.7544571757316589,0.35
4400,True,exact,0.7,A) Macropus agilis,Macropus agilis,0.5714285714285715,1.0,0.4,4,10,4,4,0.4806853234767914,0.9396226406097412,0.35
4401,True,exact,0.7,A) Solution B,Solution B,0.5454545454545454,1.0,0.375,3,8,3,3,0.6482328772544861,0.8936667442321777,0.35
4402,True,exact,0.7,D) Olympia,Olympia,0.4615384615384615,1.0,0.3,3,10,3,3,0.47160422801971436,0.8022069334983826,0.35
4403,True,exact,1.0,July,July,0.5,1.0,0.3333333333333333,4,12,4,4,0.4490692913532257,0.8393480777740479,0.35
4404,True,exact,0.7,B) Trinidad and Tobago,Trinidad and Tobago,0.5,1.0,0.3333333333333333,3,9,3,3,0.381301611661911,0.6868964433670044,0.35
4405,True,exact,0.7,C) Hyla cinerea,Hyla cinerea,0.5333333333333333,1.0,0.36363636363636365,4,11,4,4,0.5414872765541077,0.9363664984703064,0.35
4406,True,exact,0.7,A) Utah,Utah,0.42857142857142855,1.0,0.2727272727272727,3,11,3,3,0.4854724109172821,0.9079179167747498,0.35
4407,True,exact,0.7,B) white stork,white stork,0.15384615384615383,0.3333333333333333,0.1,3,10,1,1,0.27354443073272705,0.6240288615226746,0.35
4408,True,exact,0.7,B) Maine,Maine,0.5,1.0,0.3333333333333333,3,9,3,3,0.5008160471916199,0.9107674956321716,0.35
4409,True,exact,1.0,the plants that were soaked in water and sprayed,the plants that were soaked in water and sprayed,0.4,1.0,0.25,3,12,3,3,0.32339030504226685,0.5997461080551147,0.35
4410,True,exact,1.0,whether the filter was clogged,whether the filter was clogged,0.39999999999999997,0.75,0.2727272727272727,4,11,3,3,0.241069495677948,0.5369790196418762,0.35
4411,True,exact,0.7,B) North America,North America,0.42857142857142855,1.0,0.2727272727272727,3,11,3,3,0.4120659828186035,0.7421322464942932,0.35
4412,False,numeric_mismatch,0.0,C) 0/4,2/4,0.5882352941176471,1.0,0.4166666666666667,5,12,5,5,0.2998632490634918,0.6570224761962891,0.35
4413,True,numeric_exact,1.0,C) 2/4,2/4,0.4444444444444445,1.0,0.2857142857142857,4,14,4,4,0.28375664353370667,0.7627759575843811,0.35
4414,True,exact,1.0,if a new batch of concrete was firm enough to use,if a new batch of concrete was firm enough to use,0.42857142857142855,1.0,0.2727272727272727,3,11,3,3,0.41195622086524963,0.8178770542144775,0.35
4415,True,exact,1.0,The benches on the riverbank are partly underwater.,The benches on the riverbank are partly underwater.,0.4,1.0,0.25,2,8,2,2,0.36579829454421997,0.7804456353187561,0.35
4416,True,exact,0.7,A) Lepus californicus,Lepus californicus,0.5,1.0,0.3333333333333333,4,12,4,4,0.5319898128509521,0.8985660076141357,0.35
4417,True,exact,0.7,A) Raleigh,Raleigh,0.3333333333333333,0.6666666666666666,0.2222222222222222,3,9,2,2,0.2277364879846573,0.8060035705566406,0.35
4418,False,yes_no,1.0,true,false,0.7692307692307693,1.0,0.625,5,8,5,5,0.5333505868911743,0.9541882276535034,0.35
4419,True,exact,1.0,plastic,plastic,0.4,0.5,0.3333333333333333,4,6,2,2,0.25534069538116455,0.7189708948135376,0.35
4420,True,exact,1.0,wool,wool,0.6153846153846154,0.8,0.5,5,8,4,4,0.38153061270713806,0.7627538442611694,0.35
4421,False,exact,0.3,C) peregrine falcon,flamingo,0.38095238095238093,1.0,0.23529411764705882,4,17,4,4,0.4328947961330414,0.7490175366401672,0.35
4422,True,exact,1.0,scratchy,scratchy,0.3529411764705882,0.75,0.23076923076923078,4,13,3,3,0.3141011893749237,0.722133994102478,0.35
4423,True,exact,0.7,C) Naomi can trade her tomatoes for Emilia's broccoli.,Naomi can trade her tomatoes for Emilia's broccoli.,0.6153846153846153,1.0,0.4444444444444444,4,9,4,4,0.47307220101356506,0.7449432015419006,0.35
4424,True,exact,1.0,yellow,yellow,0.23529411764705882,0.5,0.15384615384615385,4,13,2,2,0.1674078106880188,0.5195708870887756,0.35
4425,True,exact,1.0,a gas,a gas,0.4444444444444445,1.0,0.2857142857142857,4,14,4,4,0.35444799065589905,0.8495423793792725,0.35
4426,True,exact,0.7,B) Nevada,Nevada,0.33333333333333337,1.0,0.2,3,15,3,3,0.4773494005203247,0.8571709990501404,0.35
4427,False,exact,0.3,A) lace monitor,spectacled cobra,0.5882352941176471,1.0,0.4166666666666667,5,12,5,5,0.4086498022079468,0.7656912207603455,0.35
4428,True,exact,0.7,B) Boise,Boise,0.6,1.0,0.42857142857142855,3,7,3,3,0.38524889945983887,0.7489087581634521,0.35
4429,True,exact,0.7,B) Cheyenne,Cheyenne,0.6666666666666666,1.0,0.5,4,8,4,4,0.3794187009334564,0.8520172834396362,0.35
4430,True,exact,0.7,A) Montpelier,Montpelier,0.3529411764705882,0.75,0.23076923076923078,4,13,3,3,0.38555529713630676,0.9737357497215271,0.35
4431,True,numeric_exact,1.0,C) H2O2,H2O2,0.3636363636363636,1.0,0.2222222222222222,2,9,2,2,0.49204131960868835,0.7578450441360474,0.35
4432,True,numeric_exact,1.0,whether a parachute with a 1 m vent would swing too much at 400 km per hour,how steady a parachute with a 1 m vent was at 200 km per hour,0.28571428571428575,0.6666666666666666,0.18181818181818182,3,11,2,2,0.2931791841983795,0.7326841950416565,0.35
4433,True,exact,0.7,B) Indianapolis,Indianapolis,0.5,0.3333333333333333,1.0,3,1,1,1,0.6106488108634949,0.652316689491272,0.35
4434,True,exact,1.0,a higher elevation than,a higher elevation than,0.375,1.0,0.23076923076923078,3,13,3,3,0.5545161366462708,0.7851575016975403,0.35
4435,False,exact,0.3,B) Dave can trade his almonds for Sarah's tomatoes.,Sarah can trade her tomatoes for Dave's broccoli.,0.6666666666666665,0.8571428571428571,0.5454545454545454,7,11,6,6,0.290565550327301,0.7925331592559814,0.35
4436,True,exact,1.0,It has year-round rain. It also has many different types of organisms.,It has year-round rain. It also has many different types of organisms.,0.5,1.0,0.3333333333333333,4,12,4,4,0.314250111579895,0.7526692152023315,0.35
4437,True,exact,1.0,Australia,Australia,0.4,1.0,0.25,3,12,3,3,0.48490646481513977,0.7273165583610535,0.35
4438,True,exact,0.7,D) Cheyenne,Cheyenne,0.6,0.75,0.5,4,6,3,3,0.4059920608997345,0.8150405287742615,0.35
4439,True,exact,0.7,C) Annapolis,Annapolis,0.4,0.6666666666666666,0.2857142857142857,3,7,2,2,0.34568509459495544,0.7824921011924744,0.35
4440,True,exact,0.7,B) Salem,Salem,0.4,0.5,0.3333333333333333,4,6,2,2,0.27549752593040466,0.925949215888977,0.35
4441,True,exact,0.7,C) New York,New York,0.47058823529411764,1.0,0.3076923076923077,4,13,4,4,0.42044731974601746,0.7147396802902222,0.35
4442,True,exact,0.7,D) Tara can trade her tomatoes for Jeremiah's broccoli.,Tara can trade her tomatoes for Jeremiah's broccoli.,0.6666666666666666,1.0,0.5,4,8,4,4,0.4163798689842224,0.8911259770393372,0.35
4443,True,exact,0.7,A) Tallahassee,Tallahassee,0.6666666666666666,1.0,0.5,3,6,3,3,0.47994810342788696,0.8997138738632202,0.35
4444,True,exact,0.7,C) sample A,sample A,0.7499999999999999,1.0,0.6,6,10,6,6,0.4527956545352936,0.9964455962181091,0.35
4445,True,exact,1.0,a compound,a compound,0.6153846153846153,1.0,0.4444444444444444,4,9,4,4,0.4376906156539917,0.8571720123291016,0.35
4446,True,exact,0.7,B) She wanted to travel to outer space.,She wanted to travel to outer space.,0.25,0.5,0.16666666666666666,4,12,2,2,0.26572713255882263,0.6084886193275452,0.35
4447,False,exact,0.3,Does fabric turn darker when soaked in a mixture of black dye and water for 15 minutes compared to 30 minutes?,Does linen fabric turn darker than cotton fabric when soaked in a mixture of black dye and water?,0.33333333333333337,1.0,0.2,3,15,3,3,0.3920630216598511,0.7175084948539734,0.35
4448,True,exact,1.0,a gas,a gas,0.4615384615384615,1.0,0.3,3,10,3,3,0.3319253623485565,0.8592312932014465,0.35
4449,True,exact,0.7,B) Eurasian lynx,Eurasian lynx,0.631578947368421,1.0,0.46153846153846156,6,13,6,6,0.5076740384101868,0.9373143911361694,0.35
4450,True,exact,1.0,weather,weather,0.4,1.0,0.25,3,12,3,3,0.22468219697475433,0.4690282344818115,0.35
4451,False,exact,1.0,weather,climate,0.4,1.0,0.25,3,12,3,3,0.3188995122909546,0.5146642327308655,0.35
4452,True,exact,0.7,D) Australia,Australia,0.4,1.0,0.25,3,12,3,3,0.4714714586734772,0.7685033679008484,0.35
4453,True,exact,0.7,C) Lincoln,Lincoln,0.4615384615384615,1.0,0.3,3,10,3,3,0.42357712984085083,0.792833685874939,0.35
4454,True,exact,1.0,shiny,shiny,0.33333333333333337,1.0,0.2,3,15,3,3,0.40403494238853455,0.7983570694923401,0.35
4455,True,exact,0.7,A) Columbia,Columbia,0.4,1.0,0.25,3,12,3,3,0.4303499758243561,0.9291909337043762,0.35
4456,True,exact,1.0,glass,glass,0.46153846153846156,0.75,0.3333333333333333,4,9,3,3,0.4569630026817322,0.9483174681663513,0.35
4457,True,exact,0.7,A) starry moray,starry moray,0.6666666666666666,1.0,0.5,3,6,3,3,0.31198784708976746,0.783065140247345,0.35
4458,False,exact,0.3,A) Massachusetts,Rhode Island,0.4,1.0,0.25,3,12,3,3,0.4176989197731018,0.683788001537323,0.35
4459,True,exact,1.0,It has hot summers. It also has soil that is rich in nutrients.,It has hot summers. It also has soil that is rich in nutrients.,0.8333333333333333,1.0,0.7142857142857143,5,7,5,5,0.4179355204105377,0.783665120601654,0.35
4460,True,exact,0.7,B) Albany,Albany,0.47058823529411764,1.0,0.3076923076923077,4,13,4,4,0.33114200830459595,0.7856760621070862,0.35
4461,False,exact,0.3,A) Palau,Samoa,0.42857142857142855,1.0,0.2727272727272727,3,11,3,3,0.3622719943523407,0.6568461060523987,0.35
4462,True,exact,0.7,B) Des Moines,Des Moines,0.4,0.6666666666666666,0.2857142857142857,3,7,2,2,0.3726087212562561,0.8264497518539429,0.35
4463,True,numeric_exact,1.0,B) The magnitude of the magnetic force is smaller in Pair 2.,The magnitude of the magnetic force is smaller in Pair 2.,0.6666666666666666,1.0,0.5,4,8,4,4,0.726752519607544,0.9546110033988953,0.35
4464,True,exact,0.7,C) Oklahoma City,Oklahoma City,0.6666666666666666,1.0,0.5,3,6,3,3,0.5056464076042175,0.9041280150413513,0.35
4465,True,exact,0.7,D) Little Rock,Little Rock,0.5,0.6666666666666666,0.4,3,5,2,2,0.29539892077445984,0.7538472414016724,0.35
4466,False,numeric_mismatch,0.0,The magnetic force is weaker in Pair 2.,The magnetic force is weaker in Pair 1.,0.375,1.0,0.23076923076923078,3,13,3,3,0.66538405418396,0.9047940373420715,0.35
4467,True,exact,0.7,C) kelp bass,kelp bass,0.35294117647058826,1.0,0.21428571428571427,3,14,3,3,0.44433513283729553,0.8463988304138184,0.35
4468,True,exact,0.7,B) Denver,Denver,0.6666666666666666,1.0,0.5,3,6,3,3,0.4836828410625458,0.9471654295921326,0.35
4469,True,exact,1.0,shiny,shiny,0.4,1.0,0.25,3,12,3,3,0.25204479694366455,0.4499455690383911,0.35
4470,True,exact,0.7,D) Cheyenne,Cheyenne,0.5714285714285715,1.0,0.4,4,10,4,4,0.31779104471206665,0.9309181571006775,0.35
4471,True,exact,0.7,C) sample A,sample A,0.5882352941176471,1.0,0.4166666666666667,5,12,5,5,0.46940910816192627,0.8950342535972595,0.35
4472,True,exact,0.7,C) the Babylonian Empire,the Babylonian Empire,0.6153846153846153,1.0,0.4444444444444444,4,9,4,4,0.4975997507572174,0.835842490196228,0.35
4473,True,exact,0.7,C) Alligator sinensis,Alligator sinensis,0.5714285714285715,1.0,0.4,4,10,4,4,0.6818378567695618,0.9667431116104126,0.35
4474,True,exact,1.0,attract,attract,0.4615384615384615,1.0,0.3,3,10,3,3,0.571599006652832,0.887157142162323,0.35
4475,True,exact,0.7,D) piranha,piranha,0.5263157894736842,1.0,0.35714285714285715,5,14,5,5,0.4276452362537384,0.7592498064041138,0.35
4476,True,exact,1.0,attract,attract,0.5454545454545454,1.0,0.375,3,8,3,3,0.46852508187294006,0.718559980392456,0.35
4477,True,exact,0.7,B) Haiti,Haiti,0.33333333333333337,1.0,0.2,3,15,3,3,0.46657994389533997,0.733221173286438,0.35
4478,True,exact,0.7,C) Salt Lake City,Salt Lake City,0.6666666666666666,1.0,0.5,3,6,3,3,0.3909626305103302,0.8788323402404785,0.35
4479,True,numeric_exact,1.0,B) CLCN1 gene . . . chloride channel protein,CLCN1 gene . . . chloride channel protein,0.6666666666666666,0.7142857142857143,0.625,7,8,5,5,0.39474985003471375,0.9871813654899597,0.35
4480,False,numeric_mismatch,0.0,The magnetic force is stronger in Pair 2.,The magnetic force is stronger in Pair 1.,0.5,1.0,0.3333333333333333,4,12,4,4,0.6490926742553711,0.8675361275672913,0.35
4481,True,exact,0.7,A) oxygen,oxygen,0.7272727272727273,1.0,0.5714285714285714,4,7,4,4,0.3861149251461029,0.7354922890663147,0.35
4482,True,exact,1.0,Australia,Australia,0.5,1.0,0.3333333333333333,4,12,4,4,0.4013727605342865,0.756106972694397,0.35
4483,True,exact,0.7,B) box turtle,box turtle,0.4615384615384615,1.0,0.3,3,10,3,3,0.37597501277923584,0.6230678558349609,0.35
4484,True,exact,0.7,C) the Pacific Ocean,the Pacific Ocean,0.4444444444444445,1.0,0.2857142857142857,4,14,4,4,0.4774087965488434,0.8626007437705994,0.35
4485,False,exact,0.3,the surroundings . . . each cake,each cake . . . the surroundings,0.6666666666666666,1.0,0.5,5,10,5,5,0.56148761510849,0.9082846641540527,0.35
4486,False,exact,0.3,C) Phoenix,Las Vegas,0.5,1.0,0.3333333333333333,4,12,4,4,0.3543020784854889,0.6872904300689697,0.35
4487,True,yes_no,1.0,false,false,0.5,1.0,0.3333333333333333,4,12,4,4,0.5112555623054504,0.8487475514411926,0.35
4488,True,exact,0.7,B) pathos (emotion),pathos (emotion),0.4285714285714285,0.75,0.3,4,10,3,3,0.2819196879863739,0.5366287231445312,0.35
4489,True,exact,0.7,B) sample B,sample B,0.6666666666666666,1.0,0.5,6,12,6,6,0.47512876987457275,0.8962675929069519,0.35
4490,True,exact,1.0,silver maple,silver maple,0.6666666666666667,0.8333333333333334,0.5555555555555556,6,9,5,5,0.3602429926395416,0.9319060444831848,0.35
4491,True,exact,1.0,push,push,0.4,1.0,0.25,3,12,3,3,0.4327307641506195,0.8079571723937988,0.35
4492,True,exact,0.7,B) Columbus,Columbus,0.4444444444444444,0.6666666666666666,0.3333333333333333,3,6,2,2,0.3715570569038391,0.7621363997459412,0.35
4493,True,exact,0.7,D) Terrell can trade his tomatoes for Allie's broccoli.,Terrell can trade his tomatoes for Allie's broccoli.,0.6666666666666666,1.0,0.5,7,14,7,7,0.3498877286911011,0.8805261850357056,0.35
4494,True,exact,0.7,A) European beaver,European beaver,0.42857142857142855,1.0,0.2727272727272727,3,11,3,3,0.5244971513748169,0.8832146525382996,0.35
4495,True,exact,0.7,A) Boston,Boston,0.7272727272727272,0.8,0.6666666666666666,5,6,4,4,0.4345431625843048,0.90265953540802,0.35
4496,True,exact,0.7,C) Pierre,Pierre,0.4,1.0,0.25,2,8,2,2,0.365308940410614,0.7026793360710144,0.35
4497,False,exact,0.3,Does fabric turn darker when soaked in a mixture of black dye and water for 15 minutes compared to 30 minutes?,Does linen fabric turn darker than cotton fabric when soaked in a mixture of black dye and water?,0.4,1.0,0.25,4,16,4,4,0.41237640380859375,0.7062140703201294,0.35
4498,True,exact,0.7,B) painted stork,painted stork,0.5454545454545454,0.75,0.42857142857142855,4,7,3,3,0.3672580122947693,0.7050221562385559,0.35
4499,True,exact,1.0,weather,weather,0.33333333333333337,1.0,0.2,3,15,3,3,0.3133847415447235,0.6514188051223755,0.35
4500,True,numeric_exact,1.0,C) The magnitude of the magnetic force is smaller in Pair 1.,The magnitude of the magnetic force is smaller in Pair 1.,0.5,1.0,0.3333333333333333,3,9,3,3,0.584416925907135,0.8412832021713257,0.35
4501,True,exact,0.7,B) Alligator mississippiensis,Alligator mississippiensis,0.4444444444444445,1.0,0.2857142857142857,4,14,4,4,0.5506482124328613,0.9315645098686218,0.35
4502,True,exact,1.0,opaque,opaque,0.4,0.6,0.3,5,10,3,3,0.24303975701332092,0.7515652179718018,0.35
4503,True,exact,0.7,A) Helena,Helena,0.5,0.3333333333333333,1.0,3,1,1,1,0.4359472692012787,0.5076701641082764,0.35
4504,True,exact,1.0,translucent,translucent,0.4,0.6,0.3,5,10,3,3,0.23203474283218384,0.4457622170448303,0.35
4505,True,exact,0.7,C) Atlanta,Atlanta,0.6666666666666666,1.0,0.5,3,6,3,3,0.34700241684913635,0.7545390725135803,0.35
4506,True,exact,1.0,plastic,plastic,0.6666666666666666,1.0,0.5,4,8,4,4,0.4698401391506195,0.9481999278068542,0.35
4507,True,exact,1.0,a compound,a compound,0.5333333333333333,1.0,0.36363636363636365,4,11,4,4,0.47853386402130127,0.8320323824882507,0.35
4508,True,exact,0.7,"C) Washington, D.C.","Washington, D.C.",0.47058823529411764,0.8,0.3333333333333333,5,12,4,4,0.3218500018119812,0.7495481371879578,0.35
4509,True,exact,0.7,A) Castor canadensis,Castor canadensis,0.7692307692307693,1.0,0.625,5,8,5,5,0.4762285351753235,0.8993836045265198,0.35
4510,True,exact,1.0,sample A,sample A,0.7499999999999999,1.0,0.6,6,10,6,6,0.4292283356189728,0.8260924220085144,0.35
4511,True,exact,1.0,the surroundings . . . each refrigerator,the surroundings . . . each refrigerator,0.7058823529411764,1.0,0.5454545454545454,6,11,6,6,0.4225315749645233,0.8043333888053894,0.35
4512,True,exact,0.7,A) tiger shark,tiger shark,0.923076923076923,1.0,0.8571428571428571,6,7,6,6,0.3889281451702118,0.7425662279129028,0.35
4513,True,numeric_exact,1.0,BF3,BF3,0.5714285714285714,0.8,0.4444444444444444,5,9,4,4,0.3646310269832611,0.8278893232345581,0.35
4514,True,exact,1.0,the western red cedar trees,the western red cedar trees,0.6666666666666666,1.0,0.5,4,8,4,4,0.34855756163597107,0.689713180065155,0.35
4515,True,exact,0.7,B) the Marshall Islands,the Marshall Islands,0.5714285714285715,1.0,0.4,4,10,4,4,0.39058732986450195,0.964992344379425,0.35
4516,True,exact,0.7,D) West Virginia,West Virginia,0.8,1.0,0.6666666666666666,4,6,4,4,0.5100263953208923,0.7238326072692871,0.35
4517,False,exact,0.3,B) He was an African grey parrot.,He was able to do math.,0.25,0.5,0.16666666666666666,4,12,2,2,0.3327721059322357,0.8332681655883789,0.35
4518,False,exact,0.3,C) Kathleen can trade her almonds for Emmet's tomatoes.,Emmet can trade his tomatoes for Kathleen's broccoli.,0.26666666666666666,0.5,0.18181818181818182,4,11,2,2,0.25766751170158386,0.42684289813041687,0.35
4519,True,exact,0.7,A) roaring,roaring,0.4615384615384615,1.0,0.3,3,10,3,3,0.44421815872192383,0.8859122395515442,0.35
4520,False,exact,0.3,to the left than to the right,to the right than to the left,0.33333333333333337,1.0,0.2,3,15,3,3,0.4952503740787506,0.8613165616989136,0.35
4521,True,exact,1.0,Europe,Europe,0.4,1.0,0.25,3,12,3,3,0.6139656901359558,0.8580584526062012,0.35
4522,False,exact,0.3,Can pennies hold more drops of water mixed with dish soap or water mixed with hand soap?,Can pennies hold more drops of pure water or water mixed with hand soap?,0.6666666666666666,1.0,0.5,5,10,5,5,0.3480868637561798,0.7629793286323547,0.35
4523,True,exact,0.7,B) Delaware,Delaware,0.5,1.0,0.3333333333333333,3,9,3,3,0.43289050459861755,0.7653620839118958,0.35
4524,True,exact,1.0,attract,attract,0.5,0.3333333333333333,1.0,3,1,1,1,0.601559579372406,0.6240012645721436,0.35
4525,True,exact,1.0,It has soil that is rich in nutrients.,It has soil that is rich in nutrients.,0.5882352941176471,1.0,0.4166666666666667,5,12,5,5,0.4099833369255066,0.7259080410003662,0.35
4526,True,numeric_exact,1.0,more than 150 years,more than 150 years,0.6,0.75,0.5,4,6,3,3,0.3086797595024109,0.9190382957458496,0.35
4527,False,numeric_mismatch,0.0,The magnetic force is stronger in Pair 1.,The magnetic force is stronger in Pair 2.,0.6666666666666666,1.0,0.5,4,8,4,4,0.559321403503418,0.7995468378067017,0.35
4528,True,exact,0.7,B) California gull,California gull,0.5714285714285715,1.0,0.4,4,10,4,4,0.49119606614112854,0.956259548664093,0.35
4529,True,exact,1.0,New Mexico,New Mexico,0.6,1.0,0.42857142857142855,3,7,3,3,0.33644193410873413,0.5471464991569519,0.35
4530,True,exact,0.7,A) flamingo,flamingo,0.5333333333333333,1.0,0.36363636363636365,4,11,4,4,0.40890902280807495,0.81584632396698,0.35
4531,True,exact,0.7,B) sample A,sample A,0.4210526315789474,1.0,0.26666666666666666,4,15,4,4,0.47884875535964966,0.8557940721511841,0.35
4532,True,exact,1.0,rough,rough,0.6666666666666666,1.0,0.5,3,6,3,3,0.44985711574554443,0.8727975487709045,0.35
4533,True,numeric_exact,1.0,B) The magnitude of the magnetic force is greater in Pair 2.,The magnitude of the magnetic force is greater in Pair 2.,0.8,1.0,0.6666666666666666,4,6,4,4,0.6142235398292542,0.9038905501365662,0.35
4534,True,exact,0.7,C) Pelecanus occidentalis,Pelecanus occidentalis,0.4210526315789474,1.0,0.26666666666666666,4,15,4,4,0.44585850834846497,0.8244384527206421,0.35
4535,True,exact,0.7,A) bull shark,bull shark,0.5714285714285715,1.0,0.4,4,10,4,4,0.455483615398407,0.879593014717102,0.35
4536,False,exact,0.3,The magnitude of the magnetic force is the same in both pairs.,The magnitude of the magnetic force is greater in Pair 1.,0.8571428571428571,1.0,0.75,6,8,6,6,0.5272245407104492,0.8388620615005493,0.35
4537,True,exact,0.7,C) how long it would take the sample fabric to dry after it absorbed one drop of water,how long it would take the sample fabric to dry after it absorbed one drop of water,0.6666666666666667,0.8333333333333334,0.5555555555555556,6,9,5,5,0.3543839156627655,0.6915220618247986,0.35
4538,True,exact,0.7,B) Alligator sinensis,Alligator sinensis,0.5714285714285715,1.0,0.4,4,10,4,4,0.5190001726150513,0.8905951380729675,0.35
4539,False,exact,0.3,Can pennies hold more drops of water mixed with dish soap or water mixed with hand soap?,Can pennies hold more drops of pure water or water mixed with hand soap?,0.5714285714285714,0.8,0.4444444444444444,5,9,4,4,0.35772794485092163,0.8502225875854492,0.35
4540,True,exact,0.7,B) Phoenix,Phoenix,0.4615384615384615,1.0,0.3,3,10,3,3,0.4230862259864807,0.797534704208374,0.35
4541,True,exact,0.7,D) Concord,Concord,0.39999999999999997,0.75,0.2727272727272727,4,11,3,3,0.25583767890930176,0.9067240953445435,0.35
4542,True,exact,0.7,B) Salem,Salem,0.4444444444444445,1.0,0.2857142857142857,4,14,4,4,0.42622852325439453,0.7655773162841797,0.35
4543,True,exact,0.7,B) Haiti,Haiti,0.5,1.0,0.3333333333333333,3,9,3,3,0.47986048460006714,0.6752893328666687,0.35
4544,True,exact,0.7,B) barking tree frog,barking tree frog,0.6666666666666666,0.8,0.5714285714285714,5,7,4,4,0.2929428219795227,0.7681493163108826,0.35
4545,True,exact,0.7,C) Massachusetts,Massachusetts,0.42857142857142855,1.0,0.2727272727272727,3,11,3,3,0.414543092250824,0.8141251802444458,0.35
4546,True,exact,0.7,C) sedimentary,sedimentary,0.5454545454545454,1.0,0.375,3,8,3,3,0.5350049138069153,0.949616014957428,0.35
4547,True,yes_no,1.0,yes,yes,0.33333333333333337,1.0,0.2,3,15,3,3,0.505143404006958,0.7725873589515686,0.35
4548,True,exact,1.0,opaque,opaque,0.3157894736842105,0.6,0.21428571428571427,5,14,3,3,0.2707445025444031,0.830278217792511,0.35
4549,True,exact,0.7,A) Cheyenne,Cheyenne,0.4285714285714285,0.75,0.3,4,10,3,3,0.37792691588401794,0.8055583834648132,0.35
4550,False,exact,0.3,neither; their concentrations are the same,Solution A,0.6153846153846153,1.0,0.4444444444444444,4,9,4,4,0.4848976731300354,0.8224037289619446,0.35
4551,True,exact,0.7,C) Leo can trade his tomatoes for Caden's broccoli.,Leo can trade his tomatoes for Caden's broccoli.,0.7142857142857143,1.0,0.5555555555555556,5,9,5,5,0.37703531980514526,0.7534817457199097,0.35
4552,True,exact,0.7,A) Erinaceus europaeus,Erinaceus europaeus,0.6,0.75,0.5,4,6,3,3,0.4526015520095825,0.8155142068862915,0.35
4553,True,exact,1.0,Do steel nails take fewer days to rust in water compared to vinegar?,Do steel nails take fewer days to rust in water compared to vinegar?,0.5555555555555556,1.0,0.38461538461538464,5,13,5,5,0.37636101245880127,0.7584977746009827,0.35
4554,False,exact,0.3,B) ethos (character),logos (reason),0.3333333333333333,0.4,0.2857142857142857,5,7,2,2,0.16714079678058624,0.5154726505279541,0.35
4555,True,exact,0.7,D) Pierre,Pierre,0.4444444444444444,0.6666666666666666,0.3333333333333333,3,6,2,2,0.30344563722610474,0.7021609544754028,0.35
4556,True,exact,1.0,Both fought in the French and Indian War.,Both fought in the French and Indian War.,0.4,0.6666666666666666,0.2857142857142857,3,7,2,2,0.25113576650619507,0.8284491300582886,0.35
4557,True,yes_no,1.0,false,false,0.4210526315789474,1.0,0.26666666666666666,4,15,4,4,0.3427491784095764,0.7580282092094421,0.35
4558,True,exact,0.7,B) Argema mittrei,Argema mittrei,0.6666666666666666,1.0,0.5,5,10,5,5,0.4179951548576355,0.81050044298172,0.35
4559,False,exact,0.3,to the right than to the left,to the left than to the right,0.375,1.0,0.23076923076923078,3,13,3,3,0.5280237793922424,0.8264760375022888,0.35
4560,True,exact,1.0,The Gulf of Mexico contains salt water.,The Gulf of Mexico contains salt water.,0.4615384615384615,1.0,0.3,3,10,3,3,0.4605141580104828,0.8362005949020386,0.35
4561,True,exact,0.7,D) Nebraska,Nebraska,0.6666666666666666,1.0,0.5,3,6,3,3,0.43383294343948364,0.8924878239631653,0.35
4562,True,exact,1.0,It has soil that is rich in nutrients.,It has soil that is rich in nutrients.,0.5454545454545454,1.0,0.375,3,8,3,3,0.48014843463897705,0.8551086187362671,0.35
4563,True,exact,0.7,C) Montgomery,Montgomery,0.6666666666666665,0.75,0.6,4,5,3,3,0.3759652078151703,0.8525658845901489,0.35
4564,True,exact,0.7,D) Oklahoma,Oklahoma,0.5714285714285715,1.0,0.4,4,10,4,4,0.4269731640815735,0.8950793147087097,0.35
4565,False,exact,0.3,B) It has soil that is poor in nutrients. It also has other water ecosystems nearby.,It has soil that is rich in nutrients. It also has other water ecosystems nearby.,0.6153846153846153,1.0,0.4444444444444444,4,9,4,4,0.43127676844596863,0.6386433839797974,0.35
4566,True,exact,1.0,He makes a plan with Juliet to run away.,He makes a plan with Juliet to run away.,0.33333333333333337,0.2,1.0,5,1,1,1,0.542054295539856,0.5744397640228271,0.35
4567,True,exact,0.7,B) Cheyenne,Cheyenne,0.36363636363636365,0.6666666666666666,0.25,3,8,2,2,0.3219469487667084,0.7775781750679016,0.35
4568,False,exact,0.3,sunlight,stable temperatures,0.625,1.0,0.45454545454545453,5,11,5,5,0.34657302498817444,0.7439767122268677,0.35
4569,False,exact,0.3,neither; their concentrations are the same,Solution B,0.6666666666666666,1.0,0.5,3,6,3,3,0.4543892443180084,0.8070107102394104,0.35
4570,True,yes_no,1.0,false,false,0.42857142857142855,1.0,0.2727272727272727,3,11,3,3,0.4312380850315094,0.7945249676704407,0.35
4571,False,exact,1.0,porcelain,metal,0.5454545454545454,1.0,0.375,3,8,3,3,0.36533674597740173,0.6450374126434326,0.35
4572,True,exact,1.0,Mesozoic era,Mesozoic era,0.42857142857142855,1.0,0.2727272727272727,3,11,3,3,0.4307681918144226,0.710985004901886,0.35
4573,False,exact,0.3,a mature fern,a heart-shaped plant,0.5555555555555556,1.0,0.38461538461538464,5,13,5,5,0.5046460032463074,1.0000001192092896,0.35
4574,False,exact,0.3,B) the Marshall Islands,Kiribati,0.5,1.0,0.3333333333333333,4,12,4,4,0.3168690502643585,0.691756010055542,0.35
4575,True,exact,1.0,It has daily flooding and draining of seawater. It also has water that is rich in nutrients.,It has daily flooding and draining of seawater. It also has water that is rich in nutrients.,0.8000000000000002,0.8,0.8,5,5,4,4,0.38049080967903137,0.9090778827667236,0.35
4576,True,numeric_exact,1.0,The magnitude of the magnetic force is greater in Pair 2.,The magnitude of the magnetic force is greater in Pair 2.,0.6153846153846153,1.0,0.4444444444444444,4,9,4,4,0.5692223310470581,0.9382538199424744,0.35
4577,True,yes_no,1.0,no,no,0.6666666666666666,1.0,0.5,4,8,4,4,0.3637973666191101,0.8902862071990967,0.35
4578,True,exact,0.7,B) starry moray,starry moray,0.75,0.8571428571428571,0.6666666666666666,7,9,6,6,0.4735663831233978,0.8810395002365112,0.35
4579,True,exact,0.7,B) sample B,sample B,0.8,1.0,0.6666666666666666,6,9,6,6,0.47879597544670105,0.8369736671447754,0.35
4580,False,exact,0.3,plainfin midshipman,kelp bass,0.5555555555555556,1.0,0.38461538461538464,5,13,5,5,0.44757556915283203,0.8086335062980652,0.35
4581,True,exact,0.7,B) Connecticut,Connecticut,0.4615384615384615,1.0,0.3,3,10,3,3,0.40859898924827576,0.8288364410400391,0.35
4582,True,exact,0.7,A) A plant's flowers make seeds.,A plant's flowers make seeds.,0.6666666666666665,0.75,0.6,8,10,6,6,0.39526933431625366,0.9058990478515625,0.35
4583,False,exact,0.3,brown lemming,bilberry,0.375,1.0,0.23076923076923078,3,13,3,3,0.38861945271492004,0.7197763323783875,0.35
4584,True,exact,0.7,B) Pelecanus philippensis,Pelecanus philippensis,0.7777777777777778,1.0,0.6363636363636364,7,11,7,7,0.5370280742645264,0.9590843915939331,0.35
4585,True,exact,0.7,B) Bryce can trade his tomatoes for Victor's broccoli.,Bryce can trade his tomatoes for Victor's broccoli.,0.625,1.0,0.45454545454545453,5,11,5,5,0.34044358134269714,0.9116684794425964,0.35
4586,True,exact,1.0,western Africa,western Africa,0.6666666666666666,1.0,0.5,3,6,3,3,0.4383789896965027,0.6354401707649231,0.35
4587,True,yes_no,1.0,yes,yes,0.6666666666666666,1.0,0.5,3,6,3,3,0.5214778184890747,0.9832112789154053,0.35
4588,True,exact,1.0,whether the filter was clogged,whether the filter was clogged,0.375,1.0,0.23076923076923078,3,13,3,3,0.4329328238964081,0.721097469329834,0.35
4589,True,exact,1.0,five arms,five arms,0.4,1.0,0.25,3,12,3,3,0.32133352756500244,0.7132822275161743,0.35
4590,True,exact,1.0,Sadie can trade her tomatoes for Kira's broccoli.,Sadie can trade her tomatoes for Kira's broccoli.,0.5,1.0,0.3333333333333333,5,15,5,5,0.31310176849365234,0.765466034412384,0.35
4591,True,exact,0.7,A) red salamander,red salamander,0.36363636363636365,0.5,0.2857142857142857,4,7,2,2,0.3058748245239258,0.6792321801185608,0.35
4592,True,exact,1.0,bouncy,bouncy,0.4285714285714285,0.75,0.3,4,10,3,3,0.23668083548545837,0.5977246165275574,0.35
4593,True,exact,0.7,A) Cheyenne,Cheyenne,0.4444444444444444,0.6666666666666666,0.3333333333333333,3,6,2,2,0.27521419525146484,0.7824109196662903,0.35
4594,True,exact,0.7,B) wattled jacana,wattled jacana,0.5714285714285715,1.0,0.4,4,10,4,4,0.4101628363132477,0.923948347568512,0.35
4595,True,exact,0.7,B) Madison,Madison,0.36363636363636365,0.6666666666666666,0.25,3,8,2,2,0.38142064213752747,0.705115795135498,0.35
4596,False,exact,0.3,B) clown triggerfish,bat ray,0.6666666666666666,1.0,0.5,4,8,4,4,0.4042239785194397,0.8265774846076965,0.35
4597,True,exact,0.7,C) Edwin can trade his tomatoes for Brenda's broccoli.,Edwin can trade his tomatoes for Brenda's broccoli.,0.8333333333333333,1.0,0.7142857142857143,5,7,5,5,0.47378402948379517,0.9674935936927795,0.35
4598,True,exact,0.7,D) Nevada,Nevada,0.5714285714285715,1.0,0.4,4,10,4,4,0.3740099370479584,0.8637242317199707,0.35
4599,True,exact,1.0,if a new batch of concrete was firm enough to use,if a new batch of concrete was firm enough to use,0.4,1.0,0.25,3,12,3,3,0.4789677858352661,0.7835605144500732,0.35
4600,True,exact,0.7,A) Caprimulgus europaeus,Caprimulgus europaeus,0.6153846153846153,1.0,0.4444444444444444,4,9,4,4,0.6143621206283569,0.9423316717147827,0.35
4601,True,exact,1.0,blue,blue,0.5333333333333333,1.0,0.36363636363636365,4,11,4,4,0.2752856910228729,0.8257623910903931,0.35
4602,True,exact,1.0,Justine can trade her tomatoes for Caleb's broccoli.,Justine can trade her tomatoes for Caleb's broccoli.,0.7692307692307693,1.0,0.625,5,8,5,5,0.4224727749824524,0.7724418640136719,0.35
4603,True,exact,0.7,B) Charleston,Charleston,0.36363636363636365,0.6666666666666666,0.25,3,8,2,2,0.27650466561317444,0.48418065905570984,0.35
4604,True,exact,0.7,C) Denver,Denver,0.5,1.0,0.3333333333333333,3,9,3,3,0.546954870223999,0.8475329875946045,0.35
4605,True,exact,0.7,C) Carson City,Carson City,0.42857142857142855,1.0,0.2727272727272727,3,11,3,3,0.410292387008667,0.9119059443473816,0.35
4606,True,exact,0.7,A) Bubo scandiacus,Bubo scandiacus,0.5,1.0,0.3333333333333333,3,9,3,3,0.43818461894989014,0.9701499938964844,0.35
4607,True,exact,1.0,the Atlantic Ocean,the Atlantic Ocean,0.5454545454545454,1.0,0.375,3,8,3,3,0.25327661633491516,0.7131021022796631,0.35
4608,True,exact,1.0,Do more bacteria grow in liquid with cinnamon than in liquid without cinnamon?,Do more bacteria grow in liquid with cinnamon than in liquid without cinnamon?,0.4,1.0,0.25,4,16,4,4,0.3626091182231903,0.7842758893966675,0.35
4609,True,exact,0.7,D) the Pacific Ocean,the Pacific Ocean,0.42857142857142855,1.0,0.2727272727272727,3,11,3,3,0.5349611043930054,0.8087227940559387,0.35
4610,True,exact,0.7,A) operant conditioning,operant conditioning,0.31578947368421056,0.75,0.2,4,15,3,3,0.2585816979408264,0.7540992498397827,0.35
4611,True,exact,1.0,neither; the samples have the same temperature,neither; the samples have the same temperature,0.5714285714285715,1.0,0.4,4,10,4,4,0.46006402373313904,0.8523210883140564,0.35
4612,True,exact,0.7,C) pathos (emotion),pathos (emotion),0.36363636363636365,0.6666666666666666,0.25,3,8,2,2,0.23117955029010773,0.5652967691421509,0.35
4613,True,exact,1.0,Asia,Asia,0.375,1.0,0.23076923076923078,3,13,3,3,0.48055052757263184,0.8807570934295654,0.35
4614,True,exact,0.7,C) The magnitude of the magnetic force is the same in both pairs.,The magnitude of the magnetic force is the same in both pairs.,0.5333333333333333,1.0,0.36363636363636365,4,11,4,4,0.5178332924842834,0.8298820853233337,0.35
4615,True,exact,1.0,blue poison dart frog,blue poison dart frog,0.625,1.0,0.45454545454545453,5,11,5,5,0.3407507538795471,0.9011350870132446,0.35
4616,False,exact,0.3,the surroundings . . . each battery,each battery . . . the surroundings,0.5882352941176471,1.0,0.4166666666666667,5,12,5,5,0.45872780680656433,0.8332210779190063,0.35
4617,True,exact,0.7,pathos,pathos (emotion),0.30769230769230765,0.5,0.2222222222222222,4,9,2,2,0.15283408761024475,0.7152069211006165,0.35
4618,True,exact,1.0,scratchy,scratchy,0.5454545454545454,0.75,0.42857142857142855,4,7,3,3,0.3343825936317444,0.6111396551132202,0.35
4619,True,exact,0.7,D) Solomon Islands,Solomon Islands,0.7142857142857143,1.0,0.5555555555555556,5,9,5,5,0.4682142436504364,0.7749602198600769,0.35
4620,True,exact,0.7,C) Jamaica,Jamaica,0.3157894736842105,1.0,0.1875,3,16,3,3,0.4072800576686859,0.8448245525360107,0.35
4621,True,exact,1.0,a solid,a solid,0.5454545454545454,1.0,0.375,3,8,3,3,0.436339408159256,0.7852292656898499,0.35
4622,False,exact,0.3,Papua New Guinea,the Federated States of Micronesia,0.4615384615384615,1.0,0.3,3,10,3,3,0.2862934172153473,0.721230149269104,0.35
4623,True,yes_no,1.0,no,no,0.47058823529411764,1.0,0.3076923076923077,4,13,4,4,0.4712935984134674,0.9184544086456299,0.35
4624,True,exact,0.7,B) Pennsylvania,Pennsylvania,0.5,0.3333333333333333,1.0,3,1,1,1,0.48241958022117615,0.5104918479919434,0.35
4625,True,exact,1.0,a liquid,a liquid,0.4,1.0,0.25,3,12,3,3,0.4244583249092102,0.7148821353912354,0.35
4626,True,exact,0.7,C) Montgomery,Montgomery,0.6,1.0,0.42857142857142855,3,7,3,3,0.48947396874427795,0.905868649482727,0.35
4627,True,exact,0.7,B) Sacramento,Sacramento,0.6,1.0,0.42857142857142855,3,7,3,3,0.36650317907333374,0.7618739604949951,0.35
4628,True,exact,1.0,Mark can trade his tomatoes for Valeria's broccoli.,Mark can trade his tomatoes for Valeria's broccoli.,0.6666666666666666,1.0,0.5,4,8,4,4,0.3681941032409668,0.840436577796936,0.35
4629,True,exact,0.7,A) Harrisburg,Harrisburg,0.8000000000000002,0.8,0.8,5,5,4,4,0.4261966645717621,0.8545999526977539,0.35
4630,True,exact,0.7,D) Montpelier,Montpelier,0.5454545454545454,0.75,0.42857142857142855,4,7,3,3,0.2963407635688782,0.6879866123199463,0.35
4631,True,exact,0.7,B) Bradypus variegatus,Bradypus variegatus,0.375,1.0,0.23076923076923078,3,13,3,3,0.3486476540565491,0.6997130513191223,0.35
4632,True,exact,0.7,A) Honolulu,Honolulu,0.46153846153846156,0.75,0.3333333333333333,4,9,3,3,0.37922003865242004,0.8669847846031189,0.35
4633,True,exact,1.0,push,push,0.7272727272727273,1.0,0.5714285714285714,4,7,4,4,0.5269074440002441,0.9179538488388062,0.35
4634,True,exact,1.0,hard,hard,0.11111111111111112,0.25,0.07142857142857142,4,14,1,1,0.18032731115818024,0.8373231291770935,0.35
4635,False,exact,0.3,C) sample B,sample A,0.6153846153846153,1.0,0.4444444444444444,4,9,4,4,0.4653961956501007,0.805654764175415,0.35
4636,False,yes_no,1.0,yes,no,0.5,1.0,0.3333333333333333,3,9,3,3,0.5669026374816895,0.7929793000221252,0.35
4637,True,exact,0.7,B) Solution B,Solution B,0.6,1.0,0.42857142857142855,3,7,3,3,0.6478163003921509,0.9728039503097534,0.35
4638,True,exact,0.7,D) Miami,Miami,0.5454545454545454,1.0,0.375,3,8,3,3,0.45097923278808594,0.9409178495407104,0.35
4639,True,exact,0.7,B) Virginia,Virginia,0.5454545454545454,1.0,0.375,3,8,3,3,0.49676528573036194,0.8225672841072083,0.35
4640,True,exact,0.7,D) Gordon can trade his tomatoes for Ariel's broccoli.,Gordon can trade his tomatoes for Ariel's broccoli.,0.5,1.0,0.3333333333333333,5,15,5,5,0.37477970123291016,0.922882080078125,0.35
4641,True,yes_no,1.0,no,no,0.8,1.0,0.6666666666666666,4,6,4,4,0.43237999081611633,0.9014895558357239,0.35
4642,False,numeric_mismatch,0.0,The magnitude of the magnetic force is greater in Pair 1.,The magnitude of the magnetic force is greater in Pair 2.,0.375,1.0,0.23076923076923078,3,13,3,3,0.5995386242866516,0.8516083359718323,0.35
4643,False,exact,0.3,C) The magnetic force is stronger in Pair 2.,The strength of the magnetic force is the same in both pairs.,0.5714285714285715,1.0,0.4,6,15,6,6,0.5445148944854736,0.8954080939292908,0.35
4644,True,exact,1.0,if adding the blade guards made the drone fly poorly,if adding the blade guards made the drone fly poorly,0.4,1.0,0.25,3,12,3,3,0.5279384255409241,0.855254590511322,0.35
4645,True,exact,1.0,Africa,Africa,0.4615384615384615,1.0,0.3,3,10,3,3,0.43969231843948364,0.7067297697067261,0.35
4646,True,exact,0.7,C) Hartford,Hartford,0.4,0.25,1.0,4,1,1,1,0.37307801842689514,0.41451695561408997,0.35
4647,True,exact,0.7,C) The cats helped keep the farmers' grain free of mice.,The cats helped keep the farmers' grain free of mice.,0.8333333333333333,1.0,0.7142857142857143,5,7,5,5,0.5473803877830505,0.85396409034729,0.35
4648,True,exact,0.7,C) Jefferson City,Jefferson City,0.6,0.75,0.5,4,6,3,3,0.39224323630332947,0.9162964224815369,0.35
4649,True,exact,1.0,rough,rough,0.3529411764705882,0.75,0.23076923076923078,4,13,3,3,0.24032624065876007,0.6192537546157837,0.35
4650,False,exact,1.0,solid,translucent,0.16666666666666666,0.16666666666666666,0.16666666666666666,6,6,1,1,0.20398907363414764,0.3668819069862366,0.35
4651,False,placeholder,0.0,insufficient information,Do circuits that include iron produce dimmer light than circuits that include copper?,0.0,0.0,0.0,0,13,0,0,0.0,0.0,0.0
4652,True,exact,0.7,B) fins on its back,fins on its back,0.6666666666666666,1.0,0.5,4,8,4,4,0.3875712752342224,0.6472135186195374,0.35
4653,True,exact,1.0,metal,metal,0.7272727272727273,1.0,0.5714285714285714,4,7,4,4,0.38405898213386536,0.7858989238739014,0.35
4654,True,exact,1.0,an elementary substance,an elementary substance,0.6666666666666666,1.0,0.5,4,8,4,4,0.5190784931182861,0.8470006585121155,0.35
4655,True,exact,1.0,They are both set after the Trojan War.,They are both set after the Trojan War.,0.5555555555555556,1.0,0.38461538461538464,5,13,5,5,0.2478223294019699,0.705195426940918,0.35
4656,True,exact,0.7,B) purple gallinule,purple gallinule,0.46153846153846156,0.75,0.3333333333333333,4,9,3,3,0.34033268690109253,0.7094373106956482,0.35
4657,True,exact,1.0,a V-shaped tail fin,a V-shaped tail fin,0.6,1.0,0.42857142857142855,3,7,3,3,0.3892696499824524,0.7840412855148315,0.35
4658,True,exact,1.0,sticky,sticky,0.375,0.75,0.25,4,12,3,3,0.31527212262153625,0.6878105998039246,0.35
4659,True,exact,0.7,B) About the same amount of precipitation falls each month between May and October.,About the same amount of precipitation falls each month between May and October.,0.625,1.0,0.45454545454545453,5,11,5,5,0.39669162034988403,0.9284053444862366,0.35
4660,True,exact,1.0,attract,attract,0.5,1.0,0.3333333333333333,3,9,3,3,0.512212872505188,0.9319554567337036,0.35
4661,True,exact,0.7,B) northern jacana,northern jacana,0.5,0.75,0.375,4,8,3,3,0.34040945768356323,0.9255355596542358,0.35
4662,True,exact,1.0,a tail,a tail,0.5,1.0,0.3333333333333333,3,9,3,3,0.4597471058368683,0.690453827381134,0.35
4663,False,exact,0.3,D) Saint Vincent and the Grenadines,Saint Lucia,0.5714285714285715,1.0,0.4,4,10,4,4,0.4391252398490906,0.7938767075538635,0.35
4664,True,exact,0.7,B) It has soil that is poor in nutrients.,It has soil that is poor in nutrients.,0.6666666666666666,1.0,0.5,4,8,4,4,0.41578710079193115,0.8220706582069397,0.35
4665,True,exact,1.0,"The wettest months of the year are June, July, and August.","The wettest months of the year are June, July, and August.",0.4444444444444445,1.0,0.2857142857142857,4,14,4,4,0.4219103455543518,0.8706192374229431,0.35
4666,True,exact,1.0,cotton,cotton,0.4615384615384615,1.0,0.3,3,10,3,3,0.3825920522212982,0.7380085587501526,0.35
4667,True,exact,0.7,A) Honolulu,Honolulu,0.46153846153846156,0.75,0.3333333333333333,4,9,3,3,0.4193732738494873,0.8809804320335388,0.35
4668,True,exact,0.7,A) sample A,sample A,0.6666666666666666,1.0,0.5,6,12,6,6,0.4380444288253784,0.9929475784301758,0.35
4669,False,yes_no,1.0,true,false,0.46153846153846156,0.75,0.3333333333333333,4,9,3,3,0.4183575212955475,0.9807243943214417,0.35
4670,False,exact,0.3,D) Arkansas,Idaho,0.35294117647058826,1.0,0.21428571428571427,3,14,3,3,0.39474859833717346,0.7751427292823792,0.35
4671,True,exact,1.0,hard,hard,0.35294117647058826,0.6,0.25,5,12,3,3,0.20696257054805756,0.5498957633972168,0.35
4672,True,exact,0.7,B) Indianapolis,Indianapolis,0.5,1.0,0.3333333333333333,3,9,3,3,0.3876292407512665,0.8684993982315063,0.35
4673,True,exact,0.7,A) The riverbed is dry and cracked.,The riverbed is dry and cracked.,0.5,1.0,0.3333333333333333,3,9,3,3,0.3865041732788086,0.7554647326469421,0.35
4674,True,exact,0.7,B) sample A,sample A,0.5333333333333333,1.0,0.36363636363636365,4,11,4,4,0.49034711718559265,0.871313750743866,0.35
4675,True,exact,1.0,It has year-round warm temperatures. It also has soil that is poor in nutrients.,It has year-round warm temperatures. It also has soil that is poor in nutrients.,0.7272727272727272,0.8,0.6666666666666666,5,6,4,4,0.4082651436328888,0.8907531499862671,0.35
4676,False,exact,0.3,C) The magnitude of the magnetic force is the same in both pairs.,The magnitude of the magnetic force is greater in Pair 1.,0.5,1.0,0.3333333333333333,3,9,3,3,0.5863504409790039,0.9088136553764343,0.35
4677,True,exact,1.0,"It has dry, thin soil. It also has a small amount of rain or snow.","It has dry, thin soil. It also has a small amount of rain or snow.",0.5333333333333333,1.0,0.36363636363636365,4,11,4,4,0.436782568693161,0.8111100196838379,0.35
4678,True,exact,0.7,C) Pennsylvania,Pennsylvania,0.6666666666666666,1.0,0.5,3,6,3,3,0.5596157312393188,0.8108233213424683,0.35
4679,True,exact,0.7,B) sample B,sample B,0.6666666666666666,1.0,0.5,6,12,6,6,0.4591962993144989,0.9380631446838379,0.35
4680,True,exact,0.7,A) Little Rock,Little Rock,0.4444444444444444,0.6666666666666666,0.3333333333333333,3,6,2,2,0.3122326135635376,0.7797034382820129,0.35
4681,True,exact,1.0,Missouri,Missouri,0.4,1.0,0.25,4,16,4,4,0.4685508608818054,0.7749075889587402,0.35
4682,True,exact,0.7,D) Jasmine can trade her tomatoes for Bryan's broccoli.,Jasmine can trade her tomatoes for Bryan's broccoli.,0.75,0.8571428571428571,0.6666666666666666,7,9,6,6,0.3843194544315338,0.8343152403831482,0.35
4683,True,exact,0.7,B) African clawed frog,African clawed frog,0.35294117647058826,0.6,0.25,5,12,3,3,0.38800567388534546,0.9834983348846436,0.35
4684,True,exact,0.7,C) Austin,Austin,0.375,1.0,0.23076923076923078,3,13,3,3,0.47019240260124207,0.8116969466209412,0.35
4685,True,exact,0.7,C) Eriocheir sinensis,Eriocheir sinensis,0.4,1.0,0.25,3,12,3,3,0.47731515765190125,0.9493658542633057,0.35
4686,True,exact,0.7,B) bilberry,bilberry,0.5454545454545454,0.75,0.42857142857142855,4,7,3,3,0.3731718063354492,0.7671266198158264,0.35
4687,False,exact,0.3,the surroundings . . . each aquarium,each aquarium . . . the surroundings,0.5333333333333333,1.0,0.36363636363636365,4,11,4,4,0.4339890480041504,0.7425287961959839,0.35
4688,True,exact,1.0,breakable,breakable,0.4,1.0,0.25,3,12,3,3,0.41779959201812744,0.6904259920120239,0.35
4689,False,exact,0.3,It has soil that is rich in nutrients.,It has soil that is poor in nutrients.,0.5454545454545454,0.75,0.42857142857142855,4,7,3,3,0.409019410610199,0.8075729012489319,0.35
4690,True,exact,0.7,B) Florida,Florida,0.4615384615384615,1.0,0.3,3,10,3,3,0.37216436862945557,0.7198901772499084,0.35
4691,True,exact,1.0,Asia,Asia,0.42857142857142855,1.0,0.2727272727272727,3,11,3,3,0.478920578956604,0.7776514887809753,0.35
4692,True,exact,1.0,attract,attract,0.5,1.0,0.3333333333333333,3,9,3,3,0.6332466006278992,0.8864730000495911,0.35
4693,True,exact,0.7,A) Jackson,Jackson,0.4615384615384615,1.0,0.3,3,10,3,3,0.3360513150691986,0.7598820328712463,0.35
4694,True,exact,0.7,A) The strength of the magnetic force is the same in both pairs.,The strength of the magnetic force is the same in both pairs.,0.4615384615384615,1.0,0.3,3,10,3,3,0.3063291311264038,0.7087328433990479,0.35
4695,True,exact,0.7,B) albatross,albatross,0.7692307692307693,1.0,0.625,5,8,5,5,0.44906073808670044,0.8112173676490784,0.35
4696,False,exact,0.3,The magnetic force is weaker in Pair 2.,The strength of the magnetic force is the same in both pairs.,0.47058823529411764,1.0,0.3076923076923077,4,13,4,4,0.4924827814102173,0.7448161244392395,0.35
4697,True,exact,1.0,fuzzy,fuzzy,0.47058823529411764,1.0,0.3076923076923077,4,13,4,4,0.3128875195980072,0.6767913103103638,0.35
4698,True,exact,0.7,A) sample A,sample A,0.6666666666666666,1.0,0.5,6,12,6,6,0.4231272339820862,0.8555205464363098,0.35
4699,True,exact,0.7,A) Madison,Madison,0.5,1.0,0.3333333333333333,3,9,3,3,0.30609047412872314,0.8974084854125977,0.35
4700,True,exact,0.7,C) Augusta,Augusta,0.4615384615384615,1.0,0.3,3,10,3,3,0.4252988398075104,0.9298326373100281,0.35
4701,True,numeric_exact,1.0,whether she added enough nutrients to help the bacteria produce 20% more insulin,whether she added enough nutrients to help the bacteria produce 20% more insulin,0.39999999999999997,0.75,0.2727272727272727,4,11,3,3,0.45277994871139526,0.9127073884010315,0.35
4702,False,exact,0.3,B) Saint Kitts and Nevis,Dominica,0.6666666666666666,1.0,0.5,3,6,3,3,0.4166085720062256,0.7576859593391418,0.35
4703,True,exact,1.0,salty,salty,0.3636363636363636,1.0,0.2222222222222222,4,18,4,4,0.3418067693710327,0.7717671990394592,0.35
4704,False,numeric_mismatch,0.0,C) The magnitude of the magnetic force is greater in Pair 1.,The magnitude of the magnetic force is greater in Pair 2.,0.47058823529411764,1.0,0.3076923076923077,4,13,4,4,0.5685053467750549,0.9034570455551147,0.35
4705,True,exact,1.0,Duncan can trade his tomatoes for Sam's broccoli.,Duncan can trade his tomatoes for Sam's broccoli.,0.625,1.0,0.45454545454545453,5,11,5,5,0.4929317235946655,0.8615348935127258,0.35
4706,True,exact,1.0,opalescent nudibranch,opalescent nudibranch,0.5,1.0,0.3333333333333333,4,12,4,4,0.42165765166282654,0.8432390093803406,0.35
4707,True,exact,1.0,a compound,a compound,0.4,1.0,0.25,3,12,3,3,0.4981685280799866,0.7955177426338196,0.35
4708,True,exact,0.7,A) Falco sparverius,Falco sparverius,0.7272727272727273,1.0,0.5714285714285714,4,7,4,4,0.5355692505836487,0.9612826704978943,0.35
4709,True,exact,1.0,Do more tomato seedlings grow when they are planted in soil with fertilizer compared to soil without fertilizer?,Do more tomato seedlings grow when they are planted in soil with fertilizer compared to soil without fertilizer?,0.375,1.0,0.23076923076923078,3,13,3,3,0.32597821950912476,0.6901463866233826,0.35
4710,True,numeric_exact,1.0,The magnetic force is stronger in Pair 2.,The magnetic force is stronger in Pair 2.,0.7272727272727273,1.0,0.5714285714285714,4,7,4,4,0.5402203798294067,0.9221324920654297,0.35
4711,True,exact,0.7,E) barren-ground caribou,barren-ground caribou,0.6666666666666666,1.0,0.5,5,10,5,5,0.42039239406585693,0.762628436088562,0.35
4712,True,exact,1.0,flexible,flexible,0.19047619047619047,0.4,0.125,5,16,2,2,0.23114077746868134,0.6786501407623291,0.35
4713,True,exact,0.7,B) South America,South America,0.5454545454545454,1.0,0.375,3,8,3,3,0.4136815071105957,0.6904691457748413,0.35
4714,False,exact,0.3,South America,Antarctica,0.42857142857142855,1.0,0.2727272727272727,3,11,3,3,0.5505378246307373,0.8554360866546631,0.35
4715,False,exact,0.3,to the right than to the left,to the left than to the right,0.35294117647058826,1.0,0.21428571428571427,3,14,3,3,0.548132598400116,0.8470938801765442,0.35
4716,True,exact,0.7,C) Macropus giganteus,Macropus giganteus,0.6153846153846153,1.0,0.4444444444444444,4,9,4,4,0.5359999537467957,0.8658957481384277,0.35
4717,True,exact,1.0,if adding the blade guards made the drone fly poorly,if adding the blade guards made the drone fly poorly,0.4615384615384615,1.0,0.3,3,10,3,3,0.4689714312553406,0.8167648911476135,0.35
4718,True,exact,0.7,C) Antarctica,Antarctica,0.5,1.0,0.3333333333333333,3,9,3,3,0.5297245383262634,0.7048935890197754,0.35
4719,True,exact,1.0,sharpnose-puffer,sharpnose-puffer,0.6666666666666666,1.0,0.5,3,6,3,3,0.3474522829055786,0.7215717434883118,0.35
4720,True,exact,0.7,D) New Jersey,New Jersey,0.3157894736842105,1.0,0.1875,3,16,3,3,0.5324982404708862,0.952492356300354,0.35
4721,True,exact,0.7,B) the Atlantic Ocean,the Atlantic Ocean,0.5454545454545454,1.0,0.375,3,8,3,3,0.5005053877830505,0.739206850528717,0.35
4722,False,exact,0.3,D) Palau,the Federated States of Micronesia,0.5714285714285715,1.0,0.4,4,10,4,4,0.30989083647727966,0.8078811764717102,0.35
4723,True,exact,1.0,pollen lands on a female cone,pollen lands on a female cone,0.7692307692307693,1.0,0.625,5,8,5,5,0.4887036383152008,0.9533500671386719,0.35
4724,True,exact,0.7,A) Caprimulgus macrurus,Caprimulgus macrurus,0.6666666666666666,1.0,0.5,4,8,4,4,0.45960673689842224,0.823226809501648,0.35
4725,True,exact,0.7,D) Sacramento,Sacramento,0.6,1.0,0.42857142857142855,3,7,3,3,0.40898603200912476,0.8313782215118408,0.35
4726,True,exact,0.7,A) A flavorant might be both found in nature and made in a chemical factory.,A flavorant might be both found in nature and made in a chemical factory.,0.6666666666666666,1.0,0.5,3,6,3,3,0.30729201436042786,0.8091166019439697,0.35
4727,True,exact,0.7,A) Maryland,Maryland,0.42857142857142855,1.0,0.2727272727272727,3,11,3,3,0.5455220341682434,0.8655483722686768,0.35
4728,True,yes_no,1.0,false,false,0.625,1.0,0.45454545454545453,5,11,5,5,0.5711408853530884,0.851194441318512,0.35
4729,True,exact,0.7,C) Rhode Island,Rhode Island,0.25,0.3333333333333333,0.2,3,5,1,1,0.30346766114234924,0.48039212822914124,0.35
4730,True,exact,1.0,the Southern Ocean,the Southern Ocean,0.5714285714285715,1.0,0.4,4,10,4,4,0.5733665227890015,0.8334104418754578,0.35
4731,True,exact,0.7,B) flamboyant cuttlefish,flamboyant cuttlefish,0.7142857142857143,1.0,0.5555555555555556,5,9,5,5,0.3937797248363495,0.9061098098754883,0.35
4732,True,exact,1.0,It has bright sunlight. It also has shallow water.,It has bright sunlight. It also has shallow water.,0.6153846153846154,0.8,0.5,5,8,4,4,0.49625077843666077,0.8518617749214172,0.35
4733,True,exact,1.0,Sample A,sample A,0.5263157894736842,1.0,0.35714285714285715,5,14,5,5,0.4367873966693878,0.7871018648147583,0.35
4734,False,numeric_mismatch,0.0,D) 4:0,0:4,0.5,1.0,0.3333333333333333,4,12,4,4,0.45859599113464355,0.7369754314422607,0.35
4735,False,yes_no,1.0,false,true,0.47058823529411764,1.0,0.3076923076923077,4,13,4,4,0.38962098956108093,0.896550714969635,0.35
4736,True,exact,1.0,an elementary substance,an elementary substance,0.4615384615384615,1.0,0.3,3,10,3,3,0.3761625587940216,0.8196790814399719,0.35
4737,True,exact,0.7,A) Pierre,Pierre,0.6,1.0,0.42857142857142855,3,7,3,3,0.452282577753067,0.8952922821044922,0.35
4738,True,exact,1.0,plainfin midshipman,plainfin midshipman,0.5,1.0,0.3333333333333333,4,12,4,4,0.4359171390533447,0.8734186887741089,0.35
4739,True,yes_no,1.0,false,false,0.3529411764705882,0.75,0.23076923076923078,4,13,3,3,0.35786664485931396,0.723456084728241,0.35
4740,True,exact,0.7,A) Lincoln,Lincoln,0.35294117647058826,1.0,0.21428571428571427,3,14,3,3,0.45316702127456665,0.83907550573349,0.35
4741,True,exact,0.7,D) Harrisburg,Harrisburg,0.4,1.0,0.25,3,12,3,3,0.4810808002948761,0.8610612154006958,0.35
4742,True,exact,1.0,Does linen fabric turn darker than cotton fabric when soaked in a mixture of black dye and water?,Does linen fabric turn darker than cotton fabric when soaked in a mixture of black dye and water?,0.5,1.0,0.3333333333333333,4,12,4,4,0.4684004485607147,0.7173795700073242,0.35
4743,True,exact,1.0,The magnitude of the magnetic force is the same in both pairs.,The magnitude of the magnetic force is the same in both pairs.,0.4210526315789474,1.0,0.26666666666666666,4,15,4,4,0.48257285356521606,0.8023058772087097,0.35
4744,True,exact,0.7,B) Juneau,Juneau,0.47058823529411764,1.0,0.3076923076923077,4,13,4,4,0.34802672266960144,0.9616921544075012,0.35
4745,True,exact,1.0,slippery,slippery,0.3157894736842105,0.5,0.23076923076923078,6,13,3,3,0.22391800582408905,0.5761758089065552,0.35
4746,True,exact,0.7,B) repel,repel,0.6666666666666666,1.0,0.5,4,8,4,4,0.4099583625793457,0.6629710793495178,0.35
4747,True,exact,0.7,A) bendable,bendable,0.2,0.25,0.16666666666666666,4,6,1,1,0.2215869426727295,0.8156632781028748,0.35
4748,False,yes_no,1.0,false,true,0.7499999999999999,1.0,0.6,6,10,6,6,0.5228089690208435,0.8271151781082153,0.35
4749,True,numeric_exact,1.0,C) The magnitude of the magnetic force is smaller in Pair 2.,The magnitude of the magnetic force is smaller in Pair 2.,0.7272727272727273,1.0,0.5714285714285714,4,7,4,4,0.5751636624336243,0.9163199663162231,0.35
4750,False,exact,1.0,Cotton,metal,0.22222222222222224,0.25,0.2,4,5,1,1,0.1969439536333084,0.5409004092216492,0.35
4751,True,exact,0.7,C) January and February,January and February,0.39999999999999997,0.75,0.2727272727272727,4,11,3,3,0.31745579838752747,0.9409936666488647,0.35
4752,True,exact,0.7,C) Kevin can trade his tomatoes for Lily's broccoli.,Kevin can trade his tomatoes for Lily's broccoli.,0.5714285714285715,1.0,0.4,4,10,4,4,0.4693368375301361,0.9242987036705017,0.35
4753,False,exact,0.3,the surroundings . . . each battery,each battery . . . the surroundings,0.7499999999999999,1.0,0.6,6,10,6,6,0.46564069390296936,0.845611572265625,0.35
4754,True,exact,1.0,water in rivers and lakes,water in rivers and lakes,0.4444444444444445,1.0,0.2857142857142857,4,14,4,4,0.49714183807373047,0.8994165062904358,0.35
4755,False,yes_no,1.0,true,false,0.923076923076923,1.0,0.8571428571428571,6,7,6,6,0.5592910051345825,0.9230940937995911,0.35
4756,False,numeric_mismatch,0.0,C) 3:1,2:2,0.5882352941176471,0.8333333333333334,0.45454545454545453,6,11,5,5,0.3236311674118042,0.9317342638969421,0.35
4757,True,exact,0.7,A) flying fox,flying fox,0.6666666666666666,1.0,0.5,4,8,4,4,0.5432677268981934,0.8320471048355103,0.35
4758,True,exact,0.7,D) the Arctic Ocean,the Arctic Ocean,0.4,1.0,0.25,3,12,3,3,0.42225775122642517,0.6299150586128235,0.35
4759,True,exact,1.0,if a new batch of concrete was firm enough to use,if a new batch of concrete was firm enough to use,0.4,1.0,0.25,3,12,3,3,0.3498614728450775,0.6988133788108826,0.35
4760,True,yes_no,1.0,no,no,0.5,0.6666666666666666,0.4,3,5,2,2,0.3102226257324219,0.7977175712585449,0.35
4761,True,exact,1.0,the surroundings . . . each salmon,the surroundings . . . each salmon,0.5555555555555556,1.0,0.38461538461538464,5,13,5,5,0.4597608745098114,0.8385579586029053,0.35
4762,False,numeric_mismatch,0.0,B) 0:4,2:2,0.23529411764705882,0.6666666666666666,0.14285714285714285,3,14,2,2,0.2748989760875702,0.6322014331817627,0.35
4763,True,exact,0.7,B) Helena,Helena,0.36363636363636365,0.6666666666666666,0.25,3,8,2,2,0.33451294898986816,0.8137532472610474,0.35
4764,True,exact,0.7,B) Topeka,Topeka,0.7272727272727272,0.8,0.6666666666666666,5,6,4,4,0.42640450596809387,0.8683579564094543,0.35
4765,True,exact,0.7,B) New Zealand,New Zealand,0.4,1.0,0.25,3,12,3,3,0.3938826024532318,0.7871723175048828,0.35
4766,True,exact,1.0,the Arctic Ocean,the Arctic Ocean,0.375,1.0,0.23076923076923078,3,13,3,3,0.4315910339355469,0.7879709601402283,0.35
4767,True,numeric_exact,1.0,A) how steady a parachute with a 1 m vent was at 200 km per hour,how steady a parachute with a 1 m vent was at 200 km per hour,0.375,1.0,0.23076923076923078,3,13,3,3,0.4380642771720886,0.837104320526123,0.35
4768,True,exact,1.0,a gas,a gas,0.5454545454545454,0.75,0.42857142857142855,4,7,3,3,0.43964678049087524,0.9223445653915405,0.35
4769,True,exact,0.7,D) Jackson,Jackson,0.5,0.6666666666666666,0.4,3,5,2,2,0.38236695528030396,0.921994686126709,0.35
4770,False,exact,0.3,Does fabric turn darker when soaked in a mixture of black dye and water for 15 minutes compared to 30 minutes?,Does linen fabric turn darker than cotton fabric when soaked in a mixture of black dye and water?,0.375,1.0,0.23076923076923078,3,13,3,3,0.40664589405059814,0.8014024496078491,0.35
4771,True,numeric_exact,1.0,C) The magnitude of the magnetic force is greater in Pair 2.,The magnitude of the magnetic force is greater in Pair 2.,0.7272727272727272,0.8,0.6666666666666666,5,6,4,4,0.3990417420864105,0.7972512245178223,0.35
4772,True,exact,0.7,B) Solution B,Solution B,0.4615384615384615,1.0,0.3,3,10,3,3,0.5632675886154175,0.8068104982376099,0.35
4773,True,exact,0.7,D) New Hampshire,New Hampshire,0.4615384615384615,1.0,0.3,3,10,3,3,0.5309231281280518,0.8698537349700928,0.35
4774,True,exact,1.0,Europe,Europe,0.6666666666666666,1.0,0.5,3,6,3,3,0.5565283298492432,0.7960907816886902,0.35
4775,True,exact,1.0,"It has long, cold winters. It also has many evergreen trees.","It has long, cold winters. It also has many evergreen trees.",0.39999999999999997,0.75,0.2727272727272727,4,11,3,3,0.31886398792266846,0.6166190505027771,0.35
4776,True,numeric_exact,1.0,C) The magnitude of the magnetic force is greater in Pair 2.,The magnitude of the magnetic force is greater in Pair 2.,0.5454545454545454,1.0,0.375,3,8,3,3,0.6076256036758423,0.9386698603630066,0.35
4777,True,exact,0.7,B) Buteo jamaicensis,Buteo jamaicensis,0.25,1.0,0.14285714285714285,2,14,2,2,0.4221811294555664,0.9342939853668213,0.35
4778,True,exact,0.7,C) Asia,Asia,0.4,1.0,0.25,3,12,3,3,0.49403631687164307,0.8043761849403381,0.35
4779,True,exact,1.0,weather,weather,0.26666666666666666,0.6666666666666666,0.16666666666666666,3,12,2,2,0.2394934743642807,0.5894738435745239,0.35
4780,True,exact,0.7,C) Austin,Austin,0.5454545454545454,1.0,0.375,3,8,3,3,0.3574190139770508,0.8069503307342529,0.35
4781,False,exact,1.0,attract,repel,0.4,1.0,0.25,3,12,3,3,0.3672858774662018,0.7453092932701111,0.35
4782,True,numeric_exact,1.0,The magnitude of the magnetic force is greater in Pair 1.,The magnitude of the magnetic force is greater in Pair 1.,0.6666666666666666,1.0,0.5,3,6,3,3,0.5756266713142395,0.9801940321922302,0.35
4783,True,exact,1.0,stretchy,stretchy,0.4,0.6666666666666666,0.2857142857142857,3,7,2,2,0.19788148999214172,0.4944874048233032,0.35
4784,True,yes_no,1.0,false,false,0.4444444444444445,1.0,0.2857142857142857,4,14,4,4,0.5793564915657043,0.9429470300674438,0.35
4785,True,exact,1.0,They don't get very much rain.,They don't get very much rain.,0.47058823529411764,0.8,0.3333333333333333,5,12,4,4,0.398858904838562,0.8791576623916626,0.35
4786,True,exact,0.7,C) North America,North America,0.4,1.0,0.25,3,12,3,3,0.5131325125694275,0.8081263303756714,0.35
4787,True,exact,1.0,plastic,plastic,0.6666666666666665,0.75,0.6,4,5,3,3,0.4737579822540283,0.9559040665626526,0.35
4788,False,exact,0.3,B) Chroicocephalus ridibundus,Chroicocephalus scopulinus,0.6666666666666666,1.0,0.5,4,8,4,4,0.4260600209236145,0.8250401020050049,0.35
4789,True,exact,0.7,C) Providence,Providence,0.6,0.75,0.5,4,6,3,3,0.41489896178245544,0.9151497483253479,0.35
4790,True,exact,0.7,C) Trenton,Trenton,0.6153846153846153,1.0,0.4444444444444444,4,9,4,4,0.36523720622062683,0.8559574484825134,0.35
4791,False,yes_no,1.0,yes,no,0.4615384615384615,1.0,0.3,3,10,3,3,0.35787394642829895,0.832120954990387,0.35
4792,True,exact,1.0,a liquid,a liquid,0.6,0.75,0.5,4,6,3,3,0.3743855059146881,0.8572858572006226,0.35
4793,True,numeric_exact,1.0,how steady a parachute with a 1 m vent was at 200 km per hour,how steady a parachute with a 1 m vent was at 200 km per hour,0.5333333333333333,1.0,0.36363636363636365,4,11,4,4,0.3481704294681549,0.8826478719711304,0.35
4794,True,exact,0.7,C) Tallahassee,Tallahassee,0.5454545454545454,0.75,0.42857142857142855,4,7,3,3,0.44496574997901917,0.8537672162055969,0.35
4795,True,exact,0.7,B) Springfield,Springfield,0.5714285714285715,1.0,0.4,4,10,4,4,0.39945903420448303,0.7018355131149292,0.35
4796,False,exact,0.3,D) New Jersey,Delaware,0.4615384615384615,1.0,0.3,3,10,3,3,0.4205908477306366,0.8486990928649902,0.35
4797,True,exact,0.7,A) New Hampshire,New Hampshire,0.4,1.0,0.25,3,12,3,3,0.322374165058136,0.6774402260780334,0.35
4798,True,exact,1.0,smooth,smooth,0.5454545454545454,1.0,0.375,3,8,3,3,0.33556994795799255,0.7198436856269836,0.35
4799,True,exact,0.7,D) Pennsylvania,Pennsylvania,0.42857142857142855,1.0,0.2727272727272727,3,11,3,3,0.4348668158054352,0.7911351919174194,0.35
4800,True,exact,0.7,A) Rosa can trade her tomatoes for Alexandra's broccoli.,Rosa can trade her tomatoes for Alexandra's broccoli.,0.5555555555555556,1.0,0.38461538461538464,5,13,5,5,0.46161767840385437,0.8005761504173279,0.35
4801,True,numeric_exact,1.0,D) 4:0,4:0,0.4210526315789474,1.0,0.26666666666666666,4,15,4,4,0.3666159212589264,0.7940530776977539,0.35
4802,True,exact,1.0,the surroundings . . . each refrigerator,the surroundings . . . each refrigerator,0.5555555555555556,1.0,0.38461538461538464,5,13,5,5,0.4841183125972748,0.8652510643005371,0.35
4803,True,yes_no,1.0,true,true,0.4,1.0,0.25,4,16,4,4,0.4485870599746704,0.9452042579650879,0.35
4804,False,exact,0.3,neither; their concentrations are the same,Solution A,0.6666666666666666,1.0,0.5,3,6,3,3,0.5129255652427673,0.8722844123840332,0.35
4805,False,numeric_mismatch,0.0,The magnitude of the magnetic force is smaller in Pair 1.,The magnitude of the magnetic force is smaller in Pair 2.,0.6666666666666666,1.0,0.5,3,6,3,3,0.5336326956748962,0.8664706349372864,0.35
4806,True,exact,0.7,A) New York,New York,0.375,1.0,0.23076923076923078,3,13,3,3,0.22457587718963623,0.6012156009674072,0.35
4807,False,exact,0.3,B) The magnitude of the magnetic force is smaller in Pair 2.,The magnitude of the magnetic force is the same in both pairs.,0.6666666666666666,1.0,0.5,4,8,4,4,0.45292341709136963,0.7372400164604187,0.35
4808,True,exact,1.0,May,May,0.5,0.3333333333333333,1.0,3,1,1,1,0.6123567819595337,0.6518896818161011,0.35
4809,True,exact,0.7,C) Frankfort,Frankfort,0.3333333333333333,0.6666666666666666,0.2222222222222222,3,9,2,2,0.24804756045341492,0.693437933921814,0.35
4810,False,exact,0.3,The magnitude of the magnetic force is the same in both pairs.,The magnitude of the magnetic force is smaller in Pair 2.,0.5333333333333333,1.0,0.36363636363636365,4,11,4,4,0.6063405871391296,0.8678103685379028,0.35
4811,True,exact,0.7,C) Trinidad and Tobago,Trinidad and Tobago,0.5454545454545454,1.0,0.375,3,8,3,3,0.36501041054725647,0.6000468730926514,0.35
4812,True,exact,1.0,if a new batch of concrete was firm enough to use,if a new batch of concrete was firm enough to use,0.5714285714285715,1.0,0.4,4,10,4,4,0.3896728456020355,0.8291611671447754,0.35
4813,True,exact,0.7,C) Lincoln,Lincoln,0.5,1.0,0.3333333333333333,3,9,3,3,0.3763360381126404,0.7612067461013794,0.35
4814,True,exact,1.0,It has many different types of organisms.,It has many different types of organisms.,0.5333333333333333,1.0,0.36363636363636365,4,11,4,4,0.44007089734077454,0.7723428606987,0.35
4815,True,exact,0.7,D) Asia,Asia,0.5,0.3333333333333333,1.0,3,1,1,1,0.4578399956226349,0.5199031829833984,0.35
4816,True,exact,0.7,C) Rhode Island,Rhode Island,0.5714285714285715,1.0,0.4,4,10,4,4,0.46657705307006836,0.7857149839401245,0.35
4817,True,exact,1.0,rough,rough,0.5454545454545454,1.0,0.375,3,8,3,3,0.2762795686721802,0.6055219769477844,0.35
4818,False,exact,1.0,commensal,mutualistic,0.8,1.0,0.6666666666666666,4,6,4,4,0.3857647478580475,0.8436118364334106,0.35
4819,True,exact,0.7,B) Georgia,Georgia,0.5714285714285714,0.8,0.4444444444444444,5,9,4,4,0.2959768772125244,0.6965747475624084,0.35
4820,False,exact,0.3,The magnitude of the magnetic force is larger in Pair 2.,The magnitude of the magnetic force is the same in both pairs.,0.5882352941176471,1.0,0.4166666666666667,5,12,5,5,0.4283958971500397,0.7205107808113098,0.35
4821,False,exact,0.3,The magnitude of the magnetic force is the same in both pairs.,The magnitude of the magnetic force is smaller in Pair 1.,0.75,0.75,0.75,4,4,3,3,0.4373067617416382,0.7364122867584229,0.35
4822,True,exact,0.7,B) impala,impala,0.5,1.0,0.3333333333333333,4,12,4,4,0.4262121617794037,0.9039759635925293,0.35
4823,True,exact,0.7,D) Nancy can trade her tomatoes for Dominic's broccoli.,Nancy can trade her tomatoes for Dominic's broccoli.,0.5882352941176471,1.0,0.4166666666666667,5,12,5,5,0.3983701765537262,0.8583903908729553,0.35
4824,False,exact,0.3,B) Saint Vincent and the Grenadines,Barbados,0.5333333333333333,0.8,0.4,5,10,4,4,0.4093717336654663,0.9488595724105835,0.35
4825,True,exact,1.0,wood,wood,0.5454545454545454,1.0,0.375,3,8,3,3,0.3605022430419922,0.7873207926750183,0.35
4826,True,exact,0.7,D) New Zealand,New Zealand,0.6666666666666666,1.0,0.5,4,8,4,4,0.4589214324951172,0.9376300573348999,0.35
4827,True,exact,1.0,tetraphosphorus,tetraphosphorus,0.4615384615384615,1.0,0.3,3,10,3,3,0.34384027123451233,0.722977340221405,0.35
4828,True,exact,0.7,B) Concord,Concord,0.5454545454545454,0.75,0.42857142857142855,4,7,3,3,0.34919553995132446,0.8304030895233154,0.35
4829,False,exact,0.3,D) clownfish,human,0.5333333333333333,1.0,0.36363636363636365,4,11,4,4,0.32343167066574097,0.7659881711006165,0.35
4830,True,exact,1.0,a gas,a gas,0.5,0.75,0.375,4,8,3,3,0.2970649003982544,0.7542779445648193,0.35
4831,True,exact,1.0,bear sedge,bear sedge,0.4210526315789474,1.0,0.26666666666666666,4,15,4,4,0.47116273641586304,0.872796893119812,0.35
4832,False,exact,0.3,C) Vanuatu,Fiji,0.6153846153846153,1.0,0.4444444444444444,4,9,4,4,0.41818109154701233,0.7307612299919128,0.35
4833,True,exact,1.0,Africa,Africa,0.33333333333333337,1.0,0.2,3,15,3,3,0.4833683967590332,0.7550708055496216,0.35
4834,True,exact,0.7,A) Trenton,Trenton,0.5,0.6666666666666666,0.4,3,5,2,2,0.3850242793560028,0.7860603928565979,0.35
4835,False,exact,0.3,B) Hazel can trade her almonds for Clara's tomatoes.,Clara can trade her tomatoes for Hazel's broccoli.,0.5714285714285715,1.0,0.4,4,10,4,4,0.3849768340587616,0.8397521376609802,0.35
4836,True,exact,0.7,B) bull shark,bull shark,0.6666666666666666,1.0,0.5,5,10,5,5,0.4476345479488373,0.8267024159431458,0.35
4837,True,exact,1.0,Erik can trade his tomatoes for Lily's broccoli.,Erik can trade his tomatoes for Lily's broccoli.,0.625,1.0,0.45454545454545453,5,11,5,5,0.49146559834480286,0.9442223906517029,0.35
4838,True,exact,1.0,January and February are the coldest months of the year.,January and February are the coldest months of the year.,0.4,1.0,0.25,4,16,4,4,0.47235655784606934,0.7989228367805481,0.35
4839,True,exact,1.0,It has many evergreen trees. It also has soil that is poor in nutrients.,It has many evergreen trees. It also has soil that is poor in nutrients.,0.5714285714285715,1.0,0.4,4,10,4,4,0.39379367232322693,0.6362071633338928,0.35
4840,True,exact,0.7,C) Montgomery,Montgomery,0.375,1.0,0.23076923076923078,3,13,3,3,0.32129114866256714,0.7493126392364502,0.35
4841,True,exact,1.0,circulatory system,circulatory system,0.5,1.0,0.3333333333333333,4,12,4,4,0.47279229760169983,0.852434515953064,0.35
4842,True,exact,0.7,D) North Carolina,North Carolina,0.5,1.0,0.3333333333333333,3,9,3,3,0.36445242166519165,0.6179424524307251,0.35
4843,True,exact,1.0,Africa,Africa,0.42857142857142855,1.0,0.2727272727272727,3,11,3,3,0.38154327869415283,0.7445189356803894,0.35
4844,False,numeric_mismatch,0.0,C) The magnetic force is weaker in Pair 1.,The magnetic force is weaker in Pair 2.,0.4615384615384615,1.0,0.3,3,10,3,3,0.6548612117767334,0.8653947710990906,0.35
4845,True,exact,1.0,Bufo bufo,Bufo bufo,0.8750000000000001,1.0,0.7777777777777778,7,9,7,7,0.5439119338989258,0.9729654788970947,0.35
4846,True,exact,0.7,A) orca,orca,0.7142857142857143,1.0,0.5555555555555556,5,9,5,5,0.4159642457962036,0.8844097852706909,0.35
4847,False,exact,0.3,D) Joseph can trade his broccoli for Ian's oranges.,Ian can trade his tomatoes for Joseph's broccoli.,0.7142857142857143,1.0,0.5555555555555556,5,9,5,5,0.40696990489959717,0.764178991317749,0.35
4848,False,exact,0.3,the surroundings . . . each battery,each battery . . . the surroundings,0.8,1.0,0.6666666666666666,4,6,4,4,0.5311048030853271,0.8693714737892151,0.35
4849,True,exact,0.7,A) Eurasian lynx,Eurasian lynx,0.6153846153846153,1.0,0.4444444444444444,4,9,4,4,0.4184631109237671,0.8529713749885559,0.35
4850,True,exact,1.0,weather,weather,0.33333333333333337,1.0,0.2,3,15,3,3,0.3514281213283539,0.7934820652008057,0.35
4851,False,yes_no,1.0,true,false,0.625,1.0,0.45454545454545453,5,11,5,5,0.4731554687023163,0.7691366672515869,0.35
4852,True,exact,0.7,A) New Jersey,New Jersey,0.4,0.6666666666666666,0.2857142857142857,3,7,2,2,0.32178181409835815,0.49491024017333984,0.35
4853,True,exact,1.0,Tristan can trade his tomatoes for Lorenzo's broccoli.,Tristan can trade his tomatoes for Lorenzo's broccoli.,0.625,1.0,0.45454545454545453,5,11,5,5,0.4051437973976135,0.9074133038520813,0.35
4854,True,exact,1.0,the Dominican Republic,the Dominican Republic,0.4615384615384615,1.0,0.3,3,10,3,3,0.44902804493904114,0.9720233678817749,0.35
4855,True,exact,0.7,A) Santa Fe,Santa Fe,0.6,0.75,0.5,4,6,3,3,0.39006099104881287,0.8316723704338074,0.35
4856,True,exact,0.7,C) Baton Rouge,Baton Rouge,0.4444444444444444,0.6666666666666666,0.3333333333333333,3,6,2,2,0.3264514207839966,0.7475630044937134,0.35
4857,True,exact,0.7,D) Ohio,Ohio,0.4615384615384615,1.0,0.3,3,10,3,3,0.44387438893318176,0.7686694860458374,0.35
4858,True,exact,1.0,Europe,Europe,0.4615384615384615,1.0,0.3,3,10,3,3,0.5367907285690308,0.8224355578422546,0.35
4859,True,exact,0.7,C) Diodon nicthemerus,Diodon nicthemerus,0.6,0.75,0.5,4,6,3,3,0.44533392786979675,0.9268487095832825,0.35
4860,True,exact,0.7,D) the Southern Ocean,the Southern Ocean,0.35294117647058826,1.0,0.21428571428571427,3,14,3,3,0.45554596185684204,0.7284963726997375,0.35
4861,False,numeric_mismatch,0.0,B) 13 grams of water vapor per kilogram of air,24 grams of water vapor per kilogram of air,0.6153846153846153,1.0,0.4444444444444444,4,9,4,4,0.41682884097099304,0.8682989478111267,0.35
4862,True,exact,0.7,C) Australia,Australia,0.5714285714285715,1.0,0.4,4,10,4,4,0.3644741177558899,0.6909302473068237,0.35
4863,False,exact,0.3,the surroundings . . . each aquarium,each aquarium . . . the surroundings,0.625,1.0,0.45454545454545453,5,11,5,5,0.4053250253200531,0.730065107345581,0.35
4864,True,exact,0.7,B) Rosa can trade her tomatoes for Kylie's broccoli.,Rosa can trade her tomatoes for Kylie's broccoli.,0.47619047619047616,1.0,0.3125,5,16,5,5,0.41133204102516174,0.8847736120223999,0.35
4865,True,exact,1.0,rough,rough,0.5454545454545454,1.0,0.375,3,8,3,3,0.2587116062641144,0.5827546119689941,0.35
4866,True,exact,1.0,sour,sour,0.4210526315789473,0.8,0.2857142857142857,5,14,4,4,0.2066340446472168,0.6007263660430908,0.35
4867,True,exact,0.7,B) New Mexico,New Mexico,0.42857142857142855,1.0,0.2727272727272727,3,11,3,3,0.4710722267627716,0.7704718708992004,0.35
4868,False,exact,0.3,C) The magnitude of the magnetic force is the same in both pairs.,The magnitude of the magnetic force is greater in Pair 2.,0.6666666666666666,1.0,0.5,4,8,4,4,0.5063430070877075,0.7160025835037231,0.35
4869,True,exact,1.0,the pruned tomato plants,the pruned tomato plants,0.3333333333333333,0.6666666666666666,0.2222222222222222,3,9,2,2,0.3991517424583435,0.8012334704399109,0.35
4870,True,exact,0.7,C) Iowa,Iowa,0.6153846153846153,1.0,0.4444444444444444,4,9,4,4,0.4256664216518402,0.7677764296531677,0.35
4871,False,exact,0.3,The magnetic force is weaker in Pair 2.,The strength of the magnetic force is the same in both pairs.,0.4210526315789474,1.0,0.26666666666666666,4,15,4,4,0.47424551844596863,0.8475843667984009,0.35
4872,True,exact,0.7,B) Bismarck,Bismarck,0.5454545454545454,1.0,0.375,3,8,3,3,0.3938945233821869,0.7672504186630249,0.35
4873,False,exact,0.3,The magnetic force is weaker in Pair 2.,The strength of the magnetic force is the same in both pairs.,0.5714285714285715,1.0,0.4,4,10,4,4,0.4330064654350281,0.6991556286811829,0.35
4874,False,exact,0.3,C) Tuvalu,Tonga,0.3333333333333333,0.6666666666666666,0.2222222222222222,3,9,2,2,0.3127564787864685,0.5437468886375427,0.35
4875,True,exact,0.7,C) Jackson,Jackson,0.5,0.6666666666666666,0.4,3,5,2,2,0.37364962697029114,0.8546395897865295,0.35
4876,True,yes_no,1.0,yes,yes,0.5454545454545454,1.0,0.375,3,8,3,3,0.4424518644809723,0.883331298828125,0.35
4877,False,exact,0.3,toward the boy's thumb,away from the boy's thumb,0.3076923076923077,1.0,0.18181818181818182,2,11,2,2,0.4303261637687683,0.9112513065338135,0.35
4878,False,exact,0.3,D) New Hampshire,Massachusetts,0.7499999999999999,1.0,0.6,3,5,3,3,0.28917819261550903,0.5069419741630554,0.35
4879,True,exact,1.0,mineral,mineral,0.4210526315789474,1.0,0.26666666666666666,4,15,4,4,0.4922536313533783,0.9026347398757935,0.35
4880,True,numeric_exact,1.0,C) 3:1,3:1,0.375,1.0,0.23076923076923078,3,13,3,3,0.40303322672843933,0.6831523180007935,0.35
4881,True,exact,1.0,It has many evergreen trees.,It has many evergreen trees.,0.26666666666666666,0.6666666666666666,0.16666666666666666,3,12,2,2,0.30293554067611694,0.7029529213905334,0.35
4882,True,exact,1.0,weather,weather,0.5,1.0,0.3333333333333333,3,9,3,3,0.3573574721813202,0.6496661305427551,0.35
4883,True,exact,0.7,A) bromine,bromine,0.7272727272727273,1.0,0.5714285714285714,4,7,4,4,0.3924125134944916,0.8560587167739868,0.35
4884,True,exact,1.0,sample B,sample B,0.6666666666666666,1.0,0.5,5,10,5,5,0.45715367794036865,0.8143075704574585,0.35
4885,True,exact,0.7,B) Pierre,Pierre,0.5,0.6666666666666666,0.4,3,5,2,2,0.3523193895816803,0.7352055907249451,0.35
4886,True,exact,0.7,A) African sacred ibis,African sacred ibis,0.46153846153846156,0.75,0.3333333333333333,4,9,3,3,0.40062227845191956,0.7922228574752808,0.35
4887,True,exact,1.0,Solution B,Solution B,0.5454545454545454,1.0,0.375,3,8,3,3,0.5476415157318115,0.9654910564422607,0.35
4888,True,exact,0.7,B) Ardea purpurea,Ardea purpurea,0.5714285714285715,1.0,0.4,4,10,4,4,0.41253596544265747,0.8669034242630005,0.35
4889,True,exact,1.0,transparent,transparent,0.4210526315789474,1.0,0.26666666666666666,4,15,4,4,0.34267380833625793,0.6994194984436035,0.35
4890,True,exact,1.0,attract,attract,0.6,1.0,0.42857142857142855,3,7,3,3,0.5232747197151184,0.9152584671974182,0.35
4891,True,exact,1.0,a compound,a compound,0.5,1.0,0.3333333333333333,3,9,3,3,0.5854762196540833,0.8947007060050964,0.35
4892,True,exact,0.7,C) sample A,sample A,0.5714285714285715,1.0,0.4,4,10,4,4,0.4499731957912445,0.9999998211860657,0.35
4893,False,exact,0.3,whether different types of bacteria would need different nutrients to produce insulin,whether she added enough nutrients to help the bacteria produce 20% more insulin,0.4,1.0,0.25,3,12,3,3,0.41186046600341797,0.7526960968971252,0.35
4894,True,exact,1.0,Can pennies hold more drops of pure water or water mixed with hand soap?,Can pennies hold more drops of pure water or water mixed with hand soap?,0.5714285714285714,0.8,0.4444444444444444,5,9,4,4,0.41113173961639404,0.8991771936416626,0.35
4895,True,exact,1.0,It has daily flooding and draining of seawater. It also has many different types of organisms.,It has daily flooding and draining of seawater. It also has many different types of organisms.,0.6666666666666666,1.0,0.5,4,8,4,4,0.4446108341217041,0.8575863242149353,0.35
4896,True,exact,1.0,Can pennies hold more drops of pure water or water mixed with hand soap?,Can pennies hold more drops of pure water or water mixed with hand soap?,0.5555555555555556,1.0,0.38461538461538464,5,13,5,5,0.3828825354576111,0.8202067017555237,0.35
4897,True,exact,0.7,D) Nashville,Nashville,0.4444444444444444,0.6666666666666666,0.3333333333333333,3,6,2,2,0.36751073598861694,0.8240296840667725,0.35
4898,False,numeric_mismatch,0.0,B) The magnetic force is stronger in Pair 1.,The magnetic force is stronger in Pair 2.,0.888888888888889,1.0,0.8,4,5,4,4,0.538686215877533,0.8924553990364075,0.35
4899,True,exact,1.0,a compound,a compound,0.5454545454545454,1.0,0.375,3,8,3,3,0.5362935662269592,0.8682141900062561,0.35
4900,True,exact,1.0,mineral,mineral,0.42857142857142855,1.0,0.2727272727272727,3,11,3,3,0.4650228023529053,0.8121904134750366,0.35
4901,False,yes_no,1.0,true,false,0.5714285714285715,1.0,0.4,4,10,4,4,0.5914971828460693,0.8934429883956909,0.35
4902,True,exact,1.0,Do more bacteria grow in liquid with cinnamon than in liquid without cinnamon?,Do more bacteria grow in liquid with cinnamon than in liquid without cinnamon?,0.4210526315789474,1.0,0.26666666666666666,4,15,4,4,0.3600594699382782,0.7617262601852417,0.35
4903,True,exact,0.7,A) Salt Lake City,Salt Lake City,0.6,1.0,0.42857142857142855,3,7,3,3,0.4769602417945862,0.9363724589347839,0.35
4904,False,exact,0.3,A) Madagascar day gecko,Mozambique spitting cobra,0.5,0.75,0.375,4,8,3,3,0.385405570268631,0.5943310856819153,0.35
4905,True,exact,0.7,D) Denver,Denver,0.4,1.0,0.25,3,12,3,3,0.2795427441596985,0.8904439806938171,0.35
4906,True,exact,1.0,shiny,shiny,0.25,0.5,0.16666666666666666,4,12,2,2,0.269023597240448,0.680513322353363,0.35
4907,True,exact,0.7,B) Chemical energy can be used for cell growth.,Chemical energy can be used for cell growth.,0.6,1.0,0.42857142857142855,3,7,3,3,0.35453519225120544,0.7390243411064148,0.35
4908,False,exact,0.3,Does the amount of water in a glass affect whether eggs sink or float in the water?,Are eggs more likely to float in fresh water or salty water?,0.5333333333333333,1.0,0.36363636363636365,4,11,4,4,0.41018056869506836,0.86906898021698,0.35
4909,True,exact,0.7,C) the fruit,the fruit,0.5,1.0,0.3333333333333333,3,9,3,3,0.44871991872787476,0.7934650778770447,0.35
4910,True,exact,1.0,neither; their concentrations are the same,neither; their concentrations are the same,0.35294117647058826,1.0,0.21428571428571427,3,14,3,3,0.5535858273506165,0.9274045825004578,0.35
4911,True,exact,0.7,C) It has mostly small plants.,It has mostly small plants.,0.47058823529411764,1.0,0.3076923076923077,4,13,4,4,0.3088315427303314,0.6178257465362549,0.35
4912,True,exact,1.0,the Atlantic Ocean,the Atlantic Ocean,0.375,1.0,0.23076923076923078,3,13,3,3,0.4412974715232849,0.7383283972740173,0.35
4913,True,exact,1.0,New York,New York,0.6,1.0,0.42857142857142855,3,7,3,3,0.505665123462677,0.8210749626159668,0.35
4914,False,numeric_mismatch,0.0,D) 4:0,0:4,0.47058823529411764,1.0,0.3076923076923077,4,13,4,4,0.3586888015270233,0.8799671530723572,0.35
4915,True,exact,0.7,B) Caprimulgus europaeus,Caprimulgus europaeus,0.4615384615384615,1.0,0.3,3,10,3,3,0.39711081981658936,0.8432771563529968,0.35
4916,True,exact,1.0,glass,glass,0.6,1.0,0.42857142857142855,3,7,3,3,0.5811962485313416,0.8183263540267944,0.35
4917,True,exact,1.0,Florida,Florida,0.375,1.0,0.23076923076923078,3,13,3,3,0.40011128783226013,0.7252814173698425,0.35
4918,True,exact,0.7,B) giraffe,giraffe,0.6153846153846153,1.0,0.4444444444444444,4,9,4,4,0.47535979747772217,0.9369015693664551,0.35
4919,True,exact,0.7,D) Salt Lake City,Salt Lake City,0.375,1.0,0.23076923076923078,3,13,3,3,0.3703671097755432,0.8593121767044067,0.35
4920,True,exact,1.0,the Pacific Ocean,the Pacific Ocean,0.4,1.0,0.25,2,8,2,2,0.4843459725379944,0.7509920597076416,0.35
4921,True,exact,1.0,transparent,transparent,0.6,1.0,0.42857142857142855,3,7,3,3,0.41897228360176086,0.9522569179534912,0.35
4922,False,exact,0.3,to the left than to the right,to the right than to the left,0.42857142857142855,1.0,0.2727272727272727,3,11,3,3,0.5137099623680115,0.8465399146080017,0.35
4923,True,exact,1.0,Solution B,Solution B,0.5,1.0,0.3333333333333333,3,9,3,3,0.5905336737632751,0.9567373991012573,0.35
4924,True,exact,0.7,D) Neil can trade his tomatoes for Darnell's broccoli.,Neil can trade his tomatoes for Darnell's broccoli.,0.6666666666666666,1.0,0.5,6,12,6,6,0.3320053219795227,0.6897185444831848,0.35
4925,True,exact,0.7,A) Olympia,Olympia,0.4615384615384615,1.0,0.3,3,10,3,3,0.33169037103652954,0.9030191898345947,0.35
4926,True,exact,0.7,B) New Zealand,New Zealand,0.33333333333333337,1.0,0.2,3,15,3,3,0.4158429503440857,0.6768154501914978,0.35
4927,False,exact,0.3,B) attract,repel,0.35294117647058826,1.0,0.21428571428571427,3,14,3,3,0.5611653327941895,0.9244407415390015,0.35
4928,True,exact,0.7,B) Kentucky,Kentucky,0.6153846153846153,1.0,0.4444444444444444,4,9,4,4,0.4168166518211365,0.7576223611831665,0.35
4929,True,exact,0.7,D) Jennifer can trade her tomatoes for Melissa's broccoli.,Jennifer can trade her tomatoes for Melissa's broccoli.,0.4210526315789474,1.0,0.26666666666666666,4,15,4,4,0.5749180316925049,0.9241426587104797,0.35
4930,True,yes_no,1.0,yes,yes,0.9090909090909091,1.0,0.8333333333333334,5,6,5,5,0.42597782611846924,0.9080687165260315,0.35
4931,True,exact,1.0,smooth,smooth,0.2,0.5,0.125,4,16,2,2,0.1773839145898819,0.47495877742767334,0.35
4932,True,exact,0.7,B) It has soil that is frozen year-round.,It has soil that is frozen year-round.,0.7499999999999999,1.0,0.6,6,10,6,6,0.3347088396549225,0.7019491791725159,0.35
4933,False,exact,0.3,"C) the grasses, the water, and the sand dunes",the grasses and the prairie sunflowers,0.6,0.75,0.5,4,6,3,3,0.27143630385398865,0.7094739079475403,0.35
4934,True,numeric_exact,1.0,B) The magnetic force is stronger in Pair 1.,The magnetic force is stronger in Pair 1.,0.4615384615384615,1.0,0.3,3,10,3,3,0.6048521399497986,0.8935629725456238,0.35
4935,True,exact,0.7,A) Solution A,Solution A,0.6,1.0,0.42857142857142855,3,7,3,3,0.5182207822799683,0.993628978729248,0.35
4936,True,exact,0.7,C) Tallahassee,Tallahassee,0.6,0.75,0.5,4,6,3,3,0.4568697512149811,0.9084352850914001,0.35
4937,True,exact,0.7,A) bare-eared squirrel monkey,bare-eared squirrel monkey,0.5000000000000001,0.8,0.36363636363636365,5,11,4,4,0.35771363973617554,0.8583323955535889,0.35
4938,False,exact,0.3,The magnitude of the magnetic force is the same in both pairs.,The magnitude of the magnetic force is smaller in Pair 1.,0.7272727272727273,1.0,0.5714285714285714,4,7,4,4,0.6254300475120544,0.9335119128227234,0.35
4939,True,exact,1.0,the surroundings . . . each salmon,the surroundings . . . each salmon,0.6,1.0,0.42857142857142855,6,14,6,6,0.5154217481613159,0.8736218214035034,0.35
4940,True,exact,0.7,B) Precipitation does not change much from month to month.,Precipitation does not change much from month to month.,0.5882352941176471,1.0,0.4166666666666667,5,12,5,5,0.44276687502861023,0.8787879347801208,0.35
4941,True,exact,0.7,D) California,California,0.6153846153846153,1.0,0.4444444444444444,4,9,4,4,0.40109503269195557,0.6944586634635925,0.35
4942,False,exact,0.3,B) Solomon Islands,the Marshall Islands,0.7499999999999999,1.0,0.6,3,5,3,3,0.3401964604854584,0.6523897051811218,0.35
4943,True,yes_no,1.0,no,no,0.6666666666666666,1.0,0.5,3,6,3,3,0.5068773627281189,0.777996301651001,0.35
4944,True,exact,1.0,sticky,sticky,0.21052631578947364,0.4,0.14285714285714285,5,14,2,2,0.14073674380779266,0.5338404774665833,0.35
4945,True,exact,0.7,A) Nashville,Nashville,0.7499999999999999,1.0,0.6,3,5,3,3,0.3732798397541046,0.7436016798019409,0.35
4946,True,exact,0.7,C) Jackson,Jackson,0.4,0.6666666666666666,0.2857142857142857,3,7,2,2,0.43722057342529297,0.8771917223930359,0.35
4947,True,exact,0.7,D) Atlanta,Atlanta,0.5,1.0,0.3333333333333333,3,9,3,3,0.36639028787612915,0.7872005701065063,0.35
4948,True,exact,0.7,C) Augusta,Augusta,0.7499999999999999,1.0,0.6,3,5,3,3,0.38820314407348633,0.6376745700836182,0.35
4949,True,exact,1.0,salty,salty,0.26666666666666666,0.3333333333333333,0.2222222222222222,6,9,2,2,0.22598479688167572,0.4774208962917328,0.35
4950,True,exact,0.7,A) Indianapolis,Indianapolis,0.7499999999999999,1.0,0.6,3,5,3,3,0.3662120997905731,0.7021211385726929,0.35
4951,True,exact,1.0,rock,rock,0.5714285714285715,1.0,0.4,4,10,4,4,0.48869356513023376,0.7437528371810913,0.35
4952,True,exact,0.7,C) Charleston,Charleston,0.5714285714285715,0.6666666666666666,0.5,3,4,2,2,0.273248553276062,0.4368184506893158,0.35
4953,True,exact,0.7,A) Lithobates catesbeianus,Lithobates catesbeianus,0.5,1.0,0.3333333333333333,3,9,3,3,0.5543901324272156,0.9482188820838928,0.35
4954,True,exact,0.7,B) Nashville,Nashville,0.5454545454545454,1.0,0.375,3,8,3,3,0.3517029285430908,0.8070178031921387,0.35
4955,False,exact,1.0,weather,climate,0.375,1.0,0.23076923076923078,3,13,3,3,0.2836751341819763,0.5126540064811707,0.35
4956,True,exact,0.7,A) Montgomery,Montgomery,0.7272727272727272,0.8,0.6666666666666666,5,6,4,4,0.4053863286972046,0.9248501062393188,0.35
4957,False,exact,0.3,the Southern Ocean,the Pacific Ocean,0.4444444444444445,1.0,0.2857142857142857,4,14,4,4,0.35036638379096985,0.6599165201187134,0.35
4958,True,exact,0.7,B) Phoenix,Phoenix,0.6,1.0,0.42857142857142855,3,7,3,3,0.3627680242061615,0.7571008205413818,0.35
4959,True,exact,0.7,D) North Carolina,North Carolina,0.6,1.0,0.42857142857142855,3,7,3,3,0.3648153841495514,0.8126216530799866,0.35
4960,True,numeric_exact,1.0,E) 4/4,4/4,0.6666666666666666,1.0,0.5,5,10,5,5,0.4217962920665741,0.7476878762245178,0.35
4961,True,exact,1.0,attract,attract,0.5,1.0,0.3333333333333333,3,9,3,3,0.46446463465690613,0.809461236000061,0.35
4962,False,exact,0.3,D) common toad,penguin,0.5333333333333333,1.0,0.36363636363636365,4,11,4,4,0.41673195362091064,0.8135353922843933,0.35
4963,True,exact,1.0,which side of the roof got more sun over one day,which side of the roof got more sun over one day,0.3529411764705882,0.75,0.23076923076923078,4,13,3,3,0.24449770152568817,0.7673871517181396,0.35
4964,True,exact,0.7,B) Solution B,Solution B,0.6666666666666666,1.0,0.5,3,6,3,3,0.5622807145118713,0.9180970788002014,0.35
4965,True,exact,0.7,C) Delaware,Delaware,0.4,0.6666666666666666,0.2857142857142857,3,7,2,2,0.4149687588214874,0.7919400334358215,0.35
4966,True,exact,0.7,A) lichen,lichen,0.6,1.0,0.42857142857142855,3,7,3,3,0.34433069825172424,0.7872229218482971,0.35
4967,True,numeric_exact,1.0,B) 2/4,2/4,0.33333333333333337,1.0,0.2,3,15,3,3,0.4756689667701721,0.7453593015670776,0.35
4968,True,exact,0.7,B) Boise,Boise,0.3,0.75,0.1875,4,16,3,3,0.3293291926383972,0.9123516082763672,0.35
4969,True,exact,0.7,B) Concord,Concord,0.6666666666666666,1.0,0.5,4,8,4,4,0.3850501775741577,0.9197719097137451,0.35
4970,True,exact,1.0,Do radishes grown under bright light get bigger than radishes grown under dim light?,Do radishes grown under bright light get bigger than radishes grown under dim light?,0.4444444444444445,1.0,0.2857142857142857,4,14,4,4,0.35177236795425415,0.884529173374176,0.35
4971,True,exact,1.0,neither; their concentrations are the same,neither; their concentrations are the same,0.5,1.0,0.3333333333333333,3,9,3,3,0.5840100646018982,0.9712406992912292,0.35
4972,True,exact,0.7,B) June,June,0.6153846153846153,1.0,0.4444444444444444,4,9,4,4,0.4488127529621124,0.8215022683143616,0.35
4973,True,exact,1.0,Africa,Africa,0.6,1.0,0.42857142857142855,3,7,3,3,0.4264150857925415,0.6465655565261841,0.35
4974,True,yes_no,1.0,yes,yes,0.8,1.0,0.6666666666666666,4,6,4,4,0.48384055495262146,0.9380979537963867,0.35
4975,True,exact,0.7,A) sample B,sample B,0.5882352941176471,1.0,0.4166666666666667,5,12,5,5,0.47629034519195557,0.8525578379631042,0.35
4976,True,exact,0.7,A) New Zealand,New Zealand,0.6,1.0,0.42857142857142855,3,7,3,3,0.4299331307411194,0.9618146419525146,0.35
4977,True,exact,1.0,Michigan,Michigan,0.3636363636363636,1.0,0.2222222222222222,2,9,2,2,0.5175365209579468,0.8801438808441162,0.35
4978,True,yes_no,1.0,yes,yes,0.3,0.75,0.1875,4,16,3,3,0.4525585174560547,0.8924063444137573,0.35
4979,False,numeric_mismatch,0.0,The magnitude of the magnetic force is greater in Pair 1.,The magnitude of the magnetic force is greater in Pair 2.,0.6666666666666666,1.0,0.5,4,8,4,4,0.5189236402511597,0.9063800573348999,0.35
4980,True,yes_no,1.0,true,true,0.5882352941176471,1.0,0.4166666666666667,5,12,5,5,0.4974888265132904,0.8346819877624512,0.35
4981,True,exact,0.7,B) mutualistic,mutualistic,0.4,1.0,0.25,3,12,3,3,0.5302572846412659,0.928375780582428,0.35
4982,True,exact,0.7,D) Helena,Helena,0.375,1.0,0.23076923076923078,3,13,3,3,0.3739040493965149,0.8215806484222412,0.35
4983,True,exact,0.7,B) Sacramento,Sacramento,0.6,1.0,0.42857142857142855,3,7,3,3,0.41687411069869995,0.8892384171485901,0.35
4984,False,exact,0.3,A) Saint Kitts and Nevis,Saint Lucia,0.5454545454545454,1.0,0.375,3,8,3,3,0.39565619826316833,0.6755216717720032,0.35
4985,True,exact,1.0,rubber,rubber,0.6666666666666666,1.0,0.5,4,8,4,4,0.3457924723625183,0.7556965351104736,0.35
4986,True,exact,1.0,Genes affect traits.,Genes affect traits.,0.4285714285714285,0.75,0.3,4,10,3,3,0.34830448031425476,0.8386726975440979,0.35
4987,True,exact,0.7,B) Sacramento,Sacramento,0.5454545454545454,1.0,0.375,3,8,3,3,0.43105897307395935,0.8121877312660217,0.35
4988,True,exact,0.7,B) long-beaked echidna,long-beaked echidna,0.5333333333333333,1.0,0.36363636363636365,4,11,4,4,0.4202369451522827,0.7749496698379517,0.35
4989,True,exact,1.0,attract,attract,0.4615384615384615,1.0,0.3,3,10,3,3,0.42901185154914856,0.8462135791778564,0.35
4990,False,numeric_mismatch,0.0,The magnitude of the magnetic force is larger in Pair 2.,The magnitude of the magnetic force is smaller in Pair 1.,0.888888888888889,1.0,0.8,4,5,4,4,0.4913408160209656,0.8420664668083191,0.35
4991,True,exact,0.7,D) Annapolis,Annapolis,0.36363636363636365,0.6666666666666666,0.25,3,8,2,2,0.3820091784000397,0.7951054573059082,0.35
4992,True,exact,0.7,A) Atelopus zeteki,Atelopus zeteki,0.4444444444444445,0.5,0.4,4,5,2,2,0.4643050730228424,0.9601916670799255,0.35
4993,False,exact,0.3,D) woodpecker,water buffalo,0.5333333333333333,1.0,0.36363636363636365,4,11,4,4,0.3415089547634125,0.7873731851577759,0.35
4994,False,exact,0.3,B) the Dominican Republic,The Bahamas,0.625,1.0,0.45454545454545453,5,11,5,5,0.4821171760559082,0.770039975643158,0.35
4995,True,exact,0.7,C) the Indian Ocean,the Indian Ocean,0.6,1.0,0.42857142857142855,3,7,3,3,0.48003819584846497,0.8923279047012329,0.35
4996,True,exact,1.0,Do steel nails take fewer days to rust in water compared to vinegar?,Do steel nails take fewer days to rust in water compared to vinegar?,0.5263157894736842,1.0,0.35714285714285715,5,14,5,5,0.3017127215862274,0.7522884011268616,0.35
4997,True,exact,1.0,California,California,0.375,1.0,0.23076923076923078,3,13,3,3,0.40667012333869934,0.7113939523696899,0.35
4998,True,numeric_exact,1.0,B) The magnitude of the magnetic force is greater in Pair 2.,The magnitude of the magnetic force is greater in Pair 2.,0.5333333333333333,1.0,0.36363636363636365,4,11,4,4,0.609663724899292,0.9012552499771118,0.35
4999,True,exact,1.0,"The wettest months of the year are June, July, and August.","The wettest months of the year are June, July, and August.",0.4,1.0,0.25,4,16,4,4,0.3895668685436249,0.8581733703613281,0.35
5000,False,exact,1.0,yellow,salty,0.15384615384615383,0.25,0.1111111111111111,4,9,1,1,0.23917913436889648,0.6687878370285034,0.35
5001,True,exact,0.7,D) Pennsylvania,Pennsylvania,0.4615384615384615,1.0,0.3,3,10,3,3,0.38613399863243103,0.8451438546180725,0.35
5002,False,exact,0.3,D) Saint Kitts and Nevis,Antigua and Barbuda,0.6153846153846153,1.0,0.4444444444444444,4,9,4,4,0.5007590651512146,0.8473820090293884,0.35
5003,True,exact,1.0,neither; their concentrations are the same,neither; their concentrations are the same,0.6,1.0,0.42857142857142855,3,7,3,3,0.583422064781189,0.9868259429931641,0.35
5004,False,exact,0.3,A) bromomethane,tetraphosphorus,0.5454545454545454,0.75,0.42857142857142855,4,7,3,3,0.37172719836235046,0.7346906065940857,0.35
5005,False,exact,0.3,The magnitude of the magnetic force is smaller in Pair 2.,The magnitude of the magnetic force is the same in both pairs.,0.47058823529411764,1.0,0.3076923076923077,4,13,4,4,0.3779962360858917,0.7076411843299866,0.35
5006,True,exact,1.0,translucent,translucent,0.25,0.5,0.16666666666666666,4,12,2,2,0.18889988958835602,0.4716028571128845,0.35
5007,True,exact,0.7,"B) It has long, cold winters. It also has mostly small plants.","It has long, cold winters. It also has mostly small plants.",0.6666666666666666,1.0,0.5,4,8,4,4,0.37171876430511475,0.6117820739746094,0.35
5008,True,exact,0.7,D) Atlanta,Atlanta,0.4615384615384615,1.0,0.3,3,10,3,3,0.40023282170295715,0.7778773307800293,0.35
5009,True,exact,1.0,Felis margarita,Felis margarita,0.7272727272727272,0.8,0.6666666666666666,5,6,4,4,0.5426173806190491,0.9495542049407959,0.35
5010,True,exact,0.7,A) Solution B,Solution B,0.5,1.0,0.3333333333333333,3,9,3,3,0.5903785228729248,0.911514163017273,0.35
5011,True,exact,0.7,B) toward the magnet,toward the magnet,0.6,0.75,0.5,4,6,3,3,0.3733882009983063,0.738970935344696,0.35
5012,False,exact,0.3,B) Georgia,Illinois,0.6666666666666666,1.0,0.5,3,6,3,3,0.4626184105873108,0.8334822654724121,0.35
5013,True,exact,0.7,D) Lamar can trade his tomatoes for Jackson's broccoli.,Lamar can trade his tomatoes for Jackson's broccoli.,0.7142857142857143,1.0,0.5555555555555556,5,9,5,5,0.5232744812965393,0.9363957643508911,0.35
5014,False,exact,0.3,A) Los Angeles,San Francisco,0.6666666666666666,1.0,0.5,5,10,5,5,0.35667940974235535,0.7218581438064575,0.35
5015,True,exact,1.0,It has salty water. It also has many different types of organisms.,It has salty water. It also has many different types of organisms.,0.5882352941176471,1.0,0.4166666666666667,5,12,5,5,0.4800378978252411,0.8724873065948486,0.35
5016,True,exact,1.0,colorful,colorful,0.4444444444444444,0.8,0.3076923076923077,5,13,4,4,0.2897633910179138,0.7279749512672424,0.35
5017,True,exact,1.0,push,push,0.4615384615384615,1.0,0.3,3,10,3,3,0.5199243426322937,0.8927123546600342,0.35
5018,False,numeric_mismatch,0.0,C) The magnitude of the magnetic force is greater in Pair 1.,The magnitude of the magnetic force is greater in Pair 2.,0.7692307692307693,1.0,0.625,5,8,5,5,0.563322901725769,0.8185901045799255,0.35
5019,True,exact,0.7,B) California,California,0.375,1.0,0.23076923076923078,3,13,3,3,0.4072709083557129,0.8792070746421814,0.35
5020,True,exact,0.7,B) Ardea cinerea,Ardea cinerea,0.5333333333333333,1.0,0.36363636363636365,4,11,4,4,0.4623807668685913,0.8565728664398193,0.35
5021,False,numeric_mismatch,0.0,-1°C,-22°C,0.6153846153846153,1.0,0.4444444444444444,4,9,4,4,0.4033287763595581,0.761509895324707,0.35
5022,True,exact,0.7,D) the grocery store,the grocery store,0.375,1.0,0.23076923076923078,3,13,3,3,0.30410197377204895,0.6690295934677124,0.35
5023,True,exact,1.0,a compound,a compound,0.5714285714285715,1.0,0.4,4,10,4,4,0.4205006957054138,0.8344165086746216,0.35
5024,True,exact,0.7,C) It has a small amount of rain.,It has a small amount of rain.,0.6666666666666666,1.0,0.5,5,10,5,5,0.4335440397262573,0.7873720526695251,0.35
5025,True,exact,1.0,a solid,a solid,0.6153846153846153,1.0,0.4444444444444444,4,9,4,4,0.4579400420188904,0.8602861762046814,0.35
5026,True,exact,0.7,D) Helena,Helena,0.5454545454545454,1.0,0.375,3,8,3,3,0.41773152351379395,0.7856926321983337,0.35
5027,True,exact,0.7,D) Rhode Island,Rhode Island,0.6666666666666666,1.0,0.5,3,6,3,3,0.5500621795654297,0.8160642385482788,0.35
5028,True,exact,0.7,D) Samir can trade his tomatoes for Derek's broccoli.,Samir can trade his tomatoes for Derek's broccoli.,0.5263157894736842,1.0,0.35714285714285715,5,14,5,5,0.4872441291809082,0.846511960029602,0.35
5029,True,exact,0.7,D) Boise,Boise,0.5,1.0,0.3333333333333333,3,9,3,3,0.38422343134880066,0.8005514144897461,0.35
5030,True,exact,0.7,D) Montgomery,Montgomery,0.5454545454545454,1.0,0.375,3,8,3,3,0.3811359107494354,0.6995358467102051,0.35
5031,True,exact,1.0,eight legs,eight legs,0.375,1.0,0.23076923076923078,3,13,3,3,0.3398631811141968,0.6297194957733154,0.35
5032,True,exact,0.7,B) Pennsylvania,Pennsylvania,0.4615384615384615,1.0,0.3,3,10,3,3,0.4720063805580139,0.8976895213127136,0.35
5033,False,exact,1.0,weather,climate,0.375,1.0,0.23076923076923078,3,13,3,3,0.2052241414785385,0.5291929244995117,0.35
5034,True,exact,0.7,D) Olympia,Olympia,0.5454545454545454,1.0,0.375,3,8,3,3,0.5132797360420227,0.8998420834541321,0.35
5035,True,exact,0.7,B) sample B,sample B,0.6666666666666666,1.0,0.5,6,12,6,6,0.46835681796073914,0.9029256701469421,0.35
5036,True,exact,0.7,D) Lansing,Lansing,0.4615384615384615,1.0,0.3,3,10,3,3,0.4544985592365265,0.8907186388969421,0.35
5037,True,exact,0.7,B) Virginia,Virginia,0.6,1.0,0.42857142857142855,3,7,3,3,0.5528931021690369,0.8192026615142822,0.35
5038,True,exact,0.7,D) Columbus,Columbus,0.6666666666666666,1.0,0.5,3,6,3,3,0.41147395968437195,0.8992677330970764,0.35
5039,True,exact,0.7,B) Denver,Denver,0.4,1.0,0.25,3,12,3,3,0.3553615212440491,0.8423826098442078,0.35
5040,True,exact,1.0,the Northwest,the Northwest,0.375,1.0,0.23076923076923078,3,13,3,3,0.45559653639793396,0.7148870229721069,0.35
5041,True,exact,0.7,D) Little Rock,Little Rock,0.6,1.0,0.42857142857142855,3,7,3,3,0.33521971106529236,0.7322996258735657,0.35
5042,False,exact,0.3,B) The magnitude of the magnetic force is the same in both pairs.,The magnitude of the magnetic force is greater in Pair 1.,0.33333333333333337,1.0,0.2,3,15,3,3,0.4896610379219055,0.7723094820976257,0.35
5043,True,exact,0.7,D) Jenny can trade her tomatoes for Zoe's broccoli.,Jenny can trade her tomatoes for Zoe's broccoli.,0.625,1.0,0.45454545454545453,5,11,5,5,0.383323073387146,0.7557823657989502,0.35
5044,True,exact,0.7,B) Solution B,Solution B,0.5,1.0,0.3333333333333333,3,9,3,3,0.6486710906028748,0.9748571515083313,0.35
5045,True,exact,0.7,C) Bismarck,Bismarck,0.4615384615384615,1.0,0.3,3,10,3,3,0.3883381485939026,0.7784217000007629,0.35
5046,True,exact,0.7,A) Saint Kitts and Nevis,Saint Kitts and Nevis,0.42857142857142855,1.0,0.2727272727272727,3,11,3,3,0.45363619923591614,0.8562994003295898,0.35
5047,True,exact,0.7,A) Pierre,Pierre,0.6666666666666666,1.0,0.5,3,6,3,3,0.35821399092674255,0.8855687379837036,0.35
5048,True,exact,0.7,B) Oregon,Oregon,0.4615384615384615,1.0,0.3,3,10,3,3,0.350566565990448,0.7112773060798645,0.35
5049,True,exact,0.7,D) the Atlantic Ocean,the Atlantic Ocean,0.4,1.0,0.25,3,12,3,3,0.4957808256149292,0.7781344652175903,0.35
5050,True,exact,1.0,booming,booming,0.6,0.75,0.5,4,6,3,3,0.4771445095539093,0.7984408736228943,0.35
5051,True,exact,0.7,B) South America,South America,0.33333333333333337,1.0,0.2,2,10,2,2,0.4599830210208893,0.6471207737922668,0.35
5052,True,exact,1.0,Europe,Europe,0.6,1.0,0.42857142857142855,3,7,3,3,0.3929358124732971,0.6019440293312073,0.35
5053,False,exact,0.3,earthworm,Arctic fox,0.5,1.0,0.3333333333333333,3,9,3,3,0.30317074060440063,0.6533869504928589,0.35
5054,True,yes_no,1.0,yes,yes,0.26666666666666666,0.6666666666666666,0.16666666666666666,3,12,2,2,0.40728411078453064,0.8125216364860535,0.35
5055,True,exact,0.7,A) clownfish,clownfish,0.888888888888889,1.0,0.8,4,5,4,4,0.4147965908050537,0.7389260530471802,0.35
5056,False,numeric_mismatch,0.0,D) 1/4,4/4,0.5000000000000001,0.8,0.36363636363636365,5,11,4,4,0.2823618948459625,0.7814651131629944,0.35
5057,True,exact,0.7,B) hawfinch,hawfinch,0.8,1.0,0.6666666666666666,4,6,4,4,0.5362091660499573,0.8590191602706909,0.35
5058,True,exact,1.0,bumpy,bumpy,0.5,0.8333333333333334,0.35714285714285715,6,14,5,5,0.2937517762184143,0.6069679260253906,0.35
5059,True,exact,1.0,Do more bacteria grow in liquid with cinnamon than in liquid without cinnamon?,Do more bacteria grow in liquid with cinnamon than in liquid without cinnamon?,0.375,0.75,0.25,4,12,3,3,0.3292123079299927,0.7801530957221985,0.35
5060,True,exact,1.0,Do radishes grown under bright light get bigger than radishes grown under dim light?,Do radishes grown under bright light get bigger than radishes grown under dim light?,0.47619047619047616,1.0,0.3125,5,16,5,5,0.2569248676300049,0.6778773665428162,0.35
5061,False,numeric_mismatch,0.0,The magnitude of the magnetic force is greater in Pair 1.,The magnitude of the magnetic force is greater in Pair 2.,0.5,1.0,0.3333333333333333,4,12,4,4,0.5581452250480652,0.8035832643508911,0.35
5062,False,numeric_mismatch,0.0,B) The magnitude of the magnetic force is smaller in Pair 2.,The magnitude of the magnetic force is smaller in Pair 1.,0.5714285714285715,1.0,0.4,4,10,4,4,0.6779413223266602,0.9087865352630615,0.35
5063,False,exact,0.3,C) when it is cold outside,when there is not much water,0.7058823529411764,1.0,0.5454545454545454,6,11,6,6,0.28442591428756714,0.757816731929779,0.35
5064,True,exact,0.7,C) Salem,Salem,0.3333333333333333,0.6666666666666666,0.2222222222222222,3,9,2,2,0.2857128381729126,0.7924531102180481,0.35
5065,True,exact,0.7,D) the Dominican Republic,the Dominican Republic,0.4615384615384615,1.0,0.3,3,10,3,3,0.48981204628944397,0.8977540731430054,0.35
5066,False,exact,0.3,D) sea otter,piranha,0.4,1.0,0.25,3,12,3,3,0.4009380638599396,0.6861227750778198,0.35
5067,True,exact,0.7,A) green violetear,green violetear,0.4444444444444445,1.0,0.2857142857142857,4,14,4,4,0.4423854351043701,0.7829805016517639,0.35
5068,True,exact,0.7,C) convergent,convergent,0.5454545454545454,0.75,0.42857142857142855,4,7,3,3,0.390659898519516,0.850030779838562,0.35
5069,True,exact,0.7,B) bare-eared squirrel monkey,bare-eared squirrel monkey,0.47058823529411764,1.0,0.3076923076923077,4,13,4,4,0.42961978912353516,0.799954891204834,0.35
5070,True,exact,0.7,B) Boise,Boise,0.6,1.0,0.42857142857142855,3,7,3,3,0.4235714077949524,0.7745618224143982,0.35
5071,True,exact,0.7,C) Charleston,Charleston,0.6666666666666666,1.0,0.5,3,6,3,3,0.3999154269695282,0.9133932590484619,0.35
5072,True,exact,0.7,A) red-spotted newt,red-spotted newt,0.5263157894736842,1.0,0.35714285714285715,5,14,5,5,0.33754783868789673,0.8342452645301819,0.35
5073,False,exact,0.3,D) Saint Vincent and the Grenadines,Grenada,0.4,1.0,0.25,3,12,3,3,0.39143243432044983,0.7603979110717773,0.35
5074,True,exact,0.7,C) Helena,Helena,0.4,0.6666666666666666,0.2857142857142857,3,7,2,2,0.3469054698944092,0.7464435696601868,0.35
5075,True,exact,0.7,B) Arianna can trade her tomatoes for Sidney's broccoli.,Arianna can trade her tomatoes for Sidney's broccoli.,0.30769230769230765,0.5,0.2222222222222222,4,9,2,2,0.20784685015678406,0.43559324741363525,0.35
5076,True,exact,1.0,It has year-round rain. It also has many different types of organisms.,It has year-round rain. It also has many different types of organisms.,0.5,1.0,0.3333333333333333,4,12,4,4,0.38824594020843506,0.815022885799408,0.35
5077,False,exact,0.3,D) Irma can trade her almonds for Dustin's tomatoes.,Dustin can trade his tomatoes for Irma's broccoli.,0.6153846153846153,0.5714285714285714,0.6666666666666666,7,6,4,4,0.35690683126449585,0.8195417523384094,0.35
5078,True,exact,1.0,the Thirteen Colonies,the Thirteen Colonies,0.42857142857142855,1.0,0.2727272727272727,3,11,3,3,0.5506421327590942,0.948451042175293,0.35
5079,False,exact,0.3,A) Lynx rufus,Lynx canadensis,0.5333333333333333,1.0,0.36363636363636365,4,11,4,4,0.4335927665233612,0.8290088176727295,0.35
5080,True,exact,0.7,A) Massachusetts,Massachusetts,0.7499999999999999,1.0,0.6,3,5,3,3,0.43716859817504883,0.7445772290229797,0.35
5081,True,exact,1.0,Elise can trade her tomatoes for Nolan's broccoli.,Elise can trade her tomatoes for Nolan's broccoli.,0.7142857142857143,1.0,0.5555555555555556,5,9,5,5,0.5159624814987183,0.9306681752204895,0.35
5082,False,exact,1.0,attract,repel,0.5333333333333333,1.0,0.36363636363636365,4,11,4,4,0.41410142183303833,0.8284127116203308,0.35
5083,True,exact,0.7,C) Nina can trade her tomatoes for Ivan's broccoli.,Nina can trade her tomatoes for Ivan's broccoli.,0.7499999999999999,1.0,0.6,6,10,6,6,0.4887458384037018,0.8559640049934387,0.35
5084,True,exact,1.0,colorful,colorful,0.2222222222222222,0.3333333333333333,0.16666666666666666,3,6,1,1,0.1431247591972351,0.46479326486587524,0.35
5085,False,exact,0.3,insufficient information,Olympia,0.7272727272727273,1.0,0.5714285714285714,4,7,4,4,0.31627902388572693,0.6715915203094482,0.35
5086,True,exact,0.7,C) Maryland,Maryland,0.4615384615384615,1.0,0.3,3,10,3,3,0.3329632580280304,0.7095468044281006,0.35
5087,True,exact,1.0,It has daily flooding and draining of seawater. It also has many different types of organisms.,It has daily flooding and draining of seawater. It also has many different types of organisms.,0.5714285714285715,1.0,0.4,4,10,4,4,0.36566057801246643,0.9352826476097107,0.35
5088,True,exact,1.0,Does apple juice expand more or less than water when it freezes?,Does apple juice expand more or less than water when it freezes?,0.3157894736842105,0.5,0.23076923076923078,6,13,3,3,0.2540138363838196,0.5731217861175537,0.35
5089,True,yes_no,1.0,true,true,0.6153846153846153,1.0,0.4444444444444444,4,9,4,4,0.39121347665786743,0.6657114028930664,0.35
5090,True,exact,0.7,C) Asia,Asia,0.5454545454545454,1.0,0.375,3,8,3,3,0.5457305312156677,0.8385977745056152,0.35
5091,True,exact,1.0,the Southern Ocean,the Southern Ocean,0.4,1.0,0.25,2,8,2,2,0.5230365991592407,0.7931281328201294,0.35
5092,True,exact,1.0,the surroundings . . . each bottle,the surroundings . . . each bottle,0.7499999999999999,1.0,0.6,6,10,6,6,0.43495306372642517,0.9160585403442383,0.35
5093,False,exact,0.3,B) human,painted stork,0.4615384615384615,1.0,0.3,3,10,3,3,0.43545594811439514,0.7162255048751831,0.35
5094,True,exact,0.7,B) Columbus,Columbus,0.5,1.0,0.3333333333333333,3,9,3,3,0.40149158239364624,0.9494534730911255,0.35
5095,False,exact,1.0,attract,repel,0.35294117647058826,1.0,0.21428571428571427,3,14,3,3,0.4013989269733429,0.7695828676223755,0.35
5096,True,exact,1.0,if a new batch of concrete was firm enough to use,if a new batch of concrete was firm enough to use,0.42857142857142855,1.0,0.2727272727272727,3,11,3,3,0.4328935146331787,0.7102867960929871,0.35
5097,True,exact,1.0,salty,salty,0.5,1.0,0.3333333333333333,3,9,3,3,0.19305478036403656,0.6177425980567932,0.35
5098,True,exact,0.7,A) Montpelier,Montpelier,0.6153846153846153,1.0,0.4444444444444444,4,9,4,4,0.291683554649353,0.930167019367218,0.35
5099,True,exact,1.0,Australia,Australia,0.6,1.0,0.42857142857142855,3,7,3,3,0.47784388065338135,0.834377646446228,0.35
5100,True,exact,0.7,B) barracuda,barracuda,0.47619047619047616,1.0,0.3125,5,16,5,5,0.49963316321372986,0.848247766494751,0.35
5101,True,exact,1.0,water in oceans,water in oceans,0.4210526315789474,1.0,0.26666666666666666,4,15,4,4,0.5564994215965271,0.8601304888725281,0.35
5102,False,exact,1.0,attract,repel,0.5555555555555556,1.0,0.38461538461538464,5,13,5,5,0.3298148214817047,0.7926016449928284,0.35
5103,False,exact,0.3,A) zooplankton,bat star,0.47058823529411764,1.0,0.3076923076923077,4,13,4,4,0.49644166231155396,0.7502763271331787,0.35
5104,False,exact,1.0,attract,repel,0.4285714285714285,0.75,0.3,4,10,3,3,0.41981297731399536,0.7384158372879028,0.35
5105,True,exact,0.7,B) clownfish,clownfish,0.5714285714285715,1.0,0.4,4,10,4,4,0.41323161125183105,0.7153506278991699,0.35
5106,True,exact,1.0,Do radishes grown under bright light get bigger than radishes grown under dim light?,Do radishes grown under bright light get bigger than radishes grown under dim light?,0.47058823529411764,1.0,0.3076923076923077,4,13,4,4,0.3444047272205353,0.8348516821861267,0.35
5107,False,exact,0.3,D) Antigua and Barbuda,The Bahamas,0.4615384615384615,1.0,0.3,3,10,3,3,0.3930117189884186,0.7508071660995483,0.35
5108,False,exact,0.3,A) Solution A,neither; their concentrations are the same,0.5714285714285715,1.0,0.4,4,10,4,4,0.5194001197814941,0.8355700969696045,0.35
5109,True,exact,1.0,blue,blue,0.23529411764705882,0.4,0.16666666666666666,5,12,2,2,0.18823935091495514,0.6821364760398865,0.35
5110,True,exact,1.0,England claimed most of the Atlantic coast of North America.,England claimed most of the Atlantic coast of North America.,0.14285714285714288,0.25,0.1,4,10,1,1,0.21823322772979736,0.5398733615875244,0.35
5111,True,exact,0.7,B) Macropus agilis,Macropus agilis,0.6666666666666666,1.0,0.5,4,8,4,4,0.4998966157436371,0.9808078408241272,0.35
5112,True,exact,0.7,D) Kyle can trade his tomatoes for Tony's broccoli.,Kyle can trade his tomatoes for Tony's broccoli.,0.6666666666666666,1.0,0.5,6,12,6,6,0.42304351925849915,0.8123059272766113,0.35
5113,True,exact,0.7,A) Sacramento,Sacramento,0.4444444444444444,0.6666666666666666,0.3333333333333333,3,6,2,2,0.3569720983505249,0.6568678021430969,0.35
5114,False,exact,0.3,C) The magnitude of the magnetic force is the same in both pairs.,The magnitude of the magnetic force is smaller in Pair 1.,0.4615384615384615,1.0,0.3,3,10,3,3,0.641640841960907,0.8961549997329712,0.35
5115,False,exact,0.3,B) black howler,barn owl,0.33333333333333337,1.0,0.2,3,15,3,3,0.43210113048553467,0.7653293013572693,0.35
5116,True,exact,0.7,C) Richmond,Richmond,0.36363636363636365,0.6666666666666666,0.25,3,8,2,2,0.35274219512939453,0.8050801157951355,0.35
5117,True,exact,1.0,to the right than to the left,to the right than to the left,0.375,1.0,0.23076923076923078,3,13,3,3,0.5362327694892883,0.8561913371086121,0.35
5118,True,exact,0.7,B) Solution B,Solution B,0.5,1.0,0.3333333333333333,3,9,3,3,0.6250649094581604,0.9986500144004822,0.35
5119,True,exact,0.7,D) Boise,Boise,0.6666666666666666,1.0,0.5,3,6,3,3,0.36956489086151123,0.8324773907661438,0.35
5120,True,exact,0.7,C) Raleigh,Raleigh,0.5454545454545454,0.75,0.42857142857142855,4,7,3,3,0.45997434854507446,0.7867209911346436,0.35
5121,True,exact,0.7,C) South America,South America,0.4615384615384615,1.0,0.3,3,10,3,3,0.5331346392631531,0.8817919492721558,0.35
5122,True,exact,0.7,B) palm leaf,palm leaf,0.5,1.0,0.3333333333333333,4,12,4,4,0.5221239328384399,1.0000003576278687,0.35
5123,True,exact,1.0,Massachusetts,Massachusetts,0.7499999999999999,1.0,0.6,3,5,3,3,0.4590704143047333,0.6699431538581848,0.35
5124,False,exact,1.0,climate,weather,0.375,1.0,0.23076923076923078,3,13,3,3,0.31425362825393677,0.7460805773735046,0.35
5125,True,exact,0.7,B) common carp,common carp,0.33333333333333337,1.0,0.2,2,10,2,2,0.5507140159606934,0.9204252362251282,0.35
5126,True,exact,1.0,a liquid,a liquid,0.6,1.0,0.42857142857142855,3,7,3,3,0.3226342797279358,0.6077026724815369,0.35
5127,False,exact,0.3,A) Omaha,St. Louis,0.0,0.0,0.0,6,1,0,0,0.14815986156463623,0.2016718089580536,0.35
5128,True,exact,1.0,Do the insides of white boxes get hotter than the insides of black boxes when the boxes are left in the sun?,Do the insides of white boxes get hotter than the insides of black boxes when the boxes are left in the sun?,0.5882352941176471,1.0,0.4166666666666667,5,12,5,5,0.44840624928474426,0.7097505927085876,0.35
5129,True,exact,1.0,soft,soft,0.4,0.6,0.3,5,10,3,3,0.24571242928504944,0.7700897455215454,0.35
5130,True,exact,0.7,D) Oklahoma City,Oklahoma City,0.6666666666666666,1.0,0.5,3,6,3,3,0.5412151217460632,0.8574942350387573,0.35
5131,True,exact,0.7,C) the Federated States of Micronesia,the Federated States of Micronesia,0.5454545454545454,1.0,0.375,3,8,3,3,0.4213937819004059,0.8065494894981384,0.35
5132,True,exact,0.7,A) koala,koala,0.39999999999999997,0.75,0.2727272727272727,4,11,3,3,0.3871282637119293,0.7815582752227783,0.35
5133,True,exact,0.7,ethos,ethos (character),0.5454545454545454,0.75,0.42857142857142855,4,7,3,3,0.23919841647148132,0.6250966787338257,0.35
5134,False,exact,0.3,the surroundings . . . each battery,each battery . . . the surroundings,0.625,1.0,0.45454545454545453,5,11,5,5,0.4941726624965668,0.7856977581977844,0.35
5135,True,exact,1.0,a compound,a compound,0.5714285714285715,1.0,0.4,4,10,4,4,0.4985225796699524,0.8846172094345093,0.35
5136,True,exact,1.0,sticky,sticky,0.14285714285714288,0.3333333333333333,0.09090909090909091,3,11,1,1,0.28016161918640137,0.6241068243980408,0.35
5137,True,yes_no,1.0,false,false,0.30769230769230765,0.5,0.2222222222222222,4,9,2,2,0.3064897656440735,0.6887709498405457,0.35
5138,True,exact,0.7,A) Springfield,Springfield,0.888888888888889,1.0,0.8,4,5,4,4,0.49660181999206543,0.8619390726089478,0.35
5139,True,exact,0.7,B) sample A,sample A,0.47058823529411764,1.0,0.3076923076923077,4,13,4,4,0.45295313000679016,0.8481951951980591,0.35
5140,True,numeric_exact,1.0,B) 0/4,0/4,0.4444444444444445,1.0,0.2857142857142857,4,14,4,4,0.3475525677204132,0.6669766306877136,0.35
5141,False,exact,1.0,attract,repel,0.5,1.0,0.3333333333333333,4,12,4,4,0.483084112405777,0.8111101984977722,0.35
5142,True,exact,1.0,Does Justine's snowboard slide down a hill in less time when it has a layer of wax or when it does not have a layer of wax?,Does Justine's snowboard slide down a hill in less time when it has a layer of wax or when it does not have a layer of wax?,0.4444444444444445,1.0,0.2857142857142857,4,14,4,4,0.3274643123149872,0.8541976809501648,0.35
5143,True,exact,0.7,D) Salt Lake City,Salt Lake City,0.6,1.0,0.42857142857142855,3,7,3,3,0.49862638115882874,0.8635230660438538,0.35
5144,True,exact,0.7,D) Des Moines,Des Moines,0.5454545454545454,0.75,0.42857142857142855,4,7,3,3,0.38238534331321716,0.8485925197601318,0.35
5145,True,exact,0.7,C) New Jersey,New Jersey,0.4,1.0,0.25,3,12,3,3,0.4190140962600708,0.8543213605880737,0.35
5146,True,exact,0.7,C) Precipitation does not change much from month to month in Atlanta.,Precipitation does not change much from month to month in Atlanta.,0.5882352941176471,1.0,0.4166666666666667,5,12,5,5,0.5319073796272278,0.850348174571991,0.35
5147,True,exact,0.7,A) Charleston,Charleston,0.26666666666666666,0.6666666666666666,0.16666666666666666,3,12,2,2,0.26531004905700684,0.48845645785331726,0.35
5148,True,exact,1.0,weather,weather,0.36363636363636365,0.6666666666666666,0.25,3,8,2,2,0.2508014738559723,0.5407494306564331,0.35
5149,False,numeric_mismatch,0.0,The magnitude of the magnetic force is greater in Pair 1.,The magnitude of the magnetic force is greater in Pair 2.,0.5333333333333333,1.0,0.36363636363636365,4,11,4,4,0.515188455581665,0.8655514121055603,0.35
5150,False,yes_no,1.0,false,true,0.7499999999999999,1.0,0.6,6,10,6,6,0.5046581029891968,0.7756616473197937,0.35
5151,False,exact,1.0,attract,repel,0.4444444444444444,0.6666666666666666,0.3333333333333333,3,6,2,2,0.3988001346588135,0.6564714312553406,0.35
5152,False,exact,0.3,C) Carrie can trade her almonds for Rob's tomatoes.,Rob can trade his tomatoes for Carrie's broccoli.,0.5555555555555556,1.0,0.38461538461538464,5,13,5,5,0.42095085978507996,0.8219714760780334,0.35
5153,True,numeric_exact,1.0,B) PCl5,PCl5,0.6666666666666666,1.0,0.5,5,10,5,5,0.40246883034706116,0.8743669986724854,0.35
5154,True,numeric_exact,1.0,A) 30°C,30°C,0.6666666666666666,1.0,0.5,4,8,4,4,0.4168103337287903,0.8185371160507202,0.35
5155,True,exact,0.7,A) Juneau,Juneau,0.6153846153846153,1.0,0.4444444444444444,4,9,4,4,0.382024884223938,0.9133537411689758,0.35
5156,True,exact,0.7,C) Pierre,Pierre,0.33333333333333337,1.0,0.2,3,15,3,3,0.4101558327674866,0.8359070420265198,0.35
5157,True,exact,0.7,C) Boise,Boise,0.6,1.0,0.42857142857142855,3,7,3,3,0.4241446852684021,0.8682673573493958,0.35
5158,True,exact,1.0,a gas,a gas,0.6666666666666666,1.0,0.5,4,8,4,4,0.41285574436187744,0.8029011487960815,0.35
5159,True,exact,0.7,B) Hermann's tortoise,Hermann's tortoise,0.47058823529411764,1.0,0.3076923076923077,4,13,4,4,0.4042830467224121,0.8350680470466614,0.35
5160,True,exact,1.0,manta ray,manta ray,0.5714285714285715,1.0,0.4,4,10,4,4,0.4645153880119324,0.7997830510139465,0.35
5161,True,exact,1.0,shiny,shiny,0.25,0.6666666666666666,0.15384615384615385,3,13,2,2,0.3009978234767914,0.7850169539451599,0.35
5162,True,exact,1.0,Do cardinals visit feeders containing sunflower seeds more often than feeders containing flax seeds?,Do cardinals visit feeders containing sunflower seeds more often than feeders containing flax seeds?,0.6666666666666666,1.0,0.5,4,8,4,4,0.4687332808971405,0.773038923740387,0.35
5163,True,yes_no,1.0,false,false,0.39999999999999997,0.75,0.2727272727272727,4,11,3,3,0.4009556770324707,0.7587980628013611,0.35
5164,False,numeric_mismatch,0.0,D) 4:0,0:4,0.6666666666666666,1.0,0.5,5,10,5,5,0.4493612051010132,0.7736015915870667,0.35
5165,True,exact,1.0,Do radishes grown under bright light get bigger than radishes grown under dim light?,Do radishes grown under bright light get bigger than radishes grown under dim light?,0.47058823529411764,1.0,0.3076923076923077,4,13,4,4,0.3749265670776367,0.7971459031105042,0.35
5166,False,numeric_mismatch,0.0,B) The magnitude of the magnetic force is smaller in Pair 2.,The magnitude of the magnetic force is smaller in Pair 1.,0.6,1.0,0.42857142857142855,3,7,3,3,0.5681401491165161,0.821650505065918,0.35
5167,False,exact,0.3,C) Vanuatu,Fiji,0.4615384615384615,1.0,0.3,3,10,3,3,0.36862289905548096,0.9720235466957092,0.35
5168,True,exact,0.7,D) Cheyenne,Cheyenne,0.47058823529411764,1.0,0.3076923076923077,4,13,4,4,0.333514541387558,0.7784779071807861,0.35
5169,True,exact,0.7,C) New York City,New York City,0.6666666666666666,1.0,0.5,3,6,3,3,0.4267085790634155,0.8126286864280701,0.35
5170,True,exact,0.7,D) Sally can trade her tomatoes for Chloe's broccoli.,Sally can trade her tomatoes for Chloe's broccoli.,0.39999999999999997,0.75,0.2727272727272727,4,11,3,3,0.19867517054080963,0.5513794422149658,0.35
5171,True,exact,0.7,A) Carson City,Carson City,0.6666666666666666,1.0,0.5,3,6,3,3,0.4535437822341919,0.8037821650505066,0.35
5172,False,exact,1.0,weather,climate,0.42857142857142855,1.0,0.2727272727272727,3,11,3,3,0.3420003652572632,0.6022087335586548,0.35
5173,True,exact,0.7,C) Ambystoma opacum,Ambystoma opacum,0.5,1.0,0.3333333333333333,4,12,4,4,0.4718434512615204,0.8179548978805542,0.35
5174,True,exact,0.7,B) red-spotted newt,red-spotted newt,0.5333333333333333,1.0,0.36363636363636365,4,11,4,4,0.5167173147201538,0.766787588596344,0.35
5175,True,exact,1.0,attract,attract,0.35294117647058826,1.0,0.21428571428571427,3,14,3,3,0.4535210430622101,0.7856255769729614,0.35
5176,True,exact,0.7,B) box turtle,box turtle,0.7142857142857143,1.0,0.5555555555555556,5,9,5,5,0.3916190564632416,0.6646610498428345,0.35
5177,True,exact,0.7,C) Concord,Concord,0.375,0.75,0.25,4,12,3,3,0.3096482753753662,0.8007814288139343,0.35
5178,True,exact,1.0,shiny,shiny,0.6666666666666665,0.75,0.6,4,5,3,3,0.2616703510284424,0.5207690596580505,0.35
5179,False,numeric_mismatch,0.0,C) The magnetic force is stronger in Pair 2.,The magnetic force is stronger in Pair 1.,0.6153846153846154,0.8,0.5,5,8,4,4,0.44095486402511597,0.7700191736221313,0.35
5180,True,exact,0.7,C) Sacramento,Sacramento,0.30769230769230765,0.6666666666666666,0.2,3,10,2,2,0.3409128487110138,0.8174003958702087,0.35
5181,False,exact,1.0,weather,climate,0.4444444444444444,0.6666666666666666,0.3333333333333333,3,6,2,2,0.24732838571071625,0.48793914914131165,0.35
5182,True,exact,0.7,A) Augusta,Augusta,0.6666666666666666,1.0,0.5,3,6,3,3,0.48516470193862915,0.9291372299194336,0.35
5183,True,exact,0.7,C) Des Moines,Des Moines,0.6666666666666665,0.75,0.6,4,5,3,3,0.4000042974948883,0.8998302221298218,0.35
5184,True,exact,0.7,D) Indianapolis,Indianapolis,0.5,1.0,0.3333333333333333,3,9,3,3,0.4820401668548584,0.8221698999404907,0.35
5185,True,exact,0.7,A) mandarinfish,mandarinfish,0.5714285714285715,1.0,0.4,4,10,4,4,0.4183740019798279,0.6936426162719727,0.35
5186,True,exact,0.7,A) Lynx canadensis,Lynx canadensis,0.7142857142857143,1.0,0.5555555555555556,5,9,5,5,0.5744554996490479,0.974562406539917,0.35
5187,True,exact,0.7,C) the library,the library,0.42857142857142855,1.0,0.2727272727272727,3,11,3,3,0.27120453119277954,0.7535799145698547,0.35
5188,True,exact,1.0,It has land that is covered in water during most of the year. It also has other water ecosystems nearby.,It has land that is covered in water during most of the year. It also has other water ecosystems nearby.,0.6,1.0,0.42857142857142855,3,7,3,3,0.4184359610080719,0.7812091708183289,0.35
5189,True,exact,1.0,The strength of the magnetic force is the same in both pairs.,The strength of the magnetic force is the same in both pairs.,0.4444444444444445,1.0,0.2857142857142857,4,14,4,4,0.5046710968017578,0.7811692953109741,0.35
5190,True,exact,1.0,sedimentary,sedimentary,0.33333333333333337,1.0,0.2,3,15,3,3,0.6340001225471497,0.9010486602783203,0.35
5191,False,exact,0.3,to the right than to the left,to the left than to the right,0.375,1.0,0.23076923076923078,3,13,3,3,0.5383222699165344,0.8450954556465149,0.35
5192,False,exact,1.0,weather,climate,0.47058823529411764,1.0,0.3076923076923077,4,13,4,4,0.33220383524894714,0.6882296204566956,0.35
5193,True,exact,0.7,C) Springfield,Springfield,0.6666666666666666,1.0,0.5,4,8,4,4,0.3940219283103943,0.8749892711639404,0.35
5194,True,exact,1.0,brown-throated sloth,brown-throated sloth,0.5,1.0,0.3333333333333333,3,9,3,3,0.4860171675682068,0.6825171709060669,0.35
5195,True,exact,1.0,which design would have the greatest distance between the concert area and the road,which design would have the greatest distance between the concert area and the road,0.5000000000000001,0.8,0.36363636363636365,5,11,4,4,0.2811891734600067,0.8185020685195923,0.35
5196,True,exact,1.0,stretchy,stretchy,0.3157894736842105,1.0,0.1875,3,16,3,3,0.21267814934253693,0.5816166996955872,0.35
5197,False,exact,0.3,A) Heteropoda david Bowie,Heteropoda davidbowie,0.888888888888889,1.0,0.8,4,5,4,4,0.32424992322921753,0.7272907495498657,0.35
5198,False,numeric_mismatch,0.0,B) 3:1,4:0,0.4615384615384615,1.0,0.3,3,10,3,3,0.421411395072937,0.7640769481658936,0.35
5199,True,exact,1.0,four legs,four legs,0.42857142857142855,1.0,0.2727272727272727,3,11,3,3,0.4658440947532654,0.8008647561073303,0.35
5200,True,exact,1.0,cardboard,cardboard,0.5454545454545454,1.0,0.375,3,8,3,3,0.48441460728645325,0.8801780939102173,0.35
5201,True,exact,0.7,B) Arctic fox,Arctic fox,0.5263157894736842,1.0,0.35714285714285715,5,14,5,5,0.4393019676208496,0.7998170852661133,0.35
5202,True,exact,0.7,A) New Jersey,New Jersey,0.42857142857142855,1.0,0.2727272727272727,3,11,3,3,0.5272579789161682,0.6564978957176208,0.35
5203,True,exact,1.0,smooth,smooth,0.25,0.5,0.16666666666666666,4,12,2,2,0.22573505342006683,0.6409317851066589,0.35
5204,False,numeric_mismatch,0.0,C) The magnitude of the magnetic force is greater in Pair 2.,The magnitude of the magnetic force is greater in Pair 1.,0.6666666666666666,1.0,0.5,5,10,5,5,0.518528401851654,0.835412323474884,0.35
5205,True,exact,0.7,C) Ardea purpurea,Ardea purpurea,0.7142857142857143,1.0,0.5555555555555556,5,9,5,5,0.48432251811027527,0.9621683359146118,0.35
5206,True,exact,0.7,B) Rosa can trade her tomatoes for Isabella's broccoli.,Rosa can trade her tomatoes for Isabella's broccoli.,0.8333333333333333,1.0,0.7142857142857143,5,7,5,5,0.523875892162323,0.9036453366279602,0.35
5207,True,exact,0.7,C) Honolulu,Honolulu,0.46153846153846156,0.75,0.3333333333333333,4,9,3,3,0.3789626955986023,0.8006492853164673,0.35
5208,True,exact,1.0,It's too far away.,It's too far away.,0.5000000000000001,0.8,0.36363636363636365,5,11,4,4,0.3068211078643799,0.6669514775276184,0.35
5209,True,exact,1.0,whether the filter was clogged,whether the filter was clogged,0.4615384615384615,1.0,0.3,3,10,3,3,0.4200446307659149,0.6092984676361084,0.35
5210,False,exact,0.3,the surroundings . . . each aquarium,each aquarium . . . the surroundings,0.4444444444444445,1.0,0.2857142857142857,4,14,4,4,0.555622935295105,0.863713264465332,0.35
5211,True,exact,1.0,concrete,concrete,0.375,0.75,0.25,4,12,3,3,0.418230265378952,0.8806570768356323,0.35
5212,True,exact,0.7,A) Boise,Boise,0.4,0.6666666666666666,0.2857142857142857,3,7,2,2,0.35483551025390625,0.8709899187088013,0.35
5213,True,exact,0.7,B) Lonicera maackii,Lonicera maackii,0.6153846153846153,1.0,0.4444444444444444,4,9,4,4,0.48962417244911194,0.9458145499229431,0.35
5214,True,exact,1.0,push,push,0.4615384615384615,1.0,0.3,3,10,3,3,0.4258536398410797,0.7030364274978638,0.35
5215,True,exact,0.7,A) Eurasian lynx,Eurasian lynx,0.6666666666666666,1.0,0.5,4,8,4,4,0.42103803157806396,0.8836979269981384,0.35
5216,False,numeric_mismatch,0.0,D) 1/4,0/4,0.4285714285714285,0.75,0.3,4,10,3,3,0.29543858766555786,0.6120652556419373,0.35
5217,True,exact,1.0,European robin,European robin,0.35294117647058826,1.0,0.21428571428571427,3,14,3,3,0.5555456876754761,0.9379420876502991,0.35
5218,False,yes_no,1.0,true,false,0.7692307692307693,1.0,0.625,5,8,5,5,0.5749081373214722,0.9603884220123291,0.35
5219,False,exact,0.3,B) Solution B,neither; their concentrations are the same,0.4615384615384615,1.0,0.3,3,10,3,3,0.58846515417099,0.8985152840614319,0.35
5220,True,exact,0.7,B) lar gibbon,lar gibbon,0.38095238095238093,0.8,0.25,5,16,4,4,0.3740665316581726,0.826798677444458,0.35
5221,True,exact,1.0,Solution A,Solution A,0.42857142857142855,1.0,0.2727272727272727,3,11,3,3,0.5154277086257935,0.9367525577545166,0.35
5222,False,exact,0.3,A) Tuvalu,Fiji,0.6153846153846153,1.0,0.4444444444444444,4,9,4,4,0.40636464953422546,0.9720237255096436,0.35
5223,False,exact,0.3,Tracy can trade her tomatoes for Sandeep's broccoli.,Sandeep can trade his tomatoes for Tracy's broccoli.,0.4444444444444444,0.5714285714285714,0.36363636363636365,7,11,4,4,0.2719704210758209,0.577191174030304,0.35
5224,True,exact,0.7,C) horned frog,horned frog,0.5454545454545454,1.0,0.375,3,8,3,3,0.42357906699180603,0.7350276112556458,0.35
5225,True,exact,0.7,B) emerald tree boa,emerald tree boa,0.5333333333333333,1.0,0.36363636363636365,4,11,4,4,0.37986084818840027,0.9005573391914368,0.35
5226,True,exact,0.7,C) Ardea cocoi,Ardea cocoi,0.6,1.0,0.42857142857142855,3,7,3,3,0.5223584175109863,0.889214277267456,0.35
5227,False,exact,0.3,if the blade guards would break in a crash,if adding the blade guards made the drone fly poorly,0.33333333333333337,1.0,0.2,3,15,3,3,0.40260666608810425,0.8607998490333557,0.35
5228,False,exact,0.3,the surroundings . . . each pizza,each pizza . . . the surroundings,0.6153846153846154,0.8,0.5,5,8,4,4,0.5020627975463867,0.840034008026123,0.35
5229,False,numeric_mismatch,0.0,B) The magnetic force is stronger in Pair 2.,The magnetic force is stronger in Pair 1.,0.5,1.0,0.3333333333333333,3,9,3,3,0.5850627422332764,0.8868693709373474,0.35
5230,True,exact,0.7,D) Grenada,Grenada,0.9090909090909091,1.0,0.8333333333333334,5,6,5,5,0.4738749861717224,0.8491596579551697,0.35
5231,True,exact,0.7,A) Saint Paul,Saint Paul,0.4,0.25,1.0,4,1,1,1,0.4995620846748352,0.5482014417648315,0.35
5232,True,exact,0.7,A) groundhog,groundhog,0.5000000000000001,0.8,0.36363636363636365,5,11,4,4,0.4113425314426422,0.7565873265266418,0.35
5233,True,exact,1.0,Do the insides of white boxes get hotter than the insides of black boxes when the boxes are left in the sun?,Do the insides of white boxes get hotter than the insides of black boxes when the boxes are left in the sun?,0.5,1.0,0.3333333333333333,4,12,4,4,0.4641723930835724,0.7604097127914429,0.35
5234,True,exact,1.0,the change in weight for each plant,the change in weight for each plant,0.3,0.75,0.1875,4,16,3,3,0.2915741205215454,0.8073525428771973,0.35
5235,True,exact,1.0,a compound,a compound,0.4,1.0,0.25,3,12,3,3,0.5525338649749756,0.885891854763031,0.35
5236,True,numeric_exact,1.0,A) 2/4,2/4,0.5,1.0,0.3333333333333333,4,12,4,4,0.4317587912082672,0.7956439256668091,0.35
5237,True,exact,1.0,Africa,Africa,0.42857142857142855,1.0,0.2727272727272727,3,11,3,3,0.45640337467193604,0.8423377275466919,0.35
5238,True,exact,1.0,a solid,a solid,0.4615384615384615,1.0,0.3,3,10,3,3,0.37121695280075073,0.7154965400695801,0.35
5239,True,exact,0.7,D) Nauru,Nauru,0.6666666666666666,1.0,0.5,5,10,5,5,0.47172287106513977,0.8553050756454468,0.35
5240,True,exact,0.7,B) convergent,convergent,0.625,1.0,0.45454545454545453,5,11,5,5,0.4558985233306885,0.957014262676239,0.35
5241,True,exact,0.7,B) Montpelier,Montpelier,0.7272727272727273,1.0,0.5714285714285714,4,7,4,4,0.4258325695991516,0.7936164140701294,0.35
5242,True,exact,0.7,A) brahminy kite,brahminy kite,0.5000000000000001,0.8,0.36363636363636365,5,11,4,4,0.38041725754737854,0.9339852333068848,0.35
5243,True,exact,0.7,B) Connecticut,Connecticut,0.6,1.0,0.42857142857142855,3,7,3,3,0.38382765650749207,0.5646968483924866,0.35
5244,True,exact,0.7,D) North Dakota,North Dakota,0.5454545454545454,1.0,0.375,3,8,3,3,0.3683139383792877,0.7755101323127747,0.35
5245,False,numeric_mismatch,0.0,B) The magnitude of the magnetic force is greater in Pair 1.,The magnitude of the magnetic force is greater in Pair 2.,0.6666666666666666,1.0,0.5,3,6,3,3,0.5105228424072266,0.9176709651947021,0.35
5246,False,exact,0.3,D) the Atlantic Ocean,the Arctic Ocean,0.42857142857142855,1.0,0.2727272727272727,3,11,3,3,0.45197221636772156,0.7120164036750793,0.35
5247,False,exact,0.3,C) Lucia can trade her almonds for Ernesto's tomatoes.,Ernesto can trade his tomatoes for Lucia's broccoli.,0.6666666666666666,1.0,0.5,4,8,4,4,0.43552833795547485,0.949325442314148,0.35
5248,True,exact,0.7,C) Carson City,Carson City,0.4615384615384615,1.0,0.3,3,10,3,3,0.4034139811992645,0.8325732350349426,0.35
5249,True,exact,1.0,a mature fern,a mature fern,0.4,1.0,0.25,2,8,2,2,0.4960634112358093,0.7731053233146667,0.35
5250,True,exact,0.7,C) plainfin midshipman,plainfin midshipman,0.4444444444444445,1.0,0.2857142857142857,4,14,4,4,0.39360707998275757,0.8847008943557739,0.35
5251,True,exact,0.7,A) Denver,Denver,0.4615384615384615,1.0,0.3,3,10,3,3,0.48461419343948364,0.9207937121391296,0.35
5252,True,exact,1.0,attract,attract,0.6666666666666666,1.0,0.5,3,6,3,3,0.47346556186676025,0.8632446527481079,0.35
5253,True,exact,1.0,the Dominican Republic,the Dominican Republic,0.42857142857142855,1.0,0.2727272727272727,3,11,3,3,0.39449557662010193,0.8231872320175171,0.35
5254,True,exact,1.0,a solid,a solid,0.4285714285714285,0.75,0.3,4,10,3,3,0.34492751955986023,0.8080101609230042,0.35
5255,True,exact,0.7,B) North America,North America,0.4615384615384615,1.0,0.3,3,10,3,3,0.508760392665863,0.7922815084457397,0.35
5256,True,exact,1.0,Nolan can trade his tomatoes for Dalton's broccoli.,Nolan can trade his tomatoes for Dalton's broccoli.,0.7499999999999999,1.0,0.6,6,10,6,6,0.5198338627815247,0.9876850843429565,0.35
5257,True,exact,0.7,B) Boise,Boise,0.6666666666666666,1.0,0.5,3,6,3,3,0.4449648857116699,0.8037134408950806,0.35
5258,False,exact,0.3,D) Saint Vincent and the Grenadines,Saint Lucia,0.5714285714285715,1.0,0.4,4,10,4,4,0.46854686737060547,0.7641376256942749,0.35
5259,False,exact,0.3,C) kelp bass,phytoplankton,0.375,1.0,0.23076923076923078,3,13,3,3,0.5495471358299255,0.8265880942344666,0.35
5260,True,exact,1.0,a tail fin,a tail fin,0.33333333333333337,1.0,0.2,3,15,3,3,0.37765175104141235,0.8138824105262756,0.35
5261,True,exact,0.7,B) bendable,bendable,0.30769230769230765,0.6666666666666666,0.2,3,10,2,2,0.34129804372787476,0.835387110710144,0.35
5262,True,numeric_exact,1.0,Do ping pong balls travel farther when launched from a 30° angle compared to a 45° angle?,Do ping pong balls travel farther when launched from a 30° angle compared to a 45° angle?,0.47058823529411764,1.0,0.3076923076923077,4,13,4,4,0.38705411553382874,0.7130696177482605,0.35
5263,True,numeric_exact,1.0,B) The magnetic force is stronger in Pair 1.,The magnetic force is stronger in Pair 1.,0.5,1.0,0.3333333333333333,3,9,3,3,0.5702695846557617,0.9018456935882568,0.35
5264,True,exact,0.7,B) European river otter,European river otter,0.5,1.0,0.3333333333333333,3,9,3,3,0.5963519811630249,0.9162800312042236,0.35
5265,True,exact,0.7,B) bendable,bendable,0.15384615384615383,0.3333333333333333,0.1,3,10,1,1,0.15146762132644653,0.44123053550720215,0.35
5266,False,numeric_mismatch,0.0,The magnitude of the magnetic force is smaller in Pair 2.,The magnitude of the magnetic force is smaller in Pair 1.,0.8,1.0,0.6666666666666666,4,6,4,4,0.5959610342979431,0.8945102095603943,0.35
5267,True,exact,0.7,C) Harrisburg,Harrisburg,0.5,0.6666666666666666,0.4,3,5,2,2,0.3124470114707947,0.7401706576347351,0.35
5268,True,exact,1.0,It makes its own food.,It makes its own food.,0.5714285714285715,1.0,0.4,4,10,4,4,0.48769456148147583,0.8730140924453735,0.35
5269,True,exact,0.7,A) Richmond,Richmond,0.4,0.6666666666666666,0.2857142857142857,3,7,2,2,0.2889799177646637,0.7415686249732971,0.35
5270,True,exact,0.7,A) sample B,sample B,0.7272727272727273,1.0,0.5714285714285714,4,7,4,4,0.46838751435279846,0.9638956189155579,0.35
5271,True,exact,0.7,A) Phoenix,Phoenix,0.6666666666666666,1.0,0.5,3,6,3,3,0.4043234884738922,0.7747191786766052,0.35
5272,True,exact,0.7,B) sample B,sample B,0.6,1.0,0.42857142857142855,6,14,6,6,0.4364524483680725,0.9230467677116394,0.35
5273,True,exact,1.0,oxygen,oxygen,0.4615384615384615,1.0,0.3,3,10,3,3,0.4045408368110657,0.7143126726150513,0.35
5274,True,exact,0.7,B) sea eagle,sea eagle,0.6153846153846153,1.0,0.4444444444444444,4,9,4,4,0.40580078959465027,0.6867212653160095,0.35
5275,True,exact,0.7,A) sample A,sample A,0.625,0.8333333333333334,0.5,6,10,5,5,0.4316115975379944,0.8731902837753296,0.35
5276,True,exact,0.7,D. Tasmanian devil,Tasmanian devil,0.47058823529411764,0.8,0.3333333333333333,5,12,4,4,0.3210143446922302,0.8572275042533875,0.35
5277,False,exact,0.3,C) Adele can trade her almonds for Clare's tomatoes.,Clare can trade her tomatoes for Adele's broccoli.,0.5333333333333333,1.0,0.36363636363636365,4,11,4,4,0.3695856034755707,0.7716599702835083,0.35
5278,True,exact,1.0,Asia,Asia,0.6,1.0,0.42857142857142855,3,7,3,3,0.5346114635467529,0.7693358659744263,0.35
5279,False,exact,0.3,B) New Hampshire,Massachusetts,0.0,0.0,0.0,3,8,0,0,0.1981244832277298,0.34147822856903076,0.35
5280,True,exact,0.7,D) Madison,Madison,0.6666666666666666,1.0,0.5,3,6,3,3,0.5272042155265808,0.8196698427200317,0.35
5281,False,exact,0.3,water rail,European beaver,0.3529411764705882,0.75,0.23076923076923078,4,13,3,3,0.5076303482055664,0.8730336427688599,0.35
5282,True,exact,0.7,C) Denver,Denver,0.5454545454545454,1.0,0.375,3,8,3,3,0.5205085277557373,0.7841081023216248,0.35
5283,True,exact,0.7,C) South America,South America,0.6,1.0,0.42857142857142855,3,7,3,3,0.4491793215274811,0.6834848523139954,0.35
5284,True,exact,1.0,Africa,Africa,0.3157894736842105,1.0,0.1875,3,16,3,3,0.49798524379730225,0.7387778759002686,0.35
5285,True,exact,0.7,D) Annapolis,Annapolis,0.4,0.6666666666666666,0.2857142857142857,3,7,2,2,0.35619932413101196,0.763054609298706,0.35
5286,True,exact,0.7,B) red-shanked douc,red-shanked douc,0.625,1.0,0.45454545454545453,5,11,5,5,0.40837332606315613,0.8692114353179932,0.35
5287,False,numeric_mismatch,0.0,B) 0/4,2/4,0.5555555555555556,1.0,0.38461538461538464,5,13,5,5,0.30892571806907654,0.7634755969047546,0.35
5288,True,exact,0.7,A) Solution A,Solution A,0.6,1.0,0.42857142857142855,3,7,3,3,0.6045284271240234,0.9981828331947327,0.35
5289,True,exact,0.7,B) Santa Fe,Santa Fe,0.6,0.75,0.5,4,6,3,3,0.24496205151081085,0.9521697163581848,0.35
5290,True,exact,0.7,C) Africa,Africa,0.375,1.0,0.23076923076923078,3,13,3,3,0.516826868057251,0.8855730295181274,0.35
5291,True,exact,0.7,A) Haiti,Haiti,0.5454545454545454,1.0,0.375,3,8,3,3,0.4270961284637451,0.7417759299278259,0.35
5292,True,exact,0.7,A) Pennsylvania,Pennsylvania,0.42857142857142855,1.0,0.2727272727272727,3,11,3,3,0.40764498710632324,0.8881388902664185,0.35
5293,False,exact,0.3,B) It has daily flooding and draining of seawater. It also has water that is poor in nutrients.,It has daily flooding and draining of seawater. It also has water that is rich in nutrients.,0.6666666666666666,1.0,0.5,4,8,4,4,0.38106492161750793,0.7586457133293152,0.35
5294,True,exact,0.7,D) Boise,Boise,0.5,1.0,0.3333333333333333,3,9,3,3,0.4989912807941437,0.8529807329177856,0.35
5295,False,exact,1.0,turtle,nautilus,0.4285714285714285,0.75,0.3,4,10,3,3,0.4250687062740326,0.7293115258216858,0.35
5296,True,exact,1.0,weather,weather,0.42857142857142855,1.0,0.2727272727272727,3,11,3,3,0.36331304907798767,0.6567696332931519,0.35
5297,False,exact,0.3,C) Nauru,Samoa,0.5,1.0,0.3333333333333333,3,9,3,3,0.4157266914844513,0.8427388072013855,0.35
5298,False,exact,1.0,weather,climate,0.25,0.5,0.16666666666666666,4,12,2,2,0.24650387465953827,0.7510166168212891,0.35
5299,True,numeric_exact,1.0,B) how steady a parachute with a 1 m vent was at 200 km per hour,how steady a parachute with a 1 m vent was at 200 km per hour,0.5000000000000001,0.8,0.36363636363636365,5,11,4,4,0.2915894389152527,0.6727506518363953,0.35
5300,True,exact,1.0,It has land that is covered with water during most of the year. It also has other water ecosystems nearby.,It has land that is covered with water during most of the year. It also has other water ecosystems nearby.,0.5333333333333333,1.0,0.36363636363636365,4,11,4,4,0.3530392646789551,0.7061007618904114,0.35
5301,True,exact,1.0,great egret,great egret,0.5,1.0,0.3333333333333333,3,9,3,3,0.6374138593673706,0.8564887046813965,0.35
5302,True,exact,1.0,a gas,a gas,0.6,1.0,0.42857142857142855,3,7,3,3,0.34479576349258423,0.6201921701431274,0.35
5303,True,exact,0.7,C) to talk to people,to talk to people,0.5714285714285715,1.0,0.4,4,10,4,4,0.5541409254074097,0.8959195613861084,0.35
5304,False,yes_no,1.0,yes,no,0.6666666666666666,1.0,0.5,3,6,3,3,0.4579102098941803,0.8758245706558228,0.35
5305,True,exact,0.7,B) stretchy,stretchy,0.36363636363636365,0.6666666666666666,0.25,3,8,2,2,0.25625208020210266,0.5178102850914001,0.35
5306,True,exact,1.0,metal,metal,0.5454545454545454,1.0,0.375,3,8,3,3,0.32828304171562195,0.7322771549224854,0.35
5307,True,exact,0.7,D) Pennsylvania,Pennsylvania,0.35294117647058826,1.0,0.21428571428571427,3,14,3,3,0.37527427077293396,0.6851497888565063,0.35
5308,True,exact,0.7,A) Solomon Islands,Solomon Islands,0.4615384615384615,1.0,0.3,3,10,3,3,0.4381508231163025,0.8825240135192871,0.35
5309,True,exact,0.7,B) Solomon Islands,Solomon Islands,0.4,1.0,0.25,3,12,3,3,0.43589216470718384,0.8140811324119568,0.35
5310,True,numeric_exact,1.0,B) The magnitude of the magnetic force is smaller in Pair 2.,The magnitude of the magnetic force is smaller in Pair 2.,0.8,1.0,0.6666666666666666,4,6,4,4,0.5234879851341248,0.835433304309845,0.35
5311,True,exact,0.7,C) the grocery store,the grocery store,0.16666666666666666,0.3333333333333333,0.1111111111111111,3,9,1,1,0.2169586569070816,0.6298592686653137,0.35
5312,True,exact,0.7,D) Boise,Boise,0.4,0.6666666666666666,0.2857142857142857,3,7,2,2,0.25235122442245483,0.7466380000114441,0.35
5313,True,exact,0.7,D) the Federated States of Micronesia,the Federated States of Micronesia,0.7272727272727273,1.0,0.5714285714285714,4,7,4,4,0.3641831576824188,0.7880521416664124,0.35
5314,True,exact,0.7,C) Honolulu,Honolulu,0.5,1.0,0.3333333333333333,3,9,3,3,0.5035893321037292,0.8868625164031982,0.35
5315,True,exact,1.0,sample A,sample A,0.7692307692307693,1.0,0.625,5,8,5,5,0.5076075792312622,0.8877907395362854,0.35
5316,True,exact,1.0,a solid,a solid,0.5,0.75,0.375,4,8,3,3,0.3780671954154968,0.8039830327033997,0.35
5317,False,exact,0.3,C) Tuvalu,Fiji,0.4210526315789474,1.0,0.26666666666666666,4,15,4,4,0.3785973787307739,0.9657625555992126,0.35
5318,True,exact,0.7,B) Phoenix,Phoenix,0.5454545454545454,1.0,0.375,3,8,3,3,0.409230500459671,0.8310568928718567,0.35
5319,True,exact,0.7,C) Topeka,Topeka,0.4,0.5,0.3333333333333333,4,6,2,2,0.37957191467285156,0.9207618832588196,0.35
5320,True,exact,1.0,the surroundings . . . each bottle,the surroundings . . . each bottle,0.5714285714285715,1.0,0.4,6,15,6,6,0.4275055229663849,0.7623617649078369,0.35
5321,True,exact,0.7,B) Shivani can trade her tomatoes for Austin's broccoli.,Shivani can trade her tomatoes for Austin's broccoli.,0.5882352941176471,0.8333333333333334,0.45454545454545453,6,11,5,5,0.3208009898662567,0.7949002981185913,0.35
5322,True,exact,0.7,B) sample B,sample B,0.7142857142857143,1.0,0.5555555555555556,5,9,5,5,0.5201117396354675,0.8346929550170898,0.35
5323,True,exact,1.0,sand martin,sand martin,0.6153846153846153,1.0,0.4444444444444444,4,9,4,4,0.43557044863700867,0.7175222039222717,0.35
5324,True,exact,0.7,C) Asia,Asia,0.42857142857142855,1.0,0.2727272727272727,3,11,3,3,0.5615756511688232,0.8176372647285461,0.35
5325,True,exact,1.0,an elementary substance,an elementary substance,0.37499999999999994,0.6,0.2727272727272727,5,11,3,3,0.3612661063671112,0.849306046962738,0.35
5326,True,exact,0.7,D) Indianapolis,Indianapolis,0.5454545454545454,1.0,0.375,3,8,3,3,0.4624309837818146,0.8103095889091492,0.35
5327,True,exact,0.7,B) Richmond,Richmond,0.5,1.0,0.3333333333333333,3,9,3,3,0.3837968707084656,0.7019539475440979,0.35
5328,False,exact,0.3,A) Solution A,neither; their concentrations are the same,0.4,1.0,0.25,3,12,3,3,0.5850486755371094,0.9193733334541321,0.35
5329,False,numeric_mismatch,0.0,B) The magnitude of the magnetic force is smaller in Pair 1.,The magnitude of the magnetic force is smaller in Pair 2.,0.8,1.0,0.6666666666666666,4,6,4,4,0.5821666121482849,0.8997771739959717,0.35
5330,True,exact,0.7,D) Pennsylvania,Pennsylvania,0.4,1.0,0.25,3,12,3,3,0.4023779630661011,0.7607567310333252,0.35
5331,True,exact,1.0,blue,blue,0.11111111111111112,0.25,0.07142857142857142,4,14,1,1,0.11519984155893326,0.4207078516483307,0.35
5332,True,exact,1.0,Kangaroos eat grass.,Kangaroos eat grass.,0.5882352941176471,1.0,0.4166666666666667,5,12,5,5,0.30333811044692993,0.8761485815048218,0.35
5333,True,exact,1.0,blue,blue,0.30769230769230765,0.5,0.2222222222222222,4,9,2,2,0.29557862877845764,0.7576490640640259,0.35
5334,True,exact,0.7,C) Columbia,Columbia,0.5454545454545454,1.0,0.375,3,8,3,3,0.3806200325489044,0.7545991539955139,0.35
5335,True,exact,0.7,C) Kansas,Kansas,0.5714285714285715,1.0,0.4,4,10,4,4,0.5149868130683899,0.898659348487854,0.35
5336,False,exact,0.3,Atlanta has a rainy season and a dry season.,Precipitation does not change much from month to month in Atlanta.,1.0,1.0,1.0,10,10,10,10,0.47744959592819214,0.8438323140144348,0.35
5337,True,exact,0.7,B) The magnitude of the magnetic force is the same in both pairs.,The magnitude of the magnetic force is the same in both pairs.,0.47058823529411764,1.0,0.3076923076923077,4,13,4,4,0.5539401769638062,0.8169049620628357,0.35
5338,False,exact,0.3,A) Solution B,Solution A,0.5,1.0,0.3333333333333333,3,9,3,3,0.5857632756233215,0.9221493601799011,0.35
5339,True,exact,1.0,Do steel nails take fewer days to rust in water compared to vinegar?,Do steel nails take fewer days to rust in water compared to vinegar?,0.5,1.0,0.3333333333333333,4,12,4,4,0.3875301778316498,0.775178074836731,0.35
5340,True,exact,0.7,B) Springfield,Springfield,0.5333333333333333,1.0,0.36363636363636365,4,11,4,4,0.42568886280059814,0.8619392514228821,0.35
5341,True,numeric_exact,1.0,A) 1,1,0.4615384615384615,1.0,0.3,3,10,3,3,0.5732120275497437,0.8778212666511536,0.35
5342,True,exact,0.7,B) Sacramento,Sacramento,0.36363636363636365,0.6666666666666666,0.25,3,8,2,2,0.32353702187538147,0.7538525462150574,0.35
5343,True,exact,0.7,B) insect,insect,0.5333333333333333,1.0,0.36363636363636365,4,11,4,4,0.4921150207519531,0.9180263876914978,0.35
5344,True,exact,0.7,D) Saint Vincent and the Grenadines,Saint Vincent and the Grenadines,0.8,1.0,0.6666666666666666,4,6,4,4,0.44839635491371155,0.970435619354248,0.35
5345,True,exact,1.0,Arizona,Arizona,0.5454545454545454,1.0,0.375,3,8,3,3,0.4560471773147583,0.8380097150802612,0.35
5346,True,exact,1.0,My city rules itself and is not part of a larger country.,My city rules itself and is not part of a larger country.,0.9333333333333333,1.0,0.875,7,8,7,7,0.4484257102012634,0.9224017262458801,0.35
5347,True,exact,1.0,a solid,a solid,0.5333333333333333,1.0,0.36363636363636365,4,11,4,4,0.45072051882743835,0.9526206254959106,0.35
5348,True,exact,0.7,D) Raleigh,Raleigh,0.5,1.0,0.3333333333333333,3,9,3,3,0.3914041221141815,0.781906247138977,0.35
5349,True,exact,0.7,D) Cheyenne,Cheyenne,0.3333333333333333,0.6666666666666666,0.2222222222222222,3,9,2,2,0.33014166355133057,0.8108834028244019,0.35
5350,True,exact,1.0,push,push,0.5,1.0,0.3333333333333333,2,6,2,2,0.4722398817539215,0.9005461931228638,0.35
5351,True,exact,0.7,D) Krysta can trade her tomatoes for Malik's broccoli.,Krysta can trade her tomatoes for Malik's broccoli.,0.7142857142857143,1.0,0.5555555555555556,5,9,5,5,0.45481178164482117,0.8863697052001953,0.35
5352,True,exact,1.0,"It has long, cold winters. It also has a small amount of rain or snow.","It has long, cold winters. It also has a small amount of rain or snow.",0.888888888888889,1.0,0.8,4,5,4,4,0.43300342559814453,0.726457953453064,0.35
5353,True,exact,0.7,C) the Middle East,the Middle East,0.7272727272727272,0.8,0.6666666666666666,5,6,4,4,0.47060808539390564,0.8570484519004822,0.35
5354,True,exact,1.0,Asia,Asia,0.4,1.0,0.25,3,12,3,3,0.569450855255127,0.9354430437088013,0.35
5355,True,exact,0.7,C) Salem,Salem,0.5,0.75,0.375,4,8,3,3,0.34051257371902466,0.7726922035217285,0.35
5356,False,exact,0.3,They can communicate with many kinds of animals.,They can communicate about specific problems.,0.8,1.0,0.6666666666666666,4,6,4,4,0.4873373508453369,0.7506735324859619,0.35
5357,True,exact,0.7,D) Boston,Boston,0.7272727272727272,0.6666666666666666,0.8,6,5,4,4,0.5158669352531433,0.823746383190155,0.35
5358,False,exact,0.3,Solomon Islands,the Federated States of Micronesia,0.33333333333333337,1.0,0.2,3,15,3,3,0.520758330821991,0.8761200308799744,0.35
5359,False,exact,0.3,D) Louisiana,Georgia,0.5454545454545454,1.0,0.375,3,8,3,3,0.36486974358558655,0.7710922956466675,0.35
5360,True,exact,1.0,soft,soft,0.4285714285714285,0.75,0.3,4,10,3,3,0.2412039339542389,0.5580599904060364,0.35
5361,True,exact,0.7,B) Strix aluco,Strix aluco,0.5714285714285715,1.0,0.4,4,10,4,4,0.46209773421287537,0.8986881971359253,0.35
5362,False,exact,0.3,B) The magnetic force is weaker in Pair 2.,The strength of the magnetic force is the same in both pairs.,0.4210526315789474,1.0,0.26666666666666666,4,15,4,4,0.5105258226394653,0.7602413892745972,0.35
5363,True,exact,0.7,B) ginkgo leaf,ginkgo leaf,0.5,1.0,0.3333333333333333,3,9,3,3,0.5195108652114868,0.929966926574707,0.35
5364,True,exact,1.0,sharpnose-puffer,sharpnose-puffer,0.5,0.4,0.6666666666666666,5,3,2,2,0.36444151401519775,0.6333271265029907,0.35
5365,True,numeric_exact,1.0,B) The magnitude of the magnetic force is greater in Pair 2.,The magnitude of the magnetic force is greater in Pair 2.,0.5555555555555556,1.0,0.38461538461538464,5,13,5,5,0.4287177324295044,0.7533013224601746,0.35
5366,True,exact,0.7,C) It eats a producer.,It eats a producer.,0.4285714285714285,0.75,0.3,4,10,3,3,0.36597031354904175,0.8594769239425659,0.35
5367,True,numeric_exact,1.0,B) The magnitude of the magnetic force is greater in Pair 1.,The magnitude of the magnetic force is greater in Pair 1.,0.6666666666666665,0.75,0.6,4,5,3,3,0.5065944790840149,0.8779194951057434,0.35
5368,False,numeric_mismatch,0.0,B) 2/4,0/4,0.4,1.0,0.25,3,12,3,3,0.3539606034755707,0.8018216490745544,0.35
5369,True,exact,0.7,B) logos (reason),logos (reason),0.0,0.0,0.0,3,8,0,0,0.08979687839746475,0.19611944258213043,0.35
5370,True,yes_no,1.0,yes,yes,0.4615384615384615,1.0,0.3,3,10,3,3,0.4840904176235199,0.7875861525535583,0.35
5371,True,exact,0.7,B) Massachusetts,Massachusetts,0.5,1.0,0.3333333333333333,3,9,3,3,0.504859983921051,0.6254950165748596,0.35
5372,True,exact,0.7,C) Providence,Providence,0.46153846153846156,0.75,0.3333333333333333,4,9,3,3,0.46224600076675415,0.9290744066238403,0.35
5373,True,exact,1.0,the Atlantic Ocean,the Atlantic Ocean,0.47619047619047616,1.0,0.3125,5,16,5,5,0.44926977157592773,0.8630579710006714,0.35
5374,True,yes_no,1.0,no,no,0.6666666666666666,1.0,0.5,3,6,3,3,0.5245406627655029,0.8834678530693054,0.35
5375,True,exact,1.0,weather,weather,0.47058823529411764,1.0,0.3076923076923077,4,13,4,4,0.3546932339668274,0.7470819354057312,0.35
5376,False,exact,0.3,B) Electricity started flowing to the motor when the ride operator flipped the switch.,"The train was stopped, and then it began to move forward and away from the station.",0.3157894736842105,1.0,0.1875,3,16,3,3,0.30742180347442627,0.6646144986152649,0.35
5377,True,exact,1.0,Rick can trade his tomatoes for Felix's broccoli.,Rick can trade his tomatoes for Felix's broccoli.,0.7058823529411764,1.0,0.5454545454545454,6,11,6,6,0.3448832035064697,0.7324677109718323,0.35
5378,False,exact,0.3,B) New Hampshire,Massachusetts,0.42857142857142855,1.0,0.2727272727272727,3,11,3,3,0.6116136908531189,0.8334364891052246,0.35
5379,True,exact,0.7,A) shoebill,shoebill,0.375,0.75,0.25,4,12,3,3,0.42464056611061096,0.770444929599762,0.35
5380,True,exact,0.7,A) Hermann's tortoise,Hermann's tortoise,0.6666666666666666,1.0,0.5,4,8,4,4,0.42413121461868286,0.8133096098899841,0.35
5381,True,exact,1.0,the Dominican Republic,the Dominican Republic,0.5333333333333333,1.0,0.36363636363636365,4,11,4,4,0.4100995361804962,0.8897327184677124,0.35
5382,True,exact,1.0,metal,metal,0.5454545454545454,1.0,0.375,3,8,3,3,0.4611993134021759,0.7715252637863159,0.35
5383,True,exact,0.7,C) Jefferson City,Jefferson City,0.5,1.0,0.3333333333333333,4,12,4,4,0.36023029685020447,0.9231824278831482,0.35
5384,True,exact,1.0,Does Haley's snowboard slide down a hill in less time when it has a layer of wax or when it does not have a layer of wax?,Does Haley's snowboard slide down a hill in less time when it has a layer of wax or when it does not have a layer of wax?,0.3333333333333333,0.6666666666666666,0.2222222222222222,3,9,2,2,0.3129103183746338,0.8093050718307495,0.35
5385,True,exact,1.0,if adding the blade guards made the drone fly poorly,if adding the blade guards made the drone fly poorly,0.5714285714285715,1.0,0.4,4,10,4,4,0.5413049459457397,0.9211731553077698,0.35
5386,True,exact,1.0,wool,wool,0.6666666666666666,1.0,0.5,3,6,3,3,0.47349780797958374,0.7475436925888062,0.35
5387,True,exact,1.0,July,July,0.4210526315789474,1.0,0.26666666666666666,4,15,4,4,0.38386961817741394,0.8936898708343506,0.35
5388,True,exact,0.7,A) sample B,sample B,0.5333333333333333,1.0,0.36363636363636365,4,11,4,4,0.44644343852996826,0.9331982731819153,0.35
5389,True,exact,0.7,A) Pennsylvania,Pennsylvania,0.5454545454545454,1.0,0.375,3,8,3,3,0.5189804434776306,0.7947888374328613,0.35
5390,True,exact,0.7,B) before the war,before the war,0.3529411764705882,0.75,0.23076923076923078,4,13,3,3,0.3945789933204651,0.8088654279708862,0.35
5391,True,exact,0.7,C) Ardea alba,Ardea alba,0.7142857142857143,1.0,0.5555555555555556,5,9,5,5,0.48429107666015625,0.9180087447166443,0.35
5392,True,exact,0.7,A) divergent,divergent,0.46153846153846156,0.75,0.3333333333333333,4,9,3,3,0.42917048931121826,0.7957425713539124,0.35
5393,True,numeric_exact,1.0,around 600 grams,around 600 grams,0.4,1.0,0.25,3,12,3,3,0.45121559500694275,0.9562637209892273,0.35
5394,True,exact,0.7,B) short-tailed weasel,short-tailed weasel,0.6153846153846154,0.8,0.5,5,8,4,4,0.4195931851863861,0.8905883431434631,0.35
5395,True,numeric_exact,1.0,whether a parachute with a 1 m vent would swing too much at 400 km per hour,how steady a parachute with a 1 m vent was at 200 km per hour,0.4210526315789474,1.0,0.26666666666666666,4,15,4,4,0.40622177720069885,0.8240407109260559,0.35
5396,False,exact,1.0,hard,scratchy,0.4,0.25,1.0,4,1,1,1,0.23609159886837006,0.4347493648529053,0.35
5397,True,yes_no,1.0,yes,yes,0.7272727272727273,1.0,0.5714285714285714,4,7,4,4,0.48148205876350403,0.927543580532074,0.35
5398,False,numeric_mismatch,0.0,The magnitude of the magnetic force is smaller in Pair 1.,The magnitude of the magnetic force is smaller in Pair 2.,0.4,1.0,0.25,3,12,3,3,0.586480438709259,0.9211140275001526,0.35
5399,True,exact,0.7,B) May through September,May through September,0.35294117647058826,1.0,0.21428571428571427,3,14,3,3,0.4498074948787689,0.7942057847976685,0.35
5400,True,exact,0.7,A) Solution B,Solution B,0.6,1.0,0.42857142857142855,3,7,3,3,0.6516505479812622,0.9666968584060669,0.35
5401,True,exact,0.7,D) Nashville,Nashville,0.6,1.0,0.42857142857142855,3,7,3,3,0.4000905454158783,0.8534647226333618,0.35
5402,True,exact,1.0,the Atlantic Ocean,the Atlantic Ocean,0.6666666666666666,1.0,0.5,4,8,4,4,0.44153860211372375,0.7790802717208862,0.35
5403,False,exact,0.3,insufficient information,Olympia,0.5454545454545454,0.75,0.42857142857142855,4,7,3,3,0.4064629077911377,0.7409728169441223,0.35
5404,False,exact,0.3,A) fern,insect,0.4615384615384615,1.0,0.3,3,10,3,3,0.5617309808731079,0.8847413063049316,0.35
5405,True,exact,0.7,C) Virginia,Virginia,0.5454545454545454,1.0,0.375,3,8,3,3,0.5019397139549255,0.8104708194732666,0.35
5406,True,exact,0.7,B) lar gibbon,lar gibbon,0.7142857142857143,1.0,0.5555555555555556,5,9,5,5,0.46409115195274353,0.8209256529808044,0.35
5407,True,exact,1.0,Python reticulatus,Python reticulatus,0.6666666666666666,1.0,0.5,5,10,5,5,0.5940626263618469,0.8963693976402283,0.35
5408,True,exact,1.0,a gas,a gas,0.5454545454545454,1.0,0.375,3,8,3,3,0.4802480638027191,0.7829352617263794,0.35
5409,True,exact,1.0,smooth,smooth,0.375,0.75,0.25,4,12,3,3,0.29202374815940857,0.8809239268302917,0.35
5410,True,exact,1.0,neither; the samples have the same temperature,neither; the samples have the same temperature,0.5,1.0,0.3333333333333333,4,12,4,4,0.4470231533050537,0.8577958345413208,0.35
5411,True,exact,0.7,b) bateleur,bateleur,0.6153846153846153,1.0,0.4444444444444444,4,9,4,4,0.4768141508102417,0.9046163558959961,0.35
5412,True,exact,0.7,B) black howler,black howler,0.46153846153846156,0.75,0.3333333333333333,4,9,3,3,0.3633088767528534,0.6554763317108154,0.35
5413,True,exact,1.0,Europe,Europe,0.4615384615384615,1.0,0.3,3,10,3,3,0.5126364827156067,0.7757649421691895,0.35
5414,False,exact,0.3,C) zooplankton,sea cucumber,0.7499999999999999,1.0,0.6,6,10,6,6,0.38460323214530945,0.9201444387435913,0.35
5415,False,exact,0.3,A) Tuvalu,Tonga,0.375,1.0,0.23076923076923078,3,13,3,3,0.4298439919948578,0.6809857487678528,0.35
5416,True,exact,0.7,C) Juneau,Juneau,0.47058823529411764,1.0,0.3076923076923077,4,13,4,4,0.3044050633907318,0.7558212876319885,0.35
5417,True,exact,1.0,an elementary substance,an elementary substance,0.3157894736842105,1.0,0.1875,3,16,3,3,0.4757063388824463,0.898828387260437,0.35
5418,True,exact,0.7,D) Oklahoma City,Oklahoma City,0.4615384615384615,1.0,0.3,3,10,3,3,0.44987645745277405,0.7539577484130859,0.35
5419,True,exact,0.7,B) sample B,sample B,0.6,1.0,0.42857142857142855,6,14,6,6,0.4561086893081665,0.9168820381164551,0.35
5420,True,exact,0.7,C) New Jersey,New Jersey,0.6,1.0,0.42857142857142855,3,7,3,3,0.42255330085754395,0.6277701258659363,0.35
5421,False,exact,0.3,B) feather,palm leaf,0.6,0.75,0.5,4,6,3,3,0.3893163204193115,0.839521050453186,0.35
5422,True,exact,0.7,A) Indianapolis,Indianapolis,0.4,1.0,0.25,3,12,3,3,0.48639631271362305,0.9439625144004822,0.35
5423,True,exact,0.7,A) Oklahoma City,Oklahoma City,0.5,1.0,0.3333333333333333,3,9,3,3,0.5090848207473755,0.8667876124382019,0.35
5424,True,exact,1.0,Washington,Washington,0.4,1.0,0.25,3,12,3,3,0.4121156632900238,0.7369461059570312,0.35
5425,False,exact,1.0,attract,repel,0.7272727272727273,1.0,0.5714285714285714,4,7,4,4,0.5097953081130981,0.7516464591026306,0.35
5426,True,exact,0.7,A) Ardea alba,Ardea alba,0.625,1.0,0.45454545454545453,5,11,5,5,0.508154571056366,0.9309132099151611,0.35
5427,True,exact,0.7,B) Maryland,Maryland,0.4615384615384615,1.0,0.3,3,10,3,3,0.37182995676994324,0.5654445290565491,0.35
5428,True,exact,0.7,A) Salem,Salem,0.4,0.6666666666666666,0.2857142857142857,3,7,2,2,0.3016258180141449,0.7299405336380005,0.35
5429,True,exact,0.7,D) Joey can trade his tomatoes for Darell's broccoli.,Joey can trade his tomatoes for Darell's broccoli.,0.7058823529411764,1.0,0.5454545454545454,6,11,6,6,0.4929441511631012,0.842785656452179,0.35
5430,True,exact,1.0,Texas,Texas,0.6153846153846153,1.0,0.4444444444444444,4,9,4,4,0.40625470876693726,0.745410144329071,0.35
5431,True,exact,0.7,B) male cells,male cells,0.625,1.0,0.45454545454545453,5,11,5,5,0.44854652881622314,0.8926360607147217,0.35
5432,True,exact,1.0,colorful,colorful,0.4,0.25,1.0,4,1,1,1,0.3310168981552124,0.36389440298080444,0.35
5433,False,numeric_mismatch,0.0,C) The magnetic force is stronger in Pair 1.,The magnetic force is stronger in Pair 2.,0.4,1.0,0.25,3,12,3,3,0.6574975848197937,0.8420248031616211,0.35
5434,False,numeric_mismatch,0.0,B) 2/4,1/4,0.4615384615384615,1.0,0.3,3,10,3,3,0.4205152690410614,0.9232926368713379,0.35
5435,True,exact,1.0,hard,hard,0.47058823529411764,0.8,0.3333333333333333,5,12,4,4,0.26706504821777344,0.6307145357131958,0.35
5436,True,exact,0.7,A) demoiselle crane,demoiselle crane,0.5,1.0,0.3333333333333333,3,9,3,3,0.36456048488616943,0.6622893810272217,0.35
5437,True,exact,0.7,B) Virginia,Virginia,0.4,1.0,0.25,3,12,3,3,0.5158951282501221,0.798332929611206,0.35
5438,True,exact,1.0,weather,weather,0.25,0.6666666666666666,0.15384615384615385,3,13,2,2,0.18746443092823029,0.5184084177017212,0.35
5439,True,exact,0.7,B) salmon,salmon,0.7142857142857143,1.0,0.5555555555555556,5,9,5,5,0.4597855508327484,0.7609426379203796,0.35
5440,True,exact,0.7,A) Augusta,Augusta,0.33333333333333337,1.0,0.2,3,15,3,3,0.44548967480659485,0.8511875867843628,0.35
5441,True,numeric_exact,1.0,A) 4/4,4/4,0.5,1.0,0.3333333333333333,4,12,4,4,0.510261058807373,0.8087868094444275,0.35
5442,True,exact,1.0,away from the stick,away from the stick,0.5333333333333333,1.0,0.36363636363636365,4,11,4,4,0.3192761242389679,0.7494875192642212,0.35
5443,True,exact,0.7,C) Cyanocitta cristata,Cyanocitta cristata,0.46153846153846156,0.75,0.3333333333333333,4,9,3,3,0.38296809792518616,0.8188028335571289,0.35
5444,True,exact,0.7,B) Ling can trade her tomatoes for Maria's broccoli.,Ling can trade her tomatoes for Maria's broccoli.,0.5263157894736842,1.0,0.35714285714285715,5,14,5,5,0.4225350022315979,0.8764069676399231,0.35
5445,False,numeric_mismatch,0.0,C) The magnitude of the magnetic force is greater in Pair 1.,The magnitude of the magnetic force is greater in Pair 2.,0.5,1.0,0.3333333333333333,4,12,4,4,0.548414945602417,0.8919304013252258,0.35
5446,True,yes_no,1.0,yes,yes,0.8571428571428571,1.0,0.75,6,8,6,6,0.3565572202205658,0.8788695931434631,0.35
5447,True,yes_no,1.0,no,no,0.5882352941176471,1.0,0.4166666666666667,5,12,5,5,0.4560012221336365,0.8517170548439026,0.35
5448,True,exact,1.0,the surroundings . . . each greenhouse,the surroundings . . . each greenhouse,0.6666666666666666,1.0,0.5,5,10,5,5,0.6044685244560242,0.8250538110733032,0.35
5449,True,exact,0.7,D) North Dakota,North Dakota,0.42857142857142855,1.0,0.2727272727272727,3,11,3,3,0.44118165969848633,0.7921563982963562,0.35
5450,True,exact,0.7,A) groundhog,groundhog,0.47058823529411764,1.0,0.3076923076923077,4,13,4,4,0.44734880328178406,0.8700410723686218,0.35
5451,True,exact,0.7,C) Santa Fe,Santa Fe,0.5,0.75,0.375,4,8,3,3,0.3174978196620941,0.6674264073371887,0.35
5452,True,exact,1.0,Australia,Australia,0.4,1.0,0.25,3,12,3,3,0.3442363142967224,0.716056227684021,0.35
5453,True,exact,1.0,Ohio,Ohio,0.5,1.0,0.3333333333333333,3,9,3,3,0.4458160996437073,0.8889788389205933,0.35
5454,True,exact,0.7,C) Nauru,Nauru,0.30769230769230765,0.6666666666666666,0.2,3,10,2,2,0.3769441246986389,0.9780516624450684,0.35
5455,False,exact,0.3,how well the weather station would work when it was windy,if the weather station would work when the temperature was 50°C,0.4210526315789474,1.0,0.26666666666666666,4,15,4,4,0.34603315591812134,0.6719277501106262,0.35
5456,True,exact,1.0,weather,weather,0.4,0.6666666666666666,0.2857142857142857,3,7,2,2,0.2751743197441101,0.5613744258880615,0.35
5457,True,exact,0.7,D) New Hampshire,New Hampshire,0.5714285714285715,1.0,0.4,2,5,2,2,0.5839899182319641,0.9689846038818359,0.35
5458,True,exact,0.7,B) Albany,Albany,0.5,1.0,0.3333333333333333,3,9,3,3,0.2856212854385376,0.5132880806922913,0.35
5459,True,exact,0.7,D) Nauru,Nauru,0.33333333333333337,1.0,0.2,3,15,3,3,0.3964482545852661,0.8748005628585815,0.35
5460,True,exact,0.7,C) South America,South America,0.2666666666666667,1.0,0.15384615384615385,2,13,2,2,0.45968782901763916,0.6858449578285217,0.35
5461,False,exact,0.3,The magnitude of the magnetic force is the same in both pairs.,The magnitude of the magnetic force is smaller in Pair 1.,0.42857142857142855,1.0,0.2727272727272727,3,11,3,3,0.5758072733879089,0.8901767134666443,0.35
5462,True,exact,0.7,B) Raleigh,Raleigh,0.6,0.75,0.5,4,6,3,3,0.3815217912197113,0.8762927651405334,0.35
5463,True,exact,1.0,attract,attract,0.5,1.0,0.3333333333333333,3,9,3,3,0.5778048038482666,0.7872050404548645,0.35
5464,False,exact,0.3,A) Solomon Islands,the Federated States of Micronesia,0.6153846153846153,1.0,0.4444444444444444,4,9,4,4,0.4084410071372986,0.742094099521637,0.35
5465,True,exact,0.7,C) Python bivittatus,Python bivittatus,0.8333333333333333,1.0,0.7142857142857143,5,7,5,5,0.49223801493644714,0.9517495632171631,0.35
5466,False,yes_no,1.0,false,true,0.8333333333333334,0.8333333333333334,0.8333333333333334,6,6,5,5,0.48259061574935913,0.9031825661659241,0.35
5467,False,exact,0.3,The magnetic force is weaker in Pair 1.,The strength of the magnetic force is the same in both pairs.,0.47058823529411764,1.0,0.3076923076923077,4,13,4,4,0.48694321513175964,0.8023722171783447,0.35
5468,True,exact,0.7,B) South Carolina,South Carolina,0.3333333333333333,0.5,0.25,4,8,2,2,0.2669447064399719,0.6190853118896484,0.35
5469,True,numeric_exact,1.0,C) 21 grams of water vapor per kilogram of air,21 grams of water vapor per kilogram of air,0.5,1.0,0.3333333333333333,4,12,4,4,0.47546592354774475,0.8718802332878113,0.35
5470,False,numeric_mismatch,0.0,C) 1:3,2:2,0.5882352941176471,1.0,0.4166666666666667,5,12,5,5,0.42152124643325806,0.8854276537895203,0.35
5471,True,exact,0.7,B) Jefferson City,Jefferson City,0.6666666666666666,1.0,0.5,4,8,4,4,0.511132538318634,0.8395105600357056,0.35
5472,False,exact,0.3,It has mostly small plants.,It has soil that is poor in nutrients.,0.7272727272727273,1.0,0.5714285714285714,4,7,4,4,0.3569905757904053,0.6456114649772644,0.35
5473,True,exact,0.7,B) green moray eel,green moray eel,0.4444444444444445,1.0,0.2857142857142857,2,7,2,2,0.360454261302948,0.868902862071991,0.35
5474,True,exact,1.0,logos (reason),logos (reason),0.11764705882352941,0.25,0.07692307692307693,4,13,1,1,0.08524344861507416,0.35442110896110535,0.35
5475,True,exact,0.7,D) North Dakota,North Dakota,0.4615384615384615,1.0,0.3,3,10,3,3,0.45491740107536316,0.7839549779891968,0.35
5476,True,exact,1.0,an elementary substance,an elementary substance,0.5714285714285715,1.0,0.4,4,10,4,4,0.41275542974472046,0.8547298312187195,0.35
5477,True,exact,1.0,They can fuse and form fertilized eggs.,They can fuse and form fertilized eggs.,0.4210526315789474,1.0,0.26666666666666666,4,15,4,4,0.45125526189804077,0.9575203657150269,0.35
5478,False,exact,0.3,B) The magnetic force is stronger in Pair 1.,The strength of the magnetic force is the same in both pairs.,0.7692307692307693,1.0,0.625,5,8,5,5,0.4663657248020172,0.7464994192123413,0.35
5479,True,exact,0.7,A) Nauru,Nauru,0.4210526315789474,1.0,0.26666666666666666,4,15,4,4,0.3527021110057831,0.8872939944267273,0.35
5480,False,numeric_mismatch,0.0,The magnitude of the magnetic force is greater in Pair 2.,The magnitude of the magnetic force is greater in Pair 1.,0.4615384615384615,1.0,0.3,3,10,3,3,0.5873110890388489,0.8364022970199585,0.35
5481,True,exact,0.7,B) barn owl,barn owl,0.4,1.0,0.25,3,12,3,3,0.33370351791381836,0.5002833604812622,0.35
5482,True,exact,1.0,attract,attract,0.375,1.0,0.23076923076923078,3,13,3,3,0.5270262956619263,0.8630601167678833,0.35
5483,True,exact,0.7,C) Honolulu,Honolulu,0.75,0.75,0.75,4,4,3,3,0.4135052561759949,0.9576170444488525,0.35
5484,True,exact,0.7,D) Phoenix,Phoenix,0.3333333333333333,0.6666666666666666,0.2222222222222222,3,9,2,2,0.30967655777931213,0.8256708979606628,0.35
5485,True,exact,1.0,attract,attract,0.6,1.0,0.42857142857142855,3,7,3,3,0.5622597336769104,0.879098117351532,0.35
5486,True,exact,0.7,A) sample B,sample B,0.5882352941176471,1.0,0.4166666666666667,5,12,5,5,0.4580545425415039,0.9370322227478027,0.35
5487,True,exact,0.7,D) Columbus,Columbus,0.4,0.6666666666666666,0.2857142857142857,3,7,2,2,0.4196194112300873,0.9287921190261841,0.35
5488,True,exact,0.7,A) Tallahassee,Tallahassee,0.6,1.0,0.42857142857142855,3,7,3,3,0.4579766094684601,0.7974488735198975,0.35
5489,True,exact,1.0,an elementary substance,an elementary substance,0.6666666666666666,1.0,0.5,4,8,4,4,0.44337981939315796,0.8950353860855103,0.35
5490,True,exact,0.7,C) the Babylonian Empire,the Babylonian Empire,0.4210526315789474,1.0,0.26666666666666666,4,15,4,4,0.4567885994911194,0.7942855358123779,0.35
5491,True,exact,0.7,B) California gull,California gull,0.42857142857142855,1.0,0.2727272727272727,3,11,3,3,0.528687059879303,0.9025697708129883,0.35
5492,True,exact,1.0,Asia,Asia,0.4,1.0,0.25,3,12,3,3,0.5023950338363647,0.7466287016868591,0.35
5493,True,numeric_exact,1.0,C) The magnitude of the magnetic force is greater in Pair 1.,The magnitude of the magnetic force is greater in Pair 1.,0.6153846153846153,1.0,0.4444444444444444,4,9,4,4,0.5281833410263062,0.8261294364929199,0.35
5494,False,exact,1.0,attract,repel,0.42857142857142855,1.0,0.2727272727272727,3,11,3,3,0.4417262375354767,0.7969045639038086,0.35
5495,True,exact,0.7,B) white stork,white stork,0.6,1.0,0.42857142857142855,3,7,3,3,0.3320838510990143,0.5850214958190918,0.35
5496,False,exact,0.3,C) The magnetic force is stronger in Pair 1.,The strength of the magnetic force is the same in both pairs.,0.7272727272727273,1.0,0.5714285714285714,4,7,4,4,0.5192006230354309,0.871678352355957,0.35
5497,True,exact,1.0,attract,attract,0.5714285714285715,1.0,0.4,4,10,4,4,0.40906620025634766,0.7269441485404968,0.35
5498,True,exact,1.0,seeds,seeds,0.4615384615384615,1.0,0.3,3,10,3,3,0.5946655869483948,0.9182528257369995,0.35
5499,True,exact,1.0,sticky,sticky,0.4,0.6,0.3,5,10,3,3,0.23896543681621552,0.6688681840896606,0.35
5500,True,exact,0.7,D) Mandy can trade her tomatoes for Troy's broccoli.,Mandy can trade her tomatoes for Troy's broccoli.,0.4347826086956522,1.0,0.2777777777777778,5,18,5,5,0.3832875192165375,0.8500909209251404,0.35
5501,True,exact,1.0,It eats another living thing.,It eats another living thing.,0.39999999999999997,0.75,0.2727272727272727,4,11,3,3,0.33341434597969055,0.8859474062919617,0.35
5502,True,exact,0.7,"C) November, December, and January","November, December, and January",0.5333333333333333,1.0,0.36363636363636365,4,11,4,4,0.38150060176849365,0.6212978959083557,0.35
5503,True,exact,1.0,the uncovered side mirrors,the uncovered side mirrors,0.4444444444444445,1.0,0.2857142857142857,4,14,4,4,0.3977125287055969,0.7607444524765015,0.35
5504,False,numeric_mismatch,0.0,B) The magnitude of the magnetic force is smaller in Pair 2.,The magnitude of the magnetic force is smaller in Pair 1.,0.5333333333333333,1.0,0.36363636363636365,4,11,4,4,0.5084595680236816,0.9240676164627075,0.35
5505,True,exact,0.7,C) The magnitude of the magnetic force is the same in both pairs.,The magnitude of the magnetic force is the same in both pairs.,0.38095238095238093,1.0,0.23529411764705882,4,17,4,4,0.37869560718536377,0.7124682068824768,0.35
5506,True,exact,0.7,D) North America,North America,0.6666666666666666,1.0,0.5,3,6,3,3,0.43397167325019836,0.7714499831199646,0.35
5507,False,exact,0.3,B) palm leaf,wood,0.375,1.0,0.23076923076923078,3,13,3,3,0.36850661039352417,0.8096384406089783,0.35
5508,True,exact,1.0,a solid,a solid,0.5,1.0,0.3333333333333333,4,12,4,4,0.32319390773773193,0.9297433495521545,0.35
5509,True,exact,1.0,"It has a small amount of rain. It also has dry, thin soil.","It has a small amount of rain. It also has dry, thin soil.",0.6153846153846153,1.0,0.4444444444444444,4,9,4,4,0.38687291741371155,0.8058431148529053,0.35
5510,True,exact,0.7,C) New York,New York,0.375,1.0,0.23076923076923078,3,13,3,3,0.28671714663505554,0.6057078838348389,0.35
5511,True,exact,1.0,mineral,mineral,0.4,1.0,0.25,3,12,3,3,0.46119678020477295,0.8641040921211243,0.35
5512,True,exact,1.0,fragile,fragile,0.3076923076923077,1.0,0.18181818181818182,2,11,2,2,0.40817034244537354,0.69776850938797,0.35
5513,True,exact,1.0,bumpy,bumpy,0.42857142857142855,1.0,0.2727272727272727,3,11,3,3,0.35581129789352417,0.7199039459228516,0.35
5514,True,exact,0.7,A) Honolulu,Honolulu,0.8,1.0,0.6666666666666666,4,6,4,4,0.443685919046402,0.8119271397590637,0.35
5515,True,exact,0.7,B) Wyoming,Wyoming,0.5,0.3333333333333333,1.0,3,1,1,1,0.43142464756965637,0.46619224548339844,0.35
5516,True,exact,0.7,D) Pedro can trade his tomatoes for Oliver's broccoli.,Pedro can trade his tomatoes for Oliver's broccoli.,0.6666666666666665,0.8571428571428571,0.5454545454545454,7,11,6,6,0.3814304769039154,0.8246548175811768,0.35
5517,True,exact,0.7,B) ptarmigan,ptarmigan,0.5714285714285714,0.5714285714285714,0.5714285714285714,7,7,4,4,0.3853191137313843,0.832491934299469,0.35
5518,True,exact,0.7,D) Boise,Boise,0.5,0.3333333333333333,1.0,3,1,1,1,0.4925098419189453,0.520102858543396,0.35
5519,True,exact,0.7,C) Jefferson City,Jefferson City,0.4444444444444445,1.0,0.2857142857142857,2,7,2,2,0.33471599221229553,0.8081974983215332,0.35
5520,True,exact,0.7,C) Santa Fe,Santa Fe,0.7272727272727273,1.0,0.5714285714285714,4,7,4,4,0.4369320273399353,0.9864415526390076,0.35
5521,True,exact,0.7,B) groundhog,groundhog,0.4,0.25,1.0,4,1,1,1,0.5441499948501587,0.6534343361854553,0.35
5522,True,exact,1.0,Spanish shawl nudibranch,Spanish shawl nudibranch,0.6666666666666666,1.0,0.5,4,8,4,4,0.332390695810318,0.7983325719833374,0.35
5523,True,exact,0.7,C) Harrisburg,Harrisburg,0.6666666666666666,0.8,0.5714285714285714,5,7,4,4,0.36681586503982544,0.900526225566864,0.35
5524,True,exact,0.7,D) South America,South America,0.4615384615384615,1.0,0.3,3,10,3,3,0.4848859906196594,0.7371208071708679,0.35
5525,True,exact,1.0,the distance the footballs traveled,the distance the footballs traveled,0.5714285714285715,1.0,0.4,4,10,4,4,0.44832831621170044,0.7820897698402405,0.35
5526,True,exact,0.7,B) It has a rainy season and a dry season. It also has soil that is poor in nutrients.,It has a rainy season and a dry season. It also has soil that is poor in nutrients.,0.8,1.0,0.6666666666666666,4,6,4,4,0.4531303346157074,0.8813965916633606,0.35
5527,True,numeric_exact,1.0,C) H2S,H2S,0.4210526315789474,1.0,0.26666666666666666,4,15,4,4,0.44902536273002625,0.7743090987205505,0.35
5528,True,exact,0.7,C) Jefferson City,Jefferson City,0.5,0.75,0.375,4,8,3,3,0.3036493957042694,0.885574460029602,0.35
5529,True,exact,0.7,A) toward her hand,toward her hand,0.4444444444444444,0.6666666666666666,0.3333333333333333,3,6,2,2,0.33418190479278564,0.6299111247062683,0.35
5530,True,exact,0.7,A) Lansing,Lansing,0.4615384615384615,1.0,0.3,3,10,3,3,0.47016340494155884,0.9048126339912415,0.35
5531,True,exact,0.7,A) Falco peregrinus,Falco peregrinus,0.5,1.0,0.3333333333333333,3,9,3,3,0.501320481300354,0.9530292749404907,0.35
5532,True,exact,1.0,an elementary substance,an elementary substance,0.5,1.0,0.3333333333333333,4,12,4,4,0.3938260078430176,0.6786813735961914,0.35
5533,False,numeric_mismatch,0.0,C) The magnitude of the magnetic force is greater in Pair 1.,The magnitude of the magnetic force is greater in Pair 2.,0.4444444444444445,1.0,0.2857142857142857,4,14,4,4,0.5661088228225708,0.8337989449501038,0.35
5534,True,exact,0.7,C) Arkansas,Arkansas,0.4615384615384615,1.0,0.3,3,10,3,3,0.430308997631073,0.8963177800178528,0.35
5535,True,exact,0.7,B) Aurelia aurita,Aurelia aurita,0.8,1.0,0.6666666666666666,4,6,4,4,0.4448288679122925,0.9506627321243286,0.35
5536,True,exact,0.7,B) Solution B,Solution B,0.6,1.0,0.42857142857142855,3,7,3,3,0.6188756823539734,0.971163272857666,0.35
5537,True,exact,1.0,Damara mole rat,Damara mole rat,0.5454545454545454,0.6,0.5,5,6,3,3,0.387578547000885,0.8555076122283936,0.35
5538,True,exact,0.7,B) It has water at the bottom of the ocean. It also has no sunlight.,It has water at the bottom of the ocean. It also has no sunlight.,0.47058823529411764,0.8,0.3333333333333333,5,12,4,4,0.31339171528816223,0.5431365370750427,0.35
5539,True,exact,1.0,if a new batch of concrete was firm enough to use,if a new batch of concrete was firm enough to use,0.5555555555555556,1.0,0.38461538461538464,5,13,5,5,0.4204564690589905,0.7314935326576233,0.35
5540,True,exact,0.7,B) Solution B,Solution B,0.6,1.0,0.42857142857142855,3,7,3,3,0.5931525826454163,0.998679518699646,0.35
5541,True,exact,0.7,C) Ovis aries,Ovis aries,0.6666666666666666,1.0,0.5,4,8,4,4,0.4962747097015381,0.8661794066429138,0.35
5542,True,exact,1.0,attract,attract,0.7272727272727273,1.0,0.5714285714285714,4,7,4,4,0.5349367260932922,0.8109565377235413,0.35
5543,True,exact,0.7,A) The strength of the magnetic force is the same in both pairs.,The strength of the magnetic force is the same in both pairs.,0.9090909090909091,1.0,0.8333333333333334,5,6,5,5,0.5395528078079224,0.7856219410896301,0.35
5544,True,exact,1.0,a long neck,a long neck,0.6666666666666666,1.0,0.5,3,6,3,3,0.42039671540260315,0.9139509201049805,0.35
5545,True,exact,1.0,earthworm,earthworm,0.375,1.0,0.23076923076923078,3,13,3,3,0.4882872700691223,0.8124610185623169,0.35
5546,True,exact,0.7,C) Madison,Madison,0.46153846153846156,0.75,0.3333333333333333,4,9,3,3,0.3601437211036682,0.9508278369903564,0.35
5547,True,exact,0.7,C) the Arctic Ocean,the Arctic Ocean,0.4,1.0,0.25,3,12,3,3,0.4325062036514282,0.7887622117996216,0.35
5548,True,exact,1.0,Iowa,Iowa,0.6666666666666666,1.0,0.5,4,8,4,4,0.4561620354652405,0.8212507963180542,0.35
5549,True,exact,0.7,A) platypus,platypus,0.3529411764705882,0.75,0.23076923076923078,4,13,3,3,0.4223324954509735,0.9669973850250244,0.35
5550,True,exact,1.0,Asia,Asia,0.2857142857142857,1.0,0.16666666666666666,2,12,2,2,0.3065320551395416,0.8468940258026123,0.35
5551,False,numeric_mismatch,0.0,B) The magnetic force is weaker in Pair 2.,The magnetic force is weaker in Pair 1.,0.5714285714285715,1.0,0.4,4,10,4,4,0.641051173210144,0.9482443332672119,0.35
5552,True,exact,0.7,B) Kentucky,Kentucky,0.42857142857142855,1.0,0.2727272727272727,3,11,3,3,0.4248000979423523,0.8886815905570984,0.35
5553,True,exact,0.7,A) Columbus,Columbus,0.42857142857142855,1.0,0.2727272727272727,3,11,3,3,0.45806264877319336,0.9287287592887878,0.35
5554,True,exact,0.7,D) St. Louis,St. Louis,0.7142857142857143,1.0,0.5555555555555556,5,9,5,5,0.3805888593196869,0.8642467260360718,0.35
5555,True,exact,1.0,nine-banded armadillo,nine-banded armadillo,0.6153846153846154,0.8,0.5,5,8,4,4,0.34720101952552795,0.6664412021636963,0.35
5556,True,exact,0.7,B) a car,a car,0.6666666666666666,1.0,0.5,5,10,5,5,0.45063096284866333,0.8474388718605042,0.35
5557,True,exact,1.0,the yards with empty feeders,the yards with empty feeders,0.33333333333333337,1.0,0.2,2,10,2,2,0.46368980407714844,0.73520427942276,0.35
5558,True,exact,0.7,B) Augusta,Augusta,0.5,1.0,0.3333333333333333,3,9,3,3,0.47098448872566223,0.9518464207649231,0.35
5559,False,numeric_mismatch,0.0,B) The magnitude of the magnetic force is greater in Pair 2.,The magnitude of the magnetic force is greater in Pair 1.,0.375,1.0,0.23076923076923078,3,13,3,3,0.5262511372566223,0.8763038516044617,0.35
5560,True,exact,1.0,a solid,a solid,0.4,1.0,0.25,3,12,3,3,0.3544168472290039,0.780624270439148,0.35
5561,True,exact,0.7,D) Saint Kitts and Nevis,Saint Kitts and Nevis,0.375,1.0,0.23076923076923078,3,13,3,3,0.42122161388397217,0.8418418765068054,0.35
5562,True,exact,1.0,the surroundings . . . each vial,the surroundings . . . each vial,0.5555555555555556,1.0,0.38461538461538464,5,13,5,5,0.49658113718032837,0.7285388708114624,0.35
5563,True,exact,0.7,C) Annapolis,Annapolis,0.7499999999999999,1.0,0.6,3,5,3,3,0.426946222782135,0.777176558971405,0.35
5564,True,exact,0.7,B) yak,yak,0.4,1.0,0.25,3,12,3,3,0.40504905581474304,0.8055355548858643,0.35
5565,True,exact,1.0,Do steel nails take fewer days to rust in water compared to vinegar?,Do steel nails take fewer days to rust in water compared to vinegar?,0.5,1.0,0.3333333333333333,5,15,5,5,0.44521215558052063,0.8543495535850525,0.35
5566,True,exact,1.0,They can grow into a heart-shaped plant.,They can grow into a heart-shaped plant.,0.4210526315789474,1.0,0.26666666666666666,4,15,4,4,0.4743293523788452,0.9336174726486206,0.35
5567,False,exact,0.3,B) The magnitude of the magnetic force is the same in both pairs.,The magnitude of the magnetic force is smaller in Pair 1.,0.5714285714285715,1.0,0.4,4,10,4,4,0.5510060787200928,0.8714384436607361,0.35
5568,False,numeric_mismatch,0.0,B) 1/4,0/4,0.5,1.0,0.3333333333333333,3,9,3,3,0.4443839490413666,0.7427892684936523,0.35
5569,True,exact,1.0,Africa,Africa,0.6666666666666666,1.0,0.5,3,6,3,3,0.44152313470840454,0.6832578778266907,0.35
5570,True,exact,1.0,Africa,Africa,0.6666666666666666,1.0,0.5,3,6,3,3,0.504331111907959,0.685501754283905,0.35
5571,True,exact,1.0,The strength of the magnetic force is the same in both pairs.,The strength of the magnetic force is the same in both pairs.,0.6153846153846153,1.0,0.4444444444444444,4,9,4,4,0.5745112299919128,0.9410006999969482,0.35
5572,True,yes_no,1.0,true,true,0.6666666666666666,1.0,0.5,5,10,5,5,0.5105863809585571,0.8407183885574341,0.35
5573,False,exact,0.3,B) It has shallow water. It also has organisms that crawl or stick to the ground.,It has water at the bottom of the ocean. It also has no sunlight.,0.8571428571428571,1.0,0.75,6,8,6,6,0.37304553389549255,0.8166553378105164,0.35
5574,True,yes_no,1.0,true,true,0.7272727272727273,1.0,0.5714285714285714,4,7,4,4,0.5424793362617493,0.9707341194152832,0.35
5575,True,exact,0.7,D) Pennsylvania,Pennsylvania,0.6666666666666666,1.0,0.5,3,6,3,3,0.4883975386619568,0.7402470707893372,0.35
5576,True,exact,0.7,A) red-tailed hawk,red-tailed hawk,0.375,1.0,0.23076923076923078,3,13,3,3,0.4427719712257385,0.8729413747787476,0.35
5577,True,exact,1.0,salty,salty,0.31578947368421056,0.75,0.2,4,15,3,3,0.21661996841430664,0.7065306901931763,0.35
5578,True,exact,0.7,D) Columbia,Columbia,0.7499999999999999,1.0,0.6,3,5,3,3,0.44431230425834656,0.7717068791389465,0.35
5579,False,exact,0.3,A) New York City,Philadelphia,0.4,1.0,0.25,3,12,3,3,0.5087199807167053,0.7953615784645081,0.35
5580,True,exact,0.7,D) Virginia,Virginia,0.5454545454545454,1.0,0.375,3,8,3,3,0.43895912170410156,0.6747705936431885,0.35
5581,False,exact,0.3,European green toad,great white shark,0.4,1.0,0.25,3,12,3,3,0.464825838804245,0.6948253512382507,0.35
5582,False,yes_no,1.0,false,true,0.7142857142857143,1.0,0.5555555555555556,5,9,5,5,0.4845917522907257,0.7789885401725769,0.35
5583,True,exact,1.0,It has daily flooding and draining of seawater. It also has water that is rich in nutrients.,It has daily flooding and draining of seawater. It also has water that is rich in nutrients.,0.5,1.0,0.3333333333333333,4,12,4,4,0.3885578215122223,0.8990098834037781,0.35
5584,True,exact,0.7,B) gerenuk,gerenuk,0.35294117647058826,1.0,0.21428571428571427,3,14,3,3,0.43751129508018494,0.8203871846199036,0.35
5585,True,exact,0.7,D) Bella can trade her tomatoes for Darnell's broccoli.,Bella can trade her tomatoes for Darnell's broccoli.,0.7499999999999999,1.0,0.6,6,10,6,6,0.3878798484802246,0.8092214465141296,0.35
5586,True,exact,1.0,Africa,Africa,0.5,1.0,0.3333333333333333,3,9,3,3,0.4960823357105255,0.7730993032455444,0.35
5587,True,exact,0.7,D) Indianapolis,Indianapolis,0.7499999999999999,1.0,0.6,3,5,3,3,0.4213303029537201,0.7989965081214905,0.35
5588,True,exact,1.0,Africa,Africa,0.6666666666666666,1.0,0.5,3,6,3,3,0.49842846393585205,0.7934846878051758,0.35
5589,True,exact,1.0,transparent,transparent,0.28571428571428575,0.6666666666666666,0.18181818181818182,3,11,2,2,0.3141788840293884,0.5742334127426147,0.35
5590,True,exact,1.0,if a new batch of concrete was firm enough to use,if a new batch of concrete was firm enough to use,0.4,1.0,0.25,3,12,3,3,0.463401198387146,0.7939602732658386,0.35
5591,True,exact,0.7,C) Rhode Island,Rhode Island,0.5,1.0,0.3333333333333333,3,9,3,3,0.474953830242157,0.8052753806114197,0.35
5592,True,exact,0.7,B) Cheyenne,Cheyenne,0.39999999999999997,0.75,0.2727272727272727,4,11,3,3,0.4553934335708618,0.7956063747406006,0.35
5593,True,exact,1.0,Australia,Australia,0.4615384615384615,1.0,0.3,3,10,3,3,0.48669782280921936,0.7145035862922668,0.35
5594,False,exact,0.3,whether different types of bacteria would need different nutrients to produce insulin,whether she added enough nutrients to help the bacteria produce 20% more insulin,0.5333333333333333,1.0,0.36363636363636365,4,11,4,4,0.4846556484699249,0.9047398567199707,0.35
5595,True,exact,0.7,D) Juneau,Juneau,0.4444444444444445,1.0,0.2857142857142857,4,14,4,4,0.3473270833492279,0.9324609637260437,0.35
5596,True,exact,1.0,weather,weather,0.42857142857142855,1.0,0.2727272727272727,3,11,3,3,0.3234690725803375,0.6645815968513489,0.35
5597,True,exact,1.0,It has many evergreen trees. It also has soil that is poor in nutrients.,It has many evergreen trees. It also has soil that is poor in nutrients.,0.3333333333333333,0.4,0.2857142857142857,5,7,2,2,0.23117637634277344,0.5630640387535095,0.35
5598,True,exact,0.7,C) The magnitude of the magnetic force is the same in both pairs.,The magnitude of the magnetic force is the same in both pairs.,0.35294117647058826,1.0,0.21428571428571427,3,14,3,3,0.45644083619117737,0.7378010153770447,0.35
5599,True,exact,0.7,B) common guillemot,common guillemot,0.6153846153846153,1.0,0.4444444444444444,4,9,4,4,0.41467466950416565,0.8707733750343323,0.35
5600,True,exact,1.0,bouncy,bouncy,0.33333333333333326,0.375,0.3,8,10,3,3,0.17584939301013947,0.6777889728546143,0.35
5601,True,exact,1.0,the Declaration of Independence,the Declaration of Independence,0.16666666666666669,0.5,0.1,2,10,1,1,0.17954912781715393,0.6478843092918396,0.35
5602,True,exact,0.7,A) Solution B,Solution B,0.5454545454545454,1.0,0.375,3,8,3,3,0.6134645342826843,0.9999998807907104,0.35
5603,True,exact,1.0,"It has dry, thin soil. It also has many different types of organisms.","It has dry, thin soil. It also has many different types of organisms.",0.46153846153846156,0.75,0.3333333333333333,4,9,3,3,0.3443048596382141,0.8735413551330566,0.35
5604,True,exact,0.7,A) Saint Kitts and Nevis,Saint Kitts and Nevis,0.42857142857142855,1.0,0.2727272727272727,3,11,3,3,0.4096237123012543,0.7939518094062805,0.35
5605,False,numeric_mismatch,0.0,B) The magnitude of the magnetic force is smaller in Pair 2.,The magnitude of the magnetic force is smaller in Pair 1.,0.8571428571428571,1.0,0.75,6,8,6,6,0.5399999022483826,0.9574532508850098,0.35
5606,True,exact,0.7,D) Cheyenne,Cheyenne,0.5454545454545454,0.75,0.42857142857142855,4,7,3,3,0.39150962233543396,0.8071717023849487,0.35
5607,True,yes_no,1.0,no,no,0.5333333333333333,1.0,0.36363636363636365,4,11,4,4,0.5071524381637573,0.90503990650177,0.35
5608,True,exact,0.7,B) bald eagle,bald eagle,0.5714285714285715,1.0,0.4,4,10,4,4,0.37881094217300415,0.6336128115653992,0.35
5609,True,exact,0.7,C) Brendan can trade his tomatoes for Isaac's broccoli.,Brendan can trade his tomatoes for Isaac's broccoli.,0.25,0.5,0.16666666666666666,4,12,2,2,0.24978198111057281,0.4772658050060272,0.35
5610,True,yes_no,1.0,true,true,0.5882352941176471,1.0,0.4166666666666667,5,12,5,5,0.5138762593269348,0.9385280609130859,0.35
5611,True,yes_no,1.0,yes,yes,0.888888888888889,1.0,0.8,4,5,4,4,0.47634416818618774,0.9107727408409119,0.35
5612,True,exact,0.7,A) Jackson,Jackson,0.5454545454545454,1.0,0.375,3,8,3,3,0.31161072850227356,0.6627510786056519,0.35
5613,True,exact,1.0,whether the filter was clogged,whether the filter was clogged,0.46153846153846156,0.75,0.3333333333333333,4,9,3,3,0.40490612387657166,0.8863881230354309,0.35
5614,True,exact,1.0,wood,wood,0.4,1.0,0.25,3,12,3,3,0.5185648798942566,0.9452875852584839,0.35
5615,True,exact,0.7,B) Carson City,Carson City,0.6,1.0,0.42857142857142855,3,7,3,3,0.4008411765098572,0.7532832622528076,0.35
5616,True,exact,1.0,Do steel nails take fewer days to rust in water compared to vinegar?,Do steel nails take fewer days to rust in water compared to vinegar?,0.5882352941176471,1.0,0.4166666666666667,5,12,5,5,0.37813740968704224,0.9205225706100464,0.35
5617,True,exact,0.7,B) Raleigh,Raleigh,0.4444444444444444,0.6666666666666666,0.3333333333333333,3,6,2,2,0.37785765528678894,0.7650864720344543,0.35
5618,False,exact,0.3,the Southern Ocean,the Pacific Ocean,0.36363636363636365,0.6666666666666666,0.25,3,8,2,2,0.4218686521053314,0.7773782014846802,0.35
5619,False,numeric_mismatch,0.0,C) The magnetic force is weaker in Pair 2.,The magnetic force is weaker in Pair 1.,0.42857142857142855,1.0,0.2727272727272727,3,11,3,3,0.6282222867012024,0.8550295233726501,0.35
5620,True,exact,1.0,the Atlantic Ocean,the Atlantic Ocean,0.5714285714285715,1.0,0.4,4,10,4,4,0.4600268304347992,0.9522181749343872,0.35
5621,True,exact,1.0,mineral,mineral,0.35294117647058826,1.0,0.21428571428571427,3,14,3,3,0.47890394926071167,0.9516229629516602,0.35
5622,True,exact,0.7,D) Hartford,Hartford,0.4,0.25,1.0,4,1,1,1,0.4817405343055725,0.6026612520217896,0.35
5623,True,exact,1.0,hard,hard,0.22222222222222224,0.5,0.14285714285714285,4,14,2,2,0.23555400967597961,0.6971760392189026,0.35
5624,True,exact,0.7,B) Cuba,Cuba,0.6,1.0,0.42857142857142855,3,7,3,3,0.4439055919647217,0.6277327537536621,0.35
5625,True,exact,1.0,Africa,Africa,0.33333333333333337,1.0,0.2,3,15,3,3,0.5233519077301025,0.7505759596824646,0.35
5626,True,exact,1.0,the fast-food restaurant,the fast-food restaurant,0.33333333333333337,0.6,0.23076923076923078,5,13,3,3,0.1741935759782791,0.6985107660293579,0.35
5627,True,exact,0.7,B) Honolulu,Honolulu,0.5454545454545454,0.75,0.42857142857142855,4,7,3,3,0.4222404360771179,0.846811056137085,0.35
5628,True,exact,0.7,B) Des Moines,Des Moines,0.8,1.0,0.6666666666666666,4,6,4,4,0.3875516355037689,0.8591164350509644,0.35
5629,False,exact,0.3,away from the tow truck,toward the tow truck,0.6666666666666665,0.75,0.6,4,5,3,3,0.35162511467933655,0.7117143273353577,0.35
5630,True,exact,1.0,the Indian Ocean,the Indian Ocean,0.375,1.0,0.23076923076923078,3,13,3,3,0.4150906503200531,0.8287115693092346,0.35
5631,False,numeric_mismatch,0.0,B) 3:1,0:4,0.4,1.0,0.25,3,12,3,3,0.3007197082042694,0.6330800652503967,0.35
5632,True,exact,1.0,a solid,a solid,0.4,1.0,0.25,3,12,3,3,0.4819295108318329,0.8250702023506165,0.35
5633,True,exact,0.7,A) sample B,sample B,0.5263157894736842,1.0,0.35714285714285715,5,14,5,5,0.47578752040863037,0.8799027800559998,0.35
5634,True,exact,1.0,bouncy,bouncy,0.0,0.0,0.0,3,9,0,0,0.1604175567626953,0.2984515130519867,0.35
5635,True,exact,0.7,B) shield mantis,shield mantis,0.6666666666666666,1.0,0.5,4,8,4,4,0.39011964201927185,0.8435913920402527,0.35
5636,True,exact,0.7,B) bare-eared squirrel monkey,bare-eared squirrel monkey,0.5454545454545454,1.0,0.375,3,8,3,3,0.3684821128845215,0.8320443630218506,0.35
5637,True,exact,0.7,B) Providence,Providence,0.6666666666666666,1.0,0.5,4,8,4,4,0.33359766006469727,0.9397614002227783,0.35
5638,False,exact,0.3,B) attract,repel,0.6,1.0,0.42857142857142855,3,7,3,3,0.48891907930374146,0.8539800643920898,0.35
5639,True,exact,1.0,"It has long, cold winters. It also has soil that is poor in nutrients.","It has long, cold winters. It also has soil that is poor in nutrients.",0.4285714285714285,0.75,0.3,4,10,3,3,0.30937713384628296,0.5515931844711304,0.35
5640,True,exact,0.7,C) Richmond,Richmond,0.36363636363636365,0.6666666666666666,0.25,3,8,2,2,0.30628958344459534,0.7498103380203247,0.35
5641,True,exact,0.7,B) Pennsylvania,Pennsylvania,0.4615384615384615,1.0,0.3,3,10,3,3,0.39481106400489807,0.7009395956993103,0.35
5642,True,exact,0.7,C) Topeka,Topeka,0.5454545454545454,1.0,0.375,3,8,3,3,0.41420888900756836,0.8651371002197266,0.35
5643,False,exact,1.0,weather,climate,0.7272727272727272,0.8,0.6666666666666666,5,6,4,4,0.3131342828273773,0.7042896151542664,0.35
5644,True,exact,1.0,whether the filter was clogged,whether the filter was clogged,0.375,0.75,0.25,4,12,3,3,0.4198320806026459,0.7616251111030579,0.35
5645,True,yes_no,1.0,true,true,0.47058823529411764,1.0,0.3076923076923077,4,13,4,4,0.4913620352745056,0.7738479375839233,0.35
5646,True,yes_no,1.0,no,no,0.5333333333333333,1.0,0.36363636363636365,4,11,4,4,0.3736850917339325,0.8906324505805969,0.35
5647,False,exact,0.3,B) how well the weather station would work when it was windy,if the weather station would work when the temperature was 50°C,0.4210526315789474,1.0,0.26666666666666666,4,15,4,4,0.3298470675945282,0.8063252568244934,0.35
5648,False,exact,0.3,B) mutualistic,parasitic,0.8,1.0,0.6666666666666666,4,6,4,4,0.4886721670627594,0.8460716605186462,0.35
5649,True,exact,0.7,A) Solution B,Solution B,0.6666666666666666,1.0,0.5,3,6,3,3,0.5553549528121948,0.9986556768417358,0.35
5650,True,exact,0.7,A) chirping,chirping,0.5454545454545454,1.0,0.375,3,8,3,3,0.48804059624671936,0.757794201374054,0.35
5651,False,exact,0.3,B) European green lizard,horned viper,0.5333333333333333,1.0,0.36363636363636365,4,11,4,4,0.45773637294769287,0.7498557567596436,0.35
5652,True,exact,0.7,A) Richmond,Richmond,0.46153846153846156,0.75,0.3333333333333333,4,9,3,3,0.36273878812789917,0.7592658400535583,0.35
5653,False,exact,0.3,the number of leaves,the number of earthworms,0.5,1.0,0.3333333333333333,4,12,4,4,0.3517039716243744,0.7927883863449097,0.35
5654,True,exact,0.7,B) attract,attract,0.375,1.0,0.23076923076923078,3,13,3,3,0.46578797698020935,0.8115913271903992,0.35
5655,True,exact,0.7,B) seahorse,seahorse,0.47058823529411764,1.0,0.3076923076923077,4,13,4,4,0.4544413983821869,0.7928290367126465,0.35
5656,False,exact,0.3,B) Solution B,neither; their concentrations are the same,0.33333333333333337,1.0,0.2,3,15,3,3,0.4849768280982971,0.8185790777206421,0.35
5657,True,exact,0.7,D) Boston,Boston,0.7499999999999999,1.0,0.6,3,5,3,3,0.5207574367523193,0.8540402054786682,0.35
5658,True,numeric_exact,1.0,C) The magnitude of the magnetic force is greater in Pair 1.,The magnitude of the magnetic force is greater in Pair 1.,0.6153846153846153,0.6666666666666666,0.5714285714285714,6,7,4,4,0.4722685217857361,0.8567128777503967,0.35
5659,True,exact,1.0,The strength of the magnetic force is the same in both pairs.,The strength of the magnetic force is the same in both pairs.,0.6666666666666666,1.0,0.5,4,8,4,4,0.5106282830238342,0.8196994662284851,0.35
5660,True,exact,0.7,C) Both my state and national government officials have power over important issues.,Both my state and national government officials have power over important issues.,0.47058823529411764,1.0,0.3076923076923077,4,13,4,4,0.4940732717514038,0.859358012676239,0.35
5661,False,exact,0.3,B) Massachusetts,Rhode Island,0.5,0.3333333333333333,1.0,3,1,1,1,0.5075461268424988,0.5176440477371216,0.35
5662,True,exact,1.0,Do more bacteria grow in liquid with cinnamon than in liquid without cinnamon?,Do more bacteria grow in liquid with cinnamon than in liquid without cinnamon?,0.5333333333333333,1.0,0.36363636363636365,4,11,4,4,0.35336199402809143,0.7682188153266907,0.35
5663,True,exact,0.7,B) great blue heron,great blue heron,0.5,1.0,0.3333333333333333,4,12,4,4,0.37236538529396057,0.7492457032203674,0.35
5664,True,exact,0.7,C) Precipitation does not change much from month to month in Atlanta.,Precipitation does not change much from month to month in Atlanta.,0.7142857142857143,1.0,0.5555555555555556,5,9,5,5,0.41141700744628906,0.7564995884895325,0.35
5665,True,exact,1.0,Do bananas develop more brown spots if they are kept in bags with holes compared to bags without holes?,Do bananas develop more brown spots if they are kept in bags with holes compared to bags without holes?,0.4444444444444444,0.8,0.3076923076923077,5,13,4,4,0.3405225872993469,0.7795029282569885,0.35
5666,True,exact,0.7,D) the shopping mall,the shopping mall,0.28571428571428575,0.6666666666666666,0.18181818181818182,3,11,2,2,0.30822890996932983,0.9467261433601379,0.35
5667,True,exact,0.7,D) Palau,Palau,0.6666666666666666,1.0,0.5,3,6,3,3,0.47176802158355713,0.7831776142120361,0.35
5668,True,exact,0.7,B) Columbus,Columbus,0.4,1.0,0.25,3,12,3,3,0.23739473521709442,0.7734905481338501,0.35
5669,True,exact,0.7,B) red-eyed tree frog,red-eyed tree frog,0.6153846153846154,0.8,0.5,5,8,4,4,0.3681992292404175,0.7561877369880676,0.35
5670,True,exact,1.0,whether the filter was clogged,whether the filter was clogged,0.7499999999999999,1.0,0.6,6,10,6,6,0.47197800874710083,0.8952775001525879,0.35
5671,True,exact,1.0,bumpy,bumpy,0.2,0.4,0.13333333333333333,5,15,2,2,0.2823691666126251,0.6652387380599976,0.35
5672,False,exact,0.3,B) The magnetic force is stronger in Pair 1.,The strength of the magnetic force is the same in both pairs.,0.5714285714285715,1.0,0.4,4,10,4,4,0.4301070272922516,0.7539757490158081,0.35
5673,False,exact,1.0,transparent,fragile,0.4210526315789474,0.5714285714285714,0.3333333333333333,7,12,4,4,0.16620729863643646,0.6847794055938721,0.35
5674,True,exact,0.7,B) They jump onto bugs.,They jump onto bugs.,0.6153846153846153,1.0,0.4444444444444444,4,9,4,4,0.3783664405345917,0.8124499320983887,0.35
5675,True,numeric_exact,1.0,B) how steady a parachute with a 1 m vent was at 200 km per hour,how steady a parachute with a 1 m vent was at 200 km per hour,0.4210526315789474,1.0,0.26666666666666666,4,15,4,4,0.4218824505805969,0.7834175229072571,0.35
5676,True,exact,0.7,C) Arkansas,Arkansas,0.5454545454545454,1.0,0.375,3,8,3,3,0.48918259143829346,0.7887790203094482,0.35
5677,True,exact,0.7,B) It has a medium amount of rain.,It has a medium amount of rain.,0.6666666666666666,1.0,0.5,4,8,4,4,0.4212837815284729,0.8409637212753296,0.35
5678,True,exact,1.0,oxygen,oxygen,0.5263157894736842,1.0,0.35714285714285715,5,14,5,5,0.3886265754699707,0.8233617544174194,0.35
5679,True,exact,1.0,a compound,a compound,0.375,1.0,0.23076923076923078,3,13,3,3,0.5385353565216064,0.7771978974342346,0.35
5680,True,exact,1.0,hard,hard,0.125,0.25,0.08333333333333333,4,12,1,1,0.2009323388338089,0.5160765647888184,0.35
5681,True,exact,1.0,Africa,Africa,0.4615384615384615,1.0,0.3,3,10,3,3,0.5310656428337097,0.6997649669647217,0.35
5682,True,exact,1.0,mineral,mineral,0.5714285714285715,1.0,0.4,4,10,4,4,0.601923942565918,0.8286519646644592,0.35
5683,False,exact,1.0,attract,repel,0.6666666666666666,1.0,0.5,3,6,3,3,0.40631115436553955,0.6928374171257019,0.35
5684,False,exact,0.3,South America,Antarctica,0.4444444444444445,1.0,0.2857142857142857,2,7,2,2,0.5003717541694641,0.7571314573287964,0.35
5685,False,numeric_mismatch,0.0,The magnetic force is weaker in Pair 1.,The magnetic force is weaker in Pair 2.,0.5714285714285715,1.0,0.4,4,10,4,4,0.577337920665741,0.9276852011680603,0.35
5686,True,exact,0.7,A) Virginia,Virginia,0.6,1.0,0.42857142857142855,3,7,3,3,0.39704635739326477,0.8136089444160461,0.35
5687,True,numeric_exact,1.0,whether the new turbine could produce 10% more electricity,whether the new turbine could produce 10% more electricity,0.7142857142857143,1.0,0.5555555555555556,5,9,5,5,0.29496312141418457,0.6423224210739136,0.35
5688,True,exact,0.7,A) zebra,zebra,0.25,0.5,0.16666666666666666,4,12,2,2,0.3561626970767975,0.8370067477226257,0.35
5689,False,exact,1.0,attract,repel,0.33333333333333337,1.0,0.2,3,15,3,3,0.4052894115447998,0.8147280216217041,0.35
5690,True,exact,1.0,the surroundings . . . each vial,the surroundings . . . each vial,0.47619047619047616,1.0,0.3125,5,16,5,5,0.5343360900878906,0.7737539410591125,0.35
5691,True,exact,1.0,marine file snake,marine file snake,0.4,1.0,0.25,4,16,4,4,0.308868944644928,0.8372321724891663,0.35
5692,False,exact,1.0,attract,repel,0.35294117647058826,1.0,0.21428571428571427,3,14,3,3,0.5052267909049988,0.8111979365348816,0.35
5693,False,exact,1.0,attract,repel,0.6666666666666666,1.0,0.5,4,8,4,4,0.47080665826797485,0.7797972559928894,0.35
5694,True,exact,0.7,"B) the Antarctic krill, the emperor penguins, and the leopard seals","the Antarctic krill, the emperor penguins, and the leopard seals",0.7142857142857143,1.0,0.5555555555555556,5,9,5,5,0.36394599080085754,0.8031653761863708,0.35
5695,False,exact,1.0,flexible,smooth,0.47058823529411764,1.0,0.3076923076923077,4,13,4,4,0.20797568559646606,0.4882809519767761,0.35
5696,True,exact,1.0,toes,toes,0.8,1.0,0.6666666666666666,4,6,4,4,0.5032603144645691,0.7720407247543335,0.35
5697,True,exact,0.7,B) Olympia,Olympia,0.5,0.3333333333333333,1.0,3,1,1,1,0.5211460590362549,0.647343099117279,0.35
5698,True,exact,0.7,D) Barry can trade his tomatoes for Mona's broccoli.,Barry can trade his tomatoes for Mona's broccoli.,0.8,1.0,0.6666666666666666,6,9,6,6,0.4681457281112671,0.9125972390174866,0.35
5699,True,exact,0.7,C) Augusta,Augusta,0.6,1.0,0.42857142857142855,3,7,3,3,0.3906482458114624,0.9308560490608215,0.35
5700,True,exact,1.0,whether the filter was clogged,whether the filter was clogged,0.375,1.0,0.23076923076923078,3,13,3,3,0.49603018164634705,0.7235714793205261,0.35
5701,True,exact,1.0,Australia,Australia,0.33333333333333337,1.0,0.2,3,15,3,3,0.4936850666999817,0.805302083492279,0.35
5702,True,exact,0.7,D) the Marshall Islands,the Marshall Islands,0.5,1.0,0.3333333333333333,3,9,3,3,0.3545028567314148,0.7385926842689514,0.35
5703,True,exact,0.7,A) Helena,Helena,0.5,0.3333333333333333,1.0,3,1,1,1,0.3736812174320221,0.42597490549087524,0.35
5704,True,exact,0.7,B) It eats a primary consumer.,It eats a primary consumer.,0.4615384615384615,0.6,0.375,5,8,3,3,0.38966134190559387,0.930336594581604,0.35
5705,True,exact,0.7,C) Salt Lake City,Salt Lake City,0.4,1.0,0.25,3,12,3,3,0.3783256411552429,0.8099864721298218,0.35
5706,True,exact,1.0,snowy owl,snowy owl,0.5000000000000001,0.8,0.36363636363636365,5,11,4,4,0.324108749628067,0.6610719561576843,0.35
5707,True,exact,0.7,B) Juneau,Juneau,0.5454545454545454,0.75,0.42857142857142855,4,7,3,3,0.37010714411735535,0.9218975305557251,0.35
5708,True,exact,0.7,A) great white shark,great white shark,0.37499999999999994,0.6,0.2727272727272727,5,11,3,3,0.2322920560836792,0.775847852230072,0.35
5709,True,exact,0.7,B) Carson City,Carson City,0.6,1.0,0.42857142857142855,3,7,3,3,0.4558278024196625,0.9117938280105591,0.35
5710,True,exact,1.0,feather,feather,0.42857142857142855,1.0,0.2727272727272727,3,11,3,3,0.4842780828475952,0.8325778841972351,0.35
5711,False,exact,0.3,neither; their concentrations are the same,Solution A,0.6666666666666666,1.0,0.5,3,6,3,3,0.5160424709320068,0.8139108419418335,0.35
5712,True,exact,1.0,wood,wood,0.5,1.0,0.3333333333333333,3,9,3,3,0.34057486057281494,0.788878321647644,0.35
5713,True,exact,0.7,B) Eurasian lynx,Eurasian lynx,0.5,1.0,0.3333333333333333,4,12,4,4,0.5151538252830505,0.8797275424003601,0.35
5714,False,numeric_mismatch,0.0,The magnetic force is stronger in Pair 1.,The magnetic force is stronger in Pair 2.,0.5454545454545454,1.0,0.375,3,8,3,3,0.6147897243499756,0.9059001803398132,0.35
5715,True,numeric_exact,1.0,C) 3:1,3:1,0.5333333333333333,1.0,0.36363636363636365,4,11,4,4,0.4394553005695343,0.9089669585227966,0.35
5716,True,exact,0.7,B) starry moray,starry moray,0.6666666666666666,1.0,0.5,4,8,4,4,0.4752786159515381,0.8926969766616821,0.35
5717,False,exact,0.3,It has many different types of trees.,It has soil that is rich in nutrients.,0.375,1.0,0.23076923076923078,3,13,3,3,0.3420625925064087,0.5716543793678284,0.35
5718,True,exact,1.0,Minnesota,Minnesota,0.35294117647058826,1.0,0.21428571428571427,3,14,3,3,0.5242807269096375,0.891106367111206,0.35
5719,False,exact,1.0,fragile,stretchy,0.3157894736842105,0.6,0.21428571428571427,5,14,3,3,0.1980890929698944,0.6030563116073608,0.35
5720,True,yes_no,1.0,no,no,0.8,1.0,0.6666666666666666,4,6,4,4,0.4970158636569977,0.9557425379753113,0.35
5721,True,exact,1.0,It has many different types of organisms.,It has many different types of organisms.,0.5333333333333333,1.0,0.36363636363636365,4,11,4,4,0.297289103269577,0.7193828225135803,0.35
5722,True,exact,0.7,C) Carson City,Carson City,0.7499999999999999,1.0,0.6,3,5,3,3,0.4203968644142151,0.7673971652984619,0.35
5723,False,exact,0.3,D) Delaware,New Hampshire,0.5,1.0,0.3333333333333333,3,9,3,3,0.4199675917625427,0.6985146999359131,0.35
5724,True,exact,0.7,A) Juneau,Juneau,0.5714285714285715,0.6666666666666666,0.5,6,8,4,4,0.3486369550228119,0.9448127150535583,0.35
5725,True,exact,0.7,A) Baton Rouge,Baton Rouge,0.4,0.6666666666666666,0.2857142857142857,3,7,2,2,0.36355000734329224,0.779938817024231,0.35
5726,True,exact,0.7,B) sample B,sample B,0.6,1.0,0.42857142857142855,6,14,6,6,0.43849050998687744,0.9638425707817078,0.35
5727,True,exact,0.7,D) Wyoming,Wyoming,0.5333333333333333,1.0,0.36363636363636365,4,11,4,4,0.42206260561943054,0.680280864238739,0.35
5728,True,exact,1.0,earthworm,earthworm,0.625,1.0,0.45454545454545453,5,11,5,5,0.4461923837661743,0.8986606597900391,0.35
5729,True,exact,0.7,C) Carson City,Carson City,0.35294117647058826,1.0,0.21428571428571427,3,14,3,3,0.38234943151474,0.7988558411598206,0.35
5730,False,numeric_mismatch,0.0,B) 1/4,2/4,0.4,1.0,0.25,3,12,3,3,0.29117128252983093,0.6664261817932129,0.35
5731,True,exact,0.7,D) Massachusetts,Massachusetts,0.4,1.0,0.25,3,12,3,3,0.5262168645858765,0.8391320109367371,0.35
5732,True,exact,0.7,A) Hartford,Hartford,0.5454545454545454,0.75,0.42857142857142855,4,7,3,3,0.42856326699256897,0.8674222826957703,0.35
5733,True,exact,1.0,exoskeleton,exoskeleton,0.42857142857142855,1.0,0.2727272727272727,3,11,3,3,0.31335264444351196,0.7188507318496704,0.35
5734,True,exact,0.7,B) The magnitude of the magnetic force is the same in both pairs.,The magnitude of the magnetic force is the same in both pairs.,0.5,1.0,0.3333333333333333,5,15,5,5,0.5243502259254456,0.8793768286705017,0.35
5735,False,exact,0.3,The magnetic force is weaker in Pair 2.,The strength of the magnetic force is the same in both pairs.,0.35294117647058826,1.0,0.21428571428571427,3,14,3,3,0.4950667917728424,0.7332363724708557,0.35
5736,False,numeric_mismatch,0.0,C) The magnetic force is weaker in Pair 2.,The magnetic force is weaker in Pair 1.,0.5882352941176471,1.0,0.4166666666666667,5,12,5,5,0.383606880903244,0.8249040842056274,0.35
5737,False,exact,0.3,C) Mississippi,Minnesota,0.5,1.0,0.3333333333333333,3,9,3,3,0.40752601623535156,0.7641671895980835,0.35
5738,True,exact,0.7,A) red howler,red howler,0.6666666666666666,1.0,0.5,5,10,5,5,0.375861257314682,0.686551034450531,0.35
5739,True,exact,0.7,A) Olympia,Olympia,0.4615384615384615,1.0,0.3,3,10,3,3,0.3195537328720093,0.8772316575050354,0.35
5740,True,exact,1.0,chlorine,chlorine,0.7499999999999999,1.0,0.6,3,5,3,3,0.4068455398082733,0.9096325635910034,0.35
5741,True,exact,0.7,A) Madison,Madison,0.4615384615384615,1.0,0.3,3,10,3,3,0.3983794152736664,0.9182913899421692,0.35
5742,True,exact,0.7,D) A,A,0.5454545454545454,1.0,0.375,3,8,3,3,0.5541927218437195,0.7893507480621338,0.35
5743,True,exact,0.7,C) Tallahassee,Tallahassee,0.6666666666666666,1.0,0.5,3,6,3,3,0.4821870028972626,0.8275091648101807,0.35
5744,True,exact,1.0,the surroundings . . . each refrigerator,the surroundings . . . each refrigerator,0.4444444444444444,0.8,0.3076923076923077,5,13,4,4,0.4441069960594177,0.7935913801193237,0.35
5745,True,exact,0.7,B) Cybister sugillatus,Cybister sugillatus,0.35294117647058826,1.0,0.21428571428571427,3,14,3,3,0.45698878169059753,0.9501508474349976,0.35
5746,True,exact,0.7,C) Bryum moss plants are made up of tiny units called cells.,Bryum moss plants are made up of tiny units called cells.,0.47058823529411764,1.0,0.3076923076923077,4,13,4,4,0.35473936796188354,0.8997724056243896,0.35
5747,True,exact,0.7,B) New Jersey,New Jersey,0.4,1.0,0.25,3,12,3,3,0.44956621527671814,0.7427701354026794,0.35
5748,False,exact,0.3,B) The magnitude of the magnetic force is the same in both pairs.,The magnitude of the magnetic force is smaller in Pair 1.,0.6153846153846153,1.0,0.4444444444444444,4,9,4,4,0.5453871488571167,0.8816348910331726,0.35
5749,True,exact,0.7,D) Montgomery,Montgomery,0.6,1.0,0.42857142857142855,3,7,3,3,0.4842132329940796,0.9441304802894592,0.35
5750,True,exact,1.0,stretchy,stretchy,0.35294117647058826,1.0,0.21428571428571427,3,14,3,3,0.29096028208732605,0.8306266069412231,0.35
5751,True,exact,1.0,soft,soft,0.42857142857142855,1.0,0.2727272727272727,3,11,3,3,0.26435840129852295,0.5483458638191223,0.35
5752,False,numeric_mismatch,0.0,B) 4/4,0/4,0.5,1.0,0.3333333333333333,4,12,4,4,0.3647659718990326,0.8604601621627808,0.35
5753,False,exact,0.3,a liquid,a solid,0.888888888888889,1.0,0.8,4,5,4,4,0.45227307081222534,0.7265151143074036,0.35
5754,True,exact,0.7,A) sample B,sample B,0.5555555555555556,1.0,0.38461538461538464,5,13,5,5,0.42246901988983154,0.8518010973930359,0.35
5755,True,exact,0.7,B) Carson City,Carson City,0.5454545454545454,1.0,0.375,3,8,3,3,0.39138078689575195,0.7854063510894775,0.35
5756,True,exact,0.7,C) Pennsylvania,Pennsylvania,0.35294117647058826,1.0,0.21428571428571427,3,14,3,3,0.5679790377616882,0.8039006590843201,0.35
5757,False,exact,0.3,Can light bulbs stay lit longer when circuits include copper or when circuits include iron?,Do circuits that include iron produce dimmer light than circuits that include copper?,0.4210526315789474,1.0,0.26666666666666666,4,15,4,4,0.3392820954322815,0.678023636341095,0.35
5758,True,exact,1.0,a solid,a solid,0.6666666666666666,1.0,0.5,3,6,3,3,0.4806801974773407,0.8103097081184387,0.35
5759,True,exact,0.7,C) Arkansas,Arkansas,0.5714285714285715,1.0,0.4,4,10,4,4,0.4129733145236969,0.7159732580184937,0.35
5760,True,exact,0.7,A) Phoenix,Phoenix,0.4615384615384615,1.0,0.3,3,10,3,3,0.29884737730026245,0.8217478394508362,0.35
5761,True,exact,0.7,B) a new plant,a new plant,0.47058823529411764,1.0,0.3076923076923077,4,13,4,4,0.4207784831523895,0.775355875492096,0.35
5762,False,exact,0.3,insufficient information,sea otter,0.5714285714285715,1.0,0.4,4,10,4,4,0.33018746972084045,0.8455075621604919,0.35
5763,True,exact,1.0,bumpy,bumpy,0.39999999999999997,0.75,0.2727272727272727,4,11,3,3,0.27900171279907227,0.6894376873970032,0.35
5764,True,exact,1.0,stretchy,stretchy,0.15384615384615383,0.25,0.1111111111111111,4,9,1,1,0.1457080990076065,0.38610512018203735,0.35
5765,True,exact,1.0,It has land that is covered with water during most of the year. It also has soil that is rich in nutrients.,It has land that is covered with water during most of the year. It also has soil that is rich in nutrients.,0.6666666666666666,1.0,0.5,4,8,4,4,0.3955753445625305,0.7117704749107361,0.35
5766,True,exact,1.0,Africa,Africa,0.375,1.0,0.23076923076923078,3,13,3,3,0.5137583613395691,0.7250533103942871,0.35
5767,True,exact,0.7,C) Helena,Helena,0.5714285714285715,1.0,0.4,4,10,4,4,0.3651914894580841,0.7954810261726379,0.35
5768,True,exact,1.0,attract,attract,0.5,0.3333333333333333,1.0,3,1,1,1,0.5598737597465515,0.6076129674911499,0.35
5769,True,exact,0.7,C) Virginia,Virginia,0.375,1.0,0.23076923076923078,3,13,3,3,0.43917733430862427,0.8024466633796692,0.35
5770,True,exact,1.0,the flowers,the flowers,0.5,0.75,0.375,4,8,3,3,0.4509817659854889,0.8929489850997925,0.35
5771,True,exact,0.7,B) red kangaroo,red kangaroo,0.37499999999999994,0.6,0.2727272727272727,5,11,3,3,0.30132225155830383,0.6024844646453857,0.35
5772,True,exact,0.7,B) which design would have the greatest distance between the concert area and the road,which design would have the greatest distance between the concert area and the road,0.5714285714285714,0.8,0.4444444444444444,5,9,4,4,0.29599398374557495,0.5830428004264832,0.35
5773,True,exact,1.0,It eats another living thing.,It eats another living thing.,0.4,1.0,0.25,3,12,3,3,0.5762573480606079,0.8070003986358643,0.35
5774,False,exact,0.3,Taricha torosa,Lissotriton vulgaris,0.5714285714285715,1.0,0.4,4,10,4,4,0.39574140310287476,0.8776788115501404,0.35
5775,False,numeric_mismatch,0.0,B) 4:0,2:2,0.6666666666666666,1.0,0.5,5,10,5,5,0.37605130672454834,0.8418869376182556,0.35
5776,True,exact,0.7,C) Ethan can trade his tomatoes for Irma's broccoli.,Ethan can trade his tomatoes for Irma's broccoli.,0.6666666666666666,1.0,0.5,4,8,4,4,0.49212124943733215,0.8920300006866455,0.35
5777,True,exact,0.7,B) The magnitude of the magnetic force is the same in both pairs.,The magnitude of the magnetic force is the same in both pairs.,0.5714285714285715,1.0,0.4,4,10,4,4,0.46345585584640503,0.7082675099372864,0.35
5778,True,exact,0.7,D) Juneau,Juneau,0.5714285714285715,1.0,0.4,4,10,4,4,0.32943978905677795,0.9618851542472839,0.35
5779,True,exact,1.0,a compound,a compound,0.47058823529411764,1.0,0.3076923076923077,4,13,4,4,0.5503320693969727,0.9241867661476135,0.35
5780,True,exact,0.7,C) metamorphic,metamorphic,0.5454545454545454,1.0,0.375,3,8,3,3,0.5929051041603088,0.8727128505706787,0.35
5781,True,exact,0.7,D) Helena,Helena,0.5454545454545454,0.75,0.42857142857142855,4,7,3,3,0.43306151032447815,0.8760557174682617,0.35
5782,True,exact,1.0,common kingfisher,common kingfisher,0.9090909090909091,1.0,0.8333333333333334,5,6,5,5,0.391767293214798,0.8008811473846436,0.35
5783,True,exact,0.7,C) Antarctica,Antarctica,0.375,1.0,0.23076923076923078,3,13,3,3,0.5129251480102539,0.855430006980896,0.35
5784,True,exact,0.7,A) Cyanocitta stelleri,Cyanocitta stelleri,0.5454545454545454,1.0,0.375,3,8,3,3,0.3932223320007324,0.800676167011261,0.35
5785,True,exact,1.0,fragile,fragile,0.2,0.3333333333333333,0.14285714285714285,3,7,1,1,0.1627495437860489,0.3751751184463501,0.35
5786,True,exact,1.0,sample A,sample A,0.47058823529411764,1.0,0.3076923076923077,4,13,4,4,0.43466058373451233,0.818988561630249,0.35
5787,True,exact,1.0,rubber,rubber,0.8,1.0,0.6666666666666666,4,6,4,4,0.38398241996765137,0.8904845118522644,0.35
5788,False,exact,0.3,C) the Dominican Republic,Haiti,0.375,1.0,0.23076923076923078,3,13,3,3,0.4560684263706207,0.6883965730667114,0.35
5789,True,exact,1.0,Do the insides of white boxes get hotter than the insides of black boxes when the boxes are left in the sun?,Do the insides of white boxes get hotter than the insides of black boxes when the boxes are left in the sun?,0.5555555555555556,1.0,0.38461538461538464,5,13,5,5,0.4203350245952606,0.7070188522338867,0.35
5790,True,exact,0.7,B) Sacramento,Sacramento,0.5,1.0,0.3333333333333333,3,9,3,3,0.4596870243549347,0.8922364115715027,0.35
5791,True,exact,0.7,A) Solution B,Solution B,0.4,1.0,0.25,3,12,3,3,0.5933845043182373,0.9613673090934753,0.35
5792,True,exact,0.7,B) January,January,0.4,1.0,0.25,3,12,3,3,0.4475531578063965,0.9280757308006287,0.35
5793,True,exact,0.7,C) the Atlantic Ocean,the Atlantic Ocean,0.5714285714285715,1.0,0.4,4,10,4,4,0.45225778222084045,0.8021005392074585,0.35
5794,True,exact,0.7,C) The magnitude of the magnetic force is the same in both pairs.,The magnitude of the magnetic force is the same in both pairs.,0.8571428571428571,1.0,0.75,6,8,6,6,0.47994327545166016,0.9169620871543884,0.35
5795,True,exact,0.7,D) Dover,Dover,0.5714285714285715,1.0,0.4,4,10,4,4,0.31507420539855957,0.9402637481689453,0.35
5796,True,exact,1.0,Do slugs eat more from tomato leaves or broccoli leaves?,Do slugs eat more from tomato leaves or broccoli leaves?,0.4444444444444445,1.0,0.2857142857142857,4,14,4,4,0.41663843393325806,0.7928186058998108,0.35
5797,True,exact,1.0,filtration,filtration,0.5333333333333333,1.0,0.36363636363636365,4,11,4,4,0.35504183173179626,0.8708740472793579,0.35
5798,True,exact,0.7,A) Virginia,Virginia,0.5,1.0,0.3333333333333333,3,9,3,3,0.4426112771034241,0.7557416558265686,0.35
5799,True,exact,0.7,D) Baton Rouge,Baton Rouge,0.5,0.6666666666666666,0.4,3,5,2,2,0.35967957973480225,0.7663933634757996,0.35
5800,True,exact,1.0,the number of bacteria in a drop of tea,the number of bacteria in a drop of tea,0.5555555555555556,1.0,0.38461538461538464,5,13,5,5,0.3423885107040405,0.7576231956481934,0.35
5801,True,numeric_exact,1.0,KRT13 gene . . . keratin protein,KRT13 gene . . . keratin protein,0.4615384615384615,1.0,0.3,3,10,3,3,0.4572749435901642,0.8270604610443115,0.35
5802,True,exact,0.7,D) Dominica,Dominica,0.4210526315789474,1.0,0.26666666666666666,4,15,4,4,0.4391292631626129,0.78166264295578,0.35
5803,True,exact,0.7,A) Carson City,Carson City,0.6,1.0,0.42857142857142855,3,7,3,3,0.40325042605400085,0.7810187339782715,0.35
5804,True,exact,1.0,Africa,Africa,0.6666666666666666,1.0,0.5,3,6,3,3,0.5322455763816833,0.7590567469596863,0.35
5805,True,exact,0.7,A) goldfish,goldfish,0.6666666666666666,0.8,0.5714285714285714,5,7,4,4,0.3898122012615204,0.7121160626411438,0.35
5806,True,exact,0.7,B) New Jersey,New Jersey,0.42857142857142855,1.0,0.2727272727272727,3,11,3,3,0.47730526328086853,0.923725426197052,0.35
5807,False,exact,0.3,B) Saint Kitts and Nevis,Antigua and Barbuda,0.42857142857142855,1.0,0.2727272727272727,3,11,3,3,0.39148393273353577,0.8447032570838928,0.35
5808,True,exact,0.7,D) Olympia,Olympia,0.5714285714285715,1.0,0.4,4,10,4,4,0.4060279428958893,0.8476808071136475,0.35
5809,True,exact,1.0,a gas,a gas,0.6153846153846153,1.0,0.4444444444444444,4,9,4,4,0.40804004669189453,0.7735797762870789,0.35
5810,False,numeric_mismatch,0.0,The magnitude of the magnetic force is greater in Pair 2.,The magnitude of the magnetic force is greater in Pair 1.,0.42857142857142855,1.0,0.2727272727272727,3,11,3,3,0.6095077991485596,0.8585783839225769,0.35
5811,True,exact,0.7,B) Austin,Austin,0.5454545454545454,1.0,0.375,3,8,3,3,0.32001903653144836,0.898850679397583,0.35
5812,True,exact,0.7,A) rabbit,rabbit,0.4,1.0,0.25,3,12,3,3,0.42279091477394104,0.7382708191871643,0.35
5813,True,exact,1.0,weather,weather,0.3333333333333333,0.6666666666666666,0.2222222222222222,3,9,2,2,0.2964187562465668,0.8058053255081177,0.35
5814,True,exact,1.0,Ohio,Ohio,0.5,1.0,0.3333333333333333,3,9,3,3,0.4284251928329468,0.7346756458282471,0.35
5815,True,exact,1.0,a liquid,a liquid,0.6,1.0,0.42857142857142855,3,7,3,3,0.4281257092952728,0.7538880109786987,0.35
5816,True,exact,0.7,B) Saint Kitts and Nevis,Saint Kitts and Nevis,0.4615384615384615,1.0,0.3,3,10,3,3,0.4339597523212433,0.797904908657074,0.35
5817,True,exact,1.0,North America,North America,0.42857142857142855,1.0,0.2727272727272727,3,11,3,3,0.5035675168037415,0.7715554237365723,0.35
5818,True,exact,0.7,B) South America,South America,0.5714285714285715,1.0,0.4,2,5,2,2,0.5374805331230164,0.6648469567298889,0.35
5819,False,exact,1.0,Alabama,Illinois,0.42857142857142855,1.0,0.2727272727272727,3,11,3,3,0.41385963559150696,0.8062688708305359,0.35
5820,True,exact,1.0,Europe,Europe,0.4615384615384615,1.0,0.3,3,10,3,3,0.5095866918563843,0.7974140048027039,0.35
5821,False,exact,0.3,toward the bulldozer,away from the bulldozer,0.3076923076923077,1.0,0.18181818181818182,2,11,2,2,0.5535159707069397,0.8950092196464539,0.35
5822,True,exact,1.0,Open,Open,0.33333333333333337,1.0,0.2,2,10,2,2,0.44791364669799805,0.6870419979095459,0.35
5823,False,exact,1.0,Open,Closed,0.3636363636363636,1.0,0.2222222222222222,2,9,2,2,0.4128948450088501,0.6849756836891174,0.35
5824,False,exact,1.0,Thin,Round,0.4,1.0,0.25,2,8,2,2,0.39077526330947876,0.6834973692893982,0.35
5825,True,exact,1.0,Thin,Thin,0.5,1.0,0.3333333333333333,3,9,3,3,0.3963618576526642,0.7361620664596558,0.35
5826,False,exact,1.0,Right,Left,0.4,1.0,0.25,2,8,2,2,0.4458951950073242,0.7939149737358093,0.35
5827,False,exact,1.0,Left,Right,0.6,1.0,0.42857142857142855,3,7,3,3,0.451846182346344,0.7083185911178589,0.35
5828,True,exact,1.0,Towards the camera,Towards the camera,0.4615384615384615,1.0,0.3,3,10,3,3,0.3043111264705658,0.725901186466217,0.35
5829,True,exact,0.7,B) Away from the camera,Away from the camera,0.42857142857142855,1.0,0.2727272727272727,3,11,3,3,0.29032742977142334,0.6542158126831055,0.35
5830,True,yes_no,1.0,Yes,Yes,0.3636363636363636,1.0,0.2222222222222222,2,9,2,2,0.5700635313987732,0.8501646518707275,0.35
5831,True,yes_no,1.0,No,No,0.30769230769230765,0.6666666666666666,0.2,3,10,2,2,0.3029768764972687,0.8788248896598816,0.35
5832,True,yes_no,1.0,Yes,Yes,0.5,1.0,0.3333333333333333,3,9,3,3,0.4107173681259155,0.7304335236549377,0.35
5833,False,yes_no,1.0,Yes,No,0.5454545454545454,1.0,0.375,3,8,3,3,0.39194217324256897,0.8095954656600952,0.35
5834,False,exact,1.0,Multiple,Single,0.5714285714285715,1.0,0.4,4,10,4,4,0.35361871123313904,0.6097011566162109,0.35
5835,True,exact,1.0,Multiple,Multiple,0.3333333333333333,0.6666666666666666,0.2222222222222222,3,9,2,2,0.1915523260831833,0.38371485471725464,0.35
5836,False,yes_no,1.0,No,Yes,0.5454545454545454,1.0,0.375,3,8,3,3,0.291608601808548,0.6319669485092163,0.35
5837,False,yes_no,1.0,Yes,No,0.6153846153846153,1.0,0.4444444444444444,4,9,4,4,0.4028080999851227,0.7240515351295471,0.35
5838,False,yes_no,1.0,No,Yes,0.4615384615384615,1.0,0.3,3,10,3,3,0.31039831042289734,0.6720567941665649,0.35
5839,True,yes_no,1.0,No,No,0.3636363636363636,1.0,0.2222222222222222,2,9,2,2,0.3645989000797272,0.7295364141464233,0.35
5840,True,yes_no,1.0,Yes,Yes,0.5,1.0,0.3333333333333333,3,9,3,3,0.5337096452713013,0.8716487884521484,0.35
5841,True,yes_no,1.0,No,No,0.6153846153846153,1.0,0.4444444444444444,4,9,4,4,0.3044211268424988,0.933462381362915,0.35
5842,False,yes_no,1.0,No,Yes,0.5454545454545454,1.0,0.375,3,8,3,3,0.5143505930900574,0.8174401521682739,0.35
5843,True,yes_no,1.0,No,No,0.4444444444444445,1.0,0.2857142857142857,2,7,2,2,0.5511338114738464,0.8595420718193054,0.35
5844,False,exact,1.0,Side,Front,0.5,1.0,0.3333333333333333,3,9,3,3,0.3379111588001251,0.8538177013397217,0.35
5845,True,exact,1.0,Side,Side,0.3636363636363636,1.0,0.2222222222222222,2,9,2,2,0.3818016052246094,0.8677364587783813,0.35
5846,True,exact,1.0,Black,Black,0.4,1.0,0.25,2,8,2,2,0.36017754673957825,0.705653190612793,0.35
5847,True,exact,1.0,Red,Red,0.6,1.0,0.42857142857142855,3,7,3,3,0.4602229595184326,0.7784987688064575,0.35
5848,True,yes_no,1.0,Yes,Yes,0.33333333333333337,1.0,0.2,2,10,2,2,0.4399895668029785,0.707781195640564,0.35
5849,True,yes_no,1.0,No,No,0.4615384615384615,1.0,0.3,3,10,3,3,0.39833372831344604,0.6869158744812012,0.35
5850,True,exact,1.0,Correct,Correct,0.5714285714285714,0.8,0.4444444444444444,5,9,4,4,0.2730380892753601,0.8513387441635132,0.35
5851,True,exact,1.0,Incorrect,Incorrect,0.5454545454545454,1.0,0.375,3,8,3,3,0.37714436650276184,0.7911061644554138,0.35
5852,True,yes_no,1.0,Yes,Yes,0.30769230769230765,0.6666666666666666,0.2,3,10,2,2,0.30501967668533325,0.6258413791656494,0.35
5853,False,yes_no,1.0,Yes,No,0.5454545454545454,1.0,0.375,3,8,3,3,0.34783756732940674,0.6345565915107727,0.35
5854,False,yes_no,1.0,No,Yes,0.6153846153846153,1.0,0.4444444444444444,4,9,4,4,0.39567452669143677,0.8456446528434753,0.35
5855,True,yes_no,1.0,No,No,0.5,1.0,0.3333333333333333,3,9,3,3,0.36547762155532837,0.7807669043540955,0.35
5856,True,yes_no,1.0,Yes,Yes,0.5454545454545454,1.0,0.375,3,8,3,3,0.27631112933158875,0.6418442130088806,0.35
5857,True,yes_no,1.0,No,No,0.42857142857142855,1.0,0.2727272727272727,3,11,3,3,0.36821451783180237,0.8642390370368958,0.35
5858,True,exact,1.0,Pink,Pink,0.7272727272727273,1.0,0.5714285714285714,4,7,4,4,0.4552549421787262,0.8281092047691345,0.35
5859,True,exact,0.7,B) Violet,Violet,0.4,1.0,0.25,2,8,2,2,0.5195485353469849,0.8351719975471497,0.35
5860,True,yes_no,1.0,Yes,Yes,0.5454545454545454,1.0,0.375,3,8,3,3,0.5292598009109497,0.8718470335006714,0.35
5861,True,yes_no,1.0,No,No,0.4,1.0,0.25,2,8,2,2,0.46416014432907104,0.8554945588111877,0.35
5862,True,yes_no,1.0,Yes,Yes,0.3333333333333333,0.6666666666666666,0.2222222222222222,3,9,2,2,0.2996280789375305,0.7795944809913635,0.35
5863,False,yes_no,1.0,Yes,No,0.36363636363636365,0.6666666666666666,0.25,3,8,2,2,0.3062821924686432,0.7683621048927307,0.35
5864,False,yes_no,1.0,No,Yes,0.6666666666666666,1.0,0.5,4,8,4,4,0.3612266778945923,0.6106125712394714,0.35
5865,True,yes_no,1.0,No,No,0.5454545454545454,1.0,0.375,3,8,3,3,0.3136146068572998,0.7715807557106018,0.35
5866,False,yes_no,1.0,No,Yes,0.5714285714285714,0.8,0.4444444444444444,5,9,4,4,0.3516369163990021,0.794538140296936,0.35
5867,True,yes_no,1.0,No,No,0.5,0.75,0.375,4,8,3,3,0.36475688219070435,0.8165510892868042,0.35
5868,False,numeric_mismatch,0.0,B) 6,5,0.36363636363636365,0.6666666666666666,0.25,3,8,2,2,0.296542763710022,0.6244903206825256,0.35
5869,True,numeric_exact,1.0,B) 6,6,0.36363636363636365,0.6666666666666666,0.25,3,8,2,2,0.28845441341400146,0.7301023602485657,0.35
5870,True,yes_no,1.0,Yes,Yes,0.5,1.0,0.3333333333333333,3,9,3,3,0.4439314007759094,0.8252268433570862,0.35
5871,True,yes_no,1.0,No,No,0.5333333333333333,1.0,0.36363636363636365,4,11,4,4,0.47140875458717346,0.8468661904335022,0.35
5872,True,yes_no,1.0,Yes,Yes,0.4444444444444445,1.0,0.2857142857142857,2,7,2,2,0.44250816106796265,0.8356783390045166,0.35
5873,True,yes_no,1.0,No,No,0.4,1.0,0.25,2,8,2,2,0.43163949251174927,0.7378653883934021,0.35
5874,True,yes_no,1.0,Yes,Yes,0.5454545454545454,1.0,0.375,3,8,3,3,0.436879962682724,0.8336011171340942,0.35
5875,False,yes_no,1.0,Yes,No,0.30769230769230765,0.6666666666666666,0.2,3,10,2,2,0.26460981369018555,0.7451125383377075,0.35
5876,True,yes_no,1.0,Yes,Yes,0.5454545454545454,1.0,0.375,3,8,3,3,0.40683403611183167,0.8329929709434509,0.35
5877,False,yes_no,1.0,Yes,No,0.5454545454545454,1.0,0.375,3,8,3,3,0.3920496702194214,0.7424799203872681,0.35
5878,False,yes_no,1.0,No,Yes,0.4,1.0,0.25,2,8,2,2,0.4271514415740967,0.8499842882156372,0.35
5879,False,yes_no,1.0,Yes,No,0.5,1.0,0.3333333333333333,3,9,3,3,0.48860087990760803,0.8911168575286865,0.35
5880,True,yes_no,1.0,Yes,Yes,0.5,1.0,0.3333333333333333,3,9,3,3,0.42894190549850464,0.7054391503334045,0.35
5881,False,yes_no,1.0,Yes,No,0.5,1.0,0.3333333333333333,3,9,3,3,0.4076807498931885,0.6665917634963989,0.35
5882,True,yes_no,1.0,Yes,Yes,0.4,1.0,0.25,2,8,2,2,0.4825111925601959,0.7196511626243591,0.35
5883,False,yes_no,1.0,Yes,No,0.5454545454545454,1.0,0.375,3,8,3,3,0.41818904876708984,0.7691318988800049,0.35
5884,True,exact,1.0,Correct,Correct,0.5454545454545454,1.0,0.375,3,8,3,3,0.5001580119132996,0.8074931502342224,0.35
5885,False,exact,1.0,Correct,Incorrect,0.4615384615384615,1.0,0.3,3,10,3,3,0.4270409941673279,0.7740927338600159,0.35
5886,True,exact,1.0,Correct,Correct,0.6666666666666666,1.0,0.5,4,8,4,4,0.430772602558136,0.8224316239356995,0.35
5887,True,exact,1.0,Incorrect,Incorrect,0.4,1.0,0.25,2,8,2,2,0.4743252992630005,0.7357332110404968,0.35
5888,True,yes_no,1.0,Yes,Yes,0.5,1.0,0.3333333333333333,2,6,2,2,0.3572182357311249,0.6499298810958862,0.35
5889,True,yes_no,1.0,No,No,0.4,1.0,0.25,2,8,2,2,0.4483753740787506,0.7329205870628357,0.35
5890,True,yes_no,1.0,Yes,Yes,0.4,1.0,0.25,2,8,2,2,0.4506114721298218,0.8613432049751282,0.35
5891,False,yes_no,1.0,Yes,No,0.3636363636363636,1.0,0.2222222222222222,2,9,2,2,0.4437587261199951,0.7620058059692383,0.35
5892,True,exact,1.0,Locked,Locked,0.5454545454545454,1.0,0.375,3,8,3,3,0.3422524929046631,0.6291776299476624,0.35
5893,True,exact,1.0,Unlocked,Unlocked,0.5454545454545454,1.0,0.375,3,8,3,3,0.3795410394668579,0.6634423136711121,0.35
5894,False,yes_no,1.0,No,Yes,0.5454545454545454,1.0,0.375,3,8,3,3,0.254154771566391,0.43064501881599426,0.35
5895,True,yes_no,1.0,No,No,0.3636363636363636,1.0,0.2222222222222222,2,9,2,2,0.3246583938598633,0.7129311561584473,0.35
5896,True,exact,1.0,Top,Top,0.3076923076923077,1.0,0.18181818181818182,2,11,2,2,0.34987872838974,0.6970746517181396,0.35
5897,False,exact,1.0,Top,Side,0.4615384615384615,1.0,0.3,3,10,3,3,0.34305134415626526,0.7034659385681152,0.35
5898,True,yes_no,1.0,Yes,Yes,0.6,1.0,0.42857142857142855,3,7,3,3,0.4915950298309326,0.8515564203262329,0.35
5899,False,yes_no,1.0,Yes,No,0.5,1.0,0.3333333333333333,3,9,3,3,0.44893714785575867,0.7681862115859985,0.35
5900,False,exact,1.0,Forward,Upwards,0.4615384615384615,1.0,0.3,3,10,3,3,0.37781059741973877,0.7914292216300964,0.35
5901,False,exact,1.0,Upwards,Forward,0.33333333333333337,1.0,0.2,2,10,2,2,0.4443555474281311,0.6378704905509949,0.35
5902,True,yes_no,1.0,Yes,Yes,0.5,1.0,0.3333333333333333,3,9,3,3,0.5044832825660706,0.8202776908874512,0.35
5903,False,yes_no,1.0,Yes,No,0.5,1.0,0.3333333333333333,3,9,3,3,0.3985390365123749,0.708258330821991,0.35
5904,False,yes_no,1.0,No,Yes,0.36363636363636365,0.6666666666666666,0.25,3,8,2,2,0.4146146774291992,0.7015787363052368,0.35
5905,True,yes_no,1.0,No,No,0.5,1.0,0.3333333333333333,3,9,3,3,0.38736477494239807,0.7941988110542297,0.35
5906,True,exact,1.0,erect,Erect,0.4444444444444445,1.0,0.2857142857142857,2,7,2,2,0.39067766070365906,0.5758858919143677,0.35
5907,False,exact,1.0,erect,Drooping,0.4,1.0,0.25,2,8,2,2,0.4679202437400818,0.6917691826820374,0.35
5908,True,yes_no,1.0,Yes,Yes,0.5454545454545454,1.0,0.375,3,8,3,3,0.5256697535514832,0.7862834334373474,0.35
5909,True,yes_no,1.0,No,No,0.5454545454545454,1.0,0.375,3,8,3,3,0.45753946900367737,0.7671272158622742,0.35
5910,True,yes_no,1.0,Yes,Yes,0.4,1.0,0.25,2,8,2,2,0.28040120005607605,0.7531182169914246,0.35
5911,True,yes_no,1.0,No,No,0.5,1.0,0.3333333333333333,3,9,3,3,0.4235292673110962,0.7414775490760803,0.35
5912,True,yes_no,1.0,Yes,Yes,0.5454545454545454,1.0,0.375,3,8,3,3,0.37648752331733704,0.8677629828453064,0.35
5913,False,yes_no,1.0,Yes,No,0.5,1.0,0.3333333333333333,3,9,3,3,0.4152831435203552,0.7268010973930359,0.35
5914,True,yes_no,1.0,Yes,Yes,0.4444444444444445,1.0,0.2857142857142857,2,7,2,2,0.4677923619747162,0.7174351811408997,0.35
5915,True,yes_no,1.0,No,No,0.6,1.0,0.42857142857142855,3,7,3,3,0.47170084714889526,0.7842177748680115,0.35
5916,True,exact,1.0,Very dense,Very dense,0.4615384615384615,1.0,0.3,3,10,3,3,0.28392505645751953,0.578936755657196,0.35
5917,False,exact,0.3,Very dense,Relatively sparse,0.5,1.0,0.3333333333333333,3,9,3,3,0.3345699608325958,0.5227978825569153,0.35
5918,True,yes_no,1.0,Yes,Yes,0.3636363636363636,1.0,0.2222222222222222,2,9,2,2,0.502679169178009,0.7223802208900452,0.35
5919,False,yes_no,1.0,Yes,No,0.5454545454545454,1.0,0.375,3,8,3,3,0.4972270429134369,0.7117832899093628,0.35
5920,True,exact,1.0,Long,Long,0.5454545454545454,1.0,0.375,3,8,3,3,0.41971465945243835,0.7241209745407104,0.35
5921,False,exact,1.0,Long,Short,0.4444444444444445,1.0,0.2857142857142857,2,7,2,2,0.5053974986076355,0.7612218856811523,0.35
5922,False,exact,0.3,B) Set,Bump,0.6153846153846153,1.0,0.4444444444444444,4,9,4,4,0.2748112678527832,0.5946641564369202,0.35
5923,True,exact,0.7,B) Set,Set,0.5,1.0,0.3333333333333333,4,12,4,4,0.2946185767650604,0.6842391490936279,0.35
5924,True,exact,1.0,Up,Up,0.4444444444444445,1.0,0.2857142857142857,2,7,2,2,0.48461803793907166,0.6959407329559326,0.35
5925,False,exact,1.0,Up,Down,0.4,1.0,0.25,2,8,2,2,0.470260888338089,0.8158067464828491,0.35
5926,True,exact,1.0,Eye level,Eye level,0.4,1.0,0.25,2,8,2,2,0.33648401498794556,0.6436161994934082,0.35
5927,False,exact,0.3,Eye level,Above,0.4,1.0,0.25,2,8,2,2,0.380748987197876,0.712709367275238,0.35
5928,False,yes_no,1.0,No,Yes,0.3636363636363636,1.0,0.2222222222222222,2,9,2,2,0.4366636872291565,0.7853174209594727,0.35
5929,True,yes_no,1.0,No,No,0.5454545454545454,1.0,0.375,3,8,3,3,0.3655921518802643,0.7543911337852478,0.35
5930,True,exact,1.0,Upward,Upward,0.4,1.0,0.25,2,8,2,2,0.4869871139526367,0.7017421722412109,0.35
5931,False,exact,1.0,Upward,Downward,0.4,1.0,0.25,2,8,2,2,0.4673202633857727,0.7156633138656616,0.35
5932,False,exact,1.0,Outward,Inward,0.4444444444444445,1.0,0.2857142857142857,2,7,2,2,0.4583251476287842,0.809431791305542,0.35
5933,True,exact,1.0,Outward,Outward,0.4444444444444445,1.0,0.2857142857142857,2,7,2,2,0.456771582365036,0.7819749116897583,0.35
5934,True,yes_no,1.0,Yes,Yes,0.4,1.0,0.25,2,8,2,2,0.4225459694862366,0.6693769097328186,0.35
5935,True,yes_no,1.0,No,No,0.4615384615384615,1.0,0.3,3,10,3,3,0.39668750762939453,0.8381800651550293,0.35
5936,True,exact,1.0,Away from the camera,Away from the camera,0.5454545454545454,1.0,0.375,3,8,3,3,0.36953094601631165,0.6960924863815308,0.35
5937,False,exact,0.3,Away from the camera,Facing the camera,0.5,1.0,0.3333333333333333,3,9,3,3,0.3546333312988281,0.7150176167488098,0.35
5938,False,numeric_mismatch,0.0,B) 2,1,0.4,1.0,0.25,2,8,2,2,0.45900559425354004,0.7462719082832336,0.35
5939,True,numeric_exact,1.0,B) 2,2,0.4,1.0,0.25,2,8,2,2,0.5152724981307983,0.8382644057273865,0.35
5940,False,numeric_mismatch,0.0,2,1,0.5454545454545454,1.0,0.375,3,8,3,3,0.3926788568496704,0.6845253109931946,0.35
5941,True,numeric_exact,1.0,B) 2,2,0.5454545454545454,1.0,0.375,3,8,3,3,0.417604923248291,0.6567816734313965,0.35
5942,False,yes_no,1.0,No,Yes,0.5454545454545454,1.0,0.375,3,8,3,3,0.4210777282714844,0.668610692024231,0.35
5943,True,yes_no,1.0,No,No,0.6,1.0,0.42857142857142855,3,7,3,3,0.4147661626338959,0.7412388324737549,0.35
5944,True,exact,1.0,Left,Left,0.4,1.0,0.25,2,8,2,2,0.44337648153305054,0.776681661605835,0.35
5945,True,exact,1.0,Right,Right,0.6,1.0,0.42857142857142855,3,7,3,3,0.33614543080329895,0.5931538343429565,0.35
5946,True,yes_no,1.0,Yes,Yes,0.6666666666666666,1.0,0.5,3,6,3,3,0.3487643301486969,0.7427965998649597,0.35
5947,True,yes_no,1.0,No,No,0.5,1.0,0.3333333333333333,3,9,3,3,0.33661583065986633,0.6513193845748901,0.35
5948,True,exact,1.0,Protruding,Protruding,0.4,1.0,0.25,2,8,2,2,0.3306003510951996,0.734404444694519,0.35
5949,False,exact,1.0,Protruding,Indented,0.4615384615384615,1.0,0.3,3,10,3,3,0.3087345361709595,0.7402669787406921,0.35
5950,True,exact,1.0,Directly towards the camera,Directly towards the camera,0.5,1.0,0.3333333333333333,3,9,3,3,0.23079951107501984,0.7089921236038208,0.35
5951,False,exact,0.3,Directly towards the camera,At an angle,0.5,1.0,0.3333333333333333,3,9,3,3,0.42575353384017944,0.8704643845558167,0.35
5952,False,exact,0.3,B) Carpet,Floor,0.5,1.0,0.3333333333333333,3,9,3,3,0.3479706048965454,0.6703819632530212,0.35
5953,True,exact,0.7,B) Carpet,Carpet,0.5,1.0,0.3333333333333333,3,9,3,3,0.359575092792511,0.6872256398200989,0.35
5954,True,exact,0.7,A) OK/SELECT,OK/SELECT,0.6666666666666666,1.0,0.5,4,8,4,4,0.4371151626110077,0.780910849571228,0.35
5955,True,exact,0.7,A) OK/SELECT,OK,0.5,1.0,0.3333333333333333,3,9,3,3,0.45482516288757324,0.7866782546043396,0.35
5956,True,numeric_exact,1.0,1,1,0.5454545454545454,1.0,0.375,3,8,3,3,0.37551915645599365,0.6547436714172363,0.35
5957,True,numeric_exact,1.0,2,2,0.5454545454545454,1.0,0.375,3,8,3,3,0.45695051550865173,0.7582185864448547,0.35
5958,True,exact,0.7,A) Coiled,Coiled,0.33333333333333337,1.0,0.2,2,10,2,2,0.33236852288246155,0.7104440331459045,0.35
5959,False,exact,0.3,A) Coiled,Head extended,0.4,1.0,0.25,2,8,2,2,0.28322380781173706,0.7061851024627686,0.35
5960,True,yes_no,1.0,Yes,Yes,0.4,1.0,0.25,2,8,2,2,0.5436021089553833,0.8692297339439392,0.35
5961,False,yes_no,1.0,Yes,No,0.6,1.0,0.42857142857142855,3,7,3,3,0.30682817101478577,0.7965316772460938,0.35
5962,True,exact,1.0,Raised,Raised,0.4,1.0,0.25,2,8,2,2,0.5024996995925903,0.7645733952522278,0.35
5963,False,exact,1.0,Raised,Lowered,0.4,1.0,0.25,2,8,2,2,0.4603920578956604,0.804809033870697,0.35
5964,True,exact,1.0,Upright,Upright,0.4,1.0,0.25,2,8,2,2,0.31717053055763245,0.7083740830421448,0.35
5965,False,exact,0.3,Upright,Upside down,0.5454545454545454,1.0,0.375,3,8,3,3,0.35609737038612366,0.6859793663024902,0.35
5966,False,exact,0.3,Looking up from below,Looking down from above,0.5,1.0,0.3333333333333333,3,9,3,3,0.348025381565094,0.7669617533683777,0.35
5967,True,exact,1.0,Looking up from below,Looking up from below,0.5333333333333333,1.0,0.36363636363636365,4,11,4,4,0.36442747712135315,0.6248050332069397,0.35
5968,True,exact,0.7,Not visible,Visible,0.33333333333333337,1.0,0.2,2,10,2,2,0.4414241909980774,0.8262627124786377,0.35
5969,True,exact,1.0,Not visible,Not visible,0.5,1.0,0.3333333333333333,3,9,3,3,0.36046168208122253,0.8611544966697693,0.35
5970,True,exact,1.0,Left,Left,0.4,1.0,0.25,2,8,2,2,0.5205968022346497,0.9567033052444458,0.35
5971,False,exact,1.0,Left,Right,0.5,1.0,0.3333333333333333,3,9,3,3,0.4291881024837494,0.7923212051391602,0.35
5972,False,exact,0.3,Side view,Back view,0.33333333333333337,1.0,0.2,2,10,2,2,0.28346550464630127,0.5124719142913818,0.35
5973,True,exact,0.7,B) Side view,Side view,0.5,1.0,0.3333333333333333,3,9,3,3,0.345333993434906,0.7288410067558289,0.35
5974,True,exact,0.7,More than one,One,0.5454545454545454,1.0,0.375,3,8,3,3,0.5109696984291077,0.6693514585494995,0.35
5975,True,exact,1.0,More than one,More than one,0.3636363636363636,1.0,0.2222222222222222,2,9,2,2,0.5743274092674255,0.8021766543388367,0.35
5976,True,exact,1.0,Beside the bedside Table,Beside the bedside Table,0.3636363636363636,1.0,0.2222222222222222,2,9,2,2,0.5015556216239929,0.8501404523849487,0.35
5977,False,exact,0.3,Beside the bedside Table,On the Windowsill,0.4615384615384615,1.0,0.3,3,10,3,3,0.468649297952652,0.8099873661994934,0.35
5978,True,exact,1.0,Silver,Silver,0.5454545454545454,1.0,0.375,3,8,3,3,0.39322686195373535,0.6670592427253723,0.35
5979,False,exact,1.0,Silver,Black,0.36363636363636365,0.6666666666666666,0.25,3,8,2,2,0.3688850402832031,0.6826526522636414,0.35
5980,False,exact,0.3,Both arms,One arm,0.4,0.6666666666666666,0.2857142857142857,3,7,2,2,0.32635560631752014,0.697358250617981,0.35
5981,True,exact,1.0,Both arms,Both arms,0.5,1.0,0.3333333333333333,3,9,3,3,0.3900604248046875,0.5909526348114014,0.35
5982,True,numeric_exact,1.0,12,12,0.4,1.0,0.25,2,8,2,2,0.3609026074409485,0.7229515910148621,0.35
5983,True,numeric_exact,1.0,B) 1,1,0.3636363636363636,1.0,0.2222222222222222,2,9,2,2,0.4603103995323181,0.8009135127067566,0.35
5984,True,exact,1.0,In front of a large window,In front of a large window,0.42857142857142855,1.0,0.2727272727272727,3,11,3,3,0.4289673864841461,0.7122971415519714,0.35
5985,False,exact,0.3,In front of a large window,In front of a wall between two windows,0.6153846153846153,1.0,0.4444444444444444,4,9,4,4,0.37617820501327515,0.7953741550445557,0.35
5986,True,exact,1.0,On a dish,On a dish,0.4,1.0,0.25,2,8,2,2,0.43345052003860474,0.7258946895599365,0.35
5987,False,exact,0.3,On a dish,In bowls of yogurts,0.5,1.0,0.3333333333333333,3,9,3,3,0.54176926612854,0.840779721736908,0.35
5988,False,exact,0.3,All are uncut,Some are cut open,0.6,1.0,0.42857142857142855,3,7,3,3,0.44347208738327026,0.78794926404953,0.35
5989,False,exact,0.3,Some are cut open,All are uncut,0.5,1.0,0.3333333333333333,3,9,3,3,0.3716847002506256,0.7055517435073853,0.35
5990,False,yes_no,1.0,No,Yes,0.36363636363636365,0.6666666666666666,0.25,3,8,2,2,0.3187510669231415,0.6683239340782166,0.35
5991,True,yes_no,1.0,No,No,0.5454545454545454,1.0,0.375,3,8,3,3,0.29745346307754517,0.8748347163200378,0.35
5992,True,yes_no,1.0,Yes,Yes,0.36363636363636365,0.6666666666666666,0.25,3,8,2,2,0.2681802213191986,0.6614474654197693,0.35
5993,False,yes_no,1.0,Yes,No,0.5555555555555556,0.625,0.5,8,10,5,5,0.25680723786354065,0.8056966066360474,0.35
5994,False,exact,1.0,Raised,Flat,0.4615384615384615,1.0,0.3,3,10,3,3,0.2829536199569702,0.6314718127250671,0.35
5995,True,exact,1.0,Raised,Raised,0.5,1.0,0.3333333333333333,3,9,3,3,0.36973392963409424,0.7608355283737183,0.35
5996,True,exact,1.0,Dark,Dark,0.5,1.0,0.3333333333333333,3,9,3,3,0.4312967360019684,0.8974425792694092,0.35
5997,False,exact,1.0,Dark,Light,0.5,1.0,0.3333333333333333,3,9,3,3,0.4123941659927368,0.7087830305099487,0.35
5998,True,exact,1.0,Facing the ocean,Facing the ocean,0.3333333333333333,0.6666666666666666,0.2222222222222222,3,9,2,2,0.1929253190755844,0.6169359087944031,0.35
5999,False,exact,0.3,Facing the ocean,Turned sideways to the ocean,0.4285714285714285,0.75,0.3,4,10,3,3,0.21794652938842773,0.6704080700874329,0.35
6000,False,numeric_mismatch,0.0,B) 2,1,0.5454545454545454,1.0,0.375,3,8,3,3,0.4487956464290619,0.7366060018539429,0.35
6001,True,numeric_exact,1.0,B) 2,2,0.6,1.0,0.42857142857142855,3,7,3,3,0.4202202260494232,0.6992944478988647,0.35
6002,True,exact,1.0,Blue,Blue,0.4615384615384615,1.0,0.3,3,10,3,3,0.47264525294303894,0.7588633298873901,0.35
6003,True,exact,1.0,White,White,0.4,1.0,0.25,2,8,2,2,0.5129414796829224,0.8144330382347107,0.35
6004,False,exact,0.3,Leaning against,Holding hands,0.4615384615384615,1.0,0.3,3,10,3,3,0.3740856945514679,0.6415627598762512,0.35
6005,False,exact,0.3,Holding hands,Leaning against,0.4615384615384615,1.0,0.3,3,10,3,3,0.37170013785362244,0.8567995429039001,0.35
6006,True,yes_no,1.0,Yes,Yes,0.2,0.5,0.125,2,8,1,1,0.2918355166912079,0.575350284576416,0.35
6007,False,yes_no,1.0,Yes,No,0.3636363636363636,1.0,0.2222222222222222,2,9,2,2,0.4501907527446747,0.642315149307251,0.35
6008,False,exact,0.3,Both arms,One arm,0.4444444444444445,1.0,0.2857142857142857,2,7,2,2,0.4594402611255646,0.703966498374939,0.35
6009,True,exact,1.0,Both arms,Both arms,0.3636363636363636,1.0,0.2222222222222222,2,9,2,2,0.4633384346961975,0.6741279363632202,0.35
6010,True,exact,1.0,Grass,Grass,0.3636363636363636,1.0,0.2222222222222222,2,9,2,2,0.34353941679000854,0.5679493546485901,0.35
6011,True,exact,1.0,Gravel path,Gravel path,0.5714285714285715,1.0,0.4,4,10,4,4,0.30491751432418823,0.70247882604599,0.35
6012,True,yes_no,1.0,Yes,Yes,0.5454545454545454,1.0,0.375,3,8,3,3,0.5054978728294373,0.7561193108558655,0.35
6013,True,yes_no,1.0,No,No,0.4615384615384615,1.0,0.3,3,10,3,3,0.4238024353981018,0.7612677216529846,0.35
6014,True,exact,1.0,Floor,Floor,0.5,1.0,0.3333333333333333,3,9,3,3,0.3427108824253082,0.6863231062889099,0.35
6015,True,exact,1.0,Soil,Soil,0.42857142857142855,1.0,0.2727272727272727,3,11,3,3,0.39127346873283386,0.7880200147628784,0.35
6016,False,yes_no,1.0,No,Yes,0.5454545454545454,1.0,0.375,3,8,3,3,0.4565906524658203,0.7826382517814636,0.35
6017,False,yes_no,1.0,Yes,No,0.5,1.0,0.3333333333333333,3,9,3,3,0.4292275011539459,0.7234222292900085,0.35
6018,True,yes_no,1.0,Yes,Yes,0.6,1.0,0.42857142857142855,3,7,3,3,0.33394429087638855,0.8001197576522827,0.35
6019,False,yes_no,1.0,Yes,No,0.6666666666666666,1.0,0.5,4,8,4,4,0.36350423097610474,0.7459129095077515,0.35
6020,True,exact,0.7,A) Quail eggs,Quail eggs,0.5454545454545454,1.0,0.375,3,8,3,3,0.4804708957672119,0.8706757426261902,0.35
6021,True,exact,1.0,Chicken eggs,Chicken eggs,0.5454545454545454,1.0,0.375,3,8,3,3,0.4371706545352936,0.6982623934745789,0.35
6022,True,exact,0.7,"A) ""Happy Easter""","""Happy Easter""",0.4,1.0,0.25,2,8,2,2,0.35461848974227905,0.862342357635498,0.35
6023,True,exact,0.7,"B) ""Happy Easter!""","""Happy Easter!""",0.5454545454545454,1.0,0.375,3,8,3,3,0.3715772330760956,0.7630031108856201,0.35
6024,True,yes_no,1.0,Yes,Yes,0.4615384615384615,1.0,0.3,3,10,3,3,0.39482375979423523,0.7282527685165405,0.35
6025,False,yes_no,1.0,Yes,No,0.4615384615384615,1.0,0.3,3,10,3,3,0.42449039220809937,0.6646602153778076,0.35
6026,True,yes_no,1.0,Yes,Yes,0.5714285714285715,1.0,0.4,4,10,4,4,0.4124608635902405,0.7384604215621948,0.35
6027,False,yes_no,1.0,Yes,No,0.6,1.0,0.42857142857142855,3,7,3,3,0.4054369330406189,0.7783452272415161,0.35
6028,True,exact,1.0,Red,Red,0.5454545454545454,1.0,0.375,3,8,3,3,0.5515144467353821,0.7638439536094666,0.35
6029,True,exact,1.0,Yellow,Yellow,0.5454545454545454,1.0,0.375,3,8,3,3,0.5432613492012024,0.790213406085968,0.35
6030,True,yes_no,1.0,Yes,Yes,0.4,1.0,0.25,2,8,2,2,0.5554790496826172,0.7949475049972534,0.35
6031,False,yes_no,1.0,Yes,No,0.5,1.0,0.3333333333333333,3,9,3,3,0.47570881247520447,0.8131924867630005,0.35
6032,True,exact,1.0,Palm,Palm,0.4615384615384615,1.0,0.3,3,10,3,3,0.48871544003486633,0.7689437866210938,0.35
6033,False,exact,1.0,Palm,Fingers,0.33333333333333337,1.0,0.2,2,10,2,2,0.4657631814479828,0.7310411930084229,0.35
6034,False,yes_no,1.0,No,Yes,0.5454545454545454,1.0,0.375,3,8,3,3,0.2826710641384125,0.8920638561248779,0.35
6035,True,yes_no,1.0,No,No,0.6153846153846153,1.0,0.4444444444444444,4,9,4,4,0.36881476640701294,0.7626782655715942,0.35
6036,True,yes_no,1.0,Yes,Yes,0.5454545454545454,1.0,0.375,3,8,3,3,0.4571584463119507,0.8752251267433167,0.35
6037,False,yes_no,1.0,Yes,No,0.5454545454545454,1.0,0.375,3,8,3,3,0.3865155875682831,0.6849446892738342,0.35
6038,False,exact,0.3,Standing up,Flat,0.4615384615384615,1.0,0.3,3,10,3,3,0.3863125145435333,0.7977601885795593,0.35
6039,True,exact,1.0,Standing up,Standing up,0.4444444444444445,1.0,0.2857142857142857,2,7,2,2,0.40341243147850037,0.6628394722938538,0.35
6040,False,exact,1.0,Toward,Towards,0.5,1.0,0.3333333333333333,3,9,3,3,0.31962835788726807,0.6959286332130432,0.35
6041,False,exact,0.3,Toward,Away from,0.4,1.0,0.25,3,12,3,3,0.33480826020240784,0.5982754230499268,0.35
6042,True,yes_no,1.0,Yes,Yes,0.6153846153846153,1.0,0.4444444444444444,4,9,4,4,0.3221818208694458,0.6333625316619873,0.35
6043,True,yes_no,1.0,No,No,0.5454545454545454,1.0,0.375,3,8,3,3,0.3205246031284332,0.8015541434288025,0.35
6044,True,yes_no,1.0,Yes,Yes,0.5454545454545454,1.0,0.375,3,8,3,3,0.432230144739151,0.8551759719848633,0.35
6045,True,yes_no,1.0,No,No,0.4615384615384615,1.0,0.3,3,10,3,3,0.38284361362457275,0.7822551727294922,0.35
6046,False,yes_no,1.0,No,Yes,0.6666666666666666,1.0,0.5,5,10,5,5,0.4529062509536743,0.8179112672805786,0.35
6047,True,yes_no,1.0,No,No,0.33333333333333337,1.0,0.2,2,10,2,2,0.4805682599544525,0.9186086654663086,0.35
6048,True,yes_no,1.0,Yes,Yes,0.4444444444444445,1.0,0.2857142857142857,2,7,2,2,0.46636703610420227,0.8405920267105103,0.35
6049,False,yes_no,1.0,Yes,No,0.5,1.0,0.3333333333333333,3,9,3,3,0.2759649455547333,0.6439521908760071,0.35
6050,False,yes_no,1.0,No,Yes,0.4615384615384615,1.0,0.3,3,10,3,3,0.3612132668495178,0.6331326365470886,0.35
6051,False,yes_no,1.0,Yes,No,0.6,1.0,0.42857142857142855,3,7,3,3,0.5076293349266052,0.7865956425666809,0.35
6052,False,yes_no,1.0,No,Yes,0.5,1.0,0.3333333333333333,3,9,3,3,0.4828096926212311,0.8018872141838074,0.35
6053,False,yes_no,1.0,Yes,No,0.5,1.0,0.3333333333333333,2,6,2,2,0.4823139011859894,0.9218034148216248,0.35
6054,False,exact,0.3,Light blue,Dark blue,0.8,1.0,0.6666666666666666,4,6,4,4,0.3666962683200836,0.5823646783828735,0.35
6055,True,exact,1.0,Light blue,Light blue,0.5,1.0,0.3333333333333333,3,9,3,3,0.461980402469635,0.7358664274215698,0.35
6056,False,exact,1.0,Back,Front,0.4615384615384615,1.0,0.3,3,10,3,3,0.21427904069423676,0.47634464502334595,0.35
6057,True,exact,1.0,Back,Back,0.3333333333333333,0.6666666666666666,0.2222222222222222,3,9,2,2,0.2306164801120758,0.7204201817512512,0.35
6058,True,yes_no,1.0,Yes,Yes,0.6153846153846153,1.0,0.4444444444444444,4,9,4,4,0.48775923252105713,0.7597694993019104,0.35
6059,True,yes_no,1.0,No,No,0.5454545454545454,1.0,0.375,3,8,3,3,0.4301101267337799,0.6754302382469177,0.35
6060,True,exact,1.0,Side by side,Side by side,0.4,1.0,0.25,2,8,2,2,0.4485650360584259,0.7133796215057373,0.35
6061,False,exact,0.3,Side by side,One on top of the other,0.3636363636363636,1.0,0.2222222222222222,2,9,2,2,0.5448081493377686,0.7880082726478577,0.35
6062,False,exact,0.3,From the side,Above,0.5,1.0,0.3333333333333333,3,9,3,3,0.23809251189231873,0.5516590476036072,0.35
6063,False,exact,0.3,Above,From the side,0.42857142857142855,1.0,0.2727272727272727,3,11,3,3,0.3883824050426483,0.8299526572227478,0.35
6064,True,exact,1.0,Left,Left,0.5454545454545454,1.0,0.375,3,8,3,3,0.4524376392364502,0.8777313232421875,0.35
6065,True,exact,1.0,Right,Right,0.4,1.0,0.25,2,8,2,2,0.36515480279922485,0.8169772028923035,0.35
6066,True,exact,1.0,Standing,Standing,0.33333333333333337,1.0,0.2,2,10,2,2,0.2827892005443573,0.7260963320732117,0.35
6067,True,exact,1.0,Sitting,Sitting,0.30769230769230765,0.6666666666666666,0.2,3,10,2,2,0.31412357091903687,0.7677994966506958,0.35
6068,True,yes_no,1.0,Yes,Yes,0.5454545454545454,1.0,0.375,3,8,3,3,0.49343475699424744,0.811729907989502,0.35
6069,False,yes_no,1.0,Yes,No,0.4615384615384615,1.0,0.3,3,10,3,3,0.3785409927368164,0.7043890357017517,0.35
6070,True,exact,1.0,Strawberries,Strawberries,0.5,1.0,0.3333333333333333,3,9,3,3,0.5271271467208862,0.834989070892334,0.35
6071,False,exact,1.0,Strawberries,Cream,0.33333333333333337,1.0,0.2,2,10,2,2,0.4512642025947571,0.8349326252937317,0.35
6072,True,exact,1.0,Mug,Mug,0.5454545454545454,1.0,0.375,3,8,3,3,0.37747690081596375,0.7434058785438538,0.35
6073,True,exact,1.0,Glass,Glass,0.3636363636363636,1.0,0.2222222222222222,2,9,2,2,0.2848859131336212,0.7001703381538391,0.35
6074,False,exact,0.3,Snowman,Santa Claus,0.3636363636363636,1.0,0.2222222222222222,2,9,2,2,0.3066728115081787,0.561083972454071,0.35
6075,True,exact,1.0,Snowman,Snowman,0.33333333333333337,1.0,0.2,2,10,2,2,0.3185499906539917,0.5217319130897522,0.35
6076,True,yes_no,1.0,Yes,Yes,0.5,1.0,0.3333333333333333,3,9,3,3,0.43101614713668823,0.820261538028717,0.35
6077,False,yes_no,1.0,Yes,No,0.4615384615384615,1.0,0.3,3,10,3,3,0.5467658638954163,0.745595395565033,0.35
6078,True,exact,1.0,There is one inside,There is one inside,0.5454545454545454,1.0,0.375,3,8,3,3,0.4618114233016968,0.7860447764396667,0.35
6079,True,exact,1.0,All are outside,All are outside,0.4615384615384615,1.0,0.3,3,10,3,3,0.45543381571769714,0.6884416937828064,0.35
6080,True,exact,1.0,Left,Left,0.4615384615384615,1.0,0.3,3,10,3,3,0.3808167576789856,0.7405943870544434,0.35
6081,False,exact,1.0,Left,Right,0.3636363636363636,1.0,0.2222222222222222,2,9,2,2,0.3989816904067993,0.6741343140602112,0.35
6082,True,exact,1.0,Black,Black,0.5454545454545454,1.0,0.375,3,8,3,3,0.48377975821495056,0.7161852717399597,0.35
6083,True,exact,1.0,White,White,0.5454545454545454,1.0,0.375,3,8,3,3,0.43482252955436707,0.7984717488288879,0.35
6084,True,exact,1.0,Slice,Slice,0.4615384615384615,1.0,0.3,3,10,3,3,0.38162121176719666,0.6404882669448853,0.35
6085,False,exact,1.0,Slice,Whole,0.5,1.0,0.3333333333333333,3,9,3,3,0.3064066171646118,0.6062932014465332,0.35
6086,True,exact,1.0,Tied,Tied,0.33333333333333337,1.0,0.2,2,10,2,2,0.5380114316940308,0.725866973400116,0.35
6087,False,exact,1.0,Tied,Untied,0.5,1.0,0.3333333333333333,3,9,3,3,0.3882470726966858,0.7057355046272278,0.35
6088,False,exact,0.3,In profile,Facing forward,0.1818181818181818,0.5,0.1111111111111111,2,9,1,1,0.2801254987716675,0.7277884483337402,0.35
6089,False,exact,0.3,Facing forward,In profile,0.4,1.0,0.25,2,8,2,2,0.4533912241458893,0.700482189655304,0.35
6090,True,exact,1.0,Empty,Empty,0.3636363636363636,1.0,0.2222222222222222,2,9,2,2,0.4030679166316986,0.6828612089157104,0.35
6091,True,exact,0.7,B) A painting hanging on it,A painting hanging on it,0.5,1.0,0.3333333333333333,3,9,3,3,0.38694196939468384,0.7554122805595398,0.35
6092,True,exact,1.0,Shirt,Shirt,0.5,1.0,0.3333333333333333,3,9,3,3,0.30189892649650574,0.7536303997039795,0.35
6093,True,exact,1.0,T-shirt,T-shirt,0.5,1.0,0.3333333333333333,3,9,3,3,0.33516907691955566,0.7673206925392151,0.35
6094,True,exact,1.0,Pumpkin Lights,Pumpkin Lights,0.30769230769230765,0.6666666666666666,0.2,3,10,2,2,0.3430853486061096,0.8283548355102539,0.35
6095,True,exact,0.7,B) Bats,Bats,0.46153846153846156,0.75,0.3333333333333333,4,9,3,3,0.2695077657699585,0.7259698510169983,0.35
6096,True,exact,0.7,More than one,One,0.33333333333333337,1.0,0.2,2,10,2,2,0.3971458673477173,0.688107967376709,0.35
6097,True,exact,1.0,More than one,More than one,0.33333333333333337,1.0,0.2,2,10,2,2,0.37015676498413086,0.7119715809822083,0.35
6098,True,exact,0.7,A) SUGAR,SUGAR,0.4,1.0,0.25,2,8,2,2,0.42164814472198486,0.7777571082115173,0.35
6099,True,exact,0.7,B) UGA,UGA,0.4,1.0,0.25,2,8,2,2,0.3818991184234619,0.6529319286346436,0.35
6100,False,exact,1.0,Sitting,Standing,0.33333333333333337,1.0,0.2,2,10,2,2,0.28899499773979187,0.535892903804779,0.35
6101,False,exact,1.0,Standing,Sitting,0.3636363636363636,1.0,0.2222222222222222,2,9,2,2,0.2729162275791168,0.7288063764572144,0.35
6102,True,yes_no,1.0,Yes,Yes,0.5454545454545454,1.0,0.375,3,8,3,3,0.45673975348472595,0.7618895173072815,0.35
6103,True,yes_no,1.0,No,No,0.6666666666666666,1.0,0.5,4,8,4,4,0.3373761475086212,0.743743360042572,0.35
6104,True,exact,1.0,Salmon fillet,Salmon fillet,0.4615384615384615,1.0,0.3,3,10,3,3,0.24458402395248413,0.5654509663581848,0.35
6105,True,exact,1.0,Salmon steak,Salmon steak,0.36363636363636365,0.6666666666666666,0.25,3,8,2,2,0.24653543531894684,0.46040254831314087,0.35
6106,True,yes_no,1.0,Yes,Yes,0.4,1.0,0.25,2,8,2,2,0.5229541063308716,0.8030896782875061,0.35
6107,False,yes_no,1.0,Yes,No,0.3636363636363636,1.0,0.2222222222222222,2,9,2,2,0.48373228311538696,0.8002728223800659,0.35
6108,True,exact,1.0,Placed on a surface,Placed on a surface,0.3636363636363636,1.0,0.2222222222222222,2,9,2,2,0.43449294567108154,0.6844689249992371,0.35
6109,False,exact,0.3,Placed on a surface,Held by hand,0.4444444444444445,1.0,0.2857142857142857,2,7,2,2,0.38114944100379944,0.6663506627082825,0.35
6110,True,exact,1.0,Correct,Correct,0.6666666666666666,1.0,0.5,3,6,3,3,0.5964058041572571,0.8342503905296326,0.35
6111,False,exact,1.0,Correct,Incorrect,0.5,1.0,0.3333333333333333,3,9,3,3,0.5897387266159058,0.8467905521392822,0.35
6112,True,yes_no,1.0,Yes,Yes,0.6,0.75,0.5,4,6,3,3,0.3161132037639618,0.6592062711715698,0.35
6113,False,yes_no,1.0,Yes,No,0.36363636363636365,0.6666666666666666,0.25,3,8,2,2,0.30391228199005127,0.5267520546913147,0.35
6114,False,exact,1.0,Right,Left,0.3636363636363636,1.0,0.2222222222222222,2,9,2,2,0.36524373292922974,0.6315564513206482,0.35
6115,False,exact,1.0,Left,Right,0.3636363636363636,1.0,0.2222222222222222,2,9,2,2,0.37827998399734497,0.7363619208335876,0.35
6116,False,exact,1.0,Dark-colored,White,0.5454545454545454,1.0,0.375,3,8,3,3,0.4535035192966461,0.7901466488838196,0.35
6117,True,exact,1.0,Dark-colored,Dark-colored,0.5,1.0,0.3333333333333333,3,9,3,3,0.5522339940071106,0.8814493417739868,0.35
6118,True,yes_no,1.0,Yes,Yes,0.33333333333333337,1.0,0.2,2,10,2,2,0.4916043281555176,0.7464194893836975,0.35
6119,True,yes_no,1.0,No,No,0.6153846153846154,0.8,0.5,5,8,4,4,0.30924826860427856,0.6585298180580139,0.35
6120,False,exact,0.3,B) Most of the background is dark and cloudy,Light shining through the clouds from the upper right corner,0.5714285714285715,1.0,0.4,4,10,4,4,0.3325393795967102,0.6905044317245483,0.35
6121,True,exact,0.7,B) Most of the background is dark and cloudy,Most of the background is dark and cloudy,0.4615384615384615,1.0,0.3,3,10,3,3,0.376546174287796,0.6718829870223999,0.35
6122,False,numeric_mismatch,0.0,0.5%,-0.2622392273615901,0.42857142857142855,1.0,0.2727272727272727,3,11,3,3,0.3396186828613281,0.7610747814178467,0.35
6123,True,yes_no,1.0,No,No,0.4,1.0,0.25,2,8,2,2,0.3626239001750946,0.735482931137085,0.35
6124,True,yes_no,1.0,No,No,0.30769230769230765,0.6666666666666666,0.2,3,10,2,2,0.35882139205932617,0.7633689641952515,0.35
6125,True,exact,0.7,The legend appears at the bottom right corner of the graph.,bottom right,0.4615384615384615,1.0,0.3,3,10,3,3,0.39921486377716064,0.7144239544868469,0.35
6126,True,yes_no,1.0,No,No,0.3636363636363636,1.0,0.2222222222222222,2,9,2,2,0.3015623986721039,0.7178851962089539,0.35
6127,True,yes_no,1.0,Yes,Yes,0.6666666666666666,1.0,0.5,3,6,3,3,0.36849257349967957,0.79031902551651,0.35
6128,True,exact,0.7,Bottom right corner,bottom right,0.33333333333333337,1.0,0.2,2,10,2,2,0.3670090436935425,0.6947477459907532,0.35
6129,True,exact,1.0,Imports,Imports,0.3076923076923077,1.0,0.18181818181818182,2,11,2,2,0.42806723713874817,0.6396920084953308,0.35
6130,True,numeric_rounded,0.9,10%,10.592514038086009,0.5,1.0,0.3333333333333333,4,12,4,4,0.31944677233695984,0.8071887493133545,0.35
6131,True,yes_no,1.0,No,No,0.3333333333333333,0.6666666666666666,0.2222222222222222,3,9,2,2,0.29077666997909546,0.878447413444519,0.35
6132,True,numeric_exact,1.0,4,4,0.5,1.0,0.3333333333333333,2,6,2,2,0.28369268774986267,0.520033061504364,0.35
6133,True,numeric_exact,1.0,3,3,0.4444444444444445,1.0,0.2857142857142857,2,7,2,2,0.24948079884052277,0.6235519647598267,0.35
6134,True,exact,1.0,Year,Year,0.28571428571428575,0.5,0.2,2,5,1,1,0.190082848072052,0.5526288151741028,0.35
6135,True,yes_no,1.0,No,No,0.5,1.0,0.3333333333333333,3,9,3,3,0.3666456937789917,0.7519139051437378,0.35
6136,True,numeric_exact,1.0,2007,2007,0.42857142857142855,1.0,0.2727272727272727,3,11,3,3,0.40951237082481384,0.711870014667511,0.35
6137,False,numeric_mismatch,0.0,3600000,35600000,0.2857142857142857,1.0,0.16666666666666666,3,18,3,3,0.3099077641963959,0.6900779008865356,0.35
6138,True,exact,1.0,% of female youth population,% of female youth population,0.5714285714285715,1.0,0.4,2,5,2,2,0.5086571574211121,0.6253796219825745,0.35
6139,False,exact,1.0,vertically,vertical,0.375,1.0,0.23076923076923078,3,13,3,3,0.3216017782688141,0.8444227576255798,0.35
6140,True,numeric_exact,1.0,0,0,0.5454545454545454,0.75,0.42857142857142855,4,7,3,3,0.3020189702510834,0.6814735531806946,0.35
6141,True,yes_no,1.0,No,No,0.5454545454545454,1.0,0.375,3,8,3,3,0.30998653173446655,0.8365355730056763,0.35
6142,True,yes_no,1.0,No,No,0.3333333333333333,0.6666666666666666,0.2222222222222222,3,9,2,2,0.28529104590415955,0.782098114490509,0.35
6143,True,exact,1.0,Nicaragua,Nicaragua,0.5454545454545454,1.0,0.375,3,8,3,3,0.31148219108581543,0.6311683058738708,0.35
6144,True,exact,1.0,Total Vulnerable employment (% of total employment),Total Vulnerable employment (% of total employment),0.33333333333333337,1.0,0.2,1,5,1,1,0.4678398668766022,0.5831655263900757,0.35
6145,True,yes_no,1.0,No,No,0.5,1.0,0.3333333333333333,2,6,2,2,0.6173576712608337,0.7993186116218567,0.35
6146,True,numeric_exact,1.0,20%,20.0,0.5454545454545454,1.0,0.375,3,8,3,3,0.42628297209739685,0.8178908824920654,0.35
6147,True,numeric_rounded,0.95,1,1.0142276575626943,0.5333333333333333,1.0,0.36363636363636365,4,11,4,4,0.3314273953437805,0.7548511624336243,0.35
6148,True,exact,1.0,Argentina,Argentina,0.3157894736842105,1.0,0.1875,3,16,3,3,0.33200332522392273,0.621843695640564,0.35
6149,True,exact,1.0,Electricity production(% of total),Electricity production(% of total),0.8,1.0,0.6666666666666666,4,6,4,4,0.4552244246006012,0.7286455035209656,0.35
6150,True,numeric_exact,1.0,5,5.0,0.4444444444444445,1.0,0.2857142857142857,2,7,2,2,0.4470044672489166,0.7737839818000793,0.35
6151,True,exact,1.0,Long-term female unemployment in Finland,Long-term female unemployment in Finland,0.5,1.0,0.3333333333333333,2,6,2,2,0.3441378176212311,0.8878434896469116,0.35
6152,False,exact,1.0,Four,4,0.6666666666666666,1.0,0.5,3,6,3,3,0.28089427947998047,0.5467760562896729,0.35
6153,True,yes_no,1.0,Yes,Yes,0.4,1.0,0.25,4,16,4,4,0.4615933895111084,0.8291897177696228,0.35
6154,False,numeric_mismatch,0.0,10,-8,0.4444444444444445,1.0,0.2857142857142857,4,14,4,4,0.25901779532432556,0.6798641085624695,0.35
6155,True,numeric_exact,1.0,5,5,0.36363636363636365,0.6666666666666666,0.25,3,8,2,2,0.34315070509910583,0.693722128868103,0.35
6156,True,exact,0.7,bottom right corner,bottom right,0.5,1.0,0.3333333333333333,2,6,2,2,0.4520139694213867,0.6285864114761353,0.35
6157,True,numeric_exact,1.0,4,4,0.4444444444444445,1.0,0.2857142857142857,2,7,2,2,0.2797585129737854,0.574394702911377,0.35
6158,True,yes_no,1.0,No,No,0.4,1.0,0.25,3,12,3,3,0.5064800381660461,0.9050676822662354,0.35
6159,True,yes_no,1.0,No,No,0.4,1.0,0.25,2,8,2,2,0.37086474895477295,0.7537930607795715,0.35
6160,True,numeric_exact,1.0,3,3,0.1818181818181818,0.5,0.1111111111111111,2,9,1,1,0.1997537463903427,0.4822053015232086,0.35
6161,True,yes_no,1.0,No,No,0.4444444444444445,1.0,0.2857142857142857,2,7,2,2,0.42799487709999084,0.7827604413032532,0.35
6162,True,numeric_exact,1.0,20,20.0,0.4444444444444445,1.0,0.2857142857142857,2,7,2,2,0.5135025978088379,0.735195517539978,0.35
6163,True,numeric_exact,1.0,6,6,0.4444444444444445,1.0,0.2857142857142857,2,7,2,2,0.47895798087120056,0.9518282413482666,0.35
6164,True,yes_no,1.0,No,No,0.6153846153846153,1.0,0.4444444444444444,4,9,4,4,0.3071805238723755,0.9009640216827393,0.35
6165,True,numeric_rounded,0.95,-0.7,-0.697559978370667,0.5714285714285715,1.0,0.4,4,10,4,4,0.33374515175819397,0.6495101451873779,0.35
6166,True,exact,1.0,Revenue generated as % of GDP,Revenue generated (as % of GDP),0.7499999999999999,1.0,0.6,3,5,3,3,0.48165103793144226,0.5728274583816528,0.35
6167,True,exact,1.0,Percentage of repeaters (males) in all grades of primary education,Percentage of repeaters (males) in all grades of primary education,0.25,0.5,0.16666666666666666,2,6,1,1,0.3469773530960083,0.7653186321258545,0.35
6168,False,numeric_mismatch,0.0,6430,64275.176,0.6153846153846153,1.0,0.4444444444444444,4,9,4,4,0.4112400710582733,0.8570266962051392,0.35
6169,True,yes_no,1.0,No,No,0.33333333333333337,1.0,0.2,2,10,2,2,0.39310771226882935,0.8088914752006531,0.35
6170,True,numeric_exact,1.0,6,6,0.3636363636363636,1.0,0.2222222222222222,2,9,2,2,0.2771127223968506,0.5334354639053345,0.35
6171,True,exact,1.0,Value added (%) of GDP,Value added (% of GDP),0.4444444444444445,1.0,0.2857142857142857,2,7,2,2,0.41375160217285156,0.6630491018295288,0.35
6172,True,exact,1.0,Total Labor Force (in %),Total Labor Force (in %),0.2857142857142857,1.0,0.16666666666666666,1,6,1,1,0.3808676302433014,0.49678751826286316,0.35
6173,False,numeric_mismatch,0.0,1,2,0.5714285714285715,1.0,0.4,4,10,4,4,0.5228829383850098,0.8562140464782715,0.35
6174,True,numeric_exact,1.0,4,4,0.6666666666666666,1.0,0.5,3,6,3,3,0.3102354407310486,0.5228897333145142,0.35
6175,True,exact,1.0,Liability (%) of GDP,Liability (% of GDP),0.6,1.0,0.42857142857142855,3,7,3,3,0.39344102144241333,0.6411676406860352,0.35
6176,True,yes_no,1.0,Yes,Yes,0.33333333333333337,1.0,0.2,3,15,3,3,0.35633519291877747,0.8023378252983093,0.35
6177,True,yes_no,1.0,No,No,0.375,0.75,0.25,4,12,3,3,0.35089147090911865,0.7937588095664978,0.35
6178,True,numeric_exact,1.0,0,0,0.4,1.0,0.25,3,12,3,3,0.2264428436756134,0.42779040336608887,0.35
6179,True,yes_no,1.0,No,No,0.5,1.0,0.3333333333333333,3,9,3,3,0.34618377685546875,0.9325129389762878,0.35
6180,True,numeric_exact,1.0,Emissions in thousand metric tons of CO2 equivalent,Emissions (in thousand metric tons of CO2 equivalent),0.25,1.0,0.14285714285714285,1,7,1,1,0.5449466705322266,0.8236578702926636,0.35
6181,True,numeric_rounded,0.9,500,501,0.5714285714285715,1.0,0.4,4,10,4,4,0.3487849235534668,0.8658900856971741,0.35
6182,True,numeric_exact,1.0,2.5,2.5,0.5454545454545454,1.0,0.375,3,8,3,3,0.38453617691993713,0.6764808297157288,0.35
6183,True,yes_no,1.0,Yes,Yes,0.6,1.0,0.42857142857142855,3,7,3,3,0.3768649995326996,0.6048272848129272,0.35
6184,True,numeric_exact,1.0,3,3,0.7499999999999999,1.0,0.6,3,5,3,3,0.29558590054512024,0.6819459199905396,0.35
6185,True,numeric_exact,1.0,1,1.0,0.42857142857142855,1.0,0.2727272727272727,3,11,3,3,0.24502314627170563,0.7665339112281799,0.35
6186,True,yes_no,1.0,Yes,Yes,0.47619047619047616,0.8333333333333334,0.3333333333333333,6,15,5,5,0.34809768199920654,0.7173165678977966,0.35
6187,True,numeric_exact,1.0,4,4,0.5714285714285715,1.0,0.4,2,5,2,2,0.40107250213623047,0.5601992607116699,0.35
6188,False,numeric_mismatch,0.0,3000,2336.75,0.5454545454545454,1.0,0.375,3,8,3,3,0.47266530990600586,0.7673013806343079,0.35
6189,False,yes_no,1.0,Yes,No,0.6666666666666666,1.0,0.5,4,8,4,4,0.308823823928833,0.6782476902008057,0.35
6190,True,exact,1.0,Percentage of male labor force with tertiary education as their highest grade,Percentage of male labor force with tertiary education as their highest grade,0.5,1.0,0.3333333333333333,2,6,2,2,0.32238513231277466,0.8021718859672546,0.35
6191,False,numeric_mismatch,0.0,59,-59.99866249281175,0.42857142857142855,1.0,0.2727272727272727,3,11,3,3,0.3133352994918823,0.6652507185935974,0.35
6192,False,numeric_mismatch,0.0,5,15,0.4,0.6666666666666666,0.2857142857142857,3,7,2,2,0.3564035892486572,0.6768855452537537,0.35
6193,False,numeric_mismatch,0.0,4,3,0.5454545454545454,1.0,0.375,3,8,3,3,0.36210474371910095,0.7200270295143127,0.35
6194,True,yes_no,1.0,Yes,Yes,0.5714285714285715,1.0,0.4,4,10,4,4,0.44982805848121643,0.7897123098373413,0.35
6195,True,numeric_exact,1.0,3,3,0.4,1.0,0.25,3,12,3,3,0.3070988655090332,0.7461209893226624,0.35
6196,True,numeric_rounded,0.9,5.8%,5.88799,0.7272727272727273,1.0,0.5714285714285714,4,7,4,4,0.40426668524742126,0.8509055972099304,0.35
6197,True,exact,1.0,Net Official DA received by a country,Net Official DA received by a country,0.5,1.0,0.3333333333333333,2,6,2,2,0.4055957496166229,0.7327436208724976,0.35
6198,True,numeric_rounded,0.95,0%,0.20000000000000284,0.6153846153846154,0.8,0.5,5,8,4,4,0.26267918944358826,0.690872848033905,0.35
6199,True,yes_no,1.0,No,No,0.3076923076923077,1.0,0.18181818181818182,2,11,2,2,0.2911040782928467,0.8079176545143127,0.35
6200,True,exact,1.0,Macao,Macao,0.42857142857142855,1.0,0.2727272727272727,3,11,3,3,0.3554258346557617,0.7260466814041138,0.35
6201,True,numeric_rounded,0.95,1.63,1.654,0.42857142857142855,1.0,0.2727272727272727,3,11,3,3,0.3895750045776367,0.9451964497566223,0.35
6202,False,yes_no,1.0,Yes,No,0.4210526315789474,1.0,0.26666666666666666,4,15,4,4,0.39345377683639526,0.8365004062652588,0.35
6203,True,exact,1.0,Insurance provided to residents by nonresident insurance enterprises outside Belgium,Insurance provided to residents by nonresident insurance enterprises outside Belgium,0.25,0.5,0.16666666666666666,2,6,1,1,0.3142804801464081,0.6343380808830261,0.35
6204,True,yes_no,1.0,No,No,0.5,1.0,0.3333333333333333,5,15,5,5,0.2971576750278473,0.9110069870948792,0.35
6205,True,yes_no,1.0,No,No,0.5454545454545454,1.0,0.375,3,8,3,3,0.455587774515152,0.8622387051582336,0.35
6206,True,yes_no,1.0,No,No,0.3636363636363636,1.0,0.2222222222222222,2,9,2,2,0.44242924451828003,0.7574835419654846,0.35
6207,True,exact,1.0,St. Vincent and the Grenadines,St. Vincent and the Grenadines,0.4615384615384615,1.0,0.3,3,10,3,3,0.3715459406375885,0.9242390394210815,0.35
6208,True,numeric_exact,1.0,4,4,0.6,1.0,0.42857142857142855,3,7,3,3,0.43508028984069824,0.6787229180335999,0.35
6209,False,yes_no,1.0,No,Yes,0.6,0.75,0.5,4,6,3,3,0.45109036564826965,0.7805361747741699,0.35
6210,True,yes_no,1.0,No,No,0.4210526315789474,1.0,0.26666666666666666,4,15,4,4,0.3244319260120392,0.6902715563774109,0.35
6211,True,numeric_exact,1.0,4,4,0.4,0.6666666666666666,0.2857142857142857,3,7,2,2,0.2833350598812103,0.7158143520355225,0.35
6212,True,yes_no,1.0,No,No,0.33333333333333337,1.0,0.2,2,10,2,2,0.445506751537323,0.7965698838233948,0.35
6213,True,yes_no,1.0,Yes,Yes,0.6,1.0,0.42857142857142855,3,7,3,3,0.39664149284362793,0.6580058932304382,0.35
6214,True,exact,1.0,Japan,Japan,0.46153846153846156,0.75,0.3333333333333333,4,9,3,3,0.2827503979206085,0.7602078914642334,0.35
6215,False,numeric_mismatch,0.0,100000,9210000.0,0.5,1.0,0.3333333333333333,3,9,3,3,0.3148820102214813,0.667147696018219,0.35
6216,True,numeric_exact,1.0,20,20.0,0.5454545454545454,1.0,0.375,3,8,3,3,0.41041049361228943,0.7990678548812866,0.35
6217,True,numeric_exact,1.0,5,5,0.6,1.0,0.42857142857142855,3,7,3,3,0.35726138949394226,0.6794854402542114,0.35
6218,False,numeric_mismatch,0.0,1.21,0.9840241663763087,0.5000000000000001,0.8,0.36363636363636365,5,11,4,4,0.2729988396167755,0.7651394009590149,0.35
6219,True,exact,1.0,Portugal,Portugal,0.5,1.0,0.3333333333333333,3,9,3,3,0.38282662630081177,0.667262077331543,0.35
6220,True,numeric_rounded,0.9,3160,3168.288,0.6666666666666666,1.0,0.5,4,8,4,4,0.3576100170612335,0.8363460898399353,0.35
6221,True,yes_no,1.0,No,No,0.8333333333333333,1.0,0.7142857142857143,5,7,5,5,0.39578136801719666,0.9374615550041199,0.35
6222,False,yes_no,1.0,Yes,No,0.5882352941176471,1.0,0.4166666666666667,5,12,5,5,0.35069456696510315,0.9086657762527466,0.35
6223,True,numeric_rounded,0.9,180,186.4,0.4615384615384615,1.0,0.3,3,10,3,3,0.32486608624458313,0.6979379653930664,0.35
6224,True,numeric_exact,1.0,4,4,0.5714285714285715,1.0,0.4,2,5,2,2,0.45654091238975525,0.8241580724716187,0.35
6225,False,numeric_mismatch,0.0,0,3,0.6,1.0,0.42857142857142855,3,7,3,3,0.2880493402481079,0.4922722578048706,0.35
6226,True,exact,1.0,Year,Year,0.2,0.3333333333333333,0.14285714285714285,3,7,1,1,0.28190046548843384,0.5590724349021912,0.35
6227,False,yes_no,1.0,No,Yes,0.4,0.6666666666666666,0.2857142857142857,3,7,2,2,0.3355966806411743,0.8984779119491577,0.35
6228,True,exact,0.7,bottom right corner,bottom right,0.4444444444444445,1.0,0.2857142857142857,2,7,2,2,0.49688950181007385,0.8079528212547302,0.35
6229,False,exact,1.0,vertically,horizontal,0.5,1.0,0.3333333333333333,2,6,2,2,0.48975232243537903,0.9257104992866516,0.35
6230,True,yes_no,1.0,Yes,Yes,0.5,1.0,0.3333333333333333,2,6,2,2,0.46202293038368225,0.7188523411750793,0.35
6231,True,yes_no,1.0,Yes,Yes,0.4444444444444445,1.0,0.2857142857142857,2,7,2,2,0.4183666408061981,0.6368215084075928,0.35
6232,True,numeric_exact,1.0,3,3,0.6,1.0,0.42857142857142855,3,7,3,3,0.2980596721172333,0.586989164352417,0.35
6233,False,numeric_mismatch,0.0,2,4,0.26666666666666666,0.6666666666666666,0.16666666666666666,3,12,2,2,0.3724268674850464,0.7619631290435791,0.35
6234,True,numeric_rounded,0.9,37%,37.899998664856,0.8333333333333333,1.0,0.7142857142857143,5,7,5,5,0.3808406889438629,0.8524320125579834,0.35
6235,True,yes_no,1.0,No,No,0.5454545454545454,1.0,0.375,3,8,3,3,0.4068165719509125,0.8392291069030762,0.35
6236,True,yes_no,1.0,Yes,Yes,0.5454545454545454,1.0,0.375,3,8,3,3,0.3663118779659271,0.7534628510475159,0.35
6237,True,exact,1.0,Value added (in %),Value added (in %),0.6,1.0,0.42857142857142855,3,7,3,3,0.5316187739372253,0.7280085682868958,0.35
6238,True,yes_no,1.0,Yes,Yes,0.5333333333333333,1.0,0.36363636363636365,4,11,4,4,0.33126547932624817,0.6376909017562866,0.35
6239,False,numeric_mismatch,0.0,1000000,21130000.0,0.6,1.0,0.42857142857142855,3,7,3,3,0.36518943309783936,0.7674503326416016,0.35
6240,True,numeric_exact,1.0,0,0,0.375,0.75,0.25,4,12,3,3,0.17701269686222076,0.8620814681053162,0.35
6241,True,yes_no,1.0,Yes,Yes,0.4,1.0,0.25,2,8,2,2,0.3689977526664734,0.852876603603363,0.35
6242,True,yes_no,1.0,Yes,Yes,0.5714285714285714,0.5714285714285714,0.5714285714285714,7,7,4,4,0.29087337851524353,0.6909103989601135,0.35
6243,True,yes_no,1.0,No,No,0.4,1.0,0.25,3,12,3,3,0.3236481547355652,0.8306354284286499,0.35
6244,True,exact,1.0,Country,Country,0.22222222222222224,0.5,0.14285714285714285,2,7,1,1,0.2364433854818344,0.6176716089248657,0.35
6245,False,numeric_mismatch,0.0,50,157.20000000000002,0.4615384615384615,1.0,0.3,3,10,3,3,0.5366770029067993,0.7729524970054626,0.35
6246,True,yes_no,1.0,No,No,0.4,1.0,0.25,2,8,2,2,0.4892999529838562,0.8768832683563232,0.35
6247,True,numeric_rounded,0.95,1.08,1.1057547091850328,0.5,1.0,0.3333333333333333,4,12,4,4,0.30218008160591125,0.7618063688278198,0.35
6248,True,numeric_exact,1.0,4,4,0.6666666666666666,1.0,0.5,4,8,4,4,0.35508912801742554,0.6896594166755676,0.35
6249,True,yes_no,1.0,Yes,Yes,0.4,1.0,0.25,2,8,2,2,0.4312918782234192,0.7070034146308899,0.35
6250,True,numeric_exact,1.0,100%,100,0.36363636363636365,0.6666666666666666,0.25,3,8,2,2,0.29044926166534424,0.6016438603401184,0.35
6251,False,numeric_mismatch,0.0,30,21.871731487926127,0.4615384615384615,1.0,0.3,3,10,3,3,0.2909761071205139,0.7158601880073547,0.35
6252,True,numeric_exact,1.0,1960,1960,0.5454545454545454,1.0,0.375,3,8,3,3,0.41548672318458557,0.6659294962882996,0.35
6253,True,numeric_exact,1.0,0,0,0.4444444444444444,0.8,0.3076923076923077,5,13,4,4,0.24395741522312164,0.7953304052352905,0.35
6254,True,exact,0.7,The legend appears in the top right corner of the graph.,top right,0.4444444444444445,1.0,0.2857142857142857,2,7,2,2,0.5150378346443176,0.7620941400527954,0.35
6255,True,yes_no,1.0,Yes,Yes,0.5714285714285715,1.0,0.4,4,10,4,4,0.40724992752075195,0.8051217198371887,0.35
6256,False,yes_no,1.0,Yes,No,0.6666666666666666,1.0,0.5,4,8,4,4,0.3734118938446045,0.8691117167472839,0.35
6257,True,yes_no,1.0,No,No,0.6,1.0,0.42857142857142855,3,7,3,3,0.3545769155025482,0.658461332321167,0.35
6258,True,numeric_exact,1.0,2015,2015,0.42857142857142855,1.0,0.2727272727272727,3,11,3,3,0.4187551736831665,0.8206789493560791,0.35
6259,True,numeric_exact,1.0,20%,20.0,0.5,1.0,0.3333333333333333,2,6,2,2,0.4648411273956299,0.810880184173584,0.35
6260,False,numeric_mismatch,0.0,19.0,15.3187999725342,0.5454545454545454,1.0,0.375,3,8,3,3,0.34604883193969727,0.8423017859458923,0.35
6261,False,exact,1.0,vertically,horizontal,0.5454545454545454,1.0,0.375,3,8,3,3,0.40013208985328674,0.7970283031463623,0.35
6262,True,numeric_rounded,0.95,1.28,1.293,0.33333333333333337,1.0,0.2,2,10,2,2,0.3364374339580536,0.6735889315605164,0.35
6263,True,yes_no,1.0,No,No,0.6,0.75,0.5,4,6,3,3,0.3443998396396637,0.7658144235610962,0.35
6264,True,numeric_rounded,0.9,2004,2001,0.5,1.0,0.3333333333333333,3,9,3,3,0.4234309494495392,0.8081396818161011,0.35
6265,True,yes_no,1.0,No,No,0.4444444444444445,1.0,0.2857142857142857,2,7,2,2,0.325778990983963,0.6600580215454102,0.35
6266,False,numeric_mismatch,0.0,2003,430.701,0.4615384615384615,1.0,0.3,3,10,3,3,0.31399261951446533,0.6970288157463074,0.35
6267,True,numeric_rounded,0.9,1962,1961,0.5714285714285715,1.0,0.4,4,10,4,4,0.30649808049201965,0.666167140007019,0.35
6268,True,yes_no,1.0,Yes,Yes,0.5,1.0,0.3333333333333333,3,9,3,3,0.36883029341697693,0.7380484938621521,0.35
6269,False,exact,1.0,Four,4,0.5454545454545454,1.0,0.375,3,8,3,3,0.3588259220123291,0.5445919632911682,0.35
6270,False,exact,0.3,bottom right corner,center right,0.4444444444444445,1.0,0.2857142857142857,2,7,2,2,0.5291815996170044,0.7524352073669434,0.35
6271,False,numeric_mismatch,0.0,1000000000,5000000000.0,0.4,1.0,0.25,2,8,2,2,0.4375934600830078,0.7484467625617981,0.35
6272,True,exact,0.7,The legend appears in the bottom right corner of the graph.,bottom right,0.36363636363636365,0.6666666666666666,0.25,3,8,2,2,0.404337614774704,0.6390166878700256,0.35
6273,True,numeric_exact,1.0,3,3,0.5,1.0,0.3333333333333333,3,9,3,3,0.39375796914100647,0.6551742553710938,0.35
6274,True,numeric_rounded,0.9,73.5,75.425,0.4210526315789474,1.0,0.26666666666666666,4,15,4,4,0.36864423751831055,0.7484466433525085,0.35
6275,True,yes_no,1.0,Yes,Yes,0.32258064516129037,1.0,0.19230769230769232,5,26,5,5,0.4100230634212494,0.6867974400520325,0.35
6276,True,yes_no,1.0,Yes,Yes,0.5333333333333333,0.8,0.4,5,10,4,4,0.2997468113899231,0.8949937224388123,0.35
6277,True,yes_no,1.0,No,No,0.25,0.6666666666666666,0.15384615384615385,3,13,2,2,0.28871873021125793,0.870558500289917,0.35
6278,True,yes_no,1.0,Yes,Yes,0.39999999999999997,0.75,0.2727272727272727,4,11,3,3,0.35561659932136536,0.9237661957740784,0.35
6279,True,yes_no,1.0,No,No,0.5,0.75,0.375,4,8,3,3,0.4330323040485382,0.9357607364654541,0.35
6280,True,numeric_rounded,0.9,68.9,69.12,0.3333333333333333,0.6666666666666666,0.2222222222222222,3,9,2,2,0.2569379210472107,0.5306292176246643,0.35
6281,True,exact,1.0,Ecuador,Ecuador,0.5454545454545454,1.0,0.375,3,8,3,3,0.3623281419277191,0.7889807224273682,0.35
6282,False,numeric_mismatch,0.0,23.08,19.907421304194564,0.39999999999999997,0.75,0.2727272727272727,4,11,3,3,0.27865806221961975,0.7757525444030762,0.35
6283,True,numeric_exact,1.0,3,3,0.6666666666666666,1.0,0.5,2,4,2,2,0.37958765029907227,0.6895694732666016,0.35
6284,True,exact,1.0,bottom right,bottom right,0.4,0.6666666666666666,0.2857142857142857,3,7,2,2,0.2832362651824951,0.7230439186096191,0.35
6285,True,exact,1.0,Attending school,Attending school,0.4,1.0,0.25,2,8,2,2,0.27830514311790466,0.4403367042541504,0.35
6286,False,yes_no,1.0,Yes,No,0.625,1.0,0.45454545454545453,5,11,5,5,0.3731958568096161,0.7948520183563232,0.35
6287,True,yes_no,1.0,Yes,Yes,0.5454545454545454,1.0,0.375,3,8,3,3,0.3173077404499054,0.7475937008857727,0.35
6288,False,numeric_mismatch,0.0,$2.9 billion,6162507000.0,0.30769230769230765,0.6666666666666666,0.2,3,10,2,2,0.23979756236076355,0.6878814697265625,0.35
6289,False,numeric_mismatch,0.0,0.98,0.8298102216644502,0.5333333333333333,1.0,0.36363636363636365,4,11,4,4,0.3634083569049835,0.9118013978004456,0.35
6290,True,yes_no,1.0,Yes,Yes,0.26666666666666666,0.5,0.18181818181818182,4,11,2,2,0.2675827741622925,0.7967116236686707,0.35
6291,False,numeric_mismatch,0.0,365,37,0.6666666666666666,1.0,0.5,4,8,4,4,0.3626641035079956,0.8068356513977051,0.35
6292,True,numeric_rounded,0.9,0.8%,0.8849951499301318,0.5454545454545454,1.0,0.375,3,8,3,3,0.3176116645336151,0.7122557759284973,0.35
6293,True,exact,1.0,Claims on central government,Claims on central government,0.28571428571428575,0.5,0.2,2,5,1,1,0.2784845232963562,0.5701737403869629,0.35
6294,True,yes_no,1.0,No,No,0.4615384615384615,1.0,0.3,3,10,3,3,0.329622358083725,0.5956043601036072,0.35
6295,False,numeric_mismatch,0.0,2,1,0.4,1.0,0.25,3,12,3,3,0.3716665208339691,0.8369542956352234,0.35
6296,False,numeric_mismatch,0.0,"86,630",87044.0,0.8,1.0,0.6666666666666666,6,9,6,6,0.33136844635009766,0.8595868349075317,0.35
6297,False,exact,1.0,one,0,0.7272727272727273,1.0,0.5714285714285714,4,7,4,4,0.4881567358970642,0.7203404307365417,0.35
6298,True,numeric_exact,1.0,1,1.0,0.6,1.0,0.42857142857142855,3,7,3,3,0.3946259319782257,0.7741482257843018,0.35
6299,False,numeric_mismatch,0.0,2,3,0.4444444444444444,0.6666666666666666,0.3333333333333333,3,6,2,2,0.2942829132080078,0.5298896431922913,0.35
6300,True,numeric_exact,1.0,1,1.0,0.4615384615384615,1.0,0.3,3,10,3,3,0.32869213819503784,0.9143999218940735,0.35
6301,True,yes_no,1.0,No,No,0.2857142857142857,1.0,0.16666666666666666,2,12,2,2,0.4192286431789398,0.9129652380943298,0.35
6302,True,numeric_exact,1.0,5,5,0.7272727272727273,1.0,0.5714285714285714,4,7,4,4,0.3493962287902832,0.7059913277626038,0.35
6303,True,yes_no,1.0,No,No,0.6,0.75,0.5,4,6,3,3,0.3211505711078644,0.6992610096931458,0.35
6304,True,numeric_rounded,0.9,20.7,20.8,0.5454545454545454,1.0,0.375,3,8,3,3,0.20002304017543793,0.7129974961280823,0.35
6305,True,numeric_rounded,0.9,19,19.499999999999996,0.6153846153846153,1.0,0.4444444444444444,4,9,4,4,0.2557235360145569,0.6582257747650146,0.35
6306,True,numeric_rounded,0.9,17,17.0999984741211,0.6666666666666666,1.0,0.5,5,10,5,5,0.31818825006484985,0.6855282783508301,0.35
6307,True,yes_no,1.0,No,No,0.5454545454545454,1.0,0.375,3,8,3,3,0.36537280678749084,0.7358067631721497,0.35
6308,False,numeric_mismatch,0.0,2.2,1.8065727324738035,0.6153846153846153,1.0,0.4444444444444444,4,9,4,4,0.3312186300754547,0.8027750253677368,0.35
6309,True,yes_no,1.0,No,No,0.5,1.0,0.3333333333333333,2,6,2,2,0.4646872282028198,0.9469944834709167,0.35
6310,True,numeric_exact,1.0,2010,2010,0.5,1.0,0.3333333333333333,3,9,3,3,0.29463210701942444,0.5938938856124878,0.35
6311,True,numeric_exact,1.0,4,4,0.5,0.6666666666666666,0.4,3,5,2,2,0.31714919209480286,0.6316810250282288,0.35
6312,True,numeric_rounded,0.95,7.6,7.60417271157821,0.3636363636363636,1.0,0.2222222222222222,2,9,2,2,0.3722948729991913,0.8202620148658752,0.35
6313,False,yes_no,1.0,Yes,No,0.47058823529411764,0.5,0.4444444444444444,8,9,4,4,0.29994598031044006,0.8589978814125061,0.35
6314,True,yes_no,1.0,No,No,0.36363636363636365,0.6666666666666666,0.25,3,8,2,2,0.3387901782989502,0.7072950601577759,0.35
6315,True,numeric_rounded,0.9,830,813.4840080522958,0.5,1.0,0.3333333333333333,3,9,3,3,0.3444119989871979,0.7074192762374878,0.35
6316,True,numeric_exact,1.0,2,2,0.4,1.0,0.25,2,8,2,2,0.3726077675819397,0.609544038772583,0.35
6317,False,numeric_mismatch,0.0,"$54,000,000",534900000.0,0.4444444444444445,1.0,0.2857142857142857,4,14,4,4,0.3125283420085907,0.9079235792160034,0.35
6318,True,yes_no,1.0,Yes,Yes,0.4615384615384615,1.0,0.3,3,10,3,3,0.3774503469467163,0.8393409848213196,0.35
6319,True,numeric_rounded,0.9,10.2%,10.0837333057325,0.7272727272727273,1.0,0.5714285714285714,4,7,4,4,0.38578829169273376,0.7991355061531067,0.35
6320,False,numeric_mismatch,0.0,3,9,0.5,1.0,0.3333333333333333,3,9,3,3,0.4081742763519287,0.7851325273513794,0.35
6321,True,exact,1.0,Mali,Mali,0.5,1.0,0.3333333333333333,3,9,3,3,0.426739364862442,0.9193274974822998,0.35
6322,False,exact,1.0,Six,6,0.5454545454545454,1.0,0.375,3,8,3,3,0.30594608187675476,0.7417740225791931,0.35
6323,False,exact,0.3,Insufficient information,172529659.264682,0.2857142857142857,1.0,0.16666666666666666,2,12,2,2,0.37011441588401794,0.7440584301948547,0.35
6324,True,numeric_rounded,0.9,24.3,24.3914624187074,0.36363636363636365,0.6666666666666666,0.25,3,8,2,2,0.289835661649704,0.6722422242164612,0.35
6325,True,numeric_rounded,0.9,31%,31.36525452136989,0.6666666666666666,1.0,0.5,4,8,4,4,0.23807068169116974,0.5700247287750244,0.35
6326,True,numeric_rounded,0.95,6.7%,6.700000762939503,0.6666666666666666,1.0,0.5,4,8,4,4,0.35303378105163574,0.7774040102958679,0.35
6327,True,yes_no,1.0,No,No,0.6,1.0,0.42857142857142855,3,7,3,3,0.35538798570632935,0.7212688326835632,0.35
6328,True,exact,1.0,Years,Years,0.4,1.0,0.25,2,8,2,2,0.33879268169403076,0.6621119976043701,0.35
6329,True,numeric_rounded,0.95,35%,34.98,0.5,1.0,0.3333333333333333,3,9,3,3,0.4922178089618683,0.9000548720359802,0.35
6330,False,yes_no,1.0,Yes,No,0.625,1.0,0.45454545454545453,5,11,5,5,0.3769663870334625,0.679162323474884,0.35
6331,True,exact,1.0,Country,Country,0.28571428571428575,0.5,0.2,2,5,1,1,0.2198682278394699,0.6369869709014893,0.35
6332,True,numeric_exact,1.0,4,4,0.5,1.0,0.3333333333333333,3,9,3,3,0.341802179813385,0.7603138089179993,0.35
6333,True,numeric_rounded,0.9,236,229.89999999999998,0.46153846153846156,0.75,0.3333333333333333,4,9,3,3,0.26101112365722656,0.6276723742485046,0.35
6334,True,numeric_rounded,0.9,1994,2000,0.42857142857142855,1.0,0.2727272727272727,3,11,3,3,0.3344528079032898,0.8235840201377869,0.35
6335,False,exact,1.0,Guyana,13.4700166935393,0.4615384615384615,1.0,0.3,3,10,3,3,0.42985326051712036,0.8480209112167358,0.35
6336,True,numeric_exact,1.0,4,4,0.5,1.0,0.3333333333333333,2,6,2,2,0.48660799860954285,0.8204275369644165,0.35
6337,True,numeric_exact,1.0,4,4,0.5,1.0,0.3333333333333333,3,9,3,3,0.3360046148300171,0.6624543070793152,0.35
6338,False,numeric_mismatch,0.0,1000000,10000000.0,0.3636363636363636,1.0,0.2222222222222222,2,9,2,2,0.3740650415420532,0.743960976600647,0.35
6339,False,numeric_mismatch,0.0,600,829.3336207176329,0.5,1.0,0.3333333333333333,3,9,3,3,0.32655489444732666,0.6860032677650452,0.35
6340,True,yes_no,1.0,No,No,0.42857142857142855,1.0,0.2727272727272727,3,11,3,3,0.3393903970718384,0.7725943922996521,0.35
6341,True,numeric_exact,1.0,2,2,0.6153846153846153,1.0,0.4444444444444444,4,9,4,4,0.34738004207611084,0.6152700781822205,0.35
6342,False,numeric_mismatch,0.0,30,1028.1999999999998,0.5454545454545454,1.0,0.375,3,8,3,3,0.35536301136016846,0.6761135458946228,0.35
6343,True,yes_no,1.0,No,No,0.4615384615384615,1.0,0.3,3,10,3,3,0.32670632004737854,0.8345934748649597,0.35
6344,True,numeric_rounded,0.95,1,1.0033841077513221,0.33333333333333337,1.0,0.2,2,10,2,2,0.41498494148254395,0.8751187920570374,0.35
6345,True,numeric_exact,1.0,4,4,0.3636363636363636,1.0,0.2222222222222222,2,9,2,2,0.36927473545074463,0.6183334589004517,0.35
6346,True,numeric_rounded,0.9,63.75%,63.61415672302245,0.5333333333333333,1.0,0.36363636363636365,4,11,4,4,0.2849005162715912,0.7554963827133179,0.35
6347,True,numeric_rounded,0.9,26333.33,24244.37,0.625,1.0,0.45454545454545453,5,11,5,5,0.3184871971607208,0.8103880882263184,0.35
6348,False,numeric_mismatch,0.0,0,-17.174034326677592,0.42857142857142855,1.0,0.2727272727272727,3,11,3,3,0.3004331886768341,0.6740498542785645,0.35
6349,True,numeric_exact,1.0,8,8,0.5,1.0,0.3333333333333333,2,6,2,2,0.45517995953559875,0.6950980424880981,0.35
6350,False,yes_no,1.0,Yes,No,0.6666666666666666,1.0,0.5,6,12,6,6,0.4105076193809509,0.8213876485824585,0.35
6351,True,yes_no,1.0,Yes,Yes,0.42857142857142855,1.0,0.2727272727272727,3,11,3,3,0.4345686435699463,0.7360208034515381,0.35
6352,False,numeric_mismatch,0.0,0,1,0.6153846153846153,1.0,0.4444444444444444,4,9,4,4,0.3754766285419464,0.8150312304496765,0.35
6353,True,numeric_exact,1.0,% of children under 5, % of children under 5,0.5,1.0,0.3333333333333333,2,6,2,2,0.41950127482414246,0.7112264037132263,0.35
6354,True,numeric_rounded,0.9,13.0,13.376400000000004,0.6153846153846153,1.0,0.4444444444444444,4,9,4,4,0.38310396671295166,0.7768286466598511,0.35
6355,True,numeric_exact,1.0,4,4,0.5454545454545454,1.0,0.375,3,8,3,3,0.39728426933288574,0.5792120695114136,0.35
6356,True,yes_no,1.0,No,No,0.3333333333333333,0.6666666666666666,0.2222222222222222,3,9,2,2,0.28982019424438477,0.5026156902313232,0.35
6357,True,yes_no,1.0,Yes,Yes,0.6153846153846153,1.0,0.4444444444444444,4,9,4,4,0.3860754072666168,0.860565185546875,0.35
6358,True,numeric_rounded,0.9,6.7,6.894638814356201,0.4,1.0,0.25,2,8,2,2,0.33688393235206604,0.7777614593505859,0.35
6359,False,exact,0.3,The legend appears in the top right corner of the graph.,center right,0.33333333333333337,1.0,0.2,2,10,2,2,0.3725031614303589,0.6923959255218506,0.35
6360,True,yes_no,1.0,Yes,Yes,0.35294117647058826,1.0,0.21428571428571427,3,14,3,3,0.32985687255859375,0.658013105392456,0.35
6361,False,exact,1.0,Six,6,0.2,0.5,0.125,2,8,1,1,0.3718227744102478,0.8036775588989258,0.35
6362,False,numeric_mismatch,0.0,403,333.6829876792468,0.4,1.0,0.25,3,12,3,3,0.3051617741584778,0.8397901654243469,0.35
6363,True,exact,1.0,Years,Years,0.2,0.5,0.125,2,8,1,1,0.27778390049934387,0.5752976536750793,0.35
6364,True,yes_no,1.0,No,No,0.4615384615384615,1.0,0.3,3,10,3,3,0.34389883279800415,0.8661087155342102,0.35
6365,True,numeric_exact,1.0,2,2,0.4615384615384615,1.0,0.3,3,10,3,3,0.33391183614730835,0.7798628807067871,0.35
6366,True,numeric_rounded,0.9,8,7.7999997138976696,0.7692307692307692,0.8333333333333334,0.7142857142857143,6,7,5,5,0.3726087808609009,0.8704272508621216,0.35
6367,True,yes_no,1.0,Yes,Yes,0.7142857142857143,1.0,0.5555555555555556,5,9,5,5,0.3972708284854889,0.918023407459259,0.35
6368,True,yes_no,1.0,Yes,Yes,0.4615384615384615,1.0,0.3,3,10,3,3,0.42832863330841064,0.7090758681297302,0.35
6369,True,numeric_exact,1.0,4,4,0.6,1.0,0.42857142857142855,3,7,3,3,0.31273555755615234,0.6422421336174011,0.35
6370,False,numeric_mismatch,0.0,4106387911.0,40944981886,0.5,1.0,0.3333333333333333,3,9,3,3,0.45690634846687317,0.7835090160369873,0.35
6371,True,numeric_exact,1.0,2010,2010,0.5454545454545454,1.0,0.375,3,8,3,3,0.5441387295722961,0.8771814703941345,0.35
