sample_idx,match_f1,ordered_f1,kendall_tau,tau_normalized,precision,recall,num_predicted_steps,num_reference_steps
0,0.9473684210526316,0.8763157894736842,0.5,0.75,0.9,1.0,10,9
1,0.9411764705882353,0.880672268907563,0.5714285714285714,0.7857142857142857,1.0,0.8888888888888888,8,9
2,0.9411764705882353,0.7999999999999999,0.0,0.5,0.8888888888888888,1.0,9,8
3,1.0,0.84,-0.06666666666666667,0.4666666666666667,1.0,1.0,6,6
4,0.9411764705882353,0.8403361344537814,0.2857142857142857,0.6428571428571428,0.8888888888888888,1.0,9,8
5,0.8750000000000001,0.7250000000000001,-0.14285714285714285,0.4285714285714286,0.7777777777777778,1.0,9,7
6,0.923076923076923,0.8123076923076922,0.2,0.6,0.8571428571428571,1.0,7,6
7,0.8571428571428571,0.7885714285714285,0.4666666666666667,0.7333333333333334,1.0,0.75,6,8
8,0.7692307692307693,0.6769230769230768,0.2,0.6,0.625,1.0,8,5
9,1.0,0.9099999999999999,0.4,0.7,1.0,1.0,5,5
10,0.8,0.672,-0.06666666666666667,0.4666666666666667,0.6666666666666666,1.0,9,6
11,0.8571428571428571,0.72,-0.06666666666666667,0.4666666666666667,0.75,1.0,8,6
12,0.923076923076923,0.8123076923076922,0.2,0.6,0.8571428571428571,1.0,7,6
13,0.8333333333333333,0.7333333333333332,0.2,0.6,1.0,0.7142857142857143,5,7
14,0.8571428571428571,0.72,-0.06666666666666667,0.4666666666666667,0.75,1.0,8,6
15,1.0,0.86,0.06666666666666667,0.5333333333333333,1.0,1.0,6,6
16,0.888888888888889,0.8444444444444444,0.6666666666666666,0.8333333333333333,1.0,0.8,4,5
17,0.923076923076923,0.8492307692307691,0.4666666666666667,0.7333333333333334,0.8571428571428571,1.0,7,6
18,0.8333333333333333,0.6833333333333332,-0.2,0.4,0.7142857142857143,1.0,7,5
19,0.8,0.64,-0.3333333333333333,0.33333333333333337,1.0,0.6666666666666666,4,6
20,0.7692307692307693,0.6307692307692307,-0.2,0.4,0.625,1.0,8,5
21,0.9090909090909091,0.7999999999999998,0.2,0.6,1.0,0.8333333333333334,5,6
22,0.7692307692307693,0.7230769230769231,0.6,0.8,1.0,0.625,5,8
23,0.9090909090909091,0.7181818181818181,-0.4,0.3,1.0,0.8333333333333334,5,6
24,0.7692307692307693,0.7230769230769231,0.6,0.8,1.0,0.625,5,8
25,0.8,0.64,-0.3333333333333333,0.33333333333333337,0.6666666666666666,1.0,9,6
26,0.923076923076923,0.7938461538461538,0.06666666666666667,0.5333333333333333,0.8571428571428571,1.0,7,6
27,0.8750000000000001,0.8625,0.9047619047619048,0.9523809523809523,0.7777777777777778,1.0,9,7
28,0.8333333333333333,0.7333333333333332,0.2,0.6,0.7142857142857143,1.0,7,5
29,0.8,0.6880000000000001,0.06666666666666667,0.5333333333333333,1.0,0.6666666666666666,6,9
30,0.8571428571428571,0.6857142857142856,-0.3333333333333333,0.33333333333333337,0.75,1.0,8,6
31,0.8,0.72,0.3333333333333333,0.6666666666666666,0.6666666666666666,1.0,6,4
32,0.5,0.425,0.0,0.5,0.3333333333333333,1.0,15,5
33,0.888888888888889,0.7999999999999999,0.3333333333333333,0.6666666666666666,1.0,0.8,4,5
34,0.8571428571428571,0.72,-0.06666666666666667,0.4666666666666667,0.75,1.0,8,6
35,0.9090909090909091,0.7454545454545454,-0.2,0.4,0.8333333333333334,1.0,6,5
36,0.923076923076923,0.7753846153846153,-0.06666666666666667,0.4666666666666667,1.0,0.8571428571428571,6,7
37,1.0,0.8428571428571427,-0.047619047619047616,0.47619047619047616,1.0,1.0,7,7
38,0.9090909090909091,0.8272727272727272,0.4,0.7,0.8333333333333334,1.0,6,5
39,0.8333333333333333,0.6833333333333332,-0.2,0.4,1.0,0.7142857142857143,5,7
40,0.8571428571428571,0.7885714285714285,0.4666666666666667,0.7333333333333334,0.75,1.0,8,6
41,0.7777777777777778,0.6444444444444444,-0.14285714285714285,0.4285714285714286,0.6363636363636364,1.0,11,7
42,0.8333333333333333,0.7833333333333332,0.6,0.8,1.0,0.7142857142857143,5,7
43,0.923076923076923,0.8492307692307691,0.4666666666666667,0.7333333333333334,1.0,0.8571428571428571,6,7
44,0.923076923076923,0.8123076923076922,0.2,0.6,0.8571428571428571,1.0,7,6
45,0.923076923076923,0.7938461538461538,0.06666666666666667,0.5333333333333333,1.0,0.8571428571428571,6,7
46,1.0,0.8142857142857143,-0.23809523809523808,0.38095238095238093,1.0,1.0,7,7
47,0.8,0.6000000000000001,-0.6666666666666666,0.16666666666666669,1.0,0.6666666666666666,4,6
48,0.7272727272727273,0.5818181818181818,-0.3333333333333333,0.33333333333333337,1.0,0.5714285714285714,4,7
49,0.9411764705882353,0.7999999999999999,0.0,0.5,0.8888888888888888,1.0,9,8
50,0.888888888888889,0.7555555555555555,0.0,0.5,1.0,0.8,4,5
51,0.9090909090909091,0.7454545454545454,-0.2,0.4,0.8333333333333334,1.0,6,5
52,0.9090909090909091,0.7454545454545454,-0.2,0.4,0.8333333333333334,1.0,6,5
53,0.8571428571428571,0.7371428571428571,0.06666666666666667,0.5333333333333333,0.75,1.0,8,6
54,0.8571428571428571,0.7714285714285714,0.3333333333333333,0.6666666666666666,1.0,0.75,6,8
55,0.8571428571428571,0.7542857142857141,0.2,0.6,1.0,0.75,6,8
56,0.9333333333333333,0.8533333333333333,0.42857142857142855,0.7142857142857143,1.0,0.875,7,8
57,0.6666666666666666,0.6333333333333333,0.6666666666666666,0.8333333333333333,1.0,0.5,4,8
58,0.7692307692307693,0.6076923076923076,-0.4,0.3,1.0,0.625,5,8
59,1.0,0.8821428571428571,0.21428571428571427,0.6071428571428571,1.0,1.0,8,8
60,1.0,0.8392857142857142,-0.07142857142857142,0.4642857142857143,1.0,1.0,8,8
61,0.7692307692307693,0.6307692307692307,-0.2,0.4,1.0,0.625,5,8
62,0.7692307692307693,0.7230769230769231,0.6,0.8,1.0,0.625,5,8
63,0.6666666666666666,0.5666666666666667,0.0,0.5,1.0,0.5,4,8
64,0.33333333333333337,0.33333333333333337,1.0,1.0,0.2,1.0,5,1
65,0.8571428571428571,0.8057142857142856,0.6,0.8,1.0,0.75,6,8
66,0.8571428571428571,0.6514285714285714,-0.6,0.2,1.0,0.75,6,8
67,0.6666666666666666,0.5666666666666667,0.0,0.5,1.0,0.5,4,8
68,0.8571428571428571,0.7542857142857141,0.2,0.6,1.0,0.75,6,8
69,0.6153846153846153,0.556043956043956,0.35714285714285715,0.6785714285714286,0.4444444444444444,1.0,18,8
70,0.9333333333333333,0.7866666666666666,-0.047619047619047616,0.47619047619047616,1.0,0.875,7,8
71,0.888888888888889,0.7746031746031745,0.14285714285714285,0.5714285714285714,0.8,1.0,10,8
72,0.7692307692307693,0.6538461538461539,0.0,0.5,1.0,0.625,5,8
73,0.8571428571428571,0.7542857142857141,0.2,0.6,1.0,0.75,6,8
74,0.8,0.64,-0.3333333333333333,0.33333333333333337,1.0,0.6666666666666666,4,6
75,0.7692307692307693,0.7461538461538462,0.8,0.9,1.0,0.625,5,8
76,1.0,0.9249999999999999,0.5,0.75,1.0,1.0,9,9
77,0.8750000000000001,0.7875,0.3333333333333333,0.6666666666666666,1.0,0.7777777777777778,7,9
78,0.888888888888889,0.8126984126984127,0.42857142857142855,0.7142857142857143,0.8,1.0,10,8
79,0.5,0.44999999999999996,0.3333333333333333,0.6666666666666666,1.0,0.3333333333333333,3,9
80,0.9333333333333333,0.7466666666666666,-0.3333333333333333,0.33333333333333337,1.0,0.875,7,8
81,0.9411764705882353,0.8605042016806722,0.42857142857142855,0.7142857142857143,1.0,0.8888888888888888,8,9
82,0.5454545454545454,0.5454545454545454,1.0,1.0,1.0,0.375,3,8
83,0.7692307692307693,0.7230769230769231,0.6,0.8,1.0,0.625,5,8
84,0.7142857142857143,0.6285714285714286,0.2,0.6,1.0,0.5555555555555556,5,9
85,0.7142857142857143,0.6285714285714286,0.2,0.6,1.0,0.5555555555555556,5,9
86,0.888888888888889,0.7841269841269841,0.21428571428571427,0.6071428571428571,0.8,1.0,10,8
87,0.7692307692307693,0.7230769230769231,0.6,0.8,1.0,0.625,5,8
88,0.6666666666666666,0.5666666666666667,0.0,0.5,1.0,0.5,4,8
89,0.8571428571428571,0.6685714285714285,-0.4666666666666667,0.26666666666666666,1.0,0.75,6,8
90,0.5454545454545454,0.49090909090909085,0.3333333333333333,0.6666666666666666,1.0,0.375,3,8
91,0.888888888888889,0.765079365079365,0.07142857142857142,0.5357142857142857,0.8,1.0,10,8
92,0.8571428571428571,0.72,-0.06666666666666667,0.4666666666666667,1.0,0.75,6,8
93,0.7692307692307693,0.7461538461538462,0.8,0.9,1.0,0.625,5,8
94,1.0,0.9357142857142857,0.5714285714285714,0.7857142857142857,1.0,1.0,8,8
95,0.923076923076923,0.7753846153846153,-0.06666666666666667,0.4666666666666667,1.0,0.8571428571428571,6,7
96,0.6666666666666666,0.5666666666666667,0.0,0.5,1.0,0.5,4,8
97,0.9411764705882353,0.7798319327731091,-0.14285714285714285,0.4285714285714286,0.8888888888888888,1.0,9,8
98,0.7692307692307693,0.7692307692307693,1.0,1.0,1.0,0.625,5,8
99,0.7692307692307693,0.6769230769230768,0.2,0.6,1.0,0.625,5,8
100,0.7692307692307693,0.7230769230769231,0.6,0.8,1.0,0.625,5,8
101,1.0,0.9249999999999999,0.5,0.75,1.0,1.0,8,8
102,0.6666666666666666,0.5666666666666667,0.0,0.5,1.0,0.5,4,8
103,0.7692307692307693,0.7,0.4,0.7,1.0,0.625,5,8
104,0.7692307692307693,0.7461538461538462,0.8,0.9,1.0,0.625,5,8
105,0.8571428571428571,0.7542857142857141,0.2,0.6,1.0,0.75,6,8
106,0.8,0.6628571428571428,-0.14285714285714285,0.4285714285714286,0.6666666666666666,1.0,12,8
107,0.8750000000000001,0.8125,0.5238095238095238,0.7619047619047619,1.0,0.7777777777777778,7,9
108,0.8,0.736,0.4666666666666667,0.7333333333333334,1.0,0.6666666666666666,6,9
109,0.9333333333333333,0.7866666666666666,-0.047619047619047616,0.47619047619047616,1.0,0.875,7,8
110,0.7692307692307693,0.5846153846153846,-0.6,0.2,1.0,0.625,5,8
111,0.6666666666666666,0.5666666666666667,0.0,0.5,0.5,1.0,16,8
112,0.9333333333333333,0.8933333333333333,0.7142857142857143,0.8571428571428572,1.0,0.875,7,8
113,0.7692307692307693,0.6307692307692307,-0.2,0.4,1.0,0.625,5,8
114,0.8571428571428571,0.7371428571428571,0.06666666666666667,0.5333333333333333,1.0,0.75,6,8
115,0.9333333333333333,0.8533333333333333,0.42857142857142855,0.7142857142857143,0.875,1.0,8,7
116,0.888888888888889,0.7746031746031745,0.14285714285714285,0.5714285714285714,0.8,1.0,10,8
117,0.9333333333333333,0.8666666666666666,0.5238095238095238,0.7619047619047619,1.0,0.875,7,8
118,0.8,0.72,0.3333333333333333,0.6666666666666666,1.0,0.6666666666666666,6,9
119,0.8750000000000001,0.7875,0.3333333333333333,0.6666666666666666,1.0,0.7777777777777778,7,9
120,0.8,0.6714285714285714,-0.07142857142857142,0.4642857142857143,0.6666666666666666,1.0,12,8
121,0.9333333333333333,0.8666666666666666,0.5238095238095238,0.7619047619047619,1.0,0.875,7,8
122,0.8571428571428571,0.7542857142857141,0.2,0.6,1.0,0.75,6,8
123,0.5454545454545454,0.49090909090909085,0.3333333333333333,0.6666666666666666,1.0,0.375,3,8
124,0.888888888888889,0.7936507936507936,0.2857142857142857,0.6428571428571428,1.0,0.8,8,10
125,1.0,0.8821428571428571,0.21428571428571427,0.6071428571428571,1.0,1.0,8,8
126,0.8571428571428571,0.7885714285714285,0.4666666666666667,0.7333333333333334,1.0,0.75,6,8
127,0.9411764705882353,0.8100840336134453,0.07142857142857142,0.5357142857142857,0.8888888888888888,1.0,9,8
128,0.9411764705882353,0.880672268907563,0.5714285714285714,0.7857142857142857,1.0,0.8888888888888888,8,9
129,0.7692307692307693,0.7461538461538462,0.8,0.9,1.0,0.625,5,8
130,0.9411764705882353,0.8605042016806722,0.42857142857142855,0.7142857142857143,0.8888888888888888,1.0,9,8
131,0.9333333333333333,0.8133333333333332,0.14285714285714285,0.5714285714285714,1.0,0.875,7,8
132,0.9333333333333333,0.8533333333333333,0.42857142857142855,0.7142857142857143,1.0,0.875,7,8
133,0.7692307692307693,0.6564102564102564,0.022222222222222223,0.5111111111111111,1.0,0.625,10,16
134,0.6666666666666666,0.6666666666666666,1.0,1.0,1.0,0.5,4,8
135,0.9411764705882353,0.8403361344537814,0.2857142857142857,0.6428571428571428,0.8888888888888888,1.0,9,8
136,0.8750000000000001,0.7875,0.3333333333333333,0.6666666666666666,1.0,0.7777777777777778,7,9
137,0.9333333333333333,0.9199999999999999,0.9047619047619048,0.9523809523809523,1.0,0.875,7,8
138,0.8750000000000001,0.7875,0.3333333333333333,0.6666666666666666,1.0,0.7777777777777778,7,9
139,0.6666666666666666,0.6333333333333333,0.6666666666666666,0.8333333333333333,1.0,0.5,4,8
140,0.9333333333333333,0.84,0.3333333333333333,0.6666666666666666,1.0,0.875,7,8
141,0.8,0.736,0.4666666666666667,0.7333333333333334,1.0,0.6666666666666666,6,9
142,0.8571428571428571,0.6857142857142856,-0.3333333333333333,0.33333333333333337,1.0,0.75,6,8
143,0.9,0.7424999999999999,-0.16666666666666666,0.4166666666666667,0.8181818181818182,1.0,11,9
144,1.0,0.9583333333333333,0.7222222222222222,0.8611111111111112,1.0,1.0,9,9
145,0.9411764705882353,0.880672268907563,0.5714285714285714,0.7857142857142857,0.8888888888888888,1.0,9,8
146,0.8571428571428571,0.7928571428571427,0.5,0.75,0.75,1.0,12,9
147,0.7692307692307693,0.6307692307692307,-0.2,0.4,1.0,0.625,5,8
148,0.888888888888889,0.8126984126984127,0.42857142857142855,0.7142857142857143,0.8,1.0,10,8
149,0.9333333333333333,0.8666666666666666,0.5238095238095238,0.7619047619047619,1.0,0.875,7,8
150,0.7692307692307693,0.6307692307692307,-0.2,0.4,1.0,0.625,5,8
151,0.9333333333333333,0.7999999999999999,0.047619047619047616,0.5238095238095238,1.0,0.875,7,8
152,0.7692307692307693,0.6307692307692307,-0.2,0.4,1.0,0.625,5,8
153,0.7272727272727273,0.6181818181818182,0.0,0.5,0.5714285714285714,1.0,14,8
154,0.8571428571428571,0.7885714285714285,0.4666666666666667,0.7333333333333334,1.0,0.75,6,8
155,0.9333333333333333,0.8266666666666667,0.23809523809523808,0.6190476190476191,1.0,0.875,7,8
156,0.6666666666666666,0.5999999999999999,0.3333333333333333,0.6666666666666666,1.0,0.5,4,8
157,1.0,0.94,0.6,0.8,1.0,1.0,10,10
158,0.7692307692307693,0.6538461538461539,0.0,0.5,1.0,0.625,5,8
159,0.8571428571428571,0.7857142857142856,0.4444444444444444,0.7222222222222222,0.75,1.0,12,9
160,0.8,0.624,-0.4666666666666667,0.26666666666666666,1.0,0.6666666666666666,6,9
161,0.8,0.6880000000000001,0.06666666666666667,0.5333333333333333,1.0,0.6666666666666666,6,9
162,0.9333333333333333,0.8266666666666667,0.23809523809523808,0.6190476190476191,1.0,0.875,7,8
163,0.7096774193548387,0.6090322580645161,0.05454545454545454,0.5272727272727272,0.55,1.0,20,11
164,0.2857142857142857,0.2857142857142857,1.0,1.0,0.16666666666666666,1.0,6,1
165,0.6153846153846153,0.5164835164835163,-0.07142857142857142,0.4642857142857143,0.4444444444444444,1.0,18,8
166,0.6666666666666666,0.5333333333333332,-0.3333333333333333,0.33333333333333337,1.0,0.5,4,8
167,0.7499999999999999,0.6449999999999999,0.06666666666666667,0.5333333333333333,1.0,0.6,6,10
168,0.9,0.8324999999999999,0.5,0.75,0.8181818181818182,1.0,11,9
169,0.9333333333333333,0.7466666666666666,-0.3333333333333333,0.33333333333333337,1.0,0.875,7,8
170,0.6666666666666666,0.5999999999999999,0.3333333333333333,0.6666666666666666,1.0,0.5,4,8
171,0.7499999999999999,0.6749999999999998,0.3333333333333333,0.6666666666666666,0.6,1.0,10,6
172,0.7499999999999999,0.6687499999999998,0.2777777777777778,0.6388888888888888,0.6,1.0,15,9
173,0.5454545454545454,0.3818181818181818,-1.0,0.0,1.0,0.375,3,8
174,0.5,0.44999999999999996,0.3333333333333333,0.6666666666666666,1.0,0.3333333333333333,3,9
175,0.7142857142857143,0.6499999999999999,0.4,0.7,1.0,0.5555555555555556,5,9
176,0.5925925925925926,0.51005291005291,0.07142857142857142,0.5357142857142857,0.42105263157894735,1.0,19,8
177,0.7692307692307693,0.7,0.4,0.7,1.0,0.625,5,8
178,0.8571428571428571,0.7371428571428571,0.06666666666666667,0.5333333333333333,1.0,0.75,6,8
179,0.7499999999999999,0.5999999999999999,-0.3333333333333333,0.33333333333333337,1.0,0.6,6,10
180,0.7692307692307693,0.6307692307692307,-0.2,0.4,1.0,0.625,5,8
181,0.9333333333333333,0.76,-0.23809523809523808,0.38095238095238093,1.0,0.875,7,8
182,0.9333333333333333,0.8666666666666666,0.5238095238095238,0.7619047619047619,1.0,0.875,7,8
183,0.888888888888889,0.8222222222222222,0.5,0.75,1.0,0.8,8,10
184,0.6666666666666666,0.5,-0.6666666666666666,0.16666666666666669,1.0,0.5,4,8
185,0.7142857142857143,0.5642857142857143,-0.4,0.3,1.0,0.5555555555555556,5,9
186,0.8,0.6628571428571428,-0.14285714285714285,0.4285714285714286,0.6666666666666666,1.0,12,8
187,0.8,0.672,-0.06666666666666667,0.4666666666666667,1.0,0.6666666666666666,6,9
188,0.888888888888889,0.746031746031746,-0.07142857142857142,0.4642857142857143,0.8,1.0,10,8
189,0.6153846153846153,0.523076923076923,0.0,0.5,1.0,0.4444444444444444,4,9
190,0.9333333333333333,0.8666666666666666,0.5238095238095238,0.7619047619047619,1.0,0.875,7,8
191,0.9411764705882353,0.8705882352941176,0.5,0.75,1.0,0.8888888888888888,8,9
192,0.7692307692307693,0.6769230769230768,0.2,0.6,1.0,0.625,5,8
193,0.8235294117647058,0.6352941176470587,-0.5238095238095238,0.23809523809523808,1.0,0.7,7,10
194,0.9411764705882353,0.9008403361344537,0.7142857142857143,0.8571428571428572,0.8888888888888888,1.0,9,8
195,0.8750000000000001,0.7875,0.3333333333333333,0.6666666666666666,1.0,0.7777777777777778,7,9
196,0.8571428571428571,0.8057142857142856,0.6,0.8,1.0,0.75,6,8
197,0.8750000000000001,0.6875000000000001,-0.42857142857142855,0.2857142857142857,1.0,0.7777777777777778,7,9
198,0.7692307692307693,0.6538461538461539,0.0,0.5,1.0,0.625,5,8
199,0.7142857142857143,0.6285714285714286,0.2,0.6,1.0,0.5555555555555556,5,9
200,1.0,0.8607142857142857,0.07142857142857142,0.5357142857142857,1.0,1.0,8,8
201,0.6666666666666666,0.6333333333333333,0.6666666666666666,0.8333333333333333,1.0,0.5,4,8
202,0.8181818181818181,0.7499999999999999,0.4444444444444444,0.7222222222222222,0.6923076923076923,1.0,13,9
203,0.7692307692307693,0.6769230769230768,0.2,0.6,1.0,0.625,5,8
204,0.5454545454545454,0.5454545454545454,1.0,1.0,1.0,0.375,3,8
205,1.0,0.8916666666666666,0.2777777777777778,0.6388888888888888,1.0,1.0,9,9
206,0.72,0.6419999999999999,0.2777777777777778,0.6388888888888888,1.0,0.5625,9,16
207,0.8571428571428571,0.7714285714285714,0.3333333333333333,0.6666666666666666,1.0,0.75,6,8
208,0.8571428571428571,0.7885714285714285,0.4666666666666667,0.7333333333333334,1.0,0.75,6,8
209,0.9411764705882353,0.7697478991596638,-0.21428571428571427,0.39285714285714285,1.0,0.8888888888888888,8,9
210,0.7692307692307693,0.6769230769230768,0.2,0.6,1.0,0.625,5,8
211,0.5454545454545454,0.49090909090909085,0.3333333333333333,0.6666666666666666,1.0,0.375,3,8
212,0.9333333333333333,0.8133333333333332,0.14285714285714285,0.5714285714285714,1.0,0.875,7,8
213,0.8750000000000001,0.8,0.42857142857142855,0.7142857142857143,1.0,0.7777777777777778,7,9
214,0.9333333333333333,0.84,0.3333333333333333,0.6666666666666666,1.0,0.875,7,8
215,0.6666666666666666,0.5,-0.6666666666666666,0.16666666666666669,1.0,0.5,4,8
216,0.8571428571428571,0.8228571428571427,0.7333333333333333,0.8666666666666667,1.0,0.75,6,8
217,0.9411764705882353,0.8302521008403361,0.21428571428571427,0.6071428571428571,0.8888888888888888,1.0,9,8
218,0.4,0.4,1.0,1.0,0.25,1.0,4,1
219,0.8571428571428571,0.6514285714285714,-0.6,0.2,1.0,0.75,6,8
220,0.8,0.72,0.3333333333333333,0.6666666666666666,1.0,0.6666666666666666,6,9
221,0.8571428571428571,0.7371428571428571,0.06666666666666667,0.5333333333333333,1.0,0.75,6,8
222,0.9473684210526316,0.8052631578947369,0.0,0.5,0.9,1.0,10,9
223,0.9411764705882353,0.7999999999999999,0.0,0.5,1.0,0.8888888888888888,8,9
224,0.7499999999999999,0.6899999999999998,0.4666666666666667,0.7333333333333334,1.0,0.6,6,10
225,0.8,0.624,-0.4666666666666667,0.26666666666666666,1.0,0.6666666666666666,6,9
226,0.9473684210526316,0.8763157894736842,0.5,0.75,1.0,0.9,9,10
227,0.7692307692307693,0.7230769230769231,0.6,0.8,1.0,0.625,5,8
228,1.0,0.9678571428571427,0.7857142857142857,0.8928571428571428,1.0,1.0,8,8
229,0.6666666666666666,0.6333333333333333,0.6666666666666666,0.8333333333333333,1.0,0.5,4,8
230,1.0,0.9249999999999999,0.5,0.75,1.0,1.0,8,8
231,1.0,0.9357142857142857,0.5714285714285714,0.7857142857142857,1.0,1.0,8,8
232,0.7692307692307693,0.7461538461538462,0.8,0.9,1.0,0.625,5,8
233,0.9411764705882353,0.8907563025210083,0.6428571428571429,0.8214285714285714,1.0,0.8888888888888888,8,9
234,0.7142857142857143,0.6071428571428571,0.0,0.5,1.0,0.5555555555555556,5,9
235,0.2857142857142857,0.2857142857142857,1.0,1.0,0.16666666666666666,1.0,6,1
236,1.0,0.8333333333333333,-0.1111111111111111,0.4444444444444444,1.0,1.0,9,9
237,0.8333333333333333,0.7083333333333333,0.0,0.5,1.0,0.7142857142857143,5,7
238,0.7692307692307693,0.7230769230769231,0.6,0.8,1.0,0.625,5,8
239,0.9411764705882353,0.8201680672268906,0.14285714285714285,0.5714285714285714,1.0,0.8888888888888888,8,9
240,0.8,0.72,0.3333333333333333,0.6666666666666666,1.0,0.6666666666666666,6,9
241,1.0,0.8607142857142857,0.07142857142857142,0.5357142857142857,1.0,1.0,8,8
242,0.5454545454545454,0.4363636363636363,-0.3333333333333333,0.33333333333333337,1.0,0.375,3,8
243,0.8,0.672,-0.06666666666666667,0.4666666666666667,1.0,0.6666666666666666,6,9
244,0.7142857142857143,0.6714285714285714,0.6,0.8,1.0,0.5555555555555556,5,9
245,0.888888888888889,0.7365079365079366,-0.14285714285714285,0.4285714285714286,1.0,0.8,8,10
246,0.8571428571428571,0.7371428571428571,0.06666666666666667,0.5333333333333333,1.0,0.75,6,8
247,0.7692307692307693,0.7,0.4,0.7,1.0,0.625,5,8
248,0.6153846153846153,0.523076923076923,0.0,0.5,1.0,0.4444444444444444,4,9
249,0.6666666666666666,0.6333333333333333,0.6666666666666666,0.8333333333333333,1.0,0.5,4,8
250,0.6666666666666666,0.4666666666666666,-1.0,0.0,1.0,0.5,4,8
251,0.8,0.72,0.3333333333333333,0.6666666666666666,1.0,0.6666666666666666,6,9
252,0.7692307692307693,0.5846153846153846,-0.6,0.2,1.0,0.625,5,8
253,0.8571428571428571,0.7885714285714285,0.4666666666666667,0.7333333333333334,1.0,0.75,6,8
254,0.7692307692307693,0.7692307692307693,1.0,1.0,1.0,0.625,5,8
255,1.0,0.9571428571428571,0.7142857142857143,0.8571428571428572,1.0,1.0,8,8
256,0.7692307692307693,0.6769230769230768,0.2,0.6,1.0,0.625,5,8
257,0.7058823529411764,0.6211764705882351,0.2,0.6,1.0,0.5454545454545454,6,11
258,0.8571428571428571,0.8057142857142856,0.6,0.8,1.0,0.75,6,8
259,0.4615384615384615,0.4153846153846153,0.3333333333333333,0.6666666666666666,1.0,0.3,3,10
260,0.888888888888889,0.7746031746031745,0.14285714285714285,0.5714285714285714,0.8,1.0,10,8
261,0.9,0.8324999999999999,0.5,0.75,1.0,0.8181818181818182,9,11
262,0.9411764705882353,0.7999999999999999,0.0,0.5,1.0,0.8888888888888888,8,9
263,0.7142857142857143,0.6714285714285714,0.6,0.8,1.0,0.5555555555555556,5,9
264,0.7142857142857143,0.6714285714285714,0.6,0.8,1.0,0.5555555555555556,5,9
265,0.8571428571428571,0.8057142857142856,0.6,0.8,1.0,0.75,6,8
266,0.8235294117647058,0.6823529411764705,-0.14285714285714285,0.4285714285714286,1.0,0.7,7,10
267,0.5454545454545454,0.5454545454545454,1.0,1.0,1.0,0.375,3,8
268,0.8,0.68,0.0,0.5,0.6666666666666666,1.0,12,8
269,0.7692307692307693,0.7230769230769231,0.6,0.8,1.0,0.625,5,8
270,0.6666666666666666,0.4666666666666666,-1.0,0.0,1.0,0.5,4,8
271,0.7142857142857143,0.6285714285714286,0.2,0.6,1.0,0.5555555555555556,5,9
272,0.8571428571428571,0.6685714285714285,-0.4666666666666667,0.26666666666666666,1.0,0.75,6,8
273,0.7499999999999999,0.6449999999999999,0.06666666666666667,0.5333333333333333,0.6,1.0,10,6
274,0.7142857142857143,0.6928571428571428,0.8,0.9,1.0,0.5555555555555556,5,9
275,0.8571428571428571,0.7285714285714285,0.0,0.5,0.75,1.0,12,9
276,0.5517241379310345,0.45123152709359604,-0.21428571428571427,0.39285714285714285,0.38095238095238093,1.0,21,8
277,0.8571428571428571,0.7885714285714285,0.4666666666666667,0.7333333333333334,1.0,0.75,6,8
278,0.6666666666666666,0.6666666666666666,1.0,1.0,1.0,0.5,4,8
279,0.7272727272727273,0.6545454545454545,0.3333333333333333,0.6666666666666666,1.0,0.5714285714285714,4,7
280,0.6666666666666666,0.5666666666666667,0.0,0.5,1.0,0.5,4,8
281,0.7692307692307693,0.7230769230769231,0.6,0.8,1.0,0.625,5,8
282,0.6666666666666666,0.6666666666666666,1.0,1.0,1.0,0.5,4,8
283,0.6666666666666666,0.5666666666666667,0.0,0.5,1.0,0.5,4,8
284,1.0,0.9466666666666665,0.6444444444444445,0.8222222222222222,1.0,1.0,10,10
285,0.5454545454545454,0.5454545454545454,1.0,1.0,1.0,0.375,3,8
286,0.8,0.672,-0.06666666666666667,0.4666666666666667,1.0,0.6666666666666666,6,9
287,0.9411764705882353,0.880672268907563,0.5714285714285714,0.7857142857142857,0.8888888888888888,1.0,9,8
288,0.8750000000000001,0.7375,-0.047619047619047616,0.47619047619047616,1.0,0.7777777777777778,7,9
289,0.9411764705882353,0.8705882352941176,0.5,0.75,0.8888888888888888,1.0,9,8
290,1.0,0.8285714285714285,-0.14285714285714285,0.4285714285714286,1.0,1.0,8,8
291,0.9411764705882353,0.8605042016806722,0.42857142857142855,0.7142857142857143,0.8888888888888888,1.0,9,8
292,0.7272727272727273,0.6571428571428571,0.35714285714285715,0.6785714285714286,0.5714285714285714,1.0,14,8
293,0.9333333333333333,0.8133333333333332,0.14285714285714285,0.5714285714285714,1.0,0.875,7,8
294,0.8750000000000001,0.7000000000000001,-0.3333333333333333,0.33333333333333337,1.0,0.7777777777777778,7,9
295,0.9473684210526316,0.8842105263157896,0.5555555555555556,0.7777777777777778,0.9,1.0,10,9
296,0.7692307692307693,0.7,0.4,0.7,1.0,0.625,5,8
297,0.8571428571428571,0.8057142857142856,0.6,0.8,1.0,0.75,6,8
298,0.6153846153846153,0.523076923076923,0.0,0.5,1.0,0.4444444444444444,4,9
299,0.8571428571428571,0.7542857142857141,0.2,0.6,1.0,0.75,6,8
300,0.5714285714285715,0.4,-1.0,0.0,1.0,0.4,4,10
301,1.0,0.8607142857142857,0.07142857142857142,0.5357142857142857,1.0,1.0,8,8
302,0.8571428571428571,0.7714285714285714,0.3333333333333333,0.6666666666666666,1.0,0.75,6,8
303,0.8421052631578948,0.7157894736842105,0.0,0.5,0.7272727272727273,1.0,11,8
304,0.7692307692307693,0.7,0.4,0.7,1.0,0.625,5,8
305,0.8421052631578948,0.7518796992481203,0.2857142857142857,0.6428571428571428,0.7272727272727273,1.0,11,8
306,0.6666666666666666,0.6066666666666666,0.4,0.7,1.0,0.5,5,10
307,0.7692307692307693,0.6538461538461539,0.0,0.5,1.0,0.625,5,8
308,0.8571428571428571,0.8228571428571427,0.7333333333333333,0.8666666666666667,1.0,0.75,6,8
309,1.0,0.8333333333333333,-0.1111111111111111,0.4444444444444444,1.0,1.0,9,9
310,0.6666666666666666,0.5999999999999999,0.3333333333333333,0.6666666666666666,1.0,0.5,4,8
311,1.0,0.8772727272727272,0.18181818181818182,0.5909090909090909,1.0,1.0,12,12
312,0.8571428571428571,0.72,-0.06666666666666667,0.4666666666666667,1.0,0.75,6,8
313,0.7692307692307693,0.6769230769230768,0.2,0.6,1.0,0.625,5,8
314,0.7692307692307693,0.6769230769230768,0.2,0.6,1.0,0.625,5,8
315,0.6666666666666666,0.5666666666666667,0.0,0.5,1.0,0.5,4,8
316,0.8571428571428571,0.7885714285714285,0.4666666666666667,0.7333333333333334,1.0,0.75,6,8
317,0.7692307692307693,0.7692307692307693,1.0,1.0,1.0,0.625,5,8
318,0.8571428571428571,0.72,-0.06666666666666667,0.4666666666666667,1.0,0.75,6,8
319,0.7142857142857143,0.6499999999999999,0.4,0.7,1.0,0.5555555555555556,5,9
320,0.8,0.72,0.3333333333333333,0.6666666666666666,1.0,0.6666666666666666,6,9
321,0.6666666666666666,0.5666666666666667,0.0,0.5,1.0,0.5,4,8
322,0.888888888888889,0.8222222222222222,0.5,0.75,0.8,1.0,10,8
323,0.8,0.704,0.2,0.6,1.0,0.6666666666666666,6,9
324,0.8,0.768,0.7333333333333333,0.8666666666666667,1.0,0.6666666666666666,6,9
325,0.9333333333333333,0.84,0.3333333333333333,0.6666666666666666,1.0,0.875,7,8
326,0.7692307692307693,0.6769230769230768,0.2,0.6,1.0,0.625,5,8
327,0.6666666666666666,0.5666666666666667,0.0,0.5,1.0,0.5,4,8
328,0.8421052631578948,0.7428571428571429,0.21428571428571427,0.6071428571428571,0.7272727272727273,1.0,11,8
329,0.9411764705882353,0.749579831932773,-0.35714285714285715,0.3214285714285714,0.8888888888888888,1.0,9,8
330,0.5,0.44999999999999996,0.3333333333333333,0.6666666666666666,1.0,0.3333333333333333,3,9
331,1.0,0.9464285714285714,0.6428571428571429,0.8214285714285714,1.0,1.0,8,8
332,0.9411764705882353,0.8907563025210083,0.6428571428571429,0.8214285714285714,1.0,0.8888888888888888,8,9
333,0.9411764705882353,0.8705882352941176,0.5,0.75,0.8888888888888888,1.0,9,8
334,1.0,0.8714285714285713,0.14285714285714285,0.5714285714285714,1.0,1.0,8,8
335,0.888888888888889,0.7269841269841271,-0.21428571428571427,0.39285714285714285,1.0,0.8,8,10
336,0.6666666666666666,0.5,-0.6666666666666666,0.16666666666666669,1.0,0.5,4,8
337,0.8571428571428571,0.7028571428571427,-0.2,0.4,1.0,0.75,6,8
338,1.0,0.9357142857142857,0.5714285714285714,0.7857142857142857,1.0,1.0,8,8
339,0.9411764705882353,0.880672268907563,0.5714285714285714,0.7857142857142857,1.0,0.8888888888888888,8,9
340,0.7692307692307693,0.7,0.4,0.7,1.0,0.625,5,8
341,0.6666666666666666,0.5333333333333332,-0.3333333333333333,0.33333333333333337,1.0,0.5,4,8
342,0.9411764705882353,0.880672268907563,0.5714285714285714,0.7857142857142857,0.8888888888888888,1.0,9,8
343,0.8571428571428571,0.7542857142857141,0.2,0.6,1.0,0.75,6,8
344,0.7142857142857143,0.6499999999999999,0.4,0.7,1.0,0.5555555555555556,5,9
345,0.7692307692307693,0.6538461538461539,0.0,0.5,1.0,0.625,5,8
346,0.8421052631578948,0.7518796992481203,0.2857142857142857,0.6428571428571428,1.0,0.7272727272727273,8,11
347,0.8571428571428571,0.7,-0.2222222222222222,0.3888888888888889,0.75,1.0,12,9
348,0.8571428571428571,0.8228571428571427,0.7333333333333333,0.8666666666666667,1.0,0.75,6,8
349,1.0,0.8916666666666666,0.2777777777777778,0.6388888888888888,1.0,1.0,9,9
350,0.7692307692307693,0.6538461538461539,0.0,0.5,1.0,0.625,5,8
351,0.6666666666666666,0.5999999999999999,0.3333333333333333,0.6666666666666666,1.0,0.5,4,8
352,0.7692307692307693,0.6769230769230768,0.2,0.6,1.0,0.625,5,8
353,0.2857142857142857,0.2857142857142857,1.0,1.0,0.16666666666666666,1.0,6,1
354,0.6666666666666666,0.5999999999999999,0.3333333333333333,0.6666666666666666,1.0,0.5,4,8
355,0.9333333333333333,0.8266666666666667,0.23809523809523808,0.6190476190476191,1.0,0.875,7,8
356,0.7142857142857143,0.6071428571428571,0.0,0.5,1.0,0.5555555555555556,5,9
357,0.7499999999999999,0.6599999999999998,0.2,0.6,1.0,0.6,6,10
358,0.8571428571428571,0.7028571428571427,-0.2,0.4,1.0,0.75,6,8
359,1.0,0.8392857142857142,-0.07142857142857142,0.4642857142857143,1.0,1.0,8,8
360,0.8571428571428571,0.7714285714285714,0.3333333333333333,0.6666666666666666,1.0,0.75,6,8
361,0.7142857142857143,0.6285714285714286,0.2,0.6,1.0,0.5555555555555556,5,9
362,0.7692307692307693,0.6307692307692307,-0.2,0.4,1.0,0.625,5,8
363,0.8421052631578948,0.7609022556390977,0.35714285714285715,0.6785714285714286,0.7272727272727273,1.0,11,8
364,0.7692307692307693,0.7,0.4,0.7,1.0,0.625,5,8
365,0.8,0.62,-0.5,0.25,0.6666666666666666,1.0,12,8
366,0.8750000000000001,0.8,0.42857142857142855,0.7142857142857143,1.0,0.7777777777777778,7,9
367,0.9411764705882353,0.880672268907563,0.5714285714285714,0.7857142857142857,0.8888888888888888,1.0,9,8
368,0.5454545454545454,0.5454545454545454,1.0,1.0,1.0,0.375,3,8
369,0.9411764705882353,0.8403361344537814,0.2857142857142857,0.6428571428571428,0.8888888888888888,1.0,9,8
370,0.888888888888889,0.8507936507936508,0.7142857142857143,0.8571428571428572,1.0,0.8,8,10
371,0.8750000000000001,0.7375,-0.047619047619047616,0.47619047619047616,1.0,0.7777777777777778,7,9
372,1.0,0.8821428571428571,0.21428571428571427,0.6071428571428571,1.0,1.0,8,8
373,0.2857142857142857,0.2857142857142857,1.0,1.0,0.16666666666666666,1.0,6,1
374,0.9411764705882353,0.9310924369747898,0.9285714285714286,0.9642857142857143,0.8888888888888888,1.0,9,8
375,0.6153846153846153,0.6153846153846153,1.0,1.0,1.0,0.4444444444444444,4,9
376,0.19753086419753085,0.16155202821869488,-0.21428571428571427,0.39285714285714285,0.1095890410958904,1.0,73,8
377,0.7692307692307693,0.7461538461538462,0.8,0.9,1.0,0.625,5,8
378,0.9333333333333333,0.8133333333333332,0.14285714285714285,0.5714285714285714,1.0,0.875,7,8
379,0.9333333333333333,0.8133333333333332,0.14285714285714285,0.5714285714285714,1.0,0.875,7,8
380,0.4615384615384615,0.3692307692307692,-0.3333333333333333,0.33333333333333337,1.0,0.3,3,10
382,0.7692307692307693,0.7230769230769231,0.6,0.8,1.0,0.625,5,8
383,0.8750000000000001,0.7375,-0.047619047619047616,0.47619047619047616,1.0,0.7777777777777778,7,9
384,0.8750000000000001,0.8,0.42857142857142855,0.7142857142857143,1.0,0.7777777777777778,7,9
385,0.7692307692307693,0.5846153846153846,-0.6,0.2,1.0,0.625,5,8
386,0.9333333333333333,0.84,0.3333333333333333,0.6666666666666666,1.0,0.875,7,8
387,0.7692307692307693,0.6769230769230768,0.2,0.6,1.0,0.625,5,8
388,0.7692307692307693,0.7692307692307693,1.0,1.0,1.0,0.625,5,8
389,0.761904761904762,0.7129251700680272,0.5714285714285714,0.7857142857142857,0.6153846153846154,1.0,13,8
390,0.5,0.5,1.0,1.0,1.0,0.3333333333333333,3,9
391,0.9473684210526316,0.868421052631579,0.4444444444444444,0.7222222222222222,0.9,1.0,10,9
392,0.8571428571428571,0.7371428571428571,0.06666666666666667,0.5333333333333333,1.0,0.75,6,8
393,0.8571428571428571,0.7371428571428571,0.06666666666666667,0.5333333333333333,1.0,0.75,6,8
394,0.7692307692307693,0.6307692307692307,-0.2,0.4,1.0,0.625,5,8
395,0.9333333333333333,0.84,0.3333333333333333,0.6666666666666666,1.0,0.875,7,8
396,0.5,0.44999999999999996,0.3333333333333333,0.6666666666666666,1.0,0.3333333333333333,3,9
397,0.7142857142857143,0.6285714285714286,0.2,0.6,1.0,0.5555555555555556,5,9
398,0.8571428571428571,0.72,-0.06666666666666667,0.4666666666666667,1.0,0.75,6,8
399,0.6153846153846153,0.6153846153846153,1.0,1.0,1.0,0.4444444444444444,4,9
400,0.7692307692307693,0.6538461538461539,0.0,0.5,1.0,0.625,5,8
401,1.0,0.8607142857142857,0.07142857142857142,0.5357142857142857,1.0,1.0,8,8
402,0.7692307692307693,0.6076923076923076,-0.4,0.3,1.0,0.625,5,8
403,0.9333333333333333,0.8133333333333332,0.14285714285714285,0.5714285714285714,1.0,0.875,7,8
404,0.7692307692307693,0.6307692307692307,-0.2,0.4,1.0,0.625,5,8
405,0.6666666666666666,0.5333333333333332,-0.3333333333333333,0.33333333333333337,1.0,0.5,4,8
406,0.9411764705882353,0.8605042016806722,0.42857142857142855,0.7142857142857143,0.8888888888888888,1.0,9,8
407,0.8,0.72,0.3333333333333333,0.6666666666666666,1.0,0.6666666666666666,6,9
408,0.7692307692307693,0.7,0.4,0.7,1.0,0.625,5,8
409,1.0,0.875,0.16666666666666666,0.5833333333333334,1.0,1.0,9,9
410,1.0,0.9833333333333333,0.8888888888888888,0.9444444444444444,1.0,1.0,9,9
411,0.8750000000000001,0.775,0.23809523809523808,0.6190476190476191,1.0,0.7777777777777778,7,9
412,0.8,0.7057142857142857,0.21428571428571427,0.6071428571428571,0.6666666666666666,1.0,12,8
413,0.9411764705882353,0.8302521008403361,0.21428571428571427,0.6071428571428571,0.8888888888888888,1.0,9,8
414,0.6666666666666666,0.5999999999999999,0.3333333333333333,0.6666666666666666,1.0,0.5,4,8
415,0.8571428571428571,0.8571428571428571,1.0,1.0,1.0,0.75,6,8
416,0.7142857142857143,0.6285714285714286,0.2,0.6,1.0,0.5555555555555556,5,9
417,0.9411764705882353,0.880672268907563,0.5714285714285714,0.7857142857142857,0.8888888888888888,1.0,9,8
418,0.8571428571428571,0.7371428571428571,0.06666666666666667,0.5333333333333333,1.0,0.75,6,8
419,0.7692307692307693,0.7230769230769231,0.6,0.8,1.0,0.625,5,8
420,0.6666666666666666,0.6266666666666666,0.6,0.8,1.0,0.5,5,10
421,0.8571428571428571,0.8057142857142856,0.6,0.8,1.0,0.75,6,8
422,1.0,0.9333333333333333,0.5555555555555556,0.7777777777777778,1.0,1.0,9,9
423,1.0,0.8928571428571428,0.2857142857142857,0.6428571428571428,1.0,1.0,8,8
424,0.888888888888889,0.746031746031746,-0.07142857142857142,0.4642857142857143,0.8,1.0,10,8
425,0.888888888888889,0.7936507936507936,0.2857142857142857,0.6428571428571428,0.8,1.0,10,8
426,0.8,0.68,0.0,0.5,0.6666666666666666,1.0,12,8
427,0.888888888888889,0.8031746031746031,0.35714285714285715,0.6785714285714286,1.0,0.8,8,10
428,0.7142857142857143,0.6928571428571428,0.8,0.9,1.0,0.5555555555555556,5,9
429,0.9333333333333333,0.7733333333333333,-0.14285714285714285,0.4285714285714286,1.0,0.875,7,8
430,0.6666666666666666,0.6333333333333333,0.6666666666666666,0.8333333333333333,1.0,0.5,4,8
431,0.9411764705882353,0.8705882352941176,0.5,0.75,1.0,0.8888888888888888,8,9
432,0.9411764705882353,0.8705882352941176,0.5,0.75,0.8888888888888888,1.0,9,8
433,0.9333333333333333,0.7333333333333333,-0.42857142857142855,0.2857142857142857,1.0,0.875,7,8
434,0.8750000000000001,0.775,0.23809523809523808,0.6190476190476191,1.0,0.7777777777777778,7,9
435,0.888888888888889,0.7555555555555555,0.0,0.5,1.0,0.8,8,10
436,1.0,0.8666666666666666,0.1111111111111111,0.5555555555555556,1.0,1.0,10,10
437,0.6153846153846153,0.6153846153846153,1.0,1.0,1.0,0.4444444444444444,4,9
438,0.9523809523809523,0.7999999999999999,-0.06666666666666667,0.4666666666666667,0.9090909090909091,1.0,11,10
439,0.7692307692307693,0.6769230769230768,0.2,0.6,1.0,0.625,5,8
440,0.5714285714285715,0.48571428571428577,0.0,0.5,1.0,0.4,4,10
441,0.8571428571428571,0.7542857142857141,0.2,0.6,1.0,0.75,6,8
442,0.8571428571428571,0.8057142857142856,0.6,0.8,1.0,0.75,6,8
443,0.9411764705882353,0.8504201680672268,0.35714285714285715,0.6785714285714286,1.0,0.8888888888888888,8,9
444,0.6666666666666666,0.5999999999999999,0.3333333333333333,0.6666666666666666,1.0,0.5,4,8
445,0.8750000000000001,0.8125,0.5238095238095238,0.7619047619047619,1.0,0.7777777777777778,7,9
446,0.888888888888889,0.7174603174603175,-0.2857142857142857,0.35714285714285715,0.8,1.0,10,8
447,1.0,0.8999999999999999,0.3333333333333333,0.6666666666666666,1.0,1.0,10,10
448,0.7692307692307693,0.6307692307692307,-0.2,0.4,1.0,0.625,5,8
449,1.0,0.9166666666666666,0.4444444444444444,0.7222222222222222,1.0,1.0,9,9
450,0.9333333333333333,0.8933333333333333,0.7142857142857143,0.8571428571428572,1.0,0.875,7,8
451,0.5454545454545454,0.5454545454545454,1.0,1.0,1.0,0.375,3,8
452,0.6666666666666666,0.6666666666666666,1.0,1.0,1.0,0.5,4,8
453,0.8571428571428571,0.7885714285714285,0.4666666666666667,0.7333333333333334,1.0,0.75,6,8
454,0.7499999999999999,0.6299999999999999,-0.06666666666666667,0.4666666666666667,1.0,0.6,6,10
455,0.8571428571428571,0.84,0.8666666666666667,0.9333333333333333,1.0,0.75,6,8
456,0.7142857142857143,0.5857142857142857,-0.2,0.4,1.0,0.5555555555555556,5,9
457,0.6153846153846153,0.5538461538461538,0.3333333333333333,0.6666666666666666,1.0,0.4444444444444444,4,9
458,0.8571428571428571,0.7028571428571427,-0.2,0.4,1.0,0.75,6,8
459,0.9333333333333333,0.8133333333333332,0.14285714285714285,0.5714285714285714,1.0,0.875,7,8
460,0.8,0.68,0.0,0.5,0.6666666666666666,1.0,12,8
461,0.8421052631578948,0.7518796992481203,0.2857142857142857,0.6428571428571428,0.7272727272727273,1.0,11,8
462,0.8571428571428571,0.7714285714285714,0.3333333333333333,0.6666666666666666,1.0,0.75,6,8
463,0.9333333333333333,0.84,0.3333333333333333,0.6666666666666666,1.0,0.875,7,8
464,0.5454545454545454,0.49090909090909085,0.3333333333333333,0.6666666666666666,1.0,0.375,3,8
465,0.888888888888889,0.8031746031746031,0.35714285714285715,0.6785714285714286,0.8,1.0,10,8
466,0.9411764705882353,0.7697478991596638,-0.21428571428571427,0.39285714285714285,0.8888888888888888,1.0,9,8
467,0.8,0.656,-0.2,0.4,1.0,0.6666666666666666,6,9
468,0.9333333333333333,0.84,0.3333333333333333,0.6666666666666666,1.0,0.875,7,8
469,0.8421052631578948,0.7699248120300752,0.42857142857142855,0.7142857142857143,0.7272727272727273,1.0,11,8
470,0.761904761904762,0.6394557823129251,-0.07142857142857142,0.4642857142857143,0.6153846153846154,1.0,13,8
471,0.9333333333333333,0.7999999999999999,0.047619047619047616,0.5238095238095238,1.0,0.875,7,8
472,0.888888888888889,0.7746031746031745,0.14285714285714285,0.5714285714285714,1.0,0.8,8,10
473,0.8235294117647058,0.7294117647058823,0.23809523809523808,0.6190476190476191,1.0,0.7,7,10
474,1.0,0.8821428571428571,0.21428571428571427,0.6071428571428571,1.0,1.0,8,8
475,0.8235294117647058,0.7176470588235293,0.14285714285714285,0.5714285714285714,1.0,0.7,7,10
476,0.5,0.39999999999999997,-0.3333333333333333,0.33333333333333337,1.0,0.3333333333333333,3,9
477,0.8333333333333333,0.7833333333333332,0.6,0.8,1.0,0.7142857142857143,5,7
478,0.888888888888889,0.7269841269841271,-0.21428571428571427,0.39285714285714285,1.0,0.8,8,10
479,0.8571428571428571,0.72,-0.06666666666666667,0.4666666666666667,1.0,0.75,6,8
480,1.0,0.9035714285714285,0.35714285714285715,0.6785714285714286,1.0,1.0,8,8
481,0.5454545454545454,0.4363636363636363,-0.3333333333333333,0.33333333333333337,1.0,0.375,3,8
482,0.7692307692307693,0.7461538461538462,0.8,0.9,1.0,0.625,5,8
483,0.7142857142857143,0.6071428571428571,0.0,0.5,1.0,0.5555555555555556,5,9
484,0.8571428571428571,0.7542857142857141,0.2,0.6,1.0,0.75,6,8
485,1.0,0.9464285714285714,0.6428571428571429,0.8214285714285714,1.0,1.0,8,8
486,1.0,0.7857142857142857,-0.42857142857142855,0.2857142857142857,1.0,1.0,8,8
487,0.6666666666666666,0.5333333333333332,-0.3333333333333333,0.33333333333333337,1.0,0.5,4,8
488,0.7692307692307693,0.7,0.4,0.7,1.0,0.625,5,8
489,0.7692307692307693,0.7,0.4,0.7,1.0,0.625,5,8
490,0.7692307692307693,0.6307692307692307,-0.2,0.4,1.0,0.625,5,8
491,0.5454545454545454,0.49090909090909085,0.3333333333333333,0.6666666666666666,1.0,0.375,3,8
492,0.8571428571428571,0.7885714285714285,0.4666666666666667,0.7333333333333334,1.0,0.75,6,8
493,0.9411764705882353,0.8100840336134453,0.07142857142857142,0.5357142857142857,0.8888888888888888,1.0,9,8
494,0.8571428571428571,0.7714285714285714,0.3333333333333333,0.6666666666666666,1.0,0.75,6,8
495,0.6666666666666666,0.5666666666666667,0.0,0.5,1.0,0.5,4,8
496,0.7692307692307693,0.7,0.4,0.7,1.0,0.625,5,8
497,0.8750000000000001,0.75,0.047619047619047616,0.5238095238095238,1.0,0.7777777777777778,7,9
498,0.8181818181818181,0.7159090909090908,0.16666666666666666,0.5833333333333334,0.6923076923076923,1.0,13,9
499,0.8333333333333333,0.7833333333333332,0.6,0.8,1.0,0.7142857142857143,5,7
500,1.0,0.8607142857142857,0.07142857142857142,0.5357142857142857,1.0,1.0,8,8
501,0.8750000000000001,0.7375,-0.047619047619047616,0.47619047619047616,1.0,0.7777777777777778,7,9
502,0.7692307692307693,0.7,0.4,0.7,1.0,0.625,5,8
503,0.8571428571428571,0.6685714285714285,-0.4666666666666667,0.26666666666666666,1.0,0.75,6,8
504,0.7499999999999999,0.6749999999999998,0.3333333333333333,0.6666666666666666,1.0,0.6,6,10
505,0.8571428571428571,0.7714285714285714,0.3333333333333333,0.6666666666666666,1.0,0.75,6,8
506,1.0,0.85,0.0,0.5,1.0,1.0,8,8
507,0.8571428571428571,0.72,-0.06666666666666667,0.4666666666666667,1.0,0.75,6,8
508,0.5454545454545454,0.49090909090909085,0.3333333333333333,0.6666666666666666,1.0,0.375,3,8
509,0.7692307692307693,0.6769230769230768,0.2,0.6,1.0,0.625,5,8
510,0.9333333333333333,0.8533333333333333,0.42857142857142855,0.7142857142857143,1.0,0.875,7,8
511,1.0,0.8999999999999999,0.3333333333333333,0.6666666666666666,1.0,1.0,9,9
512,0.7499999999999999,0.6899999999999998,0.4666666666666667,0.7333333333333334,1.0,0.6,6,10
513,0.7692307692307693,0.6769230769230768,0.2,0.6,1.0,0.625,5,8
514,1.0,0.8607142857142857,0.07142857142857142,0.5357142857142857,1.0,1.0,8,8
515,0.9333333333333333,0.84,0.3333333333333333,0.6666666666666666,1.0,0.875,7,8
516,1.0,0.8714285714285713,0.14285714285714285,0.5714285714285714,1.0,1.0,8,8
517,0.7142857142857143,0.6714285714285714,0.6,0.8,1.0,0.5555555555555556,5,9
518,0.7692307692307693,0.7,0.4,0.7,1.0,0.625,5,8
519,0.7692307692307693,0.6769230769230768,0.2,0.6,1.0,0.625,5,8
520,0.8571428571428571,0.7714285714285714,0.3333333333333333,0.6666666666666666,1.0,0.75,6,8
521,0.761904761904762,0.6965986394557824,0.42857142857142855,0.7142857142857143,0.6153846153846154,1.0,13,8
522,0.6153846153846153,0.6153846153846153,1.0,1.0,1.0,0.4444444444444444,4,9
523,0.5454545454545454,0.5454545454545454,1.0,1.0,1.0,0.375,3,8
524,0.9411764705882353,0.880672268907563,0.5714285714285714,0.7857142857142857,1.0,0.8888888888888888,8,9
525,0.6666666666666666,0.5999999999999999,0.3333333333333333,0.6666666666666666,1.0,0.5,4,8
526,0.6666666666666666,0.5333333333333332,-0.3333333333333333,0.33333333333333337,1.0,0.5,4,8
527,1.0,0.8928571428571428,0.2857142857142857,0.6428571428571428,1.0,1.0,8,8
528,0.8571428571428571,0.7885714285714285,0.4666666666666667,0.7333333333333334,1.0,0.75,6,8
529,0.9333333333333333,0.88,0.6190476190476191,0.8095238095238095,1.0,0.875,7,8
530,0.7692307692307693,0.7230769230769231,0.6,0.8,1.0,0.625,5,8
531,1.0,0.9333333333333333,0.5555555555555556,0.7777777777777778,1.0,1.0,9,9
532,0.9333333333333333,0.8133333333333332,0.14285714285714285,0.5714285714285714,1.0,0.875,7,8
533,0.7692307692307693,0.7,0.4,0.7,1.0,0.625,5,8
534,0.8571428571428571,0.6857142857142856,-0.3333333333333333,0.33333333333333337,1.0,0.75,6,8
535,0.6666666666666666,0.6666666666666666,1.0,1.0,1.0,0.5,4,8
536,0.8750000000000001,0.75,0.047619047619047616,0.5238095238095238,1.0,0.7777777777777778,7,9
537,0.6666666666666666,0.5999999999999999,0.3333333333333333,0.6666666666666666,1.0,0.5,4,8
538,1.0,0.875,0.16666666666666666,0.5833333333333334,1.0,1.0,9,9
539,0.7142857142857143,0.5642857142857143,-0.4,0.3,1.0,0.5555555555555556,5,9
540,0.7142857142857143,0.6071428571428571,0.0,0.5,1.0,0.5555555555555556,5,9
541,0.8,0.768,0.7333333333333333,0.8666666666666667,1.0,0.6666666666666666,6,9
542,0.6666666666666666,0.6333333333333333,0.6666666666666666,0.8333333333333333,1.0,0.5,4,8
543,0.7272727272727273,0.6649350649350649,0.42857142857142855,0.7142857142857143,0.5714285714285714,1.0,14,8
544,0.9333333333333333,0.8533333333333333,0.42857142857142855,0.7142857142857143,1.0,0.875,7,8
545,0.8571428571428571,0.7028571428571427,-0.2,0.4,1.0,0.75,6,8
546,0.8750000000000001,0.8250000000000001,0.6190476190476191,0.8095238095238095,1.0,0.7777777777777778,7,9
547,1.0,0.84,-0.06666666666666667,0.4666666666666667,1.0,1.0,10,10
548,0.9333333333333333,0.8933333333333333,0.7142857142857143,0.8571428571428572,1.0,0.875,7,8
549,0.9333333333333333,0.7733333333333333,-0.14285714285714285,0.4285714285714286,1.0,0.875,7,8
550,0.8571428571428571,0.72,-0.06666666666666667,0.4666666666666667,1.0,0.75,6,8
551,0.6666666666666666,0.5666666666666667,0.0,0.5,1.0,0.5,4,8
552,0.9411764705882353,0.8504201680672268,0.35714285714285715,0.6785714285714286,1.0,0.8888888888888888,8,9
553,0.6666666666666666,0.6333333333333333,0.6666666666666666,0.8333333333333333,1.0,0.5,4,8
554,0.8571428571428571,0.7542857142857141,0.2,0.6,1.0,0.75,6,8
555,0.5454545454545454,0.49090909090909085,0.3333333333333333,0.6666666666666666,1.0,0.375,3,8
556,0.6666666666666666,0.6333333333333333,0.6666666666666666,0.8333333333333333,1.0,0.5,4,8
557,0.4210526315789474,0.35789473684210527,0.0,0.5,0.26666666666666666,1.0,30,8
558,0.9411764705882353,0.9008403361344537,0.7142857142857143,0.8571428571428572,1.0,0.8888888888888888,8,9
559,0.9333333333333333,0.8266666666666667,0.23809523809523808,0.6190476190476191,1.0,0.875,7,8
560,0.9411764705882353,0.7798319327731091,-0.14285714285714285,0.4285714285714286,0.8888888888888888,1.0,9,8
561,0.7692307692307693,0.6538461538461539,0.0,0.5,1.0,0.625,5,8
562,0.5454545454545454,0.4363636363636363,-0.3333333333333333,0.33333333333333337,1.0,0.375,3,8
563,0.9473684210526316,0.8763157894736842,0.5,0.75,0.9,1.0,10,9
564,0.6666666666666666,0.5738095238095238,0.07142857142857142,0.5357142857142857,0.5,1.0,16,8
565,0.7368421052631579,0.6421052631578946,0.14285714285714285,0.5714285714285714,1.0,0.5833333333333334,7,12
566,0.9333333333333333,0.9199999999999999,0.9047619047619048,0.9523809523809523,1.0,0.875,7,8
567,0.9333333333333333,0.84,0.3333333333333333,0.6666666666666666,1.0,0.875,7,8
568,0.8571428571428571,0.72,-0.06666666666666667,0.4666666666666667,1.0,0.75,6,8
569,0.8,0.672,-0.06666666666666667,0.4666666666666667,1.0,0.6666666666666666,6,9
570,0.8571428571428571,0.7885714285714285,0.4666666666666667,0.7333333333333334,1.0,0.75,6,8
571,0.8571428571428571,0.7371428571428571,0.06666666666666667,0.5333333333333333,1.0,0.75,6,8
572,0.888888888888889,0.8222222222222222,0.5,0.75,1.0,0.8,8,10
573,1.0,0.8821428571428571,0.21428571428571427,0.6071428571428571,1.0,1.0,8,8
574,0.8571428571428571,0.7028571428571427,-0.2,0.4,1.0,0.75,6,8
575,0.8421052631578948,0.7338345864661654,0.14285714285714285,0.5714285714285714,0.7272727272727273,1.0,11,8
576,0.8750000000000001,0.7875,0.3333333333333333,0.6666666666666666,1.0,0.7777777777777778,7,9
577,0.9333333333333333,0.7733333333333333,-0.14285714285714285,0.4285714285714286,1.0,0.875,7,8
578,0.8,0.64,-0.3333333333333333,0.33333333333333337,1.0,0.6666666666666666,6,9
579,0.7692307692307693,0.6307692307692307,-0.2,0.4,1.0,0.625,5,8
580,0.7142857142857143,0.6499999999999999,0.4,0.7,1.0,0.5555555555555556,5,9
581,0.9333333333333333,0.7733333333333333,-0.14285714285714285,0.4285714285714286,1.0,0.875,7,8
582,0.6666666666666666,0.6333333333333333,0.6666666666666666,0.8333333333333333,1.0,0.5,4,8
583,0.8750000000000001,0.8250000000000001,0.6190476190476191,0.8095238095238095,1.0,0.7777777777777778,7,9
584,0.8750000000000001,0.8,0.42857142857142855,0.7142857142857143,1.0,0.7777777777777778,7,9
585,0.7142857142857143,0.6285714285714286,0.2,0.6,1.0,0.5555555555555556,5,9
586,0.8571428571428571,0.7542857142857141,0.2,0.6,1.0,0.75,6,8
587,0.7692307692307693,0.6538461538461539,0.0,0.5,1.0,0.625,5,8
588,0.8421052631578948,0.7609022556390977,0.35714285714285715,0.6785714285714286,0.7272727272727273,1.0,11,8
589,0.7692307692307693,0.7,0.4,0.7,1.0,0.625,5,8
590,0.8571428571428571,0.8228571428571427,0.7333333333333333,0.8666666666666667,1.0,0.75,6,8
591,0.6666666666666666,0.5999999999999999,0.3333333333333333,0.6666666666666666,1.0,0.5,4,8
592,0.888888888888889,0.8222222222222222,0.5,0.75,0.8,1.0,10,8
593,0.8571428571428571,0.6514285714285714,-0.6,0.2,1.0,0.75,6,8
594,0.7692307692307693,0.7461538461538462,0.8,0.9,1.0,0.625,5,8
595,0.8571428571428571,0.72,-0.06666666666666667,0.4666666666666667,1.0,0.75,6,8
596,0.6666666666666666,0.5666666666666667,0.0,0.5,1.0,0.5,4,8
597,0.7692307692307693,0.7461538461538462,0.8,0.9,1.0,0.625,5,8
598,0.8,0.736,0.4666666666666667,0.7333333333333334,1.0,0.6666666666666666,6,9
599,0.7142857142857143,0.6285714285714286,0.2,0.6,1.0,0.5555555555555556,5,9
600,0.8571428571428571,0.7885714285714285,0.4666666666666667,0.7333333333333334,1.0,0.75,6,8
601,0.6153846153846153,0.5538461538461538,0.3333333333333333,0.6666666666666666,1.0,0.4444444444444444,4,9
602,0.7692307692307693,0.6538461538461539,0.0,0.5,1.0,0.625,5,8
603,0.8,0.8,1.0,1.0,1.0,0.6666666666666666,6,9
604,0.9411764705882353,0.8302521008403361,0.21428571428571427,0.6071428571428571,0.8888888888888888,1.0,9,8
605,0.9333333333333333,0.84,0.3333333333333333,0.6666666666666666,1.0,0.875,7,8
606,1.0,0.9464285714285714,0.6428571428571429,0.8214285714285714,1.0,1.0,8,8
607,0.888888888888889,0.8222222222222222,0.5,0.75,0.8,1.0,10,8
608,0.8333333333333333,0.7333333333333332,0.2,0.6,1.0,0.7142857142857143,5,7
609,0.8571428571428571,0.8228571428571427,0.7333333333333333,0.8666666666666667,1.0,0.75,6,8
610,0.6666666666666666,0.5866666666666666,0.2,0.6,1.0,0.5,5,10
611,0.8571428571428571,0.7714285714285714,0.3333333333333333,0.6666666666666666,1.0,0.75,6,8
612,0.9411764705882353,0.8201680672268906,0.14285714285714285,0.5714285714285714,0.8888888888888888,1.0,9,8
613,0.6666666666666666,0.5999999999999999,0.3333333333333333,0.6666666666666666,1.0,0.5,4,8
614,1.0,0.8533333333333333,0.022222222222222223,0.5111111111111111,1.0,1.0,10,10
615,0.8571428571428571,0.7885714285714285,0.4666666666666667,0.7333333333333334,1.0,0.75,6,8
616,0.6153846153846153,0.5846153846153845,0.6666666666666666,0.8333333333333333,1.0,0.4444444444444444,4,9
617,0.9333333333333333,0.8266666666666667,0.23809523809523808,0.6190476190476191,1.0,0.875,7,8
618,0.888888888888889,0.7936507936507936,0.2857142857142857,0.6428571428571428,0.8,1.0,10,8
619,0.6153846153846153,0.5846153846153845,0.6666666666666666,0.8333333333333333,1.0,0.4444444444444444,4,9
620,0.7692307692307693,0.6538461538461539,0.0,0.5,1.0,0.625,5,8
621,0.7692307692307693,0.6538461538461539,0.0,0.5,1.0,0.625,5,8
622,0.7692307692307693,0.7,0.4,0.7,1.0,0.625,5,8
623,0.8571428571428571,0.7371428571428571,0.06666666666666667,0.5333333333333333,1.0,0.75,6,8
624,0.9473684210526316,0.8842105263157896,0.5555555555555556,0.7777777777777778,1.0,0.9,9,10
625,0.7692307692307693,0.6538461538461539,0.0,0.5,1.0,0.625,5,8
626,1.0,0.8466666666666667,-0.022222222222222223,0.4888888888888889,1.0,1.0,10,10
627,0.7692307692307693,0.6538461538461539,0.0,0.5,1.0,0.625,5,8
628,1.0,0.85,0.0,0.5,1.0,1.0,8,8
629,0.9333333333333333,0.7866666666666666,-0.047619047619047616,0.47619047619047616,1.0,0.875,7,8
630,0.9333333333333333,0.7866666666666666,-0.047619047619047616,0.47619047619047616,1.0,0.875,7,8
631,0.8,0.7228571428571429,0.35714285714285715,0.6785714285714286,0.6666666666666666,1.0,12,8
632,0.8571428571428571,0.8228571428571427,0.7333333333333333,0.8666666666666667,1.0,0.75,6,8
633,0.8571428571428571,0.8228571428571427,0.7333333333333333,0.8666666666666667,1.0,0.75,6,8
634,0.6666666666666666,0.5333333333333332,-0.3333333333333333,0.33333333333333337,1.0,0.5,4,8
635,0.8571428571428571,0.8228571428571427,0.7333333333333333,0.8666666666666667,1.0,0.75,6,8
636,0.8571428571428571,0.8057142857142856,0.6,0.8,1.0,0.75,6,8
637,0.888888888888889,0.8317460317460318,0.5714285714285714,0.7857142857142857,0.8,1.0,10,8
638,0.9333333333333333,0.84,0.3333333333333333,0.6666666666666666,1.0,0.875,7,8
639,0.6666666666666666,0.5999999999999999,0.3333333333333333,0.6666666666666666,1.0,0.5,4,8
640,0.6666666666666666,0.5199999999999999,-0.4666666666666667,0.26666666666666666,1.0,0.5,6,12
641,0.7692307692307693,0.6307692307692307,-0.2,0.4,1.0,0.625,5,8
642,0.8,0.736,0.4666666666666667,0.7333333333333334,1.0,0.6666666666666666,6,9
643,0.8750000000000001,0.8250000000000001,0.6190476190476191,0.8095238095238095,1.0,0.7777777777777778,7,9
644,0.7692307692307693,0.7,0.4,0.7,1.0,0.625,5,8
645,0.888888888888889,0.8222222222222222,0.5,0.75,0.8,1.0,10,8
646,0.8333333333333333,0.7583333333333332,0.4,0.7,1.0,0.7142857142857143,5,7
647,1.0,0.8928571428571428,0.2857142857142857,0.6428571428571428,1.0,1.0,8,8
648,1.0,0.9142857142857143,0.42857142857142855,0.7142857142857143,1.0,1.0,8,8
649,0.7142857142857143,0.6499999999999999,0.4,0.7,1.0,0.5555555555555556,5,9
650,0.8571428571428571,0.7371428571428571,0.06666666666666667,0.5333333333333333,1.0,0.75,6,8
651,0.5,0.39999999999999997,-0.3333333333333333,0.33333333333333337,1.0,0.3333333333333333,3,9
652,0.9333333333333333,0.8266666666666667,0.23809523809523808,0.6190476190476191,1.0,0.875,7,8
653,0.9411764705882353,0.8605042016806722,0.42857142857142855,0.7142857142857143,0.8888888888888888,1.0,9,8
654,0.9333333333333333,0.8266666666666667,0.23809523809523808,0.6190476190476191,1.0,0.875,7,8
655,0.6666666666666666,0.5333333333333332,-0.3333333333333333,0.33333333333333337,1.0,0.5,4,8
656,1.0,0.9357142857142857,0.5714285714285714,0.7857142857142857,1.0,1.0,8,8
657,0.9333333333333333,0.7733333333333333,-0.14285714285714285,0.4285714285714286,1.0,0.875,7,8
658,0.9333333333333333,0.8533333333333333,0.42857142857142855,0.7142857142857143,1.0,0.875,7,8
659,0.5,0.39999999999999997,-0.3333333333333333,0.33333333333333337,1.0,0.3333333333333333,3,9
660,0.9333333333333333,0.84,0.3333333333333333,0.6666666666666666,1.0,0.875,7,8
661,1.0,0.8333333333333333,-0.1111111111111111,0.4444444444444444,1.0,1.0,9,9
662,0.9333333333333333,0.7733333333333333,-0.14285714285714285,0.4285714285714286,1.0,0.875,7,8
663,0.9333333333333333,0.7733333333333333,-0.14285714285714285,0.4285714285714286,1.0,0.875,7,8
664,0.6666666666666666,0.6666666666666666,1.0,1.0,1.0,0.5,4,8
665,0.7692307692307693,0.6769230769230768,0.2,0.6,1.0,0.625,5,8
666,0.8571428571428571,0.8228571428571427,0.7333333333333333,0.8666666666666667,1.0,0.75,6,8
667,1.0,0.9464285714285714,0.6428571428571429,0.8214285714285714,1.0,1.0,8,8
668,0.9411764705882353,0.7999999999999999,0.0,0.5,1.0,0.8888888888888888,8,9
669,1.0,0.9035714285714285,0.35714285714285715,0.6785714285714286,1.0,1.0,8,8
670,1.0,0.9035714285714285,0.35714285714285715,0.6785714285714286,1.0,1.0,8,8
671,0.7692307692307693,0.7,0.4,0.7,1.0,0.625,5,8
672,0.7692307692307693,0.6769230769230768,0.2,0.6,1.0,0.625,5,8
673,0.9333333333333333,0.7866666666666666,-0.047619047619047616,0.47619047619047616,1.0,0.875,7,8
674,0.888888888888889,0.765079365079365,0.07142857142857142,0.5357142857142857,0.8,1.0,10,8
675,0.8,0.704,0.2,0.6,1.0,0.6666666666666666,6,9
676,0.7692307692307693,0.6769230769230768,0.2,0.6,1.0,0.625,5,8
677,0.9473684210526316,0.8210526315789474,0.1111111111111111,0.5555555555555556,0.9,1.0,10,9
678,0.9473684210526316,0.8605263157894736,0.3888888888888889,0.6944444444444444,1.0,0.9,9,10
679,0.888888888888889,0.7269841269841271,-0.21428571428571427,0.39285714285714285,1.0,0.8,8,10
680,0.8571428571428571,0.7885714285714285,0.4666666666666667,0.7333333333333334,1.0,0.75,6,8
681,0.9523809523809523,0.8317460317460317,0.15555555555555556,0.5777777777777777,1.0,0.9090909090909091,10,11
682,0.888888888888889,0.7269841269841271,-0.21428571428571427,0.39285714285714285,1.0,0.8,8,10
683,0.7142857142857143,0.6499999999999999,0.4,0.7,1.0,0.5555555555555556,5,9
684,0.9411764705882353,0.8302521008403361,0.21428571428571427,0.6071428571428571,1.0,0.8888888888888888,8,9
685,0.7692307692307693,0.7461538461538462,0.8,0.9,1.0,0.625,5,8
686,0.9,0.825,0.4444444444444444,0.7222222222222222,0.8181818181818182,1.0,11,9
687,0.888888888888889,0.7555555555555555,0.0,0.5,0.8,1.0,10,8
688,0.9333333333333333,0.84,0.3333333333333333,0.6666666666666666,1.0,0.875,7,8
689,0.7272727272727273,0.6025974025974026,-0.14285714285714285,0.4285714285714286,0.5714285714285714,1.0,14,8
690,0.7692307692307693,0.7692307692307693,1.0,1.0,1.0,0.625,5,8
691,1.0,0.8833333333333333,0.2222222222222222,0.6111111111111112,1.0,1.0,9,9
692,0.8750000000000001,0.8,0.42857142857142855,0.7142857142857143,1.0,0.7777777777777778,7,9
693,0.6666666666666666,0.5666666666666667,0.0,0.5,1.0,0.5,4,8
694,0.9333333333333333,0.8933333333333333,0.7142857142857143,0.8571428571428572,1.0,0.875,7,8
695,0.7692307692307693,0.6307692307692307,-0.2,0.4,1.0,0.625,5,8
696,0.9333333333333333,0.7866666666666666,-0.047619047619047616,0.47619047619047616,1.0,0.875,7,8
697,0.6153846153846153,0.5846153846153845,0.6666666666666666,0.8333333333333333,1.0,0.4444444444444444,4,9
698,0.7692307692307693,0.6769230769230768,0.2,0.6,1.0,0.625,5,8
699,1.0,0.9464285714285714,0.6428571428571429,0.8214285714285714,1.0,1.0,8,8
700,0.9473684210526316,0.7657894736842105,-0.2777777777777778,0.3611111111111111,0.9,1.0,10,9
701,0.9473684210526316,0.8210526315789474,0.1111111111111111,0.5555555555555556,0.9,1.0,10,9
702,0.8571428571428571,0.7371428571428571,0.06666666666666667,0.5333333333333333,1.0,0.75,6,8
703,0.6666666666666666,0.5666666666666667,0.0,0.5,1.0,0.5,5,10
704,0.8571428571428571,0.7885714285714285,0.4666666666666667,0.7333333333333334,1.0,0.75,6,8
705,0.9411764705882353,0.9008403361344537,0.7142857142857143,0.8571428571428572,0.8888888888888888,1.0,9,8
706,0.9333333333333333,0.8533333333333333,0.42857142857142855,0.7142857142857143,1.0,0.875,7,8
707,0.6666666666666666,0.5666666666666667,0.0,0.5,1.0,0.5,4,8
708,1.0,0.85,0.0,0.5,1.0,1.0,8,8
709,1.0,0.9142857142857143,0.42857142857142855,0.7142857142857143,1.0,1.0,8,8
710,0.9411764705882353,0.8605042016806722,0.42857142857142855,0.7142857142857143,1.0,0.8888888888888888,8,9
711,0.9411764705882353,0.7798319327731091,-0.14285714285714285,0.4285714285714286,1.0,0.8888888888888888,8,9
712,0.7692307692307693,0.7230769230769231,0.6,0.8,1.0,0.625,5,8
713,0.8571428571428571,0.7542857142857141,0.2,0.6,1.0,0.75,6,8
714,0.7142857142857143,0.6714285714285714,0.6,0.8,1.0,0.5555555555555556,5,9
715,0.8421052631578948,0.7699248120300752,0.42857142857142855,0.7142857142857143,0.7272727272727273,1.0,11,8
716,1.0,0.8416666666666666,-0.05555555555555555,0.4722222222222222,1.0,1.0,9,9
717,0.6153846153846153,0.5538461538461538,0.3333333333333333,0.6666666666666666,1.0,0.4444444444444444,4,9
718,0.9333333333333333,0.7866666666666666,-0.047619047619047616,0.47619047619047616,1.0,0.875,7,8
719,0.9411764705882353,0.8705882352941176,0.5,0.75,0.8888888888888888,1.0,9,8
720,0.5454545454545454,0.4363636363636363,-0.3333333333333333,0.33333333333333337,1.0,0.375,3,8
721,0.7692307692307693,0.6769230769230768,0.2,0.6,1.0,0.625,5,8
722,0.7692307692307693,0.7,0.4,0.7,1.0,0.625,5,8
723,0.8571428571428571,0.7714285714285714,0.3333333333333333,0.6666666666666666,1.0,0.75,6,8
724,0.8571428571428571,0.7885714285714285,0.4666666666666667,0.7333333333333334,1.0,0.75,6,8
725,0.7692307692307693,0.7692307692307693,1.0,1.0,1.0,0.625,5,8
726,0.6666666666666666,0.6466666666666666,0.8,0.9,1.0,0.5,5,10
727,0.888888888888889,0.7555555555555555,0.0,0.5,0.8,1.0,10,8
728,0.8,0.752,0.6,0.8,1.0,0.6666666666666666,6,9
729,0.6666666666666666,0.5466666666666666,-0.2,0.4,1.0,0.5,5,10
730,1.0,0.9142857142857143,0.42857142857142855,0.7142857142857143,1.0,1.0,8,8
731,0.6153846153846153,0.4923076923076922,-0.3333333333333333,0.33333333333333337,1.0,0.4444444444444444,4,9
732,0.8571428571428571,0.7028571428571427,-0.2,0.4,1.0,0.75,6,8
733,0.5714285714285715,0.5428571428571429,0.6666666666666666,0.8333333333333333,1.0,0.4,4,10
734,0.8750000000000001,0.8125,0.5238095238095238,0.7619047619047619,1.0,0.7777777777777778,7,9
735,0.9523809523809523,0.819047619047619,0.06666666666666667,0.5333333333333333,1.0,0.9090909090909091,10,11
736,0.8571428571428571,0.7885714285714285,0.4666666666666667,0.7333333333333334,1.0,0.75,6,8
737,0.8,0.74,0.5,0.75,1.0,0.6666666666666666,8,12
738,0.8571428571428571,0.7714285714285714,0.3333333333333333,0.6666666666666666,1.0,0.75,6,8
739,0.8571428571428571,0.7542857142857141,0.2,0.6,1.0,0.75,6,8
740,0.9473684210526316,0.8052631578947369,0.0,0.5,0.9,1.0,10,9
741,0.6666666666666666,0.5333333333333332,-0.3333333333333333,0.33333333333333337,1.0,0.5,4,8
742,0.7692307692307693,0.6307692307692307,-0.2,0.4,1.0,0.625,5,8
743,0.9473684210526316,0.8052631578947369,0.0,0.5,0.9,1.0,10,9
744,0.9333333333333333,0.8933333333333333,0.7142857142857143,0.8571428571428572,1.0,0.875,7,8
745,0.6666666666666666,0.5999999999999999,0.3333333333333333,0.6666666666666666,1.0,0.5,4,8
746,0.8571428571428571,0.7028571428571427,-0.2,0.4,1.0,0.75,6,8
747,0.8571428571428571,0.7542857142857141,0.2,0.6,1.0,0.75,6,8
748,0.9411764705882353,0.8100840336134453,0.07142857142857142,0.5357142857142857,1.0,0.8888888888888888,8,9
749,0.6666666666666666,0.5666666666666667,0.0,0.5,1.0,0.5,4,8
750,0.5333333333333333,0.48190476190476184,0.35714285714285715,0.6785714285714286,0.36363636363636365,1.0,22,8
751,0.8571428571428571,0.7885714285714285,0.4666666666666667,0.7333333333333334,1.0,0.75,6,8
752,0.6666666666666666,0.5333333333333332,-0.3333333333333333,0.33333333333333337,1.0,0.5,4,8
753,0.8571428571428571,0.7542857142857141,0.2,0.6,1.0,0.75,6,8
754,0.8,0.64,-0.3333333333333333,0.33333333333333337,1.0,0.6666666666666666,6,9
755,0.625,0.56875,0.4,0.7,1.0,0.45454545454545453,5,11
756,0.8571428571428571,0.7428571428571428,0.1111111111111111,0.5555555555555556,0.75,1.0,12,9
757,0.6666666666666666,0.5666666666666667,0.0,0.5,1.0,0.5,4,8
758,0.6666666666666666,0.6066666666666666,0.4,0.7,1.0,0.5,5,10
759,0.8571428571428571,0.8228571428571427,0.7333333333333333,0.8666666666666667,1.0,0.75,6,8
760,0.9333333333333333,0.8533333333333333,0.42857142857142855,0.7142857142857143,1.0,0.875,7,8
761,0.9333333333333333,0.88,0.6190476190476191,0.8095238095238095,1.0,0.875,7,8
762,0.5454545454545454,0.4363636363636363,-0.3333333333333333,0.33333333333333337,1.0,0.375,3,8
763,0.6153846153846153,0.5538461538461538,0.3333333333333333,0.6666666666666666,1.0,0.4444444444444444,4,9
764,0.6666666666666666,0.5999999999999999,0.3333333333333333,0.6666666666666666,1.0,0.5,4,8
765,0.761904761904762,0.6557823129251701,0.07142857142857142,0.5357142857142857,1.0,0.6153846153846154,8,13
766,0.9,0.75,-0.1111111111111111,0.4444444444444444,1.0,0.8181818181818182,9,11
767,0.7777777777777778,0.6444444444444444,-0.14285714285714285,0.4285714285714286,1.0,0.6363636363636364,7,11
768,0.8750000000000001,0.8375,0.7142857142857143,0.8571428571428572,1.0,0.7777777777777778,7,9
769,1.0,0.8961538461538461,0.3076923076923077,0.6538461538461539,1.0,1.0,13,13
770,0.9411764705882353,0.7858823529411765,-0.1,0.45,1.0,0.8888888888888888,16,18
771,0.8571428571428571,0.712987012987013,-0.12121212121212122,0.4393939393939394,1.0,0.75,12,16
772,0.8387096774193548,0.7419354838709676,0.23076923076923078,0.6153846153846154,0.7222222222222222,1.0,18,13
773,0.896551724137931,0.7689655172413793,0.05128205128205128,0.5256410256410257,0.8125,1.0,16,13
774,0.9285714285714286,0.7999999999999999,0.07692307692307693,0.5384615384615384,0.8666666666666667,1.0,15,13
775,0.8387096774193548,0.7354838709677418,0.1794871794871795,0.5897435897435898,0.7222222222222222,1.0,18,13
776,0.9090909090909091,0.8818181818181817,0.8,0.9,1.0,0.8333333333333334,5,6
777,0.888888888888889,0.8126984126984127,0.42857142857142855,0.7142857142857143,1.0,0.8,8,10
778,0.8666666666666666,0.8066666666666665,0.5384615384615384,0.7692307692307692,0.7647058823529411,1.0,17,13
779,0.7000000000000001,0.67,0.7142857142857143,0.8571428571428572,1.0,0.5384615384615384,7,13
780,0.9285714285714286,0.825,0.2564102564102564,0.6282051282051282,0.8666666666666667,1.0,15,13
781,0.9,0.8475,0.6111111111111112,0.8055555555555556,0.8181818181818182,1.0,11,9
782,0.8333333333333333,0.6833333333333332,-0.2,0.4,1.0,0.7142857142857143,5,7
783,0.5714285714285715,0.42285714285714293,-0.7333333333333333,0.13333333333333336,1.0,0.4,6,15
784,0.9565217391304348,0.8678260869565217,0.38181818181818183,0.6909090909090909,1.0,0.9166666666666666,11,12
785,0.6829268292682926,0.5658536585365853,-0.14285714285714285,0.4285714285714286,1.0,0.5185185185185185,14,27
786,0.9090909090909091,0.7939393939393938,0.15555555555555556,0.5777777777777777,0.8333333333333334,1.0,12,10
787,0.888888888888889,0.7515151515151516,-0.030303030303030304,0.48484848484848486,1.0,0.8,12,15
788,0.9,0.795,0.2222222222222222,0.6111111111111112,1.0,0.8181818181818182,9,11
789,0.9473684210526316,0.8763157894736842,0.5,0.75,1.0,0.9,9,10
790,0.9090909090909091,0.7999999999999998,0.2,0.6,1.0,0.8333333333333334,15,18
791,0.6363636363636364,0.509090909090909,-0.3333333333333333,0.33333333333333337,1.0,0.4666666666666667,7,15
792,0.8,0.7236363636363636,0.36363636363636365,0.6818181818181819,0.6666666666666666,1.0,18,12
793,0.7000000000000001,0.5700000000000001,-0.23809523809523808,0.38095238095238093,1.0,0.5384615384615384,7,13
794,0.9090909090909091,0.8363636363636363,0.4666666666666667,0.7333333333333334,1.0,0.8333333333333334,15,18
795,0.8148148148148148,0.7392592592592592,0.38181818181818183,0.6909090909090909,1.0,0.6875,11,16
796,1.0,0.8714285714285713,0.14285714285714285,0.5714285714285714,1.0,1.0,8,8
797,0.6046511627906976,0.5116279069767441,-0.02564102564102564,0.48717948717948717,0.43333333333333335,1.0,30,13
798,0.9333333333333333,0.8071794871794872,0.0989010989010989,0.5494505494505495,1.0,0.875,14,16
799,0.8292682926829268,0.7597560975609755,0.4411764705882353,0.7205882352941176,1.0,0.7083333333333334,17,24
800,0.8,0.7485714285714287,0.5714285714285714,0.7857142857142857,1.0,0.6666666666666666,8,12
801,0.8,0.684,0.03333333333333333,0.5166666666666667,0.6666666666666666,1.0,24,16
802,0.846153846153846,0.7630769230769229,0.34545454545454546,0.6727272727272727,1.0,0.7333333333333333,11,15
803,0.8823529411764706,0.7436974789915966,-0.047619047619047616,0.47619047619047616,1.0,0.7894736842105263,15,19
804,0.846153846153846,0.7676923076923076,0.38181818181818183,0.6909090909090909,0.7333333333333333,1.0,15,11
805,0.9600000000000001,0.9076363636363636,0.6363636363636364,0.8181818181818181,1.0,0.9230769230769231,12,13
806,0.5454545454545454,0.46909090909090906,0.06666666666666667,0.5333333333333333,1.0,0.375,6,16
807,0.9411764705882353,0.9310924369747898,0.9285714285714286,0.9642857142857143,1.0,0.8888888888888888,8,9
808,0.43750000000000006,0.4,0.42857142857142855,0.7142857142857143,0.28,1.0,50,14
809,0.9333333333333333,0.8256410256410256,0.23076923076923078,0.6153846153846154,1.0,0.875,14,16
810,0.8484848484848484,0.8233100233100231,0.8021978021978022,0.9010989010989011,1.0,0.7368421052631579,14,19
811,0.8750000000000001,0.8,0.42857142857142855,0.7142857142857143,1.0,0.7777777777777778,7,9
812,0.9189189189189189,0.7587837837837836,-0.16176470588235295,0.41911764705882354,0.85,1.0,20,17
813,0.6666666666666666,0.5909090909090908,0.24242424242424243,0.6212121212121212,0.5,1.0,24,12
814,0.4799999999999999,0.4056470588235293,-0.032679738562091505,0.48366013071895425,0.3157894736842105,1.0,57,18
815,0.9600000000000001,0.8072727272727273,-0.06060606060606061,0.4696969696969697,1.0,0.9230769230769231,12,13
816,0.8387096774193548,0.7161290322580645,0.02564102564102564,0.5128205128205128,1.0,0.7222222222222222,13,18
817,0.4905660377358491,0.439622641509434,0.3076923076923077,0.6538461538461539,0.325,1.0,40,13
818,0.9032258064516129,0.7483870967741935,-0.14285714285714285,0.4285714285714286,1.0,0.8235294117647058,14,17
819,0.8695652173913044,0.8057971014492754,0.5111111111111111,0.7555555555555555,1.0,0.7692307692307693,10,13
821,0.8571428571428571,0.8181818181818181,0.696969696969697,0.8484848484848485,0.75,1.0,16,12
823,0.5660377358490566,0.48032345013477085,-0.009523809523809525,0.49523809523809526,0.39473684210526316,1.0,38,15
824,0.40740740740740744,0.3762962962962963,0.4909090909090909,0.7454545454545455,0.2558139534883721,1.0,43,11
825,0.6666666666666666,0.6452380952380952,0.7857142857142857,0.8928571428571428,1.0,0.5,8,16
826,0.8,0.6628571428571428,-0.14285714285714285,0.4285714285714286,1.0,0.6666666666666666,8,12
827,0.6842105263157895,0.5947368421052631,0.1282051282051282,0.5641025641025641,0.52,1.0,25,13
828,0.923076923076923,0.8391608391608391,0.3939393939393939,0.696969696969697,0.8571428571428571,1.0,14,12
829,0.7586206896551725,0.6799999999999999,0.3090909090909091,0.6545454545454545,0.6111111111111112,1.0,18,11
830,0.6666666666666666,0.587719298245614,0.21052631578947367,0.6052631578947368,0.5,1.0,40,20
831,0.7000000000000001,0.62,0.23809523809523808,0.6190476190476191,1.0,0.5384615384615384,7,13
832,0.967741935483871,0.8294930875576036,0.047619047619047616,0.5238095238095238,1.0,0.9375,15,16
833,0.5714285714285715,0.5220779220779221,0.42424242424242425,0.7121212121212122,0.4,1.0,30,12
834,0.6666666666666666,0.595,0.2833333333333333,0.6416666666666666,0.5,1.0,32,16
837,0.9166666666666666,0.8116666666666665,0.23636363636363636,0.6181818181818182,0.8461538461538461,1.0,13,11
838,1.0,0.8963636363636363,0.3090909090909091,0.6545454545454545,1.0,1.0,11,11
839,0.45714285714285713,0.41371428571428565,0.36666666666666664,0.6833333333333333,0.2962962962962963,1.0,54,16
840,0.6896551724137931,0.5885057471264368,0.022222222222222223,0.5111111111111111,1.0,0.5263157894736842,10,19
841,0.8571428571428571,0.7378151260504201,0.0718954248366013,0.5359477124183006,0.75,1.0,24,18
842,0.9714285714285714,0.8642857142857142,0.2647058823529412,0.6323529411764706,0.9444444444444444,1.0,18,17
843,0.9,0.778235294117647,0.09803921568627451,0.5490196078431373,0.8181818181818182,1.0,22,18
844,0.6451612903225806,0.5591397849462365,0.1111111111111111,0.5555555555555556,1.0,0.47619047619047616,10,21
845,0.9600000000000001,0.7941818181818181,-0.15151515151515152,0.42424242424242425,0.9230769230769231,1.0,13,12
846,0.782608695652174,0.6847826086956522,0.16666666666666666,0.5833333333333334,0.6428571428571429,1.0,14,9
847,0.888888888888889,0.7999999999999999,0.3333333333333333,0.6666666666666666,0.8,1.0,20,16
848,0.8571428571428571,0.7285714285714285,0.0,0.5,0.75,1.0,16,12
849,0.8695652173913044,0.8231884057971014,0.6444444444444445,0.8222222222222222,1.0,0.7692307692307693,10,13
850,0.65,0.5275,-0.2564102564102564,0.3717948717948718,0.48148148148148145,1.0,27,13
851,0.7058823529411764,0.6776470588235293,0.7333333333333333,0.8666666666666667,1.0,0.5454545454545454,6,11
852,1.0,0.9266666666666666,0.5111111111111111,0.7555555555555555,1.0,1.0,10,10
853,0.896551724137931,0.7862068965517242,0.1794871794871795,0.5897435897435898,0.8125,1.0,16,13
855,0.6585365853658536,0.5853658536585364,0.25925925925925924,0.6296296296296297,0.4909090909090909,1.0,55,27
856,0.8666666666666666,0.7766666666666665,0.3076923076923077,0.6538461538461539,0.7647058823529411,1.0,17,13
857,0.8666666666666666,0.7466666666666666,0.07692307692307693,0.5384615384615384,0.7647058823529411,1.0,17,13
858,1.0,0.8549450549450549,0.03296703296703297,0.5164835164835165,1.0,1.0,14,14
859,0.9166666666666666,0.7416666666666666,-0.2727272727272727,0.36363636363636365,1.0,0.8461538461538461,11,13
860,0.962962962962963,0.811111111111111,-0.05128205128205128,0.47435897435897434,1.0,0.9285714285714286,13,14
861,0.9655172413793104,0.8445623342175067,0.16483516483516483,0.5824175824175825,1.0,0.9333333333333333,14,15
862,0.6046511627906976,0.4906976744186046,-0.2564102564102564,0.3717948717948718,0.43333333333333335,1.0,30,13
863,0.8695652173913044,0.7536231884057971,0.1111111111111111,0.5555555555555556,1.0,0.7692307692307693,10,13
864,1.0,0.9076923076923076,0.38461538461538464,0.6923076923076923,1.0,1.0,14,14
865,0.888888888888889,0.8202020202020202,0.48484848484848486,0.7424242424242424,0.8,1.0,15,12
866,0.8666666666666666,0.7866666666666665,0.38461538461538464,0.6923076923076923,0.7647058823529411,1.0,17,13
867,0.20689655172413793,0.164576802507837,-0.36363636363636365,0.3181818181818182,0.11538461538461539,1.0,104,12
868,0.17142857142857143,0.1566233766233766,0.42424242424242425,0.7121212121212122,0.09375,1.0,128,12
869,0.6486486486486487,0.5808353808353808,0.30303030303030304,0.6515151515151515,0.48,1.0,25,12
870,0.967741935483871,0.8599078341013825,0.2571428571428571,0.6285714285714286,0.9375,1.0,16,15
871,0.7777777777777778,0.6982905982905983,0.31868131868131866,0.6593406593406593,0.6363636363636364,1.0,22,14
872,0.782608695652174,0.6978260869565217,0.2777777777777778,0.6388888888888888,1.0,0.6428571428571429,9,14
873,0.9333333333333333,0.8102564102564102,0.12087912087912088,0.5604395604395604,0.875,1.0,16,14
874,0.8235294117647058,0.7203619909502262,0.16483516483516483,0.5824175824175825,0.7,1.0,20,14
875,0.962962962962963,0.8481481481481482,0.20512820512820512,0.6025641025641025,1.0,0.9285714285714286,13,14
876,0.5652173913043478,0.5130434782608695,0.38461538461538464,0.6923076923076923,0.3939393939393939,1.0,33,13
877,0.19999999999999998,0.16637362637362635,-0.12087912087912088,0.43956043956043955,0.1111111111111111,1.0,126,14
878,0.22641509433962262,0.197598627787307,0.15151515151515152,0.5757575757575758,0.1276595744680851,1.0,94,12
879,0.41935483870967744,0.3661290322580645,0.15384615384615385,0.5769230769230769,0.2653061224489796,1.0,49,13
880,0.7428571428571429,0.6914285714285714,0.5384615384615384,0.7692307692307692,0.5909090909090909,1.0,22,13
881,0.962962962962963,0.8666666666666666,0.3333333333333333,0.6666666666666666,0.9285714285714286,1.0,14,13
883,0.9600000000000001,0.8596363636363636,0.30303030303030304,0.6515151515151515,0.9230769230769231,1.0,13,12
884,0.8333333333333333,0.711111111111111,0.022222222222222223,0.5111111111111111,1.0,0.7142857142857143,10,14
885,0.8571428571428571,0.7857142857142856,0.4444444444444444,0.7222222222222222,1.0,0.75,9,12
886,0.923076923076923,0.8055944055944055,0.15151515151515152,0.5757575757575758,1.0,0.8571428571428571,12,14
887,0.9333333333333333,0.8533333333333333,0.42857142857142855,0.7142857142857143,0.875,1.0,16,14
888,0.4864864864864865,0.45810810810810815,0.6111111111111112,0.8055555555555556,0.32142857142857145,1.0,28,9
889,0.8750000000000001,0.7596153846153846,0.12087912087912088,0.5604395604395604,0.7777777777777778,1.0,18,14
890,0.8275862068965517,0.6921630094043887,-0.09090909090909091,0.45454545454545453,0.7058823529411765,1.0,17,12
891,0.9333333333333333,0.8410256410256409,0.34065934065934067,0.6703296703296704,0.875,1.0,16,14
892,0.962962962962963,0.8629629629629629,0.3076923076923077,0.6538461538461539,0.9285714285714286,1.0,14,13
893,0.8666666666666666,0.7599999999999999,0.1794871794871795,0.5897435897435898,0.7647058823529411,1.0,17,13
895,0.2947368421052632,0.25587044534412956,0.12087912087912088,0.5604395604395604,0.1728395061728395,1.0,81,14
896,0.9333333333333333,0.8379487179487178,0.31868131868131866,0.6593406593406593,0.875,1.0,16,14
897,0.7777777777777778,0.6444444444444444,-0.14285714285714285,0.4285714285714286,0.6363636363636364,1.0,22,14
898,0.962962962962963,0.9259259259259259,0.7435897435897436,0.8717948717948718,1.0,0.9285714285714286,13,14
899,0.6666666666666666,0.5199999999999999,-0.4666666666666667,0.26666666666666666,1.0,0.5,6,12
900,0.5490196078431372,0.4838612368024132,0.2087912087912088,0.6043956043956044,0.3783783783783784,1.0,37,14
901,0.7058823529411764,0.6211764705882351,0.2,0.6,1.0,0.5454545454545454,6,11
902,0.8421052631578948,0.7157894736842105,0.0,0.5,1.0,0.7272727272727273,8,11
903,1.0,0.8692307692307691,0.1282051282051282,0.5641025641025641,1.0,1.0,13,13
904,0.37681159420289856,0.32753623188405795,0.1282051282051282,0.5641025641025641,0.23214285714285715,1.0,56,13
905,0.8333333333333333,0.6888888888888888,-0.15555555555555556,0.4222222222222222,1.0,0.7142857142857143,10,14
907,0.45070422535211263,0.4045070422535211,0.31666666666666665,0.6583333333333333,0.2909090909090909,1.0,55,16
908,0.41025641025641024,0.3663003663003663,0.2857142857142857,0.6428571428571428,0.25806451612903225,1.0,31,8
910,0.9696969696969697,0.8290909090909091,0.03333333333333333,0.5166666666666667,0.9411764705882353,1.0,17,16
911,0.9523809523809523,0.8888888888888888,0.5555555555555556,0.7777777777777778,1.0,0.9090909090909091,10,11
912,0.9090909090909091,0.7454545454545454,-0.2,0.4,1.0,0.8333333333333334,10,12
913,0.8,0.7182417582417582,0.31868131868131866,0.6593406593406593,0.6666666666666666,1.0,21,14
914,0.4615384615384615,0.40069930069930065,0.12121212121212122,0.5606060606060606,0.3,1.0,40,12
915,0.7499999999999999,0.6149999999999999,-0.2,0.4,1.0,0.6,6,10
916,0.8484848484848484,0.7002331002331001,-0.16483516483516483,0.4175824175824176,0.7368421052631579,1.0,19,14
917,1.0,0.9363636363636363,0.5757575757575758,0.7878787878787878,1.0,1.0,12,12
918,0.22413793103448276,0.20517241379310344,0.4358974358974359,0.717948717948718,0.1262135922330097,1.0,103,13
919,0.8275862068965517,0.7184952978056426,0.12121212121212122,0.5606060606060606,0.7058823529411765,1.0,17,12
920,0.5806451612903226,0.4645161290322581,-0.3333333333333333,0.33333333333333337,0.4090909090909091,1.0,22,9
921,0.9565217391304348,0.8052173913043479,-0.05454545454545454,0.4727272727272727,0.9166666666666666,1.0,12,11
922,0.38095238095238093,0.31515151515151507,-0.15151515151515152,0.42424242424242425,0.23529411764705882,1.0,51,12
923,0.923076923076923,0.8391608391608391,0.3939393939393939,0.696969696969697,1.0,0.8571428571428571,12,14
924,0.7368421052631579,0.6275303643724696,0.01098901098901099,0.5054945054945055,0.5833333333333334,1.0,24,14
925,0.9285714285714286,0.8107142857142856,0.15384615384615385,0.5769230769230769,0.8666666666666667,1.0,15,13
926,0.9,0.8117647058823528,0.3464052287581699,0.673202614379085,0.8181818181818182,1.0,22,18
927,0.923076923076923,0.8181818181818181,0.24242424242424243,0.6212121212121212,1.0,0.8571428571428571,12,14
928,0.4799999999999999,0.41236363636363627,0.06060606060606061,0.5303030303030303,0.3157894736842105,1.0,38,12
929,0.7499999999999999,0.6818181818181817,0.3939393939393939,0.696969696969697,0.6,1.0,20,12
931,0.23931623931623933,0.21722550953320183,0.38461538461538464,0.6923076923076923,0.13592233009708737,1.0,103,14
933,0.7096774193548387,0.64,0.34545454545454546,0.6727272727272727,0.55,1.0,20,11
934,0.7499999999999999,0.6613636363636363,0.21212121212121213,0.6060606060606061,0.6,1.0,20,12
935,0.8571428571428571,0.7753246753246753,0.36363636363636365,0.6818181818181819,0.75,1.0,16,12
938,0.5957446808510638,0.48968903436988537,-0.18681318681318682,0.4065934065934066,0.42424242424242425,1.0,33,14
940,0.7741935483870968,0.7073313782991202,0.42424242424242425,0.7121212121212122,0.631578947368421,1.0,19,12
942,0.8571428571428571,0.7441558441558441,0.12121212121212122,0.5606060606060606,0.75,1.0,16,12
945,0.46428571428571425,0.40535714285714275,0.15384615384615385,0.5769230769230769,0.3023255813953488,1.0,43,13
946,0.5531914893617021,0.47659574468085103,0.07692307692307693,0.5384615384615384,0.38235294117647056,1.0,34,13
948,0.41791044776119407,0.3641791044776119,0.14285714285714285,0.5714285714285714,0.2641509433962264,1.0,53,14
949,0.8571428571428571,0.7168831168831168,-0.09090909090909091,0.45454545454545453,0.75,1.0,16,12
950,0.8823529411764706,0.8142857142857143,0.4857142857142857,0.7428571428571429,0.7894736842105263,1.0,19,15
951,0.8823529411764706,0.7840336134453781,0.2571428571428571,0.6285714285714286,0.7894736842105263,1.0,19,15
952,0.7027027027027027,0.6216216216216216,0.23076923076923078,0.6153846153846154,0.5416666666666666,1.0,24,13
953,0.6829268292682926,0.5951219512195121,0.14285714285714285,0.5714285714285714,0.5185185185185185,1.0,27,14
954,0.7222222222222222,0.6055555555555555,-0.07692307692307693,0.46153846153846156,0.5652173913043478,1.0,23,13
955,0.8125000000000001,0.68125,-0.07692307692307693,0.46153846153846156,0.6842105263157895,1.0,19,13
959,0.33333333333333337,0.28181818181818186,-0.030303030303030304,0.48484848484848486,0.2,1.0,60,12
961,0.9,0.806470588235294,0.30718954248366015,0.6535947712418301,0.8181818181818182,1.0,22,18
962,0.6666666666666666,0.5974358974358973,0.3076923076923077,0.6538461538461539,0.5,1.0,26,13
963,0.5217391304347826,0.4387351778656126,-0.06060606060606061,0.4696969696969697,0.35294117647058826,1.0,34,12
964,0.7272727272727273,0.6446280991735537,0.24242424242424243,0.6212121212121212,0.5714285714285714,1.0,21,12
967,0.923076923076923,0.7888111888111887,0.030303030303030304,0.5151515151515151,0.8571428571428571,1.0,14,12
968,0.7499999999999999,0.7090909090909089,0.6363636363636364,0.8181818181818181,0.6,1.0,20,12
969,0.30588235294117644,0.2729411764705882,0.28205128205128205,0.641025641025641,0.18055555555555555,1.0,72,13
970,0.7741935483870968,0.6791788856304984,0.18181818181818182,0.5909090909090909,0.631578947368421,1.0,19,12
971,0.6666666666666666,0.5787878787878787,0.12121212121212122,0.5606060606060606,0.5,1.0,24,12
972,0.8484848484848484,0.7310023310023309,0.07692307692307693,0.5384615384615384,0.7368421052631579,1.0,19,14
973,0.9375,0.7955357142857142,-0.009523809523809525,0.49523809523809526,0.8823529411764706,1.0,17,15
974,0.9285714285714286,0.7928571428571428,0.02564102564102564,0.5128205128205128,0.8666666666666667,1.0,15,13
975,0.12903225806451613,0.10236559139784945,-0.37777777777777777,0.3111111111111111,0.06896551724137931,1.0,145,10
976,0.6046511627906976,0.5186046511627906,0.05128205128205128,0.5256410256410257,0.43333333333333335,1.0,30,13
982,0.22950819672131148,0.205296343001261,0.2967032967032967,0.6483516483516484,0.12962962962962962,1.0,108,14
983,0.5283018867924528,0.439477503628447,-0.12087912087912088,0.43956043956043955,0.358974358974359,1.0,39,14
985,0.23255813953488372,0.2059800664451827,0.23809523809523808,0.6190476190476191,0.13157894736842105,1.0,114,15
986,0.2916666666666667,0.2503205128205128,0.054945054945054944,0.5274725274725275,0.17073170731707318,1.0,82,14
987,0.8,0.7057142857142857,0.21428571428571427,0.6071428571428571,1.0,0.6666666666666666,8,12
988,0.2459016393442623,0.21920374707259951,0.2761904761904762,0.638095238095238,0.14018691588785046,1.0,107,15
989,0.6896551724137931,0.5885057471264368,0.022222222222222223,0.5111111111111111,0.5263157894736842,1.0,19,10
990,0.8,0.6727272727272727,-0.06060606060606061,0.4696969696969697,0.6666666666666666,1.0,18,12
991,0.37037037037037035,0.31746031746031744,0.047619047619047616,0.5238095238095238,0.22727272727272727,1.0,66,15
992,0.7222222222222222,0.6222222222222221,0.07692307692307693,0.5384615384615384,0.5652173913043478,1.0,23,13
996,0.37333333333333335,0.34994871794871796,0.5824175824175825,0.7912087912087913,0.22950819672131148,1.0,61,14
998,0.14893617021276595,0.1404255319148936,0.6190476190476191,0.8095238095238095,0.08045977011494253,1.0,87,7
999,0.846153846153846,0.7584615384615383,0.3090909090909091,0.6545454545454545,1.0,0.7333333333333333,11,15
1000,0.65,0.58,0.28205128205128205,0.641025641025641,0.48148148148148145,1.0,27,13
1001,0.15476190476190477,0.1392857142857143,0.3333333333333333,0.6666666666666666,0.08387096774193549,1.0,155,13
1002,0.4444444444444445,0.3858585858585859,0.12121212121212122,0.5606060606060606,0.2857142857142857,1.0,42,12
1003,0.6896551724137931,0.6068965517241379,0.2,0.6,0.5263157894736842,1.0,19,10
1004,0.2772277227722772,0.23427265803503422,-0.03296703296703297,0.4835164835164835,0.16091954022988506,1.0,87,14
1006,0.7272727272727273,0.6512396694214876,0.30303030303030304,0.6515151515151515,0.5714285714285714,1.0,21,12
1007,0.2978723404255319,0.25957446808510637,0.14285714285714285,0.5714285714285714,0.175,1.0,40,7
1008,0.896551724137931,0.7931034482758621,0.23076923076923078,0.6153846153846154,0.8125,1.0,16,13
1009,1.0,0.8318181818181818,-0.12121212121212122,0.4393939393939394,1.0,1.0,12,12
1010,0.923076923076923,0.8475524475524474,0.45454545454545453,0.7272727272727273,0.8571428571428571,1.0,14,12
1012,0.9090909090909091,0.8363636363636363,0.4666666666666667,0.7333333333333334,1.0,0.8333333333333334,10,12
1014,0.6274509803921569,0.5411764705882353,0.08333333333333333,0.5416666666666666,0.45714285714285713,1.0,35,16
1015,0.1875,0.16363636363636364,0.15151515151515152,0.5757575757575758,0.10344827586206896,1.0,116,12
1017,0.787878787878788,0.6787878787878788,0.07692307692307693,0.5384615384615384,0.65,1.0,20,13
1019,0.5172413793103449,0.4536945812807882,0.18095238095238095,0.5904761904761905,0.3488372093023256,1.0,43,15
1020,0.5714285714285715,0.5036106750392465,0.2087912087912088,0.6043956043956044,0.4,1.0,35,14
1021,0.5581395348837209,0.5099365750528541,0.42424242424242425,0.7121212121212122,0.3870967741935484,1.0,31,12
1024,0.6190476190476191,0.5380952380952381,0.1282051282051282,0.5641025641025641,0.4482758620689655,1.0,29,13
1025,0.4745762711864407,0.4166883963494133,0.18681318681318682,0.5934065934065934,0.3111111111111111,1.0,45,14
1026,0.5777777777777777,0.4866666666666666,-0.05128205128205128,0.47435897435897434,0.40625,1.0,32,13
1027,0.8484848484848484,0.7477855477855477,0.2087912087912088,0.6043956043956044,0.7368421052631579,1.0,19,14
1028,0.7499999999999999,0.6852272727272726,0.42424242424242425,0.7121212121212122,0.6,1.0,20,12
1029,0.5098039215686275,0.43725490196078437,0.05128205128205128,0.5256410256410257,0.34210526315789475,1.0,38,13
1030,0.3111111111111111,0.26905982905982906,0.0989010989010989,0.5494505494505495,0.18421052631578946,1.0,76,14
1031,0.7499999999999999,0.7090909090909089,0.6363636363636364,0.8181818181818181,0.6,1.0,20,12
1032,0.5925925925925926,0.5496296296296296,0.5166666666666667,0.7583333333333333,0.42105263157894735,1.0,38,16
1033,0.7317073170731707,0.6104529616724739,-0.10476190476190476,0.44761904761904764,0.5769230769230769,1.0,26,15
1034,0.9565217391304348,0.8469565217391304,0.23636363636363636,0.6181818181818182,1.0,0.9166666666666666,11,12
1035,0.8484848484848484,0.7226107226107226,0.01098901098901099,0.5054945054945055,0.7368421052631579,1.0,19,14
1036,0.6086956521739131,0.5224080267558529,0.054945054945054944,0.5274725274725275,0.4375,1.0,32,14
1037,0.8333333333333333,0.6722222222222222,-0.28888888888888886,0.35555555555555557,1.0,0.7142857142857143,10,14
1038,0.967741935483871,0.8156682027649769,-0.047619047619047616,0.47619047619047616,0.9375,1.0,16,15
1040,0.9090909090909091,0.774025974025974,0.009523809523809525,0.5047619047619047,0.8333333333333334,1.0,18,15
1041,0.6842105263157895,0.5684210526315789,-0.1282051282051282,0.4358974358974359,0.52,1.0,25,13
1042,0.631578947368421,0.5569377990430622,0.21212121212121213,0.6060606060606061,0.46153846153846156,1.0,26,12
1044,0.8571428571428571,0.7571428571428571,0.2222222222222222,0.6111111111111112,1.0,0.75,9,12
1045,0.6511627906976745,0.5481216457960644,-0.054945054945054944,0.4725274725274725,0.4827586206896552,1.0,29,14
1046,0.9473684210526316,0.8289473684210527,0.16666666666666666,0.5833333333333334,1.0,0.9,9,10
1047,0.962962962962963,0.8666666666666666,0.3333333333333333,0.6666666666666666,1.0,0.9285714285714286,13,14
1048,0.6363636363636364,0.5797202797202796,0.4065934065934066,0.7032967032967032,0.4666666666666667,1.0,30,14
1049,0.9285714285714286,0.825,0.2564102564102564,0.6282051282051282,0.8666666666666667,1.0,15,13
1051,0.456140350877193,0.41228070175438597,0.358974358974359,0.6794871794871795,0.29545454545454547,1.0,44,13
1055,0.2857142857142857,0.23809523809523805,-0.1111111111111111,0.4444444444444444,0.16666666666666666,1.0,54,9
1056,0.24561403508771928,0.2156545209176788,0.18681318681318682,0.5934065934065934,0.14,1.0,100,14
1057,0.1643835616438356,0.14122042341220423,0.06060606060606061,0.5303030303030303,0.08955223880597014,1.0,134,12
1058,0.7499999999999999,0.7,0.5555555555555556,0.7777777777777778,0.6,1.0,15,9
1059,0.21739130434782605,0.19275362318840575,0.24444444444444444,0.6222222222222222,0.12195121951219512,1.0,82,10
1061,0.2888888888888889,0.24222222222222223,-0.07692307692307693,0.46153846153846156,0.16883116883116883,1.0,77,13
1062,0.8,0.68,0.0,0.5,0.6666666666666666,1.0,18,12
1063,0.787878787878788,0.706060606060606,0.3076923076923077,0.6538461538461539,0.65,1.0,20,13
1064,0.9285714285714286,0.8642857142857142,0.5384615384615384,0.7692307692307692,0.8666666666666667,1.0,15,13
1065,0.846153846153846,0.7076923076923075,-0.09090909090909091,0.45454545454545453,1.0,0.7333333333333333,11,15
1066,0.6,0.5727272727272726,0.696969696969697,0.8484848484848485,0.42857142857142855,1.0,28,12
1068,0.7027027027027027,0.6189189189189189,0.20512820512820512,0.6025641025641025,0.5416666666666666,1.0,24,13
1070,0.7058823529411764,0.5807486631016041,-0.18181818181818182,0.40909090909090906,0.5454545454545454,1.0,22,12
1074,0.9600000000000001,0.850909090909091,0.24242424242424243,0.6212121212121212,0.9230769230769231,1.0,13,12
1075,0.888888888888889,0.7757575757575758,0.15151515151515152,0.5757575757575758,0.8,1.0,15,12
1076,0.88,0.7408,-0.05454545454545454,0.4727272727272727,1.0,0.7857142857142857,11,14
1077,0.6,0.5181818181818181,0.09090909090909091,0.5454545454545454,0.42857142857142855,1.0,28,12
1078,0.7741935483870968,0.7073313782991202,0.42424242424242425,0.7121212121212122,0.631578947368421,1.0,19,12
1080,0.6666666666666666,0.605128205128205,0.38461538461538464,0.6923076923076923,0.5,1.0,26,13
1081,0.7000000000000001,0.58,-0.14285714285714285,0.4285714285714286,0.5384615384615384,1.0,26,14
1082,0.2170542635658915,0.1827072152653548,-0.054945054945054944,0.4725274725274725,0.12173913043478261,1.0,115,14
1083,0.29411764705882354,0.24789915966386553,-0.047619047619047616,0.47619047619047616,0.1724137931034483,1.0,87,15
1084,0.33333333333333337,0.28,-0.06666666666666667,0.4666666666666667,0.2,1.0,75,15
1085,0.8571428571428571,0.7636363636363636,0.2727272727272727,0.6363636363636364,0.75,1.0,16,12
1087,0.24137931034482762,0.21909814323607427,0.38461538461538464,0.6923076923076923,0.13725490196078433,1.0,102,14
1088,0.7222222222222222,0.6638888888888889,0.46153846153846156,0.7307692307692308,0.5652173913043478,1.0,23,13
1089,0.787878787878788,0.6909090909090909,0.1794871794871795,0.5897435897435898,0.65,1.0,20,13
1092,0.8387096774193548,0.7387096774193548,0.20512820512820512,0.6025641025641025,0.7222222222222222,1.0,18,13
1093,0.65,0.5325,-0.20512820512820512,0.39743589743589747,0.48148148148148145,1.0,27,13
1094,0.4878048780487805,0.4357723577235772,0.28888888888888886,0.6444444444444444,0.3225806451612903,1.0,31,10
1099,0.5789473684210525,0.5284210526315789,0.41818181818181815,0.7090909090909091,0.4074074074074074,1.0,27,11
1100,0.631578947368421,0.5655502392344497,0.30303030303030304,0.6515151515151515,0.46153846153846156,1.0,26,12
1102,0.5882352941176471,0.5361344537815126,0.4095238095238095,0.7047619047619047,0.4166666666666667,1.0,36,15
1104,0.456140350877193,0.4017543859649123,0.20512820512820512,0.6025641025641025,0.29545454545454547,1.0,44,13
1105,0.9655172413793104,0.8190981432360743,-0.01098901098901099,0.4945054945054945,0.9333333333333333,1.0,15,14
1106,0.9600000000000001,0.7767272727272728,-0.2727272727272727,0.36363636363636365,0.9230769230769231,1.0,13,12
1108,0.6857142857142856,0.6202597402597402,0.36363636363636365,0.6818181818181819,0.5217391304347826,1.0,23,12
1109,0.962962962962963,0.8481481481481482,0.20512820512820512,0.6025641025641025,0.9285714285714286,1.0,14,13
1110,1.0,0.8192307692307692,-0.20512820512820512,0.39743589743589747,1.0,1.0,13,13
1113,0.5333333333333333,0.476,0.2833333333333333,0.6416666666666666,0.36363636363636365,1.0,44,16
1115,0.8484848484848484,0.7393939393939393,0.14285714285714285,0.5714285714285714,0.7368421052631579,1.0,19,14
1116,0.7741935483870968,0.696774193548387,0.3333333333333333,0.6666666666666666,0.631578947368421,1.0,19,12
1117,0.20689655172413793,0.17210031347962382,-0.12121212121212122,0.4393939393939394,0.11538461538461539,1.0,104,12
1118,0.1592920353982301,0.13672566371681416,0.05555555555555555,0.5277777777777778,0.08653846153846154,1.0,104,9
1119,0.8,0.7018181818181818,0.18181818181818182,0.5909090909090909,0.6666666666666666,1.0,18,12
1120,0.6086956521739131,0.5183946488294314,0.01098901098901099,0.5054945054945055,0.4375,1.0,32,14
1121,0.923076923076923,0.7846153846153845,0.0,0.5,0.8571428571428571,1.0,14,12
1122,0.7741935483870968,0.7108504398826979,0.45454545454545453,0.7272727272727273,0.631578947368421,1.0,19,12
1123,0.4666666666666667,0.4128205128205128,0.23076923076923078,0.6153846153846154,0.30434782608695654,1.0,46,14
1124,0.7058823529411764,0.5839572192513368,-0.15151515151515152,0.42424242424242425,0.5454545454545454,1.0,22,12
1125,0.208,0.18239999999999998,0.1794871794871795,0.5897435897435898,0.11607142857142858,1.0,112,13
1127,0.5555555555555556,0.4666666666666667,-0.06666666666666667,0.4666666666666667,0.38461538461538464,1.0,39,15
1128,0.5217391304347826,0.44822134387351775,0.06060606060606061,0.5303030303030303,0.35294117647058826,1.0,34,12
1129,0.22764227642276422,0.20662914321450904,0.38461538461538464,0.6923076923076923,0.12844036697247707,1.0,109,14
1130,0.9032258064516129,0.763275434243176,-0.03296703296703297,0.4835164835164835,0.8235294117647058,1.0,17,14
1131,0.962962962962963,0.9074074074074074,0.6153846153846154,0.8076923076923077,0.9285714285714286,1.0,14,13
1132,0.7777777777777778,0.688034188034188,0.23076923076923078,0.6153846153846154,0.6363636363636364,1.0,22,14
1133,0.631578947368421,0.5511961722488038,0.15151515151515152,0.5757575757575758,0.46153846153846156,1.0,26,12
1134,0.1643835616438356,0.13823163138231628,-0.06060606060606061,0.4696969696969697,0.08955223880597014,1.0,134,12
1135,0.147239263803681,0.12046848856664807,-0.21212121212121213,0.3939393939393939,0.07947019867549669,1.0,151,12
1136,0.4827586206896552,0.39363395225464193,-0.23076923076923078,0.3846153846153846,0.3181818181818182,1.0,44,14
1137,0.896551724137931,0.796551724137931,0.2564102564102564,0.6282051282051282,0.8125,1.0,16,13
1138,0.6486486486486487,0.5572481572481572,0.06060606060606061,0.5303030303030303,0.48,1.0,25,12
1139,0.5909090909090909,0.4909090909090909,-0.1282051282051282,0.4358974358974359,0.41935483870967744,1.0,31,13
1141,0.5581395348837209,0.4668076109936575,-0.09090909090909091,0.45454545454545453,0.3870967741935484,1.0,31,12
1142,0.2170542635658915,0.19344066785927252,0.27472527472527475,0.6373626373626373,0.12173913043478261,1.0,115,14
1143,0.9565217391304348,0.8886956521739131,0.5272727272727272,0.7636363636363637,1.0,0.9166666666666666,11,12
1144,0.6808510638297872,0.6161702127659574,0.36666666666666664,0.6833333333333333,0.5161290322580645,1.0,31,16
1145,0.896551724137931,0.8103448275862069,0.358974358974359,0.6794871794871795,0.8125,1.0,16,13
1146,0.9,0.8400000000000001,0.5555555555555556,0.7777777777777778,1.0,0.8181818181818182,9,11
1147,0.8275862068965517,0.7260188087774294,0.18181818181818182,0.5909090909090909,0.7058823529411765,1.0,17,12
1148,0.8484848484848484,0.7114219114219112,-0.07692307692307693,0.46153846153846156,0.7368421052631579,1.0,19,14
1149,0.43076923076923085,0.36686390532544383,0.01098901098901099,0.5054945054945055,0.27450980392156865,1.0,51,14
1150,0.8275862068965517,0.6846394984326017,-0.15151515151515152,0.42424242424242425,0.7058823529411765,1.0,17,12
1151,0.8571428571428571,0.7597402597402597,0.24242424242424243,0.6212121212121212,0.75,1.0,16,12
1152,0.8695652173913044,0.7768115942028986,0.28888888888888886,0.6444444444444444,1.0,0.7692307692307693,10,13
1154,0.6086956521739131,0.5224080267558529,0.054945054945054944,0.5274725274725275,0.4375,1.0,32,14
1155,0.27083333333333337,0.234375,0.10256410256410256,0.5512820512820513,0.1566265060240964,1.0,83,13
1156,0.7058823529411764,0.6096256684491977,0.09090909090909091,0.5454545454545454,0.5454545454545454,1.0,22,12
1160,0.9,0.795,0.2222222222222222,0.6111111111111112,1.0,0.8181818181818182,9,11
1161,0.9333333333333333,0.7917948717948718,-0.01098901098901099,0.4945054945054945,0.875,1.0,16,14
1162,0.923076923076923,0.7594405594405593,-0.18181818181818182,0.40909090909090906,0.8571428571428571,1.0,14,12
1163,0.7692307692307693,0.6820512820512821,0.24444444444444444,0.6222222222222222,0.625,1.0,16,10
1164,0.8421052631578948,0.7518796992481203,0.2857142857142857,0.6428571428571428,0.7272727272727273,1.0,11,8
1165,0.8750000000000001,0.7798076923076923,0.27472527472527475,0.6373626373626373,0.7777777777777778,1.0,18,14
1166,0.13636363636363635,0.12086776859504131,0.24242424242424243,0.6212121212121212,0.07317073170731707,1.0,164,12
1167,0.6486486486486487,0.5248157248157248,-0.2727272727272727,0.36363636363636365,0.48,1.0,25,12
1168,0.888888888888889,0.7717171717171718,0.12121212121212122,0.5606060606060606,0.8,1.0,15,12
1169,0.8,0.6506666666666666,-0.24444444444444444,0.37777777777777777,0.6666666666666666,1.0,15,10
1170,0.8,0.7657142857142857,0.7142857142857143,0.8571428571428572,0.6666666666666666,1.0,21,14
1171,0.5555555555555556,0.47407407407407404,0.022222222222222223,0.5111111111111111,0.38461538461538464,1.0,26,10
1173,0.962962962962963,0.8518518518518519,0.23076923076923078,0.6153846153846154,0.9285714285714286,1.0,14,13
1174,0.5454545454545454,0.47355371900826443,0.12121212121212122,0.5606060606060606,0.375,1.0,32,12
1175,0.2826086956521739,0.24999999999999997,0.23076923076923078,0.6153846153846154,0.16455696202531644,1.0,79,13
1176,0.8750000000000001,0.8288461538461539,0.6483516483516484,0.8241758241758241,0.7777777777777778,1.0,18,14
1177,0.6486486486486487,0.5307125307125307,-0.21212121212121213,0.3939393939393939,0.48,1.0,25,12
1179,0.761904761904762,0.7374149659863946,0.7857142857142857,0.8928571428571428,1.0,0.6153846153846154,8,13
1180,0.888888888888889,0.7797979797979798,0.18181818181818182,0.5909090909090909,0.8,1.0,15,12
1182,0.7407407407407407,0.6716049382716048,0.37777777777777777,0.6888888888888889,0.5882352941176471,1.0,17,10
1183,0.2680412371134021,0.23608247422680417,0.20512820512820512,0.6025641025641025,0.15476190476190477,1.0,84,13
1184,0.888888888888889,0.7717171717171718,0.12121212121212122,0.5606060606060606,0.8,1.0,15,12
1185,0.8571428571428571,0.7870129870129869,0.45454545454545453,0.7272727272727273,0.75,1.0,16,12
1186,0.9600000000000001,0.8334545454545456,0.12121212121212122,0.5606060606060606,0.9230769230769231,1.0,13,12
1187,0.6296296296296297,0.5185185185185185,-0.17647058823529413,0.4117647058823529,0.4594594594594595,1.0,37,17
1188,0.967741935483871,0.8626728110599078,0.2761904761904762,0.638095238095238,0.9375,1.0,16,15
1189,0.18181818181818182,0.15515151515151515,0.022222222222222223,0.5111111111111111,0.1,1.0,100,10
1190,0.8,0.6690909090909091,-0.09090909090909091,0.45454545454545453,0.6666666666666666,1.0,18,12
1191,0.9090909090909091,0.7454545454545454,-0.2,0.4,1.0,0.8333333333333334,10,12
1192,0.888888888888889,0.8404040404040404,0.6363636363636364,0.8181818181818181,0.8,1.0,15,12
1193,0.45161290322580644,0.40843672456575675,0.3626373626373626,0.6813186813186813,0.2916666666666667,1.0,48,14
1194,0.9285714285714286,0.7642857142857142,-0.1794871794871795,0.41025641025641024,0.8666666666666667,1.0,15,13
1195,0.9565217391304348,0.8991304347826087,0.6,0.8,1.0,0.9166666666666666,11,12
1196,0.7368421052631579,0.6299595141700404,0.03296703296703297,0.5164835164835165,0.5833333333333334,1.0,24,14
1197,0.9565217391304348,0.8991304347826087,0.6,0.8,0.9166666666666666,1.0,12,11
1198,0.923076923076923,0.8181818181818181,0.24242424242424243,0.6212121212121212,0.8571428571428571,1.0,14,12
1199,0.7499999999999999,0.6681818181818181,0.2727272727272727,0.6363636363636364,0.6,1.0,20,12
1201,0.33766233766233766,0.2987012987012987,0.23076923076923078,0.6153846153846154,0.203125,1.0,64,13
1202,0.5454545454545454,0.46611570247933876,0.030303030303030304,0.5151515151515151,0.375,1.0,32,12
1203,0.7058823529411764,0.6224598930481283,0.21212121212121213,0.6060606060606061,0.5454545454545454,1.0,22,12
1204,1.0,0.9199999999999999,0.4666666666666667,0.7333333333333334,1.0,1.0,6,6
1205,0.8387096774193548,0.7419354838709676,0.23076923076923078,0.6153846153846154,0.7222222222222222,1.0,18,13
1206,0.782608695652174,0.7369565217391305,0.6111111111111112,0.8055555555555556,1.0,0.6428571428571429,9,14
1207,0.8275862068965517,0.6959247648902821,-0.06060606060606061,0.4696969696969697,0.7058823529411765,1.0,17,12
1208,1.0,0.8999999999999999,0.3333333333333333,0.6666666666666666,1.0,1.0,12,12
1209,0.8666666666666666,0.7866666666666665,0.38461538461538464,0.6923076923076923,0.7647058823529411,1.0,17,13
1211,0.9166666666666666,0.8366666666666667,0.41818181818181815,0.7090909090909091,1.0,0.8461538461538461,11,13
1212,0.6666666666666666,0.6238095238095238,0.5714285714285714,0.7857142857142857,0.5,1.0,16,8
1213,0.8571428571428571,0.7357142857142857,0.05555555555555555,0.5277777777777778,1.0,0.75,9,12
1214,0.888888888888889,0.7676767676767676,0.09090909090909091,0.5454545454545454,0.8,1.0,15,12
1215,0.393939393939394,0.3242424242424243,-0.1794871794871795,0.41025641025641024,0.24528301886792453,1.0,53,13
1217,0.8275862068965517,0.7636363636363636,0.48484848484848486,0.7424242424242424,0.7058823529411765,1.0,17,12
1218,1.0,0.8775,0.18333333333333332,0.5916666666666667,1.0,1.0,16,16
1219,0.8,0.6872727272727273,0.06060606060606061,0.5303030303030303,0.6666666666666666,1.0,18,12
1220,0.7272727272727273,0.6479338842975206,0.2727272727272727,0.6363636363636364,0.5714285714285714,1.0,21,12
1222,0.6666666666666666,0.5866666666666666,0.2,0.6,1.0,0.5,6,12
1223,0.22429906542056077,0.2120645709430756,0.6363636363636364,0.8181818181818181,0.12631578947368421,1.0,95,12
1224,0.9285714285714286,0.7785714285714285,-0.07692307692307693,0.46153846153846156,0.8666666666666667,1.0,15,13
1225,0.9600000000000001,0.8334545454545456,0.12121212121212122,0.5606060606060606,0.9230769230769231,1.0,13,12
1226,0.8695652173913044,0.7536231884057971,0.1111111111111111,0.5555555555555556,1.0,0.7692307692307693,10,13
1227,0.962962962962963,0.8703703703703703,0.358974358974359,0.6794871794871795,0.9285714285714286,1.0,14,13
1229,0.6666666666666666,0.5644444444444444,-0.022222222222222223,0.4888888888888889,0.5,1.0,20,10
1230,0.18978102189781024,0.15255474452554743,-0.3076923076923077,0.34615384615384615,0.10483870967741936,1.0,124,13
1231,0.7027027027027027,0.6054054054054054,0.07692307692307693,0.5384615384615384,0.5416666666666666,1.0,24,13
1232,0.5833333333333334,0.5166666666666667,0.23809523809523808,0.6190476190476191,0.4117647058823529,1.0,17,7
1233,0.8571428571428571,0.7246753246753246,-0.030303030303030304,0.48484848484848486,0.75,1.0,16,12
1234,0.6923076923076924,0.6461538461538463,0.5555555555555556,0.7777777777777778,0.5294117647058824,1.0,17,9
1235,0.7499999999999999,0.6477272727272726,0.09090909090909091,0.5454545454545454,0.6,1.0,20,12
1236,0.8571428571428571,0.748051948051948,0.15151515151515152,0.5757575757575758,0.75,1.0,16,12
1237,0.4225352112676056,0.35130784708249496,-0.12380952380952381,0.4380952380952381,0.26785714285714285,1.0,56,15
1238,0.8,0.7127272727272728,0.2727272727272727,0.6363636363636364,0.6666666666666666,1.0,18,12
1239,0.923076923076923,0.7888111888111887,0.030303030303030304,0.5151515151515151,0.8571428571428571,1.0,14,12
1240,1.0,0.8681818181818182,0.12121212121212122,0.5606060606060606,1.0,1.0,12,12
1241,0.7142857142857143,0.6142857142857143,0.06666666666666667,0.5333333333333333,0.5555555555555556,1.0,18,10
1242,0.631578947368421,0.5305263157894736,-0.06666666666666667,0.4666666666666667,1.0,0.46153846153846156,6,13
1243,0.23762376237623764,0.2171017101710171,0.42424242424242425,0.7121212121212122,0.1348314606741573,1.0,89,12
1244,0.4210526315789474,0.36363636363636365,0.09090909090909091,0.5454545454545454,0.26666666666666666,1.0,45,12
1245,0.9655172413793104,0.8541114058355438,0.23076923076923078,0.6153846153846154,0.9333333333333333,1.0,15,14
1247,0.16783216783216784,0.15562619198982836,0.5151515151515151,0.7575757575757576,0.0916030534351145,1.0,131,12
1248,0.962962962962963,0.8185185185185185,0.0,0.5,1.0,0.9285714285714286,13,14
1249,0.8750000000000001,0.7625,0.14285714285714285,0.5714285714285714,0.7777777777777778,1.0,18,14
1250,0.5,0.41730769230769227,-0.10256410256410256,0.44871794871794873,0.3333333333333333,1.0,39,13
1251,0.7741935483870968,0.7143695014662755,0.48484848484848486,0.7424242424242424,0.631578947368421,1.0,19,12
1252,0.923076923076923,0.8013986013986013,0.12121212121212122,0.5606060606060606,1.0,0.8571428571428571,12,14
1253,0.8695652173913044,0.782608695652174,0.3333333333333333,0.6666666666666666,0.7692307692307693,1.0,13,10
1254,0.8235294117647058,0.6941176470588234,-0.047619047619047616,0.47619047619047616,1.0,0.7,7,10
1255,0.962962962962963,0.8703703703703703,0.358974358974359,0.6794871794871795,1.0,0.9285714285714286,13,14
1256,0.4210526315789474,0.35789473684210527,0.0,0.5,0.26666666666666666,1.0,45,12
1257,0.48484848484848486,0.43809523809523804,0.35714285714285715,0.6785714285714286,0.32,1.0,25,8
1258,0.9600000000000001,0.7985454545454546,-0.12121212121212122,0.4393939393939394,0.9230769230769231,1.0,13,12
1259,0.8750000000000001,0.7740384615384616,0.23076923076923078,0.6153846153846154,0.7777777777777778,1.0,18,14
1260,0.4799999999999999,0.41236363636363627,0.06060606060606061,0.5303030303030303,0.3157894736842105,1.0,38,12
1261,0.896551724137931,0.7827586206896551,0.15384615384615385,0.5769230769230769,0.8125,1.0,16,13
1262,0.9600000000000001,0.8727272727272728,0.3939393939393939,0.696969696969697,0.9230769230769231,1.0,13,12
1263,0.7368421052631579,0.6210526315789473,-0.047619047619047616,0.47619047619047616,1.0,0.5833333333333334,7,12
1264,0.8275862068965517,0.7824451410658306,0.6363636363636364,0.8181818181818181,0.7058823529411765,1.0,17,12
1265,0.8,0.72,0.3333333333333333,0.6666666666666666,0.6666666666666666,1.0,18,12
1266,1.0,0.9454545454545453,0.6363636363636364,0.8181818181818181,1.0,1.0,12,12
1267,0.7741935483870968,0.6475073313782991,-0.09090909090909091,0.45454545454545453,0.631578947368421,1.0,19,12
1268,1.0,0.8727272727272727,0.15151515151515152,0.5757575757575758,1.0,1.0,12,12
1270,0.9166666666666666,0.7516666666666666,-0.2,0.4,1.0,0.8461538461538461,11,13
1271,0.18867924528301885,0.1672955974842767,0.24444444444444444,0.6222222222222222,0.10416666666666667,1.0,96,10
1272,0.5777777777777777,0.5222222222222221,0.358974358974359,0.6794871794871795,0.40625,1.0,32,13
1273,0.9285714285714286,0.8107142857142856,0.15384615384615385,0.5769230769230769,1.0,0.8666666666666667,13,15
1274,0.9565217391304348,0.7947826086956521,-0.12727272727272726,0.4363636363636364,1.0,0.9166666666666666,11,12
1275,0.8181818181818181,0.7227272727272727,0.2222222222222222,0.6111111111111112,0.6923076923076923,1.0,13,9
1276,0.5333333333333333,0.47619047619047616,0.2857142857142857,0.6428571428571428,0.36363636363636365,1.0,22,8
1277,0.8387096774193548,0.664516129032258,-0.38461538461538464,0.3076923076923077,0.7222222222222222,1.0,18,13
1278,0.5777777777777777,0.4644444444444444,-0.3076923076923077,0.34615384615384615,0.40625,1.0,32,13
1279,0.2424242424242424,0.19944903581267215,-0.18181818181818182,0.40909090909090906,0.13793103448275862,1.0,87,12
1280,0.6896551724137931,0.6344827586206897,0.4666666666666667,0.7333333333333334,0.5263157894736842,1.0,19,10
1281,0.8,0.6945454545454546,0.12121212121212122,0.5606060606060606,0.6666666666666666,1.0,18,12
1282,0.5833333333333334,0.48717948717948717,-0.0989010989010989,0.45054945054945056,0.4117647058823529,1.0,34,14
1283,0.7272727272727273,0.6644628099173554,0.42424242424242425,0.7121212121212122,0.5714285714285714,1.0,21,12
1284,0.7499999999999999,0.6749999999999998,0.3333333333333333,0.6666666666666666,0.6,1.0,20,12
1285,0.34782608695652173,0.3209486166007905,0.48484848484848486,0.7424242424242424,0.21052631578947367,1.0,57,12
1286,0.35294117647058826,0.3144385026737968,0.2727272727272727,0.6363636363636364,0.21428571428571427,1.0,56,12
1287,0.7272727272727273,0.6545454545454545,0.3333333333333333,0.6666666666666666,0.5714285714285714,1.0,21,12
1288,0.8571428571428571,0.7168831168831168,-0.09090909090909091,0.45454545454545453,0.75,1.0,16,12
1290,0.5306122448979591,0.43061224489795913,-0.2564102564102564,0.3717948717948718,0.3611111111111111,1.0,36,13
1291,0.45161290322580644,0.39950372208436724,0.23076923076923078,0.6153846153846154,0.2916666666666667,1.0,48,14
1292,0.9600000000000001,0.7985454545454546,-0.12121212121212122,0.4393939393939394,1.0,0.9230769230769231,12,13
1293,0.896551724137931,0.7517241379310344,-0.07692307692307693,0.46153846153846156,0.8125,1.0,16,13
1294,0.9600000000000001,0.850909090909091,0.24242424242424243,0.6212121212121212,1.0,0.9230769230769231,12,13
1295,0.8571428571428571,0.7999999999999999,0.5555555555555556,0.7777777777777778,1.0,0.75,9,12
1297,0.9032258064516129,0.7870967741935483,0.14285714285714285,0.5714285714285714,0.8235294117647058,1.0,17,14
1298,0.631578947368421,0.5684210526315788,0.3333333333333333,0.6666666666666666,1.0,0.46153846153846156,6,13
1299,0.9565217391304348,0.8417391304347825,0.2,0.6,1.0,0.9166666666666666,11,12
1300,0.1511627906976744,0.1331395348837209,0.20512820512820512,0.6025641025641025,0.08176100628930817,1.0,159,13
1301,0.6666666666666666,0.5866666666666666,0.2,0.6,0.5,1.0,20,10
1302,0.65,0.5225,-0.3076923076923077,0.34615384615384615,0.48148148148148145,1.0,27,13
1303,1.0,0.8681818181818182,0.12121212121212122,0.5606060606060606,1.0,1.0,12,12
1304,0.962962962962963,0.8444444444444444,0.1794871794871795,0.5897435897435898,0.9285714285714286,1.0,14,13
1305,0.8275862068965517,0.7072100313479623,0.030303030303030304,0.5151515151515151,0.7058823529411765,1.0,17,12
1306,0.5,0.4291208791208791,0.054945054945054944,0.5274725274725275,0.3333333333333333,1.0,42,14
1307,0.9655172413793104,0.8668435013262599,0.31868131868131866,0.6593406593406593,1.0,0.9333333333333333,14,15
1308,0.9,0.8174999999999999,0.3888888888888889,0.6944444444444444,1.0,0.8181818181818182,9,11
1309,0.7222222222222222,0.6166666666666666,0.02564102564102564,0.5128205128205128,0.5652173913043478,1.0,23,13
1310,0.8,0.6885714285714286,0.07142857142857142,0.5357142857142857,1.0,0.6666666666666666,8,12
1311,0.9600000000000001,0.8029090909090909,-0.09090909090909091,0.45454545454545453,0.9230769230769231,1.0,13,12
1312,1.0,0.9416666666666667,0.6111111111111112,0.8055555555555556,1.0,1.0,9,9
1313,0.7741935483870968,0.6721407624633431,0.12121212121212122,0.5606060606060606,0.631578947368421,1.0,19,12
1314,1.0,0.8909090909090909,0.2727272727272727,0.6363636363636364,1.0,1.0,12,12
1315,0.8,0.6880000000000001,0.06666666666666667,0.5333333333333333,1.0,0.6666666666666666,6,9
1316,0.9655172413793104,0.873209549071618,0.3626373626373626,0.6813186813186813,1.0,0.9333333333333333,14,15
1317,0.5106382978723404,0.4270793036750483,-0.09090909090909091,0.45454545454545453,0.34285714285714286,1.0,35,12
1318,0.8108108108108109,0.7111969111969112,0.18095238095238095,0.5904761904761905,0.6818181818181818,1.0,22,15
1319,0.8181818181818181,0.7568181818181817,0.5,0.75,0.6923076923076923,1.0,13,9
1320,0.6511627906976745,0.5824686940966011,0.2967032967032967,0.6483516483516484,0.4827586206896552,1.0,29,14
1321,0.8275862068965517,0.7297805642633229,0.21212121212121213,0.6060606060606061,0.7058823529411765,1.0,17,12
1322,0.8275862068965517,0.7335423197492162,0.24242424242424243,0.6212121212121212,0.7058823529411765,1.0,17,12
1323,0.5652173913043478,0.48695652173913034,0.07692307692307693,0.5384615384615384,0.3939393939393939,1.0,33,13
1324,0.7777777777777778,0.6982905982905983,0.31868131868131866,0.6593406593406593,0.6363636363636364,1.0,22,14
1325,0.17567567567567569,0.15608108108108107,0.2564102564102564,0.6282051282051282,0.0962962962962963,1.0,135,13
1327,0.6666666666666666,0.6133333333333333,0.4666666666666667,0.7333333333333334,1.0,0.5,6,12
1328,0.43636363636363634,0.36099173553719,-0.15151515151515152,0.42424242424242425,0.27906976744186046,1.0,43,12
1329,0.41269841269841273,0.3396825396825397,-0.1794871794871795,0.41025641025641024,0.26,1.0,50,13
1330,0.7058823529411764,0.5967914438502673,-0.030303030303030304,0.48484848484848486,0.5454545454545454,1.0,22,12
1331,0.9565217391304348,0.8834782608695652,0.4909090909090909,0.7454545454545455,0.9166666666666666,1.0,12,11
1333,0.8571428571428571,0.6857142857142856,-0.3333333333333333,0.33333333333333337,1.0,0.75,9,12
1334,0.923076923076923,0.8475524475524474,0.45454545454545453,0.7272727272727273,0.8571428571428571,1.0,14,12
1335,0.7027027027027027,0.5972972972972973,0.0,0.5,0.5416666666666666,1.0,24,13
1336,0.3116883116883117,0.269185360094451,0.09090909090909091,0.5454545454545454,0.18461538461538463,1.0,65,12
1337,0.56,0.464,-0.14285714285714285,0.4285714285714286,0.3888888888888889,1.0,18,7
1338,0.4878048780487805,0.4455284552845528,0.4222222222222222,0.7111111111111111,0.3225806451612903,1.0,31,10
1339,0.8333333333333333,0.7238095238095237,0.12380952380952381,0.5619047619047619,0.7142857142857143,1.0,21,15
1341,0.6274509803921569,0.5443137254901961,0.11666666666666667,0.5583333333333333,0.45714285714285713,1.0,35,16
1343,0.9090909090909091,0.8606060606060605,0.6444444444444445,0.8222222222222222,1.0,0.8333333333333334,10,12
1344,0.6363636363636364,0.5727272727272726,0.3333333333333333,0.6666666666666666,0.4666666666666667,1.0,15,7
1345,0.8,0.74,0.5,0.75,1.0,0.6666666666666666,8,12
1346,0.9166666666666666,0.8166666666666667,0.2727272727272727,0.6363636363636364,0.8461538461538461,1.0,13,11
1347,0.967741935483871,0.8488479262672811,0.18095238095238095,0.5904761904761905,0.9375,1.0,16,15
1348,1.0,0.8863636363636364,0.24242424242424243,0.6212121212121212,1.0,1.0,12,12
1349,0.8387096774193548,0.7258064516129031,0.10256410256410256,0.5512820512820513,0.7222222222222222,1.0,18,13
1350,0.8275862068965517,0.7485893416927899,0.36363636363636365,0.6818181818181819,0.7058823529411765,1.0,17,12
1351,0.19672131147540983,0.1663189269746647,-0.030303030303030304,0.48484848484848486,0.10909090909090909,1.0,110,12
1352,0.4,0.33274725274725275,-0.12087912087912088,0.43956043956043955,0.25,1.0,56,14
1353,1.0,0.8648351648351648,0.0989010989010989,0.5494505494505495,1.0,1.0,14,14
1354,0.9565217391304348,0.8156521739130435,0.01818181818181818,0.509090909090909,1.0,0.9166666666666666,11,12
1355,0.9032258064516129,0.7543424317617865,-0.0989010989010989,0.45054945054945056,0.8235294117647058,1.0,17,14
1356,0.7222222222222222,0.5944444444444444,-0.1794871794871795,0.41025641025641024,0.5652173913043478,1.0,23,13
1357,0.52,0.424,-0.23076923076923078,0.3846153846153846,0.35135135135135137,1.0,37,13
1359,0.16806722689075632,0.14565826330532214,0.1111111111111111,0.5555555555555556,0.09174311926605505,1.0,109,10
1360,0.6,0.49999999999999994,-0.1111111111111111,0.4444444444444444,0.42857142857142855,1.0,21,9
1361,1.0,0.8999999999999999,0.3333333333333333,0.6666666666666666,1.0,1.0,12,12
1362,0.5333333333333333,0.4387878787878787,-0.18181818181818182,0.40909090909090906,0.36363636363636365,1.0,33,12
1363,0.6666666666666666,0.5615384615384614,-0.05128205128205128,0.47435897435897434,0.5,1.0,26,13
1364,0.65,0.5675,0.15384615384615385,0.5769230769230769,0.48148148148148145,1.0,27,13
1365,0.9411764705882353,0.8504201680672268,0.35714285714285715,0.6785714285714286,0.8888888888888888,1.0,9,8
1366,0.9090909090909091,0.7636363636363636,-0.06666666666666667,0.4666666666666667,1.0,0.8333333333333334,10,12
1367,0.41269841269841273,0.3746031746031746,0.38461538461538464,0.6923076923076923,0.26,1.0,50,13
1368,0.7499999999999999,0.6749999999999998,0.3333333333333333,0.6666666666666666,0.6,1.0,20,12
1369,0.18918918918918917,0.16798336798336796,0.25274725274725274,0.6263736263736264,0.1044776119402985,1.0,134,14
1371,0.8,0.6363636363636364,-0.36363636363636365,0.3181818181818182,0.6666666666666666,1.0,18,12
1372,0.8,0.7018181818181818,0.18181818181818182,0.5909090909090909,0.6666666666666666,1.0,18,12
1373,0.5,0.4208333333333333,-0.05555555555555555,0.4722222222222222,0.3333333333333333,1.0,27,9
1374,0.9600000000000001,0.8683636363636364,0.36363636363636365,0.6818181818181819,0.9230769230769231,1.0,13,12
1375,0.8148148148148148,0.7525925925925925,0.4909090909090909,0.7454545454545455,0.6875,1.0,16,11
1376,0.7368421052631579,0.6275303643724696,0.01098901098901099,0.5054945054945055,0.5833333333333334,1.0,24,14
1377,0.7499999999999999,0.6899999999999998,0.4666666666666667,0.7333333333333334,1.0,0.6,6,10
1378,0.9600000000000001,0.850909090909091,0.24242424242424243,0.6212121212121212,0.9230769230769231,1.0,13,12
1379,0.5384615384615384,0.49999999999999994,0.5238095238095238,0.7619047619047619,0.3684210526315789,1.0,19,7
1380,0.34285714285714286,0.3054545454545454,0.2727272727272727,0.6363636363636364,0.20689655172413793,1.0,58,12
1381,0.9600000000000001,0.8421818181818181,0.18181818181818182,0.5909090909090909,1.0,0.9230769230769231,12,13
1382,0.923076923076923,0.751048951048951,-0.24242424242424243,0.3787878787878788,0.8571428571428571,1.0,14,12
1383,0.5106382978723404,0.4386847195357833,0.06060606060606061,0.5303030303030303,0.34285714285714286,1.0,35,12
1384,0.8181818181818181,0.7295454545454545,0.2777777777777778,0.6388888888888888,0.6923076923076923,1.0,13,9
1385,1.0,0.9073529411764705,0.38235294117647056,0.6911764705882353,1.0,1.0,17,17
1386,0.22784810126582278,0.19746835443037972,0.1111111111111111,0.5555555555555556,0.12857142857142856,1.0,70,9
1387,0.8387096774193548,0.7516129032258063,0.3076923076923077,0.6538461538461539,0.7222222222222222,1.0,18,13
1388,0.7741935483870968,0.6651026392961876,0.06060606060606061,0.5303030303030303,0.631578947368421,1.0,19,12
1389,0.7647058823529412,0.6676470588235294,0.15384615384615385,0.5769230769230769,0.6190476190476191,1.0,21,13
1390,0.8484848484848484,0.7282051282051281,0.054945054945054944,0.5274725274725275,0.7368421052631579,1.0,19,14
1392,0.5909090909090909,0.5499999999999999,0.5384615384615384,0.7692307692307692,0.41935483870967744,1.0,31,13
1393,0.375,0.3221590909090909,0.06060606060606061,0.5303030303030303,0.23076923076923078,1.0,52,12
1394,0.846153846153846,0.7676923076923076,0.38181818181818183,0.6909090909090909,0.7333333333333333,1.0,15,11
1395,0.7499999999999999,0.6749999999999998,0.3333333333333333,0.6666666666666666,0.6,1.0,20,12
1397,0.6046511627906976,0.5534883720930232,0.4358974358974359,0.717948717948718,0.43333333333333335,1.0,30,13
1398,0.761904761904762,0.6149659863945578,-0.2857142857142857,0.35714285714285715,1.0,0.6153846153846154,8,13
1400,0.5217391304347826,0.4434782608695652,0.0,0.5,0.35294117647058826,1.0,34,12
1401,0.6470588235294118,0.5658823529411765,0.16363636363636364,0.5818181818181818,0.4782608695652174,1.0,23,11
1402,0.6222222222222222,0.5524786324786325,0.25274725274725274,0.6263736263736264,0.45161290322580644,1.0,31,14
1403,0.24778761061946902,0.20122532334921714,-0.25274725274725274,0.37362637362637363,0.1414141414141414,1.0,99,14
1404,0.7058823529411764,0.616042780748663,0.15151515151515152,0.5757575757575758,0.5454545454545454,1.0,22,12
1405,0.8,0.7103296703296703,0.25274725274725274,0.6263736263736264,0.6666666666666666,1.0,21,14
1406,0.8695652173913044,0.7594202898550725,0.15555555555555556,0.5777777777777777,1.0,0.7692307692307693,10,13
1407,0.7567567567567568,0.666943866943867,0.2087912087912088,0.6043956043956044,0.6086956521739131,1.0,23,14
1408,0.8695652173913044,0.7130434782608696,-0.2,0.4,1.0,0.7692307692307693,10,13
1409,0.7368421052631579,0.6421052631578946,0.14285714285714285,0.5714285714285714,1.0,0.5833333333333334,7,12
1410,0.7142857142857143,0.6285714285714286,0.2,0.6,0.5555555555555556,1.0,18,10
1411,0.46428571428571425,0.4160714285714285,0.3076923076923077,0.6538461538461539,0.3023255813953488,1.0,43,13
1412,0.7272727272727273,0.631404958677686,0.12121212121212122,0.5606060606060606,0.5714285714285714,1.0,21,12
1413,0.923076923076923,0.8097902097902097,0.18181818181818182,0.5909090909090909,0.8571428571428571,1.0,14,12
1414,0.4799999999999999,0.4101818181818181,0.030303030303030304,0.5151515151515151,0.3157894736842105,1.0,38,12
1415,1.0,0.8576923076923076,0.05128205128205128,0.5256410256410257,1.0,1.0,13,13
1416,0.9714285714285714,0.8085714285714285,-0.11764705882352941,0.4411764705882353,0.9444444444444444,1.0,18,17
1417,0.888888888888889,0.7577777777777778,0.016666666666666666,0.5083333333333333,0.8,1.0,20,16
1418,0.52,0.432,-0.1282051282051282,0.4358974358974359,0.35135135135135137,1.0,37,13
1419,0.4799999999999999,0.4232727272727272,0.21212121212121213,0.6060606060606061,0.3157894736842105,1.0,38,12
1420,0.8666666666666666,0.7366666666666666,0.0,0.5,0.7647058823529411,1.0,17,13
1421,0.6341463414634146,0.5780487804878048,0.41025641025641024,0.7051282051282051,0.4642857142857143,1.0,28,13
1422,0.13903743315508024,0.12406417112299467,0.28205128205128205,0.641025641025641,0.07471264367816093,1.0,174,13
1423,0.5853658536585366,0.5028824833702882,0.06060606060606061,0.5303030303030303,0.41379310344827586,1.0,29,12
1425,0.40909090909090906,0.3852272727272727,0.6111111111111112,0.8055555555555556,0.2571428571428571,1.0,35,9
1426,0.7058823529411764,0.6032085561497326,0.030303030303030304,0.5151515151515151,0.5454545454545454,1.0,22,12
1427,0.9600000000000001,0.9250909090909092,0.7575757575757576,0.8787878787878788,0.9230769230769231,1.0,13,12
1428,0.24742268041237114,0.21930646672914714,0.24242424242424243,0.6212121212121212,0.1411764705882353,1.0,85,12
1429,0.7741935483870968,0.6862170087976539,0.24242424242424243,0.6212121212121212,0.631578947368421,1.0,19,12
1430,0.8125000000000001,0.68125,-0.07692307692307693,0.46153846153846156,0.6842105263157895,1.0,19,13
1431,0.9655172413793104,0.8986737400530503,0.5384615384615384,0.7692307692307692,1.0,0.9333333333333333,14,15
1432,0.7741935483870968,0.6932551319648094,0.30303030303030304,0.6515151515151515,0.631578947368421,1.0,19,12
1433,0.7692307692307693,0.6615384615384615,0.06666666666666667,0.5333333333333333,0.625,1.0,16,10
1434,0.23076923076923078,0.20241758241758243,0.18095238095238095,0.5904761904761905,0.13043478260869565,1.0,115,15
1435,0.8666666666666666,0.7633333333333332,0.20512820512820512,0.6025641025641025,0.7647058823529411,1.0,17,13
1436,0.5641025641025641,0.4656410256410256,-0.16363636363636364,0.4181818181818182,0.39285714285714285,1.0,28,11
1437,0.36923076923076925,0.3255944055944056,0.21212121212121213,0.6060606060606061,0.22641509433962265,1.0,53,12
1438,0.8387096774193548,0.6935483870967741,-0.15384615384615385,0.4230769230769231,0.7222222222222222,1.0,18,13
1439,0.6,0.5209090909090909,0.12121212121212122,0.5606060606060606,0.42857142857142855,1.0,28,12
1440,0.8275862068965517,0.722257053291536,0.15151515151515152,0.5757575757575758,0.7058823529411765,1.0,17,12
1441,0.5581395348837209,0.507399577167019,0.3939393939393939,0.696969696969697,0.3870967741935484,1.0,31,12
1442,0.631578947368421,0.5540669856459329,0.18181818181818182,0.5909090909090909,0.46153846153846156,1.0,26,12
1443,0.8695652173913044,0.718840579710145,-0.15555555555555556,0.4222222222222222,0.7692307692307693,1.0,13,10
1444,0.9600000000000001,0.7854545454545454,-0.21212121212121213,0.3939393939393939,0.9230769230769231,1.0,13,12
1445,0.846153846153846,0.749230769230769,0.23636363636363636,0.6181818181818182,0.7333333333333333,1.0,15,11
1447,0.6666666666666666,0.5666666666666667,0.0,0.5,0.5,1.0,16,8
1448,0.8,0.7345454545454545,0.45454545454545453,0.7272727272727273,0.6666666666666666,1.0,18,12
1449,0.7586206896551725,0.6055172413793103,-0.34545454545454546,0.32727272727272727,0.6111111111111112,1.0,18,11
1450,0.2727272727272727,0.24389610389610386,0.29523809523809524,0.6476190476190476,0.15789473684210525,1.0,95,15
1451,0.3287671232876712,0.28094645080946445,0.030303030303030304,0.5151515151515151,0.19672131147540983,1.0,61,12
1452,0.52,0.46399999999999997,0.28205128205128205,0.641025641025641,0.35135135135135137,1.0,37,13
1453,0.7272727272727273,0.6571428571428571,0.35714285714285715,0.6785714285714286,1.0,0.5714285714285714,8,14
1454,0.8181818181818181,0.7363636363636362,0.3333333333333333,0.6666666666666666,1.0,0.6923076923076923,9,13
1455,0.5714285714285715,0.4805194805194805,-0.06060606060606061,0.4696969696969697,0.4,1.0,30,12
1456,0.42857142857142855,0.3779220779220779,0.21212121212121213,0.6060606060606061,0.2727272727272727,1.0,44,12
1457,0.8750000000000001,0.7423076923076923,-0.01098901098901099,0.4945054945054945,0.7777777777777778,1.0,18,14
1458,0.7272727272727273,0.6082644628099173,-0.09090909090909091,0.45454545454545453,0.5714285714285714,1.0,21,12
1459,0.6842105263157895,0.6,0.1794871794871795,0.5897435897435898,0.52,1.0,25,13
1460,0.8571428571428571,0.7714285714285714,0.3333333333333333,0.6666666666666666,0.75,1.0,16,12
1461,0.6666666666666666,0.5769230769230769,0.10256410256410256,0.5512820512820513,0.5,1.0,26,13
1463,0.20634920634920637,0.17936507936507937,0.1282051282051282,0.5641025641025641,0.11504424778761062,1.0,113,13
1465,0.923076923076923,0.7972027972027971,0.09090909090909091,0.5454545454545454,0.8571428571428571,1.0,14,12
1466,0.888888888888889,0.7757575757575758,0.15151515151515152,0.5757575757575758,0.8,1.0,15,12
1467,1.0,0.8912087912087912,0.27472527472527475,0.6373626373626373,1.0,1.0,14,14
1468,0.3870967741935484,0.3483870967741935,0.3333333333333333,0.6666666666666666,0.24,1.0,50,12
1469,0.8333333333333333,0.7055555555555555,-0.022222222222222223,0.4888888888888889,1.0,0.7142857142857143,10,14
1470,0.32,0.2763636363636363,0.09090909090909091,0.5454545454545454,0.19047619047619047,1.0,63,12
1471,0.8750000000000001,0.8028846153846154,0.45054945054945056,0.7252747252747253,0.7777777777777778,1.0,18,14
1472,0.3902439024390244,0.32195121951219513,-0.16666666666666666,0.4166666666666667,0.24242424242424243,1.0,66,16
1473,0.88,0.7888,0.3090909090909091,0.6545454545454545,1.0,0.7857142857142857,11,14
1474,0.17142857142857143,0.15896103896103897,0.5151515151515151,0.7575757575757576,0.09375,1.0,128,12
1475,0.6486486486486487,0.5484029484029485,-0.030303030303030304,0.48484848484848486,0.48,1.0,25,12
1476,0.4615384615384615,0.40909090909090906,0.24242424242424243,0.6212121212121212,0.3,1.0,40,12
1477,0.8571428571428571,0.7642857142857142,0.2777777777777778,0.6388888888888888,1.0,0.75,9,12
1478,0.896551724137931,0.7689655172413793,0.05128205128205128,0.5256410256410257,0.8125,1.0,16,13
1481,0.6153846153846153,0.5258741258741257,0.030303030303030304,0.5151515151515151,0.4444444444444444,1.0,27,12
1482,0.23333333333333334,0.1941025641025641,-0.12087912087912088,0.43956043956043955,0.1320754716981132,1.0,106,14
1483,0.8571428571428571,0.7753246753246753,0.36363636363636365,0.6818181818181819,0.75,1.0,16,12
1484,0.43750000000000006,0.3552884615384616,-0.25274725274725274,0.37362637362637363,0.28,1.0,50,14
1485,0.9090909090909091,0.8242424242424242,0.37777777777777777,0.6888888888888889,1.0,0.8333333333333334,10,12
1486,0.8,0.6836363636363636,0.030303030303030304,0.5151515151515151,0.6666666666666666,1.0,18,12
1487,0.896551724137931,0.8068965517241379,0.3333333333333333,0.6666666666666666,0.8125,1.0,16,13
1488,0.6666666666666666,0.5765567765567765,0.0989010989010989,0.5494505494505495,0.5,1.0,28,14
1489,0.5714285714285715,0.4685714285714286,-0.2,0.4,0.4,1.0,15,6
1490,0.5853658536585366,0.5082039911308204,0.12121212121212122,0.5606060606060606,0.41379310344827586,1.0,29,12
1491,0.8,0.6417582417582417,-0.31868131868131866,0.34065934065934067,0.6666666666666666,1.0,21,14
1493,0.6666666666666666,0.5333333333333332,-0.3333333333333333,0.33333333333333337,1.0,0.5,6,12
1494,0.7058823529411764,0.6673796791443849,0.6363636363636364,0.8181818181818181,0.5454545454545454,1.0,22,12
1495,0.7142857142857143,0.6142857142857143,0.06666666666666667,0.5333333333333333,0.5555555555555556,1.0,27,15
1497,0.896551724137931,0.7655172413793103,0.02564102564102564,0.5128205128205128,0.8125,1.0,16,13
1498,0.717948717948718,0.6019723865877712,-0.07692307692307693,0.46153846153846156,0.56,1.0,25,14
1499,0.8,0.7261538461538461,0.38461538461538464,0.6923076923076923,0.6666666666666666,1.0,21,14
1500,0.9032258064516129,0.7722084367245657,0.03296703296703297,0.5164835164835165,0.8235294117647058,1.0,17,14
1501,0.7027027027027027,0.5972972972972973,0.0,0.5,0.5416666666666666,1.0,24,13
1503,0.896551724137931,0.7793103448275861,0.1282051282051282,0.5641025641025641,0.8125,1.0,16,13
1504,0.52,0.44999999999999996,0.10256410256410256,0.5512820512820513,0.35135135135135137,1.0,37,13
1505,1.0,0.8961538461538461,0.3076923076923077,0.6538461538461539,1.0,1.0,13,13
1506,1.0,0.9181818181818181,0.45454545454545453,0.7272727272727273,1.0,1.0,12,12
1507,0.35294117647058826,0.3256684491978609,0.48484848484848486,0.7424242424242424,0.21428571428571427,1.0,56,12
1508,0.17777777777777776,0.1535353535353535,0.09090909090909091,0.5454545454545454,0.0975609756097561,1.0,123,12
1509,0.6666666666666666,0.5333333333333332,-0.3333333333333333,0.33333333333333337,1.0,0.5,7,14
1510,0.8571428571428571,0.8064935064935064,0.6060606060606061,0.803030303030303,1.0,0.75,12,16
1511,0.923076923076923,0.8097902097902097,0.18181818181818182,0.5909090909090909,1.0,0.8571428571428571,12,14
1512,1.0,0.8136363636363636,-0.24242424242424243,0.3787878787878788,1.0,1.0,12,12
1515,0.29629629629629634,0.26127946127946133,0.21212121212121213,0.6060606060606061,0.17391304347826086,1.0,69,12
1516,0.23076923076923078,0.20703296703296703,0.3142857142857143,0.6571428571428571,0.13043478260869565,1.0,115,15
1517,0.4878048780487805,0.45528455284552843,0.5555555555555556,0.7777777777777778,0.3225806451612903,1.0,31,10
1519,0.34210526315789475,0.29210526315789476,0.02564102564102564,0.5128205128205128,0.20634920634920634,1.0,63,13
1521,0.923076923076923,0.8097902097902097,0.18181818181818182,0.5909090909090909,0.8571428571428571,1.0,14,12
1522,0.8695652173913044,0.7768115942028986,0.28888888888888886,0.6444444444444444,0.7692307692307693,1.0,13,10
1523,0.6666666666666666,0.5818181818181818,0.15151515151515152,0.5757575757575758,0.5,1.0,24,12
1524,0.962962962962963,0.8666666666666666,0.3333333333333333,0.6666666666666666,0.9285714285714286,1.0,14,13
1525,0.7741935483870968,0.7038123167155425,0.3939393939393939,0.696969696969697,0.631578947368421,1.0,19,12
1526,0.8571428571428571,0.8064935064935064,0.6060606060606061,0.803030303030303,0.75,1.0,16,12
1527,0.9565217391304348,0.768695652173913,-0.3090909090909091,0.34545454545454546,1.0,0.9166666666666666,11,12
1528,0.9285714285714286,0.7785714285714285,-0.07692307692307693,0.46153846153846156,0.8666666666666667,1.0,15,13
1530,0.8,0.6654945054945055,-0.12087912087912088,0.43956043956043955,0.6666666666666666,1.0,21,14
1531,0.9655172413793104,0.806366047745358,-0.0989010989010989,0.45054945054945056,0.9333333333333333,1.0,15,14
1532,0.6363636363636364,0.5356643356643356,-0.054945054945054944,0.4725274725274725,0.4666666666666667,1.0,30,14
1533,0.6511627906976745,0.5695885509838998,0.16483516483516483,0.5824175824175825,0.4827586206896552,1.0,29,14
1534,0.9523809523809523,0.9015873015873014,0.6444444444444445,0.8222222222222222,1.0,0.9090909090909091,10,11
1536,0.7499999999999999,0.6545454545454544,0.15151515151515152,0.5757575757575758,0.6,1.0,20,12
1537,0.888888888888889,0.7676767676767676,0.09090909090909091,0.5454545454545454,0.8,1.0,15,12
1538,0.9032258064516129,0.8049627791563275,0.27472527472527475,0.6373626373626373,0.8235294117647058,1.0,17,14
1539,0.34210526315789475,0.29605263157894735,0.10256410256410256,0.5512820512820513,0.20634920634920634,1.0,63,13
1540,1.0,0.8727272727272727,0.15151515151515152,0.5757575757575758,1.0,1.0,12,12
1542,0.5789473684210525,0.503157894736842,0.12727272727272726,0.5636363636363636,0.4074074074074074,1.0,27,11
1543,0.888888888888889,0.7515151515151516,-0.030303030303030304,0.48484848484848486,0.8,1.0,15,12
1544,0.8275862068965517,0.7109717868338558,0.06060606060606061,0.5303030303030303,0.7058823529411765,1.0,17,12
1545,0.8,0.7228571428571429,0.35714285714285715,0.6785714285714286,1.0,0.6666666666666666,8,12
1546,0.36923076923076925,0.3239160839160839,0.18181818181818182,0.5909090909090909,0.22641509433962265,1.0,53,12
1547,1.0,0.9090909090909091,0.3939393939393939,0.696969696969697,1.0,1.0,12,12
1548,0.888888888888889,0.795959595959596,0.30303030303030304,0.6515151515151515,0.8,1.0,15,12
1549,0.24489795918367346,0.2059369202226345,-0.06060606060606061,0.4696969696969697,0.13953488372093023,1.0,86,12
1550,0.962962962962963,0.8555555555555555,0.2564102564102564,0.6282051282051282,0.9285714285714286,1.0,14,13
1551,0.65,0.5525,0.0,0.5,0.48148148148148145,1.0,27,13
1552,0.846153846153846,0.7353846153846152,0.12727272727272726,0.5636363636363636,0.7333333333333333,1.0,15,11
1553,0.5555555555555556,0.5055555555555555,0.4,0.7,1.0,0.38461538461538464,5,13
1554,0.19999999999999998,0.17066666666666663,0.022222222222222223,0.5111111111111111,0.1111111111111111,1.0,90,10
1556,0.6666666666666666,0.5939393939393939,0.2727272727272727,0.6363636363636364,0.5,1.0,24,12
1557,0.9166666666666666,0.8216666666666665,0.3090909090909091,0.6545454545454545,0.8461538461538461,1.0,13,11
1559,0.5714285714285715,0.49870129870129876,0.15151515151515152,0.5757575757575758,0.4,1.0,30,12
1560,0.8750000000000001,0.7105769230769232,-0.25274725274725274,0.37362637362637363,0.7777777777777778,1.0,18,14
1561,0.33333333333333337,0.295970695970696,0.25274725274725274,0.6263736263736264,0.2,1.0,70,14
1562,0.5217391304347826,0.45296442687747035,0.12121212121212122,0.5606060606060606,0.35294117647058826,1.0,34,12
1563,0.6666666666666666,0.6256410256410256,0.5897435897435898,0.7948717948717949,0.5,1.0,26,13
1564,0.42857142857142855,0.3564935064935065,-0.12121212121212122,0.4393939393939394,0.2727272727272727,1.0,44,12
1565,0.7499999999999999,0.6624999999999999,0.2222222222222222,0.6111111111111112,1.0,0.6,9,15
1568,1.0,0.9045454545454545,0.36363636363636365,0.6818181818181819,1.0,1.0,12,12
1569,0.8235294117647058,0.7040723981900452,0.03296703296703297,0.5164835164835165,0.7,1.0,20,14
1570,0.888888888888889,0.8080808080808081,0.3939393939393939,0.696969696969697,0.8,1.0,15,12
1571,0.8181818181818181,0.7295454545454545,0.2777777777777778,0.6388888888888888,1.0,0.6923076923076923,9,13
1572,0.3582089552238806,0.3337856173677069,0.5454545454545454,0.7727272727272727,0.21818181818181817,1.0,55,12
1573,0.6511627906976745,0.5588550983899822,0.054945054945054944,0.5274725274725275,0.4827586206896552,1.0,29,14
1574,0.7428571428571429,0.5942857142857143,-0.3333333333333333,0.33333333333333337,0.5909090909090909,1.0,22,13
1575,0.23076923076923078,0.19615384615384615,0.0,0.5,0.13043478260869565,1.0,92,12
1576,0.9565217391304348,0.857391304347826,0.3090909090909091,0.6545454545454545,1.0,0.9166666666666666,11,12
1577,0.5333333333333333,0.49939393939393933,0.5757575757575758,0.7878787878787878,0.36363636363636365,1.0,33,12
1578,0.19858156028368792,0.1769776322967812,0.27472527472527475,0.6373626373626373,0.11023622047244094,1.0,127,14
1579,0.20689655172413793,0.17774294670846394,0.06060606060606061,0.5303030303030303,0.11538461538461539,1.0,104,12
1580,0.782608695652174,0.717391304347826,0.4444444444444444,0.7222222222222222,1.0,0.6428571428571429,9,14
1581,0.9411764705882353,0.8504201680672268,0.35714285714285715,0.6785714285714286,0.8888888888888888,1.0,9,8
1582,0.8571428571428571,0.7999999999999999,0.5555555555555556,0.7777777777777778,1.0,0.75,9,12
1583,0.1726618705035971,0.14205362982341396,-0.18181818181818182,0.40909090909090906,0.09448818897637795,1.0,127,12
1584,0.8,0.74,0.5,0.75,1.0,0.6666666666666666,8,12
1585,0.7222222222222222,0.6333333333333333,0.1794871794871795,0.5897435897435898,0.5652173913043478,1.0,23,13
1586,0.7368421052631579,0.5894736842105263,-0.3333333333333333,0.33333333333333337,1.0,0.5833333333333334,7,12
1587,0.7428571428571429,0.677142857142857,0.41025641025641024,0.7051282051282051,0.5909090909090909,1.0,22,13
1588,0.8125000000000001,0.74375,0.4358974358974359,0.717948717948718,0.6842105263157895,1.0,19,13
1589,0.8571428571428571,0.748051948051948,0.15151515151515152,0.5757575757575758,0.75,1.0,16,12
1591,0.2786885245901639,0.23995901639344258,0.07352941176470588,0.5367647058823529,0.1619047619047619,1.0,105,17
1592,1.0,0.8954545454545454,0.30303030303030304,0.6515151515151515,1.0,1.0,12,12
1593,0.7567567567567568,0.6594594594594594,0.14285714285714285,0.5714285714285714,0.6086956521739131,1.0,23,14
1594,0.4615384615384615,0.3902097902097902,-0.030303030303030304,0.48484848484848486,0.3,1.0,40,12
1595,0.7058823529411764,0.641711229946524,0.3939393939393939,0.696969696969697,0.5454545454545454,1.0,22,12
1596,0.9166666666666666,0.7716666666666666,-0.05454545454545454,0.4727272727272727,1.0,0.8461538461538461,11,13
1597,0.5853658536585366,0.4576496674057649,-0.45454545454545453,0.2727272727272727,0.41379310344827586,1.0,29,12
1599,0.717948717948718,0.5996055226824457,-0.0989010989010989,0.45054945054945056,0.56,1.0,25,14
1603,0.6399999999999999,0.5645714285714285,0.21428571428571427,0.6071428571428571,0.47058823529411764,1.0,17,8
1604,0.6666666666666666,0.6121212121212121,0.45454545454545453,0.7272727272727273,0.5,1.0,24,12
1606,1.0,0.8772727272727272,0.18181818181818182,0.5909090909090909,1.0,1.0,12,12
1607,0.923076923076923,0.8223776223776222,0.2727272727272727,0.6363636363636364,1.0,0.8571428571428571,12,14
1608,0.9166666666666666,0.7866666666666666,0.05454545454545454,0.5272727272727272,1.0,0.8461538461538461,11,13
1609,0.8571428571428571,0.748051948051948,0.15151515151515152,0.5757575757575758,0.75,1.0,16,12
1610,0.7499999999999999,0.634090909090909,-0.030303030303030304,0.48484848484848486,0.6,1.0,20,12
1611,0.962962962962963,0.874074074074074,0.38461538461538464,0.6923076923076923,1.0,0.9285714285714286,13,14
1612,0.25263157894736843,0.19980861244019138,-0.3939393939393939,0.30303030303030304,0.14457831325301204,1.0,83,12
1613,0.4210526315789474,0.3464114832535885,-0.18181818181818182,0.40909090909090906,0.26666666666666666,1.0,45,12
1614,0.8571428571428571,0.7571428571428571,0.2222222222222222,0.6111111111111112,1.0,0.75,9,12
1615,0.8666666666666666,0.7266666666666666,-0.07692307692307693,0.46153846153846156,0.7647058823529411,1.0,17,13
1616,0.6666666666666666,0.564102564102564,-0.02564102564102564,0.48717948717948717,0.5,1.0,26,13
1617,0.6153846153846153,0.5426573426573426,0.21212121212121213,0.6060606060606061,0.4444444444444444,1.0,27,12
1618,1.0,0.8863636363636364,0.24242424242424243,0.6212121212121212,1.0,1.0,12,12
1619,0.8275862068965517,0.650783699059561,-0.42424242424242425,0.28787878787878785,0.7058823529411765,1.0,17,12
1620,0.888888888888889,0.8363636363636363,0.6060606060606061,0.803030303030303,0.8,1.0,15,12
1621,0.8,0.7090909090909091,0.24242424242424243,0.6212121212121212,0.6666666666666666,1.0,18,12
1622,0.5333333333333333,0.4436363636363636,-0.12121212121212122,0.4393939393939394,0.36363636363636365,1.0,33,12
1623,0.787878787878788,0.6636363636363636,-0.05128205128205128,0.47435897435897434,0.65,1.0,20,13
1624,0.8571428571428571,0.8142857142857142,0.6666666666666666,0.8333333333333333,1.0,0.75,9,12
1625,0.6666666666666666,0.5606060606060606,-0.06060606060606061,0.4696969696969697,0.5,1.0,24,12
1626,0.15384615384615385,0.13916083916083916,0.36363636363636365,0.6818181818181819,0.08333333333333333,1.0,144,12
1627,0.9600000000000001,0.850909090909091,0.24242424242424243,0.6212121212121212,0.9230769230769231,1.0,13,12
1628,0.8484848484848484,0.7617715617715616,0.31868131868131866,0.6593406593406593,0.7368421052631579,1.0,19,14
1629,0.65,0.5725,0.20512820512820512,0.6025641025641025,0.48148148148148145,1.0,27,13
1630,0.8,0.6986666666666667,0.15555555555555556,0.5777777777777777,0.6666666666666666,1.0,15,10
1632,0.9166666666666666,0.8016666666666666,0.16363636363636364,0.5818181818181818,1.0,0.8461538461538461,11,13
1633,0.5416666666666666,0.46874999999999994,0.10256410256410256,0.5512820512820513,0.37142857142857144,1.0,35,13
1634,0.7272727272727273,0.6214876033057851,0.030303030303030304,0.5151515151515151,0.5714285714285714,1.0,21,12
1635,0.923076923076923,0.8391608391608391,0.3939393939393939,0.696969696969697,1.0,0.8571428571428571,12,14
1636,0.4782608695652174,0.4234782608695652,0.23636363636363636,0.6181818181818182,0.3142857142857143,1.0,35,11
1637,0.7272727272727273,0.6545454545454545,0.3333333333333333,0.6666666666666666,0.5714285714285714,1.0,21,12
1638,0.896551724137931,0.8068965517241379,0.3333333333333333,0.6666666666666666,0.8125,1.0,16,13
1639,0.8666666666666666,0.7466666666666666,0.07692307692307693,0.5384615384615384,0.7647058823529411,1.0,17,13
1640,0.27956989247311825,0.24838709677419352,0.2564102564102564,0.6282051282051282,0.1625,1.0,80,13
1641,0.4050632911392405,0.3574683544303797,0.21666666666666667,0.6083333333333334,0.25396825396825395,1.0,63,16
1642,0.9090909090909091,0.8060606060606059,0.24444444444444444,0.6222222222222222,1.0,0.8333333333333334,10,12
1644,0.33802816901408456,0.2919334186939821,0.09090909090909091,0.5454545454545454,0.2033898305084746,1.0,59,12
1645,0.9600000000000001,0.8683636363636364,0.36363636363636365,0.6818181818181819,0.9230769230769231,1.0,13,12
1646,1.0,0.9045454545454545,0.36363636363636365,0.6818181818181819,1.0,1.0,12,12
1647,0.923076923076923,0.7930069930069928,0.06060606060606061,0.5303030303030303,0.8571428571428571,1.0,14,12
1648,0.8666666666666666,0.7799999999999998,0.3333333333333333,0.6666666666666666,0.7647058823529411,1.0,17,13
1649,0.19999999999999998,0.17230769230769227,0.07692307692307693,0.5384615384615384,0.1111111111111111,1.0,117,13
1650,0.8571428571428571,0.7402597402597402,0.09090909090909091,0.5454545454545454,0.75,1.0,16,12
1651,0.9523809523809523,0.7936507936507935,-0.1111111111111111,0.4444444444444444,0.9090909090909091,1.0,11,10
1652,0.5263157894736842,0.4701754385964912,0.28888888888888886,0.6444444444444444,0.35714285714285715,1.0,28,10
1653,0.7499999999999999,0.6647727272727272,0.24242424242424243,0.6212121212121212,0.6,1.0,20,12
1654,0.4,0.33454545454545453,-0.09090909090909091,0.45454545454545453,0.25,1.0,48,12
1655,0.9565217391304348,0.8208695652173913,0.05454545454545454,0.5272727272727272,0.9166666666666666,1.0,12,11
1656,0.7027027027027027,0.6216216216216216,0.23076923076923078,0.6153846153846154,0.5416666666666666,1.0,24,13
1657,0.23300970873786409,0.2118270079435128,0.3939393939393939,0.696969696969697,0.13186813186813187,1.0,91,12
1658,0.20512820512820512,0.16876456876456875,-0.18181818181818182,0.40909090909090906,0.11428571428571428,1.0,105,12
1662,0.7027027027027027,0.6162162162162163,0.1794871794871795,0.5897435897435898,0.5416666666666666,1.0,24,13
1663,0.7428571428571429,0.6657142857142857,0.3076923076923077,0.6538461538461539,0.5909090909090909,1.0,22,13
1664,0.8571428571428571,0.7642857142857142,0.2777777777777778,0.6388888888888888,1.0,0.75,9,12
1665,0.8387096774193548,0.7709677419354838,0.46153846153846156,0.7307692307692308,0.7222222222222222,1.0,18,13
1666,0.2696629213483146,0.23656792645556687,0.18181818181818182,0.5909090909090909,0.15584415584415584,1.0,77,12
1667,0.8181818181818181,0.7159090909090908,0.16666666666666666,0.5833333333333334,1.0,0.6923076923076923,9,13
1668,0.5714285714285715,0.47792207792207797,-0.09090909090909091,0.45454545454545453,0.4,1.0,30,12
1670,0.0916030534351145,0.08793893129770992,0.7333333333333333,0.8666666666666667,0.048,1.0,125,6
1671,1.0,0.8454545454545455,-0.030303030303030304,0.48484848484848486,1.0,1.0,12,12
1673,0.962962962962963,0.7851851851851852,-0.23076923076923078,0.3846153846153846,0.9285714285714286,1.0,14,13
1674,0.6666666666666666,0.538095238095238,-0.2857142857142857,0.35714285714285715,0.5,1.0,16,8
1675,0.8125000000000001,0.696875,0.05128205128205128,0.5256410256410257,0.6842105263157895,1.0,19,13
1676,0.17777777777777776,0.14787878787878786,-0.12121212121212122,0.4393939393939394,0.0975609756097561,1.0,123,12
1677,0.6842105263157895,0.6131578947368421,0.3076923076923077,0.6538461538461539,0.52,1.0,25,13
1679,0.34285714285714286,0.28675324675324676,-0.09090909090909091,0.45454545454545453,0.20689655172413793,1.0,58,12
1680,0.9655172413793104,0.9273209549071618,0.7362637362637363,0.8681318681318682,0.9333333333333333,1.0,15,14
1681,0.782608695652174,0.6717391304347826,0.05555555555555555,0.5277777777777778,1.0,0.6428571428571429,9,14
1682,0.6341463414634146,0.5219512195121951,-0.1794871794871795,0.41025641025641024,0.4642857142857143,1.0,28,13
1683,0.7428571428571429,0.62,-0.10256410256410256,0.44871794871794873,0.5909090909090909,1.0,22,13
1684,0.8,0.7272727272727273,0.3939393939393939,0.696969696969697,0.6666666666666666,1.0,18,12
1685,0.7428571428571429,0.6685714285714285,0.3333333333333333,0.6666666666666666,0.5909090909090909,1.0,22,13
1686,0.32098765432098764,0.2703703703703703,-0.05128205128205128,0.47435897435897434,0.19117647058823528,1.0,68,13
1688,0.7692307692307693,0.654945054945055,0.009523809523809525,0.5047619047619047,0.625,1.0,24,15
1689,0.41379310344827586,0.36489028213166147,0.21212121212121213,0.6060606060606061,0.2608695652173913,1.0,46,12
1690,0.923076923076923,0.7888111888111887,0.030303030303030304,0.5151515151515151,0.8571428571428571,1.0,14,12
1691,0.631578947368421,0.5339712918660287,-0.030303030303030304,0.48484848484848486,0.46153846153846156,1.0,26,12
1692,0.8750000000000001,0.7423076923076923,-0.01098901098901099,0.4945054945054945,0.7777777777777778,1.0,18,14
1693,0.787878787878788,0.6727272727272727,0.02564102564102564,0.5128205128205128,0.65,1.0,20,13
1694,0.4615384615384615,0.39230769230769225,0.0,0.5,0.3,1.0,40,12
1696,0.3714285714285714,0.33571428571428563,0.358974358974359,0.6794871794871795,0.22807017543859648,1.0,57,13
1697,0.8666666666666666,0.7433333333333332,0.05128205128205128,0.5256410256410257,0.7647058823529411,1.0,17,13
1698,0.1751824817518248,0.14412740544127403,-0.18181818181818182,0.40909090909090906,0.096,1.0,125,12
1699,0.6,0.5563636363636363,0.5151515151515151,0.7575757575757576,0.42857142857142855,1.0,28,12
1700,0.4905660377358491,0.4358490566037736,0.2564102564102564,0.6282051282051282,0.325,1.0,40,13
1701,0.5909090909090909,0.4681818181818182,-0.38461538461538464,0.3076923076923077,0.41935483870967744,1.0,31,13
1702,0.923076923076923,0.7804195804195804,-0.030303030303030304,0.48484848484848486,0.8571428571428571,1.0,14,12
1703,0.6923076923076924,0.6,0.1111111111111111,0.5555555555555556,0.5294117647058824,1.0,17,9
1704,0.9166666666666666,0.8016666666666666,0.16363636363636364,0.5818181818181818,1.0,0.8461538461538461,11,13
1705,0.6486486486486487,0.5631449631449632,0.12121212121212122,0.5606060606060606,0.48,1.0,25,12
1706,0.923076923076923,0.7804195804195804,-0.030303030303030304,0.48484848484848486,0.8571428571428571,1.0,14,12
1707,0.923076923076923,0.7678321678321678,-0.12121212121212122,0.4393939393939394,0.8571428571428571,1.0,14,12
1708,0.48148148148148145,0.41481481481481475,0.07692307692307693,0.5384615384615384,0.3170731707317073,1.0,41,13
1709,0.9375,0.8008928571428571,0.02857142857142857,0.5142857142857142,0.8823529411764706,1.0,17,15
1710,0.631578947368421,0.5540669856459329,0.18181818181818182,0.5909090909090909,0.46153846153846156,1.0,26,12
1711,0.8484848484848484,0.7645687645687644,0.34065934065934067,0.6703296703296704,0.7368421052631579,1.0,19,14
1714,0.4615384615384615,0.39230769230769225,0.0,0.5,0.3,1.0,30,9
1715,0.4651162790697675,0.4062015503875969,0.15555555555555556,0.5777777777777777,0.30303030303030304,1.0,33,10
1717,0.5172413793103449,0.43891625615763546,-0.009523809523809525,0.49523809523809526,0.3488372093023256,1.0,43,15
1718,0.8125000000000001,0.7625000000000001,0.5897435897435898,0.7948717948717949,0.6842105263157895,1.0,19,13
1719,0.7272727272727273,0.6280991735537189,0.09090909090909091,0.5454545454545454,0.5714285714285714,1.0,21,12
1720,0.8,0.6839560439560439,0.03296703296703297,0.5164835164835165,0.6666666666666666,1.0,21,14
1721,0.9565217391304348,0.9043478260869564,0.6363636363636364,0.8181818181818181,1.0,0.9166666666666666,11,12
1722,0.5106382978723404,0.4294003868471953,-0.06060606060606061,0.4696969696969697,0.34285714285714286,1.0,35,12
1724,0.7499999999999999,0.634090909090909,-0.030303030303030304,0.48484848484848486,0.6,1.0,20,12
1725,0.6666666666666666,0.5555555555555555,-0.1111111111111111,0.4444444444444444,1.0,0.5,9,18
1726,0.8125000000000001,0.728125,0.3076923076923077,0.6538461538461539,0.6842105263157895,1.0,19,13
1727,0.717948717948718,0.6303747534516765,0.18681318681318682,0.5934065934065934,0.56,1.0,25,14
1728,0.6666666666666666,0.5794871794871794,0.1282051282051282,0.5641025641025641,0.5,1.0,26,13
1729,1.0,0.8954545454545454,0.30303030303030304,0.6515151515151515,1.0,1.0,12,12
1731,0.5641025641025641,0.4841025641025641,0.05454545454545454,0.5272727272727272,0.39285714285714285,1.0,28,11
1732,0.962962962962963,0.8555555555555555,0.2564102564102564,0.6282051282051282,0.9285714285714286,1.0,14,13
1733,0.7499999999999999,0.6681818181818181,0.2727272727272727,0.6363636363636364,0.6,1.0,20,12
1736,0.8125000000000001,0.7156250000000001,0.20512820512820512,0.6025641025641025,0.6842105263157895,1.0,19,13
1737,1.0,0.8772727272727272,0.18181818181818182,0.5909090909090909,1.0,1.0,12,12
1738,0.7499999999999999,0.6920454545454544,0.48484848484848486,0.7424242424242424,0.6,1.0,20,12
1741,0.5333333333333333,0.46787878787878784,0.18181818181818182,0.5909090909090909,0.36363636363636365,1.0,33,12
1742,0.5357142857142857,0.4622448979591836,0.08571428571428572,0.5428571428571428,0.36585365853658536,1.0,41,15
1743,0.625,0.49374999999999997,-0.4,0.3,1.0,0.45454545454545453,5,11
1744,1.0,0.8909090909090909,0.2727272727272727,0.6363636363636364,1.0,1.0,12,12
1745,0.7407407407407407,0.6814814814814814,0.4666666666666667,0.7333333333333334,0.5882352941176471,1.0,17,10
1747,0.1791044776119403,0.15223880597014924,0.0,0.5,0.09836065573770492,1.0,122,12
1748,0.24719101123595508,0.2202247191011236,0.2727272727272727,0.6363636363636364,0.14102564102564102,1.0,78,11
1751,0.7857142857142858,0.6914285714285714,0.2,0.6,0.6470588235294118,1.0,17,11
1752,0.7428571428571429,0.6314285714285715,0.0,0.5,0.5909090909090909,1.0,22,13
1753,0.19999999999999998,0.16999999999999998,0.0,0.5,0.1111111111111111,1.0,81,9
1754,0.35,0.3073076923076923,0.18681318681318682,0.5934065934065934,0.21212121212121213,1.0,66,14
1756,0.8,0.7127272727272728,0.2727272727272727,0.6363636363636364,0.6666666666666666,1.0,18,12
1758,0.2696629213483146,0.2292134831460674,0.0,0.5,0.15584415584415584,1.0,77,12
1759,0.7777777777777778,0.6572649572649572,-0.03296703296703297,0.4835164835164835,0.6363636363636364,1.0,22,14
1760,0.4406779661016949,0.38983050847457623,0.23076923076923078,0.6153846153846154,0.2826086956521739,1.0,46,13
1762,0.8,0.72,0.3333333333333333,0.6666666666666666,0.6666666666666666,1.0,18,12
1763,0.4117647058823529,0.3357466063348416,-0.23076923076923078,0.3846153846153846,0.25925925925925924,1.0,54,14
1764,0.923076923076923,0.7678321678321678,-0.12121212121212122,0.4393939393939394,0.8571428571428571,1.0,14,12
1766,0.4827586206896552,0.41750663129973475,0.0989010989010989,0.5494505494505495,0.3181818181818182,1.0,44,14
1767,0.5333333333333333,0.4304761904761904,-0.2857142857142857,0.35714285714285715,0.36363636363636365,1.0,22,8
1768,0.7499999999999999,0.6257142857142857,-0.10476190476190476,0.44761904761904764,0.6,1.0,25,15
1769,0.761904761904762,0.672108843537415,0.21428571428571427,0.6071428571428571,0.6153846153846154,1.0,13,8
1771,0.5185185185185185,0.433048433048433,-0.0989010989010989,0.45054945054945056,0.35,1.0,40,14
1772,0.4210526315789474,0.3712918660287082,0.21212121212121213,0.6060606060606061,0.26666666666666666,1.0,45,12
1773,0.896551724137931,0.8172413793103447,0.41025641025641024,0.7051282051282051,0.8125,1.0,16,13
1774,0.787878787878788,0.703030303030303,0.28205128205128205,0.641025641025641,0.65,1.0,20,13
1775,0.5416666666666666,0.47083333333333327,0.1282051282051282,0.5641025641025641,0.37142857142857144,1.0,35,13
1776,0.38297872340425526,0.3446808510638297,0.3333333333333333,0.6666666666666666,0.23684210526315788,1.0,38,9
1777,0.7499999999999999,0.6749999999999998,0.3333333333333333,0.6666666666666666,0.6,1.0,20,12
1779,0.7567567567567568,0.6893970893970893,0.4065934065934066,0.7032967032967032,0.6086956521739131,1.0,23,14
1782,0.967741935483871,0.8267281105990782,0.02857142857142857,0.5142857142857142,1.0,0.9375,15,16
1783,0.7058823529411764,0.6256684491978609,0.24242424242424243,0.6212121212121212,0.5454545454545454,1.0,22,12
1784,0.782608695652174,0.6521739130434783,-0.1111111111111111,0.4444444444444444,1.0,0.6428571428571429,9,14
1786,0.5581395348837209,0.4896405919661733,0.18181818181818182,0.5909090909090909,0.3870967741935484,1.0,31,12
1787,0.896551724137931,0.8517241379310344,0.6666666666666666,0.8333333333333333,0.8125,1.0,16,13
1788,0.9600000000000001,0.7898181818181818,-0.18181818181818182,0.40909090909090906,0.9230769230769231,1.0,13,12
1789,0.9166666666666666,0.7866666666666666,0.05454545454545454,0.5272727272727272,1.0,0.8461538461538461,11,13
1790,0.42857142857142855,0.36428571428571427,0.0,0.5,0.2727272727272727,1.0,44,12
1791,0.6666666666666666,0.5696969696969696,0.030303030303030304,0.5151515151515151,0.5,1.0,24,12
1792,0.5909090909090909,0.49999999999999994,-0.02564102564102564,0.48717948717948717,0.41935483870967744,1.0,31,13
1794,0.6857142857142856,0.6015584415584414,0.18181818181818182,0.5909090909090909,0.5217391304347826,1.0,23,12
1795,0.6923076923076924,0.5596153846153846,-0.2777777777777778,0.3611111111111111,0.5294117647058824,1.0,17,9
1797,1.0,0.8628571428571428,0.08571428571428572,0.5428571428571428,1.0,1.0,15,15
1798,0.5555555555555556,0.5158730158730158,0.5238095238095238,0.7619047619047619,0.38461538461538464,1.0,39,15
1799,0.7368421052631579,0.6518218623481781,0.23076923076923078,0.6153846153846154,0.5833333333333334,1.0,24,14
1800,0.6956521739130436,0.6658385093167702,0.7142857142857143,0.8571428571428572,0.5333333333333333,1.0,15,8
1801,1.0,0.8945054945054944,0.2967032967032967,0.6483516483516484,1.0,1.0,14,14
1803,0.9565217391304348,0.7999999999999999,-0.09090909090909091,0.45454545454545453,1.0,0.9166666666666666,11,12
1804,0.8108108108108109,0.6555984555984555,-0.2761904761904762,0.3619047619047619,0.6818181818181818,1.0,22,15
1805,0.22413793103448276,0.17758620689655172,-0.38461538461538464,0.3076923076923077,0.1262135922330097,1.0,103,13
1806,0.5777777777777777,0.5311111111111111,0.46153846153846156,0.7307692307692308,0.40625,1.0,32,13
1807,0.6,0.5236363636363636,0.15151515151515152,0.5757575757575758,0.42857142857142855,1.0,28,12
1808,0.7428571428571429,0.6685714285714285,0.3333333333333333,0.6666666666666666,0.5909090909090909,1.0,22,13
1809,0.21428571428571425,0.18019480519480516,-0.06060606060606061,0.4696969696969697,0.12,1.0,100,12
1810,0.7567567567567568,0.7093555093555094,0.5824175824175825,0.7912087912087913,0.6086956521739131,1.0,23,14
1811,0.962962962962963,0.837037037037037,0.1282051282051282,0.5641025641025641,0.9285714285714286,1.0,14,13
1813,0.8484848484848484,0.7477855477855477,0.2087912087912088,0.6043956043956044,0.7368421052631579,1.0,19,14
1814,0.9565217391304348,0.8886956521739131,0.5272727272727272,0.7636363636363637,1.0,0.9166666666666666,11,12
1817,0.2074074074074074,0.18415954415954414,0.25274725274725274,0.6263736263736264,0.11570247933884298,1.0,121,14
1821,0.5384615384615384,0.44970414201183423,-0.0989010989010989,0.45054945054945056,0.3684210526315789,1.0,38,14
1822,0.3611111111111111,0.30416666666666664,-0.05128205128205128,0.47435897435897434,0.22033898305084745,1.0,59,13
1823,0.8666666666666666,0.8099999999999999,0.5641025641025641,0.782051282051282,0.7647058823529411,1.0,17,13
1824,0.5882352941176471,0.5176470588235293,0.2,0.6,1.0,0.4166666666666667,5,12
1825,0.782608695652174,0.6195652173913043,-0.3888888888888889,0.3055555555555556,0.6428571428571429,1.0,14,9
1826,0.9375,0.8196428571428571,0.1619047619047619,0.580952380952381,0.8823529411764706,1.0,17,15
1828,0.7428571428571429,0.6628571428571428,0.28205128205128205,0.641025641025641,0.5909090909090909,1.0,22,13
1829,0.923076923076923,0.8223776223776222,0.2727272727272727,0.6363636363636364,1.0,0.8571428571428571,12,14
1830,0.8387096774193548,0.7161290322580645,0.02564102564102564,0.5128205128205128,0.7222222222222222,1.0,18,13
1831,0.7777777777777778,0.6675213675213675,0.054945054945054944,0.5274725274725275,0.6363636363636364,1.0,22,14
1834,0.9655172413793104,0.8254641909814323,0.03296703296703297,0.5164835164835165,0.9333333333333333,1.0,15,14
1835,1.0,0.8772727272727272,0.18181818181818182,0.5909090909090909,1.0,1.0,12,12
1836,0.888888888888889,0.8323232323232324,0.5757575757575758,0.7878787878787878,0.8,1.0,15,12
1837,0.56,0.48615384615384616,0.12087912087912088,0.5604395604395604,0.3888888888888889,1.0,36,14
1838,0.15204678362573099,0.13216374269005846,0.1282051282051282,0.5641025641025641,0.08227848101265822,1.0,158,13
1839,0.11483253588516747,0.09604175728577642,-0.09090909090909091,0.45454545454545453,0.06091370558375635,1.0,197,12
1840,0.4,0.3509090909090909,0.18181818181818182,0.5909090909090909,0.25,1.0,48,12
1841,0.15,0.12499999999999999,-0.1111111111111111,0.4444444444444444,0.08108108108108109,1.0,111,9
1842,0.6842105263157895,0.5947368421052631,0.1282051282051282,0.5641025641025641,0.52,1.0,25,13
1844,0.5652173913043478,0.4782608695652173,-0.02564102564102564,0.48717948717948717,0.3939393939393939,1.0,33,13
1845,0.7058823529411764,0.6320855614973261,0.30303030303030304,0.6515151515151515,0.5454545454545454,1.0,22,12
1848,0.88,0.7455999999999999,-0.01818181818181818,0.4909090909090909,0.7857142857142857,1.0,14,11
1849,0.923076923076923,0.8055944055944055,0.15151515151515152,0.5757575757575758,0.8571428571428571,1.0,14,12
1850,0.4,0.34857142857142853,0.14285714285714285,0.5714285714285714,0.25,1.0,56,14
1851,0.21848739495798317,0.19495798319327728,0.28205128205128205,0.641025641025641,0.12264150943396226,1.0,106,13
1852,0.8571428571428571,0.8064935064935064,0.6060606060606061,0.803030303030303,0.75,1.0,16,12
1854,0.8,0.6945054945054945,0.12087912087912088,0.5604395604395604,0.6666666666666666,1.0,21,14
1855,0.12578616352201258,0.11572327044025156,0.4666666666666667,0.7333333333333334,0.06711409395973154,1.0,149,10
1858,0.8750000000000001,0.7653846153846154,0.16483516483516483,0.5824175824175825,0.7777777777777778,1.0,18,14
1859,0.9655172413793104,0.8636604774535809,0.2967032967032967,0.6483516483516484,0.9333333333333333,1.0,15,14
1860,0.923076923076923,0.8181818181818181,0.24242424242424243,0.6212121212121212,1.0,0.8571428571428571,12,14
1862,1.0,0.9423076923076923,0.6153846153846154,0.8076923076923077,1.0,1.0,13,13
1863,0.6341463414634146,0.5658536585365853,0.28205128205128205,0.641025641025641,0.4642857142857143,1.0,28,13
1865,0.5,0.43269230769230765,0.10256410256410256,0.5512820512820513,0.3333333333333333,1.0,39,13
1866,0.19834710743801653,0.16769346356123216,-0.030303030303030304,0.48484848484848486,0.11009174311926606,1.0,109,12
1867,0.5714285714285715,0.48100470957613817,-0.054945054945054944,0.4725274725274725,0.4,1.0,35,14
1868,0.5,0.45227272727272727,0.36363636363636365,0.6818181818181819,0.3333333333333333,1.0,36,12
1869,0.47619047619047616,0.41587301587301584,0.15555555555555556,0.5777777777777777,0.3125,1.0,32,10
1870,0.6511627906976745,0.550268336314848,-0.03296703296703297,0.4835164835164835,0.4827586206896552,1.0,29,14
1871,0.6666666666666666,0.5727272727272726,0.06060606060606061,0.5303030303030303,0.5,1.0,24,12
1872,0.8571428571428571,0.7714285714285714,0.3333333333333333,0.6666666666666666,1.0,0.75,9,12
1873,0.18604651162790695,0.16236786469344605,0.15151515151515152,0.5757575757575758,0.10256410256410256,1.0,117,12
1874,1.0,0.9153846153846154,0.4358974358974359,0.717948717948718,1.0,1.0,13,13
1876,0.49122807017543857,0.42807017543859643,0.14285714285714285,0.5714285714285714,0.32558139534883723,1.0,43,14
1877,0.375,0.34261363636363634,0.42424242424242425,0.7121212121212122,0.23076923076923078,1.0,52,12
1878,0.4,0.3476923076923077,0.1282051282051282,0.5641025641025641,0.25,1.0,52,13
1879,0.46428571428571425,0.4124999999999999,0.2564102564102564,0.6282051282051282,0.3023255813953488,1.0,43,13
1880,0.6470588235294118,0.5411764705882353,-0.09090909090909091,0.45454545454545453,0.4782608695652174,1.0,23,11
1882,0.2947368421052632,0.2762753036437247,0.5824175824175825,0.7912087912087913,0.1728395061728395,1.0,81,14
1883,0.7000000000000001,0.5961538461538461,0.01098901098901099,0.5054945054945055,0.5384615384615384,1.0,26,14
1884,0.9600000000000001,0.8334545454545456,0.12121212121212122,0.5606060606060606,0.9230769230769231,1.0,13,12
1885,0.6399999999999999,0.5851428571428571,0.42857142857142855,0.7142857142857143,0.47058823529411764,1.0,17,8
1886,0.5,0.4324175824175824,0.0989010989010989,0.5494505494505495,0.3333333333333333,1.0,42,14
1887,0.33766233766233766,0.287012987012987,0.0,0.5,0.203125,1.0,64,13
1888,0.888888888888889,0.8080808080808081,0.3939393939393939,0.696969696969697,0.8,1.0,15,12
1889,0.5957446808510638,0.5211129296235679,0.16483516483516483,0.5824175824175825,0.42424242424242425,1.0,33,14
1890,0.29213483146067415,0.24831460674157302,0.0,0.5,0.17105263157894737,1.0,76,13
1892,0.6153846153846153,0.5510489510489509,0.30303030303030304,0.6515151515151515,0.4444444444444444,1.0,27,12
1893,0.8484848484848484,0.7365967365967364,0.12087912087912088,0.5604395604395604,0.7368421052631579,1.0,19,14
1894,0.2916666666666667,0.24358974358974358,-0.0989010989010989,0.45054945054945056,0.17073170731707318,1.0,82,14
1895,1.0,0.8857142857142857,0.23809523809523808,0.6190476190476191,1.0,1.0,7,7
1896,0.8,0.68,0.0,0.5,0.6666666666666666,1.0,18,12
1897,0.8,0.6436363636363636,-0.30303030303030304,0.3484848484848485,1.0,0.6666666666666666,12,18
1898,0.20512820512820512,0.17995337995337993,0.18181818181818182,0.5909090909090909,0.11428571428571428,1.0,105,12
1899,0.36585365853658536,0.3073170731707317,-0.06666666666666667,0.4666666666666667,0.22388059701492538,1.0,67,15
1900,0.9600000000000001,0.8334545454545456,0.12121212121212122,0.5606060606060606,0.9230769230769231,1.0,13,12
1903,0.4406779661016949,0.38474576271186434,0.15384615384615385,0.5769230769230769,0.2826086956521739,1.0,46,13
1904,0.6086956521739131,0.5324414715719064,0.16483516483516483,0.5824175824175825,0.4375,1.0,32,14
1905,0.33333333333333337,0.2915750915750916,0.16483516483516483,0.5824175824175825,0.2,1.0,70,14
1906,0.5789473684210525,0.4968421052631578,0.05454545454545454,0.5272727272727272,0.4074074074074074,1.0,27,11
1907,0.41558441558441556,0.3542857142857142,0.016666666666666666,0.5083333333333333,0.26229508196721313,1.0,61,16
1909,0.203125,0.17578124999999997,0.10256410256410256,0.5512820512820513,0.11304347826086956,1.0,115,13
1910,0.7096774193548387,0.6632258064516129,0.5636363636363636,0.7818181818181817,0.55,1.0,20,11
1912,0.923076923076923,0.7678321678321678,-0.12121212121212122,0.4393939393939394,0.8571428571428571,1.0,14,12
1913,0.9655172413793104,0.8381962864721485,0.12087912087912088,0.5604395604395604,0.9333333333333333,1.0,15,14
1914,1.0,0.8115384615384615,-0.2564102564102564,0.3717948717948718,1.0,1.0,13,13
1915,0.5714285714285715,0.5090909090909091,0.2727272727272727,0.6363636363636364,0.4,1.0,30,12
1916,0.9565217391304348,0.8991304347826087,0.6,0.8,1.0,0.9166666666666666,11,12
1917,0.5581395348837209,0.4871035940803382,0.15151515151515152,0.5757575757575758,0.3870967741935484,1.0,31,12
1918,0.8571428571428571,0.7999999999999999,0.5555555555555556,0.7777777777777778,1.0,0.75,9,12
1923,0.7058823529411764,0.6032085561497326,0.030303030303030304,0.5151515151515151,0.5454545454545454,1.0,22,12
1924,0.8275862068965517,0.6959247648902821,-0.06060606060606061,0.4696969696969697,0.7058823529411765,1.0,17,12
1925,0.7368421052631579,0.6210526315789473,-0.047619047619047616,0.47619047619047616,1.0,0.5833333333333334,7,12
1926,0.7272727272727273,0.5983471074380164,-0.18181818181818182,0.40909090909090906,0.5714285714285714,1.0,21,12
1927,0.22018348623853212,0.19115929941618015,0.12121212121212122,0.5606060606060606,0.12371134020618557,1.0,97,12
1928,1.0,0.8692307692307691,0.1282051282051282,0.5641025641025641,1.0,1.0,13,13
1929,0.9655172413793104,0.8286472148541114,0.054945054945054944,0.5274725274725275,0.9333333333333333,1.0,15,14
1930,0.45283018867924524,0.3746140651801028,-0.15151515151515152,0.42424242424242425,0.2926829268292683,1.0,41,12
1931,0.5217391304347826,0.4292490118577075,-0.18181818181818182,0.40909090909090906,0.35294117647058826,1.0,34,12
1932,0.6666666666666666,0.5846153846153845,0.1794871794871795,0.5897435897435898,0.5,1.0,26,13
1933,0.8,0.7090909090909091,0.24242424242424243,0.6212121212121212,0.6666666666666666,1.0,18,12
1935,0.2758620689655173,0.23197492163009406,-0.06060606060606061,0.4696969696969697,0.16,1.0,75,12
1936,0.6153846153846153,0.5174825174825174,-0.06060606060606061,0.4696969696969697,0.4444444444444444,1.0,27,12
1937,0.15286624203821655,0.12576722640416907,-0.18181818181818182,0.40909090909090906,0.08275862068965517,1.0,145,12
1938,0.32558139534883723,0.2826475849731664,0.12087912087912088,0.5604395604395604,0.19444444444444445,1.0,72,14
1941,0.9600000000000001,0.850909090909091,0.24242424242424243,0.6212121212121212,0.9230769230769231,1.0,13,12
1942,0.65,0.5425,-0.10256410256410256,0.44871794871794873,0.48148148148148145,1.0,27,13
1943,0.6153846153846153,0.537062937062937,0.15151515151515152,0.5757575757575758,0.4444444444444444,1.0,27,12
1944,0.39344262295081966,0.350521609538003,0.2727272727272727,0.6363636363636364,0.24489795918367346,1.0,49,12
1945,0.4666666666666667,0.38,-0.23809523809523808,0.38095238095238093,0.30434782608695654,1.0,23,7
1947,0.787878787878788,0.7272727272727273,0.48717948717948717,0.7435897435897436,0.65,1.0,20,13
1948,0.3287671232876712,0.2660024906600249,-0.2727272727272727,0.36363636363636365,0.19672131147540983,1.0,61,12
1949,0.888888888888889,0.7676767676767676,0.09090909090909091,0.5454545454545454,0.8,1.0,15,12
1952,0.6,0.5236363636363636,0.15151515151515152,0.5757575757575758,0.42857142857142855,1.0,28,12
1954,0.8181818181818181,0.6818181818181817,-0.1111111111111111,0.4444444444444444,0.6923076923076923,1.0,13,9
1955,0.12727272727272726,0.11090909090909089,0.14285714285714285,0.5714285714285714,0.06796116504854369,1.0,103,7
1956,0.7741935483870968,0.7002932551319648,0.36363636363636365,0.6818181818181819,0.631578947368421,1.0,19,12
1957,0.2857142857142857,0.23896103896103893,-0.09090909090909091,0.45454545454545453,0.16666666666666666,1.0,72,12
1958,0.8387096774193548,0.7548387096774192,0.3333333333333333,0.6666666666666666,0.7222222222222222,1.0,18,13
1959,0.393939393939394,0.31666666666666665,-0.3076923076923077,0.34615384615384615,0.24528301886792453,1.0,53,13
1961,0.29729729729729726,0.26324324324324316,0.23636363636363636,0.6181818181818182,0.1746031746031746,1.0,63,11
1962,0.6857142857142856,0.5672727272727272,-0.15151515151515152,0.42424242424242425,0.5217391304347826,1.0,23,12
1963,0.8,0.6690909090909091,-0.09090909090909091,0.45454545454545453,0.6666666666666666,1.0,18,12
1964,0.625,0.5357142857142857,0.047619047619047616,0.5238095238095238,0.45454545454545453,1.0,33,15
1965,0.4905660377358491,0.42452830188679247,0.10256410256410256,0.5512820512820513,0.325,1.0,40,13
1969,0.962962962962963,0.8222222222222222,0.02564102564102564,0.5128205128205128,1.0,0.9285714285714286,13,14
1970,0.6666666666666666,0.5511111111111111,-0.15555555555555556,0.4222222222222222,0.5,1.0,20,10
1971,0.24742268041237114,0.2148078725398313,0.12121212121212122,0.5606060606060606,0.1411764705882353,1.0,85,12
1972,0.787878787878788,0.7272727272727273,0.48717948717948717,0.7435897435897436,0.65,1.0,20,13
1973,0.6511627906976745,0.5352415026833631,-0.18681318681318682,0.4065934065934066,0.4827586206896552,1.0,29,14
1975,0.7272727272727273,0.6380165289256198,0.18181818181818182,0.5909090909090909,0.5714285714285714,1.0,21,12
1976,0.9523809523809523,0.8317460317460317,0.15555555555555556,0.5777777777777777,0.9090909090909091,1.0,11,10
1977,0.9600000000000001,0.8814545454545455,0.45454545454545453,0.7272727272727273,1.0,0.9230769230769231,12,13
1978,0.9285714285714286,0.782142857142857,-0.05128205128205128,0.47435897435897434,0.8666666666666667,1.0,15,13
1979,0.8571428571428571,0.7675324675324674,0.30303030303030304,0.6515151515151515,0.75,1.0,16,12
1981,0.22033898305084745,0.18728813559322033,0.0,0.5,0.12380952380952381,1.0,105,13
1983,0.787878787878788,0.6757575757575758,0.05128205128205128,0.5256410256410257,0.65,1.0,20,13
1985,0.3076923076923077,0.2783216783216783,0.36363636363636365,0.6818181818181819,0.18181818181818182,1.0,66,12
1986,0.8333333333333333,0.7277777777777776,0.15555555555555556,0.5777777777777777,1.0,0.7142857142857143,10,14
1987,0.923076923076923,0.7930069930069928,0.06060606060606061,0.5303030303030303,0.8571428571428571,1.0,14,12
1988,0.7000000000000001,0.5892307692307692,-0.054945054945054944,0.4725274725274725,0.5384615384615384,1.0,26,14
1990,0.5625,0.46874999999999994,-0.1111111111111111,0.4444444444444444,0.391304347826087,1.0,23,9
1991,0.8571428571428571,0.7207792207792206,-0.06060606060606061,0.4696969696969697,0.75,1.0,16,12
1992,0.9565217391304348,0.8626086956521739,0.34545454545454546,0.6727272727272727,1.0,0.9166666666666666,11,12
1994,0.6666666666666666,0.6038095238095238,0.37142857142857144,0.6857142857142857,0.5,1.0,30,15
1995,0.7441860465116279,0.669767441860465,0.3333333333333333,0.6666666666666666,0.5925925925925926,1.0,27,16
1996,0.9600000000000001,0.864,0.3333333333333333,0.6666666666666666,0.9230769230769231,1.0,13,12
1998,0.8,0.712967032967033,0.27472527472527475,0.6373626373626373,0.6666666666666666,1.0,21,14
1999,0.6153846153846153,0.4783216783216782,-0.48484848484848486,0.25757575757575757,0.4444444444444444,1.0,27,12
2000,0.6842105263157895,0.5868421052631578,0.05128205128205128,0.5256410256410257,0.52,1.0,25,13
2002,0.8333333333333333,0.7047619047619046,-0.02857142857142857,0.4857142857142857,0.7142857142857143,1.0,21,15
2004,0.888888888888889,0.7595959595959596,0.030303030303030304,0.5151515151515151,0.8,1.0,15,12
2005,0.9655172413793104,0.8318302387267904,0.07692307692307693,0.5384615384615384,1.0,0.9333333333333333,14,15
2006,0.8275862068965517,0.7485893416927899,0.36363636363636365,0.6818181818181819,0.7058823529411765,1.0,17,12
2007,1.0,0.8769230769230769,0.1794871794871795,0.5897435897435898,1.0,1.0,13,13
2009,0.7428571428571429,0.6428571428571428,0.10256410256410256,0.5512820512820513,0.5909090909090909,1.0,22,13
2010,0.7142857142857143,0.5666666666666667,-0.37777777777777777,0.3111111111111111,0.5555555555555556,1.0,18,10
2011,0.5957446808510638,0.534860883797054,0.31868131868131866,0.6593406593406593,0.42424242424242425,1.0,33,14
2012,0.8571428571428571,0.7999999999999999,0.5555555555555556,0.7777777777777778,1.0,0.75,9,12
2013,0.2222222222222222,0.2002442002442002,0.34065934065934067,0.6703296703296704,0.125,1.0,112,14
2014,0.6511627906976745,0.5395348837209303,-0.14285714285714285,0.4285714285714286,0.4827586206896552,1.0,29,14
2015,0.631578947368421,0.5483253588516745,0.12121212121212122,0.5606060606060606,0.46153846153846156,1.0,26,12
2016,0.7727272727272727,0.6874999999999999,0.2647058823529412,0.6323529411764706,0.6296296296296297,1.0,27,17
2018,0.631578947368421,0.5827751196172247,0.48484848484848486,0.7424242424242424,0.46153846153846156,1.0,26,12
2019,0.7777777777777778,0.6931623931623931,0.27472527472527475,0.6373626373626373,0.6363636363636364,1.0,22,14
2020,0.6956521739130436,0.5843478260869566,-0.06666666666666667,0.4666666666666667,0.5333333333333333,1.0,30,16
2022,0.49122807017543857,0.41997300944669363,0.03296703296703297,0.5164835164835165,0.32558139534883723,1.0,43,14
2023,0.7142857142857143,0.5673469387755102,-0.37142857142857144,0.3142857142857143,0.5555555555555556,1.0,27,15
2026,0.923076923076923,0.7804195804195804,-0.030303030303030304,0.48484848484848486,0.8571428571428571,1.0,14,12
2027,0.3888888888888889,0.3286324786324786,-0.03296703296703297,0.4835164835164835,0.2413793103448276,1.0,58,14
2028,0.5714285714285715,0.5194805194805195,0.3939393939393939,0.696969696969697,0.4,1.0,30,12
2029,0.6857142857142856,0.6483116883116882,0.6363636363636364,0.8181818181818181,0.5217391304347826,1.0,23,12
2030,0.7272727272727273,0.6578512396694215,0.36363636363636365,0.6818181818181819,0.5714285714285714,1.0,21,12
2032,0.5333333333333333,0.4339393939393939,-0.24242424242424243,0.3787878787878788,0.36363636363636365,1.0,33,12
2033,0.48484848484848486,0.42787878787878786,0.21666666666666667,0.6083333333333334,0.32,1.0,50,16
2036,0.7058823529411764,0.6224598930481283,0.21212121212121213,0.6060606060606061,0.5454545454545454,1.0,22,12
2037,0.7222222222222222,0.6805555555555556,0.6153846153846154,0.8076923076923077,0.5652173913043478,1.0,23,13
2038,0.8666666666666666,0.7333333333333332,-0.02564102564102564,0.48717948717948717,0.7647058823529411,1.0,17,13
2039,0.7777777777777778,0.6957264957264957,0.2967032967032967,0.6483516483516484,0.6363636363636364,1.0,22,14
2040,0.6666666666666666,0.5818181818181818,0.15151515151515152,0.5757575757575758,0.5,1.0,24,12
2042,0.24000000000000002,0.2083636363636364,0.12121212121212122,0.5606060606060606,0.13636363636363635,1.0,88,12
2043,0.888888888888889,0.7272727272727273,-0.21212121212121213,0.3939393939393939,0.8,1.0,15,12
2045,0.40625,0.36093749999999997,0.2564102564102564,0.6282051282051282,0.2549019607843137,1.0,51,13
2046,0.7499999999999999,0.6068181818181817,-0.2727272727272727,0.36363636363636365,0.6,1.0,20,12
2047,0.41379310344827586,0.3573667711598746,0.09090909090909091,0.5454545454545454,0.2608695652173913,1.0,46,12
2048,0.9600000000000001,0.8290909090909091,0.09090909090909091,0.5454545454545454,0.9230769230769231,1.0,13,12
2049,0.6399999999999999,0.5791999999999998,0.36666666666666664,0.6833333333333333,0.47058823529411764,1.0,34,16
2050,0.5714285714285715,0.49090909090909096,0.06060606060606061,0.5303030303030303,0.4,1.0,30,12
2051,0.6,0.557142857142857,0.5238095238095238,0.7619047619047619,0.42857142857142855,1.0,35,15
2053,0.30303030303030304,0.27474747474747474,0.37777777777777777,0.6888888888888889,0.17857142857142858,1.0,56,10
2054,0.32941176470588235,0.31312217194570136,0.6703296703296703,0.8351648351648351,0.19718309859154928,1.0,71,14
2055,0.4615384615384615,0.39440559440559436,0.030303030303030304,0.5151515151515151,0.3,1.0,40,12
2057,0.7741935483870968,0.6897360703812316,0.2727272727272727,0.6363636363636364,0.631578947368421,1.0,19,12
2058,0.3823529411764706,0.34411764705882353,0.3333333333333333,0.6666666666666666,0.23636363636363636,1.0,55,13
2059,1.0,0.8846153846153846,0.23076923076923078,0.6153846153846154,1.0,1.0,13,13
2062,0.56,0.5101538461538462,0.4065934065934066,0.7032967032967032,0.3888888888888889,1.0,36,14
2063,0.65,0.5700000000000001,0.1794871794871795,0.5897435897435898,0.48148148148148145,1.0,27,13
2065,0.46428571428571425,0.43571428571428567,0.5897435897435898,0.7948717948717949,0.3023255813953488,1.0,43,13
2066,0.5,0.45714285714285713,0.42857142857142855,0.7142857142857143,0.3333333333333333,1.0,42,14
2067,0.32558139534883723,0.30196779964221826,0.5164835164835165,0.7582417582417582,0.19444444444444445,1.0,72,14
2069,0.56,0.4584615384615385,-0.2087912087912088,0.3956043956043956,0.3888888888888889,1.0,36,14
2072,0.49122807017543857,0.4377867746288798,0.27472527472527475,0.6373626373626373,0.32558139534883723,1.0,43,14
2073,0.888888888888889,0.8040404040404041,0.36363636363636365,0.6818181818181819,0.8,1.0,15,12
2074,1.0,0.8192307692307692,-0.20512820512820512,0.39743589743589747,1.0,1.0,13,13
2075,0.6190476190476191,0.5380952380952381,0.1282051282051282,0.5641025641025641,0.4482758620689655,1.0,29,13
2076,0.631578947368421,0.5052631578947367,-0.3333333333333333,0.33333333333333337,0.46153846153846156,1.0,26,12
2078,1.0,0.8636363636363635,0.09090909090909091,0.5454545454545454,1.0,1.0,12,12
2079,0.5106382978723404,0.46653771760154733,0.42424242424242425,0.7121212121212122,0.34285714285714286,1.0,35,12
2080,0.787878787878788,0.6909090909090909,0.1794871794871795,0.5897435897435898,0.65,1.0,20,13
2081,0.9166666666666666,0.8066666666666665,0.2,0.6,1.0,0.8461538461538461,11,13
2082,0.3888888888888889,0.34145299145299146,0.18681318681318682,0.5934065934065934,0.2413793103448276,1.0,58,14
2083,0.896551724137931,0.8034482758620689,0.3076923076923077,0.6538461538461539,0.8125,1.0,16,13
2084,0.33333333333333337,0.3016666666666667,0.36666666666666664,0.6833333333333333,0.2,1.0,80,16
2085,0.3291139240506329,0.27974683544303797,0.0,0.5,0.19696969696969696,1.0,66,13
2086,0.1875,0.15,-0.3333333333333333,0.33333333333333337,0.10344827586206896,1.0,116,12
2089,0.7499999999999999,0.6613636363636363,0.21212121212121213,0.6060606060606061,0.6,1.0,20,12
2090,0.456140350877193,0.37543859649122807,-0.1794871794871795,0.41025641025641024,0.29545454545454547,1.0,44,13
2091,0.4918032786885246,0.43840749414519903,0.2761904761904762,0.638095238095238,0.32608695652173914,1.0,46,15
2092,0.7777777777777778,0.7008547008547008,0.34065934065934067,0.6703296703296704,0.6363636363636364,1.0,22,14
2093,0.6666666666666666,0.5716666666666665,0.05,0.525,0.5,1.0,32,16
2096,0.9032258064516129,0.8347394540942927,0.4945054945054945,0.7472527472527473,0.8235294117647058,1.0,17,14
2097,0.6071428571428571,0.5616071428571427,0.5,0.75,0.4358974358974359,1.0,39,17
2099,0.7499999999999999,0.6852272727272726,0.42424242424242425,0.7121212121212122,0.6,1.0,20,12
2100,0.9285714285714286,0.8428571428571427,0.38461538461538464,0.6923076923076923,0.8666666666666667,1.0,15,13
2101,0.9166666666666666,0.7766666666666665,-0.01818181818181818,0.4909090909090909,1.0,0.8461538461538461,11,13
2102,0.22641509433962262,0.19862778730703257,0.18181818181818182,0.5909090909090909,0.1276595744680851,1.0,94,12
2103,0.967741935483871,0.8460829493087557,0.1619047619047619,0.580952380952381,0.9375,1.0,16,15
2104,0.2653061224489796,0.22244897959183674,-0.07692307692307693,0.46153846153846156,0.15294117647058825,1.0,85,13
2106,0.22399999999999998,0.19815384615384612,0.23076923076923078,0.6153846153846154,0.12612612612612611,1.0,111,14
2107,0.7647058823529412,0.6764705882352942,0.23076923076923078,0.6153846153846154,0.6190476190476191,1.0,21,13
2109,0.4067796610169491,0.3291217257318952,-0.2727272727272727,0.36363636363636365,0.2553191489361702,1.0,47,12
2110,1.0,0.8879120879120879,0.25274725274725274,0.6263736263736264,1.0,1.0,14,14
2111,0.2978723404255319,0.2723404255319149,0.42857142857142855,0.7142857142857143,0.175,1.0,80,14
2112,0.6190476190476191,0.5380952380952381,0.1282051282051282,0.5641025641025641,0.4482758620689655,1.0,29,13
2114,0.6382978723404256,0.5762917933130699,0.3523809523809524,0.6761904761904762,0.46875,1.0,32,15
2115,0.49122807017543857,0.4442645074224021,0.3626373626373626,0.6813186813186813,0.32558139534883723,1.0,43,14
2116,0.6666666666666666,0.5384615384615383,-0.28205128205128205,0.358974358974359,0.5,1.0,26,13
2117,0.7428571428571429,0.6142857142857143,-0.15384615384615385,0.4230769230769231,0.5909090909090909,1.0,22,13
2118,0.6486486486486487,0.5395577395577396,-0.12121212121212122,0.4393939393939394,0.48,1.0,25,12
2119,0.761904761904762,0.672108843537415,0.21428571428571427,0.6071428571428571,1.0,0.6153846153846154,8,13
2120,0.7111111111111111,0.6151111111111112,0.1,0.55,0.5517241379310345,1.0,29,16
2121,0.6666666666666666,0.5696969696969696,0.030303030303030304,0.5151515151515151,0.5,1.0,24,12
2122,0.787878787878788,0.6454545454545455,-0.20512820512820512,0.39743589743589747,0.65,1.0,20,13
2123,0.18978102189781024,0.15985401459854015,-0.05128205128205128,0.47435897435897434,0.10483870967741936,1.0,124,13
2125,0.2926829268292683,0.23547671840354764,-0.30303030303030304,0.3484848484848485,0.17142857142857143,1.0,70,12
2126,0.9285714285714286,0.8357142857142856,0.3333333333333333,0.6666666666666666,1.0,0.8666666666666667,13,15
2128,0.3582089552238806,0.29796472184531886,-0.12121212121212122,0.4393939393939394,0.21818181818181817,1.0,55,12
2129,0.37837837837837834,0.3347193347193347,0.23076923076923078,0.6153846153846154,0.23333333333333334,1.0,60,14
2130,0.5454545454545454,0.44628099173553715,-0.21212121212121213,0.3939393939393939,0.375,1.0,32,12
2131,0.9600000000000001,0.8814545454545455,0.45454545454545453,0.7272727272727273,0.9230769230769231,1.0,13,12
2132,0.3287671232876712,0.28244084682440845,0.06060606060606061,0.5303030303030303,0.19672131147540983,1.0,61,12
2133,0.9375,0.8089285714285713,0.08571428571428572,0.5428571428571428,0.8823529411764706,1.0,17,15
2134,0.9600000000000001,0.8203636363636364,0.030303030303030304,0.5151515151515151,1.0,0.9230769230769231,12,13
2136,0.9333333333333333,0.7702564102564102,-0.16483516483516483,0.4175824175824176,0.875,1.0,16,14
2137,0.8,0.705054945054945,0.2087912087912088,0.6043956043956044,0.6666666666666666,1.0,21,14
2138,0.28,0.2633846153846154,0.6043956043956044,0.8021978021978022,0.16279069767441862,1.0,86,14
2139,0.5853658536585366,0.48159645232815956,-0.18181818181818182,0.40909090909090906,0.41379310344827586,1.0,29,12
2140,0.5416666666666666,0.4666666666666666,0.07692307692307693,0.5384615384615384,0.37142857142857144,1.0,35,13
2142,0.8695652173913044,0.8405797101449275,0.7777777777777778,0.8888888888888888,1.0,0.7692307692307693,10,13
2143,0.8333333333333333,0.7142857142857142,0.047619047619047616,0.5238095238095238,0.7142857142857143,1.0,21,15
2144,0.5263157894736842,0.4421052631578947,-0.06666666666666667,0.4666666666666667,0.35714285714285715,1.0,42,15
2145,0.761904761904762,0.6476190476190476,0.0,0.5,0.6153846153846154,1.0,13,8
2147,0.1411764705882353,0.12192513368983955,0.09090909090909091,0.5454545454545454,0.0759493670886076,1.0,158,12
2149,0.5957446808510638,0.5427168576104745,0.4065934065934066,0.7032967032967032,0.42424242424242425,1.0,33,14
2150,0.5714285714285715,0.5042857142857143,0.21666666666666667,0.6083333333333334,0.4,1.0,40,16
2151,0.7222222222222222,0.6638888888888889,0.46153846153846156,0.7307692307692308,0.5652173913043478,1.0,23,13
2152,0.7000000000000001,0.5892307692307692,-0.054945054945054944,0.4725274725274725,0.5384615384615384,1.0,26,14
2153,0.4444444444444445,0.38437118437118434,0.0989010989010989,0.5494505494505495,0.2857142857142857,1.0,49,14
2154,0.40625,0.371875,0.4358974358974359,0.717948717948718,0.2549019607843137,1.0,51,13
2155,0.7894736842105263,0.7218045112781954,0.42857142857142855,0.7142857142857143,0.6521739130434783,1.0,23,15
2156,0.22429906542056077,0.20186915887850468,0.3333333333333333,0.6666666666666666,0.12631578947368421,1.0,95,12
2157,0.15706806282722513,0.13956619296933434,0.2571428571428571,0.6285714285714286,0.08522727272727272,1.0,176,15
2158,0.6829268292682926,0.572607879924953,-0.07692307692307693,0.46153846153846156,0.5185185185185185,1.0,27,14
2159,0.896551724137931,0.7655172413793103,0.02564102564102564,0.5128205128205128,0.8125,1.0,16,13
2161,0.40625,0.3421875,-0.05128205128205128,0.47435897435897434,0.2549019607843137,1.0,51,13
2163,0.17777777777777776,0.15688888888888886,0.21666666666666667,0.6083333333333334,0.0975609756097561,1.0,164,16
2164,0.18897637795275588,0.16320687186828914,0.09090909090909091,0.5454545454545454,0.10434782608695652,1.0,115,12
2165,0.9696969696969697,0.8824242424242423,0.4,0.7,0.9411764705882353,1.0,17,16
2167,0.1589403973509934,0.1444912703190849,0.3939393939393939,0.696969696969697,0.08633093525179857,1.0,139,12
2168,0.923076923076923,0.7636363636363634,-0.15151515151515152,0.42424242424242425,1.0,0.8571428571428571,12,14
2169,0.9285714285714286,0.8178571428571428,0.20512820512820512,0.6025641025641025,0.8666666666666667,1.0,15,13
2170,0.7894736842105263,0.7082706766917293,0.3142857142857143,0.6571428571428571,0.6521739130434783,1.0,23,15
2173,0.717948717948718,0.6019723865877712,-0.07692307692307693,0.46153846153846156,0.56,1.0,25,14
2174,0.5,0.4636363636363636,0.5151515151515151,0.7575757575757576,0.3333333333333333,1.0,36,12
2177,0.6792452830188679,0.5966703662597114,0.1895424836601307,0.5947712418300654,0.5142857142857142,1.0,35,18
2178,0.923076923076923,0.7972027972027971,0.09090909090909091,0.5454545454545454,0.8571428571428571,1.0,14,12
2179,0.8275862068965517,0.7184952978056426,0.12121212121212122,0.5606060606060606,0.7058823529411765,1.0,17,12
2180,0.52,0.428,-0.1794871794871795,0.41025641025641024,0.35135135135135137,1.0,37,13
2181,0.6666666666666666,0.5878787878787879,0.21212121212121213,0.6060606060606061,0.5,1.0,24,12
2182,0.4745762711864407,0.3932203389830508,-0.14285714285714285,0.4285714285714286,0.3111111111111111,1.0,45,14
2184,0.5517241379310345,0.4855172413793103,0.2,0.6,0.38095238095238093,1.0,42,16
2185,0.65,0.5425,-0.10256410256410256,0.44871794871794873,0.48148148148148145,1.0,27,13
2187,0.6829268292682926,0.572607879924953,-0.07692307692307693,0.46153846153846156,0.5185185185185185,1.0,27,14
2188,0.3943661971830986,0.34626218851570967,0.18681318681318682,0.5934065934065934,0.24561403508771928,1.0,57,14
2189,1.0,0.8269230769230769,-0.15384615384615385,0.4230769230769231,1.0,1.0,13,13
2190,0.7368421052631579,0.6526315789473683,0.23809523809523808,0.6190476190476191,1.0,0.5833333333333334,7,12
2191,0.6222222222222222,0.5524786324786325,0.25274725274725274,0.6263736263736264,0.45161290322580644,1.0,31,14
2192,0.9600000000000001,0.8203636363636364,0.030303030303030304,0.5151515151515151,0.9230769230769231,1.0,13,12
2194,0.4262295081967213,0.36393442622950817,0.02564102564102564,0.5128205128205128,0.2708333333333333,1.0,48,13
2195,0.8181818181818181,0.7499999999999999,0.4444444444444444,0.7222222222222222,1.0,0.6923076923076923,9,13
2196,0.9655172413793104,0.806366047745358,-0.0989010989010989,0.45054945054945056,1.0,0.9333333333333333,14,15
2197,0.9285714285714286,0.807142857142857,0.1282051282051282,0.5641025641025641,0.8666666666666667,1.0,15,13
2198,0.7647058823529412,0.6794117647058824,0.2564102564102564,0.6282051282051282,0.6190476190476191,1.0,21,13
2199,0.2028985507246377,0.16610925306577481,-0.2087912087912088,0.3956043956043956,0.11290322580645161,1.0,124,14
2200,0.9600000000000001,0.7898181818181818,-0.18181818181818182,0.40909090909090906,0.9230769230769231,1.0,13,12
2202,0.7499999999999999,0.6443181818181817,0.06060606060606061,0.5303030303030303,0.6,1.0,20,12
2203,0.9032258064516129,0.7602977667493795,-0.054945054945054944,0.4725274725274725,0.8235294117647058,1.0,17,14
2204,1.0,0.8961538461538461,0.3076923076923077,0.6538461538461539,1.0,1.0,13,13
2205,0.5909090909090909,0.5136363636363636,0.1282051282051282,0.5641025641025641,0.41935483870967744,1.0,31,13
2206,0.2638888888888889,0.22361111111111112,-0.017543859649122806,0.49122807017543857,0.152,1.0,125,19
2207,0.3287671232876712,0.2719800747198007,-0.15151515151515152,0.42424242424242425,0.19672131147540983,1.0,61,12
2209,0.32608695652173914,0.27391304347826084,-0.06666666666666667,0.4666666666666667,0.19480519480519481,1.0,77,15
2210,0.8235294117647058,0.739366515837104,0.31868131868131866,0.6593406593406593,0.7,1.0,20,14
2212,0.23333333333333334,0.1987179487179487,0.01098901098901099,0.5054945054945055,0.1320754716981132,1.0,106,14
2214,0.3578947368421052,0.3128947368421052,0.16176470588235295,0.5808823529411765,0.21794871794871795,1.0,78,17
2215,0.896551724137931,0.7862068965517242,0.1794871794871795,0.5897435897435898,0.8125,1.0,16,13
2216,0.9600000000000001,0.8072727272727273,-0.06060606060606061,0.4696969696969697,1.0,0.9230769230769231,12,13
2218,0.9655172413793104,0.8604774535809019,0.27472527472527475,0.6373626373626373,0.9333333333333333,1.0,15,14
2219,0.56,0.47323076923076923,-0.03296703296703297,0.4835164835164835,0.3888888888888889,1.0,36,14
2223,0.7368421052631579,0.6566801619433198,0.27472527472527475,0.6373626373626373,0.5833333333333334,1.0,24,14
2224,0.65,0.555,0.02564102564102564,0.5128205128205128,0.48148148148148145,1.0,27,13
2226,0.7317073170731707,0.6209059233449477,-0.009523809523809525,0.49523809523809526,0.5769230769230769,1.0,26,15
2227,0.34285714285714286,0.2883116883116883,-0.06060606060606061,0.4696969696969697,0.20689655172413793,1.0,58,12
2228,0.2568807339449541,0.22808750882145373,0.25274725274725274,0.6263736263736264,0.14736842105263157,1.0,95,14
2229,0.8666666666666666,0.7533333333333332,0.1282051282051282,0.5641025641025641,0.7647058823529411,1.0,17,13
2230,0.6666666666666666,0.5611721611721611,-0.054945054945054944,0.4725274725274725,0.5,1.0,28,14
2231,0.923076923076923,0.8307692307692306,0.3333333333333333,0.6666666666666666,1.0,0.8571428571428571,12,14
2232,0.6666666666666666,0.5501831501831501,-0.16483516483516483,0.4175824175824176,0.5,1.0,28,14
2233,0.5098039215686275,0.4431372549019608,0.1282051282051282,0.5641025641025641,0.34210526315789475,1.0,38,13
2234,0.6341463414634146,0.5829268292682926,0.46153846153846156,0.7307692307692308,0.4642857142857143,1.0,28,13
2235,0.7777777777777778,0.6982905982905983,0.31868131868131866,0.6593406593406593,0.6363636363636364,1.0,22,14
2236,0.6046511627906976,0.49999999999999994,-0.15384615384615385,0.4230769230769231,0.43333333333333335,1.0,30,13
2238,0.4905660377358491,0.439622641509434,0.3076923076923077,0.6538461538461539,0.325,1.0,40,13
2239,0.19402985074626863,0.15597014925373132,-0.3076923076923077,0.34615384615384615,0.10743801652892562,1.0,121,13
2240,0.7000000000000001,0.6330769230769231,0.3626373626373626,0.6813186813186813,0.5384615384615384,1.0,26,14
2241,0.6,0.5399999999999999,0.3333333333333333,0.6666666666666666,0.42857142857142855,1.0,28,12
2243,0.8205128205128205,0.7076923076923076,0.08333333333333333,0.5416666666666666,0.6956521739130435,1.0,23,16
2244,0.2524271844660194,0.22427184466019418,0.2564102564102564,0.6282051282051282,0.14444444444444443,1.0,90,13
2245,0.7272727272727273,0.6381818181818182,0.18333333333333332,0.5916666666666667,0.5714285714285714,1.0,28,16
2246,0.896551724137931,0.8137931034482758,0.38461538461538464,0.6923076923076923,0.8125,1.0,16,13
2247,0.9655172413793104,0.8509283819628647,0.2087912087912088,0.6043956043956044,1.0,0.9333333333333333,14,15
2248,0.9375,0.8330357142857143,0.2571428571428571,0.6285714285714286,0.8823529411764706,1.0,17,15
2249,0.923076923076923,0.7678321678321678,-0.12121212121212122,0.4393939393939394,0.8571428571428571,1.0,14,12
2251,0.8484848484848484,0.7142191142191141,-0.054945054945054944,0.4725274725274725,0.7368421052631579,1.0,19,14
2252,0.7894736842105263,0.7240601503759397,0.44761904761904764,0.7238095238095238,0.6521739130434783,1.0,23,15
2253,0.5,0.4236363636363636,-0.01818181818181818,0.4909090909090909,0.3333333333333333,1.0,33,11
2254,0.37333333333333335,0.33887179487179486,0.38461538461538464,0.6923076923076923,0.22950819672131148,1.0,61,14
2255,0.7272727272727273,0.6115702479338843,-0.06060606060606061,0.4696969696969697,0.5714285714285714,1.0,21,12
2256,0.6521739130434783,0.6,0.4666666666666667,0.7333333333333334,0.4838709677419355,1.0,31,15
2257,0.7272727272727273,0.6280991735537189,0.09090909090909091,0.5454545454545454,0.5714285714285714,1.0,21,12
2258,0.32941176470588235,0.2957466063348416,0.31868131868131866,0.6593406593406593,0.19718309859154928,1.0,71,14
2259,0.717948717948718,0.6232741617357002,0.12087912087912088,0.5604395604395604,0.56,1.0,25,14
2263,1.0,0.9045454545454545,0.36363636363636365,0.6818181818181819,1.0,1.0,12,12
2264,0.7027027027027027,0.6270270270270271,0.28205128205128205,0.641025641025641,0.5416666666666666,1.0,24,13
2266,0.8571428571428571,0.7071428571428571,-0.16666666666666666,0.4166666666666667,1.0,0.75,9,12
2267,0.631578947368421,0.5454545454545454,0.09090909090909091,0.5454545454545454,0.46153846153846156,1.0,26,12
2268,0.6666666666666666,0.5999999999999999,0.3333333333333333,0.6666666666666666,1.0,0.5,7,14
2269,0.8,0.7090909090909091,0.24242424242424243,0.6212121212121212,0.6666666666666666,1.0,18,12
2270,0.8275862068965517,0.6921630094043887,-0.09090909090909091,0.45454545454545453,0.7058823529411765,1.0,17,12
2271,0.24561403508771928,0.22132253711201075,0.34065934065934067,0.6703296703296704,0.14,1.0,100,14
2272,0.653061224489796,0.569795918367347,0.15,0.575,0.48484848484848486,1.0,33,16
2273,0.7333333333333334,0.6693333333333333,0.41818181818181815,0.7090909090909091,0.5789473684210527,1.0,19,11
2275,0.52,0.456,0.1794871794871795,0.5897435897435898,0.35135135135135137,1.0,37,13
2276,0.5652173913043478,0.5239130434782608,0.5128205128205128,0.7564102564102564,0.3939393939393939,1.0,33,13
2277,0.962962962962963,0.874074074074074,0.38461538461538464,0.6923076923076923,1.0,0.9285714285714286,13,14
2278,0.43636363636363634,0.37090909090909085,0.0,0.5,0.27906976744186046,1.0,43,12
2279,0.6486486486486487,0.5778869778869778,0.2727272727272727,0.6363636363636364,0.48,1.0,25,12
2280,0.8,0.74989010989011,0.5824175824175825,0.7912087912087913,0.6666666666666666,1.0,21,14
2282,0.9523809523809523,0.8380952380952379,0.2,0.6,1.0,0.9090909090909091,10,11
2283,1.0,0.9227272727272726,0.48484848484848486,0.7424242424242424,1.0,1.0,12,12
2284,0.5454545454545454,0.4338842975206611,-0.36363636363636365,0.3181818181818182,0.375,1.0,32,12
2287,0.9285714285714286,0.7714285714285714,-0.1282051282051282,0.4358974358974359,0.8666666666666667,1.0,15,13
2288,0.9565217391304348,0.8313043478260869,0.12727272727272726,0.5636363636363636,1.0,0.9166666666666666,11,12
2289,0.65,0.5599999999999999,0.07692307692307693,0.5384615384615384,0.48148148148148145,1.0,27,13
2293,0.2424242424242424,0.21377410468319558,0.21212121212121213,0.6060606060606061,0.13793103448275862,1.0,87,12
2294,0.8571428571428571,0.7675324675324674,0.30303030303030304,0.6515151515151515,0.75,1.0,16,12
2295,0.18604651162790695,0.16405919661733612,0.21212121212121213,0.6060606060606061,0.10256410256410256,1.0,117,12
2297,0.8125000000000001,0.678125,-0.10256410256410256,0.44871794871794873,0.6842105263157895,1.0,19,13
2298,0.8,0.6690909090909091,-0.09090909090909091,0.45454545454545453,0.6666666666666666,1.0,18,12
2301,0.18691588785046725,0.1744548286604361,0.5555555555555556,0.7777777777777778,0.10309278350515463,1.0,97,10
2302,0.896551724137931,0.7862068965517242,0.1794871794871795,0.5897435897435898,0.8125,1.0,16,13
2303,0.48387096774193555,0.4534562211981567,0.580952380952381,0.7904761904761906,0.3191489361702128,1.0,47,15
2304,0.13186813186813187,0.09758241758241758,-0.7333333333333333,0.13333333333333336,0.07058823529411765,1.0,85,6
2305,0.43636363636363634,0.36297520661157023,-0.12121212121212122,0.4393939393939394,0.27906976744186046,1.0,43,12
2306,0.43333333333333335,0.375,0.10256410256410256,0.5512820512820513,0.2765957446808511,1.0,47,13
2307,0.7777777777777778,0.6777777777777777,0.14285714285714285,0.5714285714285714,0.6363636363636364,1.0,22,14
2308,0.888888888888889,0.795959595959596,0.30303030303030304,0.6515151515151515,0.8,1.0,15,12
2309,0.9285714285714286,0.7857142857142856,-0.02564102564102564,0.48717948717948717,0.8666666666666667,1.0,15,13
2310,0.22018348623853212,0.1871559633027523,0.0,0.5,0.12371134020618557,1.0,97,12
2311,0.962962962962963,0.8333333333333333,0.10256410256410256,0.5512820512820513,1.0,0.9285714285714286,13,14
2313,0.5714285714285715,0.5272727272727273,0.48484848484848486,0.7424242424242424,0.4,1.0,30,12
2315,0.787878787878788,0.7393939393939395,0.5897435897435898,0.7948717948717949,0.65,1.0,20,13
2316,0.6666666666666666,0.5818181818181818,0.15151515151515152,0.5757575757575758,0.5,1.0,24,12
2317,0.787878787878788,0.6454545454545455,-0.20512820512820512,0.39743589743589747,0.65,1.0,20,13
2318,0.9655172413793104,0.876392572944297,0.38461538461538464,0.6923076923076923,0.9333333333333333,1.0,15,14
2319,0.6190476190476191,0.5571428571428572,0.3333333333333333,0.6666666666666666,0.4482758620689655,1.0,29,13
2321,0.7499999999999999,0.6272727272727271,-0.09090909090909091,0.45454545454545453,0.6,1.0,20,12
2322,0.6666666666666666,0.5688888888888888,0.022222222222222223,0.5111111111111111,0.5,1.0,20,10
2323,0.9142857142857143,0.7771428571428571,0.0,0.5,0.8421052631578947,1.0,19,16
2324,0.9523809523809523,0.857142857142857,0.3333333333333333,0.6666666666666666,1.0,0.9090909090909091,10,11
2325,0.6153846153846153,0.5246153846153845,0.016666666666666666,0.5083333333333333,0.4444444444444444,1.0,36,16
2328,0.14545454545454545,0.136198347107438,0.5757575757575758,0.7878787878787878,0.0784313725490196,1.0,153,12
2329,0.7647058823529412,0.6970588235294117,0.41025641025641024,0.7051282051282051,0.6190476190476191,1.0,21,13
2330,0.631578947368421,0.5540669856459329,0.18181818181818182,0.5909090909090909,0.46153846153846156,1.0,26,12
2331,0.46428571428571425,0.38928571428571423,-0.07692307692307693,0.46153846153846156,0.3023255813953488,1.0,43,13
2332,0.7058823529411764,0.6256684491978609,0.24242424242424243,0.6212121212121212,0.5454545454545454,1.0,22,12
2333,0.962962962962963,0.8481481481481482,0.20512820512820512,0.6025641025641025,0.9285714285714286,1.0,14,13
2334,0.8484848484848484,0.7897435897435896,0.5384615384615384,0.7692307692307692,0.7368421052631579,1.0,19,14
2336,0.8387096774193548,0.6935483870967741,-0.15384615384615385,0.4230769230769231,0.7222222222222222,1.0,18,13
2337,0.7499999999999999,0.6545454545454544,0.15151515151515152,0.5757575757575758,0.6,1.0,20,12
2338,0.7096774193548387,0.6051612903225806,0.01818181818181818,0.509090909090909,0.55,1.0,20,11
2339,0.5833333333333334,0.5371794871794872,0.4725274725274725,0.7362637362637363,0.4117647058823529,1.0,34,14
2342,0.7741935483870968,0.6862170087976539,0.24242424242424243,0.6212121212121212,0.631578947368421,1.0,19,12
2343,0.32,0.2909090909090909,0.3939393939393939,0.696969696969697,0.19047619047619047,1.0,63,12
2344,0.36923076923076925,0.30713286713286714,-0.12121212121212122,0.4393939393939394,0.22641509433962265,1.0,53,12
2345,0.9565217391304348,0.8521739130434782,0.2727272727272727,0.6363636363636364,1.0,0.9166666666666666,11,12
2347,0.24528301886792453,0.22264150943396224,0.38461538461538464,0.6923076923076923,0.13978494623655913,1.0,93,13
2348,0.1517241379310345,0.136,0.3090909090909091,0.6545454545454545,0.08208955223880597,1.0,134,11
2352,0.6486486486486487,0.5454545454545454,-0.06060606060606061,0.4696969696969697,0.48,1.0,25,12
2353,0.7777777777777778,0.6752136752136751,0.12087912087912088,0.5604395604395604,0.6363636363636364,1.0,22,14
2354,0.2727272727272727,0.23610389610389607,0.10476190476190476,0.5523809523809524,0.15789473684210525,1.0,95,15
2355,0.8571428571428571,0.7714285714285714,0.3333333333333333,0.6666666666666666,0.75,1.0,16,12
2357,0.6666666666666666,0.6073260073260072,0.4065934065934066,0.7032967032967032,0.5,1.0,28,14
2358,0.6666666666666666,0.5166666666666666,-0.5,0.25,0.5,1.0,16,8
2359,0.6341463414634146,0.5707317073170731,0.3333333333333333,0.6666666666666666,0.4642857142857143,1.0,28,13
2360,0.888888888888889,0.7636363636363637,0.06060606060606061,0.5303030303030303,0.8,1.0,15,12
2362,0.8235294117647058,0.7529411764705882,0.42857142857142855,0.7142857142857143,0.7,1.0,20,14
2363,0.7499999999999999,0.596590909090909,-0.36363636363636365,0.3181818181818182,0.6,1.0,20,12
2365,0.5909090909090909,0.5045454545454545,0.02564102564102564,0.5128205128205128,0.41935483870967744,1.0,31,13
2366,0.7692307692307693,0.6637362637362637,0.08571428571428572,0.5428571428571428,0.625,1.0,24,15
2367,0.6451612903225806,0.5333333333333333,-0.15555555555555556,0.4222222222222222,0.47619047619047616,1.0,21,10
2369,0.8571428571428571,0.7987012987012986,0.5454545454545454,0.7727272727272727,0.75,1.0,16,12
2370,0.5333333333333333,0.509090909090909,0.696969696969697,0.8484848484848485,0.36363636363636365,1.0,33,12
2371,0.5333333333333333,0.44606060606060605,-0.09090909090909091,0.45454545454545453,0.36363636363636365,1.0,33,12
2372,0.52,0.446,0.05128205128205128,0.5256410256410257,0.35135135135135137,1.0,37,13
2373,0.6521739130434783,0.55527950310559,0.009523809523809525,0.5047619047619047,0.4838709677419355,1.0,31,15
2374,0.8571428571428571,0.807142857142857,0.6111111111111112,0.8055555555555556,1.0,0.75,9,12
2375,0.456140350877193,0.4052631578947368,0.2564102564102564,0.6282051282051282,0.29545454545454547,1.0,44,13
2376,0.183206106870229,0.16655100624566274,0.3939393939393939,0.696969696969697,0.10084033613445378,1.0,119,12
2378,0.7647058823529412,0.6794117647058824,0.2564102564102564,0.6282051282051282,0.6190476190476191,1.0,21,13
2379,0.3880597014925373,0.3522388059701492,0.38461538461538464,0.6923076923076923,0.24074074074074073,1.0,54,13
2381,0.1923076923076923,0.17820512820512818,0.5111111111111111,0.7555555555555555,0.10638297872340426,1.0,94,10
2382,0.9655172413793104,0.8541114058355438,0.23076923076923078,0.6153846153846154,0.9333333333333333,1.0,15,14
2383,0.8571428571428571,0.712987012987013,-0.12121212121212122,0.4393939393939394,0.75,1.0,16,12
2384,0.9655172413793104,0.8095490716180371,-0.07692307692307693,0.46153846153846156,0.9333333333333333,1.0,15,14
2385,0.8108108108108109,0.6648648648648648,-0.2,0.4,0.6818181818181818,1.0,22,15
2386,0.5531914893617021,0.5085106382978724,0.46153846153846156,0.7307692307692308,0.38235294117647056,1.0,34,13
2388,0.6666666666666666,0.5919413919413918,0.25274725274725274,0.6263736263736264,0.5,1.0,28,14
2389,0.25225225225225223,0.22647262647262642,0.31868131868131866,0.6593406593406593,0.14432989690721648,1.0,97,14
2390,0.9333333333333333,0.7948717948717948,0.01098901098901099,0.5054945054945055,0.875,1.0,16,14
2391,0.7857142857142858,0.6485714285714287,-0.16363636363636364,0.4181818181818182,0.6470588235294118,1.0,17,11
2392,0.923076923076923,0.7888111888111887,0.030303030303030304,0.5151515151515151,0.8571428571428571,1.0,14,12
2393,0.7000000000000001,0.5892307692307692,-0.054945054945054944,0.4725274725274725,0.5384615384615384,1.0,26,14
2394,0.13953488372093023,0.11627906976744184,-0.1111111111111111,0.4444444444444444,0.075,1.0,120,9
2395,0.463768115942029,0.4057971014492754,0.16666666666666666,0.5833333333333334,0.3018867924528302,1.0,53,16
2397,0.6341463414634146,0.5853658536585366,0.48717948717948717,0.7435897435897436,0.4642857142857143,1.0,28,13
2398,0.34210526315789475,0.3078947368421052,0.3333333333333333,0.6666666666666666,0.20634920634920634,1.0,63,13
2399,0.653061224489796,0.5730612244897959,0.18333333333333332,0.5916666666666667,0.48484848484848486,1.0,33,16
2400,0.6,0.5290909090909091,0.21212121212121213,0.6060606060606061,0.42857142857142855,1.0,28,12
2401,0.2678571428571429,0.2525510204081633,0.6190476190476191,0.8095238095238095,0.15463917525773196,1.0,97,15
2402,0.631578947368421,0.5511961722488038,0.15151515151515152,0.5757575757575758,0.46153846153846156,1.0,26,12
2403,0.7499999999999999,0.6647727272727272,0.24242424242424243,0.6212121212121212,0.6,1.0,20,12
2404,0.923076923076923,0.7888111888111887,0.030303030303030304,0.5151515151515151,0.8571428571428571,1.0,14,12
2405,0.7692307692307693,0.6769230769230768,0.2,0.6,0.625,1.0,16,10
2406,0.6521739130434783,0.577639751552795,0.23809523809523808,0.6190476190476191,0.4838709677419355,1.0,31,15
2407,0.8571428571428571,0.7285714285714285,0.0,0.5,0.75,1.0,16,12
2408,0.4444444444444445,0.36363636363636365,-0.21212121212121213,0.3939393939393939,0.2857142857142857,1.0,42,12
2409,0.8181818181818181,0.7159090909090908,0.16666666666666666,0.5833333333333334,1.0,0.6923076923076923,9,13
2410,0.8571428571428571,0.7753246753246753,0.36363636363636365,0.6818181818181819,0.75,1.0,16,12
2411,0.45283018867924524,0.395197255574614,0.15151515151515152,0.5757575757575758,0.2926829268292683,1.0,41,12
2412,0.2758620689655173,0.24758620689655175,0.31666666666666665,0.6583333333333333,0.16,1.0,100,16
2414,1.0,0.8769230769230769,0.1794871794871795,0.5897435897435898,1.0,1.0,13,13
2416,0.9333333333333333,0.8810256410256411,0.6263736263736264,0.8131868131868132,0.875,1.0,16,14
2417,0.6153846153846153,0.5538461538461538,0.3333333333333333,0.6666666666666666,0.4444444444444444,1.0,27,12
2420,1.0,0.8954545454545454,0.30303030303030304,0.6515151515151515,1.0,1.0,12,12
2421,0.5531914893617021,0.4808510638297872,0.1282051282051282,0.5641025641025641,0.38235294117647056,1.0,34,13
2422,0.6666666666666666,0.6095238095238095,0.42857142857142855,0.7142857142857143,0.5,1.0,30,15
2428,0.5714285714285715,0.5064935064935066,0.24242424242424243,0.6212121212121212,0.4,1.0,30,12
2430,0.5217391304347826,0.45296442687747035,0.12121212121212122,0.5606060606060606,0.35294117647058826,1.0,34,12
2431,0.3157894736842105,0.29684210526315785,0.6,0.8,0.1875,1.0,32,6
2432,0.9565217391304348,0.8104347826086956,-0.01818181818181818,0.4909090909090909,0.9166666666666666,1.0,12,11
2435,0.9565217391304348,0.8469565217391304,0.23636363636363636,0.6181818181818182,1.0,0.9166666666666666,11,12
2436,0.20512820512820512,0.17216117216117213,-0.07142857142857142,0.4642857142857143,0.11428571428571428,1.0,70,8
2438,0.6153846153846153,0.523076923076923,0.0,0.5,0.4444444444444444,1.0,27,12
2439,0.2857142857142857,0.2659340659340659,0.5384615384615384,0.7692307692307692,0.16666666666666666,1.0,78,13
2440,0.888888888888889,0.787878787878788,0.24242424242424243,0.6212121212121212,0.8,1.0,15,12
2443,0.6341463414634146,0.5268292682926828,-0.1282051282051282,0.4358974358974359,0.4642857142857143,1.0,28,13
2444,0.3076923076923077,0.26713286713286716,0.12121212121212122,0.5606060606060606,0.18181818181818182,1.0,66,12
2446,0.25396825396825395,0.21968253968253967,0.1,0.55,0.14545454545454545,1.0,110,16
2447,0.8571428571428571,0.6930612244897958,-0.2761904761904762,0.3619047619047619,0.75,1.0,20,15
2448,0.22950819672131148,0.21311475409836064,0.5238095238095238,0.7619047619047619,0.12962962962962962,1.0,54,7
2449,0.7000000000000001,0.64,0.42857142857142855,0.7142857142857143,0.5384615384615384,1.0,13,7
2450,0.5853658536585366,0.532150776053215,0.3939393939393939,0.696969696969697,0.41379310344827586,1.0,29,12
2451,0.6486486486486487,0.5808353808353808,0.30303030303030304,0.6515151515151515,0.48,1.0,25,12
2452,0.8,0.7672727272727272,0.7272727272727273,0.8636363636363636,0.6666666666666666,1.0,18,12
2453,0.5454545454545454,0.44999999999999996,-0.16666666666666666,0.4166666666666667,0.375,1.0,24,9
2454,0.8387096774193548,0.7451612903225805,0.2564102564102564,0.6282051282051282,0.7222222222222222,1.0,18,13
2456,1.0,0.8909090909090909,0.2727272727272727,0.6363636363636364,1.0,1.0,12,12
2458,0.7741935483870968,0.6897360703812316,0.2727272727272727,0.6363636363636364,0.631578947368421,1.0,19,12
2459,0.65,0.5425,-0.10256410256410256,0.44871794871794873,0.48148148148148145,1.0,27,13
2461,0.3548387096774193,0.3161290322580645,0.2727272727272727,0.6363636363636364,0.21568627450980393,1.0,51,11
2462,0.7368421052631579,0.6210526315789473,-0.047619047619047616,0.47619047619047616,0.5833333333333334,1.0,12,7
2465,0.5853658536585366,0.5135254988913525,0.18181818181818182,0.5909090909090909,0.41379310344827586,1.0,29,12
2467,0.5882352941176471,0.5159663865546219,0.18095238095238095,0.5904761904761905,0.4166666666666667,1.0,36,15
2470,0.888888888888889,0.7919191919191919,0.2727272727272727,0.6363636363636364,0.8,1.0,15,12
2471,0.787878787878788,0.693939393939394,0.20512820512820512,0.6025641025641025,0.65,1.0,20,13
2473,0.34782608695652173,0.31462450592885377,0.36363636363636365,0.6818181818181819,0.21052631578947367,1.0,57,12
2474,0.45283018867924524,0.38696397941680954,0.030303030303030304,0.5151515151515151,0.2926829268292683,1.0,41,12
2478,0.26000000000000006,0.22200000000000006,0.02564102564102564,0.5128205128205128,0.14942528735632185,1.0,87,13
2479,0.38095238095238093,0.3307359307359307,0.12121212121212122,0.5606060606060606,0.23529411764705882,1.0,51,12
2480,0.6222222222222222,0.5278632478632479,-0.01098901098901099,0.4945054945054945,0.45161290322580644,1.0,31,14
2481,0.2571428571428572,0.23142857142857143,0.3333333333333333,0.6666666666666666,0.14754098360655737,1.0,61,9
2482,0.0909090909090909,0.07662337662337661,-0.047619047619047616,0.47619047619047616,0.047619047619047616,1.0,147,7
2483,0.5454545454545454,0.4388429752066115,-0.30303030303030304,0.3484848484848485,0.375,1.0,32,12
2484,0.9285714285714286,0.875,0.6153846153846154,0.8076923076923077,0.8666666666666667,1.0,15,13
2487,0.7142857142857143,0.6142857142857143,0.06666666666666667,0.5333333333333333,0.5555555555555556,1.0,18,10
2488,0.8148148148148148,0.6903703703703703,-0.01818181818181818,0.4909090909090909,0.6875,1.0,16,11
2489,0.6666666666666666,0.6012121212121211,0.34545454545454546,0.6727272727272727,0.5,1.0,22,11
2490,0.41379310344827586,0.36489028213166147,0.21212121212121213,0.6060606060606061,0.2608695652173913,1.0,46,12
2492,0.16901408450704225,0.15549295774647887,0.4666666666666667,0.7333333333333334,0.09230769230769231,1.0,65,6
2493,0.8,0.7090909090909091,0.24242424242424243,0.6212121212121212,0.6666666666666666,1.0,18,12
2494,0.8387096774193548,0.7193548387096773,0.05128205128205128,0.5256410256410257,0.7222222222222222,1.0,18,13
2495,0.7058823529411764,0.6064171122994652,0.06060606060606061,0.5303030303030303,0.5454545454545454,1.0,22,12
2496,0.6896551724137931,0.6114942528735632,0.24444444444444444,0.6222222222222222,0.5263157894736842,1.0,19,10
2498,0.9565217391304348,0.857391304347826,0.3090909090909091,0.6545454545454545,1.0,0.9166666666666666,11,12
2500,0.3571428571428571,0.32142857142857134,0.3333333333333333,0.6666666666666666,0.21739130434782608,1.0,46,10
2501,0.4583333333333333,0.38833333333333325,-0.01818181818181818,0.4909090909090909,0.2972972972972973,1.0,37,11
2502,0.8,0.68,0.0,0.5,0.6666666666666666,1.0,18,12
2503,0.72,0.612,0.0,0.5,0.5625,1.0,16,9
2504,0.923076923076923,0.7930069930069928,0.06060606060606061,0.5303030303030303,0.8571428571428571,1.0,14,12
2505,0.6060606060606061,0.509090909090909,-0.06666666666666667,0.4666666666666667,0.43478260869565216,1.0,23,10
2506,0.5,0.425,0.0,0.5,0.3333333333333333,1.0,27,9
2507,0.7272727272727273,0.6082644628099173,-0.09090909090909091,0.45454545454545453,0.5714285714285714,1.0,21,12
2508,0.5555555555555556,0.48518518518518516,0.15555555555555556,0.5777777777777777,0.38461538461538464,1.0,26,10
2512,1.0,0.85,0.0,0.5,1.0,1.0,12,12
2513,0.5,0.4089285714285714,-0.21428571428571427,0.39285714285714285,0.3333333333333333,1.0,24,8
2514,0.8571428571428571,0.7363636363636362,0.06060606060606061,0.5303030303030303,0.75,1.0,16,12
2515,0.888888888888889,0.8161616161616162,0.45454545454545453,0.7272727272727273,0.8,1.0,15,12
2516,0.6486486486486487,0.5513513513513514,0.0,0.5,0.48,1.0,25,12
2517,0.9375,0.7767857142857142,-0.14285714285714285,0.4285714285714286,0.8823529411764706,1.0,17,15
2518,0.7272727272727273,0.6247933884297521,0.06060606060606061,0.5303030303030303,0.5714285714285714,1.0,21,12
2519,0.5531914893617021,0.48723404255319147,0.20512820512820512,0.6025641025641025,0.38235294117647056,1.0,34,13
2520,0.896551724137931,0.7793103448275861,0.1282051282051282,0.5641025641025641,0.8125,1.0,16,13
2521,0.5882352941176471,0.4784313725490196,-0.24444444444444444,0.37777777777777777,0.4166666666666667,1.0,24,10
2522,0.7777777777777778,0.6854700854700855,0.2087912087912088,0.6043956043956044,0.6363636363636364,1.0,22,14
2523,0.38095238095238093,0.36190476190476184,0.6666666666666666,0.8333333333333333,0.23529411764705882,1.0,51,12
2524,0.2823529411764706,0.22203208556149728,-0.42424242424242425,0.28787878787878785,0.1643835616438356,1.0,73,12
2526,0.72,0.6479999999999999,0.3333333333333333,0.6666666666666666,0.5625,1.0,16,9
2527,0.3287671232876712,0.28244084682440845,0.06060606060606061,0.5303030303030303,0.19672131147540983,1.0,61,12
2528,0.5454545454545454,0.4760330578512396,0.15151515151515152,0.5757575757575758,0.375,1.0,32,12
2531,0.6511627906976745,0.5867620751341681,0.34065934065934067,0.6703296703296704,0.4827586206896552,1.0,29,14
2533,0.5853658536585366,0.49223946784922384,-0.06060606060606061,0.4696969696969697,0.41379310344827586,1.0,29,12
2534,0.6956521739130436,0.591304347826087,0.0,0.5,0.5333333333333333,1.0,15,8
2536,0.6451612903225806,0.546236559139785,-0.022222222222222223,0.4888888888888889,0.47619047619047616,1.0,21,10
2537,0.3157894736842105,0.27990430622009566,0.24242424242424243,0.6212121212121212,0.1875,1.0,64,12
2538,0.6428571428571429,0.5571428571428572,0.1111111111111111,0.5555555555555556,0.47368421052631576,1.0,19,9
2539,0.6296296296296297,0.5546296296296296,0.20588235294117646,0.6029411764705882,0.4594594594594595,1.0,37,17
2540,0.5853658536585366,0.5002217294900221,0.030303030303030304,0.5151515151515151,0.41379310344827586,1.0,29,12
2542,0.5106382978723404,0.4224371373307543,-0.15151515151515152,0.42424242424242425,0.34285714285714286,1.0,35,12
2543,0.9565217391304348,0.826086956521739,0.09090909090909091,0.5454545454545454,1.0,0.9166666666666666,11,12
2545,0.8421052631578948,0.7789473684210526,0.5,0.75,0.7272727272727273,1.0,11,8
2546,0.37037037037037035,0.32345679012345674,0.15555555555555556,0.5777777777777777,0.22727272727272727,1.0,44,10
2547,0.6666666666666666,0.5666666666666667,0.0,0.5,0.5,1.0,24,12
2548,0.7647058823529412,0.6794117647058824,0.2564102564102564,0.6282051282051282,0.6190476190476191,1.0,21,13
2549,0.6046511627906976,0.5302325581395348,0.1794871794871795,0.5897435897435898,0.43333333333333335,1.0,30,13
2550,0.16666666666666669,0.1462121212121212,0.18181818181818182,0.5909090909090909,0.09090909090909091,1.0,132,12
2553,0.38095238095238093,0.327891156462585,0.07142857142857142,0.5357142857142857,0.23529411764705882,1.0,34,8
2554,0.923076923076923,0.813986013986014,0.21212121212121213,0.6060606060606061,0.8571428571428571,1.0,14,12
2555,0.19999999999999998,0.17054545454545453,0.01818181818181818,0.509090909090909,0.1111111111111111,1.0,99,11
2556,0.5306122448979591,0.4428571428571427,-0.10256410256410256,0.44871794871794873,0.3611111111111111,1.0,36,13
2557,0.8666666666666666,0.8066666666666665,0.5384615384615384,0.7692307692307692,0.7647058823529411,1.0,17,13
2558,0.2631578947368421,0.22368421052631576,0.0,0.5,0.15151515151515152,1.0,33,5
2559,0.787878787878788,0.706060606060606,0.3076923076923077,0.6538461538461539,0.65,1.0,20,13
2560,0.88,0.7455999999999999,-0.01818181818181818,0.4909090909090909,1.0,0.7857142857142857,11,14
2562,0.8571428571428571,0.7297959183673469,0.009523809523809525,0.5047619047619047,0.75,1.0,20,15
2563,0.3611111111111111,0.3,-0.1282051282051282,0.4358974358974359,0.22033898305084745,1.0,59,13
2564,1.0,0.8833333333333333,0.2222222222222222,0.6111111111111112,1.0,1.0,9,9
2565,0.8148148148148148,0.7259259259259259,0.2727272727272727,0.6363636363636364,0.6875,1.0,16,11
2566,0.20437956204379562,0.18147108366086467,0.25274725274725274,0.6263736263736264,0.11382113821138211,1.0,123,14
2568,0.8421052631578948,0.7518796992481203,0.2857142857142857,0.6428571428571428,0.7272727272727273,1.0,11,8
2569,0.9032258064516129,0.7811414392059552,0.0989010989010989,0.5494505494505495,0.8235294117647058,1.0,17,14
2571,0.5333333333333333,0.4533333333333333,0.0,0.5,0.36363636363636365,1.0,22,8
2572,0.6666666666666666,0.6044444444444443,0.37777777777777777,0.6888888888888889,0.5,1.0,20,10
2573,0.8571428571428571,0.7870129870129869,0.45454545454545453,0.7272727272727273,0.75,1.0,16,12
2574,0.7499999999999999,0.6920454545454544,0.48484848484848486,0.7424242424242424,0.6,1.0,20,12
2575,0.7499999999999999,0.6613636363636363,0.21212121212121213,0.6060606060606061,0.6,1.0,20,12
2576,0.25,0.22045454545454546,0.21212121212121213,0.6060606060606061,0.14285714285714285,1.0,84,12
2577,0.45283018867924524,0.41372212692967403,0.42424242424242425,0.7121212121212122,0.2926829268292683,1.0,41,12
2580,0.2857142857142857,0.2571428571428571,0.3333333333333333,0.6666666666666666,0.16666666666666666,1.0,36,6
2581,0.33333333333333337,0.28589743589743594,0.05128205128205128,0.5256410256410257,0.2,1.0,65,13
2582,0.7741935483870968,0.6862170087976539,0.24242424242424243,0.6212121212121212,0.631578947368421,1.0,19,12
2583,0.782608695652174,0.6326086956521738,-0.2777777777777778,0.3611111111111111,0.6428571428571429,1.0,14,9
2584,0.5909090909090909,0.47727272727272724,-0.28205128205128205,0.358974358974359,0.41935483870967744,1.0,31,13
2585,0.5714285714285715,0.47532467532467537,-0.12121212121212122,0.4393939393939394,0.4,1.0,30,12
2586,0.36,0.285,-0.3888888888888889,0.3055555555555556,0.21951219512195122,1.0,41,9
2588,0.5555555555555556,0.4444444444444444,-0.3333333333333333,0.33333333333333337,0.38461538461538464,1.0,26,10
2589,0.5,0.45227272727272727,0.36363636363636365,0.6818181818181819,0.3333333333333333,1.0,36,12
2590,0.761904761904762,0.5986394557823129,-0.42857142857142855,0.2857142857142857,0.6153846153846154,1.0,13,8
2591,0.7407407407407407,0.6617283950617283,0.28888888888888886,0.6444444444444444,0.5882352941176471,1.0,17,10
2592,0.1285714285714286,0.12214285714285715,0.6666666666666666,0.8333333333333333,0.06870229007633588,1.0,131,9
2593,0.3582089552238806,0.3028493894165536,-0.030303030303030304,0.48484848484848486,0.21818181818181817,1.0,55,12
2594,0.8387096774193548,0.6806451612903225,-0.2564102564102564,0.3717948717948718,0.7222222222222222,1.0,18,13
2596,0.7647058823529412,0.6058823529411765,-0.38461538461538464,0.3076923076923077,0.6190476190476191,1.0,21,13
2597,0.7333333333333334,0.6933333333333332,0.6363636363636364,0.8181818181818181,0.5789473684210527,1.0,19,11
2598,0.3,0.26045454545454544,0.12121212121212122,0.5606060606060606,0.17647058823529413,1.0,68,12
2599,0.23762376237623764,0.2063006300630063,0.12121212121212122,0.5606060606060606,0.1348314606741573,1.0,89,12
2600,0.7272727272727273,0.6644628099173554,0.42424242424242425,0.7121212121212122,0.5714285714285714,1.0,21,12
2601,0.33802816901408456,0.28271446862996163,-0.09090909090909091,0.45454545454545453,0.2033898305084746,1.0,59,12
2604,0.65,0.5825,0.3076923076923077,0.6538461538461539,0.48148148148148145,1.0,27,13
2605,0.5454545454545454,0.45371900826446276,-0.12121212121212122,0.4393939393939394,0.375,1.0,32,12
2606,0.5185185185185185,0.4592592592592592,0.23809523809523808,0.6190476190476191,0.35,1.0,20,7
2607,0.7741935483870968,0.6615835777126099,0.030303030303030304,0.5151515151515151,0.631578947368421,1.0,19,12
2609,0.276595744680851,0.21808510638297868,-0.41025641025641024,0.2948717948717949,0.16049382716049382,1.0,81,13
2610,0.46808510638297873,0.40425531914893614,0.09090909090909091,0.5454545454545454,0.3055555555555556,1.0,36,11
2612,0.3243243243243243,0.27420147420147417,-0.030303030303030304,0.48484848484848486,0.1935483870967742,1.0,62,12
2613,0.7499999999999999,0.6749999999999998,0.3333333333333333,0.6666666666666666,0.6,1.0,20,12
2614,0.6857142857142856,0.645194805194805,0.6060606060606061,0.803030303030303,0.5217391304347826,1.0,23,12
2615,0.43333333333333335,0.3783333333333333,0.15384615384615385,0.5769230769230769,0.2765957446808511,1.0,47,13
2616,0.8,0.7485714285714287,0.5714285714285714,0.7857142857142857,1.0,0.6666666666666666,8,12
2617,0.6857142857142856,0.5735064935064934,-0.09090909090909091,0.45454545454545453,0.5217391304347826,1.0,23,12
2618,0.5416666666666666,0.5125,0.6410256410256411,0.8205128205128205,0.37142857142857144,1.0,35,13
2619,0.41791044776119407,0.35729047072330655,0.03296703296703297,0.5164835164835165,0.2641509433962264,1.0,53,14
2620,0.5454545454545454,0.44628099173553715,-0.21212121212121213,0.3939393939393939,0.375,1.0,32,12
2621,0.923076923076923,0.8307692307692306,0.3333333333333333,0.6666666666666666,0.8571428571428571,1.0,14,12
2622,0.9333333333333333,0.8656410256410256,0.5164835164835165,0.7582417582417582,0.875,1.0,16,14
2624,0.5714285714285715,0.464935064935065,-0.24242424242424243,0.3787878787878788,0.4,1.0,30,12
2626,0.7272727272727273,0.6512396694214876,0.30303030303030304,0.6515151515151515,0.5714285714285714,1.0,21,12
2627,0.7000000000000001,0.62,0.23809523809523808,0.6190476190476191,0.5384615384615384,1.0,13,7
2628,0.1297297297297297,0.10850122850122848,-0.09090909090909091,0.45454545454545453,0.06936416184971098,1.0,173,12
2629,0.9285714285714286,0.8178571428571428,0.20512820512820512,0.6025641025641025,0.8666666666666667,1.0,15,13
2630,0.5714285714285715,0.5071428571428572,0.25,0.625,0.4,1.0,40,16
2632,0.2608695652173913,0.22292490118577074,0.030303030303030304,0.5151515151515151,0.15,1.0,80,12
2633,0.4,0.36363636363636365,0.3939393939393939,0.696969696969697,0.25,1.0,48,12
2635,0.0821917808219178,0.0673972602739726,-0.2,0.4,0.04285714285714286,1.0,140,6
2636,0.8,0.6909090909090909,0.09090909090909091,0.5454545454545454,0.6666666666666666,1.0,18,12
2637,0.8,0.7381818181818182,0.48484848484848486,0.7424242424242424,0.6666666666666666,1.0,18,12
2638,0.25641025641025644,0.22564102564102564,0.2,0.6,0.14705882352941177,1.0,68,10
2639,0.5333333333333333,0.45818181818181813,0.06060606060606061,0.5303030303030303,0.36363636363636365,1.0,33,12
2640,0.9600000000000001,0.8072727272727273,-0.06060606060606061,0.4696969696969697,0.9230769230769231,1.0,13,12
2641,0.6666666666666666,0.6029304029304028,0.3626373626373626,0.6813186813186813,0.5,1.0,28,14
2644,0.8125000000000001,0.659375,-0.2564102564102564,0.3717948717948718,0.6842105263157895,1.0,19,13
2646,0.6486486486486487,0.5601965601965602,0.09090909090909091,0.5454545454545454,0.48,1.0,25,12
2647,0.5283018867924528,0.460377358490566,0.14285714285714285,0.5714285714285714,0.358974358974359,1.0,39,14
2648,0.9600000000000001,0.8203636363636364,0.030303030303030304,0.5151515151515151,1.0,0.9230769230769231,12,13
2649,1.0,0.8833333333333333,0.2222222222222222,0.6111111111111112,1.0,1.0,9,9
2650,0.4,0.35454545454545455,0.24242424242424243,0.6212121212121212,0.25,1.0,48,12
2651,0.16666666666666669,0.125,-0.6666666666666666,0.16666666666666669,0.09090909090909091,1.0,44,4
2652,0.6153846153846153,0.5314685314685313,0.09090909090909091,0.5454545454545454,0.4444444444444444,1.0,27,12
2653,0.65,0.5975,0.46153846153846156,0.7307692307692308,0.48148148148148145,1.0,27,13
2655,0.5581395348837209,0.4439746300211416,-0.36363636363636365,0.3181818181818182,0.3870967741935484,1.0,31,12
2656,0.8275862068965517,0.7335423197492162,0.24242424242424243,0.6212121212121212,0.7058823529411765,1.0,17,12
2657,0.4067796610169491,0.3624036979969183,0.2727272727272727,0.6363636363636364,0.2553191489361702,1.0,47,12
2658,0.6666666666666666,0.5589743589743589,-0.07692307692307693,0.46153846153846156,0.5,1.0,28,14
2659,0.4615384615384615,0.41923076923076913,0.3888888888888889,0.6944444444444444,0.3,1.0,30,9
2660,0.5714285714285715,0.48571428571428577,0.0,0.5,0.4,1.0,30,12
2661,0.5,0.43571428571428567,0.14285714285714285,0.5714285714285714,0.3333333333333333,1.0,24,8
2662,0.8,0.6666666666666666,-0.1111111111111111,0.4444444444444444,0.6666666666666666,1.0,15,10
2663,0.39344262295081966,0.3236959761549925,-0.18181818181818182,0.40909090909090906,0.24489795918367346,1.0,49,12
2664,0.5909090909090909,0.48863636363636365,-0.15384615384615385,0.4230769230769231,0.41935483870967744,1.0,31,13
2666,0.15789473684210528,0.13636363636363635,0.09090909090909091,0.5454545454545454,0.08571428571428572,1.0,140,12
2668,0.45161290322580644,0.4009925558312655,0.25274725274725274,0.6263736263736264,0.2916666666666667,1.0,48,14
2672,0.3389830508474576,0.28248587570621464,-0.1111111111111111,0.4444444444444444,0.20408163265306123,1.0,49,10
2673,0.48148148148148145,0.41666666666666663,0.10256410256410256,0.5512820512820513,0.3170731707317073,1.0,41,13
2674,0.9285714285714286,0.8535714285714285,0.46153846153846156,0.7307692307692308,0.8666666666666667,1.0,15,13
2676,0.631578947368421,0.5339712918660287,-0.030303030303030304,0.48484848484848486,0.46153846153846156,1.0,26,12
2677,0.8571428571428571,0.783116883116883,0.42424242424242425,0.7121212121212122,0.75,1.0,16,12
2678,0.6206896551724138,0.48103448275862065,-0.5,0.25,0.45,1.0,20,9
2679,0.5106382978723404,0.4804642166344293,0.6060606060606061,0.803030303030303,0.34285714285714286,1.0,35,12
2680,0.16042780748663102,0.1361344537815126,-0.009523809523809525,0.49523809523809526,0.0872093023255814,1.0,172,15
2681,0.625,0.5458333333333333,0.15555555555555556,0.5777777777777777,0.45454545454545453,1.0,22,10
2682,0.9090909090909091,0.7939393939393938,0.15555555555555556,0.5777777777777777,1.0,0.8333333333333334,10,12
2683,0.6428571428571429,0.5732142857142857,0.2777777777777778,0.6388888888888888,0.47368421052631576,1.0,19,9
2684,0.8750000000000001,0.7682692307692308,0.18681318681318682,0.5934065934065934,0.7777777777777778,1.0,18,14
2686,0.7058823529411764,0.6032085561497326,0.030303030303030304,0.5151515151515151,0.5454545454545454,1.0,22,12
2687,0.6666666666666666,0.5743589743589743,0.07692307692307693,0.5384615384615384,0.5,1.0,26,13
2688,0.5853658536585366,0.5215077605321508,0.2727272727272727,0.6363636363636364,0.41379310344827586,1.0,29,12
2692,0.9565217391304348,0.8417391304347825,0.2,0.6,1.0,0.9166666666666666,11,12
2693,0.962962962962963,0.8481481481481482,0.20512820512820512,0.6025641025641025,1.0,0.9285714285714286,13,14
2694,0.631578947368421,0.5770334928229665,0.42424242424242425,0.7121212121212122,0.46153846153846156,1.0,26,12
2695,0.7499999999999999,0.6920454545454544,0.48484848484848486,0.7424242424242424,0.6,1.0,20,12
2696,0.4,0.352,0.2,0.6,0.25,1.0,44,11
2697,0.18867924528301885,0.1761006289308176,0.5555555555555556,0.7777777777777778,0.10416666666666667,1.0,96,10
2698,0.46428571428571425,0.4142857142857142,0.28205128205128205,0.641025641025641,0.3023255813953488,1.0,43,13
2701,0.21538461538461542,0.17846153846153848,-0.14285714285714285,0.4285714285714286,0.1206896551724138,1.0,116,14
2702,0.3076923076923077,0.26461538461538464,0.06666666666666667,0.5333333333333333,0.18181818181818182,1.0,33,6
2703,0.5625,0.47812499999999997,0.0,0.5,0.391304347826087,1.0,23,9
2705,0.5106382978723404,0.42011605415860725,-0.18181818181818182,0.40909090909090906,0.34285714285714286,1.0,35,12
2706,0.17391304347826084,0.14868609651218342,0.03296703296703297,0.5164835164835165,0.09523809523809523,1.0,147,14
2707,0.9600000000000001,0.8029090909090909,-0.09090909090909091,0.45454545454545453,0.9230769230769231,1.0,13,12
2708,0.8,0.6981818181818182,0.15151515151515152,0.5757575757575758,0.6666666666666666,1.0,18,12
2709,0.16901408450704225,0.1551856594110115,0.45454545454545453,0.7272727272727273,0.09230769230769231,1.0,130,12
2710,0.3181818181818182,0.27517482517482517,0.0989010989010989,0.5494505494505495,0.1891891891891892,1.0,74,14
2711,0.6153846153846153,0.5538461538461538,0.3333333333333333,0.6666666666666666,0.4444444444444444,1.0,27,12
2712,0.8181818181818181,0.6818181818181817,-0.1111111111111111,0.4444444444444444,0.6923076923076923,1.0,13,9
2714,0.8,0.7163636363636363,0.30303030303030304,0.6515151515151515,0.6666666666666666,1.0,18,12
2715,0.13740458015267176,0.11450381679389313,-0.1111111111111111,0.4444444444444444,0.07377049180327869,1.0,122,9
2716,0.5333333333333333,0.4533333333333333,0.0,0.5,0.36363636363636365,1.0,33,12
2718,0.3076923076923077,0.2937062937062937,0.696969696969697,0.8484848484848485,0.18181818181818182,1.0,66,12
2719,0.22988505747126434,0.22068965517241376,0.7333333333333333,0.8666666666666667,0.12987012987012986,1.0,77,10
2720,0.5882352941176471,0.5058823529411764,0.06666666666666667,0.5333333333333333,0.4166666666666667,1.0,24,10
2722,0.6666666666666666,0.5619047619047618,-0.047619047619047616,0.47619047619047616,0.5,1.0,14,7
2724,0.5853658536585366,0.5002217294900221,0.030303030303030304,0.5151515151515151,0.41379310344827586,1.0,29,12
2725,0.6153846153846153,0.5006993006993006,-0.24242424242424243,0.3787878787878788,0.4444444444444444,1.0,27,12
2726,0.14634146341463414,0.1350332594235033,0.48484848484848486,0.7424242424242424,0.07894736842105263,1.0,152,12
2727,0.631578947368421,0.5770334928229665,0.42424242424242425,0.7121212121212122,0.46153846153846156,1.0,26,12
2728,0.23076923076923078,0.2034965034965035,0.21212121212121213,0.6060606060606061,0.13043478260869565,1.0,92,12
2729,0.163265306122449,0.14025974025974025,0.06060606060606061,0.5303030303030303,0.08888888888888889,1.0,135,12
2730,0.923076923076923,0.8349650349650349,0.36363636363636365,0.6818181818181819,0.8571428571428571,1.0,14,12
2731,0.42424242424242425,0.3878787878787879,0.42857142857142855,0.7142857142857143,0.2692307692307692,1.0,26,7
2732,0.8571428571428571,0.7428571428571428,0.1111111111111111,0.5555555555555556,0.75,1.0,12,9
2733,0.27956989247311825,0.243010752688172,0.1282051282051282,0.5641025641025641,0.1625,1.0,80,13
2734,0.8,0.6763636363636364,-0.030303030303030304,0.48484848484848486,0.6666666666666666,1.0,18,12
2735,0.7222222222222222,0.6444444444444444,0.28205128205128205,0.641025641025641,0.5652173913043478,1.0,23,13
2738,0.20168067226890757,0.18609625668449195,0.48484848484848486,0.7424242424242424,0.11214953271028037,1.0,107,12
2739,0.3508771929824561,0.31111111111111106,0.24444444444444444,0.6222222222222222,0.2127659574468085,1.0,47,10
2741,0.7142857142857143,0.6306122448979592,0.21904761904761905,0.6095238095238096,0.5555555555555556,1.0,27,15
2742,0.5853658536585366,0.5215077605321508,0.2727272727272727,0.6363636363636364,0.41379310344827586,1.0,29,12
2744,0.6666666666666666,0.5575757575757575,-0.09090909090909091,0.45454545454545453,0.5,1.0,22,11
2746,0.6666666666666666,0.5777777777777777,0.1111111111111111,0.5555555555555556,0.5,1.0,20,10
2747,0.45161290322580644,0.3483870967741935,-0.5238095238095238,0.23809523809523808,0.2916666666666667,1.0,24,7
2748,0.4799999999999999,0.41890909090909084,0.15151515151515152,0.5757575757575758,0.3157894736842105,1.0,38,12
2749,0.5106382978723404,0.4804642166344293,0.6060606060606061,0.803030303030303,0.34285714285714286,1.0,35,12
2750,0.6486486486486487,0.5395577395577396,-0.12121212121212122,0.4393939393939394,0.48,1.0,25,12
2751,0.5217391304347826,0.4695652173913043,0.3333333333333333,0.6666666666666666,0.35294117647058826,1.0,34,12
2752,0.14814814814814814,0.13135802469135802,0.24444444444444444,0.6222222222222222,0.08,1.0,125,10
2753,0.888888888888889,0.7999999999999999,0.3333333333333333,0.6666666666666666,0.8,1.0,15,12
2755,0.7499999999999999,0.7022727272727272,0.5757575757575758,0.7878787878787878,0.6,1.0,20,12
2756,0.5882352941176471,0.534453781512605,0.3904761904761905,0.6952380952380952,0.4166666666666667,1.0,36,15
2757,0.4347826086956522,0.38509316770186336,0.23809523809523808,0.6190476190476191,0.2777777777777778,1.0,54,15
2760,0.2857142857142857,0.24415584415584413,0.030303030303030304,0.5151515151515151,0.16666666666666666,1.0,72,12
2761,0.3513513513513513,0.2905405405405405,-0.15384615384615385,0.4230769230769231,0.21311475409836064,1.0,61,13
2762,0.6190476190476191,0.530952380952381,0.05128205128205128,0.5256410256410257,0.4482758620689655,1.0,29,13
2763,0.9600000000000001,0.8334545454545456,0.12121212121212122,0.5606060606060606,0.9230769230769231,1.0,13,12
2764,0.9565217391304348,0.7582608695652174,-0.38181818181818183,0.3090909090909091,0.9166666666666666,1.0,12,11
2765,0.34146341463414637,0.3076923076923077,0.34065934065934067,0.6703296703296704,0.20588235294117646,1.0,68,14
2766,0.8205128205128205,0.7138461538461537,0.13333333333333333,0.5666666666666667,0.6956521739130435,1.0,23,16
2767,0.846153846153846,0.7399999999999999,0.16363636363636364,0.5818181818181818,1.0,0.7333333333333333,11,15
2768,0.7317073170731707,0.6815331010452961,0.5428571428571428,0.7714285714285714,0.5769230769230769,1.0,26,15
2769,0.43333333333333335,0.36,-0.1282051282051282,0.4358974358974359,0.2765957446808511,1.0,47,13
2771,0.8275862068965517,0.722257053291536,0.15151515151515152,0.5757575757575758,0.7058823529411765,1.0,17,12
2773,0.1923076923076923,0.16263736263736261,-0.02857142857142857,0.4857142857142857,0.10638297872340426,1.0,141,15
2776,0.5714285714285715,0.464935064935065,-0.24242424242424243,0.3787878787878788,0.4,1.0,30,12
2777,0.6857142857142856,0.6514285714285712,0.6666666666666666,0.8333333333333333,0.5217391304347826,1.0,23,12
2778,0.1775147928994083,0.158748943364328,0.29523809523809524,0.6476190476190476,0.09740259740259741,1.0,154,15
2779,0.6666666666666666,0.5783333333333333,0.11666666666666667,0.5583333333333333,0.5,1.0,32,16
2780,0.46808510638297873,0.4323404255319149,0.4909090909090909,0.7454545454545455,0.3055555555555556,1.0,36,11
2785,0.8,0.6581818181818182,-0.18181818181818182,0.40909090909090906,0.6666666666666666,1.0,18,12
2786,0.7894736842105263,0.6812030075187969,0.08571428571428572,0.5428571428571428,0.6521739130434783,1.0,23,15
2789,0.6,0.5399999999999999,0.3333333333333333,0.6666666666666666,0.42857142857142855,1.0,21,9
2790,0.6382978723404256,0.5306990881458967,-0.12380952380952381,0.4380952380952381,0.46875,1.0,32,15
2791,0.5,0.46818181818181814,0.5757575757575758,0.7878787878787878,0.3333333333333333,1.0,36,12
2792,0.5283018867924528,0.4516690856313498,0.03296703296703297,0.5164835164835165,0.358974358974359,1.0,39,14
2793,0.3846153846153846,0.3256410256410256,-0.022222222222222223,0.4888888888888889,0.23809523809523808,1.0,42,10
2795,0.8235294117647058,0.690497737556561,-0.07692307692307693,0.46153846153846156,0.7,1.0,20,14
2796,0.3823529411764706,0.33529411764705885,0.1794871794871795,0.5897435897435898,0.23636363636363636,1.0,55,13
2797,0.5217391304347826,0.46482213438735176,0.2727272727272727,0.6363636363636364,0.35294117647058826,1.0,34,12
2798,0.6829268292682926,0.5996247654784239,0.18681318681318682,0.5934065934065934,0.5185185185185185,1.0,27,14
2799,0.37333333333333335,0.31056410256410255,-0.12087912087912088,0.43956043956043955,0.22950819672131148,1.0,61,14
2803,0.6666666666666666,0.6121212121212121,0.45454545454545453,0.7272727272727273,0.5,1.0,22,11
2808,0.3561643835616438,0.3191780821917808,0.3076923076923077,0.6538461538461539,0.21666666666666667,1.0,60,13
2810,0.8275862068965517,0.6846394984326017,-0.15151515151515152,0.42424242424242425,0.7058823529411765,1.0,17,12
2811,0.2857142857142857,0.26285714285714284,0.4666666666666667,0.7333333333333334,0.16666666666666666,1.0,60,10
2812,0.4166666666666667,0.3611111111111111,0.1111111111111111,0.5555555555555556,0.2631578947368421,1.0,38,10
2813,0.7111111111111111,0.6222222222222222,0.16666666666666666,0.5833333333333334,0.5517241379310345,1.0,29,16
2814,0.7692307692307693,0.6901098901098901,0.3142857142857143,0.6571428571428571,0.625,1.0,24,15
2815,0.8666666666666666,0.7699999999999999,0.2564102564102564,0.6282051282051282,0.7647058823529411,1.0,17,13
2817,0.5454545454545454,0.49090909090909085,0.3333333333333333,0.6666666666666666,0.375,1.0,32,12
2818,0.8275862068965517,0.6658307210031347,-0.30303030303030304,0.3484848484848485,0.7058823529411765,1.0,17,12
2821,0.6857142857142856,0.6109090909090908,0.2727272727272727,0.6363636363636364,0.5217391304347826,1.0,23,12
2822,0.43076923076923085,0.4123076923076924,0.7142857142857143,0.8571428571428572,0.27450980392156865,1.0,51,14
2823,0.33333333333333337,0.2984848484848485,0.30303030303030304,0.6515151515151515,0.2,1.0,60,12
2824,0.16901408450704225,0.1498079385403329,0.24242424242424243,0.6212121212121212,0.09230769230769231,1.0,130,12
2825,0.5,0.45178571428571423,0.35714285714285715,0.6785714285714286,0.3333333333333333,1.0,24,8
2829,0.3823529411764706,0.3602941176470588,0.6153846153846154,0.8076923076923077,0.23636363636363636,1.0,55,13
2831,0.2926829268292683,0.2634146341463414,0.3333333333333333,0.6666666666666666,0.17142857142857143,1.0,70,12
2833,0.8,0.7090909090909091,0.24242424242424243,0.6212121212121212,0.6666666666666666,1.0,18,12
2834,0.35,0.28423076923076923,-0.25274725274725274,0.37362637362637363,0.21212121212121213,1.0,66,14
2839,0.34210526315789475,0.30921052631578944,0.358974358974359,0.6794871794871795,0.20634920634920634,1.0,63,13
2841,0.2608695652173913,0.2442687747035573,0.5757575757575758,0.7878787878787878,0.15,1.0,80,12
2843,0.7000000000000001,0.6076923076923076,0.12087912087912088,0.5604395604395604,0.5384615384615384,1.0,26,14
2844,0.393939393939394,0.3333333333333333,-0.02564102564102564,0.48717948717948717,0.24528301886792453,1.0,53,13
2845,0.4347826086956522,0.36397515527950314,-0.08571428571428572,0.45714285714285713,0.2777777777777778,1.0,54,15
2846,0.8235294117647058,0.7529411764705882,0.42857142857142855,0.7142857142857143,0.7,1.0,20,14
2847,0.8275862068965517,0.6733542319749216,-0.24242424242424243,0.3787878787878788,0.7058823529411765,1.0,17,12
2849,0.923076923076923,0.8517482517482516,0.48484848484848486,0.7424242424242424,1.0,0.8571428571428571,12,14
2854,0.4117647058823529,0.3601809954751131,0.16483516483516483,0.5824175824175825,0.25925925925925924,1.0,54,14
2855,0.7741935483870968,0.696774193548387,0.3333333333333333,0.6666666666666666,0.631578947368421,1.0,19,12
2861,0.20437956204379562,0.16732172936552497,-0.2087912087912088,0.3956043956043956,0.11382113821138211,1.0,123,14
2862,0.9166666666666666,0.8266666666666665,0.34545454545454546,0.6727272727272727,1.0,0.8461538461538461,11,13
2867,0.3513513513513513,0.2986486486486486,0.0,0.5,0.21311475409836064,1.0,61,13
2868,0.19858156028368792,0.17828696126568463,0.31868131868131866,0.6593406593406593,0.11023622047244094,1.0,127,14
2870,0.2947368421052632,0.2519838056680162,0.03296703296703297,0.5164835164835165,0.1728395061728395,1.0,81,14
2872,0.8,0.6892307692307692,0.07692307692307693,0.5384615384615384,0.6666666666666666,1.0,21,14
2873,0.7499999999999999,0.6492857142857141,0.10476190476190476,0.5523809523809524,0.6,1.0,25,15
2874,0.6046511627906976,0.5604651162790697,0.5128205128205128,0.7564102564102564,0.43333333333333335,1.0,30,13
2875,0.4411764705882353,0.4033613445378151,0.42857142857142855,0.7142857142857143,0.2830188679245283,1.0,53,15
2876,0.4,0.34933333333333333,0.15555555555555556,0.5777777777777777,0.25,1.0,40,10
2877,0.6153846153846153,0.5678321678321677,0.48484848484848486,0.7424242424242424,0.4444444444444444,1.0,27,12
2878,0.8148148148148148,0.7792592592592592,0.7090909090909091,0.8545454545454545,0.6875,1.0,16,11
2879,0.7499999999999999,0.6034090909090908,-0.30303030303030304,0.3484848484848485,0.6,1.0,20,12
2881,0.36923076923076925,0.339020979020979,0.45454545454545453,0.7272727272727273,0.22641509433962265,1.0,53,12
2882,0.8484848484848484,0.7813519813519813,0.4725274725274725,0.7362637362637363,0.7368421052631579,1.0,19,14
2884,0.6122448979591837,0.5545189504373178,0.37142857142857144,0.6857142857142857,0.4411764705882353,1.0,34,15
2885,0.5777777777777777,0.4999999999999999,0.10256410256410256,0.5512820512820513,0.40625,1.0,32,13
2886,0.5405405405405406,0.4828828828828829,0.28888888888888886,0.6444444444444444,0.37037037037037035,1.0,27,10
2888,0.4745762711864407,0.4010430247718383,-0.03296703296703297,0.4835164835164835,0.3111111111111111,1.0,45,14
2889,0.4444444444444445,0.3968253968253968,0.2857142857142857,0.6428571428571428,0.2857142857142857,1.0,28,8
2891,0.6,0.5127272727272727,0.030303030303030304,0.5151515151515151,0.42857142857142855,1.0,28,12
2893,0.7441860465116279,0.6641860465116278,0.2833333333333333,0.6416666666666666,0.5925925925925926,1.0,27,16
2895,0.8484848484848484,0.7561771561771561,0.27472527472527475,0.6373626373626373,0.7368421052631579,1.0,19,14
2896,0.8,0.7345454545454545,0.45454545454545453,0.7272727272727273,0.6666666666666666,1.0,18,12
2897,0.8333333333333333,0.7277777777777776,0.15555555555555556,0.5777777777777777,1.0,0.7142857142857143,10,14
2899,0.5957446808510638,0.497545008183306,-0.0989010989010989,0.45054945054945056,0.42424242424242425,1.0,33,14
2905,0.6363636363636364,0.5398601398601398,-0.01098901098901099,0.4945054945054945,0.4666666666666667,1.0,30,14
2906,0.5769230769230769,0.48626373626373615,-0.047619047619047616,0.47619047619047616,0.40540540540540543,1.0,37,15
2907,0.717948717948718,0.6540433925049309,0.4065934065934066,0.7032967032967032,0.56,1.0,25,14
2909,1.0,0.8692307692307691,0.1282051282051282,0.5641025641025641,1.0,1.0,13,13
2911,0.5714285714285715,0.5008403361344539,0.17647058823529413,0.5882352941176471,0.4,1.0,45,18
2912,0.8571428571428571,0.7792207792207791,0.3939393939393939,0.696969696969697,0.75,1.0,16,12
2913,0.7027027027027027,0.6108108108108108,0.1282051282051282,0.5641025641025641,0.5416666666666666,1.0,24,13
2914,0.30379746835443033,0.26098964326812424,0.06060606060606061,0.5303030303030303,0.1791044776119403,1.0,67,12
2916,0.42857142857142855,0.37207792207792206,0.12121212121212122,0.5606060606060606,0.2727272727272727,1.0,44,12
2917,0.45283018867924524,0.38490566037735846,0.0,0.5,0.2926829268292683,1.0,41,12
2919,0.7368421052631579,0.6445344129554655,0.16483516483516483,0.5824175824175825,0.5833333333333334,1.0,24,14
2920,0.923076923076923,0.8559440559440559,0.5151515151515151,0.7575757575757576,0.8571428571428571,1.0,14,12
2921,0.6666666666666666,0.5435897435897435,-0.23076923076923078,0.3846153846153846,0.5,1.0,26,13
2922,0.16107382550335572,0.14203782794386824,0.21212121212121213,0.6060606060606061,0.08759124087591241,1.0,137,12
2924,0.1904761904761905,0.16883116883116883,0.24242424242424243,0.6212121212121212,0.10526315789473684,1.0,114,12
2925,0.6222222222222222,0.5299145299145299,0.01098901098901099,0.5054945054945055,0.45161290322580644,1.0,31,14
2926,0.8,0.6618181818181817,-0.15151515151515152,0.42424242424242425,0.6666666666666666,1.0,18,12
2927,0.7142857142857143,0.6081632653061224,0.009523809523809525,0.5047619047619047,0.5555555555555556,1.0,27,15
2928,0.3023255813953488,0.27441860465116275,0.38461538461538464,0.6923076923076923,0.1780821917808219,1.0,73,13
2929,0.7894736842105263,0.6924812030075188,0.18095238095238095,0.5904761904761905,0.6521739130434783,1.0,23,15
2930,0.8387096774193548,0.761290322580645,0.38461538461538464,0.6923076923076923,0.7222222222222222,1.0,18,13
2931,0.8823529411764706,0.7310924369747899,-0.14285714285714285,0.4285714285714286,0.7894736842105263,1.0,19,15
2932,0.9285714285714286,0.8357142857142856,0.3333333333333333,0.6666666666666666,0.8666666666666667,1.0,15,13
2933,0.7222222222222222,0.6222222222222221,0.07692307692307693,0.5384615384615384,0.5652173913043478,1.0,23,13
2934,0.7499999999999999,0.632142857142857,-0.047619047619047616,0.47619047619047616,0.6,1.0,25,15
2936,0.7000000000000001,0.6192307692307693,0.23076923076923078,0.6153846153846154,0.5384615384615384,1.0,26,14
2937,0.6875000000000001,0.5900000000000001,0.05454545454545454,0.5272727272727272,0.5238095238095238,1.0,21,11
2939,0.7777777777777778,0.7136752136752137,0.45054945054945056,0.7252747252747253,0.6363636363636364,1.0,22,14
2940,0.33766233766233766,0.2987012987012987,0.23076923076923078,0.6153846153846154,0.203125,1.0,64,13
2942,0.962962962962963,0.8777777777777777,0.41025641025641024,0.7051282051282051,0.9285714285714286,1.0,14,13
2943,0.5283018867924528,0.453410740203193,0.054945054945054944,0.5274725274725275,0.358974358974359,1.0,39,14
2944,0.6666666666666666,0.6029304029304028,0.3626373626373626,0.6813186813186813,0.5,1.0,28,14
2946,0.5,0.44705882352941173,0.29411764705882354,0.6470588235294118,0.3333333333333333,1.0,51,17
2947,0.32558139534883723,0.2740608228980322,-0.054945054945054944,0.4725274725274725,0.19444444444444445,1.0,72,14
2949,0.9285714285714286,0.7714285714285714,-0.1282051282051282,0.4358974358974359,0.8666666666666667,1.0,15,13
2950,0.717948717948718,0.5901380670611439,-0.18681318681318682,0.4065934065934066,0.56,1.0,25,14
2952,0.888888888888889,0.787878787878788,0.24242424242424243,0.6212121212121212,1.0,0.8,12,15
2953,0.6274509803921569,0.5411764705882353,0.08333333333333333,0.5416666666666666,0.45714285714285713,1.0,35,16
2955,0.45454545454545453,0.41818181818181815,0.4666666666666667,0.7333333333333334,0.29411764705882354,1.0,51,15
2956,0.962962962962963,0.8962962962962963,0.5384615384615384,0.7692307692307692,0.9285714285714286,1.0,14,13
2959,0.4444444444444445,0.38181818181818183,0.06060606060606061,0.5303030303030303,0.2857142857142857,1.0,42,12
2961,0.9090909090909091,0.7714285714285714,-0.009523809523809525,0.49523809523809526,0.8333333333333334,1.0,18,15
2963,0.5714285714285715,0.48100470957613817,-0.054945054945054944,0.4725274725274725,0.4,1.0,35,14
2966,0.2666666666666667,0.2206060606060606,-0.15151515151515152,0.42424242424242425,0.15384615384615385,1.0,78,12
2967,0.5263157894736842,0.4842105263157894,0.4666666666666667,0.7333333333333334,0.35714285714285715,1.0,42,15
2968,0.962962962962963,0.8074074074074074,-0.07692307692307693,0.46153846153846156,0.9285714285714286,1.0,14,13
2970,0.4799999999999999,0.41890909090909084,0.15151515151515152,0.5757575757575758,0.3157894736842105,1.0,38,12
2972,0.6842105263157895,0.6078947368421053,0.2564102564102564,0.6282051282051282,0.52,1.0,25,13
2975,0.24528301886792453,0.20566037735849055,-0.07692307692307693,0.46153846153846156,0.13978494623655913,1.0,93,13
2976,0.9375,0.8169642857142856,0.14285714285714285,0.5714285714285714,0.8823529411764706,1.0,17,15
2977,0.2823529411764706,0.24128342245989304,0.030303030303030304,0.5151515151515151,0.1643835616438356,1.0,73,12
2978,1.0,0.9485714285714285,0.6571428571428571,0.8285714285714285,1.0,1.0,15,15
2979,0.48148148148148145,0.4407407407407407,0.4358974358974359,0.717948717948718,0.3170731707317073,1.0,41,13
2980,0.46874999999999994,0.38169642857142855,-0.23809523809523808,0.38095238095238093,0.30612244897959184,1.0,49,15
2981,0.6037735849056604,0.5147169811320754,0.016666666666666666,0.5083333333333333,0.43243243243243246,1.0,37,16
2983,0.1575757575757576,0.13090909090909092,-0.1282051282051282,0.4358974358974359,0.08552631578947369,1.0,152,13
2984,0.22377622377622378,0.19188811188811186,0.05,0.525,0.12598425196850394,1.0,127,16
2986,0.9600000000000001,0.7723636363636364,-0.30303030303030304,0.3484848484848485,1.0,0.9230769230769231,12,13
2987,0.19607843137254902,0.15947712418300652,-0.24444444444444444,0.37777777777777777,0.10869565217391304,1.0,92,10
2988,0.787878787878788,0.6181818181818183,-0.4358974358974359,0.28205128205128205,0.65,1.0,20,13
2992,0.7567567567567568,0.6569646569646569,0.12087912087912088,0.5604395604395604,0.6086956521739131,1.0,23,14
2993,1.0,0.878021978021978,0.18681318681318682,0.5934065934065934,1.0,1.0,14,14
2995,0.463768115942029,0.39420289855072466,0.0,0.5,0.3018867924528302,1.0,53,16
2997,0.8148148148148148,0.7081481481481481,0.12727272727272726,0.5636363636363636,1.0,0.6875,11,16
2998,0.6037735849056604,0.5343396226415095,0.23333333333333334,0.6166666666666667,0.43243243243243246,1.0,37,16
3003,0.2058823529411765,0.17194570135746606,-0.0989010989010989,0.45054945054945056,0.11475409836065574,1.0,122,14
3007,0.5714285714285715,0.465934065934066,-0.23076923076923078,0.3846153846153846,0.4,1.0,35,14
3008,0.49122807017543857,0.4215924426450742,0.054945054945054944,0.5274725274725275,0.32558139534883723,1.0,43,14
3009,0.6,0.5365714285714285,0.29523809523809524,0.6476190476190476,0.42857142857142855,1.0,35,15
3013,0.7777777777777778,0.7162393162393162,0.4725274725274725,0.7362637362637363,0.6363636363636364,1.0,22,14
3020,0.15584415584415587,0.12750885478158205,-0.21212121212121213,0.3939393939393939,0.08450704225352113,1.0,142,12
3021,0.7894736842105263,0.656390977443609,-0.12380952380952381,0.4380952380952381,0.6521739130434783,1.0,23,15
3023,0.6511627906976745,0.5889087656529517,0.3626373626373626,0.6813186813186813,0.4827586206896552,1.0,29,14
3026,0.4482758620689655,0.3931034482758621,0.1794871794871795,0.5897435897435898,0.28888888888888886,1.0,45,13
3027,0.30588235294117644,0.2670588235294117,0.15384615384615385,0.5769230769230769,0.18055555555555555,1.0,72,13
3028,0.4,0.37272727272727274,0.5454545454545454,0.7727272727272727,0.25,1.0,48,12
3030,0.7894736842105263,0.656390977443609,-0.12380952380952381,0.4380952380952381,0.6521739130434783,1.0,23,15
3032,0.2608695652173913,0.22285714285714284,0.02857142857142857,0.5142857142857142,0.15,1.0,100,15
3033,1.0,0.9454545454545453,0.6363636363636364,0.8181818181818181,1.0,1.0,12,12
3034,0.4444444444444445,0.39595959595959596,0.2727272727272727,0.6363636363636364,0.2857142857142857,1.0,42,12
3035,0.6341463414634146,0.5560975609756098,0.1794871794871795,0.5897435897435898,0.4642857142857143,1.0,28,13
3036,0.5416666666666666,0.45833333333333326,-0.02564102564102564,0.48717948717948717,0.37142857142857144,1.0,35,13
3037,0.4918032786885246,0.4510538641686182,0.44761904761904764,0.7238095238095238,0.32608695652173914,1.0,46,15
3040,0.6511627906976745,0.5352415026833631,-0.18681318681318682,0.4065934065934066,0.4827586206896552,1.0,29,14
3042,0.53125,0.455078125,0.04411764705882353,0.5220588235294118,0.3617021276595745,1.0,47,17
3044,0.6222222222222222,0.536068376068376,0.07692307692307693,0.5384615384615384,0.45161290322580644,1.0,31,14
3045,0.7317073170731707,0.6585365853658536,0.3333333333333333,0.6666666666666666,0.5769230769230769,1.0,26,15
3049,0.962962962962963,0.8555555555555555,0.2564102564102564,0.6282051282051282,0.9285714285714286,1.0,14,13
3050,0.962962962962963,0.8185185185185185,0.0,0.5,0.9285714285714286,1.0,14,13
3051,0.5084745762711864,0.4300242130750605,-0.02857142857142857,0.4857142857142857,0.3409090909090909,1.0,44,15
3052,0.5,0.4431818181818182,0.24242424242424243,0.6212121212121212,0.3333333333333333,1.0,36,12
3054,0.4109589041095891,0.36399217221135033,0.23809523809523808,0.6190476190476191,0.25862068965517243,1.0,58,15
3055,0.7499999999999999,0.6374999999999998,0.0,0.5,0.6,1.0,20,12
3056,0.65,0.58,0.28205128205128205,0.641025641025641,0.48148148148148145,1.0,27,13
3058,0.846153846153846,0.726153846153846,0.05454545454545454,0.5272727272727272,0.7333333333333333,1.0,15,11
3059,0.787878787878788,0.6909090909090909,0.1794871794871795,0.5897435897435898,0.65,1.0,20,13
3061,0.2545454545454546,0.2402797202797203,0.6263736263736264,0.8131868131868132,0.14583333333333334,1.0,96,14
3062,0.5,0.46538461538461534,0.5384615384615384,0.7692307692307692,0.3333333333333333,1.0,42,14
3063,0.6190476190476191,0.5404761904761904,0.15384615384615385,0.5769230769230769,0.4482758620689655,1.0,29,13
3064,0.6976744186046512,0.586046511627907,-0.06666666666666667,0.4666666666666667,0.5357142857142857,1.0,28,15
3067,1.0,0.9108695652173913,0.4057971014492754,0.7028985507246377,1.0,1.0,24,24
3070,0.5789473684210525,0.5157894736842105,0.2727272727272727,0.6363636363636364,1.0,0.4074074074074074,11,27
3072,0.8333333333333333,0.7214912280701753,0.10526315789473684,0.5526315789473684,0.7142857142857143,1.0,28,20
3074,0.9268292682926829,0.8634146341463413,0.543859649122807,0.7719298245614035,0.8636363636363636,1.0,22,19
3077,0.5,0.4442687747035573,0.25691699604743085,0.6284584980237155,0.3333333333333333,1.0,69,23
3078,0.8363636363636363,0.7361983471074379,0.2015810276679842,0.6007905138339921,0.71875,1.0,32,23
3079,0.9565217391304348,0.8417391304347825,0.2,0.6,1.0,0.9166666666666666,11,12
3080,0.8484848484848484,0.7533799533799532,0.25274725274725274,0.6263736263736264,1.0,0.7368421052631579,14,19
3082,0.41999999999999993,0.3785999999999999,0.34285714285714286,0.6714285714285715,0.26582278481012656,1.0,79,21
3084,0.65,0.6075,0.5641025641025641,0.782051282051282,0.48148148148148145,1.0,27,13
3085,0.8571428571428571,0.7194139194139193,-0.07122507122507123,0.46438746438746437,0.75,1.0,36,27
3086,0.49350649350649356,0.4311688311688312,0.15789473684210525,0.5789473684210527,0.3275862068965517,1.0,58,19
3088,0.9714285714285714,0.9028571428571428,0.5294117647058824,0.7647058823529411,1.0,0.9444444444444444,17,18
3089,1.0,0.8941176470588235,0.29411764705882354,0.6470588235294118,1.0,1.0,18,18
3091,0.9,0.8311764705882353,0.49019607843137253,0.7450980392156863,0.8181818181818182,1.0,22,18
3092,0.30952380952380953,0.27976190476190477,0.358974358974359,0.6794871794871795,0.18309859154929578,1.0,71,13
3093,0.3846153846153846,0.32995951417004044,0.05263157894736842,0.5263157894736842,0.23809523809523808,1.0,84,20
3095,0.5625,0.47977941176470584,0.0196078431372549,0.5098039215686274,0.391304347826087,1.0,46,18
3096,0.972972972972973,0.8394276629570747,0.08496732026143791,0.5424836601307189,0.9473684210526315,1.0,19,18
3097,0.8717948717948718,0.7525641025641026,0.08823529411764706,0.5441176470588235,0.7727272727272727,1.0,22,17
3098,0.3458646616541353,0.29911141490088855,0.09881422924901186,0.549407114624506,0.20909090909090908,1.0,110,23
3099,0.8750000000000001,0.7509615384615385,0.054945054945054944,0.5274725274725275,1.0,0.7777777777777778,14,18
3100,0.456140350877193,0.41228070175438597,0.358974358974359,0.6794871794871795,0.29545454545454547,1.0,44,13
3101,0.4745762711864407,0.39623352165725045,-0.10052910052910052,0.44973544973544977,0.3111111111111111,1.0,90,28
3103,0.9777777777777777,0.8584126984126983,0.18614718614718614,0.5930735930735931,1.0,0.9565217391304348,22,23
3104,0.6326530612244898,0.5677551020408164,0.3161290322580645,0.6580645161290323,0.4626865671641791,1.0,67,31
3106,0.5454545454545454,0.48155844155844146,0.21904761904761905,0.6095238095238096,0.375,1.0,40,15
3110,0.8636363636363636,0.8030303030303031,0.5321637426900585,0.7660818713450293,0.76,1.0,25,19
3113,0.9,0.8099999999999999,0.3333333333333333,0.6666666666666666,1.0,0.8181818181818182,18,22
3116,0.9714285714285714,0.8578571428571429,0.22058823529411764,0.6102941176470589,0.9444444444444444,1.0,18,17
3117,0.4918032786885246,0.4131147540983606,-0.06666666666666667,0.4666666666666667,0.32608695652173914,1.0,46,15
3119,0.967741935483871,0.8737327188940092,0.3523809523809524,0.6761904761904762,1.0,0.9375,15,16
3120,0.6799999999999999,0.5899999999999999,0.11764705882352941,0.5588235294117647,0.5151515151515151,1.0,33,17
3121,0.3795620437956204,0.3417226277372262,0.3353846153846154,0.6676923076923077,0.23423423423423423,1.0,111,26
3123,0.9375,0.7446428571428572,-0.37142857142857144,0.3142857142857143,1.0,0.8823529411764706,15,17
3124,0.9523809523809523,0.869674185463659,0.42105263157894735,0.7105263157894737,1.0,0.9090909090909091,20,22
3125,0.8,0.6729411764705882,-0.058823529411764705,0.47058823529411764,0.6666666666666666,1.0,27,18
3126,0.9302325581395349,0.8186046511627906,0.2,0.6,0.8695652173913043,1.0,23,20
3128,0.2222222222222222,0.19142857142857142,0.0761904761904762,0.5380952380952381,0.125,1.0,168,21
3129,0.25301204819277107,0.21903614457831322,0.10476190476190476,0.5523809523809524,0.14482758620689656,1.0,145,21
3130,0.975609756097561,0.8970474967907572,0.4631578947368421,0.7315789473684211,0.9523809523809523,1.0,21,20
3131,0.9523809523809523,0.8922305764411026,0.5789473684210527,0.7894736842105263,0.9090909090909091,1.0,22,20
3132,0.9523809523809523,0.8666666666666666,0.4,0.7,1.0,0.9090909090909091,20,22
3134,0.36697247706422015,0.3397392563978754,0.5052631578947369,0.7526315789473684,0.2247191011235955,1.0,89,20
3135,0.7499999999999999,0.6653571428571428,0.24761904761904763,0.6238095238095238,0.6,1.0,35,21
3136,0.4337349397590362,0.3929128277817151,0.37254901960784315,0.6862745098039216,0.27692307692307694,1.0,65,18
3137,0.8333333333333333,0.7095238095238094,0.009523809523809525,0.5047619047619047,1.0,0.7142857142857143,15,21
3138,0.9500000000000001,0.885,0.543859649122807,0.7719298245614035,0.9047619047619048,1.0,21,19
3141,0.19631901840490798,0.1712883435582822,0.15,0.575,0.10884353741496598,1.0,147,16
3142,0.9473684210526316,0.8489164086687306,0.30718954248366015,0.6535947712418301,1.0,0.9,18,20
3143,0.6060606060606061,0.5314194577352472,0.17894736842105263,0.5894736842105264,0.43478260869565216,1.0,46,20
3144,0.923076923076923,0.7468531468531467,-0.2727272727272727,0.36363636363636365,1.0,0.8571428571428571,12,14
3145,0.8571428571428571,0.7444897959183673,0.12380952380952381,0.5619047619047619,1.0,0.75,21,28
3146,0.7450980392156863,0.6705882352941176,0.3333333333333333,0.6666666666666666,0.59375,1.0,32,19
3147,0.6111111111111112,0.5611111111111111,0.45454545454545453,0.7272727272727273,0.44,1.0,25,11
3149,0.7922077922077922,0.6936363636363636,0.17049180327868851,0.5852459016393443,0.6559139784946236,1.0,93,61
3150,0.9130434782608696,0.8152173913043478,0.2857142857142857,0.6428571428571428,0.84,1.0,25,21
3151,0.7346938775510204,0.6698679471788714,0.4117647058823529,0.7058823529411764,0.5806451612903226,1.0,31,18
3152,0.384,0.3347478260869565,0.14492753623188406,0.572463768115942,0.2376237623762376,1.0,101,24
3154,0.44000000000000006,0.40457142857142864,0.46320346320346323,0.7316017316017316,0.28205128205128205,1.0,78,22
3155,0.5846153846153846,0.5384615384615384,0.47368421052631576,0.7368421052631579,0.41304347826086957,1.0,46,19
3156,0.6756756756756758,0.5878378378378378,0.13333333333333333,0.5666666666666667,0.5102040816326531,1.0,49,25
3157,0.6,0.49764705882352933,-0.13725490196078433,0.43137254901960786,0.42857142857142855,1.0,42,18
3158,0.44776119402985076,0.3953091684434968,0.21904761904761905,0.6095238095238096,0.28846153846153844,1.0,52,15
3159,1.0,0.8657142857142857,0.10476190476190476,0.5523809523809524,1.0,1.0,15,15
3161,0.6666666666666666,0.5940350877192981,0.2736842105263158,0.6368421052631579,0.5,1.0,40,20
3164,0.8648648648648648,0.7848648648648647,0.38333333333333336,0.6916666666666667,0.7619047619047619,1.0,21,16
3165,0.32,0.2856,0.2833333333333333,0.6416666666666666,0.19047619047619047,1.0,84,16
3167,0.43750000000000006,0.39250000000000007,0.3142857142857143,0.6571428571428571,0.28,1.0,75,21
3169,0.6666666666666666,0.5606060606060606,-0.06060606060606061,0.4696969696969697,1.0,0.5,12,24
3170,0.8292682926829268,0.7231707317073169,0.14705882352941177,0.5735294117647058,0.7083333333333334,1.0,24,17
3171,1.0,0.9142857142857143,0.42857142857142855,0.7142857142857143,1.0,1.0,14,14
3173,0.2631578947368421,0.21954887218045113,-0.10476190476190476,0.44761904761904764,0.15151515151515152,1.0,99,15
3175,0.888888888888889,0.7622222222222222,0.05,0.525,0.8,1.0,20,16
3179,0.6923076923076924,0.6288461538461538,0.3888888888888889,0.6944444444444444,1.0,0.5294117647058824,9,17
3180,0.9444444444444444,0.836111111111111,0.23529411764705882,0.6176470588235294,0.8947368421052632,1.0,19,17
3182,0.9189189189189189,0.8135135135135134,0.23529411764705882,0.6176470588235294,0.85,1.0,20,17
3185,0.4117647058823529,0.38325791855203617,0.5384615384615384,0.7692307692307692,0.25925925925925924,1.0,54,14
3186,0.5483870967741935,0.4745967741935483,0.10294117647058823,0.5514705882352942,0.37777777777777777,1.0,45,17
3187,0.972972972972973,0.8794912559618442,0.35947712418300654,0.6797385620915033,1.0,0.9473684210526315,18,19
3188,0.8846153846153846,0.7912587412587412,0.2964426877470356,0.6482213438735178,0.7931034482758621,1.0,29,23
3189,0.8085106382978724,0.7248226950354609,0.30994152046783624,0.6549707602339181,0.6785714285714286,1.0,28,19
3190,0.8837209302325582,0.7736434108527132,0.1695906432748538,0.5847953216374269,1.0,0.7916666666666666,19,24
3191,0.967741935483871,0.8654377880184332,0.29523809523809524,0.6476190476190476,1.0,0.9375,15,16
3192,0.3144654088050315,0.2789308176100629,0.24666666666666667,0.6233333333333333,0.1865671641791045,1.0,134,25
3193,0.676056338028169,0.5937538273116962,0.18840579710144928,0.5942028985507246,0.5106382978723404,1.0,47,24
3194,0.7894736842105263,0.7082706766917293,0.3142857142857143,0.6571428571428571,0.6521739130434783,1.0,23,15
3195,0.4255319148936171,0.34609929078014184,-0.24444444444444444,0.37777777777777777,0.2702702702702703,1.0,37,10
3197,0.8695652173913044,0.7594202898550725,0.15555555555555556,0.5777777777777777,1.0,0.7692307692307693,10,13
3198,0.35555555555555557,0.3238647342995169,0.4057971014492754,0.7028985507246377,0.21621621621621623,1.0,111,24
3201,0.5454545454545454,0.4785123966942148,0.18181818181818182,0.5909090909090909,0.375,1.0,32,12
3202,0.7222222222222222,0.6277777777777777,0.1282051282051282,0.5641025641025641,0.5652173913043478,1.0,23,13
3203,0.923076923076923,0.7976588628762541,0.09420289855072464,0.5471014492753623,0.8571428571428571,1.0,28,24
3204,0.7368421052631579,0.6389473684210526,0.11428571428571428,0.5571428571428572,0.5833333333333334,1.0,36,21
3205,0.6818181818181819,0.5746753246753247,-0.047619047619047616,0.47619047619047616,0.5172413793103449,1.0,29,15
3206,0.7868852459016393,0.724447612259444,0.47101449275362317,0.7355072463768115,0.6486486486486487,1.0,37,24
3207,1.0,0.9115384615384614,0.41025641025641024,0.7051282051282051,1.0,1.0,13,13
3210,0.4893617021276596,0.42088974854932304,0.06719367588932806,0.5335968379446641,0.323943661971831,1.0,71,23
3212,0.9047619047619047,0.738095238095238,-0.22807017543859648,0.38596491228070173,0.8260869565217391,1.0,23,19
3213,0.5405405405405406,0.4560455192034139,-0.042105263157894736,0.4789473684210526,0.37037037037037035,1.0,54,20
3214,0.8108108108108109,0.7250965250965251,0.29523809523809524,0.6476190476190476,0.6818181818181818,1.0,22,15
3215,0.6,0.5185714285714285,0.09523809523809523,0.5476190476190477,0.42857142857142855,1.0,49,21
3216,0.8421052631578948,0.7386727688787185,0.18115942028985507,0.5905797101449275,0.7272727272727273,1.0,33,24
3218,0.8666666666666666,0.7733333333333332,0.28205128205128205,0.641025641025641,1.0,0.7647058823529411,13,17
3219,0.6984126984126985,0.5768707482993197,-0.16017316017316016,0.4199134199134199,0.5365853658536586,1.0,41,22
3220,0.9411764705882353,0.8188235294117646,0.13333333333333333,0.5666666666666667,1.0,0.8888888888888888,16,18
3221,1.0,0.8862745098039215,0.24183006535947713,0.6209150326797386,1.0,1.0,18,18
3223,0.6666666666666666,0.5767195767195766,0.10052910052910052,0.5502645502645502,0.5,1.0,56,28
3224,0.6133333333333333,0.5246060606060605,0.03557312252964427,0.5177865612648221,0.4423076923076923,1.0,52,23
3226,0.6153846153846153,0.5463967611336031,0.25263157894736843,0.6263157894736842,0.4444444444444444,1.0,45,20
3229,0.2937853107344633,0.24307344632768363,-0.15076923076923077,0.4246153846153846,0.17218543046357615,1.0,151,26
3231,0.2476190476190476,0.22095238095238093,0.28205128205128205,0.641025641025641,0.14130434782608695,1.0,92,13
3232,0.8571428571428571,0.7519480519480518,0.18181818181818182,0.5909090909090909,1.0,0.75,12,16
3233,0.8636363636363636,0.7833333333333333,0.38011695906432746,0.6900584795321637,0.76,1.0,25,19
3235,0.8421052631578948,0.7768421052631579,0.48333333333333334,0.7416666666666667,0.7272727272727273,1.0,22,16
3236,0.967741935483871,0.8903225806451612,0.4666666666666667,0.7333333333333334,0.9375,1.0,16,15
3241,0.8064516129032258,0.729032258064516,0.36,0.6799999999999999,0.6756756756756757,1.0,37,25
3244,0.8717948717948718,0.7737179487179487,0.25,0.625,0.7727272727272727,1.0,22,17
3246,0.3259259259259259,0.2704761904761904,-0.1341991341991342,0.4329004329004329,0.19469026548672566,1.0,113,22
3248,0.8,0.6997802197802199,0.16483516483516483,0.5824175824175825,1.0,0.6666666666666666,14,21
3249,0.41379310344827586,0.36489028213166147,0.21212121212121213,0.6060606060606061,0.2608695652173913,1.0,46,12
3250,0.3958333333333333,0.35277777777777775,0.27485380116959063,0.6374269005847953,0.24675324675324675,1.0,77,19
3251,0.3174603174603175,0.2773600668337511,0.15789473684210525,0.5789473684210527,0.18867924528301888,1.0,106,20
3253,0.9090909090909091,0.7790909090909091,0.04666666666666667,0.5233333333333333,0.8333333333333334,1.0,30,25
3255,0.9523809523809523,0.8771929824561403,0.47368421052631576,0.7368421052631579,0.9090909090909091,1.0,22,20
3256,0.878048780487805,0.7747489239598279,0.21568627450980393,0.607843137254902,0.782608695652174,1.0,23,18
3257,0.39669421487603307,0.3384836507366151,0.021739130434782608,0.5108695652173914,0.24742268041237114,1.0,97,24
3258,0.2303030303030303,0.2117171717171717,0.4619883040935672,0.7309941520467836,0.13013698630136986,1.0,146,19
3259,0.25882352941176473,0.21613445378151264,-0.09956709956709957,0.45021645021645024,0.14864864864864866,1.0,148,22
3260,0.4049079754601227,0.3496932515337423,0.09090909090909091,0.5454545454545454,0.25384615384615383,1.0,130,33
3262,0.7407407407407407,0.6257982120051085,-0.034482758620689655,0.4827586206896552,0.5882352941176471,1.0,51,30
3263,0.6349206349206349,0.5868003341687551,0.49473684210526314,0.7473684210526316,0.46511627906976744,1.0,43,20
3265,0.5217391304347826,0.4306905370843989,-0.16339869281045752,0.41830065359477125,0.35294117647058826,1.0,51,18
3266,0.3652173913043478,0.31513043478260866,0.08571428571428572,0.5428571428571428,0.22340425531914893,1.0,94,21
3268,0.7659574468085107,0.6413016270337922,-0.08496732026143791,0.45751633986928103,0.6206896551724138,1.0,29,18
3269,0.9285714285714286,0.8535714285714285,0.46153846153846156,0.7307692307692308,1.0,0.8666666666666667,13,15
3270,0.9142857142857143,0.7634285714285713,-0.1,0.45,0.8421052631578947,1.0,19,16
3271,0.8235294117647058,0.7475113122171945,0.38461538461538464,0.6923076923076923,0.7,1.0,20,14
3272,0.7272727272727273,0.6480382775119617,0.2736842105263158,0.6368421052631579,0.5714285714285714,1.0,35,20
3273,0.2835820895522388,0.2378109452736318,-0.07602339181286549,0.4619883040935673,0.16521739130434782,1.0,115,19
3274,0.8,0.714,0.2833333333333333,0.6416666666666666,0.6666666666666666,1.0,24,16
3275,1.0,0.9742857142857142,0.8285714285714286,0.9142857142857144,1.0,1.0,15,15
3276,1.0,0.9274725274725274,0.5164835164835165,0.7582417582417582,1.0,1.0,14,14
3277,0.9375,0.8624999999999999,0.4666666666666667,0.7333333333333334,1.0,0.8823529411764706,15,17
3278,0.9302325581395349,0.8230110159118726,0.23157894736842105,0.6157894736842106,0.8695652173913043,1.0,23,20
3279,0.8666666666666666,0.7594666666666665,0.1753846153846154,0.5876923076923077,0.7647058823529411,1.0,34,26
3280,0.782608695652174,0.7304347826086957,0.5555555555555556,0.7777777777777778,0.6428571428571429,1.0,14,9
3281,0.8571428571428571,0.7042016806722688,-0.1895424836601307,0.40522875816993464,1.0,0.75,18,24
3282,0.8695652173913044,0.7844393592677347,0.3473684210526316,0.6736842105263158,0.7692307692307693,1.0,26,20
3283,0.9047619047619047,0.7952380952380951,0.19298245614035087,0.5964912280701754,0.8260869565217391,1.0,23,19
3284,0.5882352941176471,0.4991596638655462,-0.009523809523809525,0.49523809523809526,0.4166666666666667,1.0,36,15
3285,0.7586206896551725,0.6799999999999999,0.3090909090909091,0.6545454545454545,0.6111111111111112,1.0,18,11
3287,0.962962962962963,0.9333333333333332,0.7948717948717948,0.8974358974358974,1.0,0.9285714285714286,13,14
3288,0.6111111111111112,0.5344444444444445,0.16363636363636364,0.5818181818181818,0.44,1.0,25,11
3289,0.8387096774193548,0.7322580645161288,0.15384615384615385,0.5769230769230769,0.7222222222222222,1.0,18,13
3290,0.7000000000000001,0.54,-0.5238095238095238,0.23809523809523808,1.0,0.5384615384615384,7,13
3291,0.9375,0.8169642857142856,0.14285714285714285,0.5714285714285714,0.8823529411764706,1.0,17,15
3292,0.9523809523809523,0.8380952380952379,0.2,0.6,1.0,0.9090909090909091,10,11
3294,0.8648648648648648,0.7935135135135134,0.45,0.725,0.7619047619047619,1.0,21,16
3295,1.0,0.7981818181818181,-0.34545454545454546,0.32727272727272727,1.0,1.0,11,11
3296,0.5925925925925926,0.49629629629629624,-0.08333333333333333,0.4583333333333333,0.42105263157894735,1.0,38,16
3298,0.8453608247422679,0.7596907216494845,0.32439024390243903,0.6621951219512195,0.7321428571428571,1.0,56,41
3299,0.9361702127659575,0.866869300911854,0.5064935064935064,0.7532467532467533,0.88,1.0,25,22
3300,0.5901639344262295,0.5334619093539055,0.35947712418300654,0.6797385620915033,0.4186046511627907,1.0,43,18
3302,0.7755102040816326,0.692517006802721,0.28654970760233917,0.6432748538011696,0.6333333333333333,1.0,30,19
3303,0.8636363636363636,0.7803030303030303,0.3567251461988304,0.6783625730994152,0.76,1.0,25,19
3305,0.9655172413793104,0.8604774535809019,0.27472527472527475,0.6373626373626373,0.9333333333333333,1.0,15,14
3306,0.9696969696969697,0.926060606060606,0.7,0.85,0.9411764705882353,1.0,17,16
3307,0.8666666666666666,0.7566666666666665,0.15384615384615385,0.5769230769230769,1.0,0.7647058823529411,13,17
3308,0.3010752688172043,0.2613730355665839,0.12087912087912088,0.5604395604395604,0.17721518987341772,1.0,79,14
3309,1.0,0.900735294117647,0.3382352941176471,0.6691176470588236,1.0,1.0,17,17
3310,1.0,0.9324675324675324,0.5497835497835498,0.774891774891775,1.0,1.0,22,22
3311,0.9285714285714286,0.8285714285714285,0.28205128205128205,0.641025641025641,1.0,0.8666666666666667,13,15
3312,0.9565217391304348,0.848447204968944,0.24675324675324675,0.6233766233766234,1.0,0.9166666666666666,22,24
3314,0.8627450980392156,0.7417366946778711,0.06493506493506493,0.5324675324675324,0.7586206896551724,1.0,29,22
3315,0.9032258064516129,0.7870967741935483,0.14285714285714285,0.5714285714285714,1.0,0.8235294117647058,14,17
3316,0.9500000000000001,0.835,0.19298245614035087,0.5964912280701754,1.0,0.9047619047619048,19,21
3317,0.9166666666666666,0.8516666666666666,0.5272727272727272,0.7636363636363637,1.0,0.8461538461538461,11,13
3318,0.9696969696969697,0.8315151515151514,0.05,0.525,0.9411764705882353,1.0,17,16
3319,0.896551724137931,0.8206896551724138,0.4358974358974359,0.717948717948718,1.0,0.8125,13,16
3320,0.47619047619047616,0.4285714285714285,0.3333333333333333,0.6666666666666666,0.3125,1.0,48,15
3321,0.9696969696969697,0.8848484848484849,0.4166666666666667,0.7083333333333334,0.9411764705882353,1.0,17,16
3322,0.8,0.6763636363636364,-0.030303030303030304,0.48484848484848486,1.0,0.6666666666666666,12,18
3323,0.9565217391304348,0.8521739130434782,0.2727272727272727,0.6363636363636364,1.0,0.9166666666666666,11,12
3324,0.888888888888889,0.8244444444444445,0.5166666666666667,0.7583333333333333,1.0,0.8,16,20
3325,0.9696969696969697,0.9018181818181817,0.5333333333333333,0.7666666666666666,0.9411764705882353,1.0,17,16
3326,0.5970149253731344,0.5112333071484682,0.042105263157894736,0.5210526315789473,0.425531914893617,1.0,47,20
3327,0.9090909090909091,0.7766233766233765,0.02857142857142857,0.5142857142857142,1.0,0.8333333333333334,15,18
3328,0.7906976744186047,0.7052325581395349,0.27941176470588236,0.6397058823529411,0.6538461538461539,1.0,26,17
3329,0.9696969696969697,0.8363636363636363,0.08333333333333333,0.5416666666666666,0.9411764705882353,1.0,17,16
3330,0.7499999999999999,0.6897058823529411,0.46405228758169936,0.7320261437908497,0.6,1.0,30,18
3331,0.8108108108108109,0.7065637065637065,0.14285714285714285,0.5714285714285714,0.6818181818181818,1.0,22,15
3332,0.8148148148148148,0.7259259259259259,0.2727272727272727,0.6363636363636364,1.0,0.6875,11,16
3333,0.9268292682926829,0.8016260162601625,0.09941520467836257,0.5497076023391813,0.8636363636363636,1.0,22,19
3334,0.962962962962963,0.7962962962962963,-0.15384615384615385,0.4230769230769231,1.0,0.9285714285714286,13,14
3335,0.23703703703703705,0.20503703703703705,0.1,0.55,0.13445378151260504,1.0,119,16
3336,0.8727272727272727,0.8044268774703556,0.4782608695652174,0.7391304347826086,1.0,0.7741935483870968,24,31
3337,0.4444444444444445,0.4023391812865497,0.3684210526315789,0.6842105263157895,0.2857142857142857,1.0,70,20
3338,0.8484848484848484,0.7198135198135197,-0.01098901098901099,0.4945054945054945,0.7368421052631579,1.0,19,14
3339,0.8695652173913044,0.782608695652174,0.3333333333333333,0.6666666666666666,1.0,0.7692307692307693,10,13
3340,0.9387755102040816,0.8408163265306121,0.30434782608695654,0.6521739130434783,0.8846153846153846,1.0,26,23
3341,0.962962962962963,0.874074074074074,0.38461538461538464,0.6923076923076923,0.9285714285714286,1.0,14,13
3342,0.9523809523809523,0.869674185463659,0.42105263157894735,0.7105263157894737,0.9090909090909091,1.0,22,20
3343,0.7450980392156863,0.6444444444444444,0.09941520467836257,0.5497076023391813,0.59375,1.0,32,19
3345,0.9655172413793104,0.876392572944297,0.38461538461538464,0.6923076923076923,0.9333333333333333,1.0,15,14
3346,0.888888888888889,0.7797979797979798,0.18181818181818182,0.5909090909090909,1.0,0.8,12,15
3347,0.7096774193548387,0.5972350230414747,-0.05627705627705628,0.47186147186147187,0.55,1.0,40,22
3348,0.888888888888889,0.7850292397660819,0.22105263157894736,0.6105263157894737,0.8,1.0,25,20
3349,0.923076923076923,0.8433566433566433,0.42424242424242425,0.7121212121212122,1.0,0.8571428571428571,12,14
3350,0.5111111111111112,0.4450505050505051,0.1383399209486166,0.5691699604743083,0.34328358208955223,1.0,67,23
3351,0.92,0.812,0.21739130434782608,0.6086956521739131,0.8518518518518519,1.0,27,23
3352,1.0,0.8923076923076922,0.28205128205128205,0.641025641025641,1.0,1.0,13,13
3353,0.37254901960784315,0.33986928104575165,0.4152046783625731,0.7076023391812866,0.2289156626506024,1.0,83,19
3354,0.9714285714285714,0.8685714285714285,0.29411764705882354,0.6470588235294118,0.9444444444444444,1.0,18,17
3355,0.8717948717948718,0.767948717948718,0.20588235294117646,0.6029411764705882,0.7727272727272727,1.0,22,17
3357,0.8717948717948718,0.7852564102564102,0.3382352941176471,0.6691176470588236,0.7727272727272727,1.0,22,17
3358,0.8,0.654945054945055,-0.2087912087912088,0.3956043956043956,0.6666666666666666,1.0,21,14
3359,0.9444444444444444,0.8090277777777777,0.04411764705882353,0.5220588235294118,0.8947368421052632,1.0,19,17
3360,0.8936170212765957,0.7812765957446808,0.1619047619047619,0.580952380952381,0.8076923076923077,1.0,26,21
3361,0.10572687224669602,0.09034841810172205,0.030303030303030304,0.5151515151515151,0.05581395348837209,1.0,215,12
3362,0.8333333333333333,0.7888888888888888,0.6444444444444445,0.8222222222222222,0.7142857142857143,1.0,14,10
3363,0.9523809523809523,0.8050125313283207,-0.031578947368421054,0.4842105263157895,0.9090909090909091,1.0,22,20
3364,0.967741935483871,0.8239631336405531,0.009523809523809525,0.5047619047619047,1.0,0.9375,15,16
3365,0.23602484472049687,0.20993788819875772,0.2631578947368421,0.631578947368421,0.13380281690140844,1.0,142,19
3367,0.5423728813559322,0.49355932203389824,0.4,0.7,0.37209302325581395,1.0,43,16
3368,0.9600000000000001,0.8160000000000001,0.0,0.5,1.0,0.9230769230769231,12,13
3370,0.9696969696969697,0.8533333333333333,0.2,0.6,0.9411764705882353,1.0,17,16
3371,0.7755102040816326,0.6340136054421769,-0.21637426900584794,0.39181286549707606,0.6333333333333333,1.0,30,19
3372,0.761904761904762,0.6761904761904762,0.25,0.625,0.6153846153846154,1.0,26,16
3373,0.9473684210526316,0.8191950464396285,0.09803921568627451,0.5490196078431373,0.9,1.0,20,18
3375,0.8,0.6661052631578948,-0.11578947368421053,0.4421052631578947,0.6666666666666666,1.0,30,20
3376,0.45454545454545453,0.3906698564593301,0.06315789473684211,0.531578947368421,0.29411764705882354,1.0,68,20
3377,0.9032258064516129,0.8317617866004962,0.4725274725274725,0.7362637362637363,0.8235294117647058,1.0,17,14
3378,0.9142857142857143,0.8022857142857142,0.18333333333333332,0.5916666666666667,0.8421052631578947,1.0,19,16
3379,0.7692307692307693,0.6769230769230768,0.2,0.6,0.625,1.0,24,15
3380,0.8,0.6926315789473684,0.10526315789473684,0.5526315789473684,0.6666666666666666,1.0,30,20
3382,0.9090909090909091,0.8086124401913874,0.2631578947368421,0.631578947368421,0.8333333333333334,1.0,24,20
3383,0.8387096774193548,0.7096774193548385,-0.02564102564102564,0.48717948717948717,0.7222222222222222,1.0,18,13
3386,0.761904761904762,0.6438095238095238,-0.03333333333333333,0.48333333333333334,0.6153846153846154,1.0,26,16
3388,0.9,0.7658823529411765,0.006535947712418301,0.5032679738562091,0.8181818181818182,1.0,22,18
3389,0.9444444444444444,0.773611111111111,-0.20588235294117646,0.3970588235294118,1.0,0.8947368421052632,17,19
3390,0.9696969696969697,0.8824242424242423,0.4,0.7,1.0,0.9411764705882353,16,17
3391,0.8108108108108109,0.7181467181467182,0.23809523809523808,0.6190476190476191,0.6818181818181818,1.0,22,15
3392,0.37037037037037035,0.3142857142857143,-0.009523809523809525,0.49523809523809526,0.22727272727272727,1.0,66,15
3394,0.9696969696969697,0.8460606060606061,0.15,0.575,0.9411764705882353,1.0,17,16
3395,0.4042553191489362,0.350354609929078,0.1111111111111111,0.5555555555555556,0.25333333333333335,1.0,75,19
3396,0.6666666666666666,0.5740196078431372,0.07352941176470588,0.5367647058823529,0.5,1.0,34,17
3397,0.9655172413793104,0.8859416445623343,0.45054945054945056,0.7252747252747253,1.0,0.9333333333333333,14,15
3398,0.9333333333333333,0.8256410256410256,0.23076923076923078,0.6153846153846154,1.0,0.875,14,16
3399,0.9523809523809523,0.8634920634920634,0.37777777777777777,0.6888888888888889,0.9090909090909091,1.0,11,10
3400,0.975609756097561,0.8693196405648266,0.2736842105263158,0.6368421052631579,1.0,0.9523809523809523,20,21
3401,0.8571428571428571,0.8319327731092435,0.803921568627451,0.9019607843137255,0.75,1.0,24,18
3402,0.8,0.7093333333333334,0.24444444444444444,0.6222222222222222,1.0,0.6666666666666666,10,15
3403,0.4742268041237113,0.44273664479850044,0.5573122529644269,0.7786561264822134,0.3108108108108108,1.0,74,23
3404,0.8837209302325582,0.7689922480620155,0.13450292397660818,0.5672514619883041,0.7916666666666666,1.0,24,19
3405,0.7096774193548387,0.6110599078341015,0.0735930735930736,0.5367965367965368,0.55,1.0,40,22
3406,0.9375,0.7741071428571428,-0.1619047619047619,0.41904761904761906,0.8823529411764706,1.0,17,15
3407,0.125,0.125,1.0,1.0,0.06666666666666667,1.0,15,1
3408,0.9333333333333333,0.7825641025641025,-0.07692307692307693,0.46153846153846156,1.0,0.875,14,16
3409,0.8372093023255813,0.7551299589603282,0.3464052287581699,0.673202614379085,0.72,1.0,25,18
3410,0.923076923076923,0.8217194570135745,0.2679738562091503,0.6339869281045751,0.8571428571428571,1.0,21,18
3411,0.9032258064516129,0.763275434243176,-0.03296703296703297,0.4835164835164835,0.8235294117647058,1.0,17,14
3412,0.56,0.4695384615384615,-0.07692307692307693,0.46153846153846156,0.3888888888888889,1.0,36,14
3413,0.9090909090909091,0.7999999999999998,0.2,0.6,0.8333333333333334,1.0,24,20
3414,0.5555555555555556,0.4643274853801169,-0.09473684210526316,0.45263157894736844,0.38461538461538464,1.0,52,20
3415,0.9302325581395349,0.8641370869033047,0.5263157894736842,0.763157894736842,0.8695652173913043,1.0,23,20
3416,0.8571428571428571,0.7495798319327731,0.16339869281045752,0.5816993464052288,0.75,1.0,24,18
3417,0.6521739130434783,0.557142857142857,0.02857142857142857,0.5142857142857142,0.4838709677419355,1.0,31,15
3418,1.0,0.9175,0.45,0.725,1.0,1.0,16,16
3419,0.7105263157894737,0.5866396761133603,-0.1623931623931624,0.4188034188034188,0.5510204081632653,1.0,49,27
3420,0.7741935483870968,0.6510263929618767,-0.06060606060606061,0.4696969696969697,1.0,0.631578947368421,12,19
3421,1.0,0.8978021978021977,0.31868131868131866,0.6593406593406593,1.0,1.0,14,14
3422,0.8666666666666666,0.7999999999999998,0.48717948717948717,0.7435897435897436,1.0,0.7647058823529411,13,17
3423,0.878048780487805,0.7661406025824964,0.1503267973856209,0.5751633986928104,0.782608695652174,1.0,23,18
3424,0.9836065573770492,0.8703222159412096,0.23218390804597702,0.6160919540229886,0.967741935483871,1.0,31,30
3425,0.33333333333333337,0.3028070175438597,0.3894736842105263,0.6947368421052631,0.2,1.0,100,20
3426,0.5957446808510638,0.5112929623567921,0.054945054945054944,0.5274725274725275,0.42424242424242425,1.0,33,14
3427,0.9285714285714286,0.7964285714285714,0.05128205128205128,0.5256410256410257,1.0,0.8666666666666667,13,15
3428,0.7586206896551725,0.6847290640394089,0.35064935064935066,0.6753246753246753,0.6111111111111112,1.0,36,22
3429,0.888888888888889,0.7888888888888889,0.25,0.625,1.0,0.8,16,20
3430,0.6938775510204082,0.6081632653061224,0.17647058823529413,0.5882352941176471,0.53125,1.0,32,17
3431,0.9333333333333333,0.8133333333333332,0.14285714285714285,0.5714285714285714,0.875,1.0,16,14
3432,0.8400000000000001,0.7308,0.13333333333333333,0.5666666666666667,0.7241379310344828,1.0,29,21
3433,0.7272727272727273,0.6280991735537189,0.09090909090909091,0.5454545454545454,0.5714285714285714,1.0,21,12
3434,1.0,0.8624999999999999,0.08333333333333333,0.5416666666666666,1.0,1.0,16,16
3435,0.888888888888889,0.7515151515151516,-0.030303030303030304,0.48484848484848486,0.8,1.0,15,12
3436,0.9444444444444444,0.842361111111111,0.27941176470588236,0.6397058823529411,1.0,0.8947368421052632,17,19
3437,1.0,0.8628571428571428,0.08571428571428572,0.5428571428571428,1.0,1.0,15,15
3438,0.9090909090909091,0.8301435406698564,0.42105263157894735,0.7105263157894737,0.8333333333333334,1.0,24,20
3439,0.6857142857142856,0.6109090909090908,0.2727272727272727,0.6363636363636364,0.5217391304347826,1.0,23,12
3440,0.85,0.724375,0.014705882352941176,0.5073529411764706,0.7391304347826086,1.0,23,17
3441,0.6808510638297872,0.6059574468085106,0.26666666666666666,0.6333333333333333,0.5161290322580645,1.0,31,16
3442,0.896551724137931,0.8620689655172413,0.7435897435897436,0.8717948717948718,0.8125,1.0,16,13
3443,0.923076923076923,0.7891402714932125,0.032679738562091505,0.5163398692810458,0.8571428571428571,1.0,21,18
3444,0.37777777777777777,0.3269444444444444,0.10294117647058823,0.5514705882352942,0.2328767123287671,1.0,73,17
3445,0.9333333333333333,0.8041025641025641,0.07692307692307693,0.5384615384615384,1.0,0.875,14,16
3446,0.7346938775510204,0.6669867947178871,0.38562091503267976,0.6928104575163399,0.5806451612903226,1.0,31,18
3447,0.8571428571428571,0.7781512605042016,0.38562091503267976,0.6928104575163399,0.75,1.0,24,18
3449,0.8163265306122449,0.7054779806659506,0.09473684210526316,0.5473684210526316,0.6896551724137931,1.0,29,20
3450,0.8148148148148148,0.7392592592592592,0.38181818181818183,0.6909090909090909,1.0,0.6875,11,16
3451,0.9142857142857143,0.8708571428571428,0.6833333333333333,0.8416666666666667,1.0,0.8421052631578947,16,19
3452,0.846153846153846,0.7630769230769229,0.34545454545454546,0.6727272727272727,1.0,0.7333333333333333,11,15
3453,0.6274509803921569,0.5552941176470588,0.23333333333333334,0.6166666666666667,0.45714285714285713,1.0,35,16
3454,0.9333333333333333,0.877948717948718,0.6043956043956044,0.8021978021978022,1.0,0.875,14,16
3456,0.972972972972973,0.8871224165341811,0.4117647058823529,0.7058823529411764,1.0,0.9473684210526315,18,19
3457,0.8947368421052632,0.8098684210526315,0.36764705882352944,0.6838235294117647,0.8095238095238095,1.0,21,17
3458,0.8,0.7272727272727273,0.3939393939393939,0.696969696969697,0.6666666666666666,1.0,33,22
3460,1.0,0.9153846153846154,0.4358974358974359,0.717948717948718,1.0,1.0,13,13
3462,0.8571428571428571,0.7558441558441558,0.21212121212121213,0.6060606060606061,0.75,1.0,16,12
3463,0.7000000000000001,0.6330769230769231,0.3626373626373626,0.6813186813186813,0.5384615384615384,1.0,26,14
3464,1.0,0.8942857142857142,0.29523809523809524,0.6476190476190476,1.0,1.0,15,15
3465,0.896551724137931,0.7931034482758621,0.23076923076923078,0.6153846153846154,0.8125,1.0,16,13
3466,0.9189189189189189,0.8195945945945945,0.27941176470588236,0.6397058823529411,0.85,1.0,20,17
3467,0.9285714285714286,0.7845714285714286,-0.033846153846153845,0.48307692307692307,0.8666666666666667,1.0,30,26
3469,0.787878787878788,0.6848484848484848,0.1282051282051282,0.5641025641025641,0.65,1.0,20,13
3470,0.05714285714285715,0.05714285714285715,1.0,1.0,0.029411764705882353,1.0,34,1
3471,0.8125000000000001,0.7125000000000001,0.1794871794871795,0.5897435897435898,1.0,0.6842105263157895,13,19
3473,0.9047619047619047,0.8333333333333333,0.47368421052631576,0.7368421052631579,0.8260869565217391,1.0,23,19
3474,0.888888888888889,0.7622222222222222,0.05,0.525,1.0,0.8,16,20
3475,1.0,0.9195652173913043,0.463768115942029,0.7318840579710145,1.0,1.0,24,24
3476,0.761904761904762,0.6557823129251701,0.07142857142857142,0.5357142857142857,1.0,0.6153846153846154,8,13
3477,1.0,0.9157142857142857,0.4380952380952381,0.719047619047619,1.0,1.0,21,21
3478,0.5925925925925926,0.5133655394524959,0.10869565217391304,0.5543478260869565,0.42105263157894735,1.0,57,24
3479,0.761904761904762,0.5986394557823129,-0.42857142857142855,0.2857142857142857,1.0,0.6153846153846154,8,13
3480,0.761904761904762,0.6590476190476191,0.1,0.55,0.6153846153846154,1.0,26,16
3482,0.8387096774193548,0.7806451612903225,0.5384615384615384,0.7692307692307692,0.7222222222222222,1.0,18,13
3483,0.8095238095238095,0.7166666666666667,0.23529411764705882,0.6176470588235294,0.68,1.0,25,17
3484,0.9743589743589743,0.8905982905982905,0.4269005847953216,0.7134502923976608,0.95,1.0,20,19
3485,1.0,0.8705882352941176,0.13725490196078433,0.5686274509803921,1.0,1.0,18,18
3486,0.967741935483871,0.8599078341013825,0.2571428571428571,0.6285714285714286,0.9375,1.0,16,15
3487,0.896551724137931,0.7896551724137931,0.20512820512820512,0.6025641025641025,1.0,0.8125,13,16
3488,0.8181818181818181,0.6962566844919785,0.006535947712418301,0.5032679738562091,0.6923076923076923,1.0,26,18
3490,1.0,0.8842857142857142,0.22857142857142856,0.6142857142857143,1.0,1.0,21,21
3491,0.8387096774193548,0.6999999999999998,-0.10256410256410256,0.44871794871794873,1.0,0.7222222222222222,13,18
3492,0.8648648648648648,0.6897297297297297,-0.35,0.325,0.7619047619047619,1.0,21,16
3493,0.8,0.6997802197802199,0.16483516483516483,0.5824175824175825,1.0,0.6666666666666666,14,21
3494,1.0,0.9095588235294116,0.39705882352941174,0.6985294117647058,1.0,1.0,17,17
3496,0.8095238095238095,0.700595238095238,0.10294117647058823,0.5514705882352942,0.68,1.0,25,17
3497,0.8125000000000001,0.7000000000000001,0.07692307692307693,0.5384615384615384,1.0,0.6842105263157895,13,19
3498,0.7441860465116279,0.6641860465116278,0.2833333333333333,0.6416666666666666,0.5925925925925926,1.0,27,16
3499,0.8292682926829268,0.7176829268292682,0.10294117647058823,0.5514705882352942,0.7083333333333334,1.0,24,17
3501,0.7391304347826086,0.6559782608695651,0.25,0.625,0.5862068965517241,1.0,29,17
3502,0.923076923076923,0.7846153846153845,0.0,0.5,1.0,0.8571428571428571,12,14
3504,0.6829268292682926,0.5410881801125703,-0.38461538461538464,0.3076923076923077,0.5185185185185185,1.0,27,14
3505,0.9166666666666666,0.8116666666666665,0.23636363636363636,0.6181818181818182,1.0,0.8461538461538461,11,13
3506,0.9696969696969697,0.8727272727272727,0.3333333333333333,0.6666666666666666,0.9411764705882353,1.0,17,16
3507,0.7419354838709677,0.6565982404692082,0.233201581027668,0.616600790513834,0.5897435897435898,1.0,39,23
3508,0.9047619047619047,0.7936507936507935,0.18128654970760233,0.5906432748538012,0.8260869565217391,1.0,23,19
3509,0.9142857142857143,0.7389861751152074,-0.2782258064516129,0.36088709677419356,0.8421052631578947,1.0,38,32
3511,0.888888888888889,0.80046783625731,0.3368421052631579,0.6684210526315789,0.8,1.0,25,20
3512,0.8750000000000001,0.7682692307692308,0.18681318681318682,0.5934065934065934,1.0,0.7777777777777778,14,18
3513,1.0,0.8771929824561403,0.18128654970760233,0.5906432748538012,1.0,1.0,19,19
3514,0.6799999999999999,0.5824999999999999,0.04411764705882353,0.5220588235294118,0.5151515151515151,1.0,33,17
3515,0.9473684210526316,0.8321981424148607,0.1895424836601307,0.5947712418300654,1.0,0.9,18,20
3516,0.8363636363636363,0.701487603305785,-0.07509881422924901,0.4624505928853755,0.71875,1.0,32,23
3517,0.9047619047619047,0.7793650793650791,0.07602339181286549,0.5380116959064327,0.8260869565217391,1.0,23,19
3518,0.8148148148148148,0.6825396825396824,-0.08225108225108226,0.4588744588744589,0.6875,1.0,32,22
3519,0.9361702127659575,0.8182370820668692,0.16017316017316016,0.5800865800865801,1.0,0.88,22,25
3520,0.8095238095238095,0.718452380952381,0.25,0.625,0.68,1.0,25,17
3521,0.9714285714285714,0.8557142857142856,0.20588235294117646,0.6029411764705882,1.0,0.9444444444444444,17,18
3522,0.7234042553191489,0.6196808510638298,0.04411764705882353,0.5220588235294118,0.5666666666666667,1.0,30,17
3523,1.0,0.9324110671936758,0.549407114624506,0.7747035573122529,1.0,1.0,23,23
3524,0.888888888888889,0.8333333333333334,0.5833333333333334,0.7916666666666667,1.0,0.8,16,20
3525,0.7384615384615384,0.6589966555183945,0.2826086956521739,0.6413043478260869,0.5853658536585366,1.0,41,24
3526,0.9565217391304348,0.9043478260869564,0.6363636363636364,0.8181818181818181,1.0,0.9166666666666666,11,12
3527,0.761904761904762,0.6895238095238095,0.36666666666666664,0.6833333333333333,0.6153846153846154,1.0,26,16
3528,0.896551724137931,0.7862068965517242,0.1794871794871795,0.5897435897435898,1.0,0.8125,13,16
3529,0.8333333333333333,0.7333333333333332,0.2,0.6,1.0,0.7142857142857143,10,14
3530,0.9130434782608696,0.78,0.02857142857142857,0.5142857142857142,0.84,1.0,25,21
3531,0.9600000000000001,0.8754782608695652,0.41304347826086957,0.7065217391304348,0.9230769230769231,1.0,26,24
3532,0.9333333333333333,0.7681481481481481,-0.17989417989417988,0.41005291005291006,0.875,1.0,32,28
3533,0.7142857142857143,0.6161654135338346,0.08421052631578947,0.5421052631578948,0.5555555555555556,1.0,36,20
3534,0.9333333333333333,0.7946666666666666,0.009523809523809525,0.5047619047619047,0.875,1.0,24,21
3535,0.475,0.4175,0.19298245614035087,0.5964912280701754,0.3114754098360656,1.0,61,19
3536,0.9600000000000001,0.8552727272727273,0.2727272727272727,0.6363636363636364,1.0,0.9230769230769231,12,13
3537,1.0,0.8524999999999999,0.016666666666666666,0.5083333333333333,1.0,1.0,16,16
3538,0.878048780487805,0.7833572453371593,0.28104575163398693,0.6405228758169934,0.782608695652174,1.0,23,18
3539,0.8,0.7002105263157894,0.16842105263157894,0.5842105263157895,0.6666666666666666,1.0,30,20
3540,0.52,0.44999999999999996,0.10256410256410256,0.5512820512820513,0.35135135135135137,1.0,37,13
3541,0.3846153846153846,0.3388461538461538,0.20666666666666667,0.6033333333333333,0.23809523809523808,1.0,105,25
3542,0.9354838709677419,0.8193548387096774,0.1724137931034483,0.5862068965517242,0.8787878787878788,1.0,33,29
3543,0.9122807017543859,0.8567017543859649,0.5938461538461538,0.7969230769230768,0.8387096774193549,1.0,31,26
3545,0.5609756097560975,0.4864745011086474,0.11462450592885376,0.5573122529644269,0.3898305084745763,1.0,59,23
3546,1.0,0.895,0.3,0.65,1.0,1.0,16,16
3547,0.25,0.21999999999999997,0.2,0.6,0.14285714285714285,1.0,140,20
3548,0.8571428571428571,0.7411764705882352,0.09803921568627451,0.5490196078431373,0.75,1.0,24,18
3549,0.9473684210526316,0.8591093117408908,0.3789173789173789,0.6894586894586895,0.9,1.0,30,27
3550,0.8823529411764706,0.7714285714285714,0.1619047619047619,0.580952380952381,1.0,0.7894736842105263,15,19
3551,0.9767441860465117,0.8609302325581395,0.20952380952380953,0.6047619047619047,0.9545454545454546,1.0,22,21
3552,0.85,0.750625,0.22058823529411764,0.6102941176470589,0.7391304347826086,1.0,23,17
3553,0.5675675675675675,0.4775675675675675,-0.05714285714285714,0.4714285714285714,0.39622641509433965,1.0,53,21
3554,0.7441860465116279,0.6344186046511627,0.016666666666666666,0.5083333333333333,0.5925925925925926,1.0,27,16
3555,0.878048780487805,0.7919655667144907,0.3464052287581699,0.673202614379085,0.782608695652174,1.0,23,18
3556,0.3166666666666667,0.27555555555555555,0.13450292397660818,0.5672514619883041,0.18811881188118812,1.0,101,19
3557,0.7037037037037037,0.608641975308642,0.09941520467836257,0.5497076023391813,0.5428571428571428,1.0,35,19
3558,0.6222222222222222,0.5258119658119658,-0.03296703296703297,0.4835164835164835,0.45161290322580644,1.0,31,14
3562,0.6666666666666666,0.5516666666666665,-0.15,0.425,0.5,1.0,32,16
3565,0.7450980392156863,0.6640522875816993,0.27485380116959063,0.6374269005847953,0.59375,1.0,32,19
3566,0.6333333333333334,0.5355555555555556,-0.029239766081871343,0.48538011695906436,0.4634146341463415,1.0,41,19
3568,0.85,0.7825,0.47058823529411764,0.7352941176470589,0.7391304347826086,1.0,23,17
3571,0.7037037037037037,0.5728395061728395,-0.23976608187134502,0.3801169590643275,0.5428571428571428,1.0,35,19
3572,0.8823529411764706,0.7512605042016807,0.009523809523809525,0.5047619047619047,0.7894736842105263,1.0,19,15
3573,0.21890547263681592,0.1833688699360341,-0.08225108225108226,0.4588744588744589,0.12290502793296089,1.0,179,22
3577,0.8108108108108109,0.7042471042471042,0.12380952380952381,0.5619047619047619,1.0,0.6818181818181818,15,22
3578,0.7659574468085107,0.6623279098873592,0.09803921568627451,0.5490196078431373,0.6206896551724138,1.0,29,18
3580,0.2033898305084746,0.17627118644067796,0.1111111111111111,0.5555555555555556,0.11320754716981132,1.0,159,18
3581,0.8292682926829268,0.7341463414634146,0.23529411764705882,0.6176470588235294,0.7083333333333334,1.0,24,17
3582,0.6153846153846153,0.5395951417004048,0.17894736842105263,0.5894736842105264,0.4444444444444444,1.0,45,20
3584,0.30303030303030304,0.2505050505050505,-0.15555555555555556,0.4222222222222222,0.17857142857142858,1.0,56,10
3588,0.40476190476190477,0.36547619047619045,0.35294117647058826,0.6764705882352942,0.2537313432835821,1.0,67,17
3590,0.6885245901639345,0.5744262295081968,-0.10476190476190476,0.44761904761904764,0.525,1.0,40,21
3591,0.8148148148148148,0.7037037037037036,0.09090909090909091,0.5454545454545454,0.6875,1.0,16,11
3592,0.972972972972973,0.8623211446740858,0.24183006535947713,0.6209150326797386,1.0,0.9473684210526315,18,19
3594,0.8372093023255813,0.7288645690834472,0.13725490196078433,0.5686274509803921,0.72,1.0,25,18
3595,0.8125000000000001,0.7156250000000001,0.20512820512820512,0.6025641025641025,1.0,0.6842105263157895,13,19
3596,1.0,0.8674999999999999,0.11666666666666667,0.5583333333333333,1.0,1.0,16,16
3597,0.7540983606557378,0.6324888226527571,-0.07509881422924901,0.4624505928853755,0.6052631578947368,1.0,38,23
3598,0.7333333333333334,0.6152380952380953,-0.0735930735930736,0.4632034632034632,0.5789473684210527,1.0,38,22
3600,0.7499999999999999,0.6709239130434782,0.2971014492753623,0.6485507246376812,0.6,1.0,40,24
3601,0.923076923076923,0.8416289592760179,0.4117647058823529,0.7058823529411764,0.8571428571428571,1.0,21,18
3602,0.7796610169491525,0.6899845916795069,0.233201581027668,0.616600790513834,0.6388888888888888,1.0,36,23
3603,0.6153846153846153,0.523076923076923,0.0,0.5,1.0,0.4444444444444444,8,18
3608,0.7499999999999999,0.6558823529411764,0.16339869281045752,0.5816993464052288,0.6,1.0,30,18
3609,0.3508771929824561,0.29005847953216374,-0.15555555555555556,0.4222222222222222,0.2127659574468085,1.0,47,10
3610,1.0,0.8825,0.21666666666666667,0.6083333333333334,1.0,1.0,16,16
3611,0.6551724137931034,0.5333333333333333,-0.23976608187134502,0.3801169590643275,0.48717948717948717,1.0,39,19
3615,0.6,0.5168571428571428,0.0761904761904762,0.5380952380952381,0.42857142857142855,1.0,49,21
3616,0.7692307692307693,0.6975708502024291,0.37894736842105264,0.6894736842105263,0.625,1.0,32,20
3617,0.32075471698113206,0.2839622641509434,0.23529411764705882,0.6176470588235294,0.19101123595505617,1.0,89,17
3618,0.846153846153846,0.7395604395604394,0.16017316017316016,0.5800865800865801,0.7333333333333333,1.0,30,22
3619,0.2641509433962264,0.2367147613762486,0.30756302521008405,0.653781512605042,0.15217391304347827,1.0,230,35
3621,0.72,0.63,0.16666666666666666,0.5833333333333334,0.5625,1.0,16,9
3623,0.06666666666666667,0.06666666666666667,1.0,1.0,0.034482758620689655,1.0,29,1
3624,0.8750000000000001,0.7913461538461538,0.3626373626373626,0.6813186813186813,0.7777777777777778,1.0,18,14
3625,0.9565217391304348,0.8521739130434782,0.2727272727272727,0.6363636363636364,1.0,0.9166666666666666,11,12
3626,0.7441860465116279,0.695813953488372,0.5666666666666667,0.7833333333333333,0.5925925925925926,1.0,27,16
3627,0.787878787878788,0.7181818181818181,0.41025641025641024,0.7051282051282051,1.0,0.65,13,20
3628,0.2638888888888889,0.2439814814814815,0.49707602339181284,0.7485380116959064,0.152,1.0,125,19
3630,0.3142857142857143,0.25257142857142856,-0.3090909090909091,0.34545454545454546,0.1864406779661017,1.0,59,11
3631,0.19999999999999998,0.18230769230769225,0.41025641025641024,0.7051282051282051,0.1111111111111111,1.0,117,13
3632,0.5161290322580645,0.4387096774193548,0.0,0.5,0.34782608695652173,1.0,46,16
3633,0.6666666666666666,0.5901960784313725,0.23529411764705882,0.6176470588235294,0.5,1.0,34,17
3635,1.0,0.9142857142857143,0.42857142857142855,0.7142857142857143,1.0,1.0,15,15
3636,0.4166666666666667,0.36337719298245613,0.14736842105263157,0.5736842105263158,0.2631578947368421,1.0,76,20
3639,1.0,0.8153846153846154,-0.23076923076923078,0.3846153846153846,1.0,1.0,13,13
3641,0.626865671641791,0.5211940298507461,-0.12380952380952381,0.4380952380952381,0.45652173913043476,1.0,46,21
3642,0.9743589743589743,0.8495726495726494,0.14619883040935672,0.5730994152046783,0.95,1.0,20,19
3643,0.6218487394957983,0.5229691876750701,-0.06006006006006006,0.46996996996997,0.45121951219512196,1.0,82,37
3648,0.33628318584070793,0.29616519174041295,0.2046783625730994,0.6023391812865497,0.20212765957446807,1.0,94,19
3649,0.8571428571428571,0.7,-0.2222222222222222,0.3888888888888889,1.0,0.75,9,12
3650,0.851063829787234,0.7314669652855543,0.06315789473684211,0.531578947368421,0.7407407407407407,1.0,27,20
3651,1.0,0.8529411764705882,0.0196078431372549,0.5098039215686274,1.0,1.0,18,18
3652,0.22580645161290322,0.20719602977667492,0.45054945054945056,0.7252747252747253,0.12727272727272726,1.0,110,14
3653,0.8620689655172413,0.7508620689655172,0.14,0.5700000000000001,0.7575757575757576,1.0,33,25
3654,0.3875968992248062,0.3437984496124031,0.24666666666666667,0.6233333333333333,0.2403846153846154,1.0,104,25
3656,0.3278688524590164,0.27759562841530055,-0.022222222222222223,0.4888888888888889,0.19607843137254902,1.0,51,10
3657,0.9142857142857143,0.8274285714285713,0.36666666666666664,0.6833333333333333,1.0,0.8421052631578947,16,19
3658,0.6666666666666666,0.5515151515151514,-0.15151515151515152,0.42424242424242425,0.5,1.0,24,12
3659,1.0,0.9075,0.38333333333333336,0.6916666666666667,1.0,1.0,16,16
3662,0.8070175438596492,0.7457735247208932,0.49407114624505927,0.7470355731225297,0.6764705882352942,1.0,34,23
3663,0.8444444444444443,0.7496296296296295,0.25146198830409355,0.6257309941520468,0.7307692307692307,1.0,26,19
3664,0.8571428571428571,0.7636363636363636,0.2727272727272727,0.6363636363636364,1.0,0.75,12,16
3665,0.8571428571428571,0.7675324675324674,0.30303030303030304,0.6515151515151515,0.75,1.0,16,12
3667,0.9090909090909091,0.7575757575757575,-0.1111111111111111,0.4444444444444444,0.8333333333333334,1.0,12,10
3668,0.6060606060606061,0.512280701754386,-0.031578947368421054,0.4842105263157895,0.43478260869565216,1.0,46,20
3669,0.4444444444444445,0.3898803418803419,0.18153846153846154,0.5907692307692307,0.2857142857142857,1.0,91,26
3670,0.16842105263157897,0.15242105263157896,0.36666666666666664,0.6833333333333333,0.09195402298850575,1.0,174,16
3671,0.6486486486486487,0.571990171990172,0.21212121212121213,0.6060606060606061,0.48,1.0,25,12
3673,0.88,0.7743999999999999,0.2,0.6,1.0,0.7857142857142857,11,14
3675,0.8076923076923077,0.7026923076923076,0.13333333333333333,0.5666666666666667,0.6774193548387096,1.0,31,21
3676,0.8387096774193548,0.7354838709677418,0.1794871794871795,0.5897435897435898,0.7222222222222222,1.0,18,13
3677,1.0,0.9492647058823529,0.6617647058823529,0.8308823529411764,1.0,1.0,17,17
3678,0.9696969696969697,0.9018181818181817,0.5333333333333333,0.7666666666666666,1.0,0.9411764705882353,16,17
3680,0.3432835820895522,0.29280868385345993,0.019762845849802372,0.5098814229249012,0.2072072072072072,1.0,111,23
3681,0.5,0.4431578947368421,0.24210526315789474,0.6210526315789474,0.3333333333333333,1.0,60,20
3682,0.33333333333333337,0.2924242424242424,0.18181818181818182,0.5909090909090909,0.2,1.0,60,12
3683,0.923076923076923,0.7873303167420813,0.0196078431372549,0.5098039215686274,0.8571428571428571,1.0,21,18
3684,0.7368421052631579,0.6566801619433198,0.27472527472527475,0.6373626373626373,0.5833333333333334,1.0,24,14
3685,0.8571428571428571,0.7546218487394958,0.20261437908496732,0.6013071895424836,0.75,1.0,24,18
3687,0.8,0.6506666666666666,-0.24444444444444444,0.37777777777777777,1.0,0.6666666666666666,10,15
3689,0.9090909090909091,0.8337662337662336,0.44761904761904764,0.7238095238095238,1.0,0.8333333333333334,15,18
3690,0.9500000000000001,0.8566666666666667,0.34502923976608185,0.672514619883041,1.0,0.9047619047619048,19,21
3691,0.7499999999999999,0.6937499999999999,0.5,0.75,1.0,0.6,9,15
3692,0.4782608695652174,0.4130434782608695,0.09090909090909091,0.5454545454545454,0.3142857142857143,1.0,35,11
3693,0.8571428571428571,0.7478991596638654,0.1503267973856209,0.5751633986928104,0.75,1.0,24,18
3694,0.7659574468085107,0.6728410513141427,0.1895424836601307,0.5947712418300654,0.6206896551724138,1.0,29,18
3695,0.7659574468085107,0.6638297872340426,0.1111111111111111,0.5555555555555556,0.6206896551724138,1.0,29,18
3696,0.9,0.7676470588235293,0.0196078431372549,0.5098039215686274,0.8181818181818182,1.0,22,18
3697,0.2608695652173913,0.23580562659846543,0.35947712418300654,0.6797385620915033,0.15,1.0,120,18
3698,0.7142857142857143,0.5666666666666667,-0.37777777777777777,0.3111111111111111,0.5555555555555556,1.0,18,10
3699,0.9655172413793104,0.876392572944297,0.38461538461538464,0.6923076923076923,1.0,0.9333333333333333,14,15
3700,0.7000000000000001,0.5961538461538461,0.01098901098901099,0.5054945054945055,0.5384615384615384,1.0,26,14
3701,0.8823529411764706,0.7563025210084033,0.047619047619047616,0.5238095238095238,1.0,0.7894736842105263,15,19
3702,0.8695652173913044,0.7652173913043478,0.2,0.6,1.0,0.7692307692307693,10,13
3703,0.923076923076923,0.7888111888111887,0.030303030303030304,0.5151515151515151,1.0,0.8571428571428571,12,14
3704,0.962962962962963,0.8629629629629629,0.3076923076923077,0.6538461538461539,1.0,0.9285714285714286,13,14
3705,0.7368421052631579,0.603238866396761,-0.2087912087912088,0.3956043956043956,0.5833333333333334,1.0,24,14
3706,0.962962962962963,0.874074074074074,0.38461538461538464,0.6923076923076923,0.9285714285714286,1.0,14,13
3707,0.85,0.7656249999999999,0.3382352941176471,0.6691176470588236,0.7391304347826086,1.0,23,17
3709,0.8333333333333333,0.7293859649122806,0.16842105263157894,0.5842105263157895,0.7142857142857143,1.0,28,20
3710,0.463768115942029,0.43362318840579706,0.5666666666666667,0.7833333333333333,0.3018867924528302,1.0,53,16
3711,0.9333333333333333,0.8256410256410256,0.23076923076923078,0.6153846153846154,1.0,0.875,14,16
3713,0.9696969696969697,0.8533333333333333,0.2,0.6,1.0,0.9411764705882353,16,17
3714,0.5050505050505051,0.4444444444444444,0.2,0.6,0.33783783783783783,1.0,74,25
3715,0.962962962962963,0.8518518518518519,0.23076923076923078,0.6153846153846154,1.0,0.9285714285714286,13,14
3716,0.7234042553191489,0.6388297872340425,0.22058823529411764,0.6102941176470589,0.5666666666666667,1.0,30,17
3717,0.3120567375886525,0.26626139817629174,0.021645021645021644,0.5108225108225108,0.18487394957983194,1.0,119,22
3718,0.782608695652174,0.691304347826087,0.2222222222222222,0.6111111111111112,1.0,0.6428571428571429,9,14
3719,0.9,0.7424999999999999,-0.16666666666666666,0.4166666666666667,0.8181818181818182,1.0,11,9
3720,0.5581395348837209,0.4896405919661733,0.18181818181818182,0.5909090909090909,0.3870967741935484,1.0,31,12
3721,0.6666666666666666,0.6098245614035087,0.43157894736842106,0.7157894736842105,0.5,1.0,40,20
3722,0.8235294117647058,0.7257918552036199,0.2087912087912088,0.6043956043956044,0.7,1.0,20,14
3723,0.8181818181818181,0.7171122994652406,0.17647058823529413,0.5882352941176471,0.6923076923076923,1.0,26,18
3724,0.326530612244898,0.28979591836734697,0.25,0.625,0.1951219512195122,1.0,82,16
3725,0.5882352941176471,0.48571428571428565,-0.1619047619047619,0.41904761904761906,0.4166666666666667,1.0,36,15
3727,0.761904761904762,0.6666666666666667,0.16666666666666666,0.5833333333333334,1.0,0.6153846153846154,16,26
3728,1.0,0.8681818181818182,0.12121212121212122,0.5606060606060606,1.0,1.0,12,12
3729,0.8823529411764706,0.7663865546218487,0.12380952380952381,0.5619047619047619,0.7894736842105263,1.0,19,15
3730,0.8750000000000001,0.7711538461538462,0.2087912087912088,0.6043956043956044,0.7777777777777778,1.0,18,14
3731,0.9600000000000001,0.8814545454545455,0.45454545454545453,0.7272727272727273,0.9230769230769231,1.0,13,12
3732,0.8717948717948718,0.7564102564102564,0.11764705882352941,0.5588235294117647,0.7727272727272727,1.0,22,17
3734,0.7272727272727273,0.6327272727272727,0.13333333333333333,0.5666666666666667,0.5714285714285714,1.0,28,16
3735,0.787878787878788,0.7090909090909091,0.3333333333333333,0.6666666666666666,0.65,1.0,20,13
3736,0.9032258064516129,0.7900744416873449,0.16483516483516483,0.5824175824175825,0.8235294117647058,1.0,17,14
3737,0.9047619047619047,0.7952380952380951,0.19298245614035087,0.5964912280701754,0.8260869565217391,1.0,23,19
3738,0.888888888888889,0.7977777777777778,0.31666666666666665,0.6583333333333333,0.8,1.0,20,16
3739,0.3655913978494624,0.3172043010752688,0.11764705882352941,0.5588235294117647,0.2236842105263158,1.0,76,17
3741,0.7272727272727273,0.6446280991735537,0.24242424242424243,0.6212121212121212,0.5714285714285714,1.0,21,12
3742,0.7692307692307693,0.682995951417004,0.25263157894736843,0.6263157894736842,0.625,1.0,32,20
3743,0.9333333333333333,0.8164102564102564,0.16483516483516483,0.5824175824175825,1.0,0.875,14,16
3745,0.7586206896551725,0.646896551724138,0.01818181818181818,0.509090909090909,1.0,0.6111111111111112,11,18
3746,0.9500000000000001,0.8616666666666667,0.38011695906432746,0.6900584795321637,0.9047619047619048,1.0,21,19
3747,0.8333333333333333,0.6785714285714285,-0.23809523809523808,0.38095238095238093,0.7142857142857143,1.0,21,15
3748,0.8717948717948718,0.7621794871794871,0.16176470588235295,0.5808823529411765,0.7727272727272727,1.0,22,17
3749,0.6,0.5181818181818181,0.09090909090909091,0.5454545454545454,0.42857142857142855,1.0,28,12
3750,0.846153846153846,0.7353846153846152,0.12727272727272726,0.5636363636363636,0.7333333333333333,1.0,15,11
3751,0.7727272727272727,0.6721590909090909,0.1323529411764706,0.5661764705882353,0.6296296296296297,1.0,27,17
3752,0.6086956521739131,0.5625418060200669,0.4945054945054945,0.7472527472527473,0.4375,1.0,32,14
3753,0.27184466019417475,0.23599701269604179,0.12087912087912088,0.5604395604395604,0.15730337078651685,1.0,89,14
3754,0.7647058823529412,0.6882352941176471,0.3333333333333333,0.6666666666666666,0.6190476190476191,1.0,21,13
3755,0.8947368421052632,0.7309210526315789,-0.22058823529411764,0.3897058823529412,0.8095238095238095,1.0,21,17
3756,0.625,0.5303571428571429,-0.009523809523809525,0.49523809523809526,0.45454545454545453,1.0,33,15
3757,0.6071428571428571,0.5629464285714285,0.5147058823529411,0.7573529411764706,0.4358974358974359,1.0,39,17
3758,0.9090909090909091,0.7393939393939393,-0.24444444444444444,0.37777777777777777,1.0,0.8333333333333334,10,12
3759,0.9375,0.8276785714285714,0.21904761904761905,0.6095238095238096,0.8823529411764706,1.0,17,15
3760,0.8947368421052632,0.8078947368421052,0.35294117647058826,0.6764705882352942,0.8095238095238095,1.0,21,17
3761,0.9523809523809523,0.8441102756892229,0.24210526315789474,0.6210526315789474,0.9090909090909091,1.0,22,20
3762,0.7906976744186047,0.672093023255814,0.0,0.5,0.6538461538461539,1.0,26,17
3763,0.9444444444444444,0.8006944444444444,-0.014705882352941176,0.49264705882352944,0.8947368421052632,1.0,19,17
3764,0.5079365079365079,0.4431746031746031,0.15,0.575,0.3404255319148936,1.0,47,16
3765,0.972972972972973,0.812718600953895,-0.09803921568627451,0.45098039215686275,0.9473684210526315,1.0,19,18
3766,0.888888888888889,0.7777777777777778,0.16666666666666666,0.5833333333333334,1.0,0.8,16,20
3767,0.7547169811320755,0.6581926514399206,0.14736842105263157,0.5736842105263158,0.6060606060606061,1.0,33,20
3768,0.7906976744186047,0.6686046511627907,-0.029411764705882353,0.4852941176470588,0.6538461538461539,1.0,26,17
3769,0.761904761904762,0.6723809523809524,0.21666666666666667,0.6083333333333334,0.6153846153846154,1.0,26,16
3771,0.8235294117647058,0.7230769230769231,0.18681318681318682,0.5934065934065934,0.7,1.0,20,14
3774,0.5757575757575757,0.4828282828282827,-0.07602339181286549,0.4619883040935673,0.40425531914893614,1.0,47,19
3776,0.9302325581395349,0.8303549571603426,0.28421052631578947,0.6421052631578947,0.8695652173913043,1.0,23,20
3777,0.9166666666666666,0.7366666666666666,-0.3090909090909091,0.34545454545454546,1.0,0.8461538461538461,11,13
3778,0.7555555555555554,0.6525252525252523,0.09090909090909091,0.5454545454545454,0.6071428571428571,1.0,56,34
3779,1.0,0.9245614035087719,0.49707602339181284,0.7485380116959064,1.0,1.0,19,19
3780,0.9,0.8135294117647058,0.35947712418300654,0.6797385620915033,0.8181818181818182,1.0,22,18
3781,0.9210526315789475,0.7956656346749226,0.09243697478991597,0.546218487394958,0.8536585365853658,1.0,41,35
3782,1.0,0.9039215686274509,0.35947712418300654,0.6797385620915033,1.0,1.0,18,18
3783,0.9795918367346939,0.8645962732919255,0.21739130434782608,0.6086956521739131,1.0,0.96,24,25
3784,0.9166666666666666,0.7666666666666666,-0.09090909090909091,0.45454545454545453,1.0,0.8461538461538461,11,13
3785,0.878048780487805,0.7781922525107605,0.24183006535947713,0.6209150326797386,0.782608695652174,1.0,23,18
3787,0.8421052631578948,0.7094736842105263,-0.05,0.475,0.7272727272727273,1.0,22,16
3788,0.711864406779661,0.6162711864406779,0.10476190476190476,0.5523809523809524,0.5526315789473685,1.0,38,21
3789,0.6875000000000001,0.5975,0.12727272727272726,0.5636363636363636,1.0,0.5238095238095238,11,21
3790,0.8750000000000001,0.7769230769230769,0.25274725274725274,0.6263736263736264,0.7777777777777778,1.0,18,14
3791,0.9655172413793104,0.873209549071618,0.3626373626373626,0.6813186813186813,1.0,0.9333333333333333,14,15
3792,0.8421052631578948,0.7136842105263158,-0.016666666666666666,0.49166666666666664,0.7272727272727273,1.0,22,16
3793,0.8148148148148148,0.7392592592592592,0.38181818181818183,0.6909090909090909,1.0,0.6875,11,16
3794,0.49350649350649356,0.4597402597402597,0.543859649122807,0.7719298245614035,0.3275862068965517,1.0,58,19
3795,0.9714285714285714,0.8492857142857143,0.16176470588235295,0.5808823529411765,1.0,0.9444444444444444,17,18
3796,0.6486486486486487,0.5690417690417691,0.18181818181818182,0.5909090909090909,0.48,1.0,25,12
3797,0.9285714285714286,0.825,0.2564102564102564,0.6282051282051282,0.8666666666666667,1.0,15,13
3798,0.8666666666666666,0.7733333333333332,0.28205128205128205,0.641025641025641,0.7647058823529411,1.0,17,13
3799,0.9375,0.8196428571428571,0.1619047619047619,0.580952380952381,1.0,0.8823529411764706,15,17
3800,0.8275862068965517,0.7485893416927899,0.36363636363636365,0.6818181818181819,1.0,0.7058823529411765,12,17
3801,0.8,0.6920000000000001,0.1,0.55,0.6666666666666666,1.0,24,16
3802,0.7017543859649124,0.6352723915050785,0.3684210526315789,0.6842105263157895,0.5405405405405406,1.0,37,20
3803,0.9600000000000001,0.8203636363636364,0.030303030303030304,0.5151515151515151,1.0,0.9230769230769231,12,13
3804,0.8474576271186441,0.7516949152542373,0.24666666666666667,0.6233333333333333,0.7352941176470589,1.0,34,25
3805,0.88,0.7936,0.34545454545454546,0.6727272727272727,0.7857142857142857,1.0,14,11
3806,0.5333333333333333,0.4533333333333333,0.0,0.5,0.36363636363636365,1.0,33,12
3807,0.5172413793103449,0.441871921182266,0.02857142857142857,0.5142857142857142,0.3488372093023256,1.0,43,15
3808,0.9523809523809523,0.8444444444444443,0.24444444444444444,0.6222222222222222,1.0,0.9090909090909091,10,11
3809,0.5882352941176471,0.5352941176470588,0.4,0.7,1.0,0.4166666666666667,5,12
3810,0.4,0.328,-0.2,0.4,0.25,1.0,24,6
3811,0.7692307692307693,0.7230769230769231,0.6,0.8,1.0,0.625,5,8
3812,1.0,0.8963636363636363,0.3090909090909091,0.6545454545454545,1.0,1.0,11,11
3813,0.7499999999999999,0.6437499999999998,0.05555555555555555,0.5277777777777778,0.6,1.0,15,9
3814,0.631578947368421,0.5557894736842104,0.2,0.6,0.46153846153846156,1.0,13,6
3815,1.0,0.9416666666666667,0.6111111111111112,0.8055555555555556,1.0,1.0,9,9
3816,0.7692307692307693,0.7692307692307693,1.0,1.0,1.0,0.625,5,8
3817,1.0,0.8916666666666666,0.2777777777777778,0.6388888888888888,1.0,1.0,9,9
3818,0.2641509433962264,0.23396226415094337,0.23809523809523808,0.6190476190476191,0.15217391304347827,1.0,46,7
3819,0.923076923076923,0.8307692307692306,0.3333333333333333,0.6666666666666666,0.8571428571428571,1.0,7,6
3820,0.8,0.736,0.4666666666666667,0.7333333333333334,1.0,0.6666666666666666,6,9
3821,0.6363636363636364,0.5818181818181818,0.42857142857142855,0.7142857142857143,1.0,0.4666666666666667,7,15
3822,0.7368421052631579,0.6631578947368421,0.3333333333333333,0.6666666666666666,1.0,0.5833333333333334,7,12
3823,0.7142857142857143,0.5642857142857143,-0.4,0.3,1.0,0.5555555555555556,5,9
3824,0.5,0.44999999999999996,0.3333333333333333,0.6666666666666666,1.0,0.3333333333333333,4,12
3825,0.6,0.564,0.6,0.8,0.42857142857142855,1.0,14,6
3826,0.888888888888889,0.8317460317460318,0.5714285714285714,0.7857142857142857,1.0,0.8,8,10
3827,0.5882352941176471,0.5,0.0,0.5,1.0,0.4166666666666667,5,12
3828,0.47058823529411764,0.44705882352941173,0.6666666666666666,0.8333333333333333,1.0,0.3076923076923077,4,13
3829,0.7586206896551725,0.6675862068965517,0.2,0.6,0.6111111111111112,1.0,18,11
3830,0.9333333333333333,0.7333333333333333,-0.42857142857142855,0.2857142857142857,1.0,0.875,7,8
3831,0.923076923076923,0.9046153846153845,0.8666666666666667,0.9333333333333333,1.0,0.8571428571428571,6,7
3832,0.9333333333333333,0.7466666666666666,-0.3333333333333333,0.33333333333333337,1.0,0.875,7,8
3833,0.47058823529411764,0.39999999999999997,0.0,0.5,1.0,0.3076923076923077,4,13
3834,0.9411764705882353,0.8907563025210083,0.6428571428571429,0.8214285714285714,1.0,0.8888888888888888,8,9
3835,0.782608695652174,0.6195652173913043,-0.3888888888888889,0.3055555555555556,1.0,0.6428571428571429,9,14
3836,0.9523809523809523,0.8825396825396825,0.5111111111111111,0.7555555555555555,0.9090909090909091,1.0,11,10
3837,1.0,0.8285714285714285,-0.14285714285714285,0.4285714285714286,1.0,1.0,7,7
3838,0.8750000000000001,0.7625,0.14285714285714285,0.5714285714285714,1.0,0.7777777777777778,7,9
3839,0.9473684210526316,0.868421052631579,0.4444444444444444,0.7222222222222222,0.9,1.0,10,9
3840,0.7777777777777778,0.6888888888888889,0.23809523809523808,0.6190476190476191,1.0,0.6363636363636364,7,11
3841,0.7499999999999999,0.6899999999999998,0.4666666666666667,0.7333333333333334,1.0,0.6,6,10
3842,1.0,0.8607142857142857,0.07142857142857142,0.5357142857142857,1.0,1.0,8,8
3843,0.5263157894736842,0.46315789473684205,0.2,0.6,1.0,0.35714285714285715,5,14
3844,0.6153846153846153,0.6153846153846153,1.0,1.0,1.0,0.4444444444444444,4,9
3845,1.0,0.95,0.6666666666666666,0.8333333333333333,1.0,1.0,4,4
3847,0.5714285714285715,0.4285714285714286,-0.6666666666666666,0.16666666666666669,1.0,0.4,4,10
3848,0.923076923076923,0.7938461538461538,0.06666666666666667,0.5333333333333333,0.8571428571428571,1.0,7,6
3849,0.8235294117647058,0.7882352941176469,0.7142857142857143,0.8571428571428572,0.7,1.0,10,7
3850,0.5882352941176471,0.5,0.0,0.5,1.0,0.4166666666666667,5,12
3851,0.9285714285714286,0.8571428571428571,0.48717948717948717,0.7435897435897436,0.8666666666666667,1.0,15,13
3852,1.0,0.8285714285714285,-0.14285714285714285,0.4285714285714286,1.0,1.0,8,8
3853,0.7692307692307693,0.6307692307692307,-0.2,0.4,0.625,1.0,8,5
3854,0.7499999999999999,0.6599999999999998,0.2,0.6,1.0,0.6,6,10
3855,0.7777777777777778,0.6666666666666666,0.047619047619047616,0.5238095238095238,1.0,0.6363636363636364,7,11
3856,0.8181818181818181,0.7159090909090908,0.16666666666666666,0.5833333333333334,1.0,0.6923076923076923,9,13
3857,0.72,0.6599999999999999,0.4444444444444444,0.7222222222222222,1.0,0.5625,9,16
3858,0.7142857142857143,0.6476190476190476,0.37777777777777777,0.6888888888888889,0.5555555555555556,1.0,18,10
3859,0.7499999999999999,0.6599999999999998,0.2,0.6,1.0,0.6,6,10
3860,1.0,0.7964285714285714,-0.35714285714285715,0.3214285714285714,1.0,1.0,8,8
3861,0.9473684210526316,0.8605263157894736,0.3888888888888889,0.6944444444444444,1.0,0.9,9,10
3862,0.923076923076923,0.8123076923076922,0.2,0.6,1.0,0.8571428571428571,6,7
3863,1.0,0.9083333333333332,0.3888888888888889,0.6944444444444444,1.0,1.0,9,9
3864,0.8695652173913044,0.782608695652174,0.3333333333333333,0.6666666666666666,0.7692307692307693,1.0,13,10
3865,0.8421052631578948,0.7699248120300752,0.42857142857142855,0.7142857142857143,1.0,0.7272727272727273,8,11
3866,0.9090909090909091,0.7696969696969697,-0.022222222222222223,0.4888888888888889,1.0,0.8333333333333334,10,12
3867,0.7000000000000001,0.58,-0.14285714285714285,0.4285714285714286,1.0,0.5384615384615384,7,13
3868,0.8571428571428571,0.72,-0.06666666666666667,0.4666666666666667,1.0,0.75,6,8
3869,0.923076923076923,0.7938461538461538,0.06666666666666667,0.5333333333333333,1.0,0.8571428571428571,6,7
3870,0.7499999999999999,0.6149999999999999,-0.2,0.4,1.0,0.6,6,10
3871,0.8148148148148148,0.7081481481481481,0.12727272727272726,0.5636363636363636,1.0,0.6875,11,16
3872,0.7692307692307693,0.6307692307692307,-0.2,0.4,1.0,0.625,5,8
3873,0.8421052631578948,0.6706766917293233,-0.35714285714285715,0.3214285714285714,1.0,0.7272727272727273,8,11
3874,1.0,0.9035714285714285,0.35714285714285715,0.6785714285714286,1.0,1.0,8,8
3875,0.6956521739130436,0.613664596273292,0.21428571428571427,0.6071428571428571,1.0,0.5333333333333333,8,15
3876,0.8571428571428571,0.8057142857142856,0.6,0.8,0.75,1.0,8,6
3877,0.7692307692307693,0.7,0.4,0.7,1.0,0.625,5,8
3878,0.7000000000000001,0.59,-0.047619047619047616,0.47619047619047616,1.0,0.5384615384615384,7,13
3879,0.7272727272727273,0.6545454545454545,0.3333333333333333,0.6666666666666666,0.5714285714285714,1.0,7,4
3880,0.9565217391304348,0.8886956521739131,0.5272727272727272,0.7636363636363637,0.9166666666666666,1.0,12,11
3881,1.0,0.8884615384615384,0.2564102564102564,0.6282051282051282,1.0,1.0,13,13
3882,0.72,0.588,-0.2222222222222222,0.3888888888888889,1.0,0.5625,9,16
3883,0.631578947368421,0.5936842105263157,0.6,0.8,1.0,0.46153846153846156,6,13
3884,0.7692307692307693,0.6538461538461539,0.0,0.5,1.0,0.625,5,8
3885,0.7000000000000001,0.58,-0.14285714285714285,0.4285714285714286,1.0,0.5384615384615384,7,13
3886,1.0,0.9666666666666666,0.7777777777777778,0.8888888888888888,1.0,1.0,9,9
3887,0.6666666666666666,0.5523809523809523,-0.14285714285714285,0.4285714285714286,1.0,0.5,7,14
3888,0.7499999999999999,0.6449999999999999,0.06666666666666667,0.5333333333333333,1.0,0.6,6,10
3889,0.6470588235294118,0.5623529411764706,0.12727272727272726,0.5636363636363636,0.4782608695652174,1.0,23,11
3890,0.7692307692307693,0.7,0.4,0.7,1.0,0.625,5,8
3891,0.8148148148148148,0.748148148148148,0.45454545454545453,0.7272727272727273,0.6875,1.0,16,11
3892,0.625,0.60625,0.8,0.9,1.0,0.45454545454545453,5,11
3893,0.8333333333333333,0.6611111111111111,-0.37777777777777777,0.3111111111111111,1.0,0.7142857142857143,10,14
3894,0.8,0.704,0.2,0.6,1.0,0.6666666666666666,6,9
3895,0.631578947368421,0.5431578947368421,0.06666666666666667,0.5333333333333333,1.0,0.46153846153846156,6,13
3896,0.6666666666666666,0.5733333333333333,0.06666666666666667,0.5333333333333333,1.0,0.5,6,12
3897,0.7058823529411764,0.6070588235294117,0.06666666666666667,0.5333333333333333,1.0,0.5454545454545454,6,11
3898,0.9565217391304348,0.8313043478260869,0.12727272727272726,0.5636363636363636,0.9166666666666666,1.0,12,11
3899,0.9090909090909091,0.7727272727272727,0.0,0.5,1.0,0.8333333333333334,5,6
3900,0.15217391304347827,0.1217391304347826,-0.3333333333333333,0.33333333333333337,0.08235294117647059,1.0,85,7
3901,0.7499999999999999,0.6874999999999999,0.4444444444444444,0.7222222222222222,1.0,0.6,9,15
3902,0.5714285714285715,0.5371428571428571,0.6,0.8,1.0,0.4,6,15
3903,0.6666666666666666,0.5066666666666666,-0.6,0.2,1.0,0.5,6,12
3904,1.0,0.8833333333333333,0.2222222222222222,0.6111111111111112,1.0,1.0,9,9
3905,0.8333333333333333,0.7833333333333332,0.6,0.8,0.7142857142857143,1.0,14,10
3906,1.0,0.8333333333333333,-0.1111111111111111,0.4444444444444444,1.0,1.0,9,9
3907,0.8421052631578948,0.7699248120300752,0.42857142857142855,0.7142857142857143,1.0,0.7272727272727273,8,11
3908,0.923076923076923,0.9046153846153845,0.8666666666666667,0.9333333333333333,0.8571428571428571,1.0,7,6
3909,0.8571428571428571,0.7642857142857142,0.2777777777777778,0.6388888888888888,1.0,0.75,9,12
3910,0.8571428571428571,0.7371428571428571,0.06666666666666667,0.5333333333333333,1.0,0.75,6,8
3911,0.9090909090909091,0.8545454545454545,0.6,0.8,0.8333333333333334,1.0,6,5
3912,0.625,0.5874999999999999,0.6,0.8,1.0,0.45454545454545453,5,11
3913,0.7000000000000001,0.61,0.14285714285714285,0.5714285714285714,1.0,0.5384615384615384,7,13
3914,0.8333333333333333,0.7388888888888888,0.24444444444444444,0.6222222222222222,0.7142857142857143,1.0,14,10
3915,0.9565217391304348,0.8417391304347825,0.2,0.6,1.0,0.9166666666666666,11,12
3916,0.8571428571428571,0.7028571428571427,-0.2,0.4,1.0,0.75,6,8
3917,0.9333333333333333,0.7466666666666666,-0.3333333333333333,0.33333333333333337,1.0,0.875,7,8
3918,0.7777777777777778,0.7444444444444444,0.7142857142857143,0.8571428571428572,1.0,0.6363636363636364,7,11
3919,0.5333333333333333,0.4533333333333333,0.0,0.5,1.0,0.36363636363636365,4,11
3920,0.5882352941176471,0.5882352941176471,1.0,1.0,1.0,0.4166666666666667,5,12
3921,0.8148148148148148,0.748148148148148,0.45454545454545453,0.7272727272727273,1.0,0.6875,11,16
3922,0.8275862068965517,0.722257053291536,0.15151515151515152,0.5757575757575758,0.7058823529411765,1.0,17,12
3923,0.375,0.26249999999999996,-1.0,0.0,1.0,0.23076923076923078,3,13
3924,0.9565217391304348,0.8156521739130435,0.01818181818181818,0.509090909090909,1.0,0.9166666666666666,11,12
3925,0.9090909090909091,0.7575757575757575,-0.1111111111111111,0.4444444444444444,0.8333333333333334,1.0,12,10
3926,0.5263157894736842,0.5105263157894736,0.8,0.9,1.0,0.35714285714285715,5,14
3927,0.7499999999999999,0.57,-0.6,0.2,1.0,0.6,6,10
3928,0.625,0.625,1.0,1.0,1.0,0.45454545454545453,5,11
3929,0.7058823529411764,0.6635294117647058,0.6,0.8,1.0,0.5454545454545454,6,11
3930,0.8235294117647058,0.6705882352941176,-0.23809523809523808,0.38095238095238093,1.0,0.7,7,10
3931,0.8181818181818181,0.7704545454545454,0.6111111111111112,0.8055555555555556,1.0,0.6923076923076923,9,13
3932,0.7777777777777778,0.6888888888888889,0.23809523809523808,0.6190476190476191,0.6363636363636364,1.0,11,7
3933,0.8571428571428571,0.7642857142857142,0.2777777777777778,0.6388888888888888,1.0,0.75,9,12
3934,0.8571428571428571,0.7,-0.2222222222222222,0.3888888888888889,0.75,1.0,12,9
3935,0.9,0.8475,0.6111111111111112,0.8055555555555556,1.0,0.8181818181818182,9,11
3936,0.631578947368421,0.5431578947368421,0.06666666666666667,0.5333333333333333,1.0,0.46153846153846156,6,13
3937,0.8695652173913044,0.8057971014492754,0.5111111111111111,0.7555555555555555,1.0,0.7692307692307693,10,13
3938,0.5333333333333333,0.4533333333333333,0.0,0.5,1.0,0.36363636363636365,4,11
3939,0.9333333333333333,0.8533333333333333,0.42857142857142855,0.7142857142857143,1.0,0.875,7,8
3940,0.8750000000000001,0.775,0.23809523809523808,0.6190476190476191,1.0,0.7777777777777778,7,9
3941,0.923076923076923,0.8492307692307691,0.4666666666666667,0.7333333333333334,0.8571428571428571,1.0,7,6
3942,0.8,0.72,0.3333333333333333,0.6666666666666666,0.6666666666666666,1.0,6,4
3943,0.8235294117647058,0.7411764705882352,0.3333333333333333,0.6666666666666666,1.0,0.7,7,10
3944,0.631578947368421,0.5052631578947367,-0.3333333333333333,0.33333333333333337,1.0,0.46153846153846156,6,13
3945,0.7142857142857143,0.6285714285714286,0.2,0.6,1.0,0.5555555555555556,5,9
3946,0.6,0.5279999999999999,0.2,0.6,1.0,0.42857142857142855,6,14
3947,0.8235294117647058,0.6470588235294117,-0.42857142857142855,0.2857142857142857,1.0,0.7,7,10
3948,0.7272727272727273,0.6909090909090909,0.6666666666666666,0.8333333333333333,0.5714285714285714,1.0,7,4
3949,0.8235294117647058,0.6823529411764705,-0.14285714285714285,0.4285714285714286,0.7,1.0,10,7
3950,0.7368421052631579,0.631578947368421,0.047619047619047616,0.5238095238095238,1.0,0.5833333333333334,7,12
3951,0.8,0.6986666666666667,0.15555555555555556,0.5777777777777777,0.6666666666666666,1.0,15,10
3952,1.0,0.8799999999999999,0.2,0.6,1.0,1.0,6,6
3953,0.625,0.475,-0.6,0.2,1.0,0.45454545454545453,5,11
3954,0.7692307692307693,0.7,0.4,0.7,1.0,0.625,5,8
3955,0.6666666666666666,0.5866666666666666,0.2,0.6,0.5,1.0,10,5
3956,1.0,0.8285714285714285,-0.14285714285714285,0.4285714285714286,1.0,1.0,7,7
3957,0.8,0.6628571428571428,-0.14285714285714285,0.4285714285714286,1.0,0.6666666666666666,8,12
3958,0.7741935483870968,0.6475073313782991,-0.09090909090909091,0.45454545454545453,0.631578947368421,1.0,19,12
3959,0.6363636363636364,0.5636363636363636,0.23809523809523808,0.6190476190476191,1.0,0.4666666666666667,7,15
3960,0.7058823529411764,0.6070588235294117,0.06666666666666667,0.5333333333333333,1.0,0.5454545454545454,6,11
3961,0.8571428571428571,0.8057142857142856,0.6,0.8,1.0,0.75,6,8
3962,0.8421052631578948,0.7428571428571429,0.21428571428571427,0.6071428571428571,1.0,0.7272727272727273,8,11
3963,0.6470588235294118,0.5941176470588235,0.45454545454545453,0.7272727272727273,0.4782608695652174,1.0,23,11
3964,0.9090909090909091,0.8545454545454545,0.6,0.8,1.0,0.8333333333333334,5,6
3965,0.5185185185185185,0.4814814814814814,0.5238095238095238,0.7619047619047619,0.35,1.0,20,7
3966,1.0,0.8999999999999999,0.3333333333333333,0.6666666666666666,1.0,1.0,10,10
3967,0.8695652173913044,0.7304347826086957,-0.06666666666666667,0.4666666666666667,1.0,0.7692307692307693,10,13
3968,0.72,0.6059999999999999,-0.05555555555555555,0.4722222222222222,0.5625,1.0,16,9
3969,0.9411764705882353,0.8201680672268906,0.14285714285714285,0.5714285714285714,1.0,0.8888888888888888,8,9
3970,0.9523809523809523,0.8444444444444443,0.24444444444444444,0.6222222222222222,1.0,0.9090909090909091,10,11
3971,0.9411764705882353,0.8504201680672268,0.35714285714285715,0.6785714285714286,1.0,0.8888888888888888,8,9
3972,0.5357142857142857,0.4423469387755101,-0.1619047619047619,0.41904761904761906,0.36585365853658536,1.0,41,15
3973,0.9166666666666666,0.7966666666666665,0.12727272727272726,0.5636363636363636,1.0,0.8461538461538461,11,13
3974,0.8148148148148148,0.7170370370370369,0.2,0.6,0.6875,1.0,16,11
3975,0.2857142857142857,0.2530612244897959,0.23809523809523808,0.6190476190476191,0.16666666666666666,1.0,42,7
3976,0.8181818181818181,0.743181818181818,0.3888888888888889,0.6944444444444444,1.0,0.6923076923076923,9,13
3977,0.9565217391304348,0.8939130434782608,0.5636363636363636,0.7818181818181817,1.0,0.9166666666666666,11,12
3978,0.4444444444444445,0.39999999999999997,0.3333333333333333,0.6666666666666666,0.2857142857142857,1.0,21,6
3979,0.9090909090909091,0.8272727272727272,0.4,0.7,0.8333333333333334,1.0,6,5
3980,0.8108108108108109,0.7135135135135134,0.2,0.6,0.6818181818181818,1.0,22,15
3981,1.0,0.94,0.6,0.8,1.0,1.0,5,5
3982,1.0,0.8527272727272727,0.01818181818181818,0.509090909090909,1.0,1.0,11,11
3983,1.0,0.9464285714285714,0.6428571428571429,0.8214285714285714,1.0,1.0,8,8
3984,0.8333333333333333,0.8083333333333332,0.8,0.9,0.7142857142857143,1.0,7,5
3985,0.9523809523809523,0.9206349206349205,0.7777777777777778,0.8888888888888888,0.9090909090909091,1.0,11,10
3986,0.9333333333333333,0.8133333333333332,0.14285714285714285,0.5714285714285714,1.0,0.875,7,8
3987,0.7142857142857143,0.5857142857142857,-0.2,0.4,1.0,0.5555555555555556,5,9
3988,0.9090909090909091,0.812121212121212,0.28888888888888886,0.6444444444444444,1.0,0.8333333333333334,10,12
3989,0.6666666666666666,0.6466666666666666,0.8,0.9,1.0,0.5,5,10
3990,0.9333333333333333,0.76,-0.23809523809523808,0.38095238095238093,1.0,0.875,7,8
3991,0.888888888888889,0.8031746031746031,0.35714285714285715,0.6785714285714286,1.0,0.8,8,10
3992,0.7777777777777778,0.7,0.3333333333333333,0.6666666666666666,1.0,0.6363636363636364,7,11
3993,0.8235294117647058,0.7176470588235293,0.14285714285714285,0.5714285714285714,1.0,0.7,7,10
3994,0.5217391304347826,0.41739130434782606,-0.3333333333333333,0.33333333333333337,1.0,0.35294117647058826,6,17
3995,0.7499999999999999,0.6149999999999999,-0.2,0.4,1.0,0.6,6,10
3996,0.7499999999999999,0.7124999999999999,0.6666666666666666,0.8333333333333333,1.0,0.6,9,15
3997,0.9333333333333333,0.8933333333333333,0.7142857142857143,0.8571428571428572,1.0,0.875,7,8
3998,0.7368421052631579,0.6526315789473683,0.23809523809523808,0.6190476190476191,1.0,0.5833333333333334,7,12
3999,0.923076923076923,0.7199999999999999,-0.4666666666666667,0.26666666666666666,0.8571428571428571,1.0,7,6
4000,0.8,0.7228571428571429,0.35714285714285715,0.6785714285714286,1.0,0.6666666666666666,8,12
4001,0.5,0.39499999999999996,-0.4,0.3,1.0,0.3333333333333333,5,15
4002,0.888888888888889,0.8031746031746031,0.35714285714285715,0.6785714285714286,1.0,0.8,8,10
4003,0.7058823529411764,0.5505882352941175,-0.4666666666666667,0.26666666666666666,1.0,0.5454545454545454,6,11
4004,0.5333333333333333,0.4509090909090909,-0.030303030303030304,0.48484848484848486,0.36363636363636365,1.0,33,12
4005,0.9473684210526316,0.7736842105263159,-0.2222222222222222,0.3888888888888889,0.9,1.0,10,9
4006,0.8571428571428571,0.7441558441558441,0.12121212121212122,0.5606060606060606,1.0,0.75,12,16
4007,0.9333333333333333,0.7979487179487179,0.03296703296703297,0.5164835164835165,0.875,1.0,16,14
4008,0.8421052631578948,0.7609022556390977,0.35714285714285715,0.6785714285714286,1.0,0.7272727272727273,8,11
4009,0.9333333333333333,0.8266666666666667,0.23809523809523808,0.6190476190476191,1.0,0.875,7,8
4010,0.962962962962963,0.8481481481481482,0.20512820512820512,0.6025641025641025,0.9285714285714286,1.0,14,13
4011,0.4,0.4,1.0,1.0,0.25,1.0,4,1
4012,0.7499999999999999,0.6599999999999998,0.2,0.6,1.0,0.6,6,10
4013,0.6666666666666666,0.5466666666666666,-0.2,0.4,1.0,0.5,6,12
4014,0.8,0.6986666666666667,0.15555555555555556,0.5777777777777777,1.0,0.6666666666666666,10,15
4015,1.0,0.8857142857142857,0.23809523809523808,0.6190476190476191,1.0,1.0,7,7
4016,1.0,0.8178571428571428,-0.21428571428571427,0.39285714285714285,1.0,1.0,8,8
4017,0.18181818181818182,0.1590082644628099,0.16363636363636364,0.5818181818181818,0.1,1.0,110,11
4018,0.8571428571428571,0.72,-0.06666666666666667,0.4666666666666667,1.0,0.75,6,8
4019,0.8,0.72,0.3333333333333333,0.6666666666666666,1.0,0.6666666666666666,6,9
4020,0.7692307692307693,0.6769230769230768,0.2,0.6,1.0,0.625,5,8
4021,0.6666666666666666,0.6048484848484847,0.38181818181818183,0.6909090909090909,0.5,1.0,22,11
4022,0.923076923076923,0.7938461538461538,0.06666666666666667,0.5333333333333333,1.0,0.8571428571428571,6,7
4023,0.7567567567567568,0.6869022869022868,0.38461538461538464,0.6923076923076923,0.6086956521739131,1.0,23,14
4024,0.7368421052631579,0.6947368421052631,0.6190476190476191,0.8095238095238095,1.0,0.5833333333333334,7,12
4025,1.0,0.7999999999999999,-0.3333333333333333,0.33333333333333337,1.0,1.0,7,7
4026,0.8,0.76,0.6666666666666666,0.8333333333333333,1.0,0.6666666666666666,4,6
4027,0.888888888888889,0.8040404040404041,0.36363636363636365,0.6818181818181819,0.8,1.0,15,12
4028,0.9523809523809523,0.857142857142857,0.3333333333333333,0.6666666666666666,0.9090909090909091,1.0,11,10
4029,0.8571428571428571,0.7714285714285714,0.3333333333333333,0.6666666666666666,0.75,1.0,8,6
4030,0.9,0.7274999999999999,-0.2777777777777778,0.3611111111111111,1.0,0.8181818181818182,9,11
4031,0.8125000000000001,0.690625,0.0,0.5,0.6842105263157895,1.0,19,13
4032,0.6666666666666666,0.5599999999999999,-0.06666666666666667,0.4666666666666667,1.0,0.5,6,12
4033,0.8333333333333333,0.6833333333333332,-0.2,0.4,1.0,0.7142857142857143,5,7
4034,0.8571428571428571,0.7371428571428571,0.06666666666666667,0.5333333333333333,0.75,1.0,8,6
4035,0.7058823529411764,0.6352941176470587,0.3333333333333333,0.6666666666666666,1.0,0.5454545454545454,6,11
4036,0.923076923076923,0.8123076923076922,0.2,0.6,0.8571428571428571,1.0,7,6
4037,0.8,0.72,0.3333333333333333,0.6666666666666666,0.6666666666666666,1.0,6,4
4038,0.8571428571428571,0.7928571428571427,0.5,0.75,1.0,0.75,9,12
4039,0.9411764705882353,0.8302521008403361,0.21428571428571427,0.6071428571428571,0.8888888888888888,1.0,9,8
4040,1.0,0.8714285714285713,0.14285714285714285,0.5714285714285714,1.0,1.0,7,7
4041,0.5882352941176471,0.5352941176470588,0.4,0.7,0.4166666666666667,1.0,12,5
4042,0.625,0.5874999999999999,0.6,0.8,1.0,0.45454545454545453,5,11
4043,0.9333333333333333,0.8266666666666667,0.23809523809523808,0.6190476190476191,0.875,1.0,8,7
4044,0.8695652173913044,0.718840579710145,-0.15555555555555556,0.4222222222222222,0.7692307692307693,1.0,13,10
4045,0.6666666666666666,0.5714285714285714,0.047619047619047616,0.5238095238095238,1.0,0.5,7,14
4046,0.9090909090909091,0.7727272727272727,0.0,0.5,1.0,0.8333333333333334,5,6
4047,0.8571428571428571,0.7071428571428571,-0.16666666666666666,0.4166666666666667,1.0,0.75,9,12
4048,0.8333333333333333,0.6833333333333332,-0.2,0.4,0.7142857142857143,1.0,7,5
4049,0.7692307692307693,0.6769230769230768,0.2,0.6,1.0,0.625,5,8
4050,0.923076923076923,0.8123076923076922,0.2,0.6,1.0,0.8571428571428571,6,7
4051,0.7692307692307693,0.6538461538461539,0.0,0.5,1.0,0.625,5,8
4052,0.631578947368421,0.5305263157894736,-0.06666666666666667,0.4666666666666667,1.0,0.46153846153846156,6,13
4053,0.4,0.4,1.0,1.0,0.25,1.0,4,1
4054,0.4615384615384615,0.4153846153846153,0.3333333333333333,0.6666666666666666,1.0,0.3,3,10
4055,0.7058823529411764,0.5929411764705882,-0.06666666666666667,0.4666666666666667,1.0,0.5454545454545454,6,11
4056,0.6666666666666666,0.5714285714285714,0.047619047619047616,0.5238095238095238,1.0,0.5,7,14
4057,0.20779220779220778,0.18330241187384042,0.21428571428571427,0.6071428571428571,0.11594202898550725,1.0,69,8
4058,0.9333333333333333,0.84,0.3333333333333333,0.6666666666666666,1.0,0.875,7,8
4059,0.7692307692307693,0.6538461538461539,0.0,0.5,1.0,0.625,5,8
4060,0.888888888888889,0.7999999999999999,0.3333333333333333,0.6666666666666666,1.0,0.8,4,5
4061,1.0,0.86,0.06666666666666667,0.5333333333333333,1.0,1.0,10,10
4062,0.888888888888889,0.7746031746031745,0.14285714285714285,0.5714285714285714,1.0,0.8,8,10
4063,0.6923076923076924,0.6346153846153847,0.4444444444444444,0.7222222222222222,0.5294117647058824,1.0,17,9
4064,0.8,0.68,0.0,0.5,0.6666666666666666,1.0,12,8
4065,0.8,0.6628571428571428,-0.14285714285714285,0.4285714285714286,1.0,0.6666666666666666,8,12
4066,0.9600000000000001,0.8727272727272728,0.3939393939393939,0.696969696969697,1.0,0.9230769230769231,12,13
4067,0.5,0.43999999999999995,0.2,0.6,1.0,0.3333333333333333,5,15
4068,0.8571428571428571,0.72,-0.06666666666666667,0.4666666666666667,1.0,0.75,6,8
4069,0.7272727272727273,0.6909090909090909,0.6666666666666666,0.8333333333333333,0.5714285714285714,1.0,7,4
4070,0.9166666666666666,0.8166666666666667,0.2727272727272727,0.6363636363636364,1.0,0.8461538461538461,11,13
4071,0.7499999999999999,0.7049999999999998,0.6,0.8,1.0,0.6,6,10
4072,0.5555555555555556,0.5055555555555555,0.4,0.7,1.0,0.38461538461538464,5,13
4073,0.761904761904762,0.6965986394557824,0.42857142857142855,0.7142857142857143,1.0,0.6153846153846154,8,13
4074,0.9655172413793104,0.793633952254642,-0.18681318681318682,0.4065934065934066,1.0,0.9333333333333333,14,15
4075,0.9090909090909091,0.8272727272727272,0.4,0.7,0.8333333333333334,1.0,6,5
4076,0.9655172413793104,0.8572944297082228,0.25274725274725274,0.6263736263736264,1.0,0.9333333333333333,14,15
4077,0.923076923076923,0.7888111888111887,0.030303030303030304,0.5151515151515151,1.0,0.8571428571428571,12,14
4078,0.375,0.3,-0.3333333333333333,0.33333333333333337,1.0,0.23076923076923078,3,13
4079,0.8421052631578948,0.7157894736842105,0.0,0.5,1.0,0.7272727272727273,8,11
4080,0.5384615384615384,0.4615384615384615,0.047619047619047616,0.5238095238095238,0.3684210526315789,1.0,19,7
4081,0.8421052631578948,0.6977443609022557,-0.14285714285714285,0.4285714285714286,0.7272727272727273,1.0,11,8
4082,0.9090909090909091,0.7870129870129869,0.10476190476190476,0.5523809523809524,0.8333333333333334,1.0,18,15
4083,0.5714285714285715,0.48571428571428577,0.0,0.5,0.4,1.0,20,8
4084,1.0,0.9199999999999999,0.4666666666666667,0.7333333333333334,1.0,1.0,10,10
4085,0.9375,0.8624999999999999,0.4666666666666667,0.7333333333333334,0.8823529411764706,1.0,17,15
4086,0.5555555555555556,0.5388888888888889,0.8,0.9,1.0,0.38461538461538464,5,13
4087,1.0,0.8333333333333333,-0.1111111111111111,0.4444444444444444,1.0,1.0,9,9
4088,0.631578947368421,0.48,-0.6,0.2,1.0,0.46153846153846156,6,13
4089,1.0,0.9416666666666667,0.6111111111111112,0.8055555555555556,1.0,1.0,9,9
4091,1.0,0.8142857142857143,-0.23809523809523808,0.38095238095238093,1.0,1.0,7,7
4092,0.9411764705882353,0.880672268907563,0.5714285714285714,0.7857142857142857,0.8888888888888888,1.0,9,8
4093,1.0,0.8916666666666666,0.2777777777777778,0.6388888888888888,1.0,1.0,9,9
4094,0.6666666666666666,0.5733333333333333,0.06666666666666667,0.5333333333333333,0.5,1.0,12,6
4095,0.8235294117647058,0.7529411764705882,0.42857142857142855,0.7142857142857143,1.0,0.7,7,10
4096,1.0,0.7899999999999999,-0.4,0.3,1.0,1.0,5,5
4097,0.888888888888889,0.8222222222222222,0.5,0.75,1.0,0.8,8,10
4098,0.9411764705882353,0.8100840336134453,0.07142857142857142,0.5357142857142857,1.0,0.8888888888888888,8,9
4099,0.7692307692307693,0.7,0.4,0.7,1.0,0.625,5,8
4100,0.888888888888889,0.7111111111111111,-0.3333333333333333,0.33333333333333337,0.8,1.0,5,4
4101,0.5714285714285715,0.5142857142857143,0.3333333333333333,0.6666666666666666,1.0,0.4,4,10
4102,0.8750000000000001,0.7375,-0.047619047619047616,0.47619047619047616,0.7777777777777778,1.0,9,7
4103,0.631578947368421,0.5557894736842104,0.2,0.6,1.0,0.46153846153846156,6,13
4104,0.6428571428571429,0.5839285714285714,0.3888888888888889,0.6944444444444444,0.47368421052631576,1.0,19,9
4105,0.9411764705882353,0.7697478991596638,-0.21428571428571427,0.39285714285714285,1.0,0.8888888888888888,8,9
4106,0.6666666666666666,0.5866666666666666,0.2,0.6,1.0,0.5,5,10
4107,0.9411764705882353,0.7798319327731091,-0.14285714285714285,0.4285714285714286,0.8888888888888888,1.0,9,8
4108,0.923076923076923,0.8123076923076922,0.2,0.6,1.0,0.8571428571428571,6,7
4109,0.7368421052631579,0.6526315789473683,0.23809523809523808,0.6190476190476191,1.0,0.5833333333333334,7,12
4110,0.9523809523809523,0.8952380952380952,0.6,0.8,1.0,0.9090909090909091,10,11
4111,0.9166666666666666,0.8866666666666666,0.7818181818181819,0.8909090909090909,1.0,0.8461538461538461,11,13
4113,0.9333333333333333,0.7999999999999999,0.047619047619047616,0.5238095238095238,1.0,0.875,7,8
4114,0.9333333333333333,0.9066666666666666,0.8095238095238095,0.9047619047619048,1.0,0.875,7,8
4115,0.631578947368421,0.5431578947368421,0.06666666666666667,0.5333333333333333,1.0,0.46153846153846156,6,13
4116,0.88,0.7504,0.01818181818181818,0.509090909090909,0.7857142857142857,1.0,14,11
4117,0.7499999999999999,0.6599999999999998,0.2,0.6,1.0,0.6,6,10
4118,0.5555555555555556,0.4888888888888889,0.2,0.6,1.0,0.38461538461538464,5,13
4119,0.7142857142857143,0.7142857142857143,1.0,1.0,1.0,0.5555555555555556,5,9
4120,0.5333333333333333,0.42666666666666664,-0.3333333333333333,0.33333333333333337,1.0,0.36363636363636365,4,11
4121,0.9523809523809523,0.8444444444444443,0.24444444444444444,0.6222222222222222,1.0,0.9090909090909091,10,11
4122,0.9411764705882353,0.7899159663865545,-0.07142857142857142,0.4642857142857143,1.0,0.8888888888888888,8,9
4123,0.8571428571428571,0.7428571428571428,0.1111111111111111,0.5555555555555556,1.0,0.75,9,12
4124,1.0,0.94,0.6,0.8,1.0,1.0,6,6
4125,0.888888888888889,0.8412698412698413,0.6428571428571429,0.8214285714285714,1.0,0.8,8,10
4126,0.923076923076923,0.8307692307692306,0.3333333333333333,0.6666666666666666,0.8571428571428571,1.0,7,6
4127,1.0,0.9166666666666666,0.4444444444444444,0.7222222222222222,1.0,1.0,9,9
4128,0.888888888888889,0.7746031746031745,0.14285714285714285,0.5714285714285714,1.0,0.8,8,10
4129,0.38095238095238093,0.36190476190476184,0.6666666666666666,0.8333333333333333,1.0,0.23529411764705882,4,17
4130,0.9333333333333333,0.7999999999999999,0.047619047619047616,0.5238095238095238,1.0,0.875,7,8
4131,0.8823529411764706,0.7563025210084033,0.047619047619047616,0.5238095238095238,0.7894736842105263,1.0,19,15
4132,0.8695652173913044,0.7420289855072464,0.022222222222222223,0.5111111111111111,1.0,0.7692307692307693,10,13
4133,0.6666666666666666,0.6355555555555554,0.6888888888888889,0.8444444444444444,0.5,1.0,20,10
4134,0.8333333333333333,0.6888888888888888,-0.15555555555555556,0.4222222222222222,1.0,0.7142857142857143,10,14
4135,0.9090909090909091,0.7999999999999998,0.2,0.6,1.0,0.8333333333333334,5,6
4136,0.9600000000000001,0.8770909090909091,0.42424242424242425,0.7121212121212122,0.9230769230769231,1.0,13,12
4137,0.6086956521739131,0.5043478260869565,-0.14285714285714285,0.4285714285714286,1.0,0.4375,7,16
4138,0.8,0.7228571428571429,0.35714285714285715,0.6785714285714286,1.0,0.6666666666666666,8,12
4139,0.72,0.612,0.0,0.5,0.5625,1.0,16,9
4140,0.5882352941176471,0.46470588235294114,-0.4,0.3,1.0,0.4166666666666667,5,12
4141,0.8333333333333333,0.7583333333333332,0.4,0.7,1.0,0.7142857142857143,5,7
4142,0.8181818181818181,0.743181818181818,0.3888888888888889,0.6944444444444444,1.0,0.6923076923076923,9,13
4143,0.5714285714285715,0.5142857142857143,0.3333333333333333,0.6666666666666666,1.0,0.4,4,10
4144,0.8571428571428571,0.7885714285714285,0.4666666666666667,0.7333333333333334,1.0,0.75,6,8
4145,0.9333333333333333,0.9333333333333333,1.0,1.0,1.0,0.875,7,8
4146,0.72,0.612,0.0,0.5,0.5625,1.0,16,9
4147,1.0,0.76,-0.6,0.2,1.0,1.0,5,5
4148,0.9090909090909091,0.6909090909090909,-0.6,0.2,1.0,0.8333333333333334,5,6
4149,0.8571428571428571,0.7,-0.2222222222222222,0.3888888888888889,1.0,0.75,9,12
4150,0.846153846153846,0.7676923076923076,0.38181818181818183,0.6909090909090909,0.7333333333333333,1.0,15,11
4151,0.5,0.41,-0.2,0.4,1.0,0.3333333333333333,5,15
4152,0.9600000000000001,0.8596363636363636,0.30303030303030304,0.6515151515151515,1.0,0.9230769230769231,12,13
4153,0.6,0.5399999999999999,0.3333333333333333,0.6666666666666666,0.42857142857142855,1.0,14,6
4154,0.5882352941176471,0.5352941176470588,0.4,0.7,1.0,0.4166666666666667,5,12
4155,0.761904761904762,0.6557823129251701,0.07142857142857142,0.5357142857142857,1.0,0.6153846153846154,8,13
4156,0.8695652173913044,0.7768115942028986,0.28888888888888886,0.6444444444444444,0.7692307692307693,1.0,13,10
4157,0.7692307692307693,0.7,0.4,0.7,1.0,0.625,5,8
4158,0.888888888888889,0.8603174603174603,0.7857142857142857,0.8928571428571428,1.0,0.8,8,10
4159,1.0,0.9199999999999999,0.4666666666666667,0.7333333333333334,1.0,1.0,6,6
4160,0.6666666666666666,0.5666666666666667,0.0,0.5,1.0,0.5,4,8
4162,0.8,0.6080000000000001,-0.6,0.2,1.0,0.6666666666666666,6,9
4163,0.6399999999999999,0.5097142857142856,-0.35714285714285715,0.3214285714285714,0.47058823529411764,1.0,17,8
4164,0.8750000000000001,0.775,0.23809523809523808,0.6190476190476191,1.0,0.7777777777777778,7,9
4165,0.6666666666666666,0.5333333333333332,-0.3333333333333333,0.33333333333333337,1.0,0.5,6,12
4166,0.9090909090909091,0.7727272727272727,0.0,0.5,1.0,0.8333333333333334,5,6
4167,1.0,0.875,0.16666666666666666,0.5833333333333334,1.0,1.0,9,9
4168,0.782608695652174,0.6847826086956522,0.16666666666666666,0.5833333333333334,0.6428571428571429,1.0,14,9
4169,0.7058823529411764,0.6211764705882351,0.2,0.6,0.5454545454545454,1.0,11,6
4170,0.8571428571428571,0.7371428571428571,0.06666666666666667,0.5333333333333333,1.0,0.75,6,8
4171,0.7368421052631579,0.5894736842105263,-0.3333333333333333,0.33333333333333337,1.0,0.5833333333333334,7,12
4172,1.0,0.8285714285714285,-0.14285714285714285,0.4285714285714286,1.0,1.0,7,7
4173,0.6956521739130436,0.6285714285714286,0.35714285714285715,0.6785714285714286,0.5333333333333333,1.0,15,8
4174,0.8,0.768,0.7333333333333333,0.8666666666666667,1.0,0.6666666666666666,6,9
4175,0.9,0.8174999999999999,0.3888888888888889,0.6944444444444444,0.8181818181818182,1.0,11,9
4176,0.2857142857142857,0.2857142857142857,1.0,1.0,0.16666666666666666,1.0,6,1
4177,1.0,0.8866666666666666,0.24444444444444444,0.6222222222222222,1.0,1.0,10,10
4178,0.6666666666666666,0.5666666666666667,0.0,0.5,1.0,0.5,5,10
4179,0.7142857142857143,0.6285714285714286,0.2,0.6,0.5555555555555556,1.0,9,5
4180,0.888888888888889,0.8031746031746031,0.35714285714285715,0.6785714285714286,0.8,1.0,10,8
4181,0.888888888888889,0.7999999999999999,0.3333333333333333,0.6666666666666666,1.0,0.8,12,15
4182,0.6896551724137931,0.5931034482758621,0.06666666666666667,0.5333333333333333,0.5263157894736842,1.0,19,10
4183,0.7058823529411764,0.6635294117647058,0.6,0.8,1.0,0.5454545454545454,6,11
4184,0.7142857142857143,0.6285714285714286,0.2,0.6,1.0,0.5555555555555556,5,9
4185,0.3846153846153846,0.37307692307692303,0.8,0.9,0.23809523809523808,1.0,21,5
4186,0.9333333333333333,0.8533333333333333,0.42857142857142855,0.7142857142857143,1.0,0.875,7,8
4187,0.9523809523809523,0.7746031746031745,-0.24444444444444444,0.37777777777777777,1.0,0.9090909090909091,10,11
4188,0.8571428571428571,0.7714285714285714,0.3333333333333333,0.6666666666666666,1.0,0.75,6,8
4189,0.8571428571428571,0.6857142857142856,-0.3333333333333333,0.33333333333333337,1.0,0.75,6,8
4190,0.8,0.656,-0.2,0.4,1.0,0.6666666666666666,6,9
4191,0.6666666666666666,0.538095238095238,-0.2857142857142857,0.35714285714285715,0.5,1.0,16,8
4192,0.8695652173913044,0.7536231884057971,0.1111111111111111,0.5555555555555556,1.0,0.7692307692307693,10,13
4193,0.7000000000000001,0.61,0.14285714285714285,0.5714285714285714,1.0,0.5384615384615384,7,13
4194,0.8235294117647058,0.7529411764705882,0.42857142857142855,0.7142857142857143,1.0,0.7,7,10
4195,0.9411764705882353,0.8100840336134453,0.07142857142857142,0.5357142857142857,1.0,0.8888888888888888,8,9
4196,1.0,0.8999999999999999,0.3333333333333333,0.6666666666666666,1.0,1.0,9,9
4197,0.625,0.5125,-0.2,0.4,1.0,0.45454545454545453,5,11
4198,0.2857142857142857,0.2857142857142857,1.0,1.0,0.16666666666666666,1.0,6,1
4199,0.8181818181818181,0.6818181818181817,-0.1111111111111111,0.4444444444444444,1.0,0.6923076923076923,9,13
4200,0.6363636363636364,0.5727272727272726,0.3333333333333333,0.6666666666666666,0.4666666666666667,1.0,15,7
4201,0.6666666666666666,0.5466666666666666,-0.2,0.4,1.0,0.5,5,10
4202,0.7499999999999999,0.6449999999999999,0.06666666666666667,0.5333333333333333,0.6,1.0,10,6
4203,1.0,0.9166666666666666,0.4444444444444444,0.7222222222222222,1.0,1.0,9,9
4204,0.761904761904762,0.6557823129251701,0.07142857142857142,0.5357142857142857,1.0,0.6153846153846154,8,13
4205,0.967741935483871,0.8460829493087557,0.1619047619047619,0.580952380952381,0.9375,1.0,16,15
4206,0.7499999999999999,0.6449999999999999,0.06666666666666667,0.5333333333333333,1.0,0.6,6,10
4207,0.7142857142857143,0.6071428571428571,0.0,0.5,0.5555555555555556,1.0,9,5
4208,0.923076923076923,0.8492307692307691,0.4666666666666667,0.7333333333333334,1.0,0.8571428571428571,6,7
4209,1.0,0.8928571428571428,0.2857142857142857,0.6428571428571428,1.0,1.0,8,8
4210,0.8750000000000001,0.8125,0.5238095238095238,0.7619047619047619,0.7777777777777778,1.0,9,7
4211,0.923076923076923,0.8492307692307691,0.4666666666666667,0.7333333333333334,1.0,0.8571428571428571,6,7
4212,0.5882352941176471,0.5450980392156862,0.5111111111111111,0.7555555555555555,0.4166666666666667,1.0,24,10
4213,0.923076923076923,0.813986013986014,0.21212121212121213,0.6060606060606061,0.8571428571428571,1.0,14,12
4214,0.8235294117647058,0.776470588235294,0.6190476190476191,0.8095238095238095,0.7,1.0,10,7
4215,0.923076923076923,0.8123076923076922,0.2,0.6,0.8571428571428571,1.0,7,6
4216,0.8695652173913044,0.6840579710144928,-0.4222222222222222,0.28888888888888886,1.0,0.7692307692307693,10,13
4217,0.6666666666666666,0.6133333333333333,0.4666666666666667,0.7333333333333334,0.5,1.0,20,10
4218,1.0,0.9018181818181817,0.34545454545454546,0.6727272727272727,1.0,1.0,11,11
4219,1.0,0.8866666666666666,0.24444444444444444,0.6222222222222222,1.0,1.0,10,10
4220,0.625,0.5499999999999999,0.2,0.6,1.0,0.45454545454545453,5,11
4221,0.9523809523809523,0.8507936507936508,0.28888888888888886,0.6444444444444444,1.0,0.9090909090909091,10,11
4222,0.7368421052631579,0.5894736842105263,-0.3333333333333333,0.33333333333333337,1.0,0.5833333333333334,7,12
4223,0.761904761904762,0.7129251700680272,0.5714285714285714,0.7857142857142857,0.6153846153846154,1.0,13,8
4224,0.8571428571428571,0.6857142857142856,-0.3333333333333333,0.33333333333333337,1.0,0.75,6,8
4225,0.8571428571428571,0.7285714285714285,0.0,0.5,0.75,1.0,12,9
4226,0.9411764705882353,0.7899159663865545,-0.07142857142857142,0.4642857142857143,1.0,0.8888888888888888,8,9
4227,0.9473684210526316,0.868421052631579,0.4444444444444444,0.7222222222222222,1.0,0.9,9,10
4228,0.5,0.41428571428571426,-0.14285714285714285,0.4285714285714286,0.3333333333333333,1.0,24,8
4229,0.9090909090909091,0.8272727272727272,0.4,0.7,1.0,0.8333333333333334,5,6
4230,0.625,0.53125,0.0,0.5,1.0,0.45454545454545453,5,11
4231,0.7368421052631579,0.6736842105263158,0.42857142857142855,0.7142857142857143,1.0,0.5833333333333334,7,12
4232,1.0,0.8799999999999999,0.2,0.6,1.0,1.0,5,5
4233,0.7777777777777778,0.7222222222222222,0.5238095238095238,0.7619047619047619,1.0,0.6363636363636364,7,11
4234,0.625,0.56875,0.4,0.7,1.0,0.45454545454545453,5,11
4235,0.7368421052631579,0.6736842105263158,0.42857142857142855,0.7142857142857143,1.0,0.5833333333333334,7,12
4236,0.5333333333333333,0.4799999999999999,0.3333333333333333,0.6666666666666666,1.0,0.36363636363636365,4,11
4237,1.0,0.8863636363636364,0.24242424242424243,0.6212121212121212,1.0,1.0,12,12
4238,0.5,0.42,-0.06666666666666667,0.4666666666666667,0.3333333333333333,1.0,18,6
4239,0.8235294117647058,0.6823529411764705,-0.14285714285714285,0.4285714285714286,1.0,0.7,7,10
4240,0.888888888888889,0.8698412698412699,0.8571428571428571,0.9285714285714286,0.8,1.0,10,8
4241,0.9523809523809523,0.8507936507936508,0.28888888888888886,0.6444444444444444,1.0,0.9090909090909091,10,11
4242,0.9333333333333333,0.7333333333333333,-0.42857142857142855,0.2857142857142857,1.0,0.875,7,8
4243,0.7272727272727273,0.6247933884297521,0.06060606060606061,0.5303030303030303,0.5714285714285714,1.0,21,12
4244,1.0,0.96,0.7333333333333333,0.8666666666666667,1.0,1.0,6,6
4245,0.923076923076923,0.8492307692307691,0.4666666666666667,0.7333333333333334,1.0,0.8571428571428571,6,7
4246,0.923076923076923,0.7342657342657342,-0.36363636363636365,0.3181818181818182,1.0,0.8571428571428571,12,14
4247,0.8,0.72,0.3333333333333333,0.6666666666666666,1.0,0.6666666666666666,6,9
4248,0.7272727272727273,0.6883116883116883,0.6428571428571429,0.8214285714285714,1.0,0.5714285714285714,8,14
4249,0.8181818181818181,0.7363636363636362,0.3333333333333333,0.6666666666666666,0.6923076923076923,1.0,13,9
4250,0.9285714285714286,0.7928571428571428,0.02564102564102564,0.5128205128205128,0.8666666666666667,1.0,15,13
4251,1.0,0.8799999999999999,0.2,0.6,1.0,1.0,5,5
4252,0.9333333333333333,0.84,0.3333333333333333,0.6666666666666666,1.0,0.875,7,8
4253,0.9090909090909091,0.7212121212121212,-0.37777777777777777,0.3111111111111111,0.8333333333333334,1.0,12,10
4254,0.6,0.5199999999999999,0.1111111111111111,0.5555555555555556,0.42857142857142855,1.0,21,9
4255,0.6666666666666666,0.5866666666666666,0.2,0.6,1.0,0.5,6,12
4256,0.7692307692307693,0.6769230769230768,0.2,0.6,1.0,0.625,5,8
4257,1.0,0.8582417582417582,0.054945054945054944,0.5274725274725275,1.0,1.0,14,14
4258,0.8333333333333333,0.7333333333333332,0.2,0.6,0.7142857142857143,1.0,7,5
4259,0.8571428571428571,0.7999999999999999,0.5555555555555556,0.7777777777777778,1.0,0.75,9,12
4260,0.6666666666666666,0.5714285714285714,0.047619047619047616,0.5238095238095238,1.0,0.5,7,14
4261,0.9565217391304348,0.8730434782608696,0.41818181818181815,0.7090909090909091,1.0,0.9166666666666666,11,12
4262,0.7777777777777778,0.6777777777777777,0.14285714285714285,0.5714285714285714,1.0,0.6363636363636364,7,11
4263,0.9333333333333333,0.8266666666666667,0.23809523809523808,0.6190476190476191,0.875,1.0,8,7
4264,0.631578947368421,0.48,-0.6,0.2,1.0,0.46153846153846156,6,13
4265,0.9523809523809523,0.8888888888888888,0.5555555555555556,0.7777777777777778,1.0,0.9090909090909091,10,11
4266,0.6956521739130436,0.5838509316770186,-0.07142857142857142,0.4642857142857143,0.5333333333333333,1.0,15,8
4267,0.6666666666666666,0.5809523809523809,0.14285714285714285,0.5714285714285714,1.0,0.5,8,16
4268,0.5925925925925926,0.49735449735449727,-0.07142857142857142,0.4642857142857143,0.42105263157894735,1.0,19,8
4269,0.19999999999999998,0.19999999999999998,1.0,1.0,0.1111111111111111,1.0,9,1
4270,0.6363636363636364,0.5545454545454545,0.14285714285714285,0.5714285714285714,1.0,0.4666666666666667,7,15
4271,0.2857142857142857,0.2857142857142857,1.0,1.0,0.16666666666666666,1.0,6,1
4272,0.9090909090909091,0.7181818181818181,-0.4,0.3,1.0,0.8333333333333334,5,6
4273,0.625,0.5499999999999999,0.2,0.6,1.0,0.45454545454545453,5,11
4274,0.8695652173913044,0.718840579710145,-0.15555555555555556,0.4222222222222222,1.0,0.7692307692307693,10,13
4275,0.923076923076923,0.8123076923076922,0.2,0.6,0.8571428571428571,1.0,7,6
4276,0.7142857142857143,0.6761904761904761,0.6444444444444445,0.8222222222222222,1.0,0.5555555555555556,10,18
4277,0.6399999999999999,0.5645714285714285,0.21428571428571427,0.6071428571428571,0.47058823529411764,1.0,17,8
4278,0.5555555555555556,0.4888888888888889,0.2,0.6,1.0,0.38461538461538464,5,13
4279,0.9523809523809523,0.8888888888888888,0.5555555555555556,0.7777777777777778,0.9090909090909091,1.0,11,10
4280,0.923076923076923,0.7199999999999999,-0.4666666666666667,0.26666666666666666,1.0,0.8571428571428571,6,7
4281,0.6666666666666666,0.5866666666666666,0.2,0.6,1.0,0.5,5,10
4282,0.923076923076923,0.7938461538461538,0.06666666666666667,0.5333333333333333,0.8571428571428571,1.0,7,6
4283,0.6956521739130436,0.6658385093167702,0.7142857142857143,0.8571428571428572,1.0,0.5333333333333333,8,15
4284,0.7499999999999999,0.6562499999999999,0.16666666666666666,0.5833333333333334,0.6,1.0,15,9
4285,0.9333333333333333,0.8666666666666666,0.5238095238095238,0.7619047619047619,1.0,0.875,7,8
4286,0.7222222222222222,0.5916666666666667,-0.20512820512820512,0.39743589743589747,0.5652173913043478,1.0,23,13
4287,1.0,0.8807692307692307,0.20512820512820512,0.6025641025641025,1.0,1.0,13,13
4288,1.0,0.8799999999999999,0.2,0.6,1.0,1.0,6,6
4289,0.7272727272727273,0.6493506493506493,0.2857142857142857,0.6428571428571428,1.0,0.5714285714285714,8,14
4290,0.7407407407407407,0.691358024691358,0.5555555555555556,0.7777777777777778,0.5882352941176471,1.0,17,10
4291,0.9333333333333333,0.7999999999999999,0.047619047619047616,0.5238095238095238,1.0,0.875,7,8
4292,0.625,0.625,1.0,1.0,1.0,0.45454545454545453,5,11
4293,1.0,0.8999999999999999,0.3333333333333333,0.6666666666666666,1.0,1.0,10,10
4294,0.9166666666666666,0.8066666666666665,0.2,0.6,1.0,0.8461538461538461,11,13
4295,0.5714285714285715,0.4685714285714286,-0.2,0.4,1.0,0.4,6,15
4296,0.5555555555555556,0.4722222222222222,0.0,0.5,1.0,0.38461538461538464,5,13
4297,0.27906976744186046,0.2511627906976744,0.3333333333333333,0.6666666666666666,0.16216216216216217,1.0,37,6
4298,0.2222222222222222,0.2222222222222222,1.0,1.0,0.125,1.0,8,1
4299,0.9090909090909091,0.7999999999999998,0.2,0.6,1.0,0.8333333333333334,5,6
4300,0.8666666666666666,0.7599999999999999,0.1794871794871795,0.5897435897435898,0.7647058823529411,1.0,17,13
4301,0.5882352941176471,0.48627450980392156,-0.15555555555555556,0.4222222222222222,0.4166666666666667,1.0,24,10
4302,0.6086956521739131,0.5217391304347826,0.047619047619047616,0.5238095238095238,1.0,0.4375,7,16
4303,0.8333333333333333,0.7944444444444443,0.6888888888888889,0.8444444444444444,0.7142857142857143,1.0,14,10
4304,0.7142857142857143,0.6499999999999999,0.4,0.7,1.0,0.5555555555555556,5,9
4305,0.6666666666666666,0.5809523809523809,0.14285714285714285,0.5714285714285714,1.0,0.5,8,16
4306,0.8,0.7657142857142857,0.7142857142857143,0.8571428571428572,0.6666666666666666,1.0,12,8
4307,0.6666666666666666,0.5866666666666666,0.2,0.6,1.0,0.5,5,10
4308,1.0,0.7857142857142857,-0.42857142857142855,0.2857142857142857,1.0,1.0,7,7
4309,0.7407407407407407,0.637037037037037,0.06666666666666667,0.5333333333333333,0.5882352941176471,1.0,17,10
4310,0.8571428571428571,0.84,0.8666666666666667,0.9333333333333333,1.0,0.75,6,8
4311,0.8421052631578948,0.7609022556390977,0.35714285714285715,0.6785714285714286,1.0,0.7272727272727273,8,11
4312,0.5555555555555556,0.5222222222222223,0.6,0.8,1.0,0.38461538461538464,5,13
4313,0.5263157894736842,0.431578947368421,-0.2,0.4,1.0,0.35714285714285715,5,14
4314,0.8275862068965517,0.7561128526645767,0.42424242424242425,0.7121212121212122,0.7058823529411765,1.0,17,12
4315,0.8571428571428571,0.7542857142857141,0.2,0.6,0.75,1.0,8,6
4316,0.8571428571428571,0.6685714285714285,-0.4666666666666667,0.26666666666666666,1.0,0.75,6,8
4317,0.6,0.5279999999999999,0.2,0.6,1.0,0.42857142857142855,6,14
4318,0.88,0.7167999999999999,-0.23636363636363636,0.38181818181818183,1.0,0.7857142857142857,11,14
4319,0.8750000000000001,0.8250000000000001,0.6190476190476191,0.8095238095238095,0.7777777777777778,1.0,9,7
4320,0.923076923076923,0.813986013986014,0.21212121212121213,0.6060606060606061,0.8571428571428571,1.0,14,12
4321,0.8235294117647058,0.6823529411764705,-0.14285714285714285,0.4285714285714286,0.7,1.0,10,7
4322,0.9090909090909091,0.8181818181818181,0.3333333333333333,0.6666666666666666,1.0,0.8333333333333334,10,12
4323,1.0,0.7857142857142857,-0.42857142857142855,0.2857142857142857,1.0,1.0,7,7
4324,1.0,0.94,0.6,0.8,1.0,1.0,10,10
4325,0.5454545454545454,0.4545454545454545,-0.1111111111111111,0.4444444444444444,0.375,1.0,24,9
4326,1.0,0.9666666666666666,0.7777777777777778,0.8888888888888888,1.0,1.0,10,10
4327,0.888888888888889,0.7555555555555555,0.0,0.5,1.0,0.8,8,10
4328,0.8333333333333333,0.7083333333333333,0.0,0.5,0.7142857142857143,1.0,7,5
4329,0.625,0.56875,0.4,0.7,1.0,0.45454545454545453,5,11
4330,0.9473684210526316,0.8842105263157896,0.5555555555555556,0.7777777777777778,0.9,1.0,10,9
4331,0.9411764705882353,0.8302521008403361,0.21428571428571427,0.6071428571428571,0.8888888888888888,1.0,9,8
4332,0.7499999999999999,0.6449999999999999,0.06666666666666667,0.5333333333333333,1.0,0.6,6,10
4333,0.6,0.4799999999999999,-0.3333333333333333,0.33333333333333337,1.0,0.42857142857142855,6,14
4334,0.5,0.43999999999999995,0.2,0.6,1.0,0.3333333333333333,5,15
4335,0.8,0.768,0.7333333333333333,0.8666666666666667,1.0,0.6666666666666666,6,9
4336,0.761904761904762,0.6149659863945578,-0.2857142857142857,0.35714285714285715,1.0,0.6153846153846154,8,13
4337,0.5454545454545454,0.3818181818181818,-1.0,0.0,1.0,0.375,3,8
4338,0.7368421052631579,0.6210526315789473,-0.047619047619047616,0.47619047619047616,1.0,0.5833333333333334,7,12
4339,1.0,0.9066666666666666,0.37777777777777777,0.6888888888888889,1.0,1.0,10,10
4340,0.7272727272727273,0.587012987012987,-0.2857142857142857,0.35714285714285715,1.0,0.5714285714285714,8,14
4341,0.0689655172413793,0.06344827586206894,0.4666666666666667,0.7333333333333334,0.03571428571428571,1.0,168,6
4342,0.9411764705882353,0.8705882352941176,0.5,0.75,0.8888888888888888,1.0,9,8
4343,0.7333333333333334,0.6573333333333333,0.3090909090909091,0.6545454545454545,0.5789473684210527,1.0,19,11
4344,0.9523809523809523,0.8126984126984126,0.022222222222222223,0.5111111111111111,1.0,0.9090909090909091,10,11
4345,0.7272727272727273,0.6415584415584416,0.21428571428571427,0.6071428571428571,0.5714285714285714,1.0,14,8
4346,0.6666666666666666,0.6023809523809522,0.35714285714285715,0.6785714285714286,1.0,0.5,8,16
4347,0.4444444444444445,0.35555555555555557,-0.3333333333333333,0.33333333333333337,1.0,0.2857142857142857,4,14
4348,1.0,0.9464285714285714,0.6428571428571429,0.8214285714285714,1.0,1.0,8,8
4349,0.8333333333333333,0.6888888888888888,-0.15555555555555556,0.4222222222222222,1.0,0.7142857142857143,10,14
4350,0.888888888888889,0.8222222222222222,0.5,0.75,1.0,0.8,8,10
4351,0.923076923076923,0.8676923076923075,0.6,0.8,0.8571428571428571,1.0,7,6
4352,0.5,0.43999999999999995,0.2,0.6,1.0,0.3333333333333333,5,15
4353,0.8750000000000001,0.7250000000000001,-0.14285714285714285,0.4285714285714286,1.0,0.7777777777777778,7,9
4354,0.9411764705882353,0.8100840336134453,0.07142857142857142,0.5357142857142857,1.0,0.8888888888888888,8,9
4355,1.0,0.8999999999999999,0.3333333333333333,0.6666666666666666,1.0,1.0,7,7
4356,0.6666666666666666,0.5666666666666667,0.0,0.5,1.0,0.5,5,10
4357,0.5714285714285715,0.4,-1.0,0.0,1.0,0.4,4,10
4358,0.923076923076923,0.7384615384615384,-0.3333333333333333,0.33333333333333337,1.0,0.8571428571428571,6,7
4359,0.9473684210526316,0.8368421052631579,0.2222222222222222,0.6111111111111112,0.9,1.0,10,9
4360,0.9166666666666666,0.8066666666666665,0.2,0.6,1.0,0.8461538461538461,11,13
4361,0.8,0.768,0.7333333333333333,0.8666666666666667,1.0,0.6666666666666666,6,9
4362,0.8,0.6885714285714286,0.07142857142857142,0.5357142857142857,1.0,0.6666666666666666,8,12
4363,0.9090909090909091,0.7727272727272727,0.0,0.5,0.8333333333333334,1.0,6,5
4364,0.8421052631578948,0.7609022556390977,0.35714285714285715,0.6785714285714286,1.0,0.7272727272727273,8,11
4365,0.9523809523809523,0.857142857142857,0.3333333333333333,0.6666666666666666,0.9090909090909091,1.0,11,10
4366,0.8148148148148148,0.6948148148148148,0.01818181818181818,0.509090909090909,0.6875,1.0,16,11
4367,0.8333333333333333,0.7444444444444444,0.28888888888888886,0.6444444444444444,0.7142857142857143,1.0,14,10
4368,0.923076923076923,0.8307692307692306,0.3333333333333333,0.6666666666666666,0.8571428571428571,1.0,7,6
4369,0.8750000000000001,0.7875,0.3333333333333333,0.6666666666666666,1.0,0.7777777777777778,7,9
4370,0.9473684210526316,0.781578947368421,-0.16666666666666666,0.4166666666666667,1.0,0.9,9,10
4371,0.8,0.6542857142857144,-0.21428571428571427,0.39285714285714285,1.0,0.6666666666666666,8,12
4372,0.6666666666666666,0.5666666666666667,0.0,0.5,0.5,1.0,18,9
4373,0.782608695652174,0.658695652173913,-0.05555555555555555,0.4722222222222222,0.6428571428571429,1.0,14,9
4374,0.9523809523809523,0.9079365079365078,0.6888888888888889,0.8444444444444444,1.0,0.9090909090909091,10,11
4375,0.6666666666666666,0.5866666666666666,0.2,0.6,1.0,0.5,6,12
4376,0.761904761904762,0.6476190476190476,0.0,0.5,1.0,0.6153846153846154,8,13
4377,0.6285714285714286,0.5257142857142857,-0.09090909090909091,0.45454545454545453,0.4583333333333333,1.0,24,11
4378,0.47058823529411764,0.47058823529411764,1.0,1.0,1.0,0.3076923076923077,4,13
4379,1.0,0.8857142857142857,0.23809523809523808,0.6190476190476191,1.0,1.0,7,7
4380,0.7272727272727273,0.6337662337662338,0.14285714285714285,0.5714285714285714,0.5714285714285714,1.0,14,8
4381,0.8,0.72,0.3333333333333333,0.6666666666666666,1.0,0.6666666666666666,6,9
4382,0.8333333333333333,0.7,-0.06666666666666667,0.4666666666666667,1.0,0.7142857142857143,10,14
4383,0.7272727272727273,0.587012987012987,-0.2857142857142857,0.35714285714285715,1.0,0.5714285714285714,8,14
4384,0.8421052631578948,0.7518796992481203,0.2857142857142857,0.6428571428571428,0.7272727272727273,1.0,11,8
4385,0.8333333333333333,0.7583333333333332,0.4,0.7,1.0,0.7142857142857143,5,7
4386,0.4827586206896552,0.42068965517241375,0.14285714285714285,0.5714285714285714,0.3181818181818182,1.0,22,7
4387,0.7272727272727273,0.6909090909090909,0.6666666666666666,0.8333333333333333,1.0,0.5714285714285714,4,7
4388,0.625,0.475,-0.6,0.2,1.0,0.45454545454545453,5,11
4389,0.888888888888889,0.8412698412698413,0.6428571428571429,0.8214285714285714,1.0,0.8,8,10
4390,0.923076923076923,0.7938461538461538,0.06666666666666667,0.5333333333333333,1.0,0.8571428571428571,6,7
4391,0.8421052631578948,0.6796992481203007,-0.2857142857142857,0.35714285714285715,1.0,0.7272727272727273,8,11
4392,0.9411764705882353,0.8403361344537814,0.2857142857142857,0.6428571428571428,1.0,0.8888888888888888,8,9
4393,1.0,0.8866666666666666,0.24444444444444444,0.6222222222222222,1.0,1.0,10,10
4394,0.47058823529411764,0.37647058823529406,-0.3333333333333333,0.33333333333333337,1.0,0.3076923076923077,4,13
4395,0.7058823529411764,0.6211764705882351,0.2,0.6,0.5454545454545454,1.0,11,6
4396,0.5714285714285715,0.5428571428571429,0.6666666666666666,0.8333333333333333,1.0,0.4,4,10
4397,0.7142857142857143,0.6285714285714286,0.2,0.6,1.0,0.5555555555555556,5,9
4398,0.7777777777777778,0.6777777777777777,0.14285714285714285,0.5714285714285714,1.0,0.6363636363636364,7,11
4399,0.9090909090909091,0.8060606060606059,0.24444444444444444,0.6222222222222222,0.8333333333333334,1.0,12,10
4400,0.9473684210526316,0.8368421052631579,0.2222222222222222,0.6111111111111112,1.0,0.9,9,10
4401,0.9411764705882353,0.8705882352941176,0.5,0.75,0.8888888888888888,1.0,9,8
4402,0.8235294117647058,0.7294117647058823,0.23809523809523808,0.6190476190476191,1.0,0.7,7,10
4403,0.7058823529411764,0.6320855614973261,0.30303030303030304,0.6515151515151515,0.5454545454545454,1.0,22,12
4404,0.9411764705882353,0.8605042016806722,0.42857142857142855,0.7142857142857143,1.0,0.8888888888888888,8,9
4405,0.9,0.8174999999999999,0.3888888888888889,0.6944444444444444,1.0,0.8181818181818182,9,11
4406,0.625,0.5125,-0.2,0.4,1.0,0.45454545454545453,5,11
4407,0.8695652173913044,0.7768115942028986,0.28888888888888886,0.6444444444444444,0.7692307692307693,1.0,13,10
4408,0.9411764705882353,0.8403361344537814,0.2857142857142857,0.6428571428571428,1.0,0.8888888888888888,8,9
4409,0.7368421052631579,0.6421052631578946,0.14285714285714285,0.5714285714285714,1.0,0.5833333333333334,7,12
4410,0.21359223300970873,0.17398058252427182,-0.23636363636363636,0.38181818181818183,0.11956521739130435,1.0,92,11
4411,0.8421052631578948,0.7428571428571429,0.21428571428571427,0.6071428571428571,1.0,0.7272727272727273,8,11
4412,0.9090909090909091,0.7757575757575756,0.022222222222222223,0.5111111111111111,1.0,0.8333333333333334,10,12
4413,0.962962962962963,0.8592592592592593,0.28205128205128205,0.641025641025641,1.0,0.9285714285714286,13,14
4414,0.9,0.7575,-0.05555555555555555,0.4722222222222222,1.0,0.8181818181818182,9,11
4415,0.8571428571428571,0.8057142857142856,0.6,0.8,1.0,0.75,6,8
4416,0.8,0.7057142857142857,0.21428571428571427,0.6071428571428571,1.0,0.6666666666666666,8,12
4417,1.0,0.95,0.6666666666666666,0.8333333333333333,1.0,1.0,9,9
4418,0.5714285714285715,0.5040816326530613,0.21428571428571427,0.6071428571428571,0.4,1.0,20,8
4420,0.9411764705882353,0.8907563025210083,0.6428571428571429,0.8214285714285714,0.8888888888888888,1.0,9,8
4422,0.631578947368421,0.5431578947368421,0.06666666666666667,0.5333333333333333,1.0,0.46153846153846156,6,13
4423,0.8571428571428571,0.7571428571428571,0.2222222222222222,0.6111111111111112,0.75,1.0,12,9
4424,0.7000000000000001,0.5700000000000001,-0.23809523809523808,0.38095238095238093,1.0,0.5384615384615384,7,13
4425,0.4444444444444445,0.39999999999999997,0.3333333333333333,0.6666666666666666,1.0,0.2857142857142857,4,14
4426,0.6956521739130436,0.6211180124223603,0.2857142857142857,0.6428571428571428,1.0,0.5333333333333333,8,15
4427,0.7368421052631579,0.6105263157894736,-0.14285714285714285,0.4285714285714286,1.0,0.5833333333333334,7,12
4428,0.8333333333333333,0.7583333333333332,0.4,0.7,1.0,0.7142857142857143,5,7
4429,0.8571428571428571,0.7371428571428571,0.06666666666666667,0.5333333333333333,1.0,0.75,6,8
4430,0.7000000000000001,0.66,0.6190476190476191,0.8095238095238095,1.0,0.5384615384615384,7,13
4431,0.9411764705882353,0.880672268907563,0.5714285714285714,0.7857142857142857,1.0,0.8888888888888888,8,9
4432,0.5499999999999999,0.49899999999999994,0.38181818181818183,0.6909090909090909,0.3793103448275862,1.0,29,11
4433,0.33333333333333337,0.33333333333333337,1.0,1.0,0.2,1.0,5,1
4434,0.5555555555555556,0.4388888888888889,-0.4,0.3,1.0,0.38461538461538464,5,13
4435,0.3055555555555556,0.2588888888888889,-0.01818181818181818,0.4909090909090909,0.18032786885245902,1.0,61,11
4436,0.8571428571428571,0.7428571428571428,0.1111111111111111,0.5555555555555556,1.0,0.75,9,12
4437,0.5882352941176471,0.46470588235294114,-0.4,0.3,1.0,0.4166666666666667,5,12
4438,1.0,0.7999999999999999,-0.3333333333333333,0.33333333333333337,1.0,1.0,6,6
4439,0.9333333333333333,0.8533333333333333,0.42857142857142855,0.7142857142857143,0.875,1.0,8,7
4440,0.8571428571428571,0.7028571428571427,-0.2,0.4,0.75,1.0,8,6
4441,0.962962962962963,0.8962962962962963,0.5384615384615384,0.7692307692307692,0.9285714285714286,1.0,14,13
4442,0.6666666666666666,0.5452380952380952,-0.21428571428571427,0.39285714285714285,0.5,1.0,16,8
4443,0.923076923076923,0.8676923076923075,0.6,0.8,0.8571428571428571,1.0,7,6
4444,0.8333333333333333,0.7444444444444444,0.28888888888888886,0.6444444444444444,0.7142857142857143,1.0,14,10
4445,0.8750000000000001,0.8125,0.5238095238095238,0.7619047619047619,1.0,0.7777777777777778,7,9
4446,0.6666666666666666,0.5866666666666666,0.2,0.6,1.0,0.5,6,12
4447,0.5,0.45499999999999996,0.4,0.7,1.0,0.3333333333333333,5,15
4448,0.6666666666666666,0.5666666666666667,0.0,0.5,1.0,0.5,5,10
4449,0.7000000000000001,0.65,0.5238095238095238,0.7619047619047619,1.0,0.5384615384615384,7,13
4451,0.5882352941176471,0.46470588235294114,-0.4,0.3,1.0,0.4166666666666667,5,12
4452,0.5853658536585366,0.5188470066518847,0.24242424242424243,0.6212121212121212,0.41379310344827586,1.0,29,12
4453,0.6666666666666666,0.5866666666666666,0.2,0.6,1.0,0.5,5,10
4454,0.6956521739130436,0.6807453416149069,0.8571428571428571,0.9285714285714286,1.0,0.5333333333333333,8,15
4455,0.5882352941176471,0.4823529411764706,-0.2,0.4,1.0,0.4166666666666667,5,12
4456,0.9411764705882353,0.8504201680672268,0.35714285714285715,0.6785714285714286,1.0,0.8888888888888888,8,9
4457,0.7058823529411764,0.5929411764705882,-0.06666666666666667,0.4666666666666667,0.5454545454545454,1.0,11,6
4458,0.7368421052631579,0.5789473684210525,-0.42857142857142855,0.2857142857142857,1.0,0.5833333333333334,7,12
4459,0.5833333333333334,0.48333333333333334,-0.14285714285714285,0.4285714285714286,0.4117647058823529,1.0,17,7
4460,0.631578947368421,0.49263157894736836,-0.4666666666666667,0.26666666666666666,1.0,0.46153846153846156,6,13
4461,0.8421052631578948,0.724812030075188,0.07142857142857142,0.5357142857142857,1.0,0.7272727272727273,8,11
4462,0.9333333333333333,0.8533333333333333,0.42857142857142855,0.7142857142857143,0.875,1.0,8,7
4463,0.6666666666666666,0.5666666666666667,0.0,0.5,0.5,1.0,16,8
4464,1.0,0.94,0.6,0.8,1.0,1.0,6,6
4465,0.9090909090909091,0.7999999999999998,0.2,0.6,0.8333333333333334,1.0,6,5
4466,0.896551724137931,0.7862068965517242,0.1794871794871795,0.5897435897435898,0.8125,1.0,16,13
4467,0.8484848484848484,0.7505827505827505,0.23076923076923078,0.6153846153846154,0.7368421052631579,1.0,19,14
4468,1.0,0.9199999999999999,0.4666666666666667,0.7333333333333334,1.0,1.0,6,6
4469,0.8571428571428571,0.7428571428571428,0.1111111111111111,0.5555555555555556,1.0,0.75,9,12
4470,0.888888888888889,0.8126984126984127,0.42857142857142855,0.7142857142857143,1.0,0.8,8,10
4471,0.9600000000000001,0.8334545454545456,0.12121212121212122,0.5606060606060606,0.9230769230769231,1.0,13,12
4472,0.8750000000000001,0.8125,0.5238095238095238,0.7619047619047619,1.0,0.7777777777777778,7,9
4473,0.7499999999999999,0.6299999999999999,-0.06666666666666667,0.4666666666666667,1.0,0.6,6,10
4474,0.7499999999999999,0.6599999999999998,0.2,0.6,1.0,0.6,6,10
4475,0.88,0.7696,0.16363636363636364,0.5818181818181818,1.0,0.7857142857142857,11,14
4476,0.7692307692307693,0.6307692307692307,-0.2,0.4,1.0,0.625,5,8
4477,0.846153846153846,0.749230769230769,0.23636363636363636,0.6181818181818182,1.0,0.7333333333333333,11,15
4478,0.923076923076923,0.8307692307692306,0.3333333333333333,0.6666666666666666,0.8571428571428571,1.0,7,6
4480,0.923076923076923,0.7888111888111887,0.030303030303030304,0.5151515151515151,0.8571428571428571,1.0,14,12
4481,0.6086956521739131,0.5043478260869565,-0.14285714285714285,0.4285714285714286,0.4375,1.0,16,7
4482,0.5,0.44999999999999996,0.3333333333333333,0.6666666666666666,1.0,0.3333333333333333,4,12
4483,0.9473684210526316,0.8447368421052631,0.2777777777777778,0.6388888888888888,1.0,0.9,9,10
4484,0.6666666666666666,0.5619047619047618,-0.047619047619047616,0.47619047619047616,1.0,0.5,7,14
4485,0.888888888888889,0.7174603174603175,-0.2857142857142857,0.35714285714285715,1.0,0.8,8,10
4486,0.8571428571428571,0.7357142857142857,0.05555555555555555,0.5277777777777778,1.0,0.75,9,12
4487,0.8,0.7142857142857143,0.2857142857142857,0.6428571428571428,1.0,0.6666666666666666,8,12
4488,0.8235294117647058,0.6823529411764705,-0.14285714285714285,0.4285714285714286,1.0,0.7,7,10
4489,0.923076923076923,0.8181818181818181,0.24242424242424243,0.6212121212121212,0.8571428571428571,1.0,14,12
4490,0.9473684210526316,0.8605263157894736,0.3888888888888889,0.6944444444444444,0.9,1.0,10,9
4491,0.5,0.39999999999999997,-0.3333333333333333,0.33333333333333337,1.0,0.3333333333333333,4,12
4492,0.923076923076923,0.8123076923076922,0.2,0.6,0.8571428571428571,1.0,7,6
4493,0.8750000000000001,0.7855769230769231,0.31868131868131866,0.6593406593406593,0.7777777777777778,1.0,18,14
4494,0.7058823529411764,0.6494117647058822,0.4666666666666667,0.7333333333333334,1.0,0.5454545454545454,6,11
4495,0.923076923076923,0.7938461538461538,0.06666666666666667,0.5333333333333333,0.8571428571428571,1.0,7,6
4496,0.9333333333333333,0.7999999999999999,0.047619047619047616,0.5238095238095238,1.0,0.875,7,8
4497,0.6086956521739131,0.4869565217391304,-0.3333333333333333,0.33333333333333337,1.0,0.4375,7,16
4498,0.8750000000000001,0.7125000000000001,-0.23809523809523808,0.38095238095238093,0.7777777777777778,1.0,9,7
4499,0.5,0.485,0.8,0.9,1.0,0.3333333333333333,5,15
4500,0.6666666666666666,0.5722222222222222,0.05555555555555555,0.5277777777777778,0.5,1.0,18,9
4501,0.4444444444444445,0.39999999999999997,0.3333333333333333,0.6666666666666666,1.0,0.2857142857142857,4,14
4502,0.6666666666666666,0.5666666666666667,0.0,0.5,1.0,0.5,5,10
4503,0.25,0.25,1.0,1.0,0.14285714285714285,1.0,7,1
4504,0.9473684210526316,0.8763157894736842,0.5,0.75,1.0,0.9,9,10
4505,1.0,0.8999999999999999,0.3333333333333333,0.6666666666666666,1.0,1.0,6,6
4506,1.0,0.9678571428571427,0.7857142857142857,0.8928571428571428,1.0,1.0,8,8
4507,0.7058823529411764,0.6776470588235293,0.7333333333333333,0.8666666666666667,1.0,0.5454545454545454,6,11
4508,0.8571428571428571,0.7071428571428571,-0.16666666666666666,0.4166666666666667,1.0,0.75,9,12
4509,0.9411764705882353,0.9008403361344537,0.7142857142857143,0.8571428571428572,0.8888888888888888,1.0,9,8
4510,0.8695652173913044,0.7768115942028986,0.28888888888888886,0.6444444444444444,0.7692307692307693,1.0,13,10
4511,0.9523809523809523,0.8698412698412697,0.4222222222222222,0.7111111111111111,1.0,0.9090909090909091,10,11
4512,0.7777777777777778,0.6333333333333333,-0.23809523809523808,0.38095238095238093,0.6363636363636364,1.0,11,7
4513,0.7142857142857143,0.6285714285714286,0.2,0.6,1.0,0.5555555555555556,5,9
4514,0.9411764705882353,0.8705882352941176,0.5,0.75,0.8888888888888888,1.0,9,8
4515,0.9523809523809523,0.8507936507936508,0.28888888888888886,0.6444444444444444,0.9090909090909091,1.0,11,10
4516,0.923076923076923,0.8492307692307691,0.4666666666666667,0.7333333333333334,0.8571428571428571,1.0,7,6
4518,0.3055555555555556,0.2638888888888889,0.09090909090909091,0.5454545454545454,0.18032786885245902,1.0,61,11
4519,0.8235294117647058,0.7411764705882352,0.3333333333333333,0.6666666666666666,1.0,0.7,7,10
4520,0.8,0.7253333333333334,0.37777777777777777,0.6888888888888889,1.0,0.6666666666666666,10,15
4521,0.8,0.6885714285714286,0.07142857142857142,0.5357142857142857,1.0,0.6666666666666666,8,12
4522,0.7499999999999999,0.6749999999999998,0.3333333333333333,0.6666666666666666,1.0,0.6,6,10
4523,0.8750000000000001,0.8,0.42857142857142855,0.7142857142857143,1.0,0.7777777777777778,7,9
4524,0.2857142857142857,0.2857142857142857,1.0,1.0,0.16666666666666666,1.0,6,1
4525,0.5882352941176471,0.5352941176470588,0.4,0.7,1.0,0.4166666666666667,5,12
4526,0.7499999999999999,0.6449999999999999,0.06666666666666667,0.5333333333333333,0.6,1.0,10,6
4527,0.6956521739130436,0.5614906832298137,-0.2857142857142857,0.35714285714285715,0.5333333333333333,1.0,15,8
4528,0.8235294117647058,0.6352941176470587,-0.5238095238095238,0.23809523809523808,1.0,0.7,7,10
4529,0.9333333333333333,0.88,0.6190476190476191,0.8095238095238095,0.875,1.0,8,7
4530,0.7777777777777778,0.7222222222222222,0.5238095238095238,0.7619047619047619,1.0,0.6363636363636364,7,11
4531,0.8,0.6826666666666666,0.022222222222222223,0.5111111111111111,1.0,0.6666666666666666,10,15
4532,0.9090909090909091,0.7454545454545454,-0.2,0.4,1.0,0.8333333333333334,5,6
4533,0.5454545454545454,0.5236363636363636,0.7333333333333333,0.8666666666666667,0.375,1.0,16,6
4534,0.5714285714285715,0.4685714285714286,-0.2,0.4,1.0,0.4,6,15
4535,0.9473684210526316,0.8921052631578947,0.6111111111111112,0.8055555555555556,1.0,0.9,9,10
4536,0.5333333333333333,0.4476190476190476,-0.07142857142857142,0.4642857142857143,0.36363636363636365,1.0,22,8
4537,0.8571428571428571,0.7285714285714285,0.0,0.5,0.75,1.0,12,9
4538,0.8235294117647058,0.6705882352941176,-0.23809523809523808,0.38095238095238093,1.0,0.7,7,10
4539,0.8,0.6880000000000001,0.06666666666666667,0.5333333333333333,1.0,0.6666666666666666,6,9
4540,0.6666666666666666,0.5466666666666666,-0.2,0.4,1.0,0.5,5,10
4541,0.9523809523809523,0.8698412698412697,0.4222222222222222,0.7111111111111111,1.0,0.9090909090909091,10,11
4542,0.5263157894736842,0.4473684210526315,0.0,0.5,1.0,0.35714285714285715,5,14
4543,1.0,0.9333333333333333,0.5555555555555556,0.7777777777777778,1.0,1.0,9,9
4544,1.0,0.8571428571428571,0.047619047619047616,0.5238095238095238,1.0,1.0,7,7
4545,0.7777777777777778,0.6888888888888889,0.23809523809523808,0.6190476190476191,1.0,0.6363636363636364,7,11
4546,0.7692307692307693,0.6769230769230768,0.2,0.6,1.0,0.625,5,8
4547,0.33333333333333337,0.3,0.3333333333333333,0.6666666666666666,1.0,0.2,3,15
4548,0.782608695652174,0.7369565217391305,0.6111111111111112,0.8055555555555556,1.0,0.6428571428571429,9,14
4549,0.888888888888889,0.8031746031746031,0.35714285714285715,0.6785714285714286,1.0,0.8,8,10
4550,0.8750000000000001,0.8125,0.5238095238095238,0.7619047619047619,1.0,0.7777777777777778,7,9
4551,0.5625,0.5015624999999999,0.2777777777777778,0.6388888888888888,0.391304347826087,1.0,23,9
4552,1.0,0.94,0.6,0.8,1.0,1.0,6,6
4553,0.631578947368421,0.5810526315789473,0.4666666666666667,0.7333333333333334,1.0,0.46153846153846156,6,13
4554,1.0,0.8571428571428571,0.047619047619047616,0.5238095238095238,1.0,1.0,7,7
4555,1.0,0.86,0.06666666666666667,0.5333333333333333,1.0,1.0,6,6
4556,0.8750000000000001,0.8125,0.5238095238095238,0.7619047619047619,0.7777777777777778,1.0,9,7
4557,0.7499999999999999,0.6312499999999999,-0.05555555555555555,0.4722222222222222,1.0,0.6,9,15
4558,0.8235294117647058,0.7529411764705882,0.42857142857142855,0.7142857142857143,1.0,0.7,7,10
4559,0.8695652173913044,0.7768115942028986,0.28888888888888886,0.6444444444444444,1.0,0.7692307692307693,10,13
4560,0.888888888888889,0.7365079365079366,-0.14285714285714285,0.4285714285714286,1.0,0.8,8,10
4561,0.7499999999999999,0.5999999999999999,-0.3333333333333333,0.33333333333333337,0.6,1.0,10,6
4562,0.7692307692307693,0.5615384615384615,-0.8,0.09999999999999998,1.0,0.625,5,8
4563,1.0,0.9099999999999999,0.4,0.7,1.0,1.0,5,5
4564,1.0,0.9266666666666666,0.5111111111111111,0.7555555555555555,1.0,1.0,10,10
4565,0.9411764705882353,0.8201680672268906,0.14285714285714285,0.5714285714285714,1.0,0.8888888888888888,8,9
4566,0.19999999999999998,0.19999999999999998,1.0,1.0,0.1111111111111111,1.0,9,1
4567,0.9411764705882353,0.7899159663865545,-0.07142857142857142,0.4642857142857143,0.8888888888888888,1.0,9,8
4568,0.9523809523809523,0.819047619047619,0.06666666666666667,0.5333333333333333,1.0,0.9090909090909091,10,11
4569,0.7499999999999999,0.6299999999999999,-0.06666666666666667,0.4666666666666667,0.6,1.0,10,6
4570,0.846153846153846,0.7538461538461537,0.2727272727272727,0.6363636363636364,0.7333333333333333,1.0,15,11
4571,0.8571428571428571,0.7028571428571427,-0.2,0.4,1.0,0.75,6,8
4572,0.7058823529411764,0.6211764705882351,0.2,0.6,1.0,0.5454545454545454,6,11
4573,0.7000000000000001,0.6,0.047619047619047616,0.5238095238095238,1.0,0.5384615384615384,7,13
4574,0.8571428571428571,0.7357142857142857,0.05555555555555555,0.5277777777777778,1.0,0.75,9,12
4575,0.8333333333333333,0.6333333333333333,-0.6,0.2,0.7142857142857143,1.0,7,5
4576,0.72,0.6719999999999999,0.5555555555555556,0.7777777777777778,0.5625,1.0,16,9
4577,0.7692307692307693,0.7230769230769231,0.6,0.8,1.0,0.625,5,8
4578,0.8750000000000001,0.8,0.42857142857142855,0.7142857142857143,1.0,0.7777777777777778,7,9
4579,0.8181818181818181,0.7295454545454545,0.2777777777777778,0.6388888888888888,0.6923076923076923,1.0,13,9
4580,0.8181818181818181,0.6818181818181817,-0.1111111111111111,0.4444444444444444,1.0,0.6923076923076923,9,13
4581,0.7499999999999999,0.5999999999999999,-0.3333333333333333,0.33333333333333337,1.0,0.6,6,10
4582,0.8235294117647058,0.776470588235294,0.6190476190476191,0.8095238095238095,1.0,0.7,7,10
4583,0.1984732824427481,0.18625954198473282,0.5897435897435898,0.7948717948717949,0.11016949152542373,1.0,118,13
4584,0.8421052631578948,0.7518796992481203,0.2857142857142857,0.6428571428571428,1.0,0.7272727272727273,8,11
4585,0.7586206896551725,0.6841379310344827,0.34545454545454546,0.6727272727272727,0.6111111111111112,1.0,18,11
4586,0.7058823529411764,0.6776470588235293,0.7333333333333333,0.8666666666666667,0.5454545454545454,1.0,11,6
4587,0.9090909090909091,0.8818181818181817,0.8,0.9,1.0,0.8333333333333334,5,6
4588,0.6190476190476191,0.5642857142857143,0.41025641025641024,0.7051282051282051,0.4482758620689655,1.0,29,13
4589,0.6666666666666666,0.5733333333333333,0.06666666666666667,0.5333333333333333,1.0,0.5,6,12
4590,0.888888888888889,0.7636363636363637,0.06060606060606061,0.5303030303030303,1.0,0.8,12,15
4591,1.0,0.9714285714285713,0.8095238095238095,0.9047619047619048,1.0,1.0,7,7
4592,0.8695652173913044,0.8057971014492754,0.5111111111111111,0.7555555555555555,0.7692307692307693,1.0,13,10
4593,1.0,0.84,-0.06666666666666667,0.4666666666666667,1.0,1.0,6,6
4594,0.6666666666666666,0.6266666666666666,0.6,0.8,1.0,0.5,5,10
4595,0.8571428571428571,0.7371428571428571,0.06666666666666667,0.5333333333333333,1.0,0.75,6,8
4596,0.8571428571428571,0.7885714285714285,0.4666666666666667,0.7333333333333334,1.0,0.75,6,8
4597,0.4,0.3542857142857143,0.23809523809523808,0.6190476190476191,0.25,1.0,28,7
4598,1.0,0.8666666666666666,0.1111111111111111,0.5555555555555556,1.0,1.0,10,10
4599,0.9090909090909091,0.8060606060606059,0.24444444444444444,0.6222222222222222,1.0,0.8333333333333334,10,12
4600,0.9411764705882353,0.8302521008403361,0.21428571428571427,0.6071428571428571,1.0,0.8888888888888888,8,9
4601,0.5333333333333333,0.5333333333333333,1.0,1.0,1.0,0.36363636363636365,4,11
4602,0.5,0.4464285714285714,0.2857142857142857,0.6428571428571428,0.3333333333333333,1.0,24,8
4603,0.9333333333333333,0.8933333333333333,0.7142857142857143,0.8571428571428572,1.0,0.875,7,8
4604,0.9411764705882353,0.8201680672268906,0.14285714285714285,0.5714285714285714,1.0,0.8888888888888888,8,9
4605,0.625,0.49374999999999997,-0.4,0.3,1.0,0.45454545454545453,5,11
4606,0.8,0.736,0.4666666666666667,0.7333333333333334,1.0,0.6666666666666666,6,9
4607,0.7692307692307693,0.6769230769230768,0.2,0.6,1.0,0.625,5,8
4608,0.8148148148148148,0.7348148148148147,0.34545454545454546,0.6727272727272727,1.0,0.6875,11,16
4609,0.9,0.8099999999999999,0.3333333333333333,0.6666666666666666,1.0,0.8181818181818182,9,11
4610,0.6956521739130436,0.6360248447204969,0.42857142857142855,0.7142857142857143,1.0,0.5333333333333333,8,15
4611,0.9523809523809523,0.8825396825396825,0.5111111111111111,0.7555555555555555,0.9090909090909091,1.0,11,10
4612,0.9333333333333333,0.84,0.3333333333333333,0.6666666666666666,1.0,0.875,7,8
4613,0.631578947368421,0.5684210526315788,0.3333333333333333,0.6666666666666666,1.0,0.46153846153846156,6,13
4614,0.8148148148148148,0.6637037037037036,-0.23636363636363636,0.38181818181818183,0.6875,1.0,16,11
4615,0.7777777777777778,0.6333333333333333,-0.23809523809523808,0.38095238095238093,1.0,0.6363636363636364,7,11
4616,0.8571428571428571,0.7642857142857142,0.2777777777777778,0.6388888888888888,1.0,0.75,9,12
4617,0.8750000000000001,0.7875,0.3333333333333333,0.6666666666666666,1.0,0.7777777777777778,7,9
4618,0.923076923076923,0.8861538461538461,0.7333333333333333,0.8666666666666667,1.0,0.8571428571428571,6,7
4619,0.8,0.704,0.2,0.6,1.0,0.6666666666666666,6,9
4620,0.5454545454545454,0.5127272727272727,0.6,0.8,1.0,0.375,6,16
4621,0.8571428571428571,0.84,0.8666666666666667,0.9333333333333333,1.0,0.75,6,8
4622,1.0,0.86,0.06666666666666667,0.5333333333333333,1.0,1.0,10,10
4623,0.47058823529411764,0.39999999999999997,0.0,0.5,1.0,0.3076923076923077,4,13
4624,0.25,0.25,1.0,1.0,0.14285714285714285,1.0,7,1
4625,0.5882352941176471,0.4823529411764706,-0.2,0.4,1.0,0.4166666666666667,5,12
4626,0.923076923076923,0.8861538461538461,0.7333333333333333,0.8666666666666667,1.0,0.8571428571428571,6,7
4627,0.923076923076923,0.7569230769230768,-0.2,0.4,1.0,0.8571428571428571,6,7
4628,0.3636363636363636,0.309090909090909,0.0,0.5,0.2222222222222222,1.0,36,8
4629,0.8333333333333333,0.7083333333333333,0.0,0.5,0.7142857142857143,1.0,7,5
4630,1.0,0.8714285714285713,0.14285714285714285,0.5714285714285714,1.0,1.0,7,7
4631,0.8181818181818181,0.7977272727272726,0.8333333333333334,0.9166666666666667,1.0,0.6923076923076923,9,13
4632,1.0,0.9083333333333332,0.3888888888888889,0.6944444444444444,1.0,1.0,9,9
4633,0.923076923076923,0.8492307692307691,0.4666666666666667,0.7333333333333334,1.0,0.8571428571428571,6,7
4634,0.782608695652174,0.6326086956521738,-0.2777777777777778,0.3611111111111111,1.0,0.6428571428571429,9,14
4635,0.8571428571428571,0.7714285714285714,0.3333333333333333,0.6666666666666666,0.75,1.0,12,9
4636,0.9411764705882353,0.7899159663865545,-0.07142857142857142,0.4642857142857143,1.0,0.8888888888888888,8,9
4637,0.9333333333333333,0.8666666666666666,0.5238095238095238,0.7619047619047619,0.875,1.0,8,7
4638,0.7692307692307693,0.6076923076923076,-0.4,0.3,1.0,0.625,5,8
4639,0.9333333333333333,0.88,0.6190476190476191,0.8095238095238095,1.0,0.875,7,8
4640,0.9090909090909091,0.8207792207792207,0.3523809523809524,0.6761904761904762,0.8333333333333334,1.0,18,15
4641,0.9090909090909091,0.7727272727272727,0.0,0.5,1.0,0.8333333333333334,5,6
4642,0.962962962962963,0.8037037037037037,-0.10256410256410256,0.44871794871794873,0.9285714285714286,1.0,14,13
4643,0.9285714285714286,0.8357142857142856,0.3333333333333333,0.6666666666666666,1.0,0.8666666666666667,13,15
4644,0.888888888888889,0.7676767676767676,0.09090909090909091,0.5454545454545454,0.8,1.0,15,12
4645,0.7499999999999999,0.7049999999999998,0.6,0.8,1.0,0.6,6,10
4646,0.25,0.25,1.0,1.0,0.14285714285714285,1.0,7,1
4647,0.8333333333333333,0.6833333333333332,-0.2,0.4,1.0,0.7142857142857143,5,7
4648,0.923076923076923,0.7938461538461538,0.06666666666666667,0.5333333333333333,0.8571428571428571,1.0,7,6
4649,0.761904761904762,0.672108843537415,0.21428571428571427,0.6071428571428571,1.0,0.6153846153846154,8,13
4650,0.8,0.704,0.2,0.6,0.6666666666666666,1.0,9,6
4651,1.0,0.8076923076923076,-0.28205128205128205,0.358974358974359,1.0,1.0,13,13
4652,0.9411764705882353,0.8302521008403361,0.21428571428571427,0.6071428571428571,0.8888888888888888,1.0,9,8
4653,0.9333333333333333,0.8133333333333332,0.14285714285714285,0.5714285714285714,0.875,1.0,8,7
4654,0.9333333333333333,0.8266666666666667,0.23809523809523808,0.6190476190476191,1.0,0.875,7,8
4655,0.9166666666666666,0.8366666666666667,0.41818181818181815,0.7090909090909091,1.0,0.8461538461538461,11,13
4656,0.7142857142857143,0.6714285714285714,0.6,0.8,1.0,0.5555555555555556,5,9
4657,0.9333333333333333,0.88,0.6190476190476191,0.8095238095238095,0.875,1.0,8,7
4658,0.5882352941176471,0.4823529411764706,-0.2,0.4,1.0,0.4166666666666667,5,12
4659,0.6285714285714286,0.5565714285714285,0.23636363636363636,0.6181818181818182,0.4583333333333333,1.0,24,11
4660,0.6153846153846153,0.4923076923076922,-0.3333333333333333,0.33333333333333337,1.0,0.4444444444444444,4,9
4661,0.9333333333333333,0.7866666666666666,-0.047619047619047616,0.47619047619047616,1.0,0.875,7,8
4662,0.8750000000000001,0.775,0.23809523809523808,0.6190476190476191,1.0,0.7777777777777778,7,9
4663,0.6666666666666666,0.5466666666666666,-0.2,0.4,1.0,0.5,5,10
4664,0.9411764705882353,0.8504201680672268,0.35714285714285715,0.6785714285714286,0.8888888888888888,1.0,9,8
4665,0.7777777777777778,0.67008547008547,0.07692307692307693,0.5384615384615384,0.6363636363636364,1.0,22,14
4666,0.6666666666666666,0.5666666666666667,0.0,0.5,1.0,0.5,5,10
4667,0.8,0.656,-0.2,0.4,1.0,0.6666666666666666,6,9
4668,1.0,0.9181818181818181,0.45454545454545453,0.7272727272727273,1.0,1.0,12,12
4669,1.0,0.8083333333333332,-0.2777777777777778,0.3611111111111111,1.0,1.0,9,9
4670,0.6666666666666666,0.5714285714285714,0.047619047619047616,0.5238095238095238,1.0,0.5,7,14
4671,0.6666666666666666,0.5866666666666666,0.2,0.6,1.0,0.5,6,12
4672,0.9411764705882353,0.8504201680672268,0.35714285714285715,0.6785714285714286,1.0,0.8888888888888888,8,9
4673,0.8750000000000001,0.75,0.047619047619047616,0.5238095238095238,1.0,0.7777777777777778,7,9
4674,1.0,0.9072727272727272,0.38181818181818183,0.6909090909090909,1.0,1.0,11,11
4675,0.8,0.68,0.0,0.5,1.0,0.6666666666666666,4,6
4676,0.6,0.49999999999999994,-0.1111111111111111,0.4444444444444444,0.42857142857142855,1.0,21,9
4677,0.9,0.75,-0.1111111111111111,0.4444444444444444,1.0,0.8181818181818182,9,11
4678,0.923076923076923,0.7569230769230768,-0.2,0.4,0.8571428571428571,1.0,7,6
4679,1.0,0.8909090909090909,0.2727272727272727,0.6363636363636364,1.0,1.0,12,12
4680,1.0,0.84,-0.06666666666666667,0.4666666666666667,1.0,1.0,6,6
4681,0.6666666666666666,0.6023809523809522,0.35714285714285715,0.6785714285714286,1.0,0.5,8,16
4682,0.8181818181818181,0.709090909090909,0.1111111111111111,0.5555555555555556,0.6923076923076923,1.0,13,9
4683,0.5,0.425,0.0,0.5,1.0,0.3333333333333333,4,12
4684,0.5555555555555556,0.45555555555555555,-0.2,0.4,1.0,0.38461538461538464,5,13
4685,0.6666666666666666,0.6133333333333333,0.4666666666666667,0.7333333333333334,1.0,0.5,6,12
4686,0.5384615384615384,0.4461538461538461,-0.14285714285714285,0.4285714285714286,0.3684210526315789,1.0,19,7
4687,0.8421052631578948,0.724812030075188,0.07142857142857142,0.5357142857142857,1.0,0.7272727272727273,8,11
4688,0.6666666666666666,0.6666666666666666,1.0,1.0,1.0,0.5,6,12
4689,1.0,0.8285714285714285,-0.14285714285714285,0.4285714285714286,1.0,1.0,7,7
4690,0.888888888888889,0.7936507936507936,0.2857142857142857,0.6428571428571428,1.0,0.8,8,10
4691,0.625,0.49374999999999997,-0.4,0.3,1.0,0.45454545454545453,5,11
4692,0.8,0.656,-0.2,0.4,1.0,0.6666666666666666,6,9
4693,0.7499999999999999,0.6599999999999998,0.2,0.6,1.0,0.6,6,10
4694,0.7692307692307693,0.6461538461538462,-0.06666666666666667,0.4666666666666667,0.625,1.0,16,10
4695,0.8571428571428571,0.6685714285714285,-0.4666666666666667,0.26666666666666666,1.0,0.75,6,8
4696,0.962962962962963,0.8666666666666666,0.3333333333333333,0.6666666666666666,0.9285714285714286,1.0,14,13
4697,0.7000000000000001,0.63,0.3333333333333333,0.6666666666666666,1.0,0.5384615384615384,7,13
4698,1.0,0.9090909090909091,0.3939393939393939,0.696969696969697,1.0,1.0,12,12
4699,0.7142857142857143,0.6499999999999999,0.4,0.7,1.0,0.5555555555555556,5,9
4700,0.6666666666666666,0.5466666666666666,-0.2,0.4,1.0,0.5,5,10
4701,0.5641025641025641,0.5056410256410255,0.3090909090909091,0.6545454545454545,0.39285714285714285,1.0,28,11
4702,0.8,0.656,-0.2,0.4,0.6666666666666666,1.0,9,6
4703,0.56,0.48000000000000004,0.047619047619047616,0.5238095238095238,1.0,0.3888888888888889,7,18
4704,0.8181818181818181,0.7295454545454545,0.2777777777777778,0.6388888888888888,1.0,0.6923076923076923,9,13
4705,0.7586206896551725,0.646896551724138,0.01818181818181818,0.509090909090909,0.6111111111111112,1.0,18,11
4706,1.0,0.9181818181818181,0.45454545454545453,0.7272727272727273,1.0,1.0,12,12
4707,0.7368421052631579,0.6210526315789473,-0.047619047619047616,0.47619047619047616,1.0,0.5833333333333334,7,12
4708,0.923076923076923,0.8492307692307691,0.4666666666666667,0.7333333333333334,1.0,0.8571428571428571,6,7
4709,0.761904761904762,0.5986394557823129,-0.42857142857142855,0.2857142857142857,1.0,0.6153846153846154,8,13
4710,0.6363636363636364,0.5545454545454545,0.14285714285714285,0.5714285714285714,0.4666666666666667,1.0,15,7
4711,0.7499999999999999,0.7049999999999998,0.6,0.8,1.0,0.6,6,10
4712,0.6086956521739131,0.5565217391304348,0.42857142857142855,0.7142857142857143,1.0,0.4375,7,16
4713,1.0,0.9464285714285714,0.6428571428571429,0.8214285714285714,1.0,1.0,8,8
4714,0.9523809523809523,0.8444444444444443,0.24444444444444444,0.6222222222222222,1.0,0.9090909090909091,10,11
4715,0.8333333333333333,0.7999999999999999,0.7333333333333333,0.8666666666666667,1.0,0.7142857142857143,10,14
4716,0.7142857142857143,0.6285714285714286,0.2,0.6,1.0,0.5555555555555556,5,9
4717,0.6666666666666666,0.6088888888888888,0.4222222222222222,0.7111111111111111,0.5,1.0,20,10
4718,0.7142857142857143,0.6071428571428571,0.0,0.5,1.0,0.5555555555555556,5,9
4719,0.8,0.768,0.7333333333333333,0.8666666666666667,0.6666666666666666,1.0,9,6
4720,0.5454545454545454,0.4472727272727272,-0.2,0.4,1.0,0.375,6,16
4721,0.7692307692307693,0.6076923076923076,-0.4,0.3,1.0,0.625,5,8
4722,0.9473684210526316,0.7973684210526315,-0.05555555555555555,0.4722222222222222,1.0,0.9,9,10
4723,0.8571428571428571,0.7885714285714285,0.4666666666666667,0.7333333333333334,1.0,0.75,6,8
4724,0.888888888888889,0.765079365079365,0.07142857142857142,0.5357142857142857,0.8,1.0,10,8
4725,0.8750000000000001,0.8250000000000001,0.6190476190476191,0.8095238095238095,0.7777777777777778,1.0,9,7
4726,0.7499999999999999,0.6599999999999998,0.2,0.6,0.6,1.0,10,6
4727,0.7777777777777778,0.6666666666666666,0.047619047619047616,0.5238095238095238,1.0,0.6363636363636364,7,11
4728,0.9565217391304348,0.7843478260869565,-0.2,0.4,0.9166666666666666,1.0,12,11
4729,0.8333333333333333,0.6583333333333332,-0.4,0.3,0.7142857142857143,1.0,7,5
4730,0.7499999999999999,0.5999999999999999,-0.3333333333333333,0.33333333333333337,1.0,0.6,6,10
4731,0.9411764705882353,0.8100840336134453,0.07142857142857142,0.5357142857142857,1.0,0.8888888888888888,8,9
4732,0.761904761904762,0.6476190476190476,0.0,0.5,0.6153846153846154,1.0,13,8
4733,0.923076923076923,0.8097902097902097,0.18181818181818182,0.5909090909090909,1.0,0.8571428571428571,12,14
4734,0.8571428571428571,0.75,0.16666666666666666,0.5833333333333334,1.0,0.75,9,12
4735,0.7000000000000001,0.62,0.23809523809523808,0.6190476190476191,1.0,0.5384615384615384,7,13
4736,0.7499999999999999,0.6449999999999999,0.06666666666666667,0.5333333333333333,1.0,0.6,6,10
4737,0.923076923076923,0.8492307692307691,0.4666666666666667,0.7333333333333334,1.0,0.8571428571428571,6,7
4738,0.888888888888889,0.787878787878788,0.24242424242424243,0.6212121212121212,0.8,1.0,15,12
4739,0.7000000000000001,0.55,-0.42857142857142855,0.2857142857142857,1.0,0.5384615384615384,7,13
4740,0.6666666666666666,0.5904761904761904,0.23809523809523808,0.6190476190476191,1.0,0.5,7,14
4741,0.6666666666666666,0.5066666666666666,-0.6,0.2,1.0,0.5,6,12
4742,0.5882352941176471,0.46470588235294114,-0.4,0.3,1.0,0.4166666666666667,5,12
4743,0.9090909090909091,0.8259740259740258,0.3904761904761905,0.6952380952380952,0.8333333333333334,1.0,18,15
4744,0.5555555555555556,0.5222222222222223,0.6,0.8,1.0,0.38461538461538464,5,13
4745,0.47058823529411764,0.39999999999999997,0.0,0.5,1.0,0.3076923076923077,4,13
4746,0.7692307692307693,0.7,0.4,0.7,1.0,0.625,5,8
4747,0.9090909090909091,0.7999999999999998,0.2,0.6,1.0,0.8333333333333334,5,6
4748,0.9473684210526316,0.8131578947368421,0.05555555555555555,0.5277777777777778,1.0,0.9,9,10
4749,0.4666666666666667,0.4066666666666666,0.14285714285714285,0.5714285714285714,0.30434782608695654,1.0,23,7
4750,1.0,0.8799999999999999,0.2,0.6,1.0,1.0,5,5
4751,0.6875000000000001,0.57125,-0.12727272727272726,0.4363636363636364,0.5238095238095238,1.0,21,11
4752,0.8695652173913044,0.7478260869565218,0.06666666666666667,0.5333333333333333,0.7692307692307693,1.0,13,10
4753,0.888888888888889,0.8507936507936508,0.7142857142857143,0.8571428571428572,1.0,0.8,8,10
4754,0.7272727272727273,0.6883116883116883,0.6428571428571429,0.8214285714285714,1.0,0.5714285714285714,8,14
4755,0.7000000000000001,0.56,-0.3333333333333333,0.33333333333333337,0.5384615384615384,1.0,13,7
4756,1.0,0.9618181818181818,0.7454545454545455,0.8727272727272728,1.0,1.0,11,11
4757,1.0,0.9249999999999999,0.5,0.75,1.0,1.0,8,8
4758,0.5882352941176471,0.5176470588235293,0.2,0.6,1.0,0.4166666666666667,5,12
4759,0.9090909090909091,0.8181818181818181,0.3333333333333333,0.6666666666666666,1.0,0.8333333333333334,10,12
4760,0.8333333333333333,0.7833333333333332,0.6,0.8,0.7142857142857143,1.0,7,5
4761,0.8695652173913044,0.7536231884057971,0.1111111111111111,0.5555555555555556,1.0,0.7692307692307693,10,13
4762,0.9655172413793104,0.8668435013262599,0.31868131868131866,0.6593406593406593,0.9333333333333333,1.0,15,14
4763,0.9333333333333333,0.7999999999999999,0.047619047619047616,0.5238095238095238,1.0,0.875,7,8
4764,0.923076923076923,0.8123076923076922,0.2,0.6,0.8571428571428571,1.0,7,6
4765,0.8,0.68,0.0,0.5,1.0,0.6666666666666666,8,12
4766,0.5555555555555556,0.4888888888888889,0.2,0.6,1.0,0.38461538461538464,5,13
4767,0.787878787878788,0.6757575757575758,0.05128205128205128,0.5256410256410257,0.65,1.0,20,13
4768,0.8333333333333333,0.7833333333333332,0.6,0.8,1.0,0.7142857142857143,5,7
4769,0.8333333333333333,0.7583333333333332,0.4,0.7,0.7142857142857143,1.0,7,5
4770,0.47058823529411764,0.39999999999999997,0.0,0.5,1.0,0.3076923076923077,4,13
4771,0.5714285714285715,0.5028571428571429,0.2,0.6,0.4,1.0,15,6
4772,0.888888888888889,0.8317460317460318,0.5714285714285714,0.7857142857142857,1.0,0.8,8,10
4773,0.6666666666666666,0.6266666666666666,0.6,0.8,1.0,0.5,5,10
4774,1.0,0.8999999999999999,0.3333333333333333,0.6666666666666666,1.0,1.0,6,6
4775,0.8421052631578948,0.7699248120300752,0.42857142857142855,0.7142857142857143,1.0,0.7272727272727273,8,11
4776,0.6153846153846153,0.5824175824175823,0.6428571428571429,0.8214285714285714,0.4444444444444444,1.0,18,8
4777,0.5263157894736842,0.4157894736842105,-0.4,0.3,1.0,0.35714285714285715,5,14
4778,0.8571428571428571,0.7999999999999999,0.5555555555555556,0.7777777777777778,1.0,0.75,9,12
4779,0.5,0.44999999999999996,0.3333333333333333,0.6666666666666666,1.0,0.3333333333333333,4,12
4780,0.9333333333333333,0.7466666666666666,-0.3333333333333333,0.33333333333333337,1.0,0.875,7,8
4781,0.6666666666666666,0.5466666666666666,-0.2,0.4,1.0,0.5,6,12
4782,0.6,0.5519999999999999,0.4666666666666667,0.7333333333333334,0.42857142857142855,1.0,14,6
4783,1.0,0.8999999999999999,0.3333333333333333,0.6666666666666666,1.0,1.0,7,7
4784,0.88,0.7696,0.16363636363636364,0.5818181818181818,1.0,0.7857142857142857,11,14
4785,0.8571428571428571,0.7785714285714285,0.3888888888888889,0.6944444444444444,1.0,0.75,9,12
4786,0.7368421052631579,0.5789473684210525,-0.42857142857142855,0.2857142857142857,1.0,0.5833333333333334,7,12
4787,0.9090909090909091,0.8545454545454545,0.6,0.8,0.8333333333333334,1.0,6,5
4788,1.0,0.9357142857142857,0.5714285714285714,0.7857142857142857,1.0,1.0,8,8
4789,0.8571428571428571,0.72,-0.06666666666666667,0.4666666666666667,0.75,1.0,8,6
4790,0.8,0.72,0.3333333333333333,0.6666666666666666,1.0,0.6666666666666666,6,9
4791,0.8235294117647058,0.7176470588235293,0.14285714285714285,0.5714285714285714,1.0,0.7,7,10
4792,1.0,0.84,-0.06666666666666667,0.4666666666666667,1.0,1.0,6,6
4793,0.9523809523809523,0.857142857142857,0.3333333333333333,0.6666666666666666,1.0,0.9090909090909091,10,11
4794,0.923076923076923,0.7569230769230768,-0.2,0.4,1.0,0.8571428571428571,6,7
4795,0.6666666666666666,0.5866666666666666,0.2,0.6,1.0,0.5,5,10
4796,0.8235294117647058,0.6823529411764705,-0.14285714285714285,0.4285714285714286,1.0,0.7,7,10
4797,0.8,0.7142857142857143,0.2857142857142857,0.6428571428571428,1.0,0.6666666666666666,8,12
4798,0.8571428571428571,0.7714285714285714,0.3333333333333333,0.6666666666666666,1.0,0.75,6,8
4799,0.7058823529411764,0.6211764705882351,0.2,0.6,1.0,0.5454545454545454,6,11
4800,0.896551724137931,0.8206896551724138,0.4358974358974359,0.717948717948718,0.8125,1.0,16,13
4801,0.6956521739130436,0.5763975155279504,-0.14285714285714285,0.4285714285714286,1.0,0.5333333333333333,8,15
4802,0.9166666666666666,0.7666666666666666,-0.09090909090909091,0.45454545454545453,1.0,0.8461538461538461,11,13
4803,0.6666666666666666,0.6166666666666666,0.5,0.75,1.0,0.5,8,16
4804,0.7499999999999999,0.7049999999999998,0.6,0.8,0.6,1.0,10,6
4805,0.5217391304347826,0.5113043478260869,0.8666666666666667,0.9333333333333333,0.35294117647058826,1.0,17,6
4806,0.8695652173913044,0.7246376811594203,-0.1111111111111111,0.4444444444444444,1.0,0.7692307692307693,10,13
4807,0.48484848484848486,0.4329004329004329,0.2857142857142857,0.6428571428571428,0.32,1.0,25,8
4808,0.15384615384615385,0.15384615384615385,1.0,1.0,0.08333333333333333,1.0,12,1
4809,0.8,0.72,0.3333333333333333,0.6666666666666666,1.0,0.6666666666666666,6,9
4810,0.7333333333333334,0.6573333333333333,0.3090909090909091,0.6545454545454545,0.5789473684210527,1.0,19,11
4811,0.8571428571428571,0.7885714285714285,0.4666666666666667,0.7333333333333334,1.0,0.75,6,8
4812,0.8695652173913044,0.7594202898550725,0.15555555555555556,0.5777777777777777,0.7692307692307693,1.0,13,10
4813,0.8750000000000001,0.7375,-0.047619047619047616,0.47619047619047616,1.0,0.7777777777777778,7,9
4814,0.7777777777777778,0.7222222222222222,0.5238095238095238,0.7619047619047619,1.0,0.6363636363636364,7,11
4815,0.16666666666666669,0.16666666666666669,1.0,1.0,0.09090909090909091,1.0,11,1
4816,1.0,0.8533333333333333,0.022222222222222223,0.5111111111111111,1.0,1.0,10,10
4817,0.7692307692307693,0.7461538461538462,0.8,0.9,1.0,0.625,5,8
4818,0.8571428571428571,0.7371428571428571,0.06666666666666667,0.5333333333333333,0.75,1.0,8,6
4819,0.9473684210526316,0.8131578947368421,0.05555555555555555,0.5277777777777778,0.9,1.0,10,9
4820,0.8571428571428571,0.7792207792207791,0.3939393939393939,0.696969696969697,0.75,1.0,16,12
4821,0.4,0.36,0.3333333333333333,0.6666666666666666,0.25,1.0,16,4
4822,0.6666666666666666,0.5999999999999999,0.3333333333333333,0.6666666666666666,1.0,0.5,6,12
4823,0.9600000000000001,0.850909090909091,0.24242424242424243,0.6212121212121212,0.9230769230769231,1.0,13,12
4824,0.6666666666666666,0.5466666666666666,-0.2,0.4,1.0,0.5,5,10
4825,0.7692307692307693,0.6076923076923076,-0.4,0.3,1.0,0.625,5,8
4826,0.8571428571428571,0.7371428571428571,0.06666666666666667,0.5333333333333333,1.0,0.75,6,8
4827,0.9523809523809523,0.8507936507936508,0.28888888888888886,0.6444444444444444,0.9090909090909091,1.0,11,10
4828,0.923076923076923,0.7753846153846153,-0.06666666666666667,0.4666666666666667,1.0,0.8571428571428571,6,7
4829,1.0,0.8581818181818182,0.05454545454545454,0.5272727272727272,1.0,1.0,11,11
4830,0.7692307692307693,0.7230769230769231,0.6,0.8,1.0,0.625,5,8
4831,0.7894736842105263,0.7037593984962406,0.2761904761904762,0.638095238095238,0.6521739130434783,1.0,23,15
4832,0.9473684210526316,0.7736842105263159,-0.2222222222222222,0.3888888888888889,0.9,1.0,10,9
4833,0.4210526315789474,0.35789473684210527,0.0,0.5,1.0,0.26666666666666666,4,15
4834,0.8333333333333333,0.7333333333333332,0.2,0.6,0.7142857142857143,1.0,7,5
4835,0.6896551724137931,0.5885057471264368,0.022222222222222223,0.5111111111111111,0.5263157894736842,1.0,19,10
4836,0.6666666666666666,0.6266666666666666,0.6,0.8,1.0,0.5,5,10
4837,1.0,0.8745454545454545,0.16363636363636364,0.5818181818181818,1.0,1.0,11,11
4838,0.888888888888889,0.7866666666666667,0.23333333333333334,0.6166666666666667,0.8,1.0,20,16
4839,0.7499999999999999,0.7049999999999998,0.6,0.8,1.0,0.6,6,10
4840,0.631578947368421,0.5178947368421052,-0.2,0.4,1.0,0.46153846153846156,6,13
4841,0.6666666666666666,0.5066666666666666,-0.6,0.2,1.0,0.5,6,12
4842,0.8,0.736,0.4666666666666667,0.7333333333333334,1.0,0.6666666666666666,6,9
4843,0.8421052631578948,0.706766917293233,-0.07142857142857142,0.4642857142857143,1.0,0.7272727272727273,8,11
4844,0.9523809523809523,0.9079365079365078,0.6888888888888889,0.8444444444444444,0.9090909090909091,1.0,11,10
4845,0.8571428571428571,0.7214285714285713,-0.05555555555555555,0.4722222222222222,0.75,1.0,12,9
4846,0.8750000000000001,0.6875000000000001,-0.42857142857142855,0.2857142857142857,1.0,0.7777777777777778,7,9
4847,0.6666666666666666,0.5833333333333333,0.16666666666666666,0.5833333333333334,0.5,1.0,18,9
4848,0.8571428571428571,0.6685714285714285,-0.4666666666666667,0.26666666666666666,0.75,1.0,8,6
4849,0.8571428571428571,0.7285714285714285,0.0,0.5,0.75,1.0,12,9
4850,0.5,0.365,-0.8,0.09999999999999998,1.0,0.3333333333333333,5,15
4851,0.7058823529411764,0.6352941176470587,0.3333333333333333,0.6666666666666666,1.0,0.5454545454545454,6,11
4852,1.0,0.8285714285714285,-0.14285714285714285,0.4285714285714286,1.0,1.0,7,7
4853,0.7096774193548387,0.6283870967741936,0.23636363636363636,0.6181818181818182,0.55,1.0,20,11
4854,0.8235294117647058,0.6823529411764705,-0.14285714285714285,0.4285714285714286,1.0,0.7,7,10
4855,1.0,0.84,-0.06666666666666667,0.4666666666666667,1.0,1.0,6,6
4856,0.923076923076923,0.8861538461538461,0.7333333333333333,0.8666666666666667,0.8571428571428571,1.0,7,6
4857,0.8235294117647058,0.8235294117647058,1.0,1.0,1.0,0.7,7,10
4858,0.6666666666666666,0.5466666666666666,-0.2,0.4,1.0,0.5,5,10
4859,0.8,0.704,0.2,0.6,0.6666666666666666,1.0,9,6
4860,0.6,0.49199999999999994,-0.2,0.4,1.0,0.42857142857142855,6,14
4861,0.8181818181818181,0.6954545454545454,0.0,0.5,0.6923076923076923,1.0,13,9
4862,0.7499999999999999,0.6749999999999998,0.3333333333333333,0.6666666666666666,1.0,0.6,6,10
4863,0.7058823529411764,0.6352941176470587,0.3333333333333333,0.6666666666666666,1.0,0.5454545454545454,6,11
4864,0.23880597014925373,0.21134328358208956,0.23333333333333334,0.6166666666666667,0.13559322033898305,1.0,118,16
4865,0.7692307692307693,0.7,0.4,0.7,1.0,0.625,5,8
4866,0.7272727272727273,0.6025974025974026,-0.14285714285714285,0.4285714285714286,1.0,0.5714285714285714,8,14
4867,0.7058823529411764,0.6352941176470587,0.3333333333333333,0.6666666666666666,1.0,0.5454545454545454,6,11
4868,0.6956521739130436,0.591304347826087,0.0,0.5,0.5333333333333333,1.0,15,8
4869,0.9411764705882353,0.7697478991596638,-0.21428571428571427,0.39285714285714285,1.0,0.8888888888888888,8,9
4870,0.9,0.8400000000000001,0.5555555555555556,0.7777777777777778,0.8181818181818182,1.0,11,9
4871,0.846153846153846,0.749230769230769,0.23636363636363636,0.6181818181818182,1.0,0.7333333333333333,11,15
4872,0.9333333333333333,0.8266666666666667,0.23809523809523808,0.6190476190476191,1.0,0.875,7,8
4873,0.7692307692307693,0.6307692307692307,-0.2,0.4,0.625,1.0,16,10
4874,0.6153846153846153,0.4923076923076922,-0.3333333333333333,0.33333333333333337,1.0,0.4444444444444444,4,9
4875,0.8333333333333333,0.7833333333333332,0.6,0.8,0.7142857142857143,1.0,7,5
4876,0.8571428571428571,0.7885714285714285,0.4666666666666667,0.7333333333333334,1.0,0.75,6,8
4877,0.7777777777777778,0.7333333333333333,0.6190476190476191,0.8095238095238095,1.0,0.6363636363636364,7,11
4878,0.8333333333333333,0.7083333333333333,0.0,0.5,0.7142857142857143,1.0,7,5
4879,0.5714285714285715,0.5714285714285715,1.0,1.0,1.0,0.4,6,15
4880,0.8695652173913044,0.7594202898550725,0.15555555555555556,0.5777777777777777,1.0,0.7692307692307693,10,13
4881,0.6666666666666666,0.5333333333333332,-0.3333333333333333,0.33333333333333337,1.0,0.5,6,12
4883,0.5833333333333334,0.525,0.3333333333333333,0.6666666666666666,0.4117647058823529,1.0,17,7
4884,1.0,0.82,-0.2,0.4,1.0,1.0,10,10
4885,0.9090909090909091,0.7727272727272727,0.0,0.5,0.8333333333333334,1.0,6,5
4886,0.9411764705882353,0.8907563025210083,0.6428571428571429,0.8214285714285714,1.0,0.8888888888888888,8,9
4887,0.888888888888889,0.8603174603174603,0.7857142857142857,0.8928571428571428,0.8,1.0,10,8
4888,0.8235294117647058,0.7294117647058823,0.23809523809523808,0.6190476190476191,1.0,0.7,7,10
4889,0.7499999999999999,0.6062499999999998,-0.2777777777777778,0.3611111111111111,1.0,0.6,9,15
4890,1.0,0.8714285714285713,0.14285714285714285,0.5714285714285714,1.0,1.0,7,7
4891,1.0,0.8583333333333333,0.05555555555555555,0.5277777777777778,1.0,1.0,9,9
4892,1.0,0.8933333333333333,0.28888888888888886,0.6444444444444444,1.0,1.0,10,10
4893,0.9600000000000001,0.8683636363636364,0.36363636363636365,0.6818181818181819,0.9230769230769231,1.0,13,12
4894,0.8750000000000001,0.7375,-0.047619047619047616,0.47619047619047616,1.0,0.7777777777777778,7,9
4895,0.9333333333333333,0.7866666666666666,-0.047619047619047616,0.47619047619047616,1.0,0.875,7,8
4896,0.7000000000000001,0.63,0.3333333333333333,0.6666666666666666,1.0,0.5384615384615384,7,13
4897,0.923076923076923,0.7569230769230768,-0.2,0.4,0.8571428571428571,1.0,7,6
4898,0.6666666666666666,0.5466666666666666,-0.2,0.4,0.5,1.0,10,5
4899,0.7692307692307693,0.6307692307692307,-0.2,0.4,1.0,0.625,5,8
4900,0.7777777777777778,0.6222222222222222,-0.3333333333333333,0.33333333333333337,1.0,0.6363636363636364,7,11
4901,0.8235294117647058,0.6823529411764705,-0.14285714285714285,0.4285714285714286,1.0,0.7,7,10
4902,0.6956521739130436,0.568944099378882,-0.21428571428571427,0.39285714285714285,1.0,0.5333333333333333,8,15
4903,0.923076923076923,0.7938461538461538,0.06666666666666667,0.5333333333333333,1.0,0.8571428571428571,6,7
4904,0.9411764705882353,0.8605042016806722,0.42857142857142855,0.7142857142857143,0.8888888888888888,1.0,9,8
4905,0.6666666666666666,0.5333333333333332,-0.3333333333333333,0.33333333333333337,1.0,0.5,6,12
4906,0.7368421052631579,0.6421052631578946,0.14285714285714285,0.5714285714285714,1.0,0.5833333333333334,7,12
4907,0.923076923076923,0.9046153846153845,0.8666666666666667,0.9333333333333333,1.0,0.8571428571428571,6,7
4908,0.88,0.7984,0.38181818181818183,0.6909090909090909,0.7857142857142857,1.0,14,11
4909,0.6153846153846153,0.5846153846153845,0.6666666666666666,0.8333333333333333,1.0,0.4444444444444444,4,9
4910,0.782608695652174,0.6391304347826087,-0.2222222222222222,0.3888888888888889,1.0,0.6428571428571429,9,14
4911,0.8695652173913044,0.7942028985507247,0.4222222222222222,0.7111111111111111,1.0,0.7692307692307693,10,13
4912,0.5555555555555556,0.45555555555555555,-0.2,0.4,1.0,0.38461538461538464,5,13
4913,0.7777777777777778,0.6777777777777777,0.14285714285714285,0.5714285714285714,0.6363636363636364,1.0,11,7
4914,0.8695652173913044,0.7652173913043478,0.2,0.6,1.0,0.7692307692307693,10,13
4915,0.888888888888889,0.8126984126984127,0.42857142857142855,0.7142857142857143,1.0,0.8,8,10
4916,0.923076923076923,0.7938461538461538,0.06666666666666667,0.5333333333333333,1.0,0.8571428571428571,6,7
4917,0.761904761904762,0.6639455782312925,0.14285714285714285,0.5714285714285714,1.0,0.6153846153846154,8,13
4918,0.7142857142857143,0.6714285714285714,0.6,0.8,1.0,0.5555555555555556,5,9
4919,0.5555555555555556,0.45555555555555555,-0.2,0.4,1.0,0.38461538461538464,5,13
4920,0.9333333333333333,0.7999999999999999,0.047619047619047616,0.5238095238095238,1.0,0.875,7,8
4921,1.0,0.8285714285714285,-0.14285714285714285,0.4285714285714286,1.0,1.0,7,7
4922,0.9523809523809523,0.8761904761904761,0.4666666666666667,0.7333333333333334,1.0,0.9090909090909091,10,11
4923,0.9411764705882353,0.8403361344537814,0.2857142857142857,0.6428571428571428,1.0,0.8888888888888888,8,9
4924,0.6486486486486487,0.571990171990172,0.21212121212121213,0.6060606060606061,0.48,1.0,25,12
4925,0.7499999999999999,0.6299999999999999,-0.06666666666666667,0.4666666666666667,1.0,0.6,6,10
4926,0.888888888888889,0.7393939393939394,-0.12121212121212122,0.4393939393939394,1.0,0.8,12,15
4927,0.5263157894736842,0.4473684210526315,0.0,0.5,1.0,0.35714285714285715,5,14
4928,0.9411764705882353,0.8201680672268906,0.14285714285714285,0.5714285714285714,1.0,0.8888888888888888,8,9
4929,0.9655172413793104,0.870026525198939,0.34065934065934067,0.6703296703296704,1.0,0.9333333333333333,14,15
4930,0.9090909090909091,0.7727272727272727,0.0,0.5,1.0,0.8333333333333334,5,6
4931,0.47619047619047616,0.41904761904761895,0.2,0.6,1.0,0.3125,5,16
4932,0.8695652173913044,0.7884057971014493,0.37777777777777777,0.6888888888888889,0.7692307692307693,1.0,13,10
4933,0.5714285714285715,0.5257142857142858,0.4666666666666667,0.7333333333333334,0.4,1.0,15,6
4934,1.0,0.8266666666666667,-0.15555555555555556,0.4222222222222222,1.0,1.0,10,10
4935,0.8750000000000001,0.7000000000000001,-0.3333333333333333,0.33333333333333337,0.7777777777777778,1.0,9,7
4937,0.7058823529411764,0.5929411764705882,-0.06666666666666667,0.4666666666666667,1.0,0.5454545454545454,6,11
4938,0.43750000000000006,0.38125,0.14285714285714285,0.5714285714285714,0.28,1.0,25,7
4939,0.7272727272727273,0.6103896103896104,-0.07142857142857142,0.4642857142857143,1.0,0.5714285714285714,8,14
4940,0.6857142857142856,0.6077922077922077,0.24242424242424243,0.6212121212121212,0.5217391304347826,1.0,23,12
4941,0.9473684210526316,0.8052631578947369,0.0,0.5,0.9,1.0,10,9
4942,0.7692307692307693,0.6538461538461539,0.0,0.5,0.625,1.0,8,5
4943,1.0,0.9199999999999999,0.4666666666666667,0.7333333333333334,1.0,1.0,6,6
4944,0.782608695652174,0.7304347826086957,0.5555555555555556,0.7777777777777778,1.0,0.6428571428571429,9,14
4945,0.9090909090909091,0.7727272727272727,0.0,0.5,0.8333333333333334,1.0,6,5
4946,0.8235294117647058,0.6705882352941176,-0.23809523809523808,0.38095238095238093,0.7,1.0,10,7
4947,0.7142857142857143,0.6499999999999999,0.4,0.7,1.0,0.5555555555555556,5,9
4948,0.9090909090909091,0.7999999999999998,0.2,0.6,0.8333333333333334,1.0,6,5
4949,0.7142857142857143,0.6714285714285714,0.6,0.8,1.0,0.5555555555555556,5,9
4950,0.8333333333333333,0.6583333333333332,-0.4,0.3,0.7142857142857143,1.0,7,5
4951,0.7499999999999999,0.6149999999999999,-0.2,0.4,1.0,0.6,6,10
4952,0.6666666666666666,0.5999999999999999,0.3333333333333333,0.6666666666666666,0.5,1.0,8,4
4953,0.9473684210526316,0.8605263157894736,0.3888888888888889,0.6944444444444444,0.9,1.0,10,9
4954,0.8571428571428571,0.6685714285714285,-0.4666666666666667,0.26666666666666666,1.0,0.75,6,8
4955,0.5555555555555556,0.4722222222222222,0.0,0.5,1.0,0.38461538461538464,5,13
4956,0.9090909090909091,0.6909090909090909,-0.6,0.2,1.0,0.8333333333333334,5,6
4957,0.782608695652174,0.6782608695652174,0.1111111111111111,0.5555555555555556,1.0,0.6428571428571429,9,14
4958,1.0,0.8999999999999999,0.3333333333333333,0.6666666666666666,1.0,1.0,7,7
4959,1.0,0.8999999999999999,0.3333333333333333,0.6666666666666666,1.0,1.0,7,7
4960,1.0,0.9333333333333333,0.5555555555555556,0.7777777777777778,1.0,1.0,10,10
4961,0.6153846153846153,0.523076923076923,0.0,0.5,1.0,0.4444444444444444,4,9
4962,0.9565217391304348,0.8052173913043479,-0.05454545454545454,0.4727272727272727,0.9166666666666666,1.0,12,11
4963,0.7027027027027027,0.6567567567567568,0.5641025641025641,0.782051282051282,0.5416666666666666,1.0,24,13
4964,0.8571428571428571,0.7714285714285714,0.3333333333333333,0.6666666666666666,0.75,1.0,8,6
4965,0.923076923076923,0.7938461538461538,0.06666666666666667,0.5333333333333333,1.0,0.8571428571428571,6,7
4966,0.8235294117647058,0.6588235294117646,-0.3333333333333333,0.33333333333333337,0.7,1.0,10,7
4967,0.888888888888889,0.7676767676767676,0.09090909090909091,0.5454545454545454,1.0,0.8,12,15
4968,0.6086956521739131,0.5043478260869565,-0.14285714285714285,0.4285714285714286,1.0,0.4375,7,16
4969,0.9333333333333333,0.8266666666666667,0.23809523809523808,0.6190476190476191,1.0,0.875,7,8
4970,0.782608695652174,0.691304347826087,0.2222222222222222,0.6111111111111112,1.0,0.6428571428571429,9,14
4971,0.9473684210526316,0.868421052631579,0.4444444444444444,0.7222222222222222,0.9,1.0,10,9
4972,0.8571428571428571,0.7142857142857142,-0.1111111111111111,0.4444444444444444,0.75,1.0,12,9
4973,0.923076923076923,0.7199999999999999,-0.4666666666666667,0.26666666666666666,1.0,0.8571428571428571,6,7
4974,0.8,0.68,0.0,0.5,1.0,0.6666666666666666,4,6
4975,0.8,0.6714285714285714,-0.07142857142857142,0.4642857142857143,1.0,0.6666666666666666,8,12
4976,0.6666666666666666,0.5809523809523809,0.14285714285714285,0.5714285714285714,0.5,1.0,14,7
4977,0.8750000000000001,0.8,0.42857142857142855,0.7142857142857143,1.0,0.7777777777777778,7,9
4978,0.47619047619047616,0.41904761904761895,0.2,0.6,1.0,0.3125,5,16
4979,0.7272727272727273,0.6337662337662338,0.14285714285714285,0.5714285714285714,0.5714285714285714,1.0,14,8
4980,0.7741935483870968,0.696774193548387,0.3333333333333333,0.6666666666666666,0.631578947368421,1.0,19,12
4981,0.5882352941176471,0.5705882352941176,0.8,0.9,1.0,0.4166666666666667,5,12
4982,0.5555555555555556,0.5222222222222223,0.6,0.8,1.0,0.38461538461538464,5,13
4983,1.0,0.9571428571428571,0.7142857142857143,0.8571428571428572,1.0,1.0,7,7
4984,0.8571428571428571,0.72,-0.06666666666666667,0.4666666666666667,1.0,0.75,6,8
4985,0.7692307692307693,0.6538461538461539,0.0,0.5,1.0,0.625,5,8
4986,1.0,0.8866666666666666,0.24444444444444444,0.6222222222222222,1.0,1.0,10,10
4987,0.8571428571428571,0.7371428571428571,0.06666666666666667,0.5333333333333333,1.0,0.75,6,8
4988,0.88,0.7167999999999999,-0.23636363636363636,0.38181818181818183,0.7857142857142857,1.0,14,11
4989,0.6666666666666666,0.5866666666666666,0.2,0.6,1.0,0.5,5,10
4990,0.4166666666666667,0.3541666666666667,0.0,0.5,0.2631578947368421,1.0,19,5
4991,0.8571428571428571,0.8057142857142856,0.6,0.8,1.0,0.75,6,8
4992,0.8333333333333333,0.7083333333333333,0.0,0.5,0.7142857142857143,1.0,7,5
4993,0.7586206896551725,0.6386206896551725,-0.05454545454545454,0.4727272727272727,0.6111111111111112,1.0,18,11
4994,0.41509433962264153,0.3516981132075471,-0.01818181818181818,0.4909090909090909,0.2619047619047619,1.0,42,11
4995,1.0,0.8285714285714285,-0.14285714285714285,0.4285714285714286,1.0,1.0,7,7
4996,0.7272727272727273,0.5948051948051948,-0.21428571428571427,0.39285714285714285,1.0,0.5714285714285714,8,14
4997,0.8695652173913044,0.7710144927536232,0.24444444444444444,0.6222222222222222,1.0,0.7692307692307693,10,13
4998,0.9565217391304348,0.857391304347826,0.3090909090909091,0.6545454545454545,0.9166666666666666,1.0,12,11
4999,0.8648648648648648,0.8021621621621621,0.5166666666666667,0.7583333333333333,0.7619047619047619,1.0,21,16
5000,0.6153846153846153,0.46153846153846145,-0.6666666666666666,0.16666666666666669,1.0,0.4444444444444444,4,9
5001,0.8235294117647058,0.7411764705882352,0.3333333333333333,0.6666666666666666,1.0,0.7,7,10
5002,0.8,0.64,-0.3333333333333333,0.33333333333333337,1.0,0.6666666666666666,6,9
5003,0.9333333333333333,0.8266666666666667,0.23809523809523808,0.6190476190476191,0.875,1.0,8,7
5004,0.6666666666666666,0.5523809523809523,-0.14285714285714285,0.4285714285714286,0.5,1.0,14,7
5005,0.8125000000000001,0.734375,0.358974358974359,0.6794871794871795,0.6842105263157895,1.0,19,13
5006,0.5882352941176471,0.46470588235294114,-0.4,0.3,1.0,0.4166666666666667,5,12
5007,0.9411764705882353,0.8504201680672268,0.35714285714285715,0.6785714285714286,0.8888888888888888,1.0,9,8
5008,0.8235294117647058,0.6705882352941176,-0.23809523809523808,0.38095238095238093,1.0,0.7,7,10
5009,0.8571428571428571,0.7542857142857141,0.2,0.6,0.75,1.0,8,6
5010,1.0,0.95,0.6666666666666666,0.8333333333333333,1.0,1.0,9,9
5011,0.9090909090909091,0.8272727272727272,0.4,0.7,1.0,0.8333333333333334,5,6
5012,0.923076923076923,0.9046153846153845,0.8666666666666667,0.9333333333333333,0.8571428571428571,1.0,7,6
5013,0.5,0.4583333333333333,0.4444444444444444,0.7222222222222222,0.3333333333333333,1.0,27,9
5014,1.0,0.9133333333333333,0.4222222222222222,0.7111111111111111,1.0,1.0,10,10
5015,0.6666666666666666,0.5066666666666666,-0.6,0.2,1.0,0.5,6,12
5016,0.7000000000000001,0.62,0.23809523809523808,0.6190476190476191,1.0,0.5384615384615384,7,13
5017,0.8235294117647058,0.7882352941176469,0.7142857142857143,0.8571428571428572,1.0,0.7,7,10
5018,0.6153846153846153,0.5164835164835163,-0.07142857142857142,0.4642857142857143,0.4444444444444444,1.0,18,8
5019,0.761904761904762,0.6965986394557824,0.42857142857142855,0.7142857142857143,1.0,0.6153846153846154,8,13
5020,0.7058823529411764,0.6070588235294117,0.06666666666666667,0.5333333333333333,1.0,0.5454545454545454,6,11
5021,0.9,0.8174999999999999,0.3888888888888889,0.6944444444444444,0.8181818181818182,1.0,11,9
5022,0.9600000000000001,0.8247272727272728,0.06060606060606061,0.5303030303030303,1.0,0.9230769230769231,12,13
5023,0.6666666666666666,0.6066666666666666,0.4,0.7,1.0,0.5,5,10
5024,0.9090909090909091,0.8363636363636363,0.4666666666666667,0.7333333333333334,0.8333333333333334,1.0,12,10
5025,0.6153846153846153,0.5846153846153845,0.6666666666666666,0.8333333333333333,1.0,0.4444444444444444,4,9
5026,0.8571428571428571,0.7885714285714285,0.4666666666666667,0.7333333333333334,1.0,0.75,6,8
5027,0.923076923076923,0.683076923076923,-0.7333333333333333,0.13333333333333336,0.8571428571428571,1.0,7,6
5028,0.8750000000000001,0.7740384615384616,0.23076923076923078,0.6153846153846154,0.7777777777777778,1.0,18,14
5029,0.7142857142857143,0.6499999999999999,0.4,0.7,1.0,0.5555555555555556,5,9
5030,0.9333333333333333,0.9333333333333333,1.0,1.0,1.0,0.875,7,8
5031,0.5555555555555556,0.4888888888888889,0.2,0.6,1.0,0.38461538461538464,5,13
5032,0.8235294117647058,0.6588235294117646,-0.3333333333333333,0.33333333333333337,1.0,0.7,7,10
5033,0.761904761904762,0.5904761904761905,-0.5,0.25,1.0,0.6153846153846154,8,13
5034,0.8571428571428571,0.7885714285714285,0.4666666666666667,0.7333333333333334,1.0,0.75,6,8
5035,0.923076923076923,0.8307692307692306,0.3333333333333333,0.6666666666666666,0.8571428571428571,1.0,14,12
5036,0.7499999999999999,0.6749999999999998,0.3333333333333333,0.6666666666666666,1.0,0.6,6,10
5037,0.923076923076923,0.7938461538461538,0.06666666666666667,0.5333333333333333,1.0,0.8571428571428571,6,7
5038,1.0,0.8999999999999999,0.3333333333333333,0.6666666666666666,1.0,1.0,6,6
5039,0.7368421052631579,0.6,-0.23809523809523808,0.38095238095238093,1.0,0.5833333333333334,7,12
5040,0.6046511627906976,0.5209302325581394,0.07692307692307693,0.5384615384615384,0.43333333333333335,1.0,30,13
5041,0.8333333333333333,0.7833333333333332,0.6,0.8,1.0,0.7142857142857143,5,7
5042,0.6521739130434783,0.5925465838509316,0.3904761904761905,0.6952380952380952,0.4838709677419355,1.0,31,15
5043,0.8148148148148148,0.7659259259259258,0.6,0.8,0.6875,1.0,16,11
5044,1.0,0.8916666666666666,0.2777777777777778,0.6388888888888888,1.0,1.0,9,9
5045,0.7499999999999999,0.5999999999999999,-0.3333333333333333,0.33333333333333337,1.0,0.6,6,10
5046,0.7058823529411764,0.6211764705882351,0.2,0.6,1.0,0.5454545454545454,6,11
5047,0.7499999999999999,0.6899999999999998,0.4666666666666667,0.7333333333333334,0.6,1.0,10,6
5048,0.8235294117647058,0.6941176470588234,-0.047619047619047616,0.47619047619047616,1.0,0.7,7,10
5049,0.8,0.68,0.0,0.5,1.0,0.6666666666666666,8,12
5050,1.0,0.7799999999999999,-0.4666666666666667,0.26666666666666666,1.0,1.0,6,6
5051,0.8235294117647058,0.7176470588235293,0.14285714285714285,0.5714285714285714,1.0,0.7,7,10
5052,0.8333333333333333,0.6833333333333332,-0.2,0.4,1.0,0.7142857142857143,5,7
5053,0.9411764705882353,0.7899159663865545,-0.07142857142857142,0.4642857142857143,1.0,0.8888888888888888,8,9
5054,0.5882352941176471,0.4823529411764706,-0.2,0.4,1.0,0.4166666666666667,5,12
5055,0.5882352941176471,0.5,0.0,0.5,0.4166666666666667,1.0,12,5
5056,0.7096774193548387,0.6670967741935484,0.6,0.8,0.55,1.0,20,11
5057,0.923076923076923,0.8307692307692306,0.3333333333333333,0.6666666666666666,0.8571428571428571,1.0,7,6
5058,1.0,0.9142857142857143,0.42857142857142855,0.7142857142857143,1.0,1.0,14,14
5059,0.8571428571428571,0.7785714285714285,0.3888888888888889,0.6944444444444444,1.0,0.75,9,12
5060,0.8571428571428571,0.7636363636363636,0.2727272727272727,0.6363636363636364,1.0,0.75,12,16
5061,0.6486486486486487,0.5749385749385749,0.24242424242424243,0.6212121212121212,0.48,1.0,25,12
5062,0.9090909090909091,0.7696969696969697,-0.022222222222222223,0.4888888888888889,0.8333333333333334,1.0,12,10
5063,0.8421052631578948,0.6977443609022557,-0.14285714285714285,0.4285714285714286,1.0,0.7272727272727273,8,11
5064,0.9473684210526316,0.8526315789473684,0.3333333333333333,0.6666666666666666,0.9,1.0,10,9
5065,0.8235294117647058,0.7882352941176469,0.7142857142857143,0.8571428571428572,1.0,0.7,7,10
5066,0.9600000000000001,0.7941818181818181,-0.15151515151515152,0.42424242424242425,0.9230769230769231,1.0,13,12
5068,0.923076923076923,0.7569230769230768,-0.2,0.4,1.0,0.8571428571428571,6,7
5069,0.8695652173913044,0.8231884057971014,0.6444444444444445,0.8222222222222222,1.0,0.7692307692307693,10,13
5070,1.0,0.8714285714285713,0.14285714285714285,0.5714285714285714,1.0,1.0,7,7
5071,1.0,0.84,-0.06666666666666667,0.4666666666666667,1.0,1.0,6,6
5072,0.6666666666666666,0.6095238095238095,0.42857142857142855,0.7142857142857143,1.0,0.5,7,14
5073,0.6666666666666666,0.6133333333333333,0.4666666666666667,0.7333333333333334,1.0,0.5,6,12
5074,0.9333333333333333,0.84,0.3333333333333333,0.6666666666666666,0.875,1.0,8,7
5075,0.2195121951219512,0.18841463414634144,0.05555555555555555,0.5277777777777778,0.1232876712328767,1.0,73,9
5076,0.7368421052631579,0.7052631578947367,0.7142857142857143,0.8571428571428572,1.0,0.5833333333333334,7,12
5077,0.7058823529411764,0.6070588235294117,0.06666666666666667,0.5333333333333333,0.5454545454545454,1.0,11,6
5078,0.7058823529411764,0.6070588235294117,0.06666666666666667,0.5333333333333333,1.0,0.5454545454545454,6,11
5079,0.7058823529411764,0.6352941176470587,0.3333333333333333,0.6666666666666666,1.0,0.5454545454545454,6,11
5080,0.8333333333333333,0.7833333333333332,0.6,0.8,0.7142857142857143,1.0,7,5
5081,0.16071428571428573,0.13660714285714287,0.0,0.5,0.08737864077669903,1.0,103,9
5082,0.625,0.56875,0.4,0.7,1.0,0.45454545454545453,5,11
5083,0.21276595744680848,0.19148936170212763,0.3333333333333333,0.6666666666666666,0.11904761904761904,1.0,84,10
5084,0.9090909090909091,0.7727272727272727,0.0,0.5,1.0,0.8333333333333334,5,6
5085,0.8750000000000001,0.775,0.23809523809523808,0.6190476190476191,0.7777777777777778,1.0,9,7
5086,0.6666666666666666,0.6266666666666666,0.6,0.8,1.0,0.5,5,10
5087,0.8235294117647058,0.6470588235294117,-0.42857142857142855,0.2857142857142857,1.0,0.7,7,10
5088,0.761904761904762,0.6394557823129251,-0.07142857142857142,0.4642857142857143,1.0,0.6153846153846154,8,13
5089,0.9473684210526316,0.8368421052631579,0.2222222222222222,0.6111111111111112,0.9,1.0,10,9
5090,0.8571428571428571,0.8057142857142856,0.6,0.8,1.0,0.75,6,8
5091,0.7692307692307693,0.6076923076923076,-0.4,0.3,1.0,0.625,5,8
5092,1.0,0.9066666666666666,0.37777777777777777,0.6888888888888889,1.0,1.0,10,10
5093,0.888888888888889,0.8317460317460318,0.5714285714285714,0.7857142857142857,1.0,0.8,8,10
5094,0.7142857142857143,0.6714285714285714,0.6,0.8,1.0,0.5555555555555556,5,9
5095,0.6666666666666666,0.638095238095238,0.7142857142857143,0.8571428571428572,1.0,0.5,7,14
5096,0.9,0.7799999999999999,0.1111111111111111,0.5555555555555556,1.0,0.8181818181818182,9,11
5097,0.7142857142857143,0.6285714285714286,0.2,0.6,1.0,0.5555555555555556,5,9
5098,0.8750000000000001,0.8125,0.5238095238095238,0.7619047619047619,1.0,0.7777777777777778,7,9
5099,0.8235294117647058,0.7176470588235293,0.14285714285714285,0.5714285714285714,0.7,1.0,10,7
5100,0.4,0.34,0.0,0.5,1.0,0.25,4,16
5101,0.6956521739130436,0.568944099378882,-0.21428571428571427,0.39285714285714285,1.0,0.5333333333333333,8,15
5102,0.7000000000000001,0.6,0.047619047619047616,0.5238095238095238,1.0,0.5384615384615384,7,13
5103,1.0,0.8961538461538461,0.3076923076923077,0.6538461538461539,1.0,1.0,13,13
5104,0.8235294117647058,0.6823529411764705,-0.14285714285714285,0.4285714285714286,1.0,0.7,7,10
5105,0.888888888888889,0.765079365079365,0.07142857142857142,0.5357142857142857,1.0,0.8,8,10
5106,0.761904761904762,0.6639455782312925,0.14285714285714285,0.5714285714285714,1.0,0.6153846153846154,8,13
5107,0.8695652173913044,0.7304347826086957,-0.06666666666666667,0.4666666666666667,0.7692307692307693,1.0,13,10
5108,0.9523809523809523,0.8063492063492064,-0.022222222222222223,0.4888888888888889,0.9090909090909091,1.0,11,10
5109,0.5882352941176471,0.5176470588235293,0.2,0.6,1.0,0.4166666666666667,5,12
5110,1.0,0.8799999999999999,0.2,0.6,1.0,1.0,10,10
5111,1.0,0.8821428571428571,0.21428571428571427,0.6071428571428571,1.0,1.0,8,8
5112,0.5714285714285715,0.5012987012987014,0.18181818181818182,0.5909090909090909,0.4,1.0,30,12
5113,0.9090909090909091,0.8818181818181817,0.8,0.9,1.0,0.8333333333333334,5,6
5114,0.5405405405405406,0.45045045045045046,-0.1111111111111111,0.4444444444444444,0.37037037037037035,1.0,27,10
5115,0.7499999999999999,0.6062499999999998,-0.2777777777777778,0.3611111111111111,1.0,0.6,9,15
5116,0.7692307692307693,0.6538461538461539,0.0,0.5,1.0,0.625,5,8
5117,0.896551724137931,0.7896551724137931,0.20512820512820512,0.6025641025641025,0.8125,1.0,16,13
5118,0.9473684210526316,0.8605263157894736,0.3888888888888889,0.6944444444444444,0.9,1.0,10,9
5119,0.9090909090909091,0.7999999999999998,0.2,0.6,1.0,0.8333333333333334,5,6
5120,1.0,0.8999999999999999,0.3333333333333333,0.6666666666666666,1.0,1.0,7,7
5121,0.8235294117647058,0.7294117647058823,0.23809523809523808,0.6190476190476191,1.0,0.7,7,10
5122,0.8,0.6885714285714286,0.07142857142857142,0.5357142857142857,1.0,0.6666666666666666,8,12
5123,0.7142857142857143,0.5642857142857143,-0.4,0.3,0.5555555555555556,1.0,9,5
5125,0.7499999999999999,0.6749999999999998,0.3333333333333333,0.6666666666666666,1.0,0.6,6,10
5126,0.923076923076923,0.7938461538461538,0.06666666666666667,0.5333333333333333,1.0,0.8571428571428571,6,7
5127,0.2222222222222222,0.2222222222222222,1.0,1.0,0.125,1.0,8,1
5128,0.8,0.74,0.5,0.75,1.0,0.6666666666666666,8,12
5129,0.8235294117647058,0.7176470588235293,0.14285714285714285,0.5714285714285714,1.0,0.7,7,10
5130,0.9090909090909091,0.7999999999999998,0.2,0.6,1.0,0.8333333333333334,5,6
5131,0.3720930232558139,0.31229235880398665,-0.07142857142857142,0.4642857142857143,0.22857142857142856,1.0,35,8
5132,0.9,0.7725,0.05555555555555555,0.5277777777777778,1.0,0.8181818181818182,9,11
5133,0.923076923076923,0.7569230769230768,-0.2,0.4,1.0,0.8571428571428571,6,7
5134,0.7777777777777778,0.6555555555555554,-0.047619047619047616,0.47619047619047616,1.0,0.6363636363636364,7,11
5135,0.888888888888889,0.7269841269841271,-0.21428571428571427,0.39285714285714285,1.0,0.8,8,10
5136,0.7777777777777778,0.7111111111111111,0.42857142857142855,0.7142857142857143,1.0,0.6363636363636364,7,11
5137,0.9411764705882353,0.8705882352941176,0.5,0.75,1.0,0.8888888888888888,8,9
5138,0.7692307692307693,0.7461538461538462,0.8,0.9,0.625,1.0,8,5
5139,0.9166666666666666,0.7966666666666665,0.12727272727272726,0.5636363636363636,1.0,0.8461538461538461,11,13
5140,0.7272727272727273,0.6493506493506493,0.2857142857142857,0.6428571428571428,1.0,0.5714285714285714,8,14
5141,0.5,0.375,-0.6666666666666666,0.16666666666666669,1.0,0.3333333333333333,4,12
5142,0.782608695652174,0.6978260869565217,0.2777777777777778,0.6388888888888888,1.0,0.6428571428571429,9,14
5143,0.8333333333333333,0.6833333333333332,-0.2,0.4,1.0,0.7142857142857143,5,7
5144,0.8333333333333333,0.7833333333333332,0.6,0.8,1.0,0.7142857142857143,5,7
5145,0.6666666666666666,0.5466666666666666,-0.2,0.4,1.0,0.5,6,12
5146,0.923076923076923,0.8013986013986013,0.12121212121212122,0.5606060606060606,0.8571428571428571,1.0,14,12
5147,0.9090909090909091,0.7575757575757575,-0.1111111111111111,0.4444444444444444,1.0,0.8333333333333334,10,12
5148,0.7692307692307693,0.7230769230769231,0.6,0.8,1.0,0.625,5,8
5149,0.846153846153846,0.7307692307692306,0.09090909090909091,0.5454545454545454,0.7333333333333333,1.0,15,11
5150,1.0,0.9199999999999999,0.4666666666666667,0.7333333333333334,1.0,1.0,10,10
5151,0.9090909090909091,0.7999999999999998,0.2,0.6,1.0,0.8333333333333334,5,6
5152,0.9166666666666666,0.8116666666666665,0.23636363636363636,0.6181818181818182,1.0,0.8461538461538461,11,13
5153,1.0,0.9133333333333333,0.4222222222222222,0.7111111111111111,1.0,1.0,10,10
5154,0.9411764705882353,0.8302521008403361,0.21428571428571427,0.6071428571428571,0.8888888888888888,1.0,9,8
5155,0.8750000000000001,0.775,0.23809523809523808,0.6190476190476191,1.0,0.7777777777777778,7,9
5156,0.6956521739130436,0.613664596273292,0.21428571428571427,0.6071428571428571,1.0,0.5333333333333333,8,15
5157,0.8333333333333333,0.7083333333333333,0.0,0.5,1.0,0.7142857142857143,5,7
5159,0.9166666666666666,0.8016666666666666,0.16363636363636364,0.5818181818181818,1.0,0.8461538461538461,11,13
5160,0.4615384615384615,0.4615384615384615,1.0,1.0,1.0,0.3,3,10
5161,0.7000000000000001,0.62,0.23809523809523808,0.6190476190476191,1.0,0.5384615384615384,7,13
5162,1.0,0.85,0.0,0.5,1.0,1.0,8,8
5163,0.9523809523809523,0.8253968253968252,0.1111111111111111,0.5555555555555556,1.0,0.9090909090909091,10,11
5164,0.9523809523809523,0.7936507936507935,-0.1111111111111111,0.4444444444444444,0.9090909090909091,1.0,11,10
5165,0.8181818181818181,0.6886363636363635,-0.05555555555555555,0.4722222222222222,1.0,0.6923076923076923,9,13
5166,0.6086956521739131,0.5304347826086956,0.14285714285714285,0.5714285714285714,0.4375,1.0,16,7
5167,0.6666666666666666,0.5866666666666666,0.2,0.6,1.0,0.5,5,10
5168,0.631578947368421,0.5431578947368421,0.06666666666666667,0.5333333333333333,1.0,0.46153846153846156,6,13
5169,0.8571428571428571,0.7714285714285714,0.3333333333333333,0.6666666666666666,0.75,1.0,8,6
5170,0.7333333333333334,0.6693333333333333,0.41818181818181815,0.7090909090909091,0.5789473684210527,1.0,19,11
5171,0.8,0.68,0.0,0.5,1.0,0.6666666666666666,4,6
5172,0.5333333333333333,0.42666666666666664,-0.3333333333333333,0.33333333333333337,1.0,0.36363636363636365,4,11
5173,0.6666666666666666,0.5333333333333332,-0.3333333333333333,0.33333333333333337,1.0,0.5,6,12
5174,0.9,0.8025,0.2777777777777778,0.6388888888888888,1.0,0.8181818181818182,9,11
5175,0.6666666666666666,0.6095238095238095,0.42857142857142855,0.7142857142857143,1.0,0.5,7,14
5176,0.8,0.768,0.7333333333333333,0.8666666666666667,1.0,0.6666666666666666,6,9
5177,0.7368421052631579,0.6631578947368421,0.3333333333333333,0.6666666666666666,1.0,0.5833333333333334,7,12
5178,0.7142857142857143,0.5428571428571429,-0.6,0.2,0.5555555555555556,1.0,9,5
5179,0.888888888888889,0.8507936507936508,0.7142857142857143,0.8571428571428572,0.8,1.0,10,8
5180,0.8235294117647058,0.6705882352941176,-0.23809523809523808,0.38095238095238093,1.0,0.7,7,10
5182,1.0,0.7999999999999999,-0.3333333333333333,0.33333333333333337,1.0,1.0,6,6
5183,1.0,0.8799999999999999,0.2,0.6,1.0,1.0,5,5
5184,0.9411764705882353,0.8705882352941176,0.5,0.75,1.0,0.8888888888888888,8,9
5185,0.8235294117647058,0.6705882352941176,-0.23809523809523808,0.38095238095238093,1.0,0.7,7,10
5186,0.9,0.795,0.2222222222222222,0.6111111111111112,0.8181818181818182,1.0,11,9
5187,0.9565217391304348,0.8156521739130435,0.01818181818181818,0.509090909090909,0.9166666666666666,1.0,12,11
5188,0.7368421052631579,0.6736842105263158,0.42857142857142855,0.7142857142857143,0.5833333333333334,1.0,12,7
5189,0.962962962962963,0.8518518518518519,0.23076923076923078,0.6153846153846154,1.0,0.9285714285714286,13,14
5190,0.6956521739130436,0.591304347826087,0.0,0.5,1.0,0.5333333333333333,8,15
5191,0.8695652173913044,0.7536231884057971,0.1111111111111111,0.5555555555555556,1.0,0.7692307692307693,10,13
5192,0.47058823529411764,0.44705882352941173,0.6666666666666666,0.8333333333333333,1.0,0.3076923076923077,4,13
5193,0.8571428571428571,0.6685714285714285,-0.4666666666666667,0.26666666666666666,1.0,0.75,6,8
5194,0.9411764705882353,0.7899159663865545,-0.07142857142857142,0.4642857142857143,1.0,0.8888888888888888,8,9
5195,0.846153846153846,0.726153846153846,0.05454545454545454,0.5272727272727272,0.7333333333333333,1.0,15,11
5196,0.6086956521739131,0.5565217391304348,0.42857142857142855,0.7142857142857143,1.0,0.4375,7,16
5197,0.7692307692307693,0.7461538461538462,0.8,0.9,0.625,1.0,8,5
5198,0.8235294117647058,0.6235294117647058,-0.6190476190476191,0.19047619047619047,1.0,0.7,7,10
5199,0.625,0.53125,0.0,0.5,1.0,0.45454545454545453,5,11
5200,0.7692307692307693,0.5615384615384615,-0.8,0.09999999999999998,1.0,0.625,5,8
5201,0.6,0.4799999999999999,-0.3333333333333333,0.33333333333333337,1.0,0.42857142857142855,6,14
5202,0.7777777777777778,0.7333333333333333,0.6190476190476191,0.8095238095238095,1.0,0.6363636363636364,7,11
5203,0.5,0.5,1.0,1.0,1.0,0.3333333333333333,4,12
5204,0.7142857142857143,0.6428571428571428,0.3333333333333333,0.6666666666666666,0.5555555555555556,1.0,18,10
5205,0.9411764705882353,0.7899159663865545,-0.07142857142857142,0.4642857142857143,1.0,0.8888888888888888,8,9
5206,0.5833333333333334,0.5166666666666667,0.23809523809523808,0.6190476190476191,0.4117647058823529,1.0,17,7
5207,0.8,0.768,0.7333333333333333,0.8666666666666667,1.0,0.6666666666666666,6,9
5208,0.846153846153846,0.7676923076923076,0.38181818181818183,0.6909090909090909,0.7333333333333333,1.0,15,11
5209,0.9523809523809523,0.7619047619047618,-0.3333333333333333,0.33333333333333337,0.9090909090909091,1.0,11,10
5210,0.782608695652174,0.6717391304347826,0.05555555555555555,0.5277777777777778,1.0,0.6428571428571429,9,14
5211,0.6666666666666666,0.5599999999999999,-0.06666666666666667,0.4666666666666667,1.0,0.5,6,12
5212,0.8333333333333333,0.7833333333333332,0.6,0.8,1.0,0.7142857142857143,5,7
5213,0.8,0.736,0.4666666666666667,0.7333333333333334,1.0,0.6666666666666666,6,9
5214,0.7499999999999999,0.6149999999999999,-0.2,0.4,1.0,0.6,6,10
5215,1.0,0.9142857142857143,0.42857142857142855,0.7142857142857143,1.0,1.0,8,8
5216,0.9473684210526316,0.8368421052631579,0.2222222222222222,0.6111111111111112,1.0,0.9,9,10
5217,0.88,0.8656,0.8909090909090909,0.9454545454545454,1.0,0.7857142857142857,11,14
5218,0.5333333333333333,0.48190476190476184,0.35714285714285715,0.6785714285714286,0.36363636363636365,1.0,22,8
5219,0.8235294117647058,0.6941176470588234,-0.047619047619047616,0.47619047619047616,1.0,0.7,7,10
5220,0.5454545454545454,0.45818181818181813,-0.06666666666666667,0.4666666666666667,1.0,0.375,6,16
5221,0.9,0.795,0.2222222222222222,0.6111111111111112,1.0,0.8181818181818182,9,11
5222,0.7142857142857143,0.5428571428571429,-0.6,0.2,1.0,0.5555555555555556,5,9
5223,0.6470588235294118,0.5376470588235294,-0.12727272727272726,0.4363636363636364,0.4782608695652174,1.0,23,11
5224,1.0,0.8928571428571428,0.2857142857142857,0.6428571428571428,1.0,1.0,8,8
5225,0.8421052631578948,0.7789473684210526,0.5,0.75,1.0,0.7272727272727273,8,11
5226,1.0,0.8999999999999999,0.3333333333333333,0.6666666666666666,1.0,1.0,7,7
5227,0.846153846153846,0.7584615384615383,0.3090909090909091,0.6545454545454545,1.0,0.7333333333333333,11,15
5228,1.0,0.9249999999999999,0.5,0.75,1.0,1.0,8,8
5229,0.9473684210526316,0.7894736842105263,-0.1111111111111111,0.4444444444444444,0.9,1.0,10,9
5230,0.9090909090909091,0.7181818181818181,-0.4,0.3,1.0,0.8333333333333334,5,6
5231,0.33333333333333337,0.33333333333333337,1.0,1.0,0.2,1.0,5,1
5232,0.7058823529411764,0.6211764705882351,0.2,0.6,1.0,0.5454545454545454,6,11
5233,0.6666666666666666,0.6266666666666666,0.6,0.8,1.0,0.5,6,12
5234,0.47619047619047616,0.4047619047619047,0.0,0.5,1.0,0.3125,5,16
5235,0.5882352941176471,0.5,0.0,0.5,1.0,0.4166666666666667,5,12
5236,0.888888888888889,0.7313131313131312,-0.18181818181818182,0.40909090909090906,0.8,1.0,15,12
5237,0.9,0.8400000000000001,0.5555555555555556,0.7777777777777778,1.0,0.8181818181818182,9,11
5238,0.5714285714285715,0.5428571428571429,0.6666666666666666,0.8333333333333333,1.0,0.4,4,10
5239,0.8235294117647058,0.6941176470588234,-0.047619047619047616,0.47619047619047616,1.0,0.7,7,10
5240,0.7777777777777778,0.6555555555555554,-0.047619047619047616,0.47619047619047616,1.0,0.6363636363636364,7,11
5241,1.0,0.8285714285714285,-0.14285714285714285,0.4285714285714286,1.0,1.0,7,7
5242,0.7058823529411764,0.6776470588235293,0.7333333333333333,0.8666666666666667,1.0,0.5454545454545454,6,11
5243,0.923076923076923,0.8123076923076922,0.2,0.6,1.0,0.8571428571428571,6,7
5244,0.8421052631578948,0.7157894736842105,0.0,0.5,0.7272727272727273,1.0,11,8
5245,0.5454545454545454,0.49090909090909085,0.3333333333333333,0.6666666666666666,0.375,1.0,16,6
5246,0.7058823529411764,0.5788235294117646,-0.2,0.4,1.0,0.5454545454545454,6,11
5247,0.25806451612903225,0.25253456221198156,0.8571428571428571,0.9285714285714286,0.14814814814814814,1.0,54,8
5248,0.6666666666666666,0.5266666666666666,-0.4,0.3,1.0,0.5,5,10
5249,0.7692307692307693,0.6538461538461539,0.0,0.5,1.0,0.625,5,8
5250,0.2616822429906542,0.23321351545650607,0.27472527472527475,0.6373626373626373,0.15053763440860216,1.0,93,14
5251,0.9473684210526316,0.8210526315789474,0.1111111111111111,0.5555555555555556,1.0,0.9,9,10
5252,0.8,0.64,-0.3333333333333333,0.33333333333333337,1.0,0.6666666666666666,4,6
5253,0.9523809523809523,0.8634920634920634,0.37777777777777777,0.6888888888888889,1.0,0.9090909090909091,10,11
5254,0.5714285714285715,0.5142857142857143,0.3333333333333333,0.6666666666666666,1.0,0.4,4,10
5255,0.7499999999999999,0.6299999999999999,-0.06666666666666667,0.4666666666666667,1.0,0.6,6,10
5256,0.625,0.5208333333333333,-0.1111111111111111,0.4444444444444444,0.45454545454545453,1.0,22,10
5257,0.9090909090909091,0.8272727272727272,0.4,0.7,1.0,0.8333333333333334,5,6
5258,0.6666666666666666,0.5866666666666666,0.2,0.6,1.0,0.5,5,10
5259,0.9600000000000001,0.8203636363636364,0.030303030303030304,0.5151515151515151,1.0,0.9230769230769231,12,13
5260,0.5,0.43999999999999995,0.2,0.6,1.0,0.3333333333333333,5,15
5261,0.8235294117647058,0.7058823529411764,0.047619047619047616,0.5238095238095238,1.0,0.7,7,10
5262,1.0,0.8692307692307691,0.1282051282051282,0.5641025641025641,1.0,1.0,13,13
5263,1.0,0.9166666666666666,0.4444444444444444,0.7222222222222222,1.0,1.0,9,9
5264,0.9411764705882353,0.880672268907563,0.5714285714285714,0.7857142857142857,1.0,0.8888888888888888,8,9
5265,0.6666666666666666,0.6266666666666666,0.6,0.8,1.0,0.5,5,10
5266,0.631578947368421,0.5936842105263157,0.6,0.8,0.46153846153846156,1.0,13,6
5267,1.0,0.85,0.0,0.5,1.0,1.0,5,5
5268,0.7499999999999999,0.6149999999999999,-0.2,0.4,1.0,0.6,6,10
5269,0.9333333333333333,0.8666666666666666,0.5238095238095238,0.7619047619047619,0.875,1.0,8,7
5270,0.6363636363636364,0.5181818181818182,-0.23809523809523808,0.38095238095238093,0.4666666666666667,1.0,15,7
5271,0.923076923076923,0.7199999999999999,-0.4666666666666667,0.26666666666666666,0.8571428571428571,1.0,7,6
5272,1.0,0.8912087912087912,0.27472527472527475,0.6373626373626373,1.0,1.0,14,14
5273,0.9523809523809523,0.8507936507936508,0.28888888888888886,0.6444444444444444,0.9090909090909091,1.0,11,10
5274,0.7142857142857143,0.6714285714285714,0.6,0.8,1.0,0.5555555555555556,5,9
5275,0.9523809523809523,0.8698412698412697,0.4222222222222222,0.7111111111111111,0.9090909090909091,1.0,11,10
5276,1.0,0.9090909090909091,0.3939393939393939,0.696969696969697,1.0,1.0,12,12
5277,0.846153846153846,0.7030769230769229,-0.12727272727272726,0.4363636363636364,0.7333333333333333,1.0,15,11
5278,0.923076923076923,0.8123076923076922,0.2,0.6,1.0,0.8571428571428571,6,7
5279,0.6399999999999999,0.5234285714285714,-0.21428571428571427,0.39285714285714285,0.47058823529411764,1.0,17,8
5280,0.8,0.736,0.4666666666666667,0.7333333333333334,0.6666666666666666,1.0,9,6
5281,0.7000000000000001,0.67,0.7142857142857143,0.8571428571428572,1.0,0.5384615384615384,7,13
5282,0.7692307692307693,0.6538461538461539,0.0,0.5,1.0,0.625,5,8
5283,0.923076923076923,0.7938461538461538,0.06666666666666667,0.5333333333333333,1.0,0.8571428571428571,6,7
5284,0.5454545454545454,0.5127272727272727,0.6,0.8,1.0,0.375,6,16
5285,0.9333333333333333,0.7999999999999999,0.047619047619047616,0.5238095238095238,0.875,1.0,8,7
5286,0.7777777777777778,0.7333333333333333,0.6190476190476191,0.8095238095238095,1.0,0.6363636363636364,7,11
5287,1.0,0.9538461538461538,0.6923076923076923,0.8461538461538461,1.0,1.0,13,13
5288,0.7777777777777778,0.7333333333333333,0.6190476190476191,0.8095238095238095,0.6363636363636364,1.0,11,7
5289,0.923076923076923,0.7384615384615384,-0.3333333333333333,0.33333333333333337,0.8571428571428571,1.0,7,6
5290,0.7000000000000001,0.61,0.14285714285714285,0.5714285714285714,1.0,0.5384615384615384,7,13
5291,0.9411764705882353,0.8403361344537814,0.2857142857142857,0.6428571428571428,0.8888888888888888,1.0,9,8
5292,0.8421052631578948,0.6796992481203007,-0.2857142857142857,0.35714285714285715,1.0,0.7272727272727273,8,11
5293,0.7692307692307693,0.6769230769230768,0.2,0.6,1.0,0.625,5,8
5294,0.8,0.752,0.6,0.8,1.0,0.6666666666666666,6,9
5295,0.8235294117647058,0.776470588235294,0.6190476190476191,0.8095238095238095,1.0,0.7,7,10
5296,0.7058823529411764,0.6070588235294117,0.06666666666666667,0.5333333333333333,1.0,0.5454545454545454,6,11
5297,0.8750000000000001,0.775,0.23809523809523808,0.6190476190476191,1.0,0.7777777777777778,7,9
5298,0.5,0.425,0.0,0.5,1.0,0.3333333333333333,4,12
5299,0.6470588235294118,0.548235294117647,-0.01818181818181818,0.4909090909090909,0.4782608695652174,1.0,23,11
5300,0.9166666666666666,0.8166666666666667,0.2727272727272727,0.6363636363636364,0.8461538461538461,1.0,13,11
5301,0.8,0.672,-0.06666666666666667,0.4666666666666667,1.0,0.6666666666666666,6,9
5302,0.7272727272727273,0.5818181818181818,-0.3333333333333333,0.33333333333333337,1.0,0.5714285714285714,4,7
5303,0.9090909090909091,0.8727272727272727,0.7333333333333333,0.8666666666666667,0.8333333333333334,1.0,12,10
5304,0.9090909090909091,0.8272727272727272,0.4,0.7,1.0,0.8333333333333334,5,6
5305,0.6666666666666666,0.5999999999999999,0.3333333333333333,0.6666666666666666,1.0,0.5,4,8
5306,0.8571428571428571,0.7542857142857141,0.2,0.6,1.0,0.75,6,8
5307,0.7272727272727273,0.6727272727272727,0.5,0.75,1.0,0.5714285714285714,8,14
5308,0.8235294117647058,0.7294117647058823,0.23809523809523808,0.6190476190476191,1.0,0.7,7,10
5309,0.7368421052631579,0.6210526315789473,-0.047619047619047616,0.47619047619047616,1.0,0.5833333333333334,7,12
5310,0.7058823529411764,0.6211764705882351,0.2,0.6,0.5454545454545454,1.0,11,6
5311,0.7499999999999999,0.6874999999999999,0.4444444444444444,0.7222222222222222,0.6,1.0,15,9
5312,0.8333333333333333,0.6833333333333332,-0.2,0.4,1.0,0.7142857142857143,5,7
5313,0.9333333333333333,0.7999999999999999,0.047619047619047616,0.5238095238095238,0.875,1.0,8,7
5314,0.8750000000000001,0.7875,0.3333333333333333,0.6666666666666666,1.0,0.7777777777777778,7,9
5315,0.8,0.7228571428571429,0.35714285714285715,0.6785714285714286,0.6666666666666666,1.0,12,8
5316,0.7692307692307693,0.7692307692307693,1.0,1.0,1.0,0.625,5,8
5317,0.6363636363636364,0.5909090909090908,0.5238095238095238,0.7619047619047619,1.0,0.4666666666666667,7,15
5318,0.7692307692307693,0.7230769230769231,0.6,0.8,1.0,0.625,5,8
5319,0.923076923076923,0.8492307692307691,0.4666666666666667,0.7333333333333334,0.8571428571428571,1.0,7,6
5320,0.8,0.7893333333333333,0.9111111111111111,0.9555555555555555,1.0,0.6666666666666666,10,15
5321,0.7096774193548387,0.6787096774193548,0.7090909090909091,0.8545454545454545,0.55,1.0,20,11
5322,1.0,0.8333333333333333,-0.1111111111111111,0.4444444444444444,1.0,1.0,9,9
5323,0.9473684210526316,0.8289473684210527,0.16666666666666666,0.5833333333333334,0.9,1.0,10,9
5324,0.9523809523809523,0.857142857142857,0.3333333333333333,0.6666666666666666,1.0,0.9090909090909091,10,11
5325,0.7058823529411764,0.6352941176470587,0.3333333333333333,0.6666666666666666,1.0,0.5454545454545454,6,11
5326,0.7692307692307693,0.7,0.4,0.7,1.0,0.625,5,8
5327,0.8750000000000001,0.7125000000000001,-0.23809523809523808,0.38095238095238093,1.0,0.7777777777777778,7,9
5328,0.9565217391304348,0.8313043478260869,0.12727272727272726,0.5636363636363636,1.0,0.9166666666666666,11,12
5329,0.5454545454545454,0.5127272727272727,0.6,0.8,0.375,1.0,16,6
5330,0.6666666666666666,0.5599999999999999,-0.06666666666666667,0.4666666666666667,1.0,0.5,6,12
5331,0.5263157894736842,0.431578947368421,-0.2,0.4,1.0,0.35714285714285715,5,14
5332,0.9090909090909091,0.812121212121212,0.28888888888888886,0.6444444444444444,1.0,0.8333333333333334,10,12
5333,0.8750000000000001,0.7125000000000001,-0.23809523809523808,0.38095238095238093,1.0,0.7777777777777778,7,9
5334,0.8571428571428571,0.8057142857142856,0.6,0.8,1.0,0.75,6,8
5335,0.6666666666666666,0.5666666666666667,0.0,0.5,1.0,0.5,5,10
5336,0.6060606060606061,0.5616161616161616,0.5111111111111111,0.7555555555555555,0.43478260869565216,1.0,23,10
5337,0.8125000000000001,0.703125,0.10256410256410256,0.5512820512820513,0.6842105263157895,1.0,19,13
5338,1.0,0.8583333333333333,0.05555555555555555,0.5277777777777778,1.0,1.0,9,9
5339,0.9090909090909091,0.7575757575757575,-0.1111111111111111,0.4444444444444444,1.0,0.8333333333333334,10,12
5340,0.7058823529411764,0.5647058823529411,-0.3333333333333333,0.33333333333333337,1.0,0.5454545454545454,6,11
5341,0.9473684210526316,0.8921052631578947,0.6111111111111112,0.8055555555555556,1.0,0.9,9,10
5342,0.8571428571428571,0.7714285714285714,0.3333333333333333,0.6666666666666666,1.0,0.75,6,8
5343,0.9523809523809523,0.8380952380952379,0.2,0.6,1.0,0.9090909090909091,10,11
5344,0.8,0.736,0.4666666666666667,0.7333333333333334,0.6666666666666666,1.0,9,6
5345,0.9411764705882353,0.8705882352941176,0.5,0.75,0.8888888888888888,1.0,9,8
5346,0.8421052631578948,0.724812030075188,0.07142857142857142,0.5357142857142857,0.7272727272727273,1.0,11,8
5347,0.625,0.53125,0.0,0.5,1.0,0.45454545454545453,5,11
5348,0.7142857142857143,0.5857142857142857,-0.2,0.4,1.0,0.5555555555555556,5,9
5349,0.8,0.704,0.2,0.6,1.0,0.6666666666666666,6,9
5350,0.923076923076923,0.8492307692307691,0.4666666666666667,0.7333333333333334,0.8571428571428571,1.0,7,6
5351,0.8181818181818181,0.784090909090909,0.7222222222222222,0.8611111111111112,0.6923076923076923,1.0,13,9
5352,0.5882352941176471,0.5529411764705883,0.6,0.8,0.4166666666666667,1.0,12,5
5353,0.923076923076923,0.8123076923076922,0.2,0.6,0.8571428571428571,1.0,7,6
5354,0.6666666666666666,0.5999999999999999,0.3333333333333333,0.6666666666666666,1.0,0.5,6,12
5355,0.9333333333333333,0.7733333333333333,-0.14285714285714285,0.4285714285714286,1.0,0.875,7,8
5356,0.8,0.72,0.3333333333333333,0.6666666666666666,1.0,0.6666666666666666,4,6
5357,0.7692307692307693,0.6307692307692307,-0.2,0.4,0.625,1.0,8,5
5358,0.8,0.6773333333333333,-0.022222222222222223,0.4888888888888889,1.0,0.6666666666666666,10,15
5359,0.888888888888889,0.8317460317460318,0.5714285714285714,0.7857142857142857,0.8,1.0,10,8
5360,0.5714285714285715,0.48571428571428577,0.0,0.5,1.0,0.4,4,10
5361,0.888888888888889,0.7555555555555555,0.0,0.5,1.0,0.8,8,10
5362,1.0,0.9028571428571428,0.3523809523809524,0.6761904761904762,1.0,1.0,15,15
5363,0.9411764705882353,0.910924369747899,0.7857142857142857,0.8928571428571428,1.0,0.8888888888888888,8,9
5364,0.4,0.36,0.3333333333333333,0.6666666666666666,0.25,1.0,12,3
5365,0.8387096774193548,0.7225806451612902,0.07692307692307693,0.5384615384615384,0.7222222222222222,1.0,18,13
5366,0.888888888888889,0.8222222222222222,0.5,0.75,1.0,0.8,8,10
5367,0.4166666666666667,0.3541666666666667,0.0,0.5,0.2631578947368421,1.0,19,5
5368,0.8571428571428571,0.7928571428571427,0.5,0.75,1.0,0.75,9,12
5369,0.9333333333333333,0.84,0.3333333333333333,0.6666666666666666,1.0,0.875,7,8
5370,0.8235294117647058,0.7529411764705882,0.42857142857142855,0.7142857142857143,1.0,0.7,7,10
5371,0.8,0.672,-0.06666666666666667,0.4666666666666667,1.0,0.6666666666666666,6,9
5372,0.8750000000000001,0.8250000000000001,0.6190476190476191,0.8095238095238095,1.0,0.7777777777777778,7,9
5373,0.5454545454545454,0.46909090909090906,0.06666666666666667,0.5333333333333333,1.0,0.375,6,16
5374,0.6666666666666666,0.5999999999999999,0.3333333333333333,0.6666666666666666,1.0,0.5,3,6
5376,0.896551724137931,0.7586206896551723,-0.02564102564102564,0.48717948717948717,1.0,0.8125,13,16
5377,0.2095238095238095,0.19809523809523805,0.6363636363636364,0.8181818181818181,0.11702127659574468,1.0,94,11
5378,0.846153846153846,0.7123076923076922,-0.05454545454545454,0.4727272727272727,0.7333333333333333,1.0,15,11
5379,0.8,0.6971428571428571,0.14285714285714285,0.5714285714285714,1.0,0.6666666666666666,8,12
5380,0.7692307692307693,0.6076923076923076,-0.4,0.3,1.0,0.625,5,8
5381,0.8421052631578948,0.7699248120300752,0.42857142857142855,0.7142857142857143,1.0,0.7272727272727273,8,11
5382,0.8571428571428571,0.7542857142857141,0.2,0.6,1.0,0.75,6,8
5383,0.5882352941176471,0.5882352941176471,1.0,1.0,1.0,0.4166666666666667,5,12
5384,0.9,0.8099999999999999,0.3333333333333333,0.6666666666666666,0.8181818181818182,1.0,11,9
5385,0.6666666666666666,0.5866666666666666,0.2,0.6,0.5,1.0,20,10
5386,1.0,0.86,0.06666666666666667,0.5333333333333333,1.0,1.0,6,6
5387,0.8571428571428571,0.7224489795918366,-0.047619047619047616,0.47619047619047616,0.75,1.0,20,15
5388,0.8148148148148148,0.757037037037037,0.5272727272727272,0.7636363636363637,0.6875,1.0,16,11
5389,0.9333333333333333,0.9199999999999999,0.9047619047619048,0.9523809523809523,1.0,0.875,7,8
5390,0.631578947368421,0.5684210526315788,0.3333333333333333,0.6666666666666666,1.0,0.46153846153846156,6,13
5391,1.0,0.85,0.0,0.5,1.0,1.0,9,9
5392,0.6153846153846153,0.5538461538461538,0.3333333333333333,0.6666666666666666,1.0,0.4444444444444444,4,9
5393,0.7368421052631579,0.6421052631578946,0.14285714285714285,0.5714285714285714,1.0,0.5833333333333334,7,12
5394,0.7692307692307693,0.7230769230769231,0.6,0.8,1.0,0.625,5,8
5395,0.8571428571428571,0.7469387755102039,0.14285714285714285,0.5714285714285714,0.75,1.0,20,15
5396,0.25,0.25,1.0,1.0,0.14285714285714285,1.0,7,1
5397,0.7272727272727273,0.7272727272727273,1.0,1.0,1.0,0.5714285714285714,4,7
5398,0.888888888888889,0.787878787878788,0.24242424242424243,0.6212121212121212,0.8,1.0,15,12
5399,0.923076923076923,0.8307692307692306,0.3333333333333333,0.6666666666666666,1.0,0.8571428571428571,12,14
5400,0.8235294117647058,0.7647058823529411,0.5238095238095238,0.7619047619047619,0.7,1.0,10,7
5401,1.0,0.8428571428571427,-0.047619047619047616,0.47619047619047616,1.0,1.0,7,7
5402,0.6666666666666666,0.5666666666666667,0.0,0.5,1.0,0.5,4,8
5403,1.0,0.9428571428571428,0.6190476190476191,0.8095238095238095,1.0,1.0,7,7
5404,0.9473684210526316,0.8289473684210527,0.16666666666666666,0.5833333333333334,1.0,0.9,9,10
5405,0.7692307692307693,0.7230769230769231,0.6,0.8,1.0,0.625,5,8
5406,0.7142857142857143,0.6285714285714286,0.2,0.6,1.0,0.5555555555555556,5,9
5407,0.8235294117647058,0.7294117647058823,0.23809523809523808,0.6190476190476191,1.0,0.7,7,10
5408,0.6666666666666666,0.5666666666666667,0.0,0.5,1.0,0.5,4,8
5409,0.6666666666666666,0.5333333333333332,-0.3333333333333333,0.33333333333333337,1.0,0.5,6,12
5410,0.7368421052631579,0.6421052631578946,0.14285714285714285,0.5714285714285714,1.0,0.5833333333333334,7,12
5411,1.0,0.9249999999999999,0.5,0.75,1.0,1.0,9,9
5412,0.7142857142857143,0.5642857142857143,-0.4,0.3,1.0,0.5555555555555556,5,9
5413,0.6666666666666666,0.5866666666666666,0.2,0.6,1.0,0.5,5,10
5414,0.6060606060606061,0.5171717171717172,0.022222222222222223,0.5111111111111111,0.43478260869565216,1.0,23,10
5415,0.761904761904762,0.672108843537415,0.21428571428571427,0.6071428571428571,1.0,0.6153846153846154,8,13
5416,0.7000000000000001,0.64,0.42857142857142855,0.7142857142857143,1.0,0.5384615384615384,7,13
5417,0.47619047619047616,0.4476190476190476,0.6,0.8,1.0,0.3125,5,16
5418,0.9473684210526316,0.8368421052631579,0.2222222222222222,0.6111111111111112,1.0,0.9,9,10
5419,0.782608695652174,0.6782608695652174,0.1111111111111111,0.5555555555555556,1.0,0.6428571428571429,9,14
5420,1.0,0.8571428571428571,0.047619047619047616,0.5238095238095238,1.0,1.0,7,7
5421,0.8571428571428571,0.7885714285714285,0.4666666666666667,0.7333333333333334,0.75,1.0,8,6
5422,0.5882352941176471,0.5176470588235293,0.2,0.6,1.0,0.4166666666666667,5,12
5423,0.8,0.672,-0.06666666666666667,0.4666666666666667,1.0,0.6666666666666666,6,9
5424,0.5882352941176471,0.4823529411764706,-0.2,0.4,1.0,0.4166666666666667,5,12
5425,0.923076923076923,0.8492307692307691,0.4666666666666667,0.7333333333333334,1.0,0.8571428571428571,6,7
5426,0.9,0.7575,-0.05555555555555555,0.4722222222222222,1.0,0.8181818181818182,9,11
5427,0.9523809523809523,0.819047619047619,0.06666666666666667,0.5333333333333333,0.9090909090909091,1.0,11,10
5428,0.923076923076923,0.8307692307692306,0.3333333333333333,0.6666666666666666,1.0,0.8571428571428571,6,7
5429,0.8148148148148148,0.6770370370370369,-0.12727272727272726,0.4363636363636364,0.6875,1.0,16,11
5430,0.8750000000000001,0.7875,0.3333333333333333,0.6666666666666666,1.0,0.7777777777777778,7,9
5431,0.7777777777777778,0.6333333333333333,-0.23809523809523808,0.38095238095238093,1.0,0.6363636363636364,7,11
5432,0.2857142857142857,0.2857142857142857,1.0,1.0,0.16666666666666666,1.0,6,1
5433,0.8571428571428571,0.748051948051948,0.15151515151515152,0.5757575757575758,0.75,1.0,16,12
5434,0.9473684210526316,0.8289473684210527,0.16666666666666666,0.5833333333333334,1.0,0.9,9,10
5435,0.8,0.7314285714285714,0.42857142857142855,0.7142857142857143,1.0,0.6666666666666666,8,12
5436,0.8750000000000001,0.8375,0.7142857142857143,0.8571428571428572,1.0,0.7777777777777778,7,9
5437,0.9090909090909091,0.7757575757575756,0.022222222222222223,0.5111111111111111,1.0,0.8333333333333334,10,12
5438,0.47058823529411764,0.44705882352941173,0.6666666666666666,0.8333333333333333,1.0,0.3076923076923077,4,13
5439,1.0,0.9166666666666666,0.4444444444444444,0.7222222222222222,1.0,1.0,9,9
5440,0.5714285714285715,0.4685714285714286,-0.2,0.4,1.0,0.4,6,15
5441,0.8,0.7228571428571429,0.35714285714285715,0.6785714285714286,1.0,0.6666666666666666,8,12
5442,0.7058823529411764,0.6917647058823528,0.8666666666666667,0.9333333333333333,1.0,0.5454545454545454,6,11
5443,0.8,0.656,-0.2,0.4,1.0,0.6666666666666666,6,9
5444,0.8750000000000001,0.7913461538461538,0.3626373626373626,0.6813186813186813,0.7777777777777778,1.0,18,14
5445,0.923076923076923,0.8223776223776222,0.2727272727272727,0.6363636363636364,0.8571428571428571,1.0,14,12
5446,0.6666666666666666,0.5999999999999999,0.3333333333333333,0.6666666666666666,1.0,0.5,4,8
5447,0.5882352941176471,0.4823529411764706,-0.2,0.4,1.0,0.4166666666666667,5,12
5448,0.888888888888889,0.746031746031746,-0.07142857142857142,0.4642857142857143,1.0,0.8,8,10
5449,0.9565217391304348,0.826086956521739,0.09090909090909091,0.5454545454545454,0.9166666666666666,1.0,12,11
5450,0.761904761904762,0.6965986394557824,0.42857142857142855,0.7142857142857143,1.0,0.6153846153846154,8,13
5451,0.888888888888889,0.7936507936507936,0.2857142857142857,0.6428571428571428,0.8,1.0,10,8
5452,0.923076923076923,0.8517482517482516,0.48484848484848486,0.7424242424242424,0.8571428571428571,1.0,14,12
5453,0.9473684210526316,0.8842105263157896,0.5555555555555556,0.7777777777777778,0.9,1.0,10,9
5454,0.888888888888889,0.746031746031746,-0.07142857142857142,0.4642857142857143,1.0,0.8,8,10
5455,0.6956521739130436,0.6285714285714286,0.35714285714285715,0.6785714285714286,1.0,0.5333333333333333,8,15
5456,0.7272727272727273,0.6909090909090909,0.6666666666666666,0.8333333333333333,1.0,0.5714285714285714,4,7
5457,1.0,0.9099999999999999,0.4,0.7,1.0,1.0,5,5
5458,0.8750000000000001,0.775,0.23809523809523808,0.6190476190476191,1.0,0.7777777777777778,7,9
5459,0.5,0.425,0.0,0.5,1.0,0.3333333333333333,5,15
5460,0.7000000000000001,0.64,0.42857142857142855,0.7142857142857143,1.0,0.5384615384615384,7,13
5461,0.846153846153846,0.7676923076923076,0.38181818181818183,0.6909090909090909,0.7333333333333333,1.0,15,11
5462,1.0,0.94,0.6,0.8,1.0,1.0,6,6
5463,0.7142857142857143,0.6499999999999999,0.4,0.7,1.0,0.5555555555555556,5,9
5464,0.8571428571428571,0.7428571428571428,0.1111111111111111,0.5555555555555556,0.75,1.0,12,9
5465,1.0,0.9285714285714285,0.5238095238095238,0.7619047619047619,1.0,1.0,7,7
5466,0.9090909090909091,0.8545454545454545,0.6,0.8,1.0,0.8333333333333334,5,6
5467,0.8387096774193548,0.7225806451612902,0.07692307692307693,0.5384615384615384,0.7222222222222222,1.0,18,13
5468,0.9333333333333333,0.88,0.6190476190476191,0.8095238095238095,1.0,0.875,7,8
5469,0.9090909090909091,0.8181818181818181,0.3333333333333333,0.6666666666666666,1.0,0.8333333333333334,10,12
5470,0.9600000000000001,0.8596363636363636,0.30303030303030304,0.6515151515151515,0.9230769230769231,1.0,13,12
5471,0.7692307692307693,0.6769230769230768,0.2,0.6,1.0,0.625,5,8
5472,0.923076923076923,0.8676923076923075,0.6,0.8,1.0,0.8571428571428571,6,7
5473,0.923076923076923,0.7199999999999999,-0.4666666666666667,0.26666666666666666,1.0,0.8571428571428571,6,7
5474,0.7000000000000001,0.62,0.23809523809523808,0.6190476190476191,1.0,0.5384615384615384,7,13
5475,1.0,0.8733333333333333,0.15555555555555556,0.5777777777777777,1.0,1.0,10,10
5476,0.7499999999999999,0.6899999999999998,0.4666666666666667,0.7333333333333334,1.0,0.6,6,10
5477,0.7499999999999999,0.6687499999999998,0.2777777777777778,0.6388888888888888,1.0,0.6,9,15
5478,0.8,0.74,0.5,0.75,0.6666666666666666,1.0,12,8
5479,0.7499999999999999,0.6687499999999998,0.2777777777777778,0.6388888888888888,1.0,0.6,9,15
5480,0.8333333333333333,0.711111111111111,0.022222222222222223,0.5111111111111111,0.7142857142857143,1.0,14,10
5481,0.7368421052631579,0.6842105263157894,0.5238095238095238,0.7619047619047619,1.0,0.5833333333333334,7,12
5482,0.631578947368421,0.5305263157894736,-0.06666666666666667,0.4666666666666667,1.0,0.46153846153846156,6,13
5483,0.7272727272727273,0.6909090909090909,0.6666666666666666,0.8333333333333333,0.5714285714285714,1.0,7,4
5484,0.8,0.784,0.8666666666666667,0.9333333333333333,1.0,0.6666666666666666,6,9
5485,0.7272727272727273,0.509090909090909,-1.0,0.0,1.0,0.5714285714285714,4,7
5486,0.8571428571428571,0.7428571428571428,0.1111111111111111,0.5555555555555556,1.0,0.75,9,12
5487,0.8333333333333333,0.8083333333333332,0.8,0.9,1.0,0.7142857142857143,5,7
5488,0.9333333333333333,0.7333333333333333,-0.42857142857142855,0.2857142857142857,0.875,1.0,8,7
5489,1.0,0.9035714285714285,0.35714285714285715,0.6785714285714286,1.0,1.0,8,8
5490,0.5,0.43999999999999995,0.2,0.6,1.0,0.3333333333333333,5,15
5491,0.7058823529411764,0.6352941176470587,0.3333333333333333,0.6666666666666666,1.0,0.5454545454545454,6,11
5492,0.8,0.6542857142857144,-0.21428571428571427,0.39285714285714285,1.0,0.6666666666666666,8,12
5493,0.5625,0.47812499999999997,0.0,0.5,0.391304347826087,1.0,23,9
5494,0.625,0.5499999999999999,0.2,0.6,1.0,0.45454545454545453,5,11
5495,0.7272727272727273,0.5818181818181818,-0.3333333333333333,0.33333333333333337,1.0,0.5714285714285714,4,7
5496,0.6666666666666666,0.638095238095238,0.7142857142857143,0.8571428571428572,0.5,1.0,14,7
5497,0.5714285714285715,0.5142857142857143,0.3333333333333333,0.6666666666666666,1.0,0.4,4,10
5498,0.8235294117647058,0.7294117647058823,0.23809523809523808,0.6190476190476191,1.0,0.7,7,10
5499,0.9523809523809523,0.8825396825396825,0.5111111111111111,0.7555555555555555,0.9090909090909091,1.0,11,10
5500,0.9473684210526316,0.8247678018575851,0.13725490196078433,0.5686274509803921,0.9,1.0,20,18
5501,0.8421052631578948,0.706766917293233,-0.07142857142857142,0.4642857142857143,1.0,0.7272727272727273,8,11
5502,0.8421052631578948,0.7428571428571429,0.21428571428571427,0.6071428571428571,1.0,0.7272727272727273,8,11
5503,0.6666666666666666,0.5333333333333332,-0.3333333333333333,0.33333333333333337,1.0,0.5,7,14
5504,1.0,0.8909090909090909,0.2727272727272727,0.6363636363636364,1.0,1.0,11,11
5505,1.0,0.8345588235294117,-0.10294117647058823,0.4485294117647059,1.0,1.0,17,17
5506,0.923076923076923,0.7753846153846153,-0.06666666666666667,0.4666666666666667,0.8571428571428571,1.0,7,6
5507,0.8695652173913044,0.8173913043478261,0.6,0.8,1.0,0.7692307692307693,10,13
5508,0.5,0.475,0.6666666666666666,0.8333333333333333,1.0,0.3333333333333333,4,12
5509,0.9473684210526316,0.868421052631579,0.4444444444444444,0.7222222222222222,0.9,1.0,10,9
5510,0.8695652173913044,0.7478260869565218,0.06666666666666667,0.5333333333333333,1.0,0.7692307692307693,10,13
5511,0.8,0.6885714285714286,0.07142857142857142,0.5357142857142857,1.0,0.6666666666666666,8,12
5512,0.7058823529411764,0.6917647058823528,0.8666666666666667,0.9333333333333333,1.0,0.5454545454545454,6,11
5513,0.625,0.5499999999999999,0.2,0.6,1.0,0.45454545454545453,5,11
5514,0.923076923076923,0.7569230769230768,-0.2,0.4,0.8571428571428571,1.0,7,6
5515,0.33333333333333337,0.33333333333333337,1.0,1.0,0.2,1.0,5,1
5516,0.7586206896551725,0.6799999999999999,0.3090909090909091,0.6545454545454545,0.6111111111111112,1.0,18,11
5517,0.8333333333333333,0.6333333333333333,-0.6,0.2,1.0,0.7142857142857143,5,7
5518,0.18181818181818182,0.18181818181818182,1.0,1.0,0.1,1.0,10,1
5519,0.9333333333333333,0.7466666666666666,-0.3333333333333333,0.33333333333333337,0.875,1.0,8,7
5520,0.923076923076923,0.8492307692307691,0.4666666666666667,0.7333333333333334,1.0,0.8571428571428571,6,7
5521,0.2857142857142857,0.2857142857142857,1.0,1.0,0.16666666666666666,1.0,6,1
5522,0.6399999999999999,0.5782857142857142,0.35714285714285715,0.6785714285714286,0.47058823529411764,1.0,17,8
5523,0.923076923076923,0.8307692307692306,0.3333333333333333,0.6666666666666666,1.0,0.8571428571428571,6,7
5524,0.7499999999999999,0.5999999999999999,-0.3333333333333333,0.33333333333333337,1.0,0.6,6,10
5525,0.9473684210526316,0.8526315789473684,0.3333333333333333,0.6666666666666666,1.0,0.9,9,10
5526,0.8571428571428571,0.84,0.8666666666666667,0.9333333333333333,0.75,1.0,8,6
5527,0.6956521739130436,0.5838509316770186,-0.07142857142857142,0.4642857142857143,1.0,0.5333333333333333,8,15
5528,1.0,0.8928571428571428,0.2857142857142857,0.6428571428571428,1.0,1.0,8,8
5529,0.923076923076923,0.7384615384615384,-0.3333333333333333,0.33333333333333337,0.8571428571428571,1.0,7,6
5530,0.8235294117647058,0.7176470588235293,0.14285714285714285,0.5714285714285714,1.0,0.7,7,10
5531,0.9411764705882353,0.8504201680672268,0.35714285714285715,0.6785714285714286,1.0,0.8888888888888888,8,9
5532,0.8,0.7657142857142857,0.7142857142857143,0.8571428571428572,1.0,0.6666666666666666,8,12
5533,0.9032258064516129,0.7543424317617865,-0.0989010989010989,0.45054945054945056,0.8235294117647058,1.0,17,14
5534,0.6666666666666666,0.6066666666666666,0.4,0.7,1.0,0.5,5,10
5535,1.0,0.9199999999999999,0.4666666666666667,0.7333333333333334,1.0,1.0,6,6
5536,0.9333333333333333,0.7866666666666666,-0.047619047619047616,0.47619047619047616,0.875,1.0,8,7
5537,0.6666666666666666,0.5999999999999999,0.3333333333333333,0.6666666666666666,0.5,1.0,12,6
5538,0.9090909090909091,0.7575757575757575,-0.1111111111111111,0.4444444444444444,1.0,0.8333333333333334,10,12
5539,0.761904761904762,0.6068027210884354,-0.35714285714285715,0.3214285714285714,1.0,0.6153846153846154,8,13
5540,0.8750000000000001,0.7125000000000001,-0.23809523809523808,0.38095238095238093,0.7777777777777778,1.0,9,7
5541,0.9333333333333333,0.8266666666666667,0.23809523809523808,0.6190476190476191,1.0,0.875,7,8
5542,1.0,0.7857142857142857,-0.42857142857142855,0.2857142857142857,1.0,1.0,7,7
5543,0.6,0.5519999999999999,0.4666666666666667,0.7333333333333334,0.42857142857142855,1.0,14,6
5544,1.0,0.86,0.06666666666666667,0.5333333333333333,1.0,1.0,6,6
5545,0.7000000000000001,0.6,0.047619047619047616,0.5238095238095238,1.0,0.5384615384615384,7,13
5546,0.8,0.704,0.2,0.6,1.0,0.6666666666666666,6,9
5547,0.5882352941176471,0.5529411764705883,0.6,0.8,1.0,0.4166666666666667,5,12
5548,0.9411764705882353,0.8705882352941176,0.5,0.75,0.8888888888888888,1.0,9,8
5549,0.5555555555555556,0.4888888888888889,0.2,0.6,1.0,0.38461538461538464,5,13
5550,0.8571428571428571,0.7928571428571427,0.5,0.75,1.0,0.75,9,12
5551,0.9090909090909091,0.8242424242424242,0.37777777777777777,0.6888888888888889,0.8333333333333334,1.0,12,10
5552,0.8421052631578948,0.7338345864661654,0.14285714285714285,0.5714285714285714,1.0,0.7272727272727273,8,11
5553,0.7777777777777778,0.6222222222222222,-0.3333333333333333,0.33333333333333337,1.0,0.6363636363636364,7,11
5554,1.0,0.95,0.6666666666666666,0.8333333333333333,1.0,1.0,9,9
5555,0.7272727272727273,0.6103896103896104,-0.07142857142857142,0.4642857142857143,0.5714285714285714,1.0,14,8
5556,1.0,0.9666666666666666,0.7777777777777778,0.8888888888888888,1.0,1.0,10,10
5557,0.7499999999999999,0.6599999999999998,0.2,0.6,1.0,0.6,6,10
5558,0.8750000000000001,0.7375,-0.047619047619047616,0.47619047619047616,1.0,0.7777777777777778,7,9
5559,0.8695652173913044,0.782608695652174,0.3333333333333333,0.6666666666666666,1.0,0.7692307692307693,10,13
5560,0.5,0.425,0.0,0.5,1.0,0.3333333333333333,4,12
5561,0.47058823529411764,0.39999999999999997,0.0,0.5,1.0,0.3076923076923077,4,13
5562,0.761904761904762,0.6965986394557824,0.42857142857142855,0.7142857142857143,1.0,0.6153846153846154,8,13
5563,0.9090909090909091,0.7999999999999998,0.2,0.6,0.8333333333333334,1.0,6,5
5564,0.8,0.7314285714285714,0.42857142857142855,0.7142857142857143,1.0,0.6666666666666666,8,12
5565,0.6956521739130436,0.6434782608695653,0.5,0.75,1.0,0.5333333333333333,8,15
5566,0.6363636363636364,0.5454545454545454,0.047619047619047616,0.5238095238095238,1.0,0.4666666666666667,7,15
5567,0.625,0.49583333333333335,-0.37777777777777777,0.3111111111111111,0.45454545454545453,1.0,22,10
5568,0.9473684210526316,0.8526315789473684,0.3333333333333333,0.6666666666666666,0.9,1.0,10,9
5569,1.0,0.86,0.06666666666666667,0.5333333333333333,1.0,1.0,6,6
5570,1.0,0.96,0.7333333333333333,0.8666666666666667,1.0,1.0,6,6
5571,0.7499999999999999,0.6562499999999999,0.16666666666666666,0.5833333333333334,0.6,1.0,15,9
5572,0.8,0.7253333333333334,0.37777777777777777,0.6888888888888889,0.6666666666666666,1.0,15,10
5573,0.8,0.7657142857142857,0.7142857142857143,0.8571428571428572,0.6666666666666666,1.0,12,8
5574,0.9333333333333333,0.8533333333333333,0.42857142857142855,0.7142857142857143,0.875,1.0,8,7
5575,0.923076923076923,0.7938461538461538,0.06666666666666667,0.5333333333333333,0.8571428571428571,1.0,7,6
5577,0.7499999999999999,0.6687499999999998,0.2777777777777778,0.6388888888888888,1.0,0.6,9,15
5578,0.7692307692307693,0.7692307692307693,1.0,1.0,0.625,1.0,8,5
5579,0.5882352941176471,0.5529411764705883,0.6,0.8,1.0,0.4166666666666667,5,12
5580,0.9333333333333333,0.7866666666666666,-0.047619047619047616,0.47619047619047616,1.0,0.875,7,8
5581,0.9600000000000001,0.8421818181818181,0.18181818181818182,0.5909090909090909,0.9230769230769231,1.0,13,12
5582,0.9411764705882353,0.8907563025210083,0.6428571428571429,0.8214285714285714,1.0,0.8888888888888888,8,9
5583,0.7368421052631579,0.6,-0.23809523809523808,0.38095238095238093,1.0,0.5833333333333334,7,12
5584,0.5263157894736842,0.4157894736842105,-0.4,0.3,1.0,0.35714285714285715,5,14
5585,0.7142857142857143,0.557142857142857,-0.4666666666666667,0.26666666666666666,0.5555555555555556,1.0,18,10
5586,0.8,0.704,0.2,0.6,1.0,0.6666666666666666,6,9
5587,1.0,0.94,0.6,0.8,1.0,1.0,5,5
5588,0.8,0.72,0.3333333333333333,0.6666666666666666,0.6666666666666666,1.0,9,6
5589,0.8421052631578948,0.6887218045112782,-0.21428571428571427,0.39285714285714285,1.0,0.7272727272727273,8,11
5590,0.9090909090909091,0.8303030303030303,0.4222222222222222,0.7111111111111111,1.0,0.8333333333333334,10,12
5591,0.8750000000000001,0.7250000000000001,-0.14285714285714285,0.4285714285714286,1.0,0.7777777777777778,7,9
5592,0.625,0.53125,0.0,0.5,1.0,0.45454545454545453,5,11
5593,0.6666666666666666,0.6066666666666666,0.4,0.7,1.0,0.5,5,10
5594,0.8148148148148148,0.7081481481481481,0.12727272727272726,0.5636363636363636,0.6875,1.0,16,11
5595,0.6,0.49199999999999994,-0.2,0.4,1.0,0.42857142857142855,6,14
5596,0.5333333333333333,0.4533333333333333,0.0,0.5,1.0,0.36363636363636365,4,11
5597,0.8750000000000001,0.75,0.047619047619047616,0.5238095238095238,0.7777777777777778,1.0,9,7
5598,0.9333333333333333,0.7856410256410256,-0.054945054945054944,0.4725274725274725,0.875,1.0,16,14
5599,0.8,0.784,0.8666666666666667,0.9333333333333333,1.0,0.6666666666666666,6,9
5600,0.888888888888889,0.8222222222222222,0.5,0.75,1.0,0.8,8,10
5601,0.8235294117647058,0.6588235294117646,-0.3333333333333333,0.33333333333333337,1.0,0.7,7,10
5602,1.0,0.9464285714285714,0.6428571428571429,0.8214285714285714,1.0,1.0,8,8
5603,0.9473684210526316,0.8289473684210527,0.16666666666666666,0.5833333333333334,0.9,1.0,10,9
5604,0.7058823529411764,0.5647058823529411,-0.3333333333333333,0.33333333333333337,1.0,0.5454545454545454,6,11
5605,0.7272727272727273,0.5948051948051948,-0.21428571428571427,0.39285714285714285,0.5714285714285714,1.0,14,8
5606,0.923076923076923,0.7569230769230768,-0.2,0.4,1.0,0.8571428571428571,6,7
5607,0.42857142857142855,0.42857142857142855,1.0,1.0,1.0,0.2727272727272727,3,11
5608,0.888888888888889,0.8412698412698413,0.6428571428571429,0.8214285714285714,1.0,0.8,8,10
5609,0.8,0.7054545454545456,0.21212121212121213,0.6060606060606061,0.6666666666666666,1.0,18,12
5610,0.9600000000000001,0.8378181818181818,0.15151515151515152,0.5757575757575758,0.9230769230769231,1.0,13,12
5611,1.0,0.94,0.6,0.8,1.0,1.0,5,5
5612,0.9333333333333333,0.7733333333333333,-0.14285714285714285,0.4285714285714286,1.0,0.875,7,8
5613,0.6923076923076924,0.6288461538461538,0.3888888888888889,0.6944444444444444,0.5294117647058824,1.0,17,9
5614,0.6666666666666666,0.6133333333333333,0.4666666666666667,0.7333333333333334,1.0,0.5,6,12
5615,0.8333333333333333,0.7083333333333333,0.0,0.5,1.0,0.7142857142857143,5,7
5616,0.7368421052631579,0.5789473684210525,-0.42857142857142855,0.2857142857142857,1.0,0.5833333333333334,7,12
5617,0.923076923076923,0.7199999999999999,-0.4666666666666667,0.26666666666666666,0.8571428571428571,1.0,7,6
5618,0.9333333333333333,0.7866666666666666,-0.047619047619047616,0.47619047619047616,1.0,0.875,7,8
5619,0.8421052631578948,0.8150375939849623,0.7857142857142857,0.8928571428571428,1.0,0.7272727272727273,8,11
5620,0.6666666666666666,0.6466666666666666,0.8,0.9,1.0,0.5,5,10
5621,0.6666666666666666,0.5333333333333332,-0.3333333333333333,0.33333333333333337,1.0,0.5,7,14
5622,0.25,0.25,1.0,1.0,0.14285714285714285,1.0,7,1
5623,0.7272727272727273,0.6025974025974026,-0.14285714285714285,0.4285714285714286,1.0,0.5714285714285714,8,14
5624,1.0,0.9714285714285713,0.8095238095238095,0.9047619047619048,1.0,1.0,7,7
5625,0.6956521739130436,0.6360248447204969,0.42857142857142855,0.7142857142857143,1.0,0.5333333333333333,8,15
5626,0.7000000000000001,0.5700000000000001,-0.23809523809523808,0.38095238095238093,1.0,0.5384615384615384,7,13
5627,1.0,0.9285714285714285,0.5238095238095238,0.7619047619047619,1.0,1.0,7,7
5628,0.923076923076923,0.7753846153846153,-0.06666666666666667,0.4666666666666667,0.8571428571428571,1.0,7,6
5629,0.9090909090909091,0.8272727272727272,0.4,0.7,0.8333333333333334,1.0,6,5
5630,0.5555555555555556,0.4888888888888889,0.2,0.6,1.0,0.38461538461538464,5,13
5631,0.8571428571428571,0.7428571428571428,0.1111111111111111,0.5555555555555556,1.0,0.75,9,12
5632,0.5882352941176471,0.5529411764705883,0.6,0.8,1.0,0.4166666666666667,5,12
5633,0.88,0.7599999999999999,0.09090909090909091,0.5454545454545454,1.0,0.7857142857142857,11,14
5634,0.9473684210526316,0.8368421052631579,0.2222222222222222,0.6111111111111112,0.9,1.0,10,9
5635,0.9411764705882353,0.7899159663865545,-0.07142857142857142,0.4642857142857143,0.8888888888888888,1.0,9,8
5636,0.7692307692307693,0.6769230769230768,0.2,0.6,1.0,0.625,5,8
5637,0.9333333333333333,0.8266666666666667,0.23809523809523808,0.6190476190476191,1.0,0.875,7,8
5638,0.7272727272727273,0.6181818181818182,0.0,0.5,1.0,0.5714285714285714,4,7
5639,0.6666666666666666,0.6088888888888888,0.4222222222222222,0.7111111111111111,0.5,1.0,20,10
5640,0.7692307692307693,0.7461538461538462,0.8,0.9,1.0,0.625,5,8
5641,0.7499999999999999,0.7349999999999999,0.8666666666666667,0.9333333333333333,1.0,0.6,6,10
5642,0.9333333333333333,0.84,0.3333333333333333,0.6666666666666666,1.0,0.875,7,8
5644,0.9090909090909091,0.7212121212121212,-0.37777777777777777,0.3111111111111111,1.0,0.8333333333333334,10,12
5645,0.8695652173913044,0.7594202898550725,0.15555555555555556,0.5777777777777777,1.0,0.7692307692307693,10,13
5646,0.7058823529411764,0.6211764705882351,0.2,0.6,1.0,0.5454545454545454,6,11
5647,0.6956521739130436,0.6062111801242236,0.14285714285714285,0.5714285714285714,1.0,0.5333333333333333,8,15
5648,0.923076923076923,0.7753846153846153,-0.06666666666666667,0.4666666666666667,0.8571428571428571,1.0,7,6
5649,1.0,0.86,0.06666666666666667,0.5333333333333333,1.0,1.0,6,6
5650,0.8571428571428571,0.7542857142857141,0.2,0.6,1.0,0.75,6,8
5651,0.8421052631578948,0.7879699248120301,0.5714285714285714,0.7857142857142857,1.0,0.7272727272727273,8,11
5652,0.8,0.656,-0.2,0.4,1.0,0.6666666666666666,6,9
5653,0.5,0.425,0.0,0.5,1.0,0.3333333333333333,4,12
5654,0.47058823529411764,0.39999999999999997,0.0,0.5,1.0,0.3076923076923077,4,13
5655,0.8695652173913044,0.7478260869565218,0.06666666666666667,0.5333333333333333,1.0,0.7692307692307693,10,13
5656,0.8,0.736,0.4666666666666667,0.7333333333333334,1.0,0.6666666666666666,10,15
5657,0.8333333333333333,0.6583333333333332,-0.4,0.3,0.7142857142857143,1.0,7,5
5658,0.56,0.552,0.9047619047619048,0.9523809523809523,0.3888888888888889,1.0,18,7
5659,0.8421052631578948,0.7969924812030076,0.6428571428571429,0.8214285714285714,0.7272727272727273,1.0,11,8
5660,0.761904761904762,0.6802721088435374,0.2857142857142857,0.6428571428571428,1.0,0.6153846153846154,8,13
5661,0.2857142857142857,0.2857142857142857,1.0,1.0,0.16666666666666666,1.0,6,1
5662,0.8421052631578948,0.7157894736842105,0.0,0.5,1.0,0.7272727272727273,8,11
5663,0.8,0.6971428571428571,0.14285714285714285,0.5714285714285714,1.0,0.6666666666666666,8,12
5664,0.782608695652174,0.6521739130434783,-0.1111111111111111,0.4444444444444444,0.6428571428571429,1.0,14,9
5665,0.5555555555555556,0.5222222222222223,0.6,0.8,1.0,0.38461538461538464,5,13
5666,0.7777777777777778,0.6666666666666666,0.047619047619047616,0.5238095238095238,1.0,0.6363636363636364,7,11
5667,0.8571428571428571,0.7371428571428571,0.06666666666666667,0.5333333333333333,0.75,1.0,8,6
5668,0.6666666666666666,0.5733333333333333,0.06666666666666667,0.5333333333333333,1.0,0.5,6,12
5669,0.9411764705882353,0.7798319327731091,-0.14285714285714285,0.4285714285714286,0.8888888888888888,1.0,9,8
5670,0.7142857142857143,0.6333333333333333,0.24444444444444444,0.6222222222222222,0.5555555555555556,1.0,18,10
5671,0.6363636363636364,0.5818181818181818,0.42857142857142855,0.7142857142857143,1.0,0.4666666666666667,7,15
5672,0.7692307692307693,0.6615384615384615,0.06666666666666667,0.5333333333333333,0.625,1.0,16,10
5673,0.9090909090909091,0.7636363636363636,-0.06666666666666667,0.4666666666666667,1.0,0.8333333333333334,10,12
5674,0.7142857142857143,0.6928571428571428,0.8,0.9,1.0,0.5555555555555556,5,9
5675,0.888888888888889,0.7272727272727273,-0.21212121212121213,0.3939393939393939,1.0,0.8,12,15
5676,0.888888888888889,0.7365079365079366,-0.14285714285714285,0.4285714285714286,0.8,1.0,10,8
5677,0.9333333333333333,0.88,0.6190476190476191,0.8095238095238095,1.0,0.875,7,8
5678,0.8333333333333333,0.7499999999999999,0.3333333333333333,0.6666666666666666,1.0,0.7142857142857143,10,14
5679,0.5555555555555556,0.4888888888888889,0.2,0.6,1.0,0.38461538461538464,5,13
5680,0.7368421052631579,0.6842105263157894,0.5238095238095238,0.7619047619047619,1.0,0.5833333333333334,7,12
5681,0.7499999999999999,0.6299999999999999,-0.06666666666666667,0.4666666666666667,1.0,0.6,6,10
5683,0.9090909090909091,0.6909090909090909,-0.6,0.2,1.0,0.8333333333333334,5,6
5684,0.8750000000000001,0.8,0.42857142857142855,0.7142857142857143,0.7777777777777778,1.0,9,7
5685,0.9523809523809523,0.7873015873015873,-0.15555555555555556,0.4222222222222222,0.9090909090909091,1.0,11,10
5686,0.8333333333333333,0.6333333333333333,-0.6,0.2,1.0,0.7142857142857143,5,7
5687,0.5806451612903226,0.5177419354838709,0.2777777777777778,0.6388888888888888,0.4090909090909091,1.0,22,9
5688,0.6666666666666666,0.6266666666666666,0.6,0.8,1.0,0.5,6,12
5689,0.6363636363636364,0.6,0.6190476190476191,0.8095238095238095,1.0,0.4666666666666667,7,15
5690,0.6086956521739131,0.5130434782608695,-0.047619047619047616,0.47619047619047616,1.0,0.4375,7,16
5691,0.6666666666666666,0.5952380952380951,0.2857142857142857,0.6428571428571428,1.0,0.5,8,16
5692,0.8333333333333333,0.7444444444444444,0.28888888888888886,0.6444444444444444,1.0,0.7142857142857143,10,14
5693,0.6666666666666666,0.5666666666666667,0.0,0.5,1.0,0.5,4,8
5694,0.9473684210526316,0.8526315789473684,0.3333333333333333,0.6666666666666666,0.9,1.0,10,9
5695,0.9600000000000001,0.8465454545454546,0.21212121212121213,0.6060606060606061,1.0,0.9230769230769231,12,13
5696,0.8,0.672,-0.06666666666666667,0.4666666666666667,0.6666666666666666,1.0,9,6
5697,0.33333333333333337,0.33333333333333337,1.0,1.0,0.2,1.0,5,1
5698,0.782608695652174,0.6456521739130435,-0.16666666666666666,0.4166666666666667,0.6428571428571429,1.0,14,9
5699,1.0,0.8285714285714285,-0.14285714285714285,0.4285714285714286,1.0,1.0,7,7
5700,0.8387096774193548,0.7677419354838708,0.4358974358974359,0.717948717948718,0.7222222222222222,1.0,18,13
5701,0.5714285714285715,0.4914285714285715,0.06666666666666667,0.5333333333333333,1.0,0.4,6,15
5702,1.0,0.9083333333333332,0.3888888888888889,0.6944444444444444,1.0,1.0,9,9
5703,0.2857142857142857,0.2857142857142857,1.0,1.0,0.16666666666666666,1.0,6,1
5704,0.7272727272727273,0.6337662337662338,0.14285714285714285,0.5714285714285714,0.5714285714285714,1.0,14,8
5705,0.6666666666666666,0.5199999999999999,-0.4666666666666667,0.26666666666666666,1.0,0.5,6,12
5706,0.8421052631578948,0.724812030075188,0.07142857142857142,0.5357142857142857,1.0,0.7272727272727273,8,11
5707,0.923076923076923,0.7569230769230768,-0.2,0.4,1.0,0.8571428571428571,6,7
5708,0.7777777777777778,0.7,0.3333333333333333,0.6666666666666666,1.0,0.6363636363636364,7,11
5709,0.8333333333333333,0.7083333333333333,0.0,0.5,1.0,0.7142857142857143,5,7
5710,0.8421052631578948,0.6616541353383459,-0.42857142857142855,0.2857142857142857,1.0,0.7272727272727273,8,11
5711,0.7499999999999999,0.6749999999999998,0.3333333333333333,0.6666666666666666,0.6,1.0,10,6
5712,0.9411764705882353,0.8403361344537814,0.2857142857142857,0.6428571428571428,1.0,0.8888888888888888,8,9
5713,0.8,0.7228571428571429,0.35714285714285715,0.6785714285714286,1.0,0.6666666666666666,8,12
5714,0.6666666666666666,0.5809523809523809,0.14285714285714285,0.5714285714285714,0.5,1.0,16,8
5715,1.0,0.8854545454545454,0.23636363636363636,0.6181818181818182,1.0,1.0,11,11
5716,0.9411764705882353,0.8201680672268906,0.14285714285714285,0.5714285714285714,0.8888888888888888,1.0,9,8
5717,0.631578947368421,0.5305263157894736,-0.06666666666666667,0.4666666666666667,1.0,0.46153846153846156,6,13
5718,0.782608695652174,0.6847826086956522,0.16666666666666666,0.5833333333333334,1.0,0.6428571428571429,9,14
5719,0.5263157894736842,0.46315789473684205,0.2,0.6,1.0,0.35714285714285715,5,14
5720,0.8,0.72,0.3333333333333333,0.6666666666666666,1.0,0.6666666666666666,4,6
5721,0.9523809523809523,0.7746031746031745,-0.24444444444444444,0.37777777777777777,1.0,0.9090909090909091,10,11
5722,1.0,0.76,-0.6,0.2,1.0,1.0,5,5
5723,0.9,0.7424999999999999,-0.16666666666666666,0.4166666666666667,0.8181818181818182,1.0,11,9
5724,0.6666666666666666,0.6333333333333333,0.6666666666666666,0.8333333333333333,1.0,0.5,4,8
5725,0.923076923076923,0.8123076923076922,0.2,0.6,1.0,0.8571428571428571,6,7
5726,0.88,0.8128,0.4909090909090909,0.7454545454545455,1.0,0.7857142857142857,11,14
5727,0.9,0.7799999999999999,0.1111111111111111,0.5555555555555556,1.0,0.8181818181818182,9,11
5728,0.8148148148148148,0.6948148148148148,0.01818181818181818,0.509090909090909,0.6875,1.0,16,11
5729,0.6,0.516,0.06666666666666667,0.5333333333333333,1.0,0.42857142857142855,6,14
5730,0.923076923076923,0.8349650349650349,0.36363636363636365,0.6818181818181819,0.8571428571428571,1.0,14,12
5731,0.7368421052631579,0.6210526315789473,-0.047619047619047616,0.47619047619047616,1.0,0.5833333333333334,7,12
5732,0.7368421052631579,0.6526315789473683,0.23809523809523808,0.6190476190476191,0.5833333333333334,1.0,12,7
5733,0.7058823529411764,0.5929411764705882,-0.06666666666666667,0.4666666666666667,1.0,0.5454545454545454,6,11
5734,0.7499999999999999,0.6874999999999999,0.4444444444444444,0.7222222222222222,1.0,0.6,9,15
5735,1.0,0.9043956043956043,0.3626373626373626,0.6813186813186813,1.0,1.0,14,14
5736,1.0,0.8863636363636364,0.24242424242424243,0.6212121212121212,1.0,1.0,12,12
5737,0.9411764705882353,0.9008403361344537,0.7142857142857143,0.8571428571428572,1.0,0.8888888888888888,8,9
5738,0.888888888888889,0.7841269841269841,0.21428571428571427,0.6071428571428571,1.0,0.8,8,10
5739,0.8235294117647058,0.6823529411764705,-0.14285714285714285,0.4285714285714286,1.0,0.7,7,10
5740,0.7142857142857143,0.6499999999999999,0.4,0.7,0.5555555555555556,1.0,9,5
5741,0.7499999999999999,0.7049999999999998,0.6,0.8,1.0,0.6,6,10
5742,0.7692307692307693,0.7230769230769231,0.6,0.8,1.0,0.625,5,8
5743,0.8,0.704,0.2,0.6,0.6666666666666666,1.0,9,6
5744,0.9166666666666666,0.8166666666666667,0.2727272727272727,0.6363636363636364,1.0,0.8461538461538461,11,13
5745,0.782608695652174,0.6717391304347826,0.05555555555555555,0.5277777777777778,1.0,0.6428571428571429,9,14
5746,0.8695652173913044,0.7072463768115942,-0.24444444444444444,0.37777777777777777,1.0,0.7692307692307693,10,13
5747,0.7368421052631579,0.6736842105263158,0.42857142857142855,0.7142857142857143,1.0,0.5833333333333334,7,12
5748,0.7499999999999999,0.6624999999999999,0.2222222222222222,0.6111111111111112,0.6,1.0,15,9
5749,0.9333333333333333,0.8266666666666667,0.23809523809523808,0.6190476190476191,0.875,1.0,8,7
5750,0.6666666666666666,0.619047619047619,0.5238095238095238,0.7619047619047619,1.0,0.5,7,14
5751,0.5333333333333333,0.42666666666666664,-0.3333333333333333,0.33333333333333337,1.0,0.36363636363636365,4,11
5752,0.8,0.7142857142857143,0.2857142857142857,0.6428571428571428,1.0,0.6666666666666666,8,12
5753,1.0,0.85,0.0,0.5,1.0,1.0,5,5
5754,0.8181818181818181,0.743181818181818,0.3888888888888889,0.6944444444444444,1.0,0.6923076923076923,9,13
5755,0.8571428571428571,0.84,0.8666666666666667,0.9333333333333333,1.0,0.75,6,8
5756,0.6,0.5279999999999999,0.2,0.6,1.0,0.42857142857142855,6,14
5757,1.0,0.8799999999999999,0.2,0.6,1.0,1.0,15,15
5758,0.9090909090909091,0.7999999999999998,0.2,0.6,1.0,0.8333333333333334,5,6
5759,1.0,0.9066666666666666,0.37777777777777777,0.6888888888888889,1.0,1.0,10,10
5760,0.7499999999999999,0.6749999999999998,0.3333333333333333,0.6666666666666666,1.0,0.6,6,10
5761,0.5555555555555556,0.4888888888888889,0.2,0.6,1.0,0.38461538461538464,5,13
5762,0.5714285714285715,0.5142857142857143,0.3333333333333333,0.6666666666666666,1.0,0.4,4,10
5763,0.8421052631578948,0.7789473684210526,0.5,0.75,1.0,0.7272727272727273,8,11
5764,1.0,0.95,0.6666666666666666,0.8333333333333333,1.0,1.0,9,9
5765,0.9333333333333333,0.8133333333333332,0.14285714285714285,0.5714285714285714,1.0,0.875,7,8
5766,0.631578947368421,0.5557894736842104,0.2,0.6,1.0,0.46153846153846156,6,13
5767,0.8235294117647058,0.7058823529411764,0.047619047619047616,0.5238095238095238,1.0,0.7,7,10
5768,0.2857142857142857,0.2857142857142857,1.0,1.0,0.16666666666666666,1.0,6,1
5769,0.7000000000000001,0.61,0.14285714285714285,0.5714285714285714,1.0,0.5384615384615384,7,13
5770,0.7692307692307693,0.6538461538461539,0.0,0.5,1.0,0.625,5,8
5771,0.8421052631578948,0.7609022556390977,0.35714285714285715,0.6785714285714286,1.0,0.7272727272727273,8,11
5772,0.9,0.7725,0.05555555555555555,0.5277777777777778,0.8181818181818182,1.0,11,9
5773,0.7368421052631579,0.6842105263157894,0.5238095238095238,0.7619047619047619,1.0,0.5833333333333334,7,12
5774,0.888888888888889,0.8031746031746031,0.35714285714285715,0.6785714285714286,1.0,0.8,8,10
5775,0.7692307692307693,0.6512820512820513,-0.022222222222222223,0.4888888888888889,0.625,1.0,16,10
5776,0.2857142857142857,0.23061224489795915,-0.2857142857142857,0.35714285714285715,0.16666666666666666,1.0,48,8
5777,0.9090909090909091,0.7999999999999998,0.2,0.6,0.8333333333333334,1.0,12,10
5778,0.8235294117647058,0.7294117647058823,0.23809523809523808,0.6190476190476191,1.0,0.7,7,10
5779,0.7000000000000001,0.66,0.6190476190476191,0.8095238095238095,1.0,0.5384615384615384,7,13
5780,0.5454545454545454,0.4363636363636363,-0.3333333333333333,0.33333333333333337,1.0,0.375,3,8
5781,0.923076923076923,0.8861538461538461,0.7333333333333333,0.8666666666666667,1.0,0.8571428571428571,6,7
5782,0.8,0.64,-0.3333333333333333,0.33333333333333337,0.6666666666666666,1.0,9,6
5783,0.5555555555555556,0.4722222222222222,0.0,0.5,1.0,0.38461538461538464,5,13
5784,0.7692307692307693,0.7230769230769231,0.6,0.8,1.0,0.625,5,8
5785,0.923076923076923,0.7938461538461538,0.06666666666666667,0.5333333333333333,1.0,0.8571428571428571,6,7
5786,0.9166666666666666,0.8616666666666666,0.6,0.8,1.0,0.8461538461538461,11,13
5787,0.923076923076923,0.7753846153846153,-0.06666666666666667,0.4666666666666667,0.8571428571428571,1.0,7,6
5788,0.631578947368421,0.5810526315789473,0.4666666666666667,0.7333333333333334,1.0,0.46153846153846156,6,13
5789,0.5555555555555556,0.5055555555555555,0.4,0.7,1.0,0.38461538461538464,5,13
5790,0.7142857142857143,0.6499999999999999,0.4,0.7,1.0,0.5555555555555556,5,9
5791,0.9090909090909091,0.812121212121212,0.28888888888888886,0.6444444444444444,1.0,0.8333333333333334,10,12
5792,0.8571428571428571,0.7636363636363636,0.2727272727272727,0.6363636363636364,0.75,1.0,16,12
5793,0.7499999999999999,0.6749999999999998,0.3333333333333333,0.6666666666666666,1.0,0.6,6,10
5794,0.6956521739130436,0.568944099378882,-0.21428571428571427,0.39285714285714285,0.5333333333333333,1.0,15,8
5795,0.8235294117647058,0.7647058823529411,0.5238095238095238,0.7619047619047619,1.0,0.7,7,10
5796,0.7272727272727273,0.6727272727272727,0.5,0.75,1.0,0.5714285714285714,8,14
5797,0.5333333333333333,0.4,-0.6666666666666666,0.16666666666666669,1.0,0.36363636363636365,4,11
5798,0.8750000000000001,0.8,0.42857142857142855,0.7142857142857143,1.0,0.7777777777777778,7,9
5799,0.9090909090909091,0.7454545454545454,-0.2,0.4,0.8333333333333334,1.0,6,5
5800,0.8695652173913044,0.7304347826086957,-0.06666666666666667,0.4666666666666667,1.0,0.7692307692307693,10,13
5801,0.7499999999999999,0.5849999999999999,-0.4666666666666667,0.26666666666666666,1.0,0.6,6,10
5802,0.6956521739130436,0.6583850931677019,0.6428571428571429,0.8214285714285714,1.0,0.5333333333333333,8,15
5803,0.923076923076923,0.8123076923076922,0.2,0.6,1.0,0.8571428571428571,6,7
5804,0.9090909090909091,0.8272727272727272,0.4,0.7,1.0,0.8333333333333334,5,6
5805,0.8235294117647058,0.7294117647058823,0.23809523809523808,0.6190476190476191,0.7,1.0,10,7
5806,0.8421052631578948,0.6616541353383459,-0.42857142857142855,0.2857142857142857,1.0,0.7272727272727273,8,11
5807,0.7058823529411764,0.6776470588235293,0.7333333333333333,0.8666666666666667,1.0,0.5454545454545454,6,11
5808,0.8235294117647058,0.7411764705882352,0.3333333333333333,0.6666666666666666,1.0,0.7,7,10
5809,0.8,0.704,0.2,0.6,1.0,0.6666666666666666,6,9
5810,0.7096774193548387,0.6361290322580645,0.3090909090909091,0.6545454545454545,0.55,1.0,20,11
5811,0.9333333333333333,0.9066666666666666,0.8095238095238095,0.9047619047619048,1.0,0.875,7,8
5812,0.8571428571428571,0.7214285714285713,-0.05555555555555555,0.4722222222222222,1.0,0.75,9,12
5813,0.5,0.44999999999999996,0.3333333333333333,0.6666666666666666,1.0,0.3333333333333333,3,9
5814,0.8,0.64,-0.3333333333333333,0.33333333333333337,1.0,0.6666666666666666,6,9
5815,0.8333333333333333,0.8333333333333333,1.0,1.0,1.0,0.7142857142857143,5,7
5816,0.8235294117647058,0.7529411764705882,0.42857142857142855,0.7142857142857143,1.0,0.7,7,10
5817,0.7777777777777778,0.6777777777777777,0.14285714285714285,0.5714285714285714,1.0,0.6363636363636364,7,11
5818,0.8333333333333333,0.7083333333333333,0.0,0.5,0.7142857142857143,1.0,7,5
5819,0.9523809523809523,0.8825396825396825,0.5111111111111111,0.7555555555555555,1.0,0.9090909090909091,10,11
5820,0.6666666666666666,0.5666666666666667,0.0,0.5,1.0,0.5,5,10
5821,0.7777777777777778,0.6888888888888889,0.23809523809523808,0.6190476190476191,1.0,0.6363636363636364,7,11
5822,0.5714285714285715,0.5428571428571429,0.6666666666666666,0.8333333333333333,1.0,0.4,4,10
5823,0.6153846153846153,0.523076923076923,0.0,0.5,1.0,0.4444444444444444,4,9
5824,0.8571428571428571,0.7542857142857141,0.2,0.6,1.0,0.75,6,8
5825,0.7142857142857143,0.6499999999999999,0.4,0.7,1.0,0.5555555555555556,5,9
5826,0.6666666666666666,0.5666666666666667,0.0,0.5,1.0,0.5,4,8
5827,0.8333333333333333,0.7833333333333332,0.6,0.8,1.0,0.7142857142857143,5,7
5828,0.8235294117647058,0.7647058823529411,0.5238095238095238,0.7619047619047619,1.0,0.7,7,10
5829,0.625,0.56875,0.4,0.7,1.0,0.45454545454545453,5,11
5830,0.7142857142857143,0.6928571428571428,0.8,0.9,1.0,0.5555555555555556,5,9
5831,0.888888888888889,0.7841269841269841,0.21428571428571427,0.6071428571428571,1.0,0.8,8,10
5832,0.6153846153846153,0.5846153846153845,0.6666666666666666,0.8333333333333333,1.0,0.4444444444444444,4,9
5833,0.8571428571428571,0.7885714285714285,0.4666666666666667,0.7333333333333334,1.0,0.75,6,8
5834,0.6666666666666666,0.5866666666666666,0.2,0.6,1.0,0.5,5,10
5835,0.8750000000000001,0.75,0.047619047619047616,0.5238095238095238,1.0,0.7777777777777778,7,9
5836,0.6666666666666666,0.6666666666666666,1.0,1.0,1.0,0.5,4,8
5837,0.7142857142857143,0.6499999999999999,0.4,0.7,1.0,0.5555555555555556,5,9
5838,0.7499999999999999,0.6449999999999999,0.06666666666666667,0.5333333333333333,1.0,0.6,6,10
5839,0.9411764705882353,0.8403361344537814,0.2857142857142857,0.6428571428571428,1.0,0.8888888888888888,8,9
5840,0.7142857142857143,0.6928571428571428,0.8,0.9,1.0,0.5555555555555556,5,9
5841,0.7142857142857143,0.6499999999999999,0.4,0.7,1.0,0.5555555555555556,5,9
5842,0.7692307692307693,0.7461538461538462,0.8,0.9,1.0,0.625,5,8
5843,0.8333333333333333,0.7583333333333332,0.4,0.7,1.0,0.7142857142857143,5,7
5844,0.6153846153846153,0.5538461538461538,0.3333333333333333,0.6666666666666666,1.0,0.4444444444444444,4,9
5845,0.8,0.72,0.3333333333333333,0.6666666666666666,1.0,0.6666666666666666,6,9
5846,0.9333333333333333,0.8533333333333333,0.42857142857142855,0.7142857142857143,1.0,0.875,7,8
5847,0.7272727272727273,0.6181818181818182,0.0,0.5,1.0,0.5714285714285714,4,7
5848,0.5714285714285715,0.5714285714285715,1.0,1.0,1.0,0.4,4,10
5849,0.5714285714285715,0.48571428571428577,0.0,0.5,1.0,0.4,4,10
5850,0.8750000000000001,0.775,0.23809523809523808,0.6190476190476191,1.0,0.7777777777777778,7,9
5851,0.7692307692307693,0.7,0.4,0.7,1.0,0.625,5,8
5852,0.8235294117647058,0.6941176470588234,-0.047619047619047616,0.47619047619047616,1.0,0.7,7,10
5853,0.7692307692307693,0.6769230769230768,0.2,0.6,1.0,0.625,5,8
5854,0.7142857142857143,0.6285714285714286,0.2,0.6,1.0,0.5555555555555556,5,9
5855,0.8,0.72,0.3333333333333333,0.6666666666666666,1.0,0.6666666666666666,6,9
5856,0.6666666666666666,0.5999999999999999,0.3333333333333333,0.6666666666666666,1.0,0.5,4,8
5857,0.625,0.5874999999999999,0.6,0.8,1.0,0.45454545454545453,5,11
5858,1.0,0.9142857142857143,0.42857142857142855,0.7142857142857143,1.0,1.0,7,7
5859,0.7692307692307693,0.6769230769230768,0.2,0.6,1.0,0.625,5,8
5860,0.7692307692307693,0.6769230769230768,0.2,0.6,1.0,0.625,5,8
5861,0.8571428571428571,0.8228571428571427,0.7333333333333333,0.8666666666666667,1.0,0.75,6,8
5862,0.8,0.736,0.4666666666666667,0.7333333333333334,1.0,0.6666666666666666,6,9
5863,0.7692307692307693,0.7230769230769231,0.6,0.8,1.0,0.625,5,8
5864,0.7692307692307693,0.7461538461538462,0.8,0.9,1.0,0.625,5,8
5865,0.6666666666666666,0.6666666666666666,1.0,1.0,1.0,0.5,4,8
5866,0.6153846153846153,0.5846153846153845,0.6666666666666666,0.8333333333333333,1.0,0.4444444444444444,4,9
5867,0.6666666666666666,0.6666666666666666,1.0,1.0,1.0,0.5,4,8
5868,0.8571428571428571,0.7885714285714285,0.4666666666666667,0.7333333333333334,1.0,0.75,6,8
5869,0.8571428571428571,0.8057142857142856,0.6,0.8,1.0,0.75,6,8
5870,0.9411764705882353,0.8100840336134453,0.07142857142857142,0.5357142857142857,1.0,0.8888888888888888,8,9
5871,0.625,0.5499999999999999,0.2,0.6,1.0,0.45454545454545453,5,11
5872,0.8333333333333333,0.7333333333333332,0.2,0.6,1.0,0.7142857142857143,5,7
5873,0.7692307692307693,0.7,0.4,0.7,1.0,0.625,5,8
5874,0.8571428571428571,0.7371428571428571,0.06666666666666667,0.5333333333333333,1.0,0.75,6,8
5875,0.8235294117647058,0.7294117647058823,0.23809523809523808,0.6190476190476191,1.0,0.7,7,10
5876,0.7692307692307693,0.7230769230769231,0.6,0.8,1.0,0.625,5,8
5877,0.6666666666666666,0.5666666666666667,0.0,0.5,1.0,0.5,4,8
5878,0.7692307692307693,0.7230769230769231,0.6,0.8,1.0,0.625,5,8
5879,0.8,0.72,0.3333333333333333,0.6666666666666666,1.0,0.6666666666666666,6,9
5880,0.6153846153846153,0.5846153846153845,0.6666666666666666,0.8333333333333333,1.0,0.4444444444444444,4,9
5881,0.8750000000000001,0.775,0.23809523809523808,0.6190476190476191,1.0,0.7777777777777778,7,9
5882,0.7692307692307693,0.7230769230769231,0.6,0.8,1.0,0.625,5,8
5883,1.0,0.85,0.0,0.5,1.0,1.0,8,8
5884,1.0,0.9464285714285714,0.6428571428571429,0.8214285714285714,1.0,1.0,8,8
5885,0.9473684210526316,0.8289473684210527,0.16666666666666666,0.5833333333333334,1.0,0.9,9,10
5886,0.7692307692307693,0.6538461538461539,0.0,0.5,1.0,0.625,5,8
5887,0.8571428571428571,0.7885714285714285,0.4666666666666667,0.7333333333333334,1.0,0.75,6,8
5888,0.8,0.68,0.0,0.5,1.0,0.6666666666666666,4,6
5889,0.6666666666666666,0.5999999999999999,0.3333333333333333,0.6666666666666666,1.0,0.5,4,8
5890,0.8571428571428571,0.7542857142857141,0.2,0.6,1.0,0.75,6,8
5891,0.6153846153846153,0.523076923076923,0.0,0.5,1.0,0.4444444444444444,4,9
5892,0.888888888888889,0.746031746031746,-0.07142857142857142,0.4642857142857143,0.8,1.0,10,8
5893,0.9333333333333333,0.7999999999999999,0.047619047619047616,0.5238095238095238,1.0,0.875,7,8
5894,0.7692307692307693,0.7461538461538462,0.8,0.9,1.0,0.625,5,8
5895,0.5,0.5,1.0,1.0,1.0,0.3333333333333333,3,9
5896,0.625,0.5499999999999999,0.2,0.6,1.0,0.45454545454545453,5,11
5897,0.7499999999999999,0.6149999999999999,-0.2,0.4,1.0,0.6,6,10
5898,0.7272727272727273,0.7272727272727273,1.0,1.0,1.0,0.5714285714285714,4,7
5899,0.7142857142857143,0.6071428571428571,0.0,0.5,1.0,0.5555555555555556,5,9
5900,0.6666666666666666,0.6066666666666666,0.4,0.7,1.0,0.5,5,10
5901,0.6666666666666666,0.5466666666666666,-0.2,0.4,1.0,0.5,5,10
5902,0.7142857142857143,0.6285714285714286,0.2,0.6,1.0,0.5555555555555556,5,9
5903,0.6153846153846153,0.6153846153846153,1.0,1.0,1.0,0.4444444444444444,4,9
5904,0.8571428571428571,0.8057142857142856,0.6,0.8,1.0,0.75,6,8
5905,0.8,0.768,0.7333333333333333,0.8666666666666667,1.0,0.6666666666666666,6,9
5906,0.8333333333333333,0.6583333333333332,-0.4,0.3,1.0,0.7142857142857143,5,7
5907,0.8571428571428571,0.84,0.8666666666666667,0.9333333333333333,1.0,0.75,6,8
5908,0.7692307692307693,0.6076923076923076,-0.4,0.3,1.0,0.625,5,8
5909,0.8571428571428571,0.72,-0.06666666666666667,0.4666666666666667,1.0,0.75,6,8
5910,0.7692307692307693,0.6538461538461539,0.0,0.5,1.0,0.625,5,8
5911,0.6153846153846153,0.523076923076923,0.0,0.5,1.0,0.4444444444444444,4,9
5912,0.8571428571428571,0.8057142857142856,0.6,0.8,1.0,0.75,6,8
5913,0.7142857142857143,0.6928571428571428,0.8,0.9,1.0,0.5555555555555556,5,9
5914,0.6,0.5399999999999999,0.3333333333333333,0.6666666666666666,1.0,0.42857142857142855,3,7
5915,0.7272727272727273,0.7272727272727273,1.0,1.0,1.0,0.5714285714285714,4,7
5916,0.7499999999999999,0.6899999999999998,0.4666666666666667,0.7333333333333334,1.0,0.6,6,10
5917,0.9411764705882353,0.8605042016806722,0.42857142857142855,0.7142857142857143,1.0,0.8888888888888888,8,9
5918,0.6153846153846153,0.46153846153846145,-0.6666666666666666,0.16666666666666669,1.0,0.4444444444444444,4,9
5919,0.9333333333333333,0.7733333333333333,-0.14285714285714285,0.4285714285714286,1.0,0.875,7,8
5920,0.7692307692307693,0.7,0.4,0.7,1.0,0.625,5,8
5921,0.8333333333333333,0.7333333333333332,0.2,0.6,1.0,0.7142857142857143,5,7
5922,0.7142857142857143,0.6071428571428571,0.0,0.5,1.0,0.5555555555555556,5,9
5923,0.7368421052631579,0.6105263157894736,-0.14285714285714285,0.4285714285714286,1.0,0.5833333333333334,7,12
5924,0.7272727272727273,0.6545454545454545,0.3333333333333333,0.6666666666666666,1.0,0.5714285714285714,4,7
5925,0.8571428571428571,0.8228571428571427,0.7333333333333333,0.8666666666666667,1.0,0.75,6,8
5926,1.0,0.8928571428571428,0.2857142857142857,0.6428571428571428,1.0,1.0,8,8
5927,0.7692307692307693,0.7230769230769231,0.6,0.8,1.0,0.625,5,8
5928,0.8750000000000001,0.7375,-0.047619047619047616,0.47619047619047616,1.0,0.7777777777777778,7,9
5929,0.7692307692307693,0.6538461538461539,0.0,0.5,1.0,0.625,5,8
5930,0.9333333333333333,0.9199999999999999,0.9047619047619048,0.9523809523809523,1.0,0.875,7,8
5931,0.8571428571428571,0.72,-0.06666666666666667,0.4666666666666667,1.0,0.75,6,8
5932,0.8333333333333333,0.8333333333333333,1.0,1.0,1.0,0.7142857142857143,5,7
5933,0.923076923076923,0.8492307692307691,0.4666666666666667,0.7333333333333334,1.0,0.8571428571428571,6,7
5934,0.6666666666666666,0.6333333333333333,0.6666666666666666,0.8333333333333333,1.0,0.5,4,8
5935,0.7499999999999999,0.6749999999999998,0.3333333333333333,0.6666666666666666,1.0,0.6,6,10
5936,0.9411764705882353,0.8705882352941176,0.5,0.75,0.8888888888888888,1.0,9,8
5937,0.7142857142857143,0.6285714285714286,0.2,0.6,1.0,0.5555555555555556,5,9
5938,0.6666666666666666,0.5666666666666667,0.0,0.5,1.0,0.5,4,8
5939,0.7692307692307693,0.7,0.4,0.7,1.0,0.625,5,8
5940,0.7692307692307693,0.7692307692307693,1.0,1.0,1.0,0.625,5,8
5941,0.6666666666666666,0.6333333333333333,0.6666666666666666,0.8333333333333333,1.0,0.5,4,8
5942,0.7692307692307693,0.7692307692307693,1.0,1.0,1.0,0.625,5,8
5943,0.6,0.6,1.0,1.0,1.0,0.42857142857142855,3,7
5944,0.7692307692307693,0.7,0.4,0.7,1.0,0.625,5,8
5945,0.8333333333333333,0.6583333333333332,-0.4,0.3,1.0,0.7142857142857143,5,7
5946,0.923076923076923,0.8123076923076922,0.2,0.6,0.8571428571428571,1.0,7,6
5947,0.8,0.736,0.4666666666666667,0.7333333333333334,1.0,0.6666666666666666,6,9
5948,0.9333333333333333,0.84,0.3333333333333333,0.6666666666666666,1.0,0.875,7,8
5949,0.7499999999999999,0.7199999999999999,0.7333333333333333,0.8666666666666667,1.0,0.6,6,10
5950,0.8750000000000001,0.7250000000000001,-0.14285714285714285,0.4285714285714286,1.0,0.7777777777777778,7,9
5951,0.8,0.736,0.4666666666666667,0.7333333333333334,1.0,0.6666666666666666,6,9
5952,0.8750000000000001,0.775,0.23809523809523808,0.6190476190476191,1.0,0.7777777777777778,7,9
5953,0.8,0.736,0.4666666666666667,0.7333333333333334,1.0,0.6666666666666666,6,9
5954,0.7692307692307693,0.7,0.4,0.7,1.0,0.625,5,8
5955,0.7142857142857143,0.6928571428571428,0.8,0.9,1.0,0.5555555555555556,5,9
5956,0.5454545454545454,0.49090909090909085,0.3333333333333333,0.6666666666666666,1.0,0.375,3,8
5957,0.7692307692307693,0.6538461538461539,0.0,0.5,1.0,0.625,5,8
5958,0.6666666666666666,0.6666666666666666,1.0,1.0,1.0,0.5,5,10
5959,0.9333333333333333,0.9333333333333333,1.0,1.0,1.0,0.875,7,8
5960,0.7692307692307693,0.7,0.4,0.7,1.0,0.625,5,8
5961,0.7272727272727273,0.5454545454545454,-0.6666666666666666,0.16666666666666669,1.0,0.5714285714285714,4,7
5962,0.6666666666666666,0.5999999999999999,0.3333333333333333,0.6666666666666666,1.0,0.5,4,8
5963,0.7692307692307693,0.6769230769230768,0.2,0.6,1.0,0.625,5,8
5964,0.7692307692307693,0.7230769230769231,0.6,0.8,1.0,0.625,5,8
5965,0.8571428571428571,0.8057142857142856,0.6,0.8,1.0,0.75,6,8
5966,0.7142857142857143,0.5642857142857143,-0.4,0.3,1.0,0.5555555555555556,5,9
5967,0.625,0.5499999999999999,0.2,0.6,1.0,0.45454545454545453,5,11
5968,0.6666666666666666,0.6466666666666666,0.8,0.9,1.0,0.5,5,10
5969,0.6153846153846153,0.5538461538461538,0.3333333333333333,0.6666666666666666,1.0,0.4444444444444444,4,9
5970,0.6666666666666666,0.6666666666666666,1.0,1.0,1.0,0.5,4,8
5971,1.0,0.8583333333333333,0.05555555555555555,0.5277777777777778,1.0,1.0,9,9
5972,0.7499999999999999,0.6749999999999998,0.3333333333333333,0.6666666666666666,1.0,0.6,6,10
5973,0.8750000000000001,0.7625,0.14285714285714285,0.5714285714285714,1.0,0.7777777777777778,7,9
5974,0.7692307692307693,0.6076923076923076,-0.4,0.3,1.0,0.625,5,8
5975,0.9411764705882353,0.8302521008403361,0.21428571428571427,0.6071428571428571,1.0,0.8888888888888888,8,9
5976,0.8750000000000001,0.8,0.42857142857142855,0.7142857142857143,1.0,0.7777777777777778,7,9
5977,0.8235294117647058,0.7411764705882352,0.3333333333333333,0.6666666666666666,1.0,0.7,7,10
5978,0.6666666666666666,0.5333333333333332,-0.3333333333333333,0.33333333333333337,1.0,0.5,4,8
5979,0.6666666666666666,0.6666666666666666,1.0,1.0,1.0,0.5,4,8
5980,0.923076923076923,0.7753846153846153,-0.06666666666666667,0.4666666666666667,1.0,0.8571428571428571,6,7
5981,0.8,0.64,-0.3333333333333333,0.33333333333333337,1.0,0.6666666666666666,6,9
5982,0.8571428571428571,0.7714285714285714,0.3333333333333333,0.6666666666666666,1.0,0.75,6,8
5983,0.6153846153846153,0.4923076923076922,-0.3333333333333333,0.33333333333333337,1.0,0.4444444444444444,4,9
5984,0.625,0.5499999999999999,0.2,0.6,1.0,0.45454545454545453,5,11
5985,0.9411764705882353,0.8907563025210083,0.6428571428571429,0.8214285714285714,1.0,0.8888888888888888,8,9
5986,1.0,0.9035714285714285,0.35714285714285715,0.6785714285714286,1.0,1.0,8,8
5987,0.8,0.736,0.4666666666666667,0.7333333333333334,1.0,0.6666666666666666,6,9
5988,0.8333333333333333,0.7833333333333332,0.6,0.8,1.0,0.7142857142857143,5,7
5989,0.9411764705882353,0.880672268907563,0.5714285714285714,0.7857142857142857,1.0,0.8888888888888888,8,9
5990,0.7692307692307693,0.6076923076923076,-0.4,0.3,1.0,0.625,5,8
5991,0.6666666666666666,0.5999999999999999,0.3333333333333333,0.6666666666666666,1.0,0.5,4,8
5992,0.9411764705882353,0.8403361344537814,0.2857142857142857,0.6428571428571428,0.8888888888888888,1.0,9,8
5993,0.5714285714285715,0.4571428571428572,-0.3333333333333333,0.33333333333333337,1.0,0.4,4,10
5994,0.8235294117647058,0.6705882352941176,-0.23809523809523808,0.38095238095238093,1.0,0.7,7,10
5995,1.0,0.8833333333333333,0.2222222222222222,0.6111111111111112,1.0,1.0,9,9
5996,0.8750000000000001,0.775,0.23809523809523808,0.6190476190476191,1.0,0.7777777777777778,7,9
5997,0.7142857142857143,0.5857142857142857,-0.2,0.4,1.0,0.5555555555555556,5,9
5998,1.0,0.8999999999999999,0.3333333333333333,0.6666666666666666,1.0,1.0,9,9
5999,0.8235294117647058,0.6588235294117646,-0.3333333333333333,0.33333333333333337,1.0,0.7,7,10
6000,0.6666666666666666,0.5999999999999999,0.3333333333333333,0.6666666666666666,1.0,0.5,4,8
6001,0.7272727272727273,0.5818181818181818,-0.3333333333333333,0.33333333333333337,1.0,0.5714285714285714,4,7
6002,0.5714285714285715,0.5142857142857143,0.3333333333333333,0.6666666666666666,1.0,0.4,4,10
6003,0.7692307692307693,0.7,0.4,0.7,1.0,0.625,5,8
6004,0.8235294117647058,0.6705882352941176,-0.23809523809523808,0.38095238095238093,1.0,0.7,7,10
6005,0.9523809523809523,0.819047619047619,0.06666666666666667,0.5333333333333333,0.9090909090909091,1.0,11,10
6006,0.6666666666666666,0.6333333333333333,0.6666666666666666,0.8333333333333333,1.0,0.5,4,8
6007,0.9473684210526316,0.8921052631578947,0.6111111111111112,0.8055555555555556,0.9,1.0,10,9
6008,0.923076923076923,0.7753846153846153,-0.06666666666666667,0.4666666666666667,1.0,0.8571428571428571,6,7
6009,0.8,0.784,0.8666666666666667,0.9333333333333333,1.0,0.6666666666666666,6,9
6010,0.7142857142857143,0.6071428571428571,0.0,0.5,1.0,0.5555555555555556,5,9
6011,0.9523809523809523,0.857142857142857,0.3333333333333333,0.6666666666666666,0.9090909090909091,1.0,11,10
6012,0.9333333333333333,0.7733333333333333,-0.14285714285714285,0.4285714285714286,1.0,0.875,7,8
6013,0.8235294117647058,0.7647058823529411,0.5238095238095238,0.7619047619047619,1.0,0.7,7,10
6014,0.8750000000000001,0.7875,0.3333333333333333,0.6666666666666666,1.0,0.7777777777777778,7,9
6015,0.7058823529411764,0.6494117647058822,0.4666666666666667,0.7333333333333334,1.0,0.5454545454545454,6,11
6016,0.8571428571428571,0.7885714285714285,0.4666666666666667,0.7333333333333334,1.0,0.75,6,8
6017,0.8,0.64,-0.3333333333333333,0.33333333333333337,1.0,0.6666666666666666,6,9
6018,0.7272727272727273,0.5818181818181818,-0.3333333333333333,0.33333333333333337,1.0,0.5714285714285714,4,7
6019,0.8571428571428571,0.8057142857142856,0.6,0.8,1.0,0.75,6,8
6020,0.7692307692307693,0.7461538461538462,0.8,0.9,1.0,0.625,5,8
6021,0.8571428571428571,0.8228571428571427,0.7333333333333333,0.8666666666666667,1.0,0.75,6,8
6022,0.7692307692307693,0.7230769230769231,0.6,0.8,1.0,0.625,5,8
6023,0.6666666666666666,0.6666666666666666,1.0,1.0,1.0,0.5,4,8
6024,0.6666666666666666,0.5666666666666667,0.0,0.5,1.0,0.5,5,10
6025,0.7499999999999999,0.7499999999999999,1.0,1.0,1.0,0.6,6,10
6026,0.5714285714285715,0.5714285714285715,1.0,1.0,1.0,0.4,4,10
6027,0.8333333333333333,0.7083333333333333,0.0,0.5,1.0,0.7142857142857143,5,7
6028,0.6666666666666666,0.6666666666666666,1.0,1.0,1.0,0.5,4,8
6029,0.5454545454545454,0.4363636363636363,-0.3333333333333333,0.33333333333333337,1.0,0.375,3,8
6030,0.5454545454545454,0.49090909090909085,0.3333333333333333,0.6666666666666666,1.0,0.375,3,8
6031,0.8,0.752,0.6,0.8,1.0,0.6666666666666666,6,9
6032,0.5714285714285715,0.5428571428571429,0.6666666666666666,0.8333333333333333,1.0,0.4,4,10
6033,0.6666666666666666,0.5666666666666667,0.0,0.5,1.0,0.5,5,10
6034,0.6666666666666666,0.5666666666666667,0.0,0.5,1.0,0.5,4,8
6035,0.8750000000000001,0.7250000000000001,-0.14285714285714285,0.4285714285714286,1.0,0.7777777777777778,7,9
6036,0.7692307692307693,0.6307692307692307,-0.2,0.4,1.0,0.625,5,8
6037,0.7692307692307693,0.6538461538461539,0.0,0.5,1.0,0.625,5,8
6038,0.6666666666666666,0.5666666666666667,0.0,0.5,1.0,0.5,5,10
6039,0.8333333333333333,0.7333333333333332,0.2,0.6,1.0,0.7142857142857143,5,7
6040,1.0,0.8833333333333333,0.2222222222222222,0.6111111111111112,1.0,1.0,9,9
6041,0.5,0.39999999999999997,-0.3333333333333333,0.33333333333333337,1.0,0.3333333333333333,4,12
6042,0.7142857142857143,0.6285714285714286,0.2,0.6,1.0,0.5555555555555556,5,9
6043,0.9333333333333333,0.7733333333333333,-0.14285714285714285,0.4285714285714286,1.0,0.875,7,8
6044,0.6666666666666666,0.5666666666666667,0.0,0.5,1.0,0.5,4,8
6045,0.6666666666666666,0.5466666666666666,-0.2,0.4,1.0,0.5,5,10
6046,1.0,0.8933333333333333,0.28888888888888886,0.6444444444444444,1.0,1.0,10,10
6047,0.8235294117647058,0.7411764705882352,0.3333333333333333,0.6666666666666666,1.0,0.7,7,10
6048,1.0,0.8857142857142857,0.23809523809523808,0.6190476190476191,1.0,1.0,7,7
6049,1.0,0.8416666666666666,-0.05555555555555555,0.4722222222222222,1.0,1.0,9,9
6050,0.9473684210526316,0.8289473684210527,0.16666666666666666,0.5833333333333334,1.0,0.9,9,10
6051,0.8333333333333333,0.7333333333333332,0.2,0.6,1.0,0.7142857142857143,5,7
6052,0.7142857142857143,0.6285714285714286,0.2,0.6,1.0,0.5555555555555556,5,9
6053,0.9090909090909091,0.7727272727272727,0.0,0.5,1.0,0.8333333333333334,5,6
6054,1.0,0.84,-0.06666666666666667,0.4666666666666667,1.0,1.0,6,6
6055,0.8,0.752,0.6,0.8,1.0,0.6666666666666666,6,9
6056,0.9473684210526316,0.8368421052631579,0.2222222222222222,0.6111111111111112,1.0,0.9,9,10
6057,0.7142857142857143,0.6285714285714286,0.2,0.6,1.0,0.5555555555555556,5,9
6058,0.7142857142857143,0.5857142857142857,-0.2,0.4,1.0,0.5555555555555556,5,9
6059,1.0,0.9142857142857143,0.42857142857142855,0.7142857142857143,1.0,1.0,8,8
6060,1.0,0.8607142857142857,0.07142857142857142,0.5357142857142857,1.0,1.0,8,8
6061,0.7142857142857143,0.6714285714285714,0.6,0.8,1.0,0.5555555555555556,5,9
6062,0.8,0.704,0.2,0.6,1.0,0.6666666666666666,6,9
6063,1.0,0.8854545454545454,0.23636363636363636,0.6181818181818182,1.0,1.0,11,11
6064,0.7692307692307693,0.6769230769230768,0.2,0.6,1.0,0.625,5,8
6065,0.7692307692307693,0.7461538461538462,0.8,0.9,1.0,0.625,5,8
6066,0.6666666666666666,0.5066666666666666,-0.6,0.2,1.0,0.5,5,10
6067,0.7499999999999999,0.6599999999999998,0.2,0.6,1.0,0.6,6,10
6068,0.7692307692307693,0.7692307692307693,1.0,1.0,1.0,0.625,5,8
6069,0.6666666666666666,0.6066666666666666,0.4,0.7,1.0,0.5,5,10
6070,0.8750000000000001,0.7625,0.14285714285714285,0.5714285714285714,1.0,0.7777777777777778,7,9
6071,0.8235294117647058,0.6470588235294117,-0.42857142857142855,0.2857142857142857,1.0,0.7,7,10
6072,0.7692307692307693,0.7230769230769231,0.6,0.8,1.0,0.625,5,8
6073,0.6153846153846153,0.6153846153846153,1.0,1.0,1.0,0.4444444444444444,4,9
6074,0.8750000000000001,0.75,0.047619047619047616,0.5238095238095238,1.0,0.7777777777777778,7,9
6075,0.8235294117647058,0.6470588235294117,-0.42857142857142855,0.2857142857142857,1.0,0.7,7,10
6076,0.7142857142857143,0.6499999999999999,0.4,0.7,1.0,0.5555555555555556,5,9
6077,0.4615384615384615,0.32307692307692304,-1.0,0.0,1.0,0.3,3,10
6078,0.888888888888889,0.8317460317460318,0.5714285714285714,0.7857142857142857,0.8,1.0,10,8
6079,0.8235294117647058,0.7176470588235293,0.14285714285714285,0.5714285714285714,1.0,0.7,7,10
6080,0.8695652173913044,0.782608695652174,0.3333333333333333,0.6666666666666666,0.7692307692307693,1.0,13,10
6081,0.9411764705882353,0.8302521008403361,0.21428571428571427,0.6071428571428571,1.0,0.8888888888888888,8,9
6082,1.0,0.9142857142857143,0.42857142857142855,0.7142857142857143,1.0,1.0,8,8
6083,0.7692307692307693,0.7230769230769231,0.6,0.8,1.0,0.625,5,8
6084,0.6666666666666666,0.6266666666666666,0.6,0.8,1.0,0.5,5,10
6085,0.7142857142857143,0.6714285714285714,0.6,0.8,1.0,0.5555555555555556,5,9
6086,0.5714285714285715,0.4285714285714286,-0.6666666666666666,0.16666666666666669,1.0,0.4,4,10
6087,1.0,0.9833333333333333,0.8888888888888888,0.9444444444444444,1.0,1.0,9,9
6088,1.0,0.8333333333333333,-0.1111111111111111,0.4444444444444444,1.0,1.0,9,9
6089,0.9411764705882353,0.8504201680672268,0.35714285714285715,0.6785714285714286,0.8888888888888888,1.0,9,8
6090,0.8,0.672,-0.06666666666666667,0.4666666666666667,1.0,0.6666666666666666,6,9
6091,0.8,0.72,0.3333333333333333,0.6666666666666666,1.0,0.6666666666666666,6,9
6092,0.7142857142857143,0.5857142857142857,-0.2,0.4,1.0,0.5555555555555556,5,9
6093,0.7142857142857143,0.7142857142857143,1.0,1.0,1.0,0.5555555555555556,5,9
6094,0.6666666666666666,0.5466666666666666,-0.2,0.4,1.0,0.5,5,10
6095,0.7142857142857143,0.6928571428571428,0.8,0.9,1.0,0.5555555555555556,5,9
6096,0.9473684210526316,0.8289473684210527,0.16666666666666666,0.5833333333333334,1.0,0.9,9,10
6097,0.6666666666666666,0.5666666666666667,0.0,0.5,1.0,0.5,5,10
6098,0.6666666666666666,0.6333333333333333,0.6666666666666666,0.8333333333333333,1.0,0.5,4,8
6099,1.0,0.9035714285714285,0.35714285714285715,0.6785714285714286,1.0,1.0,8,8
6100,0.6666666666666666,0.5666666666666667,0.0,0.5,1.0,0.5,5,10
6101,0.6153846153846153,0.46153846153846145,-0.6666666666666666,0.16666666666666669,1.0,0.4444444444444444,4,9
6102,0.7692307692307693,0.7230769230769231,0.6,0.8,1.0,0.625,5,8
6103,0.7692307692307693,0.6307692307692307,-0.2,0.4,1.0,0.625,5,8
6104,0.7499999999999999,0.7349999999999999,0.8666666666666667,0.9333333333333333,1.0,0.6,6,10
6105,0.7692307692307693,0.7692307692307693,1.0,1.0,1.0,0.625,5,8
6106,0.9333333333333333,0.8933333333333333,0.7142857142857143,0.8571428571428572,1.0,0.875,7,8
6107,0.5,0.44999999999999996,0.3333333333333333,0.6666666666666666,1.0,0.3333333333333333,3,9
6108,0.6153846153846153,0.5846153846153845,0.6666666666666666,0.8333333333333333,1.0,0.4444444444444444,4,9
6109,0.7368421052631579,0.6631578947368421,0.3333333333333333,0.6666666666666666,0.5833333333333334,1.0,12,7
6110,0.9090909090909091,0.7999999999999998,0.2,0.6,1.0,0.8333333333333334,5,6
6111,0.6153846153846153,0.5538461538461538,0.3333333333333333,0.6666666666666666,1.0,0.4444444444444444,4,9
6112,0.8,0.76,0.6666666666666666,0.8333333333333333,1.0,0.6666666666666666,4,6
6113,0.8571428571428571,0.7542857142857141,0.2,0.6,1.0,0.75,6,8
6114,0.7142857142857143,0.6499999999999999,0.4,0.7,1.0,0.5555555555555556,5,9
6115,0.6153846153846153,0.523076923076923,0.0,0.5,1.0,0.4444444444444444,4,9
6116,0.7692307692307693,0.7,0.4,0.7,1.0,0.625,5,8
6117,0.8,0.768,0.7333333333333333,0.8666666666666667,1.0,0.6666666666666666,6,9
6118,0.9473684210526316,0.7894736842105263,-0.1111111111111111,0.4444444444444444,1.0,0.9,9,10
6119,0.7692307692307693,0.6538461538461539,0.0,0.5,1.0,0.625,5,8
6120,0.8235294117647058,0.6941176470588234,-0.047619047619047616,0.47619047619047616,1.0,0.7,7,10
6121,0.5714285714285715,0.48571428571428577,0.0,0.5,1.0,0.4,4,10
6122,1.0,0.8363636363636363,-0.09090909090909091,0.45454545454545453,1.0,1.0,11,11
6123,0.6666666666666666,0.5333333333333332,-0.3333333333333333,0.33333333333333337,1.0,0.5,4,8
6124,0.8333333333333333,0.8055555555555554,0.7777777777777778,0.8888888888888888,0.7142857142857143,1.0,14,10
6125,0.7499999999999999,0.6599999999999998,0.2,0.6,1.0,0.6,6,10
6126,0.8750000000000001,0.7125000000000001,-0.23809523809523808,0.38095238095238093,1.0,0.7777777777777778,7,9
6127,0.8571428571428571,0.8057142857142856,0.6,0.8,0.75,1.0,8,6
6128,0.888888888888889,0.765079365079365,0.07142857142857142,0.5357142857142857,1.0,0.8,8,10
6129,0.9,0.825,0.4444444444444444,0.7222222222222222,1.0,0.8181818181818182,9,11
6130,0.888888888888889,0.7919191919191919,0.2727272727272727,0.6363636363636364,0.8,1.0,15,12
6131,0.8,0.752,0.6,0.8,1.0,0.6666666666666666,6,9
6132,0.923076923076923,0.7199999999999999,-0.4666666666666667,0.26666666666666666,0.8571428571428571,1.0,7,6
6133,0.9333333333333333,0.8933333333333333,0.7142857142857143,0.8571428571428572,0.875,1.0,8,7
6134,0.888888888888889,0.7999999999999999,0.3333333333333333,0.6666666666666666,1.0,0.8,4,5
6135,0.5,0.5,1.0,1.0,1.0,0.3333333333333333,3,9
6136,0.9,0.8025,0.2777777777777778,0.6388888888888888,1.0,0.8181818181818182,9,11
6137,1.0,0.8666666666666666,0.1111111111111111,0.5555555555555556,1.0,1.0,18,18
6138,0.888888888888889,0.7999999999999999,0.3333333333333333,0.6666666666666666,1.0,0.8,4,5
6139,0.7000000000000001,0.58,-0.14285714285714285,0.4285714285714286,1.0,0.5384615384615384,7,13
6140,0.9333333333333333,0.8533333333333333,0.42857142857142855,0.7142857142857143,0.875,1.0,8,7
6141,0.9333333333333333,0.8133333333333332,0.14285714285714285,0.5714285714285714,1.0,0.875,7,8
6142,1.0,0.8416666666666666,-0.05555555555555555,0.4722222222222222,1.0,1.0,9,9
6143,1.0,0.8178571428571428,-0.21428571428571427,0.39285714285714285,1.0,1.0,8,8
6144,0.888888888888889,0.8444444444444444,0.6666666666666666,0.8333333333333333,1.0,0.8,4,5
6145,0.9090909090909091,0.7999999999999998,0.2,0.6,1.0,0.8333333333333334,5,6
6146,1.0,0.9142857142857143,0.42857142857142855,0.7142857142857143,1.0,1.0,8,8
6147,0.9523809523809523,0.8507936507936508,0.28888888888888886,0.6444444444444444,1.0,0.9090909090909091,10,11
6148,0.8148148148148148,0.7659259259259258,0.6,0.8,1.0,0.6875,11,16
6149,0.9090909090909091,0.7454545454545454,-0.2,0.4,1.0,0.8333333333333334,5,6
6150,0.923076923076923,0.8861538461538461,0.7333333333333333,0.8666666666666667,1.0,0.8571428571428571,6,7
6151,0.6666666666666666,0.5333333333333332,-0.3333333333333333,0.33333333333333337,1.0,0.5,3,6
6152,0.8571428571428571,0.72,-0.06666666666666667,0.4666666666666667,0.75,1.0,8,6
6153,0.8571428571428571,0.7441558441558441,0.12121212121212122,0.5606060606060606,1.0,0.75,12,16
6154,0.88,0.8128,0.4909090909090909,0.7454545454545455,1.0,0.7857142857142857,11,14
6155,0.8571428571428571,0.7371428571428571,0.06666666666666667,0.5333333333333333,1.0,0.75,6,8
6156,0.8571428571428571,0.7542857142857141,0.2,0.6,0.75,1.0,8,6
6157,0.923076923076923,0.8123076923076922,0.2,0.6,1.0,0.8571428571428571,6,7
6158,0.4,0.27999999999999997,-1.0,0.0,1.0,0.25,3,12
6159,0.7692307692307693,0.7,0.4,0.7,1.0,0.625,5,8
6160,0.7142857142857143,0.6285714285714286,0.2,0.6,1.0,0.5555555555555556,5,9
6161,0.8333333333333333,0.8333333333333333,1.0,1.0,1.0,0.7142857142857143,5,7
6162,0.9333333333333333,0.8533333333333333,0.42857142857142855,0.7142857142857143,0.875,1.0,8,7
6163,0.7272727272727273,0.7272727272727273,1.0,1.0,1.0,0.5714285714285714,4,7
6164,0.9473684210526316,0.8368421052631579,0.2222222222222222,0.6111111111111112,0.9,1.0,10,9
6165,1.0,0.8866666666666666,0.24444444444444444,0.6222222222222222,1.0,1.0,10,10
6166,0.7499999999999999,0.5999999999999999,-0.3333333333333333,0.33333333333333337,1.0,0.6,3,5
6167,0.6666666666666666,0.5999999999999999,0.3333333333333333,0.6666666666666666,1.0,0.5,3,6
6168,0.9411764705882353,0.8504201680672268,0.35714285714285715,0.6785714285714286,1.0,0.8888888888888888,8,9
6169,0.4615384615384615,0.3692307692307692,-0.3333333333333333,0.33333333333333337,1.0,0.3,3,10
6170,0.9411764705882353,0.8504201680672268,0.35714285714285715,0.6785714285714286,1.0,0.8888888888888888,8,9
6171,0.7272727272727273,0.5454545454545454,-0.6666666666666666,0.16666666666666669,1.0,0.5714285714285714,4,7
6172,0.9090909090909091,0.7999999999999998,0.2,0.6,1.0,0.8333333333333334,5,6
6173,0.7692307692307693,0.6564102564102564,0.022222222222222223,0.5111111111111111,0.625,1.0,16,10
6174,0.8571428571428571,0.7542857142857141,0.2,0.6,0.75,1.0,8,6
6175,0.7272727272727273,0.6181818181818182,0.0,0.5,1.0,0.5714285714285714,4,7
6176,0.846153846153846,0.7169230769230768,-0.01818181818181818,0.4909090909090909,1.0,0.7333333333333333,11,15
6177,0.9600000000000001,0.8552727272727273,0.2727272727272727,0.6363636363636364,0.9230769230769231,1.0,13,12
6178,0.9600000000000001,0.9294545454545455,0.7878787878787878,0.8939393939393939,0.9230769230769231,1.0,13,12
6179,0.5,0.44999999999999996,0.3333333333333333,0.6666666666666666,1.0,0.3333333333333333,3,9
6180,0.7272727272727273,0.6909090909090909,0.6666666666666666,0.8333333333333333,1.0,0.5714285714285714,4,7
6181,0.8235294117647058,0.7294117647058823,0.23809523809523808,0.6190476190476191,1.0,0.7,7,10
6182,0.888888888888889,0.765079365079365,0.07142857142857142,0.5357142857142857,0.8,1.0,10,8
6183,0.923076923076923,0.9046153846153845,0.8666666666666667,0.9333333333333333,1.0,0.8571428571428571,6,7
6184,1.0,0.97,0.8,0.9,1.0,1.0,5,5
6185,0.7777777777777778,0.7555555555555554,0.8095238095238095,0.9047619047619048,1.0,0.6363636363636364,7,11
6186,0.7142857142857143,0.6183673469387755,0.10476190476190476,0.5523809523809524,0.5555555555555556,1.0,27,15
6187,1.0,0.82,-0.2,0.4,1.0,1.0,5,5
6188,0.888888888888889,0.7936507936507936,0.2857142857142857,0.6428571428571428,0.8,1.0,10,8
6189,0.7272727272727273,0.6025974025974026,-0.14285714285714285,0.4285714285714286,0.5714285714285714,1.0,14,8
6190,0.6666666666666666,0.6666666666666666,1.0,1.0,1.0,0.5,3,6
6191,0.9523809523809523,0.8634920634920634,0.37777777777777777,0.6888888888888889,1.0,0.9090909090909091,10,11
6192,0.8750000000000001,0.7875,0.3333333333333333,0.6666666666666666,0.7777777777777778,1.0,9,7
6193,0.888888888888889,0.7365079365079366,-0.14285714285714285,0.4285714285714286,0.8,1.0,10,8
6194,0.8333333333333333,0.7555555555555554,0.37777777777777777,0.6888888888888889,0.7142857142857143,1.0,14,10
6195,0.7741935483870968,0.7108504398826979,0.45454545454545453,0.7272727272727273,0.631578947368421,1.0,19,12
6196,0.7777777777777778,0.6555555555555554,-0.047619047619047616,0.47619047619047616,0.6363636363636364,1.0,11,7
6197,0.6666666666666666,0.5333333333333332,-0.3333333333333333,0.33333333333333337,1.0,0.5,3,6
6198,0.888888888888889,0.8317460317460318,0.5714285714285714,0.7857142857142857,0.8,1.0,10,8
6199,0.8421052631578948,0.7699248120300752,0.42857142857142855,0.7142857142857143,1.0,0.7272727272727273,8,11
6200,0.7777777777777778,0.6555555555555554,-0.047619047619047616,0.47619047619047616,1.0,0.6363636363636364,7,11
6201,0.9,0.8475,0.6111111111111112,0.8055555555555556,1.0,0.8181818181818182,9,11
6202,0.7692307692307693,0.7142857142857143,0.5238095238095238,0.7619047619047619,0.625,1.0,24,15
6203,0.6666666666666666,0.5333333333333332,-0.3333333333333333,0.33333333333333337,1.0,0.5,3,6
6204,0.6956521739130436,0.5987577639751553,0.07142857142857142,0.5357142857142857,1.0,0.5333333333333333,8,15
6205,0.7692307692307693,0.7230769230769231,0.6,0.8,1.0,0.625,5,8
6206,0.8,0.672,-0.06666666666666667,0.4666666666666667,1.0,0.6666666666666666,6,9
6207,0.9473684210526316,0.8368421052631579,0.2222222222222222,0.6111111111111112,1.0,0.9,9,10
6208,0.7272727272727273,0.7272727272727273,1.0,1.0,1.0,0.5714285714285714,4,7
6209,0.7499999999999999,0.5999999999999999,-0.3333333333333333,0.33333333333333337,0.6,1.0,10,6
6210,1.0,0.9085714285714285,0.3904761904761905,0.6952380952380952,1.0,1.0,15,15
6211,0.7272727272727273,0.6181818181818182,0.0,0.5,1.0,0.5714285714285714,4,7
6212,0.888888888888889,0.8126984126984127,0.42857142857142855,0.7142857142857143,1.0,0.8,8,10
6213,0.8333333333333333,0.6833333333333332,-0.2,0.4,1.0,0.7142857142857143,5,7
6214,0.9473684210526316,0.8210526315789474,0.1111111111111111,0.5555555555555556,0.9,1.0,10,9
6215,0.8571428571428571,0.75,0.16666666666666666,0.5833333333333334,0.75,1.0,12,9
6216,0.8,0.7314285714285714,0.42857142857142855,0.7142857142857143,0.6666666666666666,1.0,12,8
6217,0.7368421052631579,0.6736842105263158,0.42857142857142855,0.7142857142857143,0.5833333333333334,1.0,12,7
6218,0.8421052631578948,0.7699248120300752,0.42857142857142855,0.7142857142857143,1.0,0.7272727272727273,8,11
6219,0.8181818181818181,0.7499999999999999,0.4444444444444444,0.7222222222222222,0.6923076923076923,1.0,13,9
6220,0.8421052631578948,0.7428571428571429,0.21428571428571427,0.6071428571428571,0.7272727272727273,1.0,11,8
6221,0.7272727272727273,0.6545454545454545,0.3333333333333333,0.6666666666666666,1.0,0.5714285714285714,4,7
6222,0.9600000000000001,0.8683636363636364,0.36363636363636365,0.6818181818181819,0.9230769230769231,1.0,13,12
6223,0.9090909090909091,0.8363636363636363,0.4666666666666667,0.7333333333333334,0.8333333333333334,1.0,12,10
6224,0.8333333333333333,0.7083333333333333,0.0,0.5,0.7142857142857143,1.0,7,5
6225,0.8235294117647058,0.7294117647058823,0.23809523809523808,0.6190476190476191,0.7,1.0,10,7
6226,0.8333333333333333,0.7333333333333332,0.2,0.6,1.0,0.7142857142857143,5,7
6227,0.8750000000000001,0.775,0.23809523809523808,0.6190476190476191,0.7777777777777778,1.0,9,7
6228,0.8235294117647058,0.6588235294117646,-0.3333333333333333,0.33333333333333337,0.7,1.0,10,7
6229,1.0,0.94,0.6,0.8,1.0,1.0,6,6
6230,0.9090909090909091,0.7454545454545454,-0.2,0.4,1.0,0.8333333333333334,5,6
6231,0.8333333333333333,0.7333333333333332,0.2,0.6,1.0,0.7142857142857143,5,7
6232,0.6,0.6,1.0,1.0,1.0,0.42857142857142855,3,7
6233,0.9565217391304348,0.9043478260869564,0.6363636363636364,0.8181818181818181,1.0,0.9166666666666666,11,12
6234,0.7368421052631579,0.6105263157894736,-0.14285714285714285,0.4285714285714286,0.5833333333333334,1.0,12,7
6235,0.7692307692307693,0.7692307692307693,1.0,1.0,1.0,0.625,5,8
6236,0.8571428571428571,0.7714285714285714,0.3333333333333333,0.6666666666666666,1.0,0.75,6,8
6237,0.8333333333333333,0.7833333333333332,0.6,0.8,1.0,0.7142857142857143,5,7
6238,1.0,0.9127272727272727,0.41818181818181815,0.7090909090909091,1.0,1.0,11,11
6239,0.6666666666666666,0.5523809523809523,-0.14285714285714285,0.4285714285714286,0.5,1.0,14,7
6240,0.8571428571428571,0.7857142857142856,0.4444444444444444,0.7222222222222222,1.0,0.75,9,12
6241,0.9333333333333333,0.8533333333333333,0.42857142857142855,0.7142857142857143,1.0,0.875,7,8
6242,0.7777777777777778,0.6888888888888889,0.23809523809523808,0.6190476190476191,0.6363636363636364,1.0,11,7
6243,0.7368421052631579,0.7263157894736841,0.9047619047619048,0.9523809523809523,1.0,0.5833333333333334,7,12
6244,0.7272727272727273,0.6181818181818182,0.0,0.5,1.0,0.5714285714285714,4,7
6245,0.9090909090909091,0.8545454545454545,0.6,0.8,0.8333333333333334,1.0,12,10
6246,0.6666666666666666,0.5999999999999999,0.3333333333333333,0.6666666666666666,1.0,0.5,4,8
6247,0.7368421052631579,0.6631578947368421,0.3333333333333333,0.6666666666666666,1.0,0.5833333333333334,7,12
6248,1.0,0.8392857142857142,-0.07142857142857142,0.4642857142857143,1.0,1.0,8,8
6249,0.6666666666666666,0.6666666666666666,1.0,1.0,1.0,0.5,4,8
6250,0.9411764705882353,0.8201680672268906,0.14285714285714285,0.5714285714285714,0.8888888888888888,1.0,9,8
6251,0.9090909090909091,0.8242424242424242,0.37777777777777777,0.6888888888888889,0.8333333333333334,1.0,12,10
6252,0.8421052631578948,0.7879699248120301,0.5714285714285714,0.7857142857142857,0.7272727272727273,1.0,11,8
6253,0.8695652173913044,0.7420289855072464,0.022222222222222223,0.5111111111111111,1.0,0.7692307692307693,10,13
6254,0.8333333333333333,0.7333333333333332,0.2,0.6,1.0,0.7142857142857143,5,7
6255,1.0,0.94,0.6,0.8,1.0,1.0,10,10
6256,0.9333333333333333,0.8533333333333333,0.42857142857142855,0.7142857142857143,1.0,0.875,7,8
6257,0.8333333333333333,0.6333333333333333,-0.6,0.2,1.0,0.7142857142857143,5,7
6258,0.8148148148148148,0.6859259259259258,-0.05454545454545454,0.4727272727272727,0.6875,1.0,16,11
6259,0.631578947368421,0.6063157894736841,0.7333333333333333,0.8666666666666667,0.46153846153846156,1.0,13,6
6260,0.7272727272727273,0.6337662337662338,0.14285714285714285,0.5714285714285714,0.5714285714285714,1.0,14,8
6261,0.8571428571428571,0.7542857142857141,0.2,0.6,1.0,0.75,6,8
6262,0.9090909090909091,0.7696969696969697,-0.022222222222222223,0.4888888888888889,0.8333333333333334,1.0,12,10
6263,0.8,0.68,0.0,0.5,1.0,0.6666666666666666,4,6
6264,0.9411764705882353,0.8504201680672268,0.35714285714285715,0.6785714285714286,1.0,0.8888888888888888,8,9
6265,0.7272727272727273,0.6545454545454545,0.3333333333333333,0.6666666666666666,1.0,0.5714285714285714,4,7
6266,0.9523809523809523,0.8317460317460317,0.15555555555555556,0.5777777777777777,0.9090909090909091,1.0,11,10
6267,0.9473684210526316,0.8289473684210527,0.16666666666666666,0.5833333333333334,1.0,0.9,9,10
6268,0.5625,0.44999999999999996,-0.3333333333333333,0.33333333333333337,0.391304347826087,1.0,23,9
6269,0.8571428571428571,0.72,-0.06666666666666667,0.4666666666666667,1.0,0.75,6,8
6270,0.7272727272727273,0.6181818181818182,0.0,0.5,1.0,0.5714285714285714,4,7
6271,0.888888888888889,0.7936507936507936,0.2857142857142857,0.6428571428571428,0.8,1.0,10,8
6272,0.7692307692307693,0.7692307692307693,1.0,1.0,1.0,0.625,5,8
6273,0.8750000000000001,0.775,0.23809523809523808,0.6190476190476191,1.0,0.7777777777777778,7,9
6274,0.9285714285714286,0.85,0.4358974358974359,0.717948717948718,1.0,0.8666666666666667,13,15
6275,0.8,0.750523076923077,0.5876923076923077,0.7938461538461539,0.6666666666666666,1.0,39,26
6276,0.7499999999999999,0.6449999999999999,0.06666666666666667,0.5333333333333333,1.0,0.6,6,10
6277,0.9600000000000001,0.8901818181818182,0.5151515151515151,0.7575757575757576,1.0,0.9230769230769231,12,13
6278,0.846153846153846,0.7446153846153845,0.2,0.6,0.7333333333333333,1.0,15,11
6279,0.888888888888889,0.8698412698412699,0.8571428571428571,0.9285714285714286,0.8,1.0,10,8
6280,0.8750000000000001,0.8,0.42857142857142855,0.7142857142857143,1.0,0.7777777777777778,7,9
6281,0.8571428571428571,0.7885714285714285,0.4666666666666667,0.7333333333333334,1.0,0.75,6,8
6282,0.8148148148148148,0.7170370370370369,0.2,0.6,0.6875,1.0,16,11
6283,0.7272727272727273,0.5818181818181818,-0.3333333333333333,0.33333333333333337,0.5714285714285714,1.0,7,4
6284,0.9333333333333333,0.7733333333333333,-0.14285714285714285,0.4285714285714286,0.875,1.0,8,7
6285,0.9411764705882353,0.7899159663865545,-0.07142857142857142,0.4642857142857143,0.8888888888888888,1.0,9,8
6286,1.0,0.9072727272727272,0.38181818181818183,0.6909090909090909,1.0,1.0,11,11
6287,0.8,0.7057142857142857,0.21428571428571427,0.6071428571428571,0.6666666666666666,1.0,12,8
6288,0.9523809523809523,0.8825396825396825,0.5111111111111111,0.7555555555555555,0.9090909090909091,1.0,11,10
6289,0.9,0.8025,0.2777777777777778,0.6388888888888888,1.0,0.8181818181818182,9,11
6290,0.6111111111111112,0.5244444444444445,0.05454545454545454,0.5272727272727272,0.44,1.0,25,11
6291,0.6666666666666666,0.6452380952380952,0.7857142857142857,0.8928571428571428,0.5,1.0,16,8
6292,0.8421052631578948,0.706766917293233,-0.07142857142857142,0.4642857142857143,0.7272727272727273,1.0,11,8
6293,0.7499999999999999,0.5999999999999999,-0.3333333333333333,0.33333333333333337,1.0,0.6,3,5
6294,0.888888888888889,0.8126984126984127,0.42857142857142855,0.7142857142857143,1.0,0.8,8,10
6295,0.8275862068965517,0.722257053291536,0.15151515151515152,0.5757575757575758,0.7058823529411765,1.0,17,12
6296,0.9473684210526316,0.8842105263157896,0.5555555555555556,0.7777777777777778,0.9,1.0,10,9
6297,0.8333333333333333,0.7333333333333332,0.2,0.6,1.0,0.7142857142857143,5,7
6298,0.923076923076923,0.8492307692307691,0.4666666666666667,0.7333333333333334,1.0,0.8571428571428571,6,7
6299,0.5454545454545454,0.49090909090909085,0.3333333333333333,0.6666666666666666,0.375,1.0,16,6
6300,0.8235294117647058,0.7529411764705882,0.42857142857142855,0.7142857142857143,1.0,0.7,7,10
6301,0.5,0.5,1.0,1.0,1.0,0.3333333333333333,4,12
6302,0.8333333333333333,0.7833333333333332,0.6,0.8,1.0,0.7142857142857143,5,7
6303,0.8,0.8,1.0,1.0,1.0,0.6666666666666666,4,6
6304,0.9333333333333333,0.7466666666666666,-0.3333333333333333,0.33333333333333337,1.0,0.875,7,8
6305,0.9473684210526316,0.868421052631579,0.4444444444444444,0.7222222222222222,0.9,1.0,10,9
6306,1.0,0.9533333333333333,0.6888888888888889,0.8444444444444444,1.0,1.0,10,10
6307,0.7692307692307693,0.6769230769230768,0.2,0.6,1.0,0.625,5,8
6308,0.782608695652174,0.717391304347826,0.4444444444444444,0.7222222222222222,0.6428571428571429,1.0,14,9
6309,0.923076923076923,0.8676923076923075,0.6,0.8,0.8571428571428571,1.0,7,6
6310,0.7499999999999999,0.6499999999999998,0.1111111111111111,0.5555555555555556,0.6,1.0,15,9
6311,0.888888888888889,0.6666666666666667,-0.6666666666666666,0.16666666666666669,1.0,0.8,4,5
6312,0.8571428571428571,0.7285714285714285,0.0,0.5,0.75,1.0,12,9
6313,0.9,0.765,0.0,0.5,0.8181818181818182,1.0,11,9
6314,0.8571428571428571,0.7885714285714285,0.4666666666666667,0.7333333333333334,1.0,0.75,6,8
6315,0.7499999999999999,0.6187499999999999,-0.16666666666666666,0.4166666666666667,0.6,1.0,15,9
6316,0.7692307692307693,0.6769230769230768,0.2,0.6,1.0,0.625,5,8
6317,0.962962962962963,0.8851851851851852,0.46153846153846156,0.7307692307692308,1.0,0.9285714285714286,13,14
6318,0.9523809523809523,0.8507936507936508,0.28888888888888886,0.6444444444444444,0.9090909090909091,1.0,11,10
6319,0.9333333333333333,0.7999999999999999,0.047619047619047616,0.5238095238095238,0.875,1.0,8,7
6320,0.8750000000000001,0.75,0.047619047619047616,0.5238095238095238,1.0,0.7777777777777778,7,9
6321,0.9473684210526316,0.9078947368421052,0.7222222222222222,0.8611111111111112,0.9,1.0,10,9
6322,0.8571428571428571,0.7542857142857141,0.2,0.6,1.0,0.75,6,8
6323,0.9090909090909091,0.8181818181818181,0.3333333333333333,0.6666666666666666,1.0,0.8333333333333334,10,12
6324,1.0,0.85,0.0,0.5,1.0,1.0,8,8
6325,0.888888888888889,0.8126984126984127,0.42857142857142855,0.7142857142857143,0.8,1.0,10,8
6326,0.888888888888889,0.8031746031746031,0.35714285714285715,0.6785714285714286,0.8,1.0,10,8
6327,1.0,0.8999999999999999,0.3333333333333333,0.6666666666666666,1.0,1.0,7,7
6328,0.5454545454545454,0.49090909090909085,0.3333333333333333,0.6666666666666666,1.0,0.375,3,8
6329,0.9411764705882353,0.8705882352941176,0.5,0.75,1.0,0.8888888888888888,8,9
6330,1.0,0.8636363636363635,0.09090909090909091,0.5454545454545454,1.0,1.0,11,11
6331,1.0,0.97,0.8,0.9,1.0,1.0,5,5
6332,0.9411764705882353,0.8605042016806722,0.42857142857142855,0.7142857142857143,1.0,0.8888888888888888,8,9
6333,0.9,0.7875,0.16666666666666666,0.5833333333333334,0.8181818181818182,1.0,11,9
6334,0.9523809523809523,0.9269841269841269,0.8222222222222222,0.9111111111111111,1.0,0.9090909090909091,10,11
6335,0.9523809523809523,0.8952380952380952,0.6,0.8,0.9090909090909091,1.0,11,10
6336,0.8571428571428571,0.8228571428571427,0.7333333333333333,0.8666666666666667,0.75,1.0,8,6
6337,0.9473684210526316,0.8052631578947369,0.0,0.5,0.9,1.0,10,9
6338,0.9411764705882353,0.8201680672268906,0.14285714285714285,0.5714285714285714,1.0,0.8888888888888888,8,9
6339,0.8181818181818181,0.7568181818181817,0.5,0.75,0.6923076923076923,1.0,13,9
6340,0.9523809523809523,0.8952380952380952,0.6,0.8,1.0,0.9090909090909091,10,11
6341,0.9,0.8624999999999999,0.7222222222222222,0.8611111111111112,0.8181818181818182,1.0,11,9
6342,1.0,0.9142857142857143,0.42857142857142855,0.7142857142857143,1.0,1.0,8,8
6343,0.888888888888889,0.8317460317460318,0.5714285714285714,0.7857142857142857,1.0,0.8,8,10
6344,0.9473684210526316,0.8131578947368421,0.05555555555555555,0.5277777777777778,1.0,0.9,9,10
6345,0.8750000000000001,0.8250000000000001,0.6190476190476191,0.8095238095238095,1.0,0.7777777777777778,7,9
6346,0.9,0.7424999999999999,-0.16666666666666666,0.4166666666666667,1.0,0.8181818181818182,9,11
6347,0.846153846153846,0.6476923076923076,-0.5636363636363636,0.2181818181818182,0.7333333333333333,1.0,15,11
6348,1.0,0.869090909090909,0.12727272727272726,0.5636363636363636,1.0,1.0,11,11
6349,1.0,0.8799999999999999,0.2,0.6,1.0,1.0,6,6
6350,0.9090909090909091,0.812121212121212,0.28888888888888886,0.6444444444444444,1.0,0.8333333333333334,10,12
6351,0.7777777777777778,0.6666666666666666,0.047619047619047616,0.5238095238095238,1.0,0.6363636363636364,7,11
6352,0.8571428571428571,0.75,0.16666666666666666,0.5833333333333334,0.75,1.0,12,9
6353,0.8,0.8,1.0,1.0,1.0,0.6666666666666666,4,6
6354,0.8,0.656,-0.2,0.4,1.0,0.6666666666666666,6,9
6355,0.8571428571428571,0.7714285714285714,0.3333333333333333,0.6666666666666666,1.0,0.75,6,8
6356,0.6153846153846153,0.5538461538461538,0.3333333333333333,0.6666666666666666,1.0,0.4444444444444444,4,9
6357,1.0,0.8999999999999999,0.3333333333333333,0.6666666666666666,1.0,1.0,9,9
6358,1.0,0.9249999999999999,0.5,0.75,1.0,1.0,8,8
6359,0.888888888888889,0.8412698412698413,0.6428571428571429,0.8214285714285714,1.0,0.8,8,10
6360,0.88,0.736,-0.09090909090909091,0.45454545454545453,1.0,0.7857142857142857,11,14
6361,0.9333333333333333,0.7866666666666666,-0.047619047619047616,0.47619047619047616,1.0,0.875,7,8
6362,0.888888888888889,0.8080808080808081,0.3939393939393939,0.696969696969697,0.8,1.0,15,12
6363,0.5454545454545454,0.49090909090909085,0.3333333333333333,0.6666666666666666,1.0,0.375,3,8
6364,1.0,0.8933333333333333,0.28888888888888886,0.6444444444444444,1.0,1.0,10,10
6365,0.888888888888889,0.8126984126984127,0.42857142857142855,0.7142857142857143,1.0,0.8,8,10
6366,0.9333333333333333,0.8666666666666666,0.5238095238095238,0.7619047619047619,0.875,1.0,8,7
6367,0.782608695652174,0.6456521739130435,-0.16666666666666666,0.4166666666666667,0.6428571428571429,1.0,14,9
6368,0.5714285714285715,0.4571428571428572,-0.3333333333333333,0.33333333333333337,1.0,0.4,4,10
6369,0.8750000000000001,0.8125,0.5238095238095238,0.7619047619047619,0.7777777777777778,1.0,9,7
6370,1.0,0.9583333333333333,0.7222222222222222,0.8611111111111112,1.0,1.0,9,9
6371,0.7692307692307693,0.7,0.4,0.7,1.0,0.625,5,8
